SC_CODE,SC_NAME,SC_GROUP,SC_TYPE,OPEN,HIGH,LOW,CLOSE,LAST,PREVCLOSE,NO_TRADES,NO_OF_SHRS,NET_TURNOV,TDCLOINDI
500002,ABB LTD.    ,B ,Q,1075.75,1145.65,1075.00,1139.00,1130.70,1073.70,2329,22511,25271435.00,
500003,AEGIS LOGIS ,A ,Q,259.50,269.00,247.45,261.70,261.70,256.60,2443,108017,27971584.00,
500008,AMAR RAJA BA,A ,Q,945.00,945.00,915.55,922.40,922.40,946.45,1859,33956,31381458.00,
500009,A.SARABHAI  ,X ,Q,22.20,22.20,21.10,21.60,21.60,21.15,343,107057,2331260.00,
500010,HDFC        ,A ,Q,2240.00,2323.35,2218.15,2304.95,2304.95,2257.55,27659,240036,549372378.00,
500012,ANDHRA PETRO,X ,Q,39.50,41.45,39.05,41.45,41.45,39.50,366,148351,6122553.00,
500013,ANSAL INFRAS,B ,Q,4.39,4.69,4.39,4.69,4.69,4.47,121,97496,453734.00,
500014,UTIQUE      ,X ,Q,1.10,1.10,1.08,1.10,1.10,1.10,13,4157,4567.00,
500016,ARUNAHTEL   ,XT,Q,6.42,7.08,6.42,7.07,7.08,6.75,4,263,1794.00,
500020,BOM DYEING  ,A ,Q,71.00,72.20,70.50,71.15,71.15,71.00,1756,174490,12451149.00,
500023,ASIANHOTNR  ,B ,Q,54.15,57.00,51.75,56.45,56.20,54.05,187,3637,203933.00,
500027,ATUL LTD.   ,A ,Q,6250.05,6332.50,6181.40,6206.10,6206.10,6310.05,347,996,6206072.00,
500028,ATV PROJECTS,XT,Q,4.70,5.04,4.70,4.82,4.82,4.80,58,22117,109285.00,
500029,AUTOLITE(I) ,B ,Q,20.20,20.20,19.70,20.10,20.05,20.75,17,1034,20663.00,
500031,BAJAJ ELECT.,A ,Q,585.00,594.85,573.05,590.15,590.15,572.70,1852,28038,16544476.00,
500032,BAJAJHIND   ,B ,Q,5.65,5.71,5.51,5.63,5.63,5.61,1065,852364,4777447.00,
500033,FORCE MOTR  ,A ,Q,1174.00,1175.50,1144.70,1153.55,1154.95,1162.30,439,2329,2705189.00,
500034,BAJFINANCE  ,A ,Q,4945.00,4949.90,4824.20,4857.20,4857.20,4903.30,12551,115596,564252512.00,
500038,BALRAM.CHINI,A ,Q,164.60,174.55,164.60,174.05,174.50,164.60,3580,198449,33983838.00,
500039,BANCO PROD. ,B ,Q,125.55,132.40,125.55,130.45,130.45,128.85,694,24730,3215451.00,
500040,CENTURY TEXT,A ,Q,353.00,357.55,349.00,355.15,354.20,351.30,808,27048,9594909.00,
500041,BANNARI AMAN,B ,Q,1370.90,1390.50,1326.00,1382.60,1388.55,1344.00,51,177,240026.00,
500042,BASF INDIA  ,A ,Q,1635.10,1694.60,1629.00,1670.95,1662.45,1658.10,1055,5552,9212684.00,
500043,BATA INDIA  ,A ,Q,1593.00,1593.00,1532.95,1542.75,1545.20,1571.80,3035,39508,61020904.00,
500048,BEML LTD    ,A ,Q,723.50,744.80,722.20,727.00,727.00,723.45,1740,29122,21359172.00,
500049,BHARAT ELECT,A ,Q,111.15,112.75,110.40,111.70,111.70,111.15,4308,558921,62430811.00,
500052,BHANSALI ENG,B ,Q,120.20,125.00,120.00,122.20,122.20,120.20,1357,69776,8561096.00,
500055,TATASTLBSL  ,B ,Q,36.25,36.25,35.50,36.00,36.00,35.30,777,263563,9460631.00,
500058,BIHAR SPONGE,XT,Q,1.59,1.59,1.59,1.59,1.59,1.56,5,16210,25773.00,
500060,BIRLACABLE  ,B ,Q,53.60,58.00,53.05,57.40,56.00,53.35,490,41121,2315704.00,
500067,BLUE STAR   ,A ,Q,822.00,822.00,780.00,783.70,784.15,806.50,448,3957,3115610.00,
500068,DISA INDIA  ,X ,Q,4000.00,4050.00,3800.00,3828.55,3999.00,3994.30,46,294,1162693.00,
500069,BNK CAPITAL ,X ,Q,81.75,86.70,75.25,85.25,85.25,79.00,58,8655,720089.00,
500074,BPL LTD.    ,B ,Q,23.40,25.70,23.00,25.70,25.70,23.40,703,107422,2651002.00,
500078,OAL         ,B ,Q,529.20,615.45,529.20,600.60,600.60,515.05,2430,18535,10784440.00,
500083,CENTURY EXT ,B ,Q,3.79,3.95,3.75,3.85,3.85,3.81,53,40690,156465.00,
500084,CESC LTD.   ,A ,Q,583.00,594.00,578.00,592.30,592.30,581.65,1347,16652,9811360.00,
500085,CHAMBAL FERT,A ,Q,204.00,207.80,198.20,199.60,201.00,203.55,979,59346,12074813.00,
500086,EXIDE IND.  ,A ,Q,185.60,186.30,181.05,183.80,184.00,184.65,2829,186471,34206426.00,
500087,CIPLA LTD.  ,A ,Q,750.35,759.95,746.65,755.55,755.55,744.65,4590,179065,135036686.00,
500089,DIC INDIA   ,B ,Q,373.25,388.60,373.00,382.60,382.60,369.10,310,4335,1644750.00,
500092,CRISIL LTD  ,A ,Q,1976.05,2008.00,1962.10,2000.90,1995.90,1976.25,660,2762,5487078.00,
500093,CGPOWER     ,B ,Q,43.20,43.20,43.20,43.20,43.20,41.15,120,63895,2760264.00,
500096,DABUR (I)   ,A ,Q,505.00,506.95,501.30,505.95,505.85,499.60,1364,56300,28429838.00,
500097,DALMIASUG   ,B ,Q,135.05,141.70,135.05,140.55,140.80,137.65,856,33393,4648153.00,
500101,ARVIND Ltd  ,A ,Q,41.40,41.40,40.00,40.15,40.10,40.55,1170,210043,8481111.00,
500102,BALARPUR IND,Z ,Q,1.20,1.22,1.15,1.22,1.22,1.17,429,2041741,2427463.00,
500103,BHEL        ,A ,Q,33.25,34.40,32.85,34.05,34.05,32.85,10717,5135557,171896907.00,
500104,HIND.PETRO  ,A ,Q,210.00,212.35,209.00,211.50,211.50,209.00,1791,116957,24710581.00,
500106,IFCI LTD    ,A ,Q,6.45,6.67,6.36,6.62,6.62,6.45,17780,883919,5799146.00,
500108,MAHA.TELE   ,B ,Q,9.52,9.90,9.52,9.73,9.73,9.52,612,81451,789643.00,
500109,MRPL        ,A ,Q,29.55,32.50,29.30,31.90,31.90,29.55,2362,658820,20694338.00,
500110,CHENNAI PET.,A ,Q,85.00,88.35,85.00,87.65,87.45,85.40,563,55685,4855263.00,
500111,REL.CAP.    ,B ,Q,9.75,9.75,9.23,9.23,9.23,9.71,1181,596936,5572993.00,
500112,STATE BANK  ,A ,Q,244.80,248.90,244.25,248.05,248.05,244.30,24243,2940787,725064970.00,
500113,STEEL AUTH. ,A ,Q,48.90,50.70,47.90,49.95,49.95,48.45,4388,1481640,72787297.00,
500114,TITAN       ,A ,Q,1371.00,1385.00,1335.00,1341.60,1341.45,1357.85,4584,99827,135286425.00,
500116,IDBI BANK L ,A ,Q,38.55,39.20,37.95,38.45,38.45,38.10,1276,325492,12497702.00,
500117,DCW LTD.    ,B ,Q,17.00,17.25,16.86,17.01,17.01,16.90,212,47813,816766.00,
500119,DHAMPUR SUGA,B ,Q,160.00,164.70,157.30,163.95,163.00,158.40,670,27980,4544309.00,
500120,DIAMINES&CHM,X ,Q,363.70,369.00,356.15,358.95,358.95,363.75,302,8759,3170941.00,
500123,ELANTAS     ,B ,Q,2528.00,2550.00,2525.00,2535.70,2550.00,2522.50,129,1010,2567120.00,
500124,DR.REDDY'S  ,A ,Q,4861.15,4868.00,4805.90,4827.65,4833.50,4829.60,4429,31335,151535368.00,
500125,E.I.D.PAR   ,A ,Q,353.00,353.00,342.90,344.55,343.95,346.75,512,12876,4461581.00,
500126,PGHL        ,A ,Q,6862.40,7040.00,6584.45,6642.25,6642.25,6878.70,968,2655,18187209.00,
500128,ELEC.CASTING,B ,Q,23.00,24.70,23.00,23.60,23.60,22.80,719,226289,5408900.00,
500133,ESAB INDIA  ,B ,Q,1451.45,1500.00,1429.85,1470.35,1454.95,1451.45,383,1756,2563559.00,
500135,EPL         ,A ,Q,263.00,263.15,255.10,257.05,257.35,260.95,1120,12336,3180566.00,
500136,ESTER INDUS.,B ,Q,128.50,130.80,125.55,126.80,126.80,127.10,1076,59878,7662904.00,
500143,P.H.CAPITAL ,X ,Q,15.30,15.30,15.30,15.30,15.30,14.58,1,100,1530.00,
500144,FINOL. CABLE,A ,Q,305.30,336.15,305.30,330.75,330.75,308.60,3469,48475,15670047.00,
500147,COCKERILL   ,X ,Q,743.00,743.00,705.00,737.80,739.90,716.55,63,2073,1495670.00,
500148,UFLEX LTD   ,A ,Q,349.00,364.00,349.00,361.55,361.95,349.45,758,13743,4953627.00,
500150,FOSECO INDIA,B ,Q,1160.10,1183.45,1160.10,1175.00,1175.00,1164.45,20,154,179339.00,
500151,GOLDEN TOB  ,B ,Q,26.70,28.75,26.70,27.35,27.15,26.55,49,2994,83087.00,
500153,GANESH BENZO,X ,Q,65.55,67.30,65.30,65.90,65.90,65.55,402,39323,2601935.00,
500155,GARDEN SILK ,B ,Q,10.24,10.24,10.24,10.24,10.24,9.76,9,1263,12933.00,
500159,METROGLOBL  ,X ,Q,45.10,52.00,43.10,43.75,43.15,45.50,42,3171,142964.00,
500160,GTL LTD.    ,B ,Q,2.99,3.13,2.99,3.06,3.05,3.08,48,15517,48007.00,
500163,GODFREY PH  ,A ,Q,929.00,929.00,898.45,901.80,900.00,906.55,322,4478,4046048.00,
500164,GODREJ IND  ,A ,Q,414.00,414.00,406.05,408.45,409.10,405.20,284,2511,1024820.00,
500165,KANSAI NERO ,A ,Q,539.70,551.70,538.45,547.50,547.50,541.85,902,11206,6113020.00,
500166,GOODRICKE   ,X ,Q,262.10,269.00,262.10,264.50,264.50,261.60,187,8832,2347380.00,
500168,GOODYEAR (I),B ,Q,823.60,851.80,823.60,836.15,834.00,821.95,632,7422,6254108.00,
500170,GTN INDUS   ,B ,Q,8.80,9.40,8.02,9.00,9.00,8.63,12,1550,13465.00,
500171,GHCL LTD    ,A ,Q,170.45,181.00,170.45,178.70,179.00,169.95,3260,67710,12041991.00,
500173,GFLLIMITED  ,B ,Q,86.60,86.60,82.00,83.05,83.15,83.25,165,9346,780372.00,
500174,GUJ.LEASE   ,B ,Q,2.24,2.24,2.24,2.24,2.24,2.14,5,1843,4128.00,
500179,HCL INFOSYS ,B ,Q,8.27,8.93,8.25,8.93,8.93,8.12,574,275086,2405087.00,
500180,HDFC BANK   ,A ,Q,1440.00,1448.85,1426.80,1433.55,1433.55,1440.70,6378,143290,206277281.00,
500182,HEROMOTOCO  ,A ,Q,3150.00,3150.00,3075.00,3111.60,3108.90,3104.65,2994,34900,108532519.00,
500183,HFCL        ,A ,Q,19.50,20.10,18.45,19.50,19.50,18.45,4278,1731860,33605608.00,
500184,HSCL        ,A ,Q,41.05,43.00,40.85,42.45,42.45,41.00,3288,740375,31210582.00,
500185,HIND.CONSTN.,B ,Q,5.99,6.15,5.97,6.00,6.00,5.78,1460,1625522,9861972.00,
500186,HIND.OIL EXP,B ,Q,77.25,78.25,76.50,77.65,77.70,76.75,672,38305,2971998.00,
500187,HSIL        ,B ,Q,105.85,105.85,102.00,103.30,103.85,103.00,522,21743,2242164.00,
500188,HINDUS.ZI   ,A ,Q,230.50,234.80,227.05,227.80,227.90,229.80,2336,74525,17168815.00,
500189,NXTDIGITAL  ,B ,Q,595.55,604.95,581.60,600.00,604.40,595.55,227,4944,2937994.00,
500191,HMT LTD.    ,Z ,Q,15.39,15.39,14.75,15.15,15.15,14.66,27,2847,42421.00,
500192,PRAG BOSIMI ,XT,Q,1.99,2.18,1.99,2.18,2.18,2.08,12,2115,4556.00,
500193,HLVLTD      ,B ,Q,4.94,5.20,4.90,5.12,5.15,4.94,397,430539,2194684.00,
500199,I.G.PETRO   ,B ,Q,449.95,456.00,442.95,452.55,456.00,445.35,301,3592,1624344.00,
500201,IND.GLYCOLS ,B ,Q,294.70,298.00,292.00,294.20,294.20,294.75,704,15748,4645144.00,
500202,IND.LEAS.DEV,X ,Q,7.25,7.25,7.25,7.25,7.25,7.10,4,6407,46450.00,
500206,MARGO FIN   ,X ,Q,10.02,10.02,9.30,9.30,9.30,9.55,6,780,7326.00,
500207,INDO RAMA   ,B ,Q,24.10,24.50,24.05,24.15,24.05,24.35,36,2411,58435.00,
500209,INFOSYS LTD ,A ,Q,1105.55,1139.70,1105.55,1137.25,1137.25,1100.55,20053,571933,645329004.00,
500210,INGERSOLL   ,B ,Q,654.00,656.00,633.90,638.25,638.25,648.35,537,3494,2252887.00,
500211,INSILCO LTD.,X ,Q,8.05,8.43,7.81,7.90,7.90,8.03,60,14073,112228.00,
500212,INTEG.FIN.SE,XT,Q,28.05,28.05,28.05,28.05,28.05,28.05,1,5,140.00,
500213,INTER.TRAVEL,X ,Q,54.50,56.10,52.75,55.25,55.00,52.65,63,3808,204166.00,
500214,ION EXCHANGE,B ,Q,845.00,850.00,822.15,826.75,826.75,844.55,709,13942,11619901.00,
500215,AGRO TECH FO,B ,Q,735.45,785.00,726.30,777.45,785.00,719.85,479,7170,5529864.00,
500219,JAIN IRRIG  ,B ,Q,19.45,20.20,18.40,18.75,18.75,19.25,1343,818225,15743576.00,
500220,JASCH INDUST,X ,Q,35.70,35.70,32.85,33.10,33.10,34.00,33,5636,188612.00,
500223,JCT LTD     ,X ,Q,0.78,0.79,0.76,0.79,0.79,0.76,273,3633182,2867955.00,
500227,JINDAL POLYF,B ,Q,469.90,482.00,469.90,474.15,472.70,468.75,345,3748,1789924.00,
500228,JSWSL       ,A ,Q,353.55,358.95,352.00,358.00,358.00,350.50,3707,228398,81249990.00,
500231,UMANG DAIR  ,B ,Q,46.35,50.95,46.35,50.95,50.95,46.35,553,33084,1627525.00,
500233,KAJARIA CER.,A ,Q,659.00,680.05,647.55,673.50,673.50,647.95,2015,31788,21298989.00,
500234,KAKATIYA CEM,B ,Q,171.00,184.00,171.00,176.80,176.80,170.00,831,11093,1967418.00,
500235,KALYANI STEL,B ,Q,239.90,240.50,236.55,239.50,239.50,237.65,473,5407,1291988.00,
500236,KANELIND    ,X ,Q,0.33,0.33,0.33,0.33,0.33,0.32,2,700,231.00,
500238,WHIRLPOOL   ,A ,Q,2186.60,2223.95,2162.00,2181.20,2180.80,2181.40,488,1941,4271781.00,
500239,KG DENIM    ,X ,Q,22.85,22.85,20.45,22.05,22.05,21.50,36,4510,99466.00,
500240,KINETIC ENG.,XT,Q,23.25,23.65,21.60,23.65,23.65,22.55,41,6347,148740.00,
500241,KIRL.BROS.  ,B ,Q,138.00,143.70,137.20,140.15,139.90,138.85,861,29723,4160633.00,
500243,KIRL INDUS  ,B ,Q,713.00,815.00,713.00,792.05,799.00,695.05,640,2920,2292595.00,
500245,KIRL.FERROUS,B ,Q,116.05,129.95,113.10,126.05,126.05,114.85,3376,108756,13672593.00,
500246,ENVAIN ELECT,X ,Q,23.75,23.75,23.75,23.75,23.75,25.00,3,110,2612.00,
500247,KOTAK MAH.BK,A ,Q,1934.00,1934.00,1864.80,1874.95,1874.95,1901.65,8624,145360,273959928.00,
500249,KSB         ,B ,Q,583.00,583.00,563.50,567.05,567.00,568.30,288,1295,734565.00,
500250,L.G.BALKRISH,B ,Q,264.25,264.60,253.00,255.35,257.00,260.30,881,7281,1876926.00,
500251,TRENT LTD.  ,A ,Q,727.55,744.65,705.20,714.05,714.05,723.40,4010,50332,36339725.00,
500252,LAXMIMACH   ,A ,Q,4280.00,4312.15,4101.00,4197.00,4188.00,4258.95,263,658,2766804.00,
500253,LIC HOUS.FIN,A ,Q,327.15,342.40,326.00,339.30,338.65,330.00,10487,486041,164340392.00,
500257,LUPIN LTD.  ,A ,Q,896.00,914.00,892.25,909.75,909.75,891.80,7852,184870,167556942.00,
500259,LYKA LABS   ,B ,Q,20.95,21.60,20.50,20.55,20.55,20.80,142,18288,382884.00,
500260,RAMCOCEM    ,A ,Q,894.95,899.95,879.00,888.95,887.55,889.95,1158,17032,15161666.00,
500264,MAFATLAL IND,X ,Q,92.00,94.00,87.05,91.15,91.60,88.45,70,4086,368941.00,
500265,MAH.SEAMLESS,A ,Q,261.00,279.55,260.00,274.20,274.20,259.30,1728,29291,7940152.00,
500266,MAH.SCOOTER ,A ,Q,3817.95,3829.05,3680.00,3690.70,3680.00,3831.95,345,1001,3727534.00,
500267,MAJESTIC AUT,X ,Q,100.10,103.95,97.15,100.35,100.20,101.70,14,508,50909.00,
500268,MANALI PETRO,B ,Q,35.00,36.90,35.00,36.70,36.70,35.00,1516,297704,10844086.00,
500271,MFSL        ,A ,Q,655.00,655.00,632.85,640.20,641.20,648.80,2680,60771,38894880.00,
500279,MIRC ELECT  ,B ,Q,8.31,8.56,8.14,8.44,8.49,8.16,82,50408,424609.00,
500280,CENTURY ENKA,B ,Q,199.75,202.30,199.00,201.00,200.00,197.10,311,5485,1101197.00,
500284,LORDS CHLORO,XT,Q,30.55,32.00,30.55,31.10,31.10,32.00,8,330,10379.00,
500285,SPICEJET LTD,A ,Q,71.90,75.00,70.20,74.00,74.10,71.50,4107,961761,70712723.00,
500288,MOREPEN LAB.,B ,Q,29.50,29.70,28.85,29.05,29.05,29.35,839,278566,8168596.00,
500290,MRF LTD.    ,A ,Q,79059.95,80000.00,77762.90,79599.20,79762.45,77939.95,1246,1638,129585084.00,
500292,HEIDEL CEM  ,A ,Q,210.00,215.00,207.20,209.80,209.60,207.95,1021,41303,8777439.00,
500294,NCC         ,A ,Q,43.10,45.15,43.10,44.70,44.70,43.55,1019,366006,16335827.00,
500295,VEDL        ,A ,Q,122.00,122.35,119.90,121.55,121.55,121.00,7923,1220430,148181948.00,
500296,NAHAR SPG.  ,B ,Q,48.80,48.80,45.90,47.25,47.00,46.30,149,6083,289743.00,
500298,NAT.PEROXIDE,B ,Q,1980.00,1980.00,1931.05,1941.90,1937.00,1956.35,349,3046,5935345.00,
500300,GRASIM IND. ,A ,Q,883.20,910.25,864.05,908.00,907.30,876.25,4176,102238,92125583.00,
500302,PEL         ,A ,Q,1394.95,1434.85,1394.20,1413.75,1413.75,1386.70,2228,27112,38526069.00,
500304,NIIT LTD.   ,B ,Q,176.00,179.50,170.05,171.20,171.20,176.45,2308,51679,8919104.00,
500306,JAYKAY      ,X ,Q,3.85,3.94,3.81,3.94,3.94,3.76,35,8697,34041.00,
500307,NIRLON      ,B ,Q,240.10,248.90,240.00,243.00,243.00,240.45,52,4351,1052982.00,
500312,ONGC CORPN  ,A ,Q,78.50,82.00,77.00,81.50,81.50,78.50,16730,3587260,288794345.00,
500313,OIL COUNTRY ,T ,Q,4.50,4.83,4.50,4.83,4.83,4.60,4,750,3474.00,
500314,ORIENT HOTEL,B ,Q,23.65,23.65,22.30,22.70,22.85,22.10,68,8498,192116.00,
500317,OSWAL AGRO. ,B ,Q,9.50,9.50,9.25,9.30,9.41,9.24,23,2620,24330.00,
500319,INDIAN SUCRO,X ,Q,23.65,23.90,22.10,23.00,23.00,22.60,42,6608,149721.00,
500325,RELIANCE    ,A ,Q,1935.25,1965.90,1931.00,1954.30,1954.30,1929.85,48089,593339,1156859600.00,
500327,PILITA      ,B ,Q,8.16,8.16,7.89,8.15,8.15,7.86,33,9705,78193.00,
500330,RAYMOND     ,A ,Q,324.00,326.65,318.95,323.05,323.00,321.70,1899,47918,15467315.00,
500331,PIDILITE    ,A ,Q,1543.80,1561.55,1535.00,1550.25,1556.25,1528.70,1405,13328,20680295.00,
500333,PIX TRANS   ,X ,Q,223.50,238.00,218.45,235.40,235.40,218.45,639,49248,11331502.00,
500335,BIRLA CORPN.,A ,Q,712.00,737.95,710.00,734.15,734.15,709.55,2422,26265,19076526.00,
500336,SURYA ROSHNI,B ,Q,261.00,263.40,258.95,260.15,260.05,260.55,115,3266,850965.00,
500337,PRIME SECUR.,B ,Q,49.65,50.40,48.20,48.85,48.50,50.65,135,12217,592825.00,
500338,PRSMJOHNSN  ,A ,Q,82.00,84.75,81.90,82.10,82.50,81.90,556,17769,1481703.00,
500339,RAIN        ,A ,Q,116.00,118.50,115.20,116.20,115.60,115.30,830,56670,6601335.00,
500343,AMJLAND     ,B ,Q,22.25,23.00,21.40,21.80,21.80,21.50,80,3294,72241.00,
500346,PUN.COMMUNI.,B ,Q,24.95,25.00,24.50,24.50,24.50,24.95,53,6247,153504.00,
500350,RSWM  LTD   ,B ,Q,92.95,97.00,92.95,95.70,95.70,93.00,77,1377,131924.00,
500354,RAJSH.SUGAR ,B ,Q,13.70,13.70,13.29,13.50,13.50,13.29,8,311,4199.00,
500355,RALLIS INDIA,A ,Q,281.95,287.20,279.20,285.10,285.00,282.00,2362,44671,12684504.00,
500356,RAMANEWS    ,B ,Q,13.15,14.95,13.10,14.31,14.30,13.50,99,17876,257318.00,
500357,RAMA PAPER  ,X ,Q,7.99,7.99,7.42,7.80,7.80,7.80,7,1100,8333.00,
500358,RAMA PETRO  ,X ,Q,3.10,3.17,3.06,3.17,3.17,3.17,5,400,1236.00,
500360,RAPICUT CARB,X ,Q,23.20,23.70,22.80,23.05,23.05,23.00,43,4151,95694.00,
500365,WELSPLSOL   ,X ,Q,9.20,9.20,8.20,8.27,8.35,9.11,248,450091,3785029.00,
500366,ROLTA (I)   ,B ,Q,4.80,5.00,4.75,4.99,5.00,4.77,10773,354611,1764637.00,
500367,RUBFILA INT.,X ,Q,56.40,59.00,55.00,58.50,58.95,54.70,562,89432,5163142.00,
500368,RUCHI SOYA  ,T ,Q,711.00,746.95,711.00,739.00,739.00,711.40,1506,15827,11684033.00,
500370,SALORA INT. ,XT,Q,17.75,19.45,17.75,17.75,17.75,18.55,4,576,10225.00,
500378,JINDAL SAW  ,A ,Q,70.00,73.10,69.15,72.00,72.00,69.75,2038,244871,17662004.00,
500380,JK LAKSHMI  ,A ,Q,338.00,356.00,331.15,354.65,354.65,330.85,1770,40609,14211354.00,
500387,SHREE CEMENT,A ,Q,25100.00,25515.05,24585.95,24903.60,24791.35,24110.40,856,1992,49602183.00,
500390,REL INFRA   ,A ,Q,21.90,22.00,20.45,20.80,20.80,21.35,1840,381541,8092599.00,
500400,TATA POWER  ,A ,Q,65.45,69.35,65.00,68.75,68.75,64.95,14555,3942270,266243304.00,
500402,SPMLINFRA   ,B ,Q,8.21,8.80,8.20,8.29,8.29,8.16,73,31240,265298.00,
500403,SUNDARAM FAS,A ,Q,524.35,553.00,521.35,544.20,544.20,517.90,1170,16319,8864529.00,
500404,SUNFLAG IRON,B ,Q,55.25,57.00,55.25,55.75,55.85,56.05,517,49850,2804981.00,
500405,SUPREME PET ,B ,Q,340.00,340.00,316.55,322.70,323.80,327.55,516,8794,2838460.00,
500407,SWARAJ ENGIN,B ,Q,1421.10,1431.10,1412.50,1414.50,1413.80,1401.70,234,955,1356141.00,
500408,TATA ELXSI  ,A ,Q,1602.05,1637.75,1602.05,1627.85,1627.85,1591.70,3522,38525,62551330.00,
500410,ACC LTD     ,A ,Q,1719.50,1788.05,1706.85,1747.45,1747.45,1703.25,4797,79756,139853846.00,
500411,THERMAX     ,A ,Q,898.15,909.00,888.40,897.25,892.05,898.15,837,7258,6516602.00,
500412,THIRUMALAI  ,B ,Q,97.00,103.80,94.55,99.40,99.40,99.15,2209,156062,15732954.00,
500413,THOMAS COOK ,B ,Q,49.50,49.50,48.85,49.50,49.50,47.15,201,39651,1958512.00,
500414,TIMEX GROUP ,X ,Q,30.85,31.80,29.10,30.75,31.70,30.60,377,169080,4970336.00,
500418,TOKYO PLAST ,B ,Q,68.00,72.25,65.65,71.20,70.50,67.70,142,2068,145018.00,
500420,TORRENT PHAR,A ,Q,2630.10,2669.80,2612.00,2652.55,2652.55,2611.10,617,5842,15449214.00,
500422,TRANSCHEM   ,X ,Q,12.80,12.80,11.25,12.48,12.48,11.65,33,8902,109408.00,
500425,AMBUJA CEME ,A ,Q,263.95,269.25,261.05,261.95,261.95,261.00,1972,147913,38989665.00,
500426,UTLINDS     ,X ,Q,9.24,9.24,8.80,9.24,9.24,8.80,40,9734,89429.00,
500429,UNIPHOS ENT.,B ,Q,60.00,61.70,60.00,61.55,61.60,60.30,54,5986,363842.00,
500439,VARD HOLDNG ,B ,Q,1378.95,1378.95,1307.30,1343.00,1343.00,1296.05,12,683,904675.00,
500440,HINDALCO    ,A ,Q,230.00,231.25,222.50,229.20,228.85,225.65,3288,305963,69437507.00,
500444,WEST COAS PA,B ,Q,160.10,165.75,160.10,163.90,163.90,160.55,553,15266,2497876.00,
500449,HIND.ORG.CHM,B ,Q,14.57,15.49,14.56,15.00,14.90,14.87,275,65139,986239.00,
500450,MPIL CORP L ,X ,Q,260.00,260.00,260.00,260.00,260.00,252.00,1,2,520.00,
500456,PAS.ACRYLON ,X ,Q,9.35,9.52,9.15,9.44,9.40,9.28,118,91757,857474.00,
500458,KORE        ,XT,Q,1.77,1.95,1.77,1.92,1.80,1.86,24,4916,9470.00,
500459,PROCTER &GAM,A ,Q,10543.20,10713.75,10389.00,10665.55,10665.55,10552.40,269,526,5598056.00,
500460,MUKAND LTD. ,B ,Q,48.40,50.30,47.25,50.00,50.30,49.70,119,23118,1118734.00,
500463,AGCNET      ,T ,Q,628.00,628.00,605.00,610.95,617.70,600.00,18,1121,691154.00,
500464,UCAL FUEL   ,B ,Q,125.50,127.40,125.50,126.90,126.90,126.30,81,2406,304249.00,
500467,HARR.MALAYAL,B ,Q,106.90,111.50,105.05,108.80,108.80,104.55,1201,42001,4589869.00,
500469,FEDERAL BANK,A ,Q,63.25,65.85,62.25,65.65,65.65,62.75,11798,3151639,203731034.00,
500470,TATA STEEL  ,A ,Q,590.50,590.50,577.00,585.55,585.55,577.85,12930,635845,371182216.00,
500472,SKF INDIA   ,A ,Q,1570.00,1585.25,1567.00,1572.30,1572.30,1569.15,160,746,1176050.00,
500477,ASHOK LEYL. ,A ,Q,92.60,93.85,91.40,92.60,92.60,92.10,3733,805285,74556430.00,
500480,CUMMINS (I) ,A ,Q,581.25,582.45,568.70,578.40,575.65,586.50,1886,33999,19570518.00,
500483,TATA COMM   ,B ,Q,1064.60,1071.75,1026.50,1042.05,1050.00,1059.45,638,4645,4849446.00,
500488,ABBOTT (I)  ,A ,Q,15450.00,15500.00,15350.00,15397.95,15409.00,15397.55,221,415,6404966.00,
500490,BAJ HOLD INV,A ,Q,3072.00,3100.00,3057.45,3092.55,3092.55,3064.05,1581,10715,33079303.00,
500493,BHARAT FORGE,A ,Q,519.85,519.85,499.60,509.15,509.75,508.30,1563,49436,25029253.00,
500495,ESCORTS LTD.,A ,Q,1415.00,1415.00,1363.45,1373.60,1373.90,1402.65,3634,62650,86405300.00,
500500,HIND.MOTORS ,B ,Q,5.50,5.77,5.44,5.69,5.69,5.50,142,102393,575533.00,
500510,LARSEN & TOU,A ,Q,1132.00,1135.00,1111.95,1115.70,1115.70,1115.80,4983,109963,123106067.00,
500520,MAH & MAH   ,A ,Q,736.60,736.60,708.15,734.80,731.55,720.05,3913,157074,113834030.00,
500530,BOSCH LTD   ,A ,Q,12999.00,13314.75,12677.15,13255.45,13255.45,12771.00,1615,4513,58923162.00,
500540,PREMIER LTD ,B ,Q,2.81,2.94,2.81,2.94,2.94,2.81,14,763,2235.00,
500547,BHARAT PET. ,A ,Q,378.00,381.15,371.55,379.15,379.15,372.95,2228,142222,53726399.00,
500550,SIEMENS LTD.,A ,Q,1510.00,1544.90,1489.55,1516.65,1516.65,1513.90,2872,42942,64987723.00,
500570,TATA MOTORS ,A ,Q,183.25,183.25,178.10,179.70,179.70,180.25,12516,2381640,428456307.00,
500575,VOLTAS LTD  ,A ,Q,806.20,811.20,790.90,794.20,795.45,806.20,1031,32820,26275585.00,
500620,GREAT EASTE ,A ,Q,259.25,265.20,256.70,261.15,261.15,256.00,1664,36036,9426012.00,
500645,DEEPAK FERT.,A ,Q,145.90,148.55,144.15,147.05,147.40,144.55,1155,68298,9989773.00,
500650,EXCEL INDUST,B ,Q,862.00,862.00,831.50,834.70,837.00,839.05,163,2029,1698575.00,
500655,GARWARE POLY,X ,Q,307.80,318.00,307.25,311.70,311.70,311.45,214,15099,4740174.00,
500660,GLAXOSMITH  ,A ,Q,1553.00,1573.95,1544.70,1552.05,1548.90,1555.10,527,2844,4415536.00,
500670,GUJ.NARMADA ,A ,Q,210.05,215.05,208.25,211.30,211.30,209.70,1275,40740,8637853.00,
500672,NOVARTIS    ,B ,Q,645.00,659.60,639.00,641.25,641.25,652.00,401,5070,3282011.00,
500674,SANOFI      ,A ,Q,8210.75,8217.00,7966.00,7988.85,7984.95,8235.35,518,1217,9795350.00,
500680,PFIZER LTD. ,A ,Q,5170.00,5170.00,5090.00,5105.20,5105.20,5104.10,573,3185,16314976.00,
500690,GUJ.ST.FERT ,A ,Q,70.25,71.90,70.25,70.80,70.80,70.55,1021,125034,8879859.00,
500696,HIND UNI LT ,A ,Q,2154.00,2154.00,2129.20,2132.25,2132.25,2137.20,2370,24310,52023777.00,
500710,AKZOINDIA   ,A ,Q,2157.35,2184.00,2119.55,2130.90,2138.95,2159.20,415,925,1998053.00,
500730,NOCIL LTD   ,A ,Q,140.90,141.70,137.60,139.75,139.75,140.90,1686,116045,16210942.00,
500770,TATA CHEM.  ,A ,Q,392.00,408.00,387.50,405.15,405.15,391.35,3792,142842,56899666.00,
500777,T.P.L.      ,B ,Q,39.60,40.75,39.60,40.55,40.55,39.80,189,19830,803727.00,
500780,ZUARIGLOB   ,B ,Q,56.30,58.70,55.20,56.85,56.85,56.95,197,8400,480429.00,
500790,NESTLE (I)  ,A ,Q,18188.00,18188.00,17350.00,17417.15,17417.15,17657.60,1935,4030,70450503.00,
500800,TATACONSUM  ,A ,Q,550.00,553.75,525.60,528.90,528.90,539.00,6621,266559,142446114.00,
500820,ASIAN PAINTS,A ,Q,2260.00,2260.00,2206.85,2229.70,2227.00,2217.35,5493,65658,146351413.00,
500825,BRITANIA IND,A ,Q,3675.00,3687.70,3598.00,3628.15,3628.15,3634.10,1802,10879,39498790.00,
500830,COLGATE PALM,A ,Q,1518.00,1535.50,1493.00,1503.80,1507.95,1508.90,2031,21512,32316161.00,
500840,EIH LTD.    ,A ,Q,91.50,94.60,88.80,91.65,91.90,89.80,815,55328,5112703.00,
500850,INDIAN HOTEL,A ,Q,120.35,121.75,119.05,120.05,119.95,118.00,2202,86208,10370209.00,
500870,CASTROL     ,A ,Q,127.10,129.85,127.10,128.50,128.50,126.90,3248,150247,19353950.00,
500875,ITC LTD.    ,A ,Q,194.50,196.25,192.40,194.45,194.45,193.70,14497,1428072,278055780.00,
500877,APOLLO TYRES,A ,Q,185.00,188.00,182.90,186.90,186.50,184.40,2058,247565,45809702.00,
500878,CEAT LIMITED,A ,Q,1154.15,1208.00,1154.15,1171.80,1170.00,1147.75,1834,25981,30683354.00,
500890,MODI RUBBER ,T ,Q,33.10,33.50,32.05,33.45,33.50,33.10,12,883,29476.00,
500940,FINOLEX IND.,A ,Q,643.90,643.90,618.65,621.80,621.80,629.90,1247,9842,6154437.00,
501148,DALAL ST INV,XT,Q,207.40,215.80,207.40,213.45,214.80,211.60,17,126,26634.00,
501150,CENTRUM CAP ,A ,Q,18.15,18.55,17.45,18.00,18.00,18.15,858,265397,4796507.00,
501151,KARTIK INV  ,XT,Q,735.00,735.00,680.00,680.00,680.00,700.00,5,5,3514.00,
501242,TCI FINANCE ,B ,Q,3.90,4.12,3.90,4.12,4.12,3.94,7,1421,5659.00,
501295,INDUS.INV.TR,B ,Q,57.55,57.55,57.55,57.55,57.55,57.00,1,5,287.00,
501298,INDUS.&PRUD.,X ,Q,996.00,1010.75,994.00,996.30,994.00,993.55,26,217,216067.00,
501301,TATA INVEST.,A ,Q,948.15,954.35,936.90,946.70,948.00,941.15,253,2003,1892065.00,
501314,PRISMX      ,X ,Q,14.93,14.93,14.93,14.93,14.93,14.64,7,98,1463.00,
501343,MOTOR&GEN.FI,B ,Q,20.50,21.27,19.90,21.27,21.27,19.34,173,39821,836454.00,
501370,WALCHAND PF ,X ,Q,53.90,53.90,49.10,50.00,50.00,51.40,24,1381,71266.00,
501391,W.H.BRADY   ,X ,Q,136.25,148.50,136.25,148.50,148.45,142.00,3,50,7179.00,
501421,TECHNVISN   ,XT,Q,90.00,97.65,90.00,97.65,97.65,93.00,4,57,5251.00,
501423,SHA ENG PLA ,X ,Q,618.00,637.00,615.00,636.40,635.00,623.00,104,3856,2421554.00,
501425,BOM.BURMAH  ,A ,Q,1286.00,1327.75,1286.00,1303.80,1308.00,1316.50,235,2507,3279392.00,
501430,BOM.CYCLE   ,X ,Q,648.95,648.95,610.45,621.50,621.50,641.95,5,22,13817.00,
501455,GREAVES COTT,A ,Q,85.70,88.40,82.55,87.60,87.60,84.00,7018,688385,59241378.00,
501477,MULLER & PHI,XT,Q,29.75,31.15,29.75,31.15,31.15,29.70,2,26,774.00,
501700,INDIA NIVEH ,X ,Q,22.75,22.80,22.00,22.10,22.20,22.65,161,4525,101537.00,
501831,COAST CORP  ,X ,Q,165.20,170.80,165.00,168.50,167.10,166.25,100,11220,1876664.00,
501833,CHOWGULE ST ,XT,Q,3.91,4.10,3.91,4.10,4.10,4.01,6,1167,4750.00,
501848,GLOBAL OFFS ,B ,Q,8.00,8.20,7.75,8.20,8.20,8.15,26,1687,13214.00,
501945,DHENUBUILD  ,X ,Q,1.21,1.21,1.21,1.21,1.21,1.23,3,85,102.00,
502015,ASIIL       ,X ,Q,12.88,12.88,12.31,12.49,12.65,12.04,62,33623,420585.00,
502090,SAGAR CEM.  ,B ,Q,722.35,736.20,719.30,720.80,720.10,713.65,172,537,390080.00,
502137,DECAN CEMENT,B ,Q,345.00,360.00,345.00,357.05,357.75,344.90,1006,22057,7772120.00,
502157,MANGALAM CEM,B ,Q,219.15,221.00,217.05,218.70,218.40,217.65,272,3731,821228.00,
502168,N C L IND.  ,B ,Q,143.00,147.50,142.70,145.35,145.25,141.80,842,35828,5217707.00,
502175,SAURAS.CEM. ,X ,Q,46.95,49.80,45.55,48.50,48.50,46.05,288,78947,3817629.00,
502180,SRI DIGV CEM,B ,Q,60.00,62.40,60.00,61.30,61.35,59.95,1205,159590,9810416.00,
502219,BORORENEW   ,B ,Q,126.95,136.50,126.95,134.00,135.00,125.65,2114,98909,13149126.00,
502281,TRIVENI GLAS,X ,Q,6.61,7.15,6.61,7.00,7.15,6.81,37,5534,38406.00,
502330,ANDPAPER    ,B ,Q,197.90,206.00,197.90,202.85,202.65,197.60,361,5945,1209029.00,
502355,BALKRISH IND,A ,Q,1700.00,1715.00,1638.00,1653.85,1654.25,1655.30,3085,30903,51419990.00,
502420,ORIENT PAPER,B ,Q,18.35,19.00,18.15,18.80,18.85,18.35,299,75526,1415156.00,
502445,CITADEL     ,X ,Q,9.41,10.34,9.41,10.34,10.34,9.89,8,1884,18928.00,
502448,ROLLATAINER ,B ,Q,2.31,2.36,2.14,2.20,2.20,2.25,19,4524,10172.00,
502450,SESHA.PAPER ,B ,Q,143.00,154.40,143.00,145.20,144.25,141.30,750,16987,2501595.00,
502587,NATHIND     ,X ,Q,63.20,67.00,63.10,66.80,67.00,63.50,34,2925,190770.00,
502742,SINTEX IND. ,T ,Q,3.20,3.37,3.10,3.37,3.37,3.21,888,1683368,5629184.00,
502820,DCM LTD.    ,B ,Q,19.00,19.45,18.95,19.40,19.40,18.50,12,222,4264.00,
502865,FORBES & CO ,B ,Q,1587.95,1589.00,1538.20,1552.50,1558.00,1558.60,58,847,1312808.00,
502873,H.P.COTTON  ,X ,Q,27.35,27.35,25.20,27.20,27.20,26.40,14,274,7456.00,
502937,KESORAM IND ,B ,Q,55.70,56.20,50.65,50.80,50.70,52.80,1027,128959,6686717.00,
502958,LAKSHMI MILL,X ,Q,1690.00,1784.00,1680.00,1753.30,1750.00,1681.50,25,147,255025.00,
502986,VARDH TEXT  ,A ,Q,850.00,865.00,829.50,856.05,853.40,813.40,339,1658,1414434.00,
503015,MODERN INDIA,X ,Q,42.50,42.50,40.20,40.35,40.50,42.30,27,12148,497655.00,
503031,PENLAND LTD ,B ,Q,5.20,5.20,5.09,5.20,5.20,4.96,168,145751,757509.00,
503092,PASUPATI SPG,X ,Q,8.90,8.90,8.20,8.20,8.20,8.50,4,441,3896.00,
503100,PHOENIX MILL,A ,Q,682.00,703.05,671.95,689.55,689.50,682.55,1545,14607,10109141.00,
503101,MARATHON NEX,B ,Q,77.85,77.90,74.10,77.50,77.50,75.30,50,888,68578.00,
503162,REL.CHEMOTX ,X ,Q,65.95,65.95,61.50,61.75,63.80,62.75,48,2862,177832.00,
503169,RUBY MILLS  ,B ,Q,183.05,204.50,182.00,194.25,193.30,187.60,528,8509,1662682.00,
503229,SIMPLEX REAL,X ,Q,46.00,46.00,43.55,43.55,43.55,44.10,2,1024,47045.00,
503310,SWAN ENG    ,A ,Q,139.80,143.00,138.70,140.05,140.00,139.20,4437,140913,19789132.00,
503349,VICTORIA MIL,X ,Q,1817.75,1817.75,1732.00,1760.50,1750.00,1720.05,6,7,12341.00,
503624,SVARAJ TRAD ,XT,Q,8.00,8.00,8.00,8.00,8.00,8.00,1,110,880.00,
503641,ZODIAC VEN  ,XT,Q,8.70,8.71,8.07,8.70,8.70,8.49,20,25246,203805.00,
503657,VEER ENERGY ,X ,Q,8.00,8.50,7.90,8.23,8.35,8.02,64,8707,72644.00,
503659,SWIL        ,XT,Q,22.00,22.00,22.00,22.00,22.00,21.55,1,230,5060.00,
503663,TILAK       ,XT,Q,4.02,4.02,4.02,4.02,4.02,4.10,14,17495,70329.00,
503669,KKFIN       ,X ,Q,5.70,6.30,5.70,6.30,6.30,6.00,6,55000,316500.00,
503691,SAHARA ONE  ,X ,Q,17.05,17.05,17.05,17.05,17.05,17.05,1,1,17.00,
503722,BANSW.SYNTEX,B ,Q,83.80,85.25,79.90,84.95,84.95,81.25,95,1855,154538.00,
503776,MODIPON     ,X ,Q,39.95,39.95,39.95,39.95,39.95,39.95,1,1,39.00,
503804,SHRI DINESH ,X ,Q,144.50,144.60,143.60,144.60,144.60,137.75,19,6721,970946.00,
503806,SRF LIMITED ,A ,Q,5185.00,5185.00,5067.35,5098.70,5080.85,5135.30,1018,3816,19485136.00,
503811,SIYARAM SILK,B ,Q,160.30,173.55,160.30,170.15,171.75,161.25,1106,16679,2831866.00,
503960,BHARAT BIJLE,B ,Q,880.00,908.40,880.00,892.50,892.50,870.25,844,5615,5037005.00,
504000,ELPRO INTER ,X ,Q,41.00,41.00,40.00,40.05,40.65,40.00,13,925,37039.00,
504008,EMCO LTD.   ,Z ,Q,1.25,1.26,1.25,1.26,1.26,1.20,11,1250,1570.00,
504028,GEE LTD     ,X ,Q,30.70,32.60,30.10,32.05,32.15,30.65,40,24454,786046.00,
504036,HIND.RECT   ,B ,Q,146.55,148.95,141.55,143.90,143.95,144.00,269,4055,586492.00,
504058,NIPPOBATRY  ,B ,Q,675.00,676.80,656.95,665.60,668.95,670.70,226,4005,2682487.00,
504067,ZENSAR TECH.,A ,Q,229.00,234.40,225.75,227.80,226.65,228.75,1339,16553,3823278.00,
504076,JYOTI LTD.  ,XT,Q,16.04,16.04,15.60,16.04,16.04,15.28,75,26148,419118.00,
504080,JSL LTD.    ,XT,Q,67.00,70.35,67.00,70.35,70.35,67.00,6,59,4147.00,
504084,KAYCEE IND  ,X ,Q,2794.40,2794.40,2710.20,2710.20,2710.20,2661.40,5,5,13885.00,
504092,INDOKEM LTD.,X ,Q,12.71,12.71,12.71,12.71,12.71,12.34,2,100,1271.00,
504093,PANA ENERG  ,X ,Q,199.00,220.15,197.10,220.15,220.15,200.15,452,54567,11819664.00,
504112,NELCO LTD.  ,B ,Q,189.50,190.95,188.00,188.85,188.85,189.05,429,12491,2370869.00,
504132,PERM MAGNETS,X ,Q,147.60,154.80,142.70,144.70,145.00,142.65,118,5118,743597.00,
504176,HIGH ENERGY ,X ,Q,544.50,544.50,500.00,521.55,517.00,517.50,138,2224,1171445.00,
504180,STD.BATTERY ,X ,Q,6.90,6.90,6.82,6.82,6.82,7.16,21,1442,9870.00,
504212,UNIV.CABLE  ,B ,Q,142.00,145.75,141.30,143.75,143.65,140.95,60,717,102808.00,
504220,W.S.INDUSTR.,B ,Q,3.29,3.45,3.29,3.44,3.44,3.29,9,5000,17203.00,
504240,DELTON CABLE,X ,Q,30.50,33.45,30.50,32.20,32.15,30.90,53,3870,126798.00,
504258,LAKSHMI ELEC,X ,Q,257.95,257.95,241.20,255.25,256.95,244.70,45,982,246470.00,
504273,MODULEX     ,X ,Q,8.35,8.35,7.57,7.60,7.60,7.96,58,27012,205268.00,
504286,DELTAMAGNT  ,B ,Q,27.25,27.35,26.60,27.35,27.35,26.05,107,31127,850876.00,
504335,PAZEL       ,X ,Q,0.19,0.19,0.19,0.19,0.19,0.19,88,785446,149234.00,
504340,CONFINT     ,X ,Q,3.39,3.39,3.39,3.39,3.39,3.33,1,10,33.00,
504341,RELTD       ,X ,Q,32.55,32.55,27.35,29.95,29.95,29.60,17,1447,44088.00,
504351,EMPOWER     ,XT,Q,0.15,0.15,0.15,0.15,0.15,0.15,10,214000,32100.00,
504378,NYSSACORP   ,XT,Q,0.72,0.73,0.67,0.73,0.73,0.70,34,68603,48508.00,
504380,FLOMIC      ,Z ,Q,1.42,1.42,1.42,1.42,1.42,1.40,2,15,21.00,
504392,KRISHNA VEN ,XT,Q,12.03,12.03,12.03,12.03,12.03,11.46,1,1,12.00,
504605,UNI ABEX    ,X ,Q,358.05,387.70,358.05,383.00,383.00,380.00,22,104,39520.00,
504614,SARDA ENMIN ,B ,Q,313.75,316.75,304.00,309.80,309.80,313.55,583,10457,3250519.00,
504646,BHAGWATI AUT,X ,Q,115.00,125.50,115.00,118.75,118.25,119.90,15,1241,144931.00,
504673,UNIV.PRIME  ,XT,Q,1.29,1.35,1.29,1.29,1.29,1.35,6,202,268.00,
504697,GALADA TELE.,Z ,Q,1.03,1.05,1.01,1.05,1.05,1.03,15,1512,1552.00,
504741,IND.HUME PIP,B ,Q,178.70,180.00,177.40,178.00,178.00,178.25,212,3915,699374.00,
504786,INVEST &PREC,X ,Q,160.00,169.00,160.00,163.20,163.00,159.45,68,4563,745675.00,
504840,KAIRA CAN CO,X ,Q,1220.00,1285.00,1191.40,1283.70,1285.00,1225.75,19,122,155742.00,
504879,ORIENT ABRAS,B ,Q,20.30,23.75,20.10,23.45,23.45,19.80,556,124305,2840786.00,
504882,NATIONAL STD,X ,Q,552.75,552.75,552.75,552.75,552.75,564.00,2,3,1658.00,
504908,DUNCANENG   ,X ,Q,99.85,99.90,97.85,97.85,97.85,97.50,13,265,26464.00,
504918,SANDUR MANG.,X ,Q,826.20,843.00,799.00,839.10,839.10,804.35,334,9704,8036946.00,
504959,STOVAC IND. ,X ,Q,1838.00,1859.00,1831.95,1833.65,1837.00,1838.00,48,470,863349.00,
504961,TATA YODOGAW,X ,Q,31.25,33.85,31.20,33.05,33.00,31.70,85,14397,472190.00,
504966,TINPLATE    ,B ,Q,146.10,151.65,145.60,149.65,149.65,146.10,1632,77227,11454780.00,
504973,CHOLAHLDNG  ,A ,Q,550.00,550.00,508.00,526.85,526.85,541.20,2008,10814,5652946.00,
504988,WELCAST     ,X ,Q,373.00,373.00,369.50,369.50,369.50,359.00,2,12,4437.00,
505010,AUTO AXLES  ,B ,Q,960.35,960.35,929.55,930.90,930.90,955.65,599,2979,2793701.00,
505029,ATLAS CYCLES,Z ,Q,39.20,39.20,37.50,37.90,37.55,37.70,43,2202,83771.00,
505036,AUTO COR.GOA,X ,Q,364.95,367.00,350.30,366.55,366.55,357.20,72,1204,438082.00,
505075,SETCO AUTO  ,B ,Q,12.35,12.60,12.00,12.20,12.26,12.32,105,23863,291120.00,
505141,SCOOTERS IND,T ,Q,29.95,29.95,28.00,28.85,28.85,28.80,37,2448,71111.00,
505160,TALBROS AUTO,B ,Q,159.00,159.00,154.80,156.40,156.90,154.75,71,1488,233443.00,
505163,ZF STEERING ,X ,Q,340.00,344.70,328.35,338.65,340.00,339.35,67,2126,717301.00,
505192,SMLISUZU    ,B ,Q,428.05,439.95,428.00,432.75,430.50,427.25,463,3811,1645138.00,
505196,TIL LTD.    ,B ,Q,145.00,163.10,145.00,160.90,163.10,143.00,434,10781,1707164.00,
505200,EICHER MOTOR,A ,Q,2537.30,2584.65,2519.75,2533.20,2533.20,2536.70,4017,34328,87392330.00,
505216,ALFRED HERB ,X ,Q,560.60,560.60,560.60,560.60,560.60,546.55,1,2,1121.00,
505232,VELJAN      ,X ,Q,714.00,737.85,714.00,722.75,716.15,728.95,16,54,38730.00,
505242,DYNAMAT.TECH,B ,Q,693.50,701.50,693.00,697.10,700.00,694.90,113,659,459722.00,
505255,GMM PFAUDLER,B ,Q,3851.00,3893.25,3770.00,3800.65,3800.65,3831.10,2822,8532,32706633.00,
505283,KIRLOSAR PN ,X ,Q,141.20,149.75,137.50,143.25,143.25,140.60,539,90502,12968199.00,
505285,TULIVE      ,XT,Q,204.80,204.80,204.55,204.55,204.55,204.80,5,50,10228.00,
505299,KPT         ,X ,Q,65.05,66.90,65.05,66.00,66.00,65.00,35,2590,170458.00,
505302,LAXMI AUTOLM,XT,Q,55.00,55.00,55.00,55.00,55.00,55.50,1,25,1375.00,
505324,MANUGRAPH IN,B ,Q,10.00,10.48,9.72,10.04,10.00,10.05,33,1737,17287.00,
505355,NESCO LTD   ,A ,Q,528.00,555.00,528.00,534.65,534.65,544.00,885,8601,4655646.00,
505358,INTEGRA ENG ,X ,Q,26.80,29.95,26.80,29.40,29.40,28.00,94,21885,624949.00,
505368,REVATHI EQU.,B ,Q,419.90,431.60,419.05,429.00,429.00,423.95,48,210,89035.00,
505400,TEXINFRA    ,B ,Q,37.75,38.70,37.65,38.55,38.55,37.55,237,26264,1006891.00,
505412,WENDT(INDIA),B ,Q,3248.90,3249.50,3130.35,3249.50,3249.50,3180.00,23,29,93284.00,
505509,RESPON IND  ,A ,Q,170.30,182.00,170.30,176.90,176.90,166.70,559,45659,7929507.00,
505523,MAHA CORP   ,XT,Q,0.51,0.51,0.51,0.51,0.51,0.52,68,20530,10470.00,
505526,DOLAT INV.  ,B ,Q,46.50,47.25,46.00,46.85,46.75,46.75,335,17795,832547.00,
505533,WESTLIFE DEV,A ,Q,439.00,448.80,430.85,436.30,440.00,435.45,766,9946,4371284.00,
505537,ZEE ENTER   ,A ,Q,195.00,198.20,190.00,195.60,195.60,192.55,4751,523440,101917864.00,
505590,SVPGLOB     ,X ,Q,469.00,469.00,452.00,459.10,462.00,449.50,323,8745,4033477.00,
505650,SKYL MILLAR ,X ,Q,4.93,5.17,4.93,5.05,5.05,4.93,43,18358,93249.00,
505681,BIMETAL BEAR,X ,Q,299.00,300.00,278.05,278.10,278.50,284.00,20,372,105039.00,
505688,BHARAT GEARS,B ,Q,52.40,56.90,51.75,54.10,54.00,52.15,218,6271,340820.00,
505693,LATIMMETAL  ,X ,Q,38.00,38.80,38.00,38.80,38.80,38.00,3,114,4337.00,
505700,ELECON ENG  ,B ,Q,36.40,42.90,36.30,41.30,41.30,35.90,2667,305664,12410068.00,
505703,DECCAN BEAR.,XT,Q,4.73,4.73,4.73,4.73,4.73,4.51,1,100,473.00,
505710,GRAUER& WEIL,X ,Q,42.50,42.50,41.10,41.70,41.55,41.80,607,166751,6976106.00,
505711,GAJRA BEVEL ,XT,Q,0.72,0.72,0.72,0.72,0.72,0.75,2,1030,741.00,
505712,HIMTEK      ,X ,Q,52.35,57.65,52.35,54.05,54.00,55.05,8,391,21650.00,
505714,GABRIEL(I)  ,B ,Q,106.00,108.10,106.00,107.15,107.40,106.85,557,19422,2085752.00,
505720,HERC.HOISTS ,B ,Q,102.00,102.00,98.30,101.35,101.70,100.10,452,9351,938467.00,
505725,HIND.EVEREST,X ,Q,100.05,105.05,100.05,100.50,100.50,100.05,11,370,37906.00,
505726,IFB IND.LTD.,A ,Q,777.00,789.00,765.10,783.95,784.00,777.75,565,3756,2933671.00,
505729,SINGER INDIA,X ,Q,33.80,34.40,33.60,33.90,33.90,34.30,131,33040,1122858.00,
505737,INTER.COMBUS,X ,Q,166.70,166.70,155.25,161.85,164.00,159.00,40,1643,269593.00,
505744,FED MOG GOE ,B ,Q,334.10,342.75,321.70,339.15,335.40,330.45,3746,20685,6892812.00,
505750,JOSTS ENG.  ,X ,Q,529.95,530.00,522.00,524.75,530.00,534.95,16,148,78242.00,
505790,SCHAEFFLER  ,A ,Q,4003.40,4030.35,3852.00,3904.50,3852.00,3973.25,84,109,431517.00,
505800,RANE HOLDIN ,B ,Q,484.95,498.80,465.95,493.00,487.35,488.35,445,3473,1694765.00,
505827,SNL BEARINGS,X ,Q,134.00,136.00,132.70,136.00,136.00,137.95,20,534,72250.00,
505840,JAIPAN INDUS,X ,Q,6.99,6.99,6.70,6.70,6.70,7.00,4,222,1545.00,
505850,MANCREDIT   ,X ,Q,46.40,46.60,45.80,46.30,46.10,45.40,59,15725,725342.00,
505854,TRF LTD.    ,B ,Q,85.00,88.50,83.10,87.75,87.75,84.45,221,13374,1152655.00,
505872,WPIL LTD.   ,X ,Q,485.00,493.45,482.10,491.20,491.20,483.70,487,58332,28475348.00,
505890,KENNAMETAL  ,B ,Q,824.45,850.00,824.45,843.55,845.25,833.95,169,955,806812.00,
505893,HINDHARD    ,XT,Q,90.95,90.95,90.95,90.95,90.95,87.00,1,5,454.00,
505978,TRITON VALVE,X ,Q,840.00,840.00,808.00,821.70,821.70,806.35,40,467,383621.00,
506022,PRAKASH IND.,B ,Q,46.40,48.35,46.10,47.70,47.70,46.05,901,98419,4677514.00,
506074,ARSHIYA     ,B ,Q,15.90,15.90,15.05,15.61,15.60,15.15,809,26993,422999.00,
506076,GRIND NORTON,A ,Q,603.00,605.00,594.15,602.95,602.95,597.25,1290,13921,8382848.00,
506105,STANROSE MAF,X ,Q,82.95,82.95,75.25,75.25,75.25,76.00,9,257,19362.00,
506109,GENESYS INT.,B ,Q,52.35,52.35,52.35,52.35,52.35,49.90,8,150003,7852657.00,
506122,PANKAJPIYUS ,XT,Q,33.30,33.30,30.20,33.30,33.30,31.75,10,485,15382.00,
506128,PARNAXLAB   ,XT,Q,28.85,28.85,27.45,27.45,27.45,28.85,35,3637,100457.00,
506134,INTELL CAP  ,XT,Q,3.70,3.70,3.70,3.70,3.70,3.70,1,100,370.00,
506146,VISAGAR POL ,B ,Q,0.37,0.39,0.37,0.39,0.39,0.38,124,152187,57921.00,
506186,GCKL        ,X ,Q,9.58,9.58,9.17,9.43,9.57,9.58,23,5123,48977.00,
506194,ARIH SUPER  ,B ,Q,25.35,26.40,24.15,25.80,26.40,25.20,1605,18666,480781.00,
506197,BLISSGVS PH ,A ,Q,175.00,178.60,169.00,169.90,169.90,172.00,1711,90764,15694266.00,
506222,INEOSSTYRO  ,B ,Q,705.00,741.85,705.00,732.85,736.20,692.60,612,12278,8892653.00,
506235,ALEMBIC LTD.,B ,Q,106.10,107.35,104.65,105.20,105.20,106.00,977,43317,4579287.00,
506248,AMINES&PLAST,X ,Q,58.95,59.70,58.00,59.70,59.70,56.90,230,42961,2557765.00,
506260,ANUH PHARMA ,X ,Q,144.00,144.00,141.00,141.60,141.10,143.60,553,34168,4851999.00,
506261,MODISON MET.,X ,Q,43.00,43.10,41.10,42.00,41.85,42.15,118,14218,599008.00,
506285,BAYER CROP  ,A ,Q,5035.00,5091.95,5020.90,5034.85,5040.00,5034.40,547,1290,6515116.00,
506365,CHEMO PHARMA,XT,Q,14.20,14.45,14.20,14.20,14.20,14.20,4,116,1650.00,
506390,CLARI CHEM  ,B ,Q,374.00,390.00,370.00,377.85,379.05,366.90,2423,25173,9615566.00,
506395,COROM INTER ,A ,Q,835.00,835.00,811.10,822.15,822.00,823.95,917,8947,7347458.00,
506401,DEEPAK NITR.,A ,Q,874.90,895.00,855.00,863.95,863.95,865.05,5731,87006,76396539.00,
506405,DHARAMSI CHM,X ,Q,148.00,156.00,148.00,152.55,152.50,149.15,139,16035,2435010.00,
506414,FERMENTA    ,X ,Q,309.00,310.95,303.00,306.70,306.70,301.30,496,29210,8972647.00,
506480,GOCLCORP    ,B ,Q,203.85,209.95,200.00,202.10,200.50,208.95,332,5935,1209642.00,
506520,JAYSHRI CHEM,X ,Q,4.70,4.83,4.70,4.79,4.73,4.60,28,15707,75671.00,
506522,JL MORISON  ,X ,Q,1805.15,1947.95,1805.15,1858.05,1858.05,1906.25,4,26,48465.00,
506525,KANORIA CHEM,B ,Q,41.80,43.35,41.05,42.00,41.80,41.90,86,3833,161691.00,
506528,KELTECH EN. ,X ,Q,519.00,519.00,500.00,506.45,506.45,500.00,40,608,308778.00,
506530,KEMP & CO.  ,X ,Q,410.45,410.45,410.45,410.45,410.45,391.00,1,1,410.00,
506532,NITTA GELA  ,X ,Q,172.65,176.00,169.00,171.80,174.85,173.30,102,3997,687871.00,
506579,ORIENT.CARB.,B ,Q,844.40,862.75,844.40,855.35,850.00,857.85,118,473,404256.00,
506590,PHIL.CARBON ,A ,Q,169.00,172.65,165.20,169.90,169.90,166.85,3418,158358,26909485.00,
506597,AMAL PRODUCT,X ,Q,196.00,196.00,183.15,186.75,190.00,186.60,115,5287,1000154.00,
506605,POLYCHEM    ,X ,Q,430.00,430.00,420.00,420.00,420.00,410.00,7,56,24020.00,
506618,PUN.CHEM    ,B ,Q,700.00,700.00,672.95,693.40,691.40,659.25,498,3940,2704846.00,
506640,GUJCHEM DIST,XT,Q,74.65,74.65,74.65,74.65,74.65,71.10,2,5,373.00,
506642,SADHANA NITR,X ,Q,19.70,20.00,19.40,19.50,19.50,19.70,270,47055,927739.00,
506655,SUDARSH.CHEM,A ,Q,470.05,481.40,469.40,473.50,473.50,469.65,523,8105,3845961.00,
506685,ULTRAMARINE ,X ,Q,229.00,246.00,225.50,243.95,243.95,229.00,1339,221319,52752747.00,
506687,TRANSPEK    ,X ,Q,1545.00,1545.00,1505.00,1516.75,1510.35,1537.00,288,3282,4980579.00,
506690,UNICHEM LAB ,B ,Q,262.00,267.65,258.05,259.65,260.00,255.50,837,17360,4565261.00,
506734,MYS PETRO   ,X ,Q,53.10,57.40,51.10,56.00,56.00,54.00,30,1413,76569.00,
506767,ALKYL AMINES,B ,Q,4099.85,4099.85,3910.00,3964.05,3974.00,4006.00,793,3258,12899487.00,
506808,TUTICORIN.  ,X ,Q,6.29,6.30,5.75,6.07,6.20,6.00,58,16089,98484.00,
506820,ASTRAZEN.PH.,A ,Q,4540.00,4572.10,4509.00,4528.85,4527.90,4538.50,467,1882,8539729.00,
506852,PUN.ALKALI  ,X ,Q,45.45,45.90,44.75,45.25,45.25,45.45,68,11678,528820.00,
506854,TANFAC IND. ,X ,Q,177.10,184.00,175.35,178.45,178.45,179.10,147,7563,1353675.00,
506858,GUJ.PETRO   ,XT,Q,15.00,15.00,14.25,14.25,14.25,15.00,15,2810,40043.00,
506863,SWADESHI IND,X ,Q,0.39,0.39,0.39,0.39,0.39,0.38,1,2,0.00,
506879,GUJ.THEMIS. ,X ,Q,278.70,281.20,272.00,274.10,274.10,267.85,951,65040,18120299.00,
506910,JAYSN DYEST ,X ,Q,43.50,47.60,43.50,47.25,47.10,45.55,7,521,23833.00,
506919,MAKERS LAB. ,X ,Q,157.90,157.90,157.90,157.90,157.90,150.40,59,13415,2118228.00,
506943,J.B.CHEMICAL,A ,Q,1032.00,1032.00,999.80,1007.20,1002.15,994.25,885,9193,9238457.00,
506947,ADV.PETROCH.,P ,Q,37.50,37.50,37.50,37.50,37.50,37.05,3,350,13125.00,
506981,BL.CHIP TEX ,X ,Q,91.00,91.00,82.55,86.90,88.90,88.00,33,1626,141639.00,
507155,JAGATJIT IND,XT,Q,32.75,32.85,30.70,32.85,32.85,31.30,12,1739,56960.00,
507180,KESAR ENT.  ,X ,Q,36.30,42.45,36.30,40.50,40.50,40.60,19,1277,51467.00,
507205,TILAKNAG IND,B ,Q,17.45,17.90,17.20,17.80,17.60,17.40,83,15653,275048.00,
507300,RAVALGAON   ,XT,Q,1657.05,1657.05,1656.80,1656.80,1656.80,1744.00,8,41,67930.00,
507315,SAKTHI SUGAR,B ,Q,9.33,9.38,9.24,9.26,9.24,9.26,46,5316,49368.00,
507410,WALCHANDNGR ,B ,Q,58.55,59.55,57.80,58.00,57.80,58.55,368,19680,1152403.00,
507435,KHOD.INDIA  ,XT,Q,62.00,64.80,59.60,64.40,64.80,61.80,30,3766,237391.00,
507438,IFB AGRO    ,B ,Q,496.15,508.40,490.30,498.50,495.85,495.00,534,4525,2261375.00,
507442,DHARANI SUG ,B ,Q,4.74,4.74,4.35,4.64,4.64,4.52,8,859,3889.00,
507474,KOTHARI FERM,X ,Q,47.50,48.00,47.10,47.15,47.10,47.45,18,1072,50686.00,
507486,CAPROLA.CHEM,XT,Q,17.70,17.70,17.70,17.70,17.70,16.90,2,885,15664.00,
507488,G.M.BREWERI ,B ,Q,427.00,427.00,421.65,423.10,422.00,427.55,111,802,339304.00,
507490,RANA SUGARS ,B ,Q,5.96,6.07,5.93,6.05,6.05,6.08,85,54704,327819.00,
507498,PICCADILY SU,X ,Q,4.00,4.19,3.85,4.11,3.91,4.11,37,11950,47722.00,
507508,RIGA SUGAR  ,XT,Q,4.00,4.14,3.96,4.14,4.14,4.15,8,1470,5931.00,
507514,SOM DISTILL.,B ,Q,25.50,26.25,25.50,26.00,26.20,25.95,104,15386,400245.00,
507515,CJ GELATIN  ,XT,Q,11.50,11.50,10.45,11.00,11.00,11.00,8,812,9129.00,
507525,AMRIT CORP  ,X ,Q,736.00,736.00,736.00,736.00,736.00,701.10,1,1,736.00,
507526,ASSO.ALCOHOL,B ,Q,284.90,284.90,280.25,281.00,281.00,282.05,566,5665,1595103.00,
507552,FOODS & INNS,X ,Q,49.65,49.90,49.05,49.35,49.35,49.35,210,20262,998989.00,
507580,IVP LIMITED ,B ,Q,70.50,70.85,68.55,70.85,70.85,67.50,58,3017,212084.00,
507598,KLRFM       ,X ,Q,42.80,42.80,39.30,39.60,39.50,42.00,35,3393,139418.00,
507621,MILKFOOD    ,X ,Q,381.00,381.00,373.05,379.10,374.05,373.00,51,1122,424423.00,
507645,POLSON LTD. ,X ,Q,8200.00,8280.00,8153.00,8153.00,8153.00,8179.35,7,21,172142.00,
507685,WIPRO LTD.  ,A ,Q,353.00,353.70,346.35,352.90,352.90,350.50,8628,374878,131610371.00,
507690,ORIENT BEVER,X ,Q,58.25,58.25,54.55,54.55,54.55,56.00,7,85,4785.00,
507717,DHAN AGRI   ,B ,Q,755.00,786.00,755.00,779.15,779.95,751.15,1593,19965,15487768.00,
507747,TTK HEALTHCA,B ,Q,472.30,490.00,467.05,484.15,490.00,479.20,68,708,339088.00,
507753,TGVSL       ,X ,Q,24.25,26.25,24.25,25.90,25.90,24.15,928,372815,9556052.00,
507779,KANPUR PLAST,X ,Q,123.30,125.00,121.20,124.20,124.20,121.70,313,20442,2532649.00,
507785,TAINWALA CH.,B ,Q,72.65,73.75,70.45,72.20,72.00,73.90,66,2388,171578.00,
507789,JAGSON PHAR ,B ,Q,62.45,64.00,61.00,61.85,61.90,62.70,295,12545,781520.00,
507794,KHAITAN CHEM,B ,Q,20.65,21.10,20.20,20.45,20.45,20.65,229,18054,369624.00,
507808,UNITED LEA(N,P ,Q,6.48,6.48,6.48,6.48,6.48,6.82,3,150,972.00,
507815,GILLETTE (I),A ,Q,5968.00,5968.00,5781.40,5796.85,5810.70,5809.20,234,485,2825296.00,
507817,WIRES FABRIK,X ,Q,44.00,44.00,44.00,44.00,44.00,44.85,1,1,44.00,
507828,ANSALHSG    ,B ,Q,4.30,4.41,4.30,4.41,4.41,4.20,46,24105,105725.00,
507836,MAC CHARLES ,X ,Q,220.20,244.35,220.20,224.20,224.20,227.00,26,320,71665.00,
507852,ADDI IND.   ,X ,Q,6.30,6.30,5.99,5.99,5.99,6.30,4,382,2405.00,
507864,PION INVEST ,X ,Q,28.00,28.00,25.60,26.95,27.00,26.80,80,10292,275375.00,
507872,ASHNOOR TEX.,XT,Q,13.70,14.92,13.52,13.90,13.90,14.23,27,5541,77041.00,
507878,UNITECH LTD ,Z ,Q,1.46,1.46,1.38,1.43,1.43,1.41,568,1564881,2228344.00,
507880,VIP INDUS.  ,A ,Q,361.30,371.85,358.60,362.95,361.80,361.30,1798,35614,12991227.00,
507910,FIBERWB IN  ,X ,Q,25.70,26.05,25.40,25.70,25.70,25.70,116,15261,394027.00,
507912,LKP FIN     ,X ,Q,63.90,63.90,62.00,62.00,62.00,61.95,6,855,53019.00,
507944,BAJAJ STEEL ,X ,Q,287.90,293.50,282.00,285.45,286.90,278.20,361,17389,5014393.00,
507948,KEY CORP.LTD,XT,Q,15.48,15.48,14.89,15.48,15.48,15.18,25,3073,47207.00,
507960,GUJ.HOTELS  ,X ,Q,88.25,90.00,87.35,88.35,88.35,88.05,16,674,59923.00,
507970,PARA. COSMET,X ,Q,15.45,15.50,15.45,15.50,15.50,15.15,12,511,7910.00,
507981,JINDAL HOTL ,X ,Q,22.20,22.20,21.50,21.65,21.65,21.75,62,5666,122923.00,
507998,SIMMONDS-MAR,X ,Q,38.15,40.05,38.00,39.45,39.50,39.15,28,3548,138730.00,
508136,BNALTD      ,X ,Q,180.00,180.00,175.00,176.50,177.00,177.00,10,493,87500.00,
508486,HAWKINS COOK,B ,Q,5155.00,5156.00,5082.95,5111.00,5110.00,5112.45,260,739,3783553.00,
508494,WARREN TEA  ,X ,Q,48.35,52.45,47.40,51.40,51.40,48.35,81,16747,833437.00,
508807,IST LTD.    ,X ,Q,405.00,405.00,383.20,396.55,390.65,397.90,27,586,228941.00,
508814,COSMO FILMS ,B ,Q,443.15,451.75,442.10,444.45,444.45,442.65,571,6055,2705617.00,
508869,APOLLO HOSP.,A ,Q,2360.10,2508.95,2354.70,2460.75,2460.75,2338.70,3335,43403,104808880.00,
508875,NITINCAST   ,X ,Q,54.40,54.40,49.45,49.45,49.45,51.90,3,304,16290.00,
508905,SMIFS CAPITA,X ,Q,30.00,30.00,29.00,29.00,29.00,30.50,2,500,14700.00,
508906,EVEREST INDS,B ,Q,261.45,276.65,261.45,274.80,275.20,263.35,698,13483,3652009.00,
508922,MSR INDIA   ,XT,Q,11.50,12.07,11.50,12.07,12.07,11.50,6,1459,16949.00,
508929,JOYREALTY   ,XT,Q,9.02,9.02,9.02,9.02,9.02,9.49,1,91,820.00,
508933,AYMSYNTEX   ,B ,Q,45.00,47.90,43.70,44.10,43.70,44.25,240,14612,670466.00,
508941,PANASON CAR ,X ,Q,402.00,439.90,402.00,430.00,430.00,405.05,362,14155,5980833.00,
508954,FINKURVE    ,X ,Q,51.40,51.40,47.85,47.90,47.90,50.35,18,91,4485.00,
508963,STERL.GUARA.,XT,Q,5.67,5.67,5.67,5.67,5.67,5.40,1,1,5.00,
508969,SULABH ENG. ,XT,Q,1.52,1.52,1.52,1.52,1.52,1.60,28,6340,9636.00,
508989,NAVNETEDUL  ,B ,Q,81.30,81.30,79.50,80.05,80.05,80.50,328,4264,342749.00,
509009,AUSOM ENT   ,B ,Q,55.70,56.25,52.25,52.80,52.25,54.95,99,3359,180503.00,
509020,RUCHI INFRA.,T ,Q,7.95,8.01,7.25,7.91,8.01,7.63,176,66982,524100.00,
509048,LANCOR HOLDS,X ,Q,4.83,4.83,4.83,4.83,4.83,4.60,10,16286,78661.00,
509051,INDIAN INFO.,X ,Q,0.19,0.20,0.19,0.20,0.20,0.19,329,1316254,253472.00,
509055,VISAKA IND. ,B ,Q,362.00,372.00,362.00,370.70,372.00,369.85,413,6094,2250063.00,
509073,HATHWAY BHAW,XT,Q,17.15,17.15,16.15,16.50,16.50,16.40,45,7095,117109.00,
509077,PRESSMN     ,B ,Q,20.20,20.50,19.55,20.00,20.35,20.00,80,5710,114294.00,
509079,GUFIC BIO SC,B ,Q,120.95,121.90,116.00,117.70,117.35,116.80,539,47172,5623480.00,
509148,GOVIND RUBB.,Z ,Q,1.77,1.95,1.77,1.95,1.95,1.86,15,8102,15634.00,
509152,GRPLTD      ,B ,Q,805.70,810.70,802.80,810.50,810.50,805.05,92,411,332116.00,
509162,INDAG RUBBER,X ,Q,81.00,81.70,75.05,79.75,79.00,76.65,55,1985,157170.00,
509196,M.M.RUBBER  ,X ,Q,39.90,39.90,39.90,39.90,39.90,42.00,1,10,399.00,
509220,PTL LTD     ,B ,Q,40.95,41.90,40.50,41.75,41.75,40.60,103,6586,273537.00,
509243,TVS SRICHAKR,A ,Q,1585.40,1596.00,1564.00,1576.05,1579.95,1557.50,356,1412,2232580.00,
509438,BENARES HOT ,XT,Q,1265.00,1265.00,1229.00,1234.70,1235.00,1228.55,29,635,793568.00,
509449,BHAGWATI OXY,XT,Q,14.95,15.00,14.30,15.00,15.00,14.30,7,365,5439.00,
509470,BOMOXY-B1   ,X ,Q,10970.00,10970.00,10550.50,10620.50,10689.95,10557.85,15,16,170395.00,
509472,CRAVATEX    ,X ,Q,291.00,292.00,286.90,289.50,286.90,302.00,14,205,59621.00,
509480,BERGE PAINT ,A ,Q,643.00,657.20,643.00,655.45,655.00,648.40,1987,34630,22654263.00,
509486,CAPRIHANS   ,X ,Q,78.10,78.70,76.45,76.95,77.00,78.05,58,3668,283634.00,
509488,GRAPHITE IN.,A ,Q,244.50,245.10,238.00,241.80,241.80,243.65,1971,63212,15243843.00,
509496,ITDCEM      ,A ,Q,56.50,57.15,55.85,56.05,56.05,56.10,256,22459,1268158.00,
509525,EMPIRE IND. ,X ,Q,653.00,669.00,632.05,660.20,660.20,653.10,67,2248,1479448.00,
509557,GARFIBRES   ,A ,Q,2249.00,2249.00,2166.15,2192.05,2192.05,2235.50,808,3016,6654283.00,
509563,GARWA.MARINE,X ,Q,4.30,4.30,4.30,4.30,4.30,4.27,5,2839,12207.00,
509567,GOA CARBON  ,B ,Q,281.80,283.55,270.30,279.90,279.90,280.25,733,9262,2596702.00,
509597,HARDCASTLE  ,X ,Q,197.00,216.65,197.00,198.80,216.65,206.35,3,11,2186.00,
509631,HEG LIMITED ,A ,Q,805.10,809.95,798.00,802.75,802.75,804.30,926,14198,11400663.00,
509635,HIND.COMPOSI,B ,Q,208.10,214.00,208.00,210.25,210.20,207.15,117,2062,434526.00,
509675,HIL         ,B ,Q,2043.55,2070.00,2001.70,2016.25,2019.50,2039.00,317,1328,2703815.00,
509692,IND.CARD    ,B ,Q,100.00,102.00,100.00,101.75,101.75,98.20,17,355,35885.00,
509709,INT.CONVEYOR,X ,Q,31.50,31.50,30.65,31.15,31.15,30.95,36,16099,494956.00,
509715,JAYSHRE TEA ,B ,Q,70.30,70.40,68.45,69.75,69.30,70.15,366,26608,1848136.00,
509820,HUHTAMAKI   ,B ,Q,306.00,314.45,302.40,305.75,304.95,308.05,168,3614,1110079.00,
509835,PREMIER SYN.,X ,Q,6.10,6.10,6.10,6.10,6.10,6.40,3,300,1830.00,
509874,SHALIMAR PAI,B ,Q,71.00,74.20,71.00,73.40,73.25,70.85,1069,43508,3173236.00,
509895,HIND MILLS  ,X ,Q,179.00,184.95,178.00,183.00,183.00,178.45,6,23,4108.00,
509930,SUPREM IND  ,A ,Q,1652.00,1726.40,1648.20,1724.45,1724.90,1646.65,1914,8877,15129148.00,
509966,VST INDUS.  ,A ,Q,3590.30,3626.20,3554.85,3577.75,3577.75,3592.90,58,92,331129.00,
510245,SWASTI VINAY,X ,Q,4.49,4.57,3.95,4.02,4.02,4.38,209,286515,1214954.00,
511012,YAMINI INVES,XT,Q,0.32,0.32,0.31,0.31,0.31,0.31,16,9609,3074.00,
511034,JINDAL DRILL,B ,Q,88.15,96.95,87.00,96.55,96.95,88.15,333,31549,2989590.00,
511066,SAKTHI FIN. ,X ,Q,14.20,14.20,13.33,13.62,13.62,13.89,30,1914,26350.00,
511072,DEWAN H.FIN.,A ,Q,28.40,28.40,28.40,28.40,28.40,27.05,249,43274,1228981.00,
511076,SAT IND LTD ,X ,Q,16.55,17.50,16.50,16.90,16.90,16.55,17,3413,56978.00,
511108,SHIVA TEXYAM,B ,Q,81.00,81.00,77.55,80.50,80.50,79.55,5,350,27671.00,
511110,V.B.DESAI   ,X ,Q,5.54,5.54,5.54,5.54,5.54,5.29,1,1,5.00,
511116,QUADRANT    ,XT,Q,0.19,0.19,0.19,0.19,0.19,0.19,136,1501781,285338.00,
511131,KAMAN HSG   ,X ,Q,4.99,5.14,4.70,5.12,5.14,4.91,7,2000,10109.00,
511144,ASYAINFO    ,X ,Q,4.12,4.31,4.01,4.04,4.31,4.12,3,1350,5471.00,
511147,WALL ST.FIN.,X ,Q,14.35,15.15,13.68,14.92,14.70,14.32,32,2547,38063.00,
511153,ANJANIFOODS ,XT,Q,90.65,90.65,87.15,90.65,90.65,88.90,45,4216,381000.00,
511176,PARSHWANA   ,X ,Q,17.65,17.65,17.65,17.65,17.65,17.65,1,3,52.00,
511196,CANFIN HOMES,A ,Q,487.90,495.30,480.00,490.80,488.75,481.75,981,23220,11378488.00,
511208,IL & FS INVE,T ,Q,4.14,4.17,4.00,4.12,4.10,3.98,91,65433,269284.00,
511218,SHRIRAM TRAN,A ,Q,1079.00,1079.00,1018.75,1023.25,1023.25,1071.10,6777,117219,122235491.00,
511243,CHOLAFIN    ,A ,Q,389.50,389.50,371.50,374.95,374.95,389.50,5295,177447,66794333.00,
511333,VLS FINANCE ,B ,Q,69.95,71.75,69.65,71.10,71.20,70.20,292,12759,907228.00,
511355,IND CEM CAP ,XT,Q,3.83,4.02,3.64,4.02,4.02,3.83,12,5009,19278.00,
511359,AD-MANUM FIN,X ,Q,15.00,15.00,15.00,15.00,15.00,15.00,1,2,30.00,
511389,VIDEOCON IND,Z ,Q,6.51,6.51,6.51,6.51,6.51,6.20,238,301324,1961619.00,
511391,INTER GLOB F,X ,Q,5.37,5.37,5.37,5.37,5.37,5.12,1,20,107.00,
511411,SHRISTINFRA ,X ,Q,36.30,36.75,36.30,36.75,36.75,36.30,5,46,1679.00,
511413,CREST       ,B ,Q,96.30,96.30,92.20,94.95,94.95,96.20,89,3588,332397.00,
511427,ATN INTER.  ,T ,Q,0.20,0.20,0.20,0.20,0.20,0.21,1,1000,200.00,
511431,VAKRANGEE   ,A ,Q,39.70,44.60,39.70,42.75,42.75,38.40,6497,2079193,87049302.00,
511463,ALEXANDER   ,X ,Q,12.00,12.13,11.12,11.37,11.37,11.70,275,101532,1155520.00,
511473,IND.BANK MER,B ,Q,9.63,9.70,9.34,9.43,9.40,9.24,301,57857,554130.00,
511501,BHARAT BHUSH,X ,Q,17.70,17.95,17.05,17.35,17.25,17.70,29,1083,18878.00,
511505,CAPITAL TRUS,B ,Q,68.00,71.00,68.00,70.00,70.00,67.50,10,240,16669.00,
511507,USHAKIRAN FI,XT,Q,1.66,1.82,1.66,1.82,1.82,1.74,2,396,720.00,
511509,VIVO BIO TEC,X ,Q,53.90,55.00,47.05,48.65,49.00,47.35,125,21449,1077062.00,
511523,VEERHEALTH  ,X ,Q,8.20,8.20,8.17,8.19,8.19,8.10,5,6901,56547.00,
511525,PAN INDIA C ,XT,Q,0.19,0.20,0.19,0.19,0.19,0.19,69,54742,10409.00,
511533,SAHARA HOUSG,X ,Q,28.70,30.05,28.65,30.00,30.00,28.65,10,203,5943.00,
511543,GSB FINANCE ,X ,Q,5.30,5.30,5.30,5.30,5.30,5.32,1,80,424.00,
511549,MORARKA FIN.,X ,Q,26.00,28.40,25.40,27.95,28.00,28.20,22,1591,44395.00,
511551,MONARCH     ,X ,Q,37.50,37.50,35.50,36.70,37.50,35.75,56,91768,3352224.00,
511557,PRO FIN CAP.,X ,Q,22.40,22.40,20.00,21.80,21.70,20.70,17,7074,153575.00,
511559,TIMES GUARAN,B ,Q,28.05,29.05,28.00,28.60,28.60,28.10,18,283,8094.00,
511571,SOMDATT FIN ,X ,Q,13.03,13.03,13.03,13.03,13.03,13.71,1,1,13.00,
511585,REGENCY TRUS,XT,Q,2.01,2.09,2.01,2.09,2.09,2.05,2,100,205.00,
511589,AVONMORE    ,X ,Q,14.60,14.70,14.30,14.50,14.50,14.37,49,44770,646597.00,
511597,PALSOFT INFO,XT,Q,2.80,2.94,2.80,2.94,2.94,2.80,2,101,282.00,
511601,YASH MANAGE.,X ,Q,11.00,11.14,10.65,11.05,11.05,10.61,39,62796,691827.00,
511605,ARIHANT CAP.,X ,Q,76.90,76.90,70.10,72.45,72.00,74.95,164,12795,924768.00,
511626,R R FINANCE.,Z ,Q,16.27,16.27,14.80,15.21,16.25,15.50,25,2763,42044.00,
511630,SAMBHAAV MED,B ,Q,2.01,2.01,1.90,1.94,1.94,1.94,9,5201,10107.00,
511658,NETTLINX LTD,X ,Q,63.15,67.00,62.25,63.35,62.80,65.50,68,6863,438929.00,
511672,SCANSTL     ,X ,Q,18.00,18.85,17.30,18.00,18.00,17.20,14,1564,28150.00,
511676,GIC HOUSING ,A ,Q,112.50,114.00,111.50,112.50,112.50,112.10,1147,65619,7395548.00,
511696,CHARTERED CA,X ,Q,58.00,58.00,58.00,58.00,58.00,58.00,1,1,58.00,
511700,STD.CAP.MRKT,XT,Q,1.50,1.50,1.50,1.50,1.50,1.50,4,256,384.00,
511710,CUBICAL FIN.,X ,Q,3.11,3.11,2.96,2.96,2.96,3.11,13,3821,11574.00,
511712,RELIC TECHNO,X ,Q,10.33,10.33,10.33,10.33,10.33,10.65,1,20,206.00,
511714,NIMBSPROJ   ,XT,Q,27.90,27.90,27.90,27.90,27.90,27.90,8,421,11745.00,
511716,ESCORT FINAN,XT,Q,2.99,2.99,2.85,2.99,2.99,2.99,7,1100,3275.00,
511726,VIPUL LTD   ,B ,Q,15.30,16.45,15.15,16.23,16.40,15.04,53,2794,44807.00,
511728,KZ LEAS FIN.,X ,Q,8.76,8.76,8.76,8.76,8.76,8.64,1,16,140.00,
511730,TRC FINAN.SE,X ,Q,12.55,12.55,11.55,11.55,11.55,12.15,30,7918,91926.00,
511736,USHDEV INTNL,X ,Q,0.19,0.19,0.19,0.19,0.19,0.19,2,5800,1102.00,
511740,MEHTA HOUSIN,XT,Q,9.51,9.51,9.51,9.51,9.51,9.06,1,20,190.00,
511742,UGROCAP     ,X ,Q,94.00,97.80,90.00,95.40,95.40,93.90,98,16269,1522041.00,
511754,SHALIB.FINAN,X ,Q,75.00,75.00,74.00,74.75,74.00,77.95,5,353,26422.00,
511756,ABIRAMI FIN.,Z ,Q,4.25,4.25,4.25,4.25,4.25,4.25,1,5,21.00,
511766,MUTHOOT CAP ,B ,Q,454.00,465.95,440.05,453.50,454.00,448.95,165,866,390591.00,
511768,MASTER TRUST,X ,Q,16.10,16.10,16.10,16.10,16.10,15.35,6,269,4330.00,
512018,CNI RES LTD ,X ,Q,1.65,1.84,1.65,1.65,1.65,1.65,8,1121,1905.00,
512020,SARASW.COMM.,X ,Q,990.00,990.00,940.00,955.80,989.00,987.25,12,25,24152.00,
512047,ROYAL IND   ,X ,Q,0.95,0.95,0.95,0.95,0.95,0.95,2,150,142.00,
512064,VISVEN      ,XT,Q,43.00,43.00,43.00,43.00,43.00,45.15,1,5,215.00,
512068,DECCANGOLD  ,X ,Q,16.25,17.47,16.11,16.46,16.46,16.15,440,169928,2816594.00,
512070,UPL         ,A ,Q,418.00,434.00,418.00,433.00,433.00,417.50,8108,345908,148418294.00,
512093,CRANES SOFTW,XT,Q,0.53,0.53,0.51,0.53,0.53,0.51,12,10695,5460.00,
512131,SIGNET IND  ,B ,Q,22.00,23.10,22.00,22.95,22.95,22.35,70,3199,72807.00,
512161,8KMILES     ,T ,Q,87.00,89.90,83.05,86.50,86.50,86.00,89,9161,780606.00,
512165,ABANSENT    ,X ,Q,175.35,175.35,160.20,161.20,160.20,167.05,12,192,31489.00,
512175,VAMA INDS   ,X ,Q,7.20,7.25,6.85,7.11,7.15,6.91,123,14211,100851.00,
512179,SUNTECK REAL,A ,Q,317.55,329.50,308.90,326.40,326.40,314.50,3151,56365,18099601.00,
512197,SILVEROAK   ,Z ,Q,3.35,3.35,3.35,3.35,3.35,3.35,1,2,6.00,
512215,STEPHANOTIS ,XT,Q,26.00,26.00,26.00,26.00,26.00,25.75,1,50,1300.00,
512217,PRISM MEDI  ,X ,Q,28.70,28.90,27.10,28.30,28.35,28.50,25,991,27387.00,
512229,VERITAS     ,XT,Q,37.55,37.55,37.00,37.00,37.00,36.85,21,1643,61105.00,
512237,JAI CORP LTD,A ,Q,90.25,95.65,90.25,93.10,93.10,91.60,2330,288648,27125776.00,
512247,ASHIRWAD CAP,X ,Q,1.99,2.14,1.89,1.91,1.89,1.99,37,23939,47380.00,
512257,SVARTCORP   ,X ,Q,3.15,3.15,2.97,2.98,3.08,3.15,17,6816,20431.00,
512267,MEDIA MATRIX,X ,Q,5.44,5.44,4.85,5.11,5.15,5.04,81,26697,134514.00,
512289,SHIRPUR GOLD,T ,Q,7.75,7.77,7.31,7.67,7.46,7.40,22,3584,27106.00,
512296,BHAGYA INL  ,B ,Q,19.90,19.90,18.70,19.65,19.65,18.90,11,4200,81274.00,
512301,CHAMBAL BREW,X ,Q,1.50,1.50,1.50,1.50,1.50,1.55,1,99,148.00,
512379,CRESSANDA SO,XT,Q,0.31,0.31,0.31,0.31,0.31,0.31,3,480,148.00,
512381,STARTECK    ,X ,Q,47.55,51.00,47.55,49.45,49.45,50.20,17,13573,671005.00,
512393,SHARDUL SECU,X ,Q,41.00,42.30,41.00,41.50,41.50,42.40,6,1100,45650.00,
512425,NIRAV COMMER,X ,Q,141.30,141.30,133.00,133.00,133.00,138.05,3,253,33867.00,
512437,APOLLO FIN I,X ,Q,380.00,386.70,369.10,384.45,385.00,368.45,188,2566,980762.00,
512453,SHRI JAGDAMB,X ,Q,354.40,361.40,354.30,356.35,356.35,344.20,57,1397,502433.00,
512455,LLOYDS MET E,X ,Q,9.75,10.05,9.38,9.50,9.50,9.60,103,575552,5480313.00,
512463,SHREE GLOBAL,X ,Q,1.35,1.45,1.35,1.45,1.45,1.40,19,4283,6162.00,
512477,BETEX INDIA ,X ,Q,18.30,18.30,18.00,18.01,18.00,18.20,7,1179,21258.00,
512493,GARNET INTL ,X ,Q,29.25,29.25,26.55,29.25,29.25,27.90,15,1243,35852.00,
512499,SHALIMAR PRO,X ,Q,0.49,0.49,0.49,0.49,0.49,0.49,5,5125,2511.00,
512519,DONEAR IND. ,B ,Q,29.05,30.35,29.05,29.50,29.30,29.50,59,1889,55765.00,
512527,SUPER SAL IN,X ,Q,290.00,310.00,285.00,300.15,300.00,289.75,82,2737,822564.00,
512529,SEQUENT     ,B ,Q,155.90,161.30,154.75,158.75,158.75,155.80,1554,101359,16026849.00,
512531,STC INDIA   ,B ,Q,70.15,76.05,67.20,75.85,76.05,69.15,1349,98477,7206323.00,
512553,ZENITH EXP. ,B ,Q,44.20,46.05,44.00,46.05,46.05,41.90,64,365,16795.00,
512559,KOHINORFOODS,Z ,Q,8.02,8.60,8.02,8.50,8.50,8.44,53,10595,86306.00,
512573,AVANTI FEEDS,A ,Q,523.00,539.55,523.00,536.30,536.30,521.95,4119,80289,42877738.00,
512587,ZODIAC JRD  ,B ,Q,22.75,24.60,22.70,23.45,23.45,23.50,7,150,3491.00,
512589,SITA ENTER. ,X ,Q,7.80,8.19,7.80,8.19,8.19,7.80,4,262,2047.00,
512597,KEYFINSER   ,B ,Q,110.00,110.00,99.90,100.00,100.00,105.15,59,3295,331884.00,
512599,ADANI ENTER ,A ,Q,398.70,423.85,394.85,421.85,421.85,398.75,10253,673781,278896890.00,
512608,BHANDARI HOS,B ,Q,1.26,1.26,1.20,1.24,1.25,1.20,198,164020,200644.00,
512618,RLF LIMITED.,XT,Q,2.58,2.58,2.58,2.58,2.58,2.52,1,200,516.00,
512624,REGENTRP    ,X ,Q,1.63,1.63,1.63,1.63,1.63,1.71,1,195,317.00,
512626,ORBIT EXPORT,B ,Q,64.90,66.05,63.75,66.05,66.05,64.90,114,5814,377244.00,
512634,SAVERA IND  ,X ,Q,34.75,34.75,33.35,33.85,33.60,34.50,13,347,11973.00,
513005,VBC FERRO   ,XT,Q,16.80,16.80,15.35,15.35,15.35,16.15,6,532,8238.00,
513010,TATASTLLP   ,B ,Q,480.00,526.55,480.00,526.55,526.55,478.70,854,35133,18297845.00,
513023,NAV BHAR VEN,A ,Q,53.75,55.25,53.10,54.20,53.95,53.95,956,86262,4668559.00,
513043,REMI EDEL   ,X ,Q,18.25,18.95,18.25,18.95,18.95,18.05,11,2823,52668.00,
513059,G.S.AUTO INT,X ,Q,3.90,3.90,3.65,3.65,3.65,3.72,9,2633,10268.00,
513063,TRANSFREIGHT,XT,Q,4.16,4.16,4.16,4.16,4.16,3.97,2,200,832.00,
513097,SHIV.BIMETAL,X ,Q,63.50,66.50,62.15,63.80,63.95,64.50,131,27412,1765810.00,
513108,GANDHI SP.TU,B ,Q,237.00,241.40,226.10,234.65,236.70,233.10,218,2080,484830.00,
513117,AMFORGE IND.,X ,Q,1.60,1.70,1.60,1.60,1.60,1.62,6,967,1557.00,
513121,ORICON ENT  ,B ,Q,20.90,22.00,20.50,21.80,21.80,20.65,494,146785,3165206.00,
513142,BALASORE    ,XT,Q,9.05,9.29,8.80,9.05,9.08,9.13,127,34926,315920.00,
513179,NAT STL AGRO,B ,Q,4.00,4.29,3.91,4.29,4.29,4.09,56,11046,45407.00,
513216,UTTAM GALVA ,B ,Q,7.11,7.11,6.65,6.70,6.65,6.78,93,43896,298405.00,
513228,PENNAR STEEL,B ,Q,17.70,18.60,17.60,18.25,18.50,17.90,222,48219,869113.00,
513250,JYOTI STRUCT,Z ,Q,3.33,3.64,3.31,3.51,3.52,3.48,57,70204,243221.00,
513252,JAY USHIN   ,X ,Q,430.00,459.00,430.00,458.15,459.00,460.85,7,132,60326.00,
513262,ST.STR.WHEEL,B ,Q,500.00,505.00,496.70,503.60,505.00,496.30,610,3784,1893745.00,
513269,MAN IND.(I) ,B ,Q,72.00,77.40,72.00,74.65,74.65,71.65,2869,114590,8573756.00,
513295,IMEC        ,X ,Q,0.94,0.94,0.93,0.93,0.93,0.94,9,3800,3544.00,
513305,TERRASCOPE  ,X ,Q,3.64,3.64,3.64,3.64,3.64,3.47,2,150,546.00,
513307,SYNTHIKO FOI,XT,Q,31.20,31.20,31.20,31.20,31.20,31.20,1,1,31.00,
513309,GOLKONDA    ,Z ,Q,3.04,3.36,3.04,3.36,3.36,3.20,2,207,685.00,
513335,METALFORGE  ,B ,Q,4.20,4.41,4.20,4.36,4.36,4.30,74,5287,22395.00,
513337,GUJ.TOOLROOM,XT,Q,5.47,5.47,4.95,5.47,5.47,5.21,15,6282,34255.00,
513343,GRAND FOUND ,B ,Q,2.19,2.20,2.19,2.20,2.20,2.15,3,784,1723.00,
513349,AJMERA      ,B ,Q,102.05,108.50,101.60,107.35,107.50,100.60,1194,55878,5949657.00,
513353,COCHIN MIN. ,X ,Q,124.70,124.70,119.20,121.40,121.40,121.25,47,4868,591900.00,
513361,ISW LTD     ,X ,Q,0.46,0.46,0.42,0.45,0.46,0.44,79,121974,54839.00,
513369,RAJKUMAR FRG,X ,Q,32.80,32.80,31.20,31.20,31.20,32.80,11,2752,86092.00,
513375,CARBORUNDUM ,A ,Q,350.00,389.80,333.65,386.05,383.80,345.55,2760,64504,24249236.00,
513377,MINERAL&METL,A ,Q,18.70,19.25,18.55,19.05,19.05,18.70,548,125387,2373673.00,
513401,ASHIANA ISP.,X ,Q,10.81,10.81,10.81,10.81,10.81,10.80,1,10,108.00,
513403,PM TELELINN ,X ,Q,3.24,3.24,3.24,3.24,3.24,3.39,5,5911,19151.00,
513418,SMFIL       ,XT,Q,0.62,0.62,0.62,0.62,0.62,0.62,2,1998,1238.00,
513434,TATA METALIK,A ,Q,540.00,644.40,540.00,618.05,618.05,537.70,4124,59378,35439313.00,
513436,SHAH ALLOYS ,B ,Q,8.05,8.50,8.05,8.41,8.25,7.80,19,2664,22068.00,
513446,JSWISPL     ,B ,Q,18.65,19.95,18.65,19.95,19.95,18.15,351,227997,4539443.00,
513456,KANISHK ST. ,XT,Q,7.60,7.60,7.00,7.60,7.60,7.24,13,1602,12119.00,
513472,SIMPLEX CAST,X ,Q,16.30,16.30,15.55,16.30,16.30,16.30,5,298,4707.00,
513488,SH.STEEL WIR,X ,Q,18.50,21.40,18.50,19.65,19.75,20.00,17,326,6465.00,
513507,GUJ.CONTAIN.,P ,Q,15.50,15.50,15.50,15.50,15.50,14.77,1,100,1550.00,
513509,KALYANI FORG,T ,Q,127.20,132.20,127.20,131.90,131.90,131.10,8,213,28078.00,
513511,PANCH.STEEL ,X ,Q,29.00,29.70,28.35,28.40,29.70,28.30,9,926,26600.00,
513513,ADITYA ISPAT,X ,Q,6.65,6.65,6.32,6.32,6.32,6.65,3,62,401.00,
513515,S.R.INDUS.  ,XT,Q,2.48,2.48,2.48,2.48,2.48,2.61,3,360,892.00,
513517,STEELCAST   ,X ,Q,101.00,106.90,100.00,100.35,100.00,101.00,33,4188,421846.00,
513519,PITTIENG    ,B ,Q,47.60,48.05,45.60,45.80,45.85,46.85,420,103287,4788733.00,
513528,GLITTEK GRAN,X ,Q,1.39,1.39,1.39,1.39,1.39,1.39,2,1000,1390.00,
513532,PRADEEP MET.,X ,Q,38.00,40.10,37.05,38.40,38.75,39.60,34,3991,152605.00,
513536,GNRL        ,X ,Q,10.53,11.05,10.53,10.90,10.90,10.53,41,1798,19713.00,
513548,SHARDA ISPAT,XT,Q,37.00,38.55,37.00,38.55,38.55,37.00,3,63,2413.00,
513554,MAHA STEEL  ,B ,Q,98.00,98.35,93.55,94.00,93.55,98.50,114,5407,514863.00,
513558,REAL STRIPS ,X ,Q,8.45,8.50,8.27,8.27,8.27,8.70,8,2310,19453.00,
513566,NOVA IRON&ST,XT,Q,3.94,3.94,3.94,3.94,3.94,3.87,10,1728,6808.00,
513599,HIND.COPPER ,A ,Q,41.50,42.15,40.65,41.05,41.05,41.45,1247,186596,7730981.00,
513605,SRIPIPES    ,B ,Q,134.00,145.40,132.10,143.10,143.10,132.25,3014,83007,11749592.00,
513683,NLCINDIA    ,A ,Q,52.00,52.05,51.25,51.75,51.75,51.15,415,49484,2559722.00,
513691,JMT AUTO LTD,B ,Q,2.79,2.79,2.55,2.63,2.70,2.66,302,86646,234062.00,
513693,KIC METALIKS,X ,Q,29.95,31.00,29.95,30.65,30.95,29.00,27,28941,887645.00,
513699,SOLID STONE ,XT,Q,62.50,62.50,62.50,62.50,62.50,61.85,1,10,625.00,
513709,SHILP GRAVUR,X ,Q,82.00,85.00,82.00,82.75,82.75,80.80,191,24139,2013884.00,
513713,WHITEORG    ,X ,Q,4.41,4.59,4.40,4.50,4.50,4.52,43,11357,50718.00,
513729,ARO GRANITE ,B ,Q,39.00,39.00,37.50,37.65,37.80,37.85,33,813,31316.00,
514030,DEEPAK SPINN,X ,Q,75.00,75.00,69.50,70.20,70.90,68.50,22,1843,128892.00,
514034,JBF IND.LTD ,B ,Q,7.10,7.16,6.95,7.13,7.13,7.10,110,13208,93409.00,
514036,LOY.TEX MILL,X ,Q,277.00,300.00,255.10,285.00,285.00,277.00,41,1619,467297.00,
514043,HIMAT.SEIDE ,A ,Q,119.95,124.80,119.50,121.25,121.25,120.80,1709,61198,7468924.00,
514045,BSL LTD.    ,T ,Q,30.75,31.00,30.00,30.15,30.00,29.55,36,5200,159925.00,
514138,SURYALATA SP,X ,Q,87.20,87.20,81.20,83.10,84.90,83.25,8,302,24726.00,
514140,SURYAVA SPIN,XT,Q,8.13,8.13,8.13,8.13,8.13,8.55,4,300,2439.00,
514142,TT LTD.     ,B ,Q,42.45,45.65,42.20,44.20,44.20,42.45,81,2878,128724.00,
514144,UNIWORTH LTD,XT,Q,0.40,0.42,0.40,0.42,0.42,0.40,2,2273,952.00,
514162,WELSPUN (I) ,A ,Q,69.90,69.90,66.70,67.20,67.20,68.40,725,39236,2655859.00,
514165,IND.ACRYLICS,X ,Q,8.00,8.10,7.80,8.00,8.04,7.81,158,102080,821353.00,
514167,GANESH ECOSP,B ,Q,333.05,340.70,330.00,339.10,337.65,325.20,89,1330,442547.00,
514175,VARDHMAN POL,B ,Q,7.70,8.40,7.70,8.00,8.00,7.99,181,23958,192790.00,
514183,BLA ROS IND ,X ,Q,130.50,134.00,128.75,130.00,129.95,129.50,834,26115,3402325.00,
514197,ST CORP     ,XT,Q,6.83,6.83,6.83,6.83,6.83,6.83,3,100,683.00,
514211,SUMEET INDUS,B ,Q,2.00,2.01,1.91,1.92,1.91,1.97,25,6391,12386.00,
514215,BINNY LTD.  ,X ,Q,105.90,105.90,97.85,98.30,97.85,103.00,126,8998,886800.00,
514223,RAMGOPAL POL,XT,Q,1.63,1.63,1.63,1.63,1.63,1.66,1,100,163.00,
514234,SANGAM INDIA,B ,Q,56.05,56.50,55.30,55.80,55.80,56.50,35,1157,64697.00,
514248,SREECHEM RES,P ,Q,4.10,4.10,4.10,4.10,4.10,4.00,1,100,410.00,
514264,SEASONS TEXT,X ,Q,5.81,5.81,5.81,5.81,5.81,5.81,2,54,313.00,
514266,ZENITH FIBRE,X ,Q,36.00,38.75,35.15,37.85,38.60,37.00,23,2036,75194.00,
514272,BHILWARA SP.,X ,Q,13.75,14.00,13.50,14.00,14.00,13.75,10,2529,34748.00,
514274,AARVEE DENIM,B ,Q,11.25,11.41,11.01,11.37,11.39,11.65,17,1152,12967.00,
514286,ASHIMA LTD. ,B ,Q,11.54,11.58,10.50,11.58,11.58,11.03,62,25206,290121.00,
514300,PIONEER EMB ,B ,Q,27.00,27.80,26.85,26.90,26.90,26.85,57,2631,71391.00,
514316,RAGHUVIR SYN,X ,Q,265.00,265.00,260.00,262.00,264.00,262.00,11,700,183900.00,
514322,KAMADGIRI   ,X ,Q,37.50,37.50,28.15,31.05,31.60,31.50,14,321,10135.00,
514326,PATSPIN INDI,B ,Q,4.39,4.39,4.39,4.39,4.39,4.53,1,50,219.00,
514354,PREMIER POLY,B ,Q,34.40,34.40,33.15,33.15,33.15,33.00,143,1390,46809.00,
514358,EVERLON SYN.,X ,Q,9.85,9.90,9.85,9.85,9.85,9.85,3,1700,16805.00,
514360,KRRAIL      ,X ,Q,9.84,9.85,9.47,9.85,9.85,9.66,138,73303,721485.00,
514394,AJIL        ,X ,Q,47.80,49.90,47.55,49.05,49.05,47.80,65,11170,549029.00,
514400,GARWARE SYN.,X ,Q,1.98,1.98,1.98,1.98,1.98,1.89,2,300,594.00,
514412,SARUPINDUS  ,X ,Q,19.80,19.80,19.80,19.80,19.80,19.80,1,5,99.00,
514418,MANORG      ,X ,Q,452.75,452.75,431.00,439.15,442.00,443.55,454,16104,7099459.00,
514428,HINDU.ADHESI,X ,Q,106.95,106.95,100.60,101.40,101.45,100.85,41,2944,300909.00,
514442,SRI KPR IND ,X ,Q,13.69,13.69,13.69,13.69,13.69,13.43,5,461,6311.00,
514448,JYOTI RESINS,X ,Q,300.00,300.05,285.00,298.25,298.00,299.50,108,5102,1503109.00,
514450,MAHA.RUBTECH,X ,Q,41.05,42.95,41.00,42.45,42.00,43.60,58,7268,304303.00,
514454,SOUTH.LATEX ,XT,Q,7.03,7.03,6.49,7.03,7.03,6.83,12,1821,12369.00,
514460,OSWAL YARNS ,XT,Q,3.70,3.78,3.60,3.70,3.70,3.60,15,106,395.00,
514470,WIMSOME TEXT,B ,Q,18.00,18.00,15.07,17.31,17.40,15.68,50,3329,55154.00,
515008,MOD.INSUL.  ,XT,Q,29.75,29.75,29.75,29.75,29.75,29.20,1,1,29.00,
515030,ASAHI IN.GLA,B ,Q,253.55,261.60,253.30,258.05,258.05,254.35,361,3087,798926.00,
515037,MURD.CERAM  ,B ,Q,17.75,18.85,17.40,18.55,18.80,17.80,321,42013,761764.00,
515043,SAINT-GOBAIN,X ,Q,64.70,66.55,63.55,63.90,63.70,64.70,717,72056,4662265.00,
515055,ANANTRAJ    ,B ,Q,27.20,27.20,26.05,26.40,26.45,26.25,237,30045,794565.00,
515059,MADHUS.IND. ,X ,Q,9.90,9.90,9.90,9.90,9.90,9.43,1,40,396.00,
515085,RESTILE CER.,X ,Q,1.94,1.94,1.74,1.86,1.85,1.69,63,27272,51543.00,
515093,MADHAV MARB.,B ,Q,28.70,29.15,28.70,29.05,29.00,27.80,13,861,25028.00,
515127,RAMASIGNS   ,X ,Q,2.75,2.88,2.70,2.88,2.88,2.75,12,6425,18175.00,
515145,HIND.NAT.GLS,B ,Q,29.55,29.55,28.45,28.75,28.75,28.25,15,883,25318.00,
515147,HALDYN GLASS,X ,Q,28.50,29.20,28.15,28.90,29.10,28.15,228,36908,1058427.00,
516003,DUROPLY     ,X ,Q,42.35,46.75,42.35,42.80,42.80,44.55,24,2344,105809.00,
516007,MANGALAM TIM,B ,Q,9.38,9.39,9.00,9.39,9.39,9.00,7,493,4448.00,
516016,SHREYANS IND,B ,Q,78.95,87.55,78.00,82.80,82.80,78.30,935,26440,2191426.00,
516020,AGIO PAPER  ,X ,Q,1.01,1.01,1.01,1.01,1.01,1.06,4,1634,1650.00,
516022,STAR PAPER  ,B ,Q,94.00,96.95,94.00,96.15,95.95,93.75,166,4212,405568.00,
516030,YASHPAKKA   ,X ,Q,61.80,63.80,61.00,61.30,61.30,61.00,235,48969,3033827.00,
516064,ARROWGREEN  ,B ,Q,45.85,48.40,45.85,48.40,48.00,46.10,48,1671,78736.00,
516072,VISHNU CHEM ,B ,Q,167.60,172.70,167.20,172.70,172.70,164.50,138,1122,190669.00,
516078,JUMBO BAG   ,Z ,Q,9.87,9.87,9.87,9.87,9.87,9.40,4,1060,10462.00,
516082,N.R.AGARWAL ,B ,Q,190.10,195.30,190.10,192.70,192.80,190.10,150,1890,363348.00,
516086,SH.RAJES.PAP,XT,Q,2.05,2.08,2.05,2.08,2.08,1.99,2,101,210.00,
516092,3PLAND      ,B ,Q,7.36,7.36,7.36,7.36,7.36,7.01,1,100,736.00,
516096,SANGAL PAPER,XT,Q,80.75,80.75,79.10,79.10,79.10,82.95,4,140,11269.00,
516098,VENTURA TEXL,X ,Q,3.07,3.07,3.07,3.07,3.07,3.07,1,10,30.00,
516106,SH.KARTHIK P,X ,Q,3.53,3.88,3.53,3.88,3.88,3.70,8,794,2815.00,
516108,S.I.PAPER   ,X ,Q,65.45,66.95,63.25,66.90,66.95,64.45,44,3487,229893.00,
516110,SCANDENT    ,X ,Q,8.44,8.58,8.44,8.58,8.58,8.18,8,802,6836.00,
517015,VINDHYA TELE,B ,Q,744.65,800.90,737.00,794.25,800.00,738.45,686,5847,4597175.00,
517035,RUTTONSHA IN,X ,Q,39.30,39.30,35.15,39.05,37.00,38.80,10,109,4248.00,
517041,ADORWELDING ,B ,Q,265.95,268.35,263.25,267.00,265.55,261.00,212,1634,435768.00,
517044,INT.DATA MAN,XT,Q,6.24,6.24,6.24,6.24,6.24,6.24,3,200,1248.00,
517059,SALZER ELEC ,B ,Q,126.55,135.00,126.15,131.75,131.75,125.90,1897,55742,7349774.00,
517063,JETINFOTRAN ,X ,Q,35.00,35.00,32.15,33.00,33.00,33.60,8,850,28117.00,
517096,APLAB LTD.  ,X ,Q,19.75,20.40,19.75,19.75,19.75,19.75,4,32,650.00,
517119,PCS TECH    ,X ,Q,4.07,4.35,4.07,4.35,4.35,4.28,21,6635,27369.00,
517146,USHA MART.LT,B ,Q,25.50,25.50,24.65,25.05,25.20,25.20,273,55271,1384929.00,
517166,SPEL SEMICON,XT,Q,13.83,13.83,13.55,13.79,13.83,13.18,154,87463,1208429.00,
517168,SUBROS LTD. ,B ,Q,298.00,298.00,290.85,292.70,292.70,293.05,122,1516,444136.00,
517174,HONEYWELL   ,A ,Q,31869.40,32032.00,31589.90,31764.95,31620.40,31956.85,111,145,4617825.00,
517201,SWITCH.TECH.,X ,Q,24.60,24.60,24.60,24.60,24.60,25.85,3,300,7380.00,
517206,LUMAX IND   ,B ,Q,1330.00,1336.65,1321.50,1334.00,1334.00,1312.50,77,220,292514.00,
517214,DIGISPICE   ,B ,Q,10.89,10.94,10.74,10.91,10.74,10.42,73,32466,354919.00,
517224,SUJANA INDUS,T ,Q,0.32,0.32,0.32,0.32,0.32,0.31,1,4000,1280.00,
517230,PREM.AU.ELEC,B ,Q,2.36,2.36,2.36,2.36,2.36,2.48,3,2300,5428.00,
517236,CALCOM VISIO,X ,Q,21.80,22.00,20.25,21.90,21.90,21.45,36,4083,89179.00,
517238,DYNAVISION  ,XT,Q,50.00,52.50,48.05,48.05,48.05,50.10,8,460,23645.00,
517246,BCC FUBA    ,XT,Q,8.80,8.80,8.60,8.80,8.80,8.80,4,55,483.00,
517258,PRECISION EL,XT,Q,14.60,15.36,14.60,15.36,15.36,14.63,5,280,4287.00,
517264,FINELINE CI ,X ,Q,26.00,26.00,23.85,25.40,25.40,25.05,5,511,13054.00,
517271,HBL P SYS   ,B ,Q,22.05,23.30,22.05,23.25,23.25,22.70,397,78247,1801028.00,
517273,S&S POWER SW,B ,Q,7.80,7.80,7.80,7.80,7.80,7.43,2,719,5608.00,
517288,GUJARATPOLY ,X ,Q,6.35,6.55,6.35,6.50,6.50,6.60,8,993,6427.00,
517300,GUJ.IND.POW.,B ,Q,77.50,80.00,75.60,78.90,78.90,75.00,827,82236,6382114.00,
517330,CMI LTD.    ,B ,Q,32.55,32.55,31.55,32.45,32.40,32.55,72,4519,145420.00,
517334,MOTHERSON SS,A ,Q,150.00,158.65,146.35,157.40,157.40,147.85,8435,1052593,161472199.00,
517344,MINDTECK (I),B ,Q,37.30,37.40,35.80,36.50,36.50,36.90,40,1549,56673.00,
517354,HAVELLSINDIA,A ,Q,800.00,839.80,798.00,823.15,823.10,802.00,3925,111362,92176126.00,
517356,ACI INFOCOM ,X ,Q,0.29,0.30,0.29,0.30,0.30,0.30,9,710445,213129.00,
517370,INCAP LTD.  ,XT,Q,25.90,25.90,25.90,25.90,25.90,27.25,7,523,13545.00,
517372,GUJ.INTRUX  ,X ,Q,94.30,95.00,90.60,94.00,94.00,92.65,23,976,90392.00,
517380,IGARSHI MOT ,B ,Q,336.00,342.15,320.60,330.90,330.90,329.50,984,12105,4038056.00,
517385,SYMPHONY    ,A ,Q,858.00,858.00,839.00,840.35,840.20,845.05,994,5400,4556416.00,
517393,VINTRON INF.,X ,Q,0.43,0.43,0.43,0.43,0.43,0.41,4,10,4.00,
517415,LEE&NEE SOFT,X ,Q,1.68,1.68,1.68,1.68,1.68,1.76,1,25,42.00,
517417,PATEL AIRTEM,X ,Q,151.35,156.50,145.05,148.30,147.95,151.05,359,21018,3139964.00,
517421,BFLYGANDHI  ,B ,Q,426.30,426.30,399.85,406.80,411.15,413.40,191,2604,1065198.00,
517429,ATHENAGLO   ,X ,Q,44.00,46.20,44.00,46.20,46.20,44.00,31,11006,507367.00,
517437,DUTRON POLY.,XT,Q,141.95,148.50,135.85,146.40,135.85,142.90,11,1080,152883.00,
517447,R.S.SOFTWARE,B ,Q,19.15,19.75,18.50,19.45,19.50,19.00,99,18292,352275.00,
517449,MAGNA ELECTR,X ,Q,177.00,177.00,175.00,175.00,175.00,176.95,3,140,24776.00,
517467,MARSONS     ,Z ,Q,4.67,4.67,4.58,4.58,4.58,4.67,22,3174,14584.00,
517477,ELNET TECH. ,X ,Q,130.50,130.50,120.15,121.35,121.20,121.65,51,2867,351353.00,
517494,ACCEL       ,X ,Q,9.50,9.50,8.75,8.95,9.14,9.21,37,22928,201779.00,
517498,WEBELSOLAR  ,B ,Q,23.50,23.70,22.85,23.70,23.70,22.60,262,25386,596864.00,
517500,ROTO PUMPS  ,X ,Q,118.90,118.90,115.25,117.20,117.95,116.60,151,16887,1976738.00,
517506,TTK PRESTIGE,A ,Q,5800.00,5823.75,5726.00,5809.25,5802.00,5755.30,224,399,2310822.00,
517514,DHINDIA     ,X ,Q,12.72,13.30,12.65,12.80,12.80,12.35,18,5070,65160.00,
517522,RAJ GLO WIR ,B ,Q,399.95,414.90,390.50,399.85,398.05,405.05,182,897,360191.00,
517530,SURANATP    ,B ,Q,3.76,3.91,3.76,3.88,3.91,3.91,5,160,609.00,
517536,ONWARD TECHN,B ,Q,65.50,67.05,65.50,66.35,66.35,64.65,54,2348,155414.00,
517544,CENTUM ELEC ,B ,Q,313.00,330.45,312.85,321.75,324.00,311.35,373,3140,996729.00,
517546,ALFA TRANSFO,X ,Q,13.55,13.55,12.35,13.30,13.30,12.95,16,1500,19767.00,
517548,STARLITE COM,Z ,Q,3.06,3.38,3.06,3.06,3.06,3.22,26,10731,33205.00,
517554,NHCFOODS    ,X ,Q,6.57,6.58,6.10,6.58,6.58,6.27,7,1116,7160.00,
517562,TRIGYN TECH ,B ,Q,69.15,69.15,67.25,68.30,68.30,65.90,306,28680,1972390.00,
517569,KEI INDUST. ,A ,Q,425.00,442.00,415.85,417.95,421.50,424.80,999,16144,6865895.00,
517571,IMPPOWERS   ,B ,Q,13.67,14.35,13.67,14.35,14.35,13.67,2,200,2802.00,
518011,KEERTHI     ,XT,Q,86.65,86.65,86.65,86.65,86.65,88.40,6,160,13864.00,
518029,GUJ.SIDH.CEM,B ,Q,31.35,33.00,31.35,32.00,31.85,32.45,272,36402,1185720.00,
518075,SURAJ PRODUC,Z ,Q,15.85,15.85,15.15,15.15,15.15,15.10,4,866,13586.00,
518091,ANJANI PORTL,B ,Q,215.10,221.75,215.10,219.70,219.00,213.70,396,5309,1167256.00,
519003,MODINATURAL ,X ,Q,56.95,56.95,51.00,53.05,52.25,52.05,16,1727,91788.00,
519031,SHAH FOOD(P),X ,Q,20.80,20.80,20.80,20.80,20.80,19.85,2,415,8632.00,
519091,TASTY BITE  ,B ,Q,11455.00,11562.60,11167.00,11315.95,11250.00,11431.55,86,180,2044286.00,
519097,RITESH INTER,XT,Q,14.48,14.48,13.45,14.45,14.45,13.80,11,642,8855.00,
519105,AVT NATURAL ,B ,Q,46.50,47.30,46.00,46.25,46.00,46.45,109,11579,537865.00,
519126,HIND.FOODS  ,B ,Q,887.30,910.00,869.85,903.05,904.90,884.00,619,3609,3224983.00,
519136,NAHAR INDUST,B ,Q,27.00,29.50,27.00,28.90,28.05,28.00,56,5125,146171.00,
519152,VADILAL ENT ,XT,Q,1539.10,1539.10,1539.10,1539.10,1539.10,1508.95,11,121,186231.00,
519156,VADILAL IND ,B ,Q,814.50,835.00,805.00,806.20,805.00,808.30,134,360,292789.00,
519183,ADF FOODS LT,B ,Q,468.80,478.90,466.05,476.10,478.90,459.75,392,4387,2071376.00,
519214,WILLIAM.FIN.,X ,Q,2.88,2.88,2.88,2.88,2.88,2.75,5,1000,2880.00,
519216,AJANTA SOYA ,X ,Q,47.00,48.00,44.70,46.95,47.60,46.95,84,11825,546922.00,
519224,WILLIAM.MAGO,B ,Q,18.00,18.45,18.00,18.45,18.45,17.60,11,760,13957.00,
519230,RICHIRICH   ,X ,Q,3.66,3.85,3.66,3.85,3.85,3.85,2,101,369.00,
519260,SANWARIA    ,Z ,Q,1.32,1.40,1.32,1.37,1.37,1.37,536,812141,1092552.00,
519262,PRIMA AGRO L,XT,Q,17.20,17.20,15.75,15.95,17.00,16.50,21,1442,23094.00,
519285,TARAI FOODS ,XT,Q,3.85,3.85,3.85,3.85,3.85,3.99,3,500,1925.00,
519287,MODERN DAIRI,X ,Q,4.19,4.39,4.05,4.39,4.39,4.19,37,13431,57824.00,
519295,BAMBINO AGRO,X ,Q,216.00,220.00,201.00,209.35,206.60,208.05,58,899,187503.00,
519299,PRIME INDS. ,Z ,Q,1.79,1.79,1.79,1.79,1.79,1.71,1,400,716.00,
519307,VIKAS WSP   ,B ,Q,4.24,4.50,4.20,4.38,4.36,4.35,195,140145,620925.00,
519319,JATALIA     ,XT,Q,5.98,5.98,5.98,5.98,5.98,5.70,2,2,11.00,
519359,POONA DAL   ,X ,Q,33.05,34.50,30.65,32.25,32.10,32.85,33,2796,90328.00,
519367,TRANSGL.FOOD,X ,Q,186.70,186.70,186.70,186.70,186.70,190.50,13,311,58063.00,
519383,ANIK INDS   ,B ,Q,11.71,12.54,11.46,12.48,12.54,11.40,123,17583,209680.00,
519397,SHARAT INDUS,XT,Q,27.60,27.60,27.60,27.60,27.60,28.90,2,360,9936.00,
519421,KSE LIMITED ,XT,Q,2295.00,2297.70,2152.10,2200.00,2201.00,2204.65,95,608,1335422.00,
519457,VIRAT CRANE ,X ,Q,19.00,19.00,18.05,18.30,18.05,19.00,13,3415,62454.00,
519463,IB INFOTECH ,XT,Q,10.08,10.08,10.08,10.08,10.08,9.60,1,5,50.00,
519477,CIANAGRO    ,XT,Q,40.00,40.00,38.90,38.90,38.90,38.80,8,267,10541.00,
519483,TAI INDUST. ,XT,Q,10.80,11.34,10.80,11.34,11.34,10.80,25,15598,176360.00,
519500,BKV INDUSTRS,XT,Q,2.65,2.65,2.65,2.65,2.65,2.65,1,1000,2650.00,
519532,ASIAN TEA   ,X ,Q,14.10,14.80,14.10,14.75,14.70,14.10,4,301,4374.00,
519552,HERITGFOOD  ,A ,Q,291.55,299.90,290.00,292.85,290.65,290.50,178,3700,1083521.00,
519566,SIMRAN FARMS,XT,Q,63.65,64.95,63.45,63.45,63.45,66.75,19,1603,102014.00,
519588,DFM FOODS   ,B ,Q,365.25,375.00,360.50,369.05,366.80,362.65,949,12225,4518466.00,
519600,CCL PRODUCTS,A ,Q,265.70,267.50,262.35,266.00,266.00,265.70,234,2106,559517.00,
519602,KELLTONTEC  ,B ,Q,54.50,54.50,51.65,54.15,54.10,53.50,326,40788,2175713.00,
519604,SURYO FOODS ,XT,Q,7.40,7.40,7.40,7.40,7.40,7.40,2,3,22.00,
519612,MAHAAN FOODS,X ,Q,18.45,18.45,17.05,17.90,17.90,17.60,8,1143,20884.00,
520008,RICO AUTO   ,B ,Q,32.75,33.10,32.15,32.75,32.75,32.75,467,70468,2301124.00,
520021,OMAX AUTOS. ,B ,Q,43.35,43.90,41.15,42.25,42.15,43.10,226,8755,370886.00,
520043,MUNJAL SHOWA,B ,Q,145.35,145.75,143.00,143.25,143.10,144.05,169,5340,771058.00,
520051,JAMNA AUTO  ,A ,Q,55.10,56.90,55.10,56.70,56.90,56.25,459,43296,2440926.00,
520056,SUNDAR.CLAY ,B ,Q,1840.45,1898.15,1829.00,1880.80,1897.00,1812.65,111,438,821251.00,
520057,JTEKTINDIA  ,B ,Q,77.00,83.10,77.00,80.95,80.95,80.05,307,13378,1086678.00,
520059,MUNAUTO     ,B ,Q,60.90,63.00,59.05,61.40,61.15,60.95,848,67975,4181157.00,
520066,JAYBH.MARUTI,B ,Q,240.05,266.00,236.10,256.15,256.15,239.85,2757,38796,9923140.00,
520073,RACLGEAR    ,X ,Q,121.90,124.00,115.20,122.90,122.90,117.90,468,37931,4611587.00,
520075,SAMKRG PIST.,X ,Q,126.50,128.85,124.00,127.35,128.00,127.65,67,4019,507434.00,
520086,SICAL LOG   ,B ,Q,9.64,9.76,9.54,9.65,9.69,9.66,112,28275,273458.00,
520111,RATNAMNI MET,A ,Q,1695.00,1728.90,1650.55,1689.55,1668.15,1708.75,595,2708,4609490.00,
520113,VESUVIUS IND,B ,Q,975.85,998.00,955.20,975.40,974.45,977.05,187,1539,1495755.00,
520119,AUTOMOTIVE S,B ,Q,25.90,26.15,25.50,25.95,25.90,25.50,16,210,5458.00,
520123,ABC INDIA   ,X ,Q,47.60,47.95,46.35,47.60,47.60,46.00,21,1138,54038.00,
520127,BALURGHAT TE,X ,Q,9.90,9.95,8.00,8.40,8.40,8.40,41,10348,85958.00,
520131,COASTAL ROAD,P ,Q,27.90,27.90,27.90,27.90,27.90,27.30,1,100,2790.00,
520141,SIBAR AUTO  ,X ,Q,8.57,8.57,7.77,7.77,7.77,8.17,18,2084,16201.00,
520151,SHREY SH LOG,B ,Q,59.45,59.95,57.80,59.10,59.45,59.20,268,2451,143841.00,
520155,STARLOG     ,X ,Q,9.90,9.90,9.39,9.39,9.39,9.88,8,478,4538.00,
521016,INDO COUNT  ,B ,Q,153.00,161.70,152.80,159.10,159.10,155.85,404,17797,2812128.00,
521018,MARAL OVERS ,B ,Q,17.95,18.95,17.82,18.25,18.42,16.98,28,12469,224543.00,
521034,SOMA TEXTILE,T ,Q,2.43,2.55,2.43,2.55,2.55,2.55,7,14750,36740.00,
521054,KAKATIYA TEX,XT,Q,0.95,0.95,0.95,0.95,0.95,0.95,1,200,190.00,
521064,TRIDENT     ,A ,Q,7.99,8.10,7.94,7.97,7.97,7.92,8512,1507466,12054334.00,
521070,ALOK INDS.  ,B ,Q,21.95,22.20,21.55,21.70,21.70,21.95,4941,2566995,55827474.00,
521080,PASARI SPIN ,XT,Q,1.50,1.50,1.50,1.50,1.50,1.50,1,550,825.00,
521082,SPENTEX INDS,Z ,Q,0.53,0.57,0.53,0.57,0.57,0.55,2,202,107.00,
521097,AMARJOTHI SP,X ,Q,70.90,83.80,70.90,83.05,83.80,69.85,468,44235,3464402.00,
521105,OLYMPIA IND.,X ,Q,11.99,11.99,11.99,11.99,11.99,11.42,5,597,7158.00,
521109,NAGREEKA EXP,B ,Q,15.31,15.31,15.19,15.19,15.19,14.94,2,2,30.00,
521113,SUDITI IND. ,X ,Q,10.50,10.96,10.50,10.96,10.96,10.44,8,1286,13917.00,
521131,SBFL        ,X ,Q,3.30,3.30,3.18,3.18,3.18,3.24,4,3078,9790.00,
521141,ADITYA SPIN.,XT,Q,5.60,5.76,5.22,5.67,5.67,5.49,9,405,2261.00,
521149,PRIME URBAN ,X ,Q,6.49,6.49,6.49,6.49,6.49,6.83,4,3000,19470.00,
521163,ZODIAC CLOTH,B ,Q,99.25,100.95,99.25,100.00,99.70,100.00,64,2873,287276.00,
521167,FRONT BUSS  ,Z ,Q,1.40,1.40,1.36,1.40,1.40,1.38,13,1852,2560.00,
521178,SRI RAMK.MIL,X ,Q,8.55,8.55,8.55,8.55,8.55,8.15,2,999,8541.00,
521180,SUPER SPIN. ,B ,Q,4.65,4.75,4.60,4.75,4.75,4.53,13,3295,15501.00,
521188,UNITED TEXT.,XT,Q,5.39,5.39,5.00,5.00,5.00,5.14,4,15,79.00,
521194,SIL INVEST  ,B ,Q,151.40,171.90,148.10,163.65,163.65,160.45,93,1260,204503.00,
521200,SURYLAK.COTT,B ,Q,18.50,18.90,18.00,18.50,18.50,18.50,34,1659,30652.00,
521206,SAMTEX FASH.,X ,Q,0.47,0.47,0.47,0.47,0.47,0.49,20,34805,16358.00,
521210,CITYMAN     ,XT,Q,4.40,4.40,4.40,4.40,4.40,4.39,1,100,440.00,
521216,DHAN ROTO SP,X ,Q,19.35,20.40,19.35,20.00,20.00,20.35,18,1821,35758.00,
521220,DAMOINDUS   ,B ,Q,24.00,27.00,24.00,27.00,26.95,25.50,38,2192,58438.00,
521226,UNI ROYAL IN,X ,Q,5.01,5.01,5.01,5.01,5.01,5.22,3,100,501.00,
521234,SRI NACHAMAI,X ,Q,13.90,13.90,13.90,13.90,13.90,14.31,1,1,13.00,
521240,SAMBANDAM SP,X ,Q,53.10,61.50,53.10,53.55,53.55,57.75,11,412,23467.00,
521248,KITEX GARMEN,B ,Q,103.95,106.00,103.75,104.80,104.80,103.85,903,27559,2886348.00,
522001,CRANEX LTD. ,X ,Q,11.88,11.88,11.88,11.88,11.88,12.50,1,1,11.00,
522004,BATLIBOI LTD,X ,Q,10.00,10.23,9.66,9.78,9.78,9.90,41,7804,77225.00,
522005,AUSTIN ENGG.,X ,Q,34.50,35.45,32.10,33.45,33.70,32.75,38,6300,207047.00,
522014,UNITED DRILL,B ,Q,265.45,265.45,255.20,260.65,258.40,264.50,88,4771,1245977.00,
522017,FLUIDOMAT   ,X ,Q,86.00,88.95,77.50,83.90,83.50,85.65,41,2830,238905.00,
522029,WINDSOR MACH,B ,Q,15.54,15.54,14.75,15.18,15.18,14.80,74,18095,279132.00,
522034,SHANTHI GEAR,B ,Q,110.45,112.85,107.20,108.35,108.95,110.05,146,5341,586565.00,
522064,HONDAPOWER  ,B ,Q,957.85,990.00,957.85,973.80,973.55,959.85,575,1944,1885094.00,
522073,HITECHGEAR  ,T ,Q,143.00,148.15,140.10,146.00,146.00,141.10,21,322,46498.00,
522074,ELGI EQUIP  ,B ,Q,126.75,135.60,126.75,135.30,135.30,134.10,321,7169,967223.00,
522091,UV DER HORST,X ,Q,20.60,20.60,20.60,20.60,20.60,19.65,1,10,206.00,
522101,KILBURN ENGG,X ,Q,17.95,17.95,16.75,17.50,17.50,17.20,34,2885,49932.00,
522105,BIRLA PRETEC,X ,Q,6.18,6.79,5.95,6.61,6.78,6.18,153,97271,618876.00,
522108,YUKEN INDIA ,X ,Q,519.75,519.75,456.25,488.65,488.65,503.80,204,2302,1127815.00,
522113,TIMKEN (I)  ,A ,Q,1190.00,1210.00,1185.00,1188.15,1187.00,1203.10,211,981,1171768.00,
522122,VOITH PAPER ,X ,Q,1059.90,1111.00,1059.90,1103.30,1105.00,1035.40,218,4348,4771856.00,
522134,ARTSON ENG  ,X ,Q,27.30,28.65,25.55,27.70,27.30,26.70,61,15464,423311.00,
522152,SOLITAIR MC ,X ,Q,24.90,24.90,23.80,23.80,23.80,24.10,10,300,7332.00,
522165,INDSIL HYD  ,XT,Q,11.61,11.61,10.70,11.22,11.52,11.06,37,11016,126228.00,
522183,ITL INDUSTRS,X ,Q,77.00,89.40,76.00,82.25,82.25,77.55,99,6401,506635.00,
522195,FRONTIER SPR,X ,Q,267.60,283.00,264.10,275.45,276.65,266.70,408,17736,4924023.00,
522205,PRAJ IND.LTD,B ,Q,87.80,93.20,87.20,92.90,93.00,86.95,3657,426491,38714088.00,
522207,RASANDIK ENG,XT,Q,71.60,71.65,67.00,67.80,67.80,68.40,5,805,55280.00,
522209,YOGI SUNGWON,XT,Q,2.83,2.83,2.83,2.83,2.83,2.71,1,100,283.00,
522215,HLEGLAS     ,X ,Q,1540.05,1596.00,1467.45,1508.35,1515.00,1546.85,2034,23616,35408896.00,
522217,GUJ APOIND  ,B ,Q,199.15,199.15,193.40,194.50,194.45,195.65,23,398,78121.00,
522229,TANEJA AERO.,X ,Q,32.00,33.75,29.55,32.50,32.50,30.70,697,218323,7204840.00,
522231,CONART ENG. ,X ,Q,26.35,26.95,25.70,26.50,26.50,25.55,46,3198,84619.00,
522241,M.M.FORGINGS,B ,Q,374.95,379.00,359.25,376.25,375.30,374.95,98,253,94093.00,
522249,MAYUR UNIQ. ,B ,Q,271.00,275.95,271.00,272.40,272.40,273.60,225,3754,1027971.00,
522251,CENLUB INDUS,X ,Q,38.00,38.35,36.15,36.25,36.25,36.85,10,650,23830.00,
522257,RAJOO ENGIN.,X ,Q,13.63,15.10,13.63,14.82,14.45,13.63,196,87900,1311507.00,
522263,JMC PROJECTS,B ,Q,53.25,59.75,53.25,58.50,58.50,52.90,997,70535,4088960.00,
522267,VEEJAY LAKSH,XT,Q,23.00,23.10,23.00,23.10,23.10,24.00,2,149,3431.00,
522273,AHMED.STEEL ,X ,Q,14.00,14.00,13.95,13.95,13.95,13.70,3,200,2790.00,
522275,GET&D       ,A ,Q,100.00,102.50,100.00,102.35,102.35,99.15,269,10006,1018674.00,
522281,RAM RAT.WIRE,X ,Q,75.25,79.75,75.25,77.15,77.40,75.25,184,14121,1098772.00,
522285,JAY NECO IND,B ,Q,3.81,3.96,3.71,3.95,3.95,3.81,58,66240,260072.00,
522287,KALPA.POWER ,A ,Q,339.00,339.00,320.70,323.70,323.70,319.90,608,15943,5198738.00,
522292,CHANDNI TE  ,X ,Q,56.95,56.95,52.70,55.00,55.00,54.90,110,10146,546695.00,
522294,T & I GLOBAL,X ,Q,97.30,107.05,95.90,102.90,101.35,95.35,385,46474,4660190.00,
522295,CONTROL PRNT,B ,Q,218.45,224.40,215.00,223.60,223.50,215.45,205,1599,347575.00,
522650,BEMCO HYDRAU,X ,Q,85.45,85.45,85.45,85.45,85.45,81.40,1,100,8545.00,
523007,ANSAL BUILD.,X ,Q,34.95,39.60,34.95,37.90,39.60,33.00,144,12078,453453.00,
523011,WEIZMANN LTD,B ,Q,33.65,33.65,32.60,32.95,33.35,32.05,93,6270,206742.00,
523019,B.N.RATHI SE,X ,Q,29.30,30.45,26.65,29.70,30.00,26.75,308,70347,2043361.00,
523021,RISHITECH   ,X ,Q,15.15,16.95,14.60,16.45,16.45,15.50,24,5372,82571.00,
523023,SINCLAIR HOT,X ,Q,47.95,49.40,46.20,47.70,47.45,46.35,366,91713,4407317.00,
523025,SAFARI IND. ,B ,Q,550.00,558.00,527.70,530.20,530.20,538.60,181,779,420044.00,
523100,COSMO FERR. ,X ,Q,8.98,9.00,8.98,9.00,9.00,8.59,18,8813,79167.00,
523116,SANCO TRANS ,X ,Q,160.00,176.35,160.00,176.35,176.35,168.00,2,3,496.00,
523120,ADOR MULTI. ,XT,Q,57.95,57.95,57.95,57.95,57.95,60.95,9,550,31872.00,
523127,EIH ASSO.HOT,B ,Q,264.80,264.80,255.10,257.50,257.50,260.20,102,1755,453103.00,
523144,MEDI CAPS   ,X ,Q,23.60,23.65,22.20,23.65,23.65,22.55,42,6941,163094.00,
523151,OTCO INTERN.,X ,Q,10.71,10.71,10.18,10.18,10.18,10.71,27,5459,55598.00,
523160,MORGAN CRU  ,X ,Q,813.00,825.00,784.00,818.60,823.00,803.50,46,678,550843.00,
523204,ABAN OFFSHO ,B ,Q,30.30,30.60,29.10,29.50,29.40,30.30,379,38265,1132872.00,
523207,KOKUYOCMLN  ,B ,Q,62.85,63.50,62.15,62.40,62.55,62.90,474,23019,1443800.00,
523229,BHARAT SEATS,X ,Q,68.25,70.00,67.00,68.35,68.35,68.25,256,25127,1724911.00,
523232,CONT.PETRO  ,XT,Q,17.55,17.55,17.55,17.55,17.55,17.90,42,3676,64513.00,
523248,MACHINO PLAS,X ,Q,72.90,74.00,65.80,73.55,74.00,67.30,63,5726,415563.00,
523260,PEARL POLYME,B ,Q,17.30,17.30,15.70,15.70,15.70,16.50,4,44,703.00,
523261,VENKEY'S (I),A ,Q,1699.95,1709.00,1671.80,1682.30,1682.30,1669.65,1250,7595,12828690.00,
523269,ADVANI HOTEL,B ,Q,53.30,60.90,53.30,56.00,55.95,60.20,275,14709,826524.00,
523277,G.V.FILMS   ,XT,Q,0.29,0.29,0.27,0.29,0.29,0.28,90,325547,89519.00,
523283,SUPER HOUSE ,B ,Q,107.55,109.70,106.25,108.10,108.10,108.45,66,1010,108623.00,
523289,RAMA VISION ,X ,Q,4.90,4.90,4.90,4.90,4.90,5.15,2,226,1107.00,
523301,TCPL PACK   ,B ,Q,370.20,374.90,369.30,374.10,374.80,375.65,122,802,298203.00,
523319,BALMER LAWRI,A ,Q,108.95,109.30,106.65,107.95,108.05,108.95,814,38187,4116495.00,
523323,KOVAI MEDI. ,X ,Q,1134.00,1200.00,1105.00,1181.10,1180.00,1082.10,1122,22934,26760655.00,
523329,ELDECO HOUS.,X ,Q,1560.10,1642.00,1560.10,1590.00,1590.00,1570.00,27,415,662528.00,
523367,DCMSHRIRAM  ,A ,Q,378.90,381.00,370.65,378.45,378.45,371.60,682,10676,4009691.00,
523369,DCM SHR.IND ,X ,Q,179.85,183.00,175.15,181.95,183.00,175.35,224,18042,3262483.00,
523371,MAWANA SUGAR,B ,Q,30.00,30.00,27.25,27.95,27.95,27.80,217,20631,576939.00,
523373,MINI DIAMOND,XT,Q,2.60,2.78,2.60,2.78,2.78,2.65,3,201,522.00,
523384,MAH.RAS.APEX,T ,Q,87.55,87.55,87.55,87.55,87.55,83.40,15,3924,343546.00,
523385,NILKAMAL L  ,A ,Q,1398.90,1411.00,1397.65,1409.40,1409.05,1370.40,286,1973,2776511.00,
523391,NAHAR POLY  ,B ,Q,86.00,87.00,84.55,85.00,84.75,85.50,112,4268,365659.00,
523395,3M INDIA LTD,A ,Q,21941.85,22655.35,21591.00,21966.65,21991.00,21837.40,226,316,6967302.00,
523398,JCHAC       ,A ,Q,2271.00,2283.45,2221.55,2240.95,2226.05,2285.25,113,305,687025.00,
523405,JM FINANCIAL,A ,Q,82.80,83.20,80.70,82.45,82.45,82.35,1068,90032,7391242.00,
523411,ADCINDIA    ,X ,Q,170.15,188.85,170.15,179.15,179.00,174.35,16,402,72017.00,
523419,TAMIL.TELE. ,T ,Q,1.32,1.32,1.32,1.32,1.32,1.26,1,180,237.00,
523445,REL INDL INF,B ,Q,388.00,407.60,385.75,394.80,394.80,385.35,2132,41546,16503069.00,
523449,SHARP INDIA ,X ,Q,20.35,20.40,18.80,20.25,20.25,19.45,25,4286,87276.00,
523457,LINDEINDIA  ,A ,Q,918.00,929.00,903.00,906.35,914.35,910.70,538,3871,3543543.00,
523465,IND.BANK HSG,B ,Q,23.90,23.90,22.50,23.60,23.65,23.40,26,2337,53106.00,
523475,LOTUS CHOC  ,X ,Q,17.00,17.00,14.50,16.55,16.55,15.05,36,3237,53034.00,
523483,PACIFIC IND.,X ,Q,157.85,158.85,153.05,158.85,158.85,151.30,30,8368,1283142.00,
523489,CMM HOSPITAL,X ,Q,8.34,9.15,8.34,9.15,9.15,8.76,4,700,6017.00,
523519,UNI OFF AUTO,XT,Q,3.67,3.74,3.65,3.67,3.67,3.67,18,3857,14226.00,
523537,APM INDUS.  ,X ,Q,17.70,17.70,15.10,15.60,15.25,16.30,27,2601,42464.00,
523539,PRECISION WR,B ,Q,160.80,165.40,153.75,164.80,164.80,151.40,221,3771,608653.00,
523550,KRYPTON IND ,X ,Q,8.96,8.96,8.21,8.76,8.65,8.96,38,3221,28084.00,
523558,NETWORK LTD.,XT,Q,5.50,5.50,5.50,5.50,5.50,5.40,3,5100,28050.00,
523566,MARTIN BURN ,X ,Q,27.95,29.30,27.95,29.30,29.30,27.95,4,14,408.00,
523574,FEL         ,B ,Q,9.88,10.90,9.88,10.72,10.76,10.40,1726,819291,8418218.00,
523586,IND.TONERS  ,X ,Q,126.10,126.35,122.10,125.65,126.00,124.10,914,7656,958757.00,
523594,KUNSTSTOFFE ,X ,Q,19.75,19.75,19.75,19.75,19.75,18.85,8,3677,72620.00,
523598,SHIPP.CORPN ,A ,Q,58.05,59.80,58.00,59.50,59.50,56.05,3009,433084,25552656.00,
523606,SIKA INTER. ,X ,Q,246.05,261.00,246.05,249.65,249.65,254.35,46,1843,468698.00,
523610,ITI LTD.    ,A ,Q,124.50,126.00,123.75,124.15,124.15,124.15,753,43558,5432986.00,
523618,DREDGING COR,B ,Q,289.00,290.00,280.00,283.25,282.10,289.10,1271,19526,5553719.00,
523620,PHARMASIA   ,XT,Q,23.00,23.00,23.00,23.00,23.00,23.55,7,1020,23460.00,
523628,PODDAR      ,B ,Q,176.90,176.90,170.00,170.60,170.00,175.60,82,1387,240002.00,
523630,NATIONAL FER,B ,Q,34.50,37.60,34.50,36.40,36.40,34.15,2107,383806,13985017.00,
523638,IP RINGS LTD,XT,Q,64.30,66.00,60.30,63.30,63.30,63.00,37,2976,193633.00,
523642,PI INDUS.LTD,A ,Q,2252.60,2346.00,2252.60,2331.40,2331.40,2204.95,1364,13121,30271347.00,
523648,PLASTIBLEND ,B ,Q,258.10,264.00,256.25,260.40,260.40,261.65,63,392,101530.00,
523660,WATERBASE   ,B ,Q,108.20,109.45,107.00,107.65,107.85,107.80,840,17842,1923057.00,
523672,FLEX FOODS  ,X ,Q,68.95,70.00,65.75,66.90,68.40,66.75,184,15386,1032473.00,
523676,GOLKUNDA DIA,X ,Q,18.70,18.80,17.30,17.55,17.55,18.00,7,745,13583.00,
523694,APCOTEX IND ,B ,Q,172.90,175.60,170.20,171.45,171.45,172.50,425,8914,1542445.00,
523696,FORTIS MLR  ,X ,Q,50.05,51.50,48.05,50.25,50.25,50.45,30,6665,335115.00,
523704,MASTEK LTD  ,B ,Q,997.65,999.50,945.15,950.30,950.00,962.55,842,4460,4243397.00,
523708,EIMCO ELECON,B ,Q,335.50,344.75,330.00,338.05,344.75,334.45,192,2534,849811.00,
523710,SAYAJI HOTEL,XT,Q,158.00,163.90,158.00,162.00,163.90,160.00,21,406,65158.00,
523712,JMG CORP LTD,P ,Q,0.91,0.99,0.91,0.99,0.99,0.95,4,1700,1615.00,
523716,ASHIANA HOU ,B ,Q,92.70,95.65,91.10,91.35,92.65,92.25,178,6092,562587.00,
523722,SVAM SOFTWAR,XT,Q,0.67,0.67,0.67,0.67,0.67,0.67,4,150,100.00,
523732,ECO BOARD IN,XT,Q,3.69,4.06,3.69,4.03,4.03,3.87,9,3966,15331.00,
523736,DVL         ,B ,Q,64.15,64.90,62.80,64.20,64.20,64.10,30,1464,93920.00,
523752,IO SYSTEM   ,X ,Q,1.93,1.93,1.93,1.93,1.93,2.03,1,25,48.00,
523754,MAHEPC      ,B ,Q,148.60,149.50,145.50,146.05,145.50,147.90,246,5977,878334.00,
523756,SREIINFRA   ,B ,Q,6.10,6.10,5.89,5.92,5.92,6.01,524,396213,2349630.00,
523782,MITSHI      ,X ,Q,22.25,22.25,21.60,21.65,21.70,22.00,28,1338,29063.00,
523792,MAZDA LTD   ,B ,Q,565.50,565.50,532.60,537.25,535.55,558.90,180,1585,860481.00,
523796,VICEROY HOTE,T ,Q,2.51,2.63,2.41,2.62,2.63,2.51,25,13585,35098.00,
523828,MENON BEAR. ,T ,Q,48.00,49.00,46.80,47.65,47.65,48.05,50,11551,546548.00,
523832,MUKAT PIPES ,X ,Q,0.81,0.81,0.81,0.81,0.81,0.78,2,1101,891.00,
523838,SIMPLX INFRA,B ,Q,32.60,35.10,31.60,35.10,35.10,31.95,347,61446,2118435.00,
523840,INN.TECH.PAC,X ,Q,17.00,17.25,16.50,16.50,16.50,16.65,32,3432,57276.00,
523842,SUPER TANNER,X ,Q,2.96,2.96,2.87,2.90,2.95,2.89,29,19112,55000.00,
523850,AXTEL INDUS.,X ,Q,227.95,230.00,219.00,221.35,223.00,224.40,300,13158,2927867.00,
523862,PIFL        ,XT,Q,2.89,2.89,2.89,2.89,2.89,2.89,1,1,2.00,
523888,V.R. WOODART,ZP,Q,5.70,5.99,5.70,5.70,5.99,5.99,2,36700,209219.00,
524000,MAGMA FIN   ,A ,Q,46.50,47.45,46.50,46.85,46.90,46.85,452,62080,2910912.00,
524013,HIND.FLUROCA,B ,Q,5.73,5.73,5.73,5.73,5.73,5.46,6,1212,6944.00,
524019,KINGFA      ,B ,Q,537.50,548.00,537.50,541.75,538.50,534.70,81,663,360270.00,
524037,RAMA PHOSPH ,X ,Q,77.00,81.90,77.00,79.60,79.85,75.50,250,28369,2253142.00,
524038,VENLON ENTR ,X ,Q,1.21,1.21,1.21,1.21,1.21,1.16,1,149,180.00,
524051,POLYPLEX    ,B ,Q,747.50,748.45,727.65,732.80,734.95,735.50,682,6863,5031863.00,
524075,ALBERT DAVID,B ,Q,468.20,472.45,464.00,467.25,468.55,461.10,302,2137,998166.00,
524080,HAR.LEATHER ,XT,Q,27.00,27.00,25.10,27.00,27.00,26.25,11,713,18051.00,
524091,ACRYCIL LTD.,X ,Q,182.90,186.40,172.00,174.80,175.00,178.20,976,77085,13848272.00,
524109,KABRA EXTR  ,B ,Q,79.85,79.85,76.00,77.70,77.70,79.45,51,872,68243.00,
524129,VINYL CHEM  ,B ,Q,103.00,106.10,102.65,104.05,104.45,102.70,506,10974,1147639.00,
524136,PEE CEE COSM,X ,Q,96.00,102.15,96.00,99.65,102.15,98.50,17,2253,221144.00,
524156,T C M LTD.  ,X ,Q,46.85,49.15,46.85,49.15,49.15,46.85,9,1216,59287.00,
524164,IOL CHEM PH ,B ,Q,787.00,807.00,780.80,784.80,784.80,780.65,1587,27249,21645669.00,
524174,KESAR PETRO ,X ,Q,7.11,7.11,6.83,7.11,7.11,6.78,197,109323,776686.00,
524200,VINATI ORG. ,A ,Q,1181.00,1188.55,1166.85,1174.85,1178.75,1176.50,501,3769,4446909.00,
524202,LACTOSE(I)  ,X ,Q,25.35,27.30,24.70,25.95,26.50,26.00,54,7015,183957.00,
524208,AARTI INDUST,A ,Q,1169.95,1170.00,1144.00,1155.35,1148.65,1155.15,631,5968,6930819.00,
524210,PENTOKEY ORG,X ,Q,5.50,5.77,5.50,5.77,5.77,5.50,2,367,2072.00,
524212,WANBURY LTD ,T ,Q,36.25,37.35,36.25,37.05,37.25,37.45,35,3321,123146.00,
524218,RESONANCE   ,X ,Q,95.80,95.80,88.05,88.50,88.50,91.85,301,27198,2426276.00,
524226,GUJ AMB EXP ,B ,Q,121.00,121.50,119.05,119.85,119.05,120.75,457,12268,1471941.00,
524230,RASHTR.CHEM.,A ,Q,47.65,48.45,47.30,47.90,47.90,47.25,1299,195379,9379021.00,
524280,KOPRAN LTD. ,B ,Q,126.70,128.85,126.15,128.85,128.85,122.75,698,136109,17475861.00,
524288,AIMCO PESTI.,X ,Q,91.50,97.10,91.00,96.75,97.00,92.50,360,46964,4444649.00,
524314,GUJ.TERC LAB,X ,Q,7.40,7.43,6.80,6.80,6.80,7.10,6,351,2418.00,
524322,KABRA DRUGS ,XT,Q,3.57,3.57,3.57,3.57,3.57,3.40,2,20,71.00,
524324,SEYAIND     ,B ,Q,59.95,61.00,59.00,59.70,59.95,60.40,49,2367,141545.00,
524330,JAYANT AGRO ,B ,Q,100.15,108.45,100.10,107.65,108.45,99.90,111,3184,333175.00,
524332,BCLIL       ,X ,Q,73.90,75.20,73.65,74.00,74.50,73.70,183,36547,2716665.00,
524336,SH.HARI CHEM,X ,Q,25.30,26.55,25.30,26.55,26.55,25.30,16,1965,51766.00,
524342,INDOBORAXC  ,X ,Q,370.00,375.00,365.10,369.10,368.60,365.30,51,1944,721666.00,
524348,AARTI DRUGS ,B ,Q,685.00,715.30,685.00,704.95,704.45,715.35,4761,63559,44799707.00,
524370,BODAL CHEM  ,B ,Q,72.60,74.65,71.00,72.30,72.30,71.80,1045,73441,5359405.00,
524372,ORCHIDPHAR  ,Z ,Q,45.34,45.34,45.34,45.34,45.34,43.19,9,56,2539.00,
524394,VIMTA LABS  ,B ,Q,136.90,141.85,136.90,141.85,141.85,135.10,173,13952,1972012.00,
524396,BIOFIL CHEM ,T ,Q,227.35,227.35,218.80,227.35,227.35,216.55,499,18033,4090735.00,
524400,ISHITA DRUGS,X ,Q,26.60,26.60,24.15,26.60,26.60,25.40,17,6217,154550.00,
524404,MARKSANS    ,B ,Q,58.50,61.80,58.50,61.20,61.20,58.90,1451,288902,17449146.00,
524408,UNIV.STARCH ,XT,Q,38.95,38.95,38.50,38.50,38.50,37.10,2,51,1986.00,
524412,AAREY DRUGS ,X ,Q,24.90,25.20,23.50,25.05,25.00,24.30,309,75386,1860572.00,
524414,NORRIS MEDI.,X ,Q,5.30,5.30,5.30,5.30,5.30,5.25,1,50,265.00,
524440,CAMEX LTD   ,X ,Q,15.45,16.65,15.45,16.10,16.65,15.15,53,9883,162642.00,
524444,KAVITIND    ,X ,Q,147.95,147.95,138.00,140.75,140.75,143.85,270,318641,45284554.00,
524470,SYNCOM FORM.,X ,Q,2.17,2.18,2.08,2.18,2.18,2.08,1737,4009781,8673648.00,
524480,RIDHI SIDHI ,X ,Q,231.00,254.70,231.00,240.65,240.50,239.75,20,206,49680.00,
524488,SVCIND      ,XT,Q,0.75,0.78,0.72,0.74,0.74,0.75,35,11297,8592.00,
524494,IPCA LAB LTD,A ,Q,2200.00,2297.00,2200.00,2276.35,2276.35,2196.85,4666,38367,86760680.00,
524500,KILITCH DRUG,T ,Q,90.65,96.30,90.65,92.95,92.50,93.80,34,3823,359318.00,
524506,CORAL LAB.  ,X ,Q,305.00,320.00,305.00,314.40,312.05,310.95,54,1872,590025.00,
524518,KREBS BIOCHM,B ,Q,94.00,97.00,94.00,96.00,96.00,94.45,45,1555,148897.00,
524520,KMC SHIL    ,X ,Q,22.45,23.00,22.05,22.50,22.60,22.15,658,108753,2452036.00,
524522,LAFFANS PETR,X ,Q,14.00,14.00,14.00,14.00,14.00,14.00,5,624,8736.00,
524534,BHASKAR AGRO,XT,Q,19.90,20.80,19.90,20.70,20.70,19.90,14,5934,119938.00,
524542,SUKJIT STRCH,X ,Q,177.65,181.00,174.95,175.10,174.95,177.80,108,6933,1229651.00,
524558,NEULAND LAB.,B ,Q,1021.65,1063.00,1021.65,1055.00,1050.70,1031.45,912,5550,5836817.00,
524564,GAYATRI BIO ,XT,Q,5.35,5.35,5.25,5.25,5.25,5.35,12,1141,6050.00,
524570,PODDAR PIGM.,B ,Q,185.00,188.85,184.00,184.50,188.75,188.10,162,2233,412485.00,
524572,PHARMAIDS PH,XT,Q,14.66,14.66,14.66,14.66,14.66,14.38,7,350,5131.00,
524576,VIVID IND   ,X ,Q,15.45,15.45,14.70,15.30,14.95,15.15,39,10589,158828.00,
524582,TIRUPATI STA,XT,Q,34.95,34.95,33.50,33.60,33.60,33.30,17,1541,52791.00,
524592,JD ORGOCHEM ,X ,Q,3.04,3.04,3.04,3.04,3.04,3.04,1,30,91.00,
524594,ASHOK-ALCO  ,X ,Q,43.30,45.40,41.65,42.00,41.65,43.30,34,2894,123203.00,
524598,AKSHARCHEM I,B ,Q,213.20,224.80,210.55,219.65,218.35,212.10,620,7072,1545924.00,
524606,BERYL DRUGS ,X ,Q,6.30,6.30,6.30,6.30,6.30,6.00,1,2,12.00,
524614,INDXTRA     ,XT,Q,7.97,7.97,7.97,7.97,7.97,8.38,6,2025,16139.00,
524622,ISTRNETWK   ,X ,Q,1.87,1.87,1.87,1.87,1.87,1.90,2,600,1122.00,
524624,GAGAN GASES ,X ,Q,5.46,5.46,4.94,5.46,5.46,5.20,9,501,2632.00,
524632,SHUKRAPHAR  ,X ,Q,38.30,38.30,38.25,38.30,38.30,40.25,7,266,10187.00,
524634,ALU FLUORIDE,X ,Q,178.90,178.90,170.70,171.95,172.95,174.25,299,16120,2808221.00,
524640,ARCHITORG   ,X ,Q,22.20,22.75,22.00,22.65,22.75,22.35,40,26549,595144.00,
524642,SIKOZY REAL ,XT,Q,0.90,0.90,0.90,0.90,0.90,0.90,1,1500,1350.00,
524648,INDO AMINES ,X ,Q,69.45,74.35,66.00,72.15,71.55,70.35,179,20861,1489497.00,
524652,IND.SWIFT LT,T ,Q,4.01,4.01,3.82,4.01,4.01,3.82,32,15275,60978.00,
524654,NATURAL CAPS,X ,Q,82.20,86.10,82.20,85.50,85.50,82.25,24,1498,126235.00,
524661,WELCURE DRUG,XT,Q,1.99,2.02,1.99,2.02,2.02,1.99,5,236,476.00,
524663,BH.IMMUN&BIO,T ,Q,35.50,35.50,35.50,35.50,35.50,34.85,92,17266,612943.00,
524667,SOTL        ,B ,Q,696.00,726.15,695.00,706.05,702.00,691.00,202,2785,1957571.00,
524669,HESTER BISC ,B ,Q,1762.00,1800.00,1762.00,1789.45,1790.00,1793.90,95,280,499618.00,
524675,KABSONS INDU,XT,Q,3.25,3.25,3.25,3.25,3.25,3.10,14,2863,9304.00,
524687,BASANT AGRO ,X ,Q,5.18,5.18,5.00,5.02,5.00,5.01,87,69675,351612.00,
524703,SANDU PHARMA,X ,Q,34.00,34.00,31.65,31.70,31.65,33.30,30,2605,84597.00,
524709,NACLIND     ,B ,Q,39.75,39.80,39.10,39.20,39.20,39.25,53,2680,105263.00,
524711,VISTA PHARMA,X ,Q,8.47,8.47,7.36,7.65,7.60,8.17,137,59324,463822.00,
524715,SUN PHARMA. ,A ,Q,517.00,542.45,514.75,539.75,539.75,511.55,11450,555292,296957264.00,
524717,TITAN BIOTEC,X ,Q,126.55,132.80,125.00,128.25,128.25,126.55,632,70115,8924322.00,
524727,SDL         ,X ,Q,12.15,12.75,12.15,12.75,12.75,12.15,7,2380,29745.00,
524731,JENBURKT PH.,X ,Q,398.05,408.00,398.05,404.95,408.00,402.25,81,5093,2060469.00,
524735,HIKAL LTD.  ,B ,Q,172.50,173.25,170.70,171.30,171.05,171.90,912,34601,5953201.00,
524742,CAPLIN POINT,A ,Q,492.00,492.35,483.45,484.95,487.00,489.60,482,6047,2946742.00,
524743,FISCHER     ,XT,Q,33.00,33.00,33.00,33.00,33.00,32.00,1,35,1155.00,
524748,LINK PHARMA ,X ,Q,23.00,23.00,22.15,23.00,23.00,21.80,14,1837,41995.00,
524752,DECIPHER    ,X ,Q,25.80,27.40,25.00,25.00,26.30,25.80,55,16172,411027.00,
524758,WINTAC LTD  ,XT,Q,339.90,339.90,335.25,335.80,335.80,336.45,41,4542,1524037.00,
524764,NUTRA       ,XT,Q,5.80,5.96,5.68,5.79,5.70,5.68,168,80920,470941.00,
524768,EMMESSAR BIO,X ,Q,24.10,24.10,24.10,24.10,24.10,22.96,29,2395,57719.00,
524774,NGL FINE CHM,X ,Q,1366.00,1374.95,1252.00,1278.80,1278.80,1314.50,464,11748,15714720.00,
524790,EVEREST ORG.,X ,Q,247.95,250.40,236.10,250.40,250.40,238.50,84,3178,787474.00,
524804,AUROB.PHARMA,A ,Q,870.00,899.05,870.00,897.25,897.25,868.05,4132,109658,97611571.00,
524808,PHYTOCHEM I.,X ,Q,21.15,22.25,21.15,22.00,22.25,22.25,19,2218,47505.00,
524816,NATCO PHARM ,A ,Q,934.35,937.00,908.25,914.00,912.50,921.60,613,5059,4663826.00,
524818,DYNAMIC IND.,X ,Q,41.95,43.05,39.70,41.85,42.90,41.70,41,6213,263082.00,
524820,PANAMA PETRO,B ,Q,79.40,79.95,76.55,78.25,77.60,79.45,254,12298,955747.00,
524824,BAL PHARMA  ,T ,Q,55.00,55.90,55.00,55.40,55.40,55.40,50,4135,229639.00,
524828,BDH INDUS.  ,XT,Q,81.50,82.00,78.25,80.95,81.90,78.55,82,7929,637956.00,
526027,CUBEX TUBING,B ,Q,21.40,21.40,18.55,19.35,19.35,20.08,136,9385,183109.00,
526043,POLYMECH.MCH,X ,Q,34.80,34.80,33.45,33.55,33.50,33.40,6,107,3587.00,
526071,STELLANT    ,X ,Q,5.50,5.50,5.50,5.50,5.50,5.65,1,500,2750.00,
526073,GALAXY BEAR.,XT,Q,171.05,174.20,171.05,171.05,171.05,179.00,7,300,51710.00,
526081,SCAGRO      ,XT,Q,0.80,0.80,0.80,0.80,0.80,0.80,4,700,560.00,
526093,SATVAH.ISPAT,T ,Q,2.16,2.22,2.16,2.22,2.22,2.22,3,3050,6711.00,
526117,SHERVANI IND,X ,Q,239.00,239.00,225.10,236.05,236.05,232.00,40,256,59961.00,
526133,SUPERTEX IND,XT,Q,2.65,2.65,2.65,2.65,2.65,2.70,3,2400,6360.00,
526137,SHETRON LTD ,X ,Q,18.45,19.25,18.45,19.25,19.25,19.35,4,302,5573.00,
526139,TRANSGENE BI,XT,Q,5.09,5.10,4.63,4.94,4.94,4.86,94,48129,234896.00,
526143,MPL         ,XT,Q,3.52,3.88,3.52,3.85,3.85,3.70,24,16260,60090.00,
526159,NIKHIL ADHSV,X ,Q,167.95,168.00,155.00,160.00,160.00,162.15,59,7162,1146060.00,
526161,SPENTA INT. ,X ,Q,45.55,45.55,45.55,45.55,45.55,47.90,1,100,4555.00,
526169,MULTIBASE I ,X ,Q,179.00,179.95,171.25,173.15,171.25,174.00,88,4644,812420.00,
526173,ANDREW YULE ,B ,Q,15.19,17.79,15.01,17.55,17.55,14.83,3694,1800626,30318214.00,
526179,LUDOLOW JUTE,X ,Q,88.00,93.00,86.50,89.75,89.75,84.75,2839,372454,33813784.00,
526187,ASHRAM ONLIN,XT,Q,2.10,2.10,2.05,2.05,2.05,2.10,2,7,14.00,
526193,ROYAL CUSHIO,XT,Q,5.44,5.44,5.44,5.44,5.44,5.19,1,200,1088.00,
526217,HITECHCORP  ,B ,Q,116.00,117.05,115.50,116.45,116.45,113.45,33,213,24713.00,
526227,FILATEX INDI,B ,Q,32.80,34.90,32.80,33.70,33.55,32.80,840,63970,2162521.00,
526231,STD.SURFACT.,XT,Q,26.30,26.30,26.30,26.30,26.30,25.05,3,490,12887.00,
526235,MERCATOR    ,B ,Q,0.81,0.82,0.80,0.82,0.82,0.81,39,30439,24693.00,
526237,MORGAN VENT ,X ,Q,7.95,7.95,7.95,7.95,7.95,8.00,2,13,103.00,
526247,PREMIER EXPL,B ,Q,142.30,142.30,140.00,142.30,142.30,135.55,43,4452,632626.00,
526263,MOLD-TEK TEC,T ,Q,47.15,49.20,46.85,47.40,48.70,49.30,91,11717,559379.00,
526269,CRESTCHEM LT,XT,Q,65.50,65.50,62.25,64.50,64.50,65.50,5,31,2005.00,
526299,MPHASIS LTD ,A ,Q,1322.00,1323.50,1301.00,1309.75,1311.15,1316.50,1157,9785,12807579.00,
526301,MEDINOVA DIA,XT,Q,14.75,15.48,14.50,14.50,14.50,14.75,12,2449,37384.00,
526315,DIVYA.GRANIT,X ,Q,40.20,42.60,40.20,42.55,42.50,41.15,13,3615,149288.00,
526335,SHREYAS INTE,XT,Q,8.89,8.89,8.89,8.89,8.89,8.72,7,2085,18535.00,
526355,DURO PACK   ,XT,Q,13.12,13.12,13.12,13.12,13.12,12.50,1,1,13.00,
526365,SWARNASA    ,X ,Q,6.90,7.43,6.90,6.91,6.91,6.76,28,4810,34938.00,
526367,GANESH HSG. ,B ,Q,31.35,32.35,29.50,32.35,32.35,30.85,141,8062,253861.00,
526371,NMDC LTD    ,A ,Q,96.30,99.90,96.00,99.20,99.20,96.20,2207,302005,29740114.00,
526373,CINDRELLA HT,X ,Q,15.72,15.72,15.72,15.72,15.72,14.98,4,125,1965.00,
526381,PAT INT LOG ,B ,Q,25.75,26.75,25.75,26.75,26.75,25.50,44,7651,203697.00,
526397,ALPHAGEO (I),B ,Q,219.00,223.10,212.00,218.50,216.05,219.35,542,7141,1544829.00,
526407,RIT PRO IND ,X ,Q,21.25,21.25,20.50,21.20,21.20,20.40,22,4345,90489.00,
526409,KKALPANAIND ,X ,Q,18.90,18.90,17.90,18.25,18.00,18.10,49,10140,183860.00,
526415,OK PLAY (I) ,XT,Q,14.80,15.90,14.55,15.70,15.70,15.15,66,16960,254752.00,
526423,KRITI INDUS.,X ,Q,35.90,36.80,34.50,35.50,35.50,35.05,109,27151,966914.00,
526433,ASM TECHNOLO,X ,Q,144.00,148.95,143.20,143.20,143.20,146.10,81,12572,1821871.00,
526435,PERFECTPAC  ,X ,Q,124.20,124.20,124.20,124.20,124.20,130.70,2,25,3105.00,
526443,DATASOFT APP,XT,Q,2.04,2.04,2.04,2.04,2.04,2.04,1,44,89.00,
526471,WINSOME BREW,XT,Q,3.82,4.01,3.75,4.01,4.01,3.82,30,42952,171993.00,
526477,S.A.ENTERPR.,XT,Q,8.65,8.65,8.65,8.65,8.65,8.24,1,1,8.00,
526479,SKY INDUST. ,XT,Q,41.50,41.50,39.90,39.90,39.90,40.70,16,1753,70710.00,
526481,PHOENIX INT.,XT,Q,12.50,12.60,11.40,12.60,12.60,12.00,30,5924,74120.00,
526492,RISHIROOP   ,XT,Q,69.20,69.20,69.20,69.20,69.20,65.95,33,14930,1033156.00,
526494,PROMACT     ,X ,Q,4.85,4.85,4.85,4.85,4.85,4.80,2,110,533.00,
526500,STR GRE WOO ,X ,Q,7.26,7.26,7.01,7.01,7.01,7.35,3,300,2153.00,
526504,DOLPHIN MEDI,XT,Q,1.25,1.25,1.14,1.25,1.25,1.20,66,12676,15221.00,
526506,SYSTAMATIX C,X ,Q,40.00,42.00,40.00,42.00,42.00,40.00,8,1802,74318.00,
526519,ALPINE HSG. ,X ,Q,15.00,15.00,10.40,13.00,13.00,12.99,27,1170,14803.00,
526521,SANGHI IND. ,B ,Q,34.50,35.75,34.50,34.75,34.75,35.00,717,124440,4375020.00,
526525,WWALUM      ,XT,Q,17.06,17.06,17.06,17.06,17.06,16.25,46,15884,270981.00,
526532,SFPIL       ,X ,Q,5.07,5.07,5.07,5.07,5.07,5.07,3,400,2028.00,
526538,MAXIMAA SYST,XT,Q,2.78,2.78,2.64,2.64,2.64,2.65,5,220,582.00,
526544,SCANP GEOM  ,X ,Q,19.15,19.15,18.50,18.95,18.95,19.20,36,18245,342704.00,
526546,CHOKSI LABOR,X ,Q,9.51,9.55,9.22,9.55,9.55,10.00,8,836,7963.00,
526550,CCHHL       ,B ,Q,3.60,3.60,3.44,3.52,3.53,3.51,23,57431,200957.00,
526568,LONGVIEW TEA,XT,Q,22.21,22.21,21.35,21.35,21.35,21.78,7,750,16442.00,
526574,ENTERPR.INTE,X ,Q,5.99,6.25,5.99,6.25,6.25,5.99,2,500,3021.00,
526576,TECHIN      ,B ,Q,2.43,2.43,2.43,2.43,2.43,2.55,2,5000,12150.00,
526582,TPL PLAST   ,B ,Q,142.85,157.90,142.85,154.75,154.05,143.00,536,12703,1908881.00,
526586,WIM PLAST LT,X ,Q,381.00,381.00,361.30,366.80,365.00,359.95,265,43781,16095956.00,
526588,PHOTOQUIP(I),X ,Q,7.90,7.90,7.90,7.90,7.90,7.92,1,1,7.00,
526596,LIBERTY SHOE,B ,Q,151.45,153.60,150.30,151.40,151.10,152.75,264,8151,1240169.00,
526608,ELECTROTHERM,B ,Q,101.25,104.00,97.55,102.05,102.90,103.20,148,3763,384877.00,
526612,BLUE DART EX,A ,Q,3862.00,4060.00,3862.00,3932.75,3932.75,3993.25,370,1030,4064625.00,
526614,EXPO GAS    ,X ,Q,4.84,4.84,4.84,4.84,4.84,4.75,9,2767,13392.00,
526616,NAT.PLASTIC ,X ,Q,18.55,19.30,18.10,18.80,18.80,18.85,94,2369,44454.00,
526622,MFL INDIA   ,X ,Q,0.17,0.17,0.17,0.17,0.17,0.17,19,37616,6394.00,
526638,TEXEL INDUS.,X ,Q,7.07,7.07,7.07,7.07,7.07,6.94,1,10,70.00,
526640,ROYALE MANOR,XT,Q,14.20,14.20,13.06,13.32,13.30,13.54,39,4388,59415.00,
526642,MIRZA INTER ,B ,Q,57.15,58.20,55.50,56.60,56.80,59.25,1360,158589,9018462.00,
526650,TOURISM FINA,B ,Q,40.70,44.30,40.70,42.40,42.40,42.10,1011,90956,3918472.00,
526666,BHARTIYA INT,B ,Q,144.30,144.30,140.90,142.45,142.45,144.65,24,139,19869.00,
526668,KAMAT HOTELS,B ,Q,32.10,35.00,32.10,34.10,34.05,34.05,147,21760,745997.00,
526687,POLO HOTELS ,Z ,Q,2.52,2.64,2.52,2.64,2.64,2.52,3,1000,2639.00,
526703,ECOPLAST LTD,X ,Q,78.00,79.80,78.00,79.70,79.70,79.00,9,783,61077.00,
526707,ALCHEMIST LT,B ,Q,5.26,5.26,4.99,5.09,5.09,5.26,134,50505,253965.00,
526711,ADARSH PLANT,X ,Q,4.66,4.66,4.66,4.66,4.66,4.66,1,40,186.00,
526721,NICCO PARKS ,XT,Q,46.85,51.30,46.85,49.50,50.00,49.30,33,5060,246314.00,
526723,NTC INDUST  ,X ,Q,40.80,40.80,38.25,40.25,39.70,38.65,160,8287,331259.00,
526725,SANDESH LTD.,B ,Q,585.00,599.90,562.50,566.75,566.75,564.20,124,2138,1250185.00,
526727,GARNET CONST,X ,Q,19.00,19.00,18.50,19.00,19.00,18.65,22,2746,51454.00,
526729,GOLDIAM INT.,B ,Q,156.20,158.00,155.20,155.95,155.20,156.10,160,6306,989797.00,
526731,BRIGHT BROS.,X ,Q,65.95,73.75,64.00,67.85,70.00,65.40,33,3070,205724.00,
526737,CORPOR COUR ,XT,Q,3.72,3.90,3.55,3.55,3.55,3.72,9,1419,5210.00,
526739,NARMADA GEL ,X ,Q,162.90,162.90,159.90,160.15,160.10,164.10,53,3653,586713.00,
526747,P.G.FOILS   ,X ,Q,74.00,76.50,74.00,74.60,76.50,74.00,26,768,56983.00,
526755,VELAN HOTELS,XT,Q,2.67,2.67,2.47,2.66,2.66,2.60,7,1027,2709.00,
526761,HOWARD HOTEL,X ,Q,4.41,4.85,4.41,4.85,4.85,4.63,3,525,2326.00,
526775,VALIANT COMM,X ,Q,43.00,45.65,42.00,45.55,45.65,43.50,24,4407,196215.00,
526783,DR.AGAR.EYE ,X ,Q,234.05,248.65,234.05,238.05,238.00,240.90,8,220,52545.00,
526797,GREENPLY IND,B ,Q,105.25,114.75,102.00,114.00,114.00,105.05,2251,151996,16824165.00,
526799,UNION QUALIT,XT,Q,19.60,19.60,19.00,19.00,19.00,19.00,6,291,5577.00,
526807,SEAMEC LTD  ,B ,Q,402.00,416.35,402.00,405.55,406.35,401.30,299,3137,1269600.00,
526813,RAGHUNATH IN,XT,Q,2.54,2.54,2.54,2.54,2.54,2.42,1,100,254.00,
526817,CHEVIOT CO. ,X ,Q,692.00,740.00,692.00,715.80,715.80,696.80,756,10735,7705513.00,
526821,DAI-ICHI KAR,X ,Q,260.00,262.00,248.10,261.50,262.00,254.95,34,4442,1155245.00,
526823,RAJINFRA    ,X ,Q,4.83,4.83,4.83,4.83,4.83,4.60,1,75,362.00,
526827,SPICE ISLAND,X ,Q,3.62,3.99,3.62,3.99,3.99,3.80,3,205,816.00,
526829,CONFI PETRO ,B ,Q,27.80,31.95,27.35,31.10,31.10,27.80,1959,600126,17986724.00,
526847,ASHIRWAD STL,X ,Q,9.50,9.75,9.50,9.75,9.75,9.29,4,602,5844.00,
526849,BANARAS BEAD,B ,Q,53.00,53.25,52.30,52.35,52.50,52.70,54,10274,541781.00,
526853,BILCARE LTD.,X ,Q,46.00,46.80,42.40,44.00,43.95,44.60,613,109874,4873694.00,
526859,INTER ST.FIN,XT,Q,0.84,0.84,0.76,0.76,0.80,0.80,29,23928,18694.00,
526861,RISHI LASER ,XT,Q,7.65,7.70,7.65,7.70,7.70,8.00,3,1620,12424.00,
526871,INTEC CAP   ,X ,Q,12.80,12.80,12.80,12.80,12.80,13.45,3,11,140.00,
526881,63MOONS     ,B ,Q,97.00,97.00,88.60,89.05,89.05,95.25,1339,71044,6431957.00,
526885,SARLA PER F ,B ,Q,19.85,19.85,18.95,19.05,19.25,19.25,539,40193,785611.00,
526887,INDO CREDIT ,XT,Q,0.50,0.50,0.50,0.50,0.50,0.48,2,4,2.00,
526899,HFIL        ,X ,Q,7.49,8.56,7.26,8.28,8.28,7.26,584,220239,1733823.00,
526901,SONAL ADHESI,XT,Q,8.80,8.80,8.80,8.80,8.80,8.74,2,10,88.00,
526931,HARIYANA SH.,X ,Q,33.35,35.70,33.35,35.40,35.40,34.75,6,376,12946.00,
526935,M.B.PARIKH  ,XT,Q,21.15,21.15,20.00,20.00,20.00,20.35,2,26,548.00,
526945,TYROON TEA  ,X ,Q,33.95,33.95,33.95,33.95,33.95,32.35,4,128,4345.00,
526947,LA-OPALA RG ,A ,Q,235.30,235.30,228.95,229.80,228.95,232.40,439,5861,1355626.00,
526951,GOLDEN LAMIN,X ,Q,839.00,845.00,805.80,833.35,845.00,824.90,113,5739,4784169.00,
526953,VENUS REMEDI,B ,Q,140.00,142.40,136.00,137.10,136.00,140.15,172,7226,1007921.00,
526957,UDL         ,Z ,Q,2.58,2.58,2.58,2.58,2.58,2.71,24,7305,18846.00,
526965,GUJ.CRAFT IN,XT,Q,32.75,36.05,32.75,33.55,33.50,34.35,21,1543,53224.00,
526971,DHOOT I.FIN.,X ,Q,31.85,32.40,29.90,31.10,31.10,30.90,24,2164,68225.00,
526981,SHBAJRG     ,X ,Q,48.00,51.45,48.00,51.15,51.45,49.00,19,4325,220596.00,
526987,URJA GLOBAL ,B ,Q,3.71,3.71,3.71,3.71,3.71,3.54,1690,1953721,7248304.00,
527001,ASHAPURA LTD,B ,Q,79.90,81.85,78.15,81.20,81.10,78.40,380,37033,2972655.00,
530001,GUJ.ALKALI  ,A ,Q,337.90,337.90,324.80,330.70,331.00,322.50,761,14181,4679976.00,
530005,INDIA CEM.  ,A ,Q,157.20,162.00,155.70,156.15,156.15,158.70,2270,208906,32969038.00,
530007,JK TYRE IND ,A ,Q,83.90,83.90,80.80,82.30,82.30,80.50,2087,193719,15963036.00,
530011,MANGLR.CHEM ,B ,Q,36.95,42.05,36.45,41.35,41.35,36.60,5194,382553,15386387.00,
530017,STD.INDUST. ,T ,Q,8.89,8.89,8.52,8.79,8.84,8.51,28,16066,141471.00,
530019,JUBILANT    ,A ,Q,725.00,734.95,713.60,726.70,730.00,722.35,701,10734,7752117.00,
530023,THEINVEST   ,B ,Q,122.00,139.90,120.00,129.15,132.45,133.80,68,3729,490638.00,
530035,SANTOSH FINE,XT,Q,9.95,9.95,9.95,9.95,9.95,9.95,1,1,9.00,
530043,ACKNIT IND  ,X ,Q,63.05,69.85,63.05,69.85,69.85,66.85,4,152,10012.00,
530045,TITAN SECUR.,XT,Q,9.68,9.68,9.00,9.43,9.45,9.23,50,14957,140664.00,
530047,MOHOTAIND   ,B ,Q,8.06,8.06,7.94,7.94,7.94,8.06,3,60,477.00,
530053,REALECO     ,X ,Q,8.70,8.70,8.70,8.70,8.70,8.74,1,37,321.00,
530057,VIVANZA     ,X ,Q,56.35,56.35,56.35,56.35,56.35,55.25,1,5,281.00,
530063,YASRAJ CONT.,X ,Q,2.28,2.28,2.28,2.28,2.28,2.40,1,100,228.00,
530065,LORDSHOTL   ,XT,Q,3.69,3.69,3.52,3.52,3.52,3.52,4,249,884.00,
530067,CSLFINANCE  ,X ,Q,300.00,306.00,281.00,285.00,284.50,289.65,44,705,207011.00,
530073,SANGHVI MOVE,B ,Q,97.90,102.50,97.90,102.05,102.05,95.60,382,9744,985968.00,
530075,SELAN EXPLOR,B ,Q,123.50,125.00,122.05,123.45,123.40,123.55,240,8280,1024197.00,
530077,FRESHTROP FR,X ,Q,66.40,68.50,65.30,66.60,66.15,67.15,100,13348,889363.00,
530079,FAZE THREE L,X ,Q,57.90,57.90,52.20,54.80,56.05,54.50,47,4000,216064.00,
530109,ANUPAM      ,X ,Q,7.88,8.70,7.88,8.66,8.70,8.29,47,6487,55283.00,
530111,RAJ PACKAGIN,X ,Q,16.20,16.20,16.20,16.20,16.20,17.05,2,125,2025.00,
530117,PRIVISCL    ,B ,Q,540.65,557.35,540.25,552.00,551.90,537.00,413,1187,652222.00,
530119,NATRAJ PROTE,XT,Q,18.20,19.13,18.20,19.13,19.13,18.22,11,1845,34657.00,
530125,SAMRAT PHARM,X ,Q,116.90,133.50,113.00,132.80,133.20,111.25,407,32770,4181908.00,
530127,NPR FINANCE ,X ,Q,11.84,12.75,11.84,12.75,12.75,12.46,4,517,6122.00,
530129,NILE LTD.   ,X ,Q,290.00,294.00,280.00,292.60,294.00,291.00,73,2777,795914.00,
530131,UDAIPUR CEME,X ,Q,22.40,26.52,22.10,26.45,26.45,22.10,10607,4865586,119025879.00,
530133,AMCO INDIA L,X ,Q,28.55,28.55,27.00,28.00,28.00,27.20,10,800,22042.00,
530135,OPTIEMUS    ,T ,Q,86.45,86.45,86.45,86.45,86.45,90.95,72,30714,2655225.00,
530145,KISAN MOULD.,X ,Q,8.95,9.29,8.51,8.63,8.63,8.95,135,89530,778218.00,
530151,VIJAY TEXTIL,XT,Q,41.30,41.30,39.00,39.60,39.70,39.50,30,4781,186901.00,
530163,KERALA AYUR ,X ,Q,51.10,51.10,49.10,50.30,50.30,50.10,42,4345,216912.00,
530169,MOHIT PAPER ,X ,Q,5.20,5.65,5.20,5.65,5.65,5.42,6,1832,10080.00,
530171,DAULAT SEC. ,X ,Q,3.00,3.15,3.00,3.15,3.15,3.00,2,31740,95235.00,
530175,ODYSSEY TECH,X ,Q,24.00,25.65,24.00,24.90,24.90,24.50,11,2426,59630.00,
530177,SPS INTL.   ,X ,Q,5.91,6.01,5.91,5.91,5.91,6.22,10,2187,12935.00,
530185,SURAT TEXT. ,X ,Q,2.61,2.63,2.50,2.60,2.60,2.51,479,256998,669399.00,
530187,ATHARV ENT  ,XT,Q,0.66,0.67,0.66,0.67,0.67,0.66,4,1027,688.00,
530191,CHROMATIC IN,B ,Q,0.63,0.63,0.63,0.63,0.63,0.60,2,2500,1575.00,
530197,FUNDVISER   ,XT,Q,6.32,6.32,6.32,6.32,6.32,6.65,2,200,1264.00,
530199,THEMIS MEDIC,B ,Q,350.00,355.00,345.45,353.90,354.95,349.00,100,736,257111.00,
530201,KALLAM      ,X ,Q,7.05,7.75,7.05,7.39,7.07,7.40,28,47851,353835.00,
530207,BRAWN BIO   ,XT,Q,22.00,23.00,20.90,20.90,20.90,22.00,12,1503,32276.00,
530215,KINGSINFRA  ,X ,Q,25.90,27.60,25.60,25.60,25.60,25.60,18,5389,143996.00,
530233,AURO LAB.   ,X ,Q,86.00,86.00,82.80,83.25,83.25,84.00,100,8880,746336.00,
530239,SUVEN LIFE S,B ,Q,47.45,48.40,46.50,47.70,47.65,46.50,819,95922,4568523.00,
530249,BRIDGE SECUR,X ,Q,9.27,9.27,9.27,9.27,9.27,9.75,3,600,5562.00,
530255,KAY POW PAP ,XT,Q,2.46,2.46,2.46,2.46,2.46,2.58,6,3000,7380.00,
530259,INTER ST.OIL,X ,Q,9.44,9.44,9.44,9.44,9.44,9.44,1,12,113.00,
530263,GLOBAL CAP. ,Z ,Q,0.79,0.79,0.73,0.78,0.78,0.76,17,2709,1998.00,
530299,KOTHARI PROD,B ,Q,67.80,69.50,61.45,63.20,63.10,63.20,109,1397,89604.00,
530305,PICCADILY AG,X ,Q,9.80,10.20,9.40,9.63,9.60,9.47,194,59414,581033.00,
530307,CHAMANLAL SE,X ,Q,85.45,86.00,81.50,83.15,83.35,82.75,415,37549,3117447.00,
530309,CHANDRA PRAB,XT,Q,25.85,25.85,24.20,24.85,25.45,25.45,15,13732,340991.00,
530313,KIMIABL     ,X ,Q,41.65,43.00,41.65,41.85,41.80,43.00,25,1807,75601.00,
530315,HIND.TIN WRK,X ,Q,49.30,54.00,49.05,52.00,52.00,48.75,452,105583,5486666.00,
530317,GODAVARI DRU,X ,Q,35.50,37.85,34.50,34.65,35.00,35.35,49,7712,270438.00,
530331,PREMCO GLOB.,X ,Q,150.00,164.40,149.50,155.35,155.00,157.00,35,1452,223815.00,
530341,MUKESH BABU ,X ,Q,171.95,173.70,164.40,171.25,172.00,165.45,12,900,154516.00,
530343,GENUS POWER ,B ,Q,29.35,30.80,29.35,29.55,29.45,29.30,224,54303,1637199.00,
530355,ASIANENE    ,X ,Q,89.60,93.90,89.60,91.45,91.45,90.90,172,15349,1409399.00,
530357,KBS INDIA   ,X ,Q,3.25,3.25,3.25,3.25,3.25,3.25,1,100,325.00,
530363,UGAR SUGAR  ,B ,Q,14.70,15.00,14.37,14.79,14.83,14.54,55,17461,256420.00,
530365,ORIENTBELL  ,B ,Q,135.20,139.75,135.20,138.15,137.95,139.00,87,2527,345432.00,
530367,NRB BEARINGS,B ,Q,80.75,86.90,80.75,84.80,84.60,83.70,1193,73183,6248867.00,
530369,VAMSHI RUBB.,X ,Q,22.45,22.45,22.00,22.00,22.00,21.40,2,27,605.00,
530377,NILA INFRA. ,B ,Q,5.20,5.26,4.95,5.00,5.00,4.95,227,174316,880703.00,
530393,DB INT.ST.BR,B ,Q,10.67,10.67,10.60,10.60,10.60,9.70,2,125,1332.00,
530401,VINYOFLEX LT,XT,Q,20.00,20.00,20.00,20.00,20.00,19.40,10,4550,91000.00,
530403,VALLABH POLY,Z ,Q,2.54,2.54,2.54,2.54,2.54,2.67,2,70,177.00,
530405,JINDAL CAP. ,X ,Q,5.36,5.36,5.36,5.36,5.36,5.11,1,100,536.00,
530419,SUMEDHA FISC,X ,Q,21.00,21.00,19.00,19.85,19.85,19.70,8,1358,26577.00,
530421,KUWER INDS. ,X ,Q,6.30,6.30,6.30,6.30,6.30,6.63,1,1000,6300.00,
530427,CHOKSI IMAG ,X ,Q,15.92,16.45,15.92,16.45,16.45,16.75,5,267,4291.00,
530431,ADOR FONTECH,X ,Q,33.30,34.20,33.00,33.55,33.55,33.30,134,35202,1184077.00,
530433,SHIVA FERT. ,X ,Q,38.00,38.30,35.75,36.75,37.75,37.45,172,17998,664046.00,
530439,SIDDHA VEN  ,X ,Q,1.10,1.10,1.10,1.10,1.10,1.08,1,1,1.00,
530445,SUMERU IND  ,XT,Q,1.17,1.20,1.17,1.20,1.20,1.20,4,2601,3046.00,
530459,VALSON INDUS,X ,Q,13.05,13.70,12.15,12.99,13.00,13.15,13,1150,14572.00,
530461,SABOO SODIUM,XT,Q,3.95,4.15,3.95,4.15,4.15,3.96,27,16025,66241.00,
530469,GSL SECUR.  ,X ,Q,4.00,4.00,4.00,4.00,4.00,3.94,1,20,80.00,
530475,TINNARUBR   ,XT,Q,22.15,23.00,22.10,23.00,23.00,22.10,3,400,9025.00,
530477,VIKRAM THERM,X ,Q,162.60,165.70,160.00,162.25,162.00,162.60,101,5532,902306.00,
530495,STRATMONT   ,Z ,Q,30.00,30.00,30.00,30.00,30.00,30.00,2,10,300.00,
530499,A.K.CAPITAL ,X ,Q,263.70,273.60,252.05,271.00,271.00,265.05,39,555,147972.00,
530517,RELAXO FOOT.,A ,Q,738.00,740.50,724.20,728.85,728.85,737.85,1826,13375,9836987.00,
530521,VIRAT INDUS.,X ,Q,33.00,33.00,32.15,32.80,32.80,33.00,10,771,24868.00,
530525,SHEETAL DIAM,XT,Q,1.58,1.58,1.51,1.51,1.51,1.58,3,455,687.00,
530533,TERAI TEA CO,X ,Q,48.35,48.35,46.00,47.00,47.00,46.05,13,1087,50559.00,
530543,MARG LTD    ,Z ,Q,6.05,6.05,5.64,5.90,5.90,5.93,25,22119,132477.00,
530545,COSCO INDIA ,X ,Q,80.00,83.00,80.00,82.35,82.00,80.75,36,4620,379398.00,
530549,SHILPA MEDIC,A ,Q,476.00,483.00,470.00,475.10,475.10,471.40,1925,30786,14652650.00,
530555,PARAMOUNT CO,B ,Q,6.70,6.88,6.66,6.74,6.74,6.63,44,15161,102228.00,
530557,NCL RESEARCH,Z ,Q,0.22,0.22,0.22,0.22,0.22,0.22,7,1057,232.00,
530565,ARCHANA SOFT,X ,Q,1.79,1.79,1.79,1.79,1.79,1.71,3,107,191.00,
530577,LADDERUP FIN,X ,Q,23.45,23.45,23.45,23.45,23.45,24.65,1,1,23.00,
530579,UYFINCORP   ,X ,Q,1.90,1.99,1.90,1.93,1.93,1.92,19,21265,40889.00,
530581,EKAM LEASING,X ,Q,3.90,3.90,3.90,3.90,3.90,3.99,1,50,195.00,
530585,SWASTIK INV ,X ,Q,78.00,79.00,73.65,74.00,73.65,74.90,22,3347,249732.00,
530589,PRIMA PLASTI,X ,Q,68.15,74.50,68.15,74.45,74.50,68.00,192,31009,2280168.00,
530601,JAGSON FIN. ,XT,Q,2.50,2.50,2.50,2.50,2.50,2.50,1,10,25.00,
530609,CARNATION IN,XT,Q,5.31,5.51,5.29,5.30,5.29,5.56,9,3625,19204.00,
530611,STURDY INDS ,XT,Q,0.39,0.39,0.39,0.39,0.39,0.38,3,1000,390.00,
530617,SAMPRE NUTRI,XT,Q,16.97,16.97,15.39,16.97,16.97,16.17,32,24256,411229.00,
530621,AAIL        ,X ,Q,16.50,18.00,16.50,17.00,17.00,16.00,50,8123,141419.00,
530627,VIPULORG    ,X ,Q,96.10,99.90,96.10,97.45,98.85,96.45,53,7986,786806.00,
530643,ECORECO     ,X ,Q,40.50,42.45,37.70,39.80,39.80,38.60,153,17044,690151.00,
530655,GOODLUCK    ,B ,Q,46.00,46.00,44.45,45.40,45.90,45.70,118,11137,503635.00,
530663,GOYAL ASSO. ,XT,Q,1.35,1.38,1.26,1.27,1.27,1.32,34,194058,246978.00,
530665,ZENITH HEALT,XT,Q,6.99,6.99,6.99,6.99,6.99,6.86,79,46345,323951.00,
530669,PREM SOMANI ,XT,Q,2.79,2.79,2.79,2.79,2.79,2.66,1,9,25.00,
530677,SUPREME HO  ,X ,Q,15.12,15.12,14.35,14.35,14.35,14.42,20,1015,14793.00,
530689,LYKISLTD    ,XT,Q,31.65,31.65,28.70,29.20,29.50,30.20,162,22592,663163.00,
530695,PRIME PROP  ,X ,Q,10.89,12.94,10.89,11.49,11.59,10.81,44,5148,57934.00,
530697,ZENLABS     ,X ,Q,30.50,31.85,29.20,29.80,30.00,30.40,25,2818,83581.00,
530699,RAJRAYON    ,Z ,Q,0.19,0.19,0.19,0.19,0.19,0.19,15,237798,45181.00,
530709,GOWRA LEASNG,XT,Q,18.10,19.85,18.10,19.80,19.80,19.00,5,147,2729.00,
530711,JAGAN LAMPS ,X ,Q,19.75,19.75,17.50,19.00,18.75,18.10,77,9233,174402.00,
530715,ALPS INDS.  ,B ,Q,0.92,0.96,0.92,0.96,0.96,1.00,6,2130,2030.00,
530733,NOVAPUBLIC  ,X ,Q,22.55,22.55,22.55,22.55,22.55,21.50,3,6,135.00,
530741,OVOBEL FOODS,P ,Q,50.10,50.10,48.00,48.00,48.00,49.90,2,300,14820.00,
530755,CORAL NEWSPR,XT,Q,7.35,7.35,7.10,7.10,7.10,7.21,2,12,85.00,
530759,STERL.TOOLS ,B ,Q,188.20,196.30,182.90,193.15,193.50,188.00,897,7128,1360621.00,
530771,KLG CAPITAL ,X ,Q,11.40,11.40,11.40,11.40,11.40,11.40,1,200,2280.00,
530777,INFRA INDUS.,Z ,Q,6.00,6.00,6.00,6.00,6.00,6.00,2,520,3120.00,
530789,CEEJAY FINAN,X ,Q,104.80,104.80,104.80,104.80,104.80,106.90,3,61,6392.00,
530795,SUNCITY SYNT,XT,Q,3.99,3.99,3.99,3.99,3.99,3.99,1,500,1995.00,
530803,BHAGIL      ,B ,Q,138.00,140.00,136.60,139.35,139.55,138.00,407,10870,1514849.00,
530809,BNR UDYOG   ,X ,Q,11.53,11.53,11.53,11.53,11.53,11.00,2,300,3459.00,
530813,KRBL LTD.   ,A ,Q,264.40,273.40,257.70,271.75,271.30,257.70,1151,19877,5323540.00,
530815,REFNOL RESIN,X ,Q,22.00,22.05,20.00,20.00,20.00,21.00,8,579,12739.00,
530821,SSPDL LTD   ,X ,Q,16.28,16.28,14.75,16.00,16.00,15.51,9,1310,20345.00,
530825,DAIKAFFIL CH,X ,Q,27.90,28.10,27.90,28.00,28.00,26.80,19,3236,90780.00,
530829,CIL SECURITS,X ,Q,10.85,10.85,10.45,10.45,10.45,10.98,3,142,1484.00,
530839,CLIO INFOTEC,X ,Q,0.60,0.60,0.60,0.60,0.60,0.58,2,264,158.00,
530843,CUPID LTD   ,B ,Q,227.00,235.95,224.60,233.50,233.45,227.80,1221,33577,7766090.00,
530845,SUNSHIELD CH,X ,Q,229.60,229.60,227.00,229.60,229.60,218.70,111,10938,2510302.00,
530853,HIPOLIN LTD.,X ,Q,38.90,38.90,37.00,37.00,37.00,38.90,4,1036,38389.00,
530859,COSBOARD IND,Z ,Q,2.78,2.78,2.77,2.77,2.77,2.91,4,601,1667.00,
530871,CHEMBOND CHM,B ,Q,159.50,168.00,159.50,163.25,163.10,159.15,225,3359,556657.00,
530879,CIFL        ,X ,Q,109.95,109.95,95.15,104.55,104.05,102.40,18,216,22675.00,
530883,SUPER CROP. ,X ,Q,7.49,7.49,7.06,7.28,7.21,7.13,154,61912,445078.00,
530889,ALKA INDIA  ,XT,Q,0.19,0.20,0.19,0.19,0.19,0.19,130,266671,50733.00,
530897,N.G.IND.LTD.,X ,Q,43.00,46.00,42.10,43.10,43.10,44.45,22,1368,59385.00,
530899,ASIA PACK   ,X ,Q,18.05,18.05,17.15,17.15,17.15,18.05,2,200,3520.00,
530915,J.R.FOODS   ,XT,Q,3.92,3.99,3.73,3.99,3.99,3.92,10,6377,24058.00,
530919,REMSONS IND.,B ,Q,93.35,93.35,92.75,93.15,93.00,93.35,16,299,27799.00,
530931,STANPACKS(I),X ,Q,2.97,2.97,2.97,2.97,2.97,2.97,1,200,594.00,
530943,SRI ADHIKARI,B ,Q,1.57,1.58,1.46,1.58,1.58,1.52,11,7050,10961.00,
530951,RAMINFO     ,XT,Q,21.40,21.40,21.40,21.40,21.40,20.40,7,1098,23497.00,
530953,SUNIL AGRO F,X ,Q,36.75,36.75,34.80,35.10,34.80,35.00,7,596,21325.00,
530959,DIANA TEA CO,X ,Q,15.90,16.50,15.07,15.59,15.80,15.83,101,24455,378001.00,
530961,VIKASECO    ,B ,Q,5.05,5.40,4.94,4.94,4.94,5.20,248,364278,1802267.00,
530965,INDIAN OIL  ,A ,Q,85.00,86.00,84.10,85.80,85.80,84.55,2869,632548,53959467.00,
530973,ALFA ICA (I),XT,Q,24.90,24.90,24.90,24.90,24.90,23.75,9,69615,1733413.00,
530977,SKCIL       ,X ,Q,30.45,30.45,30.40,30.40,30.40,29.00,8,500,15215.00,
530979,INDIA HOME  ,X ,Q,45.00,45.00,41.10,42.65,42.65,42.25,86,10762,458508.00,
530997,UNIQUE ORGAN,XT,Q,17.44,17.44,17.44,17.44,17.44,17.10,20,11839,206472.00,
530999,BALAJI AMINE,B ,Q,1010.00,1029.55,1001.30,1007.85,1007.85,1004.25,2412,25247,25690090.00,
531025,VISAGAR FIN ,XT,Q,0.44,0.44,0.44,0.44,0.44,0.42,5,9829,4324.00,
531041,COMPETENT AU,X ,Q,127.30,139.75,127.30,132.75,133.50,130.95,34,1043,141372.00,
531067,CONTIL I LTD,X ,Q,13.15,13.15,11.97,11.97,11.97,12.59,10,905,10966.00,
531069,VIJAY SOLVEX,XT,Q,571.00,571.00,548.70,548.70,548.70,559.85,40,911,501162.00,
531080,SHRI KRISH  ,X ,Q,18.00,18.00,16.95,16.95,16.95,17.80,13,1437,24783.00,
531082,ALANKIT     ,B ,Q,15.85,16.00,15.65,15.65,15.65,15.75,73,14294,226527.00,
531083,NIHAR INFO  ,X ,Q,3.20,3.20,3.20,3.20,3.20,3.09,1,50,160.00,
531091,UNITED CRED.,X ,Q,9.00,10.69,9.00,9.50,9.75,9.79,19,1828,17424.00,
531092,OM MET INFRA,B ,Q,18.85,20.35,18.85,20.35,20.35,18.50,248,71183,1427411.00,
531099,RUBRA MEDICA,XT,Q,2.15,2.15,2.14,2.14,2.14,2.06,8,2311,4968.00,
531109,ISHAN DYES  ,X ,Q,45.90,46.75,44.00,46.00,46.00,43.75,71,25626,1173282.00,
531120,PATEL ENGG. ,B ,Q,11.70,13.36,11.70,13.11,13.11,11.74,821,275823,3525426.00,
531126,VIRTUALSOFT.,X ,Q,1.16,1.16,1.16,1.16,1.16,1.11,1,150,174.00,
531129,INANI MARBLE,X ,Q,18.25,18.70,17.90,18.00,18.00,17.88,10,1041,18873.00,
531137,GEMSTONE INV,XT,Q,1.73,1.73,1.73,1.73,1.73,1.76,55,17761,30726.00,
531146,MEDICAMEN BI,X ,Q,400.10,409.90,395.00,400.00,400.00,408.10,113,4961,1996404.00,
531147,ALICON      ,B ,Q,332.30,347.15,327.50,337.10,336.00,322.70,276,3698,1228327.00,
531153,DILIGENT    ,X ,Q,5.70,5.90,5.62,5.90,5.90,5.62,20,5212,30028.00,
531155,EPSOM PRO   ,XT,Q,6.51,6.51,6.51,6.51,6.51,6.85,1,20,130.00,
531156,ALFAVISON.OV,X ,Q,25.05,25.05,25.05,25.05,25.05,24.55,1,95,2379.00,
531157,ORGANIC COAT,X ,Q,3.61,3.61,3.61,3.61,3.61,3.80,6,2433,8783.00,
531158,CATVISION   ,X ,Q,5.35,5.35,5.35,5.35,5.35,5.15,8,14565,77922.00,
531161,ABM KNOWLEDG,X ,Q,101.15,105.70,101.00,103.20,102.00,104.50,194,18310,1882917.00,
531162,EMAMI LTD.  ,A ,Q,450.40,461.45,439.00,441.65,444.70,441.25,1846,31298,14068391.00,
531163,KEMISTAR    ,X ,Q,41.45,41.45,41.45,41.45,41.45,41.45,3,150,6217.00,
531169,SKP SECURE. ,X ,Q,43.50,43.50,43.50,43.50,43.50,43.50,1,110,4785.00,
531172,PRANAV.SPIN ,XT,Q,18.38,18.38,18.38,18.38,18.38,18.75,2,69,1268.00,
531173,SYSCHEM (I) ,X ,Q,6.50,6.78,6.25,6.60,6.60,6.47,40,7270,46960.00,
531179,ARMAN FIN   ,B ,Q,632.00,654.00,629.70,648.00,649.45,633.50,238,1738,1122128.00,
531192,MIDINFRA    ,XT,Q,0.85,0.85,0.85,0.85,0.85,0.82,7,2804,2383.00,
531198,DHANADACOL  ,XT,Q,2.88,2.88,2.74,2.74,2.74,2.88,9,251,688.00,
531199,GLANCE FIN. ,X ,Q,41.00,41.00,39.00,39.00,39.00,40.00,2,12,470.00,
531201,SHILCHAR TEC,X ,Q,181.50,211.00,181.50,205.00,205.00,200.00,40,734,145663.00,
531203,BRAND REAL  ,X ,Q,46.05,46.05,46.05,46.05,46.05,48.45,1,100,4605.00,
531209,NUCLE.SOFT E,B ,Q,555.00,564.50,545.10,553.90,551.50,555.80,688,8391,4678311.00,
531213,MANAP FIN   ,A ,Q,180.00,180.95,172.75,173.50,173.80,179.80,2650,268190,46849432.00,
531215,RTS POWER CO,X ,Q,31.35,32.75,31.30,32.20,32.00,32.35,44,9003,289266.00,
531216,COMFORT INTE,X ,Q,4.70,5.09,4.61,5.09,5.09,4.85,8,898,4252.00,
531223,ANJANI SYNT.,X ,Q,15.20,16.69,13.90,14.00,14.00,15.20,15,1536,22372.00,
531225,XTGLOBAL    ,X ,Q,25.55,25.95,24.35,25.10,25.10,25.05,77,13595,340518.00,
531233,RASI ELECTRO,X ,Q,3.13,3.13,2.67,2.80,2.80,2.67,22,3305,9071.00,
531234,VICTORY PAPR,X ,Q,100.65,100.65,94.60,96.40,98.00,95.90,9,441,43141.00,
531241,LINC PEN &PL,B ,Q,187.00,195.10,175.00,189.05,192.00,192.20,253,5391,1009651.00,
531252,ANERI       ,X ,Q,6.65,6.65,6.65,6.65,6.65,7.00,4,65,432.00,
531253,INDIA GELAT.,X ,Q,98.95,98.95,96.00,96.50,96.50,96.60,57,2804,270549.00,
531254,OPTIFIN     ,X ,Q,18.05,19.95,18.05,19.95,19.95,19.00,8,672,12418.00,
531255,PARAGON FIN.,X ,Q,14.00,14.00,14.00,14.00,14.00,14.10,2,304,4256.00,
531260,SUNEDISON   ,XT,Q,36.65,36.75,36.65,36.75,36.75,36.05,30,5173,189987.00,
531266,VST TILLERS ,B ,Q,1940.00,1970.95,1886.90,1937.90,1930.05,1924.50,807,3110,6019779.00,
531268,B2B SOFT.   ,XT,Q,9.99,10.19,9.43,10.10,10.10,9.90,14,2512,24974.00,
531273,RADHE DEVLOP,X ,Q,10.77,10.77,9.10,9.74,9.74,9.15,17,767,7220.00,
531278,ELIXIR      ,X ,Q,26.00,26.00,23.00,24.20,24.20,24.85,19,1178,28287.00,
531280,PANKAJ POLY.,X ,Q,4.05,4.05,3.76,3.76,3.76,3.95,8,1736,6527.00,
531281,P.G.IND.LTD.,XT,Q,4.17,4.17,4.09,4.14,4.16,4.09,64,15814,65292.00,
531289,NATFIT      ,X ,Q,30.25,34.90,28.10,32.85,32.80,30.65,45,4995,161681.00,
531297,ARTEFACT PR ,X ,Q,32.05,36.00,32.05,34.00,34.00,33.00,79,13697,462102.00,
531300,AMIT INTNL. ,Z ,Q,2.95,3.06,2.95,3.05,3.06,3.10,8,13779,41323.00,
531306,DHP INDIA LT,X ,Q,356.90,365.00,341.90,362.20,362.20,347.05,105,2536,904893.00,
531307,RRIL        ,X ,Q,6.06,6.06,6.06,6.06,6.06,5.95,11,10088,61133.00,
531310,AVAILABLE FI,X ,Q,4.45,4.45,4.45,4.45,4.45,4.37,2,2,8.00,
531322,HAVISHA     ,T ,Q,0.61,0.61,0.60,0.60,0.60,0.60,5,138,82.00,
531323,JAYIND      ,X ,Q,4.50,4.50,4.50,4.50,4.50,4.50,1,2300,10350.00,
531324,ROSELABS FIN,X ,Q,10.71,10.71,10.71,10.71,10.71,10.20,3,115,1231.00,
531328,KRETTOSYS   ,XT,Q,2.85,2.85,2.80,2.85,2.85,2.80,9,901,2547.00,
531334,VIKALP SEC. ,XT,Q,5.40,5.40,5.30,5.40,5.30,5.40,2,181,977.00,
531335,ZYDUS WELL  ,A ,Q,1900.10,1900.10,1865.00,1869.50,1869.50,1860.30,468,2269,4268157.00,
531336,AUROMA COKE ,XT,Q,4.90,4.90,4.90,4.90,4.90,4.90,9,614,3008.00,
531337,JUMPNET     ,B ,Q,19.70,19.70,19.70,19.70,19.70,20.10,57,7196,141761.00,
531341,GUJ.INVESTA ,X ,Q,1.49,1.49,1.49,1.49,1.49,1.47,2,595,886.00,
531344,CONTAIN.CORP,A ,Q,405.00,413.00,397.75,409.65,409.65,404.55,3021,79767,32369521.00,
531346,EASTERN TRED,X ,Q,33.20,36.30,33.20,36.30,36.30,34.90,7,179,5958.00,
531349,PANACEA BIOT,B ,Q,204.00,211.95,201.70,205.90,205.90,200.85,1591,50534,10462798.00,
531352,PEETI SECURT,XT,Q,6.12,6.12,6.12,6.12,6.12,6.44,1,11,67.00,
531358,CHOICE INT. ,X ,Q,126.00,129.10,121.80,125.95,125.00,125.40,78,9139,1157384.00,
531359,SHRIRAM ASSE,X ,Q,51.85,51.85,47.00,47.05,47.00,49.45,34,7001,333761.00,
531370,SPARC SYSTEM,X ,Q,3.21,3.21,3.21,3.21,3.21,3.06,1,25,80.00,
531373,BYKE HOSP   ,B ,Q,14.18,14.68,13.83,14.51,14.36,14.17,43,8178,116723.00,
531380,CENTENIAL SU,X ,Q,40.65,40.65,40.65,40.65,40.65,40.65,1,1,40.00,
531381,ARIHANT FOUN,B ,Q,18.00,18.00,17.80,17.80,17.80,17.20,2,4,71.00,
531387,HASTI FINANC,X ,Q,4.70,4.70,4.70,4.70,4.70,4.79,1,9,42.00,
531390,UPSURGE INV.,X ,Q,13.45,13.72,13.45,13.72,13.72,13.46,5,95,1289.00,
531398,SOURCENTRL  ,X ,Q,171.50,171.50,166.00,168.00,171.50,168.15,23,1582,266607.00,
531400,ALMONDZ GLO ,B ,Q,16.00,16.80,15.68,16.06,16.06,16.10,22,3040,49540.00,
531404,ZICOM ELECTR,Z ,Q,2.15,2.15,2.06,2.06,2.06,2.16,17,4347,8954.00,
531406,ANS LTD     ,XT,Q,22.70,22.70,22.70,22.70,22.70,22.70,1,20,454.00,
531411,TUNI TEXTILE,XT,Q,0.35,0.35,0.35,0.35,0.35,0.35,20,28209,9873.00,
531412,RADIX IND   ,XT,Q,29.05,29.15,29.05,29.05,29.05,30.45,5,153,4450.00,
531417,MEGA CORPN. ,XT,Q,0.60,0.60,0.57,0.60,0.60,0.58,13,15241,9144.00,
531426,TAMIL.NEWSPR,A ,Q,110.60,112.60,110.30,112.30,112.60,110.95,905,23630,2646685.00,
531429,ADVENT COMP.,X ,Q,1.19,1.19,1.19,1.19,1.19,1.14,2,700,833.00,
531431,SHAKTI PUMPS,T ,Q,250.90,250.90,234.00,242.20,243.00,239.10,258,14268,3492692.00,
531437,PWASML      ,X ,Q,18.60,19.40,18.55,19.40,19.40,19.40,4,1304,24254.00,
531439,GOLDSTONE EN,B ,Q,8.90,8.96,8.89,8.96,8.96,8.54,17,3131,28017.00,
531449,GRM OVERSEAS,X ,Q,353.00,359.50,340.00,350.65,350.00,344.45,69,3429,1216919.00,
531454,POLYLINK POL,XT,Q,11.09,11.50,10.54,10.61,11.22,11.09,25,9537,103562.00,
531471,DUKE OFFSHOR,XT,Q,9.29,9.29,9.29,9.29,9.29,8.85,23,3309,30740.00,
531472,CYBELE IND  ,X ,Q,6.79,6.79,6.16,6.16,6.16,6.48,8,678,4199.00,
531489,CG-VAK SOFTW,X ,Q,74.70,74.70,72.50,72.80,73.25,71.50,40,3203,233176.00,
531494,NAVKAR BUILD,X ,Q,8.55,8.55,8.01,8.01,8.01,8.39,6,1788,14913.00,
531497,MADHUCON PRJ,B ,Q,3.36,3.39,3.35,3.36,3.36,3.23,57,6150,20641.00,
531499,SYBLY INDS. ,XT,Q,3.42,3.42,3.32,3.32,3.32,3.36,7,10765,35740.00,
531500,RAJESH EXPO.,A ,Q,452.50,455.90,450.20,453.45,453.45,450.85,1531,18654,8453349.00,
531502,ESAAR (I)LTD,X ,Q,1.97,1.97,1.97,1.97,1.97,2.01,19,3730,7348.00,
531503,MARIS SPIN. ,XT,Q,33.25,33.25,32.80,32.80,32.80,34.50,2,18,594.00,
531508,EVEREADY (I),B ,Q,174.00,178.80,173.00,176.45,176.45,175.35,1053,61291,10865351.00,
531512,ORIENT TRADE,XT,Q,1.59,1.61,1.55,1.60,1.60,1.56,12,2310,3661.00,
531518,VIKASPROP   ,B ,Q,2.57,2.63,2.49,2.63,2.63,2.51,930,2358969,6099436.00,
531525,ACE SOFTWARE,X ,Q,15.45,15.45,15.00,15.00,15.00,14.81,9,1005,15302.00,
531531,HATSUN AGRO ,A ,Q,950.00,994.50,950.00,989.65,989.65,947.65,1447,13931,13700903.00,
531533,E.COM INFOTE,XT,Q,13.67,13.67,13.66,13.66,13.66,13.68,4,173,2363.00,
531539,RISHABH DIGH,X ,Q,20.00,20.80,19.55,20.35,20.35,20.20,19,1193,23616.00,
531540,MARUTI INFRA,X ,Q,17.90,18.85,17.50,18.65,17.95,17.90,37,7423,133220.00,
531541,KOBO        ,Z ,Q,6.65,6.78,6.65,6.78,6.78,6.65,2,2,13.00,
531543,JINDAL WORLD,B ,Q,52.00,52.00,46.20,47.70,47.75,51.00,794,78710,3790496.00,
531548,SOMANY CRAM ,A ,Q,280.60,304.15,278.90,300.85,300.85,280.60,1327,27330,8033453.00,
531552,RAGHUNATH TO,XT,Q,2.52,2.78,2.52,2.78,2.78,2.65,7,3100,7838.00,
531556,CORAL (I)FIN,B ,Q,20.60,20.60,18.80,19.70,19.90,19.95,74,12552,247036.00,
531569,SANJIVANI PA,XT,Q,10.00,10.22,10.00,10.17,10.22,9.74,11,1804,18123.00,
531578,KMF BUILDERS,XT,Q,2.68,2.68,2.68,2.68,2.68,2.56,2,60,160.00,
531591,BAMPSL SECUR,XT,Q,0.84,0.88,0.80,0.81,0.81,0.84,21,16065,13571.00,
531592,GENPHARMA   ,X ,Q,12.50,12.93,12.40,12.77,12.77,12.40,609,267074,3373853.00,
531595,CGCL        ,A ,Q,290.20,299.00,286.50,296.25,299.00,291.80,3247,51476,15130911.00,
531599,FDC LIMITED ,A ,Q,346.95,352.10,342.30,343.45,344.75,344.00,1441,21883,7601353.00,
531609,KG PETROCHEM,XT,Q,154.80,155.45,149.50,155.45,155.45,148.05,57,2607,404853.00,
531613,MAL         ,XT,Q,0.61,0.61,0.61,0.61,0.61,0.61,7,908,553.00,
531624,COUNTRY COND,T ,Q,2.56,2.56,2.48,2.56,2.56,2.44,37,28756,73208.00,
531633,LINCOLN PHAR,B ,Q,243.00,243.00,236.90,238.15,238.15,241.75,272,3970,952366.00,
531635,SILVER OAK  ,XT,Q,12.74,12.74,12.74,12.74,12.74,13.40,1,2,25.00,
531637,PRAVEG      ,X ,Q,51.45,51.45,49.45,49.50,50.20,50.45,134,23912,1210062.00,
531642,MARICOLTD   ,A ,Q,372.00,375.05,362.80,373.75,373.15,364.95,1444,44590,16526083.00,
531644,TOKYO FINANC,X ,Q,10.48,10.48,10.48,10.48,10.48,9.99,1,50,524.00,
531648,MAHAVIRIND  ,XT,Q,0.78,0.81,0.75,0.81,0.81,0.78,3,127,98.00,
531658,TRIJAL IND. ,XT,Q,2.10,2.10,2.10,2.10,2.10,2.10,1,6,12.00,
531668,VISION CORPO,X ,Q,0.88,0.88,0.88,0.88,0.88,0.84,8,4021,3538.00,
531676,VAGHANI     ,X ,Q,9.31,9.31,9.31,9.31,9.31,9.31,3,101,940.00,
531680,MAYUR LEATHR,XT,Q,5.40,5.40,5.40,5.40,5.40,5.40,1,6,32.00,
531687,KARUTURI GLO,Z ,Q,0.24,0.25,0.23,0.25,0.25,0.24,151,1557865,372801.00,
531688,PRITHVIEXCH ,X ,Q,19.75,19.75,19.75,19.75,19.75,18.90,3,248,4898.00,
531716,TRICOMFRU   ,X ,Q,4.72,4.72,4.72,4.72,4.72,4.50,2,120,566.00,
531717,VIDHIING    ,B ,Q,121.30,124.40,120.35,121.50,122.50,122.45,447,9811,1196691.00,
531719,BHAGIRA.CHEM,X ,Q,480.00,490.00,466.05,473.35,470.00,481.30,95,1986,953348.00,
531726,PANCHSHEEL O,X ,Q,71.00,71.85,69.20,71.85,71.85,70.45,9,456,31862.00,
531727,MENON PISTON,X ,Q,14.14,14.35,13.67,14.09,14.35,13.90,129,43664,620213.00,
531737,GREENCREST  ,X ,Q,0.49,0.49,0.49,0.49,0.49,0.49,6,1770,867.00,
531739,GENNEX LAB  ,X ,Q,4.15,4.20,3.94,4.11,4.11,4.14,542,380369,1545399.00,
531744,GINI SILK MI,X ,Q,63.90,63.90,63.90,63.90,63.90,61.40,1,5,319.00,
531746,PRAJAY ENGS.,B ,Q,6.44,7.20,6.44,7.12,7.10,6.55,113,40686,275791.00,
531752,SUN TECHNO  ,XT,Q,0.20,0.22,0.20,0.21,0.21,0.21,25,48128,9972.00,
531761,APOLLOPIPES ,B ,Q,650.00,702.45,650.00,692.30,692.30,658.70,603,4936,3378253.00,
531762,UNJHA FORMUL,X ,Q,7.15,7.50,7.15,7.50,7.50,7.15,4,1100,7900.00,
531768,POLY MEDICUR,B ,Q,489.60,496.00,487.00,488.15,491.40,489.20,216,2621,1290164.00,
531775,CISTRO TELE.,XT,Q,0.29,0.29,0.29,0.29,0.29,0.29,2,400,116.00,
531784,KCLINFRA    ,XT,Q,1.05,1.05,1.05,1.05,1.05,1.00,6,6030,6331.00,
531795,ATUL AUTO   ,B ,Q,170.10,177.90,170.10,173.55,173.50,170.75,1551,43087,7478429.00,
531802,PRERNA INFR ,X ,Q,20.60,20.90,20.60,20.85,20.90,20.60,2,36,751.00,
531813,GANGAPAPERS ,XT,Q,29.50,29.50,28.10,28.70,28.70,29.40,8,2030,59867.00,
531814,TIRUPATI SAR,X ,Q,8.40,8.40,6.96,7.60,7.57,7.00,36,6104,47462.00,
531822,RODIUM      ,X ,Q,96.85,96.85,94.00,95.20,94.00,96.50,10,1592,153761.00,
531832,NAGAR.AGRITE,X ,Q,3.54,3.70,3.54,3.70,3.70,3.53,16,3404,12554.00,
531842,LAHOTI OVER.,X ,Q,14.00,14.75,13.35,13.42,13.37,13.30,41,1738,23971.00,
531845,ZENITHSTL   ,T ,Q,1.04,1.05,1.03,1.05,1.05,1.08,13,61000,63645.00,
531846,TRINITYLEA  ,XT,Q,10.92,10.92,10.92,10.92,10.92,10.44,2,110,1201.00,
531859,ORIENTAL VEN,X ,Q,40.20,41.00,39.00,39.35,39.05,39.50,28,3451,136872.00,
531861,JOINDRE CAPI,X ,Q,18.50,18.80,17.50,18.25,18.65,18.35,11,145,2594.00,
531862,BHARATAGRI  ,X ,Q,172.85,175.40,167.70,170.15,170.00,172.85,12,282,48267.00,
531867,UNITECH INTE,X ,Q,4.07,4.07,4.07,4.07,4.07,4.28,2,600,2442.00,
531869,SACHETA MET.,X ,Q,14.51,14.85,14.20,14.42,14.41,15.09,71,19967,287950.00,
531879,PIONEER DIS.,B ,Q,106.25,111.20,106.15,110.40,110.50,107.90,68,3003,327899.00,
531881,GMETCOAL    ,Z ,Q,8.50,8.70,8.50,8.70,8.70,8.32,3,29,247.00,
531882,KWALITYLTD  ,B ,Q,3.00,3.06,2.96,3.06,3.06,2.92,345,464734,1419141.00,
531888,REXNORD ELE.,X ,Q,27.90,27.90,26.65,27.00,27.00,26.60,15,1213,33036.00,
531889,INTEG.TECH. ,XT,Q,0.94,0.94,0.94,0.94,0.94,0.90,1,50,47.00,
531892,KHANDWALA SE,B ,Q,9.15,9.22,9.15,9.22,9.22,8.99,2,124,1142.00,
531893,SAWACA BUSI ,X ,Q,0.75,0.78,0.75,0.78,0.78,0.75,6,4332,3375.00,
531900,CCL INTER   ,X ,Q,14.70,14.70,14.20,14.20,14.20,14.45,5,1015,14913.00,
531909,SWAGRUHA    ,XT,Q,6.36,6.36,6.36,6.36,6.36,6.07,2,101,642.00,
531917,TWINSTAR SOF,Z ,Q,0.74,0.77,0.74,0.77,0.77,0.74,5,1650,1269.00,
531921,AGAR IND COR,B ,Q,88.80,89.00,86.00,86.00,86.00,85.55,20,456,39951.00,
531923,DHAMPURE SGR,X ,Q,18.85,19.70,18.50,18.55,18.55,18.85,13,901,17123.00,
531925,SHANTANU SHE,XT,Q,1.02,1.02,0.97,0.97,0.97,1.02,24,24790,24558.00,
531950,VERTEX SEC. ,X ,Q,0.88,0.88,0.88,0.88,0.88,0.85,3,5200,4576.00,
531952,RIBA TEXTILS,X ,Q,35.70,36.45,33.10,35.00,36.45,35.70,147,158866,5497481.00,
531962,SHREMETAL   ,XT,Q,19.65,19.65,19.65,19.65,19.65,20.60,1,200,3930.00,
531968,IITL PROJ   ,XT,Q,21.15,23.35,21.15,23.20,23.20,22.25,6,97,2098.00,
531977,CHARTERLOGIS,X ,Q,3.00,3.58,2.91,3.55,3.55,2.99,265,266295,895101.00,
531978,AMBIKA COTTO,B ,Q,708.40,728.00,708.40,721.70,718.00,723.10,193,2657,1926176.00,
531979,HIND ALUMIN ,X ,Q,38.50,39.85,37.00,38.00,38.00,36.70,33,3630,137566.00,
531991,AMRAWOR AGRI,XT,Q,0.36,0.36,0.36,0.36,0.36,0.37,5,1381,497.00,
531996,ODYSSEY CORP,X ,Q,0.72,0.72,0.72,0.72,0.72,0.75,4,1750,1260.00,
532005,SAM INDUS.  ,X ,Q,8.70,8.70,8.70,8.70,8.70,8.29,1,50,435.00,
532011,POOJA ENT   ,XT,Q,56.35,56.35,56.35,56.35,56.35,57.50,2,160,9016.00,
532015,GRAVITY (I) ,XT,Q,1.39,1.45,1.39,1.42,1.42,1.39,16,3057,4392.00,
532022,FILAT FASH  ,X ,Q,2.32,2.49,2.32,2.32,2.32,2.44,16,10588,24579.00,
532029,SINDHU TRADE,XT,Q,50.60,52.00,50.60,52.00,52.00,49.55,7,549,28534.00,
532033,JAIN STUDIOS,Z ,Q,1.31,1.43,1.31,1.37,1.37,1.37,4,733,1047.00,
532035,UNISTAR MULT,X ,Q,0.94,0.94,0.94,0.94,0.94,0.90,1,2,1.00,
532039,ZENOTECH    ,X ,Q,31.45,31.95,29.50,30.10,30.25,30.80,122,21941,660727.00,
532041,HINDUSTN BIO,X ,Q,2.76,2.76,2.55,2.76,2.76,2.63,33,13330,36727.00,
532051,SWELECT     ,B ,Q,150.00,157.25,150.00,157.25,157.25,149.80,190,8563,1334867.00,
532053,WALLFORT FIN,X ,Q,27.50,27.85,27.20,27.30,27.30,27.45,26,2021,55694.00,
532054,KDDL LTD    ,B ,Q,178.45,189.75,175.95,186.00,183.95,174.95,136,1416,258494.00,
532056,ADINATH EXIM,XT,Q,5.81,5.81,5.81,5.81,5.81,5.83,2,351,2039.00,
532067,KILPEST (I) ,X ,Q,367.80,367.80,340.60,340.75,340.75,358.50,1985,69072,23829444.00,
532070,SUPERB PAPER,X ,Q,11.20,11.20,10.70,10.70,10.70,11.10,11,88600,968920.00,
532090,VANDANA     ,XT,Q,0.50,0.50,0.46,0.48,0.47,0.48,15,21247,10250.00,
532092,SAGARPROD   ,XT,Q,8.36,8.36,8.20,8.20,8.20,8.36,4,220,1805.00,
532113,BRIJLAXMI LE,X ,Q,2.46,2.46,2.42,2.42,2.42,2.42,12,3330,8173.00,
532114,AREALTY     ,XT,Q,0.95,0.95,0.95,0.95,0.95,0.95,2,269,255.00,
532123,BSE  INFRA  ,B ,Q,0.99,0.99,0.99,0.99,0.99,0.95,4,4596,4550.00,
532124,RELIAB VEN  ,X ,Q,8.00,8.79,7.80,8.79,8.79,8.63,21,2265,18854.00,
532134,BANKBARODA  ,A ,Q,51.70,54.20,51.20,53.75,53.75,51.30,4813,2131700,113160590.00,
532141,ANDHRA CEMEN,B ,Q,5.00,5.09,4.85,5.01,5.05,4.84,157,95446,474634.00,
532143,SKM EGG PROD,B ,Q,49.85,51.05,49.05,49.55,49.55,50.00,197,6053,302547.00,
532144,WELCORP     ,A ,Q,118.10,127.30,116.50,125.55,125.55,118.10,4461,258113,31952885.00,
532145,H.S.(I) LTD.,X ,Q,4.30,4.35,4.30,4.35,4.35,4.15,9,630,2739.00,
532149,BNK OF INDIA,A ,Q,45.50,47.15,45.10,46.60,46.60,45.10,2422,623441,28765074.00,
532150,INDRAPRAST  ,B ,Q,51.85,52.55,51.50,51.90,52.10,51.65,314,24034,1248960.00,
532155,GAIL (I) LTD,A ,Q,104.35,111.90,103.30,110.80,110.80,102.50,10393,2631312,287533279.00,
532156,VAIBHAVGBL  ,A ,Q,2175.00,2180.00,2125.00,2149.50,2151.00,2126.95,257,1353,2911764.00,
532159,TRESCON     ,X ,Q,72.00,74.00,67.25,70.20,67.25,70.25,37,3759,268299.00,
532162,JK PAPER    ,B ,Q,97.90,98.50,96.15,97.50,97.50,96.45,1357,90468,8826842.00,
532163,SAREGAMA (I),B ,Q,768.50,781.00,766.25,769.55,769.00,780.45,169,884,682286.00,
532173,CYBERTECH   ,B ,Q,79.25,86.20,78.70,84.45,84.05,78.40,1303,62985,5237349.00,
532174,ICICI BANK  ,A ,Q,483.00,488.50,474.15,485.25,485.25,472.80,7351,525524,253517590.00,
532175,CYIENT      ,A ,Q,493.00,495.95,475.75,479.25,480.35,490.05,2174,41103,19866209.00,
532178,ENGINRS.(I) ,A ,Q,75.35,75.55,74.65,74.80,74.80,74.15,911,146287,10996349.00,
532180,DHANALAK.BNK,B ,Q,12.35,12.59,12.35,12.47,12.46,12.36,260,105023,1311255.00,
532181,GUJ.MINERAL ,A ,Q,46.90,48.10,46.30,47.25,47.25,47.00,869,130537,6182379.00,
532183,GAYATRI SUGR,X ,Q,1.32,1.38,1.27,1.38,1.38,1.32,27,18588,24543.00,
532187,INDUSIND BNK,A ,Q,862.20,900.00,857.70,895.10,895.10,857.65,29999,773812,681644850.00,
532189,INDIA TOURIS,A ,Q,260.85,272.50,260.85,267.15,267.50,266.40,1524,30332,8136607.00,
532209,J & K BANK  ,A ,Q,24.20,24.50,23.88,24.05,24.05,23.91,2797,1047166,25295607.00,
532210,CITY UNION  ,A ,Q,186.00,187.05,180.50,182.25,182.25,185.90,1095,29511,5422037.00,
532212,ARCHIES LTD ,B ,Q,14.30,14.99,14.30,14.75,14.95,14.28,49,10702,157012.00,
532215,AXIS BANK   ,A ,Q,609.00,611.75,596.25,603.45,603.45,602.10,11071,521910,314373748.00,
532216,HB STOCKHOL.,B ,Q,5.50,5.51,5.50,5.51,5.51,5.41,8,422,2321.00,
532218,SOUTH IND.BK,A ,Q,7.60,7.96,7.59,7.91,7.91,7.57,45742,5280504,41411530.00,
532219,ENERGY DEV. ,B ,Q,6.85,7.00,6.50,6.56,6.56,6.73,40,11675,78439.00,
532221,SONATA SOFT.,A ,Q,349.65,349.65,341.50,344.55,344.55,339.70,355,6645,2293669.00,
532230,BENGAL TEA &,X ,Q,36.00,38.00,36.00,38.00,38.00,36.90,7,1081,39489.00,
532234,NAT.ALUM    ,A ,Q,39.15,40.00,38.70,39.75,39.75,39.20,3554,1733892,68133730.00,
532240,INDIA NIPPON,B ,Q,331.05,346.10,331.05,342.05,341.00,344.40,632,5135,1756725.00,
532256,NALWA SONS  ,B ,Q,895.00,965.20,895.00,955.95,960.00,898.05,126,801,751362.00,
532259,APAR INDUS. ,B ,Q,350.90,355.80,350.35,354.30,353.50,351.05,882,5072,1795298.00,
532268,ACCELYA     ,B ,Q,869.50,875.55,869.00,871.60,871.60,865.35,91,308,268485.00,
532271,CYBERMATE   ,Z ,Q,1.00,1.00,0.92,0.99,0.99,0.96,43,24991,23584.00,
532281,HCL TECHNO  ,A ,Q,828.10,835.80,815.05,834.05,834.05,822.20,8034,241048,199517715.00,
532282,CASTEXTECH  ,T ,Q,0.34,0.34,0.34,0.34,0.34,0.35,4,825,280.00,
532284,TCFC FINANCE,X ,Q,20.70,22.65,20.10,22.00,22.00,20.75,45,2625,54440.00,
532285,GEOJITFSL   ,B ,Q,39.25,40.15,39.00,40.05,40.15,39.35,401,45978,1832425.00,
532286,JINDAL STE  ,A ,Q,244.50,257.30,243.60,253.50,253.50,244.30,6410,535575,134195065.00,
532290,BLB LTD.    ,B ,Q,4.74,4.74,4.74,4.74,4.74,4.76,3,100,474.00,
532296,GLENMARK PHA,A ,Q,475.00,480.55,473.65,476.70,476.70,471.20,2155,72972,34809866.00,
532300,WOCKHARDT   ,A ,Q,460.00,472.80,450.10,462.15,460.10,451.90,4749,100696,46643767.00,
532301,TATA COFFEE ,A ,Q,103.25,107.80,103.25,105.70,105.35,103.15,2582,192148,20340933.00,
532305,IND-SWIFT LA,B ,Q,61.50,63.80,60.45,63.80,63.80,60.80,178,20008,1264624.00,
532309,GEPIL       ,A ,Q,265.05,280.00,261.30,273.60,273.60,274.25,2331,58265,15894649.00,
532310,SHREE RAMA  ,B ,Q,7.14,7.50,6.90,6.92,7.01,7.15,60,14608,103344.00,
532313,MAHINDRALIFE,A ,Q,289.35,344.10,289.35,326.00,320.05,289.20,6184,55209,17680898.00,
532320,VAARAD      ,X ,Q,3.71,3.71,3.37,3.70,3.70,3.54,25,3092,10683.00,
532321,CADILA HEALT,A ,Q,461.00,461.00,442.20,453.45,453.45,450.10,7135,329823,148741237.00,
532323,SHIVA CEMENT,XT,Q,18.14,18.14,18.14,18.14,18.14,17.28,155,94880,1721123.00,
532324,CINEVISTA   ,B ,Q,7.48,7.48,6.93,7.40,7.40,7.14,18,1107,7878.00,
532326,INTENS TECH ,B ,Q,33.00,34.00,32.80,33.40,33.95,32.95,87,8943,296847.00,
532329,DANLAW TECH.,X ,Q,78.25,78.30,71.65,78.30,78.30,74.60,24,3299,255558.00,
532330,BIOPAC INDIA,XT,Q,1.95,1.95,1.77,1.77,1.77,1.86,66,64348,116657.00,
532331,AJANTA PHARM,A ,Q,1544.45,1559.80,1528.70,1532.80,1537.00,1536.05,475,5493,8479585.00,
532333,HB PORTFOLIO,X ,Q,18.90,19.75,17.10,18.15,18.15,17.95,52,11071,207114.00,
532334,HB ESTATE DE,X ,Q,8.65,9.03,8.60,9.03,9.03,8.60,22,3076,27521.00,
532339,COMPUCOM SOF,B ,Q,7.20,7.36,7.09,7.25,7.24,7.03,160,26830,194429.00,
532341,IZMO        ,B ,Q,49.70,50.30,49.70,50.30,50.30,47.95,35,2415,120767.00,
532343,TVS MOTOR L ,A ,Q,508.90,508.90,492.90,500.15,500.15,499.35,1790,65799,32836687.00,
532344,SOFTSOL (I) ,X ,Q,42.20,42.20,42.20,42.20,42.20,41.40,8,660,27852.00,
532345,GATI LTD.   ,B ,Q,90.80,91.05,89.10,89.75,90.00,89.00,746,34543,3116737.00,
532348,SUBEX LTX   ,B ,Q,23.45,27.40,23.45,27.40,27.40,22.85,12161,6580109,171912085.00,
532349,TRANSPORT CO,B ,Q,254.00,260.00,250.35,254.15,252.20,253.30,483,5793,1477709.00,
532350,PADMALAYA TE,Z ,Q,2.00,2.08,1.90,2.06,2.07,2.00,22,8664,17480.00,
532351,AKSH OPTIFIB,B ,Q,6.51,6.91,6.50,6.85,6.85,6.59,208,65146,442536.00,
532356,TRIVENI ENGG,B ,Q,73.50,73.50,71.00,71.35,71.35,71.85,861,58312,4192370.00,
532357,MUKTA ARTS  ,B ,Q,27.60,30.25,27.50,30.00,30.20,28.00,249,5587,164913.00,
532359,HITKIT GLOB ,X ,Q,0.23,0.23,0.23,0.23,0.23,0.24,3,2660,611.00,
532362,NAGPUR POWER,X ,Q,23.45,24.50,22.50,23.10,23.10,23.45,5,1113,27148.00,
532365,DYNACONS SYS,B ,Q,43.00,44.50,42.35,43.05,43.00,44.50,86,8949,387225.00,
532366,PNB GILTS   ,B ,Q,42.95,42.95,41.15,41.80,41.75,42.20,360,50076,2095965.00,
532368,BCG         ,B ,Q,5.00,5.11,4.81,4.91,4.91,4.94,5389,1242909,6184206.00,
532369,RAMCO INDS. ,B ,Q,210.00,218.35,206.85,213.85,213.55,208.60,576,9639,2064205.00,
532370,RAMCO  SYSTM,B ,Q,443.50,467.40,443.20,467.40,467.40,445.15,861,40536,18793894.00,
532371,TATA TELESER,T ,Q,7.57,7.57,6.85,7.03,7.00,7.21,1960,1418595,9826149.00,
532372,VIRINCHI    ,X ,Q,37.10,41.15,37.10,40.10,40.10,37.20,773,130138,5179728.00,
532373,WEPSOLN     ,X ,Q,18.00,19.35,18.00,18.95,19.35,18.05,30,8456,159075.00,
532374,STER TECH   ,A ,Q,164.20,164.20,159.30,160.40,160.30,162.70,1122,42481,6838601.00,
532375,TIPSINDUSTR ,B ,Q,259.25,265.75,259.25,262.15,262.15,256.75,86,492,129984.00,
532376,MRO-TEK     ,B ,Q,24.30,24.30,24.30,24.30,24.30,23.15,4,550,13365.00,
532378,UNIVERSAL A ,X ,Q,0.77,0.80,0.77,0.80,0.80,0.77,5,1242,992.00,
532379,FIRSTOBJ    ,X ,Q,6.50,6.50,6.21,6.21,6.21,6.53,14,945,5933.00,
532380,BABA ARTS   ,X ,Q,10.29,10.29,9.31,9.34,9.34,9.80,52,17611,166098.00,
532382,BALAJI TELE.,B ,Q,60.00,64.80,60.00,62.65,62.65,59.85,727,62947,3904769.00,
532384,TYCHE INDS  ,X ,Q,220.90,224.45,211.95,222.40,224.00,217.05,380,25889,5611989.00,
532386,CALIFORN.SOF,B ,Q,9.65,9.69,9.24,9.50,9.50,9.23,49,15781,151288.00,
532387,PRITISHN COM,B ,Q,15.94,15.94,14.95,14.95,14.95,14.61,10,714,10940.00,
532388,INDIAN OVER.,A ,Q,10.92,11.01,10.85,10.88,10.88,10.97,1205,550280,5994288.00,
532390,TAJ GVK HOTL,B ,Q,145.00,145.00,139.00,140.15,140.10,140.60,469,11580,1633740.00,
532391,OPTO CIRCUIT,T ,Q,4.81,5.31,4.81,5.31,5.31,5.06,308,407221,2005078.00,
532392,CREATIVE EYE,B ,Q,2.88,2.88,2.71,2.71,2.71,2.75,6,1209,3418.00,
532395,AXISCADES   ,B ,Q,51.65,51.90,49.00,49.55,49.30,50.80,354,45871,2307788.00,
532397,KONNDOR     ,XT,Q,1.59,1.66,1.59,1.66,1.66,1.59,2,102,169.00,
532398,UMESL       ,B ,Q,1.44,1.44,1.40,1.40,1.40,1.40,4,437,629.00,
532400,BSOFT       ,A ,Q,197.00,199.70,192.75,193.35,193.35,198.25,2348,79716,15523680.00,
532402,USGTECH     ,X ,Q,1.97,1.97,1.97,1.97,1.97,2.07,3,130,256.00,
532404,SAVEN TECHNO,XT,Q,41.00,41.00,41.00,41.00,41.00,41.80,61,6050,248050.00,
532406,AVANTEL LTD ,X ,Q,355.00,358.95,344.00,351.35,352.95,357.70,252,11514,4045662.00,
532407,MOSCHIP     ,X ,Q,11.56,11.89,11.35,11.53,11.37,11.53,66,23160,266684.00,
532408,MEGASOFT LTD,B ,Q,8.20,8.50,8.02,8.50,8.50,8.10,51,29591,247443.00,
532410,TRANSCORP IN,X ,Q,9.00,10.00,9.00,9.88,9.50,9.16,51,6869,65836.00,
532413,CEREBRA INTE,B ,Q,27.75,28.50,27.65,28.00,27.90,27.65,268,57293,1611511.00,
532416,MID-DAY MULT,B ,Q,4.33,4.33,4.33,4.33,4.33,4.55,1,500,2165.00,
532419,SMARTLINK   ,B ,Q,74.00,74.05,72.60,73.30,72.60,73.10,62,4759,349430.00,
532424,GODREJ CONS ,A ,Q,705.15,715.00,702.80,705.60,706.85,699.80,3859,49577,35137710.00,
532430,BF UTILI    ,B ,Q,258.75,280.00,256.50,270.15,270.15,256.65,3940,117109,31722682.00,
532432,UNITD SPR   ,B ,Q,551.00,569.00,547.85,566.95,566.15,547.85,2264,63687,35553055.00,
532435,SANINFRA    ,X ,Q,73.85,74.00,72.30,72.30,72.30,73.50,7,7453,545628.00,
532439,OLECTRA     ,B ,Q,70.00,73.05,66.35,70.55,71.50,67.90,849,36174,2525614.00,
532440,MPS LTD     ,B ,Q,370.95,380.00,346.95,365.15,365.70,365.65,289,3740,1361425.00,
532441,RNBOWDENIM  ,X ,Q,1.34,1.34,1.34,1.34,1.34,1.41,1,80,107.00,
532443,CERA SANITAR,A ,Q,3127.00,3318.25,3051.90,3303.00,3301.95,3127.60,881,2644,8581250.00,
532444,T. SPIRITUAL,X ,Q,0.26,0.26,0.26,0.26,0.26,0.26,3,201,52.00,
532454,BHARTI ARTL ,A ,Q,464.25,482.20,460.55,479.35,479.35,463.30,25836,1193152,567247277.00,
532455,SHALIMAR WIR,X ,Q,4.39,4.40,4.00,4.09,4.09,4.13,37,5683,23528.00,
532456,COMPUAGE INF,B ,Q,12.90,15.36,12.50,13.71,13.71,12.80,1285,312274,4283765.00,
532457,GULSHAN POLY,B ,Q,81.00,81.00,77.30,77.70,78.15,80.25,219,8345,653645.00,
532459,FAZE3AUTO   ,XT,Q,54.90,54.90,50.35,53.70,53.70,52.85,14,3317,171704.00,
532460,PONNI SUG(ER,B ,Q,160.30,165.00,155.55,162.20,162.35,160.30,117,541,87801.00,
532461,PUNJAB NATIO,A ,Q,34.00,34.60,33.30,34.45,34.45,33.45,9662,3552732,121163126.00,
532466,ORACLE FIN  ,A ,Q,3058.00,3058.00,3012.00,3016.40,3023.65,3041.35,691,2055,6214598.00,
532467,HAZ MUL PRO ,X ,Q,0.95,0.95,0.87,0.95,0.95,0.91,19,6449,5908.00,
532468,KAMAHOLDING ,B ,Q,5116.55,5423.65,5116.55,5211.95,5229.00,5212.10,35,112,587066.00,
532475,APTECH LTD  ,B ,Q,122.10,125.45,122.00,123.05,123.30,121.25,490,19902,2456814.00,
532477,UNION BANK L,A ,Q,28.30,29.25,28.25,28.90,28.90,28.00,2659,935046,26978364.00,
532478,UNITED BREWA,A ,Q,1080.00,1090.80,1035.90,1088.00,1088.65,1037.30,1292,22581,24026205.00,
532479,ISMT LTD    ,B ,Q,10.87,10.87,10.87,10.87,10.87,10.36,42,36973,401896.00,
532481,NOIDA-TOLL B,T ,Q,6.10,6.22,5.88,6.22,6.22,5.99,33,9819,59086.00,
532482,GRANULES (I),A ,Q,423.00,438.00,423.00,428.60,428.60,412.45,3536,130043,55939903.00,
532483,CANARA BANK ,A ,Q,104.25,110.40,104.15,110.00,110.00,103.75,4936,1112784,120402289.00,
532485,BALMER LA.IN,B ,Q,351.10,352.50,341.35,350.20,350.20,348.50,338,10659,3721369.00,
532486,POKARNA LTD ,B ,Q,141.95,141.95,138.20,139.00,138.20,141.70,235,5631,788384.00,
532488,DIVI'S LAB. ,A ,Q,3760.00,3760.00,3599.75,3620.50,3615.00,3607.60,5825,78109,285384248.00,
532493,ASTRA MICRO ,B ,Q,115.00,115.75,112.20,113.95,114.00,112.15,555,25131,2868329.00,
532497,RADICOKHAIT ,A ,Q,455.50,465.25,451.60,453.70,453.10,454.20,626,12207,5589811.00,
532498,SHRMCITYUN  ,A ,Q,1098.30,1110.80,1070.00,1088.05,1088.05,1082.75,549,2848,3096397.00,
532500,MARUTISUZUK ,A ,Q,7105.00,7120.95,6981.10,7099.10,7099.10,7026.70,3937,22165,156636433.00,
532503,RAJAPAMILLS ,X ,Q,625.00,665.95,625.00,640.00,640.00,630.00,158,2877,1855726.00,
532504,NAVIN FLUORI,A ,Q,2739.95,2750.00,2658.70,2678.55,2676.00,2682.70,1143,5608,15193527.00,
532505,UCOBANK     ,A ,Q,12.55,12.59,12.35,12.44,12.44,12.38,661,330463,4109220.00,
532507,BAG FIL MED ,B ,Q,2.49,2.60,2.45,2.56,2.60,2.51,31,28163,70832.00,
532508,JSL         ,A ,Q,63.00,65.50,62.90,64.20,64.20,63.80,1238,80894,5197345.00,
532509,SUPRAJIT ENG,A ,Q,197.55,197.55,193.85,194.30,194.60,195.80,210,2230,434972.00,
532513,TVSELE      ,B ,Q,102.15,107.00,101.90,103.40,103.00,101.90,887,26197,2729616.00,
532514,INDRA GAS   ,A ,Q,497.00,501.55,481.40,482.45,482.45,496.25,3439,114766,55999321.00,
532515,TV TODAY    ,A ,Q,206.40,214.00,205.40,207.20,206.95,203.20,1578,25052,5228012.00,
532521,PALRED      ,B ,Q,35.00,36.75,34.95,34.95,34.95,36.75,51,5866,205360.00,
532522,PETRONET LNG,A ,Q,257.45,257.45,251.45,254.20,254.20,249.40,1451,73736,18734195.00,
532523,BIOCON LTD. ,A ,Q,431.15,438.25,430.00,433.25,433.25,429.35,3980,144201,62654473.00,
532524,PTC INDIA   ,A ,Q,54.95,57.85,54.75,57.20,57.20,54.65,1960,244505,13929511.00,
532525,BANK MAHA   ,A ,Q,12.49,12.71,12.29,12.44,12.44,12.18,614,554292,6929607.00,
532527,RK FORGINGS ,B ,Q,457.20,475.00,450.10,456.70,455.85,452.30,525,9423,4324389.00,
532528,DATAM GLOB  ,B ,Q,80.95,80.95,76.85,77.65,77.70,77.55,277,10553,827869.00,
532529,NDTV        ,B ,Q,40.40,40.80,40.40,40.40,40.40,42.50,35,5378,217429.00,
532531,STAR        ,A ,Q,760.00,801.80,760.00,796.40,793.50,764.35,3425,55210,43492069.00,
532532,JAIPRA      ,B ,Q,3.70,3.85,3.70,3.84,3.84,3.67,4181,2404996,9220335.00,
532538,ULTRATECH CM,A ,Q,4802.75,4936.00,4802.75,4909.80,4909.80,4802.75,3870,26939,132067249.00,
532539,MINDA IND   ,A ,Q,387.00,392.00,378.60,388.15,389.80,386.25,513,10065,3902127.00,
532540,TCS LTD.    ,A ,Q,2680.00,2735.00,2625.10,2726.95,2726.95,2679.15,7080,90136,242663048.00,
532541,COFORGE     ,A ,Q,2449.00,2475.00,2391.45,2454.90,2448.00,2399.85,738,3691,8998821.00,
532543,GULFPETRO   ,B ,Q,43.25,43.90,42.90,43.35,43.00,43.15,88,3101,134443.00,
532548,CENTURYPLY  ,A ,Q,198.10,212.00,198.10,208.25,208.25,200.35,1377,50579,10398162.00,
532553,WELENT      ,B ,Q,81.20,83.15,81.20,82.35,82.75,81.20,243,9539,781426.00,
532555,NTPC LTD    ,A ,Q,95.50,96.10,93.50,93.75,93.75,94.20,3398,709795,67170644.00,
532604,SALSTEEL    ,B ,Q,2.93,2.95,2.93,2.95,2.95,2.92,7,5013,14688.00,
532605,JBM AUTO    ,B ,Q,272.65,288.55,270.20,286.80,284.00,270.55,871,9224,2614953.00,
532610,DWAR SUGAR  ,B ,Q,29.30,30.55,29.05,30.45,30.45,29.45,710,153022,4608996.00,
532612,INDOCO REM  ,B ,Q,265.65,268.75,265.65,267.95,268.65,261.30,211,3485,930879.00,
532613,VIPCLOTHNG  ,B ,Q,10.63,10.75,10.30,10.41,10.41,10.55,54,15266,160585.00,
532614,IMPEX       ,B ,Q,0.67,0.69,0.63,0.65,0.69,0.66,16,11840,7857.00,
532616,XCHANGING   ,B ,Q,85.50,85.50,83.00,83.05,83.00,83.90,168,8786,734299.00,
532617,JETAIRWAYS  ,Z ,Q,66.00,70.00,66.00,69.35,69.35,69.15,1475,130011,8918872.00,
532621,MORARJETEX  ,B ,Q,9.95,10.17,9.95,10.03,10.03,10.35,7,670,6781.00,
532622,GATEWAY DIST,A ,Q,103.50,104.65,103.00,104.10,103.75,103.60,215,2477,257298.00,
532624,JINDALPH    ,B ,Q,13.75,14.40,13.75,14.40,14.40,13.80,4,96,1326.00,
532626,PONDY OXIDES,X ,Q,196.00,204.80,195.00,203.55,203.55,194.50,325,10714,2141078.00,
532627,JPPOWER     ,B ,Q,2.36,2.37,2.28,2.31,2.31,2.36,7522,4936573,11427848.00,
532628,3I INFOTECH ,B ,Q,3.40,3.57,3.38,3.57,3.57,3.40,1063,3038806,10727877.00,
532629,MCNALLYB    ,T ,Q,5.43,5.44,5.40,5.44,5.44,5.19,12,11561,62793.00,
532630,GOKALDAS    ,B ,Q,78.20,78.85,74.50,77.65,77.00,77.50,336,21187,1639215.00,
532633,ALLSEC TECH ,B ,Q,250.00,257.00,243.05,247.95,253.75,250.00,41,853,213247.00,
532636,IIFL        ,A ,Q,100.25,115.75,100.25,113.15,113.15,100.25,7912,472659,51456840.00,
532637,MAN DRUGORG ,B ,Q,149.25,150.15,146.20,147.40,147.10,149.00,146,3735,554580.00,
532638,SHOPPER STOP,A ,Q,190.00,190.00,183.00,184.65,184.55,185.95,103,1908,351927.00,
532641,NDL         ,B ,Q,20.50,20.85,20.00,20.55,20.55,20.50,63,7022,144118.00,
532642,JSWHL       ,B ,Q,3447.00,3447.00,3277.50,3301.55,3302.65,3445.30,124,323,1075088.00,
532644,JK CEMENT   ,A ,Q,2100.00,2115.00,1997.60,2041.25,2041.25,2026.25,1482,16468,33952997.00,
532646,UNIPLY IND  ,Z ,Q,3.60,3.68,3.35,3.60,3.60,3.52,346,295520,1031124.00,
532648,YES BANK    ,A ,Q,15.38,15.38,15.04,15.38,15.38,14.65,8373,30028431,460983418.00,
532649,NECTAR LIFE ,B ,Q,18.40,18.55,18.30,18.40,18.30,18.30,186,35378,651896.00,
532650,MSP STEEL   ,B ,Q,7.12,7.12,7.12,7.12,7.12,7.28,1,4,28.00,
532651,SPL INDS    ,B ,Q,29.10,29.45,28.80,29.40,29.25,28.55,43,2103,61668.00,
532652,KARNATAKA BK,A ,Q,47.60,48.75,47.35,48.05,48.05,47.35,1343,239604,11554241.00,
532654,MCLEOD RUSSE,B ,Q,24.85,24.90,23.60,24.70,24.70,23.75,258,130252,3221203.00,
532656,FACOR ALLOYS,X ,Q,1.66,1.82,1.46,1.82,1.82,1.52,394,851542,1495175.00,
532659,IDFC        ,A ,Q,42.00,42.30,40.00,40.75,40.75,41.75,1252,187710,7784653.00,
532660,VIVIMED LABS,B ,Q,17.60,17.60,16.50,16.80,16.80,17.10,284,67483,1128821.00,
532661,RANE MADRAS ,B ,Q,235.00,235.00,231.25,232.60,233.40,234.30,47,595,138821.00,
532662,HT MEDIA    ,B ,Q,13.74,14.50,13.65,14.43,14.46,14.21,77,17310,246649.00,
532663,SASKEN      ,B ,Q,658.00,678.00,658.00,668.85,672.70,656.45,466,2380,1585987.00,
532666,FCS SOFTWARE,B ,Q,0.40,0.41,0.40,0.40,0.41,0.41,275,501639,203022.00,
532667,SUZLONENERGY,T ,Q,3.44,3.61,3.44,3.54,3.58,3.44,2581,3867710,13647048.00,
532668,AURIONPRO SO,B ,Q,75.85,76.00,71.80,72.40,72.40,73.65,54,2080,152680.00,
532670,RENUKA SUGAR,B ,Q,10.03,10.04,9.75,9.94,9.96,9.97,393,390287,3874857.00,
532673,KM SUGARMILL,B ,Q,12.00,12.15,11.47,11.95,11.97,11.71,297,184301,2196887.00,
532674,BANNARI AMMA,B ,Q,91.00,95.00,90.55,92.10,92.55,88.80,381,13348,1229601.00,
532678,BOMBAY RAYON,B ,Q,10.37,10.37,10.37,10.37,10.37,10.91,33,14225,147513.00,
532679,SORILINFRA  ,B ,Q,71.00,76.00,71.00,73.45,74.00,72.60,384,17791,1317350.00,
532683,AIAENGINEER ,A ,Q,1868.95,1910.00,1829.65,1884.80,1871.40,1866.05,421,1265,2374395.00,
532684,EVEREST KANT,B ,Q,51.00,51.00,51.00,51.00,51.00,48.60,64,8989,458439.00,
532686,KERNEX MICRO,T ,Q,22.20,23.30,22.20,23.30,23.30,22.90,3,320,7126.00,
532687,REPRO INDIA ,B ,Q,359.95,359.95,341.10,351.85,347.50,351.05,249,2210,772772.00,
532689,PVR LTD     ,A ,Q,1325.00,1330.00,1295.00,1321.20,1321.20,1305.45,2055,26452,34806386.00,
532690,RAMSARUP IND,Z ,Q,0.41,0.41,0.39,0.40,0.39,0.41,6,700,279.00,
532692,RADHA MADHAV,B ,Q,2.94,2.94,2.75,2.85,2.85,2.83,23,22631,64781.00,
532693,PUNJ LLOYD  ,Z ,Q,1.58,1.58,1.51,1.56,1.58,1.51,100,121772,190225.00,
532694,BARTRONICSIN,Z ,Q,1.60,1.73,1.57,1.73,1.73,1.65,37,16069,27042.00,
532695,CELEBRITYFAS,B ,Q,4.76,4.81,4.69,4.81,4.81,4.76,31,11989,56515.00,
532696,EDUCOMP SOLN,Z ,Q,2.64,2.65,2.53,2.64,2.64,2.63,36,13798,35844.00,
532698,NITINSPINNER,T ,Q,59.75,60.50,57.05,60.00,60.00,59.60,111,19328,1148671.00,
532699,ROYALORCH   ,B ,Q,67.90,69.75,67.15,69.10,69.00,67.85,71,4041,277940.00,
532700,ENT NETWORK ,B ,Q,156.35,161.90,156.35,157.55,157.50,155.70,64,769,122396.00,
532701,CELLA       ,Z ,Q,5.60,5.61,5.36,5.50,5.41,5.35,39,33290,185693.00,
532702,GUJ PETRONET,A ,Q,220.50,232.40,220.50,227.85,227.85,219.50,2897,97544,22191454.00,
532705,JAGRAN PRAK ,A ,Q,39.60,41.00,39.60,40.60,40.60,39.80,869,88478,3586878.00,
532706,INOX LEISURE,A ,Q,271.15,274.95,271.15,273.95,274.25,270.70,4525,109939,30030352.00,
532707,DYNEMIC PRO ,B ,Q,237.00,239.20,226.00,231.35,231.35,237.45,1599,22743,5266679.00,
532708,GVK POWERINF,Z ,Q,2.75,2.75,2.63,2.71,2.71,2.76,1347,1897537,5070526.00,
532710,SADBHAV ENGG,A ,Q,53.80,53.80,52.15,52.45,52.50,51.80,444,81160,4271093.00,
532712,REL COM LTD ,B ,Q,1.63,1.63,1.58,1.60,1.60,1.63,6332,3486239,5582013.00,
532713,SAKUMA EXPO ,B ,Q,5.25,5.30,5.10,5.25,5.25,5.24,306,157935,823979.00,
532714,KEC INTERN  ,A ,Q,365.00,377.80,358.20,375.45,375.45,359.20,1924,237618,87793266.00,
532716,GILLA ARBUT ,B ,Q,34.85,34.90,33.00,33.55,33.55,33.35,25,2078,70242.00,
532717,INDOTECHTR  ,B ,Q,102.55,110.00,96.55,101.55,101.20,96.10,600,27037,2768026.00,
532719,BL KASHYAP  ,B ,Q,8.10,8.10,7.40,8.04,8.09,7.72,148,109447,883967.00,
532720,M&M FINANSER,A ,Q,174.25,174.25,165.50,167.70,167.70,170.90,4115,397559,66886537.00,
532721,VISA STEEL  ,B ,Q,5.56,5.81,5.56,5.80,5.80,5.56,12,1085,6288.00,
532722,NITCO TILES ,B ,Q,19.90,21.80,19.60,21.75,21.75,19.85,123,10570,224769.00,
532723,MPDL        ,X ,Q,10.20,10.20,10.20,10.20,10.20,10.20,3,600,6120.00,
532725,SOLAR IND   ,A ,Q,1050.00,1050.75,1035.00,1039.60,1043.00,1044.15,209,1129,1178848.00,
532726,GALLAN METAL,B ,Q,33.15,37.20,33.15,36.95,37.00,34.70,323,38780,1398502.00,
532728,MALU PAPER  ,B ,Q,25.25,25.65,25.25,25.25,25.25,24.60,8,212,5393.00,
532729,UTTAM SUGAR ,B ,Q,101.70,101.70,89.00,96.35,95.95,95.25,515,17839,1699562.00,
532730,STL GLOBAL  ,B ,Q,6.51,6.51,6.21,6.47,6.47,6.51,41,14126,91461.00,
532731,ROHIT FERRO ,T ,Q,0.80,0.82,0.80,0.82,0.82,0.79,6,5300,4316.00,
532732,KEWAL KIRAN ,B ,Q,775.00,795.00,755.25,768.50,755.50,765.20,38,185,142957.00,
532733,SUN TVNET   ,A ,Q,447.90,450.80,439.45,444.65,445.90,439.90,2618,120699,53755276.00,
532734,GODAWARI POW,B ,Q,420.00,433.70,420.00,425.45,425.25,418.25,625,13184,5624873.00,
532735,RSYSTEMINT  ,B ,Q,120.00,122.75,118.90,119.20,119.20,117.30,366,7402,892843.00,
532737,EMKAY GLOB F,B ,Q,72.10,73.50,70.00,70.65,70.55,69.95,80,4789,344232.00,
532738,TANTIA CONS ,Z ,Q,1.00,1.02,1.00,1.02,1.02,0.98,11,10063,10064.00,
532740,LOKESH MACH ,B ,Q,24.70,24.70,24.05,24.30,24.20,24.65,59,2394,58362.00,
532741,KAMDHENU    ,B ,Q,74.00,79.00,74.00,78.50,78.95,75.75,82,4933,384272.00,
532742,PAUSHAK LTD ,X ,Q,3402.00,3535.05,3402.00,3441.15,3425.00,3424.50,239,2316,8008197.00,
532744,GTN TEXTILE ,B ,Q,5.82,5.82,5.30,5.30,5.30,5.55,4,914,5312.00,
532745,INDICAP     ,X ,Q,39.60,39.60,35.00,35.55,35.30,35.00,19,1981,71192.00,
532746,UNITY INFRA ,Z ,Q,1.20,1.20,1.20,1.20,1.20,1.26,2,450,540.00,
532748,PRIME FOCUS ,B ,Q,38.00,38.30,38.00,38.20,38.20,37.65,13,1515,57681.00,
532749,ALLCARGO    ,A ,Q,127.10,128.00,124.35,125.65,125.55,126.65,811,32768,4125596.00,
532751,EASUNREYRL  ,Z ,Q,1.82,1.83,1.82,1.83,1.83,1.91,3,425,774.00,
532754,GMR INFRASTR,A ,Q,26.90,26.95,26.05,26.15,26.15,26.80,1368,512793,13560633.00,
532755,TECH MAH    ,A ,Q,895.00,914.20,872.60,906.75,910.00,876.15,4456,133575,119399543.00,
532756,MAHINDCIE   ,A ,Q,160.00,162.00,155.65,159.35,159.20,159.85,640,5815,919356.00,
532757,VOLTAMP TRAN,B ,Q,1156.00,1236.90,1156.00,1169.75,1169.75,1173.05,467,1500,1794108.00,
532759,ATLANTA     ,B ,Q,8.20,8.25,8.06,8.25,8.25,7.50,52,17768,146490.00,
532760,DEEPENR     ,B ,Q,44.60,46.00,43.50,44.20,44.00,44.35,263,26773,1197508.00,
532761,HOV SERVICES,B ,Q,31.60,32.35,30.90,32.35,32.35,30.85,57,7695,243926.00,
532762,ACTION CONST,B ,Q,114.60,128.20,114.60,126.85,126.85,113.45,4893,299914,37196354.00,
532764,GEECEE      ,B ,Q,74.85,78.80,74.85,76.15,76.15,75.00,173,3252,247011.00,
532766,RICHA IND   ,Z ,Q,0.55,0.55,0.53,0.53,0.53,0.55,3,1450,768.00,
532767,GAYATRI PROJ,B ,Q,33.45,33.45,33.05,33.45,33.45,31.90,323,170042,5686115.00,
532768,FIEM INDS   ,B ,Q,549.90,565.00,538.40,547.90,548.00,549.65,562,4491,2492457.00,
532771,JHS SVEN    ,B ,Q,21.60,21.60,20.20,20.70,20.85,21.15,121,20488,424337.00,
532772,DCBBANK     ,A ,Q,110.00,115.85,108.95,112.25,112.25,107.70,6583,477025,53943825.00,
532773,GLOBAL VECT ,B ,Q,52.35,55.00,51.00,53.70,53.20,51.65,109,6257,330312.00,
532774,INSPIRISYS  ,B ,Q,29.00,29.00,29.00,29.00,29.00,29.10,1,100,2900.00,
532775,GTL INFRAST ,B ,Q,0.51,0.53,0.51,0.53,0.53,0.52,971,6036345,3148406.00,
532776,SHIVAM AUTO ,B ,Q,21.80,23.10,21.45,21.45,21.45,22.55,358,47002,1040856.00,
532777,INFO EDGE   ,A ,Q,4350.00,4424.85,4180.00,4204.50,4212.60,4270.25,1368,4948,21035375.00,
532779,TORNT POWER ,A ,Q,315.00,321.45,315.00,317.10,316.55,315.95,1433,39040,12437893.00,
532780,PARSVNATH   ,B ,Q,3.83,3.88,3.74,3.86,3.88,3.70,187,131523,504798.00,
532782,SUTLEJ TEXT ,B ,Q,28.50,29.85,28.50,29.10,29.10,28.70,44,6057,176546.00,
532783,DAAWAT      ,B ,Q,52.90,54.25,52.00,53.75,53.75,52.50,2360,416120,22231667.00,
532784,SOBHA       ,A ,Q,305.05,319.35,305.05,316.75,316.50,310.90,651,14465,4581724.00,
532785,RUCHIRA PAP ,B ,Q,53.45,55.35,52.00,55.35,55.35,50.35,399,39453,2145096.00,
532790,TANLA       ,B ,Q,642.00,643.40,632.25,643.40,643.40,612.80,766,46200,29708654.00,
532794,ZEEMEDIA    ,B ,Q,4.87,4.94,4.85,4.90,4.90,4.87,202,135900,665118.00,
532795,SITINET     ,B ,Q,0.73,0.76,0.70,0.76,0.76,0.73,142,3714999,2694772.00,
532796,LUMAX TECH  ,B ,Q,98.50,102.65,98.50,101.75,101.65,101.95,230,5697,579539.00,
532797,AUTOIND     ,B ,Q,30.00,30.25,28.75,30.00,29.60,29.75,105,7103,210153.00,
532798,NTWK MED INV,A ,Q,35.50,36.40,33.55,35.70,35.70,34.10,1564,438206,15432148.00,
532799,HUBTOWN     ,B ,Q,12.80,13.47,12.63,13.47,13.47,12.25,179,75901,1019688.00,
532800,TV18BRDCST  ,A ,Q,30.30,32.10,29.25,31.40,31.40,29.70,3059,1696528,52625817.00,
532801,CAMBRIDGE   ,B ,Q,33.60,33.90,33.50,33.90,33.90,32.30,11,643,21629.00,
532804,TECHNOCRAFT ,B ,Q,313.90,313.90,285.60,311.95,312.00,301.80,158,1247,379869.00,
532805,REDINGTON   ,A ,Q,133.90,134.30,132.30,133.90,133.55,131.75,811,22429,2989852.00,
532806,AI CHAMPDNY ,XT,Q,11.02,11.02,9.99,10.58,9.99,10.51,9,1063,11174.00,
532807,CINELINE    ,B ,Q,33.75,34.50,33.15,33.75,33.75,33.35,74,4559,155006.00,
532808,PGIL        ,B ,Q,166.00,179.50,166.00,172.65,172.65,167.70,172,2195,378702.00,
532809,FSL         ,A ,Q,78.50,80.80,77.30,77.90,77.90,79.50,2373,220711,17428106.00,
532810,POWER FINAN ,A ,Q,108.50,109.35,106.95,108.80,108.80,108.30,2109,239862,25966262.00,
532811,AHLUWALIA CO,B ,Q,247.75,260.00,245.00,257.05,258.30,245.70,409,3420,862533.00,
532812,TRANSWARRANT,B ,Q,2.42,2.42,2.42,2.42,2.42,2.31,1,500,1210.00,
532813,C & C CONSTR,Z ,Q,3.88,3.88,3.88,3.88,3.88,3.70,19,11460,44464.00,
532814,INDIAN BANK ,A ,Q,68.50,69.80,67.55,69.20,69.20,67.60,2262,257721,17771641.00,
532815,SMS PHARMACE,B ,Q,89.80,94.00,89.80,92.70,92.90,88.45,2482,90493,8367848.00,
532817,ORIENTAL    ,B ,Q,8.16,8.21,7.99,8.16,8.16,8.05,6,642,5236.00,
532819,MINDTREE LTD,A ,Q,1425.00,1425.00,1390.95,1410.30,1411.70,1417.45,2897,48253,67661942.00,
532820,ELAND       ,XT,Q,5.40,5.40,5.40,5.40,5.40,5.15,9,19521,105413.00,
532822,IDEA        ,A ,Q,9.77,10.34,9.61,10.05,10.05,9.81,71998,89493591,894902284.00,
532825,JAGJANANI   ,X ,Q,0.70,0.70,0.70,0.70,0.70,0.67,2,3500,2450.00,
532826,RAJ TELE    ,B ,Q,35.00,36.05,34.20,34.30,35.70,35.85,16,969,33423.00,
532827,PAGE INDUSTR,A ,Q,22900.00,23438.00,22853.45,22934.55,22989.95,22761.80,397,780,18001406.00,
532828,AMD INDUS   ,B ,Q,15.20,15.65,15.20,15.35,15.35,15.65,6,522,7969.00,
532829,LEHAR       ,X ,Q,20.75,20.75,19.75,20.00,20.00,20.10,88,9701,196052.00,
532830,ASTRAL POLY ,A ,Q,1488.00,1488.00,1417.15,1426.65,1419.05,1463.65,458,2603,3756275.00,
532832,INDBUL REAL ,A ,Q,65.40,70.95,65.10,69.60,69.60,64.70,4489,798878,55300821.00,
532834,CAMLINFINE  ,B ,Q,115.00,120.20,112.20,113.50,113.50,115.65,3010,77906,9074864.00,
532835,ICRA        ,B ,Q,2648.00,2808.10,2648.00,2758.50,2762.00,2605.45,184,606,1649781.00,
532839,DISH TV     ,A ,Q,10.12,10.34,10.06,10.13,10.09,10.18,985,1359614,13887736.00,
532841,SAHYA INDU  ,X ,Q,255.00,267.65,255.00,267.65,267.65,254.95,247,26221,6972753.00,
532842,SREE RAYALA ,B ,Q,257.35,259.00,224.00,248.70,248.00,257.35,329,5308,1322891.00,
532843,FORTIS      ,A ,Q,152.95,155.85,148.00,152.90,152.90,151.10,4398,652657,100499948.00,
532845,TGBHOTELS   ,B ,Q,4.79,5.20,4.79,5.00,5.00,4.96,91,25336,129488.00,
532847,HILTON MET  ,B ,Q,9.00,10.77,8.90,9.50,10.77,9.80,34,3148,29438.00,
532848,DELTA CORP  ,A ,Q,129.15,134.25,129.15,131.75,131.75,129.65,4735,328173,43601617.00,
532850,MIC ELECTRON,T ,Q,0.79,0.80,0.79,0.80,0.80,0.80,5,2001,1589.00,
532851,INSECTCID   ,B ,Q,445.00,458.95,443.80,447.80,448.50,441.10,478,2899,1306797.00,
532852,MCD HOLDING ,B ,Q,24.15,25.90,23.95,24.75,24.75,24.05,100,13856,347660.00,
532853,ASAHI SONG  ,B ,Q,212.10,220.40,212.10,217.25,217.80,217.35,191,3800,824094.00,
532854,NITIN FIRE  ,Z ,Q,0.40,0.42,0.38,0.40,0.40,0.40,42,69731,28548.00,
532855,HARYA CAPFIN,X ,Q,28.55,30.50,28.55,30.50,30.50,29.95,4,32,915.00,
532856,TIME TECHNO ,A ,Q,46.50,46.50,45.60,46.30,46.35,45.30,508,53196,2452562.00,
532859,HGSL        ,B ,Q,912.00,917.65,905.35,912.40,912.30,902.75,200,1083,987473.00,
532864,NELCAST     ,B ,Q,60.80,62.70,60.80,62.50,62.50,61.80,316,24522,1523786.00,
532865,MEGHMANI    ,A ,Q,81.80,81.90,79.50,80.50,80.50,80.95,544,78139,6291423.00,
532867,V2RETAIL    ,B ,Q,88.00,88.50,85.90,88.50,88.50,84.30,297,31767,2777874.00,
532868,DLF LIMITED ,A ,Q,189.60,197.40,189.60,195.05,195.05,187.10,5628,742825,144706280.00,
532869,TARMAT      ,B ,Q,39.70,39.90,38.00,38.40,38.20,38.40,42,3620,139236.00,
532870,ANKIT METAL ,B ,Q,1.03,1.03,0.96,1.00,1.01,0.99,12,2829,2753.00,
532872,SUNPHA ADV  ,A ,Q,181.10,190.40,180.35,185.30,185.30,181.70,5264,198154,36929338.00,
532873,HOUSING DEV ,Z ,Q,5.68,5.68,5.57,5.68,5.68,5.41,324,372518,2114093.00,
532874,SURYACHAKRA ,Z ,Q,0.29,0.31,0.29,0.31,0.31,0.30,21,18414,5480.00,
532875,ALLIED DIGIT,B ,Q,25.65,27.70,25.65,27.70,27.70,25.20,358,62798,1720514.00,
532878,ALPA LAB    ,T ,Q,35.95,36.60,35.00,35.35,35.35,35.35,76,13870,491353.00,
532879,SIR SHADI LA,X ,Q,42.00,42.00,36.60,41.90,41.00,40.10,18,5168,214500.00,
532880,OMAXE LTD   ,A ,Q,69.65,70.60,69.60,70.45,70.50,69.10,79,3638,255556.00,
532884,REFEX       ,B ,Q,94.95,97.15,92.00,97.15,97.15,88.35,1798,177325,17058768.00,
532885,CENTRAL BK  ,A ,Q,12.80,13.15,12.67,13.02,13.02,12.71,2336,1520673,19615444.00,
532886,SEL MANUF   ,Z ,Q,2.47,2.47,2.25,2.27,2.25,2.36,73,56482,130907.00,
532887,NTL         ,B ,Q,0.95,0.95,0.92,0.92,0.92,0.96,11,7380,6974.00,
532888,ASIAN GRANIT,B ,Q,302.85,304.70,291.85,295.15,292.60,303.75,1369,14661,4391499.00,
532889,K.P.R. MILL ,A ,Q,785.00,800.45,756.70,771.40,773.70,806.40,1445,10068,7777927.00,
532890,TAKE SOLUT  ,A ,Q,40.30,46.35,40.30,44.55,44.55,40.55,6430,1074491,47250837.00,
532891,PURAVANKARA ,B ,Q,74.30,79.00,70.60,74.40,74.40,74.30,1466,144231,10787165.00,
532892,MOTILALOFS  ,A ,Q,601.05,615.00,601.05,603.35,603.00,609.60,503,9255,5605963.00,
532893,VTM LTD     ,X ,Q,21.00,21.00,20.10,20.55,21.00,20.50,55,19112,388199.00,
532894,IWIND ENERGY,B ,Q,3.25,3.40,3.19,3.40,3.40,3.16,44,22815,76482.00,
532895,NAGREKA CAP ,B ,Q,6.28,6.28,5.70,5.70,5.70,5.99,5,290,1705.00,
532896,MAGNUM VENT ,B ,Q,5.17,5.17,4.95,4.96,4.95,5.18,4,361,1789.00,
532898,POWER GRID  ,A ,Q,193.50,196.30,191.75,192.30,192.30,192.50,3771,334655,65000829.00,
532899,KAVERI SEED ,B ,Q,500.00,500.00,480.05,485.90,485.00,490.95,2246,33354,16193308.00,
532900,PAISALO     ,B ,Q,386.00,386.00,385.05,385.95,385.05,381.45,11,46,17755.00,
532904,SUPREME INFR,Z ,Q,9.50,9.50,9.50,9.50,9.50,9.25,3,1100,10450.00,
532906,MAANALU     ,B ,Q,86.45,90.40,84.75,88.45,88.45,86.30,335,9575,841975.00,
532907,ILFSENGG    ,Z ,Q,3.23,3.30,3.23,3.30,3.30,3.39,35,38365,124732.00,
532911,PARLEIND    ,X ,Q,9.89,10.40,9.89,10.01,10.01,9.80,400,136402,1369107.00,
532914,ARCOTECH LTD,B ,Q,2.00,2.00,1.89,1.95,1.95,1.95,171,27838,55058.00,
532915,RELIGARE ENT,B ,Q,63.40,69.10,60.65,66.10,66.10,62.55,2362,136045,9021770.00,
532916,BARAK VALL  ,T ,Q,14.35,15.29,14.25,15.10,15.10,14.72,13,2206,31753.00,
532918,RATHI BARS  ,X ,Q,11.65,12.00,11.23,11.74,11.74,11.65,55,12601,146944.00,
532921,ADANI PORTS ,A ,Q,414.00,425.75,411.75,423.75,422.70,412.00,9601,418852,175794734.00,
532922,EDELWEISS   ,A ,Q,72.45,73.40,70.30,73.40,73.40,69.95,807,88262,6420293.00,
532923,RGL         ,B ,Q,258.50,267.00,255.80,261.45,262.00,256.80,163,1890,490836.00,
532924,KOLTEPATIL  ,B ,Q,212.00,217.00,212.00,214.10,214.10,212.10,682,20809,4465499.00,
532925,KAUSHAL INFR,B ,Q,1.39,1.40,1.35,1.40,1.40,1.41,13,5624,7617.00,
532926,JYOTHYLAB   ,A ,Q,142.00,145.05,140.85,143.30,143.50,140.85,795,20694,2960468.00,
532927,ECLERX      ,A ,Q,725.00,734.00,721.40,728.50,728.40,725.50,811,6215,4533673.00,
532928,TRIL        ,B ,Q,13.10,13.16,12.50,13.16,13.16,10.97,694,216383,2812980.00,
532929,BRIGADE     ,A ,Q,219.20,221.95,218.60,220.15,219.50,218.40,597,7867,1732725.00,
532930,BGR ENERGY  ,B ,Q,38.00,41.10,37.60,41.10,41.10,37.40,387,35647,1426088.00,
532931,BURNPUR     ,B ,Q,1.66,1.76,1.62,1.76,1.76,1.68,54,41719,72379.00,
532932,MANAKSIA LTD,B ,Q,43.75,46.00,42.75,44.70,44.70,43.80,346,28137,1255515.00,
532933,PORWAL AUTO ,X ,Q,13.00,13.11,12.30,13.11,13.11,12.49,18,3943,51595.00,
532934,PPAP        ,B ,Q,276.95,284.70,271.65,278.80,277.00,272.55,547,6393,1784474.00,
532935,ARIES AGRO  ,B ,Q,88.20,92.90,86.50,92.25,92.25,86.00,656,34563,3143267.00,
532937,KUANTUM     ,B ,Q,42.65,43.20,42.65,43.20,43.20,42.25,7,727,31038.00,
532939,RPOWER      ,T ,Q,3.15,3.16,3.03,3.10,3.10,3.12,2248,2092870,6511158.00,
532940,J KUMAR INFR,B ,Q,116.10,121.20,116.10,118.80,118.80,118.75,1100,33709,4017501.00,
532941,CORDS CABLE ,B ,Q,42.00,43.80,39.50,43.25,43.80,41.95,57,3274,138764.00,
532942,KNR CONST   ,A ,Q,282.00,290.15,282.00,286.00,286.70,285.25,810,19868,5707076.00,
532944,ONMOBILE    ,B ,Q,59.30,62.30,58.30,61.95,61.95,59.35,3179,378461,23354918.00,
532945,SHRIRAM EPC ,B ,Q,3.51,3.55,3.49,3.53,3.53,3.48,109,100051,352353.00,
532946,BANG        ,B ,Q,20.50,20.95,19.80,20.50,20.50,20.20,12,328,6623.00,
532947,IRB INFRA   ,A ,Q,118.60,121.00,118.60,119.05,119.05,118.70,763,28968,3464648.00,
532951,GSS INFOTECH,B ,Q,45.00,48.00,44.25,47.15,47.00,43.10,477,42435,1975901.00,
532952,NAHAR CAP   ,B ,Q,71.20,71.20,70.00,70.00,70.00,69.45,11,661,46705.00,
532953,V GUARD IND ,A ,Q,182.35,190.50,182.35,189.25,189.25,184.95,3548,108956,20545997.00,
532955,RECLTD      ,A ,Q,123.70,123.70,119.05,120.75,120.65,120.75,1752,189859,22831243.00,
532957,GOKAK TEXTI ,XT,Q,17.20,17.20,17.20,17.20,17.20,17.55,6,1300,22360.00,
532959,GAMMON INFRA,B ,Q,0.57,0.60,0.56,0.58,0.58,0.57,97,586653,337025.00,
532960,DHANI       ,B ,Q,283.80,299.90,280.00,287.25,287.25,282.50,3360,131778,38072919.00,
532966,TITAGARH WAG,B ,Q,46.50,47.85,45.80,47.30,47.10,46.45,756,64234,3017367.00,
532967,KIRI DYES   ,B ,Q,513.45,533.50,510.60,517.65,516.35,511.65,482,5953,3118739.00,
532972,SANKHYA INFO,XT,Q,3.03,3.03,2.89,2.90,2.90,2.89,24,7443,22337.00,
532974,ABML        ,B ,Q,44.00,44.90,43.50,43.80,44.00,43.60,145,9005,397775.00,
532975,AISHWARYA   ,Z ,Q,1.33,1.33,1.32,1.32,1.32,1.38,3,1100,1453.00,
532976,JAIBALA IND ,B ,Q,19.99,21.60,19.50,21.60,21.60,19.64,107,33522,697922.00,
532977,BAJAJ AUTO  ,A ,Q,3200.00,3248.95,3164.10,3244.55,3244.55,3172.65,3013,23727,76224453.00,
532978,BAJAJ FINSE ,A ,Q,8815.00,8825.00,8720.00,8739.40,8739.40,8755.20,3621,14617,128124773.00,
532980,GOKUL REFOIL,B ,Q,13.37,14.00,13.37,13.64,13.55,13.80,33,1549,21159.00,
532983,RPG LIFESCI ,B ,Q,375.00,375.00,367.30,369.30,369.55,363.00,306,3906,1445231.00,
532985,KOTAK SENSEX,B ,Q,460.00,465.49,458.00,464.22,463.50,461.00,11,144,66240.00,
532986,NIRAJ CEMENT,T ,Q,50.00,50.00,48.50,48.55,48.55,50.90,9,164,7993.00,
532987,RANE BRAKE  ,B ,Q,690.50,692.80,681.75,690.80,686.15,686.85,82,428,294600.00,
532988,RANE ENGVL  ,B ,Q,211.40,215.05,211.40,212.25,212.25,211.80,12,82,17488.00,
532989,BAFNA PHARMA,T ,Q,82.15,82.15,82.15,82.15,82.15,78.25,4,48,3943.00,
532993,SEZALGLASS  ,Z ,Q,2.90,3.20,2.90,3.20,3.20,3.05,12,5000,15052.00,
532994,ARCHIDPLY IN,B ,Q,28.05,28.05,27.00,27.30,27.20,27.70,127,12068,331736.00,
532997,KSK ENERGY  ,Z ,Q,0.39,0.40,0.38,0.39,0.38,0.39,51,349955,135161.00,
532998,LEHIL       ,B ,Q,33.20,33.20,32.35,32.50,32.50,33.10,9,292,9469.00,
533001,SOMI CONVEY ,B ,Q,21.90,22.85,19.05,21.45,21.40,21.15,77,8206,165610.00,
533006,BIRLA COTSYN,Z ,Q,0.13,0.13,0.13,0.13,0.13,0.13,8,38031,4944.00,
533007,LGB FORGE   ,B ,Q,2.90,3.00,2.71,2.85,2.80,2.81,149,86372,246304.00,
533008,OCL IRON&ST ,Z ,Q,2.86,2.90,2.75,2.90,2.90,2.77,14,6766,19336.00,
533012,LANDMRK PRO ,B ,Q,1.40,1.40,1.40,1.40,1.40,1.40,3,819,1146.00,
533014,SICAGEN IND ,B ,Q,12.92,13.15,12.02,13.15,13.15,12.53,65,11321,143503.00,
533022,20 MICRONS  ,B ,Q,32.50,33.20,32.05,32.80,33.20,32.00,59,3868,125466.00,
533023,WABCO       ,A ,Q,5579.40,5954.00,5559.05,5812.80,5820.00,5515.70,285,668,3867925.00,
533029,ALKALI      ,B ,Q,48.00,49.55,47.30,48.00,48.20,48.00,299,8016,388437.00,
533033,ISGEC       ,B ,Q,263.00,293.75,262.20,289.55,289.55,255.70,4010,272704,75927480.00,
533047,INDIAN MET  ,B ,Q,297.00,297.00,284.15,288.85,289.90,287.90,471,5345,1552346.00,
533056,VEDAVAAG    ,X ,Q,32.00,32.00,28.80,30.50,30.75,30.15,68,6228,187832.00,
533080,MOLDTKPACK  ,B ,Q,287.45,293.45,281.30,287.95,287.50,287.05,777,7728,2227484.00,
533088,MAH HOLIDAY ,A ,Q,188.75,199.05,188.75,195.65,195.25,191.20,2103,42353,8250885.00,
533090,EXCEL       ,B ,Q,1.35,1.35,1.35,1.35,1.35,1.29,1,1,1.00,
533093,RAJ OIL     ,B ,Q,21.50,21.50,21.50,21.50,21.50,20.48,12,890,19135.00,
533095,BENGLA& ASM ,B ,Q,1369.00,1400.00,1351.10,1369.65,1367.00,1342.90,81,1025,1409072.00,
533096,ADANI POWER ,A ,Q,38.60,41.80,38.60,41.10,41.10,38.50,9615,3994379,164022431.00,
533098,NHPC        ,A ,Q,21.75,21.90,21.55,21.75,21.75,21.45,1500,496654,10800177.00,
533101,SURYAMBA SP ,X ,Q,43.00,44.00,43.00,44.00,44.00,44.20,3,113,4970.00,
533104,GLOBUS SPR  ,B ,Q,305.00,313.00,303.25,306.80,306.80,312.25,911,14641,4515236.00,
533106,OIL INDIA   ,A ,Q,96.50,101.80,94.80,99.90,99.90,96.15,5412,343563,34087125.00,
533107,RNAVAL      ,B ,Q,2.94,3.24,2.94,3.18,3.18,3.09,1824,4572908,14218682.00,
533108,BHILWRA TEC ,X ,Q,5.50,5.50,4.86,5.00,5.09,5.08,37,2798,13851.00,
533110,SH PRECOTED ,XT,Q,5.09,5.35,5.09,5.16,5.35,5.35,11,2064,10576.00,
533121,EXPLEOSOL   ,B ,Q,488.30,489.30,475.55,480.00,480.00,482.90,179,906,435958.00,
533122,RTNPOWER    ,B ,Q,1.97,2.07,1.97,2.00,2.00,1.98,819,4782223,9597307.00,
533137,DEN NETWORK ,B ,Q,70.00,71.15,69.65,69.75,69.65,70.00,519,24554,1724800.00,
533138,ASTEC LIFE  ,B ,Q,945.00,987.00,937.25,982.30,982.05,949.35,1447,14906,14426678.00,
533144,COX KINGS   ,Z ,Q,1.48,1.48,1.36,1.36,1.36,1.43,161,434335,600401.00,
533146,DLINK IND   ,B ,Q,108.45,109.00,106.90,107.15,107.30,107.55,430,32270,3478569.00,
533148,JSW ENERGY  ,A ,Q,62.15,64.50,62.15,63.05,63.05,61.90,1373,199643,12668906.00,
533149,ESSAR SECU  ,XT,Q,2.29,2.29,2.29,2.29,2.29,2.41,2,102,233.00,
533150,GODREJ PROP ,A ,Q,1167.00,1209.00,1165.85,1187.60,1187.60,1165.85,4187,63512,75798786.00,
533151,D B CORP    ,A ,Q,80.70,83.15,80.45,82.60,82.60,80.70,472,34418,2825366.00,
533152,MBL INFRA   ,B ,Q,9.20,9.39,9.01,9.18,9.05,8.95,68,40151,370303.00,
533155,JUBL FOOD   ,A ,Q,2520.00,2545.95,2466.55,2504.60,2545.95,2497.70,1343,11451,28523703.00,
533156,VASCON ENG  ,B ,Q,15.50,15.50,13.80,14.21,14.21,14.61,505,247737,3592234.00,
533157,SYNCOM HEAL ,Z ,Q,1.77,1.81,1.65,1.81,1.81,1.73,153,176952,316587.00,
533158,THANGAMAYIL ,B ,Q,440.00,469.70,428.80,450.20,451.35,444.95,895,6060,2758283.00,
533160,D B REALTY  ,B ,Q,15.57,15.57,15.57,15.57,15.57,14.16,226,215306,3352314.00,
533161,EMMBI       ,B ,Q,73.45,77.80,72.10,74.25,74.00,73.65,264,62569,4730957.00,
533162,HATHWAY CAB ,A ,Q,31.40,31.90,30.70,31.45,31.50,30.75,1035,160130,5006932.00,
533163,ARSS INFRA  ,B ,Q,18.14,18.14,18.14,18.14,18.14,17.28,51,15755,285795.00,
533164,TEXMO PIPES ,B ,Q,23.50,23.50,21.25,21.60,21.75,21.40,129,14746,320480.00,
533166,SUNDARAMMUL ,B ,Q,1.24,1.36,1.24,1.36,1.36,1.24,113,235891,310128.00,
533167,CORO ENGG   ,X ,Q,20.60,22.40,20.60,22.00,22.00,21.50,11,1055,22748.00,
533168,ROSSELL IND ,B ,Q,132.90,132.90,123.00,124.60,124.50,128.25,97,2780,350373.00,
533169,MAN INFRA   ,B ,Q,32.60,35.00,32.60,34.75,34.75,29.20,5274,1441405,49506897.00,
533170,TAMBOLI CAP ,X ,Q,29.30,33.00,29.30,31.35,31.35,31.30,20,2746,89061.00,
533172,IVZINGOLD   ,E ,Q,4440.00,4440.00,4380.00,4390.00,4400.00,4440.00,5,5,22000.00,
533176,DQ ENT      ,B ,Q,1.14,1.14,1.09,1.13,1.13,1.09,13,25403,28670.00,
533177,IL&FS TRANS ,Z ,Q,1.43,1.43,1.34,1.41,1.39,1.37,48,105698,150248.00,
533178,PRADIPOVERS ,B ,Q,0.52,0.52,0.50,0.50,0.50,0.52,2,6300,3272.00,
533179,PERSISTENT  ,A ,Q,1183.00,1215.00,1163.75,1207.80,1213.70,1194.35,1904,12219,14562886.00,
533181,INTRASOFT   ,B ,Q,61.55,63.50,61.55,62.45,62.45,60.85,26,1017,63984.00,
533189,GOENKA DIAM ,Z ,Q,0.79,0.79,0.79,0.79,0.79,0.76,14,22125,17478.00,
533192,KCP SUGAR IN,B ,Q,15.70,15.96,15.10,15.88,15.87,15.84,235,45459,712724.00,
533193,KIRLOSKAR EL,B ,Q,11.88,13.05,11.78,12.89,12.89,11.88,332,67974,875777.00,
533200,TALWALKAR   ,Z ,Q,2.25,2.25,2.14,2.14,2.14,2.25,29,6691,14439.00,
533202,NEH         ,X ,Q,1.78,1.85,1.74,1.82,1.82,1.78,38,15650,27795.00,
533204,GBGLOBAL    ,B ,Q,5.75,5.75,5.50,5.75,5.75,5.48,29,13074,75047.00,
533206,SJVN        ,A ,Q,24.65,24.65,24.05,24.15,24.15,24.15,254,82026,1984081.00,
533207,JPINFRATEC  ,B ,Q,1.30,1.32,1.25,1.27,1.26,1.30,400,983117,1253564.00,
533208,EMAMI PAPER ,B ,Q,78.50,79.00,75.65,76.15,76.90,77.40,111,3278,250297.00,
533210,KRITI NUTRI ,X ,Q,32.50,32.50,30.70,32.00,32.30,31.65,399,48972,1533131.00,
533211,PARAB DRUGS ,Z ,Q,2.27,2.27,2.27,2.27,2.27,2.27,4,393,892.00,
533212,GKB OPHTHA  ,X ,Q,51.70,51.75,51.70,51.70,51.70,51.70,3,1259,65152.00,
533216,TECHNOFAB   ,Z ,Q,8.65,9.00,8.65,8.80,8.80,9.10,10,1084,9429.00,
533217,HMVL        ,B ,Q,56.75,58.00,55.65,55.95,55.95,56.95,32,540,30410.00,
533218,EMAMIREAL   ,B ,Q,46.95,47.15,45.10,46.00,46.45,45.90,125,5191,240266.00,
533221,ASIAN HTL W ,B ,Q,245.50,247.50,244.00,246.80,247.50,245.35,27,198,48601.00,
533227,ASIAN HTL E ,B ,Q,137.20,138.05,136.00,137.10,137.10,136.00,40,2986,410295.00,
533229,BAJAJCON    ,A ,Q,204.85,209.45,201.05,206.90,206.90,204.85,3966,108151,22347919.00,
533230,HDFCMFGETF  ,E ,Q,4350.00,4357.40,4302.26,4319.62,4310.00,4378.32,711,3086,13336322.00,
533239,PRAKASHSTL  ,B ,Q,0.66,0.69,0.66,0.69,0.69,0.69,6,14649,10023.00,
533244,ICICIGOLD   ,E ,Q,43.60,43.60,43.09,43.22,43.22,43.74,131,18283,790385.00,
533248,GPPL        ,A ,Q,97.95,97.95,94.40,95.00,95.00,96.65,607,25650,2449340.00,
533252,WELSPUN INV ,B ,Q,285.05,299.35,285.05,299.35,299.35,291.95,2,5,1468.00,
533257,INDOSOLAR   ,Z ,Q,1.21,1.21,1.12,1.18,1.18,1.16,101,117633,141199.00,
533259,SASTASUNDR  ,B ,Q,135.50,138.00,132.00,134.90,135.90,133.95,175,3691,503432.00,
533260,CAREERP     ,B ,Q,163.60,172.15,163.00,171.50,171.50,164.10,320,3525,593503.00,
533261,EROS MEDIA  ,B ,Q,22.00,22.60,21.25,21.65,21.65,21.55,366,82978,1831550.00,
533262,RAMKY INFRA ,B ,Q,34.00,35.30,34.00,34.85,34.90,33.35,103,6651,231421.00,
533263,GREENPOWER  ,B ,Q,2.18,2.20,2.10,2.18,2.20,2.18,369,610360,1310072.00,
533265,GALLISPAT   ,B ,Q,35.00,35.00,29.65,31.45,31.60,31.00,99,9132,286291.00,
533267,CANTABIL    ,B ,Q,353.35,394.75,353.35,363.50,364.30,339.55,1095,18837,7213527.00,
533269,VATECH WABA ,A ,Q,200.05,203.50,195.35,196.35,196.35,199.05,1390,39000,7742832.00,
533270,BEDMUTHA IN ,B ,Q,20.50,21.10,20.50,21.10,21.10,20.10,36,2226,46728.00,
533271,ASHOKA      ,A ,Q,78.50,79.80,77.80,79.30,79.30,77.45,1834,191690,15079460.00,
533272,CEBBCO      ,B ,Q,14.40,15.30,14.30,15.13,15.00,14.75,111,7705,114665.00,
533273,OBEROI REAL ,A ,Q,455.00,484.90,455.00,480.50,478.65,463.35,571,7831,3712074.00,
533274,PRESTIGE    ,A ,Q,268.60,291.40,268.60,289.45,289.45,267.50,6663,157107,44364179.00,
533275,GYSCOAL     ,B ,Q,3.12,3.15,3.12,3.12,3.12,3.28,6,8007,24997.00,
533278,COAL INDIA  ,A ,Q,126.00,126.90,124.90,126.35,126.35,125.60,7760,730663,92265032.00,
533282,GRAVITA     ,B ,Q,51.00,51.55,49.55,49.75,49.75,51.30,387,21752,1100223.00,
533284,RPP INFRA   ,B ,Q,46.20,46.35,45.45,45.60,45.65,45.70,65,1467,67169.00,
533285,RDB REALTY  ,X ,Q,15.93,17.59,15.93,16.84,16.75,16.76,33,6565,113509.00,
533286,MOIL LTD    ,A ,Q,124.35,127.40,123.00,126.65,126.65,123.80,2162,72571,9153294.00,
533287,ZEE LEARN   ,B ,Q,12.55,12.80,12.30,12.52,12.52,12.34,198,74197,935247.00,
533289,KESAR TERMI ,X ,Q,32.70,33.90,31.10,33.05,33.60,32.30,43,2580,83215.00,
533292,A2ZINFRA    ,B ,Q,4.01,4.24,4.01,4.24,4.24,4.04,67,35825,148271.00,
533293,KIRLOIL ENG ,B ,Q,116.95,128.15,114.50,125.70,125.70,114.55,3133,151491,18794739.00,
533294,RAVI KUMAR  ,B ,Q,6.89,6.89,6.10,6.28,6.29,6.36,17,2721,16955.00,
533295,PUNJABNSIND ,B ,Q,14.20,14.20,13.15,13.86,13.86,13.93,555,296160,4110813.00,
533296,FMNL        ,B ,Q,15.75,17.35,15.75,17.20,17.20,16.55,229,27825,460923.00,
533298,SURANASOL   ,B ,Q,7.94,8.11,7.90,8.00,7.90,8.10,25,7402,59186.00,
533301,SHEKHAWATI  ,T ,Q,0.46,0.46,0.44,0.46,0.46,0.44,11,15099,6828.00,
533302,KALYANI INV ,B ,Q,1348.75,1436.95,1265.00,1275.15,1404.35,1333.00,1625,224304,298024665.00,
533303,BF INVEST   ,B ,Q,278.35,301.15,277.85,288.55,290.15,274.30,1342,17435,5093315.00,
533306,SUMMIT SECU ,B ,Q,489.00,489.00,481.55,481.55,481.55,487.80,34,135,65429.00,
533315,INNO INVEST ,X ,Q,5.00,5.25,4.79,5.20,5.25,5.03,17,3509,17716.00,
533316,STEL        ,B ,Q,62.90,64.40,60.60,62.10,62.30,61.35,57,3375,209413.00,
533317,OMKAR SPC   ,B ,Q,7.61,7.67,7.61,7.67,7.67,7.31,4,238,1820.00,
533320,JUBILNT IND ,B ,Q,215.65,237.35,210.00,237.35,237.35,215.80,719,15887,3594522.00,
533321,BIL ENERGY  ,Z ,Q,0.76,0.79,0.73,0.74,0.78,0.76,79,157819,117184.00,
533326,TEXMACO RAIL,B ,Q,25.10,27.10,25.10,26.95,26.95,25.60,778,173261,4573481.00,
533329,IND TERRAIN ,B ,Q,33.00,34.90,33.00,33.85,33.85,34.10,350,37688,1286268.00,
533333,FINEOTEX  CH,B ,Q,42.55,44.85,42.55,43.95,43.95,43.25,1100,124952,5521623.00,
533336,DHUNINV     ,B ,Q,241.95,261.25,240.10,248.50,248.50,245.55,21,238,58882.00,
533339,ZEN TECH    ,B ,Q,80.05,80.15,79.05,79.30,79.40,79.30,144,6756,536777.00,
533343,LOVABLE     ,B ,Q,71.75,85.60,69.00,84.15,83.20,72.60,1323,81509,6637828.00,
533344,PTCFIN SER  ,B ,Q,17.75,19.60,17.75,18.40,18.40,18.05,450,228798,4276761.00,
533385,N100        ,E ,Q,890.00,901.75,890.00,894.70,892.00,888.61,301,2629,2361672.00,
533393,TCI DEVELP  ,B ,Q,301.10,317.00,301.10,317.00,317.00,304.55,2,36,11157.00,
533398,MUTHOOT FIN ,A ,Q,1160.20,1165.00,1140.15,1153.45,1153.45,1153.75,6738,113649,130799747.00,
533400,FCONSUMER   ,A ,Q,7.87,8.59,7.82,8.42,8.42,8.23,5547,5153296,41944017.00,
533407,CIL NOVA    ,B ,Q,5.75,5.88,5.70,5.88,5.88,5.60,3,650,3747.00,
533408,BSLGOLDETF  ,E ,Q,4480.00,4480.00,4440.00,4450.00,4450.00,4494.91,16,36,160130.00,
533411,SANGH FORG  ,B ,Q,23.25,23.25,21.25,22.00,22.00,22.15,120,16477,372301.00,
533427,VMS INDUSTR ,X ,Q,7.70,7.70,6.30,6.30,6.30,7.00,82,29721,199324.00,
533451,KARMA ENERG ,B ,Q,8.95,9.67,8.81,9.65,9.65,9.46,25,289,2705.00,
533452,EBIXFOREX   ,B ,Q,502.60,542.00,497.00,524.55,537.75,503.90,254,1738,910629.00,
533470,RUSHIL DECOR,B ,Q,150.05,155.15,147.00,150.75,149.00,158.65,960,23883,3608929.00,
533477,ENKEI WHEEL ,X ,Q,254.00,254.00,244.00,249.35,250.00,246.45,31,947,233737.00,
533482,KRIINFRA    ,B ,Q,2.64,2.70,2.64,2.65,2.65,2.64,14,12855,34220.00,
533506,INVENTURE   ,B ,Q,22.00,22.95,21.75,22.30,22.30,21.90,103,19858,444884.00,
533519,LNT FH      ,A ,Q,86.00,89.00,84.10,87.80,87.80,86.60,5889,1493320,130495553.00,
533520,IBULISL     ,A ,Q,56.00,56.50,55.40,56.50,56.50,53.85,118,29165,1646451.00,
533540,TREE HOUSE  ,B ,Q,6.10,6.15,6.03,6.03,6.03,6.34,26,9521,57655.00,
533543,BROOKS LABS ,B ,Q,67.70,68.10,66.25,68.10,68.10,64.90,182,8204,554664.00,
533552,RUPA & CO   ,B ,Q,231.95,233.00,219.00,227.25,225.95,224.75,453,5487,1251382.00,
533553,TD POWER    ,B ,Q,127.00,128.15,122.00,127.00,127.35,126.15,181,2730,345676.00,
533570,AXISGOLD    ,E ,Q,42.49,42.72,41.88,42.31,42.11,42.57,412,33332,1407134.00,
533573,ALEM PHARMA ,A ,Q,1014.00,1014.00,974.25,985.30,985.25,996.70,754,5641,5534191.00,
533576,VASWANI IND ,B ,Q,4.42,4.57,4.42,4.57,4.57,4.43,3,300,1338.00,
533581,PG ELECTRO  ,B ,Q,149.50,149.75,145.40,145.40,145.40,144.85,43,1301,190989.00,
533602,LESHAIND    ,X ,Q,1.08,1.08,1.08,1.08,1.08,1.08,2,1050,1134.00,
533605,SETUINFRA   ,B ,Q,0.68,0.68,0.65,0.66,0.65,0.70,25,85515,57070.00,
533608,RDB RASAYAN ,X ,Q,50.20,54.90,50.20,51.85,51.85,50.90,177,29085,1519740.00,
533629,TIJARIA PPL ,B ,Q,7.11,7.41,7.11,7.11,7.11,7.48,20,3008,21702.00,
533638,FLEXITUFF   ,B ,Q,13.70,13.70,13.70,13.70,13.70,13.05,7,13388,183415.00,
533644,UJAAS       ,B ,Q,2.94,2.99,2.90,2.97,2.97,2.96,460,639246,1884910.00,
533655,TRIVENITURB ,A ,Q,76.00,77.50,74.70,76.70,76.95,74.45,119,4546,348465.00,
533676,INDO THAI   ,B ,Q,20.95,20.95,20.30,20.35,20.35,20.10,8,665,13706.00,
533704,ESSAR SHIP  ,B ,Q,8.01,8.30,8.01,8.26,8.25,7.91,37,13217,109517.00,
533719,IDBIGOLD    ,E ,Q,4490.00,4495.00,4420.01,4425.01,4420.01,4506.00,12,12,53467.00,
533758,APL APOLLO  ,A ,Q,3400.05,3493.05,3385.75,3446.40,3449.05,3358.95,469,2551,8788781.00,
533761,GPT INFRA   ,B ,Q,35.00,35.00,31.65,33.65,33.85,32.90,84,6177,206021.00,
533896,FERVENTSYN  ,X ,Q,19.28,19.30,17.48,17.48,17.48,18.39,81,21900,399767.00,
533941,TSIL        ,T ,Q,7.31,7.31,6.70,7.31,7.31,6.97,5,625,4553.00,
533982,TERASOFTWARE,B ,Q,30.40,31.70,29.75,30.70,30.70,31.10,91,7670,230811.00,
534060,PMCFIN      ,X ,Q,0.34,0.36,0.33,0.35,0.35,0.34,371,1439552,496293.00,
534076,ORIENT REF  ,B ,Q,212.10,215.20,210.15,211.05,211.00,216.50,137,1328,282517.00,
534091,MCX LTD     ,A ,Q,1615.50,1620.00,1588.00,1593.15,1594.00,1615.50,2104,83222,133642335.00,
534139,SCHNEIDER   ,B ,Q,92.00,95.55,91.20,93.85,93.85,90.90,1597,63380,5927053.00,
534309,NBCC        ,A ,Q,26.25,28.35,25.85,28.05,28.05,26.05,9973,4540050,125072836.00,
534312,MT EDUCARE  ,B ,Q,9.67,9.70,9.40,9.69,9.69,9.59,21,2996,28532.00,
534328,HEXATRADEX  ,B ,Q,30.70,32.65,30.50,32.10,32.65,31.10,28,3830,121936.00,
534338,MAXHEIGHTS  ,X ,Q,10.50,10.90,10.50,10.85,10.90,10.65,5,325,3517.00,
534369,TBZ LTD     ,B ,Q,42.15,45.95,41.65,44.75,44.50,42.25,1603,165687,7370248.00,
534392,VSSL        ,B ,Q,108.10,110.00,100.60,104.45,104.50,105.10,173,4802,499608.00,
534425,SPECIALITY R,B ,Q,41.90,44.80,39.60,43.55,43.45,39.50,377,27487,1175604.00,
534532,LYPSA GEMS  ,B ,Q,3.15,3.15,2.99,3.04,2.99,3.05,35,4850,14657.00,
534535,BIOGRPAPER  ,Z ,Q,1.65,1.65,1.65,1.65,1.65,1.58,6,150,247.00,
534597,RTNINFRA    ,B ,Q,5.54,5.80,5.54,5.75,5.75,5.59,131,75965,431766.00,
534598,SEPOWER     ,B ,Q,2.54,2.54,2.33,2.35,2.35,2.44,30,1586,3752.00,
534600,JTL INFRA   ,X ,Q,177.70,177.70,170.00,173.25,174.10,169.25,321,32944,5726351.00,
534612,AMTL        ,X ,Q,8.10,9.07,7.75,9.05,8.60,8.25,47,15288,127598.00,
534615,NECC LTD    ,B ,Q,9.15,9.29,9.15,9.26,9.20,9.06,21,2275,21002.00,
534618,SAREL       ,XT,Q,14.45,14.45,14.30,14.30,14.30,14.15,6,1210,17318.00,
534623,JUPITER INFO,X ,Q,29.15,30.60,29.15,30.60,30.60,29.15,15,2545,77862.00,
534674,DUCON       ,B ,Q,4.40,4.44,4.25,4.39,4.39,4.23,86,18009,78824.00,
534675,PROZONINTU  ,B ,Q,18.20,18.80,18.15,18.35,18.35,18.15,138,36716,677918.00,
534680,SRG HFL     ,X ,Q,133.80,133.80,127.00,131.50,131.50,130.55,36,876,112923.00,
534691,COMFORT COM ,B ,Q,5.40,5.40,5.35,5.35,5.35,5.45,6,332,1782.00,
534707,ADITRI      ,X ,Q,0.55,0.55,0.55,0.55,0.55,0.55,2,200,110.00,
534731,BRONZE INFRA,XT,Q,0.30,0.30,0.30,0.30,0.30,0.30,5,3407,1022.00,
534732,INTELL ADV  ,XT,Q,3.37,3.43,3.31,3.32,3.43,3.37,9,780,2615.00,
534733,SUPREMEX    ,XT,Q,1.20,1.20,1.20,1.20,1.20,1.22,1,1,1.00,
534742,ZUARI AGRO  ,B ,Q,87.70,88.70,86.50,88.30,88.70,86.90,112,3203,281475.00,
534748,STEEL EXCH  ,B ,Q,32.00,32.85,32.00,32.00,32.00,32.75,13,1791,57371.00,
534755,TRIO MERCAN ,X ,Q,35.85,35.85,31.00,32.95,32.95,32.90,69,17346,557945.00,
534758,CIGNITI TECH,B ,Q,422.00,423.00,412.00,413.70,412.00,420.60,167,1830,762854.00,
534804,CARERATING  ,A ,Q,503.50,579.00,503.50,560.60,560.60,503.40,8818,138072,76590000.00,
534809,PC JEWELLER ,A ,Q,15.50,16.00,15.50,15.60,15.60,15.35,822,226497,3546695.00,
534816,BH INFRATEL ,A ,Q,228.00,228.00,215.05,215.95,216.00,218.25,7899,696036,153251824.00,
534976,VMART       ,A ,Q,2300.00,2300.00,2185.00,2205.70,2215.30,2252.35,454,1267,2823774.00,
535136,NIBE        ,T ,Q,17.40,18.25,16.54,17.51,16.54,17.39,37,9106,163411.00,
535204,MUKTA       ,X ,Q,2.28,2.28,2.28,2.28,2.28,2.18,7,4240,9667.00,
535205,MYSTICELE   ,X ,Q,2.54,2.54,2.53,2.53,2.53,2.66,8,1659,4198.00,
535276,SBISENSEX   ,B ,Q,477.60,480.00,473.00,479.33,478.02,476.09,122,3308,1585731.00,
535322,REPCO HOME  ,A ,Q,241.90,265.50,240.70,257.75,259.00,238.65,5186,94916,24124765.00,
535458,NRB IND BEA ,B ,Q,9.09,9.14,8.50,9.14,9.14,8.71,31,32262,293048.00,
535566,KIFS FSL    ,X ,Q,43.55,43.55,43.55,43.55,43.55,43.55,1,10,435.00,
535601,SREELEATHER ,B ,Q,145.00,155.35,142.00,154.85,154.85,144.95,188,6220,952027.00,
535602,SHARDA MOTOR,B ,Q,1575.00,1650.00,1575.00,1628.35,1641.60,1574.60,254,994,1616204.00,
535620,BINNY MILLS ,X ,Q,51.90,51.90,50.00,50.55,50.55,50.90,28,1763,89681.00,
535621,SV GLOBAL   ,X ,Q,35.60,35.60,32.50,34.90,34.90,34.10,11,2996,102461.00,
535648,JUSTDIAL    ,A ,Q,619.95,619.95,594.50,599.40,599.65,606.80,1171,25351,15191920.00,
535657,OONE        ,X ,Q,2.46,2.46,2.46,2.46,2.46,2.58,3,103,253.00,
535667,IFINSEC     ,T ,Q,13.70,13.70,13.70,13.70,13.70,13.95,2,126,1726.00,
535693,BRAHM INFRA ,XT,Q,10.25,10.25,10.20,10.20,10.20,10.00,2,40,408.00,
535730,KHOOBSURAT  ,X ,Q,0.19,0.19,0.19,0.19,0.19,0.19,1,100,19.00,
535754,ORIENT CEM  ,A ,Q,71.50,78.35,71.50,76.40,76.20,71.50,1293,151811,11553308.00,
535755,ABFRL       ,A ,Q,164.00,165.80,160.45,161.10,161.10,162.50,2980,110969,18010804.00,
535789,IBUL HSG FIN,A ,Q,188.50,194.00,185.30,188.75,188.75,187.05,14688,1479543,281317825.00,
535958,INTEGRA GAR ,B ,Q,1.07,1.12,1.02,1.06,1.06,1.07,15,8261,8666.00,
536170,KUSHAL      ,T ,Q,3.08,3.26,3.07,3.25,3.23,3.11,112,99345,315306.00,
536264,TIGER LOGS  ,B ,Q,37.00,37.85,36.00,36.60,36.40,36.75,143,16689,616407.00,
536456,RJ BIOTECH  ,M ,Q,10.00,10.00,10.00,10.00,10.00,10.50,2,9000,90000.00,
536493,JKAGRI GEN  ,X ,Q,589.00,598.00,580.50,582.35,587.95,585.75,66,744,435422.00,
536507,FUTLIF FAS  ,A ,Q,89.40,91.80,89.40,89.40,89.40,94.10,1550,204416,18291597.00,
536659,PVVINFRA    ,XT,Q,7.84,7.84,7.84,7.84,7.84,8.00,3,102,799.00,
536672,VCU DATA    ,T ,Q,3.90,4.01,3.80,3.90,4.00,3.82,17,946,3743.00,
536709,INDRENEW    ,X ,Q,8.50,8.50,8.50,8.50,8.50,8.50,10,1009,8576.00,
536751,FIVEXTRADE  ,XT,Q,0.57,0.57,0.55,0.55,0.55,0.57,8,1948,1109.00,
536773,JIN POLY INV,B ,Q,12.76,12.76,12.76,12.76,12.76,12.92,1,50,638.00,
536868,INTEGRA TELE,XT,Q,28.80,28.80,26.10,27.65,26.10,27.45,11,878,24561.00,
536960,M100        ,B ,Q,20.88,21.10,20.48,20.91,20.94,20.43,182,40640,846479.00,
536974,CAPTAIN POLY,B ,Q,33.50,33.50,30.95,31.80,31.80,32.00,99,41879,1332921.00,
537007,ICICINIFTY  ,B ,Q,138.00,139.55,137.63,139.08,139.47,137.36,229,2645,366702.00,
537008,ICICINF100  ,B ,Q,142.00,143.14,141.33,143.14,143.14,140.51,6,138,19602.00,
537069,ARNOLD HOLD ,X ,Q,30.15,30.90,29.10,29.50,29.50,30.30,17,3539,106710.00,
537092,MODEX INT   ,Z ,Q,4.30,4.30,4.29,4.29,4.29,4.51,2,110,472.00,
537253,SUNIL HEALTH,XT,Q,25.90,25.90,25.80,25.80,25.80,25.90,2,5,129.00,
537254,RCI IND     ,T ,Q,8.20,8.21,7.51,8.18,8.21,7.82,54,14358,114223.00,
537259,SUYOG TELE  ,B ,Q,467.00,467.00,381.05,397.20,391.00,389.95,164,1673,673314.00,
537291,NATH BIOGEN ,B ,Q,285.00,304.00,277.00,287.90,287.90,282.05,973,10499,3032047.00,
537292,AGRI TECH   ,B ,Q,30.25,31.85,30.25,31.00,31.00,31.00,43,5383,166426.00,
537326,CHEMTECH IND,T ,Q,15.45,15.45,14.00,15.40,15.40,14.72,5,55,777.00,
537483,NETFNIF100  ,B ,Q,132.00,132.30,128.00,128.01,128.01,128.46,9,164,21641.00,
537524,VIAANINDUS  ,X ,Q,0.71,0.71,0.63,0.70,0.70,0.70,326,693081,476238.00,
537536,DENIS CHEM  ,X ,Q,46.00,46.00,42.00,43.25,43.25,44.15,46,7290,312290.00,
537582,UNISHIRE    ,M ,Q,1.78,1.78,1.78,1.78,1.78,1.75,1,10000,17800.00,
537708,KOTAKNIFTY  ,B ,Q,135.50,136.90,134.98,136.38,136.38,135.46,112,2984,405704.00,
537750,KIRAN VYPAR ,X ,Q,79.45,82.35,77.65,77.80,77.80,79.45,18,955,77373.00,
537766,BCP LTD     ,B ,Q,4.91,4.91,4.81,4.81,4.81,4.80,20,5086,24852.00,
537785,ANISHA IMPEX,M ,Q,165.50,167.00,165.00,166.00,166.00,165.50,7,12500,2068125.00,
537800,MANGALAM IND,XT,Q,0.50,0.50,0.50,0.50,0.50,0.48,10,24917,12458.00,
537820,VFL         ,B ,Q,0.48,0.51,0.46,0.51,0.51,0.49,10,5056,2570.00,
537839,PHOENIX TN  ,X ,Q,10.96,10.96,10.96,10.96,10.96,10.96,1,1,10.00,
537840,RAUNAQEPC   ,XT,Q,23.15,24.15,22.15,23.95,23.95,23.05,10,331,7575.00,
538019,OBI LTD     ,T ,Q,9.18,9.18,8.34,9.18,9.18,8.75,20,6463,58637.00,
538057,CPSE ETF    ,B ,Q,18.67,19.07,18.62,19.04,19.07,18.77,316,199665,3786239.00,
538092,JOONKTOLLEE ,X ,Q,104.65,104.70,97.40,102.25,104.70,100.45,7,354,35733.00,
538119,RNB DENIMS  ,T ,Q,27.20,28.00,27.20,27.30,27.30,27.20,5,1232,33673.00,
538212,SHARP INV   ,X ,Q,0.19,0.19,0.17,0.19,0.19,0.18,15,35290,6655.00,
538268,WONDERLA    ,B ,Q,176.30,200.00,176.30,197.30,198.85,181.05,558,13330,2569886.00,
538273,RESPONS INF ,X ,Q,7.75,8.13,7.75,8.13,8.13,7.75,2,510,3956.00,
538351,AFEL        ,X ,Q,12.25,12.25,12.25,12.25,12.25,12.01,43,27102,331999.00,
538365,ADHUNIKIND  ,B ,Q,16.85,17.50,16.80,17.25,17.15,17.25,119,12729,218365.00,
538395,NAM SEC     ,X ,Q,32.10,32.10,32.10,32.10,32.10,30.60,1,1,32.00,
538401,MAESTROS ELE,X ,Q,139.50,142.00,139.45,139.45,139.45,142.25,71,9508,1329539.00,
538432,DIVINUS     ,Z ,Q,37.00,37.00,37.00,37.00,37.00,38.00,3,9,333.00,
538433,CLASSIC     ,XT,Q,0.22,0.23,0.22,0.22,0.22,0.23,24,78783,17332.00,
538446,MONEYBOXX   ,T ,Q,52.00,52.00,52.00,52.00,52.00,52.00,2,9,468.00,
538464,TPROJECT    ,X ,Q,0.68,0.69,0.68,0.69,0.69,0.69,3,62,42.00,
538476,CTL         ,X ,Q,5.00,5.30,4.75,5.10,5.19,5.12,21,11121,55464.00,
538496,TARINI      ,M ,Q,7.16,7.20,7.16,7.19,7.20,6.87,18,54000,387720.00,
538521,CROWNTOURS  ,X ,Q,17.85,19.25,17.85,18.75,19.20,19.20,24,17044,315022.00,
538537,OMANSH      ,X ,Q,0.34,0.34,0.34,0.34,0.34,0.33,2,20,6.00,
538540,RLFL        ,XT,Q,0.20,0.20,0.19,0.20,0.20,0.19,87,259806,51357.00,
538557,SAIBABA     ,XT,Q,1.26,1.26,1.26,1.26,1.26,1.26,10,1273,1603.00,
538562,SKIPPER     ,B ,Q,54.85,57.75,54.35,56.35,56.30,55.20,145,9178,515378.00,
538564,JAMESWARREN ,X ,Q,132.05,156.55,132.05,149.35,150.00,142.50,53,3647,543929.00,
538565,VISTARAMAR  ,X ,Q,28.25,28.25,28.25,28.25,28.25,28.25,2,84,2373.00,
538566,APOLLOTRI   ,B ,Q,777.10,778.50,729.00,742.25,742.25,755.50,2609,108898,80992333.00,
538567,GULFOIL LUB ,A ,Q,775.00,800.00,775.00,790.30,790.30,791.80,380,1468,1164308.00,
538597,TTIENT      ,X ,Q,0.81,0.81,0.81,0.81,0.81,0.78,2,105,85.00,
538598,VISHAL      ,B ,Q,110.25,110.25,110.25,110.25,110.25,112.45,16,777,85664.00,
538607,TOYAMIND    ,X ,Q,3.25,3.30,3.20,3.26,3.30,3.26,148,1087714,3520165.00,
538611,RTFL        ,X ,Q,3.85,4.17,3.85,4.17,4.17,3.98,3,951,3965.00,
538634,VRL         ,X ,Q,88.40,90.00,84.00,86.55,86.00,82.10,148,8513,744449.00,
538635,SNOWMAN     ,B ,Q,60.00,61.30,55.55,56.00,56.00,58.00,5269,682747,39299844.00,
538646,QGO         ,XT,Q,16.70,17.30,16.70,17.30,17.30,16.50,4,600,10170.00,
538647,PURSHOTTAM  ,X ,Q,12.04,12.04,11.50,11.50,11.50,12.00,17,81,962.00,
538653,EML         ,XT,Q,0.37,0.37,0.37,0.37,0.37,0.37,24,2501,925.00,
538666,SHARDACROP  ,B ,Q,277.00,287.15,277.00,283.40,285.80,277.00,379,4212,1191126.00,
538683,NETFSENSEX  ,B ,Q,509.00,509.00,475.00,483.00,483.00,492.85,19,116,56562.00,
538685,SHEMAROO    ,B ,Q,55.00,63.10,55.00,63.00,63.10,57.40,456,39339,2444817.00,
538706,ULTRACAB    ,B ,Q,91.00,95.00,88.55,94.60,94.20,92.50,148,71647,6560905.00,
538707,RCCL        ,X ,Q,14.79,14.79,14.79,14.79,14.79,14.80,4,612,9051.00,
538708,ETIL        ,X ,Q,8.19,8.19,8.00,8.00,8.00,7.80,5,1825,14689.00,
538713,ATISHAY     ,B ,Q,35.15,38.80,35.15,38.80,38.80,37.00,5,227,8077.00,
538714,SUCHITRA    ,X ,Q,38.90,38.90,38.90,38.90,38.90,37.05,3,31,1205.00,
538715,DHABRIYA    ,B ,Q,36.00,40.00,35.20,37.75,37.75,39.90,77,6962,259055.00,
538730,PDSMFL      ,B ,Q,420.00,423.00,415.00,423.00,423.00,419.70,112,2215,929398.00,
538732,VGCL        ,T ,Q,16.65,18.35,16.65,16.75,16.75,17.50,4,90008,1507645.00,
538733,STARLIT     ,T ,Q,16.70,16.70,16.50,16.55,16.50,17.00,3,400,6630.00,
538734,CEINSYSTECH ,T ,Q,131.40,137.95,124.85,136.35,137.95,131.40,29,2722,370423.00,
538742,PANACHE     ,XT,Q,18.05,18.95,17.55,18.95,18.95,18.05,13,6266,116014.00,
538770,CRANE INFRA ,X ,Q,3.05,3.05,3.05,3.05,3.05,2.99,3,1201,3663.00,
538772,NIYOGIN     ,X ,Q,63.35,64.55,62.10,64.55,64.55,63.35,17,3455,217181.00,
538778,AKASHDEEP   ,X ,Q,37.00,37.00,35.50,36.45,35.50,35.10,60,90639,3303044.00,
538787,GBFL        ,XT,Q,3.04,3.04,3.04,3.04,3.04,2.90,22,17234,52391.00,
538788,GILADAFINS  ,X ,Q,22.90,22.90,22.80,22.80,22.80,21.85,2,2,45.00,
538795,SAPPL       ,X ,Q,175.00,195.00,170.00,188.95,172.10,162.85,100,4525,826666.00,
538812,AANCHALISP  ,T ,Q,4.38,4.38,4.05,4.36,4.36,4.26,33,17997,73395.00,
538833,ANUBHAV     ,T ,Q,3.75,3.75,3.49,3.75,3.75,3.67,15,2197,8080.00,
538834,MEL         ,X ,Q,2.48,2.48,2.48,2.48,2.48,2.47,2,300,744.00,
538835,INTELLECT   ,A ,Q,272.15,282.00,272.15,279.65,278.90,272.15,343,7697,2149585.00,
538836,MONTECARLO  ,B ,Q,243.60,248.05,238.40,241.90,241.30,243.60,930,14724,3572436.00,
538837,JSTL        ,XT,Q,33.50,33.50,31.05,31.85,33.40,32.50,43,2969,96452.00,
538860,PANAFIC     ,X ,Q,0.19,0.20,0.19,0.20,0.20,0.19,13,18200,3461.00,
538868,CSL         ,XT,Q,10.95,10.95,10.95,10.95,10.95,10.80,1,1000,10950.00,
538882, EMERALD    ,X ,Q,11.10,11.66,10.60,11.49,11.65,11.11,8,1810,20950.00,
538890,MKEXIM      ,X ,Q,21.00,21.00,15.95,19.85,19.85,19.85,36,7332,144148.00,
538891,MCLOUD      ,X ,Q,67.00,67.90,66.15,67.00,67.00,66.45,223,48787,3258502.00,
538896,KANCHI      ,X ,Q,421.80,455.00,420.00,449.85,449.85,417.75,712,27225,11937272.00,
538902,DHUN TEAIND ,B ,Q,261.50,266.15,255.00,266.15,266.15,262.00,31,626,163306.00,
538922,COSYN       ,X ,Q,23.80,23.80,21.75,22.10,22.10,22.95,43,5271,117233.00,
538928,KARNAVATI   ,B ,Q,13.00,13.55,13.00,13.55,13.55,13.00,3,481,6258.00,
538942,MERCANTILE  ,X ,Q,8.80,8.80,7.84,8.22,8.75,8.70,20,1549,13083.00,
538943,SONAL       ,XT,Q,19.65,19.65,18.05,19.65,19.65,18.75,12,1400,27210.00,
538952,ALFL        ,X ,Q,0.61,0.61,0.61,0.61,0.61,0.61,1,10,6.00,
538961,GENUSPAPER  ,B ,Q,5.98,5.98,5.52,5.58,5.60,5.64,120,71622,402717.00,
538962,MINDACORP   ,A ,Q,82.00,85.00,81.20,84.35,84.35,81.55,1591,178902,14978852.00,
538964,MERCURYLAB  ,X ,Q,470.00,470.00,468.45,468.45,468.45,489.65,4,25,11726.00,
538965,CONCORD     ,XT,Q,21.85,24.00,21.85,23.85,23.85,22.90,33,6564,156228.00,
538970,MANVIJAY    ,X ,Q,450.10,465.00,430.00,453.15,455.00,448.80,8,111,49913.00,
538979,GRNLAM IND  ,B ,Q,796.05,830.95,788.65,811.70,811.20,789.70,23,190,151249.00,
538987,TALBROSENG  ,X ,Q,109.80,110.00,108.00,108.15,108.00,106.65,18,1218,133100.00,
538992,SAPL        ,X ,Q,217.10,217.10,217.10,217.10,217.10,228.20,2,51,11072.00,
539006,PTCIL       ,X ,Q,900.00,900.00,865.00,885.00,885.00,896.25,86,1415,1245799.00,
539009,GBLIL       ,XT,Q,0.87,0.88,0.87,0.88,0.88,0.88,31,4286,3729.00,
539013,GITARENEW   ,X ,Q,6.68,6.68,6.68,6.68,6.68,6.68,3,103,688.00,
539015,ORTEL       ,Z ,Q,0.70,0.74,0.70,0.74,0.74,0.71,2,30,21.00,
539017,ASHFL       ,B ,Q,86.50,88.95,86.00,88.00,88.00,88.05,27,1121,97332.00,
539018,BEEKAY      ,X ,Q,228.90,230.00,218.20,228.25,228.00,223.10,52,1755,392746.00,
539026,SSPNFIN     ,M ,Q,33.50,33.50,28.00,29.90,29.90,32.90,5,44000,1344800.00,
539031,SETFBSE100  ,B ,Q,134.80,134.80,133.00,134.70,134.70,134.80,12,58,7778.00,
539032,FRASER      ,X ,Q,5.51,5.51,5.32,5.32,5.32,5.42,16,33657,180195.00,
539040,TTIL        ,XT,Q,2.07,2.07,2.06,2.06,2.06,2.07,6,2420,4986.00,
539042,AGIIL       ,B ,Q,61.00,61.00,55.05,60.50,60.50,59.95,14,455,27577.00,
539043,BKMINDST    ,B ,Q,0.80,0.80,0.80,0.80,0.80,0.77,4,17657,14125.00,
539044,MANAKSTELTD ,B ,Q,13.82,13.82,12.89,13.44,13.47,13.42,70,7744,102952.00,
539045,MNKALCOLTD  ,B ,Q,7.04,7.11,6.93,7.01,7.00,7.29,19,1539,10786.00,
539046,MNKCMILTD   ,B ,Q,5.29,5.30,5.24,5.28,5.30,5.39,8,2293,12107.00,
539056,IMAGICAA    ,B ,Q,4.85,4.91,4.65,4.75,4.76,4.85,68,33350,160055.00,
539083,INOXWIND    ,A ,Q,52.95,55.90,50.50,54.95,54.95,50.85,2179,168062,9281352.00,
539097,HKG         ,M ,Q,39.50,40.00,34.05,39.00,39.00,40.00,8,180000,7020500.00,
539112,SAB         ,X ,Q,34.55,34.55,31.65,31.65,31.65,32.95,2,101,3199.00,
539113,PML         ,X ,Q,1345.00,1345.00,1178.00,1294.70,1294.00,1291.00,41,205,261961.00,
539118,VRLLOG      ,A ,Q,181.00,183.05,174.05,179.55,179.30,179.35,1249,34715,6250771.00,
539122,BODHTREE    ,X ,Q,37.80,37.80,34.60,36.00,36.10,34.90,371,6411,229835.00,
539126,MEP         ,B ,Q,13.85,14.00,13.75,13.80,13.75,14.00,102,16418,228048.00,
539132,VEGETABLE   ,X ,Q,2.10,2.16,2.00,2.00,2.00,2.06,7,381,804.00,
539141,UFO         ,B ,Q,78.45,81.80,77.65,79.70,79.80,77.60,366,16380,1297596.00,
539143,PANTH       ,X ,Q,5.54,5.54,5.45,5.54,5.54,5.44,57,41821,231671.00,
539148,SHIVALIK    ,X ,Q,445.00,458.85,433.10,446.15,445.00,443.75,181,5157,2288466.00,
539150,PNCINFRA    ,A ,Q,174.00,176.50,170.00,175.35,175.35,170.80,1712,64536,11252198.00,
539151,ARFIN       ,X ,Q,35.50,40.95,35.50,39.80,38.35,36.20,89,12343,480279.00,
539174,HELPAGE     ,XT,Q,10.00,10.00,10.00,10.00,10.00,9.56,1,200,2000.00,
539176,HAWAENG     ,XT,Q,34.75,37.85,34.70,34.75,34.80,36.50,18,1242,44232.00,
539177,AIIL        ,XT,Q,199.00,199.00,189.05,191.00,191.00,199.00,9,25026,4772975.00,
539195,POEL        ,X ,Q,24.50,25.05,22.75,23.10,22.80,23.90,50,5241,123130.00,
539196,AEL         ,X ,Q,10.23,13.87,10.23,11.42,11.14,11.61,51,3240,37619.00,
539197,DEVHARI     ,X ,Q,1.76,1.76,1.76,1.76,1.76,1.79,15,3980,7004.00,
539201,SATIA       ,B ,Q,96.00,96.00,92.80,93.15,92.85,93.60,114,2762,258418.00,
539216,GARMNTMNTR  ,B ,Q,64.05,66.00,63.60,63.60,63.60,64.45,35,22361,1431652.00,
539219,MUL         ,XT,Q,11.00,11.03,10.05,11.03,11.03,10.51,59,5397,58675.00,
539221,SPORTKING   ,XT,Q,353.00,355.50,322.00,340.10,355.00,338.80,74,3060,1068376.00,
539222,VMV         ,M ,Q,39.85,39.85,37.45,38.40,38.40,38.85,19,127500,4914125.00,
539225,JIYAECO     ,T ,Q,6.79,7.05,6.79,6.95,6.95,6.96,69,20464,141615.00,
539226,RUDRA       ,XT,Q,90.05,90.05,90.00,90.00,90.00,94.70,4,151,13592.00,
539227,LOYAL       ,T ,Q,30.80,30.80,30.80,30.80,30.80,29.35,11,2423,74628.00,
539228,GGPL        ,T ,Q,39.60,42.70,39.60,42.40,42.40,41.45,25,926,38411.00,
539235,GPL         ,X ,Q,312.95,313.00,312.95,313.00,313.00,314.75,3,102,31921.00,
539251,BALKRISHNA  ,B ,Q,16.33,18.03,16.33,18.03,18.03,17.18,50,1326,23727.00,
539252,SCFL        ,B ,Q,3.90,4.06,3.80,4.05,4.06,3.95,43,38009,152409.00,
539254,ADANITRANS  ,A ,Q,382.90,382.90,372.00,378.65,377.40,377.15,2647,60212,22769731.00,
539255,STARDELTA   ,X ,Q,86.05,86.05,86.05,86.05,86.05,90.55,10,1000,86050.00,
539265,AMRAFIN     ,M ,Q,13.00,13.00,13.00,13.00,13.00,14.59,1,595200,7737600.00,
539267,DRHABEEB    ,XT,Q,48.15,48.15,48.15,48.15,48.15,48.15,2,11,529.00,
539268,SYNGENE     ,A ,Q,582.00,582.00,561.00,568.70,569.15,577.90,1394,17712,10072140.00,
539273,PECOS       ,M ,Q,23.05,23.05,23.00,23.00,23.00,23.00,2,2000,46050.00,
539274,BLFL        ,Z ,Q,5.20,5.20,5.20,5.20,5.20,5.29,1,300,1560.00,
539275,MSL         ,T ,Q,61.45,64.40,59.00,64.15,64.15,61.35,17,2425,150214.00,
539276,KAYA        ,B ,Q,259.80,263.05,251.00,261.25,261.60,255.65,392,9104,2354635.00,
539278,SYMBIOX     ,X ,Q,0.98,0.98,0.97,0.97,0.97,0.94,8,1096,1063.00,
539287,ORTINLAABS  ,B ,Q,23.00,23.10,22.00,23.10,23.10,22.00,210,9176,207468.00,
539289,MJCO        ,B ,Q,947.00,971.60,947.00,968.85,970.00,952.55,898,115953,111174533.00,
539290,BINDALAGRO  ,B ,Q,13.56,13.69,12.90,13.27,13.35,12.93,40,4907,65586.00,
539291,OZONEWORLD  ,X ,Q,80.50,81.00,80.45,81.00,81.00,81.00,45,69067,5571362.00,
539300,AKSPINTEX   ,X ,Q,23.45,23.45,22.35,22.35,22.35,22.35,4,58,1313.00,
539301,ARVSMART    ,B ,Q,93.00,95.90,91.00,93.90,93.90,92.10,1029,25515,2417808.00,
539302,POWERMECH   ,B ,Q,430.00,432.40,427.00,427.80,427.80,424.60,152,1517,650540.00,
539309,RAMASTEEL   ,B ,Q,48.00,49.20,48.00,49.00,49.00,46.90,8,69,3349.00,
539310,THINKINK    ,B ,Q,25.50,26.90,25.30,26.10,26.50,26.30,184,439010,11339610.00,
539312,UTISENSETF  ,B ,Q,475.00,482.00,465.10,477.00,477.00,469.55,67,456,216751.00,
539331,VETO        ,B ,Q,68.60,68.60,67.15,67.80,67.55,67.80,105,5215,353840.00,
539332,NAVKARCORP  ,B ,Q,31.60,35.15,31.05,33.90,33.90,31.50,1467,267598,9064351.00,
539334,SHREEPUSHK  ,B ,Q,103.55,104.00,101.75,102.05,102.00,101.90,1014,27379,2797910.00,
539336,GUJGAS      ,A ,Q,350.00,354.40,340.25,341.00,341.20,348.10,8487,120107,41299112.00,
539346,SADBHIN     ,B ,Q,17.45,17.85,16.70,17.65,17.65,16.95,345,87741,1542094.00,
539351,PRABHAT     ,B ,Q,68.15,71.65,67.85,69.25,68.70,68.50,404,16394,1156714.00,
539353,SALAUTO     ,X ,Q,195.80,195.80,170.10,177.70,177.50,178.00,28,454,80490.00,
539354,POLYSPIN    ,X ,Q,42.50,42.50,42.50,42.50,42.50,38.65,23,8535,362737.00,
539359,PRITIKAUTO  ,X ,Q,103.00,103.10,97.50,100.50,101.00,101.75,41,3395,344414.00,
539363,SKC         ,T ,Q,5.76,5.76,5.67,5.76,5.76,5.65,16,11120,63052.00,
539391,ACME        ,X ,Q,8.99,8.99,8.57,8.57,8.57,8.99,6,303,2642.00,
539399,BELLACASA   ,B ,Q,83.30,87.15,74.20,87.15,87.15,79.25,103,15403,1295415.00,
539400,MALLCOM     ,X ,Q,245.15,249.00,239.00,248.00,248.00,245.15,14,271,65987.00,
539403,ARAMBHAN    ,M ,Q,3.75,3.75,3.75,3.75,3.75,3.80,1,5000,18750.00,
539404,SATIN       ,B ,Q,72.85,73.00,70.35,72.30,72.30,71.05,876,48455,3499961.00,
539407,GENCON      ,X ,Q,53.75,57.70,52.60,53.20,53.75,53.75,56,9855,522173.00,
539410,WELCON      ,X ,Q,6.37,6.37,6.37,6.37,6.37,6.70,5,1552,9886.00,
539428,TEJNAKSH    ,B ,Q,38.60,38.70,35.40,38.70,38.70,36.90,35,6996,263988.00,
539437,IDFCFIRSTB  ,A ,Q,37.15,37.30,36.60,37.10,37.10,36.70,15577,1091411,40471802.00,
539447,BEARDSELL   ,B ,Q,8.19,8.51,8.05,8.19,8.19,8.25,8,450,3774.00,
539448,INDIGO      ,A ,Q,1514.05,1570.60,1514.05,1559.30,1559.90,1514.50,5811,68529,106330400.00,
539450,SHK         ,A ,Q,131.40,141.25,131.00,138.50,138.50,130.35,4001,157149,21542298.00,
539455,ARYAVAN     ,X ,Q,9.25,9.25,9.25,9.25,9.25,9.50,3,500,4625.00,
539470,SHREEGANES  ,X ,Q,100.15,102.00,97.30,98.65,99.85,98.15,97,14215,1397805.00,
539479,GTV         ,X ,Q,28.80,29.95,28.80,29.95,29.95,28.90,6,2501,72440.00,
539480,LICNETFN50  ,B ,Q,135.00,137.00,128.65,130.20,130.20,131.07,25,130,17187.00,
539487,LICNETFSEN  ,B ,Q,475.00,475.00,475.00,475.00,475.00,455.82,1,2,950.00,
539515,QUINT       ,X ,Q,315.00,315.00,286.40,289.55,311.85,300.00,9,487,141886.00,
539516,HDFCNIFETF  ,B ,Q,1375.00,1380.00,1365.00,1380.00,1380.00,1364.24,35,149,205126.00,
539517,SXETF       ,B ,Q,4719.60,4738.99,4719.60,4732.09,4732.09,4684.97,7,19,89892.00,
539518,UDAYJEW     ,X ,Q,140.55,149.95,140.55,145.05,145.10,144.00,17,493,71162.00,
539519,MAYUKH      ,X ,Q,14.05,14.20,13.65,14.00,14.00,14.00,6,16299,227936.00,
539523,ALKEM       ,A ,Q,2985.00,2985.00,2781.10,2789.00,2797.65,2840.65,1058,6059,17041522.00,
539524,LALPATHLAB  ,A ,Q,2290.00,2300.00,2260.90,2270.95,2271.00,2291.00,771,4015,9142526.00,
539525,NAVKETAN    ,XT,Q,0.30,0.30,0.30,0.30,0.30,0.30,2,6,1.00,
539526,SCTL        ,B ,Q,0.78,0.78,0.72,0.73,0.74,0.75,1475,6122092,4542087.00,
539527,CREATIVE    ,X ,Q,361.15,361.15,361.15,361.15,361.15,380.00,1,11,3972.00,
539528,AAYUSH      ,X ,Q,34.00,34.00,32.00,33.45,33.80,32.70,45,1449,48471.00,
539542,LUXIND      ,A ,Q,1605.25,1608.95,1580.20,1598.30,1608.95,1607.00,355,1471,2343295.00,
539545,APOORVA     ,X ,Q,12.36,12.36,11.20,11.20,11.20,11.78,5,26,294.00,
539546,BNL         ,X ,Q,8.08,8.08,8.08,8.08,8.08,8.49,3,1300,10504.00,
539551,NH          ,A ,Q,398.00,398.00,368.60,382.60,383.00,383.75,862,12916,4899650.00,
539561,REMLIFE     ,XT,Q,31.40,31.40,30.95,30.95,30.95,30.00,3,160,5019.00,
539562,AARNAV      ,X ,Q,50.60,51.25,47.35,49.50,50.00,50.60,45,26173,1288782.00,
539594,MISHTANN    ,X ,Q,7.40,7.55,7.00,7.30,7.30,7.31,115,26569,193229.00,
539597,JSLHISAR    ,A ,Q,119.10,120.80,118.25,119.60,120.55,118.65,414,16279,1941994.00,
539599,KEL         ,X ,Q,12.56,12.56,12.56,12.56,12.56,11.97,5,1000,12560.00,
539620,AINFRA      ,X ,Q,25.00,25.00,25.00,25.00,25.00,25.00,1,1,25.00,
539636,PRECAM      ,B ,Q,49.00,49.85,47.65,48.55,48.55,46.00,975,90530,4417356.00,
539658,TEAMLEASE   ,A ,Q,2493.35,2711.65,2493.35,2674.65,2664.05,2526.75,1748,7079,18696330.00,
539660,BESTAGRO    ,X ,Q,460.65,466.95,460.65,466.95,466.95,457.80,60,4309,1998664.00,
539661,ACEMEN      ,XT,Q,25.35,25.35,25.00,25.00,25.00,25.10,11,1033,25869.00,
539669,RGF         ,X ,Q,1.34,1.34,1.34,1.34,1.34,1.41,5,225,301.00,
539673,RCL         ,XT,Q,16.18,16.18,14.80,15.86,15.90,15.41,48,140849,2209663.00,
539678,QUICKHEAL   ,B ,Q,155.40,163.50,155.05,158.65,158.65,155.45,856,37782,5993724.00,
539679,KAPILRAJ    ,XT,Q,9.87,9.87,9.87,9.87,9.87,10.38,1,10,98.00,
539686,KPEL        ,B ,Q,69.90,69.90,69.90,69.90,69.90,69.90,3,368,25723.00,
539692,IFINSER     ,XT,Q,20.40,20.40,20.40,20.40,20.40,21.47,23,2701,55100.00,
539697,HILIKS      ,XT,Q,7.94,8.40,7.94,7.94,8.40,8.35,14,1523,12343.00,
539725,GOKULAGRO   ,B ,Q,13.82,14.05,13.32,13.72,13.72,13.66,84,14098,193411.00,
539730,FREDUN      ,X ,Q,290.00,305.75,280.20,290.00,290.00,285.45,96,8407,2435042.00,
539742,SIMBHALS    ,B ,Q,5.89,6.34,5.80,6.05,6.05,6.06,81,12443,75179.00,
539762,MODCL       ,XT,Q,10.00,10.00,10.00,10.00,10.00,9.95,2,25000,250000.00,
539767,MNIL        ,X ,Q,25.20,25.95,24.25,25.00,25.40,25.50,31,3240,82068.00,
539770,DARJEELING  ,XT,Q,4.35,4.35,4.30,4.30,4.30,4.35,13,1208,5213.00,
539773,ADVIKCA     ,X ,Q,0.50,0.50,0.50,0.50,0.50,0.48,1,50,25.00,
539785,PDMJEPAPER  ,B ,Q,20.70,20.95,20.30,20.50,20.50,20.85,95,6972,144220.00,
539787,HCG         ,B ,Q,151.00,152.00,144.40,148.85,149.00,147.90,430,4875,726771.00,
539798,UMIYA       ,B ,Q,8.80,8.80,8.80,8.80,8.80,8.45,2,30,264.00,
539799,BHARATWIRE  ,B ,Q,27.00,28.10,26.30,27.65,27.80,27.45,91,5590,154039.00,
539800,CHDCHEM     ,B ,Q,36.85,36.85,36.85,36.85,36.85,37.60,49,3524,129859.00,
539807,INFIBEAM    ,A ,Q,84.00,87.00,82.10,85.30,85.30,79.25,1777,247440,20903053.00,
539814,RADHEY      ,X ,Q,24.70,26.55,22.15,23.30,23.25,24.15,33,20610,496778.00,
539833,SICLTD      ,X ,Q,0.61,0.64,0.61,0.64,0.64,0.64,3,2052,1313.00,
539835,SUPERIOR    ,XT,Q,97.25,97.25,97.00,97.10,97.10,97.20,119,3139,304782.00,
539837,RPEL        ,T ,Q,218.40,218.40,201.00,204.00,204.00,208.00,31,2856,589450.00,
539841,LANCER      ,B ,Q,54.50,58.80,54.50,58.80,58.80,56.65,31,4862,282168.00,
539844,EQUITAS     ,A ,Q,71.30,71.30,69.80,70.20,70.20,70.00,3108,192059,13495864.00,
539854,HALDER      ,X ,Q,54.00,54.00,54.00,54.00,54.00,51.45,4,503,27162.00,
539861,SKIL        ,B ,Q,2.69,2.69,2.59,2.61,2.59,2.72,47,34190,90123.00,
539871,THYROCARE   ,A ,Q,1090.00,1103.00,1069.05,1072.35,1072.35,1099.10,1056,7469,8033393.00,
539872,BAJAJHCARE  ,B ,Q,462.25,473.50,461.05,464.30,468.85,462.25,446,13539,6352245.00,
539874,UJJIVAN     ,A ,Q,287.00,287.55,281.15,283.50,282.85,283.45,1572,43384,12370453.00,
539875,RSDFIN      ,X ,Q,29.40,29.40,28.00,28.00,28.00,28.00,4,1130,33191.00,
539876,CROMPTON    ,A ,Q,307.00,326.20,302.65,321.70,321.70,305.15,3387,70794,22646987.00,
539883,PILANIINVS  ,B ,Q,2148.00,2189.00,2130.00,2150.25,2175.00,2146.10,192,543,1166513.00,
539889,PARAGMILK   ,A ,Q,109.40,112.80,109.00,111.75,111.75,109.60,2001,88224,9804847.00,
539894,MADHAVIPL   ,X ,Q,5.00,5.11,4.90,5.10,5.11,4.90,123,59117,300095.00,
539911,SNIM        ,XT,Q,8.49,8.49,8.49,8.49,8.49,8.33,43,51,432.00,
539917,NAGARFERT   ,T ,Q,5.51,5.55,5.43,5.44,5.44,5.71,278,112147,613083.00,
539921,SEIL        ,T ,Q,114.00,115.00,113.00,113.00,113.00,113.45,5,25405,2870975.00,
539938,MIL         ,XT,Q,49.35,49.35,49.35,49.35,49.35,47.00,6,660,32571.00,
539939,YASHCHEM    ,B ,Q,48.80,51.95,48.80,48.90,48.90,49.25,5,1611,78860.00,
539940,MAXVIL      ,B ,Q,44.65,44.85,42.50,43.65,43.55,44.40,133,8664,376028.00,
539945,ICICINV20   ,B ,Q,64.60,66.20,64.20,65.21,65.69,65.17,52,953,61975.00,
539956,TAALENT     ,X ,Q,220.40,244.80,220.40,237.20,236.50,240.00,55,1420,331926.00,
539957,MGL         ,A ,Q,1062.95,1084.95,1048.15,1059.10,1059.10,1063.15,4345,58515,62246882.00,
539963,ZEAL        ,B ,Q,64.90,64.90,61.90,63.30,63.30,64.40,40,1998,125522.00,
539978,QUESS       ,A ,Q,486.95,525.00,486.95,519.00,517.35,501.50,1543,18751,9649820.00,
539979,DIGJAMLTD   ,Z ,Q,2.80,2.95,2.80,2.85,2.85,2.82,40,55725,161954.00,
539980,ICICIMCAP   ,B ,Q,74.50,75.00,74.05,74.46,74.73,73.99,46,1678,124936.00,
539982,ASYL        ,T ,Q,8.94,8.94,8.80,8.90,8.80,8.52,7,1600,14247.00,
539984,HUIL        ,X ,Q,985.00,1036.85,967.20,1035.90,1000.20,987.50,50,710,720125.00,
539986,COMSYN      ,B ,Q,62.90,63.70,62.90,63.50,63.50,63.15,26,6473,410791.00,
539992,LLOYDSTEEL  ,B ,Q,0.70,0.75,0.69,0.73,0.73,0.70,432,700346,499651.00,
540005,LTI         ,A ,Q,3230.00,3469.45,3230.00,3352.40,3352.40,3202.40,6989,45299,152240589.00,
540006,EASTWEST    ,X ,Q,65.00,65.00,62.80,63.00,63.00,65.00,15,1602,100855.00,
540008,BSLSENETFG  ,B ,Q,420.00,420.00,406.10,406.24,406.20,420.00,10,384,156214.00,
540024,ASHARI      ,Z ,Q,8.03,8.80,8.03,8.29,8.54,8.45,7,2837,23468.00,
540025,ADVENZYMES  ,A ,Q,358.05,368.70,352.65,359.60,359.60,353.85,3569,52700,18958388.00,
540026,LAHL        ,XT,Q,7.32,7.32,7.32,7.32,7.32,7.46,1,40,292.00,
540027,PTIL        ,Z ,Q,388.00,388.00,366.30,383.90,383.90,385.55,24,26510,10190834.00,
540047,DBL         ,A ,Q,354.25,365.10,354.25,362.25,362.25,355.80,695,10344,3742658.00,
540048,SPAL        ,B ,Q,142.00,142.00,138.00,140.00,141.10,143.50,70,1009,141220.00,
540061,BIGBLOC     ,T ,Q,90.00,93.95,89.00,93.95,93.95,89.50,16,5681,515094.00,
540063,ECS         ,X ,Q,2.64,2.64,2.64,2.64,2.64,2.77,3,501,1322.00,
540064,FRETAIL     ,A ,Q,78.25,78.65,78.25,78.25,78.25,82.35,2481,1218403,95345409.00,
540065,RBLBANK     ,A ,Q,224.80,227.70,220.30,225.65,225.65,223.70,4089,442055,99551350.00,
540072,SHIVAEXPO   ,M ,Q,1.96,1.97,1.81,1.81,1.81,1.90,4,40000,75500.00,
540073,BLS         ,B ,Q,81.95,84.50,81.90,84.50,84.50,80.50,579,24783,2084179.00,
540078,MITSU       ,B ,Q,121.75,121.95,121.50,121.70,121.85,121.70,14,4400,535835.00,
540080,NARAYANI    ,B ,Q,30.30,33.40,30.30,32.75,33.00,31.85,30,15265,506393.00,
540083,TVVISION    ,B ,Q,1.35,1.35,1.31,1.33,1.33,1.37,12,16461,21726.00,
540084,SPICY       ,M ,Q,1.21,1.21,1.21,1.21,1.21,1.27,2,40000,48400.00,
540108,TAHL        ,X ,Q,34.00,35.00,32.25,33.60,32.40,34.25,50,12260,421503.00,
540115,LTTS        ,A ,Q,1739.95,1773.00,1725.00,1769.55,1769.55,1724.00,1976,9733,17134874.00,
540124,GNA         ,B ,Q,280.00,280.00,252.00,256.20,255.45,255.05,454,3989,1024936.00,
540125,RADHIKAJWE  ,M ,Q,16.95,16.95,16.00,16.00,16.00,15.00,2,3200,52720.00,
540133,ICICIPRULI  ,A ,Q,445.05,458.70,443.05,457.25,457.70,441.95,5110,169428,76492598.00,
540134,IISL        ,XT,Q,5.55,5.55,5.35,5.55,5.55,5.45,25,28809,159695.00,
540135,ARCFIN      ,X ,Q,1.56,1.56,1.56,1.56,1.56,1.53,2,60,93.00,
540136,HPL         ,B ,Q,37.00,37.00,35.65,35.70,35.90,35.25,124,6801,245503.00,
540143,SAGARSOFT   ,X ,Q,73.25,74.65,68.10,70.75,70.75,72.85,89,10113,724316.00,
540145,VALIANTORG  ,B ,Q,3127.90,3190.00,3050.00,3089.35,3097.95,3129.10,486,1417,4362170.00,
540146,ACML        ,M ,Q,11.20,11.20,11.20,11.20,11.20,11.00,1,1000,11200.00,
540147,SHASHIJIT   ,B ,Q,28.00,28.00,27.40,27.95,27.95,27.25,5,447,12422.00,
540150,MHEL        ,M ,Q,37.50,37.50,37.50,37.50,37.50,37.55,1,3000,112500.00,
540153,ENDURANCE   ,A ,Q,1159.60,1162.00,1111.00,1139.95,1140.00,1154.65,458,2756,3114135.00,
540154,IDFSENSEXE  ,B ,Q,415.00,447.00,411.52,431.54,420.00,439.95,31,200,86662.00,
540173,PNBHOUSING  ,A ,Q,379.95,381.00,375.75,376.40,376.40,378.80,777,16973,6422736.00,
540174,SOUTHERNIN  ,XT,Q,6.52,6.52,6.52,6.52,6.52,6.40,1,5,32.00,
540175,REGENCY     ,X ,Q,14.70,14.70,14.20,14.65,14.65,14.45,71,12179,175622.00,
540180,VBL         ,A ,Q,870.30,894.00,823.30,833.70,833.70,873.25,2358,25757,21932641.00,
540190,FRANKLININD ,X ,Q,11.79,11.79,11.79,11.79,11.79,11.23,1,10,117.00,
540192,LKPSEC      ,X ,Q,5.15,5.38,5.04,5.06,5.06,5.22,58,23144,118878.00,
540198,OSIAJEE     ,X ,Q,36.50,36.50,33.00,33.95,33.90,33.90,138,19634,665925.00,
540203,SFL         ,A ,Q,1550.00,1608.90,1529.00,1592.05,1563.90,1522.65,321,1633,2558942.00,
540210,TMRVL       ,B ,Q,11.20,11.67,10.62,11.67,11.67,10.61,113,28418,323006.00,
540212,TCIEXP      ,A ,Q,803.00,888.00,803.00,873.25,873.25,806.95,2455,11854,10181107.00,
540222,LAURUSLABS  ,A ,Q,319.90,326.75,310.50,322.60,322.60,317.15,11342,464245,149522151.00,
540243,NEWLIGHT    ,XT,Q,29.85,29.85,28.20,29.00,29.00,28.50,20,7487,216819.00,
540253,SNTCL       ,XT,Q,3.00,3.06,2.96,3.06,3.06,3.00,10,780,2321.00,
540259,SHANGAR     ,X ,Q,17.40,17.40,17.35,17.40,17.40,17.10,15,1541,26809.00,
540268,DHANVARSHA  ,X ,Q,318.95,340.00,318.95,338.25,340.00,335.70,26,1372,464130.00,
540293,PRICOLLTD   ,B ,Q,49.45,49.95,48.10,48.50,48.50,49.90,236,24133,1177411.00,
540310,CFL         ,XT,Q,4.95,4.95,4.90,4.90,4.90,5.15,11,1476,7237.00,
540311,JITFINFRA   ,T ,Q,7.70,8.10,7.60,7.80,7.80,8.00,35,14843,114440.00,
540336,AXISE2GPG   ,B ,Q,13.02,13.04,13.00,13.01,13.01,12.10,65,255500,3324248.00,
540359,PARMAX      ,X ,Q,29.40,32.40,29.40,29.65,29.50,30.90,30,6712,206444.00,
540360,LLFICL      ,X ,Q,38.10,38.10,38.05,38.05,38.05,39.65,8,525,19989.00,
540361,DANUBE      ,XT,Q,9.38,9.55,9.38,9.45,9.45,9.38,21,9100,86630.00,
540366,RADIOCITY   ,T ,Q,22.80,23.30,22.50,22.90,23.20,22.75,94,41398,941063.00,
540376,DMART       ,A ,Q,2311.00,2450.00,2311.00,2430.40,2430.40,2286.60,5173,55568,133129165.00,
540385,KDLL        ,XT,Q,11.65,11.65,11.65,11.65,11.65,11.85,12,1526,17777.00,
540386,ONTIC       ,XT,Q,6.99,6.99,6.99,6.99,6.99,6.66,1,70,489.00,
540393,SMLT        ,M ,Q,19.20,19.20,17.85,18.90,18.90,18.75,5,10000,185800.00,
540396,MANOMAY     ,M ,Q,33.45,33.45,33.45,33.45,33.45,33.55,1,4000,133800.00,
540401,MAXIMUS     ,B ,Q,119.20,125.00,119.20,124.70,124.85,125.10,32,4301,535797.00,
540403,CLEDUCATE   ,B ,Q,62.25,63.10,62.00,62.75,62.75,61.65,28,355,22095.00,
540425,SHANKARA    ,A ,Q,325.75,354.00,325.75,346.95,346.95,329.10,1470,19983,6902404.00,
540455,ESCORP      ,M ,Q,16.25,16.25,16.25,16.25,16.25,16.25,1,32000,520000.00,
540481,CLFL        ,XT,Q,15.95,15.95,15.95,15.95,15.95,15.64,1,1,15.00,
540492,STARLINE    ,M ,Q,83.55,84.90,83.55,84.80,84.80,76.90,3,7500,633125.00,
540497,SCHAND      ,B ,Q,69.00,71.90,69.00,69.05,69.00,68.50,161,2811,196669.00,
540519,MEERA       ,M ,Q,41.00,41.00,41.00,41.00,41.00,37.00,1,2400,98400.00,
540526,IRBINVIT    ,IF,Q,41.61,42.40,41.61,42.37,42.37,42.40,6,15000,631550.00,
540530,HUDCO       ,A ,Q,35.65,37.75,35.15,37.20,37.20,35.35,2219,558793,20667790.00,
540544,PSPPROJECT  ,B ,Q,414.25,414.40,402.85,407.40,410.15,409.00,547,4490,1844620.00,
540545,BGJL        ,B ,Q,50.40,60.60,50.40,52.65,54.00,56.00,19,575,31429.00,
540550,YUG         ,M ,Q,34.00,34.00,29.00,29.00,29.00,32.10,4,16000,502400.00,
540565,INDIGRID    ,IF,Q,110.99,110.99,110.30,110.55,110.56,110.45,21,56133,6204363.00,
540570,VARIMAN     ,X ,Q,16.76,16.76,15.65,16.31,16.50,15.97,35,28434,453581.00,
540575,STARCEMENT  ,A ,Q,90.45,92.05,89.30,90.40,90.35,89.90,784,31782,2891067.00,
540590,RIDDHICORP  ,B ,Q,135.00,135.00,134.00,135.00,135.00,132.65,7,602,81268.00,
540595,TEJASNET    ,B ,Q,103.50,108.05,101.45,108.05,108.05,102.95,1808,195562,20975124.00,
540596,ERIS        ,A ,Q,520.40,525.40,516.00,519.20,518.75,522.15,564,4834,2516825.00,
540602,GTPL        ,B ,Q,121.85,122.00,119.45,120.60,121.40,120.55,300,10189,1232135.00,
540611,AUBANK      ,A ,Q,851.00,875.05,842.00,873.90,873.90,837.25,1747,24075,20907560.00,
540612,ICICILOVOL  ,B ,Q,105.50,107.90,104.71,106.25,106.35,105.60,59,1023,108963.00,
540614,GGENG       ,B ,Q,80.25,85.60,78.50,85.60,85.60,77.85,548,236497,19731507.00,
540615,7NR         ,B ,Q,6.91,6.91,6.65,6.91,6.91,6.59,66,26675,184191.00,
540621,BHAGYAPROP  ,B ,Q,22.50,23.00,22.50,23.00,23.00,23.00,5,645,14517.00,
540642,SALASAR     ,B ,Q,208.00,214.00,194.10,212.30,211.10,204.30,884,18721,3907526.00,
540647,GANGESSEC   ,B ,Q,54.95,54.95,46.00,46.25,46.00,46.75,88,1040,48215.00,
540648,PALASHSEC   ,B ,Q,31.95,31.95,31.95,31.95,31.95,30.45,1,368,11757.00,
540649,AVADHSUGAR  ,B ,Q,202.80,208.35,194.40,205.25,205.05,200.75,978,18540,3774096.00,
540650,MAGADHSUGAR ,B ,Q,108.00,117.00,108.00,114.40,114.70,110.25,29,782,89178.00,
540653,SINTEXPLAST ,B ,Q,2.49,2.57,2.46,2.57,2.57,2.45,684,1895182,4802250.00,
540654,GSTL        ,T ,Q,58.25,58.25,58.25,58.25,58.25,55.50,26,22091,1286800.00,
540669,UTINEXT50   ,B ,Q,312.00,316.70,311.00,316.00,316.00,314.00,21,264,83446.00,
540673,SIS         ,A ,Q,465.00,472.95,435.00,465.90,465.25,445.90,1076,15181,6918049.00,
540678,COCHINSHIP  ,A ,Q,374.00,374.00,366.40,369.50,369.50,369.30,1530,39630,14666151.00,
540679,SMSLIFE     ,B ,Q,581.60,585.00,574.75,582.00,582.00,585.30,105,428,248316.00,
540680,KIOCL       ,B ,Q,114.00,116.50,109.70,112.75,111.80,115.25,122,2932,335130.00,
540686,SMRUTHIORG  ,X ,Q,350.00,350.00,321.00,343.00,343.00,334.00,71,7417,2507756.00,
540691,ABCAPITAL   ,A ,Q,89.20,94.45,88.95,93.50,93.50,88.20,3623,358190,32925947.00,
540692,APEX        ,B ,Q,298.00,303.00,291.95,296.25,295.80,289.95,550,8637,2572181.00,
540693,SHISHIND    ,M ,Q,33.00,34.50,33.00,34.50,34.50,67.00,2,17600,594000.00,
540694,ANG         ,M ,Q,73.10,75.20,73.10,75.20,75.20,77.55,3,4800,354240.00,
540697,AMFL        ,B ,Q,2.17,2.17,2.17,2.17,2.17,2.21,74,157734,342282.00,
540699,DIXON       ,A ,Q,11925.00,11925.00,11400.00,11529.90,11529.90,11916.00,1696,3579,41394139.00,
540700,BRNL        ,B ,Q,30.40,30.65,29.65,30.20,30.10,30.10,144,10644,320635.00,
540701,DCAL        ,A ,Q,145.30,146.00,138.45,139.90,139.90,144.70,661,29994,4239170.00,
540702,LASA        ,B ,Q,88.60,88.60,82.85,83.00,83.00,84.95,429,14114,1187641.00,
540704,MATRIMONY   ,B ,Q,730.25,730.25,706.00,712.70,706.00,728.85,176,627,448363.00,
540709,RELHOME     ,B ,Q,2.13,2.13,2.00,2.01,2.00,2.04,212,308803,622434.00,
540710,CAPACITE    ,B ,Q,187.55,204.90,187.55,193.45,193.45,182.95,3973,59729,11720207.00,
540716,ICICIGI     ,A ,Q,1475.00,1500.00,1459.50,1471.20,1471.20,1455.75,3177,36975,54880159.00,
540719,SBILIFE     ,A ,Q,847.55,854.80,840.10,851.30,851.30,846.30,2828,45483,38634217.00,
540724,DIAMONDYD   ,B ,Q,651.00,675.60,651.00,664.15,668.05,650.50,202,1367,909866.00,
540725,SISL        ,B ,Q,109.95,110.95,105.65,108.20,108.25,105.45,68,6715,717766.00,
540726,TTFL        ,B ,Q,29.90,31.20,29.90,31.20,31.20,29.90,7,8109,252922.00,
540728,SAYAJIIND   ,X ,Q,139.75,139.75,139.00,139.00,139.00,137.00,3,30,4177.00,
540730,MEHAI       ,B ,Q,11.60,11.94,11.12,11.51,11.51,11.51,50,62488,717075.00,
540735,IRIS        ,M ,Q,33.50,33.50,33.50,33.50,33.50,32.00,1,4000,134000.00,
540737,SGRL        ,B ,Q,178.40,178.40,149.10,152.55,154.00,149.95,209,14306,2194547.00,
540738,STL         ,M ,Q,28.00,28.00,28.00,28.00,28.00,27.00,1,6000,168000.00,
540743,GODREJAGRO  ,A ,Q,511.80,518.00,502.30,509.70,509.70,509.90,2117,25944,13194553.00,
540744,MESCON      ,Z ,Q,4.52,4.74,4.31,4.51,4.51,4.52,63,16040,72801.00,
540749,MASFIN      ,A ,Q,1057.30,1090.00,1025.00,1037.65,1050.25,1065.20,719,3767,3968254.00,
540750,IEX         ,A ,Q,217.15,221.90,214.00,217.70,217.70,217.85,3304,79797,17371834.00,
540755,GICRE       ,A ,Q,141.05,141.65,139.40,140.10,140.10,141.05,1068,43304,6076624.00,
540757,SCPL        ,M ,Q,160.00,165.00,160.00,165.00,165.00,161.00,3,2400,388800.00,
540762,TIINDIA     ,A ,Q,835.70,874.30,796.95,809.85,814.75,822.40,982,7550,6114666.00,
540767,NAM-INDIA   ,A ,Q,290.00,294.45,289.00,290.30,290.00,290.20,735,17521,5112906.00,
540768,MAHLOG      ,A ,Q,402.80,405.00,395.85,396.60,396.10,394.90,298,1716,685138.00,
540769,NIACL       ,A ,Q,119.40,119.40,117.00,117.35,117.30,117.45,506,17067,2008845.00,
540774,IFGLEXPOR   ,B ,Q,179.40,183.80,176.60,179.95,180.25,174.60,200,1821,329142.00,
540775,KHADIM      ,B ,Q,115.35,117.45,113.10,116.40,116.40,115.65,530,17363,1994161.00,
540776,5PAISA      ,B ,Q,327.55,331.30,326.70,330.55,331.30,324.20,84,463,151754.00,
540777,HDFCLIFE    ,A ,Q,650.00,655.00,639.50,642.00,642.00,647.65,10354,208788,134731542.00,
540782,SBRANDS     ,M ,Q,5.09,5.09,5.09,5.09,5.09,4.85,4,4000,20360.00,
540787,ICICIB22    ,B ,Q,29.18,29.70,29.09,29.57,29.57,29.23,466,30207,889899.00,
540789,DNAMEDIA    ,B ,Q,0.35,0.36,0.35,0.36,0.36,0.35,5,7132,2501.00,
540793,HHOF1140RG  ,B ,Q,8.57,8.61,8.40,8.60,8.60,8.67,41,98459,839330.00,
540794,HHOF1140RD  ,B ,Q,8.55,8.78,8.55,8.56,8.56,8.47,4,3400,29310.00,
540795,DYNAMIC     ,B ,Q,27.00,27.00,24.60,26.40,26.40,26.45,27,5690,147433.00,
540797,SHALBY      ,B ,Q,106.00,114.45,101.80,109.90,110.00,105.10,4497,312967,34134627.00,
540798,FSC         ,B ,Q,102.10,105.95,97.50,104.00,103.80,102.20,711,28053,2858985.00,
540799,DACEFRG     ,B ,Q,11.02,11.28,11.02,11.13,11.13,11.03,5,66194,745504.00,
540800,DACEFRDP    ,B ,Q,11.11,11.11,11.11,11.11,11.11,11.11,1,2000,22220.00,
540809,MRCEXIM     ,M ,Q,4.80,4.90,4.80,4.90,4.90,5.00,2,16000,77600.00,
540823,VITESSE     ,XT,Q,71.20,71.20,71.20,71.20,71.20,74.90,1,5,356.00,
540824,ASTRON      ,B ,Q,45.40,45.40,44.65,44.75,44.75,44.75,36,1625,73108.00,
540826,NCBFIVCG    ,B ,Q,7.00,7.04,7.00,7.04,7.04,7.02,2,9800,68796.00,
540829,CHANDRIMA   ,XT,Q,11.60,11.60,11.60,11.60,11.60,11.80,8,1303,15114.00,
540843,RITHWIKFMS  ,M ,Q,42.25,42.25,42.10,42.10,42.10,43.00,2,18000,759600.00,
540862,IPRU3019    ,B ,Q,8.41,8.41,8.40,8.40,8.40,8.60,2,5000,42030.00,
540863,IPRU9220    ,B ,Q,11.00,11.00,11.00,11.00,11.00,0.00,2,6,66.00,
540879,APOLLO      ,B ,Q,116.35,118.90,116.10,117.05,117.15,117.50,146,3051,358136.00,
540900,NEWGEN      ,B ,Q,272.05,272.85,266.90,267.25,267.90,270.55,268,3042,819588.00,
540901,PRAXIS      ,B ,Q,35.45,37.00,34.00,36.75,36.75,35.45,57,1540,53888.00,
540902,AMBER       ,A ,Q,2424.00,2519.00,2401.70,2436.75,2420.00,2398.00,1022,7417,18242995.00,
540903,CRPRISK     ,MT,Q,19.00,19.00,19.00,19.00,19.00,20.00,2,4000,76000.00,
540904,TIRUFOAM    ,X ,Q,34.50,34.50,34.50,34.50,34.50,36.00,1,1,34.00,
540923,AML         ,M ,Q,2.34,2.34,2.34,2.34,2.34,2.23,7,48000,112320.00,
540935,GALAXYSURF  ,A ,Q,1964.00,1969.00,1905.35,1916.60,1921.95,1937.35,252,949,1828533.00,
540938,GUJHYSPIN   ,M ,Q,5.25,5.25,5.25,5.25,5.25,5.59,1,10000,52500.00,
540954,IWP         ,X ,Q,31.85,33.00,31.10,32.50,33.00,31.80,91,10955,354913.00,
540955,TDSL        ,B ,Q,23.70,24.40,22.80,22.95,22.80,23.65,19,2597,60568.00,
540956,BHATIA      ,B ,Q,74.95,74.95,70.00,70.00,70.00,76.00,11,172,12044.00,
540961,SHIVAMILLS  ,B ,Q,26.25,26.90,26.25,26.90,26.90,26.00,5,225,5922.00,
540975,ASTERDM     ,A ,Q,170.45,174.00,168.80,172.10,172.10,168.15,1040,31747,5464300.00,
540980,YSL         ,XT,Q,8650.00,8650.00,8650.00,8650.00,8650.00,8650.00,3,5,43250.00,
540981,KTKIND4RG   ,B ,Q,11.95,12.55,11.95,12.21,12.21,11.84,4,5003,59786.00,
541005,KANCOTEA    ,X ,Q,51.65,51.65,51.65,51.65,51.65,49.20,13,645,33314.00,
541019,HGINFRA     ,B ,Q,207.25,214.45,207.25,212.70,212.60,211.95,478,8327,1774162.00,
541092,ABSLRIF6RG  ,B ,Q,7.23,7.23,6.81,6.99,6.99,6.61,35,4870,33453.00,
541096,BPLPHARMA   ,XT,Q,345.25,358.00,345.25,352.60,354.80,353.70,76,793,279610.00,
541097,LIQUIDETF   ,F ,Q,999.50,1000.01,998.20,1000.00,1000.00,1000.00,99,1785,1784732.00,
541143,BDL         ,A ,Q,329.00,329.40,322.80,325.75,325.75,327.65,1090,40913,13371541.00,
541144,ACTIVE      ,M ,Q,8.15,8.15,8.15,8.15,8.15,8.00,2,4000,32600.00,
541153,BANDHANBNK  ,A ,Q,367.10,381.65,367.10,377.20,377.20,366.65,4276,331253,124819590.00,
541154,HAL         ,A ,Q,822.00,834.30,817.30,829.45,829.45,818.85,4129,38977,32215992.00,
541161,KARDA       ,B ,Q,121.50,121.50,115.50,116.90,118.80,115.75,388,16594,1958538.00,
541163,SANDHAR     ,B ,Q,267.00,269.45,258.35,260.40,261.00,269.05,246,1463,384267.00,
541167,YASHO       ,B ,Q,161.00,162.00,156.50,156.55,162.00,160.65,15,656,104747.00,
541178,BENARA      ,M ,Q,11.00,11.00,11.00,11.00,11.00,11.25,4,12000,132000.00,
541179,ISEC        ,A ,Q,455.00,456.00,434.05,444.85,444.00,448.50,1460,13714,6088876.00,
541195,MIDHANI     ,A ,Q,194.20,194.20,190.00,191.75,192.00,191.90,958,31950,6126194.00,
541233,LEMONTREE   ,A ,Q,33.30,36.60,33.30,36.35,36.35,33.30,1951,540410,19439112.00,
541257,IPRU3082    ,F ,Q,9.11,9.95,9.00,9.79,9.95,9.95,15,64500,587315.00,
541269,CHEMFABALKA ,B ,Q,135.00,138.00,131.00,134.80,135.50,136.80,97,3191,428569.00,
541276,HARDWYN     ,M ,Q,45.35,45.35,45.35,45.35,45.35,43.20,1,5000,226750.00,
541299,DLCL        ,M ,Q,15.70,15.70,15.30,15.30,15.30,16.10,2,8000,124000.00,
541301,ORIENTELEC  ,A ,Q,237.80,243.80,231.90,236.70,237.50,237.80,1365,18419,4394063.00,
541302,DHRUV       ,M ,Q,17.05,18.00,17.05,17.80,17.80,18.85,3,6000,105700.00,
541304,INDOUS      ,M ,Q,41.10,47.95,41.00,43.55,43.55,47.95,26,38750,1658125.00,
541309,IPRU3095    ,B ,Q,9.75,10.00,9.75,10.00,10.00,10.15,2,10000,98750.00,
541313,ICICI500    ,B ,Q,175.00,177.25,175.00,177.08,177.08,174.53,16,41,7255.00,
541336,INDOSTAR    ,A ,Q,296.70,298.50,294.60,295.60,295.80,296.75,242,1986,587279.00,
541337,MILEFUR     ,M ,Q,11.19,11.19,11.19,11.19,11.19,10.66,1,3000,33570.00,
541347,PARVATI     ,X ,Q,2.40,2.40,2.40,2.40,2.40,2.51,4,1053,2527.00,
541352,MEGASTAR    ,M ,Q,29.00,29.00,28.00,28.00,28.00,29.00,2,4000,114000.00,
541353,INNOVATORS  ,M ,Q,29.95,30.00,29.95,30.00,30.00,30.05,3,4800,143840.00,
541358,SHWL        ,XT,Q,49.10,49.10,49.10,49.10,49.10,46.80,2,6010,295091.00,
541400,ZIMLAB      ,X ,Q,89.25,93.75,89.25,89.60,89.25,89.35,39,2244,202635.00,
541401,ARIHANTINS  ,MT,Q,2.07,2.07,2.07,2.07,2.07,2.17,3,12000,24840.00,
541402,AFFORDABLE  ,M ,Q,57.30,57.30,57.30,57.30,57.30,54.60,3,4800,275040.00,
541403,DOLLAR      ,B ,Q,194.15,195.55,188.90,192.55,192.50,193.70,765,19886,3834995.00,
541445,WAA         ,M ,Q,46.60,46.75,46.60,46.75,46.75,46.05,8,6400,298600.00,
541450,ADANIGREEN  ,A ,Q,1132.10,1155.65,1080.85,1133.85,1133.85,1120.80,3817,63026,71277449.00,
541503,UNICK       ,XT,Q,27.70,27.70,27.70,27.70,27.70,27.20,4,215,5955.00,
541540,SOLARA      ,B ,Q,1169.50,1185.00,1164.05,1174.45,1165.00,1164.55,474,2162,2539014.00,
541545,TALWGYM     ,Z ,Q,1.16,1.16,1.16,1.16,1.16,1.22,32,41616,48274.00,
541546,GAYAHWS     ,B ,Q,0.40,0.40,0.38,0.40,0.40,0.39,27,55401,21262.00,
541556,RITES       ,A ,Q,249.50,250.40,245.50,248.85,248.85,246.70,1196,23268,5788823.00,
541557,FINEORG     ,A ,Q,2623.00,2664.00,2598.30,2638.55,2627.70,2590.90,1719,6078,16008974.00,
541578,VARROC      ,A ,Q,376.00,414.00,376.00,408.55,408.55,385.85,2844,41718,16938912.00,
541627,HITECHWIND  ,XT,Q,13.97,14.49,13.11,13.95,13.96,13.80,28,18718,249707.00,
541678,TVF1G       ,B ,Q,9.43,9.54,9.43,9.54,9.54,9.50,9,9500,89860.00,
541700,TCNSBRANDS  ,A ,Q,401.35,409.15,400.95,403.75,405.00,396.95,42,171,68982.00,
541701,SUPERSHAKT  ,M ,Q,324.00,324.00,324.00,324.00,324.00,320.00,4,2100,680400.00,
541702,ASHNI       ,X ,Q,2.03,2.03,1.85,1.85,1.85,1.94,3,525,972.00,
541725,IDFCEOS6RG  ,B ,Q,11.84,11.84,11.84,11.84,11.84,11.13,1,82,970.00,
541729,HDFCAMC     ,A ,Q,2555.00,2555.00,2501.05,2512.10,2508.05,2534.40,2173,13062,32836483.00,
541735,VIVANTA     ,X ,Q,6.36,6.36,6.36,6.36,6.36,6.06,3,118,750.00,
541741,TINNATFL    ,X ,Q,18.20,18.20,18.20,18.20,18.20,17.45,3,22,400.00,
541745,TVF2GZ      ,B ,Q,23.40,23.40,23.40,23.40,23.40,23.40,2,441,10319.00,
541770,CREDITACC   ,A ,Q,791.05,839.00,791.05,811.00,811.65,789.75,1184,13106,10713544.00,
541771,AMINTAN     ,X ,Q,0.67,0.71,0.66,0.71,0.71,0.68,15,17500,12110.00,
541804,IPRU3168    ,B ,Q,8.76,9.07,8.76,9.07,9.07,8.75,9,16446,147655.00,
541809,ICICINXT50  ,B ,Q,30.80,31.28,30.80,31.28,31.28,30.73,4,4,124.00,
541865,ASRL        ,B ,Q,88.15,91.75,88.15,91.00,91.75,87.40,73,61134,5540624.00,
541890,SPACEINCUBA ,X ,Q,0.46,0.46,0.46,0.46,0.46,0.45,16,20000,9200.00,
541929,SGIL        ,M ,Q,83.50,83.50,83.50,83.50,83.50,83.00,1,2000,167000.00,
541946,ICICILIQ    ,F ,Q,1000.00,1000.01,1000.00,1000.00,1000.00,1000.00,18,6612,6612000.00,
541956,IRCON       ,A ,Q,85.90,87.00,85.00,86.00,86.00,85.55,517,43849,3768746.00,
541972,SETFSN50    ,B ,Q,344.00,348.80,344.00,348.80,348.80,344.99,7,104,36130.00,
541974,MANORAMA    ,M ,Q,521.10,585.00,520.00,573.65,585.00,529.95,49,8100,4392502.00,
541983,INNOVATIVE  ,M ,Q,6.75,7.15,6.75,6.95,7.15,7.05,3,3000,20650.00,
541984,NIOSAG      ,B ,Q,8.20,8.20,8.20,8.20,8.20,8.18,2,1200,9840.00,
541988,AAVAS       ,A ,Q,1618.15,1648.80,1600.55,1637.15,1638.15,1623.00,871,4426,7227719.00,
541999,GENERAAGRI  ,X ,Q,1.79,1.84,1.79,1.79,1.79,1.82,6,288,515.00,
542011,GRSE        ,B ,Q,193.10,195.60,193.10,194.10,195.00,193.50,417,7357,1430588.00,
542012,AAL         ,M ,Q,67.10,70.10,67.10,70.10,70.10,69.10,7,14000,957300.00,
542057,BCPL        ,M ,Q,51.00,51.00,50.00,50.00,50.00,52.00,4,8000,402000.00,
542066,ADANIGAS    ,A ,Q,358.20,371.70,352.40,360.75,360.75,348.00,17373,658745,238737441.00,
542117,NETRIPPLES  ,X ,Q,5.26,5.26,5.26,5.26,5.26,5.01,2,100,526.00,
542131,MAN50ETF    ,B ,Q,133.00,134.00,133.00,134.00,134.00,132.30,9,125,16696.00,
542141,TECHNOE     ,B ,Q,218.80,219.05,214.45,218.05,218.00,215.55,643,5175,1121970.00,
542156,IPRU3218    ,B ,Q,10.10,10.29,10.10,10.28,10.28,10.11,15,13300,135274.00,
542216,DALBHARAT   ,A ,Q,1107.15,1195.70,1098.50,1151.40,1151.40,1099.15,1794,12835,14823726.00,
542230,ABSLNN50ET  ,B ,Q,300.00,305.00,287.10,295.00,295.00,288.00,5,6,1787.00,
542231,NILASPACES  ,B ,Q,1.23,1.29,1.19,1.29,1.29,1.21,45,41975,51373.00,
542233,TREJHARA    ,B ,Q,35.00,35.00,35.00,35.00,35.00,33.35,14,1965,68775.00,
542248,DECCAN      ,M ,Q,31.15,32.40,30.60,32.10,32.20,31.95,41,52800,1669860.00,
542285,AXITA       ,M ,Q,25.30,26.90,25.30,26.50,26.90,26.05,9,36000,938000.00,
542333,CESCVENTURE ,B ,Q,255.50,269.90,255.50,263.00,263.50,254.40,824,12627,3316982.00,
542337,SPENCER     ,B ,Q,80.25,82.70,80.25,81.00,81.20,81.60,1155,87341,7105452.00,
542351,GLOSTERLTD  ,X ,Q,506.95,518.90,480.05,494.85,494.85,493.20,157,5319,2674102.00,
542367,XELPMOC     ,B ,Q,244.00,250.00,240.30,243.05,243.50,251.40,1158,16553,4018524.00,
542383,RITCO       ,M ,Q,17.45,18.28,17.45,18.28,18.28,16.62,35,70400,1275968.00,
542399,CHALET      ,B ,Q,154.50,154.50,149.60,152.05,152.05,150.90,3640,60108,9129217.00,
542460,ANUP        ,B ,Q,615.15,648.50,594.85,622.85,623.00,619.35,485,2871,1810977.00,
542484,ARVINDFASN  ,A ,Q,132.15,134.90,132.00,134.00,133.90,131.25,1706,62980,8392906.00,
542503,MAHIP       ,M ,Q,3.30,3.30,3.26,3.26,3.26,3.43,3,12000,39280.00,
542513,UTISXN50    ,B ,Q,335.00,340.00,335.00,340.00,340.00,340.00,2,2,675.00,
542597,MSTC        ,B ,Q,158.85,161.55,153.50,159.40,159.40,157.90,1022,38177,6070504.00,
542599,ROOPSHRI    ,M ,Q,21.50,21.50,21.50,21.50,21.50,21.50,1,24000,516000.00,
542602,EMBASSY     ,IF,Q,352.00,352.00,349.00,349.75,349.00,348.65,59,12000,4203766.00,
542627,CHANDNIMACH ,XT,Q,7.07,7.07,7.07,7.07,7.07,7.21,1,20,141.00,
542628,NSL         ,M ,Q,22.20,23.85,20.00,23.85,23.85,23.35,11,63000,1301400.00,
542641,CKFSL       ,Z ,Q,0.41,0.41,0.39,0.39,0.39,0.41,24,119502,46629.00,
542649,RVNL        ,A ,Q,22.40,23.10,22.00,22.95,22.95,21.85,5780,2451772,55827386.00,
542650,METROPOLIS  ,A ,Q,2268.00,2268.00,2155.00,2162.30,2155.20,2247.65,862,3646,8013117.00,
542651,KPITTECH    ,A ,Q,106.90,110.65,106.10,108.85,108.85,106.90,1467,77016,8383823.00,
542652,POLYCAB     ,A ,Q,974.90,974.90,951.00,960.45,960.45,958.10,1284,15583,14956770.00,
542653,JINAAM      ,M ,Q,5.75,5.75,5.75,5.75,5.75,5.85,3,60000,345000.00,
542654,VRFILMS     ,M ,Q,110.00,120.00,110.00,115.00,115.00,110.00,8,8000,904000.00,
542655,VIKASMCORP  ,B ,Q,7.60,7.96,7.60,7.60,7.60,8.00,703,9613464,73074108.00,
542665,NEOGEN      ,B ,Q,655.00,655.00,617.45,623.05,623.00,629.45,228,1566,987052.00,
542669,BMW         ,X ,Q,19.01,19.01,19.01,19.01,19.01,18.11,5,1509,28686.00,
542670,ARTEMISELC  ,T ,Q,56.00,56.00,52.75,54.10,54.00,55.50,41,10851,596959.00,
542677,MAHESH      ,XT,Q,4.82,5.00,4.82,5.00,5.00,4.82,2,6,29.00,
542678,CHCL        ,M ,Q,14.00,15.90,14.00,15.80,15.80,14.30,7,14000,212780.00,
542682,HARISH      ,X ,Q,15.42,15.42,15.42,15.42,15.42,15.12,6,3800,58596.00,
542684,PPL         ,B ,Q,76.70,81.20,76.65,79.90,79.90,76.45,206,8821,701872.00,
542685,DGCONTENT   ,B ,Q,10.99,11.44,10.89,11.34,11.44,10.90,14,1799,20311.00,
542721,ARL         ,M ,Q,32.00,32.05,31.95,31.95,31.95,32.10,3,12000,384000.00,
542725,SBC         ,M ,Q,42.40,42.40,42.35,42.35,42.35,42.15,7,21000,889500.00,
542726,INDIAMART   ,B ,Q,5140.00,5200.00,5052.25,5113.05,5113.05,5070.35,1187,3949,20285656.00,
542729,DCMNVL      ,B ,Q,27.90,30.95,27.90,29.25,29.80,28.20,105,13297,391068.00,
542730,ICICIBANKN  ,B ,Q,295.00,297.78,293.00,294.67,296.91,294.50,98,2215,653352.00,
542747,NETFSNX150  ,B ,Q,40.20,40.20,40.20,40.20,40.20,40.20,2,21,844.00,
542752,AFFLE       ,B ,Q,3550.00,3591.25,3525.45,3591.25,3591.25,3420.25,1323,12221,43738988.00,
542753,SEACOAST    ,X ,Q,71.65,71.65,69.50,71.65,71.65,70.25,33,2402,170473.00,
542758,ICICIBANKP  ,B ,Q,161.35,164.90,160.60,162.26,162.83,162.48,51,1470,238745.00,
542759,SPANDANA    ,B ,Q,755.00,780.20,749.85,752.05,752.20,749.10,1170,11789,8917222.00,
542760,SWSOLAR     ,B ,Q,214.00,232.00,214.00,226.50,226.50,222.50,1251,30964,7025087.00,
542771,NOVATEOR    ,M ,Q,3.81,3.81,3.67,3.67,3.67,3.62,4,24000,90180.00,
542772,IIFLWAM     ,B ,Q,1017.60,1017.60,990.45,999.30,1003.15,1009.20,56,97,97152.00,
542773,IIFLSEC     ,B ,Q,43.25,44.30,41.95,42.90,42.95,43.10,656,109049,4682399.00,
542774,APMFINVEST  ,X ,Q,16.50,16.50,16.00,16.30,16.30,16.15,17,4441,72152.00,
542803,ELLORATRAD  ,XT,Q,34.70,34.70,34.70,34.70,34.70,33.05,1,450,15615.00,
542808,NIESSPC     ,B ,Q,2.50,2.50,2.49,2.49,2.49,2.31,4,2058,5124.00,
542812,FLUOROCHEM  ,B ,Q,607.00,623.45,585.00,589.75,589.75,576.85,2138,20733,12496070.00,
542830,IRCTC       ,B ,Q,1352.00,1367.00,1348.00,1358.70,1358.70,1353.75,3848,34775,47353971.00,
542839,NIEHSPD     ,B ,Q,1.00,1.04,0.96,1.04,1.04,0.95,40,33701,34621.00,
542850,GOBLIN      ,M ,Q,25.55,25.55,25.50,25.50,25.50,25.95,2,4000,102100.00,
542852,VISHWARAJ   ,B ,Q,125.90,127.85,123.00,125.70,123.00,125.30,38,5369,674515.00,
542857,GREENPANEL  ,B ,Q,82.00,90.15,82.00,89.90,89.90,85.90,757,62479,5597989.00,
542862,SHAHLON     ,X ,Q,61.20,61.40,57.70,57.75,57.90,59.40,121,13853,817327.00,
542863,ABSLBANETF  ,B ,Q,297.00,297.40,297.00,297.40,297.40,292.19,2,2,594.00,
542867,CSBBANK     ,B ,Q,269.00,269.00,237.80,247.25,247.80,253.30,1057,27615,6825434.00,
542904,UJJIVANSFB  ,B ,Q,38.30,38.35,37.55,38.05,38.05,37.80,1085,165463,6285806.00,
542905,SHIL        ,B ,Q,116.50,125.70,113.25,123.40,123.40,116.15,1074,47350,5690990.00,
542907,PRINCEPIPE  ,B ,Q,253.00,266.00,253.00,264.80,264.80,259.35,1089,17662,4661894.00,
542908,EBBETF0423  ,F ,Q,1109.89,1109.89,1108.00,1109.89,1109.89,1106.76,8,33,36615.00,
542909,EBBETF0430  ,F ,Q,1131.00,1133.00,1121.20,1129.01,1129.01,1133.45,27,829,933181.00,
542919,ARTEMISMED  ,B ,Q,178.00,191.90,160.05,177.35,177.35,164.30,97,1927,323835.00,
542920,SUMICHEM    ,B ,Q,282.90,289.00,282.90,288.10,288.10,282.05,924,21524,6163412.00,
542921,ICICIM150   ,B ,Q,75.00,76.20,74.10,75.95,75.95,74.98,23,502,37969.00,
542922,MANXT50ETF  ,B ,Q,301.70,306.00,301.70,304.06,304.00,300.50,14,561,170467.00,
542932,BIRLATYRES  ,B ,Q,21.35,21.75,21.25,21.55,21.50,21.30,749,112224,2413052.00,
542933,UNIVPHOTO   ,B ,Q,183.45,195.80,183.10,183.35,183.10,192.05,44,440,83711.00,
542934,CBPL        ,M ,Q,42.00,42.00,41.25,41.35,41.25,43.00,2,14000,579000.00,
543064,SUVENPHAR   ,B ,Q,403.90,403.90,383.95,384.70,384.10,393.80,697,16036,6248730.00,
543065,SMAUTO      ,M ,Q,17.00,17.00,17.00,17.00,17.00,17.00,1,8000,136000.00,
543066,SBICARD     ,B ,Q,799.75,806.70,796.65,799.85,799.85,799.75,6395,99619,79800582.00,
543174,11GPG       ,B ,Q,5.19,5.97,5.19,5.86,5.86,5.76,36,4394,25697.00,
543175,11MPD       ,B ,Q,4.14,4.14,4.14,4.14,4.14,3.77,2,2,8.00,
543181,11AGG       ,B ,Q,38.95,38.95,32.40,32.40,32.40,36.00,19,1401,45488.00,
543187,POWERINDIA  ,B ,Q,1159.00,1295.95,1150.00,1257.75,1255.00,1145.80,2672,17603,21726295.00,
543210,AARTISURF   ,B ,Q,1098.95,1098.95,1094.90,1098.95,1098.95,1046.65,89,3077,3380744.00,
543212,BOROLTD     ,B ,Q,160.00,165.90,160.00,165.90,165.90,158.00,225,14826,2425789.00,
543213,ROSSARI     ,B ,Q,800.00,848.95,800.00,830.45,830.45,800.95,2153,25514,21213501.00,
543214,NDRAUTO     ,B ,Q,169.75,169.75,165.30,169.75,169.75,161.70,86,2654,448152.00,
543215,EBBETF0425  ,F ,Q,1020.00,1022.96,1017.00,1022.96,1022.96,1023.99,72,6142,6273116.00,
543216,EBBETF0431  ,F ,Q,1017.45,1017.45,1015.00,1015.07,1015.07,1016.92,7,122,124075.00,
543217,MINDSPACE   ,IF,Q,304.50,315.50,304.50,314.48,314.00,307.90,93,21800,6821756.00,
543219,ICICIALPLV  ,B ,Q,130.00,132.30,126.60,130.29,130.29,130.12,45,1498,192637.00,
543220,MAXHEALTH   ,B ,Q,129.95,129.95,126.85,127.30,127.30,126.95,809,100482,13006192.00,
543221,ICICITECH   ,B ,Q,221.00,223.14,221.00,222.80,223.14,219.77,5,28,6202.00,
543223,MAXINDIA    ,B ,Q,61.00,61.00,59.60,60.40,60.20,61.30,1243,18511,1114762.00,
543224,HBANKETF    ,B ,Q,300.00,300.00,294.70,297.70,297.70,294.04,54,140,41523.00,
543226,UTIBANKETF  ,B ,Q,297.00,298.72,292.70,297.00,297.00,295.01,11,59,17473.00,
543227,HAPPSTMNDS  ,B ,Q,315.90,317.75,314.50,315.95,316.10,313.80,1367,28792,9100409.00,
543228,ROUTE       ,B ,Q,1071.00,1107.15,1071.00,1107.15,1107.15,1054.45,3614,51167,56312836.00,
543230,ADVAIT      ,M ,Q,52.10,52.10,52.10,52.10,52.10,51.50,1,6000,312600.00,
543231,ADL         ,T ,Q,19.70,21.60,19.70,21.30,21.60,20.65,25,5356,110911.00,
543232,CAMS        ,B ,Q,1450.00,1470.60,1436.95,1450.10,1454.00,1444.10,1623,9100,13258845.00,
543233,CHEMCON     ,B ,Q,418.50,421.75,417.75,418.30,418.00,418.40,1694,31020,13002689.00,
543234,SECMARK     ,M ,Q,50.00,51.40,49.40,50.50,51.40,52.00,6,6000,301000.00,
543235,ANGELBRKG   ,B ,Q,356.00,356.00,350.00,350.45,350.90,357.25,487,10930,3851350.00,
543237,MAZDOCK     ,B ,Q,182.00,183.50,180.45,182.00,182.00,178.90,941,41936,7622810.00,
543238,UTIAMC      ,B ,Q,549.00,555.00,540.80,550.90,551.00,549.00,4458,50091,27517068.00,
543240,LIKHITHA    ,B ,Q,154.15,156.65,153.35,153.95,154.15,154.25,429,29725,4596289.00,
543241,VGIL        ,M ,Q,28.65,28.65,28.65,28.65,28.65,29.00,1,4000,114600.00,
543242,HEMIPROP    ,B ,Q,63.90,67.15,63.45,64.40,64.40,63.00,3919,443456,28839899.00,
543243,EQUITASBNK  ,B ,Q,34.35,35.65,34.00,34.80,34.80,34.35,1299,281419,9791926.00,
543245,GLAND       ,B ,Q,2115.00,2219.00,2108.40,2192.25,2192.25,2114.45,10762,88968,193952571.00,
543246,MAESGETF    ,B ,Q,22.45,22.55,22.00,22.55,22.55,22.40,6,4948,109991.00,
555555,ICICISENSX  ,B ,Q,476.00,482.09,475.00,482.08,482.08,469.91,26,86,41221.00,
570001,TATAMTRTDVR ,A ,Q,78.95,79.60,77.25,78.05,78.05,78.20,2669,524102,41059347.00,
570002,FELDVR      ,B ,Q,13.68,14.56,13.18,14.52,14.54,13.87,120,18959,262916.00,
570004,JISLBNDVR   ,B ,Q,12.76,12.94,12.31,12.40,12.37,12.85,140,23510,296327.00,
570005,SCAPDVR     ,B ,Q,1.38,1.38,1.29,1.36,1.36,1.34,28,7201,9823.00,
590003,KARUR VY(PS ,B ,Q,37.60,37.90,37.25,37.35,37.35,37.50,871,206011,7727261.00,
590005,TIDE WATE(PS,B ,Q,4396.05,4445.00,4388.70,4428.05,4428.05,4400.90,100,170,751542.00,
590006,AMRUTANJAN  ,B ,Q,504.35,505.00,496.30,497.35,497.00,504.10,292,3096,1549558.00,
590013,XPRO INDI(PS,T ,Q,38.45,38.55,36.50,38.40,38.40,36.75,29,3602,136954.00,
590018,HISARMET(PS ,B ,Q,78.05,78.20,75.90,76.80,76.30,78.05,104,3877,299455.00,
590021,BHARAT RA(PS,B ,Q,9550.00,9550.00,9334.40,9404.50,9450.00,9556.90,240,499,4697733.00,
590022,EASTER SI(PS,B ,Q,1.03,1.03,0.98,0.98,0.98,1.03,11,9951,9947.00,
590024,FERT CHE(PS ,B ,Q,53.65,55.95,53.60,54.75,54.75,51.20,1222,125657,6901986.00,
590025,GINNI FIL(PS,B ,Q,17.70,17.95,16.80,17.20,17.20,17.68,114,11908,208060.00,
590030,SOUTH PET(PS,B ,Q,20.10,20.25,19.65,19.80,19.80,19.75,125,29175,583364.00,
590031,DE NORA     ,B ,Q,207.00,211.10,203.15,210.00,210.00,209.90,55,796,166006.00,
590043,HARITA SEAT ,B ,Q,469.95,483.30,462.15,473.00,473.80,478.40,154,787,369851.00,
590051,SAKSOFT LTD ,B ,Q,316.50,320.35,308.10,316.95,317.25,316.65,109,649,205377.00,
590056,SALONA COTSP,B ,Q,66.00,67.40,64.50,67.40,67.40,64.45,66,250,16584.00,
590057,PROSEED     ,B ,Q,0.33,0.33,0.31,0.32,0.32,0.32,4,2700,865.00,
590062,ANDHRA SUGAR,B ,Q,294.25,298.40,292.00,295.80,296.20,294.35,342,3586,1058655.00,
590065,INDIA MOTOR ,B ,Q,523.00,536.50,523.00,530.00,530.00,534.80,43,744,391796.00,
590066,KCP LTD     ,B ,Q,71.00,77.25,71.00,74.10,73.95,70.55,1160,91279,6822478.00,
590070,RADAAN MEDIA,B ,Q,0.95,0.95,0.92,0.95,0.95,0.91,6,3799,3574.00,
590071,SUNDARAM FIN,B ,Q,1765.00,1800.65,1741.60,1774.25,1769.10,1730.40,774,4509,7972133.00,
590072,SUNDARAM BRK,B ,Q,303.90,304.00,295.20,300.85,300.85,302.05,50,253,75492.00,
590073,WHEELS INDIA,B ,Q,432.95,441.10,428.00,434.90,435.00,431.20,106,589,254871.00,
590075,LAMBODHARA T,B ,Q,29.30,29.90,29.25,29.75,29.75,29.00,21,700,20714.00,
590078,MAITHAN ALL ,B ,Q,550.45,572.95,546.50,569.10,557.05,543.30,509,5874,3323063.00,
590082,LOHIA SECURI,XT,Q,32.45,35.85,32.45,35.85,35.85,34.15,2,166,5947.00,
590086,ORISSA MINE ,B ,Q,2700.00,2721.95,2597.80,2613.65,2613.65,2612.90,1067,5630,14908656.00,
590095,GOLDBEES    ,E ,Q,42.43,42.74,42.18,42.30,42.30,42.83,944,229009,9690400.00,
590096,LIQUIDBEES  ,F ,Q,999.75,1000.01,999.32,1000.00,1000.00,1000.01,680,52518,52517434.00,
590097,KOTAKGOLDETF,E ,Q,420.10,428.99,420.10,422.62,422.80,427.61,655,5194,2198238.00,
590098,SBI GOLD ETS,E ,Q,4306.50,4399.99,4306.50,4331.46,4344.00,4382.03,584,2141,9294449.00,
590099,QUANTUM GOLD,E ,Q,2124.50,2124.50,2099.00,2102.27,2101.00,2124.36,57,140,295069.00,
590101,UTI GOLD ETF,E ,Q,4330.00,4439.00,4330.00,4371.68,4370.00,4423.29,217,538,2360977.00,
590103,NIFTYBEES   ,B ,Q,138.87,139.93,138.14,139.80,139.87,138.32,449,24355,3393921.00,
590104,JUNIORBEES  ,B ,Q,318.00,321.93,318.00,321.68,321.90,316.70,303,3312,1059500.00,
590106,BANKBEES    ,B ,Q,299.20,300.00,296.00,299.66,299.40,296.86,182,8133,2425066.00,
590107,KOTAK PSU BK,B ,Q,153.00,157.80,153.00,156.81,156.50,152.10,54,12188,1903787.00,
590108,PSUBNKBEES  ,B ,Q,17.15,17.67,17.15,17.63,17.63,17.04,82,27285,475787.00,
590109,SHARIABEES  ,B ,Q,318.00,323.94,318.00,323.94,323.94,315.75,8,25,7979.00,
590110,QUANTUM INDX,B ,Q,1352.00,1352.00,1352.00,1352.00,1352.00,1344.00,1,3,4056.00,
590113,HNGSNGBEES  ,E ,Q,350.00,355.00,332.01,343.61,343.61,349.13,44,799,271614.00,
590115,M50 ETF     ,B ,Q,129.00,129.20,129.00,129.05,129.00,128.00,6,12,1548.00,
590122,ASHIKACR    ,X ,Q,23.00,24.00,22.65,23.50,23.50,23.95,52,41373,957026.00,
590134,MADRASFERT  ,B ,Q,18.10,18.30,17.25,17.85,17.85,17.25,322,51215,915689.00,
700087,MUKUND CRPS ,F ,P,3.84,5.45,3.84,4.76,4.76,4.80,6,356,1876.00,
715027,895LTFHL21  ,F ,P,109.00,109.00,108.00,108.00,108.00,106.95,14,25,2712.00,
717503,ZEE NCPS    ,F ,P,3.90,3.90,3.86,3.87,3.86,3.88,34,935069,3634949.00,
750649,SHOPER-RE   ,R ,Q,40.50,44.00,35.00,37.25,35.65,41.00,86,2496,95857.00,
800251,SGB20151    ,G ,B,4980.00,5078.00,4900.00,4900.00,4900.00,4850.50,9,29,143833.00,
800252,SGB2016I    ,G ,B,5200.00,5200.00,4815.00,4815.00,4815.00,4900.00,7,9,43735.00,
800253,SGB2016II   ,G ,B,4830.00,4830.00,4830.00,4830.00,4830.00,4852.10,1,1,4830.00,
800254,SGBAUG24    ,G ,B,4901.00,4901.00,4860.00,4870.00,4870.00,4901.00,3,3,14631.00,
800258,SGB2016IIA  ,G ,B,4672.00,4800.00,4672.00,4800.00,4800.00,4955.00,3,4,18844.00,
800259,SGB2016IIIA ,G ,B,4887.45,4887.45,4887.45,4887.45,4887.45,4887.45,1,1,4887.00,
800265,SGB2016IV   ,G ,B,4830.00,4830.00,4830.00,4830.00,4830.00,4800.00,1,1,4830.00,
800268,SGBMAY25    ,G ,B,4650.00,4850.00,4650.00,4740.00,4740.00,4745.00,6,14,66150.00,
800269,SGBJULY25   ,G ,B,4749.00,4749.00,4720.00,4720.00,4720.00,4849.45,10,149,703309.00,
800270,SGBOCT25    ,G ,B,4800.00,4800.00,4800.00,4800.00,4800.00,5050.00,1,1,4800.00,
800271,SGBOCT25A   ,G ,B,4800.00,4800.00,4800.00,4800.00,4800.00,4725.00,2,3,14400.00,
800274,SGBNOV25    ,G ,B,4850.00,4850.00,4830.00,4830.00,4830.00,4782.01,2,6,29080.00,
800276,SGBNOV25B   ,G ,B,4800.00,4800.00,4800.00,4800.00,4800.00,4705.51,1,1,4800.00,
800279,SGBDEC25A   ,G ,B,4700.00,4740.00,4700.00,4740.00,4740.00,4800.00,3,5,23550.00,
800280,SGBDEC25B   ,G ,B,4800.00,4800.00,4800.00,4800.00,4800.00,4860.00,1,1,4800.00,
800281,SGBDEC25C   ,G ,B,4800.00,4850.00,4800.00,4850.00,4850.00,4750.00,2,2,9650.00,
800287,SGBMAY26    ,G ,B,4845.00,4845.00,4845.00,4845.00,4845.00,4849.00,1,1,4845.00,
800288,SGBOCT26    ,G ,B,4839.00,4839.00,4839.00,4839.00,4839.00,4860.00,1,1,4839.00,
800289,SGBNOV26    ,G ,B,4550.10,4800.00,4550.10,4702.10,4702.10,4850.00,3,12,55003.00,
800291,SGBJAN27    ,G ,B,4920.00,4920.00,4920.00,4920.00,4920.00,4930.00,1,1,4920.00,
800292,SGBFEB27    ,G ,B,4950.00,4950.00,4950.00,4950.00,4950.00,5500.00,1,1,4950.00,
800295,SGBJUNE27   ,G ,B,4845.00,4845.00,4845.00,4845.00,4845.00,4860.00,1,1,4845.00,
800296,SGBJULY27   ,G ,B,4950.00,4950.00,4950.00,4950.00,4950.00,4950.00,1,1,4950.00,
800297,SGBAUG27    ,G ,B,4750.00,4845.00,4726.01,4735.00,4735.00,4850.00,35,233,1107287.00,
800301,SGBSEP27    ,G ,B,4775.00,4775.00,4755.00,4775.00,4775.00,4850.00,3,6,28630.00,
800303,SGBOCT27A   ,G ,B,4800.00,4800.00,4800.00,4800.00,4800.00,4600.00,1,1,4800.00,
800312,SGBDEC27    ,G ,B,5090.00,5090.00,4640.00,4640.00,4640.00,4700.00,4,7,33120.00,
800313,SGBJAN28    ,G ,B,4800.00,4800.00,4800.00,4800.00,4800.00,4820.00,1,1,4800.00,
800315,SGBMAR28    ,G ,B,4765.00,4765.00,4719.00,4719.00,4719.00,4710.00,2,2,9484.00,
800318,SGBAPR28    ,G ,B,4750.00,4750.00,4701.00,4735.28,4742.99,4729.31,56,137,647103.00,
800320,SGBMAY28    ,G ,B,4715.00,4760.00,4682.00,4710.00,4710.00,4760.99,51,159,749094.00,
800321,509GOI2022  ,G ,B,99.00,99.00,99.00,99.00,99.00,90.00,1,10,990.00,
800322,SGBJUN28    ,G ,B,4313.90,4799.00,4313.90,4739.75,4775.00,4790.00,67,187,884627.00,
800324,SGBJULY28   ,G ,B,4740.00,4770.00,4707.00,4732.37,4740.00,4778.82,113,530,2505995.00,
800325,SGBAUG28    ,G ,B,4800.00,4818.99,4770.00,4786.70,4786.70,4815.30,48,203,972518.00,
800327,SGBSEP28    ,G ,B,4815.00,4815.00,4813.00,4813.00,4813.00,4855.00,2,2,9628.00,
800328,SGBOCT28    ,G ,B,4800.00,4890.00,4775.00,4791.50,4795.00,4825.86,50,191,914942.00,
890144,TATASTEELPP ,A ,Q,138.15,143.75,135.95,140.85,140.85,134.15,5136,360262,50677827.00,
890145,DHANIPP     ,B ,Q,136.80,148.00,136.80,142.95,142.95,134.75,1610,112030,16138433.00,
890147,RELIANCEPP  ,A ,Q,1046.55,1077.00,1036.80,1062.25,1062.25,1042.35,7238,107289,113668057.00,
890148,ABFRLPP     ,A ,Q,104.85,105.75,101.50,105.40,105.40,100.65,119,4593,480476.00,
890149,SATINPP     ,B ,Q,37.30,37.30,35.70,37.30,37.30,35.65,7,191,7014.00,
890151,MOLDTEKPP   ,B ,Q,193.00,194.00,176.00,180.60,180.00,161.70,177,3767,697255.00,
912333,ICIC-MMP3-1-,F ,D,72885.00,72885.00,72885.00,72885.00,72885.00,80874.50,1,4,291540.00,
912356,ICIC-MMP3-11,F ,D,71825.00,71825.00,71825.00,71825.00,71825.00,84950.00,1,11,790075.00,
935136,971STFC21   ,F ,D,1028.00,1028.00,1028.00,1028.00,1028.00,1027.00,1,100,102800.00,
935345,0MFL21      ,F ,D,1875.00,1875.00,1875.00,1875.00,1875.00,1920.40,1,50,93750.00,
935383,849NTPC25   ,F ,D,14.51,14.55,14.51,14.55,14.55,14.51,38,14943,216866.00,
935435,0MFL2022K   ,F ,D,1814.00,1814.00,1814.00,1814.00,1814.00,1814.00,1,164,297496.00,
935506,736PFC25    ,F ,D,1114.51,1114.51,1114.51,1114.51,1114.51,1115.11,1,104,115909.00,
935510,752PFC30    ,F ,D,1220.17,1220.55,1220.17,1220.55,1220.55,1230.00,2,140,170850.00,
935544,734REC30    ,F ,D,1250.00,1250.00,1250.00,1250.00,1250.00,1187.00,2,150,187500.00,
935548,743REC35    ,F ,D,1310.00,1310.00,1310.00,1310.00,1310.00,1286.00,2,25,32750.00,
935572,732IRFC25   ,F ,D,1105.30,1149.45,1105.30,1149.45,1149.45,1131.10,2,18,20292.00,
935584,76NHAI31    ,F ,D,1285.50,1290.00,1285.50,1290.00,1290.00,1292.00,3,180,231570.00,
935616,753IREDA26  ,F ,D,1181.26,1181.26,1181.26,1181.26,1181.26,1177.00,1,39,46069.00,
935640,727HUDCO26  ,F ,D,1160.01,1161.25,1160.01,1161.25,1161.25,1158.00,2,90,104462.00,
935682,764IRFC31   ,F ,D,1246.20,1246.20,1246.20,1246.20,1246.20,1246.00,1,10,12462.00,
935690,764NABARD31 ,F ,D,1287.10,1287.10,1287.10,1287.10,1287.10,1293.00,2,150,193065.00,
935696,825MFL21    ,F ,D,845.00,1000.00,845.00,1000.00,1000.00,987.00,2,227,196775.00,
935744,87MMFSL21   ,F ,D,1054.00,1054.00,1050.00,1053.33,1050.00,1054.00,3,60,63200.00,
935752,9MMFSL26    ,F ,D,1110.00,1110.00,1103.55,1104.73,1107.00,1165.00,17,800,884190.00,
935788,10EHFL26    ,F ,D,900.00,900.00,890.00,894.94,890.00,895.00,16,1590,1428797.00,
935814,930DHFL26B  ,F ,D,270.00,270.00,270.00,270.00,270.00,330.00,1,5734,1548180.00,
935840,925DHFL23B  ,F ,D,320.00,320.00,311.00,311.00,311.00,319.90,4,2300,733300.00,
935856,865IBHFL26  ,F ,D,875.00,875.00,875.00,875.00,875.00,900.00,4,23,20125.00,
935860,9IBHFL26B   ,F ,D,740.00,740.00,740.00,740.00,740.00,740.00,5,296,219040.00,
935896,960SEFL21   ,F ,D,795.00,799.00,780.00,784.16,780.00,755.00,11,232,183589.00,
935898,10SEFL21    ,F ,D,788.00,799.00,780.00,797.88,797.80,788.16,17,332,262641.00,
935900,0SEFL21B    ,F ,D,1000.00,1000.00,1000.00,1000.00,1000.00,1050.00,1,1,1000.00,
935908,905RHFL22B  ,F ,D,185.00,185.00,185.00,185.00,185.00,175.00,1,50,9250.00,
935916,940RHFL32B  ,F ,D,165.00,165.00,165.00,165.00,165.00,138.00,2,6,990.00,
935940,975SEFL22B  ,F ,D,726.00,765.00,725.00,739.00,739.00,761.00,16,394,290996.00,
935944,0SEFL22B    ,F ,D,990.00,1180.00,990.00,1180.00,1180.00,995.00,3,31,30880.00,
935966,0MFL25      ,F ,D,1434.99,1434.99,1434.99,1434.99,1434.99,1434.30,2,788,1130772.00,
935994,912SEFL22   ,F ,D,845.00,845.00,845.00,845.00,845.00,760.00,1,20,16900.00,
935996,950SEFL22   ,F ,D,790.00,790.00,788.90,788.90,788.90,741.97,2,15,11844.00,
936004,875MFL22    ,F ,D,1005.65,1005.65,1005.65,1005.65,1005.65,1024.00,3,50,50282.00,
936010,900MFL22A   ,F ,D,1060.52,1064.00,1056.56,1064.00,1064.00,1060.00,6,147,155966.00,
936050,925SEFL22   ,F ,D,715.00,800.00,715.00,800.00,800.00,747.00,2,10,7235.00,
936054,0SEFL22     ,F ,D,942.00,942.00,942.00,942.00,942.00,890.00,1,1,942.00,
936058,940SEFL24   ,F ,D,650.00,650.00,650.00,650.00,650.00,675.00,2,24,15600.00,
936062,950SEFL27   ,F ,D,565.00,578.00,551.00,568.56,551.00,575.00,14,566,323218.00,
936108,0SEFL21A    ,F ,D,881.20,881.20,881.20,881.20,881.20,1089.55,1,40,35248.00,
936112,9SEFL23B    ,F ,D,605.00,620.00,550.00,561.70,550.00,615.00,54,1929,1106538.00,
936114,0SEFL23A    ,F ,D,705.00,705.00,705.00,705.00,705.00,750.00,1,12,8460.00,
936124,875ERFL21   ,F ,D,1046.10,1054.98,1046.10,1046.19,1054.98,1045.38,2,101,105664.00,
936130,888ERFL28   ,F ,D,860.00,860.00,860.00,860.00,860.00,869.00,1,30,25800.00,
936132,925ERFL28   ,F ,D,894.80,894.80,888.80,888.80,888.80,875.80,2,20,17836.00,
936142,875MFL21A   ,F ,D,1053.00,1053.00,1053.00,1053.00,1053.00,1060.00,2,700,737100.00,
936144,9MFL23      ,F ,D,1067.50,1074.00,1067.50,1072.92,1074.00,1066.20,7,2444,2613878.00,
936176,91SEFL21    ,F ,D,875.00,875.00,875.00,875.00,875.00,868.88,5,62,54250.00,
936180,9SEFL23A    ,F ,D,720.20,751.00,700.00,710.57,700.00,720.00,7,63,45256.00,
936182,935SEFL23   ,F ,D,650.00,650.00,570.00,576.00,576.00,657.80,9,305,180388.00,
936188,96SEFL28    ,F ,D,630.00,630.00,536.00,544.38,540.00,669.80,9,330,182550.00,
936196,865DHFL23   ,F ,D,309.80,310.00,309.80,310.00,310.00,285.00,5,236,73152.00,
936202,856DHFL21   ,F ,D,295.00,312.00,295.00,312.00,312.00,285.00,3,345,105175.00,
936214,9DHFL23     ,F ,D,300.00,315.00,300.00,315.00,315.00,308.00,3,105,31950.00,
936220,95JMFCSL23  ,F ,D,1049.00,1049.00,1041.00,1042.10,1041.00,1051.00,18,888,930022.00,
936224,975JMFCSL28 ,F ,D,1065.00,1065.10,1065.00,1065.00,1065.00,1065.00,7,250,266255.00,
936236,94STFCL28   ,F ,D,1015.00,1018.00,1010.00,1018.00,1018.00,1007.44,19,615,623143.00,
936240,0STFCL23    ,F ,D,1230.00,1230.00,1230.00,1230.00,1230.00,1206.06,1,5,6150.00,
936244,945EFL21    ,F ,D,1016.00,1023.75,1005.95,1010.09,1010.00,1015.01,6,251,253220.00,
936248,0EFL23      ,F ,D,1208.00,1208.00,1208.00,1208.00,1208.00,1190.00,1,1,1208.00,
936250,965EFL23    ,F ,D,909.00,992.00,909.00,992.00,992.00,960.00,3,85,78178.00,
936252,943EFL28    ,F ,D,925.00,927.00,925.00,925.80,925.00,927.50,6,71,65695.00,
936268,890ICCL21   ,F ,D,936.80,937.01,935.80,937.01,937.01,939.80,3,150,140490.00,
936286,880TCFSL21  ,F ,D,1032.00,1032.00,1025.00,1025.00,1025.00,1030.00,20,395,406056.00,
936290,890TCFSL23  ,F ,D,1092.00,1092.00,1083.10,1084.76,1083.10,1088.98,27,1171,1272309.00,
936294,910TCFSL28  ,F ,D,1140.00,1150.00,1140.00,1148.84,1150.00,1143.20,11,316,361295.00,
936312,AHFL29SEP18 ,F ,D,1220.00,1220.00,1220.00,1220.00,1220.00,1206.00,1,5,6100.00,
936314,96AHFL21    ,F ,D,1023.99,1023.99,1023.00,1023.00,1023.00,1035.00,3,3416,3497884.00,
936320,935AHFL28   ,F ,D,1008.00,1008.00,1000.00,1000.00,1000.00,1019.00,9,945,947230.00,
936328,940STFCL21  ,F ,D,1015.00,1015.00,1007.55,1007.55,1007.55,1004.75,2,160,161282.00,
936330,950STFCL23  ,F ,D,1006.06,1006.06,1006.06,1006.06,1006.06,1006.09,1,100,100606.00,
936332,970STFCL28  ,F ,D,1077.00,1077.00,1077.00,1077.00,1077.00,1070.00,2,35,37695.00,
936360,10MFL23     ,F ,D,1040.00,1040.00,1030.00,1031.09,1031.09,1055.00,28,1869,1930012.00,
936364,10MFL21A    ,F ,D,1000.07,1000.07,980.00,980.00,980.00,1027.00,8,1000,985206.00,
936366,1040MFL23   ,F ,D,1050.00,1052.05,1050.00,1052.05,1052.05,1050.04,4,125,131455.00,
936370,MFL29NOV18B ,F ,D,1195.00,1215.00,1195.00,1204.02,1215.00,1190.00,16,1475,1773144.00,
936374,MFL29NOV18D ,F ,D,1249.99,1249.99,1242.76,1247.76,1247.76,1238.00,15,381,475423.00,
936376,10JMFCSL22  ,F ,D,1019.00,1019.00,1018.00,1018.00,1018.00,1019.00,6,225,229225.00,
936384,1025JFCSL28 ,F ,D,1045.00,1045.00,1045.00,1045.00,1045.00,1100.00,1,20,20900.00,
936386,981JMFCSL28 ,F ,D,1045.00,1045.00,1000.00,1039.00,1039.00,1043.00,20,2147,2177067.00,
936388,1020EFL22   ,F ,D,1060.00,1061.00,1060.00,1061.00,1061.00,1050.00,3,150,159010.00,
936390,EFL4JAN19   ,F ,D,1029.00,1029.00,1029.00,1029.00,1029.00,1185.00,1,100,102900.00,
936396,EFL4JAN19A  ,F ,D,1050.00,1050.00,1050.00,1050.00,1050.00,1063.00,1,100,105000.00,
936398,1015EFL29   ,F ,D,981.00,981.00,980.00,980.07,980.00,966.00,4,104,101973.00,
936404,905MMFSL22  ,F ,D,1086.00,1086.00,1082.50,1084.45,1082.50,1081.00,4,50,54222.00,
936412,93MMFSL27   ,F ,D,1161.00,1162.00,1161.00,1162.00,1162.00,1164.95,4,215,249785.00,
936416,95MMFSL29   ,F ,D,1135.00,1150.00,1122.00,1150.00,1150.00,1100.30,6,130,147890.00,
936422,981SEFL22   ,F ,D,894.00,894.00,890.00,890.00,890.00,895.00,3,22,19600.00,
936424,1025SEFL22  ,F ,D,761.00,761.00,760.05,760.60,760.05,760.05,7,172,130823.00,
936428,1005SEFL24  ,F ,D,901.00,905.00,901.00,905.00,905.00,901.00,5,110,99510.00,
936430,105SEFL24   ,F ,D,740.00,740.00,740.00,740.00,740.00,750.00,2,100,74000.00,
936432,0SEFL24A    ,F ,D,749.00,836.95,749.00,836.95,836.95,700.00,7,203,152791.00,
936454,93STFCL29   ,F ,D,1085.00,1090.00,1085.00,1090.00,1090.00,1058.00,2,60,65150.00,
936456,94STFCL22   ,F ,D,1072.95,1072.95,1072.95,1072.95,1072.95,1069.00,1,330,354073.00,
936458,95STFCL24   ,F ,D,1074.00,1074.00,1074.00,1074.00,1074.00,1073.00,3,40,42960.00,
936462,0STFCL22A   ,F ,D,1170.20,1170.20,1166.00,1166.84,1166.00,1167.20,2,50,58342.00,
936468,96IFL22     ,F ,D,1079.60,1079.60,1079.60,1079.60,1079.60,1141.45,3,50,53980.00,
936472,975IFL24    ,F ,D,1026.90,1026.90,1017.00,1017.00,1017.00,1025.00,17,613,625665.00,
936474,102IFL24    ,F ,D,1099.55,1099.55,1099.55,1099.55,1099.55,1099.55,1,100,109955.00,
936480,935MFL22    ,F ,D,1003.00,1003.00,1003.00,1003.00,1003.00,1008.00,1,10,10030.00,
936482,975MFL24    ,F ,D,1020.00,1020.00,1020.00,1020.00,1020.00,1035.00,1,97,98940.00,
936484,975MFL22A   ,F ,D,1080.00,1080.00,1080.00,1080.00,1080.00,1072.00,1,10,10800.00,
936488,0MFL22      ,F ,D,1172.03,1178.00,1172.00,1178.00,1178.00,1175.00,4,58,68048.00,
936492,0MFL26      ,F ,D,1195.00,1195.00,1195.00,1195.00,1195.00,1195.00,2,31,37045.00,
936496,0DLSL21A    ,F ,D,1121.15,1121.15,1121.15,1121.15,1121.15,1175.00,1,5,5605.00,
936500,1090DLSL22  ,F ,D,811.00,811.00,811.00,811.00,811.00,1000.00,1,146,118406.00,
936524,889LTFL24   ,F ,D,1080.86,1080.86,1080.86,1080.86,1080.86,1080.55,1,5,5404.00,
936532,898LTFL29   ,F ,D,1148.00,1148.00,1148.00,1148.00,1148.00,1145.00,2,134,153832.00,
936534,925MFL21A   ,F ,D,1004.00,1008.00,1004.00,1005.05,1005.05,1005.00,7,51,51221.00,
936538,975MFL24A   ,F ,D,1040.00,1045.00,1040.00,1041.25,1040.00,1054.99,4,67,69730.00,
936540,950MFL21A   ,F ,D,1063.12,1063.12,1063.12,1063.12,1063.12,1073.00,1,50,53156.00,
936550,0MFL24A     ,F ,D,1223.60,1223.60,1223.60,1223.60,1223.60,1222.60,1,247,302229.00,
936554,89LTFL22    ,F ,D,1082.00,1082.00,1082.00,1082.00,1082.00,1082.00,1,40,43280.00,
936592,955SCUF21   ,F ,D,1043.51,1050.00,1042.52,1050.00,1050.00,1055.00,15,625,652450.00,
936598,926SCUF22   ,F ,D,1000.00,1000.00,1000.00,1000.00,1000.00,1000.00,8,526,526000.00,
936612,10KFL22B    ,F ,D,985.00,985.00,985.00,985.00,985.00,980.00,1,10,9850.00,
936638,925MHIL21   ,F ,D,955.41,955.41,955.41,955.41,955.41,998.56,1,50,47770.00,
936642,975MHIL24   ,F ,D,1100.00,1100.00,1100.00,1100.00,1100.00,1050.00,2,100,110000.00,
936668,1025SEFL24A ,F ,D,880.00,935.00,880.00,935.00,935.00,885.00,5,369,329140.00,
936670,1075SEFL24  ,F ,D,825.00,825.00,825.00,825.00,825.00,920.00,8,350,288750.00,
936706,1050JMFPL24 ,F ,D,1080.00,1080.00,1080.00,1080.00,1080.00,1090.00,3,900,972000.00,
936708,99EFL21     ,F ,D,1020.00,1045.00,1011.10,1045.00,1045.00,1060.00,6,101,102892.00,
936712,102EFL22    ,F ,D,980.00,1020.00,961.00,994.19,1020.00,992.31,9,152,149480.00,
936714,0EFL22      ,F ,D,1040.00,1125.00,1040.00,1125.00,1125.00,1089.67,2,11,11525.00,
936716,995EFL24A   ,F ,D,955.00,955.00,950.00,950.00,950.00,960.01,4,103,97870.00,
936718,104EFL24    ,F ,D,916.12,989.90,916.12,989.90,989.90,980.00,3,93,89078.00,
936724,104EFL29    ,F ,D,911.00,911.00,812.00,828.50,812.00,920.00,2,60,49710.00,
936732,95MFL21A    ,F ,D,1047.00,1047.00,1035.00,1035.00,1035.00,1045.00,2,900,933300.00,
936752,995DLSL22   ,F ,D,950.00,950.00,950.00,950.00,950.00,951.00,2,100,95000.00,
936780,912STF23    ,F ,D,951.50,1100.00,951.50,1100.00,1100.00,995.00,3,209,200200.00,
936782,922STF24    ,F ,D,995.00,995.00,995.00,995.00,995.00,1000.00,3,50,49750.00,
936794,0STF23      ,F ,D,1105.00,1105.00,1105.00,1105.00,1105.00,1105.00,1,10,11050.00,
936798,0STF26      ,F ,D,1100.00,1100.00,1100.00,1100.00,1100.00,1100.00,1,11,12100.00,
936802,845TCFS22   ,F ,D,1040.00,1042.75,1035.00,1040.61,1042.75,1043.00,12,372,386663.00,
936824,10IFL25     ,F ,D,1000.00,1000.00,1000.00,1000.00,1000.00,1000.00,2,20,20000.00,
936826,0IFL25      ,F ,D,1000.00,1000.00,905.10,905.10,905.10,1000.00,2,220,208612.00,
936852,985JMFPL24  ,F ,D,1017.00,1017.00,1008.00,1008.00,1008.00,1035.00,26,1000,1012938.00,
936874,0SCUF21A    ,F ,D,1100.00,1100.00,1100.00,1100.00,1100.00,1080.82,4,20,22000.00,
936884,945SCUF24   ,F ,D,1005.00,1005.00,1005.00,1005.00,1005.00,1005.00,4,50,50250.00,
936908,BILNCD      ,F ,D,32.00,32.00,31.07,31.90,31.90,31.88,23,2861,91248.00,
936912,925MFL21C   ,F ,D,983.00,983.00,983.00,983.00,983.00,983.00,2,250,245750.00,
936916,95MFL21B    ,F ,D,1076.00,1076.00,999.00,999.00,999.00,952.01,3,12,12758.00,
936924,10MFL22A    ,F ,D,1081.50,1081.50,1081.50,1081.50,1081.50,1082.10,1,8,8652.00,
936926,925MFL21D   ,F ,D,1010.00,1010.00,1010.00,1010.00,1010.00,1007.15,1,50,50500.00,
936928,95MFL23     ,F ,D,1020.00,1020.00,1020.00,1020.00,1020.00,1010.00,1,15,15300.00,
936930,975MFL24B   ,F ,D,1221.00,1221.00,1221.00,1221.00,1221.00,1074.17,1,5,6105.00,
936932,95MFL21D    ,F ,D,1005.00,1006.25,1005.00,1006.25,1006.25,1005.10,2,7,7040.00,
936947,975MHFL22   ,F ,D,1014.00,1020.00,1014.00,1015.28,1015.28,1020.00,10,194,197034.00,
936949,10MHFL22    ,F ,D,1001.00,1002.00,1000.10,1000.10,1000.10,985.10,5,160,160026.00,
936953,1025MHFL24  ,F ,D,1032.00,1032.00,1032.00,1032.00,1032.00,1050.00,6,65,67080.00,
936959,0MHFL26     ,F ,D,1100.00,1100.00,1080.00,1080.00,1080.00,1139.03,4,35,38301.00,
936961,99ECL21     ,F ,D,999.00,999.00,998.80,999.00,999.00,976.00,9,210,209768.00,
936963,0ECL21      ,F ,D,1042.00,1042.00,1040.00,1040.00,1040.00,1070.00,3,116,120790.00,
936965,102ECL23    ,F ,D,817.00,950.00,817.00,950.00,950.00,1000.00,2,50,44175.00,
936969,995ECL24    ,F ,D,963.00,963.00,963.00,963.00,963.00,958.22,5,96,92448.00,
936971,104ECL24    ,F ,D,950.00,950.00,950.00,950.00,950.00,960.00,1,2,1900.00,
936975,995ECL29    ,F ,D,900.00,905.00,900.00,900.92,900.00,999.00,17,110,99092.00,
936979,926KFL21    ,F ,D,1065.00,1065.00,1065.00,1065.00,1065.00,1076.00,1,10,10650.00,
936983,10KFL22C    ,F ,D,985.00,985.00,985.00,985.00,985.00,980.00,1,5,4925.00,
936997,845LTFL22   ,F ,D,1108.00,1108.00,1108.00,1108.00,1108.00,1090.00,1,20,22160.00,
937009,86LTFL24    ,F ,D,1122.00,1122.00,1122.00,1122.00,1122.00,1120.64,1,100,112200.00,
937019,925MFL21AA  ,F ,D,1006.05,1010.00,1006.00,1010.00,1010.00,1014.90,15,490,493301.00,
937025,95MFL21AA   ,F ,D,1090.00,1102.00,915.20,1102.00,1102.00,1090.00,11,386,418373.00,
937027,975MFL23A   ,F ,D,1111.80,1111.80,1111.80,1111.80,1111.80,1115.20,1,150,166770.00,
937029,10MFL24AA   ,F ,D,1145.00,1149.98,1145.00,1145.00,1145.00,1150.00,5,100,114671.00,
937049,83TCHF25    ,F ,D,1102.00,1129.99,1102.00,1103.00,1103.00,1099.00,6,152,169834.00,
937057,84TCHF28    ,F ,D,1160.00,1160.00,1160.00,1160.00,1160.00,1140.00,1,50,58000.00,
937079,0EFIL21     ,F ,D,1050.00,1050.00,1050.00,1050.00,1050.00,1053.00,2,60,63000.00,
937083,0EFIL23     ,F ,D,1024.00,1025.00,1024.00,1024.41,1025.00,1024.00,3,85,87075.00,
937085,98EFIL25    ,F ,D,990.00,990.00,989.00,989.00,989.00,990.00,3,101,99890.00,
937095,9MFL21      ,F ,D,991.01,996.99,991.01,995.00,995.00,997.00,4,82,81450.00,
937109,0MFL21CC    ,F ,D,1060.11,1060.12,1060.00,1060.12,1060.12,1056.01,7,205,217318.00,
937115,0MFL25B     ,F ,D,1092.00,1092.00,1092.00,1092.00,1092.00,1092.00,5,49,53508.00,
937131,95JFPL22    ,F ,D,1071.00,1071.00,1071.00,1071.00,1071.00,1067.00,1,20,21420.00,
937145,948JFPL25   ,F ,D,1024.00,1024.00,1024.00,1024.00,1024.00,1036.97,1,25,25600.00,
937249,94MFL22     ,F ,D,1035.00,1035.00,1035.00,1035.00,1035.00,1025.00,1,10,10350.00,
937261,95MMFL22    ,F ,D,970.00,970.00,970.00,970.00,970.00,990.00,1,25,24250.00,
937263,975MMFL22C  ,F ,D,973.00,973.00,973.00,973.00,973.00,970.00,1,1,973.00,
937291,885MFL23    ,F ,D,974.00,984.50,972.25,984.50,984.50,973.00,4,100,97670.00,
937297,925MFL23C   ,F ,D,990.20,990.20,990.20,990.20,990.20,990.77,2,100,99020.00,
937303,0MFL23C     ,F ,D,1007.00,1010.00,1007.00,1010.00,1010.00,995.10,3,165,166380.00,
937321,95MMFL22A   ,F ,D,950.05,975.00,950.05,970.00,970.00,950.00,10,590,572150.00,
937331,105MMFL25C  ,F ,D,990.00,990.00,990.00,990.00,990.00,0.00,2,20,19800.00,
947146,TATA18MAR11 ,F ,D,1049000.00,1049000.00,1049000.00,1049000.00,1049000.00,1048000.00,1,1,1049000.00,
947637,TPCL02JUN11 ,F ,D,1051499.00,1051499.00,1051499.00,1051499.00,1051499.00,1030401.00,1,1,1051499.00,
950493,843PFC22    ,F ,D,5351.00,5351.00,5351.00,5351.00,5351.00,5375.00,2,8,42808.00,
951695,PNB13FEB15  ,F ,D,1073300.00,1095000.00,1073300.00,1095000.00,1095000.00,1073333.00,2,5,5388200.00,
955769,897UPPCL24  ,F ,D,1032116.07,1032116.07,1032116.07,1032116.07,1032116.07,1038714.57,1,1,1032116.00,
957804,1015UPPCL23 ,F ,D,1013524.62,1013524.62,1013524.62,1013524.62,1013524.62,1015000.00,1,1,1013524.00,
957810,1015UPPCL28 ,F ,D,1051000.00,1051000.00,1014000.00,1014999.00,1014999.00,1014666.00,6,6,6124996.00,
958039,918VL21     ,F ,D,1031941.04,1031941.04,1031941.04,1031941.04,1031941.04,1032525.53,1,14,14447174.00,
958383,950MFL22    ,F ,D,1033800.00,1033800.00,1033800.00,1033800.00,1033800.00,995300.00,1,2,2067600.00,
958511,1025STFL24  ,F ,D,990000.00,990000.00,981100.00,981550.00,981100.00,990000.00,3,3,2953100.00,
958670,1175SIBL29  ,F ,D,103000.00,103000.00,103000.00,103000.00,103000.00,103000.00,1,10,1030000.00,
958948,EFI26AUG19  ,F ,D,113396.79,113396.79,113396.79,113396.79,113396.79,112824.36,6,90,10205711.00,
958949,EFI26AUG19A ,F ,D,117130.86,117130.86,114630.86,115903.92,114630.86,114160.69,6,78,9044232.00,
959117,899BOBPERP  ,F ,D,1027654.57,1027654.57,1027654.57,1027654.57,1027654.57,1112432.80,1,1,1027654.00,
959209,1375SIBLPER ,F ,D,108874.00,108874.00,108874.00,108874.00,108874.00,109950.00,1,10,1088740.00,
959800,85BOBPERP   ,F ,D,1026983.00,1026983.00,1026983.00,1026983.00,1026983.00,1042000.00,1,20,20539660.00,
960191,975TMFLPERP ,F ,D,1011110.99,1011110.99,1007000.00,1007000.00,1007000.00,1009000.00,2,2,2018110.00,
961700,IDFCFBLD1F  ,F ,B,10600.00,10600.00,10600.00,10600.00,10600.00,10577.55,1,1,10600.00,
961703,SBIBIVR     ,F ,B,10621.00,10905.00,10621.00,10878.76,10880.00,10865.42,22,176,1911591.00,
961704,SBIBIVNR    ,F ,B,11048.64,11048.64,11048.64,11048.64,11048.64,10832.00,1,1,11048.00,
961706,IIFCLBDIS2  ,F ,B,2125.00,2125.00,2125.00,2125.00,2125.00,2102.00,2,39,82875.00,
961711,PFCBS1      ,F ,B,5330.00,5330.00,5330.00,5330.00,5330.00,5340.00,1,5,26650.00,
961712,PFCBS2      ,F ,B,10833.50,10833.50,10832.00,10832.00,10832.00,10830.00,3,7,75829.00,
961715,PFCBT1S1    ,F ,B,5032.00,5032.00,5030.00,5030.00,5030.00,5032.00,2,8,40244.00,
961716,PFCBT1S2    ,F ,B,10500.00,10500.00,10405.11,10415.11,10415.11,10500.00,3,10,104280.00,
961720,IDFCFBLD1J  ,F ,B,10810.00,10830.00,10810.00,10821.50,10821.50,10810.00,6,12,129846.00,
961721,LTINF90122I ,F ,B,1085.00,1092.00,1085.00,1091.25,1092.00,1090.00,10,200,217650.00,
961722,LTINF9122II ,F ,B,2170.00,2178.99,2170.00,2175.66,2178.99,2174.30,18,167,362882.00,
961729,820PFC2022  ,F ,B,1053.70,1055.00,1053.70,1055.00,1055.00,1052.88,4,600,632870.00,
961731,8IRFC230222 ,F ,B,1059.00,1060.99,1059.00,1060.99,1060.99,1056.40,2,28,29657.00,
961732,810IRFC2327 ,F ,B,1202.00,1205.00,1199.00,1205.00,1205.00,1201.45,16,1407,1689872.00,
961733,HUDCO050322 ,F ,B,1112.00,1112.00,1112.00,1112.00,1112.00,1112.00,1,10,11120.00,
961734,HUDCO050327 ,F ,B,1281.00,1295.00,1270.50,1270.50,1270.50,1275.00,25,1325,1694641.00,
961735,87IDFCBFBL  ,F ,B,5294.00,5442.00,5288.00,5288.01,5288.00,5295.05,5,10,53064.00,
961736,870IDFCFBL  ,F ,B,10310.00,10310.00,10310.00,10310.00,10310.00,10310.00,4,14,144340.00,
961737,870LNT22A   ,F ,B,1072.05,1079.00,1072.00,1074.83,1079.00,1079.80,6,120,128923.00,
961738,870LNT22B   ,F ,B,2080.01,2080.71,2080.01,2080.71,2080.71,2080.26,10,190,395244.00,
961743,793REC22    ,F ,B,1084.00,1084.00,1084.00,1084.00,1084.00,1080.00,2,173,187532.00,
961744,812REC27    ,F ,B,1233.00,1233.00,1233.00,1233.00,1233.00,1230.00,1,70,86310.00,
961749,738REC27TF  ,F ,B,1176.00,1176.00,1176.00,1176.00,1176.00,1185.00,3,80,94080.00,
961785,876HUDCO28  ,F ,B,1295.00,1295.00,1283.10,1295.00,1295.00,1294.99,12,164,212018.00,
961798,875IIFCL33  ,F ,B,1375.00,1379.99,1375.00,1379.99,1379.99,1368.10,6,325,448372.00,
961802,843PFC23    ,F ,B,1090.30,1149.80,1090.30,1149.80,1149.80,1100.27,2,66,74934.00,
961804,892PFC33    ,F ,B,1417.50,1420.00,1417.50,1418.00,1418.00,1420.00,21,245,347454.00,
961805,841NTPC23   ,F ,B,1141.00,1141.00,1141.00,1141.00,1141.00,1146.83,1,4,4564.00,
961808,866NTPC23   ,F ,B,1150.00,1150.00,1150.00,1150.00,1150.00,1150.00,1,1,1150.00,
961810,891NTPC33   ,F ,B,1433.00,1438.00,1433.00,1435.32,1438.00,1430.00,12,531,762157.00,
961813,876HUDCO34  ,F ,B,1450.00,1450.00,1450.00,1450.00,1450.00,1469.00,1,100,145000.00,
961814,876HUDCO24  ,F ,B,1223.00,1229.00,1221.10,1225.00,1225.00,1233.90,6,67,81991.00,
961820,866IIFCL24C ,F ,B,1285.00,1285.00,1220.00,1223.33,1220.00,1322.99,5,125,158449.00,
961822,891IIFCL34  ,F ,B,1477.00,1477.01,1472.10,1475.17,1475.17,1477.48,21,256,377756.00,
961826,875NHAI29   ,F ,B,1353.10,1359.00,1353.10,1358.95,1359.00,1352.65,3,230,311827.00,
961829,848IRFC24   ,F ,B,1220.00,1220.00,1220.00,1220.00,1220.00,1288.99,2,50,61000.00,
961839,880IREDA29  ,F ,B,1376.99,1383.99,1376.99,1379.00,1379.00,1349.99,3,26,35848.00,
961845,875KPL29    ,F ,B,1231.00,1322.00,1231.00,1322.00,1322.00,1252.50,3,2360,3012540.00,
961851,900KPL29    ,F ,B,1380.00,1380.00,1380.00,1380.00,1380.00,1375.00,3,85,117300.00,
961863,898HUDCO29  ,F ,B,1300.00,1305.00,1300.00,1302.10,1305.00,1310.00,6,1725,2246125.00,
961885,888IRFC29   ,F ,B,1369.70,1373.99,1361.00,1373.99,1373.99,1352.00,5,221,301687.00,
961889,855IIFCL29  ,F ,B,1290.00,1290.00,1290.00,1290.00,1290.00,1290.29,1,100,129000.00,
961893,841IIFCL24B ,F ,B,1165.05,1165.05,1165.05,1165.05,1165.05,1165.05,1,5,5825.00,
961895,880IIFCL29  ,F ,B,1327.00,1349.75,1327.00,1349.75,1349.75,1327.01,3,110,146197.00,
972660,IFCI310111A ,F ,B,5270.00,5270.00,5270.00,5270.00,5270.00,5268.60,1,4,21080.00,
972661,IFCI310111B ,F ,B,10555.00,10565.00,10555.00,10565.00,10565.00,10551.01,5,18,190082.00,
972662,IFCI310111C ,F ,B,5260.00,5320.00,5260.00,5320.00,5320.00,5260.05,3,6,31660.00,
972663,IFCI310111D ,F ,B,10791.00,10791.00,10791.00,10791.00,10791.00,10800.00,1,4,43164.00,
972691,IFCI311026D ,F ,B,10101.00,10101.00,10100.00,10100.00,10100.00,10100.00,2,20,202010.00,
972704,IFCI121211A ,F ,B,10081.01,10190.00,10081.01,10135.00,10135.00,10180.00,10,38,385214.00,
972705,IFCI121211B ,F ,B,4920.00,4920.00,4920.00,4920.00,4920.00,4919.09,1,10,49200.00,
972706,IFCI121211C ,F ,B,10010.01,10250.00,10010.01,10250.00,10250.00,10210.00,3,6,60540.00,
972713,IFCI150212A ,F ,B,10500.00,10602.00,10450.16,10600.17,10600.00,10512.00,21,63,664275.00,
972714,IFCI150212B ,F ,B,5300.00,5300.00,5300.00,5300.00,5300.00,5300.00,2,4,21200.00,
972715,IFCI150212C ,F ,B,10600.01,10600.01,10600.01,10600.01,10600.01,10552.26,1,2,21200.00,
972719,IFCI310312A ,F ,B,9540.01,9800.00,9540.01,9800.00,9800.00,9750.00,3,16,154720.00,
972720,IFCI310312B ,F ,B,4301.00,5075.00,4301.00,5075.00,5075.00,5100.00,2,8,37504.00,
972721,IFCI310312C ,F ,B,9900.00,9900.00,9900.00,9900.00,9900.00,9895.00,1,4,39600.00,
972722,IFCI310312D ,F ,B,5050.00,5050.00,5050.00,5050.00,5050.00,5050.00,1,1,5050.00,
972885,893PTCIF22A ,F ,B,10400.00,10440.00,10400.00,10440.00,10440.00,10375.00,4,6,62520.00,
