SC_CODE,SC_NAME,SC_GROUP,SC_TYPE,OPEN,HIGH,LOW,CLOSE,LAST,PREVCLOSE,NO_TRADES,NO_OF_SHRS,NET_TURNOV,TDCLOINDI
500002,ABB LTD.    ,A ,Q,1534.05,1546.95,1511.70,1532.15,1522.75,1520.10,785,7699,11757411.00,
500003,AEGIS LOGIS ,A ,Q,328.00,331.35,321.35,326.65,326.25,323.25,799,13433,4365302.00,
500008,AMAR RAJA BA,A ,Q,914.50,922.90,908.50,913.90,915.45,908.40,3827,84252,77110021.00,
500009,A.SARABHAI  ,X ,Q,19.75,20.30,19.60,19.95,19.95,19.85,156,40060,801333.00,
500010,HDFC        ,A ,Q,2600.00,2666.00,2595.00,2652.80,2652.80,2564.90,10509,140831,369967971.00,
500012,ANDHRA PETRO,X ,Q,71.40,71.80,65.65,66.50,66.50,69.10,1479,387031,25993189.00,
500013,ANSAL INFRAS,B ,Q,8.34,8.51,8.05,8.45,8.30,8.30,240,93559,782890.00,
500014,UTIQUE      ,X ,Q,1.94,1.94,1.94,1.94,1.94,1.85,29,13694,26566.00,
500016,ARUNAHTEL   ,XT,Q,6.38,6.60,6.07,6.07,6.07,6.38,5,1246,8004.00,
500020,BOM DYEING  ,A ,Q,80.95,88.00,80.15,84.20,84.20,80.05,13941,2269738,193217291.00,
500023,ASIANHOTNR  ,B ,Q,71.80,73.00,71.50,72.35,72.35,71.80,37,1066,77157.00,
500027,ATUL LTD.   ,A ,Q,6622.35,6679.00,6600.00,6649.05,6640.00,6622.35,188,528,3508565.00,
500028,ATV PROJECTS,XT,Q,4.80,4.80,4.39,4.80,4.80,4.58,42,24050,113570.00,
500029,AUTOLITE(I) ,Z ,Q,27.75,28.30,27.00,28.30,28.30,27.05,23,5544,153513.00,
500031,BAJAJ ELECT.,A ,Q,1015.00,1055.80,1004.10,1034.15,1034.15,999.00,2790,37867,39142825.00,
500032,BAJAJHIND   ,A ,Q,6.53,7.83,6.50,7.83,7.83,6.53,6368,12352584,91994842.00,
500033,FORCE MOTR  ,A ,Q,1307.00,1364.60,1307.00,1341.95,1337.20,1311.70,855,6254,8405702.00,
500034,BAJFINANCE  ,A ,Q,5379.50,5571.80,5339.45,5544.95,5544.95,5307.95,7944,92045,501526861.00,
500038,BALRAM.CHINI,A ,Q,190.00,198.00,188.95,192.75,192.75,189.10,3272,213674,41266811.00,
500039,BANCO PROD. ,B ,Q,157.15,157.30,153.15,155.35,155.40,156.80,2679,81724,12663849.00,
500040,CENTURY TEXT,A ,Q,524.00,549.25,520.25,535.80,535.80,519.15,1546,48980,26360623.00,
500041,BANNARI AMAN,A ,Q,1806.90,1880.25,1791.15,1843.55,1846.50,1806.90,68,321,589786.00,
500042,BASF INDIA  ,A ,Q,2100.00,2244.00,2067.85,2196.75,2208.80,2103.40,1276,6535,14323832.00,
500043,BATA INDIA  ,A ,Q,1489.00,1528.00,1489.00,1524.50,1524.50,1495.80,3356,46307,69977481.00,
500048,BEML LTD    ,A ,Q,1229.00,1248.65,1169.20,1178.50,1178.50,1226.40,1654,38171,45938140.00,
500049,BHARAT ELECT,A ,Q,153.00,153.95,150.80,152.95,152.95,151.45,5794,756680,115287874.00,
500052,BHANSALI ENG,A ,Q,143.65,145.50,141.50,141.95,141.95,142.30,1469,140995,20226939.00,
500055,TATASTLBSL  ,B ,Q,47.75,50.75,47.60,50.00,50.00,47.30,5119,1682055,84340579.00,
500060,BIRLACABLE  ,B ,Q,61.35,64.00,61.35,63.15,63.15,60.65,765,40878,2576433.00,
500067,BLUE STAR   ,A ,Q,914.70,944.80,904.05,924.60,924.60,909.20,2402,29448,27239259.00,
500068,DISA INDIA  ,X ,Q,4854.80,5058.00,4854.80,4901.95,4903.00,4854.80,156,479,2384643.00,
500069,BNK CAPITAL ,X ,Q,110.00,119.50,106.15,116.90,119.50,110.10,60,8740,963127.00,
500074,BPL LTD.    ,B ,Q,24.40,25.55,23.05,25.35,25.35,23.25,1298,357156,8914901.00,
500078,OAL         ,B ,Q,615.00,630.35,600.05,620.95,620.40,600.10,467,4713,2931542.00,
500083,CENTURY EXT ,B ,Q,4.71,4.91,4.64,4.85,4.85,4.69,85,20234,97979.00,
500084,CESC LTD.   ,A ,Q,623.90,631.90,623.40,624.65,624.65,620.15,2966,71531,44903389.00,
500085,CHAMBAL FERT,A ,Q,247.70,256.40,240.60,243.05,243.05,247.70,3090,166490,41179982.00,
500086,EXIDE IND.  ,A ,Q,209.35,211.50,206.50,207.40,207.40,208.75,5207,303020,63190300.00,
500087,CIPLA LTD.  ,A ,Q,816.00,818.00,807.85,812.30,812.30,812.10,4091,141127,114661257.00,
500089,DIC INDIA   ,B ,Q,413.40,416.80,410.15,414.55,416.00,411.30,165,1508,623900.00,
500092,CRISIL LTD  ,A ,Q,1901.20,1936.80,1901.20,1922.95,1929.55,1926.65,271,1159,2232711.00,
500093,CGPOWER     ,B ,Q,57.65,60.35,57.65,60.35,60.35,57.50,2085,925134,55431589.00,
500096,DABUR (I)   ,A ,Q,513.25,519.80,512.10,518.00,518.00,511.05,1883,57784,29853690.00,
500097,DALMIASUG   ,A ,Q,173.90,177.50,171.90,173.70,174.00,171.30,795,32835,5751106.00,
500101,ARVIND Ltd  ,A ,Q,80.00,80.00,75.75,76.15,76.15,77.50,1477,79479,6102990.00,
500102,BALARPUR IND,Z ,Q,1.29,1.32,1.27,1.27,1.27,1.29,268,799469,1028080.00,
500103,BHEL        ,A ,Q,52.35,52.65,50.60,51.00,51.00,51.75,18800,7018045,359548215.00,
500104,HIND.PETRO  ,A ,Q,255.90,256.40,245.55,249.10,249.10,249.95,2871,266878,66747058.00,
500106,IFCI LTD    ,A ,Q,10.88,12.82,10.87,12.82,12.82,10.69,10885,5850537,71403424.00,
500108,MAHA.TELE   ,B ,Q,14.75,16.77,14.75,16.77,16.77,13.98,17445,2274682,36090222.00,
500109,MRPL        ,A ,Q,44.00,44.45,42.60,42.90,42.90,43.65,2078,536995,23139024.00,
500110,CHENNAI PET.,A ,Q,110.70,114.45,109.35,113.30,113.30,109.80,871,106015,11926265.00,
500111,REL.CAP.    ,B ,Q,10.95,10.95,10.25,10.35,10.35,10.71,885,337271,3554265.00,
500112,STATE BANK  ,A ,Q,396.70,408.90,395.60,405.05,405.05,393.95,29211,3181847,1287031002.00,
500113,STEEL AUTH. ,A ,Q,79.00,81.10,78.20,78.45,78.45,78.85,11226,3955162,315570134.00,
500114,TITAN       ,A ,Q,1475.00,1481.30,1466.30,1474.35,1474.35,1470.90,1613,32809,48391685.00,
500116,IDBI BANK L ,A ,Q,31.85,36.70,31.65,35.45,35.45,31.45,22694,12989957,449174663.00,
500117,DCW LTD.    ,B ,Q,30.25,30.70,29.15,29.40,29.70,29.35,1220,286991,8561343.00,
500119,DHAMPUR SUGA,A ,Q,187.00,194.80,183.15,192.65,192.65,185.90,3602,132616,25193901.00,
500120,DIAMINES&CHM,X ,Q,314.90,315.00,303.60,310.00,310.00,307.85,323,15541,4845048.00,
500123,ELANTAS     ,A ,Q,3939.80,4025.70,3825.00,3893.20,3885.55,3800.40,1163,8632,33918204.00,
500124,DR.REDDY'S  ,A ,Q,4452.30,4514.00,4427.20,4500.80,4500.80,4406.20,5892,58175,259943969.00,
500125,E.I.D.PAR   ,A ,Q,338.25,349.70,338.25,342.75,345.20,338.25,1251,36135,12448316.00,
500126,PGHL        ,A ,Q,6828.65,6840.00,6746.80,6802.15,6782.00,6768.80,183,393,2671649.00,
500128,ELEC.CASTING,B ,Q,27.00,27.55,26.20,27.15,26.80,26.65,961,490832,13287492.00,
500133,ESAB INDIA  ,A ,Q,1911.75,1911.95,1895.00,1905.50,1895.00,1888.70,122,389,741312.00,
500135,EPL         ,A ,Q,223.55,239.00,222.45,233.65,232.75,223.75,1157,40287,9392119.00,
500136,ESTER INDUS.,B ,Q,115.10,119.10,111.90,112.75,112.75,114.80,536,31849,3719573.00,
500143,P.H.CAPITAL ,X ,Q,30.00,30.00,29.45,29.45,29.45,29.05,5,253,7462.00,
500144,FINOL. CABLE,A ,Q,400.00,402.30,397.30,400.50,400.50,395.05,181,5441,2174468.00,
500147,COCKERILL   ,X ,Q,813.95,835.00,795.05,814.30,814.30,794.00,44,993,816010.00,
500148,UFLEX LTD   ,A ,Q,367.00,397.95,367.00,389.30,391.90,368.15,3825,75633,29462185.00,
500150,FOSECO INDIA,B ,Q,1239.00,1250.00,1232.00,1250.00,1250.00,1239.95,24,84,103979.00,
500151,GOLDEN TOB  ,B ,Q,45.30,54.95,45.00,46.00,45.85,46.05,103,2557,117915.00,
500153,GANESH BENZO,X ,Q,73.00,75.00,71.20,72.05,72.05,72.80,842,59204,4301883.00,
500159,METROGLOBL  ,X ,Q,52.05,62.70,52.05,60.20,60.20,54.05,184,30552,1759183.00,
500160,GTL LTD.    ,B ,Q,6.60,6.80,6.60,6.79,6.80,6.70,106,66365,444472.00,
500163,GODFREY PH  ,A ,Q,905.50,914.90,902.00,905.95,907.90,905.50,670,8989,8189334.00,
500164,GODREJ IND  ,A ,Q,459.15,465.35,454.00,462.95,463.05,457.90,802,17796,8209224.00,
500165,KANSAI NERO ,A ,Q,573.00,587.90,569.65,586.00,585.25,570.80,431,12264,7122858.00,
500166,GOODRICKE   ,X ,Q,229.90,231.95,225.35,229.40,229.40,225.55,215,14583,3339645.00,
500168,GOODYEAR (I),A ,Q,980.00,993.55,969.00,978.15,980.00,977.95,708,8382,8244591.00,
500170,GTN INDUS   ,B ,Q,11.59,11.59,10.63,10.63,10.63,11.04,22,1348,14787.00,
500171,GHCL LTD    ,A ,Q,238.85,254.30,236.10,246.30,246.30,232.60,1894,83550,20767316.00,
500173,GFLLIMITED  ,A ,Q,93.85,96.00,93.85,94.05,94.20,93.95,186,6388,605849.00,
500174,GUJ.LEASE   ,B ,Q,3.05,3.25,3.05,3.09,3.05,3.21,49,16079,49606.00,
500179,HCL INFOSYS ,B ,Q,9.59,9.88,9.37,9.88,9.88,9.41,1237,614347,5933458.00,
500180,HDFC BANK   ,A ,Q,1582.00,1595.70,1565.45,1586.45,1586.45,1566.40,5658,156682,247855234.00,
500182,HEROMOTOCO  ,A ,Q,3503.00,3514.20,3395.00,3424.50,3424.50,3474.80,3512,34798,119052769.00,
500183,HFCL        ,A ,Q,29.30,30.50,28.90,29.95,29.95,28.85,3962,1959604,58173077.00,
500184,HSCL        ,A ,Q,48.35,49.00,47.40,47.85,47.85,47.80,3871,1205083,58303939.00,
500185,HIND.CONSTN.,A ,Q,8.85,9.04,8.75,9.04,9.04,8.61,2813,3296424,29537214.00,
500186,HIND.OIL EXP,A ,Q,100.00,101.70,97.50,97.70,97.50,99.20,579,34133,3384747.00,
500187,HSIL        ,B ,Q,174.00,187.35,174.00,180.05,180.05,172.60,528,28842,5205049.00,
500188,HINDUS.ZI   ,A ,Q,317.40,325.75,313.95,318.70,318.70,315.25,3471,123250,39651530.00,
500189,NXTDIGITAL  ,B ,Q,499.95,538.55,499.95,520.25,520.25,493.55,280,1959,1015706.00,
500191,HMT LTD.    ,Z ,Q,27.10,27.70,25.50,27.50,27.70,26.40,120,16961,463872.00,
500192,PRAG BOSIMI ,XT,Q,1.76,1.84,1.71,1.74,1.76,1.76,15,8989,15888.00,
500193,HLVLTD      ,B ,Q,6.05,6.06,5.84,6.05,6.05,5.91,205,196994,1188220.00,
500199,I.G.PETRO   ,B ,Q,475.00,492.50,463.50,483.00,482.50,472.90,1031,14208,6842959.00,
500201,IND.GLYCOLS ,A ,Q,510.00,539.00,510.00,531.10,528.10,517.50,1003,32028,16926247.00,
500202,IND.LEAS.DEV,X ,Q,10.52,10.55,10.52,10.55,10.55,11.07,7,420,4430.00,
500206,MARGO FIN   ,X ,Q,9.50,9.50,9.33,9.33,9.33,9.82,7,1201,11223.00,
500207,INDO RAMA   ,B ,Q,36.90,39.50,36.40,38.40,38.40,36.25,79,10327,388555.00,
500209,INFOSYS LTD ,A ,Q,1316.15,1347.00,1308.45,1343.60,1343.60,1304.05,10706,284390,377865685.00,
500210,INGERSOLL   ,A ,Q,744.65,764.00,737.00,739.95,740.00,743.15,420,3679,2728194.00,
500211,INSILCO LTD.,X ,Q,8.38,8.38,8.10,8.37,8.37,8.15,74,42468,351456.00,
500212,INTEG.FIN.SE,XT,Q,30.85,30.85,30.50,30.50,30.50,29.40,3,171,5240.00,
500213,INTER.TRAVEL,X ,Q,53.00,56.95,53.00,53.80,53.80,53.50,88,4599,247488.00,
500214,ION EXCHANGE,A ,Q,1375.00,1425.00,1347.00,1399.20,1399.20,1403.20,4276,175273,244548497.00,
500215,AGRO TECH FO,A ,Q,834.00,835.00,814.45,817.35,817.95,819.95,327,1143,940986.00,
500219,JAIN IRRIG  ,A ,Q,21.10,22.10,20.60,22.10,22.10,20.10,1424,959311,20905563.00,
500220,JASCH INDUST,X ,Q,55.00,55.95,53.50,53.80,53.50,55.00,48,5557,303699.00,
500223,JCT LTD     ,X ,Q,0.96,0.98,0.92,0.92,0.93,0.96,754,5331510,4948500.00,
500227,JINDAL POLYF,A ,Q,545.80,615.00,545.80,600.35,610.00,540.20,2570,77949,45243329.00,
500228,JSWSL       ,A ,Q,415.00,435.00,414.95,427.95,427.95,413.55,9112,562003,241561888.00,
500231,UMANG DAIR  ,B ,Q,66.70,67.35,64.50,64.75,64.50,64.55,237,11379,745626.00,
500233,KAJARIA CER.,A ,Q,983.95,994.00,958.00,971.55,971.20,962.95,1330,18690,18198660.00,
500234,KAKATIYA CEM,B ,Q,186.00,189.35,184.50,187.70,187.20,184.00,182,6757,1260825.00,
500235,KALYANI STEL,A ,Q,322.85,331.00,318.50,319.25,318.50,318.70,619,20370,6583311.00,
500236,KANELIND    ,XT,Q,1.22,1.22,1.22,1.22,1.22,1.20,2,850,1037.00,
500238,WHIRLPOOL   ,A ,Q,2450.90,2460.00,2413.00,2439.30,2439.30,2428.20,1030,6919,16926980.00,
500239,KG DENIM    ,X ,Q,33.00,34.50,32.00,33.05,32.00,32.30,208,48587,1618700.00,
500240,KINETIC ENG.,XT,Q,45.85,45.85,44.00,45.00,45.00,44.30,109,21516,967495.00,
500241,KIRL.BROS.  ,B ,Q,167.50,198.45,167.10,198.45,198.45,165.40,4444,283297,55419793.00,
500243,KIRL INDUS  ,B ,Q,1250.00,1345.35,1250.00,1345.35,1345.35,1223.05,407,983,1302782.00,
500245,KIRL.FERROUS,B ,Q,172.80,174.60,165.50,167.45,167.45,170.50,885,36837,6282297.00,
500246,ENVAIN ELECT,XT,Q,34.00,34.00,34.00,34.00,34.00,33.25,1,41,1394.00,
500247,KOTAK MAH.BK,A ,Q,1854.00,1908.95,1854.00,1898.70,1898.70,1844.00,5903,73654,138673220.00,
500248,KRIFILIND   ,XT,Q,3.60,3.60,3.60,3.60,3.60,3.64,1,1000,3600.00,
500249,KSB         ,A ,Q,770.00,772.00,747.75,752.55,748.00,764.95,543,4016,3048163.00,
500250,L.G.BALKRISH,A ,Q,320.60,325.00,312.40,317.35,317.90,316.95,366,9790,3118630.00,
500251,TRENT LTD.  ,A ,Q,921.50,921.50,891.75,911.20,910.00,905.85,2683,60796,55321148.00,
500252,LAXMIMACH   ,A ,Q,6486.80,6536.00,6427.30,6490.35,6496.00,6454.65,167,345,2234389.00,
500253,LIC HOUS.FIN,A ,Q,445.00,466.50,445.00,464.35,464.35,441.70,9496,537494,245346977.00,
500257,LUPIN LTD.  ,A ,Q,1060.35,1064.60,1046.00,1060.85,1060.85,1054.60,4086,116553,123065471.00,
500259,LYKA LABS   ,T ,Q,29.60,30.95,29.50,30.50,30.50,30.35,44,7753,231483.00,
500260,RAMCOCEM    ,A ,Q,1001.00,1021.00,1001.00,1016.65,1011.55,993.75,1346,33693,34145281.00,
500264,MAFATLAL IND,X ,Q,93.05,97.35,93.05,94.35,94.30,93.70,79,3490,330855.00,
500265,MAH.SEAMLESS,A ,Q,283.50,294.50,283.50,288.35,288.35,283.85,466,12337,3574422.00,
500266,MAH.SCOOTER ,A ,Q,3720.75,3720.85,3696.00,3706.40,3699.25,3684.30,53,135,500604.00,
500267,MAJESTIC AUT,X ,Q,121.95,125.00,116.15,117.55,116.15,116.10,162,10636,1259523.00,
500268,MANALI PETRO,B ,Q,66.40,66.45,63.60,64.00,64.00,64.65,878,120689,7818500.00,
500271,MFSL        ,A ,Q,908.50,939.55,900.90,924.20,924.20,895.85,2808,84227,77271235.00,
500277,MID INDIA IN,XT,Q,2.32,2.32,2.32,2.32,2.32,2.21,1,100,232.00,
500279,MIRC ELECT  ,T ,Q,14.80,15.50,14.40,15.39,15.39,14.77,590,362735,5543575.00,
500280,CENTURY ENKA,B ,Q,262.00,267.80,261.10,262.90,263.00,261.10,528,16513,4357032.00,
500284,LORDS CHLORO,X ,Q,32.25,32.30,29.80,32.30,32.30,30.80,15,1018,32014.00,
500285,SPICEJET LTD,A ,Q,85.65,89.85,83.55,88.90,88.90,83.80,7096,1344266,117437534.00,
500288,MOREPEN LAB.,A ,Q,29.60,29.65,29.05,29.20,29.15,29.00,522,246023,7201755.00,
500290,MRF LTD.    ,A ,Q,89300.00,89852.00,88579.95,89077.45,89077.45,89729.50,1087,1333,118848282.00,
500292,HEIDEL CEM  ,A ,Q,230.45,231.00,228.90,229.15,228.90,229.10,166,5613,1289170.00,
500294,NCC         ,A ,Q,94.25,95.40,91.85,92.50,92.50,93.80,1654,204436,19082760.00,
500295,VEDL        ,A ,Q,215.60,221.60,215.60,219.15,219.15,214.70,3687,548020,120237797.00,
500296,NAHAR SPG.  ,B ,Q,98.00,99.00,91.00,91.40,91.40,94.90,588,20233,1925013.00,
500298,NAT.PEROXIDE,A ,Q,1930.00,1973.95,1911.15,1943.25,1943.25,1934.85,869,10554,20604627.00,
500300,GRASIM IND. ,A ,Q,1295.50,1342.85,1294.00,1318.45,1318.10,1295.40,3270,91532,120869891.00,
500302,PEL         ,A ,Q,1939.00,2008.20,1931.60,1992.70,1986.85,1918.00,5481,108630,214420129.00,
500304,NIIT LTD.   ,A ,Q,196.70,196.70,194.85,195.35,195.50,196.05,185,7686,1503628.00,
500306,JAYKAY      ,XT,Q,26.85,26.85,26.85,26.85,26.85,26.35,39,40887,1097815.00,
500307,NIRLON      ,A ,Q,275.25,286.85,275.25,281.50,283.00,275.45,118,4617,1307875.00,
500312,ONGC CORPN  ,A ,Q,114.45,115.90,113.20,113.95,113.95,113.45,7346,1107675,126398993.00,
500313,OIL COUNTRY ,T ,Q,4.55,4.55,4.20,4.20,4.20,4.42,14,3452,15442.00,
500314,ORIENT HOTEL,B ,Q,23.50,27.90,23.50,25.30,25.30,23.25,1222,134208,3582617.00,
500317,OSWAL AGRO. ,B ,Q,11.17,11.36,10.94,11.06,11.06,11.04,75,25830,289622.00,
500319,INDIAN SUCRO,X ,Q,23.05,24.35,22.85,24.30,24.35,23.85,96,89194,2076288.00,
500325,RELIANCE    ,A ,Q,2121.70,2220.00,2107.20,2201.35,2201.35,2106.20,56971,1101111,2383933726.00,
500327,PILITA      ,B ,Q,15.50,16.86,15.30,15.95,15.97,15.28,1916,161835,2586960.00,
500330,RAYMOND     ,A ,Q,382.00,401.65,379.20,388.20,388.20,378.65,5083,207185,81414484.00,
500331,PIDILITE    ,A ,Q,1740.00,1770.60,1732.00,1765.40,1765.40,1726.85,1261,17391,30387026.00,
500333,PIX TRANS   ,X ,Q,356.00,363.00,345.60,347.90,347.90,357.30,150,7246,2549478.00,
500335,BIRLA CORPN.,A ,Q,858.00,873.50,851.00,856.30,855.45,863.05,539,11938,10244170.00,
500336,SURYA ROSHNI,A ,Q,353.65,372.00,353.65,368.25,366.80,353.00,1863,50822,18630520.00,
500337,PRIME SECUR.,B ,Q,40.40,46.50,40.05,45.35,45.35,40.50,180,15091,679150.00,
500338,PRSMJOHNSN  ,A ,Q,106.10,111.20,106.10,108.20,108.10,106.05,572,53170,5757974.00,
500339,RAIN        ,A ,Q,162.00,167.70,162.00,164.65,164.65,161.45,3970,483777,79823465.00,
500343,AMJLAND     ,B ,Q,26.00,27.00,25.75,26.35,26.50,27.05,125,3905,103553.00,
500346,PUN.COMMUNI.,B ,Q,24.40,24.75,21.40,23.10,23.10,22.50,29,3163,74937.00,
500350,RSWM  LTD   ,B ,Q,164.10,169.00,161.00,164.00,163.00,162.65,194,7193,1190171.00,
500354,RAJSH.SUGAR ,B ,Q,17.50,20.30,17.30,20.20,20.20,16.95,433,80724,1559492.00,
500355,RALLIS INDIA,A ,Q,258.80,281.65,258.80,279.55,279.55,258.15,8717,365133,100254794.00,
500356,RAMANEWS    ,B ,Q,15.45,18.10,15.45,16.51,16.35,15.40,710,132823,2270353.00,
500357,RAMA PAPER  ,XT,Q,14.85,14.87,14.78,14.86,14.87,14.58,14,2650,39280.00,
500358,RAMA PETRO  ,XT,Q,4.05,4.05,3.92,3.92,3.92,4.00,6,2910,11732.00,
500360,RAPICUT CARB,X ,Q,25.45,26.40,24.70,24.95,25.20,25.80,36,4054,101340.00,
500365,WELSPLSOL   ,X ,Q,9.25,9.80,9.11,9.72,9.70,9.52,70,26378,253508.00,
500366,ROLTA (I)   ,B ,Q,4.15,4.18,4.05,4.08,4.08,4.17,7977,189773,781522.00,
500367,RUBFILA INT.,X ,Q,64.45,68.75,63.25,66.50,66.50,63.70,1186,230981,15433716.00,
500368,RUCHI SOYA  ,B ,Q,724.80,761.00,724.00,745.20,746.85,724.80,2101,20122,15056956.00,
500370,SALORA INT. ,XT,Q,30.85,32.20,29.50,31.90,31.90,30.85,35,4028,124221.00,
500378,JINDAL SAW  ,A ,Q,81.50,82.90,79.45,80.05,80.05,79.95,1720,272881,22167178.00,
500380,JK LAKSHMI  ,A ,Q,438.00,440.00,415.50,420.95,420.95,432.45,1882,49052,20922514.00,
500387,SHREE CEMENT,A ,Q,27601.00,28150.00,27562.00,27686.00,27584.50,27661.90,728,1864,51974641.00,
500390,REL INFRA   ,A ,Q,32.65,33.10,31.65,31.75,31.75,32.45,1436,372045,12022250.00,
500400,TATA POWER  ,A ,Q,104.75,105.50,102.50,105.25,105.25,100.40,33606,6809879,708831777.00,
500402,SPMLINFRA   ,B ,Q,12.95,13.29,12.95,13.10,13.10,12.90,14,1631,21422.00,
500403,SUNDARAM FAS,A ,Q,713.90,736.35,700.00,715.25,712.35,711.80,1062,17240,12476523.00,
500404,SUNFLAG IRON,A ,Q,70.00,71.45,67.65,68.25,68.25,69.10,723,87601,6104418.00,
500405,SUPREME PET ,A ,Q,425.00,435.00,422.70,428.25,425.60,419.95,404,8161,3502625.00,
500407,SWARAJ ENGIN,A ,Q,1370.05,1410.15,1370.05,1396.25,1395.00,1394.80,325,1393,1949495.00,
500408,TATA ELXSI  ,A ,Q,2596.60,2618.10,2545.05,2564.00,2563.20,2585.95,2724,30048,77193181.00,
500410,ACC LTD     ,A ,Q,1790.80,1817.50,1774.60,1796.35,1796.35,1771.75,1302,21925,39306086.00,
500411,THERMAX     ,A ,Q,1400.00,1421.55,1351.00,1374.25,1372.00,1411.55,481,2428,3366477.00,
500412,THIRUMALAI  ,A ,Q,100.90,102.80,100.05,101.25,101.05,99.50,1350,122130,12406200.00,
500413,THOMAS COOK ,A ,Q,47.95,52.10,46.85,51.90,51.90,47.40,3025,597873,30224026.00,
500414,TIMEX GROUP ,X ,Q,31.30,31.95,31.05,31.65,31.65,31.30,187,67588,2141743.00,
500418,TOKYO PLAST ,B ,Q,71.00,74.00,69.50,71.00,71.00,70.50,136,8459,604215.00,
500420,TORRENT PHAR,A ,Q,2456.00,2503.10,2455.00,2497.45,2497.90,2468.95,724,5577,13810573.00,
500422,TRANSCHEM   ,X ,Q,19.70,19.70,17.30,18.05,18.10,18.15,25,3324,61034.00,
500425,AMBUJA CEME ,A ,Q,280.00,285.70,279.45,282.05,282.05,278.90,3703,306289,86470187.00,
500426,UTLINDS     ,XT,Q,11.10,11.10,10.55,10.56,10.56,11.10,31,7193,76067.00,
500429,UNIPHOS ENT.,B ,Q,84.90,89.00,82.60,85.40,82.60,83.25,504,40903,3490274.00,
500439,VARD HOLDNG ,B ,Q,2125.00,2146.70,1924.15,1977.95,1954.60,1951.55,493,1591,3269037.00,
500440,HINDALCO    ,A ,Q,348.00,361.20,348.00,359.35,359.35,345.25,8728,872901,311584003.00,
500444,WEST COAS PA,A ,Q,258.40,277.00,250.60,258.50,258.50,251.60,3375,126131,33155882.00,
500449,HIND.ORG.CHM,T ,Q,32.65,32.65,32.65,32.65,32.65,31.10,188,89270,2914665.00,
500450,MPIL CORP L ,X ,Q,251.00,251.00,251.00,251.00,251.00,261.45,2,3,753.00,
500456,PAS.ACRYLON ,X ,Q,14.41,15.10,14.41,14.94,14.84,14.34,229,93520,1389076.00,
500458,KORE        ,XT,Q,2.05,2.11,2.05,2.11,2.11,2.01,9,8177,16766.00,
500459,PROCTER &GAM,A ,Q,13109.50,13109.50,12955.05,12975.50,12955.05,13064.65,220,420,5468317.00,
500460,MUKAND LTD. ,B ,Q,65.70,65.70,59.50,61.30,61.60,62.10,265,38390,2360119.00,
500463,AGCNET      ,B ,Q,1003.95,1004.95,995.20,1004.70,1003.95,1002.95,31,371,370972.00,
500464,UCAL FUEL   ,B ,Q,150.10,173.05,150.10,166.65,166.65,155.80,1971,49577,8108171.00,
500467,HARR.MALAYAL,B ,Q,147.80,147.80,140.00,140.25,140.35,144.05,343,13368,1892230.00,
500469,FEDERAL BANK,A ,Q,83.40,88.45,83.40,88.05,88.05,83.25,4215,2204539,189438306.00,
500470,TATA STEEL  ,A ,Q,739.10,782.00,739.10,776.70,776.70,735.20,23513,1462024,1129485636.00,
500472,SKF INDIA   ,A ,Q,2258.65,2340.80,2243.20,2302.70,2270.10,2245.80,378,1845,4204368.00,
500477,ASHOK LEYL. ,A ,Q,132.80,134.00,127.75,131.10,131.10,132.60,13069,2463707,326180935.00,
500480,CUMMINS (I) ,A ,Q,814.00,882.55,814.00,864.35,864.35,818.55,6161,199986,172370195.00,
500483,TATA COMM   ,A ,Q,1256.05,1340.25,1211.40,1227.80,1227.80,1204.40,7714,76616,96992799.00,
500488,ABBOTT (I)  ,A ,Q,14559.40,14864.10,14534.20,14609.05,14657.75,14522.20,285,1092,16022123.00,
500490,BAJ HOLD INV,A ,Q,3707.35,3710.00,3643.65,3662.55,3662.00,3682.60,329,1289,4730576.00,
500493,BHARAT FORGE,A ,Q,646.15,649.00,628.60,630.80,632.40,636.85,2859,94803,60365141.00,
500495,ESCORTS LTD.,A ,Q,1315.10,1363.15,1315.10,1341.45,1341.45,1311.05,3172,74438,99861302.00,
500500,HIND.MOTORS ,T ,Q,7.50,7.77,7.20,7.36,7.40,7.49,153,41877,310084.00,
500510,LARSEN & TOU,A ,Q,1490.00,1509.80,1481.80,1496.70,1496.70,1485.60,4000,107851,161035052.00,
500520,MAH & MAH   ,A ,Q,865.15,868.50,847.45,852.20,852.20,859.90,3591,153728,131507269.00,
500530,BOSCH LTD   ,A ,Q,15565.85,15565.85,15199.50,15238.45,15297.40,15443.10,518,1686,25804050.00,
500540,PREMIER LTD ,T ,Q,3.50,3.50,3.28,3.50,3.50,3.40,13,9017,31249.00,
500547,BHARAT PET. ,A ,Q,478.00,478.80,462.50,466.40,466.40,469.00,10112,554278,259365191.00,
500550,SIEMENS LTD.,A ,Q,1945.00,1958.70,1911.00,1914.45,1914.45,1940.20,1729,15276,29445315.00,
500570,TATA MOTORS ,A ,Q,348.70,357.00,346.60,348.50,348.50,345.70,39709,4442426,1562533839.00,
500575,VOLTAS LTD  ,A ,Q,1077.10,1081.00,1064.35,1072.60,1072.60,1067.70,3081,107917,115721991.00,
500620,GREAT EASTE ,A ,Q,334.55,339.75,325.05,326.75,326.75,334.55,2168,70185,23319138.00,
500645,DEEPAK FERT.,A ,Q,205.90,210.55,202.25,205.65,205.65,205.00,2156,118909,24481285.00,
500650,EXCEL INDUST,A ,Q,862.00,895.70,857.65,879.05,890.90,861.45,355,3969,3481144.00,
500655,GARWARE POLY,X ,Q,680.00,724.95,680.00,697.45,699.00,669.05,736,35799,25039140.00,
500660,GLAXOSMITH  ,A ,Q,1488.80,1526.00,1468.75,1524.50,1526.00,1467.10,726,4470,6750532.00,
500670,GUJ.NARMADA ,A ,Q,325.00,333.80,314.05,321.25,321.25,325.10,5090,200030,64833048.00,
500672,NOVARTIS    ,A ,Q,616.55,621.55,606.00,613.25,613.25,614.45,663,5215,3190868.00,
500674,SANOFI      ,A ,Q,8316.20,8384.00,8282.10,8293.80,8293.80,8326.55,411,1044,8695955.00,
500680,PFIZER LTD. ,A ,Q,4548.80,4681.00,4548.80,4647.25,4642.65,4655.90,961,3473,16085250.00,
500690,GUJ.ST.FERT ,A ,Q,98.60,101.50,96.20,99.10,99.10,98.55,1526,242661,24064246.00,
500696,HIND UNI LT ,A ,Q,2200.00,2200.00,2173.20,2194.10,2194.10,2178.00,7754,104362,228290676.00,
500710,AKZOINDIA   ,A ,Q,2216.00,2273.25,2208.00,2236.30,2232.45,2205.70,434,2552,5717707.00,
500730,NOCIL LTD   ,A ,Q,182.40,193.50,180.90,191.30,191.30,180.50,4407,333095,63021879.00,
500770,TATA CHEM.  ,A ,Q,736.00,782.25,736.00,776.20,776.20,733.25,11814,685371,525499585.00,
500777,T.P.L.      ,B ,Q,55.50,56.20,54.25,54.80,54.80,54.40,1477,168780,9319204.00,
500780,ZUARIGLOB   ,T ,Q,90.45,91.00,88.00,88.90,88.90,89.55,127,6388,570922.00,
500790,NESTLE (I)  ,A ,Q,16780.00,16780.00,16553.30,16694.85,16699.00,16571.95,731,2047,34050743.00,
500800,TATACONSUM  ,A ,Q,635.60,647.80,633.00,636.85,636.85,631.40,3129,128594,82254473.00,
500820,ASIAN PAINTS,A ,Q,2408.00,2417.40,2374.55,2402.25,2402.25,2390.85,7675,84094,201233863.00,
500825,BRITANIA IND,A ,Q,3455.20,3485.00,3436.00,3480.55,3480.55,3447.10,1802,15528,53824436.00,
500830,COLGATE PALM,A ,Q,1610.00,1621.05,1606.30,1616.90,1614.15,1600.50,1125,13919,22472257.00,
500840,EIH LTD.    ,A ,Q,97.65,104.70,96.30,103.60,103.60,97.00,1289,127940,12951981.00,
500850,INDIAN HOTEL,A ,Q,121.75,125.60,121.40,125.10,125.10,120.65,1020,138633,17161576.00,
500870,CASTROL     ,A ,Q,139.75,140.35,134.65,135.05,135.05,137.95,3085,186052,25341070.00,
500875,ITC LTD.    ,A ,Q,211.95,211.95,208.80,209.90,209.90,209.80,6504,822713,172947791.00,
500877,APOLLO TYRES,A ,Q,246.00,252.15,243.60,250.05,250.05,246.30,4773,582534,144660973.00,
500878,CEAT LIMITED,A ,Q,1630.00,1683.25,1628.90,1651.15,1642.00,1643.60,846,12296,20460383.00,
500890,MODI RUBBER ,T ,Q,173.60,173.60,173.60,173.60,173.60,165.35,6,64,11110.00,
500940,FINOLEX IND.,A ,Q,644.00,659.40,638.40,648.25,648.25,634.95,1503,18714,12159231.00,
501148,DALAL ST INV,XT,Q,257.45,257.45,247.45,249.45,249.00,252.45,15,46,11600.00,
501150,CENTRUM CAP ,B ,Q,24.80,25.20,24.25,24.55,24.55,24.75,1216,2161163,53181526.00,
501242,TCI FINANCE ,B ,Q,6.06,6.16,5.89,6.11,6.11,5.90,76,5071,30591.00,
501295,INDUS.INV.TR,B ,Q,58.45,63.00,58.00,60.45,59.65,60.50,38,772,46544.00,
501298,INDUS.&PRUD.,X ,Q,1152.00,1197.30,1152.00,1171.00,1171.00,1161.00,25,211,247058.00,
501301,TATA INVEST.,A ,Q,1158.95,1160.00,1132.85,1142.70,1150.00,1150.20,1149,12219,14006636.00,
501314,PRISMX      ,X ,Q,47.10,47.10,46.20,47.00,47.00,46.20,57,53463,2517256.00,
501343,MOTOR&GEN.FI,B ,Q,19.70,19.70,18.25,19.05,19.05,19.35,27,868,16510.00,
501370,WALCHAND PF ,X ,Q,66.45,66.50,63.70,63.90,63.90,66.40,17,1839,119284.00,
501391,W.H.BRADY   ,X ,Q,124.60,130.00,122.00,128.00,128.00,124.60,23,1172,147196.00,
501421,TECHNVISN   ,XT,Q,189.00,198.00,189.00,195.00,195.00,189.00,29,1086,209324.00,
501423,SHA ENG PLA ,X ,Q,932.00,999.00,925.00,974.05,974.50,938.15,124,1755,1699616.00,
501425,BOM.BURMAH  ,A ,Q,1214.10,1244.90,1201.85,1214.80,1215.00,1197.95,1456,375080,445503521.00,
501430,BOM.CYCLE   ,X ,Q,460.00,460.00,441.00,450.45,451.00,435.80,72,1150,514118.00,
501455,GREAVES COTT,A ,Q,136.30,141.65,133.20,136.95,136.95,136.30,3584,115153,15768026.00,
501477,MULLER & PHI,XT,Q,34.75,34.75,34.75,34.75,34.75,34.70,1,5,173.00,
501700,INDIA NIVEH ,X ,Q,20.15,20.15,18.65,19.95,20.00,20.00,42,2789,54918.00,
501831,COAST CORP  ,X ,Q,177.00,179.00,173.60,175.60,175.60,176.45,358,14455,2534705.00,
501848,GLOBAL OFFS ,B ,Q,8.80,8.80,8.80,8.80,8.80,9.26,16,3482,30641.00,
501945,DHENUBUILD  ,X ,Q,1.95,1.95,1.95,1.95,1.95,1.92,2,500,975.00,
502015,ASIIL       ,X ,Q,18.60,18.60,17.15,17.90,18.15,17.70,128,34216,611225.00,
502090,SAGAR CEM.  ,A ,Q,700.00,702.10,690.00,692.60,692.70,694.55,158,4360,3029766.00,
502137,DECAN CEMENT,B ,Q,430.80,431.50,418.30,420.25,420.25,423.10,881,16786,7139008.00,
502157,MANGALAM CEM,A ,Q,283.20,283.20,279.75,280.10,280.80,282.25,134,3821,1073428.00,
502168,N C L IND.  ,A ,Q,182.70,183.15,176.25,176.70,176.35,178.45,1030,40872,7341698.00,
502175,SAURAS.CEM. ,X ,Q,61.90,62.00,59.80,60.70,60.75,61.80,395,86891,5280507.00,
502180,SRI DIGV CEM,B ,Q,62.30,65.35,62.30,63.60,63.60,61.90,1090,204881,13147650.00,
502219,BORORENEW   ,A ,Q,285.95,286.50,281.60,284.55,284.55,281.50,2413,64473,18306328.00,
502271,RAASI REFRAC,X ,Q,7.14,7.14,7.14,7.14,7.14,7.00,5,1428,10195.00,
502281,TRIVENI GLAS,X ,Q,5.95,6.25,5.85,6.01,6.01,6.15,81,44865,265627.00,
502294,NILACHAL REF,X ,Q,22.00,22.10,22.00,22.00,22.00,23.15,10,1061,23373.00,
502330,ANDPAPER    ,B ,Q,275.00,275.00,259.30,261.10,261.10,268.20,569,10151,2691737.00,
502355,BALKRISH IND,A ,Q,1633.00,1647.05,1625.35,1633.70,1633.70,1627.45,2028,30878,50575097.00,
502420,ORIENT PAPER,B ,Q,29.90,30.70,27.75,28.30,28.25,29.05,1531,418843,12295349.00,
502445,CITADEL     ,X ,Q,11.40,11.52,10.98,11.00,11.00,10.98,15,2417,27565.00,
502448,ROLLATAINER ,T ,Q,3.70,3.70,3.45,3.49,3.59,3.55,26,14886,51776.00,
502450,SESHA.PAPER ,A ,Q,172.60,172.60,166.00,167.45,167.90,167.80,264,6431,1081309.00,
502587,NATHIND     ,X ,Q,98.00,98.00,93.70,94.20,95.00,94.00,78,6480,612661.00,
502589,VAPI PAPER  ,XT,Q,29.00,29.00,29.00,29.00,29.00,29.00,3,103,2987.00,
502742,SINTEX IND. ,T ,Q,3.68,3.80,3.65,3.69,3.69,3.75,926,844617,3148438.00,
502820,DCM LTD.    ,B ,Q,28.45,28.45,26.30,27.30,27.30,27.40,182,8854,238282.00,
502865,FORBES & CO ,B ,Q,1369.00,1369.00,1330.00,1365.70,1358.00,1347.90,82,4132,5563514.00,
502873,H.P.COTTON  ,X ,Q,39.40,40.50,38.30,40.40,40.30,38.60,60,12531,501237.00,
502893,UNITEDINT   ,X ,Q,10.44,10.44,10.44,10.44,10.44,10.98,1,1,10.00,
502901,JAMSHRI     ,X ,Q,2990.00,2990.00,2990.00,2990.00,2990.00,2871.50,1,1,2990.00,
502937,KESORAM IND ,B ,Q,79.45,81.35,77.55,78.90,78.90,78.25,1066,127755,10142873.00,
502958,LAKSHMI MILL,X ,Q,2090.00,2094.95,1880.00,1921.00,1921.00,1939.65,21,67,130379.00,
502986,VARDH TEXT  ,A ,Q,1171.50,1207.75,1136.00,1147.40,1149.70,1169.70,426,2070,2413843.00,
503015,MODERN INDIA,XT,Q,47.60,50.00,47.60,49.00,49.00,50.10,13,737,36284.00,
503031,PENLAND LTD ,B ,Q,6.33,6.33,6.19,6.30,6.33,6.03,202,233387,1469935.00,
503092,PASUPATI SPG,Z ,Q,5.32,5.88,5.32,5.88,5.88,5.60,3,23,124.00,
503100,PHOENIX MILL,A ,Q,816.60,835.40,816.60,828.30,824.50,826.25,301,4221,3508814.00,
503101,MARATHON NEX,B ,Q,85.15,85.40,79.80,79.90,79.90,84.00,566,25058,2026540.00,
503127,RAJA BAHADUR,XT,Q,2747.20,2747.20,2692.30,2692.40,2692.40,2747.20,10,20,53994.00,
503162,REL.CHEMOTX ,X ,Q,78.75,89.95,76.65,87.85,87.85,77.20,472,60672,5197762.00,
503169,RUBY MILLS  ,B ,Q,178.75,194.25,178.75,191.85,191.85,180.65,233,2928,555982.00,
503229,SIMPLEX REAL,X ,Q,47.10,55.80,47.10,53.40,50.20,52.00,9,252,12972.00,
503310,SWAN ENG    ,A ,Q,147.75,148.05,143.60,145.65,144.55,146.20,3011,93551,13722023.00,
503349,VICTORIA MIL,X ,Q,1818.00,1818.00,1800.00,1818.00,1818.00,1818.00,12,48,86904.00,
503624,SVARAJ TRAD ,XT,Q,6.20,6.20,6.18,6.18,6.18,6.50,18,6381,39561.00,
503641,ZODIAC VEN  ,XT,Q,4.98,5.00,4.68,4.94,4.94,4.89,25,5234,25208.00,
503657,VEER ENERGY ,X ,Q,9.00,9.45,8.75,9.05,9.29,9.30,104,19583,178315.00,
503663,TILAK       ,X ,Q,2.86,2.86,2.86,2.86,2.86,2.73,34,15451,44189.00,
503722,BANSW.SYNTEX,B ,Q,119.00,120.00,118.30,118.60,118.30,121.80,65,1709,203440.00,
503776,MODIPON     ,X ,Q,21.40,22.50,21.40,22.00,22.00,22.50,10,831,18116.00,
503804,SHRI DINESH ,X ,Q,321.00,339.95,312.10,330.60,335.00,327.05,48,3378,1108111.00,
503806,SRF LIMITED ,A ,Q,5543.95,5730.00,5541.25,5688.40,5694.40,5503.80,2031,10338,58243440.00,
503811,SIYARAM SILK,B ,Q,221.00,223.50,214.45,217.85,216.40,220.65,236,4864,1070300.00,
503816,SWAD.POLYTEX,XT,Q,6.00,6.00,6.00,6.00,6.00,6.10,1,10,60.00,
503960,BHARAT BIJLE,A ,Q,1133.90,1160.05,1133.05,1145.50,1133.05,1134.20,303,1747,2009457.00,
504000,ELPRO INTER ,X ,Q,40.95,42.00,40.95,41.35,41.35,40.75,31,5653,234801.00,
504008,EMCO LTD.   ,Z ,Q,1.83,1.83,1.72,1.73,1.73,1.75,17,14876,26862.00,
504028,GEE LTD     ,X ,Q,38.00,39.90,38.00,38.20,38.20,38.75,71,26207,1010161.00,
504036,HIND.RECT   ,B ,Q,138.10,140.90,138.10,140.90,140.90,137.80,39,532,74355.00,
504058,NIPPOBATRY  ,B ,Q,745.00,763.00,725.00,747.65,750.40,742.40,271,1539,1159619.00,
504067,ZENSAR TECH.,A ,Q,297.25,308.00,297.25,301.40,301.40,297.20,433,12178,3690040.00,
504076,JYOTI LTD.  ,X ,Q,10.50,10.99,10.47,10.99,10.99,11.02,15,484,5102.00,
504080,JSL LTD.    ,XT,Q,120.70,120.75,109.25,109.25,109.25,115.00,27,897,103167.00,
504092,INDOKEM LTD.,X ,Q,22.60,24.25,22.60,23.20,23.20,23.45,30,5390,125837.00,
504093,PANA ENERG  ,X ,Q,222.50,236.35,220.00,234.40,234.40,218.30,471,29048,6732510.00,
504112,NELCO LTD.  ,A ,Q,221.00,226.80,217.10,218.65,218.65,222.10,336,12778,2841936.00,
504132,PERM MAGNETS,X ,Q,157.00,167.60,154.00,164.25,164.25,155.40,216,32661,5294186.00,
504176,HIGH ENERGY ,X ,Q,950.05,950.05,870.00,892.15,915.55,949.90,480,7643,7007799.00,
504180,STD.BATTERY ,XT,Q,33.40,33.40,33.40,33.40,33.40,32.75,6,234,7815.00,
504212,UNIV.CABLE  ,B ,Q,139.70,141.35,134.00,140.95,139.90,137.35,180,16575,2328101.00,
504220,W.S.INDUSTR.,B ,Q,4.18,4.61,4.18,4.48,4.61,4.26,59,6170,27191.00,
504240,DELTON CABLE,X ,Q,36.35,38.00,36.00,36.50,36.50,36.35,32,1518,55842.00,
504258,LAKSHMI ELEC,X ,Q,305.00,310.00,305.00,309.50,309.50,304.80,41,2134,659230.00,
504273,MODULEX     ,X ,Q,6.30,6.30,5.80,6.18,6.18,6.16,41,18087,108743.00,
504286,DELTAMAGNT  ,B ,Q,32.40,34.00,31.60,33.85,34.00,32.40,101,5695,188536.00,
504335,PAZEL       ,XT,Q,0.23,0.23,0.23,0.23,0.23,0.24,237,1032136,237391.00,
504340,CONFINT     ,XT,Q,5.45,5.45,5.45,5.45,5.45,5.56,1,25,136.00,
504341,RELTD       ,X ,Q,36.00,37.95,33.35,36.55,36.65,36.60,59,7926,278899.00,
504378,NYSSACORP   ,XT,Q,2.85,2.85,2.85,2.85,2.85,2.80,6,514,1464.00,
504380,FLOMIC      ,XT,Q,3.65,3.65,3.65,3.65,3.65,3.58,2,5,18.00,
504392,KRISHNA VEN ,XT,Q,10.72,10.72,9.70,10.50,10.50,10.21,10,2477,24236.00,
504605,UNI ABEX    ,X ,Q,410.00,425.00,410.00,410.35,410.30,411.00,24,449,186974.00,
504614,SARDA ENMIN ,B ,Q,380.30,393.65,379.50,384.75,384.75,377.75,541,14111,5472008.00,
504646,BHAGWATI AUT,X ,Q,123.00,123.35,120.00,123.35,123.35,117.50,16,1640,198551.00,
504673,UNIV.PRIME  ,XT,Q,3.23,3.23,3.23,3.23,3.23,3.17,5,4341,14021.00,
504697,GALADA TELE.,Z ,Q,1.56,1.56,1.42,1.55,1.55,1.49,8,2664,3920.00,
504741,IND.HUME PIP,A ,Q,189.85,191.00,188.00,188.30,188.05,188.30,2928,64606,12273784.00,
504786,INVEST &PREC,X ,Q,200.70,204.25,199.20,199.85,199.20,204.70,29,5180,1036485.00,
504810,INFORMEDTEC ,X ,Q,25.70,25.70,25.70,25.70,25.70,27.05,1,10,257.00,
504840,KAIRA CAN CO,X ,Q,1089.00,1229.90,1060.00,1206.05,1206.05,1137.95,45,207,245954.00,
504879,ORIENT ABRAS,B ,Q,24.00,25.30,23.00,24.05,24.05,22.95,340,40367,983541.00,
504882,NATIONAL STD,XT,Q,520.00,520.00,520.00,520.00,520.00,526.50,1,1,520.00,
504908,DUNCANENG   ,X ,Q,105.20,112.00,105.20,105.60,105.60,108.00,12,115,12160.00,
504918,SANDUR MANG.,X ,Q,1150.00,1163.00,1050.05,1081.10,1081.10,1135.50,1057,22131,24341773.00,
504959,STOVAC IND. ,X ,Q,1896.75,1928.00,1845.00,1869.10,1866.00,1896.60,206,1565,2929818.00,
504961,TATA YODOGAW,XT,Q,48.00,48.60,45.00,48.15,48.15,46.30,108,10381,492522.00,
504966,TINPLATE    ,A ,Q,175.60,184.30,174.75,179.25,179.25,173.75,3367,204784,37019486.00,
504973,CHOLAHLDNG  ,A ,Q,617.00,617.00,590.00,601.75,601.70,601.65,396,6644,3976112.00,
504988,WELCAST     ,X ,Q,371.00,399.90,370.00,390.00,390.00,387.40,10,96,35973.00,
505010,AUTO AXLES  ,A ,Q,1230.00,1248.95,1209.95,1237.00,1237.45,1209.85,386,984,1211384.00,
505036,AUTO COR.GOA,X ,Q,481.00,484.95,458.20,471.80,471.80,477.35,65,1063,503643.00,
505075,SETCO AUTO  ,B ,Q,17.65,18.10,16.75,17.00,17.00,17.45,187,45172,779343.00,
505141,SCOOTERS IND,T ,Q,33.25,34.15,33.25,33.85,34.15,32.55,144,16923,572049.00,
505160,TALBROS AUTO,B ,Q,219.00,219.00,206.30,215.50,213.80,207.90,400,8131,1731107.00,
505163,ZF STEERING ,X ,Q,409.00,415.00,395.15,396.80,396.80,404.80,200,4750,1925227.00,
505192,SMLISUZU    ,A ,Q,498.00,508.50,492.80,495.00,496.00,493.80,305,5402,2715946.00,
505196,TIL LTD.    ,B ,Q,172.50,172.50,168.10,170.90,170.90,171.60,291,2843,483368.00,
505200,EICHER MOTOR,A ,Q,2605.20,2627.15,2573.00,2599.00,2599.00,2601.85,2305,37038,95993195.00,
505216,ALFRED HERB ,X ,Q,555.55,566.65,548.25,548.25,548.25,545.50,4,33,18307.00,
505232,VELJAN      ,X ,Q,747.00,761.00,734.20,759.75,761.00,743.15,65,1117,832392.00,
505242,DYNAMAT.TECH,B ,Q,940.00,965.00,932.00,933.70,932.50,928.95,269,1155,1093185.00,
505250,G.G.DANDEKAR,X ,Q,47.90,49.00,46.25,48.05,48.05,46.95,13,963,46693.00,
505255,GMM PFAUDLER,A ,Q,4199.00,4298.00,4173.25,4186.55,4186.55,4198.65,760,2608,10971174.00,
505283,KIRLOSAR PN ,X ,Q,236.40,245.00,233.00,238.95,238.95,231.35,810,90405,21769518.00,
505299,KPT         ,X ,Q,85.15,90.00,85.15,89.30,88.60,91.00,14,856,76114.00,
505302,LAXMI AUTOLM,X ,Q,48.95,50.40,47.00,47.30,47.30,48.00,17,1460,72978.00,
505324,MANUGRAPH IN,B ,Q,13.01,13.03,13.01,13.03,13.03,12.91,2,6,78.00,
505355,NESCO LTD   ,A ,Q,603.60,605.00,585.65,598.00,599.60,600.70,433,4837,2898621.00,
505358,INTEGRA ENG ,X ,Q,31.00,32.40,30.10,30.90,30.90,31.00,60,8931,275610.00,
505368,REVATHI EQU.,B ,Q,505.00,513.00,494.15,502.80,502.80,503.35,163,1308,662674.00,
505400,TEXINFRA    ,B ,Q,72.50,74.50,70.70,71.45,71.50,72.15,346,23440,1693828.00,
505412,WENDT(INDIA),B ,Q,3300.00,3355.35,3286.40,3303.00,3300.00,3293.00,71,207,686815.00,
505509,RESPON IND  ,A ,Q,178.00,182.70,174.25,174.85,174.25,176.15,179,5909,1048422.00,
505523,MAHA CORP   ,XT,Q,0.54,0.54,0.54,0.54,0.54,0.55,12,13240,7149.00,
505526,DOLAT INV.  ,B ,Q,53.00,54.45,52.80,54.00,54.30,53.10,351,35986,1929632.00,
505533,WESTLIFE DEV,A ,Q,519.30,525.25,504.00,510.70,509.50,516.25,1012,14455,7443139.00,
505537,ZEE ENTER   ,A ,Q,221.05,225.95,220.95,222.05,222.05,220.05,4975,900255,201118305.00,
505576,GOLDCORP    ,X ,Q,76.80,76.80,69.50,69.50,69.50,73.15,5,199,14735.00,
505590,SVPGLOB     ,XT,Q,74.00,75.00,71.75,74.30,74.50,73.85,327,60216,4451678.00,
505650,SKYL MILLAR ,X ,Q,7.53,7.53,7.53,7.53,7.53,7.39,7,2450,18448.00,
505681,BIMETAL BEAR,X ,Q,353.45,353.45,325.65,333.50,344.00,332.85,26,319,106318.00,
505688,BHARAT GEARS,B ,Q,80.50,80.50,78.90,79.05,78.90,80.55,67,2748,218352.00,
505690,BRADY MORRIS,X ,Q,80.05,87.95,80.05,87.95,87.95,83.80,4,73,6253.00,
505693,LATIMMETAL  ,X ,Q,38.95,39.95,38.95,39.95,39.95,40.80,3,351,13696.00,
505700,ELECON ENG  ,B ,Q,54.55,56.00,54.40,54.75,54.65,54.75,439,47203,2593259.00,
505703,DECCAN BEAR.,XT,Q,6.95,6.95,6.95,6.95,6.95,6.62,3,100,695.00,
505710,GRAUER& WEIL,X ,Q,44.60,45.00,43.50,44.10,44.10,43.95,1937,223518,9895860.00,
505711,GAJRA BEVEL ,XT,Q,1.68,1.74,1.68,1.74,1.74,1.71,22,11220,19039.00,
505712,HIMTEK      ,X ,Q,87.00,91.90,86.30,88.00,88.00,90.25,6,227,20718.00,
505714,GABRIEL(I)  ,A ,Q,120.00,130.50,119.85,127.55,127.55,119.60,3203,216823,27573094.00,
505720,HERC.HOISTS ,B ,Q,127.00,129.00,125.80,126.70,126.70,126.05,330,12926,1642612.00,
505725,HIND.EVEREST,XT,Q,169.85,174.80,160.00,169.30,174.80,166.50,36,1977,339670.00,
505726,IFB IND.LTD.,A ,Q,1216.00,1244.45,1214.35,1222.75,1224.35,1214.95,285,2648,3263203.00,
505729,SINGER INDIA,X ,Q,42.80,44.50,41.50,43.45,43.00,41.95,674,228488,9988945.00,
505737,INTER.COMBUS,X ,Q,199.00,199.00,188.25,191.20,188.25,197.90,39,2893,554481.00,
505744,FED MOG GOE ,A ,Q,308.20,309.95,306.95,306.95,306.95,307.10,146,2980,919882.00,
505750,JOSTS ENG.  ,X ,Q,625.00,625.50,588.60,610.60,615.00,624.85,65,2115,1292105.00,
505790,SCHAEFFLER  ,A ,Q,5203.95,5235.95,5194.65,5226.55,5235.00,5207.15,265,508,2650995.00,
505800,RANE HOLDIN ,A ,Q,610.50,649.00,610.50,646.80,642.65,622.00,260,2457,1560225.00,
505827,SNL BEARINGS,X ,Q,207.75,214.00,207.75,212.00,212.00,211.70,31,1030,217387.00,
505840,JAIPAN INDUS,XT,Q,9.13,9.58,9.13,9.13,9.13,9.13,7,1552,14170.00,
505850,MANCREDIT   ,X ,Q,58.35,59.45,57.65,58.20,58.00,58.20,52,16315,957714.00,
505854,TRF LTD.    ,B ,Q,101.95,101.95,97.50,99.25,98.95,98.45,595,9131,910932.00,
505872,WPIL LTD.   ,X ,Q,641.00,641.00,616.50,621.45,623.75,631.85,202,2695,1694272.00,
505890,KENNAMETAL  ,A ,Q,1129.55,1200.90,1129.55,1156.40,1154.00,1116.50,341,1494,1744644.00,
505893,HINDHARD    ,X ,Q,142.50,148.00,141.55,148.00,148.00,149.00,12,1000,146731.00,
505978,TRITON VALVE,X ,Q,1041.00,1041.00,1016.05,1025.90,1025.00,1026.10,54,211,215958.00,
506003,SUDAL INDUS ,XT,Q,3.80,3.95,3.80,3.82,3.95,4.00,7,894,3404.00,
506022,PRAKASH IND.,A ,Q,64.55,65.70,60.50,60.95,60.95,62.95,2007,293754,18380915.00,
506074,ARSHIYA     ,T ,Q,38.95,38.95,38.95,38.95,38.95,37.10,28,2917,113617.00,
506076,GRIND NORTON,A ,Q,909.75,970.95,909.00,951.45,954.40,920.50,849,7426,7071139.00,
506105,STANROSE MAF,X ,Q,89.00,90.10,85.00,85.50,85.50,89.80,48,785,68169.00,
506109,GENESYS INT.,T ,Q,88.00,91.35,88.00,91.10,91.35,87.00,38,6589,590460.00,
506122,PANKAJPIYUS ,X ,Q,49.90,49.90,49.90,49.90,49.90,48.40,1,1,49.00,
506128,PARNAXLAB   ,X ,Q,21.75,21.75,21.75,21.75,21.75,22.85,14,1752,38106.00,
506146,VISAGAR POL ,T ,Q,0.76,0.76,0.76,0.76,0.76,0.80,61,31290,23780.00,
506184,KANANI IND  ,B ,Q,4.49,4.49,4.49,4.49,4.49,4.49,2,1001,4494.00,
506186,GCKL        ,X ,Q,12.99,12.99,12.03,12.93,12.93,12.49,14,3265,40616.00,
506194,ARIH SUPER  ,B ,Q,39.35,39.35,38.45,38.45,38.45,38.75,36,11272,438693.00,
506197,BLISSGVS PH ,A ,Q,173.80,173.80,168.70,169.85,169.15,172.10,1501,219596,37727200.00,
506222,INEOSSTYRO  ,B ,Q,982.00,994.00,974.00,978.50,975.50,968.70,407,4540,4459791.00,
506235,ALEMBIC LTD.,A ,Q,102.50,104.00,102.00,102.50,102.10,101.85,273,24080,2476056.00,
506248,AMINES&PLAST,X ,Q,79.95,81.90,73.00,74.50,74.50,78.35,1148,87782,6707434.00,
506260,ANUH PHARMA ,X ,Q,110.20,110.20,106.50,107.50,107.80,107.50,551,42961,4667616.00,
506261,MODISON MET.,X ,Q,49.65,51.20,48.90,50.10,50.20,49.40,441,90884,4576077.00,
506285,BAYER CROP  ,A ,Q,5095.00,5193.80,5083.70,5154.70,5173.00,5077.75,400,1310,6707522.00,
506365,CHEMO PHARMA,XT,Q,20.80,20.80,20.80,20.80,20.80,21.20,5,111,2308.00,
506390,CLARI CHEM  ,A ,Q,399.00,405.70,392.00,400.05,398.70,395.15,508,14220,5677269.00,
506395,COROM INTER ,A ,Q,783.00,785.85,772.05,778.35,777.10,781.65,540,14169,11018121.00,
506401,DEEPAK NITR.,A ,Q,1624.00,1640.00,1582.00,1599.40,1596.35,1607.55,8258,107366,172934160.00,
506405,DHARAMSI CHM,X ,Q,307.90,332.60,303.40,332.60,332.60,302.40,2510,147806,48567207.00,
506414,FERMENTA    ,X ,Q,284.90,284.90,271.90,275.55,275.55,280.75,505,19058,5285914.00,
506480,GOCLCORP    ,B ,Q,250.85,250.85,242.55,244.30,243.85,244.10,113,3202,781447.00,
506520,JAYSHRI CHEM,X ,Q,3.76,3.87,3.60,3.84,3.87,3.69,51,15931,60215.00,
506522,JL MORISON  ,X ,Q,1900.05,1950.00,1900.05,1950.00,1950.00,1911.00,3,49,95021.00,
506525,KANORIA CHEM,T ,Q,85.80,89.30,83.65,89.15,89.15,85.05,389,79143,7018418.00,
506528,KELTECH EN. ,X ,Q,529.80,555.00,510.00,520.95,523.00,516.75,78,1474,778862.00,
506532,NITTA GELA  ,X ,Q,170.95,181.70,168.65,180.75,181.70,167.50,233,13718,2404421.00,
506579,ORIENT.CARB.,A ,Q,913.70,913.70,894.55,896.45,896.50,913.30,270,1317,1185112.00,
506590,PHIL.CARBON ,A ,Q,197.25,206.70,196.50,203.10,203.10,196.35,6023,404103,81498132.00,
506597,AMAL PRODUCT,X ,Q,250.25,254.75,244.00,247.30,247.20,251.30,171,7029,1738254.00,
506605,POLYCHEM    ,X ,Q,475.10,475.10,433.00,469.35,470.00,475.00,17,101,47009.00,
506618,PUN.CHEM    ,B ,Q,949.00,978.00,935.75,968.35,972.80,926.25,305,43185,41434565.00,
506640,GUJCHEM DIST,XT,Q,118.65,120.00,118.65,120.00,120.00,121.05,8,52,6214.00,
506642,SADHANA NITR,X ,Q,32.00,32.80,29.50,29.90,29.90,31.30,1461,308065,9558575.00,
506655,SUDARSH.CHEM,A ,Q,575.05,599.50,566.20,573.65,573.65,574.45,1286,27984,16280842.00,
506685,ULTRAMARINE ,X ,Q,319.85,323.80,315.00,318.85,320.75,315.20,560,26370,8437234.00,
506687,TRANSPEK    ,X ,Q,1398.00,1434.80,1385.00,1392.30,1395.00,1397.95,402,13974,19513703.00,
506690,UNICHEM LAB ,A ,Q,338.25,339.00,332.40,334.60,335.25,336.95,253,5983,2004818.00,
506734,MYS PETRO   ,X ,Q,75.20,79.95,75.20,77.40,77.25,74.80,41,2626,203693.00,
506767,ALKYL AMINES,A ,Q,5310.00,5324.25,5156.60,5183.80,5183.80,5287.30,1704,4743,24865467.00,
506808,TUTICORIN.  ,X ,Q,10.25,10.25,9.50,10.00,9.96,9.41,103,32026,316232.00,
506820,ASTRAZEN.PH.,A ,Q,3499.00,3539.00,3464.25,3483.40,3484.00,3470.70,1159,6091,21313762.00,
506852,PUN.ALKALI  ,X ,Q,57.20,57.50,55.45,56.70,56.05,56.00,115,12499,708756.00,
506854,TANFAC IND. ,X ,Q,270.90,270.90,262.55,265.15,265.15,266.70,340,13713,3647262.00,
506858,GUJ.PETRO   ,XT,Q,23.25,23.25,23.25,23.25,23.25,22.15,4,205,4766.00,
506879,GUJ.THEMIS. ,X ,Q,231.75,231.80,224.00,225.15,225.15,226.40,304,22721,5145346.00,
506910,JAYSN DYEST ,X ,Q,53.00,53.40,51.50,51.50,51.50,53.00,16,1990,104420.00,
506919,MAKERS LAB. ,X ,Q,263.00,263.00,246.30,248.60,249.90,253.00,166,9383,2345402.00,
506935,CONT.CHEM   ,XT,Q,13.25,13.25,13.25,13.25,13.25,13.94,4,230,3047.00,
506943,J.B.CHEMICAL,A ,Q,1220.00,1247.40,1186.05,1202.45,1202.45,1202.50,1378,16999,20739421.00,
506975,RAJ.PETRO   ,P ,Q,2.71,2.71,2.71,2.71,2.71,2.72,1,100,271.00,
506981,BL.CHIP TEX ,X ,Q,96.00,96.00,89.00,92.05,92.00,92.25,35,1670,155855.00,
507155,JAGATJIT IND,XT,Q,37.75,39.40,37.75,38.80,38.80,39.70,85,7594,287593.00,
507180,KESAR ENT.  ,X ,Q,54.70,59.60,52.00,52.70,52.95,50.70,427,74273,4086078.00,
507205,TILAKNAG IND,B ,Q,27.85,28.55,27.50,28.20,28.15,28.00,236,29871,838181.00,
507265,EMERALL     ,XT,Q,125.00,125.00,118.75,118.75,118.75,125.00,3,27,3212.00,
507300,RAVALGAON   ,XT,Q,1800.00,1828.15,1772.00,1812.75,1818.00,1741.10,28,147,266479.00,
507315,SAKTHI SUGAR,B ,Q,10.22,11.05,9.80,10.79,10.79,10.05,666,241890,2587445.00,
507410,WALCHANDNGR ,B ,Q,72.65,72.80,68.90,69.90,69.90,72.20,1318,113064,7931455.00,
507435,KHOD.INDIA  ,XT,Q,66.05,66.05,62.70,62.70,62.70,65.60,7,200,12638.00,
507438,IFB AGRO    ,B ,Q,430.60,438.00,424.65,433.35,432.00,426.05,203,2311,1003525.00,
507442,DHARANI SUG ,B ,Q,5.85,6.38,5.85,6.34,6.34,5.85,177,18456,113531.00,
507450,THIRU A.SUG.,Z ,Q,7.81,7.81,7.81,7.81,7.81,7.44,17,6523,50944.00,
507474,KOTHARI FERM,X ,Q,48.90,48.90,47.00,47.15,47.15,48.90,20,1688,80895.00,
507486,CAPROLA.CHEM,XT,Q,27.55,27.55,27.55,27.55,27.55,26.25,3,350,9642.00,
507488,G.M.BREWERI ,B ,Q,428.75,439.60,428.75,434.25,435.00,424.20,206,3975,1724684.00,
507490,RANA SUGARS ,B ,Q,7.80,9.12,7.80,9.12,9.12,7.60,1493,3178938,28467756.00,
507498,PICCADILY SU,X ,Q,4.62,4.87,4.55,4.84,4.84,4.71,61,17453,82066.00,
507508,RIGA SUGAR  ,X ,Q,3.85,3.85,3.52,3.73,3.73,3.68,44,16985,63081.00,
507514,SOM DISTILL.,B ,Q,34.75,35.50,34.00,34.45,34.45,34.30,215,18379,638936.00,
507525,AMRIT CORP  ,X ,Q,718.00,718.00,685.10,697.40,695.00,710.75,10,115,80215.00,
507526,ASSO.ALCOHOL,B ,Q,369.90,369.90,356.25,357.25,356.40,356.85,609,17061,6133752.00,
507552,FOODS & INNS,X ,Q,50.10,51.50,50.10,51.30,51.15,50.85,147,18304,935112.00,
507580,IVP LIMITED ,T ,Q,137.00,139.45,131.00,138.70,138.70,134.70,20,1582,212512.00,
507598,KLRFM       ,X ,Q,49.00,53.00,48.00,50.00,50.00,47.50,95,17321,866317.00,
507621,MILKFOOD    ,X ,Q,363.00,375.00,352.60,368.85,368.00,366.90,62,2295,837425.00,
507645,POLSON LTD. ,X ,Q,11203.00,12198.90,11203.00,11464.70,11464.70,11130.60,229,381,4432802.00,
507685,WIPRO LTD.  ,A ,Q,433.70,436.35,428.50,435.45,435.45,430.70,13936,937531,405410716.00,
507690,ORIENT BEVER,X ,Q,71.95,71.95,68.10,70.00,70.00,69.55,11,463,32417.00,
507717,DHAN AGRI   ,A ,Q,731.55,755.05,731.55,736.00,738.10,728.80,354,2363,1754411.00,
507747,TTK HEALTHCA,B ,Q,575.40,575.40,545.95,554.40,554.40,570.70,130,624,349592.00,
507753,TGVSL       ,X ,Q,28.50,29.40,28.30,28.60,28.60,28.20,641,344043,9924548.00,
507759,LIME CHEM.  ,X ,Q,20.85,20.85,19.75,20.30,20.65,19.95,17,2347,47515.00,
507779,KANPUR PLAST,B ,Q,133.00,143.60,129.25,139.60,143.50,129.10,320,8763,1193705.00,
507785,TAINWALA CH.,B ,Q,68.60,70.10,67.70,67.95,67.70,68.10,65,1236,84213.00,
507789,JAGSON PHAR ,B ,Q,90.65,95.40,88.65,94.15,94.00,88.80,1411,143109,13238246.00,
507794,KHAITAN CHEM,B ,Q,25.60,26.10,25.00,25.15,25.00,25.55,1286,280720,7176109.00,
507813,NATI. OXYGEN,X ,Q,35.75,35.75,35.75,35.75,35.75,35.90,1,21,750.00,
507815,GILLETTE (I),A ,Q,5599.55,5622.15,5575.00,5609.30,5611.30,5579.05,79,213,1193617.00,
507817,WIRES FABRIK,X ,Q,58.90,60.65,58.85,60.40,60.40,61.90,11,782,46291.00,
507828,ANSALHSG    ,B ,Q,6.04,6.25,6.04,6.25,6.25,6.12,20,4767,29523.00,
507836,MAC CHARLES ,X ,Q,216.50,218.00,210.00,210.60,210.40,211.80,31,2127,452755.00,
507852,ADDI IND.   ,XT,Q,4.66,4.66,4.66,4.66,4.66,4.90,3,152,708.00,
507864,PION INVEST ,X ,Q,27.30,28.50,27.00,27.45,27.45,27.15,36,3422,93984.00,
507872,ASHNOOR TEX.,XT,Q,15.00,15.90,14.70,14.90,14.90,15.35,14,1398,21628.00,
507878,UNITECH LTD ,Z ,Q,1.84,1.85,1.81,1.82,1.82,1.83,558,1350550,2466543.00,
507880,VIP INDUS.  ,A ,Q,396.15,417.00,396.15,408.95,408.95,398.50,2216,51659,20963568.00,
507894,SCHABLONA (I,X ,Q,9.05,9.99,9.05,9.50,9.50,9.52,5,631,5724.00,
507910,FIBERWB IN  ,X ,Q,30.35,30.75,29.50,29.90,29.90,30.15,303,78754,2378771.00,
507912,LKP FIN     ,X ,Q,110.40,114.45,105.00,109.10,110.00,110.40,162,21608,2356006.00,
507944,BAJAJ STEEL ,X ,Q,351.95,370.00,342.90,366.50,366.50,344.95,994,48006,17157643.00,
507960,GUJ.HOTELS  ,X ,Q,98.55,107.45,96.25,102.25,103.95,104.15,24,484,49396.00,
507970,PARA. COSMET,X ,Q,16.25,16.25,16.25,16.25,16.25,16.25,2,2,32.00,
507981,JINDAL HOTL ,X ,Q,25.35,25.65,25.00,25.65,25.65,25.35,66,2413,61195.00,
507998,SIMMONDS-MAR,X ,Q,33.80,34.65,33.80,33.85,33.90,33.60,37,5594,191227.00,
508136,BNALTD      ,X ,Q,157.20,157.20,156.75,157.00,157.00,156.40,12,1220,191620.00,
508306,LEDO TEA CO ,XT,Q,51.00,51.00,48.65,48.65,48.65,50.95,2,55,2793.00,
508486,HAWKINS COOK,A ,Q,5660.00,5700.00,5625.00,5675.10,5675.10,5660.15,316,2113,11984819.00,
508494,WARREN TEA  ,X ,Q,47.40,48.40,45.95,47.70,47.70,46.65,62,6097,286044.00,
508571,COCHIN MALA ,X ,Q,51.50,51.50,51.50,51.50,51.50,49.30,1,2,103.00,
508664,BEST E.HOTEL,X ,Q,18.05,18.05,18.05,18.05,18.05,18.95,2,201,3628.00,
508670,NEELAMALAI  ,P ,Q,1600.00,1600.00,1560.00,1560.00,1560.00,1560.00,2,200,316000.00,
508807,IST LTD.    ,X ,Q,386.15,414.15,386.10,399.75,400.00,390.00,34,465,186230.00,
508814,COSMO FILMS ,A ,Q,590.70,623.00,589.65,620.65,620.65,586.60,3191,62713,38321763.00,
508869,APOLLO HOSP.,A ,Q,3105.00,3117.85,3050.05,3058.15,3063.00,3089.75,1914,23310,71594415.00,
508875,NITINCAST   ,X ,Q,68.00,72.80,65.90,66.00,66.00,69.35,11,1007,68501.00,
508905,SMIFS CAPITA,X ,Q,43.00,43.00,43.00,43.00,43.00,43.70,1,100,4300.00,
508906,EVEREST INDS,B ,Q,312.70,315.70,310.45,313.10,313.10,312.10,229,5320,1671157.00,
508918,GREYCELLS   ,X ,Q,20.45,20.45,19.50,20.45,20.45,19.50,3,209,4094.00,
508922,MSR INDIA   ,XT,Q,10.63,10.63,9.90,10.63,10.63,10.40,26,883,9296.00,
508933,AYMSYNTEX   ,B ,Q,49.00,50.30,48.10,49.05,49.00,49.50,139,14142,700278.00,
508941,PANASON CAR ,X ,Q,446.00,457.50,446.00,454.05,456.40,456.20,145,3513,1598402.00,
508954,FINKURVE    ,X ,Q,42.30,44.40,42.30,43.80,43.80,43.15,37,58163,2489477.00,
508956,HB LEAS.PUB ,XT,Q,1.25,1.26,1.25,1.25,1.25,1.20,11,591,740.00,
508963,STERL.GUARA.,XT,Q,8.20,8.36,8.20,8.36,8.36,7.97,4,1000,8287.00,
508969,SULABH ENG. ,X ,Q,1.50,1.50,1.40,1.43,1.42,1.47,55,27154,38186.00,
508989,NAVNETEDUL  ,A ,Q,87.00,88.35,86.10,86.95,87.00,88.05,351,21184,1846377.00,
508996,SATPROP LTD ,Z ,Q,1.12,1.12,1.12,1.12,1.12,1.10,9,6630,7425.00,
509009,AUSOM ENT   ,B ,Q,52.00,54.00,48.85,51.75,51.75,52.00,36,1233,63646.00,
509015,THAKRAL SER ,X ,Q,6.69,6.69,6.69,6.69,6.69,6.38,1,20,133.00,
509020,RUCHI INFRA.,T ,Q,6.60,6.89,6.54,6.77,6.74,6.72,127,31490,211187.00,
509048,LANCOR HOLDS,X ,Q,7.35,7.35,6.99,6.99,6.99,7.35,27,16403,114954.00,
509051,INDIAN INFO.,XT,Q,0.52,0.52,0.52,0.52,0.52,0.53,1082,1454618,756401.00,
509053,BANAS FIN.  ,X ,Q,6.19,6.19,6.19,6.19,6.19,5.90,13,3212,19882.00,
509055,VISAKA IND. ,B ,Q,509.05,513.95,504.15,507.75,508.00,507.00,242,3291,1672574.00,
509069,INFOMEDIA   ,T ,Q,3.88,4.10,3.86,4.08,4.00,4.05,23,13682,54392.00,
509073,HATHWAY BHAW,XT,Q,18.90,19.75,18.30,18.70,18.80,19.25,56,5005,94370.00,
509077,PRESSMN     ,B ,Q,25.00,25.25,24.65,24.70,24.70,24.85,48,3982,98831.00,
509079,GUFIC BIO SC,B ,Q,120.20,120.50,117.20,117.65,117.95,119.10,229,10850,1291614.00,
509084,PHOTON CAP  ,XT,Q,25.50,28.10,25.50,27.90,28.10,26.80,6,196,5380.00,
509148,GOVIND RUBB.,Z ,Q,3.81,3.81,3.46,3.81,3.81,3.63,81,66602,250611.00,
509152,GRPLTD      ,B ,Q,809.10,830.00,809.10,820.70,820.10,813.50,184,1899,1555980.00,
509162,INDAG RUBBER,X ,Q,100.00,105.15,98.45,103.70,103.95,99.50,124,12557,1282751.00,
509196,M.M.RUBBER  ,XT,Q,61.70,61.70,59.30,59.30,59.30,60.50,26,2049,124522.00,
509220,PTL LTD     ,B ,Q,41.05,41.75,40.85,40.95,41.05,41.00,275,22643,931957.00,
509243,TVS SRICHAKR,A ,Q,1930.00,1951.85,1902.85,1948.45,1950.75,1923.65,291,902,1739130.00,
509438,BENARES HOT ,XT,Q,1319.00,1319.00,1300.00,1300.00,1300.00,1295.00,5,25,32899.00,
509449,BHAGWATI OXY,XT,Q,16.20,16.20,16.20,16.20,16.20,16.20,1,20,324.00,
509470,BOMOXY-B1   ,X ,Q,10369.50,10640.00,10369.50,10453.00,10549.65,10499.85,18,22,230300.00,
509472,CRAVATEX    ,X ,Q,271.00,297.80,271.00,290.05,276.65,276.95,14,587,167148.00,
509480,BERGE PAINT ,A ,Q,720.00,733.80,713.20,730.45,730.45,713.55,2639,49321,35697099.00,
509486,CAPRIHANS   ,X ,Q,83.70,92.00,83.70,88.20,88.00,84.60,118,11773,1041536.00,
509488,GRAPHITE IN.,A ,Q,474.30,507.70,468.40,488.65,488.65,464.80,7444,332284,164219216.00,
509496,ITDCEM      ,A ,Q,79.80,88.75,79.80,85.65,85.65,79.80,1531,206795,17646749.00,
509525,EMPIRE IND. ,X ,Q,583.00,583.00,560.00,565.20,565.15,568.90,150,3105,1752783.00,
509546,GRAVISS HOSP,X ,Q,14.80,15.20,13.80,13.80,13.80,14.50,22,11124,159952.00,
509557,GARFIBRES   ,A ,Q,2609.85,2630.00,2592.05,2596.85,2600.00,2569.65,165,775,2017825.00,
509563,GARWA.MARINE,X ,Q,3.45,3.45,3.45,3.45,3.45,3.29,7,346,1193.00,
509567,GOA CARBON  ,B ,Q,327.20,351.00,319.00,334.75,334.75,325.65,1367,30666,10406789.00,
509597,HARDCASTLE  ,X ,Q,195.95,195.95,185.05,190.00,190.00,186.95,4,64,11972.00,
509631,HEG LIMITED ,A ,Q,1424.15,1645.80,1424.15,1558.95,1558.95,1426.15,7070,103574,162626205.00,
509635,HIND.COMPOSI,B ,Q,302.40,310.00,297.50,301.65,301.65,301.30,345,8113,2450636.00,
509675,HIL         ,A ,Q,3022.10,3132.00,3022.10,3116.75,3130.00,3005.65,218,786,2427320.00,
509692,IND.CARD    ,B ,Q,142.00,145.95,140.00,140.75,144.20,139.25,23,1743,247728.00,
509709,INT.CONVEYOR,X ,Q,46.85,46.85,44.50,46.05,46.80,44.75,36,10284,469759.00,
509715,JAYSHRE TEA ,B ,Q,75.60,75.60,72.75,73.75,74.10,74.10,671,86109,6357637.00,
509820,HUHTAMAKI   ,A ,Q,284.25,287.00,275.50,276.60,276.75,279.15,532,8646,2414097.00,
509835,PREMIER SYN.,XT,Q,11.43,11.89,11.43,11.89,11.89,11.66,19,2169,24950.00,
509874,SHALIMAR PAI,B ,Q,92.10,95.40,92.10,94.75,94.65,92.70,924,58556,5526577.00,
509895,HIND MILLS  ,X ,Q,260.15,271.90,256.00,258.45,271.90,274.20,5,41,10595.00,
509930,SUPREM IND  ,A ,Q,2110.00,2121.00,2081.00,2109.95,2098.00,2091.05,354,1978,4171047.00,
509945,THACKER     ,XT,Q,214.80,214.80,214.80,214.80,214.80,226.10,3,85,18258.00,
509966,VST INDUS.  ,A ,Q,3438.30,3465.00,3421.75,3451.60,3453.85,3435.60,227,497,1714171.00,
510245,SWASTI VINAY,XT,Q,7.58,7.58,7.56,7.58,7.58,7.44,282,182173,1380871.00,
511012,YAMINI INVES,XT,Q,0.51,0.51,0.49,0.50,0.51,0.50,66,34917,17556.00,
511034,JINDAL DRILL,B ,Q,92.70,95.00,89.80,94.75,93.80,93.30,325,16449,1541963.00,
511066,SAKTHI FIN. ,X ,Q,15.45,15.65,14.75,15.35,15.45,15.35,81,5713,86603.00,
511072,DEWAN H.FIN.,B ,Q,22.80,22.80,22.00,22.80,22.80,21.75,1155,255440,5801510.00,
511076,SAT IND LTD ,X ,Q,19.90,20.90,19.70,19.70,19.70,20.00,25,6235,125151.00,
511108,SHIVA TEXYAM,B ,Q,137.00,137.00,135.00,135.10,135.10,136.20,36,1039,141097.00,
511110,V.B.DESAI   ,X ,Q,4.05,4.05,3.68,3.68,3.68,3.87,2,200,773.00,
511116,QUADRANT    ,XT,Q,0.19,0.19,0.19,0.19,0.19,0.19,32,153762,29214.00,
511122,FIRST CUSTO.,XT,Q,25.00,25.00,25.00,25.00,25.00,25.00,3,310,7750.00,
511131,KAMAN HSG   ,X ,Q,4.99,4.99,4.99,4.99,4.99,4.80,1,10,49.00,
511144,ASYAINFO    ,X ,Q,4.10,4.49,4.10,4.40,4.40,4.28,45,6503,27683.00,
511147,WALL ST.FIN.,X ,Q,15.95,17.00,15.00,16.89,17.00,15.47,86,16849,272933.00,
511153,ANJANIFOODS ,XT,Q,180.00,197.00,178.30,191.40,197.00,187.65,74,2699,494790.00,
511176,PARSHWANA   ,X ,Q,21.50,21.50,20.50,21.50,21.50,21.50,5,74,1586.00,
511187,MILLENNIUM  ,X ,Q,0.71,0.71,0.71,0.71,0.71,0.71,1,60,42.00,
511196,CANFIN HOMES,A ,Q,475.00,489.90,471.10,485.80,485.50,469.15,1569,57943,27694844.00,
511208,IL & FS INVE,B ,Q,4.48,4.56,4.40,4.44,4.41,4.44,84,35397,158839.00,
511218,SHRIRAM TRAN,A ,Q,1363.90,1376.35,1332.00,1362.45,1362.45,1350.15,2015,124846,168236985.00,
511243,CHOLAFIN    ,A ,Q,540.20,551.20,534.35,540.55,540.65,538.65,4128,165452,89858766.00,
511333,VLS FINANCE ,B ,Q,93.45,96.40,93.00,93.60,93.60,93.75,211,12629,1190074.00,
511355,IND CEM CAP ,X ,Q,4.99,4.99,4.62,4.80,4.80,4.86,12,2527,12140.00,
511359,AD-MANUM FIN,X ,Q,15.23,15.23,15.23,15.23,15.23,14.51,4,260,3959.00,
511377,MEHTA I.FIN ,XT,Q,3.60,3.60,3.60,3.60,3.60,3.78,4,391,1407.00,
511389,VIDEOCON IND,Z ,Q,5.74,5.74,5.40,5.43,5.43,5.61,266,364472,2014471.00,
511391,INTER GLOB F,XT,Q,11.93,11.93,11.93,11.93,11.93,11.70,2,60,715.00,
511411,SHRISTINFRA ,XT,Q,63.90,63.90,60.75,60.75,60.75,63.90,4,120,7575.00,
511413,CREST       ,B ,Q,90.05,96.95,90.05,94.60,94.60,90.50,68,969,89954.00,
511431,VAKRANGEE   ,A ,Q,52.10,54.85,52.00,53.95,53.95,52.30,1773,265529,14358841.00,
511451,DHARANI FIN.,X ,Q,5.44,5.44,5.44,5.44,5.44,5.72,1,25,136.00,
511463,ALEXANDER   ,X ,Q,15.15,15.75,15.00,15.68,15.74,15.09,187,76633,1178442.00,
511473,IND.BANK MER,B ,Q,14.58,14.80,14.13,14.45,14.47,14.50,67,14391,207644.00,
511501,BHARAT BHUSH,X ,Q,17.50,17.50,16.60,17.00,17.25,16.95,17,1115,19007.00,
511505,CAPITAL TRUS,B ,Q,96.35,106.00,90.30,103.65,102.65,97.10,427,8458,835955.00,
511507,USHAKIRAN FI,XT,Q,3.80,3.80,3.73,3.73,3.73,3.80,3,701,2663.00,
511509,VIVO BIO TEC,X ,Q,61.00,61.00,58.15,59.05,59.00,59.80,104,18264,1082281.00,
511523,VEERHEALTH  ,X ,Q,8.50,9.27,8.50,9.24,9.24,8.90,11,1623,13905.00,
511525,PAN INDIA C ,XT,Q,0.49,0.49,0.49,0.49,0.49,0.49,35,11995,5877.00,
511533,SAHARA HOUSG,X ,Q,39.00,39.45,36.45,38.95,38.95,37.60,27,552,21114.00,
511535,NDA SECURIT.,X ,Q,5.63,5.63,5.63,5.63,5.63,5.92,1,2,11.00,
511549,MORARKA FIN.,X ,Q,35.05,35.05,32.60,33.65,34.90,33.30,67,2344,79050.00,
511551,MONARCH     ,X ,Q,67.75,68.50,64.65,67.00,67.00,66.50,98,18566,1246811.00,
511557,PRO FIN CAP.,X ,Q,29.10,30.10,29.10,30.10,30.10,30.10,13,2112,63369.00,
511559,TIMES GUARAN,B ,Q,27.65,27.65,25.50,26.35,26.35,25.25,37,830,21523.00,
511571,SOMDATT FIN ,X ,Q,15.20,16.40,15.20,15.30,15.30,15.95,19,2325,35721.00,
511585,REGENCY TRUS,X ,Q,2.00,2.00,2.00,2.00,2.00,2.00,1,50,100.00,
511589,AVONMORE    ,X ,Q,21.85,21.85,20.50,21.00,21.00,21.30,44,9126,191817.00,
511593,LIBORD FIN  ,X ,Q,7.00,7.00,7.00,7.00,7.00,7.00,1,100,700.00,
511601,YASH MANAGE.,X ,Q,14.80,14.94,14.80,14.89,14.89,14.95,5,754,11184.00,
511605,ARIHANT CAP.,X ,Q,84.10,87.45,83.15,83.85,84.00,84.10,81,5498,464661.00,
511609,ISL CONSULT ,X ,Q,10.71,11.24,10.71,11.10,11.10,10.71,4,306,3433.00,
511611,DCM FINANCIA,T ,Q,1.27,1.27,1.27,1.27,1.27,1.21,6,500,635.00,
511628,IMCAP       ,X ,Q,64.00,64.00,64.00,64.00,64.00,63.40,4,410,26240.00,
511630,SAMBHAAV MED,B ,Q,2.59,2.60,2.58,2.60,2.60,2.71,24,5403,13983.00,
511654,SUGAL DAM   ,X ,Q,8.60,8.60,8.60,8.60,8.60,9.05,9,2963,25481.00,
511658,NETTLINX LTD,X ,Q,68.00,69.50,66.50,66.60,69.00,68.60,47,2062,139725.00,
511672,SCANSTL     ,XT,Q,18.55,19.40,18.55,18.65,18.65,19.20,18,2318,43427.00,
511676,GIC HOUSING ,A ,Q,137.00,144.10,136.50,141.40,141.40,136.05,957,47742,6730135.00,
511688,MATHEW EASOW,X ,Q,8.40,8.40,8.40,8.40,8.40,8.25,2,3814,32037.00,
511692,AJCON GLOBAL,X ,Q,22.50,22.50,22.50,22.50,22.50,22.50,2,200,4500.00,
511710,CUBICAL FIN.,X ,Q,2.44,2.44,2.07,2.28,2.23,2.30,76,42328,89496.00,
511714,NIMBSPROJ   ,XT,Q,18.00,18.00,17.15,17.15,17.15,17.15,2,51,917.00,
511716,ESCORT FINAN,XT,Q,3.19,3.34,3.04,3.22,3.30,3.19,35,17702,54903.00,
511724,BAID LEASING,X ,Q,31.85,34.65,29.05,30.00,30.00,30.90,35,2764,83444.00,
511726,VIPUL LTD   ,B ,Q,33.20,33.20,33.20,33.20,33.20,31.65,26,1747,58000.00,
511728,KZ LEAS FIN.,X ,Q,10.00,10.50,9.98,9.98,10.50,10.50,6,8135,81225.00,
511730,TRC FINAN.SE,X ,Q,9.00,9.00,9.00,9.00,9.00,9.13,2,200,1800.00,
511736,USHDEV INTNL,XT,Q,0.28,0.28,0.28,0.28,0.28,0.29,26,52173,14608.00,
511742,UGROCAP     ,X ,Q,118.90,118.90,110.00,111.00,110.00,115.00,117,22568,2525583.00,
511754,SHALIB.FINAN,X ,Q,65.70,72.35,65.70,72.35,72.35,68.95,3,159,11171.00,
511756,ABIRAMI FIN.,Z ,Q,4.37,4.37,4.37,4.37,4.37,4.37,1,2,8.00,
511758,MANSI FINANC,XT,Q,32.85,32.85,32.85,32.85,32.85,32.25,6,368,12088.00,
511764,UPASANA FIN.,X ,Q,14.07,14.48,13.57,14.48,14.48,14.07,5,325,4533.00,
511766,MUTHOOT CAP ,B ,Q,412.85,412.85,404.20,404.35,404.20,407.30,134,1652,674133.00,
511768,MASTER TRUST,X ,Q,27.80,29.10,27.50,28.50,28.50,27.75,34,22874,639279.00,
512018,CNI RES LTD ,XT,Q,1.57,1.63,1.50,1.60,1.63,1.57,8,3052,4581.00,
512020,SARASW.COMM.,X ,Q,950.00,965.00,900.00,904.10,904.10,960.00,25,360,327772.00,
512047,ROYAL IND   ,X ,Q,1.00,1.00,0.93,0.93,0.93,0.97,8,2223,2195.00,
512048,LUHARUKA    ,X ,Q,0.60,0.60,0.60,0.60,0.60,0.60,1,264,158.00,
512064,VISVEN      ,XT,Q,56.00,56.00,50.90,50.90,50.90,53.40,3,747,41796.00,
512068,DECCANGOLD  ,X ,Q,16.75,17.10,16.10,16.55,16.55,16.90,360,114690,1890800.00,
512070,UPL         ,A ,Q,595.00,616.20,589.00,613.35,613.35,589.25,5777,295367,177581584.00,
512093,CRANES SOFTW,XT,Q,1.66,1.66,1.66,1.66,1.66,1.63,27,27885,46289.00,
512109,AVIVA INDS  ,X ,Q,11.15,11.15,11.15,11.15,11.15,11.18,2,300,3345.00,
512131,SIGNET IND  ,B ,Q,34.05,35.65,33.10,33.50,33.50,34.55,253,17182,582790.00,
512161,SECURKLOUD  ,B ,Q,86.60,87.40,84.60,85.80,85.80,86.90,433,10722,920246.00,
512165,ABANSENT    ,X ,Q,160.00,160.00,130.00,135.60,135.60,138.85,80,6678,900176.00,
512169,CAPRICORN   ,XT,Q,8.35,8.76,8.35,8.75,8.75,8.35,6,3197,27190.00,
512175,VAMA INDS   ,X ,Q,6.57,6.58,6.16,6.52,6.55,6.30,10,1428,9330.00,
512179,SUNTECK REAL,A ,Q,360.00,362.00,350.90,353.45,355.00,350.35,1870,55226,19592290.00,
512217,PRISM MEDI  ,X ,Q,27.90,27.90,25.80,26.00,25.85,27.25,147,77628,2073445.00,
512229,VERITAS     ,XT,Q,48.40,50.15,48.25,48.50,50.00,49.20,32,2253,110164.00,
512237,JAI CORP LTD,A ,Q,106.70,107.00,102.00,103.30,103.30,105.35,2697,318837,33272080.00,
512247,ASHIRWAD CAP,XT,Q,4.05,4.10,3.89,4.04,4.06,3.95,173,63023,251695.00,
512257,SVARTCORP   ,X ,Q,3.84,3.89,3.66,3.82,3.82,3.79,65,24427,93179.00,
512267,MEDIA MATRIX,X ,Q,5.04,5.04,4.70,4.70,4.82,4.82,119,119303,578701.00,
512279,NNTL        ,Z ,Q,6.17,6.17,6.17,6.17,6.17,6.17,1,100,617.00,
512296,BHAGYA INL  ,B ,Q,53.50,53.50,48.55,48.55,48.55,51.10,754,87079,4290450.00,
512329,KRL         ,XT,Q,100.00,100.00,100.00,100.00,100.00,103.85,1,5,500.00,
512344,ARAVALI SEC.,X ,Q,1.23,1.23,1.19,1.23,1.23,1.18,15,26400,32122.00,
512359,SWORDEDGE   ,X ,Q,9.39,9.39,9.39,9.39,9.39,9.88,1,50,469.00,
512379,CRESSANDA SO,XT,Q,0.57,0.57,0.57,0.57,0.57,0.58,20,2641,1505.00,
512381,STARTECK    ,X ,Q,85.00,88.00,82.35,85.85,86.20,84.60,123,13428,1143322.00,
512393,SHARDUL SECU,XT,Q,57.40,58.00,54.70,54.75,54.75,57.45,9,345,19807.00,
512425,NIRAV COMMER,X ,Q,362.75,369.95,355.70,366.15,367.00,362.70,28,328,118916.00,
512437,APOLLO FIN I,X ,Q,315.30,335.00,302.00,323.20,335.00,319.30,204,5656,1849056.00,
512453,SHRI JAGDAMB,X ,Q,529.00,549.90,515.05,531.65,536.50,523.75,295,6388,3456564.00,
512455,LLOYDS MET E,XT,Q,11.45,11.69,10.81,11.55,11.55,11.14,189,45461,516453.00,
512463,SHREE GLOBAL,XT,Q,2.73,2.84,2.58,2.80,2.75,2.71,86,15506,43171.00,
512477,BETEX INDIA ,X ,Q,45.40,45.40,45.40,45.40,45.40,44.55,5,255,11577.00,
512481,POLYTEX(P)  ,XT,Q,1.75,1.75,1.75,1.75,1.75,1.72,1,300,525.00,
512493,GARNET INTL ,X ,Q,33.40,33.40,31.70,31.70,31.70,31.85,4,105,3338.00,
512499,SHALIMAR PRO,X ,Q,0.60,0.60,0.60,0.60,0.60,0.61,139,137886,82731.00,
512519,DONEAR IND. ,B ,Q,33.15,36.70,33.15,35.60,35.50,33.55,758,93902,3328319.00,
512527,SUPER SAL IN,X ,Q,430.00,435.00,409.20,430.00,430.00,430.60,28,2810,1207652.00,
512529,SEQUENT     ,A ,Q,243.70,248.50,241.00,243.00,244.80,243.70,1354,71691,17554036.00,
512531,STC INDIA   ,B ,Q,101.30,102.25,96.00,96.55,96.40,101.00,803,31567,3100139.00,
512553,ZENITH EXP. ,B ,Q,70.90,71.75,69.45,69.50,69.50,69.50,73,1031,71673.00,
512573,AVANTI FEEDS,A ,Q,488.00,497.05,488.00,489.75,491.00,484.75,766,14173,6979617.00,
512587,ZODIAC JRD  ,B ,Q,27.75,28.55,27.10,27.70,27.80,28.40,51,470,12825.00,
512597,KEYFINSER   ,B ,Q,61.65,61.65,61.65,61.65,61.65,60.35,7,20,1233.00,
512599,ADANI ENTER ,A ,Q,880.95,944.75,873.00,918.65,918.65,872.55,17506,1263755,1148855325.00,
512604,HARIA EXPORT,X ,Q,0.90,0.90,0.90,0.90,0.90,0.86,3,410,369.00,
512608,BHANDARI HOS,T ,Q,2.80,2.84,2.61,2.84,2.84,2.71,69,60981,169639.00,
512618,RLF LIMITED.,XT,Q,4.41,4.41,4.41,4.41,4.41,4.49,2,101,445.00,
512624,REGENTRP    ,XT,Q,3.10,3.10,3.10,3.10,3.10,2.96,3,2354,7297.00,
512626,ORBIT EXPORT,B ,Q,65.95,67.50,65.40,66.90,66.90,64.30,76,2638,175524.00,
512634,SAVERA IND  ,X ,Q,43.50,43.50,41.00,42.30,42.15,42.05,15,364,15350.00,
513005,VBC FERRO   ,XT,Q,13.45,14.00,13.45,13.55,13.55,14.00,7,422,5717.00,
513010,TATASTLLP   ,A ,Q,698.00,728.00,698.00,710.00,714.50,695.85,1178,18481,13230216.00,
513023,NAV BHAR VEN,A ,Q,72.50,72.80,71.10,71.55,71.55,71.55,1207,190454,13668779.00,
513043,REMI EDEL   ,X ,Q,16.80,17.45,16.70,16.85,17.45,17.55,41,15259,255730.00,
513059,G.S.AUTO INT,XT,Q,4.19,4.22,4.19,4.22,4.22,4.19,10,20682,87054.00,
513063,TRANSFREIGHT,XT,Q,10.72,10.72,10.54,10.72,10.72,10.72,8,1228,13140.00,
513097,SHIV.BIMETAL,X ,Q,85.00,90.10,83.90,86.00,86.00,83.70,317,42022,3641043.00,
513108,GANDHI SP.TU,B ,Q,290.00,296.00,281.70,293.70,292.85,282.20,299,3002,874287.00,
513117,AMFORGE IND.,XT,Q,2.09,2.09,2.05,2.05,2.05,2.09,4,500,1031.00,
513121,ORICON ENT  ,T ,Q,22.20,22.75,21.85,22.40,22.40,22.80,110,15796,353663.00,
513142,BALASORE    ,Z ,Q,9.79,10.00,9.10,9.24,9.50,9.56,206,89864,850382.00,
513149,ACROW INDIA ,X ,Q,127.30,127.30,127.30,127.30,127.30,127.25,2,36,4582.00,
513173,STL STR INF ,X ,Q,4.22,4.22,3.86,4.22,4.22,4.02,8,9200,38787.00,
513179,NAT STL AGRO,T ,Q,3.81,4.00,3.81,4.00,4.00,3.81,14,18153,72564.00,
513216,UTTAM GALVA ,T ,Q,7.15,7.29,7.10,7.19,7.18,7.15,91,57453,413718.00,
513228,PENNAR STEEL,B ,Q,21.30,21.50,20.50,20.75,20.75,20.85,438,86504,1811216.00,
513250,JYOTI STRUCT,Z ,Q,4.15,4.52,4.15,4.37,4.37,4.31,32,61685,269309.00,
513252,JAY USHIN   ,X ,Q,527.50,527.50,488.00,488.00,488.00,500.00,40,489,243874.00,
513262,ST.STR.WHEEL,B ,Q,665.00,669.90,657.80,662.00,662.00,653.90,332,4486,2973834.00,
513269,MAN IND.(I) ,B ,Q,77.40,80.10,76.70,78.90,78.90,76.45,903,59199,4701808.00,
513295,IMEC        ,X ,Q,1.52,1.52,1.52,1.52,1.52,1.52,3,200,304.00,
513305,TERRASCOPE  ,X ,Q,2.19,2.19,2.19,2.19,2.19,2.15,22,21040,46077.00,
513307,SYNTHIKO FOI,XT,Q,23.15,25.30,23.15,23.15,23.15,24.35,12,525,12368.00,
513309,GOLKONDA    ,Z ,Q,8.33,8.49,8.33,8.49,8.49,8.33,14,664,5623.00,
513335,METALFORGE  ,T ,Q,5.82,6.10,5.62,6.10,6.10,5.82,31,4366,25610.00,
513337,GUJ.TOOLROOM,XT,Q,7.25,7.25,7.25,7.25,7.25,7.60,4,114,826.00,
513343,GRAND FOUND ,B ,Q,1.99,1.99,1.99,1.99,1.99,1.90,3,1140,2268.00,
513349,AJMERA      ,B ,Q,136.35,138.05,134.75,134.85,134.75,131.45,303,17912,2434001.00,
513353,COCHIN MIN. ,X ,Q,139.50,139.50,135.50,137.00,136.80,133.45,38,2576,353443.00,
513361,ISW LTD     ,XT,Q,0.77,0.82,0.76,0.79,0.82,0.79,88,100539,79906.00,
513369,RAJKUMAR FRG,X ,Q,38.55,42.95,38.55,39.00,39.00,39.45,8,149,6085.00,
513375,CARBORUNDUM ,A ,Q,530.15,530.15,513.00,515.15,515.40,521.30,259,4506,2345732.00,
513377,MINERAL&METL,A ,Q,50.05,51.85,47.15,47.85,47.85,50.65,7111,1662396,80701621.00,
513397,VALLABH STEL,X ,Q,11.11,11.11,10.90,11.11,11.11,10.90,4,300,3332.00,
513403,PM TELELINN ,X ,Q,3.60,3.93,3.60,3.93,3.93,3.75,3,1617,5873.00,
513434,TATA METALIK,A ,Q,804.00,843.60,799.30,815.80,815.80,791.55,2374,87573,72410697.00,
513446,JSWISPL     ,B ,Q,27.60,27.70,26.30,26.50,26.40,27.10,492,123731,3318054.00,
513456,KANISHK ST. ,XT,Q,8.70,9.18,8.36,9.18,9.18,8.75,12,2024,17881.00,
513460,MAHALAXMI SM,Z ,Q,4.39,4.39,4.39,4.39,4.39,4.39,1,79,346.00,
513472,SIMPLEX CAST,X ,Q,21.15,22.35,21.00,22.00,21.00,22.05,23,2932,64423.00,
513488,SH.STEEL WIR,X ,Q,19.90,22.10,19.90,22.00,22.00,21.60,25,4421,94588.00,
513498,SOUTH.MAGNES,XT,Q,13.15,13.78,13.15,13.78,13.78,13.13,5,3091,42468.00,
513502,BARODA EXTR.,XT,Q,0.75,0.77,0.71,0.76,0.77,0.74,194,176302,132437.00,
513509,KALYANI FORG,T ,Q,186.05,204.25,186.05,204.05,202.05,194.55,50,3778,769095.00,
513511,PANCH.STEEL ,X ,Q,37.35,37.35,33.60,34.95,33.70,34.40,27,2122,74591.00,
513513,ADITYA ISPAT,X ,Q,3.66,3.83,3.66,3.80,3.80,3.65,7,906,3367.00,
513515,S.R.INDUS.  ,XT,Q,3.42,3.55,3.25,3.28,3.54,3.42,11,4326,14357.00,
513517,STEELCAST   ,X ,Q,140.55,140.55,140.00,140.05,140.00,140.00,11,804,112671.00,
513519,PITTIENG    ,B ,Q,58.20,63.90,58.20,63.20,63.10,59.40,991,99480,6163856.00,
513528,GLITTEK GRAN,X ,Q,1.88,1.88,1.72,1.72,1.72,1.80,8,13859,23944.00,
513532,PRADEEP MET.,X ,Q,53.80,53.80,49.05,50.00,50.00,49.00,37,2980,150122.00,
513536,GNRL        ,XT,Q,16.65,16.75,16.65,16.65,16.65,16.95,48,1991,33150.00,
513548,SHARDA ISPAT,XT,Q,55.35,57.55,55.35,57.50,57.40,56.45,113,7353,416050.00,
513554,MAHA STEEL  ,B ,Q,92.80,98.90,92.70,97.55,97.55,93.95,114,3939,381487.00,
513558,REAL STRIPS ,X ,Q,8.95,8.95,8.95,8.95,8.95,8.95,2,51,456.00,
513566,NOVA IRON&ST,XT,Q,6.95,6.95,6.95,6.95,6.95,6.82,8,442,3071.00,
513579,FOUNDRY FUEL,Z ,Q,1.42,1.42,1.42,1.42,1.42,1.36,3,550,781.00,
513599,HIND.COPPER ,A ,Q,151.00,154.55,143.00,143.00,143.00,150.50,16453,1092150,158622574.00,
513605,SRIPIPES    ,A ,Q,176.20,180.90,174.20,180.15,178.90,176.00,597,18285,3255952.00,
513683,NLCINDIA    ,A ,Q,56.90,57.10,54.85,55.25,55.25,55.05,2656,731851,40961267.00,
513687,SPECTRA IND.,XT,Q,3.25,3.25,3.13,3.13,3.13,3.19,2,11,35.00,
513691,JMT AUTO LTD,T ,Q,2.72,2.82,2.70,2.71,2.75,2.74,104,80027,218959.00,
513693,KIC METALIKS,X ,Q,31.90,32.00,29.05,29.95,29.95,30.80,91,20818,632424.00,
513699,SOLID STONE ,X ,Q,51.75,51.75,50.00,50.00,50.00,51.75,2,2,101.00,
513709,SHILP GRAVUR,X ,Q,91.90,92.50,89.75,90.85,91.60,89.00,87,10575,964580.00,
513713,WHITEORG    ,X ,Q,4.85,5.04,4.62,4.77,4.82,4.73,187,123687,596552.00,
513723,HIMALAYA GR.,X ,Q,20.80,20.80,20.80,20.80,20.80,21.20,4,1903,39582.00,
513729,ARO GRANITE ,B ,Q,50.20,53.00,48.25,49.55,50.40,51.20,367,20619,1055271.00,
514010,HIM.FIBRES  ,XT,Q,2.99,2.99,2.99,2.99,2.99,3.05,5,565,1689.00,
514028,RAJKAMAL SYN,XT,Q,6.30,6.61,6.30,6.61,6.61,6.30,3,250,1575.00,
514030,DEEPAK SPINN,X ,Q,103.95,111.95,103.80,111.30,111.00,102.95,197,29978,3267429.00,
514034,JBF IND.LTD ,B ,Q,12.02,12.60,11.98,12.12,12.10,11.99,374,53442,655882.00,
514036,LOY.TEX MILL,X ,Q,485.50,520.00,485.50,500.00,500.00,480.20,16,252,127180.00,
514043,HIMAT.SEIDE ,A ,Q,160.00,167.00,160.00,162.20,162.10,160.85,1000,40349,6614898.00,
514045,BSL LTD.    ,B ,Q,34.00,34.00,31.00,33.00,33.00,31.85,213,9256,300275.00,
514087,PBM POLYTEX ,X ,Q,58.95,58.95,55.30,58.30,58.30,55.25,16,341,19656.00,
514113,ADHINATH TEX,XT,Q,3.53,3.53,3.53,3.53,3.53,3.60,2,36,127.00,
514138,SURYALATA SP,XT,Q,132.20,132.30,130.00,132.30,132.30,126.00,66,7641,1004600.00,
514140,SURYAVA SPIN,X ,Q,7.15,7.15,7.12,7.15,7.15,6.81,33,46452,331977.00,
514142,TT LTD.     ,B ,Q,50.50,50.50,41.10,47.60,47.50,45.95,77,2331,108876.00,
514162,WELSPUN (I) ,A ,Q,68.00,71.70,68.00,70.55,70.55,68.05,1398,204023,14353134.00,
514165,IND.ACRYLICS,X ,Q,10.70,12.19,10.65,11.81,11.81,10.62,931,484214,5652835.00,
514167,GANESH ECOSP,B ,Q,632.40,687.70,628.40,658.65,658.65,615.40,992,13708,9045816.00,
514171,CEETA IND.  ,XT,Q,6.53,6.53,6.53,6.53,6.53,6.22,18,5520,36045.00,
514175,VARDHMAN POL,B ,Q,23.75,23.75,23.75,23.75,23.75,24.95,26,9128,216790.00,
514183,BLA ROS IND ,X ,Q,130.10,132.50,130.10,131.20,131.60,130.65,588,46340,6090225.00,
514215,BINNY LTD.  ,X ,Q,144.85,148.70,139.10,146.45,144.00,140.70,365,40860,5932133.00,
514223,RAMGOPAL POL,XT,Q,1.75,1.75,1.70,1.70,1.70,1.75,3,12,20.00,
514234,SANGAM INDIA,T ,Q,73.25,76.90,73.25,74.90,76.90,76.40,17,4800,359107.00,
514240,KUSHIND     ,X ,Q,1.81,1.82,1.81,1.82,1.82,1.81,15,2741,4971.00,
514264,SEASONS TEXT,XT,Q,5.79,5.79,5.79,5.79,5.79,6.09,1,100,579.00,
514266,ZENITH FIBRE,X ,Q,39.30,41.00,39.30,40.90,40.95,40.00,21,1885,76003.00,
514272,BHILWARA SP.,X ,Q,12.50,12.50,12.50,12.50,12.50,12.50,1,250,3125.00,
514274,AARVEE DENIM,B ,Q,18.15,18.50,18.05,18.50,18.50,18.20,24,2296,41972.00,
514286,ASHIMA LTD. ,B ,Q,16.50,17.05,15.00,15.72,15.46,16.04,367,792404,12875058.00,
514300,PIONEER EMB ,B ,Q,40.00,41.00,39.60,39.70,39.70,40.40,49,1949,79101.00,
514302,VIPPY SPIN. ,X ,Q,40.50,40.60,40.50,40.60,40.60,40.00,5,414,16788.00,
514312,JAY HIND SYN,XT,Q,2.57,2.57,2.57,2.57,2.57,2.57,2,194,498.00,
514316,RAGHUVIR SYN,X ,Q,220.00,220.00,220.00,220.00,220.00,220.00,1,30,6600.00,
514322,KAMADGIRI   ,X ,Q,29.25,31.50,29.25,30.50,30.50,29.20,10,708,21519.00,
514326,PATSPIN INDI,B ,Q,5.25,5.60,5.22,5.22,5.22,5.49,7,950,5019.00,
514330,ONEGLOBAL   ,X ,Q,4.10,4.10,4.10,4.10,4.10,4.02,1,30,123.00,
514332,NEOINFRA    ,X ,Q,16.50,16.50,16.00,16.00,16.00,15.75,4,515,8247.00,
514354,PREMIER POLY,B ,Q,38.05,39.10,37.60,38.35,38.35,38.95,32,883,33675.00,
514358,EVERLON SYN.,X ,Q,8.89,9.81,8.89,9.81,9.81,9.35,9,746,6877.00,
514360,KRRAIL      ,X ,Q,15.50,15.50,13.60,14.56,14.79,15.06,44,8267,118114.00,
514378,YARN SYNDICA,X ,Q,2.02,2.02,2.02,2.02,2.02,2.02,1,600,1212.00,
514386,GUJ COTEX   ,X ,Q,1.27,1.27,1.27,1.27,1.27,1.26,1,1000,1270.00,
514394,AJIL        ,X ,Q,32.85,32.85,31.05,31.40,31.20,32.25,84,4173,132578.00,
514400,GARWARE SYN.,X ,Q,4.20,4.28,4.20,4.28,4.28,4.20,2,153,650.00,
514412,SARUPINDUS  ,X ,Q,19.00,19.00,19.00,19.00,19.00,19.90,1,100,1900.00,
514418,MANORG      ,X ,Q,553.80,554.00,536.70,538.70,538.70,547.15,658,21081,11498495.00,
514428,HINDU.ADHESI,X ,Q,115.00,118.00,115.00,115.35,115.30,116.75,31,2053,239373.00,
514442,SRI KPR IND ,X ,Q,11.85,12.80,11.85,12.10,12.10,12.27,15,4743,58842.00,
514448,JYOTI RESINS,X ,Q,501.00,508.50,483.05,497.00,497.00,488.85,139,5658,2831685.00,
514450,MAHA.RUBTECH,X ,Q,41.00,41.90,40.10,40.65,40.65,40.00,17,2144,87428.00,
514454,SOUTH.LATEX ,XT,Q,5.50,5.50,5.50,5.50,5.50,5.42,1,300,1650.00,
514470,WIMSOME TEXT,T ,Q,27.00,29.65,26.90,29.05,29.00,28.25,22,13228,361169.00,
514484,THAMBI MOD. ,X ,Q,7.90,7.90,7.90,7.90,7.90,7.53,5,690,5451.00,
515008,MOD.INSUL.  ,XT,Q,47.80,48.50,45.55,47.25,47.80,47.80,40,5590,262488.00,
515030,ASAHI IN.GLA,A ,Q,298.00,323.95,294.55,314.10,314.10,292.90,779,15896,4901022.00,
515037,MURD.CERAM  ,B ,Q,22.35,22.45,22.00,22.05,22.05,22.00,33,3853,85556.00,
515043,SAINT-GOBAIN,X ,Q,73.65,74.00,71.10,72.80,72.80,72.40,1290,259441,18962286.00,
515055,ANANTRAJ    ,B ,Q,53.00,54.10,52.60,54.10,54.10,51.55,475,131840,7105847.00,
515059,MADHUS.IND. ,X ,Q,12.00,12.00,11.00,11.14,11.00,11.51,5,2535,28669.00,
515085,RESTILE CER.,X ,Q,2.30,2.30,2.20,2.23,2.20,2.20,7,647,1477.00,
515093,MADHAV MARB.,B ,Q,60.25,60.40,59.00,59.40,60.40,60.45,55,3277,194985.00,
515145,HIND.NAT.GLS,B ,Q,26.20,26.70,25.70,26.30,25.70,25.90,242,7294,192257.00,
515147,HALDYN GLASS,X ,Q,31.00,31.40,30.30,30.55,30.50,30.60,318,124309,3818899.00,
516003,DUROPLY     ,X ,Q,62.90,65.00,61.80,63.25,63.20,60.95,63,4897,308065.00,
516007,MANGALAM TIM,B ,Q,11.55,11.55,10.94,11.09,11.09,11.38,22,1772,19864.00,
516016,SHREYANS IND,B ,Q,86.80,95.00,85.20,91.65,90.50,86.65,958,35102,3196554.00,
516020,AGIO PAPER  ,XT,Q,2.50,2.50,2.50,2.50,2.50,2.63,4,2100,5250.00,
516022,STAR PAPER  ,B ,Q,130.40,132.50,124.85,126.20,125.15,128.50,1440,77481,9998111.00,
516030,YASHPAKKA   ,X ,Q,85.90,86.00,81.25,82.55,82.55,84.40,634,83786,6984175.00,
516032,SARDA PAPERS,XT,Q,4.56,4.56,4.56,4.56,4.56,4.56,1,100,456.00,
516064,ARROWGREEN  ,T ,Q,78.80,80.95,73.50,77.05,78.35,77.10,71,11179,840123.00,
516072,VISHNU CHEM ,B ,Q,200.25,204.00,195.00,197.65,197.00,198.20,297,7499,1501989.00,
516078,JUMBO BAG   ,Z ,Q,8.31,8.70,8.31,8.70,8.70,8.30,3,1000,8626.00,
516082,N.R.AGARWAL ,B ,Q,263.75,280.00,263.55,268.45,269.00,262.10,946,20848,5685667.00,
516086,SH.RAJES.PAP,XT,Q,3.24,3.24,3.24,3.24,3.24,3.24,1,1,3.00,
516092,3PLAND      ,B ,Q,9.66,9.80,9.30,9.56,9.56,9.52,9,610,5880.00,
516096,SANGAL PAPER,XT,Q,78.00,78.00,78.00,78.00,78.00,78.00,1,25,1950.00,
516098,VENTURA TEXL,X ,Q,2.10,2.20,2.10,2.20,2.20,2.19,5,944,2075.00,
516106,SH.KARTHIK P,X ,Q,2.19,2.21,2.19,2.21,2.21,2.30,12,9805,21629.00,
516108,S.I.PAPER   ,X ,Q,82.50,87.90,82.50,85.60,85.60,82.70,172,19431,1657729.00,
516110,SCANDENT    ,XT,Q,14.65,15.60,14.20,15.55,15.55,14.90,39,102627,1479659.00,
517015,VINDHYA TELE,A ,Q,865.00,870.25,835.00,839.95,842.00,846.05,469,3337,2809683.00,
517035,RUTTONSHA IN,X ,Q,39.00,45.10,38.00,45.10,45.10,37.60,62,9424,406589.00,
517041,ADORWELDING ,B ,Q,318.00,323.95,312.60,315.30,315.90,317.75,219,3542,1126366.00,
517044,INT.DATA MAN,XT,Q,4.09,4.09,4.09,4.09,4.09,4.30,2,2,8.00,
517059,SALZER ELEC ,B ,Q,125.00,125.45,121.35,122.30,122.85,125.00,387,12997,1609803.00,
517063,JETINFOTRAN ,X ,Q,50.35,52.00,47.60,48.15,47.60,50.05,21,608,30118.00,
517096,APLAB LTD.  ,X ,Q,19.20,20.25,19.05,20.25,20.25,19.20,12,1031,19797.00,
517119,PCS TECH    ,X ,Q,5.50,5.65,5.25,5.26,5.26,5.52,30,9962,52808.00,
517146,USHA MART.LT,A ,Q,30.80,31.40,29.30,29.70,29.70,30.35,724,145006,4377991.00,
517166,SPEL SEMICON,XT,Q,13.95,14.25,13.50,13.90,13.70,13.98,160,57666,798861.00,
517168,SUBROS LTD. ,A ,Q,354.50,354.50,321.95,332.25,332.20,343.40,497,11682,3871286.00,
517170,KLKELEC     ,XT,Q,15.25,15.35,15.25,15.35,15.35,14.65,3,1300,19835.00,
517174,HONEYWELL   ,A ,Q,46081.15,47209.00,46016.20,46944.55,47142.40,45801.80,240,1350,63057282.00,
517201,SWITCH.TECH.,X ,Q,30.00,30.00,30.00,30.00,30.00,29.55,1,10,300.00,
517206,LUMAX IND   ,B ,Q,1695.00,1738.00,1666.05,1704.45,1704.45,1629.60,594,1942,3300689.00,
517214,DIGISPICE   ,T ,Q,114.05,114.05,103.25,103.25,103.25,108.65,460,45811,4963777.00,
517230,PREM.AU.ELEC,Z ,Q,4.86,4.86,4.86,4.86,4.86,4.63,12,8623,41907.00,
517236,CALCOM VISIO,XT,Q,21.00,21.00,20.80,21.00,21.00,21.85,5,296,6210.00,
517238,DYNAVISION  ,XT,Q,68.50,69.80,66.15,66.50,66.55,66.50,11,950,65467.00,
517246,BCC FUBA    ,XT,Q,12.01,12.02,11.50,11.55,11.55,12.00,8,1820,21391.00,
517258,PRECISION EL,XT,Q,32.00,32.60,29.55,32.55,32.60,31.05,58,7464,238832.00,
517271,HBL P SYS   ,B ,Q,41.00,41.95,39.95,40.05,40.00,40.75,805,121173,4966401.00,
517273,S&S POWER SW,T ,Q,22.25,22.25,22.25,22.25,22.25,21.20,9,786,17488.00,
517288,GUJARATPOLY ,X ,Q,7.65,7.65,7.65,7.65,7.65,7.65,2,17,130.00,
517300,GUJ.IND.POW.,A ,Q,83.50,86.95,83.00,84.65,84.65,82.00,2324,211733,18006776.00,
517320,SAV INFOCOM ,XT,Q,1.64,1.64,1.64,1.64,1.64,1.71,3,639,1047.00,
517330,CMI LTD.    ,T ,Q,59.00,61.85,56.10,60.90,60.90,58.95,99,11597,691145.00,
517334,MOTHERSON SS,A ,Q,236.00,238.20,231.55,232.90,232.90,232.55,6027,801003,187997752.00,
517344,MINDTECK (I),B ,Q,46.50,47.10,45.35,47.10,47.10,44.90,42,5691,267694.00,
517354,HAVELLSINDIA,A ,Q,1150.00,1174.90,1143.15,1164.55,1164.00,1144.30,3464,95823,111351885.00,
517356,ACI INFOCOM ,X ,Q,0.36,0.36,0.36,0.36,0.36,0.35,6,2265,815.00,
517370,INCAP LTD.  ,XT,Q,20.05,20.05,19.30,20.00,20.00,20.25,7,1500,29655.00,
517372,GUJ.INTRUX  ,X ,Q,104.00,106.95,100.05,106.90,106.95,104.95,29,807,84813.00,
517380,IGARSHI MOT ,A ,Q,323.55,334.55,322.90,326.00,325.00,319.90,543,15380,5052249.00,
517385,SYMPHONY    ,A ,Q,1500.00,1529.65,1346.10,1369.65,1369.65,1445.50,3606,35246,50098301.00,
517393,VINTRON INF.,X ,Q,0.71,0.72,0.71,0.71,0.71,0.73,11,32084,22779.00,
517411,SHYAM TELEC.,T ,Q,11.06,11.06,11.06,11.06,11.06,10.54,11,2757,30492.00,
517417,PATEL AIRTEM,X ,Q,147.95,148.00,143.55,146.10,146.90,145.40,150,6705,983437.00,
517421,BFLYGANDHI  ,B ,Q,562.25,567.30,552.05,563.60,558.90,553.00,4213,54969,30859800.00,
517429,ATHENAGLO   ,XT,Q,41.00,43.95,41.00,41.00,41.00,42.85,104,10300,448196.00,
517437,DUTRON POLY.,XT,Q,138.00,138.05,138.00,138.05,138.05,131.50,3,205,28300.00,
517447,R.S.SOFTWARE,B ,Q,24.55,25.75,24.55,25.75,25.75,24.55,159,15317,389611.00,
517449,MAGNA ELECTR,X ,Q,172.00,199.00,172.00,177.35,177.00,168.25,160,9997,1805950.00,
517467,MARSONS     ,Z ,Q,11.05,11.05,11.05,11.05,11.05,10.53,17,4305,47570.00,
517477,ELNET TECH. ,X ,Q,125.50,128.45,125.00,126.05,125.55,127.35,78,2639,332660.00,
517494,ACCEL       ,XT,Q,14.32,14.32,13.70,14.26,14.28,13.64,245,160024,2271214.00,
517498,WEBELSOLAR  ,B ,Q,40.75,41.95,39.30,40.00,40.00,40.85,218,23749,959048.00,
517500,ROTO PUMPS  ,X ,Q,137.95,140.00,135.15,137.95,138.15,137.00,313,21651,2984466.00,
517506,TTK PRESTIGE,A ,Q,7900.05,8000.00,7606.90,7671.95,7697.00,7924.65,684,1916,14774794.00,
517514,DHINDIA     ,X ,Q,14.80,15.50,14.80,15.04,15.04,14.90,11,1900,28954.00,
517522,RAJ GLO WIR ,B ,Q,626.45,635.75,619.15,630.80,635.75,631.55,119,1711,1075754.00,
517530,SURANATP    ,B ,Q,4.69,5.04,4.67,4.89,4.89,4.81,120,30341,146901.00,
517536,ONWARD TECHN,B ,Q,104.90,105.65,102.45,103.50,103.15,102.00,425,15861,1653661.00,
517544,CENTUM ELEC ,B ,Q,436.60,444.35,426.95,441.70,442.00,441.85,65,453,198901.00,
517546,ALFA TRANSFO,X ,Q,13.24,13.24,12.75,13.23,13.23,12.61,10,2995,39082.00,
517548,STARLITE COM,Z ,Q,2.60,2.86,2.60,2.78,2.85,2.73,39,12812,34929.00,
517554,NHCFOODS    ,X ,Q,6.81,7.10,6.81,6.86,6.86,7.05,11,964,6702.00,
517562,TRIGYN TECH ,B ,Q,68.05,72.00,68.05,70.50,71.00,69.35,194,14306,1011196.00,
517569,KEI INDUST. ,A ,Q,494.00,505.25,494.00,500.10,500.10,495.65,503,89730,45030071.00,
517571,IMPPOWERS   ,B ,Q,16.75,16.75,15.70,16.00,16.00,16.35,24,1485,23898.00,
518029,GUJ.SIDH.CEM,B ,Q,38.00,38.15,37.15,37.40,37.40,37.55,193,29688,1119882.00,
518075,SURAJ PRODUC,Z ,Q,30.55,32.05,30.55,32.05,32.05,30.55,11,695,22239.00,
518091,ANJANI PORTL,B ,Q,207.90,232.20,207.90,223.35,223.35,210.05,2724,71833,16092940.00,
519003,MODINATURAL ,X ,Q,65.10,72.45,65.10,72.45,72.45,70.00,16,1368,95530.00,
519091,TASTY BITE  ,A ,Q,14877.95,14945.00,14143.90,14333.85,14362.00,14575.15,116,325,4730050.00,
519097,RITESH INTER,X ,Q,19.85,20.20,19.85,20.20,20.20,19.25,34,7289,146469.00,
519105,AVT NATURAL ,B ,Q,46.20,49.55,46.20,48.10,47.80,45.80,923,98692,4761053.00,
519126,HIND.FOODS  ,B ,Q,2141.25,2200.00,2141.25,2185.35,2170.00,2169.80,276,645,1409460.00,
519136,NAHAR INDUST,B ,Q,51.05,51.85,49.30,51.40,51.60,49.60,162,18275,935273.00,
519152,VADILAL ENT ,XT,Q,1784.95,1785.00,1700.00,1785.00,1785.00,1700.00,25,307,537890.00,
519156,VADILAL IND ,B ,Q,894.00,923.80,878.30,907.45,906.00,888.65,367,3739,3337515.00,
519174,ASHIANA AGRO,XT,Q,9.16,9.16,9.16,9.16,9.16,8.99,8,590,5404.00,
519183,ADF FOODS LT,A ,Q,923.65,923.65,874.50,880.95,875.00,871.75,655,4976,4398871.00,
519191,RGRL        ,X ,Q,24.40,25.40,24.40,25.25,25.25,24.75,26,17985,449864.00,
519216,AJANTA SOYA ,X ,Q,87.50,87.50,83.15,84.45,84.45,85.85,170,12444,1052798.00,
519224,WILLIAM.MAGO,B ,Q,21.75,21.75,21.60,21.75,21.75,20.75,38,468,10171.00,
519234,SIEL        ,XT,Q,16.15,16.17,16.15,16.17,16.17,15.40,5,133,2148.00,
519260,SANWARIA    ,Z ,Q,0.90,0.90,0.82,0.82,0.82,0.86,595,3099564,2600664.00,
519262,PRIMA AGRO L,XT,Q,17.20,17.20,17.05,17.05,17.05,17.90,15,36107,615670.00,
519285,TARAI FOODS ,XT,Q,5.10,5.62,5.10,5.42,5.62,5.36,12,874,4636.00,
519287,MODERN DAIRI,X ,Q,12.32,12.32,12.32,12.32,12.32,11.74,77,99231,1222525.00,
519295,BAMBINO AGRO,X ,Q,188.10,190.95,185.15,186.55,186.80,188.90,119,3511,658461.00,
519299,PRIME INDS. ,Z ,Q,3.41,3.41,3.41,3.41,3.41,3.25,2,800,2728.00,
519307,VIKAS WSP   ,B ,Q,6.00,6.00,5.80,6.00,6.00,5.72,425,712014,4254474.00,
519319,JATALIA     ,XT,Q,6.14,6.14,5.85,6.00,6.00,5.85,4,5,30.00,
519359,POONA DAL   ,X ,Q,38.25,39.00,37.15,38.95,38.95,38.05,46,2396,91953.00,
519367,TRANSGL.FOOD,X ,Q,189.70,189.70,189.70,189.70,189.70,180.70,11,145,27506.00,
519383,ANIK INDS   ,B ,Q,16.55,16.95,16.50,16.55,16.50,16.90,30,604,10026.00,
519397,SHARAT INDUS,XT,Q,21.85,24.15,21.85,23.50,23.50,23.00,43,6311,138686.00,
519421,KSE LIMITED ,XT,Q,2250.05,2330.00,2250.00,2278.10,2250.15,2289.00,103,1661,3814941.00,
519439,PIONEER AGRO,X ,Q,7.90,7.90,7.90,7.90,7.90,7.80,1,90,711.00,
519455,NARBADA     ,XT,Q,28.90,28.90,27.40,27.55,27.55,28.80,6,820,22663.00,
519457,VIRAT CRANE ,X ,Q,24.50,24.70,23.50,24.00,24.00,24.00,34,6514,156998.00,
519463,IB INFOTECH ,XT,Q,15.20,15.20,15.20,15.20,15.20,14.50,1,50,760.00,
519475,CHORDIA FOOD,X ,Q,102.05,107.95,101.95,103.15,103.25,107.95,20,351,36637.00,
519477,CIANAGRO    ,XT,Q,34.25,36.05,33.05,36.00,36.00,34.35,55,15358,544187.00,
519483,TAI INDUST. ,XT,Q,12.06,12.06,10.93,12.05,12.05,11.50,4,610,7266.00,
519494,N K INDUST. ,B ,Q,23.45,23.45,23.40,23.40,23.40,22.35,9,525,12310.00,
519500,BKV INDUSTRS,XT,Q,3.43,3.43,3.37,3.37,3.37,3.43,7,2125,7215.00,
519506,NCC BLUE WAT,P ,Q,3.23,3.23,3.23,3.23,3.23,3.39,6,4100,13243.00,
519532,ASIAN TEA   ,X ,Q,18.00,18.00,16.50,17.40,17.40,17.60,39,9972,171165.00,
519552,HERITGFOOD  ,A ,Q,330.30,358.95,330.30,343.15,343.50,349.15,992,17585,6135362.00,
519566,SIMRAN FARMS,XT,Q,69.90,72.70,69.90,72.70,72.70,71.30,77,17293,1215691.00,
519588,DFM FOODS   ,A ,Q,384.00,386.00,376.65,378.60,378.60,379.30,446,6953,2638785.00,
519600,CCL PRODUCTS,A ,Q,246.15,252.80,243.00,250.55,250.55,244.70,1614,43231,10754352.00,
519602,KELLTONTEC  ,B ,Q,75.70,75.70,73.05,73.50,73.60,73.75,257,31337,2312822.00,
519612,MAHAAN FOODS,X ,Q,17.05,17.05,16.45,16.55,16.55,17.00,15,896,14866.00,
520008,RICO AUTO   ,A ,Q,44.50,44.50,39.70,41.60,41.60,42.40,478,108596,4593448.00,
520021,OMAX AUTOS. ,B ,Q,43.00,49.00,43.00,47.60,47.50,46.65,204,16252,767871.00,
520043,MUNJAL SHOWA,B ,Q,157.45,165.00,156.40,162.40,163.70,156.40,312,11961,1923251.00,
520051,JAMNA AUTO  ,A ,Q,69.25,70.75,69.25,70.40,70.50,68.95,1748,179152,12582940.00,
520056,SUNDAR.CLAY ,A ,Q,3620.05,3707.00,3501.05,3510.65,3541.45,3566.40,70,408,1496407.00,
520057,JTEKTINDIA  ,A ,Q,89.50,89.90,87.60,87.80,88.25,89.05,618,27045,2392089.00,
520059,MUNAUTO     ,B ,Q,62.15,63.00,61.50,62.20,62.20,61.75,379,29070,1808613.00,
520066,JAYBH.MARUTI,B ,Q,242.00,256.85,242.00,249.95,246.75,241.75,207,4376,1093924.00,
520073,RACLGEAR    ,X ,Q,263.00,263.85,257.00,262.20,262.20,257.70,219,15746,4110375.00,
520075,SAMKRG PIST.,X ,Q,160.05,172.90,160.05,170.70,170.70,162.55,392,33279,5572616.00,
520086,SICAL LOG   ,B ,Q,17.20,17.20,16.10,16.25,16.25,16.90,324,59991,981473.00,
520111,RATNAMNI MET,A ,Q,2050.00,2050.00,1943.05,1964.60,1958.30,1982.50,405,1562,3094943.00,
520113,VESUVIUS IND,A ,Q,1056.40,1056.40,1026.95,1037.95,1049.50,1042.60,167,700,732879.00,
520119,AUTOMOTIVE S,T ,Q,38.75,39.50,38.15,38.20,38.20,38.40,22,6920,267711.00,
520123,ABC INDIA   ,X ,Q,59.00,60.35,58.75,59.30,60.20,60.35,16,1258,74380.00,
520127,BALURGHAT TE,X ,Q,8.01,8.02,8.00,8.00,8.00,8.00,12,7146,57185.00,
520141,SIBAR AUTO  ,X ,Q,7.70,8.08,7.36,7.64,7.61,7.70,10,134,1065.00,
520151,SHREY SH LOG,B ,Q,86.00,89.50,85.00,85.40,85.85,84.05,271,17764,1545975.00,
520155,STARLOG     ,X ,Q,15.56,15.56,12.87,13.43,13.05,14.15,52,3967,55438.00,
521016,INDO COUNT  ,A ,Q,128.05,128.95,122.95,127.95,128.00,128.05,733,50639,6365563.00,
521018,MARAL OVERS ,T ,Q,28.45,29.60,28.35,29.50,29.50,28.35,89,21143,619441.00,
521034,SOMA TEXTILE,T ,Q,7.50,8.26,7.48,7.94,7.99,7.87,85,41212,313921.00,
521064,TRIDENT     ,A ,Q,13.97,14.35,13.94,14.10,14.10,13.96,8348,4289798,60689328.00,
521070,ALOK INDS.  ,B ,Q,19.75,22.80,19.70,22.10,22.10,19.65,15635,12002256,262167100.00,
521080,PASARI SPIN ,XT,Q,1.36,1.36,1.32,1.32,1.32,1.36,14,9024,12211.00,
521082,SPENTEX INDS,Z ,Q,0.71,0.71,0.71,0.71,0.71,0.74,7,3651,2592.00,
521097,AMARJOTHI SP,X ,Q,102.00,112.00,102.00,109.15,110.00,101.25,328,23648,2552876.00,
521105,OLYMPIA IND.,XT,Q,50.45,50.45,50.45,50.45,50.45,48.05,13,2850,143782.00,
521109,NAGREEKA EXP,B ,Q,17.70,18.15,17.40,18.15,18.15,17.30,18,1238,22305.00,
521113,SUDITI IND. ,X ,Q,10.01,10.75,10.00,10.75,10.75,10.24,5,1201,12170.00,
521131,SBFL        ,X ,Q,5.31,5.31,5.31,5.31,5.31,5.21,2,129,684.00,
521141,ADITYA SPIN.,XT,Q,5.74,6.25,5.74,5.86,5.86,5.96,13,1253,7761.00,
521151,DHANLXMI FAB,X ,Q,18.40,18.40,16.80,17.40,17.40,17.65,7,2349,41533.00,
521161,SRI LAK.SAR.,X ,Q,6.10,6.10,6.10,6.10,6.10,6.40,1,50,305.00,
521163,ZODIAC CLOTH,B ,Q,105.80,108.75,104.15,105.40,105.40,105.00,3148,91887,9777189.00,
521180,SUPER SPIN. ,B ,Q,4.62,4.88,4.62,4.88,4.88,4.65,21,13926,67542.00,
521188,UNITED TEXT.,XT,Q,3.45,3.45,3.45,3.45,3.45,3.36,2,2,6.00,
521194,SIL INVEST  ,B ,Q,203.00,208.00,203.00,206.45,207.00,202.90,62,1121,230584.00,
521200,SURYLAK.COTT,B ,Q,29.70,31.00,28.40,29.15,29.15,28.95,280,7603,226178.00,
521206,SAMTEX FASH.,XT,Q,1.48,1.48,1.48,1.48,1.48,1.51,10,7103,10512.00,
521216,DHAN ROTO SP,X ,Q,29.15,32.90,29.15,30.75,32.90,30.00,40,13909,420194.00,
521220,DAMOINDUS   ,B ,Q,33.50,34.50,33.05,34.35,33.05,33.50,177,4333,148320.00,
521222,SANBLUE     ,X ,Q,12.00,12.00,12.00,12.00,12.00,12.00,1,1,12.00,
521226,UNI ROYAL IN,XT,Q,5.15,5.67,5.15,5.67,5.67,5.40,5,660,3690.00,
521228,TATIA GLOB  ,XT,Q,0.58,0.58,0.58,0.58,0.58,0.56,7,11689,6779.00,
521234,SRI NACHAMAI,XT,Q,13.20,13.30,13.20,13.30,13.30,12.67,8,1354,17958.00,
521240,SAMBANDAM SP,XT,Q,92.00,92.00,84.00,90.75,90.75,88.25,10,342,29118.00,
521248,KITEX GARMEN,A ,Q,110.00,110.00,106.60,107.15,107.15,106.25,269,13742,1482457.00,
522004,BATLIBOI LTD,X ,Q,13.18,13.18,12.52,12.59,12.59,13.17,67,17050,214942.00,
522005,AUSTIN ENGG.,X ,Q,45.00,47.00,43.40,44.65,44.55,44.40,30,1314,58530.00,
522014,UNITED DRILL,B ,Q,265.00,269.25,259.55,262.85,262.80,259.00,86,3007,785855.00,
522017,FLUIDOMAT   ,X ,Q,91.90,92.00,89.40,91.00,91.00,92.40,15,330,30024.00,
522027,EMA INDIA   ,XT,Q,4.07,4.07,4.07,4.07,4.07,3.88,1,200,814.00,
522029,WINDSOR MACH,B ,Q,21.70,21.75,21.45,21.50,21.50,21.45,80,7353,158286.00,
522034,SHANTHI GEAR,B ,Q,137.25,138.55,134.70,136.20,136.35,136.85,557,19928,2729104.00,
522036,MIVEN MACHIN,X ,Q,5.84,6.14,5.84,5.85,5.85,6.14,8,1324,7755.00,
522064,HONDAPOWER  ,A ,Q,1121.95,1122.55,1077.05,1079.70,1081.20,1098.15,333,952,1037537.00,
522073,HITECHGEAR  ,B ,Q,179.00,183.80,177.00,178.00,178.00,175.55,212,1360,245569.00,
522074,ELGI EQUIP  ,A ,Q,185.00,185.00,178.40,180.25,178.40,181.60,156,5539,999402.00,
522091,UV DER HORST,X ,Q,21.40,21.40,21.40,21.40,21.40,22.50,1,10,214.00,
522101,KILBURN ENGG,X ,Q,24.95,25.85,23.55,24.45,24.45,22.20,471,113910,2827987.00,
522105,BIRLA PRETEC,X ,Q,10.26,10.26,9.79,10.14,10.14,9.78,323,147081,1485803.00,
522108,YUKEN INDIA ,X ,Q,471.00,494.95,471.00,479.60,476.10,478.90,224,32191,15573639.00,
522113,TIMKEN (I)  ,A ,Q,1274.00,1301.00,1274.00,1295.65,1293.00,1292.15,143,788,1021141.00,
522122,VOITH PAPER ,X ,Q,1110.00,1140.00,1100.00,1130.00,1130.00,1125.25,43,1077,1206011.00,
522134,ARTSON ENG  ,X ,Q,47.95,49.70,46.10,49.70,49.70,41.45,1337,351155,17183348.00,
522152,SOLITAIR MC ,X ,Q,24.00,24.00,23.00,23.70,23.70,23.45,32,2936,68890.00,
522163,DIAMONPOWER ,Z ,Q,0.91,0.95,0.91,0.95,0.95,0.95,11,21000,19815.00,
522165,INDSIL HYD  ,XT,Q,13.25,13.30,12.55,13.02,13.25,12.98,62,18200,235079.00,
522183,ITL INDUSTRS,X ,Q,116.50,126.95,116.50,118.65,118.75,118.80,67,7204,854378.00,
522195,FRONTIER SPR,X ,Q,278.00,285.90,276.00,280.45,280.45,273.55,235,7616,2135740.00,
522205,PRAJ IND.LTD,A ,Q,174.70,179.25,168.80,172.05,172.05,173.20,2987,224268,38921961.00,
522207,RASANDIK ENG,XT,Q,71.35,71.40,64.65,69.40,71.00,68.05,15,967,68117.00,
522209,YOGI SUNGWON,XT,Q,2.41,2.49,2.31,2.33,2.33,2.41,11,783,1843.00,
522215,HLEGLAS     ,B ,Q,2222.00,2423.00,2171.05,2400.70,2390.00,2208.80,1637,28743,68293503.00,
522217,GUJ APOIND  ,B ,Q,215.55,218.45,215.55,217.00,217.00,215.70,70,677,146981.00,
522229,TANEJA AERO.,X ,Q,36.00,36.00,34.20,34.75,34.45,33.80,290,57688,2035685.00,
522231,CONART ENG. ,X ,Q,27.00,27.45,27.00,27.00,27.00,27.45,12,2727,73885.00,
522237,SHIVAGRICO  ,XT,Q,5.52,5.52,5.52,5.52,5.52,5.52,1,500,2760.00,
522241,M.M.FORGINGS,B ,Q,482.00,520.00,475.05,500.15,500.00,469.00,221,2902,1442316.00,
522245,IYKOT HITEC ,Z ,Q,8.88,8.88,8.88,8.88,8.88,8.46,1,300,2664.00,
522249,MAYUR UNIQ. ,A ,Q,419.50,422.55,410.00,417.95,418.40,417.25,405,6811,2843525.00,
522251,CENLUB INDUS,X ,Q,58.50,59.00,56.70,57.00,56.70,58.60,47,5710,330626.00,
522257,RAJOO ENGIN.,X ,Q,22.10,22.80,21.80,22.05,22.05,22.05,170,39899,891716.00,
522263,JMC PROJECTS,A ,Q,76.50,77.55,76.05,77.15,77.15,76.35,430,38965,2994810.00,
522267,VEEJAY LAKSH,XT,Q,27.15,27.15,27.15,27.15,27.15,25.90,12,2155,58508.00,
522275,GET&D       ,A ,Q,136.00,138.85,131.50,136.15,135.00,135.95,597,36273,4907135.00,
522281,RAM RAT.WIRE,X ,Q,94.50,95.50,92.00,93.80,93.95,93.35,102,4654,436592.00,
522285,JAY NECO IND,B ,Q,9.41,9.41,9.41,9.41,9.41,8.97,79,180293,1696557.00,
522287,KALPA.POWER ,A ,Q,399.50,406.15,388.20,398.70,398.00,390.70,1005,29303,11717247.00,
522289,NMSRESRC    ,XT,Q,3.30,3.30,3.30,3.30,3.30,3.20,3,103,339.00,
522292,CHANDNI TE  ,X ,Q,65.00,66.75,64.75,66.05,66.00,66.50,229,56967,3727667.00,
522294,T & I GLOBAL,X ,Q,95.40,96.10,92.75,95.40,96.00,93.50,104,4852,460612.00,
522295,CONTROL PRNT,B ,Q,231.80,233.00,225.05,228.75,230.50,231.95,170,3513,798778.00,
522650,BEMCO HYDRAU,X ,Q,279.55,279.55,268.65,270.90,275.95,274.10,65,3351,916687.00,
523007,ANSAL BUILD.,X ,Q,48.25,48.50,45.50,47.35,46.50,47.60,35,6575,311558.00,
523011,WEIZMANN LTD,B ,Q,46.10,46.80,46.10,46.15,46.15,45.55,23,264,12216.00,
523019,B.N.RATHI SE,X ,Q,24.10,26.45,24.10,26.00,26.00,24.55,66,7666,195978.00,
523021,RISHITECH   ,XT,Q,21.20,21.20,20.30,21.00,21.00,21.20,12,1730,36072.00,
523023,SINCLAIR HOT,X ,Q,50.75,56.75,49.60,52.70,52.70,50.55,745,225801,12186634.00,
523025,SAFARI IND. ,A ,Q,683.65,683.65,668.00,679.10,680.95,666.80,219,2532,1718628.00,
523100,COSMO FERR. ,XT,Q,17.45,17.55,16.55,17.55,17.55,16.75,24,4632,81074.00,
523116,SANCO TRANS ,X ,Q,220.90,220.90,220.90,220.90,220.90,219.15,1,1,220.00,
523120,ADOR MULTI. ,X ,Q,118.65,128.00,118.65,119.10,118.65,124.85,139,13066,1574921.00,
523127,EIH ASSO.HOT,B ,Q,273.10,291.30,273.10,287.20,287.30,273.40,217,1373,388973.00,
523144,MEDI CAPS   ,X ,Q,33.60,33.60,31.70,32.70,32.70,32.40,74,18721,612358.00,
523160,MORGAN CRU  ,X ,Q,835.10,849.95,835.10,839.35,837.05,839.70,33,481,403154.00,
523204,ABAN OFFSHO ,B ,Q,35.80,38.40,35.80,38.40,38.40,36.60,468,93766,3575881.00,
523207,KOKUYOCMLN  ,B ,Q,64.95,68.70,64.40,66.75,66.75,64.75,1487,85502,5715289.00,
523229,BHARAT SEATS,X ,Q,82.90,82.90,81.20,81.55,81.50,81.90,183,16035,1312568.00,
523232,CONT.PETRO  ,XT,Q,37.25,37.25,37.25,37.25,37.25,36.55,31,1707,63585.00,
523248,MACHINO PLAS,X ,Q,95.50,95.50,91.80,92.10,92.00,93.60,17,710,66526.00,
523261,VENKEY'S (I),A ,Q,1611.00,1690.00,1611.00,1658.10,1658.10,1605.65,1608,15533,25949195.00,
523269,ADVANI HOTEL,B ,Q,53.30,53.55,51.60,53.00,53.00,52.00,36,762,40369.00,
523277,G.V.FILMS   ,X ,Q,0.40,0.40,0.38,0.40,0.40,0.39,101,341067,136102.00,
523283,SUPER HOUSE ,B ,Q,130.00,133.55,130.00,130.90,130.90,129.55,181,2267,299462.00,
523289,RAMA VISION ,X ,Q,7.00,7.00,6.60,7.00,7.00,6.93,9,3180,21794.00,
523301,TCPL PACK   ,B ,Q,382.70,409.00,382.70,405.65,396.75,377.30,91,387,150880.00,
523319,BALMER LAWRI,A ,Q,129.50,131.80,127.35,128.15,128.15,129.00,2788,123994,16109861.00,
523323,KOVAI MEDI. ,X ,Q,1065.30,1078.95,1050.00,1065.50,1075.35,1070.05,208,2369,2520495.00,
523329,ELDECO HOUS.,X ,Q,2149.00,2149.00,2061.60,2108.80,2108.80,2082.60,38,225,476183.00,
523367,DCMSHRIRAM  ,A ,Q,505.10,540.10,495.00,530.65,524.00,493.80,1803,37527,19378122.00,
523369,DCM SHR.IND ,X ,Q,194.95,194.95,191.00,192.00,192.00,189.95,231,25343,4883414.00,
523371,MAWANA SUGAR,B ,Q,42.00,42.80,40.35,42.15,41.95,40.70,551,27608,1160706.00,
523384,MAH.RAS.APEX,T ,Q,75.55,78.95,75.25,78.40,78.40,79.15,27,3968,298995.00,
523385,NILKAMAL L  ,A ,Q,1841.00,1949.45,1841.00,1883.90,1883.90,1828.25,1376,5711,10893466.00,
523391,NAHAR POLY  ,B ,Q,96.90,96.90,89.10,92.90,92.70,92.10,290,14426,1348743.00,
523395,3M INDIA LTD,A ,Q,25142.40,26028.00,24968.15,25963.65,25998.10,25009.00,316,639,16386228.00,
523398,JCHAC       ,A ,Q,2805.00,2936.70,2805.00,2836.75,2836.75,2802.25,923,3587,10279422.00,
523405,JM FINANCIAL,A ,Q,94.90,99.00,92.75,96.95,96.95,92.55,1407,189796,18381333.00,
523411,ADCINDIA    ,X ,Q,201.00,220.35,201.00,217.80,217.80,211.60,34,705,152547.00,
523419,TAMIL.TELE. ,T ,Q,5.84,5.84,5.84,5.84,5.84,6.14,20,4408,25742.00,
523425,SUNRAJ DIAM.,Z ,Q,1.72,1.72,1.72,1.72,1.72,1.64,2,557,958.00,
523445,REL INDL INF,A ,Q,439.60,440.00,423.00,433.35,433.35,434.90,1983,56458,24298760.00,
523449,SHARP INDIA ,X ,Q,33.70,35.75,33.70,34.25,34.25,35.20,22,4696,161130.00,
523457,LINDEINDIA  ,A ,Q,1748.00,1835.00,1738.00,1791.80,1791.80,1724.45,1593,11226,20113721.00,
523465,IND.BANK HSG,B ,Q,37.10,39.95,37.10,38.65,39.35,38.85,64,4357,168883.00,
523475,LOTUS CHOC  ,X ,Q,16.15,16.90,16.00,16.25,16.15,16.15,28,7299,118862.00,
523483,PACIFIC IND.,X ,Q,140.00,145.00,127.15,138.15,138.15,138.95,52,5427,750426.00,
523519,UNI OFF AUTO,X ,Q,2.64,2.65,2.64,2.65,2.65,2.53,4,2100,5555.00,
523537,APM INDUS.  ,X ,Q,22.20,24.60,22.20,22.70,22.85,23.00,67,9319,215502.00,
523539,PRECISION WR,B ,Q,177.00,178.95,174.70,176.40,175.30,174.50,330,7022,1237273.00,
523550,KRYPTON IND ,X ,Q,10.46,10.46,10.09,10.27,10.27,10.04,93,13838,141943.00,
523566,MARTIN BURN ,X ,Q,25.70,25.70,25.00,25.50,25.50,25.70,8,1201,30326.00,
523574,FEL         ,B ,Q,10.10,10.16,10.04,10.08,10.15,10.07,633,203478,2053690.00,
523586,IND.TONERS  ,X ,Q,128.80,131.00,127.00,130.00,130.00,127.90,159,20156,2597500.00,
523594,KUNSTSTOFFE ,X ,Q,25.00,26.00,25.00,26.00,26.00,26.30,10,1000,25500.00,
523598,SHIPP.CORPN ,A ,Q,133.40,134.00,121.45,123.40,123.40,124.40,18258,1784978,228875316.00,
523606,SIKA INTER. ,X ,Q,363.00,363.00,341.20,347.95,350.00,357.60,90,4206,1470345.00,
523610,ITI LTD.    ,A ,Q,129.70,132.90,129.30,130.20,129.80,130.70,690,55704,7313971.00,
523618,DREDGING COR,A ,Q,434.00,439.85,418.75,421.85,421.85,434.70,1995,53992,22983060.00,
523620,PHARMASIA   ,XT,Q,30.00,30.00,30.00,30.00,30.00,30.70,1,20,600.00,
523628,PODDAR      ,T ,Q,210.00,210.00,210.00,210.00,210.00,215.00,1,50,10500.00,
523630,NATIONAL FER,A ,Q,65.70,67.50,61.15,61.35,61.35,64.65,8652,1117750,70112992.00,
523638,IP RINGS LTD,X ,Q,89.60,89.60,84.00,84.05,84.10,85.60,28,1182,100451.00,
523642,PI INDUS.LTD,A ,Q,2300.00,2328.85,2270.20,2280.20,2283.00,2274.15,2499,26384,60811102.00,
523648,PLASTIBLEND ,B ,Q,249.10,255.00,242.50,245.80,245.80,248.50,31,492,122301.00,
523652,KKPLASTICK  ,XT,Q,3.94,3.94,3.58,3.94,3.94,3.76,15,4690,18468.00,
523660,WATERBASE   ,A ,Q,112.40,114.50,110.50,112.95,112.85,110.60,541,28127,3188670.00,
523672,FLEX FOODS  ,X ,Q,84.00,85.65,79.20,80.15,80.20,83.90,239,18402,1494502.00,
523676,GOLKUNDA DIA,X ,Q,19.25,19.50,18.00,19.50,19.50,18.55,7,153,2765.00,
523694,APCOTEX IND ,A ,Q,182.20,191.45,181.70,184.40,182.15,181.15,865,24780,4579942.00,
523696,FORTIS MLR  ,X ,Q,53.00,53.95,53.00,53.30,53.95,53.65,14,1034,55133.00,
523704,MASTEK LTD  ,A ,Q,1185.00,1285.50,1185.00,1228.75,1228.75,1160.05,4514,72921,90986655.00,
523708,EIMCO ELECON,B ,Q,349.60,355.00,344.00,350.15,350.50,346.65,177,1974,691043.00,
523710,SAYAJI HOTEL,XT,Q,200.55,221.30,200.55,221.30,221.30,210.80,67,2105,459702.00,
523712,JMG CORP LTD,P ,Q,0.99,0.99,0.99,0.99,0.99,1.04,3,1500,1485.00,
523716,ASHIANA HOU ,B ,Q,120.00,121.50,116.65,118.75,117.00,119.50,916,43411,5195383.00,
523722,SVAM SOFTWAR,XT,Q,1.95,1.95,1.95,1.95,1.95,1.98,40,18230,35548.00,
523732,ECO BOARD IN,XT,Q,5.18,5.18,4.70,5.18,5.18,4.94,34,24863,117504.00,
523736,DVL         ,B ,Q,96.80,100.30,94.05,95.80,95.05,96.60,151,6145,599111.00,
523752,IO SYSTEM   ,X ,Q,1.84,1.94,1.61,1.61,1.61,1.77,9,3204,6026.00,
523754,MAHEPC      ,B ,Q,157.50,157.50,154.20,154.80,154.20,152.35,322,20404,3169487.00,
523756,SREIINFRA   ,B ,Q,6.84,8.19,6.84,7.86,7.86,6.84,1148,772365,5785416.00,
523782,MITSHI      ,X ,Q,16.75,17.90,15.25,16.65,16.65,16.40,65,12047,201004.00,
523790,SHUKRA JEW  ,P ,Q,12.55,12.55,12.55,12.55,12.55,12.55,3,400,5020.00,
523792,MAZDA LTD   ,B ,Q,511.00,532.00,511.00,527.05,527.50,518.05,118,533,280283.00,
523796,VICEROY HOTE,T ,Q,2.79,2.79,2.64,2.74,2.77,2.66,52,43842,121329.00,
523826,SOVEREIGN DI,X ,Q,5.25,5.25,5.25,5.25,5.25,5.25,2,10,52.00,
523828,MENON BEAR. ,B ,Q,64.00,64.15,62.10,62.70,62.70,63.10,244,8450,532055.00,
523832,MUKAT PIPES ,X ,Q,3.31,3.31,3.31,3.31,3.31,3.25,3,331,1095.00,
523836,GUJ.RAFFIA  ,T ,Q,73.90,73.95,67.00,73.95,73.95,70.45,49,4447,315322.00,
523838,SIMPLX INFRA,B ,Q,35.85,36.25,35.00,35.35,35.60,35.75,438,35774,1266254.00,
523840,INN.TECH.PAC,X ,Q,21.10,22.00,21.10,21.65,22.00,21.95,20,3921,85192.00,
523842,SUPER TANNER,X ,Q,3.08,3.08,2.88,2.93,2.91,2.97,14,8223,23980.00,
523844,CONSTRONIC  ,XT,Q,5.14,5.14,5.14,5.14,5.14,4.90,1,400,2056.00,
523850,AXTEL INDUS.,X ,Q,320.00,320.00,311.00,312.50,312.90,317.15,283,15043,4736563.00,
523896,APIL        ,XT,Q,9.63,9.63,9.63,9.63,9.63,9.63,5,99,953.00,
524000,MAGMA FIN   ,A ,Q,124.00,129.50,119.10,126.90,126.90,123.35,14157,417809,52619180.00,
524013,HIND.FLUROCA,T ,Q,7.40,7.55,6.94,7.01,6.97,7.25,41,7845,57283.00,
524019,KINGFA      ,B ,Q,622.00,676.95,617.60,666.65,664.60,615.30,356,5264,3361085.00,
524037,RAMA PHOSPH ,X ,Q,143.00,147.00,136.10,140.20,140.20,141.90,621,63780,8901140.00,
524038,VENLON ENTR ,XT,Q,2.40,2.40,2.40,2.40,2.40,2.29,5,2101,5042.00,
524051,POLYPLEX    ,A ,Q,814.00,884.65,807.00,869.60,869.60,802.75,2037,32953,28504145.00,
524075,ALBERT DAVID,B ,Q,406.30,413.40,400.90,407.80,407.70,403.05,197,2806,1141877.00,
524080,HAR.LEATHER ,XT,Q,31.95,32.45,31.00,32.45,32.45,30.95,18,1378,43813.00,
524091,ACRYCIL LTD.,B ,Q,348.00,350.00,323.90,329.50,329.50,339.70,2010,56762,18948199.00,
524109,KABRA EXTR  ,B ,Q,147.00,148.10,139.05,140.05,141.00,144.60,1087,39344,5620683.00,
524129,VINYL CHEM  ,B ,Q,135.70,137.00,132.00,132.95,132.95,133.40,377,18184,2441701.00,
524136,PEE CEE COSM,X ,Q,115.90,121.95,111.25,117.75,117.75,113.60,50,990,116632.00,
524164,IOL CHEM PH ,A ,Q,681.60,714.00,669.00,675.80,675.80,658.00,8149,202844,139741120.00,
524174,KESAR PETRO ,XT,Q,6.25,6.25,5.87,5.98,6.00,6.14,122,67106,402227.00,
524200,VINATI ORG. ,A ,Q,1448.00,1448.00,1410.85,1425.10,1418.00,1427.10,1106,5955,8469801.00,
524202,LACTOSE(I)  ,X ,Q,37.60,41.75,33.50,36.40,36.40,34.80,642,115942,4634494.00,
524208,AARTI INDUST,A ,Q,1293.30,1310.00,1293.30,1300.55,1299.75,1292.40,594,6910,8985128.00,
524212,WANBURY LTD ,T ,Q,114.00,114.70,104.00,104.00,104.00,109.45,219,23147,2595103.00,
524218,RESONANCE   ,X ,Q,137.15,143.65,135.50,141.65,142.30,140.65,142,10510,1477524.00,
524226,GUJ AMB EXP ,A ,Q,133.20,141.70,133.20,138.80,138.80,134.40,1878,88178,12206036.00,
524230,RASHTR.CHEM.,A ,Q,91.00,93.50,86.10,86.90,86.90,90.10,15548,1639411,144584646.00,
524280,KOPRAN LTD. ,B ,Q,114.00,122.00,114.00,117.90,118.80,116.10,802,47643,5702030.00,
524288,AIMCO PESTI.,X ,Q,88.00,89.95,87.00,87.70,87.35,86.85,104,6301,552683.00,
524314,GUJ.TERC LAB,X ,Q,7.61,8.00,7.61,8.00,8.00,8.00,15,11283,90153.00,
524324,SEYAIND     ,B ,Q,51.00,61.40,51.00,61.40,61.40,51.20,922,67131,4013200.00,
524330,JAYANT AGRO ,B ,Q,144.75,149.90,143.50,144.95,144.00,141.65,301,8738,1284937.00,
524332,BCLIL       ,X ,Q,105.50,126.00,100.00,125.90,125.90,105.00,4343,814097,97293549.00,
524336,SH.HARI CHEM,X ,Q,63.90,63.90,63.90,63.90,63.90,67.25,16,1234,78852.00,
524342,INDOBORAXC  ,X ,Q,655.00,659.75,636.00,643.20,649.95,653.70,260,4532,2923851.00,
524348,AARTI DRUGS ,A ,Q,652.80,694.70,652.00,685.30,685.30,645.50,2683,63670,43136718.00,
524370,BODAL CHEM  ,A ,Q,92.90,94.50,87.95,88.95,88.95,91.45,4310,403857,36854012.00,
524372,ORCHIDPHAR  ,T ,Q,1024.60,1024.60,927.10,1024.60,1024.60,975.85,626,7604,7581781.00,
524394,VIMTA LABS  ,B ,Q,160.00,169.50,160.00,165.75,166.55,166.20,284,10383,1729203.00,
524396,BIOFIL CHEM ,B ,Q,98.00,98.00,98.00,98.00,98.00,93.35,20,2629,257642.00,
524400,ISHITA DRUGS,X ,Q,27.80,29.00,27.80,29.00,29.00,28.00,5,149,4202.00,
524404,MARKSANS    ,A ,Q,54.00,55.55,54.00,54.20,54.20,54.05,1285,249437,13630360.00,
524408,UNIV.STARCH ,XT,Q,61.05,63.00,60.40,60.40,60.40,63.55,11,832,50865.00,
524412,AAREY DRUGS ,X ,Q,27.35,27.40,26.80,27.20,27.30,27.05,198,37513,1018243.00,
524414,NORRIS MEDI.,X ,Q,5.60,5.70,5.60,5.70,5.70,5.70,3,370,2092.00,
524440,CAMEX LTD   ,X ,Q,19.25,19.75,19.05,19.60,19.75,18.70,20,3685,72443.00,
524444,EVEXIA      ,X ,Q,140.05,148.00,135.00,143.20,141.00,140.00,211,59920,8287120.00,
524470,SYNCOM FORM.,X ,Q,3.19,3.19,3.19,3.19,3.19,3.25,1293,1264811,4034747.00,
524480,RIDHI SIDHI ,X ,Q,246.00,265.00,246.00,260.00,257.15,251.75,112,6344,1664741.00,
524488,SVCIND      ,XT,Q,1.14,1.26,1.14,1.21,1.16,1.20,67,24465,29319.00,
524494,IPCA LAB LTD,A ,Q,1907.00,1972.65,1895.05,1961.25,1953.90,1906.15,680,8619,16715556.00,
524500,KILITCH DRUG,B ,Q,90.10,90.10,83.30,88.35,88.10,88.95,178,5584,483428.00,
524506,CORAL LAB.  ,X ,Q,366.40,380.00,362.10,375.45,369.00,360.00,108,2680,993416.00,
524516,BACIL PHARMA,XT,Q,5.15,5.20,5.01,5.01,5.01,5.27,8,854,4420.00,
524518,KREBS BIOCHM,B ,Q,112.30,113.70,107.50,110.60,109.00,110.40,171,5429,608073.00,
524520,KMC SHIL    ,X ,Q,22.60,23.35,22.60,22.80,22.80,22.95,344,44536,1021017.00,
524522,LAFFANS PETR,X ,Q,18.75,18.75,17.15,18.10,18.10,17.95,46,5267,96027.00,
524534,BHASKAR AGRO,XT,Q,26.00,26.25,26.00,26.25,26.25,26.00,12,944,24656.00,
524542,SUKJIT STRCH,X ,Q,186.80,186.80,177.45,181.80,181.80,177.65,130,17668,3190114.00,
524558,NEULAND LAB.,A ,Q,2030.05,2067.55,1992.00,2002.95,2006.90,2039.35,454,3263,6605811.00,
524564,GAYATRI BIO ,XT,Q,6.18,6.18,6.18,6.18,6.18,5.89,6,1023,6322.00,
524570,PODDAR PIGM.,B ,Q,210.00,210.15,205.75,205.85,206.05,205.05,78,900,186678.00,
524572,PHARMAIDS PH,X ,Q,13.05,13.99,13.05,13.50,13.50,13.45,88,5949,80119.00,
524576,VIVID IND   ,X ,Q,19.70,19.70,18.10,18.85,18.70,19.15,32,8513,158126.00,
524582,TIRUPATI STA,XT,Q,37.55,38.95,37.05,37.20,37.20,38.95,14,5337,199890.00,
524592,JD ORGOCHEM ,X ,Q,3.04,3.08,3.01,3.08,3.08,2.94,5,1400,4260.00,
524594,ASHOK-ALCO  ,X ,Q,94.20,94.20,90.00,90.15,90.00,90.05,68,7896,733255.00,
524598,AKSHARCHEM I,B ,Q,260.00,260.00,250.30,254.70,255.70,256.75,293,5921,1504330.00,
524606,BERYL DRUGS ,XT,Q,6.19,6.19,5.90,5.95,5.95,6.19,3,700,4155.00,
524622,ISTRNETWK   ,X ,Q,1.90,2.00,1.90,1.90,1.90,2.00,4,1563,2989.00,
524624,GAGAN GASES ,XT,Q,6.63,6.63,6.63,6.63,6.63,6.32,3,75,497.00,
524628,PARKER AGRO.,X ,Q,5.40,5.40,4.91,4.91,4.91,5.16,4,500,2577.00,
524632,SHUKRAPHAR  ,X ,Q,49.50,49.50,42.00,47.95,48.45,45.05,39,793,37167.00,
524634,ALU FLUORIDE,X ,Q,262.00,262.00,254.00,256.55,255.50,256.05,165,5038,1293348.00,
524640,ARCHITORG   ,X ,Q,22.95,24.10,21.30,23.95,23.95,21.95,99,75300,1742517.00,
524648,INDO AMINES ,X ,Q,98.40,103.70,96.80,99.15,99.15,96.80,531,72205,7200300.00,
524654,NATURAL CAPS,X ,Q,122.95,133.85,122.00,131.80,131.00,123.85,227,33230,4216246.00,
524663,BH.IMMUN&BIO,T ,Q,62.45,62.45,62.45,62.45,62.45,63.70,218,17456,1090127.00,
524667,SOTL        ,B ,Q,1095.00,1095.00,1068.00,1074.95,1074.55,1080.40,795,5195,5601605.00,
524669,HESTER BISC ,A ,Q,1769.00,1789.65,1720.00,1724.55,1724.55,1737.55,106,318,554384.00,
524675,KABSONS INDU,XT,Q,5.63,5.63,5.52,5.52,5.52,5.63,26,2403,13291.00,
524687,BASANT AGRO ,X ,Q,6.79,7.00,6.69,6.93,6.90,6.79,170,110631,765638.00,
524703,SANDU PHARMA,X ,Q,31.50,31.50,30.00,30.55,31.45,31.15,13,1381,42079.00,
524709,NACLIND     ,B ,Q,40.80,40.80,39.65,40.00,40.00,41.15,94,8619,348199.00,
524711,VISTA PHARMA,X ,Q,8.99,8.99,8.33,8.60,8.73,8.50,66,29994,257971.00,
524715,SUN PHARMA. ,A ,Q,617.00,625.00,612.15,624.15,624.15,614.40,9358,386780,239735190.00,
524717,TITAN BIOTEC,X ,Q,178.35,209.30,175.50,199.35,199.35,175.50,3674,278258,54073418.00,
524727,SDL         ,X ,Q,13.36,13.36,13.33,13.36,13.36,12.15,7,226,3018.00,
524731,JENBURKT PH.,X ,Q,399.95,404.90,393.10,399.50,398.00,396.05,90,3531,1413024.00,
524735,HIKAL LTD.  ,A ,Q,161.40,167.55,160.30,164.25,164.90,160.30,754,48735,8035860.00,
524742,CAPLIN POINT,A ,Q,465.90,471.00,460.05,461.85,461.85,463.30,488,6238,2906660.00,
524748,LINK PHARMA ,X ,Q,27.55,27.70,26.50,27.70,27.70,27.00,16,1871,50739.00,
524752,DECIPHER    ,X ,Q,34.80,35.45,33.10,34.20,34.50,32.30,53,4561,156040.00,
524768,EMMESSAR BIO,X ,Q,18.40,18.40,17.70,17.70,17.70,18.40,8,480,8759.00,
524774,NGL FINE CHM,X ,Q,1499.95,1536.80,1462.00,1532.55,1532.55,1463.65,573,7214,11008253.00,
524790,EVEREST ORG.,X ,Q,254.40,254.40,245.25,249.80,249.80,251.00,70,938,234494.00,
524804,AUROB.PHARMA,A ,Q,886.50,888.50,875.15,880.80,881.00,886.75,6525,226532,199469252.00,
524808,PHYTOCHEM I.,X ,Q,20.80,21.65,20.60,20.60,20.60,21.00,39,5840,122795.00,
524816,NATCO PHARM ,A ,Q,796.05,811.05,796.05,803.50,803.50,802.55,967,16028,12890069.00,
524818,DYNAMIC IND.,X ,Q,46.50,47.15,46.50,47.15,47.15,46.40,32,3850,179440.00,
524820,PANAMA PETRO,B ,Q,187.90,187.90,172.15,174.25,174.25,177.40,469,17199,3027216.00,
524824,BAL PHARMA  ,B ,Q,54.25,54.85,53.05,53.90,53.80,53.40,132,3538,190743.00,
524828,BDH INDUS.  ,X ,Q,94.55,94.55,90.00,93.30,93.50,94.55,75,6026,556257.00,
526001,JAUS POLYMER,X ,Q,4.00,4.33,4.00,4.33,4.33,4.13,3,100,416.00,
526027,CUBEX TUBING,B ,Q,25.00,25.00,22.75,22.75,22.75,23.90,145,18621,434756.00,
526043,POLYMECH.MCH,X ,Q,35.00,35.00,34.20,34.20,34.20,35.00,5,580,19900.00,
526073,GALAXY BEAR.,XT,Q,206.00,211.10,206.00,211.10,211.10,201.05,14,819,172719.00,
526095,RAVILEELA GR,X ,Q,10.95,10.95,10.95,10.95,10.95,10.95,1,1,10.00,
526115,KARAN WOO-SN,X ,Q,1.81,1.81,1.81,1.81,1.81,1.81,4,700,1267.00,
526117,SHERVANI IND,X ,Q,251.95,251.95,241.00,245.45,245.50,248.35,46,752,185644.00,
526133,SUPERTEX IND,XT,Q,4.56,4.56,4.45,4.56,4.56,4.56,12,2535,11406.00,
526137,SHETRON LTD ,X ,Q,18.10,18.10,17.55,18.00,18.00,18.40,12,1892,34050.00,
526139,TRANSGENE BI,XT,Q,3.50,3.74,3.40,3.56,3.40,3.57,81,48800,170984.00,
526143,MPL         ,XT,Q,4.29,4.70,4.29,4.60,4.70,4.51,24,10933,48475.00,
526159,NIKHIL ADHSV,X ,Q,370.10,394.10,370.10,386.60,386.60,374.45,66,1636,631985.00,
526161,SPENTA INT. ,X ,Q,50.25,50.70,47.90,47.90,47.90,50.40,27,6859,337296.00,
526169,MULTIBASE I ,X ,Q,196.80,199.85,193.50,195.20,195.00,196.80,90,5985,1175327.00,
526173,ANDREW YULE ,B ,Q,24.05,24.85,23.15,24.50,24.50,23.75,1664,962599,23058617.00,
526179,LUDOLOW JUTE,X ,Q,80.95,91.00,80.95,86.40,86.40,80.10,3797,528941,46075640.00,
526187,ASHRAM ONLIN,XT,Q,3.01,3.01,3.01,3.01,3.01,2.96,1,1,3.00,
526193,ROYAL CUSHIO,XT,Q,7.00,7.00,7.00,7.00,7.00,7.00,2,10,70.00,
526195,NEOGEM INDIA,XT,Q,2.55,2.55,2.55,2.55,2.55,2.43,1,100,255.00,
526217,HITECHCORP  ,B ,Q,136.80,144.60,136.80,140.15,140.15,137.10,55,1872,263824.00,
526225,BLOOM DEKOR ,XT,Q,16.70,16.70,16.70,16.70,16.70,17.00,2,20,334.00,
526227,FILATEX INDI,B ,Q,68.90,73.35,68.10,71.65,71.05,67.90,939,171513,12231221.00,
526231,STD.SURFACT.,XT,Q,34.50,35.70,32.30,35.10,35.55,34.00,26,4253,146766.00,
526235,MERCATOR    ,T ,Q,1.04,1.05,1.00,1.03,1.03,1.02,69,119541,122789.00,
526237,MORGAN VENT ,X ,Q,6.46,6.46,6.46,6.46,6.46,6.35,1,100,646.00,
526241,AMRAPALI IND,X ,Q,4.07,4.48,4.07,4.08,4.07,4.27,13,1851,8138.00,
526247,PREMIER EXPL,B ,Q,158.00,164.00,157.50,160.40,160.15,154.10,161,4631,745243.00,
526263,MOLD-TEK TEC,B ,Q,42.10,42.10,41.00,41.60,41.60,41.50,87,3918,162540.00,
526269,CRESTCHEM LT,XT,Q,28.25,28.25,26.85,28.25,28.25,28.25,5,280,7770.00,
526299,MPHASIS LTD ,A ,Q,1722.95,1745.85,1676.85,1700.30,1689.20,1683.05,1638,15227,26023291.00,
526301,MEDINOVA DIA,XT,Q,21.50,22.00,21.10,21.75,21.75,21.70,7,569,12388.00,
526315,DIVYA.GRANIT,X ,Q,47.65,49.85,47.55,49.40,49.40,50.10,17,3306,163133.00,
526325,ORIENT PRESS,B ,Q,91.20,91.45,87.70,91.45,91.45,89.45,30,174,15704.00,
526335,SHREYAS INTE,XT,Q,6.50,6.50,6.47,6.47,6.47,6.60,15,2526,16344.00,
526355,DURO PACK   ,XT,Q,16.30,16.30,16.30,16.30,16.30,17.15,5,800,13040.00,
526365,SWARNASA    ,X ,Q,11.80,12.24,11.80,12.09,12.09,11.80,34,7887,94758.00,
526367,GANESH HSG. ,B ,Q,61.90,62.05,57.50,57.50,57.50,60.50,237,26999,1576668.00,
526371,NMDC LTD    ,A ,Q,134.90,137.40,134.65,136.60,136.60,133.80,3719,581161,79163935.00,
526381,PAT INT LOG ,B ,Q,25.80,25.90,24.30,24.60,24.45,25.55,167,15654,392579.00,
526397,ALPHAGEO (I),B ,Q,223.75,223.75,218.65,220.25,220.00,220.00,130,3557,787093.00,
526407,RIT PRO IND ,X ,Q,25.50,34.90,25.50,33.70,33.70,29.10,90,29156,951152.00,
526409,KKALPANAIND ,X ,Q,20.60,22.00,20.55,21.55,21.25,21.20,98,11055,239397.00,
526415,OK PLAY (I) ,XT,Q,25.05,25.05,25.05,25.05,25.05,23.90,104,61767,1547263.00,
526423,KRITI INDUS.,X ,Q,66.30,66.95,62.05,66.45,66.40,63.80,582,184745,12156084.00,
526433,ASM TECHNOLO,XT,Q,159.60,159.60,159.60,159.60,159.60,162.85,38,1586,253125.00,
526435,PERFECTPAC  ,X ,Q,119.00,121.50,118.50,121.50,121.50,118.05,5,122,14590.00,
526441,VISIONCINE  ,XT,Q,0.72,0.72,0.69,0.70,0.70,0.72,29,11478,7985.00,
526445,INDRAYANI BI,X ,Q,7.55,8.30,7.00,7.07,7.02,7.59,112,53361,396599.00,
526471,WINSOME BREW,XT,Q,4.20,4.26,4.03,4.17,4.06,4.07,46,6652,27325.00,
526477,S.A.ENTERPR.,X ,Q,7.39,7.77,7.39,7.50,7.50,7.77,4,331,2479.00,
526479,SKY INDUST. ,X ,Q,43.15,45.00,43.15,44.45,44.50,44.40,11,585,26099.00,
526481,PHOENIX INT.,XT,Q,13.25,13.66,12.50,13.66,13.66,13.01,27,14290,194947.00,
526492,RISHIROOP   ,X ,Q,85.95,85.95,78.05,83.15,82.05,81.90,68,5174,432161.00,
526504,DOLPHIN MEDI,XT,Q,1.90,1.90,1.74,1.74,1.74,1.83,50,17535,31405.00,
526506,SYSTAMATIX C,X ,Q,155.90,155.90,151.30,151.50,151.50,154.35,16,2250,341606.00,
526519,ALPINE HSG. ,X ,Q,14.65,14.65,13.86,14.40,14.40,14.00,10,2157,30261.00,
526521,SANGHI IND. ,B ,Q,44.00,44.80,43.10,43.75,43.70,43.05,1175,234361,10307808.00,
526525,WWALUM      ,XT,Q,7.88,7.88,7.88,7.88,7.88,7.51,2,295,2324.00,
526544,SCANP GEOM  ,X ,Q,15.35,15.38,14.85,14.90,15.00,15.24,42,56441,843165.00,
526546,CHOKSI LABOR,X ,Q,9.10,9.10,9.10,9.10,9.10,9.46,7,3088,28100.00,
526550,CCHHL       ,B ,Q,5.05,5.05,4.84,5.00,5.00,4.93,38,18785,93432.00,
526568,LONGVIEW TEA,XT,Q,12.07,12.07,11.50,11.50,11.50,11.50,5,200,2357.00,
526574,ENTERPR.INTE,X ,Q,8.13,8.97,8.13,8.97,8.97,8.55,4,1306,11037.00,
526576,TECHIN      ,T ,Q,3.15,3.15,3.14,3.14,3.14,3.11,4,635,1994.00,
526582,TPL PLAST   ,B ,Q,168.15,168.65,166.10,166.10,166.10,165.10,59,459,76951.00,
526586,WIM PLAST LT,X ,Q,424.00,476.95,424.00,447.85,447.85,419.95,2585,119163,54265771.00,
526596,LIBERTY SHOE,B ,Q,144.10,146.75,143.80,145.15,145.15,144.05,868,29896,4352829.00,
526604,LIPPI SYSTEM,XT,Q,6.75,6.75,6.75,6.75,6.75,6.75,2,248,1674.00,
526608,ELECTROTHERM,B ,Q,121.15,125.00,118.65,123.55,123.55,120.65,301,8202,1005768.00,
526612,BLUE DART EX,A ,Q,4681.50,4729.70,4630.10,4651.25,4651.90,4653.40,183,470,2199630.00,
526614,EXPO GAS    ,X ,Q,4.40,4.70,4.40,4.70,4.70,4.48,11,4356,20424.00,
526616,NAT.PLASTIC ,X ,Q,23.60,28.05,23.25,27.70,27.70,23.50,755,117441,3153193.00,
526622,MFL INDIA   ,X ,Q,0.19,0.19,0.19,0.19,0.19,0.19,60,49314,9369.00,
526640,ROYALE MANOR,XT,Q,14.23,15.24,14.23,15.17,15.17,14.96,12,3375,49947.00,
526642,MIRZA INTER ,B ,Q,54.35,55.80,54.35,54.75,54.75,54.30,430,67569,3708780.00,
526650,TOURISM FINA,B ,Q,57.60,60.90,57.40,59.15,58.95,57.40,411,44276,2638267.00,
526654,THAKKERS DEV,X ,Q,67.35,67.35,64.15,67.35,67.35,64.15,4,32,2152.00,
526662,RAJDARSHAN  ,B ,Q,10.70,11.35,10.70,10.84,10.84,10.81,6,545,5845.00,
526666,BHARTIYA INT,B ,Q,151.25,152.25,150.90,150.90,150.90,151.70,15,55,8308.00,
526668,KAMAT HOTELS,B ,Q,34.65,35.50,33.30,35.15,34.75,33.95,174,21346,735327.00,
526677,DSJ COMM.LTD,T ,Q,0.53,0.53,0.53,0.53,0.53,0.51,6,22226,11779.00,
526683,HOTEL RUGBY ,B ,Q,1.20,1.20,1.20,1.20,1.20,1.15,2,200,240.00,
526687,POLO HOTELS ,Z ,Q,4.40,4.40,4.13,4.13,4.13,4.34,7,808,3506.00,
526703,ECOPLAST LTD,X ,Q,74.50,76.50,72.30,73.05,73.10,72.55,25,2937,216271.00,
526721,NICCO PARKS ,XT,Q,47.50,50.65,47.50,50.00,50.00,48.50,29,16633,826656.00,
526723,NTC INDUST  ,X ,Q,83.00,85.75,75.60,78.15,78.15,81.40,445,30178,2417963.00,
526725,SANDESH LTD.,B ,Q,687.50,709.00,686.05,700.00,700.00,695.30,46,129,89727.00,
526727,GARNET CONST,X ,Q,22.50,22.50,22.50,22.50,22.50,21.45,18,4533,101992.00,
526729,GOLDIAM INT.,B ,Q,341.05,353.95,338.05,349.10,351.00,342.25,313,6546,2276870.00,
526731,BRIGHT BROS.,X ,Q,85.00,87.90,81.55,86.75,86.75,82.70,79,21230,1790179.00,
526737,CORPOR COUR ,XT,Q,3.25,3.52,3.25,3.50,3.50,3.37,10,2265,7704.00,
526739,NARMADA GEL ,X ,Q,158.00,163.80,157.35,163.30,163.30,158.15,63,5134,828108.00,
526747,P.G.FOILS   ,X ,Q,89.90,89.90,83.35,84.50,83.75,86.95,72,5742,492050.00,
526751,GRATEX INDS.,XT,Q,13.72,13.72,13.72,13.72,13.72,13.72,3,133,1824.00,
526755,VELAN HOTELS,X ,Q,2.55,2.81,2.55,2.67,2.75,2.68,36,10955,29725.00,
526761,HOWARD HOTEL,X ,Q,4.22,4.50,4.22,4.22,4.22,4.43,9,2080,8799.00,
526775,VALIANT COMM,X ,Q,73.45,75.00,71.00,71.10,71.10,72.90,64,23792,1762883.00,
526783,DR.AGAR.EYE ,XT,Q,346.00,355.00,336.00,340.00,340.00,350.00,44,1807,622849.00,
526797,GREENPLY IND,A ,Q,199.00,199.00,185.05,188.10,188.10,190.70,1651,39485,7451713.00,
526799,UNION QUALIT,XT,Q,15.34,15.34,15.34,15.34,15.34,15.34,1,18,276.00,
526807,SEAMEC LTD  ,B ,Q,481.05,503.65,481.05,487.25,487.10,476.15,326,24027,11709416.00,
526813,RAGHUNATH IN,XT,Q,4.11,4.11,4.11,4.11,4.11,4.19,4,152,624.00,
526817,CHEVIOT CO. ,X ,Q,789.00,809.95,766.20,790.75,791.00,771.40,763,22885,18004357.00,
526821,DAI-ICHI KAR,X ,Q,283.00,295.00,268.00,272.25,272.00,271.95,331,38088,10524252.00,
526823,RAJINFRA    ,X ,Q,5.70,5.70,5.70,5.70,5.70,5.45,5,695,3961.00,
526829,CONFI PETRO ,B ,Q,43.85,45.00,43.00,44.75,44.75,43.75,408,99751,4400950.00,
526847,ASHIRWAD STL,X ,Q,12.00,12.33,11.65,12.25,12.33,11.75,18,1366,16213.00,
526849,BANARAS BEAD,B ,Q,55.20,55.20,53.30,54.00,53.30,55.75,103,2149,116152.00,
526853,BILCARE LTD.,XT,Q,56.15,57.95,55.60,55.95,55.65,56.15,513,43778,2461486.00,
526859,INTER ST.FIN,X ,Q,1.01,1.01,1.01,1.01,1.01,0.97,20,43921,44360.00,
526861,RISHI LASER ,X ,Q,10.25,10.54,9.76,10.54,10.54,10.04,9,1350,13873.00,
526869,KUMBHAT FIN.,XT,Q,4.27,4.27,4.27,4.27,4.27,4.07,2,200,854.00,
526871,INTEC CAP   ,X ,Q,15.00,16.30,15.00,15.75,15.75,15.65,6,2701,40661.00,
526881,63MOONS     ,B ,Q,80.95,81.55,80.00,80.65,80.65,80.30,656,13116,1059201.00,
526885,SARLA PER F ,B ,Q,27.35,27.60,26.80,27.20,27.25,26.70,60,10018,272563.00,
526899,HFIL        ,X ,Q,10.95,11.38,10.80,11.20,11.20,10.89,398,137091,1520594.00,
526905,PADMAIND    ,X ,Q,4.90,5.00,4.75,4.99,4.99,5.00,8,2603,12725.00,
526921,21ST CEN.MGM,B ,Q,12.23,12.23,12.19,12.19,12.19,12.11,28,301,3681.00,
526931,HARIYANA SH.,X ,Q,52.90,62.50,52.90,58.25,58.00,52.35,1307,197480,11398805.00,
526935,ARUNIS      ,X ,Q,23.75,25.60,23.75,25.60,25.60,24.40,10,2313,57530.00,
526945,TYROON TEA  ,X ,Q,46.90,47.50,46.05,46.30,46.30,45.25,23,3625,169720.00,
526947,LA-OPALA RG ,A ,Q,229.95,233.50,222.05,228.75,228.75,223.65,1261,25885,5921983.00,
526951,GOLDEN LAMIN,X ,Q,1096.20,1102.50,1081.20,1094.35,1094.35,1119.25,99,1713,1872079.00,
526953,VENUS REMEDI,B ,Q,228.00,228.00,213.25,216.75,217.90,222.05,343,8059,1762338.00,
526965,GUJ.CRAFT IN,XT,Q,36.60,39.00,36.60,38.95,38.95,37.90,7,271,10301.00,
526967,HEERA ISPAT ,Z ,Q,2.00,2.00,1.82,1.82,1.82,1.91,7,1624,3046.00,
526971,DHOOT I.FIN.,X ,Q,43.75,43.75,40.10,42.85,42.90,40.55,32,651,27481.00,
526981,SHBAJRG     ,X ,Q,113.05,113.05,113.05,113.05,113.05,107.70,25,7860,888573.00,
526987,URJA GLOBAL ,T ,Q,7.10,7.27,7.05,7.14,7.14,7.10,3072,708386,5033374.00,
527001,ASHAPURA LTD,B ,Q,117.00,122.75,116.40,122.75,122.75,116.95,515,68296,8287959.00,
527005,SH.PACETRON.,X ,Q,9.55,9.55,9.55,9.55,9.55,9.10,2,477,4555.00,
530001,GUJ.ALKALI  ,A ,Q,357.55,369.00,356.00,358.35,358.35,354.85,2253,65493,23812613.00,
530005,INDIA CEM.  ,A ,Q,179.80,180.55,173.30,174.10,174.45,176.50,1972,273416,48170446.00,
530007,JK TYRE IND ,A ,Q,124.00,126.60,123.50,124.70,124.70,124.75,1802,147718,18473248.00,
530011,MANGLR.CHEM ,B ,Q,88.00,89.40,84.55,84.85,84.85,87.15,1050,93411,8072187.00,
530017,STD.INDUST. ,T ,Q,15.33,15.33,15.33,15.33,15.33,14.60,13,56575,867294.00,
530019,JUBLPHARMA  ,A ,Q,780.10,801.75,770.85,789.40,792.80,780.10,1587,17853,14005416.00,
530023,THEINVEST   ,B ,Q,96.15,98.35,95.00,95.20,95.20,96.15,183,3328,318652.00,
530025,SAMYAK INT  ,XT,Q,15.35,15.40,14.45,15.00,15.00,15.20,10,6000,90399.00,
530043,ACKNIT IND  ,X ,Q,93.10,96.65,92.65,93.95,92.65,92.85,22,774,72819.00,
530045,TITAN SECUR.,XT,Q,9.95,10.23,9.50,10.23,10.23,9.75,204,63564,642373.00,
530047,MOHOTAIND   ,T ,Q,7.13,7.49,7.13,7.45,7.45,7.49,16,2256,16550.00,
530053,REALECO     ,X ,Q,4.95,4.95,4.95,4.95,4.95,4.95,1,11,54.00,
530057,VIVANZA     ,X ,Q,141.50,141.50,141.50,141.50,141.50,144.35,1,8,1132.00,
530063,YASRAJ CONT.,X ,Q,2.36,2.36,2.14,2.14,2.14,2.25,9,14854,31938.00,
530065,LORDSHOTL   ,XT,Q,4.80,4.80,4.80,4.80,4.80,4.88,3,1000,4800.00,
530067,CSLFINANCE  ,X ,Q,252.00,269.50,248.80,262.35,268.95,254.20,59,7607,1977101.00,
530073,SANGHVI MOVE,B ,Q,105.00,109.90,103.40,104.95,104.50,102.40,196,2946,312558.00,
530075,SELAN EXPLOR,B ,Q,133.50,134.90,130.00,131.80,131.80,133.70,341,16187,2143735.00,
530077,FRESHTROP FR,X ,Q,78.00,78.00,74.00,76.00,76.00,75.25,99,28020,2115031.00,
530079,FAZE THREE L,X ,Q,64.45,66.70,63.00,64.25,64.25,63.00,109,59855,3859672.00,
530095,PRADHIN     ,X ,Q,31.35,31.40,30.00,31.15,31.40,31.40,4,1000,31171.00,
530109,ANUPAM      ,X ,Q,7.51,8.10,7.51,8.00,8.00,7.97,40,25926,207162.00,
530117,PRIVISCL    ,A ,Q,666.45,666.45,636.70,640.10,642.60,650.00,372,4785,3124432.00,
530119,NATRAJ PROTE,XT,Q,27.75,27.75,27.75,27.75,27.75,28.30,8,1686,46786.00,
530125,SAMRAT PHARM,X ,Q,151.50,155.10,141.00,149.95,150.00,151.45,67,4412,660823.00,
530127,NPR FINANCE ,X ,Q,13.55,13.55,12.65,12.65,12.65,12.52,4,25,326.00,
530129,NILE LTD.   ,X ,Q,375.00,385.00,362.00,364.60,364.60,375.35,267,7908,2955604.00,
530131,UDAIPUR CEME,X ,Q,22.30,23.00,22.10,22.35,22.35,21.30,2735,1177633,26654559.00,
530133,AMCO INDIA L,X ,Q,26.50,27.95,25.50,27.00,27.00,28.00,27,3755,101088.00,
530135,OPTIEMUS    ,B ,Q,197.60,197.60,197.60,197.60,197.60,188.20,13,904,178630.00,
530145,KISAN MOULD.,XT,Q,14.29,14.29,13.20,13.60,13.20,13.61,77,12821,175152.00,
530151,VIJAY TEXTIL,X ,Q,40.00,42.00,37.00,39.00,39.00,38.55,30,2365,91623.00,
530163,KERALA AYUR ,X ,Q,48.25,49.25,48.20,48.80,49.00,47.40,97,18540,904071.00,
530169,MOHIT PAPER ,X ,Q,5.80,6.09,5.80,6.09,6.09,5.80,18,8289,50479.00,
530171,DAULAT SEC. ,XT,Q,6.44,6.44,6.44,6.44,6.44,6.14,2,198,1275.00,
530173,OSCAR GLOBAL,XT,Q,3.33,3.45,3.33,3.45,3.45,3.50,2,5,17.00,
530175,ODYSSEY TECH,X ,Q,23.95,24.00,23.05,23.25,23.25,23.65,22,3921,93007.00,
530177,SPS INTL.   ,X ,Q,5.23,5.23,5.23,5.23,5.23,5.23,1,9,47.00,
530185,SURAT TEXT. ,X ,Q,4.10,4.10,3.87,3.96,3.98,3.97,909,477909,1887296.00,
530187,ATHARV ENT  ,XT,Q,0.95,0.95,0.95,0.95,0.95,0.95,4,220,209.00,
530197,FUNDVISER   ,XT,Q,5.25,5.25,5.25,5.25,5.25,5.00,6,20010,105052.00,
530199,THEMIS MEDIC,B ,Q,311.75,316.15,307.40,311.85,311.90,307.40,381,4987,1551237.00,
530201,KALLAM      ,X ,Q,10.00,10.30,9.62,9.77,9.80,9.81,81,22818,228246.00,
530207,BRAWN BIO   ,XT,Q,23.60,24.80,23.60,24.60,24.70,24.80,15,1052,25476.00,
530213,FORTUNE INT.,XT,Q,12.15,12.15,12.15,12.15,12.15,12.15,3,270,3280.00,
530215,KINGSINFRA  ,X ,Q,26.90,26.90,26.05,26.10,26.10,26.55,19,9173,243654.00,
530233,AURO LAB.   ,X ,Q,91.00,91.00,88.00,88.50,88.00,90.20,204,12679,1137031.00,
530235,KJMC FIN.   ,X ,Q,10.69,10.69,10.69,10.69,10.69,10.19,1,50,534.00,
530239,SUVEN LIFE S,A ,Q,84.40,86.00,82.80,83.15,83.15,84.30,450,34051,2860601.00,
530245,ARYAMAN FIN.,X ,Q,41.00,41.90,39.00,41.90,41.90,41.00,5,305,12210.00,
530249,BRIDGE SECUR,X ,Q,4.30,4.30,4.30,4.30,4.30,4.50,2,1500,6450.00,
530259,INTER ST.OIL,X ,Q,11.04,11.04,11.04,11.04,11.04,10.54,6,695,7672.00,
530263,GLOBAL CAP. ,Z ,Q,2.37,2.37,2.37,2.37,2.37,2.41,3,106,251.00,
530265,SAINIK FIN. ,X ,Q,22.75,22.75,20.70,20.70,20.70,21.70,7,846,18219.00,
530281,QUANTUM DIG.,XT,Q,2.80,2.80,2.73,2.73,2.73,2.73,6,1028,2806.00,
530289,SP CAPITAL  ,X ,Q,16.25,16.25,16.25,16.25,16.25,16.25,1,5,81.00,
530299,KOTHARI PROD,B ,Q,71.00,72.25,71.00,71.30,71.20,69.70,53,1560,111409.00,
530305,PICCADILY AG,X ,Q,11.63,12.38,10.90,12.02,12.02,11.40,278,106501,1240964.00,
530307,CHAMANLAL SE,X ,Q,81.65,91.80,80.00,90.40,90.40,81.15,1784,323618,28501776.00,
530309,CHANDRA PRAB,X ,Q,36.20,36.20,36.20,36.20,36.20,34.50,38,20940,758028.00,
530313,KIMIABL     ,X ,Q,41.00,41.90,40.05,40.15,40.05,40.40,15,710,28975.00,
530315,HIND.TIN WRK,X ,Q,64.50,66.00,62.55,64.95,64.95,63.30,418,100572,6450325.00,
530317,GODAVARI DRU,X ,Q,40.95,41.60,39.50,40.95,40.95,40.95,18,1525,61301.00,
530331,PREMCO GLOB.,X ,Q,319.00,320.00,304.50,316.40,310.00,315.55,16,389,122921.00,
530341,MUKESH BABU ,X ,Q,115.80,122.40,115.80,122.35,122.30,116.60,7,1502,175394.00,
530343,GENUS POWER ,B ,Q,45.35,46.80,43.60,44.80,44.80,44.80,1268,158410,7176512.00,
530355,ASIANENE    ,X ,Q,95.00,99.00,95.00,97.70,97.40,94.95,558,79577,7748348.00,
530363,UGAR SUGAR  ,B ,Q,17.50,19.40,17.45,19.10,19.10,17.40,1197,389538,7233168.00,
530365,ORIENTBELL  ,B ,Q,224.40,225.70,224.30,224.70,224.70,221.85,18,855,192053.00,
530367,NRB BEARINGS,A ,Q,116.65,123.25,116.60,120.55,120.55,117.40,2573,129685,15748078.00,
530369,VAMSHI RUBB.,X ,Q,17.50,17.55,17.50,17.55,17.55,17.50,4,334,5861.00,
530377,NILA INFRA. ,T ,Q,5.20,5.49,5.10,5.42,5.40,5.23,122,62202,331269.00,
530393,DB INT.ST.BR,B ,Q,9.72,9.87,8.71,9.82,9.82,9.62,11,1406,12393.00,
530401,VINYOFLEX LT,XT,Q,32.15,32.15,29.50,29.55,29.55,30.65,9,806,24116.00,
530405,JINDAL CAP. ,X ,Q,9.00,9.29,9.00,9.29,9.29,9.85,4,1020,9190.00,
530407,EPIC ENERGY ,X ,Q,3.45,3.45,3.20,3.20,3.20,3.35,6,3882,12574.00,
530419,SUMEDHA FISC,X ,Q,27.55,28.95,26.95,27.20,27.15,27.50,28,5695,155650.00,
530427,CHOKSI IMAG ,X ,Q,24.50,26.25,24.05,26.15,26.25,25.00,14,1761,44195.00,
530429,ASHISH POLY.,XT,Q,9.48,9.48,9.48,9.48,9.48,9.48,1,100,948.00,
530431,ADOR FONTECH,X ,Q,40.60,41.90,38.90,40.85,40.95,39.70,208,34088,1368692.00,
530433,SHIVA FERT. ,X ,Q,33.70,33.70,32.25,32.80,32.80,32.45,88,19296,632390.00,
530439,SIDDHA VEN  ,X ,Q,1.31,1.37,1.25,1.30,1.28,1.31,33,13003,17532.00,
530445,SUMERU IND  ,XT,Q,0.81,0.81,0.81,0.81,0.81,0.85,13,6117,4954.00,
530459,VALSON INDUS,X ,Q,15.80,16.85,14.80,15.75,15.95,14.75,34,6187,95171.00,
530461,SABOO SODIUM,XT,Q,10.00,10.10,9.14,10.10,10.10,9.62,260,177463,1708491.00,
530469,GSL SECUR.  ,X ,Q,4.51,4.51,4.51,4.51,4.51,4.51,3,187,843.00,
530475,TINNARUBR   ,X ,Q,33.60,33.60,33.60,33.60,33.60,34.25,3,500,16800.00,
530477,VIKRAM THERM,X ,Q,165.00,169.50,163.00,167.70,166.90,166.60,274,33099,5492503.00,
530495,STRATMONT   ,Z ,Q,12.05,13.31,12.05,12.68,12.05,12.68,23,4973,60666.00,
530499,A.K.CAPITAL ,X ,Q,375.90,385.00,375.00,382.55,381.35,368.25,59,2955,1126070.00,
530517,RELAXO FOOT.,A ,Q,839.00,858.85,835.80,839.30,844.00,837.45,1935,21571,18246679.00,
530521,VIRAT INDUS.,X ,Q,42.85,42.85,40.00,42.55,42.60,40.90,27,1561,64462.00,
530525,SHEETAL DIAM,XT,Q,1.85,1.85,1.85,1.85,1.85,1.77,2,251,464.00,
530533,TERAI TEA CO,X ,Q,39.95,40.75,38.90,40.00,40.00,38.85,31,4047,162999.00,
530543,MARG LTD    ,Z ,Q,5.90,6.05,5.66,5.90,5.90,5.94,22,13258,77617.00,
530545,COSCO INDIA ,X ,Q,111.15,112.90,109.00,110.40,110.00,110.95,39,2047,225612.00,
530549,SHILPA MEDIC,A ,Q,369.75,373.50,368.00,369.00,369.00,369.05,1103,24454,9068610.00,
530555,PARAMOUNT CO,B ,Q,8.50,8.95,8.30,8.83,8.80,8.74,134,50205,443380.00,
530557,NCL RESEARCH,X ,Q,0.56,0.56,0.56,0.56,0.56,0.58,20,26353,14757.00,
530565,ARCHANA SOFT,XT,Q,2.13,2.33,2.13,2.33,2.33,2.23,3,604,1307.00,
530571,EXPLICIT FIN,X ,Q,1.69,1.69,1.69,1.69,1.69,1.61,1,100,169.00,
530577,LADDERUP FIN,X ,Q,14.97,15.40,14.24,14.90,14.90,14.97,20,2427,35633.00,
530579,UYFINCORP   ,XT,Q,3.10,3.19,2.89,3.18,3.18,3.04,34,12960,39299.00,
530585,SWASTIK INV ,XT,Q,149.25,149.25,135.35,136.90,136.00,142.40,24,717,98607.00,
530589,PRIMA PLASTI,X ,Q,90.50,92.05,88.15,89.65,89.00,90.50,105,6370,575685.00,
530595,TELECANOR   ,X ,Q,7.43,7.43,7.43,7.43,7.43,7.82,1,10,74.00,
530601,JAGSON FIN. ,XT,Q,2.04,2.04,2.04,2.04,2.04,2.14,4,79,161.00,
530609,CARNATION IN,XT,Q,5.70,5.70,5.70,5.70,5.70,6.00,1,15,85.00,
530615,GARG FURNACE,XT,Q,19.20,19.20,19.20,19.20,19.20,18.30,4,2209,42412.00,
530617,SAMPRE NUTRI,XT,Q,20.30,20.30,18.50,20.20,20.20,19.40,5,390,7792.00,
530621,AAIL        ,X ,Q,17.95,19.00,17.80,17.90,18.00,18.40,39,11991,216494.00,
530627,VIPULORG    ,X ,Q,148.00,148.00,142.00,143.95,145.00,141.70,91,8739,1260062.00,
530643,ECORECO     ,X ,Q,49.95,53.65,48.00,53.05,53.20,50.95,177,20765,1081428.00,
530655,GOODLUCK    ,B ,Q,73.65,77.30,72.05,74.75,74.75,72.85,727,77973,5905172.00,
530663,GOYAL ASSO. ,XT,Q,2.74,2.74,2.64,2.69,2.66,2.69,57,205756,556562.00,
530665,ZENITH HEALT,XT,Q,8.06,8.06,8.06,8.06,8.06,8.22,370,73332,591055.00,
530677,SUPREME HO  ,X ,Q,15.54,15.54,13.86,14.31,14.31,14.80,45,9785,141523.00,
530689,LYKISLTD    ,X ,Q,26.50,26.90,25.50,26.05,26.80,26.10,59,9736,254180.00,
530695,PRIME PROP  ,X ,Q,11.49,11.49,10.66,11.10,11.10,11.27,8,638,7158.00,
530697,ZENLABS     ,X ,Q,26.05,28.50,24.25,25.85,25.85,27.00,75,41197,1072680.00,
530699,RAJRAYON    ,Z ,Q,0.24,0.24,0.22,0.24,0.24,0.23,99,446983,103876.00,
530709,GOWRA LEASNG,XT,Q,18.55,18.55,18.55,18.55,18.55,17.70,5,1265,23465.00,
530711,JAGAN LAMPS ,X ,Q,31.80,32.50,31.00,31.85,31.85,31.85,81,5307,167760.00,
530713,AJEL        ,Z ,Q,4.14,4.14,3.94,3.94,3.94,4.14,6,282,1112.00,
530715,ALPS INDS.  ,T ,Q,1.81,1.81,1.72,1.78,1.81,1.73,18,14611,25759.00,
530723,ASIT C FIN  ,X ,Q,44.90,49.10,44.90,46.60,49.10,47.25,11,10300,469579.00,
530733,NOVAPUBLIC  ,X ,Q,29.45,29.45,29.45,29.45,29.45,29.45,2,32,942.00,
530755,CORAL NEWSPR,XT,Q,2.74,2.74,2.61,2.62,2.62,2.74,3,1025,2687.00,
530759,STERL.TOOLS ,B ,Q,231.00,231.00,217.40,221.90,222.00,220.95,158,2215,497545.00,
530771,KLG CAPITAL ,X ,Q,12.75,12.75,12.75,12.75,12.75,12.15,1,1,12.00,
530777,INFRA INDUS.,Z ,Q,7.30,7.30,7.30,7.30,7.30,7.60,2,19,138.00,
530779,DYNAMIC PORT,X ,Q,2.70,2.70,2.70,2.70,2.70,2.58,4,75000,202500.00,
530789,CEEJAY FINAN,X ,Q,90.70,90.70,87.00,87.85,87.85,85.30,8,400,35411.00,
530797,SHREE GANES.,XT,Q,5.40,5.45,5.30,5.35,5.35,5.54,15,3910,21023.00,
530803,BHAGIL      ,B ,Q,169.60,170.10,168.00,168.35,168.35,170.80,92,2385,403564.00,
530809,BNR UDYOG   ,X ,Q,9.25,10.10,9.25,10.10,10.10,9.62,3,501,4635.00,
530813,KRBL LTD.   ,A ,Q,203.70,204.95,201.30,201.80,201.80,201.70,1281,42760,8663538.00,
530815,REFNOL RESIN,X ,Q,24.45,25.95,24.45,24.50,25.95,25.70,4,306,7490.00,
530821,SSPDL LTD   ,X ,Q,11.81,11.81,10.78,11.00,11.00,11.00,22,5620,62857.00,
530825,DAIKAFFIL CH,X ,Q,32.90,32.90,30.10,30.40,30.40,31.40,35,1270,40053.00,
530829,CIL SECURITS,X ,Q,12.51,12.54,12.51,12.54,12.54,13.15,2,20,250.00,
530839,CLIO INFOTEC,X ,Q,1.45,1.57,1.43,1.53,1.43,1.50,21,4639,6838.00,
530843,CUPID LTD   ,B ,Q,215.00,217.50,213.50,214.35,214.35,212.40,285,14658,3142458.00,
530845,SUNSHIELD CH,X ,Q,221.90,227.00,215.10,226.75,226.75,219.45,84,6571,1475171.00,
530853,HIPOLIN LTD.,XT,Q,42.60,42.60,42.60,42.60,42.60,41.80,2,150,6390.00,
530871,CHEMBOND CHM,B ,Q,184.60,192.25,184.60,187.55,187.60,183.25,158,2952,559414.00,
530879,CIFL        ,X ,Q,144.05,169.80,144.05,162.00,162.00,160.00,47,679,108233.00,
530883,SUPER CROP. ,XT,Q,8.01,8.34,8.01,8.06,8.19,8.14,128,38700,313789.00,
530889,ALKA INDIA  ,XT,Q,0.73,0.73,0.73,0.73,0.73,0.74,196,57639,42076.00,
530897,N.G.IND.LTD.,X ,Q,45.00,45.00,43.15,43.25,43.25,43.00,6,1111,49801.00,
530915,J.R.FOODS   ,XT,Q,3.63,3.63,3.63,3.63,3.63,3.52,4,644,2337.00,
530919,REMSONS IND.,B ,Q,144.85,146.45,144.85,146.45,146.45,144.85,27,130,18881.00,
530943,SRI ADHIKARI,T ,Q,1.34,1.40,1.34,1.40,1.40,1.41,8,4200,5688.00,
530951,RAMINFO     ,X ,Q,30.35,33.55,30.00,32.75,32.75,30.50,62,10234,335464.00,
530959,DIANA TEA CO,X ,Q,15.10,15.60,15.10,15.55,15.60,15.35,34,8794,135694.00,
530961,VIKASECO    ,B ,Q,2.87,2.92,2.81,2.91,2.91,2.79,1230,676365,1946360.00,
530965,INDIAN OIL  ,A ,Q,103.30,104.05,101.40,102.60,102.60,102.15,6419,1395756,143554938.00,
530973,ALFA ICA (I),XT,Q,27.10,28.00,27.10,27.10,27.10,28.50,7,550,14950.00,
530977,SKCIL       ,XT,Q,33.20,36.30,33.20,36.05,36.05,34.85,8,811,29108.00,
530979,INDIA HOME  ,X ,Q,48.00,48.00,45.05,47.45,47.50,47.70,57,9493,449423.00,
530985,JPT SECUR.  ,XT,Q,9.00,9.00,9.00,9.00,9.00,8.61,2,87,783.00,
530997,UNIQUE ORGAN,X ,Q,14.17,14.17,13.02,14.17,14.17,13.50,15,3106,44010.00,
530999,BALAJI AMINE,A ,Q,1874.00,1899.95,1813.50,1841.85,1835.25,1866.40,1252,9177,17028879.00,
531017,ARIHANT SEC.,X ,Q,4.03,4.04,4.03,4.04,4.04,4.24,3,296,1195.00,
531025,VISAGAR FIN ,XT,Q,0.86,0.86,0.86,0.86,0.86,0.87,16,3067,2637.00,
531041,COMPETENT AU,X ,Q,163.00,163.00,146.50,157.35,158.80,155.10,28,948,148626.00,
531049,NEELKANTH RO,Z ,Q,8.45,8.45,8.35,8.35,8.35,8.30,3,12,100.00,
531067,CONTIL I LTD,X ,Q,12.39,12.39,11.80,11.80,11.80,11.27,9,502,6031.00,
531069,VIJAY SOLVEX,XT,Q,1045.00,1045.00,975.05,992.15,995.00,998.00,76,366,368474.00,
531080,SHRI KRISH  ,X ,Q,15.60,15.95,15.60,15.95,15.95,15.95,2,41,650.00,
531082,ALANKIT     ,B ,Q,16.70,16.70,16.00,16.15,16.15,16.00,130,19336,311569.00,
531083,NIHAR INFO  ,XT,Q,5.44,5.44,5.44,5.44,5.44,5.72,2,109,592.00,
531091,UNITED CRED.,X ,Q,11.00,12.08,10.18,12.06,10.99,11.12,30,3155,36902.00,
531092,OMINFRAL    ,B ,Q,24.60,24.90,24.05,24.70,24.70,24.45,87,4050,99012.00,
531099,RUBRA MEDICA,X ,Q,1.98,1.98,1.94,1.97,1.97,1.97,4,1206,2348.00,
531109,ISHAN DYES  ,X ,Q,50.05,52.65,46.15,49.35,49.80,51.00,135,19356,973401.00,
531111,GOTHI PLASCO,P ,Q,19.60,19.60,19.25,19.25,19.25,19.60,10,1400,27045.00,
531119,CEENIK EXPO.,X ,Q,7.47,7.47,7.47,7.47,7.47,7.86,2,650,4855.00,
531120,PATEL ENGG. ,A ,Q,14.30,14.65,13.91,14.07,14.07,14.17,343,113748,1628618.00,
531126,VIRTUALSOFT.,XT,Q,1.90,1.90,1.90,1.90,1.90,1.94,3,4100,7790.00,
531129,INANI MARBLE,X ,Q,15.55,20.45,15.55,18.10,17.65,18.05,51,6100,108292.00,
531137,GEMSTONE INV,X ,Q,1.98,1.98,1.82,1.95,1.98,1.89,178,98751,192189.00,
531146,MEDICAMEN BI,X ,Q,625.20,647.90,615.00,625.95,625.95,633.90,206,8482,5340312.00,
531147,ALICON      ,B ,Q,468.40,490.00,461.00,464.30,462.95,468.35,298,2938,1383113.00,
531153,DILIGENT    ,X ,Q,8.49,8.49,8.17,8.49,8.49,8.33,10,2304,19239.00,
531155,EPSOM PRO   ,X ,Q,5.88,5.88,5.70,5.70,5.70,6.00,3,120,686.00,
531156,ALFAVISON.OV,XT,Q,40.10,40.10,40.10,40.10,40.10,42.00,1,300,12030.00,
531157,ORGANIC COAT,XT,Q,7.09,7.09,7.09,7.09,7.09,7.46,1,125,886.00,
531158,CATVISION   ,XT,Q,7.05,7.05,6.43,7.00,7.00,6.76,13,2956,20289.00,
531161,ABM KNOWLEDG,X ,Q,125.70,125.70,120.00,121.00,121.50,121.75,211,25069,3059815.00,
531162,EMAMI LTD.  ,A ,Q,449.80,456.00,445.40,451.25,450.50,448.30,1289,35222,15847078.00,
531163,KEMISTAR    ,X ,Q,41.75,41.95,41.70,41.95,41.95,41.95,5,2137,89395.00,
531169,SKP SECURE. ,X ,Q,52.25,52.50,52.25,52.50,52.50,55.00,3,125,6534.00,
531173,SYSCHEM (I) ,X ,Q,8.00,8.25,6.71,8.08,8.09,8.17,68,48493,373341.00,
531176,MEFCOM CAPIT,X ,Q,7.15,7.15,7.15,7.15,7.15,7.52,1,100,715.00,
531179,ARMAN FIN   ,A ,Q,620.00,634.00,587.95,612.85,614.45,615.15,541,3567,2170460.00,
531190,TAVERNIER   ,X ,Q,8.08,8.08,8.08,8.08,8.08,8.50,1,1,8.00,
531192,MIDINFRA    ,XT,Q,1.35,1.35,1.35,1.35,1.35,1.35,5,283,382.00,
531196,GAGAN POLYCO,X ,Q,1.41,1.48,1.41,1.48,1.48,1.41,11,3328,4736.00,
531198,DHANADACOL  ,XT,Q,4.53,4.75,4.53,4.75,4.75,4.53,26,36082,171376.00,
531201,SHILCHAR TEC,X ,Q,218.70,218.70,205.05,211.15,214.70,210.10,32,193,40726.00,
531203,BRAND REAL  ,XT,Q,40.75,40.75,37.00,40.70,40.70,38.85,7,167,6766.00,
531209,NUCLE.SOFT E,A ,Q,522.05,533.85,522.05,527.00,527.00,524.00,547,7415,3916864.00,
531212,NALIN LEASE ,X ,Q,23.20,23.20,21.00,22.10,22.10,22.10,20,4600,99507.00,
531213,MANAP FIN   ,A ,Q,175.00,176.10,173.25,175.30,175.30,173.30,2643,293118,51189292.00,
531215,RTS POWER CO,X ,Q,42.50,47.20,42.50,43.30,43.50,42.60,88,9976,441828.00,
531216,COMFORT INTE,X ,Q,7.70,7.75,7.04,7.65,7.75,7.39,48,11816,87304.00,
531223,ANJANI SYNT.,X ,Q,23.85,25.25,23.50,24.10,24.00,23.60,48,3567,86977.00,
531225,XTGLOBAL    ,X ,Q,24.00,24.65,23.45,24.35,24.45,23.35,63,4705,113014.00,
531233,RASI ELECTRO,X ,Q,3.80,3.95,3.80,3.90,3.90,3.99,12,13500,51491.00,
531234,VICTORY PAPR,X ,Q,114.90,115.00,110.25,111.75,111.00,114.00,24,3398,380833.00,
531237,DHRUVA CAP. ,X ,Q,2.50,2.50,2.50,2.50,2.50,2.50,1,1,2.00,
531241,LINC PEN &PL,B ,Q,171.50,174.00,167.90,169.95,169.00,170.00,111,4737,814157.00,
531253,INDIA GELAT.,X ,Q,96.00,96.90,94.00,94.80,95.45,94.95,121,13931,1325910.00,
531254,OPTIFIN     ,XT,Q,26.25,26.25,26.25,26.25,26.25,25.00,5,245,6431.00,
531255,PARAGON FIN.,X ,Q,17.65,19.80,17.65,19.70,19.70,18.00,14,383,7507.00,
531257,PRATIKSHA CH,X ,Q,6.00,6.05,5.70,6.05,6.05,5.50,9,411,2480.00,
531260,SUNEDISON   ,XT,Q,67.00,67.00,67.00,67.00,67.00,70.50,12,224,15008.00,
531266,VST TILLERS ,A ,Q,1913.20,1917.00,1875.00,1909.95,1904.05,1900.40,598,3493,6611492.00,
531268,B2B SOFT.   ,XT,Q,13.60,14.19,12.98,14.05,14.05,13.61,26,3004,40201.00,
531273,RADHE DEVLOP,X ,Q,8.65,9.33,8.65,9.28,9.28,9.29,12,588,5156.00,
531278,ELIXIR      ,X ,Q,31.95,31.95,28.10,28.45,28.40,30.35,37,2629,75229.00,
531279,TRISHAKTI EL,XT,Q,9.53,9.53,9.53,9.53,9.53,9.53,3,176,1677.00,
531281,P.G.IND.LTD.,XT,Q,5.95,6.00,5.55,5.72,5.94,5.81,48,10528,60159.00,
531287,NAT PLASTIC ,X ,Q,37.00,38.70,36.90,37.90,37.90,37.00,23,6910,258813.00,
531289,NATFIT      ,X ,Q,39.00,40.00,36.70,38.00,38.00,39.00,22,2447,93699.00,
531297,ARTEFACT PR ,X ,Q,35.50,36.50,35.50,36.10,36.00,36.30,23,7303,262605.00,
531300,AMIT INTNL. ,XT,Q,2.35,2.35,2.24,2.35,2.35,2.24,32,12827,29439.00,
531306,DHP INDIA LT,X ,Q,407.00,407.00,388.00,390.65,390.10,394.40,48,450,177543.00,
531307,RRIL        ,X ,Q,12.80,12.80,12.80,12.80,12.80,13.06,18,2901,37132.00,
531310,AVAILABLE FI,X ,Q,15.15,15.15,15.15,15.15,15.15,15.15,6,3000,45450.00,
531314,INTEGRA CAP.,X ,Q,13.90,13.90,13.90,13.90,13.90,14.18,3,63,875.00,
531322,HAVISHA     ,T ,Q,0.85,0.85,0.81,0.81,0.81,0.85,16,4685,3883.00,
531323,JAYIND      ,X ,Q,4.15,4.15,4.15,4.15,4.15,4.15,2,2000,8300.00,
531324,ROSELABS FIN,XT,Q,25.00,25.00,24.80,24.90,24.90,23.85,9,144,3581.00,
531327,CHARMS INDUS,X ,Q,1.59,1.59,1.59,1.59,1.59,1.52,2,490,779.00,
531334,VIKALP SEC. ,XT,Q,3.90,3.90,3.90,3.90,3.90,3.90,1,150,585.00,
531335,ZYDUS WELL  ,A ,Q,1911.55,1926.25,1890.20,1901.35,1900.00,1904.70,215,1090,2075277.00,
531336,AUROMA COKE ,XT,Q,4.80,4.80,4.80,4.80,4.80,4.80,1,108,518.00,
531337,JUMPNET     ,B ,Q,12.76,12.96,12.76,12.76,12.76,13.02,576,1659476,21185186.00,
531338,MILE GLOBAL ,X ,Q,8.90,8.90,8.90,8.90,8.90,8.90,1,15,133.00,
531341,GUJ.INVESTA ,X ,Q,4.30,4.30,4.14,4.14,4.14,4.22,9,7922,34048.00,
531343,INDINFRA    ,X ,Q,2.56,2.56,2.56,2.56,2.56,2.45,1,10,25.00,
531344,CONTAIN.CORP,A ,Q,577.00,587.60,573.00,578.55,578.55,572.65,2709,96653,56146459.00,
531346,EASTERN TRED,X ,Q,59.50,61.70,59.50,61.50,61.65,58.80,15,2001,122612.00,
531349,PANACEA BIOT,A ,Q,204.50,204.50,199.15,200.05,201.20,201.65,447,15670,3150497.00,
531352,PEETI SECURT,XT,Q,7.14,7.14,6.46,6.52,6.52,6.80,4,201,1310.00,
531358,CHOICE INT. ,X ,Q,116.60,120.00,116.40,119.45,119.50,116.60,118,20239,2378983.00,
531359,SHRIRAM ASSE,XT,Q,64.50,64.50,63.30,63.30,63.30,64.50,2,205,13000.00,
531364,PARAMONE    ,XT,Q,33.00,33.00,31.95,32.00,32.00,32.60,9,2600,83965.00,
531373,BYKE HOSP   ,B ,Q,20.15,20.55,19.90,20.35,20.50,20.10,79,11905,241416.00,
531380,CENTENIAL SU,X ,Q,60.00,60.00,59.50,59.50,59.50,62.45,3,6,359.00,
531381,ARIHANT FOUN,B ,Q,22.25,22.25,22.25,22.25,22.25,22.60,9,179,3982.00,
531390,UPSURGE INV.,XT,Q,26.00,26.00,26.00,26.00,26.00,25.65,5,1500,39000.00,
531396,WOMEN NETWOR,XT,Q,3.42,3.42,3.42,3.42,3.42,3.36,5,1537,5256.00,
531398,SOURCENTRL  ,X ,Q,140.00,161.00,140.00,149.85,150.00,153.00,36,476,72217.00,
531400,ALMONDZ GLO ,B ,Q,27.80,28.00,27.60,27.80,27.60,27.50,6,133,3698.00,
531406,ANS LTD     ,XT,Q,17.50,17.50,17.50,17.50,17.50,16.70,6,48,840.00,
531409,ALCH CORP   ,X ,Q,5.58,5.58,5.58,5.58,5.58,5.87,9,2818,15724.00,
531411,TUNI TEXTILE,XT,Q,0.58,0.58,0.54,0.56,0.58,0.56,135,128836,72498.00,
531412,RADIX IND   ,XT,Q,34.00,34.00,33.55,33.55,33.55,34.15,6,338,11388.00,
531416,NARENDRA PRO,X ,Q,11.73,11.73,11.73,11.73,11.73,11.18,11,2550,29911.00,
531417,MEGA CORPN. ,X ,Q,0.75,0.75,0.75,0.75,0.75,0.72,67,19867,14900.00,
531426,TAMIL.NEWSPR,A ,Q,142.00,154.00,141.95,147.35,147.35,141.65,3216,157427,23358967.00,
531429,ADVENT COMP.,XT,Q,1.66,1.74,1.58,1.74,1.74,1.66,7,777,1349.00,
531431,SHAKTI PUMPS,B ,Q,532.75,547.95,526.65,531.15,536.00,532.30,819,13821,7433423.00,
531437,PWASML      ,X ,Q,26.45,26.50,24.45,26.40,26.40,25.95,18,3127,80235.00,
531444,VARDHMAN    ,XT,Q,3.90,3.90,3.90,3.90,3.90,4.01,1,15,58.00,
531449,GRM OVERSEAS,X ,Q,1028.05,1028.05,1028.05,1028.05,1028.05,1049.00,35,519,533557.00,
531453,MOHIT INDUS.,B ,Q,7.88,7.88,7.50,7.50,7.50,7.69,6,1612,12276.00,
531454,POLYLINK POL,X ,Q,14.75,14.75,13.50,14.57,14.50,14.03,65,15673,222818.00,
531456,MINAXI TEXT.,X ,Q,0.60,0.62,0.57,0.58,0.58,0.60,13,15286,8817.00,
531460,CONTI.CONTRL,XT,Q,3.76,4.14,3.76,3.76,3.76,3.95,7,676,2658.00,
531471,DUKE OFFSHOR,X ,Q,11.24,11.24,10.51,10.77,10.93,10.91,56,2181,23359.00,
531472,CYBELE IND  ,X ,Q,5.50,5.50,5.50,5.50,5.50,5.74,1,750,4125.00,
531489,CG-VAK SOFTW,X ,Q,87.10,92.00,87.10,91.05,91.05,88.15,30,2175,197562.00,
531494,NAVKAR BUILD,XT,Q,10.23,10.25,10.23,10.25,10.25,10.05,8,3280,33617.00,
531496,OMKAR OVERSE,X ,Q,1.05,1.10,1.05,1.10,1.10,1.05,4,700,760.00,
531497,MADHUCON PRJ,B ,Q,7.79,7.82,7.08,7.08,7.08,7.45,119,59799,461659.00,
531499,SYBLY INDS. ,XT,Q,3.67,3.67,3.34,3.35,3.36,3.50,13,4009,13477.00,
531500,RAJESH EXPO.,A ,Q,520.00,536.40,520.00,525.80,522.35,515.95,1317,31652,16750889.00,
531502,ESAAR (I)LTD,X ,Q,2.79,2.79,2.79,2.79,2.79,2.84,20,1147,3200.00,
531503,MARIS SPIN. ,XT,Q,31.40,33.60,31.40,32.00,32.00,32.00,8,256,8396.00,
531508,EVEREADY (I),A ,Q,299.90,300.00,279.60,289.15,289.15,294.75,3429,81576,23661257.00,
531515,MAHAN IND.  ,XT,Q,0.20,0.20,0.20,0.20,0.20,0.21,4,5560,1112.00,
531518,VIKASPROP   ,B ,Q,2.55,2.58,2.47,2.55,2.55,2.54,2522,990580,2491687.00,
531525,ACE SOFTWARE,X ,Q,14.00,14.00,13.00,13.30,13.30,13.90,16,1589,21594.00,
531531,HATSUN AGRO ,A ,Q,720.10,740.00,716.45,728.75,727.50,718.25,357,3993,2903835.00,
531533,E.COM INFOTE,XT,Q,8.10,8.49,8.10,8.10,8.10,8.49,5,353,2863.00,
531539,RISHABH DIGH,X ,Q,20.05,20.85,20.05,20.20,20.85,20.90,7,1017,20473.00,
531540,MARUTI INFRA,X ,Q,23.00,23.60,22.60,22.90,22.80,23.00,26,6142,140040.00,
531541,KOBO        ,Z ,Q,4.90,4.90,4.45,4.45,4.45,4.68,10,3105,14147.00,
531543,JINDAL WORLD,B ,Q,56.85,57.10,55.60,56.10,56.75,55.40,596,74326,4183276.00,
531548,SOMANY CRAM ,A ,Q,459.70,459.70,442.00,447.70,448.00,441.25,150,2014,898672.00,
531552,RAGHUNATH TO,XT,Q,5.20,5.20,5.20,5.20,5.20,5.20,7,263,1367.00,
531556,CORAL (I)FIN,B ,Q,23.95,24.30,23.00,23.30,23.50,23.45,70,5396,126649.00,
531560,AROMA ENT   ,Z ,Q,29.25,29.25,28.80,28.80,28.80,29.25,4,225,6560.00,
531574,VAS INFRA   ,XT,Q,4.87,5.25,4.87,5.25,5.25,5.12,7,1502,7884.00,
531578,KMF BUILDERS,X ,Q,4.00,4.00,3.84,3.84,3.84,3.85,2,80,308.00,
531582,BERYL SECUR.,XT,Q,5.12,5.37,5.12,5.37,5.37,5.12,3,50,258.00,
531585,DEVINE IMPE ,XT,Q,1.53,1.54,1.53,1.54,1.53,1.60,6,731,1123.00,
531591,BAMPSL SECUR,XT,Q,2.20,2.20,2.13,2.20,2.20,2.16,15,4761,10312.00,
531592,GENPHARMA   ,X ,Q,9.00,9.15,8.95,9.05,9.05,9.10,198,69001,624475.00,
531594,INCON ENGG. ,XT,Q,4.80,4.80,4.37,4.37,4.37,4.58,3,407,1951.00,
531595,CGCL        ,A ,Q,363.95,372.70,356.05,359.35,359.35,360.25,4084,85847,31150261.00,
531599,FDC LIMITED ,A ,Q,282.00,284.00,279.10,281.00,280.60,282.25,516,15666,4398776.00,
531609,KG PETROCHEM,XT,Q,179.60,180.00,179.00,179.50,179.90,174.45,28,2747,494109.00,
531613,MAL         ,XT,Q,0.75,0.75,0.75,0.75,0.75,0.77,1,100,75.00,
531616,STARCOM     ,XT,Q,47.45,47.45,47.45,47.45,47.45,45.20,2,100,4745.00,
531621,CENTERAC    ,XT,Q,1.61,1.61,1.61,1.61,1.61,1.61,1,14,22.00,
531624,COUNTRY COND,T ,Q,2.49,2.49,2.49,2.49,2.49,2.38,2,1052,2619.00,
531633,LINCOLN PHAR,A ,Q,238.35,244.00,237.30,240.15,240.10,236.85,484,12959,3130804.00,
531635,SILVER OAK  ,XT,Q,21.20,21.20,21.00,21.00,21.00,21.20,5,110,2316.00,
531637,PRAVEG      ,X ,Q,63.10,65.70,62.20,62.75,62.30,64.05,74,6633,416871.00,
531638,SURAJ LTD   ,X ,Q,32.00,32.00,32.00,32.00,32.00,31.00,2,251,8032.00,
531642,MARICOLTD   ,A ,Q,408.00,410.20,405.45,408.60,408.60,406.50,2315,115888,47312657.00,
531648,MAHAVIRIND  ,XT,Q,0.75,0.75,0.69,0.74,0.69,0.72,21,19643,14731.00,
531658,TRIJAL IND. ,X ,Q,2.95,2.95,2.95,2.95,2.95,3.04,1,1,2.00,
531661,HITTCO TOOLS,X ,Q,5.48,5.48,5.45,5.45,5.45,5.22,5,1450,7940.00,
531668,VISION CORPO,XT,Q,1.22,1.23,1.21,1.23,1.23,1.18,35,29149,35827.00,
531672,INANI SEC.  ,XT,Q,17.15,17.15,17.15,17.15,17.15,17.15,1,1,17.00,
531673,ANKA INDIA  ,X ,Q,9.85,10.20,9.50,10.20,10.20,10.00,6,935,9227.00,
531680,MAYUR LEATHR,XT,Q,6.24,6.24,6.24,6.24,6.24,5.95,3,1164,7263.00,
531687,KARUTURI GLO,Z ,Q,0.30,0.30,0.28,0.28,0.28,0.29,130,2568186,719922.00,
531688,PRITHVIEXCH ,X ,Q,19.25,19.75,18.50,18.70,19.45,19.20,26,1427,26914.00,
531717,VIDHIING    ,B ,Q,136.70,144.40,136.70,143.30,143.50,137.40,551,30330,4329317.00,
531719,BHAGIRA.CHEM,X ,Q,419.95,419.95,392.00,408.30,410.00,401.75,123,3961,1597859.00,
531726,PANCHSHEEL O,XT,Q,88.75,88.75,86.00,88.70,88.70,85.70,5,197,16962.00,
531727,MENON PISTON,X ,Q,19.80,19.95,19.05,19.30,19.30,19.25,212,55133,1072098.00,
531737,GREENCREST  ,X ,Q,0.62,0.62,0.62,0.62,0.62,0.61,30,36766,22794.00,
531739,GENNEX LAB  ,X ,Q,4.45,4.45,4.25,4.29,4.34,4.33,402,461987,1993589.00,
531746,PRAJAY ENGS.,B ,Q,9.19,9.31,8.95,9.24,9.25,9.20,51,6933,62914.00,
531752,SUN TECHNO  ,XT,Q,0.20,0.21,0.19,0.20,0.21,0.20,264,1591409,325958.00,
531761,APOLLOPIPES ,A ,Q,734.80,745.00,722.00,725.10,730.65,727.85,640,5046,3700578.00,
531762,UNJHA FORMUL,XT,Q,8.75,8.75,8.20,8.59,8.59,8.35,7,2540,21818.00,
531768,POLY MEDICUR,A ,Q,724.95,724.95,708.75,713.25,713.00,713.20,320,402321,287658754.00,
531778,KACHCHHMIN  ,X ,Q,7.99,7.99,7.98,7.99,7.99,7.61,6,2797,22343.00,
531784,KCLINFRA    ,XT,Q,1.00,1.02,1.00,1.02,1.02,0.98,25,45396,45784.00,
531795,ATUL AUTO   ,B ,Q,205.05,214.00,203.30,204.50,204.50,206.65,1197,42044,8702385.00,
531810,METAL COATIN,X ,Q,23.05,25.10,23.05,25.10,25.10,23.95,9,1681,40635.00,
531812,SGN TELECOMS,XT,Q,0.49,0.49,0.49,0.49,0.49,0.49,12,1452,711.00,
531813,GANGAPAPERS ,XT,Q,30.50,30.50,30.50,30.50,30.50,30.20,1,2,61.00,
531814,TIRUPATI SAR,X ,Q,7.34,7.34,6.73,7.00,7.00,6.84,30,4063,27944.00,
531822,RODIUM      ,X ,Q,65.05,69.90,62.00,62.65,62.65,62.05,18,851,56695.00,
531832,NAGAR.AGRITE,X ,Q,5.00,5.00,5.00,5.00,5.00,4.98,2,238,1190.00,
531834,NATURA HUE C,X ,Q,0.58,0.58,0.58,0.58,0.58,0.56,1,3,1.00,
531841,INDUSFINL   ,XT,Q,5.49,5.75,5.49,5.75,5.75,5.48,4,142,792.00,
531842,LAHOTI OVER.,X ,Q,15.95,15.95,14.00,14.66,14.66,15.36,73,41252,594628.00,
531847,ASIAN STAR  ,B ,Q,820.00,835.00,795.00,835.00,835.00,835.00,5,61,49305.00,
531859,ORIENTAL VEN,X ,Q,54.95,56.00,53.50,55.25,55.00,55.30,73,17209,943041.00,
531861,JOINDRE CAPI,X ,Q,17.45,18.15,17.40,17.70,17.70,17.70,35,2815,49529.00,
531862,BHARATAGRI  ,X ,Q,162.00,162.00,157.65,160.75,161.00,161.90,19,306,48722.00,
531867,UNITECH INTE,X ,Q,3.51,3.57,3.51,3.57,3.57,3.51,8,9561,34037.00,
531869,SACHETA MET.,XT,Q,20.30,20.60,19.00,19.95,20.00,19.75,437,73081,1441879.00,
531878,ANJANI FINL ,X ,Q,3.30,3.30,3.30,3.30,3.30,3.24,2,9145,30178.00,
531879,PIONEER DIS.,B ,Q,111.00,111.00,106.00,108.80,108.80,109.00,214,5907,635598.00,
531881,GMETCOAL    ,Z ,Q,13.50,13.50,13.10,13.22,13.10,13.10,11,550,7412.00,
531888,REXNORD ELE.,X ,Q,32.00,33.00,30.10,31.30,31.30,32.00,80,12943,403689.00,
531892,KHANDWALA SE,B ,Q,13.55,13.96,13.30,13.96,13.96,13.30,4,101,1344.00,
531893,SAWACA BUSI ,X ,Q,1.07,1.07,1.07,1.07,1.07,1.02,42,68621,73424.00,
531900,CCL INTER   ,XT,Q,16.95,16.95,15.90,16.95,16.95,16.15,7,89,1456.00,
531909,SWAGRUHA    ,XT,Q,4.59,4.59,4.59,4.59,4.59,4.59,2,200,918.00,
531917,TWINSTAR SOF,Z ,Q,0.84,0.92,0.84,0.92,0.92,0.88,17,8035,6910.00,
531921,AGAR IND COR,T ,Q,153.50,160.90,153.50,155.10,157.70,156.90,30,1316,206144.00,
531923,DHAMPURE SGR,X ,Q,22.55,22.55,19.10,20.00,19.80,20.50,47,13387,276282.00,
531925,SHANTANU SHE,XT,Q,0.98,0.98,0.94,0.98,0.98,0.94,13,5061,4758.00,
531929,INNOCORP L  ,XT,Q,1.14,1.14,1.09,1.09,1.09,1.14,6,3550,3954.00,
531952,RIBA TEXTILS,X ,Q,56.70,56.70,52.10,53.15,54.50,53.70,145,55429,2936755.00,
531962,SHREMETAL   ,XT,Q,22.55,24.85,22.55,23.65,24.85,23.70,7,795,18681.00,
531972,TRIDENTTOOL ,Z ,Q,3.17,3.17,3.17,3.17,3.17,3.17,6,598,1895.00,
531977,CHARTERLOGIS,X ,Q,3.30,3.58,3.30,3.55,3.55,3.44,53,34673,117421.00,
531978,AMBIKA COTTO,B ,Q,980.05,1015.00,980.05,991.65,1001.00,985.60,429,5945,5905657.00,
531979,HIND ALUMIN ,X ,Q,38.10,40.95,37.50,40.40,40.90,37.40,196,32868,1307628.00,
531982,SPECTR FOOD ,XT,Q,12.61,12.61,12.61,12.61,12.61,13.27,9,172,2168.00,
531989,DECCAN POLYP,Z ,Q,2.76,2.76,2.76,2.76,2.76,2.90,3,30,82.00,
531991,AMRAWOR AGRI,XT,Q,0.65,0.65,0.65,0.65,0.65,0.65,10,1273,827.00,
532001,INDUCTO STL.,X ,Q,16.15,16.15,16.15,16.15,16.15,17.00,1,45,726.00,
532005,SAM INDUS.  ,X ,Q,13.41,14.07,13.06,14.07,14.07,13.40,20,8239,115662.00,
532007,SHREEVAT.FIN,XT,Q,4.85,5.04,4.85,5.03,5.03,4.94,4,381,1849.00,
532011,POOJA ENT   ,XT,Q,63.95,63.95,63.95,63.95,63.95,65.25,35,635,40608.00,
532015,GRAVITY (I) ,XT,Q,1.53,1.55,1.46,1.50,1.50,1.48,34,46611,71630.00,
532022,FILAT FASH  ,XT,Q,3.04,3.04,2.76,2.79,2.85,2.90,35,32976,95852.00,
532029,SINDHU TRADE,XT,Q,64.40,71.10,64.40,71.05,71.05,67.75,7,130,9119.00,
532033,JAIN STUDIOS,Z ,Q,1.95,2.04,1.95,1.95,1.95,2.04,8,2505,4893.00,
532035,UNISTAR MULT,XT,Q,5.15,5.15,4.75,4.83,4.83,5.00,8,2150,10515.00,
532039,ZENOTECH    ,XT,Q,40.05,40.05,38.05,39.00,39.00,40.05,149,38188,1469092.00,
532041,HINDUSTN BIO,X ,Q,2.80,2.83,2.80,2.83,2.83,2.78,10,2529,7114.00,
532042,FRONTL CORP ,X ,Q,10.70,10.70,10.70,10.70,10.70,11.26,1,10,107.00,
532051,SWELECT     ,B ,Q,196.00,202.00,193.00,195.45,195.45,195.20,349,5585,1109024.00,
532053,WALLFORT FIN,X ,Q,37.00,37.00,34.00,34.00,34.00,35.35,24,1518,52539.00,
532054,KDDL LTD    ,B ,Q,290.90,307.20,290.00,295.40,294.30,308.25,149,3519,1041938.00,
532056,ADINATH EXIM,XT,Q,6.56,6.88,6.26,6.26,6.26,6.56,6,803,5180.00,
532057,ABHINAV CAP ,XT,Q,36.85,36.90,36.85,36.90,36.90,36.90,2,8,295.00,
532067,KILPEST (I) ,X ,Q,285.00,294.95,282.30,285.70,285.50,281.30,627,22866,6582418.00,
532070,SUPERB PAPER,X ,Q,11.45,12.50,10.75,11.54,10.75,11.29,28,113929,1297935.00,
532090,VANDANA     ,XT,Q,0.59,0.59,0.57,0.59,0.59,0.59,8,26000,15220.00,
532092,SAGARPROD   ,X ,Q,6.32,6.36,5.85,6.26,6.30,6.10,78,44827,277115.00,
532097,MUKAND ENGG.,B ,Q,13.21,14.47,12.75,14.12,14.30,13.16,176,33078,467654.00,
532100,INDO-CITY IN,X ,Q,2.36,2.36,2.36,2.36,2.36,2.33,2,600,1416.00,
532102,SBEC SUGAR  ,X ,Q,5.89,6.09,5.89,6.09,6.09,5.89,2,2,11.00,
532113,BRIJLAXMI LE,X ,Q,1.75,1.82,1.72,1.82,1.82,1.80,15,4792,8362.00,
532114,AREALTY     ,XT,Q,4.02,4.02,3.88,4.02,4.02,3.95,44,16346,65240.00,
532123,BSE  INFRA  ,B ,Q,1.00,1.00,0.98,0.98,0.98,0.98,21,8931,8786.00,
532124,RELIAB VEN  ,X ,Q,8.55,8.55,8.55,8.55,8.55,8.56,2,21,179.00,
532134,BANKBARODA  ,A ,Q,84.65,86.90,84.05,85.60,85.60,83.20,8351,3639297,312294193.00,
532140,MOHITE      ,X ,Q,12.20,12.20,12.05,12.05,12.05,11.67,3,16,195.00,
532141,ANDHRA CEMEN,B ,Q,5.65,5.75,5.57,5.64,5.67,5.53,91,21459,120982.00,
532143,SKM EGG PROD,B ,Q,50.60,55.75,50.55,54.90,54.90,50.15,457,28019,1521713.00,
532144,WELCORP     ,A ,Q,134.90,135.70,132.40,132.90,132.90,133.55,1911,126280,16922776.00,
532145,H.S.(I) LTD.,X ,Q,5.34,5.34,5.33,5.34,5.34,5.09,5,3466,18508.00,
532149,BNK OF INDIA,A ,Q,80.65,84.85,80.35,80.65,80.65,80.40,6365,1110181,91149987.00,
532150,INDRAPRAST  ,B ,Q,54.00,54.70,53.75,54.00,54.00,53.75,204,14866,805426.00,
532155,GAIL (I) LTD,A ,Q,146.00,147.50,144.70,146.95,146.95,144.80,9881,1373209,200634912.00,
532156,VAIBHAVGBL  ,A ,Q,3700.00,3885.25,3608.45,3764.70,3753.45,3666.65,1287,3971,14860409.00,
532159,TRESCON     ,X ,Q,68.95,68.95,59.25,61.50,61.50,61.35,28,1943,121407.00,
532160,GUJ.STAT.FIN,T ,Q,2.75,2.80,2.70,2.80,2.80,2.75,14,944,2642.00,
532162,JK PAPER    ,A ,Q,162.00,167.40,158.95,160.80,160.80,160.00,3383,325818,53198385.00,
532163,SAREGAMA (I),A ,Q,1109.80,1270.00,1109.80,1181.30,1181.30,1111.20,2628,15938,19209648.00,
532164,MINOLTA FIN.,Z ,Q,1.10,1.10,1.10,1.10,1.10,1.05,5,2700,2970.00,
532172,ADROITINFO  ,B ,Q,9.88,9.89,9.88,9.89,9.89,9.42,15,1989,19671.00,
532173,CYBERTECH   ,B ,Q,129.15,131.10,127.25,128.00,128.90,128.55,220,11812,1525714.00,
532174,ICICI BANK  ,A ,Q,616.20,633.50,613.75,631.85,631.85,610.50,23135,1836511,1145064318.00,
532175,CYIENT      ,A ,Q,656.40,681.80,652.15,665.55,668.00,650.50,1257,34730,23245888.00,
532178,ENGINRS.(I) ,A ,Q,91.80,93.60,88.25,88.90,88.90,87.05,7496,1540987,139166053.00,
532180,DHANALAK.BNK,B ,Q,15.64,15.75,15.36,15.64,15.64,15.38,448,187118,2910737.00,
532181,GUJ.MINERAL ,A ,Q,65.30,65.95,63.10,63.65,63.65,63.80,1118,205276,13277980.00,
532183,GAYATRI SUGR,X ,Q,1.95,2.01,1.85,2.01,2.01,1.83,104,68506,135740.00,
532187,INDUSIND BNK,A ,Q,1083.00,1103.80,1077.50,1100.05,1100.05,1072.95,5528,179890,196143687.00,
532189,INDIA TOURIS,A ,Q,327.05,330.95,322.90,323.45,323.15,323.25,161,3592,1173420.00,
532209,J & K BANK  ,A ,Q,28.85,31.55,28.85,30.95,30.95,28.90,3962,1993904,60437600.00,
532210,CITY UNION  ,A ,Q,175.85,183.40,175.85,181.25,181.25,175.50,9003,4815460,860429574.00,
532212,ARCHIES LTD ,B ,Q,12.41,12.50,12.19,12.40,12.40,12.19,40,9675,119619.00,
532215,AXIS BANK   ,A ,Q,739.00,760.75,734.75,753.65,753.65,731.40,20828,949154,711825031.00,
532216,HB STOCKHOL.,T ,Q,18.25,18.25,17.00,18.25,18.25,17.40,46,15838,286011.00,
532217,SIEL FINANCL,XT,Q,3.00,3.04,3.00,3.04,3.04,2.99,6,1092,3315.00,
532218,SOUTH IND.BK,A ,Q,10.25,10.42,10.05,10.09,10.09,10.25,21486,4913096,50127327.00,
532219,ENERGY DEV. ,T ,Q,10.30,10.60,9.66,10.48,10.48,10.10,62,19217,196415.00,
532221,SONATA SOFT.,A ,Q,492.00,507.95,482.35,486.40,487.10,488.40,1332,49098,24394225.00,
532230,BENGAL TEA &,X ,Q,38.35,40.95,38.35,40.95,40.95,40.35,9,209,8269.00,
532234,NAT.ALUM    ,A ,Q,60.00,64.00,59.80,62.00,62.00,59.10,7938,3496534,219637175.00,
532240,INDIA NIPPON,B ,Q,399.70,416.95,387.95,404.70,404.70,407.15,454,5120,2090900.00,
532256,NALWA SONS  ,B ,Q,1120.00,1142.50,1114.70,1121.45,1117.00,1100.45,163,13767,15487733.00,
532259,APAR INDUS. ,A ,Q,468.25,474.45,456.30,459.30,457.65,461.95,321,4212,1965494.00,
532268,ACCELYA     ,A ,Q,905.55,916.65,896.00,909.70,912.40,898.40,224,869,790015.00,
532271,CYBERMATE   ,Z ,Q,1.37,1.39,1.37,1.37,1.37,1.39,44,27207,37278.00,
532281,HCL TECHNO  ,A ,Q,965.00,968.00,947.00,964.85,964.85,953.70,7071,192608,184741878.00,
532284,TCFC FINANCE,X ,Q,25.60,26.90,25.00,26.60,26.60,26.50,25,3638,92275.00,
532285,GEOJITFSL   ,B ,Q,51.70,53.95,51.10,52.75,53.00,51.45,830,117060,6155188.00,
532286,JINDAL STE  ,A ,Q,340.85,354.70,340.85,349.30,349.30,338.25,3962,395086,138408132.00,
532290,BLB LTD.    ,B ,Q,6.64,6.74,6.13,6.74,6.74,6.13,108,36484,241999.00,
532296,GLENMARK PHA,A ,Q,477.10,480.70,473.15,479.00,479.00,476.20,2311,77545,36955423.00,
532300,WOCKHARDT   ,A ,Q,511.70,515.00,505.35,506.35,506.35,510.35,910,33528,17027551.00,
532301,TATA COFFEE ,A ,Q,128.50,135.10,126.50,132.00,132.00,128.30,6312,450199,59346379.00,
532304,KJMCCORP    ,X ,Q,15.00,15.00,15.00,15.00,15.00,15.00,2,299,4485.00,
532305,IND-SWIFT LA,B ,Q,75.10,75.75,74.20,74.50,75.10,74.55,191,12051,904337.00,
532307,MELSTAR INFO,Z ,Q,1.86,1.86,1.86,1.86,1.86,1.95,6,800,1488.00,
532309,GEPIL       ,A ,Q,289.00,292.40,285.65,287.05,287.05,288.30,886,22188,6410595.00,
532310,SHREE RAMA  ,B ,Q,8.31,10.11,8.30,10.11,10.11,8.43,539,286819,2805562.00,
532313,MAHINDRALIFE,A ,Q,548.75,551.00,520.00,528.55,525.00,535.85,502,11444,6113431.00,
532320,VAARAD      ,X ,Q,3.57,3.57,3.57,3.57,3.57,3.57,1,440,1570.00,
532321,CADILA HEALT,A ,Q,443.50,447.25,439.85,445.50,444.00,440.95,1490,73149,32492316.00,
532323,SHIVA CEMENT,X ,Q,21.00,21.35,20.85,21.15,21.15,20.75,876,282600,5977757.00,
532324,CINEVISTA   ,B ,Q,6.29,6.34,6.05,6.15,6.15,6.29,18,4043,24949.00,
532326,INTENS TECH ,B ,Q,36.10,36.35,35.50,35.60,35.60,35.85,83,6411,229423.00,
532329,DANLAW TECH.,XT,Q,257.70,257.70,257.70,257.70,257.70,245.45,36,3362,866387.00,
532331,AJANTA PHARM,A ,Q,1784.95,1811.90,1723.00,1755.35,1755.35,1753.05,505,4643,8219594.00,
532333,HB PORTFOLIO,X ,Q,21.50,22.45,20.05,21.50,21.50,21.00,76,10940,238256.00,
532334,HB ESTATE DE,X ,Q,11.60,12.18,11.60,12.18,12.18,11.60,26,2545,30916.00,
532339,COMPUCOM SOF,B ,Q,8.60,9.20,8.40,8.96,8.89,8.70,223,46651,414644.00,
532341,IZMO        ,B ,Q,57.60,58.35,56.65,56.65,56.65,57.65,76,4267,244842.00,
532343,TVS MOTOR L ,A ,Q,635.90,635.90,623.30,626.55,624.00,632.25,1423,77605,48625922.00,
532344,SOFTSOL (I) ,X ,Q,80.00,85.00,78.20,78.20,78.20,82.30,56,2279,178780.00,
532345,GATI LTD.   ,A ,Q,96.90,105.50,95.35,101.30,101.30,95.25,2297,228139,23265614.00,
532348,SUBEX LTX   ,B ,Q,29.45,32.05,29.40,30.80,30.80,28.90,9232,4438405,137280265.00,
532349,TRANSPORT CO,A ,Q,247.65,251.20,240.25,245.00,245.00,245.30,491,12772,3159473.00,
532350,PADMALAYA TE,XT,Q,2.42,2.58,2.38,2.42,2.38,2.50,31,7695,18387.00,
532351,AKSH OPTIFIB,B ,Q,6.94,7.05,6.79,6.96,6.96,6.90,209,86513,601631.00,
532355,PICTURHOUSE ,X ,Q,1.62,1.62,1.62,1.62,1.62,1.55,1,600,972.00,
532356,TRIVENI ENGG,A ,Q,90.00,95.95,88.55,94.45,94.45,90.20,2975,373145,34888527.00,
532357,MUKTA ARTS  ,B ,Q,30.70,32.00,30.70,31.90,31.90,31.25,42,3937,125197.00,
532359,HITKIT GLOB ,XT,Q,0.49,0.49,0.49,0.49,0.49,0.49,14,2621,1284.00,
532362,NAGPUR POWER,X ,Q,24.80,25.95,23.70,25.95,25.95,24.75,9,860,21127.00,
532365,DYNACONS SYS,B ,Q,66.80,71.10,66.05,70.75,70.75,64.65,907,55366,3886891.00,
532366,PNB GILTS   ,B ,Q,54.95,54.95,53.30,53.55,53.55,54.00,615,92979,4994000.00,
532368,BCG         ,B ,Q,7.95,8.72,7.86,8.68,8.68,7.93,2441,4157760,35234115.00,
532369,RAMCO INDS. ,A ,Q,254.20,258.80,254.00,256.80,257.10,255.35,185,6784,1739136.00,
532370,RAMCO  SYSTM,A ,Q,598.00,615.55,596.45,597.50,597.15,591.65,320,5370,3238370.00,
532371,TATA TELESER,T ,Q,14.00,14.50,13.95,13.95,13.95,14.65,4102,1099186,15383457.00,
532372,VIRINCHI    ,X ,Q,38.00,39.00,37.35,38.00,38.00,37.75,272,48650,1862905.00,
532373,WEPSOLN     ,X ,Q,23.00,23.00,20.90,21.50,21.50,21.00,46,9881,211921.00,
532374,STER TECH   ,A ,Q,224.10,225.75,221.00,222.15,222.30,220.40,1305,74315,16567884.00,
532375,TIPSINDUSTR ,T ,Q,435.15,469.00,435.15,458.70,445.00,456.35,82,2258,1037930.00,
532376,MRO-TEK     ,T ,Q,34.00,34.00,34.00,34.00,34.00,34.95,1,1,34.00,
532378,UNIVERSAL A ,X ,Q,0.88,0.88,0.88,0.88,0.88,0.88,2,20,17.00,
532379,FIRSTOBJ    ,X ,Q,5.00,5.00,4.94,4.94,4.94,5.20,4,1000,4942.00,
532380,BABA ARTS   ,X ,Q,9.61,9.69,9.21,9.48,9.48,9.11,31,5110,47707.00,
532382,BALAJI TELE.,A ,Q,60.45,61.25,59.50,60.25,60.25,59.95,547,48990,2952536.00,
532384,TYCHE INDS  ,X ,Q,211.00,218.65,210.55,213.25,213.25,211.90,204,14774,3142821.00,
532386,CALIFORN.SOF,B ,Q,9.85,9.90,9.36,9.38,9.36,9.85,43,2998,28406.00,
532387,PRITISHN COM,B ,Q,19.05,20.85,19.05,20.70,20.50,19.05,174,20542,416905.00,
532388,INDIAN OVER.,A ,Q,17.20,17.75,16.80,17.05,17.05,17.20,4273,2067582,35695039.00,
532390,TAJ GVK HOTL,A ,Q,123.15,128.60,123.15,126.05,126.40,124.25,1410,52151,6577240.00,
532391,OPTO CIRCUIT,T ,Q,4.35,4.35,4.10,4.18,4.18,4.30,244,257522,1069232.00,
532392,CREATIVE EYE,B ,Q,2.95,2.95,2.95,2.95,2.95,2.81,4,1380,4071.00,
532395,AXISCADES   ,B ,Q,49.35,49.35,46.50,47.60,47.80,46.80,149,8612,409229.00,
532398,UMESL       ,T ,Q,3.04,3.33,3.03,3.10,3.04,3.18,86,23643,72497.00,
532400,BSOFT       ,A ,Q,235.50,246.75,235.50,242.35,243.15,236.90,3010,97209,23693148.00,
532404,SAVEN TECHNO,X ,Q,33.95,33.95,31.30,31.65,31.90,32.60,145,19699,623933.00,
532406,AVANTEL LTD ,X ,Q,402.00,413.00,398.50,405.00,405.00,401.35,236,9296,3768305.00,
532407,MOSCHIP     ,X ,Q,17.95,17.95,17.15,17.65,17.65,17.65,143,46214,802802.00,
532408,MEGASOFT LTD,B ,Q,10.90,10.90,10.50,10.63,10.50,10.65,187,33671,360296.00,
532410,TRANSCORP IN,X ,Q,9.90,9.90,8.98,9.69,9.68,9.48,13,488,4765.00,
532413,CEREBRA INTE,B ,Q,53.00,55.85,50.10,51.70,51.45,53.45,479,85697,4600963.00,
532416,MID-DAY MULT,B ,Q,4.30,4.35,4.08,4.11,4.11,4.29,319,33352,137788.00,
532419,SMARTLINK   ,B ,Q,90.00,92.65,90.00,90.45,90.50,88.70,102,2206,200545.00,
532424,GODREJ CONS ,A ,Q,698.00,705.50,694.00,699.30,699.30,691.70,1071,28046,19634748.00,
532425,GENUSPRIME  ,X ,Q,5.56,5.56,5.56,5.56,5.56,5.46,7,3300,18348.00,
532430,BF UTILI    ,A ,Q,295.50,307.55,295.00,296.75,296.75,296.95,1904,74618,22419496.00,
532432,UNITD SPR   ,B ,Q,559.00,568.65,553.50,567.55,567.55,551.80,2055,86218,48527059.00,
532435,SANINFRA    ,X ,Q,108.25,108.25,98.80,105.65,106.00,103.95,69,12574,1309586.00,
532439,OLECTRA     ,B ,Q,171.40,180.90,171.40,178.90,178.90,177.00,895,46612,8302428.00,
532440,MPS LTD     ,B ,Q,494.35,531.35,489.05,515.65,517.00,486.40,406,2340,1202573.00,
532441,RNBOWDENIM  ,X ,Q,1.29,1.29,1.29,1.29,1.29,1.34,2,40,51.00,
532443,CERA SANITAR,A ,Q,4099.00,4150.00,4051.00,4115.10,4120.00,4081.50,320,927,3810627.00,
532454,BHARTI ARTL ,A ,Q,548.25,550.50,540.25,546.25,546.25,541.25,24247,2007801,1093345146.00,
532455,SHALIMAR WIR,X ,Q,5.05,5.38,4.89,5.04,5.05,5.14,74,14672,75047.00,
532456,COMPUAGE INF,B ,Q,20.55,21.00,19.00,19.60,19.60,20.45,1244,279620,5684590.00,
532457,GULSHAN POLY,B ,Q,99.45,102.40,97.75,99.10,99.25,99.80,791,45728,4587860.00,
532459,FAZE3AUTO   ,X ,Q,64.10,70.00,63.30,68.00,68.00,64.10,53,23178,1595733.00,
532460,PONNI SUG(ER,B ,Q,153.00,165.00,150.95,159.95,159.05,154.10,277,7562,1214817.00,
532461,PUNJAB NATIO,A ,Q,41.40,43.90,41.20,43.55,43.55,41.00,29680,21954771,940664929.00,
532466,ORACLE FIN  ,A ,Q,3155.05,3333.25,3155.05,3227.60,3233.70,3193.65,851,4645,15193545.00,
532468,KAMAHOLDING ,A ,Q,5796.00,5829.00,5700.00,5800.00,5800.00,5693.05,20,66,379926.00,
532475,APTECH LTD  ,A ,Q,224.30,229.50,221.85,222.75,223.90,224.90,1395,136647,30786670.00,
532477,UNION BANK L,A ,Q,39.10,40.25,39.00,39.90,39.90,38.80,3170,1733000,68801091.00,
532478,UNITED BREWA,A ,Q,1209.70,1234.85,1197.15,1225.75,1225.75,1209.05,2074,103090,126418224.00,
532479,ISMT LTD    ,B ,Q,10.30,10.64,10.25,10.59,10.64,10.31,56,27074,280696.00,
532481,NOIDA-TOLL B,B ,Q,6.56,6.80,6.17,6.31,6.30,6.30,90,30336,193736.00,
532482,GRANULES (I),A ,Q,338.60,369.00,338.60,364.40,364.40,336.65,25815,947784,341886097.00,
532483,CANARA BANK ,A ,Q,160.35,167.00,160.00,165.80,165.80,158.70,7164,1134190,186884600.00,
532485,BALMER LA.IN,B ,Q,420.75,423.00,414.45,416.35,416.00,416.30,181,21501,9022839.00,
532486,POKARNA LTD ,B ,Q,232.95,237.00,225.90,227.00,227.90,229.20,1334,40274,9372677.00,
532488,DIVI'S LAB. ,A ,Q,3545.00,3571.30,3500.05,3565.10,3555.15,3515.55,1053,12781,45299232.00,
532493,ASTRA MICRO ,A ,Q,121.75,142.45,119.30,135.60,135.60,121.70,6969,362663,48190296.00,
532497,RADICOKHAIT ,A ,Q,620.00,628.30,589.60,604.55,604.55,614.25,2769,111939,68056999.00,
532498,SHRMCITYUN  ,A ,Q,1572.00,1591.00,1549.80,1569.80,1576.00,1565.55,168,566,888023.00,
532500,MARUTISUZUK ,A ,Q,7240.00,7264.70,7100.00,7124.30,7124.30,7215.25,8589,50332,359057708.00,
532503,RAJAPAMILLS ,X ,Q,788.00,824.00,780.00,796.00,796.00,786.25,389,9557,7679791.00,
532504,NAVIN FLUORI,A ,Q,2821.00,2850.00,2760.00,2790.45,2790.45,2806.25,3567,19465,54327770.00,
532505,UCOBANK     ,A ,Q,13.97,14.10,13.70,13.91,13.91,13.76,1780,863414,12022816.00,
532507,BAG FIL MED ,B ,Q,2.66,2.76,2.64,2.75,2.76,2.67,136,54757,147891.00,
532508,JSL         ,A ,Q,70.50,79.85,70.50,77.55,77.55,70.10,5872,944488,72872147.00,
532509,SUPRAJIT ENG,A ,Q,295.00,295.00,284.55,286.35,285.50,284.95,399,11131,3197692.00,
532513,TVSELE      ,B ,Q,168.05,175.35,166.10,170.65,171.00,173.90,1135,32846,5593550.00,
532514,INDRA GAS   ,A ,Q,517.95,526.50,513.00,517.40,517.40,514.75,3055,166521,86227313.00,
532515,TV TODAY    ,A ,Q,275.90,279.05,270.40,274.85,274.55,274.80,554,11871,3275916.00,
532521,PALRED      ,T ,Q,123.00,124.00,112.20,112.20,112.20,118.10,181,22015,2681386.00,
532522,PETRONET LNG,A ,Q,259.25,260.45,253.85,255.80,255.90,256.70,1712,130616,33524900.00,
532523,BIOCON LTD. ,A ,Q,396.25,403.45,396.25,402.80,402.80,397.75,1511,110050,44092877.00,
532524,PTC INDIA   ,A ,Q,75.95,80.70,75.60,78.70,78.70,76.05,3041,448583,34986400.00,
532525,BANK MAHA   ,A ,Q,23.05,23.90,22.80,22.95,22.95,23.05,3940,1642532,38290023.00,
532527,RK FORGINGS ,A ,Q,582.00,601.95,576.35,591.20,591.20,564.30,490,6102,3610156.00,
532528,DATAM GLOB  ,B ,Q,117.00,120.40,111.25,118.65,118.65,110.45,741,42842,4958084.00,
532529,NDTV        ,B ,Q,54.00,54.05,51.65,54.05,54.05,51.50,50,5079,270940.00,
532531,STAR        ,A ,Q,883.00,906.45,883.00,889.60,889.60,881.75,2149,61700,55264301.00,
532532,JAIPRA      ,A ,Q,9.73,9.73,8.91,8.91,8.91,9.37,1482,2959196,26923448.00,
532538,ULTRATECH CM,A ,Q,6420.05,6536.25,6420.05,6499.50,6495.45,6420.05,2165,19190,124798912.00,
532539,MINDA IND   ,A ,Q,555.80,573.45,555.80,558.80,562.05,562.90,840,7318,4128492.00,
532540,TCS LTD.    ,A ,Q,3030.00,3063.45,2996.50,3058.65,3058.65,3010.55,13362,206125,626159215.00,
532541,COFORGE     ,A ,Q,2618.65,2697.70,2603.10,2669.20,2662.55,2599.30,1021,8819,23419612.00,
532543,GULFPETRO   ,B ,Q,44.65,46.25,43.00,44.90,44.90,43.85,392,38145,1685563.00,
532548,CENTURYPLY  ,A ,Q,328.00,328.00,317.15,319.15,320.05,314.80,646,17837,5744615.00,
532553,WELENT      ,A ,Q,88.30,97.30,88.00,96.35,96.35,87.45,1535,69537,6568320.00,
532555,NTPC LTD    ,A ,Q,114.15,114.75,112.00,112.60,112.60,112.60,10843,1848792,208826782.00,
532604,SALSTEEL    ,B ,Q,3.71,3.79,3.69,3.79,3.79,3.61,10,783,2927.00,
532605,JBM AUTO    ,B ,Q,430.10,444.00,430.10,437.05,438.70,426.40,203,2666,1173477.00,
532610,DWAR SUGAR  ,A ,Q,32.40,35.65,31.50,35.35,35.35,32.00,3285,949006,32203220.00,
532612,INDOCO REM  ,A ,Q,294.60,295.95,291.10,292.20,291.60,295.20,125,2830,830981.00,
532613,VIPCLOTHNG  ,T ,Q,14.34,14.35,13.90,14.23,14.23,14.00,26,6094,86260.00,
532616,XCHANGING   ,B ,Q,68.80,69.20,67.50,67.95,68.05,68.50,268,31037,2110757.00,
532617,JETAIRWAYS  ,Z ,Q,117.10,117.10,117.10,117.10,117.10,123.25,751,43758,5124061.00,
532621,MORARJETEX  ,B ,Q,13.98,14.92,13.98,14.08,14.00,14.11,100,4269,60626.00,
532622,GATEWAY DIST,A ,Q,179.05,182.10,170.45,175.85,174.80,178.45,919,25163,4469789.00,
532624,JINDALPH    ,B ,Q,37.30,37.80,36.10,37.30,37.30,36.00,16,532,19621.00,
532626,PONDY OXIDES,X ,Q,259.30,261.00,245.00,250.15,250.15,256.25,368,16143,4066969.00,
532627,JPPOWER     ,B ,Q,3.06,3.10,2.94,3.01,3.01,2.97,11909,10250859,31070557.00,
532628,3I INFOTECH ,B ,Q,7.09,7.11,6.84,7.08,7.08,6.80,11171,7562061,53237766.00,
532629,MCNALLYB    ,T ,Q,11.13,11.70,11.07,11.34,11.34,11.64,74,456562,5139854.00,
532630,GOKALDAS    ,B ,Q,81.55,84.00,81.20,82.20,82.20,81.75,306,22328,1845226.00,
532633,ALLSEC TECH ,B ,Q,359.95,359.95,334.45,337.10,337.10,345.70,298,2835,961512.00,
532636,IIFL        ,A ,Q,284.50,298.70,284.00,293.25,293.25,284.50,1014,56948,16839083.00,
532637,MAN DRUGORG ,B ,Q,119.15,120.50,117.00,117.60,117.60,118.55,140,5904,698632.00,
532638,SHOPPER STOP,A ,Q,214.50,247.20,212.75,232.95,229.20,212.15,10899,372292,87485819.00,
532640,CYBER MEDIA ,T ,Q,17.65,17.65,17.65,17.65,17.65,16.85,17,11081,195579.00,
532641,NDL         ,B ,Q,29.00,29.95,28.90,29.55,29.55,29.00,104,8533,251682.00,
532642,JSWHL       ,A ,Q,3734.55,3863.00,3733.00,3833.60,3804.00,3715.00,37,57,217549.00,
532644,JK CEMENT   ,A ,Q,2635.00,2729.95,2635.00,2691.15,2697.95,2631.60,1181,5047,13574877.00,
532645,BEEYU OVERSE,X ,Q,0.85,0.85,0.83,0.85,0.85,0.81,14,23537,19711.00,
532648,YES BANK    ,A ,Q,16.45,16.55,16.30,16.40,16.40,16.30,24768,17310772,283982614.00,
532649,NECTAR LIFE ,B ,Q,20.25,21.45,20.05,20.85,20.85,20.10,702,134805,2812243.00,
532650,MSP STEEL   ,B ,Q,7.50,7.64,7.40,7.57,7.41,7.56,36,4507,33996.00,
532651,SPL INDS    ,B ,Q,37.50,38.45,37.30,37.30,37.30,37.05,69,3774,142196.00,
532652,KARNATAKA BK,A ,Q,67.65,69.75,67.65,68.90,68.90,67.90,1085,212442,14640159.00,
532654,MCLEOD RUSSE,B ,Q,23.80,24.00,22.30,24.00,24.00,22.90,676,555210,13206881.00,
532656,FACOR ALLOYS,XT,Q,2.55,2.60,2.41,2.57,2.60,2.51,134,200412,495046.00,
532659,IDFC        ,A ,Q,55.20,56.40,54.50,55.55,55.55,54.50,3496,943918,52530855.00,
532660,VIVIMED LABS,B ,Q,17.40,17.40,16.25,16.35,16.45,16.95,252,85606,1416808.00,
532661,RANE MADRAS ,B ,Q,353.10,390.80,345.00,381.30,386.80,352.90,1024,12343,4604376.00,
532662,HT MEDIA    ,B ,Q,26.65,26.95,25.35,25.95,25.80,26.05,300,18434,485631.00,
532663,SASKEN      ,A ,Q,899.95,911.00,866.85,881.05,876.30,879.05,559,4252,3787979.00,
532666,FCS SOFTWARE,T ,Q,0.80,0.80,0.75,0.75,0.75,0.77,328,677998,518142.00,
532667,SUZLONENERGY,A ,Q,5.90,5.96,5.70,5.73,5.73,5.93,12952,8365711,48210725.00,
532668,AURIONPRO SO,B ,Q,81.05,84.00,81.00,82.35,83.00,80.85,171,7036,583095.00,
532670,RENUKA SUGAR,B ,Q,10.50,11.40,10.36,11.40,11.40,10.37,2197,2513224,27846178.00,
532673,KM SUGARMILL,B ,Q,11.69,13.39,11.04,13.31,13.31,11.16,1611,1060604,13786334.00,
532674,BANNARI AMMA,B ,Q,67.90,68.55,66.50,67.50,67.50,67.45,173,4017,271346.00,
532678,BOMBAY RAYON,B ,Q,9.90,9.95,9.01,9.01,9.01,9.48,1181,178264,1627799.00,
532679,SORILINFRA  ,B ,Q,191.90,195.80,183.00,188.55,189.95,189.50,608,23747,4462338.00,
532683,AIAENGINEER ,A ,Q,1829.95,1874.95,1813.05,1835.95,1831.15,1819.60,725,403759,738905227.00,
532684,EVEREST KANT,B ,Q,74.00,77.00,73.75,74.85,74.85,73.35,1503,76391,5746317.00,
532686,KERNEX MICRO,T ,Q,29.40,30.75,29.40,30.75,30.75,30.50,12,2630,77567.00,
532687,REPRO INDIA ,B ,Q,367.20,374.95,362.05,363.95,362.20,374.00,208,1326,486800.00,
532689,PVR LTD     ,A ,Q,1398.60,1435.00,1398.60,1418.95,1418.95,1389.90,6040,102530,145511476.00,
532692,RADHA MADHAV,T ,Q,2.67,2.84,2.67,2.79,2.79,2.78,17,6157,16801.00,
532693,PUNJ LLOYD  ,Z ,Q,2.15,2.24,2.05,2.07,2.07,2.14,228,440816,933479.00,
532694,BARTRONICSIN,Z ,Q,2.57,2.57,2.40,2.46,2.45,2.45,29,15333,38643.00,
532695,CELEBRITYFAS,T ,Q,6.75,7.29,6.75,6.83,7.20,7.10,96,17452,122316.00,
532696,EDUCOMP SOLN,Z ,Q,2.91,3.09,2.91,3.08,3.08,3.05,55,21234,64741.00,
532698,NITINSPINNER,B ,Q,81.90,82.20,79.00,80.75,80.10,78.80,352,23963,1940475.00,
532699,ROYALORCH   ,B ,Q,68.00,70.90,67.85,70.10,69.90,67.20,247,14277,990074.00,
532700,ENT NETWORK ,B ,Q,160.05,171.95,160.05,170.00,169.00,162.60,606,13443,2257018.00,
532701,CELLA       ,Z ,Q,6.05,6.05,5.50,6.04,6.04,5.77,21,5609,33213.00,
532702,GUJ PETRONET,A ,Q,272.95,311.40,269.90,276.10,276.10,259.50,7284,444683,130147164.00,
532705,JAGRAN PRAK ,A ,Q,55.30,55.75,54.45,55.15,55.00,57.00,1405,154176,8497145.00,
532706,INOX LEISURE,A ,Q,315.00,324.90,315.00,321.80,321.80,316.40,2695,83213,26837361.00,
532707,DYNEMIC PRO ,B ,Q,459.10,499.95,453.00,476.85,485.00,450.85,1065,20916,10060918.00,
532710,SADBHAV ENGG,A ,Q,74.40,75.30,73.00,73.45,73.45,74.60,334,36372,2696069.00,
532712,REL COM LTD ,B ,Q,1.94,1.96,1.87,1.89,1.89,1.87,4204,9472728,18215330.00,
532713,SAKUMA EXPO ,B ,Q,5.29,5.66,5.23,5.30,5.30,5.25,357,231884,1245242.00,
532714,KEC INTERN  ,A ,Q,472.00,486.45,455.45,461.10,461.10,462.95,911,25028,11764086.00,
532716,GILLA ARBUT ,B ,Q,45.20,46.20,44.45,45.55,45.60,44.40,72,4646,210915.00,
532717,INDOTECHTR  ,B ,Q,101.30,106.00,101.20,102.65,102.25,101.60,533,30667,3166649.00,
532719,BL KASHYAP  ,T ,Q,14.90,14.99,14.50,14.88,14.85,14.54,89,114080,1658593.00,
532720,M&M FINANSER,A ,Q,208.05,214.95,206.40,213.90,213.90,207.30,3209,510969,107228713.00,
532721,VISA STEEL  ,B ,Q,6.28,6.36,6.01,6.15,6.15,6.16,45,12685,78639.00,
532722,NITCO TILES ,B ,Q,23.25,23.60,23.00,23.00,23.00,22.95,68,5165,119929.00,
532725,SOLAR IND   ,A ,Q,1339.05,1352.00,1325.30,1350.35,1350.00,1339.15,181,1142,1536148.00,
532726,GALLAN METAL,B ,Q,49.85,49.85,48.30,48.50,48.45,49.30,96,7903,385529.00,
532728,MALU PAPER  ,B ,Q,30.00,30.75,29.20,29.45,29.40,29.75,174,20291,612875.00,
532729,UTTAM SUGAR ,B ,Q,102.35,106.80,99.40,105.30,104.30,102.15,964,40765,4243585.00,
532730,STL GLOBAL  ,B ,Q,9.36,9.36,9.19,9.36,9.36,9.22,17,2869,26618.00,
532732,KEWAL KIRAN ,B ,Q,900.00,920.00,883.65,911.75,910.60,909.95,42,340,310692.00,
532733,SUN TVNET   ,A ,Q,518.00,520.00,505.65,506.65,506.65,512.45,1560,65611,33507795.00,
532734,GODAWARI POW,A ,Q,592.00,611.25,589.85,592.50,594.60,578.50,682,14586,8775115.00,
532735,RSYSTEMINT  ,A ,Q,117.80,119.90,117.15,118.90,119.35,117.80,123,2723,322635.00,
532737,EMKAY GLOB F,B ,Q,72.00,77.80,70.00,74.15,74.50,72.90,570,14470,1083530.00,
532738,TANTIA CONS ,Z ,Q,1.89,1.89,1.89,1.89,1.89,1.89,1,5000,9450.00,
532740,LOKESH MACH ,T ,Q,36.00,36.30,35.15,36.25,36.30,35.25,20,5250,188993.00,
532741,KAMDHENU    ,B ,Q,149.00,149.00,140.30,141.90,143.25,142.25,690,26283,3780500.00,
532742,PAUSHAK LTD ,B ,Q,8250.00,8300.00,7250.05,7741.95,7741.95,8054.90,1144,8866,69450177.00,
532744,GTN TEXTILE ,B ,Q,4.82,4.95,4.82,4.95,4.95,4.75,6,2714,13148.00,
532745,INDICAP     ,X ,Q,37.70,42.75,36.05,42.75,42.75,35.65,303,71805,2954318.00,
532746,UNITY INFRA ,Z ,Q,0.93,0.93,0.93,0.93,0.93,0.93,4,1359,1263.00,
532748,PRIME FOCUS ,B ,Q,58.15,68.80,56.00,68.80,68.80,57.35,996,881669,51250133.00,
532749,ALLCARGO    ,A ,Q,130.00,136.45,128.00,135.70,136.40,128.40,2835,111124,14903257.00,
532751,EASUNREYRL  ,Z ,Q,2.41,2.50,2.29,2.50,2.50,2.41,7,3515,8369.00,
532754,GMR INFRASTR,A ,Q,28.00,28.55,27.50,27.70,27.70,27.65,2950,2420087,67651393.00,
532755,TECH MAH    ,A ,Q,967.80,980.00,961.05,975.80,975.80,967.80,4956,179363,174351360.00,
532756,MAHINDCIE   ,A ,Q,189.65,189.65,184.00,184.60,184.00,186.40,328,10440,1934146.00,
532757,VOLTAMP TRAN,A ,Q,1181.15,1190.15,1165.05,1171.10,1171.00,1177.50,241,1006,1185053.00,
532759,ATLANTA     ,B ,Q,8.29,8.50,8.24,8.46,8.46,8.10,55,3334,28006.00,
532760,DEEPENR     ,B ,Q,40.60,41.00,39.00,40.10,40.30,40.50,207,22754,913467.00,
532761,HOV SERVICES,B ,Q,41.35,42.70,40.15,40.15,40.15,39.95,48,3946,163484.00,
532762,ACTION CONST,A ,Q,157.95,158.00,154.55,155.45,155.45,155.75,492,21481,3356152.00,
532764,GEECEE      ,B ,Q,105.05,106.05,104.30,105.05,105.00,106.65,211,6344,669333.00,
532766,RICHA IND   ,Z ,Q,0.73,0.73,0.72,0.72,0.72,0.73,8,5511,4007.00,
532767,GAYATRI PROJ,B ,Q,39.90,40.35,39.40,39.55,39.65,39.25,446,67947,2703576.00,
532768,FIEM INDS   ,B ,Q,541.00,624.00,541.00,606.40,608.95,551.65,1817,19676,11685729.00,
532771,JHS SVEN    ,T ,Q,23.20,24.70,23.00,24.00,24.00,23.90,58,9160,219927.00,
532772,DCBBANK     ,A ,Q,115.00,117.40,114.10,114.60,114.70,114.50,5512,288152,33266908.00,
532773,GLOBAL VECT ,Z ,Q,47.80,47.80,44.25,46.15,46.45,46.40,46,3041,139134.00,
532774,INSPIRISYS  ,B ,Q,37.65,38.20,36.25,37.75,37.75,37.50,73,1888,70969.00,
532775,GTL INFRAST ,B ,Q,1.02,1.02,1.02,1.02,1.02,0.98,86,683623,697295.00,
532776,SHIVAM AUTO ,B ,Q,20.50,21.00,20.40,20.70,20.80,20.50,94,24099,501832.00,
532777,INFO EDGE   ,A ,Q,5073.30,5090.00,5001.90,5048.30,5048.30,4966.80,4260,25985,131195340.00,
532779,TORNT POWER ,A ,Q,395.00,408.75,391.95,404.55,404.55,389.00,3580,166896,67304982.00,
532780,PARSVNATH   ,B ,Q,8.69,8.69,7.88,8.68,8.68,8.28,545,404914,3450404.00,
532782,SUTLEJ TEXT ,B ,Q,45.00,45.90,42.85,43.55,43.55,45.00,496,75017,3316545.00,
532783,DAAWAT      ,A ,Q,57.80,60.50,56.15,58.90,58.90,57.35,8267,1380638,81628462.00,
532784,SOBHA       ,A ,Q,458.00,472.50,455.85,462.20,462.70,451.30,519,11155,5171069.00,
532785,RUCHIRA PAP ,B ,Q,73.45,74.65,70.70,72.35,72.35,72.00,802,22640,1655856.00,
532790,TANLA       ,B ,Q,1011.00,1030.00,980.70,998.05,998.05,990.70,3529,67025,67858266.00,
532794,ZEEMEDIA    ,B ,Q,6.78,6.86,6.66,6.84,6.84,6.54,13344,7916031,54000147.00,
532795,SITINET     ,B ,Q,0.91,0.94,0.88,0.89,0.89,0.90,3510,3208729,2909851.00,
532796,LUMAX TECH  ,B ,Q,149.70,156.60,148.70,155.45,155.45,147.85,2344,71274,10894567.00,
532797,AUTOIND     ,B ,Q,34.35,34.50,33.75,34.30,34.10,33.60,149,8916,305915.00,
532798,NTWK MED INV,A ,Q,42.35,44.50,41.35,41.65,42.00,41.50,1071,952176,40539083.00,
532799,HUBTOWN     ,T ,Q,17.20,17.65,17.20,17.65,17.65,16.85,20,2873,50593.00,
532800,TV18BRDCST  ,A ,Q,32.25,33.25,31.75,32.55,32.55,32.15,2502,1239497,40407452.00,
532801,CAMBRIDGE   ,B ,Q,31.90,33.75,31.25,33.70,33.70,32.25,122,2560,83781.00,
532804,TECHNOCRAFT ,B ,Q,394.00,400.00,387.90,391.70,400.00,394.05,161,2007,783719.00,
532805,REDINGTON   ,A ,Q,200.00,200.00,183.40,185.50,185.50,196.30,1376,40601,7722782.00,
532806,AI CHAMPDNY ,XT,Q,10.65,10.65,10.11,10.11,10.11,10.64,21,3665,37403.00,
532807,CINELINE    ,B ,Q,39.15,41.20,38.20,39.80,39.90,38.75,331,24061,962556.00,
532808,PGIL        ,B ,Q,168.65,169.00,163.40,165.30,168.10,166.95,41,459,76655.00,
532809,FSL         ,A ,Q,101.00,105.50,100.60,101.70,101.70,101.00,6084,650530,67044731.00,
532810,POWER FINAN ,A ,Q,129.30,134.40,129.30,133.80,133.80,129.65,3571,577361,76294652.00,
532811,AHLUWALIA CO,A ,Q,290.60,295.15,288.00,288.10,288.00,289.65,178,1381,400201.00,
532812,TRANSWARRANT,T ,Q,2.50,2.64,2.45,2.64,2.64,2.53,8,1510,3803.00,
532813,C & C CONSTR,Z ,Q,4.96,5.18,4.96,5.09,5.09,4.96,10,3345,16843.00,
532814,INDIAN BANK ,A ,Q,139.90,142.45,138.00,139.45,139.45,137.75,2429,228813,32185484.00,
532815,SMS PHARMACE,B ,Q,132.30,134.70,132.30,133.00,133.20,132.15,75,4340,577691.00,
532817,ORIENTAL    ,B ,Q,7.19,7.21,7.04,7.05,7.05,7.23,48,8477,59956.00,
532819,MINDTREE LTD,A ,Q,1741.20,1765.00,1719.00,1746.30,1744.05,1735.70,2934,39488,68740571.00,
532820,ELAND       ,X ,Q,4.99,5.00,4.75,4.85,4.85,4.98,47,23519,113736.00,
532822,IDEA        ,A ,Q,11.45,11.62,11.10,11.16,11.16,11.38,70134,43725644,492684662.00,
532823,EURO CERAMIC,Z ,Q,1.05,1.05,1.05,1.05,1.05,1.07,8,2613,2743.00,
532825,JAGJANANI   ,X ,Q,0.59,0.59,0.59,0.59,0.59,0.59,3,72,42.00,
532826,RAJ TELE    ,B ,Q,33.00,35.45,32.00,34.85,34.90,35.00,61,797,27667.00,
532827,PAGE INDUSTR,A ,Q,29000.00,29543.65,28803.10,28992.55,28992.55,29472.05,647,1346,39309724.00,
532828,AMD INDUS   ,B ,Q,25.50,26.15,23.70,24.30,24.30,25.10,105,10032,252754.00,
532829,LEHAR       ,XT,Q,23.60,23.60,22.25,23.00,23.40,23.20,39,2191,49992.00,
532830,ASTRAL POLY ,A ,Q,2195.05,2218.00,2187.00,2206.85,2203.65,2193.15,324,2515,5541858.00,
532832,INDBUL REAL ,A ,Q,101.30,107.75,97.25,105.35,105.35,99.80,10459,1762867,180780349.00,
532834,CAMLINFINE  ,A ,Q,143.00,145.50,141.40,143.50,142.90,143.35,976,65603,9397753.00,
532835,ICRA        ,A ,Q,2754.00,2798.00,2738.00,2754.05,2794.75,2752.60,53,68,187763.00,
532839,DISH TV     ,A ,Q,11.50,11.72,11.39,11.45,11.45,11.40,1377,1448667,16651655.00,
532841,SAHYA INDU  ,X ,Q,297.60,303.25,295.00,298.95,298.40,292.25,146,3351,1003291.00,
532842,SREE RAYALA ,B ,Q,276.20,302.50,272.00,294.50,294.50,275.20,1821,38407,11196224.00,
532843,FORTIS      ,A ,Q,177.00,179.65,170.60,173.55,173.55,175.50,2065,213949,37689537.00,
532845,TGBHOTELS   ,B ,Q,4.62,4.62,4.59,4.62,4.62,4.40,7,3299,15238.00,
532847,HILTON MET  ,B ,Q,10.47,10.68,10.30,10.57,10.30,10.28,47,6865,72119.00,
532848,DELTA CORP  ,A ,Q,160.00,170.65,158.50,166.55,166.55,157.75,4383,505985,84323772.00,
532850,MIC ELECTRON,T ,Q,0.60,0.66,0.60,0.66,0.66,0.63,23,9014,5850.00,
532851,INSECTCID   ,A ,Q,460.10,461.45,457.40,459.10,459.35,458.75,321,3176,1459673.00,
532852,MCD HOLDING ,B ,Q,42.00,44.60,37.30,38.05,38.40,40.95,945,12303,488697.00,
532853,ASAHI SONG  ,B ,Q,281.30,283.55,277.40,278.05,277.75,283.00,220,3545,995044.00,
532854,NITIN FIRE  ,Z ,Q,0.60,0.61,0.58,0.60,0.60,0.60,33,30879,18445.00,
532855,HARYA CAPFIN,X ,Q,32.50,32.50,31.45,32.50,32.50,32.90,4,81,2627.00,
532856,TIME TECHNO ,A ,Q,59.85,62.20,59.05,59.60,59.60,59.30,1325,132030,7941648.00,
532859,HGSL        ,A ,Q,1146.80,1151.05,1138.30,1146.05,1145.00,1153.25,140,780,892056.00,
532864,NELCAST     ,B ,Q,70.00,70.00,66.55,67.35,67.00,68.65,221,22958,1557605.00,
532865,MEGHMANI    ,A ,Q,82.65,84.40,82.60,83.45,83.45,82.75,1508,215062,17945002.00,
532867,V2RETAIL    ,B ,Q,137.95,143.60,137.95,143.60,143.60,136.80,59,6894,983454.00,
532868,DLF LIMITED ,A ,Q,316.40,328.60,315.20,324.20,324.20,313.25,6478,823357,266841476.00,
532869,TARMAT      ,B ,Q,54.85,55.10,52.40,53.30,53.30,54.55,317,6992,382258.00,
532870,ANKIT METAL ,B ,Q,1.18,1.29,1.18,1.29,1.29,1.23,50,74806,94203.00,
532872,SUNPHA ADV  ,A ,Q,173.00,174.20,170.00,170.50,170.65,170.55,740,42606,7333906.00,
532873,HOUSING DEV ,Z ,Q,5.60,5.84,5.60,5.84,5.84,5.57,409,434868,2529376.00,
532874,SURYACHAKRA ,Z ,Q,0.55,0.55,0.51,0.55,0.55,0.53,68,140961,76439.00,
532875,ALLIED DIGIT,B ,Q,41.50,42.05,40.50,40.90,40.90,41.10,226,30837,1266591.00,
532878,ALPA LAB    ,B ,Q,41.20,41.55,40.20,40.25,40.25,40.85,154,7926,321541.00,
532879,SIR SHADI LA,X ,Q,39.75,41.70,39.50,41.50,41.50,42.65,8,1274,52778.00,
532880,OMAXE LTD   ,A ,Q,70.30,70.95,70.00,70.40,70.35,70.60,102,1663,117143.00,
532884,REFEX       ,B ,Q,90.45,91.00,89.15,89.90,89.90,88.95,206,13085,1177186.00,
532885,CENTRAL BK  ,A ,Q,18.45,18.70,18.05,18.15,18.15,18.05,5078,2871288,52568833.00,
532886,SEL MANUF   ,Z ,Q,1.31,1.31,1.31,1.31,1.31,1.37,102,241047,315771.00,
532887,NTL         ,B ,Q,0.75,0.80,0.75,0.80,0.80,0.78,13,14403,11519.00,
532888,ASIAN GRANIT,A ,Q,191.00,191.15,183.00,183.55,183.55,190.45,896,22642,4193596.00,
532889,K.P.R. MILL ,A ,Q,983.00,983.00,952.00,959.65,959.65,955.70,324,1512,1456564.00,
532890,TAKE SOLUT  ,A ,Q,57.40,60.40,56.80,58.30,58.30,56.85,1831,335100,19537032.00,
532891,PURAVANKARA ,B ,Q,80.40,80.65,79.20,79.55,79.55,79.20,116,7392,590515.00,
532892,MOTILALOFS  ,A ,Q,616.40,653.00,609.65,630.70,634.25,610.00,921,15852,10086647.00,
532893,VTM LTD     ,X ,Q,23.85,24.75,23.15,24.20,24.25,23.75,96,35440,843912.00,
532894,IWIND ENERGY,T ,Q,4.35,4.44,4.15,4.42,4.43,4.26,56,11817,52022.00,
532895,NAGREKA CAP ,B ,Q,6.81,6.81,6.18,6.80,6.80,6.49,11,10395,70686.00,
532896,MAGNUM VENT ,B ,Q,5.55,5.99,5.49,5.70,5.70,5.71,56,18276,104204.00,
532898,POWER GRID  ,A ,Q,228.60,230.00,223.70,227.45,227.45,224.85,3270,378593,85681770.00,
532899,KAVERI SEED ,A ,Q,524.25,529.75,517.90,522.40,521.65,524.75,1255,38065,19952542.00,
532900,PAISALO     ,A ,Q,784.95,802.10,765.00,779.60,788.95,810.55,252,2408,1898749.00,
532902,CONSOL CONST,T ,Q,0.36,0.36,0.35,0.35,0.35,0.35,17,6281,2233.00,
532906,MAANALU     ,B ,Q,162.90,164.05,153.40,158.20,158.80,161.05,233,3469,552527.00,
532907,ILFSENGG    ,Z ,Q,3.47,3.47,3.28,3.28,3.28,3.39,31,38211,126930.00,
532911,PARLEIND    ,X ,Q,10.75,11.25,10.60,11.21,11.21,10.72,1038,411548,4569581.00,
532915,RELIGARE ENT,A ,Q,90.00,90.00,86.65,87.20,87.95,88.95,652,58158,5110535.00,
532916,BARAK VALL  ,T ,Q,18.95,18.95,18.20,18.60,18.60,18.05,56,17854,337300.00,
532918,RATHI BARS  ,X ,Q,18.80,18.80,18.05,18.40,18.75,18.25,57,10731,197661.00,
532921,ADANI PORTS ,A ,Q,733.90,754.65,723.55,729.55,729.55,720.35,12466,835267,618086343.00,
532922,EDELWEISS   ,A ,Q,70.75,76.30,69.55,76.30,76.30,69.40,3888,2742659,196576959.00,
532923,RGL         ,B ,Q,295.45,297.55,293.00,293.60,293.60,293.40,89,168168,49375620.00,
532924,KOLTEPATIL  ,A ,Q,253.00,257.80,251.55,253.75,253.65,248.45,773,33425,8497732.00,
532925,KAUSHAL INFR,B ,Q,1.81,1.83,1.69,1.75,1.75,1.75,64,126760,223382.00,
532926,JYOTHYLAB   ,A ,Q,152.60,153.90,149.50,149.80,150.00,151.65,1874,67069,10187488.00,
532927,ECLERX      ,A ,Q,964.25,1009.00,940.00,990.30,990.30,962.00,883,11606,11388800.00,
532928,TRIL        ,B ,Q,18.30,18.30,17.55,17.65,17.75,18.00,172,40325,714810.00,
532929,BRIGADE     ,A ,Q,299.00,299.00,294.50,294.80,294.75,296.35,264,7529,2224464.00,
532930,BGR ENERGY  ,B ,Q,46.95,47.25,46.15,46.35,46.30,45.95,179,15231,711859.00,
532931,BURNPUR     ,T ,Q,2.85,2.88,2.63,2.78,2.75,2.75,86,56753,157845.00,
532932,MANAKSIA LTD,B ,Q,54.90,56.50,54.75,55.55,55.85,54.25,293,10290,570498.00,
532933,PORWAL AUTO ,X ,Q,17.70,18.40,17.70,18.30,18.40,18.20,52,9986,180758.00,
532934,PPAP        ,B ,Q,229.40,242.95,225.25,240.45,239.50,228.25,194,2171,503669.00,
532935,ARIES AGRO  ,B ,Q,96.80,99.55,94.75,95.40,95.80,95.95,119,7897,764658.00,
532937,KUANTUM     ,B ,Q,59.40,68.75,58.55,68.75,68.75,57.30,639,56035,3598250.00,
532939,RPOWER      ,A ,Q,4.60,4.62,4.29,4.29,4.29,4.51,4228,9430994,41058064.00,
532940,J KUMAR INFR,A ,Q,197.70,197.70,189.05,189.75,190.15,192.65,405,15360,2964026.00,
532941,CORDS CABLE ,B ,Q,42.85,43.50,42.85,43.40,43.50,42.70,25,1714,74136.00,
532942,KNR CONST   ,A ,Q,209.95,212.40,208.10,208.90,209.05,208.45,579,34834,7312751.00,
532944,ONMOBILE    ,B ,Q,100.85,105.85,100.85,105.05,105.05,100.85,5006,358402,37745374.00,
532945,SHRIRAM EPC ,B ,Q,4.54,4.64,4.45,4.57,4.63,4.54,194,127348,577367.00,
532946,BANG        ,B ,Q,31.85,31.85,25.00,31.00,31.05,29.90,146,5765,168838.00,
532947,IRB INFRA   ,A ,Q,113.30,116.00,112.55,113.10,113.10,112.70,1748,126119,14433715.00,
532951,GSS INFOTECH,B ,Q,55.95,56.15,53.85,55.35,55.60,53.90,1886,168993,9183329.00,
532952,NAHAR CAP   ,B ,Q,92.10,95.70,87.00,93.80,93.80,92.35,219,8997,848021.00,
532953,V GUARD IND ,A ,Q,224.60,226.75,221.30,223.20,223.20,224.10,1051,41531,9318306.00,
532955,RECLTD      ,A ,Q,142.10,146.90,140.30,146.25,146.25,140.00,6679,927339,132665706.00,
532959,GAMMON INFRA,B ,Q,0.90,0.94,0.87,0.90,0.90,0.86,1785,6018143,5406391.00,
532960,DHANI       ,B ,Q,352.00,359.75,342.50,345.75,345.75,348.80,2198,160083,55963708.00,
532966,TITAGARH WAG,A ,Q,55.00,56.20,53.80,54.55,54.55,54.50,1145,172451,9514888.00,
532967,KIRI DYES   ,A ,Q,465.75,493.45,458.70,474.05,474.05,459.15,754,23684,11266026.00,
532972,SANKHYA INFO,XT,Q,3.96,4.13,3.96,4.12,4.13,3.94,38,17285,70898.00,
532974,ABML        ,B ,Q,47.00,47.70,45.60,45.80,45.65,46.80,726,55369,2553582.00,
532975,AISHWARYA   ,Z ,Q,2.30,2.30,2.30,2.30,2.30,2.34,5,1208,2778.00,
532976,JAIBALA IND ,T ,Q,31.55,31.55,31.55,31.55,31.55,30.05,5,1551,48934.00,
532977,BAJAJ AUTO  ,A ,Q,3965.00,3973.20,3863.35,3899.90,3899.90,3948.80,3610,25107,97757241.00,
532978,BAJAJ FINSE ,A ,Q,9940.00,10441.80,9906.50,10386.85,10386.85,9875.40,3957,20240,206609727.00,
532980,GOKUL REFOIL,B ,Q,18.90,19.10,18.50,19.10,19.10,18.75,83,9051,171113.00,
532983,RPG LIFESCI ,B ,Q,415.80,424.00,408.10,410.15,410.30,412.00,418,4128,1708295.00,
532985,KOTAK SENSEX,B ,Q,525.00,537.00,525.00,532.79,532.00,521.20,28,479,252875.00,
532986,NIRAJ CEMENT,B ,Q,40.00,43.15,39.80,41.25,41.25,42.65,259,7308,296949.00,
532987,RANE BRAKE  ,B ,Q,852.70,856.50,833.10,836.50,833.10,832.75,59,254,213981.00,
532988,RANE ENGVL  ,B ,Q,273.00,286.30,273.00,284.20,281.25,278.05,70,710,197594.00,
532989,BAFNA PHARMA,B ,Q,122.00,123.75,121.35,122.20,122.00,119.75,15,329,40158.00,
532992,CHL LTD     ,X ,Q,6.61,6.61,6.61,6.61,6.61,6.61,2,100,661.00,
532993,SEZALGLASS  ,Z ,Q,5.17,5.17,5.17,5.17,5.17,4.93,12,13607,70348.00,
532994,ARCHIDPLY IN,T ,Q,36.35,37.05,35.60,36.15,36.15,36.60,98,13027,471864.00,
532998,LEHIL       ,B ,Q,36.50,36.50,36.00,36.00,36.00,37.45,15,3001,108100.00,
533001,SOMI CONVEY ,T ,Q,31.55,31.55,30.10,30.85,30.85,31.20,42,2127,64937.00,
533007,LGB FORGE   ,T ,Q,4.10,4.10,3.86,3.96,3.96,4.06,78,42275,167205.00,
533012,LANDMRK PRO ,T ,Q,2.10,2.10,2.02,2.06,2.06,2.00,13,6146,12750.00,
533014,SICAGEN IND ,B ,Q,15.30,15.45,14.75,15.05,15.20,15.25,33,6170,94519.00,
533018,SIMPLEX MIL ,X ,Q,11.70,11.70,11.70,11.70,11.70,12.30,1,6,70.00,
533019,SIMPLEX PAP ,X ,Q,1.51,1.51,1.51,1.51,1.51,1.44,1,6,9.00,
533022,20 MICRONS  ,B ,Q,37.40,39.10,36.90,38.15,37.95,37.05,332,28052,1069426.00,
533023,WABCO       ,A ,Q,5999.60,6201.00,5950.20,6166.25,6197.20,6002.10,116,259,1587369.00,
533029,ALKALI      ,B ,Q,51.05,53.30,50.30,51.60,51.60,51.25,272,4529,235568.00,
533033,ISGEC       ,A ,Q,478.00,489.90,473.15,483.05,483.05,473.55,488,45061,21755101.00,
533047,INDIAN MET  ,B ,Q,485.00,502.45,485.00,495.60,499.00,481.60,559,8140,4034412.00,
533048,GI ENGINERG ,B ,Q,2.28,2.52,2.28,2.40,2.40,2.40,54,7567,18795.00,
533056,VEDAVAAG    ,X ,Q,32.00,32.00,30.05,30.75,30.80,30.55,61,9129,278134.00,
533080,MOLDTKPACK  ,A ,Q,392.00,409.25,387.00,396.10,395.25,399.15,500,15945,6265999.00,
533088,MAH HOLIDAY ,A ,Q,241.75,241.75,231.60,232.35,231.80,230.70,172,3888,904899.00,
533090,EXCEL       ,B ,Q,2.95,2.99,2.73,2.99,2.99,2.85,97,232009,691186.00,
533093,RAJ OIL     ,T ,Q,131.80,131.80,131.80,131.80,131.80,125.55,96,10583,1394839.00,
533095,BENGLA& ASM ,B ,Q,1455.00,1495.00,1430.10,1451.10,1450.00,1445.20,160,5077,7480884.00,
533096,ADANI POWER ,A ,Q,63.85,66.60,63.50,64.95,64.95,61.25,15138,3123829,203631987.00,
533098,NHPC        ,A ,Q,25.30,25.40,24.75,24.80,24.80,24.85,851,524874,13103292.00,
533101,SURYAMBA SP ,X ,Q,75.00,77.95,71.10,71.10,71.10,74.80,72,20407,1461780.00,
533104,GLOBUS SPR  ,B ,Q,339.00,345.60,335.00,341.20,341.20,340.20,870,25711,8767006.00,
533106,OIL INDIA   ,A ,Q,127.80,128.90,126.35,128.05,128.05,127.50,986,68939,8809918.00,
533107,RNAVAL      ,Z ,Q,3.06,3.06,3.06,3.06,3.06,2.92,345,776510,2376120.00,
533108,BHILWRA TEC ,X ,Q,6.50,6.64,6.02,6.02,6.02,6.33,156,111859,678662.00,
533121,EXPLEOSOL   ,B ,Q,502.00,555.00,502.00,530.95,530.95,504.70,1245,18125,9719835.00,
533122,RTNPOWER    ,B ,Q,3.04,3.07,2.98,3.01,3.01,2.99,3447,3197575,9641458.00,
533137,DEN NETWORK ,A ,Q,59.95,60.30,58.25,58.90,58.90,58.50,866,112470,6691045.00,
533138,ASTEC LIFE  ,A ,Q,1070.90,1088.00,1065.40,1075.00,1073.00,1058.90,632,3893,4186495.00,
533144,COX KINGS   ,Z ,Q,1.27,1.34,1.27,1.27,1.29,1.33,322,558674,720703.00,
533146,DLINK IND   ,B ,Q,112.95,115.95,111.95,112.70,112.70,112.80,620,39886,4507544.00,
533148,JSW ENERGY  ,A ,Q,90.00,92.45,82.50,84.05,84.05,86.40,12745,1905822,166971228.00,
533150,GODREJ PROP ,A ,Q,1508.00,1536.20,1508.00,1524.10,1519.70,1508.80,1138,16158,24649189.00,
533151,D B CORP    ,A ,Q,100.15,104.70,100.15,101.55,101.35,101.30,211,8428,863667.00,
533152,MBL INFRA   ,B ,Q,21.00,21.20,20.45,20.55,20.70,21.00,107,21228,441343.00,
533155,JUBL FOOD   ,A ,Q,3152.00,3160.00,3095.90,3141.90,3136.45,3121.30,1505,15997,50091673.00,
533156,VASCON ENG  ,B ,Q,17.05,17.60,17.05,17.40,17.35,17.15,165,48782,843751.00,
533157,SYNCOM HEAL ,Z ,Q,2.65,2.65,2.45,2.45,2.45,2.57,149,99493,247681.00,
533158,THANGAMAYIL ,B ,Q,632.10,635.05,622.60,626.25,625.00,628.25,43,226,142029.00,
533160,D B REALTY  ,T ,Q,32.45,32.45,29.45,29.65,29.65,31.00,839,147258,4424929.00,
533161,EMMBI       ,B ,Q,82.95,84.45,81.20,81.95,82.30,81.75,84,2013,164805.00,
533162,HATHWAY CAB ,A ,Q,31.35,31.50,30.65,30.75,30.75,30.85,660,119639,3705604.00,
533163,ARSS INFRA  ,B ,Q,24.65,24.80,23.75,23.85,23.95,24.00,50,4404,107623.00,
533164,TEXMO PIPES ,B ,Q,31.10,31.50,28.70,29.05,28.75,30.90,345,84484,2501468.00,
533166,SUNDARAMMUL ,B ,Q,1.35,1.39,1.35,1.37,1.37,1.33,204,236867,323352.00,
533167,CORO ENGG   ,X ,Q,30.70,31.30,29.55,31.00,30.50,30.20,35,5378,165397.00,
533168,ROSSELL IND ,B ,Q,109.20,112.80,105.05,109.50,109.00,109.90,180,2144,234464.00,
533169,MAN INFRA   ,B ,Q,37.30,39.20,37.10,37.95,37.95,35.95,1020,245590,9410214.00,
533170,TAMBOLI CAP ,X ,Q,56.85,57.00,54.00,55.20,54.05,58.00,45,4264,238391.00,
533172,IVZINGOLD   ,E ,Q,4135.00,4135.00,4095.00,4095.00,4095.00,4100.40,8,65,266330.00,
533177,IL&FS TRANS ,Z ,Q,2.13,2.20,2.03,2.18,2.20,2.13,53,117406,245423.00,
533179,PERSISTENT  ,A ,Q,1717.35,1729.50,1683.55,1690.00,1700.00,1708.90,963,8830,15001973.00,
533181,INTRASOFT   ,B ,Q,68.30,68.90,65.35,68.30,68.90,67.00,79,2134,144513.00,
533189,GOENKA DIAM ,Z ,Q,2.23,2.23,2.20,2.23,2.23,2.13,195,381121,846488.00,
533192,KCP SUGAR IN,B ,Q,16.45,17.55,16.05,17.20,17.20,16.35,597,183618,3114011.00,
533193,KIRLOSKAR EL,B ,Q,13.65,14.35,13.25,14.21,14.21,13.51,249,47568,662152.00,
533202,NEH         ,X ,Q,1.45,1.52,1.45,1.50,1.50,1.50,42,48312,70905.00,
533204,GBGLOBAL    ,B ,Q,6.01,6.01,6.01,6.01,6.01,6.21,1,50,300.00,
533206,SJVN        ,A ,Q,27.10,27.35,26.60,26.75,26.75,27.10,628,257828,6936196.00,
533207,JPINFRATEC  ,B ,Q,1.89,1.92,1.81,1.89,1.89,1.83,705,2127642,4021327.00,
533208,EMAMI PAPER ,B ,Q,103.15,103.80,100.95,101.65,102.00,100.25,108,3847,392532.00,
533210,KRITI NUTRI ,X ,Q,41.15,48.50,41.15,44.25,44.25,41.50,1628,334148,15085884.00,
533212,GKB OPHTHA  ,X ,Q,77.90,77.90,70.00,70.75,70.75,73.20,109,10873,802567.00,
533217,HMVL        ,B ,Q,71.35,71.50,69.00,69.90,70.25,70.45,178,8065,567116.00,
533218,EMAMIREAL   ,B ,Q,51.95,52.05,50.70,51.10,51.50,49.85,229,8695,448440.00,
533221,ASIAN HTL W ,B ,Q,239.15,240.00,233.25,233.25,233.25,239.15,145,1669,393522.00,
533227,ASIAN HTL E ,B ,Q,165.60,165.60,158.00,159.00,158.00,166.45,213,2196,351861.00,
533229,BAJAJCON    ,A ,Q,251.00,251.00,247.05,247.80,247.80,248.05,377,15939,3959629.00,
533230,HDFCMFGETF  ,E ,Q,40.75,40.83,40.35,40.43,40.40,40.54,264,74896,3038678.00,
533239,PRAKASHSTL  ,B ,Q,0.76,0.81,0.76,0.80,0.80,0.79,97,50644,39869.00,
533244,ICICIGOLD   ,E ,Q,40.60,41.00,40.00,40.33,40.44,40.56,496,47660,1929951.00,
533248,GPPL        ,A ,Q,116.40,117.75,107.55,108.45,108.45,109.55,3373,310496,34985883.00,
533252,WELSPUN INV ,B ,Q,359.00,368.65,357.40,361.00,361.00,359.05,14,143,52319.00,
533257,INDOSOLAR   ,Z ,Q,2.35,2.48,2.27,2.30,2.30,2.38,78,83592,194971.00,
533259,SASTASUNDR  ,B ,Q,130.10,133.60,130.10,133.00,133.55,128.10,105,2230,294135.00,
533260,CAREERP     ,B ,Q,151.05,151.30,146.00,147.50,147.50,149.80,295,6165,911097.00,
533261,EROS MEDIA  ,B ,Q,31.95,33.40,30.00,32.80,32.95,31.45,1003,175033,5638799.00,
533262,RAMKY INFRA ,B ,Q,85.50,89.40,85.50,89.40,89.40,85.15,393,103593,9236739.00,
533263,GREENPOWER  ,T ,Q,2.25,2.30,2.17,2.26,2.26,2.20,321,224128,506144.00,
533265,GALLISPAT   ,B ,Q,38.70,40.15,38.70,40.15,40.15,39.35,9,561,22447.00,
533267,CANTABIL    ,B ,Q,382.50,386.65,371.00,380.05,379.85,380.65,1690,46979,17996585.00,
533269,VATECH WABA ,A ,Q,278.40,292.30,275.95,281.90,281.90,273.75,1550,68887,19597495.00,
533270,BEDMUTHA IN ,B ,Q,23.65,23.65,23.65,23.65,23.65,23.65,1,20,473.00,
533271,ASHOKA      ,A ,Q,110.00,114.10,110.00,112.30,112.30,110.65,2003,290726,32722651.00,
533272,CEBBCO      ,T ,Q,20.45,20.50,19.65,19.75,19.95,20.65,53,16588,332591.00,
533273,OBEROI REAL ,A ,Q,570.00,570.00,556.00,557.35,557.35,564.65,1755,19277,10769671.00,
533274,PRESTIGE    ,A ,Q,308.20,308.20,298.20,300.95,300.95,303.15,616,27626,8407155.00,
533275,GYSCOAL     ,B ,Q,2.46,2.50,2.44,2.50,2.50,2.45,7,1003,2483.00,
533278,COAL INDIA  ,A ,Q,155.00,157.25,153.80,154.85,154.85,153.40,14017,1603587,249020374.00,
533282,GRAVITA     ,B ,Q,113.90,115.90,106.70,108.25,107.50,113.65,1931,102435,11165224.00,
533284,RPP INFRA   ,B ,Q,74.55,83.65,71.00,76.95,78.45,74.45,2055,74825,5857369.00,
533285,RDB REALTY  ,X ,Q,22.50,22.50,20.50,20.80,20.50,21.55,29,2083,44882.00,
533286,MOIL LTD    ,A ,Q,173.85,177.15,168.00,169.25,169.25,171.30,1614,108149,18593445.00,
533287,ZEE LEARN   ,B ,Q,11.85,11.85,11.55,11.66,11.70,11.61,404,145258,1701384.00,
533289,KESAR TERMI ,X ,Q,35.20,38.25,35.20,37.10,37.10,36.45,85,17160,637854.00,
533292,A2ZINFRA    ,B ,Q,4.24,4.35,4.19,4.30,4.30,4.20,122,274638,1171689.00,
533293,KIRLOIL ENG ,A ,Q,163.80,175.85,163.80,173.25,173.00,161.85,1314,63967,11064153.00,
533294,RAVI KUMAR  ,B ,Q,8.00,8.00,7.25,7.76,7.81,7.55,53,8342,62480.00,
533295,PUNJABNSIND ,B ,Q,18.80,18.90,18.00,18.20,18.20,18.00,833,865064,16143676.00,
533296,FMNL        ,B ,Q,18.20,18.20,17.15,17.80,17.85,17.80,36,1953,34856.00,
533298,SURANASOL   ,T ,Q,9.09,9.09,8.70,8.87,9.03,9.05,54,15365,136780.00,
533301,SHEKHAWATI  ,T ,Q,0.40,0.40,0.40,0.40,0.40,0.42,4,331,132.00,
533302,KALYANI INV ,B ,Q,1606.90,1628.00,1606.90,1624.90,1624.00,1587.10,50,300,487111.00,
533303,BF INVEST   ,A ,Q,303.20,321.00,295.05,315.85,315.85,300.20,622,14269,4379282.00,
533306,SUMMIT SECU ,B ,Q,579.00,594.25,579.00,588.50,580.10,569.00,77,606,357503.00,
533315,INNO INVEST ,XT,Q,7.00,7.26,7.00,7.26,7.26,7.27,14,4643,32592.00,
533316,STEL        ,T ,Q,82.55,82.65,80.85,82.00,82.00,81.50,16,2570,209875.00,
533317,OMKAR SPC   ,T ,Q,6.97,6.97,6.31,6.97,6.97,6.64,22,12387,82199.00,
533320,JUBILNT IND ,B ,Q,219.45,219.65,210.10,214.15,214.15,209.75,57,1268,272870.00,
533326,TEXMACO RAIL,A ,Q,33.30,34.30,32.50,32.60,32.60,32.00,1601,449576,14901418.00,
533329,IND TERRAIN ,T ,Q,36.50,37.50,36.00,36.75,36.95,36.60,197,39575,1439596.00,
533333,FINEOTEX  CH,B ,Q,67.05,68.55,67.00,67.75,67.60,67.40,462,191516,12992949.00,
533336,DHUNINV     ,B ,Q,285.25,289.00,279.50,280.45,280.45,285.05,135,1277,363407.00,
533339,ZEN TECH    ,B ,Q,87.00,90.00,85.45,88.35,87.65,86.35,983,67053,5885578.00,
533343,LOVABLE     ,B ,Q,88.60,96.40,88.55,94.10,95.00,88.35,569,24733,2318857.00,
533344,PTCFIN SER  ,A ,Q,22.00,23.90,22.00,23.60,23.60,21.70,2253,1186021,27416095.00,
533385,N100        ,E ,Q,948.00,954.00,945.00,949.43,948.40,955.66,741,7265,6898562.00,
533393,TCI DEVELP  ,B ,Q,307.00,317.00,307.00,313.15,313.25,307.00,18,35,10862.00,
533398,MUTHOOT FIN ,A ,Q,1311.00,1330.00,1310.05,1318.35,1315.65,1311.05,2770,52773,69656860.00,
533400,FCONSUMER   ,A ,Q,7.88,8.00,7.88,7.96,7.96,7.94,10911,299126,2376917.00,
533407,CIL NOVA    ,T ,Q,16.77,16.77,16.77,16.77,16.77,15.98,11,2296,38503.00,
533408,BSLGOLDETF  ,E ,Q,4185.00,4194.00,4150.00,4160.00,4160.00,4149.50,7,30,125111.00,
533411,SANGH FORG  ,T ,Q,25.45,27.65,25.45,26.30,26.40,26.70,8,70,1838.00,
533427,VMS INDUSTR ,X ,Q,8.02,8.95,8.02,8.51,8.60,8.16,48,8416,71280.00,
533451,KARMA ENERG ,T ,Q,16.60,16.95,15.50,16.70,16.75,16.25,11,484,7811.00,
533452,EBIXFOREX   ,B ,Q,532.85,540.00,478.60,485.25,485.25,523.45,393,3145,1590874.00,
533470,RUSHIL DECOR,B ,Q,204.00,205.15,203.35,205.15,205.15,195.40,48,3884,796562.00,
533477,ENKEI WHEEL ,X ,Q,269.95,275.00,262.60,273.30,275.00,262.50,43,1490,402169.00,
533482,KRIINFRA    ,B ,Q,4.68,4.71,4.26,4.71,4.71,4.29,219,237240,1110630.00,
533506,INVENTURE   ,B ,Q,25.30,26.90,22.95,23.25,23.60,24.75,524,63964,1605270.00,
533519,LNT FH      ,A ,Q,107.50,113.40,107.00,112.35,112.35,107.00,13240,2060130,226881931.00,
533520,YAARII      ,A ,Q,166.95,169.50,163.00,166.05,166.05,165.70,354,21817,3625732.00,
533540,TREE HOUSE  ,B ,Q,7.50,7.55,7.24,7.30,7.41,7.35,34,65911,480793.00,
533543,BROOKS LABS ,B ,Q,60.30,60.55,58.00,58.30,58.30,59.05,120,5849,344688.00,
533552,RUPA & CO   ,A ,Q,311.85,319.95,309.00,310.65,313.85,309.15,262,7006,2206197.00,
533553,TD POWER    ,B ,Q,159.00,160.15,158.00,158.55,158.95,157.05,70,1906,302961.00,
533570,AXISGOLD    ,E ,Q,39.90,40.09,39.35,39.38,39.38,39.49,279,77809,3074799.00,
533573,ALEM PHARMA ,A ,Q,948.70,948.70,927.55,929.20,929.20,935.05,641,10374,9710210.00,
533576,VASWANI IND ,B ,Q,12.62,12.62,11.42,11.42,11.42,12.02,66,10113,120501.00,
533581,PG ELECTRO  ,T ,Q,340.05,340.05,340.05,340.05,340.05,323.90,5,330,112216.00,
533602,LESHAIND    ,X ,Q,0.85,0.85,0.85,0.85,0.85,0.81,1,70,59.00,
533608,RDB RASAYAN ,X ,Q,65.00,66.70,59.35,61.65,61.65,63.45,555,72317,4588622.00,
533629,TIJARIA PPL ,T ,Q,7.20,7.25,6.97,7.25,7.25,7.33,15,4794,33964.00,
533638,FLEXITUFF   ,T ,Q,24.00,24.70,22.80,22.90,22.90,24.00,26,5888,135017.00,
533644,UJAAS       ,T ,Q,2.99,2.99,2.86,2.91,2.94,2.98,505,313385,916250.00,
533655,TRIVENITURB ,A ,Q,112.50,112.50,109.40,110.80,110.15,110.05,275,15023,1664438.00,
533676,INDO THAI   ,T ,Q,51.00,51.50,51.00,51.50,51.50,51.00,9,1969,101124.00,
533704,ESSAR SHIP  ,B ,Q,9.65,9.66,9.29,9.58,9.55,9.42,106,14107,134057.00,
533719,IDBIGOLD    ,E ,Q,4200.00,4270.00,4135.00,4150.00,4150.00,4200.00,48,111,464262.00,
533758,APL APOLLO  ,A ,Q,1170.00,1249.55,1170.00,1242.70,1243.05,1155.65,1052,17840,21550797.00,
533761,GPT INFRA   ,B ,Q,43.25,43.90,43.00,43.00,43.00,42.55,29,2454,106511.00,
533896,FERVENTSYN  ,X ,Q,15.75,15.75,13.75,14.40,14.00,15.20,19,1166,17156.00,
533982,TERASOFTWARE,B ,Q,42.20,42.60,41.20,42.00,42.05,42.35,91,4612,193876.00,
534060,PMCFIN      ,X ,Q,1.42,1.42,1.38,1.38,1.38,1.40,4160,10059731,13983777.00,
534076,ORIENT REF  ,A ,Q,231.90,234.20,228.70,231.50,232.00,229.15,215,3771,872721.00,
534091,MCX LTD     ,A ,Q,1503.05,1566.40,1503.05,1541.45,1541.45,1503.00,4382,43746,67531578.00,
534139,SCHNEIDER   ,A ,Q,114.70,117.00,112.70,113.70,113.70,113.85,1040,58010,6656110.00,
534309,NBCC        ,A ,Q,53.45,53.85,49.35,50.40,50.40,52.30,20729,4553318,232388747.00,
534312,MT EDUCARE  ,B ,Q,8.15,8.44,7.97,8.05,8.05,8.03,151,68135,553949.00,
534328,HEXATRADEX  ,T ,Q,74.45,76.30,70.55,70.60,70.55,74.25,41,4185,300808.00,
534338,MAXHEIGHTS  ,X ,Q,14.25,14.30,14.25,14.25,14.30,14.30,4,2502,35653.00,
534369,TBZ LTD     ,B ,Q,76.95,76.95,75.00,75.45,75.20,75.85,306,16883,1277025.00,
534392,VSSL        ,B ,Q,170.20,173.50,162.50,165.50,168.30,169.40,590,26680,4431690.00,
534422,LOOKS       ,T ,Q,5.70,5.81,5.70,5.81,5.81,5.70,2,2,11.00,
534425,SPECIALITY R,B ,Q,46.75,47.00,45.05,46.30,46.30,45.35,501,17688,818011.00,
534532,LYPSA GEMS  ,B ,Q,5.47,5.47,5.10,5.25,5.25,5.21,81,18069,95322.00,
534535,BIOGRPAPER  ,Z ,Q,3.21,3.21,3.21,3.21,3.21,3.27,18,3023,9703.00,
534597,RTNINFRA    ,B ,Q,6.85,6.91,6.65,6.68,6.68,6.60,206,74167,502543.00,
534598,SEPOWER     ,T ,Q,4.19,4.19,4.19,4.19,4.19,4.19,9,1020,4273.00,
534600,JTL INFRA   ,XT,Q,309.70,315.45,301.00,312.65,310.05,304.45,150,32820,10184942.00,
534612,AMTL        ,X ,Q,9.25,9.52,9.01,9.06,9.06,9.28,24,2811,25461.00,
534615,NECC LTD    ,B ,Q,10.15,10.15,9.80,9.90,9.96,9.92,45,13439,133951.00,
534618,SAREL       ,XT,Q,39.20,39.20,37.70,38.90,39.00,38.45,140,72852,2810581.00,
534623,JUPITER INFO,X ,Q,24.05,25.05,22.75,24.00,25.05,23.90,17,291,7073.00,
534674,DUCON       ,B ,Q,6.55,6.71,6.27,6.69,6.69,6.42,92,41900,273720.00,
534675,PROZONINTU  ,B ,Q,21.80,22.30,19.50,19.75,19.80,20.65,981,81966,1688110.00,
534680,SRG HFL     ,X ,Q,235.00,235.00,222.10,229.85,230.00,230.65,87,21020,4838554.00,
534691,COMFORT COM ,B ,Q,6.19,6.77,6.13,6.77,6.77,6.45,24,31375,196329.00,
534707,ADITRI      ,X ,Q,0.57,0.59,0.57,0.59,0.59,0.57,5,5000,2949.00,
534732,INTELL ADV  ,XT,Q,5.88,5.88,5.88,5.88,5.88,5.61,1,1,5.00,
534733,SUPREMEX    ,XT,Q,7.20,7.20,7.20,7.20,7.20,7.06,7,1026,7387.00,
534741,VIRTUAL GLO ,XT,Q,0.48,0.48,0.48,0.48,0.48,0.46,21,100467,48224.00,
534742,ZUARI AGRO  ,B ,Q,110.00,110.00,104.30,104.45,105.00,104.90,403,21960,2348382.00,
534748,STEEL EXCH  ,B ,Q,53.50,54.00,51.25,52.70,52.30,53.00,214,21436,1134487.00,
534755,TRIO MERCAN ,X ,Q,34.45,35.50,33.35,34.90,34.50,33.80,468,68755,2374401.00,
534758,CIGNITI TECH,A ,Q,349.00,350.20,342.50,343.60,343.60,346.05,655,9310,3213311.00,
534796,CDG         ,X ,Q,21.40,21.75,21.40,21.75,21.75,21.40,3,90,1948.00,
534804,CARERATING  ,A ,Q,472.45,478.90,466.60,467.40,467.40,469.30,370,8923,4181964.00,
534809,PC JEWELLER ,A ,Q,30.20,30.25,29.60,29.75,29.65,29.80,1084,466400,13943162.00,
534816,INDUSTOWER  ,A ,Q,259.00,260.50,256.10,257.85,257.80,257.80,1142,77505,20006171.00,
534976,VMART       ,A ,Q,2700.00,2863.25,2700.00,2791.05,2791.05,2669.00,628,1906,5371307.00,
535136,NIBE        ,XT,Q,20.30,20.30,20.30,20.30,20.30,19.95,1,10,203.00,
535204,MUKTA       ,X ,Q,2.90,2.90,2.76,2.76,2.76,2.90,4,303,851.00,
535205,MYSTICELE   ,XT,Q,3.88,4.07,3.69,3.69,3.69,3.88,34,2882,10813.00,
535276,SBISENSEX   ,B ,Q,539.40,547.90,539.00,545.15,547.88,536.67,147,9817,5334042.00,
535322,REPCO HOME  ,A ,Q,329.50,335.30,315.20,324.15,325.00,329.50,1461,64093,21020881.00,
535387,LAKHOTIA POL,XT,Q,8.30,8.30,8.30,8.30,8.30,8.33,5,23000,190900.00,
535458,NRB IND BEA ,T ,Q,9.40,9.40,9.40,9.40,9.40,9.35,5,3080,28952.00,
535566,KIFS FSL    ,X ,Q,41.05,42.00,41.05,42.00,42.00,42.00,2,100,4114.00,
535601,SREELEATHER ,B ,Q,144.00,146.45,144.00,144.85,145.00,145.00,161,10284,1491913.00,
535602,SHARDA MOTOR,B ,Q,2155.00,2269.00,2155.00,2199.50,2199.50,2181.80,152,566,1246460.00,
535620,BINNY MILLS ,X ,Q,76.50,76.50,76.50,76.50,76.50,72.90,46,2647,202495.00,
535621,SV GLOBAL   ,X ,Q,30.45,30.45,29.10,29.15,29.90,29.70,19,3653,108434.00,
535648,JUSTDIAL    ,A ,Q,980.00,1063.00,882.00,906.75,906.75,966.75,22013,630543,612070852.00,
535657,OONE        ,XT,Q,2.62,2.62,2.40,2.62,2.62,2.50,9,3006,7553.00,
535693,BRAHM INFRA ,X ,Q,14.70,16.14,14.70,16.14,16.14,15.38,4,9802,158198.00,
535730,KHOOBSURAT  ,XT,Q,0.21,0.22,0.21,0.22,0.22,0.22,29,128016,27212.00,
535754,ORIENT CEM  ,A ,Q,96.55,100.40,96.55,99.80,99.80,96.05,523,53856,5328235.00,
535755,ABFRL       ,A ,Q,209.00,216.95,207.30,209.10,209.10,206.10,3613,342992,72723232.00,
535789,IBUL HSG FIN,A ,Q,231.85,250.95,229.70,247.75,247.75,228.95,18595,2211599,531094787.00,
535958,INTEGRA GAR ,T ,Q,2.04,2.04,2.04,2.04,2.04,1.95,3,728,1485.00,
536170,KUSHAL      ,XT,Q,6.73,6.73,6.73,6.73,6.73,6.86,206,38715,260551.00,
536264,TIGER LOGS  ,B ,Q,40.25,40.85,39.30,39.65,39.90,39.55,176,19738,793255.00,
536493,JKAGRI GEN  ,X ,Q,641.00,690.00,626.15,661.05,665.00,659.35,261,6322,4265005.00,
536507,FUTLIF FAS  ,A ,Q,78.15,78.65,76.40,77.75,78.05,78.05,710,55408,4307751.00,
536565,TRIMURTHI   ,X ,Q,4.28,4.28,4.28,4.28,4.28,4.28,6,333,1425.00,
536659,PVVINFRA    ,XT,Q,8.15,8.15,7.40,7.94,8.00,7.78,26,22683,178986.00,
536672,VCU DATA    ,T ,Q,5.61,5.61,5.10,5.25,5.61,5.35,14,1252,6944.00,
536709,INDRENEW    ,X ,Q,9.60,10.00,9.16,9.31,9.31,9.60,12,4037,40102.00,
536738,STELLAR CAP ,M ,Q,2.65,2.66,2.65,2.66,2.66,2.82,2,12000,31860.00,
536751,FIVEXTRADE  ,XT,Q,0.51,0.54,0.50,0.54,0.54,0.52,16,11139,5569.00,
536868,INTEGRA TELE,XT,Q,29.70,29.70,29.70,29.70,29.70,29.65,1,190,5643.00,
536960,M100        ,B ,Q,25.21,25.89,25.13,25.88,25.88,25.30,161,8829,226684.00,
536974,CAPTAIN POLY,B ,Q,43.05,43.45,42.30,43.15,43.15,42.55,88,57454,2457250.00,
537007,ICICINIFTY  ,B ,Q,154.00,162.42,154.00,161.98,161.70,158.61,349,9467,1518588.00,
537008,ICICINF100  ,B ,Q,162.50,165.70,162.50,165.69,165.69,161.72,7,56,9261.00,
537069,ARNOLD HOLD ,X ,Q,26.10,26.10,24.30,24.75,24.90,26.65,60,114332,2837281.00,
537253,SUNIL HEALTH,X ,Q,26.50,26.50,25.15,25.90,25.90,26.50,4,92,2429.00,
537254,RCI IND     ,B ,Q,8.66,8.69,8.12,8.60,8.60,8.31,52,16146,137177.00,
537259,SUYOG TELE  ,B ,Q,428.55,438.90,411.05,420.00,420.00,426.35,118,1227,515918.00,
537291,NATH BIOGEN ,A ,Q,300.00,308.90,293.00,305.75,305.80,296.95,755,16206,4905810.00,
537292,AGRI TECH   ,B ,Q,35.90,37.40,34.65,35.50,35.45,34.60,83,3602,129699.00,
537483,NETFNIF100  ,B ,Q,156.00,160.00,155.00,156.99,155.70,157.00,26,960,150534.00,
537524,VIAANINDUS  ,X ,Q,0.74,0.75,0.72,0.75,0.75,0.73,319,359244,263335.00,
537536,DENIS CHEM  ,X ,Q,39.50,41.75,39.25,39.25,39.25,39.15,16,5093,200822.00,
537582,UNISHIRE    ,M ,Q,1.33,1.40,1.33,1.37,1.33,1.40,4,40000,53900.00,
537708,KOTAKNIFTY  ,B ,Q,156.50,159.50,156.34,158.81,159.12,156.04,217,8227,1298897.00,
537750,KIRAN VYPAR ,X ,Q,98.95,99.90,93.05,98.90,99.90,97.65,44,4293,412900.00,
537766,BCP LTD     ,B ,Q,4.93,5.09,4.69,4.70,4.70,4.93,307,118621,571819.00,
537785,RACE        ,M ,Q,267.05,274.40,267.00,269.40,268.10,271.15,15,25000,6722437.00,
537800,MANGALAM IND,XT,Q,0.76,0.79,0.73,0.79,0.78,0.76,131,353150,278303.00,
537820,VFL         ,B ,Q,0.75,0.76,0.72,0.72,0.72,0.72,9,5898,4281.00,
537839,PHOENIX TN  ,X ,Q,11.60,13.18,10.80,13.17,13.17,11.99,40,8405,104650.00,
537840,RAUNAQEPC   ,XT,Q,23.65,23.65,21.75,23.00,23.00,22.70,7,813,17876.00,
538019,OBI LTD     ,XT,Q,6.65,7.00,6.65,6.75,6.75,7.00,19,3956,26800.00,
538057,CPSE ETF    ,B ,Q,24.40,24.55,24.25,24.37,24.37,24.24,1268,336716,8209430.00,
538081,HARIA APL   ,X ,Q,1.10,1.10,1.10,1.10,1.10,1.10,4,381,419.00,
538092,JOONKTOLLEE ,X ,Q,108.55,114.00,108.50,114.00,114.00,114.10,6,86,9666.00,
538119,RNB DENIMS  ,T ,Q,39.85,39.85,39.85,39.85,39.85,41.90,10,700,27895.00,
538212,SHARP INV   ,XT,Q,0.39,0.39,0.39,0.39,0.39,0.38,53,180545,70412.00,
538268,WONDERLA    ,A ,Q,207.30,211.40,207.05,208.25,207.85,208.30,99,2304,480965.00,
538351,AFEL        ,XT,Q,14.75,14.75,14.75,14.75,14.75,15.05,1,45,663.00,
538365,ADHUNIKIND  ,B ,Q,20.55,22.15,20.50,21.00,21.00,21.00,35,3514,74156.00,
538395,NAM SEC     ,XT,Q,49.50,49.50,49.50,49.50,49.50,50.10,1,1,49.00,
538401,MAESTROS ELE,X ,Q,73.20,76.85,73.20,76.20,76.30,73.20,44,11591,879114.00,
538433,CLASSIC     ,XT,Q,0.42,0.42,0.42,0.42,0.42,0.42,4,1350,567.00,
538446,MONEYBOXX   ,T ,Q,72.45,79.60,72.45,79.45,79.45,76.25,49,32097,2413232.00,
538452,QUASAR      ,X ,Q,7.41,7.80,7.41,7.80,7.80,7.80,3,20010,148278.00,
538476,CTL         ,X ,Q,6.98,6.98,6.07,6.39,6.60,6.48,49,25893,168082.00,
538521,CROWNTOURS  ,X ,Q,18.00,18.50,18.00,18.30,18.30,18.35,45,14650,268682.00,
538539,JTAPARIA    ,XT,Q,1.38,1.38,1.32,1.38,1.38,1.32,9,955,1291.00,
538540,RLFL        ,XT,Q,0.38,0.38,0.36,0.38,0.38,0.37,200,408805,152456.00,
538546,BANSAL ROOF ,M ,Q,50.00,52.00,50.00,51.50,52.00,50.40,6,18000,918000.00,
538557,SAIBABA     ,XT,Q,1.94,2.00,1.85,2.00,2.00,1.94,22,1189,2330.00,
538562,SKIPPER     ,B ,Q,64.75,64.75,61.30,62.50,62.45,62.65,444,16997,1061022.00,
538564,JAMESWARREN ,X ,Q,134.95,136.00,129.15,135.05,135.05,130.30,31,2938,396255.00,
538565,VISTARAMAR  ,X ,Q,49.85,49.85,46.05,47.85,49.20,47.50,32,12464,611763.00,
538566,APOLLOTRI   ,A ,Q,1043.90,1099.00,1043.90,1097.10,1097.10,1034.20,4247,144507,156241335.00,
538567,GULFOIL LUB ,A ,Q,767.80,800.00,760.10,768.90,763.95,759.95,646,6087,4763810.00,
538568,FRUTION     ,XT,Q,12.50,12.50,12.50,12.50,12.50,11.92,1,1,12.00,
538569,TRIVENI ENT ,X ,Q,15.70,15.70,15.10,15.60,15.60,15.70,15,20502,319406.00,
538597,TTIENT      ,XT,Q,1.20,1.20,1.18,1.18,1.18,1.24,13,4656,5498.00,
538598,VISHAL      ,B ,Q,66.55,66.60,65.90,66.60,66.60,65.30,119,14052,934826.00,
538607,TOYAMIND    ,X ,Q,3.10,3.35,3.10,3.10,3.10,3.26,91,311862,968478.00,
538611,RTFL        ,X ,Q,7.75,7.75,7.52,7.52,7.52,7.91,3,256,1983.00,
538634,VRL         ,X ,Q,79.75,79.75,73.05,75.50,76.00,74.95,24,1266,96677.00,
538635,SNOWMAN     ,A ,Q,53.25,53.35,51.35,51.80,51.80,52.65,2378,413907,21578909.00,
538646,QGO         ,XT,Q,17.05,17.05,17.05,17.05,17.05,17.90,3,36,613.00,
538653,EML         ,XT,Q,0.92,0.92,0.92,0.92,0.92,0.91,9,2037,1874.00,
538666,SHARDACROP  ,A ,Q,331.20,343.00,330.00,334.10,334.10,331.40,694,16038,5388040.00,
538683,NETFSENSEX  ,B ,Q,554.30,554.30,540.00,552.57,552.57,543.42,10,74,40525.00,
538685,SHEMAROO    ,B ,Q,68.55,71.90,67.10,70.70,70.70,69.00,401,50491,3564697.00,
538706,ULTRACAB    ,B ,Q,128.50,130.50,125.10,128.00,129.30,128.35,74,18634,2369404.00,
538707,RCCL        ,X ,Q,12.08,12.10,12.08,12.10,12.10,12.10,3,501,6062.00,
538708,ETIL        ,X ,Q,6.05,6.15,5.61,5.89,5.67,6.05,95,111180,671371.00,
538713,ATISHAY     ,B ,Q,30.50,32.50,29.50,31.50,31.50,31.70,9,266,8302.00,
538714,SUCHITRA    ,X ,Q,37.50,41.00,37.50,41.00,41.00,39.45,5,225,8862.00,
538715,DHABRIYA    ,B ,Q,54.95,57.95,51.10,53.55,53.55,54.50,149,13768,766635.00,
538716,ARYACAPM    ,M ,Q,29.00,29.00,29.00,29.00,29.00,30.50,1,2500,72500.00,
538730,PDSMFL      ,B ,Q,652.65,659.00,645.00,648.00,648.00,652.65,57,387,252370.00,
538731,HANMAN      ,M ,Q,1.79,1.79,1.79,1.79,1.79,2.20,1,4200,7518.00,
538734,CEINSYSTECH ,B ,Q,142.05,151.90,141.00,145.05,144.10,144.70,91,22031,3309284.00,
538742,PANACHE     ,XT,Q,20.45,20.45,20.45,20.45,20.45,21.50,4,112,2290.00,
538772,NIYOGIN     ,X ,Q,71.00,72.20,66.80,67.85,68.90,69.75,92,9690,671197.00,
538778,AKASHDEEP   ,X ,Q,37.00,41.00,37.00,39.75,39.75,39.55,135,285074,11399094.00,
538787,GBFL        ,XT,Q,3.13,3.13,2.85,2.85,3.00,2.99,74,19475,56540.00,
538788,GILADAFINS  ,X ,Q,45.65,45.65,45.65,45.65,45.65,44.80,8,1223,55829.00,
538795,SAPPL       ,X ,Q,245.00,259.35,237.10,247.40,259.35,239.65,137,27521,6757996.00,
538812,AANCHALISP  ,XT,Q,6.80,6.90,6.60,6.64,6.79,6.94,74,35139,235195.00,
538833,ANUBHAV     ,XT,Q,4.36,4.36,4.36,4.36,4.36,4.44,4,320,1395.00,
538834,MEL         ,X ,Q,2.75,2.88,2.75,2.88,2.88,2.75,3,760,2116.00,
538835,INTELLECT   ,A ,Q,445.00,464.70,437.30,459.55,459.55,436.90,1752,68727,31036596.00,
538836,MONTECARLO  ,B ,Q,237.00,239.95,232.85,235.80,235.10,234.80,248,3820,905372.00,
538837,JSTL        ,X ,Q,68.00,70.45,68.00,70.00,70.00,69.25,62,15822,1096431.00,
538868,CSL         ,XT,Q,17.15,17.15,17.15,17.15,17.15,18.00,1,50,857.00,
538882, EMERALD    ,X ,Q,13.27,13.34,12.52,13.30,13.30,13.07,35,11595,150361.00,
538890,MKEXIM      ,X ,Q,31.45,32.00,31.25,31.65,32.00,31.40,26,8200,256834.00,
538891,MCLOUD      ,X ,Q,68.60,68.80,67.70,68.25,68.55,68.40,159,29028,1985458.00,
538896,KANCHI      ,X ,Q,802.95,803.90,765.00,769.65,771.00,790.95,1081,19654,15305825.00,
538902,DHUN TEAIND ,B ,Q,283.00,284.10,278.00,278.35,278.00,282.00,34,137,38562.00,
538920,SPACEAGE    ,XT,Q,20.60,20.60,20.60,20.60,20.60,20.20,1,1,20.00,
538921,RAFL        ,M ,Q,275.00,276.00,275.00,275.25,276.00,261.20,3,5000,1376250.00,
538922,COSYN       ,X ,Q,20.55,22.05,20.00,22.00,22.00,20.80,76,11824,249823.00,
538928,KARNAVATI   ,B ,Q,18.25,18.25,18.25,18.25,18.25,17.60,2,5,91.00,
538942,MERCANTILE  ,X ,Q,13.06,13.54,13.06,13.16,13.16,13.59,10,2611,34329.00,
538952,ALFL        ,X ,Q,0.80,0.85,0.80,0.85,0.85,0.83,16,2376,1916.00,
538961,GENUSPAPER  ,B ,Q,8.10,8.50,8.04,8.43,8.50,7.73,522,377488,3156263.00,
538962,MINDACORP   ,A ,Q,108.25,109.55,103.45,104.60,104.60,108.25,1116,85917,9206364.00,
538964,MERCURYLAB  ,X ,Q,633.05,689.50,633.05,687.00,687.00,653.30,16,95,62437.00,
538965,CONCORD     ,XT,Q,27.25,27.30,24.70,24.95,25.00,26.00,125,54944,1385412.00,
538970,MANVIJAY    ,X ,Q,850.00,850.00,810.00,823.25,821.00,826.30,100,4940,4044459.00,
538979,GRNLAM IND  ,B ,Q,952.95,961.65,939.30,944.20,944.20,948.00,71,288,274677.00,
538987,TALBROSENG  ,XT,Q,156.10,166.00,156.10,162.00,162.00,164.00,32,1315,212536.00,
539006,PTCIL       ,X ,Q,1249.00,1265.45,1201.05,1265.45,1265.45,1205.20,91,3362,4213960.00,
539009,GBLIL       ,XT,Q,0.94,0.94,0.94,0.94,0.94,0.90,13,2256,2120.00,
539012,MEGRISOFT   ,XT,Q,38.50,38.50,38.50,38.50,38.50,36.75,1,5,192.00,
539013,GITARENEW   ,X ,Q,14.90,14.96,14.90,14.96,14.96,14.25,8,437,6520.00,
539015,ORTEL       ,Z ,Q,1.14,1.14,1.14,1.14,1.14,1.10,1,1,1.00,
539016,NEIL        ,X ,Q,7.00,7.20,6.48,6.60,7.10,7.20,43,6706,45542.00,
539017,ASHFL       ,B ,Q,78.90,79.00,76.10,77.60,79.00,78.10,56,21724,1683855.00,
539018,BEEKAY      ,X ,Q,303.00,309.85,302.00,305.50,302.00,301.30,30,1254,381917.00,
539026,SSPNFIN     ,M ,Q,29.30,30.10,29.00,29.95,29.30,28.10,10,92000,2710000.00,
539031,SETFBSE100  ,B ,Q,156.99,156.99,153.10,155.95,155.99,156.27,15,234,36505.00,
539032,FRASER      ,X ,Q,4.58,4.76,4.58,4.76,4.76,4.67,41,34483,159067.00,
539040,TTIL        ,XT,Q,3.15,3.15,2.88,2.91,2.91,3.03,35,15459,46735.00,
539042,AGIIL       ,B ,Q,55.10,57.10,55.00,56.85,57.10,56.70,50,15899,888702.00,
539043,BKMINDST    ,B ,Q,1.13,1.13,1.03,1.13,1.13,1.08,64,93673,97850.00,
539044,MANAKSTELTD ,B ,Q,22.15,22.15,21.15,21.40,21.40,21.70,49,5709,122830.00,
539045,MNKALCOLTD  ,B ,Q,9.00,9.00,8.59,8.66,8.66,8.59,61,4320,38352.00,
539046,MNKCMILTD   ,B ,Q,11.54,11.96,10.35,11.81,11.81,11.45,25,2468,28491.00,
539056,IMAGICAA    ,B ,Q,7.96,8.04,7.51,7.98,7.98,7.36,438,274124,2160957.00,
539083,INOXWIND    ,B ,Q,70.25,75.00,70.25,72.60,73.00,71.00,1140,597874,43444002.00,
539090,RAJPUTANA   ,X ,Q,15.00,15.25,15.00,15.25,15.25,15.00,2,2,30.00,
539096,AANANDALAK  ,X ,Q,3.06,3.06,3.06,3.06,3.06,2.92,3,199,608.00,
539097,HKG         ,M ,Q,40.10,41.00,40.00,40.00,40.00,40.00,6,35000,1407250.00,
539110,NORTHLINK   ,X ,Q,22.70,22.90,22.70,22.85,22.90,22.55,4,500,11415.00,
539111,SHESHAINDS  ,X ,Q,6.32,6.32,6.32,6.32,6.32,6.02,4,2112,13347.00,
539113,PML         ,X ,Q,1251.00,1289.00,1240.00,1271.90,1250.00,1251.50,41,724,909041.00,
539118,VRLLOG      ,A ,Q,261.00,261.55,252.20,254.60,254.75,258.35,636,216569,55199495.00,
539120,BFFL        ,X ,Q,13.70,13.70,13.70,13.70,13.70,13.70,3,12,164.00,
539122,BODHTREE    ,X ,Q,31.10,31.10,29.90,29.95,30.65,30.50,185,5552,168138.00,
539126,MEP         ,B ,Q,17.45,18.20,17.20,17.75,17.75,17.15,530,210360,3730651.00,
539132,VEGETABLE   ,XT,Q,3.32,3.32,3.16,3.16,3.16,3.32,3,104,342.00,
539141,UFO         ,B ,Q,81.10,84.80,81.10,83.20,82.80,81.80,522,37594,3135324.00,
539142,NIFTYEES    ,B ,Q,18800.00,18800.00,18800.00,18800.00,18800.00,18611.00,1,1,18800.00,
539143,PANTH       ,X ,Q,12.58,12.58,12.58,12.58,12.58,12.83,8,592,7447.00,
539148,SHIVALIK    ,X ,Q,838.70,843.70,770.00,837.90,837.90,816.00,614,16879,13813122.00,
539149,ICSL        ,XT,Q,2.05,2.06,2.05,2.05,2.05,2.05,4,675,1388.00,
539150,PNCINFRA    ,A ,Q,267.40,267.40,260.70,262.45,262.45,264.15,1302,43957,11565616.00,
539151,ARFIN       ,X ,Q,60.00,60.00,58.05,58.45,60.00,58.80,17,2102,125277.00,
539177,AIIL        ,X ,Q,394.75,394.75,394.75,394.75,394.75,387.05,9,520,205270.00,
539195,POEL        ,XT,Q,40.20,40.20,37.30,40.20,40.20,38.30,52,13252,530541.00,
539196,AEL         ,X ,Q,14.13,14.13,13.50,13.51,13.51,14.00,9,605,8217.00,
539197,DEVHARI     ,X ,Q,0.85,0.85,0.78,0.79,0.79,0.81,195,226934,184274.00,
539201,SATIA       ,A ,Q,90.90,95.00,86.00,86.60,86.00,87.95,835,51378,4581779.00,
539216,GARMNTMNTR  ,B ,Q,90.00,91.90,86.05,90.00,90.00,90.00,31,17802,1588923.00,
539219,MUL         ,XT,Q,14.14,14.14,13.00,13.82,13.82,13.51,60,9214,126679.00,
539220,MISHKA      ,T ,Q,25.10,25.10,25.00,25.05,25.10,25.10,22,10201,255695.00,
539221,SPORTKING   ,XT,Q,799.90,824.95,792.00,820.05,820.00,799.00,32,1208,970222.00,
539222,VMV         ,M ,Q,17.50,17.85,17.00,17.05,17.05,17.45,8,27500,482875.00,
539223,AMBITION    ,B ,Q,5.00,5.00,5.00,5.00,5.00,5.00,1,1,5.00,
539225,JIYAECO     ,XT,Q,6.55,6.55,6.22,6.40,6.40,6.35,52,10556,66987.00,
539226,RUDRA       ,T ,Q,44.95,44.95,40.75,40.75,40.75,42.85,17,599,26400.00,
539227,LOYAL       ,B ,Q,29.65,29.70,28.60,29.70,29.70,28.30,21,2842,83917.00,
539228,GGPL        ,B ,Q,32.85,33.30,32.00,32.20,33.30,32.85,65,4963,161630.00,
539229,MRSS        ,MT,Q,7.70,8.00,7.27,7.37,7.28,7.65,22,16800,124908.00,
539235,GPL         ,X ,Q,289.00,289.90,289.00,289.00,289.00,290.00,3,155,44795.00,
539251,BALKRISHNA  ,T ,Q,18.40,20.25,18.40,18.50,18.50,19.35,8,2506,46625.00,
539252,SCFL        ,B ,Q,5.74,5.74,5.34,5.51,5.51,5.43,64,7450,40706.00,
539254,ADANITRANS  ,A ,Q,783.90,851.00,727.20,828.35,828.35,782.65,7736,163448,135520416.00,
539255,STARDELTA   ,X ,Q,81.00,81.00,81.00,81.00,81.00,85.00,2,19,1539.00,
539268,SYNGENE     ,A ,Q,552.65,555.70,550.10,551.10,551.10,552.65,1490,26646,14698723.00,
539275,MSL         ,T ,Q,71.15,71.50,68.05,70.90,70.90,71.15,6,522,37254.00,
539276,KAYA        ,B ,Q,311.40,352.15,310.85,337.20,337.20,308.75,3531,68523,23119251.00,
539278,SYMBIOX     ,X ,Q,0.99,0.99,0.98,0.98,0.98,0.95,6,650,637.00,
539289,MJCO        ,T ,Q,122.70,122.70,111.10,111.10,111.10,116.90,7842,590069,69332340.00,
539290,BINDALAGRO  ,B ,Q,20.20,20.35,18.80,19.15,19.15,20.00,260,25485,490204.00,
539291,OZONEWORLD  ,X ,Q,78.00,79.00,73.85,74.30,73.85,77.45,231,90548,6953829.00,
539300,AKSPINTEX   ,X ,Q,28.35,28.35,27.00,27.00,27.00,27.00,3,3,82.00,
539301,ARVSMART    ,B ,Q,102.80,110.00,102.80,105.95,105.95,100.20,1486,69790,7464523.00,
539302,POWERMECH   ,A ,Q,542.45,574.30,540.40,549.10,547.00,540.00,925,87561,48285199.00,
539309,RAMASTEEL   ,T ,Q,72.05,75.85,72.05,75.85,75.85,74.00,7,570,42219.00,
539310,THINKINK    ,X ,Q,28.55,30.55,28.25,29.50,29.00,29.45,152,420967,12260113.00,
539312,UTISENSETF  ,B ,Q,538.00,557.44,538.00,545.30,557.44,532.00,14,131,71350.00,
539313,UTINIFTETF  ,B ,Q,1595.00,1661.85,1595.00,1628.96,1617.00,1590.00,17,37,59900.00,
539314,UNIAUTO     ,M ,Q,34.75,34.75,34.75,34.75,34.75,33.15,1,2000,69500.00,
539331,VETO        ,B ,Q,149.45,149.50,143.00,143.45,143.50,146.00,428,13532,1963598.00,
539332,NAVKARCORP  ,B ,Q,42.00,44.55,41.50,42.00,42.00,41.10,931,161583,6970364.00,
539334,SHREEPUSHK  ,B ,Q,141.30,141.65,138.10,138.40,138.10,138.95,125,4214,588756.00,
539336,GUJGAS      ,A ,Q,536.50,556.00,534.85,549.80,549.80,532.25,6330,147621,80461270.00,
539346,SADBHIN     ,B ,Q,23.60,23.60,23.10,23.25,23.15,23.30,170,45372,1058580.00,
539351,PRABHAT     ,B ,Q,82.95,83.35,78.50,79.20,79.20,81.05,416,30862,2532760.00,
539353,SALAUTO     ,X ,Q,167.00,173.00,167.00,168.65,168.65,169.50,22,979,165710.00,
539354,POLYSPIN    ,X ,Q,50.35,53.00,50.30,51.20,51.45,51.50,23,1650,84567.00,
539359,PRITIKAUTO  ,X ,Q,93.60,93.75,92.00,92.85,93.00,93.30,59,4550,422302.00,
539363,SKC         ,T ,Q,5.88,5.88,5.88,5.88,5.88,5.60,17,4315,25372.00,
539383,MINFY       ,Z ,Q,2.28,2.28,2.28,2.28,2.28,2.24,2,700,1596.00,
539384,KRISHNACAP  ,XT,Q,3.94,3.94,3.94,3.94,3.94,3.94,2,7,27.00,
539391,ACME        ,X ,Q,18.40,18.40,18.40,18.40,18.40,18.05,6,55,1012.00,
539398,VISHALBL    ,M ,Q,25.00,25.00,25.00,25.00,25.00,25.55,1,3375,84375.00,
539399,BELLACASA   ,B ,Q,149.90,149.90,136.20,142.25,141.40,142.80,140,20533,2975228.00,
539400,MALLCOM     ,X ,Q,331.10,374.00,331.10,369.35,369.35,321.20,702,21567,7573526.00,
539402,VAL         ,M ,Q,25.30,25.30,25.30,25.30,25.30,25.35,1,6400,161920.00,
539404,SATIN       ,A ,Q,104.90,108.80,101.30,106.30,106.85,102.85,607,52422,5548580.00,
539407,GENCON      ,B ,Q,60.95,61.00,56.50,56.80,56.50,57.60,199,8670,506568.00,
539408,KUBERJI     ,X ,Q,0.63,0.63,0.63,0.63,0.63,0.63,1,200,126.00,
539410,MUZALI      ,XT,Q,5.37,5.37,5.15,5.37,5.37,5.12,19,16436,87109.00,
539428,TEJNAKSH    ,B ,Q,69.80,69.80,60.25,65.90,65.55,64.60,75,15362,1022064.00,
539437,IDFCFIRSTB  ,A ,Q,64.90,68.15,64.50,67.10,67.10,64.50,24878,6870578,458138422.00,
539447,BEARDSELL   ,B ,Q,9.97,10.71,9.60,10.56,10.70,10.00,39,2292,22248.00,
539448,INDIGO      ,A ,Q,1700.00,1822.00,1700.00,1781.90,1781.90,1691.90,11028,163046,287088537.00,
539450,SHK         ,A ,Q,120.60,120.75,118.00,118.95,118.80,119.75,251,20988,2507713.00,
539469,PANORAMA    ,XT,Q,41.40,43.45,39.50,43.20,43.35,41.40,27,602,25482.00,
539470,SHREEGANES  ,X ,Q,140.00,140.00,119.00,121.60,119.00,128.15,169,20739,2560999.00,
539479,GTV         ,X ,Q,25.65,27.00,25.65,27.00,27.00,27.00,2,305,7830.00,
539480,LICNETFN50  ,B ,Q,161.00,162.99,158.05,159.50,159.50,157.33,21,123,19885.00,
539487,LICNETFSEN  ,B ,Q,549.00,549.00,533.00,536.93,536.93,532.10,11,16,8631.00,
539506,ADCON       ,XT,Q,6.46,6.46,6.46,6.46,6.46,6.46,4,96,620.00,
539515,QUINT       ,XT,Q,297.95,299.00,288.65,294.30,298.50,294.50,101,11332,3330054.00,
539516,HDFCNIFETF  ,B ,Q,158.40,162.00,158.08,160.98,162.00,158.22,397,11982,1906135.00,
539517,SXETF       ,B ,Q,540.00,545.00,535.00,545.00,545.00,534.19,13,112,60508.00,
539518,UDAYJEW     ,X ,Q,107.60,110.35,107.00,109.45,109.90,107.35,34,1105,119165.00,
539519,MAYUKH      ,X ,Q,20.60,20.60,20.10,20.10,20.10,20.60,20,39434,799180.00,
539521,NAVIGANT    ,M ,Q,11.25,11.25,11.25,11.25,11.25,11.20,4,40000,450000.00,
539523,ALKEM       ,A ,Q,2917.00,2937.05,2835.00,2840.90,2847.30,2910.15,912,6007,17187994.00,
539524,LALPATHLAB  ,A ,Q,2349.75,2372.30,2318.65,2325.50,2327.00,2332.10,561,2926,6858101.00,
539525,NAVKETAN    ,XT,Q,0.38,0.41,0.38,0.38,0.38,0.40,41,31820,12172.00,
539526,SCTL        ,B ,Q,0.72,0.72,0.70,0.70,0.71,0.72,384,1143863,811221.00,
539527,CREATIVE    ,X ,Q,325.95,344.95,325.95,344.95,344.95,329.45,3,28,9639.00,
539528,AAYUSH      ,X ,Q,32.00,32.00,30.65,31.80,31.80,31.55,36,1464,46013.00,
539542,LUXIND      ,A ,Q,1766.45,1791.65,1748.25,1759.15,1758.00,1764.00,751,4237,7483472.00,
539544,ABHIINFRA   ,X ,Q,2.75,2.75,2.75,2.75,2.75,2.62,5,1783,4903.00,
539546,BNL         ,X ,Q,6.44,6.44,6.44,6.44,6.44,6.15,2,50,322.00,
539551,NH          ,A ,Q,436.00,436.00,424.05,427.05,428.90,430.20,593,5928,2544036.00,
539562,AARNAV      ,XT,Q,94.00,94.00,91.10,91.60,92.00,91.25,45,3708,341912.00,
539570,ACEWIN      ,M ,Q,14.10,14.10,14.10,14.10,14.10,14.10,1,9600,135360.00,
539594,MISHTANN    ,X ,Q,6.10,6.10,4.80,5.79,5.79,5.96,230,91940,521177.00,
539596,DELTA       ,X ,Q,5.13,5.13,5.13,5.13,5.13,5.03,5,612,3139.00,
539597,JSLHISAR    ,A ,Q,124.10,137.60,123.45,131.95,131.95,122.35,1686,126645,16898211.00,
539620,AINFRA      ,X ,Q,27.55,27.55,24.30,26.00,26.00,27.00,29,2921,73224.00,
539621,BCLENTERPR  ,XT,Q,11.30,11.30,10.93,11.11,11.30,11.50,53,9952,110558.00,
539636,PRECAM      ,B ,Q,44.00,45.60,43.85,44.75,44.75,43.35,262,34940,1564370.00,
539658,TEAMLEASE   ,A ,Q,3562.45,3619.00,3454.55,3480.55,3480.55,3590.25,626,2196,7745809.00,
539660,BESTAGRO    ,B ,Q,415.00,419.00,410.00,415.00,415.00,419.70,48,840,349475.00,
539661,ACEMEN      ,XT,Q,32.75,32.75,31.50,31.60,31.50,32.65,6,590,18983.00,
539669,RGF         ,X ,Q,1.35,1.35,1.17,1.17,1.17,1.23,15,1425,1831.00,
539673,RCL         ,XT,Q,8.40,8.40,7.98,8.40,8.40,8.40,13,5899,47322.00,
539678,QUICKHEAL   ,A ,Q,157.00,158.90,155.45,156.40,156.40,156.85,419,15714,2476873.00,
539679,KAPILRAJ    ,X ,Q,10.00,10.00,9.90,9.90,9.90,9.98,10,27390,273870.00,
539682,SESL        ,M ,Q,11.64,11.64,11.64,11.64,11.64,14.55,1,10000,116400.00,
539686,KPEL        ,B ,Q,58.00,62.00,56.50,59.65,60.50,58.50,92,12436,745727.00,
539692,IFINSER     ,X ,Q,5.57,5.57,5.57,5.57,5.57,5.47,16,5476,30501.00,
539697,HILIKS      ,XT,Q,8.53,8.53,7.85,7.85,7.85,8.13,4,328,2581.00,
539725,GOKULAGRO   ,B ,Q,22.45,23.70,21.75,23.50,23.25,22.20,288,37773,872171.00,
539730,FREDUN      ,XT,Q,595.00,595.00,555.05,575.70,575.90,584.00,92,2818,1594008.00,
539742,SIMBHALS    ,B ,Q,7.14,7.19,7.14,7.19,7.19,6.85,4,179,1282.00,
539767,MNIL        ,X ,Q,9.07,9.07,8.73,8.85,8.73,8.90,90,19396,170706.00,
539770,DARJEELING  ,XT,Q,4.49,4.49,4.09,4.15,4.15,4.30,23,8723,35776.00,
539773,ADVIKCA     ,XT,Q,1.42,1.42,1.42,1.42,1.42,1.44,6,361,512.00,
539784,LICNFNHGP   ,B ,Q,154.00,155.00,150.50,151.01,151.01,150.51,13,83,12742.00,
539785,PDMJEPAPER  ,B ,Q,27.70,28.10,26.45,26.85,26.90,27.15,399,119868,3250011.00,
539787,HCG         ,A ,Q,169.45,169.55,166.30,169.10,169.10,169.40,31,1377,232352.00,
539798,UMIYA       ,X ,Q,7.70,7.70,6.75,7.65,7.65,7.70,5,3220,24294.00,
539799,BHARATWIRE  ,T ,Q,44.55,44.55,42.55,43.45,43.45,42.55,27,4355,189415.00,
539800,CHDCHEM     ,B ,Q,23.85,23.85,23.85,23.85,23.85,24.30,59,5035,120084.00,
539807,INFIBEAM    ,A ,Q,102.50,103.00,97.35,98.45,99.25,99.80,3084,930426,92748760.00,
539814,RADHEY      ,X ,Q,36.00,36.00,31.85,34.70,34.00,33.90,51,19315,660011.00,
539835,SUPERIOR    ,X ,Q,118.60,124.20,118.55,122.40,122.55,118.55,249,20700,2496986.00,
539837,RPEL        ,T ,Q,241.50,255.00,241.50,248.00,248.00,246.25,9,801,198646.00,
539841,LANCER      ,B ,Q,84.80,84.80,74.00,80.90,81.00,77.85,251,36383,2929289.00,
539844,EQUITAS     ,A ,Q,91.00,92.25,90.60,91.25,91.25,90.55,1441,158479,14497072.00,
539854,HALDER      ,X ,Q,111.50,111.55,111.50,111.55,111.55,109.40,14,663,73945.00,
539861,SKIL        ,T ,Q,3.28,3.28,3.14,3.20,3.20,3.30,30,13270,41820.00,
539871,THYROCARE   ,A ,Q,925.00,925.00,908.60,914.35,911.00,910.50,150,2086,1904907.00,
539872,BAJAJHCARE  ,B ,Q,494.90,502.40,488.50,494.75,498.00,488.35,607,20237,10082098.00,
539874,UJJIVAN     ,A ,Q,246.00,250.05,245.65,246.90,246.25,244.30,1168,69736,17314428.00,
539875,RSDFIN      ,X ,Q,42.40,42.40,42.20,42.20,42.20,44.40,3,35,1480.00,
539876,CROMPTON    ,A ,Q,395.00,398.75,386.50,391.95,391.95,387.65,1928,64826,25493196.00,
539883,PILANIINVS  ,A ,Q,1916.00,1938.00,1905.00,1926.75,1931.95,1913.10,158,518,993327.00,
539884,DARSHANORNA ,B ,Q,14.69,14.69,12.71,13.90,13.90,14.11,10,705,9644.00,
539889,PARAGMILK   ,A ,Q,108.00,111.15,108.00,109.75,109.75,109.95,681,35218,3874104.00,
539894,MADHAVIPL   ,X ,Q,5.50,5.54,5.15,5.35,5.42,5.28,69,18722,99476.00,
539910,KOCL        ,X ,Q,0.60,0.60,0.60,0.60,0.60,0.58,1,1000,600.00,
539911,SNIM        ,X ,Q,28.85,28.90,28.85,28.90,28.90,28.35,59,91,2629.00,
539917,NAGARFERT   ,B ,Q,6.36,6.36,6.36,6.36,6.36,6.06,162,269168,1711908.00,
539938,MIL         ,XT,Q,34.00,34.00,33.50,33.50,33.50,34.00,4,28,940.00,
539939,YASHCHEM    ,B ,Q,40.55,41.45,40.55,41.00,41.00,40.05,9,891,36577.00,
539940,MAXVIL      ,B ,Q,62.55,62.55,60.10,61.40,61.40,62.55,79,8504,527039.00,
539945,ICICINV20   ,B ,Q,75.35,78.00,75.35,77.50,78.00,76.29,27,210,16237.00,
539947,JLL         ,XT,Q,19.60,19.60,18.95,18.95,18.95,19.30,3,15,286.00,
539956,TAALENT     ,X ,Q,369.20,384.90,369.20,380.00,380.00,379.55,48,726,275145.00,
539957,MGL         ,A ,Q,1180.15,1214.35,1177.50,1181.95,1180.50,1184.75,2221,40010,47752081.00,
539963,ZEAL        ,B ,Q,71.50,71.80,66.15,67.70,67.70,66.70,73,2582,175213.00,
539978,QUESS       ,A ,Q,743.60,755.00,716.00,736.05,736.05,738.50,2290,164115,120719023.00,
539980,ICICIMCAP   ,B ,Q,88.00,89.56,87.15,89.51,89.55,88.45,45,5842,514217.00,
539982,ASYL        ,T ,Q,13.75,13.75,13.00,13.75,13.75,13.10,17,12605,164678.00,
539984,HUIL        ,XT,Q,2749.95,2749.95,2650.00,2700.05,2700.05,2643.30,40,4634,12402922.00,
539986,COMSYN      ,T ,Q,100.00,102.00,96.65,99.00,99.00,99.80,28,3955,386180.00,
539992,LLOYDSTEEL  ,B ,Q,1.15,1.24,1.15,1.24,1.24,1.13,573,1905261,2343101.00,
539997,KPL         ,M ,Q,60.00,60.00,60.00,60.00,60.00,58.50,2,6000,360000.00,
540005,LTI         ,A ,Q,3856.00,3966.45,3855.00,3912.30,3912.30,3833.65,4668,23482,91865519.00,
540006,EASTWEST    ,XT,Q,71.40,72.45,70.00,71.90,71.90,71.30,142,4706,335433.00,
540008,BSLSENETFG  ,B ,Q,514.80,517.00,507.69,514.77,517.00,514.85,7,26,13376.00,
540023,COLORCHIPS  ,X ,Q,12.10,12.10,12.10,12.10,12.10,11.00,4,213,2577.00,
540025,ADVENZYMES  ,A ,Q,364.00,368.65,355.00,361.35,361.00,353.90,954,34039,12308714.00,
540026,LAHL        ,XT,Q,3.30,3.30,3.15,3.25,3.15,3.30,6,2300,7515.00,
540027,PTIL        ,B ,Q,344.95,349.95,335.00,348.20,335.00,342.90,21,15508,5378117.00,
540047,DBL         ,A ,Q,670.00,688.35,648.45,655.40,655.40,673.20,2053,35460,23562519.00,
540048,SPAL        ,B ,Q,179.00,182.70,176.00,176.10,176.10,178.65,155,2192,391822.00,
540061,BIGBLOC     ,B ,Q,147.05,156.50,147.05,155.60,155.90,147.00,478,13664,2112539.00,
540064,FRETAIL     ,A ,Q,69.15,69.50,68.60,69.00,69.00,69.15,8486,620115,42766078.00,
540065,RBLBANK     ,A ,Q,239.75,250.70,238.10,248.85,248.85,236.30,6411,1387777,339505338.00,
540073,BLS         ,B ,Q,103.80,106.20,102.75,103.15,102.75,103.15,1645,53462,5542297.00,
540078,MITSU       ,T ,Q,113.00,113.00,110.70,112.00,112.00,110.35,9,267,30027.00,
540080,NARAYANI    ,B ,Q,19.90,19.90,19.90,19.90,19.90,20.90,10,3896,77530.00,
540081,GOVNOW      ,B ,Q,1.23,1.23,1.23,1.23,1.23,1.28,3,690,848.00,
540083,TVVISION    ,B ,Q,1.76,1.76,1.76,1.76,1.76,1.68,2,2,3.00,
540108,TIAANC      ,X ,Q,42.60,43.40,42.20,42.30,42.20,43.05,52,17755,762436.00,
540115,LTTS        ,A ,Q,2749.95,2805.00,2681.95,2707.60,2707.60,2735.05,2958,22718,62656651.00,
540124,GNA         ,B ,Q,391.00,399.60,391.00,392.55,393.25,389.85,134,1852,729921.00,
540125,RADHIKAJWE  ,M ,Q,17.30,17.30,17.30,17.30,17.30,18.50,1,1600,27680.00,
540132,SIIL        ,X ,Q,4.50,4.50,4.09,4.50,4.50,4.30,3,1018,4171.00,
540133,ICICIPRULI  ,A ,Q,477.20,491.95,477.15,490.15,490.15,478.05,3772,141000,68420454.00,
540134,IISL        ,X ,Q,5.35,5.35,4.93,5.00,4.99,5.18,36,36720,189834.00,
540135,ARCFIN      ,X ,Q,3.89,3.89,3.75,3.75,3.75,3.82,25,1768,6777.00,
540136,HPL         ,B ,Q,46.00,46.60,44.40,44.65,44.45,45.20,940,75744,3453895.00,
540143,SAGARSOFT   ,X ,Q,80.20,81.00,77.30,79.20,79.90,80.80,79,5223,416164.00,
540144,DRA         ,M ,Q,9.99,10.00,9.99,10.00,10.00,10.00,4,17500,174925.00,
540145,VALIANTORG  ,B ,Q,1244.30,1309.00,1230.00,1249.60,1249.60,1235.00,1473,12350,15632783.00,
540146,ACML        ,M ,Q,22.95,22.95,19.85,20.40,19.85,21.90,50,60000,1270400.00,
540147,SHASHIJIT   ,T ,Q,25.45,27.50,25.45,27.50,27.50,26.35,7,1560,39900.00,
540153,ENDURANCE   ,A ,Q,1429.00,1429.00,1378.70,1393.30,1385.00,1407.60,892,8090,11295635.00,
540154,IDFSENSEXE  ,B ,Q,539.00,544.00,525.00,532.45,532.45,520.00,9,42,22443.00,
540159,PURPLE      ,XT,Q,44.10,45.00,41.90,44.90,44.90,44.10,5,78,3472.00,
540173,PNBHOUSING  ,A ,Q,436.10,446.60,429.50,432.75,433.00,439.05,1404,39320,17292040.00,
540174,SOUTHERNIN  ,XT,Q,22.30,22.30,22.30,22.30,22.30,23.45,7,317,7069.00,
540175,REGENCY     ,X ,Q,13.37,13.37,12.31,12.66,12.80,12.92,38,4150,52943.00,
540180,VBL         ,A ,Q,1060.00,1065.30,1031.60,1049.80,1050.25,1054.95,911,10313,10857607.00,
540181,SALEM       ,XT,Q,2.38,2.38,2.38,2.38,2.38,2.27,1,6,14.00,
540192,LKPSEC      ,X ,Q,6.49,6.49,6.01,6.19,6.19,6.31,105,63969,399571.00,
540198,OSIAJEE     ,X ,Q,24.90,24.95,20.05,23.50,23.50,24.30,372,42700,987930.00,
540203,SFL         ,A ,Q,2046.00,2050.25,2013.95,2034.80,2038.00,2007.05,224,454,920180.00,
540204,NIDL        ,XT,Q,45.40,45.40,45.40,45.40,45.40,43.25,4,434,19703.00,
540205,AVL         ,B ,Q,153.45,153.45,153.45,153.45,153.45,150.45,4,305,46802.00,
540210,TMRVL       ,B ,Q,11.80,12.30,11.80,12.21,12.30,11.80,194,21326,260886.00,
540212,TCIEXP      ,A ,Q,918.00,954.10,900.05,909.95,909.20,914.35,428,2429,2230369.00,
540222,LAURUSLABS  ,A ,Q,363.20,370.10,363.20,364.60,364.60,362.05,5252,190859,69919429.00,
540243,NEWLIGHT    ,XT,Q,23.95,23.95,22.80,22.80,22.80,24.00,2,6,137.00,
540253,SNTCL       ,XT,Q,1.45,1.49,1.45,1.45,1.45,1.47,9,1601,2321.00,
540254,MTPL        ,X ,Q,3.92,3.92,3.56,3.57,3.57,3.74,14,13198,50599.00,
540259,SHANGAR     ,X ,Q,18.80,19.55,17.20,17.50,17.50,17.80,5668,1592458,29362907.00,
540268,DHANVARSHA  ,X ,Q,489.00,489.50,480.00,482.95,484.00,486.20,91,16355,7930787.00,
540269,SKL         ,M ,Q,6.46,7.10,6.46,7.10,7.10,6.80,2,20000,135600.00,
540293,PRICOLLTD   ,A ,Q,69.65,72.45,67.80,68.45,68.45,70.80,1955,263004,18750986.00,
540311,JITFINFRA   ,T ,Q,9.89,9.89,8.98,9.00,9.00,9.45,23,3566,32361.00,
540359,PARMAX      ,X ,Q,36.20,36.20,31.00,31.00,31.00,32.95,21,2160,74195.00,
540360,LLFICL      ,X ,Q,71.50,74.50,65.00,72.70,70.55,71.60,174,34063,2423373.00,
540361,DANUBE      ,XT,Q,16.25,17.90,16.25,16.30,17.85,17.05,42,16119,270389.00,
540366,RADIOCITY   ,B ,Q,24.55,25.20,23.95,24.50,24.55,24.80,184,71960,1767477.00,
540376,DMART       ,A ,Q,3080.00,3177.40,3080.00,3168.90,3168.90,3077.40,6050,50644,159226127.00,
540385,KDLL        ,XT,Q,15.00,15.30,15.00,15.20,15.30,15.00,41,12104,183471.00,
540386,ONTIC       ,XT,Q,3.99,3.99,3.99,3.99,3.99,4.03,1,100,399.00,
540393,SMLT        ,M ,Q,30.00,30.00,30.00,30.00,30.00,30.00,1,2000,60000.00,
540395,CHEMCRUX    ,M ,Q,202.90,202.90,202.90,202.90,202.90,197.80,1,500,101450.00,
540396,MANOMAY     ,M ,Q,28.00,30.00,28.00,29.00,29.00,30.10,3,12000,348000.00,
540401,MAXIMUS     ,B ,Q,121.50,129.95,121.10,124.50,124.50,126.05,22,20015,2518796.00,
540403,CLEDUCATE   ,B ,Q,69.80,71.00,68.35,68.90,68.80,69.00,50,601,41764.00,
540404,PRIMEFRESH  ,M ,Q,124.00,124.00,124.00,124.00,124.00,115.00,3,12000,1488000.00,
540416,OCTAWARE    ,M ,Q,94.90,94.90,94.90,94.90,94.90,93.00,6,35200,3340480.00,
540425,SHANKARA    ,A ,Q,453.40,480.00,453.05,466.00,471.80,452.75,2002,34131,16113207.00,
540481,CLFL        ,X ,Q,11.83,11.83,11.83,11.83,11.83,11.60,2,111,1313.00,
540497,SCHAND      ,B ,Q,98.20,98.20,92.50,94.60,94.20,96.00,361,26189,2480745.00,
540519,MEERA       ,M ,Q,68.50,68.50,68.35,68.35,68.35,65.30,8,9600,657060.00,
540526,IRBINVIT    ,IF,Q,53.10,55.14,53.10,54.99,54.99,54.95,20,65000,3567100.00,
540530,HUDCO       ,A ,Q,53.40,53.40,51.20,51.60,51.50,52.65,1404,335545,17429484.00,
540544,PSPPROJECT  ,A ,Q,476.75,494.70,467.45,480.40,478.40,477.15,566,46087,22187920.00,
540545,BGJL        ,B ,Q,80.40,80.40,80.40,80.40,80.40,84.60,42,4183,336313.00,
540552,AXISAEGPG   ,B ,Q,13.70,14.20,13.70,14.00,14.00,13.70,6,1041,14776.00,
540565,INDIGRID    ,IF,Q,128.75,130.00,128.16,130.00,130.00,129.60,21,39123,5059437.00,
540570,VARIMAN     ,X ,Q,15.35,16.45,14.81,15.40,15.40,15.87,45,29727,452818.00,
540575,STARCEMENT  ,A ,Q,98.15,101.85,97.00,99.20,99.20,98.10,646,33812,3384887.00,
540593,HEOFRG1126  ,B ,Q,9.63,9.63,9.63,9.63,9.63,8.76,1,1,9.00,
540595,TEJASNET    ,A ,Q,188.00,196.40,188.00,196.40,196.40,187.05,569,65708,12866631.00,
540596,ERIS        ,A ,Q,590.60,592.60,587.05,589.35,589.00,590.25,258,3806,2246221.00,
540602,GTPL        ,B ,Q,125.40,127.50,125.00,125.25,125.10,125.35,272,9421,1185142.00,
540611,AUBANK      ,A ,Q,1165.00,1223.90,1137.60,1199.35,1199.35,1150.05,1984,29860,34944243.00,
540612,ICICILOVOL  ,B ,Q,118.50,121.00,118.50,120.79,121.00,118.20,42,1336935,159336796.00,
540614,GGENG       ,B ,Q,115.00,120.00,114.50,119.50,119.50,114.35,405,85224,9975183.00,
540615,7NR         ,B ,Q,6.81,7.19,6.61,7.00,7.09,6.85,133,221264,1541915.00,
540621,BHAGYAPROP  ,B ,Q,26.20,29.60,26.20,28.55,28.50,28.65,22,6276,175797.00,
540642,SALASAR     ,B ,Q,377.80,379.75,369.00,372.55,372.00,372.90,495,6220,2337199.00,
540647,GANGESSEC   ,B ,Q,64.50,64.50,62.40,63.05,63.00,63.70,136,4127,261739.00,
540648,PALASHSEC   ,B ,Q,44.95,44.95,44.95,44.95,44.95,43.30,3,69,3101.00,
540649,AVADHSUGAR  ,B ,Q,200.00,211.35,198.05,208.45,207.00,199.75,856,27055,5581446.00,
540650,MAGADHSUGAR ,B ,Q,118.00,121.40,108.00,120.15,120.15,113.90,886,22472,2633916.00,
540653,SINTEXPLAST ,B ,Q,3.50,3.50,3.32,3.34,3.34,3.42,435,478878,1621029.00,
540654,GSTL        ,B ,Q,67.95,68.75,60.10,67.00,67.00,66.00,101,12975,870743.00,
540669,UTINEXT50   ,B ,Q,390.00,390.00,358.75,366.03,365.00,365.80,57,529,192581.00,
540673,SIS         ,A ,Q,434.00,435.00,423.80,430.30,429.75,430.50,202,4055,1738499.00,
540678,COCHINSHIP  ,A ,Q,413.90,415.55,400.00,402.45,402.45,409.10,1024,36057,14662950.00,
540679,SMSLIFE     ,B ,Q,539.40,605.00,537.30,571.50,555.50,532.25,140,4222,2298960.00,
540680,KIOCL       ,B ,Q,187.00,190.05,174.80,175.60,174.80,183.95,1268,71709,12700860.00,
540686,SMRUTHIORG  ,X ,Q,666.80,666.80,653.75,662.40,662.40,653.75,35,2576,1708656.00,
540691,ABCAPITAL   ,A ,Q,127.80,131.15,125.45,129.60,129.60,126.60,8319,292901,37836107.00,
540692,APEX        ,A ,Q,249.00,255.50,247.15,250.55,249.85,246.30,306,7677,1943433.00,
540697,AMFL        ,XT,Q,1.92,1.92,1.75,1.84,1.81,1.83,113,47128,86713.00,
540699,DIXON       ,A ,Q,19150.00,19425.00,18567.00,19239.95,19239.95,18867.95,2996,7148,136624297.00,
540700,BRNL        ,B ,Q,33.85,36.00,32.50,34.10,34.20,32.95,441,27290,939053.00,
540701,DCAL        ,A ,Q,119.80,120.00,118.35,118.85,118.70,118.60,1193,55513,6602761.00,
540702,LASA        ,B ,Q,75.10,77.00,73.65,74.60,73.75,73.75,1013,129786,9773934.00,
540703,PROVESTSER  ,X ,Q,6.90,6.90,6.90,6.90,6.90,7.26,10,2796,19292.00,
540704,MATRIMONY   ,B ,Q,1114.40,1126.70,1086.45,1090.20,1091.80,1109.75,861,4772,5243290.00,
540709,RELHOME     ,B ,Q,2.55,2.55,2.40,2.41,2.41,2.46,852,977313,2378113.00,
540710,CAPACITE    ,B ,Q,204.55,206.50,203.05,204.10,204.10,202.15,137,4012,821604.00,
540715,SAGAR       ,M ,Q,11.00,11.00,9.80,10.20,10.20,10.20,4,12000,122400.00,
540716,ICICIGI     ,A ,Q,1446.55,1508.00,1432.00,1497.85,1497.85,1432.65,3680,28759,42312389.00,
540719,SBILIFE     ,A ,Q,884.20,909.40,884.20,906.10,906.10,878.30,2649,241686,218325391.00,
540724,DIAMONDYD   ,A ,Q,677.00,688.75,666.65,672.50,666.65,677.00,95,692,472972.00,
540725,SISL        ,B ,Q,234.05,261.20,234.05,254.35,255.00,232.55,221,2904,730520.00,
540726,TTFL        ,B ,Q,24.75,28.20,24.75,28.00,28.20,25.65,27,9021,243833.00,
540728,SAYAJIIND   ,X ,Q,152.50,152.50,141.30,141.30,141.30,147.00,3,106,16097.00,
540729,VANTABIO    ,M ,Q,141.00,150.00,141.00,149.00,150.00,147.50,7,5250,762750.00,
540730,MEHAI       ,T ,Q,79.45,79.45,79.45,79.45,79.45,77.90,43,14483,1150674.00,
540735,IRIS        ,M ,Q,37.00,37.95,37.00,37.95,37.95,37.75,2,8000,299800.00,
540737,SGRL        ,B ,Q,234.05,249.95,234.05,238.20,238.20,238.25,297,11486,2762538.00,
540743,GODREJAGRO  ,A ,Q,492.10,498.10,490.50,492.20,492.00,492.80,1409,15589,7688476.00,
540744,MESCON      ,Z ,Q,8.00,8.04,7.74,7.83,8.04,7.89,69,10397,81610.00,
540749,MASFIN      ,A ,Q,918.95,944.00,895.10,923.25,924.20,919.15,855,5821,5343887.00,
540750,IEX         ,A ,Q,302.55,306.10,296.05,298.05,298.05,302.55,1675,149378,45185247.00,
540755,GICRE       ,A ,Q,203.00,205.85,196.95,197.95,197.95,202.00,2011,82578,16701640.00,
540757,SCPL        ,M ,Q,154.00,154.00,154.00,154.00,154.00,153.05,8,8000,1232000.00,
540762,TIINDIA     ,A ,Q,1071.00,1153.00,1070.10,1129.90,1125.00,1089.85,702,6744,7520411.00,
540767,NAM-INDIA   ,A ,Q,353.80,374.50,346.25,361.10,361.10,346.30,8812,344465,126131437.00,
540768,MAHLOG      ,A ,Q,487.90,490.00,476.50,480.55,479.20,477.95,294,5496,2650022.00,
540769,NIACL       ,A ,Q,156.55,157.75,153.20,154.00,154.00,154.45,2112,94823,14742834.00,
540774,IFGLEXPOR   ,B ,Q,260.00,262.75,255.05,257.85,255.05,255.35,166,5452,1421300.00,
540775,KHADIM      ,B ,Q,184.60,185.70,174.25,176.35,179.50,179.95,687,26566,4756512.00,
540776,5PAISA      ,B ,Q,265.75,270.65,265.75,268.50,269.25,266.80,6258,111478,29895331.00,
540777,HDFCLIFE    ,A ,Q,721.00,731.15,721.00,727.15,727.15,720.45,1948,64761,47014446.00,
540786,SHARIKA     ,M ,Q,39.00,39.00,39.00,39.00,39.00,38.75,1,3000,117000.00,
540787,ICICIB22    ,B ,Q,38.09,38.75,38.09,38.56,38.56,38.09,863,171970,6623650.00,
540795,DYNAMIC     ,B ,Q,25.60,26.20,25.15,25.70,25.65,25.70,28,4032,103832.00,
540796,RATNABHUMI  ,M ,Q,51.00,51.00,51.00,51.00,51.00,56.50,1,2000,102000.00,
540797,SHALBY      ,B ,Q,106.50,109.60,106.50,108.10,108.70,107.90,252,14177,1539407.00,
540798,FSC         ,A ,Q,93.90,93.90,90.70,91.45,91.45,91.80,202,8766,801104.00,
540809,MRCEXIM     ,M ,Q,5.68,5.68,5.68,5.68,5.68,5.40,1,8000,45440.00,
540821,SADHNA      ,X ,Q,10.22,10.22,10.22,10.22,10.22,10.75,1,2,20.00,
540823,VITESSE     ,XT,Q,43.25,43.25,43.25,43.25,43.25,45.50,10,2192,94804.00,
540824,ASTRON      ,B ,Q,48.70,48.70,44.75,45.05,44.75,44.90,116,6344,289472.00,
540826,NCBFIVCG    ,B ,Q,9.12,9.12,9.12,9.12,9.12,9.02,1,5000,45600.00,
540829,CHANDRIMA   ,XT,Q,4.04,4.20,4.04,4.17,4.18,4.12,58,7866,32070.00,
540843,RITHWIKFMS  ,M ,Q,43.50,43.50,43.50,43.50,43.50,43.00,1,3000,130500.00,
540850,JFL         ,M ,Q,10.54,10.54,9.54,10.54,10.54,10.04,13,42000,440440.00,
540861,IPRU3018    ,B ,Q,12.14,12.30,12.05,12.30,12.30,12.14,7,22473,274375.00,
540862,IPRU3019    ,B ,Q,12.14,12.15,12.14,12.15,12.15,12.14,7,20500,249070.00,
540879,APOLLO      ,B ,Q,114.40,118.40,114.30,115.10,114.35,113.80,453,23440,2714820.00,
540900,NEWGEN      ,A ,Q,298.90,302.90,293.75,297.05,297.60,298.95,435,11181,3325472.00,
540901,PRAXIS      ,T ,Q,52.55,52.55,50.00,50.50,50.50,51.00,11,850,42962.00,
540902,AMBER       ,A ,Q,3229.00,3390.00,3190.15,3311.70,3300.05,3203.65,1702,10590,35002351.00,
540904,TIRUFOAM    ,X ,Q,67.25,67.25,67.25,67.25,67.25,67.25,1,50,3362.00,
540923,AML         ,M ,Q,4.72,4.72,4.72,4.72,4.72,4.81,3,36000,169920.00,
540935,GALAXYSURF  ,A ,Q,2285.00,2348.80,2285.00,2331.65,2333.00,2330.50,572,3554,8290379.00,
540936,GGL         ,T ,Q,58.80,58.80,58.80,58.80,58.80,61.85,31,2384,140179.00,
540954,IWP         ,XT,Q,46.45,46.45,42.75,45.05,45.00,44.85,97,9548,432298.00,
540955,TDSL        ,B ,Q,24.55,26.25,24.55,25.60,25.40,25.30,28,3038,77895.00,
540956,BHATIA      ,B ,Q,75.00,76.55,69.35,75.10,75.10,72.95,46,5742,430719.00,
540961,SHIVAMILLS  ,T ,Q,45.00,46.40,44.00,46.40,46.40,44.20,20,3330,153101.00,
540975,ASTERDM     ,A ,Q,145.00,145.60,142.80,144.05,143.80,144.05,246,12961,1867738.00,
540980,YSL         ,XT,Q,18225.20,18225.20,17200.00,17200.00,17200.00,17357.35,29,43,780129.00,
541005,KANCOTEA    ,X ,Q,44.60,48.55,44.60,46.15,48.50,46.30,15,308,14023.00,
541006,ANGEL       ,M ,Q,11.25,11.64,11.25,11.64,11.64,10.62,2,8000,91560.00,
541019,HGINFRA     ,A ,Q,291.85,295.20,284.40,288.90,288.00,285.90,455,12994,3785154.00,
541071,AXISCBGPG   ,B ,Q,13.50,13.50,11.70,11.75,11.75,13.00,6,56,752.00,
541083,INFLAME     ,M ,Q,177.05,177.05,177.05,177.05,177.05,168.65,1,1000,177050.00,
541092,ABSLRIF6RG  ,B ,Q,8.75,8.75,8.25,8.44,8.41,8.77,6,22943,191727.00,
541096,BPLPHARMA   ,XT,Q,351.80,353.80,344.05,351.75,351.95,348.00,32,4647,1631374.00,
541097,LIQUIDETF   ,F ,Q,999.99,1000.00,999.99,1000.00,1000.00,999.99,21,2188,2187999.00,
541143,BDL         ,A ,Q,385.00,391.00,375.30,379.20,379.00,383.55,769,27162,10362885.00,
541153,BANDHANBNK  ,A ,Q,350.30,357.85,347.55,354.70,354.70,344.35,6702,424267,150141990.00,
541154,HAL         ,A ,Q,1117.80,1123.00,1106.00,1112.80,1112.80,1106.55,1292,14996,16698481.00,
541161,KARDA       ,B ,Q,124.00,127.45,115.40,125.60,117.30,121.40,207,17303,2090382.00,
541163,SANDHAR     ,B ,Q,233.35,235.00,225.00,225.70,225.50,231.55,1046,17933,4102748.00,
541167,YASHO       ,B ,Q,227.10,236.00,227.10,235.00,235.95,235.15,56,5880,1375348.00,
541179,ISEC        ,A ,Q,407.95,411.50,404.55,408.25,408.25,406.45,6061,135857,55328322.00,
541195,MIDHANI     ,A ,Q,201.00,205.40,196.80,197.70,197.70,201.45,2790,169692,34121886.00,
541206,OBCL        ,M ,Q,26.75,27.00,26.75,27.00,27.00,25.75,4,22000,593000.00,
541233,LEMONTREE   ,A ,Q,40.55,41.40,40.55,41.10,41.00,40.55,1082,209292,8554233.00,
541257,IPRU3082    ,F ,Q,12.50,12.50,12.50,12.50,12.50,12.10,1,1700,21250.00,
541269,CHEMFABALKA ,B ,Q,133.40,135.50,129.60,129.90,129.60,132.05,77,2787,368835.00,
541276,HARDWYN     ,M ,Q,83.00,83.50,83.00,83.50,83.50,82.50,2,10000,832500.00,
541299,DLCL        ,M ,Q,11.50,11.70,11.50,11.70,11.70,11.80,2,8000,92800.00,
541301,ORIENTELEC  ,A ,Q,276.40,291.70,275.85,277.85,277.50,275.05,1491,72792,20533957.00,
541302,DHRUV       ,M ,Q,31.25,31.25,30.00,30.00,30.00,30.75,3,6000,184400.00,
541303,AKSHAR      ,M ,Q,10.00,10.00,10.00,10.00,10.00,10.00,1,3000,30000.00,
541313,ICICI500    ,B ,Q,205.00,209.00,203.00,209.00,209.00,204.49,81,260,54059.00,
541336,INDOSTAR    ,A ,Q,329.10,331.80,323.80,327.00,327.00,327.80,291,4953,1629290.00,
541347,PARVATI     ,X ,Q,2.49,2.74,2.49,2.58,2.49,2.62,32,9110,23548.00,
541353,INNOVATORS  ,M ,Q,41.60,41.80,41.50,41.50,41.50,42.55,5,12800,533200.00,
541358,SHWL        ,XT,Q,154.55,154.55,154.55,154.55,154.55,147.20,2,1000,154550.00,
541400,ZIMLAB      ,X ,Q,82.00,86.00,82.00,82.80,82.75,85.00,22,799,66368.00,
541401,ARIHANTINS  ,MT,Q,2.06,2.06,2.06,2.06,2.06,2.15,2,8000,16480.00,
541402,AFFORDABLE  ,M ,Q,97.15,101.05,97.15,101.05,101.05,99.10,34,54400,5431600.00,
541403,DOLLAR      ,A ,Q,256.70,257.75,253.60,254.15,254.05,253.20,80,1591,406765.00,
541418,NGIL        ,M ,Q,24.40,24.40,24.40,24.40,24.40,23.40,1,6500,158600.00,
541444,PALMJEWELS  ,B ,Q,58.90,58.90,48.35,51.55,50.65,52.50,28,1737,88317.00,
541445,WAA         ,M ,Q,68.70,68.70,68.70,68.70,68.70,65.45,2,1600,109920.00,
541450,ADANIGREEN  ,A ,Q,1181.00,1190.00,1133.65,1174.80,1167.35,1162.55,1655,25658,30122410.00,
541540,SOLARA      ,A ,Q,1342.00,1351.00,1290.00,1300.40,1300.40,1326.30,488,4360,5768503.00,
541546,GAYAHWS     ,T ,Q,0.71,0.72,0.66,0.70,0.70,0.69,45,62434,42762.00,
541556,RITES       ,A ,Q,269.25,272.35,263.40,266.40,266.40,269.85,1388,70252,18855924.00,
541557,FINEORG     ,A ,Q,2377.40,2391.00,2365.00,2375.10,2370.60,2359.95,366,1118,2659660.00,
541578,VARROC      ,A ,Q,405.85,422.60,405.85,419.90,420.00,409.45,1388,19438,8124351.00,
541601,RAJNISH     ,M ,Q,10.90,10.90,10.67,10.67,10.67,11.23,3,3600,38688.00,
541627,HITECHWIND  ,XT,Q,9.65,9.65,9.60,9.65,9.65,9.42,8,6002,57904.00,
541678,TVF1G       ,B ,Q,11.20,11.99,11.20,11.31,11.31,11.32,6,1080,12210.00,
541700,TCNSBRANDS  ,A ,Q,496.00,504.60,491.00,496.00,501.00,495.80,361,4180,2078059.00,
541701,SUPERSHAKT  ,M ,Q,275.00,275.00,275.00,275.00,275.00,275.00,44,27900,7672500.00,
541702,ASHNI       ,XT,Q,3.97,4.04,3.97,4.04,4.04,3.97,7,269,1085.00,
541729,HDFCAMC     ,A ,Q,2926.00,3220.00,2926.00,3190.30,3190.30,2930.90,7296,68277,214979797.00,
541735,VIVANTA     ,X ,Q,15.80,15.80,15.80,15.80,15.80,16.10,1,50,790.00,
541741,TINNATFL    ,X ,Q,18.00,18.80,17.85,17.85,17.85,18.75,11,442,7920.00,
541744,TVF2G       ,B ,Q,10.99,11.25,10.72,11.25,11.25,10.92,23,64411,702551.00,
541770,CREDITACC   ,A ,Q,728.75,732.55,718.85,720.35,724.25,717.35,275,2384,1727000.00,
541771,AMINTAN     ,X ,Q,0.80,0.94,0.80,0.84,0.82,0.86,50,59928,53544.00,
541778,DEEP        ,M ,Q,65.00,72.00,64.00,70.35,72.00,66.00,6,9000,613500.00,
541804,IPRU3168    ,B ,Q,11.20,11.20,11.20,11.20,11.20,10.93,1,2000,22400.00,
541809,ICICINXT50  ,B ,Q,35.60,36.25,35.60,36.17,36.17,35.48,26,1090,39444.00,
541865,ASRL        ,B ,Q,66.50,66.60,61.15,66.60,66.60,63.45,40,16781,1096158.00,
541890,SPACEINCUBA ,XT,Q,0.98,0.98,0.98,0.98,0.98,0.94,30,54888,53790.00,
541929,SGIL        ,M ,Q,100.00,103.85,98.00,99.95,103.85,105.35,4,8000,799700.00,
541946,ICICILIQ    ,F ,Q,1000.00,1000.00,1000.00,1000.00,1000.00,1000.00,4,2404,2404000.00,
541956,IRCON       ,A ,Q,93.00,93.25,90.55,91.10,91.10,97.85,6504,1090632,99977609.00,
541972,SETFSN50    ,B ,Q,420.00,420.00,420.00,420.00,420.00,420.00,5,122,51240.00,
541974,MANORAMA    ,M ,Q,834.50,859.95,812.05,840.70,831.10,823.40,52,8700,7346160.00,
541983,INNOVATIVE  ,M ,Q,7.95,7.95,7.00,7.35,7.30,7.95,24,31000,225840.00,
541984,NIOSAG      ,B ,Q,11.99,11.99,11.99,11.99,11.99,11.92,8,15248,182823.00,
541988,AAVAS       ,A ,Q,2275.00,2424.15,2265.00,2281.00,2297.70,2257.90,973,5325,12441738.00,
541999,GENERAAGRI  ,X ,Q,1.88,1.88,1.88,1.88,1.88,1.97,13,1187,2231.00,
542011,GRSE        ,A ,Q,215.90,217.00,207.75,214.20,214.20,210.90,930,31176,6645063.00,
542012,AAL         ,M ,Q,82.00,82.00,81.00,81.95,81.95,81.70,5,10000,817700.00,
542013,DOLFIN      ,M ,Q,41.00,41.00,41.00,41.00,41.00,40.90,2,4000,164000.00,
542019,SHUBHAM     ,M ,Q,45.00,45.60,45.00,45.55,45.50,45.50,14,93000,4221000.00,
542020,AKI         ,M ,Q,13.10,13.50,13.10,13.50,13.50,13.50,5,50000,665000.00,
542057,BCPL        ,B ,Q,82.00,84.00,74.00,81.25,81.45,79.70,154,15200,1225563.00,
542066,ATGL        ,A ,Q,583.00,689.00,583.00,663.95,663.95,574.20,21753,754884,498490682.00,
542131,MAN50ETF    ,B ,Q,152.95,158.00,150.60,155.56,158.00,152.00,46,2310,358861.00,
542141,TECHNOE     ,A ,Q,315.00,327.00,306.50,322.25,322.25,312.10,969,63270,20272724.00,
542206,NIVAKA      ,X ,Q,7.51,7.51,7.51,7.51,7.51,7.51,1,1,7.00,
542216,DALBHARAT   ,A ,Q,1516.55,1538.00,1494.65,1501.65,1498.70,1496.05,856,7501,11404389.00,
542230,ABSLNN50ET  ,B ,Q,359.00,370.00,352.43,355.50,355.50,355.00,42,48,17509.00,
542231,NILASPACES  ,T ,Q,1.72,1.80,1.68,1.73,1.74,1.72,59,38137,66318.00,
542233,TREJHARA    ,B ,Q,31.65,32.65,31.50,32.65,32.65,31.10,25,1362,44243.00,
542247,AXISCCGPG   ,B ,Q,13.23,13.23,13.23,13.23,13.23,13.23,5,123,1627.00,
542248,DECCAN      ,M ,Q,33.45,34.00,32.00,33.65,33.15,33.75,40,186000,6085260.00,
542333,RPSGVENT    ,A ,Q,316.00,318.00,312.50,314.80,315.50,315.00,508,10726,3387063.00,
542337,SPENCER     ,A ,Q,79.00,83.75,77.75,81.40,81.40,78.15,1719,157950,12915535.00,
542351,GLOSTERLTD  ,X ,Q,612.00,649.00,593.00,616.95,616.95,579.25,469,7045,4329956.00,
542367,XELPMOC     ,B ,Q,301.00,301.00,283.50,289.15,286.15,294.85,546,12515,3623051.00,
542383,RITCO       ,M ,Q,18.75,18.90,18.20,18.90,18.90,18.00,6,9600,179840.00,
542399,CHALET      ,A ,Q,171.00,177.50,167.40,173.80,173.80,169.70,1392,62792,10907116.00,
542446,JONJUA      ,M ,Q,81.00,87.00,81.00,87.00,87.00,81.00,6,15600,1300910.00,
542459,KRANTI      ,M ,Q,19.75,19.75,19.00,19.00,19.00,19.00,4,12000,232500.00,
542460,ANUP        ,B ,Q,641.00,670.00,639.00,646.00,645.00,651.65,683,9567,6170330.00,
542484,ARVINDFASN  ,A ,Q,160.00,168.30,159.25,164.35,164.35,158.35,897,44472,7331381.00,
542513,UTISXN50    ,B ,Q,41.00,41.00,40.00,40.84,41.00,40.00,24,463,18746.00,
542579,AGOL        ,M ,Q,75.00,79.45,75.00,79.25,76.00,75.00,14,100000,7883900.00,
542597,MSTC        ,A ,Q,314.35,327.00,304.85,314.60,314.60,310.45,5331,207052,65693428.00,
542602,EMBASSY     ,IF,Q,328.40,331.00,323.00,326.33,325.70,330.14,132,28000,9173012.00,
542627,CHANDNIMACH ,X ,Q,10.85,10.85,9.88,9.88,9.88,10.39,16,3437,34081.00,
542649,RVNL        ,A ,Q,32.80,32.85,31.75,32.00,32.00,32.60,4308,1010114,32412017.00,
542650,METROPOLIS  ,A ,Q,1935.00,1985.00,1935.00,1977.30,1977.30,1931.10,296,2524,4955097.00,
542651,KPITTECH    ,A ,Q,142.00,142.85,140.20,141.25,141.50,141.55,858,31185,4399971.00,
542652,POLYCAB     ,A ,Q,1375.00,1375.00,1346.00,1354.65,1354.65,1363.30,1011,11577,15725623.00,
542655,VIKASMCORP  ,B ,Q,3.84,3.87,3.59,3.79,3.79,3.73,4066,5381428,20380265.00,
542665,NEOGEN      ,A ,Q,845.00,935.00,844.65,888.75,888.75,823.05,3695,50490,45433773.00,
542669,BMW         ,X ,Q,25.70,25.70,25.00,25.70,25.00,25.20,49,6186,158878.00,
542670,ARTEMISELC  ,B ,Q,46.60,49.00,45.50,47.85,47.85,47.55,95,7602,361883.00,
542677,MAHESH      ,X ,Q,5.23,5.23,4.75,5.18,4.80,4.99,11,511,2634.00,
542678,CHCL        ,M ,Q,14.99,14.99,13.80,14.25,14.25,13.31,3,6000,86080.00,
542679,DEL         ,X ,Q,17.55,17.55,17.50,17.50,17.50,17.65,5,200,3502.00,
542682,HARISH      ,XT,Q,30.60,32.30,30.60,32.30,32.30,32.20,12,4435,138370.00,
542684,PPL         ,B ,Q,121.00,127.00,120.50,124.35,122.45,118.35,359,12736,1573449.00,
542685,DGCONTENT   ,B ,Q,8.81,9.24,8.36,8.60,8.69,8.80,130,118500,996388.00,
542721,ARL         ,M ,Q,32.50,32.70,32.50,32.60,32.70,32.10,3,12000,391000.00,
542725,SBC         ,M ,Q,41.50,41.55,41.50,41.55,41.55,42.25,2,6000,249150.00,
542726,INDIAMART   ,A ,Q,8400.00,8550.00,8122.00,8170.20,8197.00,8303.20,2097,6635,54874271.00,
542729,DCMNVL      ,T ,Q,74.00,74.55,70.30,74.55,74.55,71.00,16,1483,108308.00,
542730,ICICIBANKN  ,B ,Q,352.00,361.94,352.00,360.39,360.44,351.68,166,1376,493815.00,
542752,AFFLE       ,A ,Q,5868.00,5895.20,5625.00,5759.55,5759.55,5614.50,1993,13165,77192530.00,
542753,SEACOAST    ,X ,Q,139.00,144.70,136.10,137.85,138.50,137.85,480,268625,37611838.00,
542758,ICICIBANKP  ,B ,Q,187.00,191.65,187.00,191.05,191.01,186.47,132,1896,359997.00,
542759,SPANDANA    ,A ,Q,611.60,613.80,601.25,610.90,611.00,599.60,551,4581,2785811.00,
542760,SWSOLAR     ,A ,Q,248.50,253.90,238.05,239.30,240.10,244.80,1108,45889,11285165.00,
542771,NOVATEOR    ,M ,Q,7.00,7.00,7.00,7.00,7.00,7.00,1,12000,84000.00,
542772,IIFLWAM     ,A ,Q,1212.05,1214.80,1185.90,1206.30,1205.00,1211.55,142,451,541851.00,
542773,IIFLSEC     ,A ,Q,55.50,58.15,55.45,56.20,56.05,54.95,433,48734,2759070.00,
542774,APMFINVEST  ,X ,Q,25.00,25.00,23.00,23.70,23.70,23.10,30,1927,46413.00,
542801,MISQUITA    ,M ,Q,27.00,27.90,27.00,27.90,27.90,26.70,2,4000,109800.00,
542802,GALACTICO   ,M ,Q,32.50,32.50,32.50,32.50,32.50,32.00,1,6000,195000.00,
542803,ELLORATRAD  ,XT,Q,106.50,106.50,106.50,106.50,106.50,112.10,14,188,20022.00,
542812,FLUOROCHEM  ,A ,Q,593.95,630.75,587.00,620.80,619.45,571.00,1995,27733,17050202.00,
542830,IRCTC       ,A ,Q,1903.80,1929.95,1868.25,1884.35,1884.35,1897.15,6899,102804,195510504.00,
542839,NIEHSPD     ,B ,Q,1.08,1.08,0.98,1.02,1.03,1.08,30,35700,35267.00,
542844,NIEHSPH     ,B ,Q,2.15,2.15,2.15,2.15,2.15,1.96,1,1,2.00,
542845,NIEHSPJ     ,B ,Q,11.75,11.75,11.75,11.75,11.75,10.69,14,1336,15698.00,
542847,NIESSPL     ,B ,Q,2.07,2.27,1.87,1.87,1.87,2.07,24,17317,34403.00,
542848,NIESSPM     ,B ,Q,14.50,14.50,14.50,14.50,14.50,14.60,1,3,43.00,
542850,GOBLIN      ,M ,Q,25.00,26.10,24.50,24.50,24.50,24.00,5,10000,251200.00,
542852,VISHWARAJ   ,B ,Q,129.50,129.50,116.35,118.60,119.05,126.30,165,15194,1931491.00,
542857,GREENPANEL  ,B ,Q,180.10,182.95,176.00,176.45,176.00,180.00,226,5505,985628.00,
542862,SHAHLON     ,XT,Q,92.75,92.75,88.05,88.95,91.35,92.20,10,5360,489444.00,
542863,ABSLBANETF  ,B ,Q,355.00,365.00,355.00,365.00,365.00,347.00,3,3,1075.00,
542867,CSBBANK     ,A ,Q,227.55,237.75,227.00,234.20,234.20,226.95,922,34815,8141769.00,
542878,ABDBSPDG    ,F ,Q,0.70,0.70,0.70,0.70,0.70,0.70,1,50,35.00,
542904,UJJIVANSFB  ,A ,Q,33.60,33.85,33.35,33.45,33.45,33.55,2184,367297,12322525.00,
542905,SHIL        ,A ,Q,302.50,305.00,292.00,294.95,296.25,301.45,181,4499,1339244.00,
542907,PRINCEPIPE  ,A ,Q,440.00,449.00,426.30,435.60,438.60,436.25,1765,38708,17000060.00,
542908,EBBETF0423  ,F ,Q,1106.02,1109.00,1104.00,1106.10,1106.10,1108.00,49,721,796801.00,
542909,EBBETF0430  ,F ,Q,1112.00,1114.46,1108.01,1109.00,1108.01,1113.20,311,733,815022.00,
542911,ASSAMENT    ,XT,Q,100.35,100.35,100.35,100.35,100.35,95.60,1,5,501.00,
542919,ARTEMISMED  ,B ,Q,233.00,233.00,229.00,232.10,232.15,228.00,7,605,140348.00,
542920,SUMICHEM    ,A ,Q,299.30,305.25,298.30,299.25,299.25,299.15,950,52496,15863511.00,
542921,ICICIM150   ,B ,Q,91.50,106.20,91.50,92.14,92.02,91.34,33,571,53071.00,
542922,MANXT50ETF  ,B ,Q,349.00,355.50,349.00,355.50,355.50,348.50,10,64,22622.00,
542923,TRANWAY     ,MS,Q,7.50,7.50,7.31,7.50,7.50,7.64,30,710000,5307700.00,
542924,JANUSCORP   ,M ,Q,111.00,113.60,111.00,113.35,113.35,108.50,17,33000,3733650.00,
542932,BIRLATYRES  ,B ,Q,28.30,29.15,28.30,28.70,28.70,28.65,402,77506,2235841.00,
542933,UNIVPHOTO   ,B ,Q,173.20,184.80,173.20,179.00,179.00,178.50,78,768,141048.00,
542934,CBPL        ,M ,Q,40.05,45.00,38.00,45.00,45.00,41.10,10,46000,1813000.00,
542963,06AGG       ,F ,Q,4.56,5.56,4.56,4.61,5.56,5.06,5,53,242.00,
542969,06GPG       ,F ,Q,2.80,2.80,2.80,2.80,2.80,3.11,6,639,1789.00,
543064,SUVENPHAR   ,A ,Q,488.00,488.00,471.60,474.75,475.55,480.60,787,19453,9282149.00,
543065,SMAUTO      ,M ,Q,15.00,17.00,15.00,17.00,17.00,16.00,2,16000,256000.00,
543066,SBICARD     ,A ,Q,1107.50,1118.25,1086.00,1096.15,1096.15,1107.50,3854,65429,71750977.00,
543087,09AGG       ,F ,Q,25.14,25.14,25.14,25.14,25.14,22.86,8,14,351.00,
543150,08GPG       ,B ,Q,3.93,3.93,3.24,3.34,3.34,3.60,26,7568,26503.00,
543167,10GPG       ,F ,Q,6.05,6.48,6.05,6.37,6.48,6.05,4,4,25.00,
543174,11GPG       ,B ,Q,3.17,3.17,2.61,2.98,2.98,2.90,43,15895,44082.00,
543175,11MPD       ,B ,Q,2.35,2.35,2.00,2.25,2.25,2.14,31,13768,31004.00,
543177,11QPD       ,B ,Q,0.04,0.04,0.04,0.04,0.04,0.03,3,3,0.00,
543181,11AGG       ,B ,Q,24.00,24.00,19.80,22.85,22.85,22.00,18,11169,237396.00,
543186,11DPD       ,B ,Q,0.11,0.11,0.11,0.11,0.11,0.10,1,1,0.00,
543187,POWERINDIA  ,A ,Q,1420.40,1433.65,1387.80,1410.45,1410.45,1423.70,456,1847,2608583.00,
543210,AARTISURF   ,B ,Q,940.00,970.80,936.00,970.80,970.80,924.60,64,444,427981.00,
543212,BOROLTD     ,B ,Q,187.30,191.00,186.20,188.40,188.40,186.80,732,23732,4476611.00,
543213,ROSSARI     ,B ,Q,1035.45,1048.35,1021.00,1034.45,1034.45,1024.25,325,4169,4313711.00,
543214,NDRAUTO     ,B ,Q,236.35,240.50,230.00,230.80,230.80,231.30,46,831,193016.00,
543215,EBBETF0425  ,F ,Q,1015.00,1018.30,1012.10,1017.00,1017.00,1015.25,41,9568,9741034.00,
543216,EBBETF0431  ,F ,Q,997.69,1000.97,997.69,999.75,999.75,996.00,18,81,80983.00,
543217,MINDSPACE   ,IF,Q,305.39,305.50,304.25,304.57,304.25,305.10,31,6800,2074170.00,
543219,ICICIALPLV  ,B ,Q,139.45,143.80,139.45,142.38,142.60,139.73,19,205,29017.00,
543220,MAXHEALTH   ,B ,Q,192.00,192.10,189.00,189.30,189.30,188.35,337,19261,3653976.00,
543221,ICICITECH   ,B ,Q,253.00,259.40,248.10,259.33,259.40,254.94,138,13975,3598009.00,
543223,MAXINDIA    ,B ,Q,63.75,66.25,62.50,64.95,64.90,63.20,649,40760,2642310.00,
543224,HBANKETF    ,B ,Q,356.00,365.00,356.00,362.23,362.43,354.56,66,1027,368889.00,
543226,UTIBANKETF  ,B ,Q,35.99,36.44,35.41,36.16,36.16,35.39,762,13858,503903.00,
543227,HAPPSTMNDS  ,B ,Q,534.80,569.50,530.30,556.15,556.15,529.95,6949,273981,151899604.00,
543228,ROUTE       ,B ,Q,1760.00,1819.65,1744.15,1752.10,1759.35,1746.20,2437,23481,41764060.00,
543230,ADVAIT      ,M ,Q,52.95,52.95,52.95,52.95,52.95,51.00,1,2000,105900.00,
543231,ADL         ,T ,Q,31.90,31.95,30.00,30.55,30.00,31.05,18,769,23631.00,
543232,CAMS        ,B ,Q,1905.00,1940.10,1873.80,1896.00,1896.00,1895.25,1199,10497,19966876.00,
543233,CHEMCON     ,B ,Q,437.90,446.40,436.15,437.40,437.40,434.10,607,22484,9896773.00,
543234,SECMARK     ,M ,Q,57.90,57.90,52.00,52.00,52.00,55.95,8,10000,536900.00,
543235,ANGELBRKG   ,B ,Q,325.50,329.00,324.00,325.60,324.00,324.35,384,8094,2646048.00,
543236,ATAM        ,M ,Q,39.90,40.45,29.50,39.85,39.85,36.70,18,54000,2092950.00,
543237,MAZDOCK     ,B ,Q,227.70,241.00,225.05,231.65,231.65,224.70,3275,192614,44910456.00,
543238,UTIAMC      ,B ,Q,591.15,610.00,582.10,607.10,607.10,582.20,4603,71230,42859865.00,
543240,LIKHITHA    ,B ,Q,282.30,307.00,280.75,301.35,301.35,280.60,1948,89031,26166637.00,
543242,HEMIPROP    ,T ,Q,172.95,174.30,169.00,170.85,170.85,171.95,1159,71169,12198704.00,
543243,EQUITASBNK  ,B ,Q,50.75,50.75,49.00,49.65,49.70,49.40,924,148884,7391152.00,
543244,SHINEFASH   ,M ,Q,55.00,55.00,55.00,55.00,55.00,55.50,1,3000,165000.00,
543245,GLAND       ,B ,Q,2326.05,2445.05,2326.05,2432.70,2414.00,2349.95,1659,11314,27228910.00,
543246,MAESGETF    ,B ,Q,25.05,25.75,24.85,25.60,25.60,25.15,54,8357,212391.00,
543248,BURGERKING  ,B ,Q,141.00,153.45,141.00,147.80,147.80,141.20,20405,1136019,169224967.00,
543249,TARC        ,B ,Q,33.00,34.00,31.05,32.80,32.60,32.65,488,86961,2834904.00,
543250,G5          ,F ,Q,47.02,47.05,47.02,47.05,47.05,47.10,2,110,5175.00,
543251,RVHL        ,B ,Q,20.90,21.10,20.60,20.95,20.95,20.45,44,2111,43901.00,
543252,FAIRCHEMOR  ,B ,Q,655.15,724.95,655.15,689.95,689.90,651.20,742,9730,6840789.00,
543253,BECTORFOOD  ,B ,Q,394.00,406.50,394.00,395.05,395.05,395.15,1142,35944,14336038.00,
543254,AWHCL       ,B ,Q,304.15,306.70,298.50,300.20,300.85,300.15,963,39425,11898694.00,
543255,INFRABEES   ,B ,Q,443.46,443.46,442.81,442.81,442.81,435.00,2,12,5316.00,
543257,IRFC        ,B ,Q,25.70,25.90,25.45,25.50,25.50,25.65,11060,3648061,93532085.00,
543258,INDIGOPNTS  ,B ,Q,2631.60,2710.00,2595.00,2612.85,2612.85,2639.00,962,5138,13658070.00,
543259,HOMEFIRST   ,B ,Q,537.95,547.55,534.05,539.20,540.00,535.65,884,20911,11296430.00,
543260,STOVEKRAFT  ,B ,Q,509.90,547.40,506.50,513.85,513.85,503.90,2010,60356,31620828.00,
543261,BIRET       ,IF,Q,251.00,251.00,249.12,249.46,249.12,249.16,76,33400,8363422.00,
543262,MRP         ,MT,Q,36.30,36.30,36.30,36.30,36.30,36.30,1,3000,108900.00,
543263,SMCGLOBAL   ,T ,Q,91.70,96.85,91.45,92.70,93.00,96.25,128,15763,1465039.00,
543264,NURECA      ,T ,Q,663.30,663.30,663.30,663.30,663.30,698.20,223,3230,2142459.00,
543265,RAILTEL     ,B ,Q,184.40,189.45,160.20,165.60,165.60,174.75,109114,6247466,1075926683.00,
555555,ICICISENSX  ,B ,Q,544.00,555.00,541.30,552.94,555.00,542.61,48,1448,789319.00,
570001,TATAMTRTDVR ,A ,Q,141.00,144.90,140.60,142.05,142.05,139.90,8921,573277,81609056.00,
570002,FELDVR      ,B ,Q,13.63,13.92,13.05,13.72,13.72,13.92,118,16343,221273.00,
570004,JISLBNDVR   ,T ,Q,13.23,13.89,13.23,13.89,13.89,13.23,123,108591,1481541.00,
570005,SCAPDVR     ,T ,Q,1.90,1.90,1.81,1.87,1.90,1.81,64,48496,91796.00,
590003,KARUR VY(PS ,B ,Q,59.30,61.70,59.15,60.55,60.50,59.25,1836,344326,20821676.00,
590005,TIDE WATE(PS,B ,Q,4774.00,4810.00,4744.35,4787.55,4799.60,4711.05,143,515,2466072.00,
590006,AMRUTANJAN  ,B ,Q,555.00,585.00,532.50,568.95,567.75,535.60,1717,28165,15974902.00,
590013,XPRO INDI(PS,B ,Q,62.90,62.90,57.00,57.30,57.00,60.00,482,18467,1099868.00,
590018,HISARMET(PS ,B ,Q,129.95,143.00,122.05,131.45,129.55,123.75,1802,61753,8345239.00,
590021,BHARAT RA(PS,B ,Q,10400.00,10530.00,10300.00,10359.90,10384.05,10438.05,145,229,2378713.00,
590024,FERT CHE(PS ,B ,Q,98.75,102.50,97.35,98.65,98.70,100.10,2033,114486,11361302.00,
590025,GINNI FIL(PS,B ,Q,18.85,19.65,18.85,19.40,19.40,18.70,46,7270,140465.00,
590030,SOUTH PET(PS,B ,Q,31.90,31.90,29.85,30.55,30.55,31.70,755,148209,4591313.00,
590031,DE NORA     ,B ,Q,265.00,266.60,260.45,261.30,260.45,261.10,75,956,251834.00,
590043,HARITA SEAT ,B ,Q,770.00,770.00,750.00,756.25,753.35,766.50,73,434,330479.00,
590051,SAKSOFT LTD ,B ,Q,352.80,361.00,351.55,359.25,359.25,353.40,985,15051,5379994.00,
590056,SALONA COTSP,B ,Q,91.90,92.25,91.90,92.25,92.25,87.90,55,324,29784.00,
590062,ANDHRA SUGAR,B ,Q,318.90,327.80,309.15,324.85,324.60,310.60,999,18892,6079233.00,
590065,INDIA MOTOR ,B ,Q,693.60,698.45,686.95,698.45,698.45,693.10,18,303,208519.00,
590066,KCP LTD     ,B ,Q,80.00,85.00,79.90,83.40,83.40,78.80,1113,97173,8094850.00,
590070,RADAAN MEDIA,T ,Q,0.79,0.79,0.76,0.76,0.76,0.76,8,16500,12989.00,
590071,SUNDARAM FIN,B ,Q,2639.10,2827.20,2632.90,2769.45,2769.45,2619.85,684,4671,12764554.00,
590072,SUNDARAM BRK,B ,Q,352.00,356.20,352.00,356.20,356.20,356.05,10,51,18090.00,
590073,WHEELS INDIA,B ,Q,465.00,488.50,464.00,465.80,465.70,463.10,710,20968,9898654.00,
590075,LAMBODHARA T,B ,Q,46.70,48.00,46.30,47.30,47.30,47.70,110,7227,343423.00,
590078,MAITHAN ALL ,B ,Q,620.00,620.00,605.00,608.75,608.75,612.10,570,6517,3992568.00,
590082,LOHIA SECURI,XT,Q,57.50,57.50,57.50,57.50,57.50,57.50,1,50,2875.00,
590086,ORISSA MINE ,B ,Q,2595.45,2631.60,2539.00,2550.10,2555.00,2573.75,390,1566,4042185.00,
590095,GOLDBEES    ,E ,Q,39.94,39.94,39.25,39.34,39.34,39.52,6626,833248,32887767.00,
590096,LIQUIDBEES  ,F ,Q,999.50,1000.01,999.50,999.99,999.99,999.99,649,92802,92801461.00,
590097,KOTAKGOLDETF,E ,Q,399.10,401.69,395.30,397.12,395.80,397.91,715,12210,4863525.00,
590098,SBI GOLD ETS,E ,Q,4075.00,4090.00,4030.00,4037.36,4037.36,4062.83,350,2274,9200671.00,
590099,QUANTUM GOLD,E ,Q,1970.00,1973.00,1954.00,1955.00,1955.00,1964.27,27,52,102119.00,
590101,UTI GOLD ETF,E ,Q,4090.00,4110.00,4067.03,4076.60,4094.40,4086.59,202,678,2770008.00,
590103,NIFTYBEES   ,B ,Q,160.55,163.27,160.36,163.05,163.13,159.46,838,57009,9224990.00,
590104,JUNIORBEES  ,B ,Q,368.00,374.00,368.00,372.76,371.59,367.15,184,3140,1167997.00,
590106,BANKBEES    ,B ,Q,359.06,366.78,358.38,365.84,365.84,356.27,3586,161990,58821149.00,
590107,KOTAK PSU BK,B ,Q,233.03,244.00,233.03,241.75,244.00,232.30,127,4482,1072468.00,
590108,PSUBNKBEES  ,B ,Q,26.10,26.93,26.10,26.74,26.85,25.94,185,101210,2708454.00,
590109,SHARIABEES  ,B ,Q,355.50,356.50,345.10,356.50,356.50,353.56,23,721,250575.00,
590110,QUANTUM INDX,B ,Q,1550.00,1570.00,1550.00,1570.00,1570.00,1538.00,4,4,6233.00,
590113,HNGSNGBEES  ,E ,Q,365.00,365.00,353.02,353.02,353.02,349.92,3,3,1078.00,
590115,M50 ETF     ,B ,Q,144.95,150.00,144.95,149.78,150.00,143.17,21,198,28832.00,
590122,ASHIKACR    ,X ,Q,37.45,37.90,32.05,37.00,37.00,37.00,93,31403,1172200.00,
590134,MADRASFERT  ,T ,Q,28.50,28.85,27.10,27.90,27.90,28.50,484,72668,2020650.00,
715027,895LTFHL21  ,F ,P,108.99,109.00,108.80,109.00,109.00,108.50,5,27600,3008334.00,
715032,795LTFHL23  ,F ,P,100.00,100.00,100.00,100.00,100.00,107.47,1,20000,2000000.00,
717503,ZEE NCPS    ,F ,P,1.95,1.99,1.95,1.96,1.97,1.95,72,579758,1136583.00,
750653,PATINT-RE   ,R ,Q,12.50,12.95,11.05,12.00,11.90,13.15,134,19110,228872.00,
750654,AIIL-RE     ,R ,Q,300.00,340.00,280.00,310.00,310.00,349.75,15,399,119601.00,
800251,SGB20151    ,G ,B,4980.00,4980.00,4976.00,4976.00,4976.00,4800.00,2,21,104576.00,
800252,SGB2016I    ,G ,B,4700.00,4700.00,4622.10,4622.10,4622.10,4700.10,13,24,112722.00,
800253,SGB2016II   ,G ,B,4800.00,4800.00,4620.50,4670.00,4670.00,4850.00,5,7,32770.00,
800254,SGBAUG24    ,G ,B,4751.00,4799.00,4730.00,4750.00,4750.00,4751.00,9,44,208801.00,
800258,SGB2016IIA  ,G ,B,4725.00,4809.00,4725.00,4725.00,4725.00,4702.25,5,11,52059.00,
800259,SGB2016IIIA ,G ,B,4700.00,4700.00,4699.00,4699.00,4699.00,4655.05,11,26,122179.00,
800265,SGB2016IV   ,G ,B,4698.00,4699.00,4698.00,4698.60,4698.00,4699.00,5,13,61084.00,
800268,SGBMAY25    ,G ,B,4748.96,4748.96,4748.96,4748.96,4748.96,4750.00,1,2,9497.00,
800290,SGBDEC26    ,G ,B,4850.00,4850.00,4850.00,4850.00,4850.00,4750.00,1,3,14550.00,
800297,SGBAUG27    ,G ,B,4707.25,4707.25,4707.25,4707.25,4707.25,4731.00,4,8,37658.00,
800303,SGBOCT27A   ,G ,B,4580.00,4609.00,4580.00,4609.00,4609.00,4608.00,2,37,170098.00,
800315,SGBMAR28    ,G ,B,4621.50,4621.50,4621.50,4621.50,4621.50,4670.50,2,3,13864.00,
800318,SGBAPR28    ,G ,B,4840.00,4840.00,4700.00,4701.00,4700.00,4740.77,25,54,255218.00,
800320,SGBMAY28    ,G ,B,4625.00,4659.00,4622.00,4651.00,4651.00,4631.01,13,75,347587.00,
800322,SGBJUN28    ,G ,B,4645.00,4655.00,4630.00,4631.00,4630.00,4622.24,15,73,339009.00,
800324,SGBJULY28   ,G ,B,4650.00,4713.00,4619.00,4713.00,4713.00,4632.52,20,215,1001402.00,
800325,SGBAUG28    ,G ,B,4677.00,4700.00,4663.00,4675.93,4675.00,4685.76,191,739,3461244.00,
800327,SGBSEP28    ,G ,B,4770.00,4775.00,4700.00,4728.99,4729.00,4775.00,52,125,589073.00,
800328,SGBOCT28    ,G ,B,4712.00,4712.00,4675.05,4695.00,4695.00,4718.54,15,42,197177.00,
800329,SGBNOV28    ,G ,B,4850.00,4925.00,4779.00,4779.00,4779.00,4850.90,9,20,96851.00,
800331,SGBJAN29    ,G ,B,4651.00,4724.99,4651.00,4698.25,4675.00,4700.00,42,143,670456.00,
800332,SGBJAN29A   ,G ,B,4790.00,4889.00,4625.00,4735.18,4875.00,4735.00,27,50,237558.00,
800333,SGBFEB29    ,G ,B,4750.00,4845.00,4725.00,4725.00,4725.00,4750.00,14,46,218676.00,
810695,695RJSDL31  ,G ,B,100.90,100.90,100.90,100.90,100.90,0.00,1,24000,2421600.00,
890145,DHANIPP     ,B ,Q,205.00,210.00,204.00,208.30,207.40,204.65,789,18623,3883314.00,
890147,RELIANCEPP  ,A ,Q,1224.00,1322.00,1221.15,1306.80,1306.80,1213.85,6630,79707,101831694.00,
890148,ABFRLPP     ,A ,Q,169.00,179.70,169.00,174.75,174.65,164.70,1598,51003,8943078.00,
890151,MOLDTEKPP   ,B ,Q,262.75,262.75,248.10,249.00,257.40,262.75,29,287,72071.00,
890152,URJAPP      ,T ,Q,3.19,3.19,3.19,3.19,3.19,0.00,40,62889,200615.00,
935136,971STFC21   ,F ,D,1018.00,1018.00,1018.00,1018.00,1018.00,1021.50,1,130,132340.00,
935196,1275DSK2021 ,F ,D,568.00,568.00,568.00,568.00,568.00,710.00,1,5,2840.00,
935383,849NTPC25   ,F ,D,14.70,14.70,14.44,14.46,14.46,14.50,54,124585,1804484.00,
935510,752PFC30    ,F ,D,1212.01,1212.01,1212.01,1212.01,1212.01,1233.00,2,200,242402.00,
935512,735PFC35    ,F ,D,1283.10,1283.10,1283.10,1283.10,1283.10,1286.19,1,100,128310.00,
935514,760PFC35    ,F ,D,1339.00,1339.00,1339.00,1339.00,1339.00,1334.25,2,600,803400.00,
935544,734REC30    ,F ,D,1244.99,1244.99,1191.00,1194.31,1194.31,1187.92,6,326,388442.00,
935574,753IRFC30   ,F ,D,1240.00,1240.00,1240.00,1240.00,1240.00,1235.00,1,35,43400.00,
935582,735NHAI31   ,F ,D,1260.01,1260.01,1260.01,1260.01,1260.01,1284.80,1,1,1260.00,
935616,753IREDA26  ,F ,D,1102.22,1134.99,1102.22,1134.99,1134.99,1115.00,2,38,42212.00,
935666,769NHAI31   ,F ,D,1251.10,1253.00,1251.10,1252.05,1252.05,1255.90,13,358,448286.00,
935674,769HUDCO31  ,F ,D,1235.00,1238.50,1235.00,1238.50,1238.50,1237.00,4,66,81706.00,
935688,729NABARD26 ,F ,D,1155.10,1180.00,1155.10,1180.00,1180.00,1170.01,3,215,253326.00,
935752,9MMFSL26    ,F ,D,1114.99,1115.00,1114.99,1115.00,1115.00,1115.00,2,100,111499.00,
935782,975EHFL21   ,F ,D,1032.00,1055.00,1032.00,1055.00,1055.00,1050.44,3,40,41333.00,
935786,957EHFL26   ,F ,D,990.00,990.00,990.00,990.00,990.00,989.90,1,3,2970.00,
935788,10EHFL26    ,F ,D,950.00,950.00,929.00,932.00,932.00,965.99,5,552,515163.00,
935814,930DHFL26B  ,F ,D,281.80,281.80,281.80,281.80,281.80,351.00,1,4239,1194550.00,
935840,925DHFL23B  ,F ,D,389.00,402.00,360.00,360.00,360.00,355.00,5,6841,2745232.00,
935856,865IBHFL26  ,F ,D,890.00,890.00,890.00,890.00,890.00,890.00,2,13,11570.00,
935860,9IBHFL26B   ,F ,D,890.00,890.00,890.00,890.00,890.00,870.00,1,15,13350.00,
935896,960SEFL21   ,F ,D,450.00,459.00,450.00,450.00,450.00,445.00,5,123,55557.00,
935898,10SEFL21    ,F ,D,460.00,465.01,460.00,465.00,465.00,463.05,7,32,14855.00,
935900,0SEFL21B    ,F ,D,750.00,750.00,750.00,750.00,750.00,750.00,1,10,7500.00,
935908,905RHFL22B  ,F ,D,183.01,183.01,183.01,183.01,183.01,210.00,1,1,183.00,
935912,915RHFL27B  ,F ,D,205.00,205.00,203.00,205.00,205.00,206.36,5,520,106200.00,
935940,975SEFL22B  ,F ,D,490.00,490.00,412.00,412.00,412.00,411.00,2,2,902.00,
935996,950SEFL22   ,F ,D,431.00,431.00,425.00,425.00,425.00,445.00,3,14,6010.00,
936010,900MFL22A   ,F ,D,1075.00,1075.00,1075.00,1075.00,1075.00,1080.00,1,298,320350.00,
936034,10KFL22     ,F ,D,990.00,990.00,990.00,990.00,990.00,990.00,6,130,128700.00,
936040,785MMFSL24  ,F ,D,1036.00,1036.00,1034.00,1034.00,1034.00,1034.00,3,130,134625.00,
936044,800MMFSL27  ,F ,D,1075.00,1075.00,1070.00,1071.00,1070.00,1085.00,2,50,53550.00,
936050,925SEFL22   ,F ,D,410.00,420.00,405.00,412.08,410.00,350.25,9,143,58757.00,
936052,930SEFL22   ,F ,D,310.00,310.00,310.00,310.00,310.00,300.10,1,9,2790.00,
936064,955SEFL27   ,F ,D,285.00,320.00,285.00,320.00,320.00,298.00,2,15,4625.00,
936104,843SEFL21   ,F ,D,580.65,580.65,580.00,580.65,580.65,545.55,3,30,17413.00,
936108,0SEFL21A    ,F ,D,745.00,745.00,735.00,735.00,735.00,745.00,2,45,33425.00,
936124,875ERFL21   ,F ,D,1075.00,1082.00,1075.00,1082.00,1082.00,1075.00,2,52,55914.00,
936126,865ERFL23   ,F ,D,950.00,955.10,950.00,955.10,955.10,950.00,2,59,56106.00,
936130,888ERFL28   ,F ,D,879.50,879.50,875.05,875.05,875.05,865.00,3,45,39431.00,
936132,925ERFL28   ,F ,D,936.80,979.80,936.80,979.80,979.80,930.00,2,50,47012.00,
936178,0SEFL21     ,F ,D,654.00,730.00,653.00,706.01,700.01,650.00,4,16,10718.00,
936182,935SEFL23   ,F ,D,389.80,400.00,389.80,392.20,400.00,389.80,4,130,50986.00,
936184,0SEFL23     ,F ,D,481.00,481.00,481.00,481.00,481.00,500.00,1,1,481.00,
936186,92SEFL28    ,F ,D,300.20,300.20,300.20,300.20,300.20,343.80,2,100,30020.00,
936188,96SEFL28    ,F ,D,338.80,339.85,338.80,339.85,339.85,339.80,3,1120,380576.00,
936196,865DHFL23   ,F ,D,330.80,330.80,330.80,330.80,330.80,336.80,1,1,330.00,
936206,910DHFL28   ,F ,D,355.00,355.00,353.00,353.00,353.00,340.00,2,170,60110.00,
936220,95JMFCSL23  ,F ,D,1073.00,1073.00,1062.25,1063.00,1063.00,1073.00,12,500,533365.00,
936224,975JMFCSL28 ,F ,D,1106.00,1106.00,1106.00,1106.00,1106.00,1105.00,3,500,553000.00,
936226,934JMFCS28  ,F ,D,1033.00,1034.00,1033.00,1034.00,1034.00,1031.00,2,64,66155.00,
936228,893STFCL23  ,F ,D,1007.50,1012.50,1007.50,1011.35,1011.00,1019.99,9,365,368899.00,
936234,93STFCL23   ,F ,D,1070.00,1070.00,1062.50,1070.00,1070.00,1061.60,8,112,119731.00,
936236,94STFCL28   ,F ,D,1072.00,1072.00,1072.00,1072.00,1072.00,1072.00,2,50,53600.00,
936244,945EFL21    ,F ,D,1033.51,1133.79,1033.51,1059.09,1059.09,1040.25,3,76,83586.00,
936246,925EFL23    ,F ,D,950.00,950.00,940.00,947.90,947.90,942.00,13,258,243164.00,
936250,965EFL23    ,F ,D,970.99,997.00,970.47,979.13,997.00,995.60,9,245,238544.00,
936252,943EFL28    ,F ,D,933.00,937.00,926.00,926.00,926.00,909.30,5,60,56005.00,
936254,985EFL28    ,F ,D,949.00,949.00,949.00,949.00,949.00,942.00,1,100,94900.00,
936264,ICC25SEP18C ,F ,D,1189.90,1190.00,1189.90,1190.00,1190.00,1189.90,5,67,79725.00,
936286,880TCFSL21  ,F ,D,1046.61,1048.00,1046.60,1048.00,1048.00,1047.05,5,120,125620.00,
936290,890TCFSL23  ,F ,D,1085.00,1085.50,1080.21,1080.21,1080.21,1089.42,14,488,529452.00,
936294,910TCFSL28  ,F ,D,1144.00,1144.00,1140.00,1140.04,1140.04,1150.00,6,124,141626.00,
936312,AHFL29SEP18 ,F ,D,1221.06,1221.06,1221.06,1221.06,1221.06,1225.01,1,15,18315.00,
936314,96AHFL21    ,F ,D,1045.05,1045.05,1045.05,1045.05,1045.05,1045.05,1,200,209010.00,
936316,925AHFL23   ,F ,D,1016.49,1016.49,1002.02,1002.02,1002.02,1035.00,5,2300,2337274.00,
936318,965AHFL23   ,F ,D,1044.00,1044.00,1044.00,1044.00,1044.00,1050.00,1,10,10440.00,
936328,940STFCL21  ,F ,D,1040.00,1044.12,1039.00,1044.12,1044.12,1034.00,4,201,208994.00,
936364,10MFL21A    ,F ,D,1035.55,1036.00,1035.50,1036.00,1036.00,1035.00,3,194,200934.00,
936366,1040MFL23   ,F ,D,1055.00,1069.95,1055.00,1069.95,1069.95,1059.00,4,325,344445.00,
936372,MFL29NOV18C ,F ,D,1290.00,1290.00,1290.00,1290.00,1290.00,1285.12,1,40,51600.00,
936376,10JMFCSL22  ,F ,D,1036.10,1037.00,1032.00,1032.00,1032.00,1041.00,6,172,177923.00,
936382,967JMFCSL23 ,F ,D,1027.00,1027.00,1027.00,1027.00,1027.00,1023.00,1,15,15405.00,
936388,1020EFL22   ,F ,D,992.00,1015.79,992.00,1015.79,1015.79,991.09,3,660,656623.00,
936390,EFL4JAN19   ,F ,D,1225.00,1225.00,1225.00,1225.00,1225.00,1180.00,1,100,122500.00,
936396,EFL4JAN19A  ,F ,D,1208.00,1208.00,1079.00,1079.00,1079.00,1117.00,2,175,204950.00,
936398,1015EFL29   ,F ,D,998.50,998.50,976.00,984.90,984.90,984.99,6,135,133244.00,
936400,1060EFL29   ,F ,D,866.00,866.00,866.00,866.00,866.00,994.50,1,50,43300.00,
936404,905MMFSL22  ,F ,D,1100.01,1107.67,1100.01,1107.67,1107.67,1100.00,12,520,574730.00,
936408,915MMFSL24  ,F ,D,1135.00,1135.00,1130.00,1130.00,1130.00,1125.00,4,300,339500.00,
936412,93MMFSL27   ,F ,D,1179.90,1180.00,1179.90,1180.00,1180.00,1172.50,2,50,58995.00,
936416,95MMFSL29   ,F ,D,1175.00,1175.00,1175.00,1175.00,1175.00,1200.00,6,180,211500.00,
936428,1005SEFL24  ,F ,D,416.00,416.00,416.00,416.00,416.00,416.00,2,6,2496.00,
936440,10KFLSRIII  ,F ,D,960.03,960.03,960.02,960.02,960.02,990.00,3,200,192004.00,
936454,93STFCL29   ,F ,D,1030.00,1031.10,1030.00,1031.10,1031.10,1035.00,2,128,131870.00,
936458,95STFCL24   ,F ,D,1015.00,1015.00,1005.26,1015.00,1015.00,1015.00,9,38,38560.00,
936472,975IFL24    ,F ,D,1015.15,1016.00,1014.00,1014.00,1014.00,1020.30,23,600,608722.00,
936476,10IFL29     ,F ,D,1015.00,1015.00,1015.00,1015.00,1015.00,1029.99,3,100,101500.00,
936480,935MFL22    ,F ,D,1017.00,1020.00,1017.00,1020.00,1020.00,1014.94,2,30,30540.00,
936482,975MFL24    ,F ,D,1035.00,1035.00,1032.00,1032.00,1032.00,1040.00,2,2,2067.00,
936494,1075DLSL21  ,F ,D,995.00,995.00,995.00,995.00,995.00,995.00,8,57,56715.00,
936498,1040DLSL22  ,F ,D,990.00,990.00,990.00,990.00,990.00,990.00,1,25,24750.00,
936502,0DLSL22     ,F ,D,1165.00,1165.00,1165.00,1165.00,1165.00,1180.00,1,11,12815.00,
936504,1050DLSL24  ,F ,D,1000.00,1000.00,1000.00,1000.00,1000.00,1000.00,1,10,10000.00,
936508,0DLSL24     ,F ,D,1011.20,1011.20,1011.20,1011.20,1011.20,1090.00,1,200,202240.00,
936512,91LTFL22    ,F ,D,1040.00,1040.00,1020.05,1021.00,1021.00,1040.00,4,25,25755.00,
936520,925LTFL24   ,F ,D,1070.00,1072.00,1069.90,1070.34,1072.00,1070.00,6,114,122013.00,
936528,935LTFL29   ,F ,D,1150.06,1165.00,1150.05,1158.40,1158.00,1158.95,6,93,107406.00,
936532,898LTFL29   ,F ,D,1124.00,1128.00,1124.00,1128.00,1128.00,1124.00,2,35,39380.00,
936536,950MFL22A   ,F ,D,1020.00,1020.00,1015.00,1015.00,1015.00,1029.00,3,100,101650.00,
936544,10MFL24     ,F ,D,1125.00,1140.00,1125.00,1140.00,1140.00,1130.00,2,40,45300.00,
936554,89LTFL22    ,F ,D,1115.00,1117.00,1115.00,1117.00,1117.00,1115.00,5,350,390576.00,
936584,975MMFL22   ,F ,D,901.05,979.00,901.05,979.00,979.00,999.00,7,200,188005.00,
936586,0MMFL22     ,F ,D,1040.00,1040.00,1040.00,1040.00,1040.00,1055.00,1,100,104000.00,
936592,955SCUF21   ,F ,D,1082.40,1082.40,1082.40,1082.40,1082.40,1082.02,1,100,108240.00,
936594,0SCUF21     ,F ,D,1175.00,1175.00,1175.00,1175.00,1175.00,1164.10,1,2,2350.00,
936602,975SCUF24   ,F ,D,1085.15,1085.25,1085.15,1085.20,1085.20,1085.05,3,70,75964.00,
936648,10MHIL24    ,F ,D,1110.00,1110.00,1110.00,1110.00,1110.00,1090.00,1,50,55500.00,
936702,0JMFPL22A   ,F ,D,1192.00,1192.00,1190.00,1191.00,1190.00,1192.00,2,100,119100.00,
936704,1004JMFPL24 ,F ,D,1032.00,1040.00,1032.00,1040.00,1040.00,1030.00,4,90,92960.00,
936706,1050JMFPL24 ,F ,D,1105.00,1110.00,1105.00,1110.00,1110.00,1096.00,2,35,38750.00,
936710,0EFL21A     ,F ,D,1188.00,1188.00,1157.80,1157.97,1157.80,1178.92,5,85,99929.00,
936712,102EFL22    ,F ,D,1060.00,1060.00,1040.00,1045.33,1060.00,1060.00,13,109,114014.00,
936716,995EFL24A   ,F ,D,955.05,955.05,955.05,955.05,955.05,955.05,6,537,512861.00,
936718,104EFL24    ,F ,D,1017.50,1017.50,1015.00,1015.00,1015.00,1015.00,2,50,50812.00,
936720,0EFL24      ,F ,D,1099.50,1099.50,1099.50,1099.50,1099.50,1045.11,1,30,32985.00,
936722,995EFL29    ,F ,D,935.00,935.00,935.00,935.00,935.00,939.00,7,91,85085.00,
936726,925MFL21B   ,F ,D,1002.00,1002.00,1002.00,1002.00,1002.00,1001.10,1,2,2004.00,
936728,95MFL22     ,F ,D,1020.00,1020.00,1011.00,1011.00,1011.00,1012.06,8,186,188725.00,
936730,975MFL24AA  ,F ,D,1043.00,1043.00,1043.00,1043.00,1043.00,1047.98,6,700,730100.00,
936732,95MFL21A    ,F ,D,1071.01,1071.01,1071.01,1071.01,1071.01,1066.31,1,500,535505.00,
936752,995DLSL22   ,F ,D,970.00,970.00,970.00,970.00,970.00,970.00,2,15,14550.00,
936758,1013DLSL24  ,F ,D,951.00,951.00,951.00,951.00,951.00,951.00,3,32,30432.00,
936766,975KFL21A   ,F ,D,990.00,990.00,990.00,990.00,990.00,990.00,1,50,49500.00,
936786,93STF22     ,F ,D,1043.00,1043.00,1043.00,1043.00,1043.00,1028.90,2,10,10430.00,
936810,865TCFS27   ,F ,D,1127.00,1127.00,1120.00,1120.05,1120.00,1130.00,5,235,263315.00,
936818,95IFL22A    ,F ,D,1021.00,1021.00,1021.00,1021.00,1021.00,975.00,3,58,59218.00,
936864,0MMFL22A    ,F ,D,1000.00,1089.90,1000.00,1089.90,1089.90,0.00,10,125,126571.00,
936908,BILNCD      ,F ,D,32.10,32.32,32.00,32.05,32.05,32.00,15,6580,211074.00,
936914,95MFL22A    ,F ,D,1010.00,1010.00,1010.00,1010.00,1010.00,1000.00,1,10,10100.00,
936924,10MFL22A    ,F ,D,1100.40,1100.40,1100.40,1100.40,1100.40,1134.00,1,9,9903.00,
936930,975MFL24B   ,F ,D,1050.01,1055.00,1050.01,1055.00,1055.00,1035.13,2,15,15775.00,
936955,1065MHFL24  ,F ,D,1060.00,1060.00,1060.00,1060.00,1060.00,1060.00,2,55,58300.00,
936961,99ECL21     ,F ,D,1010.00,1020.00,981.15,991.64,1018.00,1010.00,20,615,610072.00,
936963,0ECL21      ,F ,D,1095.00,1095.00,1095.00,1095.00,1095.00,1098.50,1,50,54750.00,
936965,102ECL23    ,F ,D,981.00,981.00,980.00,980.00,980.00,990.00,3,50,49040.00,
936969,995ECL24    ,F ,D,955.00,955.10,921.00,955.00,955.00,961.93,37,1028,970312.00,
936971,104ECL24    ,F ,D,965.00,965.00,960.00,961.40,960.00,969.95,11,570,548500.00,
936975,995ECL29    ,F ,D,965.00,970.00,941.00,941.00,941.00,975.00,12,600,574000.00,
936997,845LTFL22   ,F ,D,1039.00,1039.00,1039.00,1039.00,1039.00,1038.00,1,50,51950.00,
937037,0MFL27A     ,F ,D,1105.05,1105.05,1105.05,1105.05,1105.05,1190.00,1,100,110505.00,
937041,81TCHF23    ,F ,D,1040.00,1040.00,1035.00,1035.00,1035.00,1027.52,4,228,236486.00,
937049,83TCHF25    ,F ,D,1055.00,1055.00,1055.00,1055.00,1055.00,1041.25,2,200,211000.00,
937057,84TCHF28    ,F ,D,1144.00,1144.00,1063.16,1063.19,1063.20,1063.30,7,300,320078.00,
937061,852STFCL23  ,F ,D,965.00,975.00,965.00,975.00,975.00,1000.00,2,70,67700.00,
937067,885STFCL23  ,F ,D,1013.99,1013.99,1013.99,1013.99,1013.99,1001.50,2,50,50699.00,
937069,9STFCL25    ,F ,D,1011.99,1011.99,1011.99,1011.99,1011.99,1002.12,1,10,10119.00,
937077,97EFIL21    ,F ,D,990.00,1016.99,975.00,1014.40,1016.99,990.00,10,181,177890.00,
937079,0EFIL21     ,F ,D,1081.00,1091.00,1080.00,1091.00,1091.00,1080.10,28,1511,1638258.00,
937085,98EFIL25    ,F ,D,1000.00,1000.00,940.00,975.00,975.00,985.00,6,259,250520.00,
937111,0MFL22CC    ,F ,D,1061.05,1061.05,1035.00,1037.94,1035.00,1090.00,3,18,18706.00,
937113,0MFL23CC    ,F ,D,1126.00,1126.00,1126.00,1126.00,1126.00,1046.98,1,90,101340.00,
937117,94MMFL21    ,F ,D,990.00,995.00,990.00,995.00,995.00,990.00,2,15,14900.00,
937153,95MVAFL23   ,F ,D,985.00,985.00,985.00,985.00,985.00,985.00,1,51,50235.00,
937209,95MMFL21    ,F ,D,980.00,992.00,980.00,992.00,992.00,966.17,5,138,136734.00,
937255,0MFL22C     ,F ,D,1057.50,1057.50,1057.00,1057.00,1057.00,1036.00,3,60,63445.00,
937261,95MMFL22    ,F ,D,995.00,995.00,995.00,995.00,995.00,980.01,1,7,6965.00,
937275,0KFL21F     ,F ,D,965.05,1009.00,965.00,1009.00,1009.00,999.00,3,14,13686.00,
937281,10KFL24B    ,F ,D,960.04,960.04,960.03,960.03,960.03,990.00,3,200,192006.00,
937291,885MFL23    ,F ,D,995.00,995.00,995.00,995.00,995.00,1000.00,1,5,4975.00,
937297,925MFL23C   ,F ,D,1014.80,1014.80,991.20,991.20,991.20,993.67,2,64,64593.00,
937307,0MFL25D     ,F ,D,1060.00,1060.00,1060.00,1060.00,1060.00,1059.45,1,10,10600.00,
937311,MFLOII25    ,F ,D,999.00,999.00,999.00,999.00,999.00,999.90,8,299,298701.00,
937315,MFLOIV25    ,F ,D,990.00,990.00,990.00,990.00,990.00,971.00,1,27,26730.00,
937327,10MMFL23C   ,F ,D,985.00,985.00,985.00,985.00,985.00,941.00,1,10,9850.00,
937335,935EFSL24   ,F ,D,991.99,991.99,989.90,989.90,989.90,979.99,2,20,19818.00,
937339,939EFSL26   ,F ,D,1000.00,1000.00,990.00,990.00,990.00,985.00,11,515,514170.00,
937341,98EFSL26    ,F ,D,985.50,985.50,975.00,975.00,975.00,985.60,6,57,55736.00,
937345,953EFSL31   ,F ,D,990.00,990.00,990.00,990.00,990.00,1000.00,3,80,79200.00,
937359,MFLVI26     ,F ,D,960.00,960.00,950.00,952.26,950.00,945.00,5,250,238451.00,
937361,48PFCL24    ,F ,D,940.00,952.00,921.05,952.00,952.00,958.00,5,13,12093.00,
937373,7PFCL31     ,F ,D,996.74,996.74,996.74,996.74,996.74,988.23,2,20,19934.00,
937377,683PFCL31   ,F ,D,981.80,981.80,981.80,981.80,981.80,970.00,1,70,68726.00,
937381,697PFCL36   ,F ,D,1010.50,1010.50,1003.50,1009.00,1009.00,1006.00,11,218,219499.00,
937385,715PFCL36   ,F ,D,998.10,1000.68,997.10,1000.53,1000.53,998.04,44,3325,3322692.00,
937387,0KFL22E     ,F ,D,950.00,975.00,950.00,975.00,975.00,950.00,3,20,19250.00,
937403,825MFL23    ,F ,D,950.00,970.00,950.00,955.00,955.00,949.10,23,1050,1008778.00,
937409,9MFL27      ,F ,D,988.00,988.00,982.10,982.10,982.10,972.00,6,260,255729.00,
937411,94MFL27     ,F ,D,985.00,985.00,985.00,985.00,985.00,982.27,1,10,9850.00,
937413,0MFL23E     ,F ,D,1000.50,1000.50,951.05,980.00,980.00,997.24,10,558,555014.00,
937421,925MMFL22   ,F ,D,970.00,980.00,970.00,980.00,980.00,970.01,12,419,407923.00,
947146,TATA18MAR11 ,F ,D,1058500.00,1059500.00,1058500.00,1059000.00,1059000.00,1059950.00,4,4,4236000.00,
947637,TPCL02JUN11 ,F ,D,1049000.00,1049000.00,1048500.00,1048500.00,1048500.00,1047500.00,2,2,2097500.00,
951680,1125ECL2025 ,F ,D,1070000.00,1070000.00,1070000.00,1070000.00,1070000.00,1165000.00,1,1,1070000.00,
955770,897UPPCL25  ,F ,D,1050338.56,1050338.56,1050338.56,1050338.56,1050338.56,1047115.53,1,2,2100677.00,
957803,1015UPPCL22 ,F ,D,1018079.45,1018079.45,1018079.45,1018079.45,1018079.45,1020000.00,1,2,2036158.00,
957806,1015UPPCL24 ,F ,D,1037819.62,1037819.62,1037819.62,1037819.62,1037819.62,1033885.27,1,2,2075639.00,
957810,1015UPPCL28 ,F ,D,1055000.00,1055000.00,1055000.00,1055000.00,1055000.00,1050000.00,4,4,4220000.00,
958511,1025STFL24  ,F ,D,1040000.00,1060800.00,1040000.00,1060800.00,1060800.00,1045000.00,2,2,2100800.00,
958670,1175SIBL29  ,F ,D,105888.00,107000.00,105888.00,107000.00,107000.00,103550.00,2,20,2128880.00,
958776,1060SHFL22  ,F ,D,102338.60,102338.60,102338.60,102338.60,102338.60,102314.47,1,10,1023386.00,
959188,EEL130120   ,F ,D,112861.00,112861.00,112861.00,112861.00,112861.00,0.00,4,40,4514440.00,
959209,1375SIBLPER ,F ,D,101000.00,101000.00,101000.00,101000.00,101000.00,100500.00,2,20,2020000.00,
959309,95STFC23    ,F ,D,1011753.37,1011753.37,1011753.37,1011753.37,1011753.37,1010100.87,1,2,2023506.00,
959756,825BOBPER   ,F ,D,1063000.00,1063000.00,1063000.00,1063000.00,1063000.00,1054000.00,1,1,1063000.00,
960322,1050BML22   ,F ,D,853690.95,853690.95,853690.95,853690.95,853690.95,1020424.66,1,2,1707381.00,
961711,PFCBS1      ,F ,B,5384.00,5384.00,5384.00,5384.00,5384.00,5383.50,1,4,21536.00,
961712,PFCBS2      ,F ,B,11035.00,11040.00,11035.00,11039.43,11038.00,11036.00,8,44,485674.00,
961713,PFCBS3      ,F ,B,5406.11,5406.11,5406.11,5406.11,5406.11,5401.31,1,2,10812.00,
961714,PFCBS4      ,F ,B,11751.00,11890.00,11751.00,11890.00,11890.00,11880.02,2,8,94564.00,
961715,PFCBT1S1    ,F ,B,5117.50,5118.00,5117.00,5118.00,5118.00,5117.00,3,9,46056.00,
961716,PFCBT1S2    ,F ,B,10800.00,10800.00,10632.00,10632.00,10632.00,10625.55,4,9,96538.00,
961719,IDFCFBLD1I  ,F ,B,5076.00,5076.00,5075.00,5075.00,5075.00,5076.00,3,8,40603.00,
961720,IDFCFBLD1J  ,F ,B,11032.05,11050.00,11032.05,11040.84,11050.00,11030.06,5,10,110373.00,
961721,LTINF90122I ,F ,B,1022.00,1022.30,1022.00,1022.30,1022.30,1021.05,4,32,32711.00,
961722,LTINF9122II ,F ,B,2218.80,2221.00,2218.80,2220.01,2220.01,2218.76,27,334,741495.00,
961727,820NHAI22   ,F ,B,1068.00,1068.00,1068.00,1068.00,1068.00,1068.29,1,250,267000.00,
961729,820PFC2022  ,F ,B,1065.00,1065.00,1065.00,1065.00,1065.00,1065.88,2,173,184245.00,
961730,830PFC2027  ,F ,B,1213.45,1213.45,1213.45,1213.45,1213.45,1204.50,1,500,606725.00,
961732,810IRFC2327 ,F ,B,1215.00,1215.00,1200.00,1209.00,1209.00,1209.00,18,810,976232.00,
961733,HUDCO050322 ,F ,B,1042.00,1049.00,1042.00,1048.99,1048.99,1049.00,16,1000,1048515.00,
961734,HUDCO050327 ,F ,B,1185.10,1192.00,1185.10,1192.00,1192.00,1191.00,4,414,492660.00,
961736,870IDFCFBL  ,F ,B,10650.00,10650.11,10650.00,10650.11,10650.11,10658.00,3,12,127800.00,
961737,870LNT22A   ,F ,B,1093.00,1093.00,1093.00,1093.00,1093.00,1093.00,3,60,65580.00,
961738,870LNT22B   ,F ,B,2134.60,2136.00,2134.48,2136.00,2136.00,2134.60,14,190,405647.00,
961740,89SEFL17B   ,F ,B,760.05,760.05,760.05,760.05,760.05,760.00,1,5,3800.00,
961742,915SEFL17B  ,F ,B,641.00,641.00,631.00,631.10,631.10,630.00,4,145,92003.00,
961743,793REC22    ,F ,B,1088.00,1088.00,1088.00,1088.00,1088.00,1087.00,1,50,54400.00,
961750,719PFC2023  ,F ,B,1051.50,1051.50,1051.50,1051.50,1051.50,1050.50,1,700,736050.00,
961765,751HUDCO28  ,F ,B,1165.13,1170.00,1165.13,1170.00,1170.00,1167.12,2,20,23351.00,
961775,801REC23    ,F ,B,1136.00,1136.00,1136.00,1136.00,1136.00,1105.00,1,10,11360.00,
961779,871REC28    ,F ,B,1271.00,1271.00,1270.50,1270.97,1271.00,1269.64,13,288,366034.00,
961784,839HUDCO23  ,F ,B,1120.00,1121.00,1106.00,1118.00,1115.00,1120.00,9,1155,1287760.00,
961785,876HUDCO28  ,F ,B,1285.00,1298.00,1285.00,1295.00,1295.00,1283.25,5,37,47760.00,
961797,850IIFCL33  ,F ,B,1350.00,1350.00,1350.00,1350.00,1350.00,1360.00,3,30,40500.00,
961800,854PFC28    ,F ,B,1260.00,1281.75,1260.00,1281.75,1281.75,1282.00,3,21,26581.00,
961810,891NTPC33   ,F ,B,1398.99,1398.99,1398.99,1398.99,1398.99,1393.00,3,50,69949.00,
961814,876HUDCO24  ,F ,B,1162.99,1162.99,1162.90,1162.90,1162.90,1135.10,2,120,139557.00,
961816,901HUDCO34  ,F ,B,1427.00,1430.00,1427.00,1428.50,1430.00,1427.00,4,1000,1428499.00,
961822,891IIFCL34  ,F ,B,1391.00,1398.00,1391.00,1398.00,1398.00,1391.00,4,26,36233.00,
961839,880IREDA29  ,F ,B,1268.00,1268.00,1260.00,1260.00,1260.00,1283.81,3,110,138680.00,
961851,900KPL29    ,F ,B,1367.00,1367.00,1367.00,1367.00,1367.00,1374.99,1,52,71084.00,
961863,898HUDCO29  ,F ,B,1335.00,1398.90,1330.00,1398.90,1398.90,1350.00,4,348,463643.00,
961893,841IIFCL24B ,F ,B,1190.00,1190.00,1190.00,1190.00,1190.00,1190.00,9,199,236810.00,
961895,880IIFCL29  ,F ,B,1330.01,1330.01,1330.01,1330.01,1330.01,1380.00,1,25,33250.00,
961906,736NTPC25D  ,F ,B,1131.00,1131.00,1130.00,1130.00,1130.00,1130.00,4,50,56510.00,
961908,753NTPC30E  ,F ,B,1220.01,1220.01,1220.01,1220.01,1220.01,1223.11,5,201,245222.00,
961912,HDFCW3      ,W ,B,879.80,879.80,879.80,879.80,879.80,810.00,1,600,527880.00,
961913,MOLDTKWARR  ,W ,B,245.00,245.00,245.00,245.00,245.00,245.00,1,390,95550.00,
972657,IFCI010811D ,F ,B,11000.00,11000.00,10900.00,10900.00,10900.00,10859.00,2,20,219000.00,
972690,IFCI311011C ,F ,B,10350.00,10354.00,10350.00,10354.00,10354.00,10320.00,5,120,1242200.00,
972704,IFCI121211A ,F ,B,10510.01,10510.51,10510.01,10510.51,10510.51,10530.00,2,8,84082.00,
972705,IFCI121211B ,F ,B,5011.00,5011.00,5011.00,5011.00,5011.00,5007.01,1,2,10022.00,
972713,IFCI150212A ,F ,B,10890.38,10979.99,10890.38,10958.63,10974.40,11000.00,26,98,1072520.00,
972714,IFCI150212B ,F ,B,5007.00,5013.00,5007.00,5012.00,5012.00,5007.00,7,17,85181.00,
972715,IFCI150212C ,F ,B,11150.00,11150.00,11150.00,11150.00,11150.00,11185.00,1,1,11150.00,
972720,IFCI310312B ,F ,B,5350.00,5350.00,5325.00,5325.00,5325.00,5350.00,2,6,32000.00,
972721,IFCI310312C ,F ,B,10480.01,10500.00,10480.01,10500.00,10500.00,10480.00,5,12,125840.00,
972722,IFCI310312D ,F ,B,5326.66,5350.00,5326.66,5350.00,5350.00,5293.15,4,6,32006.00,
972883,893PTCIF22  ,F ,B,5402.50,5402.50,5402.50,5402.50,5402.50,5101.00,1,1,5402.00,
972885,893PTCIF22A ,F ,B,10740.10,10830.00,10740.10,10830.00,10830.00,10750.00,5,12,129240.00,
