SC_CODE,SC_NAME,SC_GROUP,SC_TYPE,OPEN,HIGH,LOW,CLOSE,LAST,PREVCLOSE,NO_TRADES,NO_OF_SHRS,NET_TURNOV,TDCLOINDI
500002,ABB LTD.    ,A ,Q,2147.25,2147.55,2081.30,2103.40,2120.00,2155.20,1203,7522,15874852.00,
500003,AEGIS LOGIS ,A ,Q,197.30,203.40,189.80,194.75,194.75,205.00,2683,138488,27077966.00,
500008,AMAR RAJA BA,A ,Q,545.50,552.85,537.05,547.95,549.35,555.50,7058,111432,60675591.00,
500009,A.SARABHAI  ,X ,Q,31.40,32.50,30.20,31.55,31.55,32.05,829,187418,5842587.00,
500010,HDFC        ,A ,Q,2160.00,2160.00,2098.20,2120.65,2120.65,2219.85,35520,368795,784336737.00,
500012,ANDHRA PETRO,B ,Q,98.00,98.00,94.60,94.60,94.60,99.55,1827,176304,16831693.00,
500013,ANSAL INFRAS,B ,Q,13.55,14.00,13.50,13.60,13.60,14.20,107,19295,264304.00,
500014,UTIQUE      ,XT,Q,6.20,6.20,5.66,6.05,6.10,5.95,451,82854,500291.00,
500016,ARUNAHTEL   ,X ,Q,10.00,10.20,9.66,10.15,10.20,10.16,70,36941,366531.00,
500020,BOM DYEING  ,A ,Q,94.20,97.20,94.20,95.00,95.00,99.85,4050,408800,39078713.00,
500023,ASIANHOTNR  ,B ,Q,75.15,78.40,74.75,76.15,76.05,74.55,41,1987,153032.00,
500027,ATUL LTD.   ,A ,Q,8499.00,8671.70,8224.05,8600.95,8600.95,8574.70,1522,2892,24356004.00,
500028,ATV PROJECTS,XT,Q,11.00,11.00,10.45,10.50,10.50,10.96,81,20421,217203.00,
500031,BAJAJ ELECT.,A ,Q,1050.00,1138.50,1032.00,1117.80,1117.80,1071.85,2112,11644,12482218.00,
500032,BAJAJHIND   ,A ,Q,14.49,14.65,14.00,14.45,14.45,14.57,2895,1679952,23981611.00,
500033,FORCE MOTR  ,A ,Q,1000.00,1010.80,976.00,982.50,982.50,1022.90,1108,4166,4114341.00,
500034,BAJFINANCE  ,A ,Q,6380.00,6380.00,6097.55,6122.55,6122.55,6539.25,54568,316680,1966910472.00,
500038,BALRAM.CHINI,A ,Q,416.00,448.50,409.00,443.55,443.55,420.75,9239,499452,212316842.00,
500039,BANCO PROD. ,B ,Q,138.00,138.00,133.20,134.65,135.75,139.80,800,17009,2292352.00,
500040,CENTURY TEXT,A ,Q,715.05,728.60,699.00,707.20,707.20,735.20,2758,26310,18748292.00,
500041,BANNARI AMAN,A ,Q,2158.45,2370.00,2157.75,2249.15,2370.00,2286.10,132,302,674443.00,
500042,BASF INDIA  ,A ,Q,2663.15,2682.95,2623.10,2630.70,2627.00,2687.20,679,2729,7254258.00,
500043,BATA INDIA  ,A ,Q,1700.00,1710.50,1655.10,1698.85,1705.00,1721.95,1835,14288,24031998.00,
500048,BEML LTD    ,A ,Q,1520.00,1520.00,1420.00,1439.20,1439.20,1522.00,1624,11293,16671706.00,
500049,BHARAT ELECT,A ,Q,212.45,218.50,206.65,214.60,214.60,215.00,13417,870752,184688557.00,
500052,BHANSALI ENG,A ,Q,125.00,125.30,122.40,123.25,123.50,126.25,1825,93692,11561828.00,
500058,BIHAR SPONGE,XT,Q,12.12,12.12,12.12,12.12,12.12,11.55,85,61335,743380.00,
500060,BIRLACABLE  ,B ,Q,147.00,148.40,138.05,141.55,141.05,143.55,1801,75626,10844912.00,
500067,BLUE STAR   ,A ,Q,1020.00,1020.80,979.75,1012.65,1020.15,1027.80,1265,11364,11336510.00,
500068,DISA INDIA  ,X ,Q,5745.00,5745.00,5232.00,5466.05,5466.05,5717.85,130,502,2797308.00,
500069,BNK CAPITAL ,X ,Q,230.25,265.00,230.25,244.95,244.95,245.00,35,806,198581.00,
500074,BPL LTD.    ,B ,Q,53.60,53.60,50.35,51.30,51.50,53.60,243,12226,630327.00,
500078,OAL         ,B ,Q,600.05,600.05,580.00,590.95,590.95,607.40,330,6682,3925391.00,
500083,CENTURY EXT ,B ,Q,12.99,13.00,12.34,12.38,12.50,12.98,303,98978,1236644.00,
500084,CESC LTD.   ,A ,Q,78.90,79.00,76.25,78.15,78.15,78.20,1580,152312,11774199.00,
500085,CHAMBAL FERT,A ,Q,387.00,387.55,377.10,380.20,379.20,390.35,1988,77080,29435152.00,
500086,EXIDE IND.  ,A ,Q,143.05,143.55,139.30,141.75,141.85,145.00,14205,519928,73294667.00,
500087,CIPLA LTD.  ,A ,Q,914.95,945.10,914.95,940.50,940.50,932.00,10033,164531,153482411.00,
500089,DIC INDIA   ,B ,Q,357.00,368.05,357.00,367.00,367.00,365.90,21,298,108161.00,
500092,CRISIL LTD  ,A ,Q,2700.00,2749.95,2616.00,2639.15,2655.70,2751.70,1316,3515,9424396.00,
500093,CGPOWER     ,B ,Q,167.00,167.00,161.25,161.25,161.25,169.70,1715,108512,17633033.00,
500096,DABUR (I)   ,A ,Q,523.75,527.40,502.00,506.00,506.00,539.45,13130,181522,93158101.00,
500097,DALMIASUG   ,A ,Q,398.05,425.15,398.05,423.40,421.20,413.20,1421,18947,7870028.00,
500101,ARVIND Ltd  ,A ,Q,115.00,115.00,103.10,104.30,104.30,116.15,3829,254537,27273190.00,
500102,BALARPUR IND,Z ,Q,1.14,1.14,1.14,1.14,1.14,1.20,66,319592,364334.00,
500103,BHEL        ,A ,Q,48.00,49.10,47.45,48.70,48.70,49.20,12826,3567322,172011661.00,
500104,HIND.PETRO  ,A ,Q,285.50,285.50,272.15,276.25,275.50,284.40,6120,311544,86291947.00,
500106,IFCI LTD    ,A ,Q,11.80,11.80,11.25,11.50,11.50,11.88,1040,562733,6452423.00,
500108,MAHA.TELE   ,A ,Q,24.80,24.80,23.15,23.55,23.55,25.10,2438,527860,12735473.00,
500109,MRPL        ,A ,Q,40.95,43.20,39.65,41.90,41.90,40.75,2230,284005,11782944.00,
500110,CHENNAI PET.,A ,Q,108.05,110.75,103.00,109.45,109.45,108.05,2025,132788,14153741.00,
500111,REL.CAP.    ,B ,Q,12.35,12.47,12.10,12.19,12.19,12.71,1112,338215,4149022.00,
500112,STATE BANK  ,A ,Q,447.75,453.35,433.50,440.35,440.35,461.95,38948,1912924,843165387.00,
500113,STEEL AUTH. ,A ,Q,97.00,99.15,94.80,98.05,98.05,97.60,25798,4879034,472297294.00,
500114,TITAN       ,A ,Q,2415.35,2419.60,2320.95,2389.75,2389.75,2443.60,13585,119752,284447839.00,
500116,IDBI BANK L ,A ,Q,41.45,41.65,40.55,40.85,40.85,42.15,4184,1146863,47044802.00,
500117,DCW LTD.    ,B ,Q,38.50,38.50,36.75,37.70,37.85,38.40,836,68807,2589330.00,
500119,DHAMPUR SUGA,A ,Q,380.20,414.70,380.20,408.75,411.00,397.05,4240,126671,50771489.00,
500120,DIAMINES&CHM,X ,Q,252.60,255.00,252.00,253.50,253.00,258.10,102,6810,1726327.00,
500123,ELANTAS     ,B ,Q,3489.95,3489.95,3296.00,3302.60,3300.00,3435.95,203,3501,11711623.00,
500124,DR.REDDY'S  ,A ,Q,3779.95,3790.50,3669.30,3771.20,3760.00,3829.30,7840,39940,149450533.00,
500125,E.I.D.PAR   ,A ,Q,400.00,406.70,393.30,403.05,401.90,406.30,2409,102972,41195088.00,
500126,PGHL        ,A ,Q,4480.00,4490.00,4400.00,4415.50,4425.30,4505.30,448,923,4090049.00,
500128,ELEC.CASTING,B ,Q,36.25,37.60,35.35,36.05,36.25,37.75,1840,275791,9954379.00,
500133,ESAB INDIA  ,A ,Q,2899.00,2899.00,2730.10,2792.95,2760.35,2812.80,266,390,1093019.00,
500135,EPL         ,A ,Q,153.55,156.40,148.95,150.10,151.85,157.05,1194,21773,3311288.00,
500136,ESTER INDUS.,B ,Q,121.00,122.55,118.20,120.50,120.95,122.60,929,27447,3303259.00,
500142,FGP LTD.    ,XT,Q,7.98,7.98,7.22,7.86,7.94,7.60,128,46522,357414.00,
500143,P.H.CAPITAL ,X ,Q,102.90,106.90,97.80,98.00,98.00,102.90,160,3924,392216.00,
500144,FINOL. CABLE,A ,Q,401.00,401.00,374.25,378.60,378.60,403.35,3142,43383,16564946.00,
500147,COCKERILL   ,X ,Q,1662.00,1691.95,1600.00,1619.35,1619.35,1713.30,346,7555,12424666.00,
500148,UFLEX LTD   ,A ,Q,486.30,500.75,484.05,496.05,496.05,510.20,2246,34882,17222941.00,
500150,FOSECO INDIA,B ,Q,1274.90,1306.15,1261.00,1297.40,1297.40,1293.50,48,350,447732.00,
500151,GOLDEN TOB  ,B ,Q,95.70,98.85,94.75,95.75,95.10,98.35,101,1601,154577.00,
500153,GANESH BENZO,B ,Q,93.20,98.40,93.20,95.60,95.50,98.00,478,24131,2312828.00,
500159,METROGLOBL  ,X ,Q,79.90,79.90,72.00,72.35,72.10,75.40,51,3008,219979.00,
500160,GTL LTD.    ,B ,Q,14.45,14.55,13.80,14.20,14.35,14.65,934,180996,2562067.00,
500163,GODFREY PH  ,A ,Q,988.90,1003.40,977.75,986.40,990.00,1010.45,784,4535,4499305.00,
500164,GODREJ IND  ,A ,Q,498.00,498.00,472.40,494.10,493.55,499.00,1488,20920,10098111.00,
500165,KANSAI NERO ,A ,Q,434.90,434.90,422.05,430.85,430.90,446.60,2796,22993,9831033.00,
500166,GOODRICKE   ,X ,Q,195.55,202.40,191.00,194.80,197.80,200.30,102,4592,900490.00,
500168,GOODYEAR (I),B ,Q,945.80,945.80,895.00,904.90,907.55,919.75,115,496,447619.00,
500170,GTN INDUS   ,XT,Q,48.60,49.95,47.10,47.60,48.55,49.55,90,38986,1842938.00,
500171,GHCL LTD    ,A ,Q,440.00,440.00,411.00,413.50,414.50,425.95,834,12025,4988417.00,
500173,GFLLIMITED  ,B ,Q,61.55,61.55,59.55,61.25,61.40,61.70,207,7653,465166.00,
500179,HCL INFOSYS ,B ,Q,18.95,18.95,18.15,18.25,18.25,19.10,1640,205822,3769689.00,
500180,HDFC BANK   ,A ,Q,1320.00,1330.55,1297.40,1323.70,1323.70,1366.60,78239,900647,1181902218.00,
500182,HEROMOTOCO  ,A ,Q,2300.00,2300.00,2170.65,2199.60,2199.60,2312.70,15297,97734,215769276.00,
500183,HFCL        ,A ,Q,68.40,69.20,67.50,68.30,68.30,70.00,11197,2498340,170452630.00,
500184,HSCL        ,A ,Q,56.00,56.00,53.75,54.00,54.00,55.90,6233,1400120,76163375.00,
500185,HIND.CONSTN.,A ,Q,15.00,15.05,14.30,14.45,14.45,15.15,2484,1527998,22406033.00,
500186,HIND.OIL EXP,A ,Q,201.15,207.30,194.80,198.50,198.00,196.90,2979,170206,33869624.00,
500187,HSIL        ,A ,Q,278.90,283.20,268.80,274.90,278.10,281.25,1244,14006,3848307.00,
500188,HINDUS.ZI   ,A ,Q,324.70,330.45,315.90,319.60,319.60,321.20,4397,148391,48017319.00,
500189,NXTDIGITAL  ,B ,Q,374.05,387.90,374.05,384.10,380.00,388.75,152,471,179792.00,
500191,HMT LTD.    ,Z ,Q,28.00,28.00,26.25,26.55,26.80,27.60,40,2465,65208.00,
500192,PRAG BOSIMI ,XT,Q,3.01,3.31,3.01,3.18,3.18,3.16,99,33553,103800.00,
500193,HLVLTD      ,B ,Q,9.02,9.05,8.72,8.75,8.85,9.17,201,49275,434450.00,
500199,I.G.PETRO   ,B ,Q,651.65,654.75,624.10,627.85,628.25,659.75,1731,19853,12639180.00,
500201,IND.GLYCOLS ,A ,Q,799.00,812.70,780.50,804.50,801.65,812.95,1301,14100,11201488.00,
500206,MARGO FIN   ,X ,Q,28.90,30.30,27.50,28.00,28.00,28.90,22,2547,71330.00,
500207,INDO RAMA   ,B ,Q,70.00,70.00,61.75,62.10,62.30,65.45,585,29829,1873348.00,
500209,INFOSYS LTD ,A ,Q,1695.00,1750.60,1695.00,1739.55,1739.55,1723.55,36829,548075,948955804.00,
500210,INGERSOLL   ,A ,Q,1380.50,1380.50,1278.00,1299.45,1307.00,1359.30,853,4256,5578318.00,
500211,INSILCO LTD.,X ,Q,7.30,7.64,6.98,6.98,6.98,7.34,176,82441,583831.00,
500213,INTER.TRAVEL,XT,Q,99.00,99.00,94.50,99.00,99.00,99.45,43,1596,154975.00,
500214,ION EXCHANGE,A ,Q,1767.80,1798.45,1731.55,1748.25,1753.00,1828.05,1513,5025,8855535.00,
500215,AGRO TECH FO,A ,Q,850.00,875.75,827.40,837.75,830.00,865.00,111,215,180791.00,
500219,JAIN IRRIG  ,A ,Q,37.75,39.20,36.80,37.75,37.75,38.95,2267,504917,19086677.00,
500220,JASCH INDUST,X ,Q,159.00,159.00,150.80,155.20,156.35,159.60,451,17880,2759527.00,
500223,JCT LTD     ,XT,Q,4.04,4.24,4.04,4.04,4.04,4.25,2222,1908478,7763736.00,
500227,JINDAL POLYF,A ,Q,998.30,1018.35,979.95,991.65,991.00,1019.90,945,7343,7340474.00,
500228,JSWSL       ,A ,Q,624.35,642.65,622.40,637.35,637.35,632.05,9856,403907,255076497.00,
500231,UMANG DAIR  ,B ,Q,65.45,66.50,63.00,63.40,63.05,66.10,348,10979,718890.00,
500233,KAJARIA CER.,A ,Q,944.00,952.95,908.45,914.50,912.00,952.15,2098,18760,17343151.00,
500234,KAKATIYA CEM,B ,Q,211.00,216.20,206.00,209.00,209.00,214.35,111,754,158280.00,
500235,KALYANI STEL,A ,Q,303.80,303.80,288.80,295.80,297.20,299.90,1221,10812,3214204.00,
500236,KANELIND    ,X ,Q,3.56,3.56,3.35,3.47,3.46,3.46,124,17724,60913.00,
500238,WHIRLPOOL   ,A ,Q,1644.00,1644.00,1577.70,1611.15,1608.40,1637.35,3553,12318,19744509.00,
500239,KG DENIM    ,X ,Q,44.00,46.30,42.65,42.65,42.65,44.85,106,47407,2048240.00,
500240,KINETIC ENG.,XT,Q,83.00,87.30,79.00,87.15,87.15,83.15,340,37692,3154842.00,
500241,KIRL.BROS.  ,A ,Q,284.25,285.95,270.00,277.55,277.55,284.90,345,40791,11297388.00,
500243,KIRL INDUS  ,B ,Q,1352.00,1364.65,1303.15,1314.05,1303.15,1376.95,149,846,1130042.00,
500245,KIRL.FERROUS,A ,Q,190.55,193.05,185.35,188.00,188.00,195.10,1864,83406,15707287.00,
500246,ENVAIN ELECT,X ,Q,26.85,26.85,25.00,26.85,26.85,24.65,5,111,2978.00,
500247,KOTAK MAH.BK,A ,Q,1700.00,1730.80,1680.25,1713.85,1713.85,1753.90,24769,315131,536551500.00,
500248,KRIFILIND   ,XT,Q,8.01,8.01,7.80,7.80,7.80,7.63,6,32,253.00,
500249,KSB         ,A ,Q,1097.50,1159.90,1022.85,1144.65,1144.65,1057.70,2071,12739,14159773.00,
500250,L.G.BALKRISH,A ,Q,533.00,546.00,517.10,525.45,524.00,555.05,2424,35699,18985609.00,
500251,TRENT LTD.  ,A ,Q,1090.00,1090.00,1040.10,1064.65,1064.65,1094.40,1363,10744,11355110.00,
500252,LAXMIMACH   ,A ,Q,9813.00,10008.25,9670.40,9901.95,9914.90,10156.95,741,1108,10917085.00,
500253,LIC HOUS.FIN,A ,Q,339.35,339.35,321.20,330.65,330.65,342.55,12409,473365,154884784.00,
500257,LUPIN LTD.  ,A ,Q,700.00,703.25,678.65,700.65,700.65,704.40,7233,130745,90441319.00,
500259,LYKA LABS   ,T ,Q,131.00,135.95,130.55,131.80,131.00,136.10,82,5968,795598.00,
500260,RAMCOCEM    ,A ,Q,730.00,730.00,692.90,698.60,696.85,734.60,2753,36590,25935449.00,
500264,MAFATLAL IND,XT,Q,160.00,163.80,156.05,160.00,162.80,159.95,47,5956,951028.00,
500265,MAH.SEAMLESS,A ,Q,512.05,512.05,494.25,502.10,499.90,512.05,919,10809,5412635.00,
500266,MAH.SCOOTER ,A ,Q,3400.15,3492.05,3319.15,3421.50,3421.50,3429.80,303,2130,7256899.00,
500267,MAJESTIC AUT,X ,Q,128.05,132.00,125.00,129.25,130.00,128.20,65,2204,281412.00,
500268,MANALI PETRO,B ,Q,97.10,97.10,93.25,93.75,93.65,97.10,1185,54087,5102809.00,
500271,MFSL        ,A ,Q,780.00,797.60,753.45,779.00,775.95,787.70,2449,39714,30997327.00,
500279,MIRC ELECT  ,B ,Q,19.20,19.45,18.40,18.40,18.50,19.35,448,48924,915193.00,
500280,CENTURY ENKA,B ,Q,510.00,526.10,494.80,518.00,518.50,513.60,1535,24595,12646927.00,
500284,LORDS CHLORO,XT,Q,87.70,87.70,83.20,85.65,84.05,83.55,33,2798,236637.00,
500285,SPICEJET LTD,A ,Q,57.95,58.40,53.30,54.50,55.90,59.35,10002,1229523,68672662.00,
500288,MOREPEN LAB.,A ,Q,40.00,40.00,38.80,39.10,39.10,40.15,3458,343583,13479385.00,
500290,MRF LTD.    ,A ,Q,64500.00,66440.25,63800.05,66115.05,66067.00,66013.70,566,1097,71661215.00,
500292,HEIDEL CEM  ,A ,Q,184.00,184.05,178.95,181.45,181.45,184.80,1494,51761,9330326.00,
500294,NCC         ,A ,Q,58.65,60.15,58.40,59.60,59.60,61.30,2041,340872,20194495.00,
500295,VEDL        ,A ,Q,372.00,389.00,372.00,387.20,387.20,373.75,21612,1289842,491750418.00,
500296,NAHAR SPG.  ,T ,Q,490.00,495.00,475.05,478.90,478.90,499.60,129,11170,5371736.00,
500298,NAT.PEROXIDE,B ,Q,1529.00,1529.00,1472.35,1476.85,1475.00,1532.50,458,4919,7318969.00,
500300,GRASIM IND. ,A ,Q,1460.00,1475.00,1420.00,1445.55,1445.55,1480.30,6184,72021,104000779.00,
500302,PEL         ,A ,Q,2040.00,2040.00,1866.40,1886.45,1886.45,2048.70,9618,80869,155118373.00,
500304,NIIT LTD.   ,A ,Q,431.35,440.95,412.55,431.00,431.00,432.25,1784,41243,17747886.00,
500306,JAYKAY      ,X ,Q,58.45,59.25,56.00,57.85,57.85,58.50,170,23609,1362071.00,
500307,NIRLON      ,B ,Q,366.40,380.00,355.60,363.75,364.05,373.85,175,9055,3348651.00,
500312,ONGC CORPN  ,A ,Q,168.00,189.80,167.40,187.05,187.05,165.15,46433,7911909,1422678503.00,
500313,OIL COUNTRY ,B ,Q,9.29,9.75,9.29,9.75,9.75,9.29,45,10055,97820.00,
500314,ORIENT HOTEL,B ,Q,50.60,58.00,50.60,56.20,56.45,53.75,2786,175429,9750925.00,
500317,OSWAL AGRO. ,B ,Q,25.85,26.60,25.65,25.65,25.65,27.00,199,25463,666685.00,
500319,INDIAN SUCRO,X ,Q,59.35,64.95,55.00,57.40,57.40,58.10,244,26860,1595940.00,
500325,RELIANCE    ,A ,Q,2296.00,2311.85,2222.65,2239.95,2239.95,2325.35,37375,577322,1305087018.00,
500327,PILITA      ,T ,Q,9.65,9.65,9.14,9.33,9.30,9.62,250,68798,634333.00,
500330,RAYMOND     ,A ,Q,682.00,690.05,645.00,658.40,658.40,700.45,4139,85524,56818061.00,
500331,PIDILITE    ,A ,Q,2230.00,2230.00,2145.00,2163.80,2163.80,2262.85,28448,110212,239236948.00,
500333,PIX TRANS   ,X ,Q,860.00,884.50,819.00,837.90,837.90,873.95,1333,20458,17306225.00,
500335,BIRLA CORPN.,A ,Q,1001.20,1049.50,982.60,1038.90,1038.90,1041.90,2834,19780,20060879.00,
500336,SURYA ROSHNI,A ,Q,414.40,414.40,391.70,396.45,399.00,414.80,1484,21703,8697078.00,
500337,PRIME SECUR.,B ,Q,98.00,98.50,94.10,96.00,94.55,98.10,105,2943,278089.00,
500338,PRSMJOHNSN  ,A ,Q,113.10,117.40,110.00,113.80,113.80,114.20,1293,74818,8332016.00,
500339,RAIN        ,A ,Q,169.95,172.35,163.35,168.85,168.85,174.00,7631,492212,82440762.00,
500343,AMJLAND     ,B ,Q,26.60,27.60,25.25,26.85,26.85,27.05,53,14715,389383.00,
500346,PUN.COMMUNI.,T ,Q,38.00,39.45,36.10,36.10,36.10,38.00,13,592,23081.00,
500350,RSWM  LTD   ,B ,Q,417.25,419.95,396.70,406.05,406.05,423.75,2075,25394,10479604.00,
500354,RAJSH.SUGAR ,T ,Q,29.55,29.55,27.80,28.05,28.50,29.25,36,2210,62344.00,
500355,RALLIS INDIA,A ,Q,245.75,248.00,237.50,239.75,240.00,242.10,1784,46506,11182168.00,
500356,RAMANEWS    ,B ,Q,17.20,17.20,16.70,16.90,16.75,17.20,134,15343,259582.00,
500357,RAMA PAPER  ,XT,Q,13.78,14.95,13.78,14.80,14.80,14.50,37,12485,177737.00,
500360,RAPICUT CARB,X ,Q,43.45,45.55,43.45,44.05,44.05,45.50,24,2983,130892.00,
500365,WELSPLSOL   ,X ,Q,16.40,16.80,15.50,16.10,16.00,16.55,569,250709,4003718.00,
500366,ROLTA (I)   ,T ,Q,5.89,5.89,5.60,5.60,5.60,5.89,168,97219,545236.00,
500367,RUBFILA INT.,X ,Q,86.00,90.80,86.00,88.55,89.00,90.00,485,30603,2728537.00,
500368,RUCHI SOYA  ,B ,Q,815.00,815.00,788.65,798.50,798.50,820.85,861,4592,3673204.00,
500370,SALORA INT. ,XT,Q,43.15,46.30,43.05,43.10,43.10,45.25,5,252,10867.00,
500378,JINDAL SAW  ,A ,Q,86.80,86.95,84.40,84.85,84.90,87.80,1610,105474,9045633.00,
500380,JK LAKSHMI  ,A ,Q,410.40,410.40,388.55,401.30,401.75,411.40,1226,13619,5427947.00,
500387,SHREE CEMENT,A ,Q,22500.00,22500.00,21667.50,21996.70,21996.70,22504.60,799,1304,28595938.00,
500390,REL INFRA   ,B ,Q,102.75,102.75,97.10,99.70,99.70,103.45,5916,644964,63929379.00,
500400,TATA POWER  ,A ,Q,214.35,219.60,212.25,216.25,216.25,221.45,60063,3780800,814288032.00,
500402,SPMLINFRA   ,T ,Q,47.90,47.90,45.55,45.90,45.90,47.90,56,10627,484894.00,
500403,SUNDARAM FAS,A ,Q,793.00,825.30,777.50,807.20,807.20,822.55,1515,5855,4710924.00,
500404,SUNFLAG IRON,A ,Q,68.20,68.20,65.35,66.35,65.55,68.40,1080,44429,2971513.00,
500405,SUPREME PET ,A ,Q,717.00,718.75,694.50,707.40,706.45,738.35,1229,7014,4948303.00,
500407,SWARAJ ENGIN,A ,Q,1300.00,1320.00,1292.55,1306.45,1312.00,1326.60,231,1526,1992528.00,
500408,TATA ELXSI  ,A ,Q,6650.00,6650.00,6465.70,6548.35,6548.35,6670.05,5487,18312,119978181.00,
500410,ACC LTD     ,A ,Q,1989.00,1989.00,1900.50,1951.55,1951.55,2009.25,2667,21054,40715259.00,
500411,THERMAX     ,A ,Q,1835.00,1835.00,1761.00,1765.85,1762.45,1837.00,1583,6386,11360508.00,
500412,THIRUMALAI  ,A ,Q,199.00,200.00,192.80,195.50,195.50,203.35,3454,152773,30067177.00,
500413,THOMAS COOK ,A ,Q,56.90,58.70,56.05,56.75,56.95,59.00,1345,83285,4736708.00,
500414,TIMEX GROUP ,X ,Q,60.95,62.25,59.00,61.75,61.90,62.95,423,58749,3571023.00,
500418,TOKYO PLAST ,B ,Q,86.00,86.00,83.50,84.15,83.50,86.40,34,494,42036.00,
500420,TORRENT PHAR,A ,Q,2780.00,2780.00,2660.10,2689.55,2689.55,2744.40,1146,3915,10618676.00,
500422,TRANSCHEM   ,X ,Q,24.35,26.10,23.70,24.20,24.15,24.45,79,12643,314190.00,
500425,AMBUJA CEME ,A ,Q,291.00,291.00,278.05,281.45,281.45,292.50,8313,320136,90523319.00,
500426,UTLINDS     ,XT,Q,5.84,5.84,5.45,5.45,5.45,5.73,443,129172,712667.00,
500429,UNIPHOS ENT.,B ,Q,125.00,126.50,124.10,126.10,126.10,125.00,91,1783,224201.00,
500439,VARD HOLDNG ,B ,Q,3321.00,3338.90,3300.00,3322.75,3338.90,3403.00,54,71,235831.00,
500440,HINDALCO    ,A ,Q,587.80,623.10,587.80,619.80,619.80,583.40,22105,1303866,788157014.00,
500444,WEST COAS PA,A ,Q,235.50,240.50,230.40,233.85,234.25,241.80,627,11046,2582501.00,
500449,HIND.ORG.CHM,B ,Q,28.30,28.40,27.65,27.90,27.90,28.85,247,32726,915864.00,
500456,PAS.ACRYLON ,B ,Q,37.75,38.80,36.95,37.75,37.90,38.90,346,25895,973694.00,
500459,PROCTER &GAM,A ,Q,14970.35,14970.35,14001.00,14075.45,14076.00,14970.35,520,747,10705157.00,
500460,MUKAND LTD. ,B ,Q,123.40,132.60,123.40,128.30,128.30,132.60,428,16933,2183790.00,
500463,BBOX        ,A ,Q,791.00,808.40,770.00,789.20,793.50,806.10,137,394,311567.00,
500464,UCAL FUEL   ,B ,Q,110.75,112.15,109.00,109.70,109.60,114.05,173,1984,218975.00,
500467,HARR.MALAYAL,B ,Q,130.05,134.55,129.10,130.35,130.95,135.80,400,6543,856987.00,
500469,FEDERAL BANK,A ,Q,91.00,92.35,86.00,87.45,87.45,93.25,15919,2053543,181515468.00,
500470,TATA STEEL  ,A ,Q,1278.00,1301.70,1263.85,1291.75,1291.75,1277.40,58544,1263781,1616279839.00,
500472,SKF INDIA   ,A ,Q,3250.00,3296.75,3155.00,3192.15,3171.00,3298.45,627,2129,6845722.00,
500477,ASHOK LEYL. ,A ,Q,103.00,103.20,96.85,99.20,99.20,105.85,40775,4100895,407602052.00,
500480,CUMMINS (I) ,A ,Q,940.00,964.00,910.00,946.40,960.85,949.65,1510,20069,18659004.00,
500483,TATA COMM   ,A ,Q,1111.00,1141.95,1084.50,1130.20,1131.35,1144.80,2809,38190,42412897.00,
500488,ABBOTT (I)  ,A ,Q,17000.00,17460.00,17000.00,17406.05,17449.00,17475.10,1064,2174,37521346.00,
500490,BAJ HOLD INV,A ,Q,4930.00,5005.80,4735.80,4853.45,4853.45,4939.70,1539,7983,38971963.00,
500493,BHARAT FORGE,A ,Q,615.00,629.30,603.10,612.60,611.90,633.15,13862,263981,161870686.00,
500495,ESCORTS LTD.,A ,Q,1825.00,1825.00,1779.00,1798.15,1805.10,1827.35,3215,66642,120007655.00,
500500,HIND.MOTORS ,B ,Q,10.32,10.54,10.10,10.17,10.36,10.58,295,65366,667771.00,
500510,LARSEN & TOU,A ,Q,1672.00,1672.00,1605.55,1634.30,1634.30,1711.70,32770,375785,611424219.00,
500520,MAH & MAH   ,A ,Q,727.80,727.80,682.00,689.30,689.30,732.10,12570,304566,211317445.00,
500530,BOSCH LTD   ,A ,Q,14510.00,14510.00,14050.00,14159.45,14200.00,14749.05,1716,2926,41710813.00,
500540,PREMIER LTD ,T ,Q,5.84,6.14,5.84,5.95,5.95,6.14,29,10594,64226.00,
500547,BHARAT PET. ,A ,Q,344.10,346.50,331.95,338.05,338.05,348.50,20952,857701,291277601.00,
500550,SIEMENS LTD.,A ,Q,2230.05,2289.95,2200.90,2221.45,2221.45,2290.45,3306,16246,36335519.00,
500570,TATA MOTORS ,A ,Q,402.10,402.35,387.90,394.20,394.20,417.50,164686,6447788,2543899304.00,
500575,VOLTAS LTD  ,A ,Q,1168.00,1168.00,1123.85,1147.25,1150.40,1175.50,4693,62722,71852872.00,
500620,GREAT EASTE ,A ,Q,309.25,321.70,304.00,318.35,320.50,312.85,2609,43360,13510733.00,
500645,DEEPAK FERT.,A ,Q,575.65,589.30,568.30,568.30,568.30,598.20,2040,60030,34407496.00,
500650,EXCEL INDUST,B ,Q,1549.00,1780.00,1515.00,1645.75,1645.75,1532.60,5165,39057,62805855.00,
500655,GRWRHITECH  ,A ,Q,750.75,772.95,728.60,748.10,762.00,773.55,976,10661,8001387.00,
500660,GLAXOSMITH  ,A ,Q,1458.00,1527.30,1458.00,1505.25,1509.50,1487.30,752,2914,4365937.00,
500670,GUJ.NARMADA ,A ,Q,586.00,617.00,569.05,608.50,608.50,601.95,10677,431343,257136622.00,
500672,NOVARTIS    ,B ,Q,613.80,613.80,583.00,588.20,588.20,613.80,290,3172,1876983.00,
500674,SANOFI      ,A ,Q,7140.00,7149.95,7010.00,7031.65,7031.65,7102.25,874,2199,15561124.00,
500680,PFIZER LTD. ,A ,Q,4278.75,4360.65,4211.20,4254.70,4240.00,4342.00,848,2092,8962840.00,
500690,GUJ.ST.FERT ,A ,Q,126.80,132.20,123.70,130.05,130.05,127.00,6164,338204,43612647.00,
500696,HIND UNI LT ,A ,Q,1994.00,1994.00,1928.00,1943.20,1943.20,2019.90,45041,289824,566594798.00,
500710,AKZOINDIA   ,A ,Q,1831.55,1875.55,1812.50,1828.90,1828.90,1846.95,383,1150,2114767.00,
500730,NOCIL LTD   ,A ,Q,207.40,207.40,194.50,197.65,197.65,209.10,2115,80759,15976162.00,
500770,TATA CHEM.  ,A ,Q,834.60,857.00,831.00,849.60,849.60,862.80,9267,181423,152875608.00,
500777,T.P.L.      ,A ,Q,94.00,94.00,91.50,91.95,92.15,94.85,1253,47846,4418386.00,
500780,ZUARIGLOB   ,B ,Q,165.60,170.20,163.00,164.05,164.05,167.00,828,19235,3183128.00,
500790,NESTLE (I)  ,A ,Q,17394.00,17408.00,17048.75,17342.50,17350.00,17389.60,1979,8448,145913174.00,
500800,TATACONSUM  ,A ,Q,660.00,673.40,650.75,659.70,659.70,670.05,13234,202397,133571756.00,
500820,ASIAN PAINTS,A ,Q,2650.00,2725.95,2601.00,2708.50,2708.50,2738.95,52064,353431,940154426.00,
500825,BRITANIA IND,A ,Q,3300.00,3303.40,3145.00,3154.05,3154.05,3371.35,9361,38195,122690676.00,
500830,COLGATE PALM,A ,Q,1420.00,1423.20,1390.05,1400.75,1400.50,1438.20,3014,28034,39242529.00,
500840,EIH LTD.    ,A ,Q,125.15,126.70,123.05,124.80,124.25,127.60,1259,39658,4967762.00,
500850,INDIAN HOTEL,A ,Q,183.25,191.80,180.75,189.25,189.25,190.60,8778,612782,113925083.00,
500870,CASTROL     ,A ,Q,108.00,108.00,106.50,107.35,107.35,108.35,2059,83776,8976203.00,
500875,ITC LTD.    ,A ,Q,222.90,226.90,220.10,224.80,224.80,225.45,20400,2453826,548641673.00,
500877,APOLLO TYRES,A ,Q,171.00,175.05,165.40,173.50,175.05,174.35,4507,327817,55389701.00,
500878,CEAT LIMITED,A ,Q,1006.05,1047.60,994.95,1006.25,1006.25,1060.95,2891,15543,15862386.00,
500890,MODI RUBBER ,T ,Q,68.00,69.00,67.50,69.00,69.00,68.15,4,226,15331.00,
500940,FINOLEX IND.,A ,Q,148.65,149.05,144.55,146.70,146.70,148.65,4874,122187,17946116.00,
501148,DALAL ST INV,XT,Q,267.15,267.15,267.15,267.15,267.15,272.60,2,2,534.00,
501150,CENTRUM CAP ,A ,Q,26.00,26.50,25.30,25.70,25.70,27.15,597,57151,1473299.00,
501242,TCI FINANCE ,T ,Q,6.65,6.65,6.40,6.40,6.40,6.35,5,141,928.00,
501298,INDUS.&PRUD.,X ,Q,1375.00,1490.00,1345.00,1410.00,1410.00,1385.45,34,326,452881.00,
501301,TATA INVEST.,A ,Q,1289.40,1315.20,1278.00,1290.60,1289.10,1310.95,793,3235,4178952.00,
501311,JAYBH.CREDIT,XT,Q,6.75,7.08,6.75,7.00,7.00,6.75,3,11,76.00,
501314,PRISMX      ,X ,Q,7.00,7.10,6.70,6.95,6.95,7.21,1029,219784,1527449.00,
501343,MOTOR&GEN.FI,T ,Q,26.50,27.50,26.15,27.50,27.50,27.40,13,1825,48212.00,
501370,WALCHAND PF ,X ,Q,123.55,125.00,123.55,125.00,125.00,128.95,3,82,10235.00,
501421,TECHNVISN   ,XT,Q,297.00,297.00,286.30,286.30,286.30,301.35,6,42,12367.00,
501423,SHA ENG PLA ,B ,Q,1682.05,1845.00,1682.05,1748.15,1744.00,1767.75,114,1121,1979590.00,
501425,BOM.BURMAH  ,A ,Q,905.00,911.95,860.00,878.00,879.35,934.65,3032,19978,17840044.00,
501430,BOM.CYCLE   ,X ,Q,593.95,603.40,541.10,590.05,590.00,595.00,36,422,244585.00,
501455,GREAVES COTT,A ,Q,156.60,167.25,156.60,161.90,162.10,163.20,6365,332870,54007939.00,
501622,AMALGAMATED ,XT,Q,16.70,17.10,16.35,17.10,17.10,16.35,18,418,7076.00,
501700,INDIA NIVEH ,X ,Q,18.35,18.50,17.45,17.45,17.45,18.35,29,1187,20890.00,
501831,COAST CORP  ,B ,Q,363.00,365.15,346.55,354.40,355.35,361.65,895,12678,4516414.00,
501833,CHOWGULE ST ,XT,Q,13.60,13.60,12.51,12.89,13.40,13.00,36,4320,56478.00,
501848,GLOBAL OFFS ,X ,Q,33.50,35.00,33.30,34.50,34.50,35.05,133,13663,465659.00,
501945,DHENUBUILD  ,XT,Q,2.14,2.14,2.06,2.06,2.06,2.10,11,3527,7507.00,
502015,ASIIL       ,XT,Q,14.50,15.20,14.50,14.95,15.20,15.00,38,7743,115064.00,
502090,SAGAR CEM.  ,B ,Q,209.00,209.70,202.60,207.05,209.70,211.05,826,12068,2469235.00,
502137,DECAN CEMENT,B ,Q,520.00,521.50,509.25,518.25,518.35,529.25,146,539,278790.00,
502157,MANGALAM CEM,A ,Q,334.80,336.00,325.55,326.45,327.75,340.20,235,4570,1502052.00,
502168,N C L IND.  ,A ,Q,168.00,174.15,168.00,172.20,172.90,175.35,773,27671,4770351.00,
502175,SAURAS.CEM. ,X ,Q,64.55,65.45,62.00,64.10,64.10,64.95,239,25958,1652866.00,
502180,SRI DIGV CEM,B ,Q,63.00,63.00,60.85,61.70,62.00,63.80,763,33180,2049813.00,
502219,BORORENEW   ,A ,Q,558.00,568.70,541.25,557.95,557.95,562.05,2619,117484,65363710.00,
502250,LERTHAI     ,XT,Q,185.20,185.20,167.60,167.60,167.60,176.40,3,4,700.00,
502271,RAASI REFRAC,XT,Q,15.20,15.20,15.00,15.00,15.00,15.25,4,1001,15215.00,
502281,TRIVENI GLAS,XT,Q,19.35,19.35,17.80,17.80,17.80,18.70,66,14841,272374.00,
502294,NILACHAL REF,XT,Q,43.30,43.30,43.30,43.30,43.30,45.55,11,207,8963.00,
502330,ANDPAPER    ,B ,Q,213.55,215.65,209.95,212.25,212.55,213.70,417,3377,720330.00,
502355,BALKRISH IND,A ,Q,1752.00,1835.55,1681.95,1824.30,1824.30,1767.80,7447,52929,93295550.00,
502420,ORIENT PAPER,B ,Q,26.05,26.75,26.05,26.45,26.45,27.30,636,79297,2094305.00,
502445,CITADEL     ,X ,Q,16.85,16.85,14.50,15.97,15.97,15.78,11,319,5091.00,
502448,ROLLATAINER ,T ,Q,2.26,2.40,2.26,2.28,2.30,2.37,143,119092,272049.00,
502450,SESHA.PAPER ,B ,Q,141.10,141.85,139.00,140.95,140.95,144.25,99,2840,401262.00,
502460,SOLID CONT. ,XT,Q,45.00,45.00,44.05,44.05,44.05,44.85,3,908,40004.00,
502563,SH.BHAWANI  ,Z ,Q,4.89,4.89,4.89,4.89,4.89,4.66,9,1174,5740.00,
502587,NATHIND     ,X ,Q,83.25,84.00,79.15,79.30,79.30,84.90,84,10057,825136.00,
502589,VAPI PAPER  ,XT,Q,41.00,42.90,41.00,42.90,42.90,41.00,5,825,33872.00,
502742,SINTEX IND. ,B ,Q,9.13,9.30,8.50,8.78,8.78,8.86,6118,6458958,58370631.00,
502820,DCM LTD.    ,B ,Q,94.60,97.70,90.70,92.95,92.85,96.40,188,2473,231428.00,
502865,FORBES & CO ,B ,Q,403.55,425.00,381.00,420.65,420.00,403.55,389,33394,13870100.00,
502873,H.P.COTTON  ,X ,Q,148.00,148.00,116.30,118.70,116.30,125.35,197,10528,1291257.00,
502933,KATARE SPG. ,XT,Q,225.90,225.90,204.40,223.35,223.00,215.15,379,24230,5337039.00,
502937,KESORAM IND ,A ,Q,51.70,52.35,48.40,49.95,49.95,52.75,2046,239049,12071736.00,
502958,LAKSHMI MILL,X ,Q,3855.85,3900.00,3700.00,3849.50,3825.05,3855.85,34,182,687801.00,
502986,VARDH TEXT  ,A ,Q,2631.30,2635.50,2520.00,2537.40,2549.00,2662.10,2825,15810,40613052.00,
503031,PENLAND LTD ,T ,Q,12.20,12.49,11.78,11.79,11.78,12.40,102,148457,1768678.00,
503092,PASUPATI SPG,X ,Q,24.00,24.00,23.85,23.85,23.85,23.20,5,47,1122.00,
503100,PHOENIX MILL,A ,Q,933.35,933.35,897.00,906.50,898.55,933.35,1764,22542,20490150.00,
503101,MARATHON NEX,B ,Q,98.45,98.45,93.05,96.95,98.00,100.45,231,6682,642110.00,
503127,RAJA BAHADUR,XT,Q,4563.00,4563.00,4151.50,4162.35,4161.00,4370.00,14,14,59431.00,
503162,REL.CHEMOTX ,X ,Q,243.00,243.00,230.00,240.05,240.05,243.05,140,8804,2102011.00,
503169,RUBY MILLS  ,B ,Q,296.65,302.20,291.25,294.65,292.55,307.45,370,2491,735464.00,
503229,SIMPLEX REAL,X ,Q,92.75,101.00,92.75,94.85,101.00,103.00,8,189,17682.00,
503310,SWAN ENG    ,A ,Q,159.70,159.70,156.95,157.00,157.00,160.35,80,1441,227082.00,
503349,VICTORIA MIL,X ,Q,2494.70,2494.70,2404.70,2426.50,2407.35,2483.20,7,8,19526.00,
503624,SVARAJ TRAD ,X ,Q,9.91,9.91,9.00,9.02,9.02,9.68,88,87784,811862.00,
503641,ZODIAC VEN  ,XT,Q,34.90,34.90,32.60,33.45,33.50,34.20,20,619,20817.00,
503657,VEER ENERGY ,XT,Q,10.50,11.50,10.45,10.45,10.45,11.00,14,6168,65074.00,
503663,TILAK       ,X ,Q,13.80,13.80,13.34,13.38,13.34,14.04,1597,168915,2261568.00,
503669,KKFIN       ,X ,Q,10.92,10.92,10.38,10.38,10.38,10.92,2,4,42.00,
503675,WAGEND      ,XT,Q,2.25,2.25,2.08,2.12,2.11,2.18,166,47290,102049.00,
503691,SAHARA ONE  ,X ,Q,27.00,27.00,25.65,25.65,25.65,27.00,6,69,1848.00,
503722,BANSW.SYNTEX,B ,Q,200.00,200.00,186.00,189.05,189.00,198.00,269,7118,1331691.00,
503772,MODELLA WOOL,XT,Q,96.00,101.05,91.45,101.05,101.05,96.25,51,2202,212662.00,
503776,MODIPON     ,X ,Q,55.00,58.00,50.55,58.00,58.00,48.35,156,8364,476567.00,
503804,SHRI DINESH ,X ,Q,754.00,754.00,701.10,728.60,728.60,754.90,45,749,542089.00,
503806,SRF LIMITED ,A ,Q,2200.20,2210.00,2106.35,2157.05,2157.05,2237.40,8489,75833,163207261.00,
503811,SIYARAM SILK,B ,Q,449.00,451.55,424.35,426.50,426.30,464.50,1599,19836,8726156.00,
503816,SWAD.POLYTEX,XT,Q,4.95,4.95,4.80,4.95,4.95,5.05,21,1576,7786.00,
503837,SHREE RAJSYN,XT,Q,4.54,4.54,4.54,4.54,4.54,4.54,2,207,939.00,
503960,BHARAT BIJLE,B ,Q,1660.40,1722.65,1651.15,1674.00,1675.80,1700.05,273,1030,1726385.00,
504000,ELPRO INTER ,X ,Q,59.65,60.15,59.50,59.65,60.00,60.00,51,20975,1254054.00,
504028,GEE LTD     ,X ,Q,64.00,65.15,62.40,64.15,64.80,66.00,65,4621,295102.00,
504036,HIND.RECT   ,T ,Q,185.05,185.05,184.10,184.10,184.10,193.75,27,490,90260.00,
504058,NIPPOBATRY  ,B ,Q,395.05,401.15,383.90,389.80,389.00,403.10,165,860,338532.00,
504067,ZENSAR TECH.,A ,Q,343.15,343.30,331.25,337.00,340.00,349.10,4320,80208,27110152.00,
504076,JYOTI LTD.  ,XT,Q,9.35,9.35,8.80,9.25,9.25,9.13,39,6934,62662.00,
504080,JSL LTD.    ,XT,Q,221.00,221.00,211.00,211.00,211.00,211.00,6,60,13150.00,
504084,KAYCEE IND  ,X ,Q,3400.00,3525.00,3351.00,3455.00,3450.00,3720.00,17,25,86006.00,
504092,INDOKEM LTD.,XT,Q,50.30,50.30,46.90,48.30,48.10,49.30,49,6480,314582.00,
504093,PANA ENERG  ,X ,Q,272.50,274.85,266.00,269.40,269.10,281.55,198,4325,1170463.00,
504112,NELCO LTD.  ,A ,Q,592.00,617.50,586.65,587.70,587.70,617.50,1773,23945,14159629.00,
504132,PERM MAGNETS,X ,Q,395.00,422.95,380.00,392.40,392.40,410.00,476,24054,9752610.00,
504176,HIGH ENERGY ,X ,Q,1580.05,1630.00,1578.95,1580.25,1589.55,1662.05,404,2887,4584076.00,
504180,STD.BATTERY ,XT,Q,37.95,38.00,35.30,36.55,37.00,37.15,105,6431,236195.00,
504212,UNIV.CABLE  ,B ,Q,135.00,145.10,135.00,139.60,138.95,143.45,620,12150,1720179.00,
504220,W.S.INDUSTR.,T ,Q,11.43,11.43,11.43,11.43,11.43,11.43,16,16701,190892.00,
504240,DELTON CABLE,XT,Q,54.00,57.05,51.65,57.00,57.00,54.35,43,2883,160081.00,
504258,LAKSHMI ELEC,X ,Q,615.00,635.00,615.00,622.70,624.00,637.15,53,1592,999029.00,
504273,MODULEX     ,X ,Q,17.00,17.00,15.60,16.30,16.30,17.00,209,119890,1927427.00,
504286,DELTAMAGNT  ,B ,Q,63.15,63.15,60.10,61.55,61.55,63.15,41,1699,104634.00,
504341,RELTD       ,X ,Q,53.05,53.05,49.40,49.45,49.40,52.00,71,4191,209023.00,
504351,EMPOWER     ,XT,Q,0.15,0.15,0.15,0.15,0.15,0.15,271,13145897,1971884.00,
504356,MULTI-PURPOS,XT,Q,8.50,8.50,8.45,8.45,8.45,8.28,2,4,33.00,
504378,NYSSACORP   ,XT,Q,7.60,7.85,7.22,7.57,7.58,7.60,192,38803,287364.00,
504380,FLOMIC      ,X ,Q,145.00,145.05,130.60,134.85,134.30,142.15,493,13672,1834668.00,
504392,KRISHNA VEN ,X ,Q,36.15,36.15,36.00,36.15,36.15,34.45,22,11823,427361.00,
504397,GANESH HOLDI,XT,Q,68.45,68.45,68.45,68.45,68.45,65.20,96,10138,693946.00,
504605,UNI ABEX    ,X ,Q,580.00,678.00,541.05,546.50,542.05,601.30,170,2407,1342748.00,
504614,SARDA ENMIN ,B ,Q,902.00,955.75,880.00,916.20,921.00,914.40,2455,23080,21027139.00,
504646,BHAGWATI AUT,X ,Q,152.10,165.00,152.10,165.00,165.00,161.10,2,11,1686.00,
504648,BOM.WIRE ROP,XT,Q,64.75,66.60,60.30,66.45,66.45,63.45,58,2388,155787.00,
504731,I BRIGHT ST ,XT,Q,18.30,18.75,18.30,18.75,18.75,17.90,14,258,4806.00,
504741,IND.HUME PIP,B ,Q,194.90,194.90,184.60,187.30,186.70,191.00,271,2921,547100.00,
504786,INVEST &PREC,X ,Q,262.80,263.00,247.20,257.45,251.00,263.35,26,1163,297290.00,
504810,INFORMEDTEC ,X ,Q,48.70,52.00,48.70,48.75,48.75,51.25,12,392,19506.00,
504840,KAIRA CAN CO,X ,Q,1980.00,2068.90,1979.90,2024.95,2000.00,1975.90,39,101,205136.00,
504879,ORIENT ABRAS,B ,Q,26.60,28.10,25.05,26.85,26.85,27.40,317,35849,964166.00,
504882,NATIONAL STD,XT,Q,6660.00,6994.00,6443.05,6482.50,6443.05,6782.15,82,100,666876.00,
504908,DUNCANENG   ,X ,Q,225.00,226.00,215.40,216.00,216.00,226.70,70,1842,398710.00,
504918,SANDUR MANG.,B ,Q,3076.20,3100.00,2953.00,2965.60,2965.60,3076.20,1979,14542,43663463.00,
504959,STOVAC IND. ,X ,Q,2241.00,2241.00,2138.00,2174.15,2174.15,2240.45,152,1300,2828871.00,
504961,TATA YODOGAW,XT,Q,132.00,138.00,131.10,131.10,131.10,138.00,146,2841,373724.00,
504966,TINPLATE    ,A ,Q,321.60,329.20,318.10,322.70,321.00,333.70,2432,64678,20967328.00,
504973,CHOLAHLDNG  ,A ,Q,621.00,648.00,607.95,632.65,631.60,636.10,510,2779,1722143.00,
504988,WELCAST     ,XT,Q,405.40,438.00,405.30,405.60,405.60,426.60,4,37,15229.00,
505010,AUTO AXLES  ,B ,Q,1425.05,1475.95,1407.40,1461.15,1462.00,1463.50,231,572,825407.00,
505036,AUTO COR.GOA,X ,Q,952.00,952.00,901.20,920.45,925.95,935.05,129,1462,1334450.00,
505075,SETCO AUTO  ,B ,Q,14.40,14.95,13.70,14.45,14.45,14.65,262,33789,482249.00,
505141,SCOOTERS IND,T ,Q,32.10,32.10,30.60,31.10,31.10,32.10,24,1455,45379.00,
505160,TALBROS AUTO,B ,Q,435.15,438.80,415.95,422.80,422.80,442.30,485,4782,2032862.00,
505163,ZF STEERING ,X ,Q,421.95,421.95,401.30,412.55,412.55,422.40,64,1482,608876.00,
505192,SMLISUZU    ,B ,Q,490.30,494.00,470.90,484.35,491.55,502.20,174,2164,1051521.00,
505196,TIL LTD.    ,B ,Q,114.95,114.95,108.40,110.95,110.95,112.15,88,2218,247585.00,
505200,EICHER MOTOR,A ,Q,2110.00,2301.85,2110.00,2287.05,2287.05,2339.35,12899,141076,314021591.00,
505212,JAINEX      ,XT,Q,96.05,102.70,93.20,93.60,93.60,98.00,8,345,32438.00,
505216,ALFRED HERB ,X ,Q,724.95,725.00,724.95,725.00,725.00,725.00,2,60,43499.00,
505232,VELJAN      ,X ,Q,1130.00,1184.90,1100.05,1136.85,1136.00,1188.05,39,942,1082241.00,
505242,DYNAMAT.TECH,B ,Q,1870.00,1906.05,1810.05,1821.90,1821.90,1901.75,270,11819,21546049.00,
505250,G.G.DANDEKAR,X ,Q,68.00,69.70,66.15,66.15,66.15,68.40,5,185,12559.00,
505255,GMM PFAUDLER,A ,Q,4270.00,4347.00,4185.00,4263.55,4300.00,4327.40,1280,2859,12145444.00,
505283,KIRLOSAR PN ,A ,Q,406.00,406.85,381.50,384.65,384.65,403.70,418,34274,13221026.00,
505299,KPT         ,X ,Q,131.75,138.00,125.05,128.50,128.00,131.55,27,761,98116.00,
505302,LAXMI AUTOLM,X ,Q,689.00,723.45,660.20,699.55,700.00,682.70,67,620,431820.00,
505324,MANUGRAPH IN,B ,Q,15.90,15.90,14.85,15.00,14.85,15.60,53,2044,30446.00,
505343,MONOTYPE IND,Z ,Q,0.34,0.34,0.34,0.34,0.34,0.35,23,42795,14550.00,
505355,NESCO LTD   ,A ,Q,540.00,543.15,525.45,528.35,529.00,544.25,381,1773,947756.00,
505358,INTEGRA ENG ,XT,Q,71.05,72.00,68.75,70.05,70.05,72.35,115,22897,1591011.00,
505368,REVATHI EQU.,B ,Q,678.45,680.45,666.00,673.00,673.00,700.55,57,898,603227.00,
505400,TEXINFRA    ,B ,Q,59.10,59.10,56.85,57.40,57.80,60.05,195,4354,251476.00,
505412,WENDT(INDIA),B ,Q,4619.95,4705.90,4619.95,4688.20,4688.20,4611.70,54,113,525058.00,
505509,RESPON IND  ,A ,Q,154.60,154.60,144.45,145.75,144.85,154.60,372,11184,1652462.00,
505515,SHYAMKAM INV,XT,Q,8.89,9.30,8.89,8.89,8.89,9.35,80,13692,122563.00,
505523,MAHA CORP   ,XT,Q,1.76,1.76,1.60,1.76,1.76,1.68,3129,1975786,3386859.00,
505526,DOLATALGO   ,B ,Q,77.00,77.00,73.10,75.00,75.00,76.85,1013,40071,2981302.00,
505533,WESTLIFE DEV,A ,Q,452.00,452.00,426.15,444.40,447.95,452.00,2087,27048,11818655.00,
505537,ZEE ENTER   ,A ,Q,220.15,240.00,215.30,237.85,237.85,224.50,24221,2241103,507623988.00,
505576,GOLDCORP    ,X ,Q,205.40,215.00,198.10,198.90,198.10,208.50,32,331,67484.00,
505590,SVPGLOB     ,B ,Q,51.10,52.20,49.50,50.00,50.00,52.55,1103,83378,4223244.00,
505650,SKYL MILLAR ,XT,Q,13.24,13.80,13.00,13.70,13.70,13.24,105,7244,99258.00,
505681,BIMETAL BEAR,X ,Q,327.00,327.00,309.00,309.90,309.90,319.25,46,821,257692.00,
505688,BHARAT GEARS,B ,Q,136.35,136.35,128.45,131.05,132.40,136.35,325,7838,1030840.00,
505690,BRADY MORRIS,X ,Q,115.00,119.70,101.15,105.00,105.00,109.70,12,272,29612.00,
505693,LATIMMETAL  ,X ,Q,132.50,140.25,126.95,140.15,139.70,133.60,450,52501,7067783.00,
505700,ELECON ENG  ,A ,Q,143.05,144.50,136.75,142.60,141.00,143.00,2227,103801,14526816.00,
505703,DECCAN BEAR.,XT,Q,14.55,14.55,14.55,14.55,14.55,13.86,1,34,494.00,
505710,GRAUER& WEIL,B ,Q,51.10,52.95,50.45,52.30,52.30,53.55,502,40929,2125317.00,
505712,HIMTEK      ,X ,Q,103.70,104.90,95.60,98.90,98.90,107.00,83,7356,744378.00,
505714,GABRIEL(I)  ,A ,Q,113.00,113.60,110.00,111.15,111.55,113.00,1927,76663,8579093.00,
505720,HERC.HOISTS ,B ,Q,135.05,136.80,130.65,132.20,131.05,137.95,179,4116,551837.00,
505725,AQFINTECH   ,XT,Q,389.80,418.95,389.80,405.25,405.25,410.30,76,3641,1444238.00,
505726,IFB IND.LTD.,A ,Q,844.00,847.70,793.50,811.20,810.00,843.45,426,2921,2380296.00,
505729,SINGER INDIA,X ,Q,52.05,53.65,50.50,52.65,52.70,52.95,215,102192,5328906.00,
505737,INTER.COMBUS,X ,Q,293.00,296.00,293.00,294.75,294.15,307.80,21,1065,313815.00,
505744,FED MOG GOE ,B ,Q,264.00,264.25,260.45,262.20,262.70,264.85,429,11670,3066699.00,
505750,JOSTS ENG.  ,X ,Q,396.20,424.90,396.20,413.50,404.00,428.90,13,28,11431.00,
505790,SCHAEFFLER  ,A ,Q,1729.95,1814.65,1660.00,1785.05,1798.00,1773.10,2514,12119,21022094.00,
505800,RANE HOLDIN ,B ,Q,577.20,586.95,571.35,586.00,586.00,587.85,85,31672,18369006.00,
505827,SNL BEARINGS,X ,Q,308.95,308.95,290.00,291.25,294.00,293.55,179,9812,2868318.00,
505840,JAIPAN INDUS,XT,Q,14.16,14.17,13.01,13.50,13.50,13.50,4,1174,15866.00,
505850,MANCREDIT   ,X ,Q,97.50,99.95,90.00,96.25,96.25,97.10,143,30420,2948390.00,
505854,TRF LTD.    ,B ,Q,111.25,113.00,109.10,110.35,109.80,113.15,223,3115,345954.00,
505872,WPIL LTD.   ,X ,Q,879.90,897.00,833.00,877.00,877.00,888.80,385,7188,6193676.00,
505890,KENNAMETAL  ,A ,Q,1984.45,1984.45,1887.05,1920.15,1936.00,1939.25,328,782,1501082.00,
505893,HINDHARD    ,X ,Q,264.90,264.90,240.10,261.55,258.00,255.35,26,971,252570.00,
505978,TRITON VALVE,X ,Q,1249.95,1249.95,1153.05,1183.60,1183.60,1231.60,56,386,462141.00,
506022,PRAKASH IND.,A ,Q,64.15,64.35,62.10,62.90,62.70,64.70,1676,158736,10029263.00,
506027,BHORUKA ALU.,XT,Q,1.28,1.34,1.22,1.34,1.34,1.28,322,225783,296496.00,
506074,ARSHIYA     ,T ,Q,34.90,36.50,34.35,35.25,35.00,36.15,108,37196,1310004.00,
506076,GRIND NORTON,A ,Q,1629.95,1691.05,1604.30,1640.85,1640.85,1628.50,2372,9814,16128822.00,
506079,LAKSHMI PREC,Z ,Q,6.10,6.35,5.80,5.80,5.80,6.10,9,814,4991.00,
506105,STANROSE MAF,X ,Q,87.15,87.15,85.00,86.95,86.95,84.60,24,1461,126081.00,
506109,GENESYS INT.,B ,Q,530.00,562.25,515.10,562.25,562.25,535.50,833,17654,9599714.00,
506122,PANKAJPIYUS ,X ,Q,81.00,81.00,70.05,71.05,71.05,75.25,13,352,25029.00,
506128,PARNAXLAB   ,XT,Q,112.50,122.40,112.50,112.50,112.50,118.40,407,64264,7399145.00,
506134,INTELL CAP  ,XT,Q,8.30,8.30,8.30,8.30,8.30,8.30,2,278,2307.00,
506146,VISAGAR POL ,T ,Q,1.71,1.71,1.57,1.57,1.57,1.65,805,708287,1139733.00,
506184,KANANI IND  ,T ,Q,22.75,22.75,22.75,22.75,22.75,23.90,22,5595,127286.00,
506186,GCKL        ,XT,Q,19.60,19.95,19.00,19.95,19.95,19.00,17,570,11323.00,
506194,ARIH SUPER  ,B ,Q,138.30,138.30,127.05,127.05,127.05,141.15,425,93839,12195398.00,
506197,BLISSGVS PH ,A ,Q,74.00,75.75,72.50,73.35,73.35,77.00,966,32122,2365339.00,
506222,INEOSSTYRO  ,B ,Q,1029.95,1029.95,971.15,980.25,980.25,1007.00,767,3878,3825464.00,
506235,ALEMBIC LTD.,A ,Q,84.80,84.80,80.05,80.90,81.95,83.45,795,28997,2340195.00,
506248,AMINES&PLAST,X ,Q,93.95,93.95,89.10,90.70,91.40,93.50,207,10463,948026.00,
506260,ANUH PHARMA ,X ,Q,96.00,96.10,91.50,93.45,93.05,96.10,360,15242,1424083.00,
506261,MODISON MET.,B ,Q,71.25,71.25,68.45,69.30,69.30,70.95,235,5583,387975.00,
506285,BAYER CROP  ,A ,Q,4376.65,4377.00,4284.95,4310.65,4318.40,4384.00,287,777,3350018.00,
506365,CHEMO PHARMA,XT,Q,40.95,40.95,40.95,40.95,40.95,41.00,2,2,81.00,
506390,CLARI CHEM  ,B ,Q,473.00,473.00,450.00,453.55,457.00,472.35,795,4338,1977231.00,
506395,COROM INTER ,A ,Q,760.00,770.00,742.10,760.05,770.00,759.65,845,4616,3480235.00,
506401,DEEPAK NITR.,A ,Q,1875.50,1888.70,1811.00,1832.25,1832.25,1914.70,28955,151110,278907072.00,
506405,DHARAMSI CHM,B ,Q,325.05,332.90,312.45,320.40,323.00,334.30,632,6053,1953648.00,
506414,FERMENTA    ,X ,Q,225.00,225.85,218.00,219.15,219.00,226.15,362,75791,16832047.00,
506480,GOCLCORP    ,B ,Q,241.30,242.10,213.00,216.10,216.10,262.50,2008,37224,8257525.00,
506520,JAYSHRI CHEM,XT,Q,7.74,7.90,7.36,7.36,7.36,7.74,85,10701,79629.00,
506522,JL MORISON  ,X ,Q,1850.00,1850.00,1805.00,1820.00,1815.00,1850.00,6,23,41590.00,
506525,KANORIA CHEM,B ,Q,121.70,128.40,121.70,126.30,127.25,125.85,122,3617,451048.00,
506528,KELTECH EN. ,X ,Q,575.00,598.15,570.00,571.85,571.85,587.50,42,905,530352.00,
506532,NITTA GELA  ,X ,Q,286.95,294.50,279.00,281.45,281.90,285.55,111,7733,2199260.00,
506543,M.P.AGRO IND,XT,Q,8.56,8.56,8.56,8.56,8.56,8.16,18,728,6231.00,
506579,ORIENT.CARB.,B ,Q,810.30,823.00,770.50,777.95,775.00,820.25,305,4349,3504415.00,
506590,PCBL        ,A ,Q,188.00,192.40,183.70,187.50,187.50,193.70,4760,295352,55392962.00,
506597,AMAL PRODUCT,X ,Q,395.00,395.00,351.75,384.85,385.00,395.75,137,3506,1326227.00,
506605,POLYCHEM    ,X ,Q,599.05,599.95,569.10,570.75,569.10,599.05,11,82,46867.00,
506618,PUN.CHEM    ,A ,Q,1318.00,1400.00,1309.95,1352.15,1350.20,1396.05,471,2631,3593072.00,
506640,GUJCHEM DIST,XT,Q,783.85,783.85,783.85,783.85,783.85,746.55,24,215,168527.00,
506642,SADHANA NITR,XT,Q,107.15,108.00,107.15,107.15,107.15,112.75,544,94774,10156430.00,
506655,SUDARSH.CHEM,A ,Q,517.20,529.85,505.10,519.20,519.20,521.60,745,68513,35561677.00,
506685,ULTRAMARINE ,B ,Q,299.85,302.50,293.75,296.20,296.95,301.85,1004,96871,28700172.00,
506687,TRANSPEK    ,B ,Q,1865.05,1965.05,1819.85,1852.75,1852.75,1943.25,325,3315,6147120.00,
506690,UNICHEM LAB ,A ,Q,245.50,255.00,243.00,251.95,251.95,248.60,1779,18485,4582917.00,
506734,MYS PETRO   ,X ,Q,102.00,102.00,98.60,98.80,98.80,102.35,20,647,64923.00,
506767,ALKYL AMINES,A ,Q,2777.70,2835.00,2760.00,2798.35,2816.75,2844.35,3881,15858,44178800.00,
506808,TUTIALKA    ,XT,Q,25.40,25.40,23.55,23.55,24.45,24.75,140,22465,537344.00,
506820,ASTRAZEN.PH.,A ,Q,2592.00,2654.40,2590.25,2613.70,2611.30,2655.40,555,1732,4531555.00,
506852,PUN.ALKALI  ,X ,Q,70.95,71.70,68.50,69.20,69.20,71.70,548,154654,10798289.00,
506854,TANFAC IND. ,X ,Q,576.00,584.95,569.95,576.00,578.80,583.75,238,13437,7757446.00,
506858,GUJ.PETRO   ,XT,Q,42.65,45.00,42.65,42.65,42.65,44.85,14,387,16788.00,
506863,SWADESHI IND,XT,Q,1.43,1.50,1.43,1.50,1.50,1.50,4,3000,4427.00,
506879,GUJ.THEMIS. ,X ,Q,346.50,346.50,326.05,334.10,334.10,343.10,233,6771,2283045.00,
506910,JAYSN DYEST ,X ,Q,82.50,82.50,77.25,78.85,78.25,80.00,38,2404,192944.00,
506919,MAKERS LAB. ,X ,Q,182.05,192.00,181.50,183.15,185.00,186.70,60,7305,1355948.00,
506935,CONT.CHEM   ,XT,Q,143.70,143.70,135.00,135.00,135.00,140.85,18,207,28538.00,
506943,J.B.CHEMICAL,A ,Q,1511.00,1575.00,1485.00,1564.95,1540.00,1578.95,1190,7091,10806343.00,
506981,BL.CHIP TEX ,X ,Q,148.00,148.00,130.00,137.00,137.00,136.20,48,1450,200010.00,
507155,JAGATJIT IND,XT,Q,62.45,62.45,58.85,61.40,61.00,61.90,24,1714,104071.00,
507180,KESAR ENT.  ,X ,Q,91.00,95.10,90.90,92.95,92.90,94.50,75,7212,660442.00,
507205,TILAKNAG IND,B ,Q,66.55,68.60,66.50,66.50,66.50,69.95,717,35021,2343262.00,
507265,EMERALL     ,XT,Q,107.00,107.00,101.65,101.65,101.65,107.00,6,338,34989.00,
507300,RAVALGAON   ,XT,Q,2300.00,2300.00,2261.00,2298.00,2298.00,2369.00,12,35,79597.00,
507315,SAKTHI SUGAR,T ,Q,14.65,14.98,13.80,14.06,14.35,14.42,92,15887,225555.00,
507410,WALCHANDNGR ,B ,Q,51.60,52.55,49.85,51.65,51.65,51.65,767,59534,3075055.00,
507435,KHOD.INDIA  ,XT,Q,73.00,73.00,71.20,71.50,71.50,73.40,5,724,51747.00,
507438,IFB AGRO    ,B ,Q,515.30,534.00,512.25,520.65,521.00,532.75,134,1368,716376.00,
507442,DHARANI SUG ,T ,Q,18.20,18.85,17.15,18.50,18.50,18.00,13,2244,41126.00,
507474,KOTHARI FERM,X ,Q,74.50,74.50,71.05,73.25,73.25,73.45,21,558,40405.00,
507486,CAPROLA.CHEM,XT,Q,45.10,45.10,42.85,42.85,42.85,45.10,3,26,1125.00,
507488,G.M.BREWERI ,B ,Q,619.00,619.00,590.00,600.30,603.60,619.00,401,1585,950540.00,
507490,RANA SUGARS ,B ,Q,27.50,27.50,25.80,26.40,26.30,26.90,864,154031,4045302.00,
507498,PICCADILY SU,X ,Q,15.94,15.94,13.34,14.96,14.69,14.69,109,13149,192326.00,
507508,RIGA SUGAR  ,X ,Q,9.69,9.88,9.20,9.36,9.32,9.67,66,7189,68505.00,
507514,SOM DISTILL.,B ,Q,38.45,38.45,35.50,36.55,36.50,37.20,375,26999,984043.00,
507515,CJ GELATIN  ,XT,Q,19.05,20.40,18.50,20.40,20.40,19.45,22,2362,45902.00,
507525,AMRIT CORP  ,X ,Q,888.00,888.00,830.50,841.60,845.00,888.00,9,39,32785.00,
507526,ASSO.ALCOHOL,B ,Q,440.00,448.00,432.05,445.60,446.50,446.20,459,4641,2038609.00,
507552,FOODS & INNS,B ,Q,86.00,86.25,83.00,84.05,84.05,85.35,179,60993,5127845.00,
507580,IVP LIMITED ,B ,Q,147.90,147.90,140.90,141.80,141.95,148.25,68,2258,322003.00,
507598,KLRFM       ,X ,Q,67.50,67.50,64.00,64.55,64.55,68.40,65,6084,391915.00,
507609,OLYMPIC OIL ,XT,Q,37.65,37.65,36.65,36.65,36.65,37.65,5,36,1341.00,
507621,MILKFOOD    ,X ,Q,387.95,387.95,363.00,377.05,377.00,380.30,60,1133,433476.00,
507645,POLSON LTD. ,X ,Q,10250.00,10296.80,10030.40,10140.00,10249.00,10459.85,11,13,131812.00,
507685,WIPRO LTD.  ,A ,Q,565.00,579.35,562.50,571.50,571.50,575.05,25921,763091,437324265.00,
507690,ORIENT BEVER,X ,Q,79.45,79.45,70.25,73.20,71.80,77.85,55,2747,200471.00,
507717,DHAN AGRI   ,A ,Q,712.70,739.90,697.45,728.90,723.55,711.85,612,3214,2302329.00,
507747,TTK HEALTHCA,B ,Q,769.80,799.15,731.05,737.60,751.80,773.60,1442,10680,8194338.00,
507753,TGVSL       ,X ,Q,60.00,60.80,58.80,58.85,58.80,61.85,456,96981,5738250.00,
507759,LIME CHEM.  ,X ,Q,26.90,26.90,23.65,24.50,24.10,26.90,51,1915,47639.00,
507779,KANPUR PLAST,B ,Q,111.00,121.00,110.00,120.00,119.75,112.85,263,2961,343095.00,
507785,TAINWALA CH.,B ,Q,63.00,65.25,62.00,63.25,65.00,65.45,506,9135,581107.00,
507789,JAGSON PHAR ,B ,Q,229.80,240.80,228.00,235.20,236.00,232.10,326,7869,1858554.00,
507794,KHAITAN CHEM,B ,Q,100.00,100.00,94.20,96.20,96.10,100.00,1308,45643,4382215.00,
507813,NATI. OXYGEN,XT,Q,70.35,73.00,70.15,72.65,73.00,73.80,140,11732,826216.00,
507815,GILLETTE (I),A ,Q,5005.50,5006.05,4852.75,4916.25,4926.80,5099.25,604,1476,7273678.00,
507817,WIRES FABRIK,X ,Q,82.05,82.55,82.05,82.55,82.55,85.50,4,100,8232.00,
507828,ANSALHSG    ,T ,Q,7.25,7.30,6.80,6.86,6.86,7.15,67,48348,334411.00,
507833,COMPUTER PNT,XT,Q,1.73,1.73,1.73,1.73,1.73,1.82,47,6906,11947.00,
507836,MAC CHARLES ,X ,Q,786.80,786.80,695.00,709.55,695.00,749.50,49,456,328238.00,
507852,ADDI IND.   ,X ,Q,31.65,32.50,29.45,29.90,29.90,31.00,41,1853,55404.00,
507864,PION INVEST ,X ,Q,35.00,37.95,34.25,37.00,37.00,36.80,21,475,17299.00,
507872,ASHNOOR TEX.,XT,Q,54.35,57.85,52.70,53.90,53.90,55.45,69,5075,269053.00,
507878,UNITECH LTD ,Z ,Q,2.42,2.46,2.39,2.39,2.39,2.51,1256,2079170,5017072.00,
507880,VIP INDUS.  ,A ,Q,602.20,627.10,582.05,587.80,587.80,629.75,4036,78619,47155561.00,
507910,FIBERWB IN  ,B ,Q,43.80,43.80,38.75,42.55,42.50,43.90,408,35223,1475614.00,
507912,LKP FIN     ,X ,Q,97.00,97.85,90.35,97.60,96.00,97.90,27,1848,179487.00,
507944,BAJAJ STEEL ,X ,Q,727.55,727.55,703.25,713.55,718.00,727.55,333,6243,4457007.00,
507946,KIDUJA INDIA,X ,Q,150.90,150.90,150.90,150.90,150.90,158.80,3,6,905.00,
507948,KEY CORP.LTD,XT,Q,51.00,51.00,49.00,49.00,49.00,50.00,10,42,2085.00,
507960,GUJ.HOTELS  ,X ,Q,128.50,129.00,117.00,124.80,126.00,126.45,73,3790,458201.00,
507970,PARA. COSMET,X ,Q,45.65,45.65,43.15,45.55,45.55,45.60,21,693,31261.00,
507981,JINDAL HOTL ,X ,Q,39.00,39.00,36.75,37.55,36.90,38.65,45,2404,90335.00,
507998,SIMMONDS-MAR,X ,Q,47.30,48.30,47.00,47.00,47.00,49.45,37,6229,292865.00,
508136,BNALTD      ,X ,Q,247.95,247.95,229.20,232.00,232.00,244.30,41,1008,236969.00,
508486,HAWKINS COOK,A ,Q,5016.05,5330.00,5016.05,5188.30,5180.00,5300.15,348,1870,9737727.00,
508494,WARREN TEA  ,X ,Q,76.95,76.95,69.10,70.90,70.90,72.10,29,1777,127003.00,
508664,BEST E.HOTEL,X ,Q,25.60,25.60,24.35,24.35,24.35,25.60,11,259,6313.00,
508670,NEELAMALAI  ,X ,Q,3739.00,3739.00,3555.00,3555.00,3555.00,3734.25,9,20,73652.00,
508807,IST LTD.    ,X ,Q,467.20,467.20,446.00,451.55,453.00,458.00,66,872,395863.00,
508814,COSMO FILMS ,A ,Q,1550.00,1550.00,1498.85,1528.85,1523.20,1566.80,1057,5792,8834508.00,
508860,DIAMANT     ,XT,Q,1.00,1.00,0.99,0.99,0.99,1.04,148,45076,44627.00,
508869,APOLLO HOSP.,A ,Q,4650.00,4732.00,4583.75,4663.60,4667.45,4749.85,7376,47395,219943627.00,
508875,NITINCAST   ,X ,Q,111.00,119.95,111.00,116.95,116.95,114.85,22,191,21824.00,
508905,SMIFS CAPITA,X ,Q,41.85,41.85,35.60,38.95,39.00,39.50,27,3510,130745.00,
508906,EVEREST INDS,B ,Q,620.00,635.15,583.35,588.30,589.25,637.95,2006,23080,14239519.00,
508918,IRONWOOD    ,X ,Q,40.10,48.90,40.05,40.05,40.05,44.50,65,7599,312758.00,
508922,MSR INDIA   ,X ,Q,19.70,19.70,19.20,19.70,19.70,18.80,67,45318,892763.00,
508933,AYMSYNTEX   ,B ,Q,96.50,107.70,95.20,103.75,103.50,107.80,453,19591,1990628.00,
508941,PANASON CAR ,X ,Q,411.05,424.10,405.60,413.15,413.15,420.40,99,3035,1249831.00,
508954,FINKURVE    ,X ,Q,37.50,39.00,37.45,37.45,37.45,39.40,72,5674,212832.00,
508956,HB LEAS.PUB ,XT,Q,3.65,3.89,3.65,3.89,3.89,3.71,36,3836,14254.00,
508963,STERL.GUARA.,XT,Q,6.10,6.10,6.05,6.05,6.05,6.20,3,33,201.00,
508969,SULABH ENG. ,XT,Q,4.90,5.01,4.55,4.93,4.95,4.78,62,36534,179078.00,
508989,NAVNETEDUL  ,A ,Q,83.45,84.65,82.45,83.75,82.90,85.05,851,284945,23801925.00,
508996,SATPROP LTD ,Z ,Q,1.09,1.09,1.09,1.09,1.09,1.14,7,16040,17483.00,
509009,AUSOM ENT   ,B ,Q,66.90,66.90,61.30,63.25,64.35,63.70,166,3617,228820.00,
509015,THAKRAL SER ,XT,Q,13.25,13.25,13.25,13.25,13.25,13.25,1,8,106.00,
509020,RUCHI INFRA.,T ,Q,8.00,8.31,7.90,7.95,8.00,8.31,197,38895,311337.00,
509038,VOLTAIR LEAS,X ,Q,28.85,29.40,28.85,28.85,28.85,28.85,8,351,10181.00,
509040,NETLINK SOLU,XT,Q,83.90,83.90,76.10,78.20,80.90,80.10,40,2482,195875.00,
509048,LANCOR HOLDS,X ,Q,17.55,17.55,15.35,15.85,15.80,16.85,27,8777,139681.00,
509051,INDIAN INFO.,XT,Q,4.30,4.48,4.23,4.24,4.24,4.45,8029,3663475,15615312.00,
509053,BANAS FIN.  ,XT,Q,57.75,59.50,57.75,57.75,57.75,60.75,1198,72408,4187055.00,
509055,VISAKA IND. ,B ,Q,525.05,539.00,514.05,530.40,539.00,538.35,495,2956,1551933.00,
509069,INFOMEDIA   ,T ,Q,3.70,3.71,3.70,3.70,3.70,3.89,14,3494,12947.00,
509073,HATHWAY BHAW,XT,Q,24.65,24.65,22.35,23.45,23.45,23.50,29,434,10072.00,
509077,PRESSMN     ,B ,Q,49.00,49.05,46.25,46.25,46.25,48.65,639,54583,2562559.00,
509079,GUFIC BIO SC,B ,Q,208.00,209.15,202.00,206.10,205.95,207.80,1280,37465,7692443.00,
509152,GRPLTD      ,B ,Q,1350.20,1373.00,1324.95,1349.95,1365.60,1419.90,73,546,742756.00,
509162,INDAG RUBBER,X ,Q,74.90,74.90,69.80,71.10,71.00,72.90,81,20171,1428059.00,
509196,M.M.RUBBER  ,X ,Q,59.00,59.00,50.20,51.30,51.25,53.65,11,259,13495.00,
509220,PTL LTD     ,B ,Q,31.05,31.05,27.40,30.15,29.70,30.40,653,29619,879258.00,
509243,TVS SRICHAKR,A ,Q,1750.00,1777.20,1713.80,1720.65,1716.75,1801.90,128,472,818799.00,
509423,SEL         ,XT,Q,16.80,16.80,16.00,16.80,16.80,16.00,100,4463,74314.00,
509438,BENARES HOT ,X ,Q,1700.00,1850.00,1700.00,1787.10,1787.10,1877.05,32,98,176612.00,
509449,BHAGWATI OXY,XT,Q,50.30,50.30,45.60,45.95,47.70,47.95,50,1954,91385.00,
509470,BOMOXY-B1   ,X ,Q,13198.00,13198.00,12887.00,12957.50,12960.00,13228.05,21,44,572847.00,
509472,CRAVATEX    ,X ,Q,324.90,324.90,321.00,321.60,321.20,336.20,5,58,18675.00,
509480,BERGE PAINT ,A ,Q,635.00,641.90,623.50,629.00,630.60,653.80,10343,228437,144181647.00,
509486,CAPRIHANS   ,X ,Q,113.00,120.70,112.50,112.65,112.95,115.65,49,4247,481140.00,
509488,GRAPHITE IN.,A ,Q,468.00,503.30,455.45,496.05,496.05,469.75,7774,212705,103295744.00,
509496,ITDCEM      ,A ,Q,62.30,62.30,59.70,60.00,60.00,62.30,1322,135791,8190935.00,
509525,EMPIRE IND. ,X ,Q,609.00,609.00,580.05,581.40,581.40,606.25,65,2983,1756187.00,
509546,GRAVISS HOSP,XT,Q,17.70,18.55,16.85,17.90,17.95,17.70,22,2634,46036.00,
509557,GARFIBRES   ,A ,Q,2833.00,2843.60,2744.55,2800.25,2800.25,2852.00,416,631,1754342.00,
509563,GARWA.MARINE,X ,Q,11.79,11.79,10.81,10.81,10.81,11.29,16,978,10955.00,
509567,GOA CARBON  ,B ,Q,350.25,365.00,337.80,358.30,353.15,356.50,2308,22020,7683046.00,
509597,HARDCASTLE  ,X ,Q,277.80,277.80,268.85,268.85,268.85,260.00,3,27,7490.00,
509631,HEG LIMITED ,A ,Q,1110.00,1314.00,1107.10,1287.05,1287.05,1142.05,11262,150553,185740426.00,
509635,HIND.COMPOSI,B ,Q,273.65,276.20,262.25,267.80,262.25,277.10,62,256,68945.00,
509675,HIL         ,A ,Q,3810.15,3832.30,3704.80,3739.00,3754.90,3904.65,763,2155,8070594.00,
509692,IND.CARD    ,T ,Q,261.05,261.05,260.95,260.95,260.95,274.65,4,63,16439.00,
509709,INT.CONVEYOR,B ,Q,73.00,74.40,71.00,71.30,71.00,73.55,761,23337,1693448.00,
509715,JAYSHRE TEA ,B ,Q,90.10,90.95,87.35,90.15,90.85,91.90,122,10005,896548.00,
509760,MODERN SHARE,XT,Q,16.00,16.20,16.00,16.20,16.20,15.65,14,1543,24816.00,
509820,HUHTAMAKI   ,A ,Q,163.00,165.15,153.80,154.70,157.75,165.00,1433,29625,4664479.00,
509835,PREMIER SYN.,X ,Q,23.50,25.90,22.05,24.50,24.50,23.60,31,8271,211115.00,
509845,R.J.SHAH    ,P ,Q,399.05,399.05,399.05,399.05,399.05,380.05,2,200,79810.00,
509874,SHALIMAR PAI,B ,Q,131.15,140.80,130.65,133.80,135.40,135.55,1701,89869,12147152.00,
509895,HIND MILLS  ,X ,Q,286.80,287.80,284.00,284.00,284.00,285.25,3,25,7171.00,
509930,SUPREM IND  ,A ,Q,1925.00,2018.80,1925.00,1974.65,1981.25,1985.90,920,5640,11112554.00,
509945,THACKER     ,XT,Q,316.35,316.35,316.35,316.35,316.35,333.00,2,15,4745.00,
509966,VST INDUS.  ,A ,Q,2955.00,2964.05,2891.15,2905.20,2900.00,2957.45,154,254,745462.00,
510245,SWASTI VINAY,XT,Q,8.19,8.19,7.64,7.82,7.82,8.04,609,104415,817170.00,
511000,MADHUS.SEC  ,XT,Q,3.26,3.26,3.26,3.26,3.26,3.43,73,12004,39133.00,
511012,YAMINI INVES,XT,Q,1.74,1.77,1.61,1.77,1.77,1.69,5175,4038884,6979155.00,
511016,PREMIER CAP.,XT,Q,9.00,9.00,8.37,8.37,8.37,8.81,28,3331,28798.00,
511018,MILGREY FIN ,P ,Q,14.49,14.49,14.49,14.49,14.49,14.00,1,50,724.00,
511034,JINDAL DRILL,B ,Q,187.00,198.45,187.00,191.35,190.80,190.65,1273,23373,4545543.00,
511066,SAKTHI FIN. ,XT,Q,22.80,23.55,21.70,21.80,21.95,22.80,27,1724,37603.00,
511076,SAT IND LTD ,X ,Q,39.15,40.85,39.05,39.75,40.25,41.10,128,30251,1192600.00,
511108,SHIVA TEXYAM,B ,Q,205.90,212.05,205.00,206.25,206.65,216.00,86,1102,229816.00,
511110,V.B.DESAI   ,X ,Q,8.70,8.70,8.70,8.70,8.70,8.29,5,1900,16530.00,
511116,QUADRANT    ,XT,Q,0.40,0.40,0.40,0.40,0.40,0.42,43,803457,321382.00,
511122,FIRST CUSTO.,XT,Q,43.65,43.65,43.65,43.65,43.65,41.60,1,10,436.00,
511131,KAMAN HSG   ,XT,Q,11.52,12.29,11.17,11.18,11.17,11.75,22,4600,51900.00,
511144,ASYAINFO    ,Z ,Q,5.69,5.69,5.15,5.52,5.65,5.42,103,25832,137061.00,
511147,WALL ST.FIN.,X ,Q,21.20,23.60,21.20,22.50,22.50,22.00,26,2468,55970.00,
511153,ANJANIFOODS ,XT,Q,127.45,128.70,120.90,120.90,120.90,127.25,51,2421,294097.00,
511187,MILLENNIUM  ,XT,Q,1.65,1.65,1.65,1.65,1.65,1.72,10,6190,10213.00,
511194,I.C.D.S.    ,T ,Q,38.50,40.90,38.50,40.25,40.50,40.45,20,532,20935.00,
511196,CANFIN HOMES,A ,Q,555.00,555.00,520.25,542.45,545.10,560.70,1843,40356,21614706.00,
511208,IL & FS INVE,T ,Q,7.33,7.33,6.78,7.10,7.15,7.12,102,42797,303218.00,
511218,SHRIRAM TRAN,A ,Q,1078.40,1078.40,1016.95,1021.20,1020.70,1089.25,6729,90084,92725632.00,
511243,CHOLAFIN    ,A ,Q,640.00,645.85,596.10,606.55,606.55,660.50,10427,227966,140741244.00,
511333,VLS FINANCE ,B ,Q,158.00,158.95,152.95,154.85,155.00,159.80,195,5108,795203.00,
511355,IND CEM CAP ,X ,Q,10.00,10.48,9.53,10.12,10.12,9.99,75,10007,100064.00,
511359,AD-MANUM FIN,X ,Q,31.70,33.20,30.15,30.15,30.15,31.70,5,104,3274.00,
511367,MEGLON      ,X ,Q,5.50,5.50,5.32,5.32,5.32,5.60,8,407,2165.00,
511377,MEHTA I.FIN ,XT,Q,7.15,7.15,6.65,6.65,6.65,7.00,5,523,3660.00,
511391,INTER GLOB F,XT,Q,15.70,15.70,15.70,15.70,15.70,16.50,2,200,3140.00,
511411,SHRISTINFRA ,X ,Q,68.95,73.90,52.60,56.30,56.30,62.25,167,9488,609179.00,
511413,CREST       ,T ,Q,168.00,172.00,166.25,169.20,169.20,175.00,11,1621,278006.00,
511427,ATN INTER.  ,T ,Q,0.19,0.19,0.19,0.19,0.19,0.19,3,5000,950.00,
511431,VAKRANGEE   ,A ,Q,31.60,31.60,30.35,30.70,30.70,31.80,2993,646242,19954173.00,
511441,GUJ.CREDIT  ,XT,Q,97.65,98.00,88.70,88.70,88.70,93.35,552,25832,2445594.00,
511463,ALEXANDER   ,XT,Q,25.30,27.90,25.30,27.90,27.90,26.60,73,19744,539146.00,
511473,IND.BANK MER,B ,Q,21.65,22.00,21.20,21.30,21.35,22.15,187,13677,294946.00,
511501,BHARAT BHUSH,XT,Q,26.95,26.95,26.95,26.95,26.95,27.50,10,197,5309.00,
511505,CAPITAL TRUS,B ,Q,116.00,117.00,108.45,113.10,114.50,117.60,51,2724,308828.00,
511507,USHAKIRAN FI,XT,Q,20.75,20.80,20.35,20.80,20.80,19.85,59,6971,144510.00,
511509,VIVO BIO TEC,X ,Q,41.85,43.00,39.80,40.25,40.30,41.85,224,22128,896127.00,
511523,VEERHEALTH  ,X ,Q,10.93,11.69,10.93,11.00,11.00,11.50,14,6995,76580.00,
511525,PAN INDIA C ,XT,Q,4.36,4.36,4.36,4.36,4.36,4.16,365,201266,877519.00,
511533,SAHARA HOUSG,X ,Q,44.30,45.25,44.30,45.25,45.25,44.30,10,276,12393.00,
511535,NDA SECURIT.,X ,Q,15.40,15.40,13.45,14.80,14.80,14.70,17,1343,19290.00,
511543,GSB FINANCE ,X ,Q,8.15,8.15,8.15,8.15,8.15,7.77,3,140,1141.00,
511549,MORARKA FIN.,X ,Q,75.90,82.70,75.30,77.90,78.00,81.15,37,881,68105.00,
511551,MONARCH     ,B ,Q,162.05,168.60,162.00,165.05,165.60,167.20,69,1188,193813.00,
511557,PRO FIN CAP.,XT,Q,112.35,112.35,110.70,112.35,112.35,107.00,230,15155,1698812.00,
511559,TIMES GUARAN,B ,Q,61.90,62.05,60.60,60.60,60.60,63.75,46,2366,144229.00,
511571,SOMDATT FIN ,X ,Q,30.20,32.65,30.00,32.65,32.65,32.70,17,747,24068.00,
511585,REGENCY TRUS,X ,Q,2.98,2.98,2.98,2.98,2.98,2.93,4,2958,8814.00,
511589,AVONMORE    ,X ,Q,71.55,71.90,67.90,68.70,68.05,72.70,143,34788,2429383.00,
511593,LIBORD FIN  ,X ,Q,8.46,8.46,8.46,8.46,8.46,8.46,3,12,101.00,
511601,YASH MANAGE.,X ,Q,13.28,13.28,11.06,11.60,11.60,12.13,134,51886,640234.00,
511605,ARIHANT CAP.,B ,Q,385.00,388.30,374.65,379.15,379.15,394.35,728,15798,5967042.00,
511609,ISL CONSULT ,X ,Q,15.25,16.00,15.25,16.00,16.00,16.00,9,1958,30910.00,
511611,DCM FINANCIA,T ,Q,4.25,4.25,4.25,4.25,4.25,4.30,2,3000,12750.00,
511618,JIK INDUS.  ,T ,Q,0.90,0.90,0.90,0.90,0.90,0.86,13,24900,22410.00,
511628,IMCAP       ,XT,Q,117.30,117.30,106.20,106.20,106.20,111.75,18,3392,375243.00,
511630,SAMBHAAV MED,T ,Q,4.70,4.80,4.37,4.37,4.37,4.60,66,13295,62173.00,
511654,SUGAL DAM   ,XT,Q,16.30,16.30,15.19,15.19,15.48,15.98,9,528,8076.00,
511658,NETTLINX LTD,X ,Q,84.00,84.90,76.65,83.20,79.45,83.65,146,14034,1121290.00,
511672,SCANSTL     ,X ,Q,32.70,33.70,31.05,32.10,32.05,32.70,467,58402,1878494.00,
511676,GIC HOUSING ,B ,Q,130.35,132.40,128.40,129.40,130.20,132.75,761,16143,2090489.00,
511696,CHARTERED CA,XT,Q,86.00,90.30,85.50,85.50,85.50,86.00,6,661,56789.00,
511702,PARSHARTI IN,XT,Q,21.90,21.90,19.95,21.20,21.20,21.00,14,1512,30848.00,
511710,CUBICAL FIN.,XT,Q,2.65,2.65,2.47,2.53,2.47,2.60,225,127883,319461.00,
511712,RELIC TECHNO,X ,Q,18.60,18.60,18.60,18.60,18.60,19.50,8,1017,18916.00,
511714,NIMBSPROJ   ,X ,Q,47.10,47.10,42.70,43.00,47.00,44.90,57,7275,317526.00,
511716,ESCORT FINAN,XT,Q,6.80,6.80,6.80,6.80,6.80,7.15,4,1857,12627.00,
511724,BAID LEASING,X ,Q,145.00,147.90,135.05,147.45,147.90,140.90,115,30886,4322782.00,
511726,VIPUL LTD   ,B ,Q,17.95,18.00,17.00,17.00,17.00,17.95,28,1389,24038.00,
511736,USHDEV INTNL,X ,Q,3.18,3.24,2.96,3.14,3.16,3.11,407,193125,592998.00,
511742,UGROCAP     ,B ,Q,170.50,172.70,164.95,166.70,167.55,174.55,2569,47019,7915771.00,
511754,SHALIB.FINAN,XT,Q,200.85,200.85,187.10,194.00,198.00,196.90,70,3062,591061.00,
511764,UPASANA FIN.,X ,Q,12.95,12.95,11.92,12.77,12.85,12.54,30,5859,71863.00,
511766,MUTHOOT CAP ,B ,Q,280.60,281.55,269.00,270.60,272.85,283.15,181,1325,362430.00,
511768,MASTER TRUST,XT,Q,145.00,149.90,143.25,144.35,144.10,150.75,23,1685,245063.00,
512018,CNI RES LTD ,XT,Q,2.23,2.44,2.23,2.39,2.40,2.34,151,82891,196582.00,
512020,SARASW.COMM.,X ,Q,3339.90,3339.90,3051.00,3070.00,3070.00,3118.65,12,36,113861.00,
512036,KAPIL COTEX ,XT,Q,22.50,22.50,22.50,22.50,22.50,21.50,1,4,90.00,
512047,ROYAL IND   ,XT,Q,3.35,3.36,3.07,3.32,3.30,3.20,134,33365,107865.00,
512048,LUHARUKA    ,XT,Q,3.46,3.46,3.46,3.46,3.46,3.30,339,222536,769974.00,
512064,VISVEN      ,XT,Q,60.45,60.45,58.80,60.45,60.45,57.60,40,5487,331649.00,
512068,DECCANGOLD  ,XT,Q,25.75,28.00,25.70,25.85,26.40,27.05,293,81891,2136373.00,
512070,UPL         ,A ,Q,708.00,734.95,686.05,732.00,732.00,713.50,9766,242501,173107405.00,
512093,CRANES SOFTW,X ,Q,3.45,3.45,3.25,3.25,3.25,3.42,434,142719,469174.00,
512103,NIDHI GRANIT,X ,Q,109.00,109.00,109.00,109.00,109.00,109.00,1,4,436.00,
512109,AVIVA INDS  ,X ,Q,16.50,16.50,16.50,16.50,16.50,16.20,1,200,3300.00,
512131,SIGNET IND  ,B ,Q,42.20,43.10,41.25,41.60,41.30,43.40,141,8229,346428.00,
512161,SECURKLOUD  ,B ,Q,105.00,105.00,98.30,99.75,102.00,107.85,325,7979,804497.00,
512165,ABANSENT    ,X ,Q,92.00,107.50,91.50,101.25,101.25,100.80,49,1860,186042.00,
512169,CAPRICORN   ,XT,Q,10.00,11.02,10.00,11.00,11.00,10.50,12,808,8193.00,
512175,VAMA INDS   ,X ,Q,10.80,10.94,9.88,10.01,10.10,10.97,1192,389310,3935050.00,
512179,SUNTECK REAL,A ,Q,485.00,489.60,454.00,475.05,477.00,487.70,4984,70911,33526355.00,
512215,STEPHANOTIS ,XT,Q,33.80,33.80,33.80,33.80,33.80,32.20,7,255,8619.00,
512217,PRISM MEDI  ,XT,Q,8.35,8.35,7.70,7.85,7.85,8.00,87,14966,119019.00,
512229,VERITAS     ,XT,Q,122.90,122.90,122.90,122.90,122.90,125.40,33,2279,280089.00,
512237,JAI CORP LTD,A ,Q,103.90,103.90,100.15,101.20,101.20,104.65,2075,163838,16564673.00,
512247,ASHIRWAD CAP,XT,Q,7.50,7.50,7.20,7.20,7.20,7.57,285,33132,239588.00,
512257,SVARTCORP   ,X ,Q,5.40,5.73,5.40,5.64,5.62,5.67,225,57054,320142.00,
512267,MEDIA MATRIX,XT,Q,12.40,12.40,11.25,11.25,11.25,11.84,357,46377,526622.00,
512279,NNTL        ,Z ,Q,11.90,11.90,11.65,11.65,11.65,11.65,4,137,1602.00,
512296,BHAGYA INL  ,B ,Q,44.30,45.20,42.50,42.90,42.90,44.55,50,2339,102919.00,
512297,SHANTAI     ,X ,Q,35.75,35.75,35.75,35.75,35.75,37.60,2,55,1966.00,
512301,CHAMBAL BREW,XT,Q,3.67,3.67,3.67,3.67,3.67,3.86,2,675,2477.00,
512329,KRL         ,XT,Q,496.80,521.00,472.00,505.00,505.00,496.80,20,105,51538.00,
512344,ARAVALI SEC.,XT,Q,6.06,6.36,5.80,6.35,6.36,6.06,29,3885,23559.00,
512359,SWORDEDGE   ,XT,Q,0.76,0.77,0.71,0.72,0.72,0.74,4754,9053877,6710497.00,
512379,CRESSANDA SO,XT,Q,8.32,8.78,8.30,8.77,8.77,8.37,2776,2163089,18689514.00,
512381,STARTECK    ,X ,Q,116.25,120.00,116.25,118.25,118.25,119.65,181,16552,1962029.00,
512393,SHARDUL SECU,X ,Q,97.85,97.85,97.70,97.85,97.85,97.85,6,203,19863.00,
512399,KAPASHI COMM,X ,Q,47.45,47.45,47.45,47.45,47.45,45.20,61,16591,787242.00,
512425,NIRAV COMMER,X ,Q,430.00,437.95,400.00,400.00,400.00,422.25,10,25,10437.00,
512437,APOLLO FIN I,XT,Q,734.00,799.00,733.80,733.80,733.80,772.40,74,1645,1207696.00,
512453,SHRI JAGDAMB,X ,Q,805.00,805.00,775.00,793.65,794.30,807.40,335,3125,2474168.00,
512455,LLOYDS MET E,B ,Q,112.15,122.15,112.15,122.15,122.15,116.35,649,176401,20904557.00,
512463,SHREE GLOBAL,XT,Q,7.80,7.80,7.41,7.41,7.41,7.80,430,155971,1161128.00,
512477,BETEX INDIA ,X ,Q,79.70,82.95,79.70,82.35,82.55,79.70,18,500,40775.00,
512479,GAYATRI TISS,XT,Q,127.30,127.30,127.30,127.30,127.30,127.30,1,5,636.00,
512481,POLYTEX(P)  ,XT,Q,5.88,5.88,5.38,5.38,5.69,5.66,44,2808,15214.00,
512485,DHANAL.COTEX,XT,Q,81.95,81.95,74.45,81.55,81.55,78.30,10,135,10149.00,
512489,OASIS SECUR.,X ,Q,65.50,67.30,62.10,67.30,67.30,64.10,27,819,54537.00,
512493,GARNET INTL ,XT,Q,82.95,83.40,76.00,82.55,81.00,79.95,71,9871,788862.00,
512499,SHALIMAR PRO,X ,Q,0.96,0.96,0.96,0.96,0.96,0.95,534,2400683,2304655.00,
512511,VARUN MERCAN,XT,Q,1.03,1.03,1.03,1.03,1.03,0.99,1,1,1.00,
512519,DONEAR IND. ,B ,Q,55.55,57.00,55.05,55.30,55.05,57.65,136,2877,159670.00,
512527,SUPER SAL IN,X ,Q,846.30,873.00,829.00,841.45,838.85,875.00,65,1280,1099158.00,
512529,SEQUENT     ,A ,Q,124.40,125.80,121.00,121.50,121.50,127.45,4199,199139,24622725.00,
512531,STC INDIA   ,B ,Q,99.05,101.80,96.45,97.20,97.70,102.20,341,7865,771033.00,
512553,ZENITH EXP. ,B ,Q,71.00,71.00,66.40,66.60,66.50,72.70,17,566,38332.00,
512573,AVANTI FEEDS,A ,Q,423.00,457.65,423.00,429.95,429.95,443.70,4529,333771,143823903.00,
512587,ZODIAC JRD  ,X ,Q,32.00,34.80,30.50,34.25,34.30,31.90,63,5123,169995.00,
512589,SITA ENTER. ,X ,Q,12.79,12.79,12.79,12.79,12.79,13.46,7,172,2199.00,
512597,KEYFINSER   ,B ,Q,110.00,110.00,106.70,107.50,107.75,112.30,23,452,48842.00,
512599,ADANI ENTER ,A ,Q,1577.00,1591.40,1539.80,1564.75,1564.75,1615.90,12956,190289,297670744.00,
512600,MACRO INTER.,XT,Q,17.36,17.36,17.36,17.36,17.36,16.54,10,4582,79543.00,
512604,HARIA EXPORT,X ,Q,6.25,6.25,6.25,6.25,6.25,6.57,28,1733,10831.00,
512608,BHANDARI HOS,T ,Q,6.90,6.90,6.33,6.36,6.35,6.66,219,86508,559256.00,
512618,RLF LIMITED.,XT,Q,6.54,6.54,6.35,6.43,6.54,6.23,64,13376,86997.00,
512624,REGENTRP    ,X ,Q,3.95,3.98,3.67,3.67,3.67,3.86,70,22905,84173.00,
512626,ORBIT EXPORT,B ,Q,107.75,109.10,102.30,104.40,105.70,112.10,643,16877,1768992.00,
512634,SAVERA IND  ,X ,Q,45.25,48.35,45.25,47.90,48.10,47.60,10,1028,47394.00,
513005,VBC FERRO   ,XT,Q,36.55,36.55,35.00,35.45,36.45,34.85,75,11805,428134.00,
513010,TATASTLLP   ,A ,Q,690.00,712.70,688.00,700.75,702.65,717.45,1366,13387,9398124.00,
513023,NAV BHAR VEN,A ,Q,115.05,119.65,115.05,116.80,117.00,120.25,1968,125157,14639938.00,
513043,REMI EDEL   ,X ,Q,37.65,41.45,37.65,40.50,41.45,39.50,8,507,20468.00,
513059,G.S.AUTO INT,XT,Q,12.40,13.36,12.15,13.35,13.35,12.73,83,26352,344159.00,
513063,TRANSFREIGHT,XT,Q,18.75,18.75,17.10,18.55,18.55,17.95,19,491,8575.00,
513097,SHIV.BIMETAL,B ,Q,429.95,430.90,407.40,426.40,428.20,433.10,989,11131,4664797.00,
513108,GANDHI SP.TU,B ,Q,333.65,347.75,330.05,342.85,345.00,334.80,51,232,78762.00,
513117,AMFORGE IND.,X ,Q,6.50,6.50,6.01,6.08,6.45,6.20,39,4163,26242.00,
513121,ORICON ENT  ,B ,Q,32.15,34.10,32.15,32.90,32.90,33.90,206,21373,714422.00,
513149,ACROW INDIA ,X ,Q,126.00,126.00,114.25,114.25,114.25,120.10,2,11,1268.00,
513173,STL STR INF ,X ,Q,29.80,31.90,29.80,31.35,31.55,30.40,67,9467,298744.00,
513179,NAT STL AGRO,T ,Q,5.04,5.30,5.04,5.14,5.23,5.30,30,28504,147479.00,
513216,UTTAM GALVA ,T ,Q,5.68,5.96,5.40,5.91,5.90,5.68,199,128933,741327.00,
513228,PENNAR STEEL,B ,Q,37.30,37.30,35.50,35.70,35.80,37.40,1062,103759,3749679.00,
513250,JYOTI STRUCT,Z ,Q,19.10,19.95,19.00,19.05,19.00,19.95,98,47653,915352.00,
513252,JAY USHIN   ,X ,Q,428.00,448.00,428.00,448.00,448.00,429.00,3,25,10900.00,
513262,ST.STR.WHEEL,B ,Q,734.90,755.00,716.10,752.75,754.90,753.75,772,6330,4702970.00,
513269,MAN IND.(I) ,B ,Q,79.20,79.45,77.45,78.50,78.50,80.25,554,13294,1042275.00,
513295,IMEC        ,X ,Q,2.13,2.13,1.94,1.95,1.95,2.04,1085,65298,127815.00,
513303,MODERN STEEL,XT,Q,11.40,12.57,11.39,12.56,12.56,11.98,65,14340,167707.00,
513305,TERRASCOPE  ,Z ,Q,5.32,5.32,4.83,5.22,5.31,5.07,181,123524,649306.00,
513307,SYNTHIKO FOI,XT,Q,47.65,47.65,46.00,46.00,46.05,45.60,22,746,35245.00,
513309,GOLKONDA    ,Z ,Q,18.70,19.20,18.70,19.20,19.20,18.30,17,5212,100065.00,
513335,METALFORGE  ,Z ,Q,5.80,5.90,5.59,5.59,5.59,5.88,55,57911,326690.00,
513343,GRAND FOUND ,T ,Q,4.75,4.75,4.70,4.70,4.70,4.75,2,1001,4754.00,
513349,AJMERA      ,B ,Q,332.15,338.30,331.75,331.75,331.75,349.20,593,10006,3330864.00,
513353,COCHIN MIN. ,X ,Q,111.00,111.00,103.00,105.45,104.25,111.55,125,4812,509039.00,
513361,ISW LTD     ,XT,Q,3.94,3.94,3.70,3.73,3.73,3.77,1146,506614,1926388.00,
513369,RAJKUMAR FRG,X ,Q,49.95,49.95,41.55,49.50,49.50,48.45,28,1808,81343.00,
513375,CARBORUNDUM ,A ,Q,695.00,717.60,686.85,709.60,716.00,715.05,4076,36246,25314472.00,
513377,MINERAL&METL,A ,Q,44.90,44.95,43.85,44.35,44.30,45.45,3407,502160,22289513.00,
513397,VALLABH STEL,X ,Q,6.53,6.98,6.53,6.98,6.98,6.66,13,4285,29469.00,
513401,ASHIANA ISP.,X ,Q,21.15,22.15,21.10,21.20,21.20,22.20,12,1406,29691.00,
513418,SMFIL       ,XT,Q,5.92,5.92,5.37,5.49,5.71,5.64,209,60248,335882.00,
513422,BLOOM INDUST,XT,Q,11.18,11.18,11.18,11.18,11.18,10.65,1,200,2236.00,
513430,MAITRI      ,XT,Q,78.05,78.05,78.05,78.05,78.05,82.15,30,1683,131358.00,
513434,TATA METALIK,A ,Q,847.10,847.10,776.50,803.90,808.00,829.45,1872,26121,21265900.00,
513436,SHAH ALLOYS ,B ,Q,76.00,79.65,72.15,79.50,79.50,75.90,619,46293,3471584.00,
513446,JSWISPL     ,B ,Q,31.60,32.40,31.30,31.70,31.70,32.85,2355,597306,18992785.00,
513452,ELANGO INDUS,XT,Q,13.80,13.80,12.90,12.91,13.75,13.49,20,839,11036.00,
513456,KANISHK ST. ,XT,Q,35.80,36.60,33.35,35.25,35.25,35.10,56,4662,164168.00,
513460,MAHALAXMI SM,Z ,Q,9.53,10.00,9.53,9.80,9.80,9.53,16,726,6990.00,
513472,SIMPLEX CAST,X ,Q,36.10,38.75,36.10,36.75,37.75,37.10,17,272,10179.00,
513488,SH.STEEL WIR,X ,Q,24.60,24.90,23.15,23.90,24.00,24.10,38,2338,56318.00,
513498,SOUTH.MAGNES,XT,Q,16.75,16.75,16.75,16.75,16.75,17.60,1,100,1675.00,
513502,BARODA EXTR.,XT,Q,5.25,5.25,4.79,4.81,4.90,5.04,346,110811,546484.00,
513507,GUJ.CONTAIN.,P ,Q,94.00,94.00,93.50,93.50,93.50,92.45,2,300,28100.00,
513509,KALYANI FORG,T ,Q,187.40,187.40,173.15,183.60,183.60,182.25,8,186,33292.00,
513511,PANCH.STEEL ,X ,Q,160.00,160.00,153.10,154.20,153.75,160.40,125,13652,2122543.00,
513513,ADITYA ISPAT,X ,Q,9.68,9.93,9.60,9.93,9.93,9.69,21,2761,26731.00,
513515,S.R.INDUS.  ,XT,Q,2.21,2.29,2.17,2.17,2.17,2.28,92,40712,88845.00,
513517,STEELCAST   ,B ,Q,282.10,282.10,269.30,279.90,279.00,284.20,47,469,127833.00,
513519,PITTIENG    ,B ,Q,230.00,236.45,227.35,232.80,229.05,238.10,2750,75320,17440426.00,
513528,GLITTEK GRAN,XT,Q,4.00,4.00,4.00,4.00,4.00,3.85,17,22871,91484.00,
513532,PRADEEP MET.,X ,Q,85.95,85.95,80.05,80.40,80.40,84.25,103,4891,403184.00,
513536,GNRL        ,XT,Q,19.25,19.25,17.45,19.00,19.25,18.35,199,35952,678189.00,
513548,SHARDA ISPAT,XT,Q,63.25,67.45,63.25,65.75,65.75,64.50,10,55,3634.00,
513554,MAHA STEEL  ,B ,Q,69.00,71.80,67.50,70.05,71.20,70.05,227,3335,232470.00,
513566,NOVA IRON&ST,Z ,Q,10.24,10.24,9.28,9.28,9.28,9.76,10,247,2306.00,
513599,HIND.COPPER ,A ,Q,119.20,126.00,119.00,124.60,124.60,121.00,8556,993200,121917500.00,
513642,AXEL POLYMER,XT,Q,50.15,52.50,50.15,52.50,52.50,52.75,13,536,27254.00,
513683,NLCINDIA    ,A ,Q,64.00,64.35,63.20,63.85,63.90,64.60,8594,770360,49138973.00,
513687,SPECTRA IND.,XT,Q,7.20,7.20,7.10,7.20,7.20,7.32,6,251,1807.00,
513691,JMT AUTO LTD,Z ,Q,2.05,2.05,2.05,2.05,2.05,2.15,155,140012,287024.00,
513693,KIC METALIKS,X ,Q,53.10,53.10,50.85,52.15,52.15,53.70,107,10294,532266.00,
513699,SOLID STONE ,X ,Q,23.00,24.00,23.00,24.00,24.00,24.05,2,115,2735.00,
513709,SHILP GRAVUR,X ,Q,100.00,100.00,94.00,96.00,96.00,100.00,39,1245,118536.00,
513713,WHITEORG    ,X ,Q,14.00,14.20,13.47,13.48,13.48,14.17,517,179813,2439312.00,
513721,MFSINTRCRP  ,XT,Q,51.50,51.50,51.50,51.50,51.50,54.20,106,5873,302459.00,
513723,HGIND       ,XT,Q,111.00,114.90,110.50,114.90,114.90,116.30,26,3863,429597.00,
513729,ARO GRANITE ,B ,Q,55.70,56.65,54.75,55.40,54.75,57.95,151,9689,537324.00,
514010,HIM.FIBRES  ,XT,Q,6.35,6.35,6.04,6.15,6.04,6.35,63,4365,26894.00,
514028,RAJKAMAL SYN,XT,Q,24.50,24.50,22.70,22.70,22.70,23.40,18,2578,59570.00,
514030,DEEPAK SPINN,X ,Q,257.75,257.75,242.00,249.55,250.00,257.75,206,6478,1606428.00,
514034,JBF IND.LTD ,T ,Q,15.60,15.65,14.90,15.00,15.00,15.65,149,76086,1157712.00,
514036,LOY.TEX MILL,X ,Q,1191.00,1209.00,1141.00,1146.55,1146.55,1286.65,390,7696,8950048.00,
514043,HIMAT.SEIDE ,A ,Q,158.85,161.85,156.35,157.95,156.50,165.60,2649,95181,15175987.00,
514045,BSL LTD.    ,B ,Q,97.75,97.75,92.90,92.90,92.90,97.75,58,737,68908.00,
514087,PBM POLYTEX ,X ,Q,135.00,139.00,133.00,135.05,136.90,136.75,35,937,126697.00,
514113,ADHINATH TEX,XT,Q,53.90,56.70,53.90,55.15,56.30,56.70,443,20249,1104966.00,
514138,SURYALATA SP,X ,Q,325.20,339.95,316.00,320.90,324.00,333.95,54,1753,570457.00,
514140,SURYAVA SPIN,XT,Q,19.95,20.35,19.35,20.35,20.35,20.35,10,1832,35466.00,
514142,TT LTD.     ,B ,Q,98.20,102.30,97.35,99.40,99.40,99.80,30,1358,133625.00,
514144,UNIWORTH LTD,XT,Q,0.89,0.89,0.85,0.89,0.89,0.89,26,4392,3904.00,
514162,WELSPUN (I) ,A ,Q,99.10,100.75,97.35,98.25,98.25,101.90,4344,273902,27046797.00,
514165,IND.ACRYLICS,X ,Q,13.00,13.00,12.30,12.42,12.42,13.04,431,174515,2189106.00,
514167,GANESH ECOSP,B ,Q,617.95,637.65,607.95,629.60,630.00,629.60,3035,40437,25320767.00,
514171,CEETA IND.  ,XT,Q,15.80,15.80,14.95,14.95,14.95,15.45,4,27,412.00,
514175,VARDHMAN POL,B ,Q,24.95,24.95,22.85,23.00,23.00,24.05,92,13083,301302.00,
514183,BLA ROS IND ,B ,Q,182.00,185.00,179.10,180.85,181.95,185.10,2563,40206,7310732.00,
514197,ST CORP     ,XT,Q,15.25,15.25,15.25,15.25,15.25,16.05,4,809,12337.00,
514211,SUMEET INDUS,B ,Q,8.56,8.84,8.45,8.45,8.45,8.89,148,82923,704784.00,
514215,BINNY LTD.  ,X ,Q,307.00,307.00,293.65,294.30,302.90,305.95,138,4958,1480886.00,
514221,KLIFESTYLE  ,Z ,Q,0.30,0.30,0.28,0.29,0.29,0.29,165,5286883,1578844.00,
514223,RAMGOPAL POL,XT,Q,9.73,9.73,8.90,9.25,9.25,9.27,15,133,1218.00,
514234,SANGAM INDIA,B ,Q,285.80,293.95,280.00,291.20,290.90,294.85,93,1870,534574.00,
514238,IKAB SEC.   ,XT,Q,688.00,688.00,658.00,681.55,660.00,692.55,26,315,209965.00,
514240,KUSHIND     ,XT,Q,3.23,3.23,3.07,3.07,3.07,3.23,9,5772,17731.00,
514266,ZENITH FIBRE,X ,Q,56.05,56.05,54.00,55.50,56.00,56.00,28,5734,318369.00,
514272,BHILWARA SP.,XT,Q,35.65,37.50,34.60,35.70,37.00,36.40,58,3078,109637.00,
514274,AARVEE DENIM,B ,Q,24.80,24.80,23.20,24.50,24.75,24.30,54,4659,112571.00,
514280,SANRHEA TECH,XT,Q,81.00,81.00,79.80,80.00,79.80,84.00,15,1052,84162.00,
514286,ASHIMA LTD. ,B ,Q,15.60,15.60,14.75,14.90,14.90,15.68,98,26720,399373.00,
514300,PIONEER EMB ,B ,Q,48.05,50.60,47.20,49.70,49.95,50.00,190,9607,465449.00,
514302,VIPPY SPIN. ,X ,Q,132.65,132.65,116.10,116.50,116.50,125.70,60,1312,154104.00,
514312,JAY HIND SYN,XT,Q,13.59,13.59,12.31,13.58,13.59,12.95,89,53924,715066.00,
514316,RAGHUVIR SYN,XT,Q,159.00,159.00,151.55,151.60,151.55,159.50,435,8648,1316924.00,
514322,KAMADGIRI   ,XT,Q,40.10,40.80,40.10,40.10,40.10,40.90,4,571,23226.00,
514326,PATSPIN INDI,XT,Q,10.50,10.50,10.22,10.22,10.22,10.75,15,2904,29682.00,
514330,ONEGLOBAL   ,X ,Q,44.00,44.10,39.90,40.00,40.00,42.00,186,30319,1302795.00,
514332,NEOINFRA    ,X ,Q,23.10,23.10,20.60,21.10,21.00,22.65,18,6742,142769.00,
514354,PREMIER POLY,B ,Q,66.80,70.70,65.10,69.80,69.95,71.00,114,3244,216938.00,
514358,EVERLON SYN.,X ,Q,39.50,39.50,36.10,37.50,37.50,37.95,28,1240,45776.00,
514360,KRRAIL      ,X ,Q,28.15,28.15,27.50,28.15,28.15,28.15,9,185,5205.00,
514386,GUJ COTEX   ,XT,Q,2.02,2.02,2.02,2.02,2.02,2.02,3,3000,6060.00,
514394,AJIL        ,Z ,Q,26.95,28.00,25.80,26.55,27.70,27.10,59,5465,148122.00,
514400,GARWARE SYN.,X ,Q,12.25,13.98,12.25,13.27,13.27,13.45,20,5947,82234.00,
514412,SARUPINDUS  ,XT,Q,22.00,22.00,20.05,20.10,20.10,21.00,5,7652,153702.00,
514418,MANORG      ,B ,Q,845.00,846.00,781.40,806.75,800.15,848.15,642,2751,2225917.00,
514428,HINDU.ADHESI,X ,Q,326.00,359.00,326.00,346.75,346.80,349.90,101,1183,403068.00,
514442,SRI KPR IND ,X ,Q,27.00,27.00,25.20,26.85,26.50,26.95,119,12257,323512.00,
514448,JYOTI RESINS,X ,Q,1699.95,1699.95,1619.95,1619.95,1619.95,1705.20,633,4082,6673386.00,
514450,MAHA.RUBTECH,B ,Q,133.20,138.00,133.10,133.10,133.10,140.10,92,6744,899145.00,
514454,SOUTH.LATEX ,XT,Q,16.85,17.65,16.85,17.65,17.65,16.85,5,36,619.00,
514460,OSWAL YARNS ,XT,Q,4.95,4.95,4.95,4.95,4.95,4.85,2,45,222.00,
514470,WIMSOME TEXT,B ,Q,67.55,67.55,64.20,65.70,67.00,69.65,38,2414,159129.00,
515008,MOD.INSUL.  ,XT,Q,49.00,49.00,47.00,47.80,47.80,49.45,71,26482,1246406.00,
515018,REG.CERAMIC ,T ,Q,2.64,2.64,2.64,2.64,2.64,2.64,1,25,66.00,
515030,ASAHI IN.GLA,A ,Q,423.00,435.70,382.10,395.00,395.00,418.30,5218,88059,34923395.00,
515037,MURD.CERAM  ,B ,Q,23.20,23.85,23.00,23.10,23.00,24.10,182,14277,332512.00,
515043,SAINT-GOBAIN,X ,Q,74.85,74.95,72.25,74.00,74.00,75.90,876,85045,6273556.00,
515055,ANANTRAJ    ,A ,Q,68.75,68.75,63.80,65.00,64.80,67.65,1701,150497,9808753.00,
515059,MADHUS.IND. ,X ,Q,30.00,30.80,29.65,30.25,29.80,31.10,26,3235,96731.00,
515085,RESTILE CER.,XT,Q,2.82,2.86,2.82,2.86,2.86,2.73,14,6028,17006.00,
515093,MADHAV MARB.,B ,Q,52.10,52.10,49.15,51.50,51.40,52.10,77,1348,68062.00,
515127,RAMASIGNS   ,X ,Q,4.90,4.90,4.53,4.60,4.59,4.76,78,48247,220231.00,
515145,HIND.NAT.GLS,B ,Q,12.15,13.15,12.11,12.11,12.11,12.74,411,134494,1641533.00,
515147,HALDYN GLASS,X ,Q,38.50,38.50,36.70,37.15,37.15,37.90,378,61976,2312751.00,
516003,DUROPLY     ,X ,Q,104.05,108.60,103.85,104.10,103.85,109.30,37,1458,152869.00,
516016,SHREYANS IND,B ,Q,98.45,100.35,97.00,98.15,98.40,101.65,188,7464,732151.00,
516022,STAR PAPER  ,B ,Q,121.05,125.30,110.45,122.35,123.10,123.95,388,7395,885993.00,
516030,YASHPAKKA   ,X ,Q,78.00,78.00,75.00,77.55,77.75,78.55,236,39884,3059629.00,
516032,SARDA PAPERS,XT,Q,8.51,8.51,8.51,8.51,8.51,8.95,1,100,851.00,
516062,NAT.PLYWOOD ,Z ,Q,9.37,9.37,9.30,9.30,9.30,9.37,8,147,1368.00,
516064,ARROWGREEN  ,B ,Q,90.00,92.05,86.40,91.50,92.05,90.45,85,1688,152394.00,
516072,VISHNU CHEM ,T ,Q,1289.40,1289.40,1213.00,1254.45,1274.45,1273.45,52,422,523215.00,
516078,JUMBO BAG   ,Z ,Q,21.00,22.95,21.00,22.00,22.00,22.10,13,1938,41183.00,
516082,N.R.AGARWAL ,B ,Q,225.00,225.00,211.75,216.30,216.00,216.20,180,3299,712560.00,
516086,SH.RAJES.PAP,Z ,Q,2.54,2.54,2.50,2.50,2.50,2.54,6,680,1706.00,
516092,3PLAND      ,T ,Q,16.40,16.40,15.25,15.45,15.45,16.05,26,4352,67721.00,
516096,SANGAL PAPER,XT,Q,75.55,77.55,75.55,75.55,75.55,78.55,6,755,57338.00,
516106,SH.KARTHIK P,XT,Q,6.30,6.30,5.86,5.86,5.86,6.16,32,956,5607.00,
516108,S.I.PAPER   ,X ,Q,136.90,136.90,126.05,127.10,126.50,135.15,98,17167,2211104.00,
516110,SCANDENT    ,X ,Q,20.10,20.10,18.95,19.10,19.50,19.90,174,33976,653413.00,
517015,VINDHYA TELE,A ,Q,1134.00,1134.00,1042.00,1059.50,1056.20,1100.70,1522,9970,10589887.00,
517035,RUTTONSHA IN,XT,Q,340.00,340.00,327.00,327.00,327.00,344.20,294,3896,1276693.00,
517041,ADORWELDING ,B ,Q,651.80,655.00,630.00,633.85,630.00,656.15,247,1856,1179875.00,
517044,INT.DATA MAN,XT,Q,18.60,18.60,17.00,17.00,17.00,17.75,22,2451,45496.00,
517059,SALZER ELEC ,B ,Q,152.00,165.00,152.00,162.00,162.20,168.80,349,6662,1082908.00,
517063,JETINFOTRAN ,X ,Q,37.50,40.95,36.00,38.50,38.50,38.95,78,6251,234710.00,
517077,INDAGIV COMM,XT,Q,24.70,24.70,24.70,24.70,24.70,24.70,1,9,222.00,
517096,APLAB LTD.  ,XT,Q,18.25,18.90,18.25,18.60,18.90,18.90,7,706,13067.00,
517119,PCS TECH    ,XT,Q,18.75,18.75,18.30,18.75,18.75,17.90,73,6464,121137.00,
517146,USHA MART.LT,A ,Q,88.15,88.15,84.75,85.40,85.40,88.25,965,41379,3574909.00,
517166,SPEL SEMICON,XT,Q,63.80,66.00,63.80,64.60,65.00,67.15,1653,92261,5929256.00,
517168,SUBROS LTD. ,A ,Q,326.05,365.65,309.55,337.30,331.00,335.65,514,14872,4986315.00,
517174,HONEYWELL   ,A ,Q,39175.90,39936.65,38084.90,39584.75,39893.95,39171.60,170,229,8932217.00,
517201,SWITCH.TECH.,XT,Q,47.25,48.75,47.25,48.00,48.00,49.70,9,199,9466.00,
517206,LUMAX IND   ,B ,Q,995.85,995.85,917.70,951.00,951.00,996.45,538,8192,7791409.00,
517214,DIGISPICE   ,B ,Q,33.00,33.00,30.50,32.55,32.45,32.95,545,52357,1649405.00,
517230,PREM.AU.ELEC,Z ,Q,5.20,5.46,5.20,5.46,5.46,5.20,8,1466,7999.00,
517236,CALCOM VISIO,XT,Q,120.00,120.00,115.45,115.45,115.45,121.50,82,2063,240992.00,
517238,DYNAVISION  ,XT,Q,144.40,155.75,144.40,149.95,148.50,152.00,8,53,7861.00,
517246,BCC FUBA    ,XT,Q,21.00,21.95,20.30,20.90,21.40,21.35,57,1912,39406.00,
517258,PRECISION EL,XT,Q,33.50,36.40,33.45,35.45,35.45,35.20,18,799,27393.00,
517264,FINELINE CI ,X ,Q,48.15,50.80,48.10,48.10,48.10,50.60,73,3930,192250.00,
517271,HBL P SYS   ,B ,Q,57.20,58.40,56.30,57.15,57.50,59.20,4152,462118,26471473.00,
517273,S&S POWER SW,T ,Q,23.80,25.55,23.80,25.55,25.55,24.40,5,177,4214.00,
517288,GUJARATPOLY ,X ,Q,31.55,31.55,31.40,31.45,31.45,33.05,21,496,15610.00,
517300,GUJ.IND.POW.,B ,Q,73.05,73.45,70.50,72.45,72.35,73.85,558,29542,2120015.00,
517330,CMI LTD.    ,T ,Q,38.60,38.60,36.70,37.70,37.70,38.60,59,5608,205890.00,
517334,MOTHERSON SS,A ,Q,134.70,134.70,124.50,128.20,128.20,136.65,33389,1642382,209863286.00,
517344,MINDTECK (I),T ,Q,143.40,143.40,136.40,136.45,137.35,143.55,105,5700,779983.00,
517354,HAVELLSINDIA,A ,Q,1056.55,1080.55,1037.80,1072.25,1072.25,1084.10,9568,107543,113241347.00,
517356,ACI INFOCOM ,XT,Q,0.89,0.89,0.89,0.89,0.89,0.93,84,55149,49082.00,
517370,INCAP LTD.  ,XT,Q,38.10,40.00,38.10,38.25,38.25,40.10,6,337,13029.00,
517372,GUJ.INTRUX  ,X ,Q,104.00,118.60,104.00,106.55,106.55,110.70,17,1016,108538.00,
517380,IGARSHI MOT ,B ,Q,349.25,349.25,325.85,330.80,330.80,349.25,500,2480,828383.00,
517385,SYMPHONY    ,A ,Q,953.85,962.35,942.00,955.75,957.00,970.95,409,1407,1341566.00,
517393,VINTRON INF.,XT,Q,1.32,1.32,1.26,1.26,1.26,1.32,12,14401,18355.00,
517397,PAN ELECTR. ,X ,Q,37.30,37.30,33.95,37.25,37.30,35.70,28,1296,47915.00,
517415,LEE&NEE SOFT,XT,Q,17.06,17.06,15.44,16.29,16.59,16.25,814,125769,2022867.00,
517417,PATEL AIRTEM,X ,Q,228.35,228.95,219.05,225.35,225.35,233.55,182,12406,2777078.00,
517421,BFLYGANDHI  ,B ,Q,1360.00,1381.85,1360.00,1367.30,1367.30,1378.10,256,3676,5037095.00,
517429,ATHENAGLO   ,XT,Q,51.35,54.05,51.35,54.05,54.05,54.05,6,876,46267.00,
517437,DUTRON POLY.,XT,Q,159.50,159.50,159.50,159.50,159.50,152.50,1,2,319.00,
517447,R.S.SOFTWARE,B ,Q,32.80,32.90,31.15,32.00,31.80,33.60,300,10805,346639.00,
517449,MAGNA ELECTR,X ,Q,229.70,229.70,195.00,210.00,210.00,213.45,46,2866,594740.00,
517463,LINAKS MICRO,XT,Q,1.00,1.00,1.00,1.00,1.00,1.00,1,25,25.00,
517477,ELNET TECH. ,X ,Q,158.00,158.00,153.00,157.25,158.00,160.35,58,2111,328082.00,
517494,ACCEL       ,XT,Q,20.65,21.00,19.75,20.25,20.50,20.75,295,158987,3284640.00,
517498,WEBELSOLAR  ,B ,Q,98.00,98.00,95.60,96.40,96.40,100.60,1685,61121,5879259.00,
517500,ROTO PUMPS  ,X ,Q,371.00,373.30,354.95,355.30,359.00,373.30,296,20500,7327546.00,
517506,TTK PRESTIGE,A ,Q,788.00,788.00,765.75,776.55,776.55,786.80,1416,9406,7296568.00,
517514,DHINDIA     ,X ,Q,30.40,30.40,28.50,29.80,29.80,29.55,11,5945,175345.00,
517522,RAJ GLO WIR ,T ,Q,2272.10,2349.90,2209.00,2284.45,2335.00,2273.00,163,1017,2311464.00,
517530,SURANATP    ,T ,Q,10.32,11.25,10.32,10.37,10.37,10.86,184,34151,359834.00,
517536,ONWARD TECHN,B ,Q,280.00,294.95,272.00,291.95,290.70,286.25,323,2465,698592.00,
517544,CENTUM ELEC ,B ,Q,412.25,414.95,390.00,395.15,411.70,416.50,247,2165,857152.00,
517546,ALFA TRANSFO,X ,Q,7.04,7.05,6.70,7.00,7.00,7.04,15,14092,96605.00,
517548,STARLITE COM,Z ,Q,3.49,3.49,3.49,3.49,3.49,3.67,3,750,2617.00,
517554,NHCFOODS    ,X ,Q,14.65,15.47,14.10,14.41,14.50,14.91,104,26451,387352.00,
517556,PVP VENT LTD,T ,Q,5.43,5.80,5.42,5.59,5.59,5.68,23,13086,73288.00,
517562,TRIGYN TECH ,B ,Q,131.60,134.80,129.25,132.55,133.65,133.15,1009,25572,3373550.00,
517569,KEI INDUST. ,A ,Q,981.00,1034.95,981.00,1019.90,1024.00,1004.45,4896,382606,382731065.00,
517571,IMPPOWERS   ,T ,Q,14.70,14.70,13.63,14.05,14.05,14.34,22,3266,44700.00,
518011,KEERTHI     ,XT,Q,174.00,174.00,157.50,161.20,169.70,165.75,28,4245,681465.00,
518029,GUJ.SIDH.CEM,B ,Q,40.00,40.00,38.00,39.00,39.00,40.00,338,12502,485220.00,
518075,SURAJ PRODUC,Z ,Q,113.30,114.00,103.80,113.35,114.00,109.05,76,3328,369002.00,
518091,ANJANI PORTL,B ,Q,250.05,252.40,245.80,251.10,251.00,255.55,83,1213,301761.00,
519003,MODINATURAL ,X ,Q,209.55,209.55,195.20,198.15,199.00,205.45,228,14093,2782950.00,
519014,PRASANT IND.,XT,Q,5.79,5.79,5.79,5.79,5.79,5.52,2,115,665.00,
519064,KHANDEL. EXT,XT,Q,35.25,36.20,32.85,36.20,36.20,34.55,7,615,20267.00,
519091,TASTY BITE  ,A ,Q,11350.00,11428.25,10698.50,10845.00,10909.00,11639.05,313,497,5508404.00,
519097,RITESH INTER,XT,Q,30.85,31.70,30.00,31.00,31.00,30.20,67,9862,307698.00,
519105,AVT NATURAL ,B ,Q,90.00,90.00,85.70,87.55,90.00,91.05,1034,39074,3412173.00,
519126,HIND.FOODS  ,A ,Q,1871.50,1871.50,1742.60,1778.40,1778.40,1871.35,298,734,1311340.00,
519136,NAHAR INDUST,B ,Q,144.45,148.95,141.10,144.70,145.35,149.30,668,17388,2512760.00,
519152,VADILAL ENT ,XT,Q,1689.00,1689.05,1689.00,1689.05,1689.05,1736.00,2,6,10134.00,
519156,VADILAL IND ,B ,Q,1190.00,1262.85,1168.05,1183.55,1178.50,1209.90,217,2498,2983357.00,
519174,ASHIANA AGRO,XT,Q,10.60,11.00,10.55,10.60,10.60,11.10,17,1086,11551.00,
519183,ADF FOODS LT,B ,Q,702.15,707.80,689.05,693.45,697.60,700.10,123,501,350323.00,
519191,RGRL        ,X ,Q,12.44,12.44,11.55,12.03,12.20,12.44,115,7397,89727.00,
519216,AJANTA SOYA ,X ,Q,195.50,195.50,186.40,192.25,193.80,196.20,886,40889,7793416.00,
519224,WILLIAM.MAGO,B ,Q,23.35,23.45,23.20,23.30,23.20,24.25,24,395,9199.00,
519230,RICHIRICH   ,XT,Q,3.86,3.86,3.86,3.86,3.86,3.68,18,3137,12108.00,
519234,SIEL        ,XT,Q,31.65,32.00,30.10,32.00,32.00,31.65,20,1065,32245.00,
519242,SARDA PROT. ,XT,Q,37.90,38.00,36.90,36.90,36.90,37.00,3,12,454.00,
519260,SANWARIA    ,Z ,Q,1.13,1.13,1.04,1.07,1.07,1.09,498,1060965,1140093.00,
519262,PRIMA AGRO L,XT,Q,27.55,28.75,26.90,26.90,26.90,27.40,56,6339,174697.00,
519285,TARAI FOODS ,XT,Q,5.43,5.43,5.43,5.43,5.43,5.71,2,600,3258.00,
519287,MODERN DAIRI,X ,Q,8.79,8.79,7.98,7.99,7.98,8.40,176,129275,1051251.00,
519295,BAMBINO AGRO,X ,Q,310.00,310.00,290.05,299.95,299.00,299.10,68,3128,927570.00,
519299,PRIME INDS. ,Z ,Q,6.45,6.61,6.45,6.57,6.60,6.30,48,3952,25899.00,
519307,VIKAS WSP   ,T ,Q,3.50,3.50,3.39,3.43,3.43,3.56,346,411570,1407457.00,
519319,JATALIA     ,Z ,Q,5.10,5.10,4.73,4.73,4.73,4.97,13,429,2060.00,
519331,VSF PROJ    ,X ,Q,42.75,42.75,42.75,42.75,42.75,45.00,3,1250,53437.00,
519359,POONA DAL   ,X ,Q,58.40,58.60,55.00,55.65,55.05,58.10,98,4712,268814.00,
519367,TRANSGL.FOOD,XT,Q,89.50,89.60,82.10,89.50,89.60,85.35,33,922,81437.00,
519383,ANIK INDS   ,B ,Q,25.85,26.50,24.40,25.40,25.40,25.30,137,9892,248745.00,
519397,SHARAT INDUS,XT,Q,57.55,57.55,53.50,54.00,54.00,55.85,17,1397,77374.00,
519421,KSE LIMITED ,XT,Q,2011.00,2083.85,2000.00,2051.60,2051.15,2047.55,39,748,1533764.00,
519455,NARBADA     ,X ,Q,49.20,49.20,43.90,45.55,46.70,47.15,44,928,42859.00,
519457,VIRAT CRANE ,X ,Q,31.85,33.70,28.60,31.45,31.90,31.90,47,2292,72395.00,
519475,CHORDIA FOOD,X ,Q,144.95,144.95,129.60,134.95,134.95,135.75,28,288,38182.00,
519477,CIANAGRO    ,XT,Q,62.00,67.90,62.00,67.50,67.50,65.00,28,3940,253325.00,
519483,TAI INDUST. ,X ,Q,52.15,52.15,47.55,47.75,47.75,50.05,186,10011,492673.00,
519500,BKV INDUSTRS,XT,Q,7.40,7.98,7.22,7.40,7.40,7.60,59,7060,51238.00,
519532,ASIAN TEA   ,X ,Q,17.90,17.90,15.80,16.60,16.50,17.55,327,45021,745183.00,
519552,HERITGFOOD  ,A ,Q,303.10,317.50,298.45,309.50,309.35,312.40,1794,24791,7506630.00,
519566,SIMRAN FARMS,X ,Q,147.00,149.00,141.15,143.40,145.00,148.15,123,10657,1514844.00,
519588,DFM FOODS   ,B ,Q,242.95,243.00,228.20,231.45,231.45,246.05,784,10267,2423137.00,
519600,CCL PRODUCTS,A ,Q,381.00,395.45,377.40,381.80,381.80,406.55,4139,67558,26147314.00,
519602,KELLTONTEC  ,B ,Q,82.00,85.90,80.75,83.30,83.30,84.45,2018,107690,8898776.00,
519604,SURYO FOODS ,XT,Q,9.67,9.67,8.75,8.75,8.75,9.21,32,2492,23273.00,
519612,MAHAAN FOODS,X ,Q,20.60,22.20,19.80,22.20,22.20,20.20,62,10889,237238.00,
520008,RICO AUTO   ,B ,Q,34.10,34.90,33.70,34.05,34.15,35.15,607,43879,1504872.00,
520021,OMAX AUTOS. ,B ,Q,46.30,48.80,45.35,45.35,45.35,46.90,164,2005,93036.00,
520043,MUNJAL SHOWA,B ,Q,104.20,104.20,97.50,100.90,100.90,104.00,387,46580,4702553.00,
520051,JAMNA AUTO  ,A ,Q,99.00,100.90,96.00,96.35,96.20,99.35,1923,140429,13797180.00,
520056,SUNDAR.CLAY ,A ,Q,3611.95,3787.60,3577.65,3602.80,3595.00,3658.90,320,1001,3696907.00,
520057,JTEKTINDIA  ,A ,Q,70.10,72.50,70.10,71.95,71.95,73.30,360,18982,1359213.00,
520059,MUNAUTO     ,B ,Q,44.20,44.25,42.45,42.85,42.45,44.10,379,32372,1388773.00,
520066,JAYBH.MARUTI,B ,Q,146.00,151.00,141.90,143.70,143.00,148.85,199,7481,1081383.00,
520073,RACLGEAR    ,X ,Q,510.00,538.00,495.00,502.10,505.00,534.20,566,10234,5220334.00,
520075,SAMKRG PIST.,X ,Q,149.95,150.00,146.00,149.55,149.55,143.90,400,20761,3083732.00,
520086,SICAL LOG   ,T ,Q,13.25,13.25,12.39,13.05,13.09,13.04,69,41625,521357.00,
520111,RATNAMNI MET,A ,Q,2218.80,2222.20,2152.85,2183.55,2213.15,2201.00,308,1625,3542215.00,
520113,VESUVIUS IND,A ,Q,939.00,945.00,906.00,941.25,944.90,943.60,85,421,389390.00,
520119,AUTOMOTIVE S,T ,Q,302.00,317.30,287.10,317.30,317.30,302.20,942,45337,14030925.00,
520121,ARCEE INDUST,XT,Q,7.66,7.66,6.96,7.64,7.64,7.31,9,190,1426.00,
520123,ABC INDIA   ,X ,Q,73.30,77.05,73.30,73.70,73.60,77.05,20,649,48201.00,
520127,BALURGHAT TE,XT,Q,9.61,9.61,9.01,9.49,9.49,9.17,15,1383,12855.00,
520141,SIBAR AUTO  ,XT,Q,9.99,9.99,9.50,9.50,9.50,9.99,21,925,8812.00,
520151,SHREY SH LOG,B ,Q,294.85,312.00,293.20,309.20,311.35,300.20,899,8546,2581253.00,
520155,STARLOG     ,X ,Q,10.15,10.15,9.52,9.60,9.60,9.95,17,937,9014.00,
521005,INDOVATION  ,XT,Q,5.40,5.40,5.40,5.40,5.40,5.40,1,500,2700.00,
521016,INDO COUNT  ,A ,Q,163.05,163.25,156.00,156.50,156.50,167.95,2483,83147,13332959.00,
521018,MARAL OVERS ,B ,Q,85.80,88.00,84.45,84.45,84.45,88.85,149,16346,1393841.00,
521034,SOMA TEXTILE,T ,Q,9.28,9.28,9.28,9.28,9.28,9.76,16,2859,26531.00,
521062,OCTAVE      ,XT,Q,2.00,2.00,1.93,1.93,1.93,2.03,17,4944,9653.00,
521064,TRIDENT     ,T ,Q,49.00,50.00,48.50,48.60,48.60,51.05,10105,840243,41152792.00,
521068,HISAR SPIN. ,P ,Q,36.25,36.25,36.25,36.25,36.25,36.90,1,100,3625.00,
521070,ALOK INDS.  ,A ,Q,23.50,23.60,22.85,23.25,23.25,24.10,4353,2119032,49293753.00,
521080,PASARI SPIN ,XT,Q,6.85,6.85,6.70,6.85,6.85,6.53,63,3819,26057.00,
521082,SPENTEX INDS,Z ,Q,2.84,2.86,2.84,2.86,2.86,2.73,42,87853,250959.00,
521097,AMARJOTHI SP,X ,Q,164.10,175.00,164.10,174.00,174.80,170.00,124,11188,1925583.00,
521105,OLYMPIA IND.,X ,Q,28.60,32.95,28.40,32.00,32.00,31.50,8,220,6980.00,
521109,NAGREEKA EXP,B ,Q,36.85,36.85,33.85,34.50,33.85,35.80,190,5094,177447.00,
521113,SUDITI IND. ,XT,Q,47.10,47.20,46.90,46.90,46.90,49.35,18,23280,1093485.00,
521131,SBFL        ,XT,Q,12.50,12.50,11.88,12.45,12.45,12.50,14,2343,29175.00,
521141,ADITYA SPIN.,XT,Q,20.45,20.80,19.00,19.35,20.00,19.85,99,8482,169730.00,
521151,DHANLXMI FAB,X ,Q,29.85,29.95,25.30,28.95,28.95,27.80,11,447,13312.00,
521161,SRI LAK.SAR.,X ,Q,65.20,67.50,64.80,66.85,67.00,64.90,17,501,33437.00,
521163,ZODIAC CLOTH,B ,Q,96.10,99.10,93.05,94.30,95.65,99.60,301,6961,658158.00,
521178,SRI RAMK.MIL,X ,Q,31.75,31.75,29.35,29.90,29.90,30.80,37,2646,79262.00,
521180,SUPER SPIN. ,T ,Q,13.20,13.50,12.98,12.98,12.98,13.66,45,21137,275742.00,
521182,SEASONS FUR.,Z ,Q,4.57,4.75,4.35,4.35,4.35,4.57,8,4001,18962.00,
521188,UNITED TEXT.,XT,Q,14.04,14.35,13.18,13.72,14.09,13.87,62,3436,46897.00,
521194,SIL INVEST  ,B ,Q,321.05,324.65,309.80,314.15,310.00,326.15,98,666,210692.00,
521200,SURYLAK.COTT,B ,Q,67.10,68.35,66.15,67.40,67.40,69.55,84,4815,324019.00,
521206,SAMTEX FASH.,XT,Q,3.85,3.85,3.50,3.64,3.67,3.68,239,69488,250761.00,
521216,DHAN ROTO SP,X ,Q,76.00,79.70,76.00,78.45,78.60,79.65,37,1546,120209.00,
521220,DAMOINDUS   ,B ,Q,58.85,59.55,56.00,58.15,58.15,61.25,312,9030,524343.00,
521226,UNI ROYAL IN,X ,Q,15.85,16.53,15.01,15.01,15.01,15.80,20,1168,17662.00,
521228,TATIA GLOB  ,XT,Q,3.25,3.25,3.01,3.01,3.01,3.16,314,85808,264986.00,
521232,SUNIL INDUS.,P ,Q,22.65,22.65,22.65,22.65,22.65,21.60,1,500,11325.00,
521234,SRI NACHAMAI,X ,Q,61.10,61.10,55.00,59.20,59.20,59.90,23,1293,73880.00,
521240,SAMBANDAM SP,X ,Q,209.00,210.00,197.00,197.25,202.65,209.05,212,6406,1292815.00,
521242,KANDAGIRI SP,X ,Q,24.70,25.00,22.35,23.95,23.95,24.70,9,103,2470.00,
521244,CHITRA.SPIN.,XT,Q,12.60,12.60,12.60,12.60,12.60,13.25,1,50,630.00,
521248,KITEX GARMEN,B ,Q,226.60,230.50,222.20,226.60,226.00,231.35,1178,29859,6770188.00,
522001,CRANEX LTD. ,X ,Q,17.50,17.50,17.10,17.10,17.10,18.00,15,5298,90615.00,
522004,BATLIBOI LTD,X ,Q,39.85,40.90,38.00,40.60,40.50,39.85,117,37400,1490561.00,
522005,AUSTIN ENGG.,X ,Q,57.50,59.00,52.00,52.85,52.00,59.50,61,4460,239966.00,
522014,UNITED DRILL,B ,Q,470.35,499.00,456.85,481.85,482.65,469.25,1128,10186,4805661.00,
522017,FLUIDOMAT   ,X ,Q,138.70,140.65,132.00,135.00,135.00,137.30,59,2427,329655.00,
522027,EMA INDIA   ,X ,Q,29.40,29.40,29.40,29.40,29.40,28.00,1,10,294.00,
522029,WINDSOR MACH,B ,Q,37.55,37.55,35.55,36.45,36.45,37.50,232,23828,867754.00,
522034,SHANTHI GEAR,B ,Q,179.00,180.00,175.20,175.70,176.90,181.95,400,8679,1543050.00,
522064,HONDAPOWER  ,B ,Q,1163.55,1187.65,1127.05,1177.55,1182.85,1179.65,169,720,834840.00,
522073,HITECHGEAR  ,B ,Q,210.00,211.50,206.00,208.25,209.75,212.30,34,541,112929.00,
522074,ELGI EQUIP  ,A ,Q,343.05,343.05,324.20,328.20,328.20,348.95,2297,41996,13933103.00,
522091,UV DER HORST,X ,Q,65.00,70.00,65.00,66.95,70.00,68.05,13,742,49195.00,
522101,KILBURN ENGG,XT,Q,42.30,42.30,38.50,38.50,38.50,40.50,35,2262,87300.00,
522105,BIRLA PRETEC,XT,Q,30.85,31.20,28.70,29.55,29.95,30.20,385,78926,2308121.00,
522108,YUKEN INDIA ,B ,Q,531.05,553.35,522.65,533.75,535.00,556.50,102,703,373370.00,
522113,TIMKEN (I)  ,A ,Q,2034.00,2034.00,1908.30,1920.95,1939.45,1983.25,536,2204,4260080.00,
522122,VOITH PAPER ,X ,Q,1020.00,1065.00,1013.05,1019.85,1019.85,1046.10,48,1510,1546762.00,
522134,ARTSON ENG  ,XT,Q,52.10,54.00,51.85,52.00,54.00,54.55,95,11102,583242.00,
522152,SOLITAIR MC ,XT,Q,41.00,41.00,40.05,40.05,40.05,42.00,13,368,15012.00,
522163,DIAMONPOWER ,Z ,Q,1.70,1.70,1.62,1.62,1.62,1.70,12,17930,29447.00,
522165,INDSIL HYD  ,X ,Q,62.95,66.70,60.40,66.35,66.70,63.55,381,145700,9130902.00,
522183,ITL INDUSTRS,X ,Q,134.15,134.15,127.50,128.10,128.05,131.50,48,1709,220470.00,
522195,FRONTIER SPR,X ,Q,275.00,275.00,256.00,261.40,264.00,263.80,109,5870,1541791.00,
522205,PRAJ IND.LTD,A ,Q,340.00,354.75,340.00,347.25,347.25,356.80,5697,148523,51469816.00,
522207,RASANDIK ENG,XT,Q,130.00,130.00,127.70,127.70,127.70,134.40,64,7150,913174.00,
522209,YOGI SUNGWON,XT,Q,5.07,5.32,5.07,5.23,5.11,5.07,27,1387,7339.00,
522215,HLEGLAS     ,A ,Q,5410.10,5587.95,5225.10,5247.45,5252.10,5477.60,1115,2626,14053920.00,
522217,GUJ APOIND  ,B ,Q,193.10,206.00,193.10,203.85,205.00,205.20,128,1653,335944.00,
522229,TANEJA AERO.,XT,Q,98.00,101.00,95.45,96.15,98.80,100.45,377,21749,2107389.00,
522231,CONART ENG. ,X ,Q,34.40,36.00,34.40,36.00,36.00,35.05,9,759,27080.00,
522237,SHIVAGRICO  ,XT,Q,20.40,21.25,20.40,21.25,21.25,20.25,16,3695,76341.00,
522241,M.M.FORGINGS,B ,Q,795.85,795.95,753.60,769.35,770.00,809.55,568,1985,1537214.00,
522245,IYKOT HITEC ,Z ,Q,15.70,16.35,15.20,15.20,15.20,16.00,6,235,3582.00,
522249,MAYUR UNIQ. ,A ,Q,360.00,366.15,349.35,356.10,355.40,362.70,1217,12813,4561495.00,
522251,CENLUB INDUS,X ,Q,108.00,108.00,102.00,104.30,104.95,110.75,148,8930,926738.00,
522257,RAJOO ENGIN.,X ,Q,30.50,30.50,29.05,29.80,29.80,30.70,909,53621,1594433.00,
522263,JMC PROJECTS,B ,Q,85.00,85.00,82.40,83.90,84.25,86.05,292,11334,945015.00,
522267,VEEJAY LAKSH,X ,Q,58.00,61.85,58.00,58.15,58.15,60.95,9,784,47394.00,
522273,AHMED.STEEL ,XT,Q,21.60,21.60,21.00,21.00,21.00,21.60,13,549,11731.00,
522275,GET&D       ,A ,Q,86.20,86.20,82.50,82.95,83.55,87.20,773,24024,2014918.00,
522281,RAM RAT.WIRE,X ,Q,193.90,194.75,188.00,192.80,194.00,192.80,150,10122,1935688.00,
522285,JAY NECO IND,B ,Q,21.75,22.50,21.70,22.25,22.10,22.55,67,16305,360033.00,
522287,KALPA.POWER ,A ,Q,356.05,383.95,356.05,379.90,376.85,372.85,1844,40180,15077984.00,
522289,NMSRESRC    ,XT,Q,26.45,26.45,23.95,26.25,26.25,25.20,11,470,12290.00,
522292,CHANDNI TE  ,X ,Q,47.00,47.00,43.50,44.55,44.55,46.50,166,16543,736355.00,
522294,T & I GLOBAL,X ,Q,88.00,88.00,85.35,86.95,88.00,90.20,36,1636,141240.00,
522295,CONTROL PRNT,B ,Q,347.35,353.05,345.60,349.45,349.50,353.45,142,1360,476419.00,
522650,BEMCO HYDRAU,X ,Q,239.00,245.00,231.50,232.05,231.50,243.65,25,2418,561430.00,
523007,ANSAL BUILD.,X ,Q,90.05,93.75,89.50,91.55,91.00,93.60,141,7075,642842.00,
523011,WEIZMANN LTD,B ,Q,62.35,62.70,60.00,61.35,61.35,62.95,21,1188,72824.00,
523019,B.N.RATHI SE,X ,Q,36.90,36.90,29.55,31.65,31.65,36.90,203,33956,1111307.00,
523021,RISHITECH   ,X ,Q,26.50,26.50,25.50,26.50,26.50,27.35,16,2643,68362.00,
523023,SINCLAIR HOT,X ,Q,75.30,81.80,75.30,79.40,80.20,78.35,269,37698,2978547.00,
523025,SAFARI IND. ,B ,Q,880.05,880.05,846.45,857.15,863.95,878.30,148,675,583163.00,
523054,BIN.TEX.PR(P,XT,Q,820.00,820.00,780.00,780.00,780.00,820.00,3,7,5525.00,
523062,JJ FINANCE  ,XT,Q,28.45,29.85,28.45,29.85,29.85,28.45,5,65,1927.00,
523100,COSMO FERR. ,X ,Q,392.00,415.00,377.25,382.30,382.30,397.10,1097,69641,27383098.00,
523113,FUTURA SEC. ,XT,Q,12.84,12.84,12.23,12.23,12.23,12.23,8,131,1666.00,
523116,SANCO TRANS ,X ,Q,555.00,638.00,525.30,585.05,585.00,557.20,21,267,151972.00,
523120,ADOR MULTI. ,X ,Q,88.00,88.00,76.15,77.05,77.00,80.85,69,9385,727532.00,
523127,EIH ASSO.HOT,B ,Q,359.00,363.00,346.90,354.45,354.45,362.70,85,1578,568736.00,
523144,MEDI CAPS   ,X ,Q,50.70,50.95,48.30,48.60,49.00,50.70,433,13527,664758.00,
523151,OTCO INTERN.,X ,Q,7.20,7.20,7.10,7.10,7.10,7.20,20,672,4780.00,
523160,MORGAN CRU  ,X ,Q,949.50,949.50,900.00,900.95,909.00,955.55,161,1867,1694652.00,
523164,SIP INDUST. ,Z ,Q,6.20,6.61,6.05,6.49,6.10,6.30,35,2245,13774.00,
523186,BA PACK     ,XT,Q,190.00,205.00,187.15,192.80,188.05,196.95,99,3710,700147.00,
523204,ABAN OFFSHO ,B ,Q,45.50,47.70,44.55,46.85,46.90,45.55,920,44284,2067495.00,
523207,KOKUYOCMLN  ,B ,Q,60.05,61.60,59.90,60.55,60.55,61.40,252,19550,1182843.00,
523209,NICCO UCO AL,XT,Q,0.35,0.35,0.35,0.35,0.35,0.35,3,2001,700.00,
523222,SRM ENERGY  ,XT,Q,8.26,8.26,8.20,8.20,8.20,7.87,2,130,1072.00,
523229,BHARAT SEATS,X ,Q,65.00,65.90,63.00,64.05,64.05,66.60,273,21299,1371580.00,
523232,CONT.PETRO  ,XT,Q,42.95,43.00,41.80,42.50,42.50,43.85,20,416,17711.00,
523248,MACHINO PLAS,X ,Q,105.00,112.90,104.00,109.95,109.95,109.00,9,534,60155.00,
523260,PEARL POLYME,B ,Q,17.50,17.55,16.20,16.80,16.80,17.75,91,9094,153664.00,
523261,VENKEY'S (I),A ,Q,1984.95,1984.95,1914.80,1952.75,1952.75,1985.40,993,9626,18801473.00,
523269,ADVANI HOTEL,B ,Q,88.00,88.75,84.85,85.20,86.00,90.65,399,13441,1160098.00,
523277,G.V.FILMS   ,XT,Q,1.08,1.12,1.08,1.09,1.09,1.12,3325,3351646,3645964.00,
523283,SUPER HOUSE ,B ,Q,180.00,180.00,157.05,159.25,159.10,163.50,95,1349,215419.00,
523289,RAMA VISION ,XT,Q,16.75,16.75,15.95,15.95,15.95,16.75,5,748,12010.00,
523301,TCPL PACK   ,B ,Q,689.80,705.00,688.00,698.10,701.55,717.05,330,1781,1238755.00,
523319,BALMER LAWRI,A ,Q,114.80,114.80,112.55,113.30,113.80,115.20,1533,42006,4761289.00,
523323,KOVAI MEDI. ,B ,Q,1545.00,1545.60,1510.00,1514.20,1510.00,1559.50,181,795,1211453.00,
523329,ELDECO HOUS.,X ,Q,672.00,698.85,653.00,668.75,668.75,711.00,189,1989,1351947.00,
523367,DCMSHRIRAM  ,A ,Q,1003.10,1003.45,950.65,954.10,955.00,1012.50,1833,10841,10532395.00,
523369,DCM SHR.IND ,B ,Q,90.45,91.50,88.25,91.00,91.00,91.60,713,114510,10388001.00,
523371,MAWANA SUGAR,B ,Q,118.00,120.90,114.35,119.20,119.20,115.25,2503,138103,16364501.00,
523373,MINI DIAMOND,XT,Q,23.40,24.00,23.00,24.00,24.00,22.90,25,1599,38222.00,
523384,MAH.RAS.APEX,B ,Q,89.50,94.00,89.00,93.25,94.00,89.70,180,587,53368.00,
523385,NILKAMAL L  ,A ,Q,2002.00,2002.00,1885.25,1913.40,1900.30,2001.35,130,412,802846.00,
523387,TRITON CORP.,XT,Q,0.36,0.36,0.36,0.36,0.36,0.36,8,52607,18938.00,
523391,NAHAR POLY  ,B ,Q,474.80,477.90,444.05,458.60,458.60,481.05,1712,24329,11306036.00,
523395,3M INDIA LTD,A ,Q,20255.00,20255.00,19668.45,19908.35,19908.35,20379.25,165,7304,145414873.00,
523398,JCHAC       ,A ,Q,1760.05,1810.40,1743.10,1772.05,1761.00,1796.50,197,765,1353132.00,
523405,JM FINANCIAL,A ,Q,63.70,63.70,60.60,61.85,61.50,64.00,2886,230538,14161528.00,
523411,ADCINDIA    ,X ,Q,302.00,305.00,290.00,299.95,300.00,305.20,38,838,252658.00,
523415,COVENTRY COI,Z ,Q,1.38,1.38,1.38,1.38,1.38,1.38,2,2000,2760.00,
523419,TAMIL.TELE. ,T ,Q,8.35,8.35,8.35,8.35,8.35,8.00,4,234,1953.00,
523425,SUNRAJ DIAM.,Z ,Q,7.32,7.32,6.72,7.32,7.32,6.98,24,4214,30823.00,
523445,REL INDL INF,A ,Q,671.95,672.05,646.85,653.20,653.20,686.90,3788,63548,41936171.00,
523449,SHARP INDIA ,X ,Q,57.95,57.95,54.15,54.85,55.00,56.95,43,1414,78553.00,
523457,LINDEINDIA  ,A ,Q,2552.40,2600.00,2500.75,2552.90,2543.15,2615.05,1864,8187,20834430.00,
523465,IND.BANK HSG,B ,Q,28.85,28.85,26.45,27.25,27.25,27.25,16,4389,118123.00,
523467,JAIMATA GLAS,XT,Q,0.51,0.51,0.51,0.51,0.51,0.53,53,789610,402701.00,
523475,LOTUS CHOC  ,XT,Q,90.00,92.30,86.05,90.40,87.65,90.50,60,3048,270637.00,
523483,PACIFIC IND.,X ,Q,442.00,443.80,423.00,423.20,423.20,434.90,55,3474,1526220.00,
523489,CMM HOSPITAL,X ,Q,23.70,24.55,20.60,24.00,24.55,22.40,31,1081,25458.00,
523519,UNI OFF AUTO,XT,Q,4.45,4.54,4.30,4.45,4.31,4.33,40,2821,12721.00,
523537,APM INDUS.  ,X ,Q,38.00,40.00,37.25,39.45,38.35,38.40,67,11253,437526.00,
523539,PRECISION WR,T ,Q,87.00,88.80,85.00,85.05,85.00,89.45,535,21926,1873726.00,
523550,KRYPTON IND ,XT,Q,23.15,23.15,21.60,22.30,21.70,22.70,129,11294,247925.00,
523558,SWISSMLTRY  ,XT,Q,27.10,27.10,27.10,27.10,27.10,28.50,200,22893,620400.00,
523566,MARTIN BURN ,X ,Q,55.55,55.55,49.10,54.30,54.30,54.45,9,98,5141.00,
523574,FEL         ,B ,Q,9.80,9.85,8.92,9.05,9.23,9.86,1084,333492,3125446.00,
523586,IND.TONERS  ,X ,Q,154.00,158.70,152.00,156.05,156.05,158.95,56,3655,567558.00,
523594,KUNSTSTOFFE ,X ,Q,22.95,22.95,20.70,22.90,22.90,22.95,22,1761,38097.00,
523598,SHIPP.CORPN ,A ,Q,111.15,116.55,111.15,113.30,113.40,116.65,5686,454194,51714727.00,
523606,SIKA INTER. ,X ,Q,688.00,688.70,653.80,653.80,653.80,688.20,353,6241,4107236.00,
523610,ITI LTD.    ,A ,Q,93.80,94.45,91.50,91.95,92.00,93.85,977,25950,2403730.00,
523618,DREDGING COR,B ,Q,304.10,314.85,304.10,310.25,311.65,319.50,431,3111,965780.00,
523620,PHARMASIA   ,XT,Q,27.50,29.40,26.70,29.40,29.40,28.10,14,209,5732.00,
523628,PODDAR      ,B ,Q,200.00,200.85,200.00,200.85,200.85,201.20,15,116,23268.00,
523630,NATIONAL FER,A ,Q,42.70,43.65,42.50,42.85,42.90,44.15,1032,78779,3379375.00,
523638,IP RINGS LTD,X ,Q,129.30,131.00,125.55,126.15,126.50,129.30,47,2387,305737.00,
523642,PI INDUS.LTD,A ,Q,2380.00,2428.55,2352.95,2403.40,2413.95,2440.60,2599,10747,25672467.00,
523648,PLASTIBLEND ,B ,Q,203.05,204.70,198.40,202.20,201.35,207.55,135,2239,449406.00,
523650,YASHINNO    ,XT,Q,35.90,35.90,34.15,35.75,35.75,35.90,10,230,7905.00,
523652,KKPLASTICK  ,XT,Q,25.75,25.75,24.50,24.60,24.60,25.75,19,565,13896.00,
523660,WATERBASE   ,B ,Q,90.05,90.95,88.30,89.30,89.50,91.80,479,11372,1019277.00,
523672,FLEX FOODS  ,X ,Q,90.00,91.00,86.60,89.40,89.50,89.20,113,7252,646928.00,
523676,GOLKUNDA DIA,X ,Q,95.75,95.75,87.05,92.50,93.75,91.60,81,2342,215030.00,
523694,APCOTEX IND ,A ,Q,333.85,339.00,325.25,331.50,331.50,339.05,562,6768,2264616.00,
523696,FORTIS MLR  ,X ,Q,58.00,60.70,58.00,59.30,59.25,61.80,40,1541,91349.00,
523704,MASTEK LTD  ,A ,Q,2645.00,2798.55,2607.80,2771.35,2750.00,2679.60,3563,17055,46647093.00,
523708,EIMCO ELECON,B ,Q,321.05,327.15,314.90,319.75,314.90,329.95,128,1368,439031.00,
523710,SAYAJI HOTEL,XT,Q,242.20,242.20,226.00,239.20,239.20,237.75,10,201,45475.00,
523716,ASHIANA HOU ,B ,Q,149.85,157.10,146.65,156.00,156.50,153.80,267,9126,1393083.00,
523722,SVAM SOFTWAR,XT,Q,7.10,7.35,6.65,6.89,6.79,7.00,316,49064,341112.00,
523732,ECO BOARD IN,X ,Q,21.25,22.95,21.25,22.10,22.90,23.05,33,6265,137661.00,
523736,DVL         ,B ,Q,238.00,238.00,221.35,222.80,223.75,228.40,222,5985,1350002.00,
523754,MAHEPC      ,B ,Q,97.50,97.50,92.45,94.65,94.75,97.90,754,15410,1461454.00,
523756,SREIINFRA   ,B ,Q,4.76,4.96,4.67,4.80,4.81,4.91,599,402546,1930883.00,
523782,MITSHI      ,X ,Q,13.02,13.51,13.00,13.00,13.00,13.85,25,2652,34678.00,
523790,SHUKRA JEW  ,P ,Q,9.00,9.00,9.00,9.00,9.00,8.65,1,100,900.00,
523792,MAZDA LTD   ,B ,Q,479.40,519.00,460.00,462.80,462.80,479.40,258,1268,621304.00,
523796,VICEROY HOTE,Z ,Q,4.37,4.53,4.11,4.12,4.25,4.32,30,9648,40150.00,
523826,SOVEREIGN DI,X ,Q,15.45,15.45,15.45,15.45,15.45,16.25,11,1864,28798.00,
523828,MENON BEAR. ,B ,Q,76.60,79.00,75.00,76.95,77.45,78.30,92,3160,242026.00,
523832,MUKAT PIPES ,XT,Q,5.93,5.93,5.93,5.93,5.93,6.24,1,41,243.00,
523836,GUJ.RAFFIA  ,T ,Q,34.50,36.70,34.30,35.50,35.50,35.90,9,357,12513.00,
523838,SIMPLX INFRA,B ,Q,44.00,44.85,40.65,43.50,44.00,42.75,562,44194,1914557.00,
523840,INN.TECH.PAC,X ,Q,15.25,17.95,15.25,17.65,17.50,18.20,39,2953,50515.00,
523842,SUPER TANNER,X ,Q,5.13,5.38,4.90,5.34,5.35,5.13,337,83970,433623.00,
523850,AXTEL INDUS.,X ,Q,275.00,285.00,272.05,274.90,274.90,282.95,156,3222,900184.00,
523862,PIFL        ,XT,Q,8.49,8.49,8.07,8.47,8.47,8.49,3,79,644.00,
523874,PRECI CONTNR,XT,Q,0.46,0.46,0.46,0.46,0.46,0.46,1,100,46.00,
523896,APIL        ,XT,Q,58.60,59.65,58.60,59.65,59.65,56.85,12,133,7816.00,
524000,POONAWALLA  ,A ,Q,219.00,225.75,218.70,220.10,220.10,231.20,7642,327404,72714100.00,
524013,HIND.FLUROCA,T ,Q,11.16,11.25,10.50,11.24,11.25,10.84,42,3784,41441.00,
524019,KINGFA      ,B ,Q,1075.40,1075.40,1034.90,1042.35,1042.35,1086.15,299,1541,1621321.00,
524037,RAMA PHOSPH ,X ,Q,332.00,337.00,311.00,334.05,334.05,336.65,358,16733,5469240.00,
524051,POLYPLEX    ,A ,Q,1829.80,1830.45,1750.00,1816.25,1820.00,1828.40,2654,18366,32988908.00,
524075,ALBERT DAVID,B ,Q,525.00,527.80,508.90,518.50,517.20,523.90,80,554,287477.00,
524080,HAR.LEATHER ,XT,Q,36.30,36.30,34.80,36.00,36.00,36.60,22,850,30050.00,
524091,ACRYCIL LTD.,A ,Q,681.00,709.00,680.05,692.60,688.50,709.70,3147,43036,29917746.00,
524109,KABRA EXTR  ,B ,Q,432.75,432.75,413.00,419.65,420.45,433.65,783,6380,2671349.00,
524129,VINYL CHEM  ,B ,Q,228.20,230.00,225.00,227.00,227.30,234.80,605,8750,1989036.00,
524136,PEE CEE COSM,X ,Q,115.00,124.95,110.05,115.70,113.45,115.05,19,431,51638.00,
524156,T C M LTD.  ,X ,Q,53.00,55.45,53.00,55.00,55.00,55.00,3,20,1064.00,
524164,IOL CHEM PH ,A ,Q,347.00,347.00,321.90,323.65,323.65,347.90,5611,97983,32320889.00,
524200,VINATI ORG. ,A ,Q,1820.05,1907.70,1769.65,1844.95,1864.50,1831.10,1498,5710,10359286.00,
524202,LACTOSE(I)  ,XT,Q,48.90,50.75,48.90,50.55,50.50,49.90,10,1099,55484.00,
524208,AARTI INDUST,A ,Q,822.00,822.00,787.25,803.80,803.80,830.80,12876,143318,114829866.00,
524210,PENTOKEY ORG,XT,Q,20.25,20.25,20.25,20.25,20.25,21.30,3,125,2531.00,
524212,WANBURY LTD ,T ,Q,79.05,79.05,78.95,78.95,78.95,83.10,24,2509,198091.00,
524218,RESONANCE   ,X ,Q,174.00,174.00,167.00,171.25,171.90,173.80,180,5609,950825.00,
524226,GUJ AMB EXP ,A ,Q,193.00,199.75,187.50,194.40,193.35,195.90,2790,125168,24283475.00,
524230,RASHTR.CHEM.,A ,Q,72.30,72.30,69.60,70.50,70.15,72.25,2845,309817,21846081.00,
524280,KOPRAN LTD. ,B ,Q,272.00,272.50,260.80,262.65,263.50,272.95,1057,19611,5193906.00,
524288,AIMCO PESTI.,XT,Q,155.50,159.00,155.10,155.10,155.10,163.25,71,5227,813734.00,
524314,GUJ.TERC LAB,XT,Q,16.15,16.15,16.10,16.10,16.10,16.90,23,4343,69922.00,
524324,SEYAIND     ,Z ,Q,43.20,46.30,43.20,44.25,44.25,45.45,119,4519,199686.00,
524330,JAYANT AGRO ,B ,Q,204.10,204.10,199.10,200.65,200.65,207.20,302,4087,824313.00,
524332,BCLIL       ,T ,Q,419.35,419.35,400.00,407.75,408.00,417.95,174,7742,3164048.00,
524336,SH.HARI CHEM,X ,Q,63.80,63.90,60.10,61.90,61.90,64.00,19,766,47412.00,
524342,INDOBORAXC  ,X ,Q,122.00,123.80,118.05,122.10,122.00,123.80,455,20600,2502888.00,
524348,AARTI DRUGS ,A ,Q,440.25,445.00,437.80,440.90,443.35,444.85,878,14843,6544858.00,
524370,BODAL CHEM  ,A ,Q,96.05,99.05,96.05,97.55,97.55,101.00,1374,63151,6171779.00,
524372,ORCHIDPHAR  ,B ,Q,281.10,281.60,275.45,278.55,278.55,282.55,186,3917,1088989.00,
524394,VIMTA LABS  ,B ,Q,310.10,343.00,310.10,330.75,332.85,329.00,214,1748,567764.00,
524396,BIOFIL CHEM ,B ,Q,57.10,62.10,57.00,60.00,59.90,62.35,180,6411,383950.00,
524400,ISHITA DRUGS,X ,Q,36.40,40.00,36.40,39.85,39.85,39.25,20,1220,47850.00,
524404,MARKSANS    ,A ,Q,45.10,46.55,45.10,45.85,45.85,47.60,2349,205974,9486551.00,
524408,UNIV.STARCH ,XT,Q,139.15,141.85,128.40,128.90,136.90,135.10,58,5648,757982.00,
524412,AAREY DRUGS ,B ,Q,44.85,44.90,42.55,43.15,42.75,43.35,70,5498,237347.00,
524434,ASIAN PETRO ,XT,Q,28.60,29.80,27.20,29.50,29.50,28.60,29,802,22284.00,
524440,CAMEX LTD   ,X ,Q,29.65,30.80,28.35,29.75,29.55,31.35,68,18740,562743.00,
524444,EVEXIA      ,X ,Q,6.68,6.68,6.40,6.45,6.45,6.70,3304,1223002,7920055.00,
524470,SYNCOM FORM.,X ,Q,10.80,10.80,10.44,10.44,10.44,10.98,7169,3055591,32138638.00,
524480,RIDHI SIDHI ,X ,Q,355.00,355.00,342.00,343.95,342.00,368.15,6,221,76033.00,
524488,SVCIND      ,XT,Q,5.35,5.70,5.18,5.18,5.18,5.45,304,55764,290998.00,
524494,IPCA LAB LTD,A ,Q,943.30,984.00,930.15,973.55,973.55,955.25,2934,22336,21517246.00,
524500,KILITCH DRUG,T ,Q,175.50,175.50,170.00,173.10,173.10,177.95,12,1380,236217.00,
524506,CORAL LAB.  ,X ,Q,266.60,272.60,252.25,257.25,260.00,273.95,55,1468,387183.00,
524518,KREBS BIOCHM,B ,Q,148.55,154.95,146.05,147.00,146.15,153.35,105,3814,577523.00,
524520,KMC SHIL    ,X ,Q,57.00,57.75,55.25,56.55,57.00,57.50,622,36963,2084770.00,
524522,LAFFANS PETR,X ,Q,46.40,46.40,39.20,39.45,39.20,42.35,25,1739,70565.00,
524542,SUKJIT STRCH,X ,Q,422.55,435.95,420.00,429.25,431.75,446.65,117,4805,2056812.00,
524558,NEULAND LAB.,A ,Q,1098.00,1195.10,1080.55,1159.15,1159.15,1136.00,1118,4770,5425495.00,
524564,GAYATRI BIO ,XT,Q,20.60,20.60,18.70,20.30,19.80,19.65,236,32390,651476.00,
524570,PODDAR PIGM.,B ,Q,260.05,264.75,257.90,259.90,259.40,268.95,58,192,49980.00,
524572,PHARMAIDS PH,X ,Q,15.33,15.55,13.85,13.93,13.93,14.17,323,353308,5028221.00,
524576,VIVID IND   ,X ,Q,32.50,35.00,32.50,33.90,35.00,33.95,67,4039,135995.00,
524582,TIRUPATI STA,XT,Q,65.05,66.90,65.00,66.80,66.80,65.05,9,1065,69537.00,
524592,JD ORGOCHEM ,XT,Q,4.64,4.65,4.48,4.48,4.48,4.70,12,549,2538.00,
524594,ASHOK-ALCO  ,X ,Q,93.80,93.80,85.00,85.40,85.40,90.00,22,369,31923.00,
524598,AKSHARCHEM I,B ,Q,350.00,350.00,333.20,343.90,340.10,355.70,106,711,243751.00,
524606,BERYL DRUGS ,X ,Q,10.00,10.00,10.00,10.00,10.00,10.00,7,379,3790.00,
524614,INDXTRA     ,XT,Q,114.70,114.70,103.80,103.80,103.80,109.25,230,9065,1010926.00,
524622,ISTRNETWK   ,XT,Q,2.34,2.34,2.34,2.34,2.34,2.46,13,5160,12074.00,
524624,GAGAN GASES ,X ,Q,11.25,11.25,10.25,10.50,10.50,10.75,38,5446,58756.00,
524628,PARKER AGRO.,XT,Q,8.74,8.74,8.74,8.74,8.74,9.19,3,46,402.00,
524632,SHUKRAPHAR  ,XT,Q,69.20,69.20,69.20,69.20,69.20,72.80,1,15,1038.00,
524634,ALU FLUORIDE,X ,Q,302.00,303.00,295.00,297.65,298.00,305.95,228,5755,1721004.00,
524636,S.S.ORGANICS,XT,Q,22.00,23.00,20.90,23.00,23.00,22.00,10,452,9544.00,
524640,ARCHITORG   ,X ,Q,37.00,38.45,37.00,38.00,38.00,38.20,93,35685,1339518.00,
524642,SIKOZY REAL ,X ,Q,1.08,1.08,1.08,1.08,1.08,1.03,14,18496,19975.00,
524648,INDO AMINES ,X ,Q,87.95,88.95,85.20,87.00,87.00,87.95,485,29762,2585912.00,
524652,IND.SWIFT LT,T ,Q,12.00,12.19,11.25,11.73,11.31,11.61,26,4813,56545.00,
524654,NATURAL CAPS,XT,Q,372.00,372.00,351.90,356.45,356.45,370.40,219,12206,4384099.00,
524661,WELCURE DRUG,XT,Q,5.91,5.91,5.62,5.91,5.91,5.91,17,2594,15262.00,
524663,BH.IMMUN&BIO,T ,Q,34.95,36.00,34.95,35.05,35.35,36.75,460,42169,1482407.00,
524667,SOTL        ,B ,Q,942.85,990.05,931.10,948.90,955.00,986.55,468,5031,4792886.00,
524669,HESTER BISC ,A ,Q,2295.85,2350.00,2272.45,2343.30,2349.25,2337.65,148,345,802334.00,
524675,KABSONS INDU,XT,Q,12.50,13.09,11.85,11.89,11.85,12.47,95,5031,60970.00,
524687,BASANT AGRO ,X ,Q,18.00,19.50,17.80,18.00,18.00,18.50,1525,158062,2883207.00,
524703,SANDU PHARMA,X ,Q,58.60,58.60,57.00,57.65,58.00,57.45,60,6293,361925.00,
524709,NACLIND     ,B ,Q,72.00,76.15,72.00,75.80,76.00,76.25,272,12670,945506.00,
524711,VISTA PHARMA,XT,Q,11.52,11.89,10.97,11.28,11.42,11.54,50,13580,149137.00,
524715,SUN PHARMA. ,A ,Q,825.00,828.65,809.50,822.70,822.70,830.20,5210,123683,101325780.00,
524717,TITAN BIOTEC,X ,Q,243.00,249.85,235.00,238.90,236.90,245.50,532,18724,4489103.00,
524727,SDL         ,XT,Q,15.80,15.80,15.80,15.80,15.80,16.60,3,125,1975.00,
524731,JENBURKT PH.,X ,Q,512.00,512.00,500.50,510.75,511.00,512.10,67,595,300957.00,
524735,HIKAL LTD.  ,A ,Q,356.00,357.45,346.00,352.85,351.35,356.50,794,10587,3721574.00,
524742,CAPLIN POINT,A ,Q,718.50,718.50,691.55,703.75,703.75,704.55,1070,7616,5385813.00,
524743,FISCHER     ,XT,Q,93.00,93.00,93.00,93.00,93.00,97.85,2,4,372.00,
524748,LINK PHARMA ,XT,Q,38.00,39.95,38.00,39.80,39.80,39.45,7,118,4515.00,
524752,DECIPHER    ,XT,Q,64.10,66.50,64.05,64.05,64.05,67.40,858,43855,2818452.00,
524768,EMMESSAR BIO,X ,Q,25.05,26.65,24.55,25.85,26.15,25.25,35,1838,47862.00,
524774,NGL FINE CHM,B ,Q,2039.95,2039.95,1940.00,1944.65,1940.25,2036.35,1007,6014,11839695.00,
524790,EVEREST ORG.,X ,Q,210.00,210.00,191.15,194.45,194.45,209.05,288,9174,1836268.00,
524804,AUROB.PHARMA,A ,Q,607.00,612.95,584.20,608.95,608.95,610.50,8760,180244,107859290.00,
524808,PHYTOCHEM I.,XT,Q,20.85,20.85,19.35,19.35,19.35,20.10,8,2738,56435.00,
524816,NATCO PHARM ,A ,Q,850.20,854.00,822.85,844.30,852.10,870.20,1602,21890,18335952.00,
524818,DYNAMIC IND.,X ,Q,75.50,75.50,61.30,72.80,72.80,74.00,48,5078,346190.00,
524820,PANAMA PETRO,B ,Q,221.35,224.20,217.10,220.35,219.40,224.50,1397,37081,8158514.00,
524824,BAL PHARMA  ,B ,Q,109.00,109.10,105.75,106.10,105.75,108.85,123,2029,217048.00,
524828,BDH INDUS.  ,X ,Q,122.00,123.40,118.00,121.85,121.85,122.50,72,3602,433313.00,
526025,GLOBUS CON  ,X ,Q,52.00,54.90,49.90,49.95,49.95,52.50,89,1995,101047.00,
526027,CUBEX TUBING,B ,Q,26.50,27.70,26.50,27.60,27.60,26.70,49,2944,80384.00,
526043,POLYMECH.MCH,X ,Q,75.05,75.05,68.50,70.00,70.00,74.00,107,6639,465921.00,
526073,GALAXY BEAR.,XT,Q,390.00,401.00,377.05,387.60,386.00,396.25,40,412,158575.00,
526081,SCAGRO      ,XT,Q,10.00,10.00,10.00,10.00,10.00,10.17,11,502,5020.00,
526095,RAVILEELA GR,X ,Q,27.80,29.45,27.70,27.70,27.70,29.15,8,862,24248.00,
526113,UNIROYAL MAR,XT,Q,10.60,10.60,10.36,10.36,10.36,10.35,3,130,1373.00,
526117,SHERVANI IND,X ,Q,220.55,239.50,220.55,234.85,239.50,231.05,17,381,87449.00,
526125,ARI.TOURNESO,XT,Q,16.10,16.11,15.90,16.11,16.11,15.35,30,4949,79534.00,
526133,SUPERTEX IND,XT,Q,9.35,9.35,8.52,8.52,8.52,8.95,30,11861,101707.00,
526137,SHETRON LTD ,X ,Q,39.00,39.00,37.15,38.20,38.20,39.00,14,1476,55798.00,
526139,TRANSGENE BI,XT,Q,3.10,3.32,3.02,3.28,3.28,3.17,92,34810,108137.00,
526143,MPL         ,XT,Q,8.97,9.43,8.55,8.60,8.55,8.99,112,27145,235954.00,
526159,NIKHIL ADHSV,X ,Q,675.00,675.00,603.60,634.95,640.00,687.00,306,3975,2534850.00,
526161,SPENTA INT. ,X ,Q,78.70,92.40,76.35,92.15,92.40,84.00,127,4883,425705.00,
526169,MULTIBASE I ,XT,Q,202.05,215.25,194.75,199.95,199.95,205.00,99,7478,1465938.00,
526173,ANDREW YULE ,B ,Q,21.10,21.15,20.30,20.65,20.75,21.10,504,91776,1896603.00,
526179,LUDOLOW JUTE,X ,Q,78.00,79.85,77.50,78.95,79.30,80.25,101,6185,487707.00,
526187,ASHRAM ONLIN,XT,Q,6.15,6.15,5.71,5.82,6.05,6.01,31,1910,11182.00,
526193,ROYAL CUSHIO,XT,Q,9.75,9.75,9.74,9.74,9.74,9.55,4,63,613.00,
526195,NEOGEM INDIA,XT,Q,5.55,5.68,5.16,5.68,5.68,5.41,37,1503,8277.00,
526211,SURAJ INDUS.,XT,Q,137.45,140.20,133.25,133.55,134.00,140.25,167,3100,416641.00,
526217,HITECHCORP  ,B ,Q,233.00,244.15,222.00,232.15,232.15,233.90,50,479,113170.00,
526227,FILATEX INDI,A ,Q,107.90,107.90,103.50,105.55,106.45,109.20,1414,79158,8367256.00,
526231,STD.SURFACT.,XT,Q,73.00,76.45,69.35,74.50,74.50,73.00,42,1262,90149.00,
526235,MERCATOR    ,T ,Q,2.10,2.18,2.09,2.10,2.09,2.20,201,113333,238057.00,
526237,MORGAN VENT ,XT,Q,34.10,34.10,31.75,31.75,31.75,33.40,16,236,7542.00,
526241,AMRAPALI IND,XT,Q,20.80,21.35,19.45,20.10,20.10,20.35,72,9078,188051.00,
526247,PREMIER EXPL,B ,Q,335.00,345.90,330.90,337.00,337.00,334.15,215,8402,2861499.00,
526251,MID EAST POR,XT,Q,5.25,5.25,5.25,5.25,5.25,5.15,2,3,15.00,
526263,MOLD-TEK TEC,B ,Q,68.75,69.40,65.20,66.70,66.70,69.05,226,5426,360477.00,
526269,CRESTCHEM LT,XT,Q,38.80,38.80,38.80,38.80,38.80,38.75,3,100,3880.00,
526299,MPHASIS LTD ,A ,Q,3140.00,3186.65,3099.35,3124.60,3130.90,3186.35,2225,11631,36644040.00,
526301,MEDINOVA DIA,XT,Q,33.25,33.25,33.25,33.25,33.25,34.95,14,1231,40930.00,
526315,DIVYA.GRANIT,X ,Q,74.40,74.40,64.00,65.75,69.95,72.55,73,4902,325653.00,
526325,ORIENT PRESS,B ,Q,60.25,61.85,56.10,60.70,60.50,65.00,126,3967,237680.00,
526335,SHREYAS INTE,XT,Q,7.33,8.05,7.33,7.94,7.94,7.71,16,2265,16678.00,
526345,PANJON LTD. ,XT,Q,20.95,20.95,19.50,20.30,20.05,20.50,60,5951,118871.00,
526355,DURO PACK   ,XT,Q,38.30,38.30,34.70,34.80,34.80,36.50,17,640,22621.00,
526365,SWARNASA    ,X ,Q,22.80,22.80,20.75,21.25,21.25,22.55,111,15620,333621.00,
526367,GANESH HSG. ,B ,Q,202.60,208.55,189.00,193.30,193.75,215.40,1285,19720,3891324.00,
526371,NMDC LTD    ,A ,Q,147.00,153.90,146.45,152.95,152.95,148.00,8444,959502,144215651.00,
526381,PAT INT LOG ,B ,Q,14.00,15.80,14.00,15.22,15.22,14.82,278,54755,822522.00,
526397,ALPHAGEO (I),B ,Q,289.15,297.95,284.05,289.60,286.35,293.50,234,2056,603536.00,
526407,RIT PRO IND ,XT,Q,461.75,493.95,461.75,483.75,485.35,484.70,46,1323,634542.00,
526409,KKALPANAIND ,X ,Q,47.00,47.00,44.50,44.70,44.50,46.30,144,21130,962251.00,
526415,OK PLAY (I) ,XT,Q,24.70,25.80,24.25,25.05,25.25,25.35,77,11237,277341.00,
526423,KRITI INDUS.,B ,Q,99.75,102.90,96.95,100.30,100.30,101.60,343,14573,1455514.00,
526433,ASM TECHNOLO,X ,Q,708.95,712.00,651.00,690.50,690.50,678.60,1255,18806,12862726.00,
526441,VISIONCINE  ,XT,Q,1.61,1.61,1.47,1.60,1.60,1.54,336,147918,231348.00,
526445,INDRAYANI BI,X ,Q,19.70,19.70,19.00,19.15,19.45,19.35,93,21612,414412.00,
526468,EURO LEDAR F,XT,Q,13.80,13.80,13.54,13.54,13.54,14.25,7,223,3026.00,
526471,WINSOME BREW,XT,Q,10.85,11.09,10.81,10.85,10.85,10.60,157,14282,155363.00,
526473,ELEGANT FLOR,XT,Q,19.30,19.30,19.30,19.30,19.30,18.40,272,1107494,21374634.00,
526477,S.A.ENTERPR.,XT,Q,40.95,43.10,40.95,43.10,43.10,43.10,2,105,4310.00,
526479,SKY INDUST. ,X ,Q,71.00,72.70,64.00,69.00,72.00,68.90,82,4865,320632.00,
526481,PHOENIX INT.,XT,Q,25.70,26.75,25.30,25.70,25.70,26.20,33,3050,79085.00,
526492,RISHIROOP   ,X ,Q,122.55,122.55,115.00,118.45,118.00,123.05,120,8478,1013090.00,
526494,PROMACT     ,XT,Q,4.02,4.02,3.82,4.02,4.02,4.02,10,341,1333.00,
526500,STR GRE WOO ,X ,Q,17.00,17.00,17.00,17.00,17.00,17.00,1,100,1700.00,
526504,DOLPHIN MEDI,XT,Q,2.45,2.45,2.26,2.26,2.26,2.37,72,9543,21739.00,
526506,SYSTAMATIX C,X ,Q,414.95,414.95,370.00,370.00,370.00,370.00,4,37,13909.00,
526508,SHAHISHIP   ,XT,Q,5.00,5.00,4.75,4.75,4.75,5.00,15,2010,9612.00,
526519,ALPINE HSG. ,X ,Q,31.90,32.60,30.10,31.90,32.60,31.30,31,3550,112308.00,
526521,SANGHI IND. ,B ,Q,44.00,44.00,42.20,43.25,43.25,44.50,802,49363,2116865.00,
526525,WWALUM      ,XT,Q,18.00,18.00,17.90,17.90,17.90,18.80,24,952,17043.00,
526532,SFPIL       ,X ,Q,21.90,21.90,19.90,19.90,19.90,20.90,30,6627,139370.00,
526544,SCANP GEOM  ,X ,Q,16.60,17.40,16.40,16.50,16.45,17.30,64,19639,326676.00,
526546,CHOKSI LABOR,X ,Q,26.50,28.35,25.65,27.20,27.95,27.00,80,9810,270747.00,
526550,CCHHL       ,T ,Q,7.74,7.75,7.38,7.71,7.75,7.76,61,13890,104338.00,
526568,LONGVIEW TEA,XT,Q,26.65,26.65,26.65,26.65,26.65,27.50,3,46,1225.00,
526574,ENTERPR.INTE,XT,Q,23.40,23.40,21.25,22.60,22.60,22.35,35,1321,29785.00,
526576,TECHIN      ,T ,Q,9.13,9.13,9.13,9.13,9.13,9.61,12,767,7002.00,
526582,TPL PLAST   ,B ,Q,114.45,118.05,114.40,116.40,117.80,120.75,104,18771,2177749.00,
526586,WIM PLAST LT,X ,Q,400.00,435.00,397.00,431.55,431.55,407.20,341,18683,7699194.00,
526596,LIBERTY SHOE,B ,Q,128.00,138.45,128.00,137.00,137.35,137.50,390,9977,1350894.00,
526604,LIPPI SYSTEM,XT,Q,17.65,17.85,17.00,17.65,17.65,17.30,7,375,6664.00,
526608,ELECTROTHERM,B ,Q,109.75,110.00,107.00,107.70,107.70,111.90,49,1168,126700.00,
526612,BLUE DART EX,A ,Q,5500.00,5588.25,5428.45,5505.00,5497.50,5687.80,858,5091,28000428.00,
526614,EXPO GAS    ,XT,Q,12.15,12.15,11.55,11.97,11.95,12.15,46,5859,68107.00,
526616,NAT.PLASTIC ,X ,Q,34.95,36.65,33.30,34.10,34.10,36.95,96,11922,409745.00,
526622,MFL INDIA   ,XT,Q,1.57,1.59,1.55,1.59,1.59,1.52,3516,4039114,6402544.00,
526638,TEXEL INDUS.,X ,Q,63.85,63.85,54.60,55.55,55.00,58.90,102,33506,1877269.00,
526640,ROYALE MANOR,XT,Q,21.75,23.70,21.75,21.80,21.80,22.60,14,174,3883.00,
526642,MIRZA INTER ,B ,Q,144.50,148.25,142.30,145.40,145.30,151.25,1659,84546,12297751.00,
526650,TOURISM FINA,B ,Q,55.00,57.90,55.00,57.30,57.90,57.85,521,23906,1349624.00,
526654,THAKKERS DEV,X ,Q,109.00,115.25,104.50,113.30,113.00,109.80,46,2629,301039.00,
526662,RAJDARSHAN  ,T ,Q,34.00,34.45,33.20,33.50,34.35,34.90,7,61,2036.00,
526666,BHARTIYA INT,B ,Q,259.90,264.60,252.65,256.40,253.50,268.00,34,314,80519.00,
526668,KAMAT HOTELS,B ,Q,58.00,58.10,55.25,56.30,57.00,57.80,190,6876,386828.00,
526677,DALALSTCOM  ,T ,Q,1.46,1.46,1.46,1.46,1.46,1.46,5,10300,15038.00,
526683,HOTEL RUGBY ,T ,Q,4.56,4.99,4.56,4.99,4.99,4.79,8,5650,27248.00,
526687,POLO HOTELS ,Z ,Q,4.65,4.65,4.34,4.34,4.34,4.56,56,29161,133065.00,
526703,ECOPLAST LTD,X ,Q,91.95,91.95,81.20,83.05,84.20,88.55,79,8286,703217.00,
526705,ELEGANT MARB,X ,Q,94.00,102.00,93.00,100.30,101.00,102.90,23,5401,544190.00,
526711,ADARSH PLANT,X ,Q,20.25,21.30,20.25,20.70,20.70,21.30,67,3540,72967.00,
526717,HPBL        ,Z ,Q,581.90,581.90,579.95,581.90,581.90,554.20,99,2788,1621992.00,
526721,NICCO PARKS ,X ,Q,66.60,68.95,61.60,65.30,65.00,66.60,46,3037,199271.00,
526723,NTC INDUST  ,X ,Q,91.90,91.90,80.60,85.10,87.50,88.25,120,12662,1139224.00,
526725,SANDESH LTD.,B ,Q,651.00,661.60,635.65,656.00,656.00,672.00,111,872,563463.00,
526727,GARNET CONST,X ,Q,26.80,26.80,24.90,25.70,26.00,26.25,83,14565,369428.00,
526729,GOLDIAM INT.,B ,Q,756.00,756.00,721.20,730.40,733.40,754.70,2014,22077,16222887.00,
526731,BRIGHT BROS.,X ,Q,160.00,160.00,148.30,153.00,153.00,161.85,115,7237,1117023.00,
526737,CORPOR COUR ,XT,Q,18.95,18.95,18.90,18.95,18.95,18.05,411,184440,3494938.00,
526739,NARMADA GEL ,X ,Q,185.10,193.60,185.10,189.20,189.00,193.90,57,2026,383570.00,
526747,P.G.FOILS   ,XT,Q,340.95,349.75,337.00,348.85,349.75,340.95,59,4087,1398140.00,
526755,VELAN HOTELS,X ,Q,8.55,8.56,8.00,8.42,8.42,8.16,101,27576,231318.00,
526761,HOWARD HOTEL,XT,Q,8.10,8.10,8.10,8.10,8.10,8.52,3,823,6666.00,
526775,VALIANT COMM,XT,Q,58.85,58.95,56.10,56.10,56.10,59.05,32,1016,57526.00,
526783,DR.AGAR.EYE ,X ,Q,770.00,808.50,760.00,765.45,761.00,779.70,32,252,194605.00,
526797,GREENPLY IND,A ,Q,167.00,167.00,162.20,164.85,165.00,169.35,2388,31221,5129522.00,
526799,UNION QUALIT,XT,Q,9.10,9.10,8.92,8.92,8.92,8.92,11,513,4576.00,
526807,SEAMEC LTD  ,B ,Q,1016.30,1021.40,1002.40,1014.85,1014.80,1011.15,33,394,398395.00,
526813,RAGHUNATH IN,XT,Q,20.60,20.65,18.75,19.65,19.00,19.70,171,11384,226055.00,
526817,CHEVIOT CO. ,X ,Q,1080.00,1089.00,1051.50,1076.90,1079.00,1093.65,249,1781,1913905.00,
526821,DAI-ICHI KAR,X ,Q,371.90,371.90,352.25,359.25,359.25,362.50,142,8774,3168145.00,
526823,RAJINFRA    ,X ,Q,12.65,14.98,12.65,14.98,14.98,15.67,16,1043,14154.00,
526827,SPICE ISLAND,XT,Q,10.00,10.24,9.28,9.30,9.30,9.76,26,4742,46986.00,
526829,CONFI PETRO ,A ,Q,64.50,66.00,63.00,63.90,64.25,64.90,2015,175425,11318644.00,
526839,SHELTER     ,X ,Q,20.50,20.50,20.10,20.10,20.10,19.70,10,170,3468.00,
526847,ASHIRWAD STL,X ,Q,15.95,16.15,15.00,15.66,15.98,15.62,100,7577,119165.00,
526849,BANARAS BEAD,B ,Q,80.00,80.00,74.00,74.65,75.25,80.70,87,4543,352950.00,
526853,BILCARE LTD.,X ,Q,73.90,73.90,69.90,69.90,69.90,73.55,467,44457,3128879.00,
526859,INTER ST.FIN,XT,Q,11.97,11.97,11.95,11.97,11.97,11.40,2506,807062,9660210.00,
526861,RISHI LASER ,X ,Q,16.00,16.50,16.00,16.50,16.50,16.00,10,7937,127530.00,
526865,JAINCO PROJ.,XT,Q,9.93,9.93,9.93,9.93,9.93,10.45,53,2061,20465.00,
526869,KUMBHAT FIN.,XT,Q,8.02,8.02,8.02,8.02,8.02,8.02,1,53,425.00,
526871,INTEC CAP   ,X ,Q,23.45,23.45,21.40,21.40,21.40,22.50,5,356,7722.00,
526881,63MOONS     ,T ,Q,196.40,199.90,196.40,196.65,196.65,206.70,322,12548,2467298.00,
526885,SARLA PER F ,B ,Q,56.25,56.25,52.00,52.45,52.70,55.25,515,26187,1390523.00,
526891,MARKET CREAT,XT,Q,9.96,10.12,9.67,10.12,10.12,9.67,8,1121,11317.00,
526899,HFIL        ,X ,Q,20.25,20.60,19.15,19.70,19.75,20.55,510,71325,1400511.00,
526901,SONAL ADHESI,XT,Q,14.35,14.35,13.73,13.73,13.73,14.45,5,500,6927.00,
526905,PADMAIND    ,XT,Q,4.63,4.63,4.63,4.63,4.63,4.41,15,655,3032.00,
526921,21ST CEN.MGM,B ,Q,28.10,28.10,28.10,28.10,28.10,28.65,8,346,9722.00,
526931,HARIYANA SH.,X ,Q,80.00,93.00,80.00,84.20,89.40,85.50,108,7748,669845.00,
526935,ARUNIS      ,XT,Q,26.80,26.85,26.80,26.85,26.85,28.20,2,4,107.00,
526945,TYROON TEA  ,X ,Q,86.00,90.00,83.15,84.45,84.30,91.00,26,1111,93445.00,
526947,LA-OPALA RG ,A ,Q,350.00,353.90,315.05,345.45,347.65,360.10,5587,90238,29718238.00,
526951,GOLDEN LAMIN,B ,Q,902.90,903.95,879.00,887.70,887.70,902.90,179,1296,1159614.00,
526953,VENUS REMEDI,B ,Q,279.00,279.00,267.25,273.10,273.10,279.55,633,10323,2828739.00,
526965,GUJ.CRAFT IN,X ,Q,110.80,110.80,105.20,110.70,110.70,111.45,30,948,102709.00,
526967,HEERA ISPAT ,Z ,Q,3.00,3.00,3.00,3.00,3.00,3.00,1,500,1500.00,
526971,DHOOT I.FIN.,X ,Q,82.80,85.20,81.00,85.20,85.20,81.15,115,13562,1148267.00,
526981,SHBAJRG     ,X ,Q,183.95,184.00,173.95,175.10,177.00,179.10,86,1890,336386.00,
526983,ASHOKA REFIN,P ,Q,12.66,13.32,12.66,12.66,12.66,13.32,9,1200,15586.00,
526987,URJA GLOBAL ,T ,Q,16.50,16.50,15.55,15.55,15.55,16.36,5835,1055999,16580632.00,
527001,ASHAPURA LTD,B ,Q,100.50,100.85,97.10,98.35,98.35,103.20,547,32253,3226889.00,
530001,GUJ.ALKALI  ,A ,Q,611.00,637.95,611.00,618.55,624.55,642.90,1925,39745,24712802.00,
530005,INDIA CEM.  ,A ,Q,187.60,189.05,181.50,184.35,184.35,193.15,5028,285329,52904436.00,
530007,JK TYRE IND ,A ,Q,102.00,103.80,98.00,101.90,101.90,102.75,3250,157129,15783395.00,
530011,MANGLR.CHEM ,B ,Q,68.00,70.30,66.95,68.10,68.05,69.20,782,65793,4500924.00,
530017,STD.INDUST. ,T ,Q,12.96,12.96,12.21,12.60,12.60,12.37,33,2182,27252.00,
530019,JUBLPHARMA  ,A ,Q,395.00,408.55,393.40,396.70,398.75,395.85,1328,24769,9902767.00,
530023,THEINVEST   ,B ,Q,111.00,111.90,106.80,111.00,110.70,111.00,117,2901,316709.00,
530027,AADI INDUS L,X ,Q,7.82,7.82,7.43,7.55,7.55,7.82,59,7124,54214.00,
530037,SREE JAYA.AU,XT,Q,3.92,3.92,3.92,3.92,3.92,3.92,3,5000,19600.00,
530043,ACKNIT IND  ,X ,Q,126.00,128.90,123.00,126.75,125.90,127.60,15,797,100730.00,
530045,TITAN SECUR.,X ,Q,20.00,20.00,19.15,19.35,19.35,19.80,322,25893,502951.00,
530047,MOHOTAIND   ,T ,Q,6.51,6.80,6.51,6.52,6.52,6.81,8,2084,13683.00,
530053,REALECO     ,X ,Q,18.60,18.60,17.30,17.30,17.30,18.20,9,298,5254.00,
530055,HARMONY CAP.,XT,Q,11.17,11.17,11.17,11.17,11.17,11.75,1,1000,11170.00,
530057,VIVANZA     ,XT,Q,156.00,156.00,156.00,156.00,156.00,160.00,1,5,780.00,
530063,YASRAJ CONT.,XT,Q,6.24,6.27,6.24,6.24,6.24,6.56,12,6553,40949.00,
530065,LORDSHOTL   ,XT,Q,7.05,7.05,7.05,7.05,7.05,7.17,4,162,1142.00,
530067,CSLFINANCE  ,X ,Q,160.50,188.00,160.50,184.35,186.20,176.10,93,6239,1126122.00,
530073,SANGHVI MOVE,B ,Q,176.00,188.00,176.00,180.30,180.00,189.75,1163,9567,1755491.00,
530075,SELAN EXPLOR,B ,Q,153.75,158.80,149.60,150.45,150.45,149.25,1193,35635,5469997.00,
530077,FRESHTROP FR,X ,Q,101.45,101.45,96.05,96.45,96.45,98.35,97,4928,477832.00,
530079,FAZE THREE L,X ,Q,324.00,324.00,306.15,308.70,311.90,322.25,524,21806,6738037.00,
530093,ACE INDIA LT,Z ,Q,1.65,1.65,1.60,1.60,1.60,1.65,4,2017,3323.00,
530095,PRADHIN     ,X ,Q,58.00,58.00,58.00,58.00,58.00,61.05,21,1586,91988.00,
530109,ANUPAM      ,XT,Q,3.30,3.30,3.12,3.12,3.12,3.28,923,183780,575634.00,
530111,RAJ PACKAGIN,X ,Q,38.40,38.40,32.25,34.75,34.40,35.15,46,3823,131301.00,
530117,PRIVISCL    ,A ,Q,1898.55,1898.55,1791.00,1806.40,1811.30,1898.55,1141,6562,11941332.00,
530119,NATRAJ PROTE,XT,Q,90.90,93.95,86.45,92.00,92.65,90.95,80,4413,389956.00,
530125,SAMRAT PHARM,X ,Q,430.00,440.00,419.00,429.30,426.55,437.70,167,4352,1861795.00,
530127,NPR FINANCE ,X ,Q,13.41,13.41,13.41,13.41,13.41,14.11,7,2700,36207.00,
530129,NILE LTD.   ,X ,Q,540.05,560.00,532.70,540.75,540.00,563.10,113,1414,767820.00,
530131,UDAIPUR CEME,B ,Q,30.50,30.50,29.25,29.90,29.90,30.70,939,90944,2702787.00,
530133,AMCO INDIA L,X ,Q,73.55,77.90,68.35,69.20,69.20,75.05,81,4616,321951.00,
530135,OPTIEMUS    ,B ,Q,247.50,247.50,226.50,238.90,238.90,242.70,1028,34123,8051078.00,
530139,KREON FIN   ,XT,Q,44.20,44.50,40.80,40.85,40.80,42.90,43,4030,165192.00,
530145,KISAN MOULD.,X ,Q,15.20,15.20,14.14,14.40,14.40,14.88,165,58471,839858.00,
530151,VIJAY TEXTIL,X ,Q,38.60,38.60,32.65,36.65,36.65,37.45,30,726,25581.00,
530163,KERALA AYUR ,X ,Q,69.00,69.00,66.00,67.85,67.85,70.00,59,4219,286417.00,
530167,MOONGIPA CAP,XT,Q,21.30,21.30,21.30,21.30,21.30,22.40,19,1607,34229.00,
530169,MOHIT PAPER ,XT,Q,11.03,11.59,11.02,11.02,11.02,11.59,8,828,9131.00,
530171,DAULAT SEC. ,X ,Q,23.95,23.95,22.25,22.95,23.65,23.40,123,4971,113738.00,
530173,OSCAR GLOBAL,X ,Q,6.01,6.01,6.01,6.01,6.01,6.32,1,15,90.00,
530175,ODYSSEY TECH,X ,Q,59.50,59.50,56.55,58.30,58.95,59.50,95,9531,541452.00,
530177,SPS INTL.   ,X ,Q,9.12,9.12,9.12,9.12,9.12,8.69,10,926,8445.00,
530179,RSC INT     ,XT,Q,7.75,7.75,7.75,7.75,7.75,8.15,1,100,775.00,
530185,SURAT TEXT. ,XT,Q,13.14,13.14,12.30,12.58,12.58,12.87,4233,681903,8627330.00,
530187,ATHARV ENT  ,XT,Q,1.94,2.03,1.86,2.03,2.03,1.94,15,7917,15743.00,
530197,FUNDVISER   ,XT,Q,19.80,19.80,18.85,19.45,19.45,19.80,8,328,6454.00,
530199,THEMIS MEDIC,B ,Q,969.00,1000.00,969.00,979.25,979.80,1019.95,85,763,752226.00,
530201,KALLAM      ,X ,Q,17.60,17.60,16.15,17.05,17.00,17.45,660,75271,1250895.00,
530207,BRAWN BIO   ,XT,Q,18.35,18.65,18.00,18.45,18.45,18.70,15,1125,20491.00,
530213,FORTUNE INT.,XT,Q,62.85,64.85,58.85,60.75,60.15,61.90,137,2349,147545.00,
530215,KINGSINFRA  ,XT,Q,87.50,87.95,83.60,83.60,83.60,87.95,659,144416,12202971.00,
530231,SUBHASH SILK,XT,Q,20.80,20.80,20.80,20.80,20.80,20.80,4,89,1851.00,
530233,AURO LAB.   ,X ,Q,90.45,90.45,87.00,87.75,87.45,89.70,157,5202,460773.00,
530235,KJMC FIN.   ,X ,Q,25.25,25.25,25.25,25.25,25.25,25.05,2,2000,50500.00,
530239,SUVEN LIFE S,B ,Q,74.55,75.65,72.05,72.80,72.65,76.80,1068,41379,3062055.00,
530245,ARYAMAN FIN.,X ,Q,55.15,55.15,55.15,55.15,55.15,57.85,5,94,5184.00,
530249,BRIDGE SECUR,X ,Q,14.56,14.56,13.84,14.03,14.53,14.56,136,8256,115441.00,
530251,RISA INTL   ,XT,Q,0.89,0.89,0.89,0.89,0.89,0.85,11,25345,22557.00,
530253,RAJ.TUBE MFG,X ,Q,18.50,18.50,17.55,17.55,17.55,18.00,3,41,727.00,
530255,KAY POW PAP ,XT,Q,5.80,5.93,5.37,5.90,5.93,5.65,44,6514,36627.00,
530259,INTER ST.OIL,X ,Q,25.10,26.35,23.85,25.55,24.50,25.10,105,7350,184632.00,
530263,GLOBAL CAP. ,XT,Q,4.79,4.79,4.41,4.48,4.70,4.62,36,10265,48022.00,
530265,SAINIK FIN. ,X ,Q,34.95,34.95,33.20,33.20,33.20,34.90,2,2,68.00,
530267,SABOO BROS. ,XT,Q,21.35,21.35,21.35,21.35,21.35,21.35,1,25,533.00,
530271,RICH UNV    ,XT,Q,9.92,9.92,9.92,9.92,9.92,10.44,5,14,138.00,
530289,SP CAPITAL  ,X ,Q,20.00,20.35,19.05,19.05,19.05,20.05,90,5256,100346.00,
530291,PAOS        ,XT,Q,7.40,7.40,7.09,7.40,7.40,7.46,9,1685,12468.00,
530299,KOTHARI PROD,B ,Q,128.00,128.00,115.90,119.15,119.70,126.65,273,9332,1107215.00,
530305,PICCADILY AG,X ,Q,26.15,26.15,24.50,25.00,25.05,26.15,507,54451,1361013.00,
530307,CHAMANLAL SE,B ,Q,95.00,95.00,89.85,90.30,91.00,92.65,179,5975,542581.00,
530309,CHANDRA PRAB,X ,Q,216.20,216.25,205.45,207.45,207.45,216.25,314,11574,2410761.00,
530313,KIMIABL     ,XT,Q,37.00,38.90,37.00,37.30,37.15,37.80,22,1882,70228.00,
530315,HIND.TIN WRK,X ,Q,84.75,85.40,82.60,85.15,85.35,83.65,175,11883,1003265.00,
530317,GODAVARI DRU,X ,Q,56.90,56.90,52.50,54.85,55.30,54.40,56,3734,205071.00,
530331,PREMCO GLOB.,X ,Q,400.00,426.85,330.00,383.00,384.00,402.10,68,2164,852997.00,
530343,GENUS POWER ,A ,Q,64.90,64.90,58.40,60.15,60.00,63.30,1510,74414,4518761.00,
530355,ASIANENE    ,B ,Q,115.10,118.20,112.40,113.30,114.35,119.30,1372,43380,5020019.00,
530357,KBS INDIA   ,X ,Q,12.35,13.65,12.35,13.65,13.65,13.00,16,6047,81466.00,
530361,SEAGOLD AQUA,XT,Q,25.65,26.90,25.65,25.65,25.65,27.00,5,2725,70146.00,
530363,UGAR SUGAR  ,B ,Q,48.30,49.20,45.70,48.10,48.10,47.95,1604,142822,6697331.00,
530365,ORIENTBELL  ,B ,Q,527.00,591.80,499.85,563.10,563.10,537.50,1946,26797,14708269.00,
530367,NRB BEARINGS,B ,Q,115.15,115.15,111.90,112.80,112.80,116.45,1079,38055,4323014.00,
530369,VAMSHI RUBB.,X ,Q,24.00,24.05,24.00,24.00,24.00,26.05,16,2857,68640.00,
530377,NILA INFRA. ,B ,Q,6.59,6.59,6.17,6.17,6.17,6.49,128,88045,550677.00,
530393,DB INT.ST.BR,T ,Q,31.85,32.55,29.50,29.50,29.50,31.05,18,1247,39548.00,
530401,VINYOFLEX LT,XT,Q,28.90,29.05,28.90,29.00,29.00,30.40,22,2187,63432.00,
530405,JINDAL CAP. ,XT,Q,31.30,31.30,29.20,29.25,29.20,30.70,82,4431,132908.00,
530407,EPIC ENERGY ,X ,Q,6.39,6.39,5.82,5.82,5.82,6.09,17,3268,20355.00,
530419,SUMEDHA FISC,X ,Q,57.95,57.95,54.05,54.05,54.05,56.85,66,12262,666324.00,
530421,KUWER INDS. ,XT,Q,9.20,9.20,8.60,8.99,8.99,9.00,6,1062,9134.00,
530427,CHOKSI IMAG ,X ,Q,38.15,39.30,37.50,37.95,38.00,38.15,44,1369,52045.00,
530429,ASHISH POLY.,X ,Q,23.70,23.70,22.95,23.70,23.70,22.60,15,3419,80908.00,
530431,ADOR FONTECH,X ,Q,69.25,70.50,68.10,69.75,70.00,71.05,289,29146,2025490.00,
530433,SHIVA FERT. ,X ,Q,84.20,84.20,78.00,81.25,79.00,84.20,113,7063,569514.00,
530439,SIDDHA VEN  ,XT,Q,8.85,8.85,8.60,8.85,8.85,8.43,351,45483,402395.00,
530443,KIRAN SYNTEX,XT,Q,24.85,25.00,23.90,25.00,25.00,23.85,414,48483,1207222.00,
530445,SUMERU IND  ,XT,Q,2.26,2.26,2.26,2.26,2.26,2.16,44,17163,38788.00,
530449,RUNGTA IRRIG,XT,Q,31.85,32.00,29.65,29.65,29.65,31.20,8,354,10951.00,
530457,CINERAD COMM,X ,Q,4.41,4.49,4.32,4.32,4.32,4.32,11,25150,109405.00,
530459,VALSON INDUS,X ,Q,18.35,18.60,17.40,17.60,17.60,18.25,21,1584,28231.00,
530461,SABOO SODIUM,X ,Q,22.75,22.75,21.70,22.25,22.25,22.80,130,99095,2188824.00,
530469,GSL SECUR.  ,X ,Q,6.89,6.89,6.89,6.89,6.89,7.25,3,3,20.00,
530475,TINNARUBR   ,X ,Q,244.50,253.25,233.00,244.05,247.90,244.55,199,8931,2158176.00,
530477,VIKRAM THERM,X ,Q,167.50,168.00,160.00,162.65,163.00,167.60,86,2115,346738.00,
530499,A.K.CAPITAL ,X ,Q,419.80,420.00,410.00,419.90,420.00,429.80,53,7179,3008265.00,
530517,RELAXO FOOT.,A ,Q,1152.00,1174.45,1122.75,1144.65,1144.65,1164.60,7593,36217,41498191.00,
530521,VIRAT INDUS.,XT,Q,162.10,162.10,146.70,158.35,161.00,154.40,380,106851,16953924.00,
530525,SHEETAL DIAM,XT,Q,8.58,8.58,7.91,8.02,8.05,8.32,127,20621,166978.00,
530533,TERAI TEA CO,X ,Q,68.95,73.00,68.05,71.15,71.15,70.35,47,2429,170959.00,
530545,COSCO INDIA ,X ,Q,235.00,235.00,221.05,226.15,226.00,236.20,136,2757,627217.00,
530549,SHILPA MEDIC,A ,Q,400.00,406.95,380.35,387.30,388.20,408.35,1652,522838,203143715.00,
530555,PARAMOUNT CO,T ,Q,12.45,12.45,11.78,11.78,11.78,12.39,177,51440,609282.00,
530557,NCL RESEARCH,XT,Q,1.50,1.52,1.40,1.41,1.41,1.47,6600,5974916,8486513.00,
530571,EXPLICIT FIN,X ,Q,4.25,4.25,4.05,4.15,4.05,4.05,16,1653,7008.00,
530577,LADDERUP FIN,X ,Q,26.95,26.95,25.30,25.30,25.30,26.70,11,202,5203.00,
530579,UYFINCORP   ,X ,Q,9.19,9.65,8.50,9.25,9.44,9.30,284,128855,1167163.00,
530581,EKAM LEASING,X ,Q,4.58,4.59,4.18,4.18,4.18,4.38,23,33940,150314.00,
530585,SWASTIK INV ,XT,Q,178.15,178.15,165.00,173.00,173.00,170.00,61,1547,264656.00,
530589,PRIMA PLASTI,X ,Q,85.00,89.80,82.00,84.85,85.00,85.50,62,5620,482755.00,
530595,TELECANOR   ,X ,Q,6.60,7.02,6.60,7.02,7.02,6.69,11,536,3538.00,
530611,STURDY INDS ,XT,Q,0.47,0.47,0.47,0.47,0.47,0.49,17,29848,14028.00,
530617,SAMPRE NUTRI,XT,Q,33.60,33.60,30.40,30.50,30.40,32.00,34,4604,146860.00,
530621,AAIL        ,X ,Q,51.90,51.90,48.25,49.80,49.30,53.00,49,3234,161829.00,
530627,VIPULORG    ,X ,Q,197.00,204.00,192.00,196.85,196.85,198.15,284,8213,1628844.00,
530643,ECORECO     ,X ,Q,113.00,114.50,109.00,112.35,112.80,114.10,344,15577,1731187.00,
530655,GOODLUCK    ,T ,Q,289.15,294.00,280.65,284.10,287.00,295.40,102,3456,987798.00,
530663,GOYAL ASSO. ,XT,Q,2.37,2.37,2.35,2.37,2.37,2.26,33,15588,36943.00,
530665,ZENITH HEALT,XT,Q,7.10,7.18,6.70,7.00,6.92,7.04,386,39762,276072.00,
530669,PREM SOMANI ,XT,Q,11.36,11.37,10.30,10.30,10.30,10.83,13,2872,32646.00,
530675,YORK EXPORTS,XT,Q,37.60,37.60,37.60,37.60,37.60,35.85,7,557,20943.00,
530677,SUPREME HO  ,X ,Q,19.65,19.65,17.40,18.65,18.80,18.85,83,4510,83387.00,
530683,PITHAMP.POLY,P ,Q,12.35,12.35,11.59,11.59,11.59,12.19,2,300,3629.00,
530689,LYKISLTD    ,X ,Q,31.90,32.45,29.10,29.80,29.80,31.95,214,31862,963245.00,
530695,PRIME PROP  ,XT,Q,14.45,14.45,13.85,13.85,13.85,14.57,11,940,13056.00,
530697,ZENLABS     ,X ,Q,28.65,29.80,27.60,27.65,28.60,28.60,22,1003,28256.00,
530705,FLORA TEXTIL,P ,Q,14.07,14.07,12.73,12.73,12.73,13.40,6,5400,70299.00,
530709,GOWRA LEASNG,XT,Q,22.20,23.35,22.20,23.20,23.20,23.35,4,4120,91587.00,
530711,JAGAN LAMPS ,X ,Q,63.00,63.00,58.40,61.00,61.00,63.25,71,2877,174651.00,
530713,AJEL        ,Z ,Q,7.74,7.74,7.03,7.58,7.58,7.39,77,8108,60222.00,
530715,ALPS INDS.  ,T ,Q,2.37,2.37,2.37,2.37,2.37,2.49,8,6001,14222.00,
530723,ASIT C FIN  ,X ,Q,62.55,64.90,61.45,61.45,61.45,64.65,160,15024,934751.00,
530733,ENCODE      ,X ,Q,10.86,10.97,10.86,10.90,10.90,10.45,14,2113,23167.00,
530735,SUPER BAKERS,X ,Q,11.34,11.34,11.10,11.10,11.10,10.80,6,248,2775.00,
530747,INDO ASN.FIN,XT,Q,11.20,11.49,10.41,10.50,10.50,10.95,25,904,9547.00,
530759,STERL.TOOLS ,B ,Q,149.00,149.00,138.00,138.95,138.80,143.95,248,3416,480827.00,
530771,KLG CAPITAL ,XT,Q,9.91,9.91,9.91,9.91,9.91,9.44,1,10,99.00,
530777,INFRA INDUS.,Z ,Q,7.40,7.40,7.40,7.40,7.40,7.40,5,20,148.00,
530779,DYNAMIC PORT,XT,Q,8.00,8.19,7.48,7.48,7.48,7.80,34,4982,40716.00,
530789,CEEJAY FINAN,X ,Q,96.90,99.90,93.00,94.20,94.05,98.65,9,49,4593.00,
530795,SUNCITY SYNT,XT,Q,12.70,13.04,11.80,11.80,11.80,12.42,23,4631,55492.00,
530797,SHREE GANES.,XT,Q,16.00,16.50,16.00,16.50,16.50,16.00,9,211,3463.00,
530799,ANNA INFRA  ,X ,Q,14.96,14.96,14.96,14.96,14.96,14.25,1,10,149.00,
530803,BHAGIL      ,B ,Q,239.00,239.00,211.00,216.15,216.15,219.00,107,760,163666.00,
530809,BNR UDYOG   ,X ,Q,23.95,23.95,23.95,23.95,23.95,22.85,1,1,23.00,
530813,KRBL LTD.   ,A ,Q,203.80,203.80,190.20,192.95,192.95,193.80,1087,57211,11101293.00,
530815,REFNOL RESIN,XT,Q,43.40,43.40,41.25,41.25,41.25,43.40,8,501,20668.00,
530821,SSPDL LTD   ,XT,Q,14.65,14.75,14.10,14.10,14.10,14.80,5,719,10281.00,
530825,DAIKAFFIL CH,XT,Q,26.40,26.40,25.05,25.05,25.05,26.35,9,1065,27111.00,
530829,CIL SECURITS,X ,Q,26.00,26.00,24.00,24.60,25.00,25.75,23,1409,34576.00,
530839,CLIO INFOTEC,XT,Q,5.84,5.84,5.84,5.84,5.84,6.14,114,10310,60210.00,
530843,CUPID LTD   ,B ,Q,214.00,214.20,210.40,212.55,212.10,213.70,52,1042,221493.00,
530845,SUNSHIELD CH,X ,Q,469.95,469.95,433.30,462.30,465.00,466.15,91,5243,2396639.00,
530853,HIPOLIN LTD.,XT,Q,55.60,55.60,55.60,55.60,55.60,58.50,1,7,389.00,
530871,CHEMBOND CHM,B ,Q,173.95,174.00,168.00,169.85,172.00,175.40,144,3452,588660.00,
530879,CIFL        ,X ,Q,112.30,112.30,93.65,100.00,100.00,104.10,33,989,98751.00,
530881,ABVL        ,XT,Q,33.40,33.40,33.40,33.40,33.40,33.40,1,1,33.00,
530883,SUPER CROP. ,X ,Q,7.07,7.07,6.75,6.82,6.82,7.07,125,45277,311750.00,
530889,ALKA INDIA  ,XT,Q,2.44,2.49,2.38,2.49,2.49,2.38,1554,1083778,2685288.00,
530897,N.G.IND.LTD.,X ,Q,67.50,67.50,59.00,61.00,61.00,63.60,37,2609,159615.00,
530899,ASIA PACK   ,X ,Q,20.05,20.05,20.05,20.05,20.05,20.05,3,450,9022.00,
530909,ERP SOFT SYS,XT,Q,125.25,125.25,125.25,125.25,125.25,119.30,1,1,125.00,
530915,J.R.FOODS   ,XT,Q,5.66,5.66,5.66,5.66,5.66,5.95,17,1318,7459.00,
530919,REMSONS IND.,B ,Q,162.00,196.35,162.00,187.35,187.35,189.40,90,2662,491317.00,
530925,RAMSONS PROJ,XT,Q,12.40,12.65,12.40,12.65,12.65,12.40,2,8,100.00,
530931,STANPACKS(I),XT,Q,4.04,4.04,4.04,4.04,4.04,4.25,1,28,113.00,
530943,SRI ADHIKARI,T ,Q,2.25,2.34,2.14,2.14,2.14,2.25,8,1320,3024.00,
530951,RAMINFO     ,X ,Q,117.90,122.45,109.00,110.40,110.40,118.10,567,47218,5370558.00,
530953,SUNIL AGRO F,X ,Q,135.50,135.50,135.50,135.50,135.50,136.00,2,2,271.00,
530959,DIANA TEA CO,X ,Q,27.95,28.80,27.25,28.30,28.30,28.50,111,12863,362475.00,
530961,VIKASECO    ,T ,Q,5.00,5.18,4.96,5.01,5.01,5.19,1080,692907,3499689.00,
530965,INDIAN OIL  ,A ,Q,113.80,113.95,111.30,112.35,112.35,113.25,15065,1673182,188182266.00,
530973,ALFA ICA (I),XT,Q,45.00,45.00,45.00,45.00,45.00,45.00,1,1,45.00,
530977,SKCIL       ,X ,Q,60.00,62.00,59.00,59.25,60.00,61.75,19,2814,166938.00,
530979,INDIA HOME  ,X ,Q,35.30,36.50,33.25,35.20,35.40,36.00,80,4344,151063.00,
530991,ROOPA INDUS ,X ,Q,23.05,23.05,22.50,22.55,22.55,23.50,12,443,10091.00,
530997,UNIQUE ORGAN,X ,Q,28.80,29.70,28.80,29.30,29.30,31.85,47,21873,640191.00,
530999,BALAJI AMINE,A ,Q,2680.05,2775.90,2680.05,2727.25,2727.25,2779.95,2841,18497,50346576.00,
531017,ARIHANT SEC.,X ,Q,11.78,11.78,11.78,11.78,11.78,11.22,2,100,1178.00,
531025,VISAGAR FIN ,XT,Q,2.65,2.65,2.65,2.65,2.65,2.53,318,394352,1045032.00,
531033,REGAL ENTERT,XT,Q,5.13,5.13,5.13,5.13,5.13,5.13,1,1,5.00,
531041,COMPETENT AU,X ,Q,166.15,176.20,166.15,173.25,171.10,170.15,7,17,2936.00,
531043,DHAN JEEVAN ,XT,Q,16.30,16.30,15.55,15.55,16.30,16.35,20,2382,38131.00,
531049,NEELKANTH RO,Z ,Q,14.35,14.35,14.00,14.35,14.35,14.04,15,495,7061.00,
531051,VINTAGE SECU,X ,Q,6.41,6.41,6.41,6.41,6.41,6.74,4,116,743.00,
531067,CONTIL I LTD,XT,Q,41.45,41.45,38.60,39.00,40.30,40.60,42,2097,84038.00,
531069,VIJAY SOLVEX,XT,Q,1649.95,1649.95,1555.00,1621.45,1630.00,1609.95,147,1059,1713866.00,
531080,SHRI KRISH  ,XT,Q,28.00,28.00,27.75,27.75,27.75,28.15,7,62,1720.00,
531082,ALANKIT     ,B ,Q,13.60,13.80,13.30,13.55,13.67,13.58,307,66077,888865.00,
531083,NIHAR INFO  ,XT,Q,13.36,14.58,13.30,14.01,14.00,13.99,46,10132,137551.00,
531092,OMINFRAL    ,B ,Q,39.25,39.30,38.00,38.35,39.00,39.70,500,23296,897853.00,
531099,RUBRA MEDICA,XT,Q,3.85,4.04,3.66,4.04,4.04,3.85,37,31255,122952.00,
531109,ISHAN DYES  ,X ,Q,133.75,137.80,129.50,131.05,131.05,135.95,973,107511,14350974.00,
531111,GOTHI PLASCO,P ,Q,23.65,23.65,23.65,23.65,23.65,24.85,4,400,9460.00,
531112,BALUFORGE   ,X ,Q,116.40,122.00,116.00,120.50,119.00,120.00,285,20182,2394710.00,
531119,CEENIK EXPO.,XT,Q,13.21,13.21,13.21,13.21,13.21,13.21,1,4,52.00,
531120,PATEL ENGG. ,T ,Q,24.30,24.30,23.15,23.15,23.15,24.35,511,107002,2505002.00,
531126,VIRTUALSOFT.,XT,Q,4.39,4.39,4.38,4.38,4.38,4.45,4,700,3072.00,
531127,MENAMANI    ,XT,Q,17.85,17.85,17.85,17.85,17.85,18.75,3,150,2677.00,
531129,INANI MARBLE,X ,Q,22.55,22.60,21.50,21.50,21.50,22.20,25,4319,93247.00,
531137,GEMSTONE INV,X ,Q,1.40,1.45,1.33,1.33,1.33,1.40,917,731251,992552.00,
531146,MEDICAMEN BI,B ,Q,620.05,647.50,598.50,613.35,617.50,621.65,333,2038,1265069.00,
531147,ALICON      ,B ,Q,728.00,758.00,713.60,727.75,713.60,758.00,368,1865,1382289.00,
531153,DILIGENT    ,XT,Q,53.50,54.80,50.00,53.65,53.10,52.20,403,51710,2792412.00,
531155,EPSOM PRO   ,XT,Q,5.58,5.58,5.57,5.57,5.57,5.58,5,226,1260.00,
531156,ALFAVISON.OV,X ,Q,125.25,125.25,123.75,124.25,124.25,125.25,70,11714,1455545.00,
531157,ORGANIC COAT,XT,Q,8.04,8.04,8.04,8.04,8.04,8.46,1,24,192.00,
531158,CATVISION   ,XT,Q,10.98,10.98,10.44,10.49,10.44,10.98,39,5403,57562.00,
531161,ABM KNOWLEDG,X ,Q,101.95,101.95,91.25,95.50,99.00,98.05,135,7096,672011.00,
531162,EMAMI LTD.  ,A ,Q,490.00,490.00,446.00,454.75,454.75,478.00,5682,113945,51733775.00,
531163,KEMISTAR    ,X ,Q,39.75,39.75,34.65,36.75,36.75,36.00,16,134,5014.00,
531169,SKP SECURE. ,X ,Q,80.85,80.90,74.05,78.15,74.15,82.80,9,13,1017.00,
531172,PRANAV.SPIN ,X ,Q,23.00,25.70,21.45,24.35,24.35,25.15,16,2054,48322.00,
531173,SYSCHEM (I) ,X ,Q,12.98,13.32,12.21,12.50,12.45,12.70,33,5872,73506.00,
531175,BLS INFOTE  ,XT,Q,4.70,4.70,4.70,4.70,4.70,4.48,159,416588,1957963.00,
531176,MEFCOM CAPIT,XT,Q,23.90,25.35,22.95,23.05,25.30,24.15,29,1490,34545.00,
531178,HEMANG      ,XT,Q,11.55,11.55,11.55,11.55,11.55,11.00,4,656,7576.00,
531179,ARMAN FIN   ,B ,Q,785.15,807.00,744.50,793.95,788.80,779.95,364,1892,1462835.00,
531190,TAVERNIER   ,X ,Q,12.50,12.50,12.50,12.50,12.50,12.00,4,45,562.00,
531192,MIDINFRA    ,Z ,Q,1.15,1.27,1.15,1.25,1.23,1.21,31,7876,9085.00,
531199,GLANCE FIN. ,X ,Q,70.95,70.95,70.65,70.65,70.65,74.35,43,986,69713.00,
531201,SHILCHAR TEC,X ,Q,320.05,320.05,302.00,311.40,311.00,332.00,29,627,195277.00,
531205,TINEAGRO    ,X ,Q,55.80,56.05,55.50,56.05,56.05,53.40,7843,938859,52603976.00,
531207,RAYMED LABS.,XT,Q,1.51,1.51,1.51,1.51,1.51,1.44,4,522,788.00,
531209,NUCLE.SOFT E,B ,Q,430.10,438.00,428.35,431.40,430.30,439.80,780,5430,2352025.00,
531210,COLINZ LABOR,XT,Q,25.55,25.55,24.25,24.25,24.25,24.35,18,231,5779.00,
531212,NLFL        ,X ,Q,29.50,32.00,29.30,31.65,32.00,31.10,38,5468,170730.00,
531213,MANAP FIN   ,A ,Q,115.80,115.80,111.35,114.50,114.50,116.25,7291,545727,61857793.00,
531215,RTS POWER CO,X ,Q,58.60,61.55,58.05,60.40,60.40,61.60,69,2995,178596.00,
531216,COMFORT INTE,X ,Q,25.95,26.50,24.65,24.80,25.35,25.85,99,35678,902412.00,
531223,ANJANI SYNT.,X ,Q,30.15,31.00,29.50,29.85,29.85,30.55,49,8003,242829.00,
531225,XTGLOBAL    ,X ,Q,54.00,54.10,52.00,52.20,52.20,54.55,383,68570,3649128.00,
531227,DECO-MICA   ,P ,Q,40.65,40.75,40.65,40.70,40.75,42.75,6,1000,40680.00,
531228,RANDER CORP.,X ,Q,8.50,8.67,8.50,8.67,8.67,8.50,11,269,2315.00,
531233,RASI ELECTRO,X ,Q,8.48,8.48,7.72,7.73,7.72,8.12,137,34425,268316.00,
531234,SCOOBEEDAY  ,XT,Q,163.90,163.90,154.00,155.00,155.00,161.50,26,439,68561.00,
531240,SHAMROCK IND,XT,Q,6.65,6.66,6.64,6.66,6.66,6.35,11,8400,55879.00,
531241,LINC        ,B ,Q,271.05,287.00,271.00,277.20,278.40,291.75,52,737,205602.00,
531246,PRIMA IND.  ,XT,Q,26.90,27.15,26.90,27.15,27.15,25.90,6,955,25803.00,
531252,ANERI       ,XT,Q,6.07,6.07,6.07,6.07,6.07,6.07,3,16,97.00,
531253,INDIA GELAT.,X ,Q,110.00,114.95,109.00,114.25,114.25,114.40,25,797,89682.00,
531254,OPTIFIN     ,X ,Q,31.60,33.00,30.00,33.00,33.00,31.60,8,106,3342.00,
531255,PARAGON FIN.,X ,Q,19.30,19.30,19.30,19.30,19.30,19.30,3,11,212.00,
531257,PRATIKSHA CH,X ,Q,23.75,24.20,23.00,23.80,23.80,24.20,40,1687,39354.00,
531259,ESHAMEDIA   ,XT,Q,5.00,5.00,4.66,4.66,4.66,4.90,8,524,2488.00,
531260,SUNEDISON   ,XT,Q,325.95,325.95,295.40,305.45,312.40,310.90,24,895,266622.00,
531266,VST TILLERS ,A ,Q,2514.10,2514.10,2380.00,2456.40,2456.40,2571.10,644,1199,2908020.00,
531268,B2B SOFT.   ,XT,Q,38.90,38.90,36.10,37.45,37.50,37.50,69,2376,87631.00,
531272,NIKKI GLOBAL,X ,Q,9.25,9.25,9.25,9.25,9.25,9.07,13,3916,36223.00,
531273,RADHE DEVLOP,X ,Q,235.00,239.90,222.20,223.00,222.20,229.25,292,14549,3315613.00,
531274,KINETIC TRUS,XT,Q,10.41,10.41,10.41,10.41,10.41,10.95,1,25,260.00,
531278,ELIXIR      ,X ,Q,45.00,45.00,42.05,43.10,43.00,43.60,18,475,20297.00,
531279,TRISHAKTI EL,X ,Q,59.90,59.90,57.20,59.65,59.60,57.20,11,238,14194.00,
531280,PANKAJ POLY.,X ,Q,4.28,4.28,4.07,4.07,4.07,4.28,9,101,417.00,
531281,MARBLE      ,XT,Q,13.20,13.20,12.01,12.43,12.75,12.60,18,1706,21494.00,
531283,CINDRELLA FI,XT,Q,11.33,11.33,10.80,10.80,10.80,11.00,6,168,1847.00,
531287,NAT PLASTIC ,X ,Q,75.00,78.90,69.00,73.80,75.00,76.80,33,4638,335160.00,
531289,NATFIT      ,X ,Q,59.00,60.80,55.00,58.95,58.95,59.00,34,2062,119479.00,
531297,ARTEFACT PR ,X ,Q,60.00,60.00,53.00,53.65,53.65,60.25,96,10115,576508.00,
531304,NUTECH GLOBA,X ,Q,7.65,7.65,7.47,7.47,7.47,7.86,6,600,4500.00,
531306,DHP INDIA LT,X ,Q,688.90,688.90,650.00,670.15,670.25,675.45,98,1018,684357.00,
531307,RRIL        ,X ,Q,13.55,13.98,12.55,13.74,13.90,13.41,93,15185,202322.00,
531310,AVAILABLE FI,X ,Q,80.45,80.45,76.45,77.95,77.90,80.45,121,8156,629736.00,
531314,INTEGRA CAP.,X ,Q,22.55,22.55,22.55,22.55,22.55,21.50,2,11,248.00,
531319,MARUTI SEC. ,XT,Q,5.86,5.86,5.86,5.86,5.86,6.16,2,2200,12892.00,
531322,HAVISHA     ,T ,Q,2.80,2.94,2.72,2.94,2.94,2.80,67,22152,63973.00,
531323,JAYIND      ,X ,Q,11.59,11.59,10.49,10.49,10.49,11.04,6,153,1611.00,
531324,ROSELABS FIN,XT,Q,13.78,14.01,13.77,14.01,14.01,13.35,12,4334,59979.00,
531328,KRETTOSYS   ,XT,Q,1.21,1.21,1.15,1.21,1.21,1.16,457,686582,825988.00,
531334,VIKALP SEC. ,XT,Q,7.65,7.65,7.65,7.65,7.65,7.71,1,30,229.00,
531335,ZYDUS WELL  ,A ,Q,1530.05,1548.00,1473.35,1488.30,1495.90,1568.35,1278,6094,9273174.00,
531337,WINPRO      ,B ,Q,6.00,6.00,5.77,5.78,5.77,6.07,409,195497,1141090.00,
531338,MILE GLOBAL ,X ,Q,15.17,15.17,15.17,15.17,15.17,14.45,8,183,2776.00,
531340,BERVIN INV. ,XT,Q,31.40,34.60,31.35,34.60,34.60,33.00,4,212,6683.00,
531341,GUJ.INVESTA ,XT,Q,4.40,4.40,4.10,4.12,4.12,4.30,4,1545,6365.00,
531344,CONTAIN.CORP,A ,Q,563.45,579.30,562.05,573.35,573.35,580.20,3294,117816,67072405.00,
531346,EASTERN TRED,X ,Q,43.00,43.00,41.00,42.50,42.50,42.90,7,501,20997.00,
531349,PANACEA BIOT,B ,Q,188.90,188.90,183.65,185.55,185.55,189.95,778,15150,2808331.00,
531352,PEETI SECURT,XT,Q,18.95,18.95,18.35,18.90,18.90,19.30,31,1150,21295.00,
531358,CHOICE INT. ,X ,Q,178.00,178.00,170.25,171.95,171.95,174.40,149,19028,3290740.00,
531359,SHRIRAM ASSE,XT,Q,133.60,144.00,133.60,133.60,133.60,140.60,38,782,105946.00,
531360,GOLECHA GLOB,X ,Q,9.73,9.73,9.73,9.73,9.73,9.45,1,85,827.00,
531364,PARAMONE    ,X ,Q,30.75,30.75,28.40,28.50,28.40,29.85,31,3209,91486.00,
531370,SPARC SYSTEM,XT,Q,12.57,12.57,12.57,12.57,12.57,12.57,4,4350,54679.00,
531373,BYKE HOSP   ,B ,Q,29.60,30.45,29.50,29.95,30.00,30.65,77,5887,177147.00,
531380,CENTENIAL SU,XT,Q,68.45,68.45,65.05,65.05,65.05,68.45,9,214,14129.00,
531381,ARIHANT FOUN,X ,Q,31.00,31.00,29.40,29.90,29.90,30.65,37,7506,224279.00,
531387,HASTI FINANC,X ,Q,7.28,7.28,7.28,7.28,7.28,7.28,2,16,116.00,
531390,UPSURGE INV.,X ,Q,48.95,51.90,47.55,48.00,48.00,49.95,29,1299,62434.00,
531395,PADAM COTTON,XT,Q,37.70,37.70,37.70,37.70,37.70,35.95,1,110,4147.00,
531396,WOMEN NETWOR,X ,Q,4.35,4.56,4.21,4.27,4.26,4.35,54,4475,19349.00,
531397,POLYCON INT.,X ,Q,11.75,11.75,11.75,11.75,11.75,11.50,8,698,8201.00,
531398,SOURCENTRL  ,X ,Q,92.75,100.90,92.75,94.70,94.70,94.60,23,616,58611.00,
531399,G.G.AUTOMATI,XT,Q,23.50,23.50,22.35,22.40,22.40,23.50,29,6815,153745.00,
531400,ALMONDZ GLO ,B ,Q,91.70,106.00,91.00,104.80,95.00,93.30,42,1545,157127.00,
531402,LWS KNITWEAR,XT,Q,17.10,17.10,16.25,17.10,17.10,17.10,7,415,6759.00,
531409,ALCH CORP   ,XT,Q,17.70,17.75,16.15,16.15,16.15,16.95,13,567,10027.00,
531411,TUNI TEXTILE,XT,Q,3.96,3.96,3.96,3.96,3.96,4.16,1347,242330,959626.00,
531412,RADIX IND   ,XT,Q,67.25,67.25,65.05,66.55,65.05,67.25,9,401,26702.00,
531413,KIRAN PRINT ,XT,Q,5.80,5.80,5.65,5.65,5.65,5.69,12,1110,6286.00,
531416,NARENDRA PRO,X ,Q,20.90,20.90,19.00,19.00,19.00,20.00,45,5944,115653.00,
531417,MEGA CORPN. ,XT,Q,2.38,2.38,2.38,2.38,2.38,2.27,132,46025,109539.00,
531420,BMB MUSIC   ,Z ,Q,2.05,2.05,2.05,2.05,2.05,1.96,8,1122,2300.00,
531426,TAMIL.NEWSPR,A ,Q,123.05,129.60,122.10,129.10,129.25,125.75,968,27720,3517076.00,
531431,SHAKTI PUMPS,A ,Q,469.85,474.00,461.05,467.55,470.90,481.90,2075,22906,10707903.00,
531432,SYSTEMATIX  ,X ,Q,7.73,7.73,7.69,7.69,7.69,7.73,3,21,161.00,
531433,SUNGOLD CAP.,XT,Q,2.34,2.34,2.34,2.34,2.34,2.46,1,1,2.00,
531436,SAFFRON IND ,XT,Q,4.60,4.60,4.60,4.60,4.60,4.84,3,1141,5248.00,
531437,PWASML      ,X ,Q,70.15,70.15,69.40,69.40,69.40,73.05,25,3029,211320.00,
531439,GOLDSTONE EN,T ,Q,52.60,53.70,51.15,51.15,51.15,53.80,84,5177,266894.00,
531444,VARDHMAN    ,XT,Q,8.39,8.39,8.39,8.39,8.39,8.03,5,228,1912.00,
531449,GRM OVERSEAS,B ,Q,584.00,614.00,563.00,591.95,590.00,591.90,1731,46582,27276586.00,
531453,MOHIT INDUS.,B ,Q,16.35,16.95,15.25,15.45,16.20,16.60,33,2970,47945.00,
531454,POLYLINK POL,X ,Q,28.00,28.00,25.70,25.80,25.80,27.05,48,6067,156863.00,
531456,MINAXI TEXT.,XT,Q,3.58,3.58,3.25,3.40,3.43,3.41,834,255519,881394.00,
531460,CONTI.CONTRL,X ,Q,5.56,5.56,5.56,5.56,5.56,5.56,7,416,2312.00,
531465,NOUVEAU     ,X ,Q,1.40,1.40,1.40,1.40,1.40,13.84,1,25,35.00,
531471,DUKE OFFSHOR,X ,Q,11.00,11.23,10.19,11.22,11.22,10.70,53,13786,146456.00,
531472,CYBELE IND  ,X ,Q,9.95,10.18,9.95,10.18,10.18,9.70,21,1974,20083.00,
531489,CG-VAK SOFTW,XT,Q,257.40,269.00,257.35,263.90,263.85,270.85,160,3076,797830.00,
531494,NAVKAR      ,X ,Q,36.00,36.00,33.95,34.00,34.00,36.00,28,1347,47662.00,
531495,BLUECOAST   ,T ,Q,5.70,5.70,5.70,5.70,5.70,5.70,1,1,5.00,
531496,OMKAR OVERSE,X ,Q,2.54,2.54,2.54,2.54,2.54,2.42,4,2628,6675.00,
531497,MADHUCON PRJ,T ,Q,6.95,7.28,6.65,6.65,6.65,7.00,58,18550,124611.00,
531499,SYBLY INDS. ,XT,Q,7.65,8.29,7.65,8.15,8.15,8.02,26,2707,21266.00,
531500,RAJESH EXPO.,A ,Q,721.00,721.00,688.25,700.65,695.50,723.90,2612,47842,33442173.00,
531502,ESAAR (I)LTD,X ,Q,3.98,3.98,3.98,3.98,3.98,3.91,34,30584,121724.00,
531503,MARIS SPIN. ,X ,Q,90.05,95.00,87.55,89.05,89.85,92.85,125,14025,1260125.00,
531506,SHUKR BULL  ,XT,Q,16.35,16.35,16.35,16.35,16.35,16.00,5,17,277.00,
531508,EVEREADY (I),A ,Q,332.05,347.00,330.15,333.80,332.65,343.95,2336,91575,30914251.00,
531509,STEP TWO COR,X ,Q,7.65,7.65,7.65,7.65,7.65,7.77,1,200,1530.00,
531512,ORIENT TRADE,X ,Q,7.41,7.45,7.32,7.32,7.32,7.70,44,9161,67241.00,
531515,MAHAN IND.  ,XT,Q,0.46,0.46,0.46,0.46,0.46,0.46,1,31,14.00,
531518,VIKASPROP   ,T ,Q,2.04,2.04,1.95,1.96,1.99,2.03,233,140117,277610.00,
531525,ACE SOFTWARE,XT,Q,20.00,20.00,19.40,19.40,19.40,19.40,6,638,12448.00,
531531,HATSUN AGRO ,A ,Q,1083.00,1111.80,1051.25,1084.90,1088.55,1085.60,811,3451,3747579.00,
531533,E.COM INFOTE,XT,Q,38.95,42.95,38.95,42.95,42.95,40.95,130,8429,352464.00,
531539,RISHABH DIGH,X ,Q,21.85,22.80,21.85,22.30,22.30,22.95,6,118,2640.00,
531540,MARUTI INFRA,XT,Q,55.10,55.10,52.35,54.60,54.60,55.10,20,3381,184026.00,
531541,KOBO        ,Z ,Q,7.12,7.15,6.80,7.15,7.15,7.15,13,2795,19562.00,
531543,JINDAL WORLD,B ,Q,276.55,290.80,274.75,284.00,281.55,289.85,1306,28331,8029742.00,
531548,SOMANY CRAM ,A ,Q,629.25,639.00,614.15,625.75,614.25,657.90,993,5775,3624887.00,
531552,RAGHUNATH TO,X ,Q,16.49,16.51,15.00,16.48,16.51,15.73,183,12185,197681.00,
531553,DRL         ,X ,Q,21.80,21.90,21.80,21.80,21.80,20.90,12,320,6978.00,
531556,CORAL (I)FIN,B ,Q,38.20,38.20,36.10,36.90,36.80,38.55,158,6264,232769.00,
531569,SANJIVANI PA,X ,Q,55.00,56.00,53.00,53.35,53.25,55.70,84,11739,634227.00,
531574,VAS INFRA   ,XT,Q,5.68,5.68,5.68,5.68,5.68,5.94,4,70010,397656.00,
531578,KMF BUILDERS,XT,Q,4.85,4.90,4.75,4.75,4.75,4.99,15,845,4042.00,
531582,BERYL SECUR.,XT,Q,11.01,11.01,10.50,10.50,10.50,10.51,8,371,3958.00,
531583,RAP MEDIA   ,X ,Q,15.15,15.15,15.15,15.15,15.15,15.90,1,125,1893.00,
531585,DEVINE IMPE ,XT,Q,7.57,8.12,7.36,8.00,8.00,7.74,35,6000,47425.00,
531591,BAMPSL SECUR,X ,Q,4.26,4.53,4.26,4.45,4.45,4.47,61,23463,101414.00,
531592,GENPHARMA   ,XT,Q,6.23,6.45,6.00,6.15,6.15,6.31,1281,786896,4819607.00,
531594,INCON ENGG. ,XT,Q,19.95,20.70,19.80,20.70,20.70,19.75,80,10944,224430.00,
531595,CGCL        ,A ,Q,600.00,600.00,580.10,585.20,583.00,601.90,362,32642,19058411.00,
531599,FDC LIMITED ,A ,Q,270.50,270.50,257.40,258.40,258.40,270.50,1829,29441,7677716.00,
531600,GOGIA CAP   ,XT,Q,107.00,107.00,107.00,107.00,107.00,104.90,2,2,214.00,
531608,GORANI INDUS,XT,Q,67.00,67.00,65.00,66.05,66.70,67.00,7,617,40855.00,
531609,KG PETROCHEM,X ,Q,250.00,251.95,232.25,251.40,251.00,265.95,25,1667,414023.00,
531613,MAL         ,XT,Q,1.78,1.78,1.78,1.78,1.78,1.78,2,1000,1780.00,
531616,STARCOM     ,XT,Q,126.00,132.80,120.20,132.75,132.75,126.50,42,1222,147283.00,
531621,CENTERAC    ,XT,Q,2.65,2.65,2.65,2.65,2.65,2.65,2,1227,3251.00,
531624,COUNTRY COND,T ,Q,5.76,5.76,5.25,5.45,5.45,5.49,36,8127,43836.00,
531626,OROSMITHS   ,XT,Q,7.90,7.95,7.22,7.22,7.22,7.59,373,71333,526659.00,
531633,LINCOLN PHAR,B ,Q,325.00,325.00,297.00,301.90,302.20,310.95,293,2121,640475.00,
531635,SILVER OAK  ,X ,Q,36.25,39.05,36.25,39.05,39.05,35.50,34,1541,59839.00,
531637,PRAVEG      ,X ,Q,145.00,145.00,135.50,139.30,137.40,139.95,90,4023,555034.00,
531638,SURAJ LTD   ,XT,Q,68.90,69.70,66.40,68.20,68.20,69.85,44,3174,214531.00,
531642,MARICOLTD   ,A ,Q,494.40,496.25,476.85,482.10,485.10,500.65,3458,94115,45745334.00,
531644,TOKYO FINANC,X ,Q,10.25,10.25,10.25,10.25,10.25,10.70,2,769,7882.00,
531648,MAHAVIRIND  ,XT,Q,2.46,2.46,2.24,2.38,2.46,2.35,319,116346,270636.00,
531650,VAX HSG.FIN.,Z ,Q,1.12,1.12,1.12,1.12,1.12,1.07,2,20000,22400.00,
531651,NATIONAL GEN,XT,Q,257.30,264.85,239.70,239.70,239.70,252.25,21,165,42733.00,
531658,TRIJAL IND. ,XT,Q,8.75,8.75,8.75,8.75,8.75,9.21,5,1075,9406.00,
531661,HITTCO TOOLS,XT,Q,13.75,13.75,13.75,13.75,13.75,14.45,88,5607,77096.00,
531663,YUVRAAJHPL  ,XT,Q,1.32,1.32,1.32,1.32,1.32,1.32,14,19916,26289.00,
531667,RRMETAL     ,X ,Q,40.00,40.65,39.40,39.90,40.20,41.40,40,12491,498558.00,
531668,VISION CORPO,X ,Q,2.38,2.58,2.38,2.58,2.58,2.50,44,16138,39423.00,
531672,INANI SEC.  ,XT,Q,17.60,18.00,16.75,18.00,18.00,17.60,7,140,2413.00,
531680,MAYUR LEATHR,XT,Q,8.50,8.50,8.00,8.39,8.39,8.32,16,1220,9836.00,
531681,AMERISE     ,XT,Q,1.45,1.48,1.34,1.42,1.42,1.41,804,751663,1058893.00,
531686,ADVIK LABORS,XT,Q,1.39,1.39,1.39,1.39,1.39,1.39,1,400,556.00,
531688,PRITHVIEXCH ,X ,Q,30.70,32.00,29.25,30.75,30.75,30.75,35,2133,64104.00,
531692,KHYATI MULTI,XT,Q,1.12,1.12,1.07,1.07,1.07,1.12,10,2650,2860.00,
531694,RAINBOW FOUN,XT,Q,24.85,24.85,24.85,24.85,24.85,23.70,3,380,9443.00,
531716,TRICOMFRU   ,XT,Q,2.83,2.83,2.83,2.83,2.83,2.70,21,10845,30691.00,
531717,VIDHIING    ,B ,Q,348.00,348.00,340.00,342.15,341.40,350.50,315,4603,1575517.00,
531719,BHAGIRA.CHEM,B ,Q,955.05,971.55,948.05,950.55,950.55,981.60,67,779,740704.00,
531723,STAMPEDE CAP,T ,Q,0.82,0.82,0.76,0.80,0.80,0.79,59,313150,252395.00,
531726,PANCHSHEEL O,X ,Q,135.10,142.00,134.70,135.60,137.95,141.75,109,3867,527884.00,
531727,MENON PISTON,X ,Q,46.95,46.95,43.30,44.80,44.80,45.80,469,34601,1531204.00,
531737,GREENCREST  ,X ,Q,7.01,7.01,7.01,7.01,7.01,7.15,54,5961,41786.00,
531738,SILICON VAL.,XT,Q,0.03,0.03,0.03,0.03,0.03,0.03,6,27127,813.00,
531739,GENNEX LAB  ,X ,Q,8.00,8.00,7.52,7.53,7.53,7.91,1014,371072,2826367.00,
531744,GINI SILK MI,XT,Q,49.05,54.10,49.05,51.00,51.00,51.60,3,164,8692.00,
531746,PRAJAY ENGS.,T ,Q,16.55,16.55,15.25,15.50,15.35,15.85,32,5163,80426.00,
531752,BIOGEN      ,XT,Q,1.29,1.40,1.29,1.34,1.34,1.35,9586,7935900,10576096.00,
531758,G.K.CONSULT.,XT,Q,9.80,9.80,9.34,9.34,9.34,9.34,6,234,2277.00,
531761,APOLLOPIPES ,A ,Q,455.25,456.00,444.85,451.55,451.55,457.95,347,38866,17564480.00,
531768,POLY MEDICUR,A ,Q,787.10,816.45,787.05,806.20,805.00,806.55,492,5839,4729460.00,
531769,PFL INFOTECH,Z ,Q,4.23,4.67,4.23,4.66,4.66,4.45,20,15928,71657.00,
531771,SHRADDHA    ,XT,Q,13.72,13.72,13.72,13.72,13.72,13.72,1,50,686.00,
531778,KACHCHHMIN  ,XT,Q,25.70,25.70,23.45,24.50,25.65,24.65,36,2957,72441.00,
531780,KACL        ,X ,Q,22.95,22.95,22.95,22.95,22.95,21.90,8,4738,108737.00,
531784,KCLINFRA    ,XT,Q,1.97,1.97,1.97,1.97,1.97,2.07,17,5372,10582.00,
531795,ATUL AUTO   ,B ,Q,170.95,170.95,165.65,166.50,167.50,171.50,479,12513,2090309.00,
531802,PRERNA INFR ,X ,Q,29.80,31.95,29.80,30.95,31.00,31.20,24,3180,99537.00,
531810,METAL COATIN,X ,Q,40.50,42.00,38.55,41.55,41.55,40.50,24,1313,53557.00,
531812,SGN TELECOMS,XT,Q,0.69,0.69,0.66,0.66,0.66,0.69,13,13816,9141.00,
531814,TIRUPATI SAR,XT,Q,8.48,8.48,7.69,8.06,8.06,8.09,50,3466,27701.00,
531819,NUWAY ORGANI,XT,Q,13.00,13.00,13.00,13.00,13.00,13.00,1,10,130.00,
531822,RODIUM      ,X ,Q,74.70,74.70,63.25,68.80,68.80,71.95,12,260,18426.00,
531834,NATURA HUE C,XT,Q,12.10,12.10,11.40,11.75,11.98,11.99,98,17982,207085.00,
531841,INDUSFINL   ,XT,Q,14.55,15.59,14.55,15.59,15.59,14.85,15,2062,31295.00,
531842,LAHOTI OVER.,X ,Q,29.30,30.40,28.50,30.20,30.40,30.95,57,12266,365290.00,
531845,ZENITHSTL   ,T ,Q,1.30,1.30,1.30,1.30,1.30,1.36,20,118100,153530.00,
531846,TRINITYLEA  ,XT,Q,9.39,9.39,8.93,9.38,9.38,9.39,13,371,3324.00,
531847,ASIAN STAR  ,B ,Q,857.90,863.00,855.00,855.00,855.00,870.00,5,22,18870.00,
531859,ORIRAIL     ,X ,Q,113.90,114.25,104.50,110.00,110.00,111.85,64,2677,289077.00,
531861,JOINDRE CAPI,X ,Q,29.00,29.00,26.55,28.00,28.00,27.90,23,1643,45550.00,
531862,BHARATAGRI  ,X ,Q,372.85,372.85,346.00,356.80,356.80,359.45,37,765,269693.00,
531867,UNITECH INTE,X ,Q,6.03,6.03,6.03,6.03,6.03,6.34,26,8378,50519.00,
531869,SACHETA MET.,XT,Q,29.85,31.50,29.85,29.85,29.85,31.40,517,31021,926536.00,
531878,ANJANI FINL ,X ,Q,5.56,6.48,5.56,6.19,6.19,6.50,34,6560,39832.00,
531879,PIONEER DIS.,B ,Q,155.10,158.50,151.05,152.65,153.00,164.35,51,1671,258087.00,
531881,GMETCOAL    ,Z ,Q,23.75,23.75,23.75,23.75,23.75,25.00,3,66,1567.00,
531887,RAHUL MERCH.,X ,Q,7.24,7.24,7.24,7.24,7.24,7.24,1,50,362.00,
531888,REXNORD ELE.,X ,Q,67.80,68.80,63.15,65.85,65.20,68.60,85,6292,411717.00,
531892,KHANDWALA SE,T ,Q,19.50,20.95,19.50,20.45,20.45,20.50,7,244,4768.00,
531893,SAWACA BUSI ,XT,Q,27.10,27.10,27.10,27.10,27.10,25.85,217,53993,1463210.00,
531900,CCL INTER   ,XT,Q,18.10,19.55,18.10,19.55,19.55,18.65,21,574,11171.00,
531902,GALLOPENT   ,X ,Q,7.72,7.72,7.72,7.72,7.72,7.36,2,350,2702.00,
531904,GLOBUS CORP ,Z ,Q,0.35,0.35,0.35,0.35,0.35,0.35,5,301220,105427.00,
531911,GALAXY AGRIC,XT,Q,27.30,27.30,27.30,27.30,27.30,26.00,5,295,8053.00,
531913,GOPAL IRON S,XT,Q,8.75,8.75,8.13,8.40,8.40,8.55,34,1996,17197.00,
531917,TWINSTAR SOF,Z ,Q,2.10,2.10,2.09,2.09,2.09,2.20,31,8305,17378.00,
531921,AGAR IND COR,B ,Q,460.05,460.05,424.15,435.90,435.90,465.15,1292,10056,4481179.00,
531923,DHAMPURE SGR,X ,Q,38.65,38.65,36.80,38.35,38.35,38.65,28,2484,94269.00,
531925,SHANTANU SHE,XT,Q,3.01,3.01,2.73,2.89,2.89,2.87,127,54448,152972.00,
531929,INNOCORP L  ,XT,Q,8.15,8.35,7.60,8.25,8.25,7.96,113,18315,149752.00,
531931,SAI CAPITAL ,XT,Q,18.55,18.55,18.55,18.55,18.55,17.70,1,1,18.00,
531936,BLUE CHIP(I),T ,Q,0.48,0.48,0.48,0.48,0.48,0.48,1,1494,717.00,
531950,VERTEX SEC. ,XT,Q,1.99,2.19,1.99,1.99,2.15,2.09,78,62197,124121.00,
531952,RIBA TEXTILS,X ,Q,40.00,43.00,40.00,40.80,40.80,42.05,110,19863,814567.00,
531962,SHREMETAL   ,XT,Q,23.75,23.80,23.75,23.80,23.80,23.75,2,101,2403.00,
531968,IITL PROJ   ,X ,Q,17.20,18.70,17.10,17.10,17.10,18.00,9,2913,50103.00,
531977,CHARTERLOGIS,X ,Q,7.65,7.65,7.12,7.12,7.12,7.49,751,204494,1470203.00,
531978,AMBIKA COTTO,B ,Q,2379.15,2379.15,2278.50,2303.20,2315.00,2380.70,679,2311,5336066.00,
531979,HIND ALUMIN ,X ,Q,48.20,48.95,45.40,46.55,46.75,48.80,221,19187,908567.00,
531982,SPECTR FOOD ,XT,Q,19.95,19.95,19.85,19.85,19.85,19.95,3,30,597.00,
531991,AMRAWOR AGRI,XT,Q,1.61,1.61,1.61,1.61,1.61,1.54,980,908505,1462693.00,
531994,AUTO PINS(I),X ,Q,79.00,79.00,75.10,78.95,78.95,79.00,5,132,10037.00,
531996,ODYSSEY CORP,X ,Q,8.75,8.75,8.16,8.20,8.20,8.58,217,75940,623969.00,
532001,INDUCTO STL.,X ,Q,32.70,32.70,32.70,32.70,32.70,32.70,1,100,3270.00,
532005,SAM INDUS.  ,XT,Q,40.15,42.20,39.00,41.00,41.00,40.95,7,171,7083.00,
532007,SHREEVAT.FIN,XT,Q,13.85,14.24,13.85,14.00,14.00,13.57,10,1302,18478.00,
532011,POOJA ENT   ,XT,Q,156.80,160.00,152.00,155.95,155.95,160.00,36,1597,247154.00,
532015,GRAVITY (I) ,X ,Q,5.25,5.25,5.24,5.24,5.24,5.51,19,1616,8468.00,
532019,LCC INFOTECH,T ,Q,4.12,4.12,3.78,4.00,4.00,3.97,157,71683,277890.00,
532022,FILAT FASH  ,XT,Q,6.50,6.50,6.10,6.12,6.10,6.42,293,87676,540282.00,
532029,SINDHU TRADE,B ,Q,131.50,138.70,127.10,135.90,135.90,132.10,4513,346666,47145392.00,
532033,JAIN STUDIOS,Z ,Q,3.30,3.30,3.30,3.30,3.30,3.15,6,1206,3979.00,
532035,UNISTAR MULT,XT,Q,13.05,13.05,13.05,13.05,13.05,13.73,4,2861,37336.00,
532039,ZENOTECH    ,XT,Q,54.50,54.90,51.30,52.75,52.55,53.85,135,22857,1197807.00,
532041,HINDUSTN BIO,XT,Q,4.53,4.89,4.53,4.71,4.89,4.75,67,17373,79622.00,
532042,FRONTL CORP ,X ,Q,27.00,27.00,27.00,27.00,27.00,27.00,1,1,27.00,
532051,SWELECT     ,T ,Q,283.40,303.90,283.40,293.20,292.00,298.30,135,4600,1349743.00,
532053,WALLFORT FIN,X ,Q,65.40,65.40,54.25,59.30,59.00,59.60,54,1958,111646.00,
532054,KDDL LTD    ,B ,Q,787.20,794.15,752.55,758.40,758.40,810.90,314,2558,1950063.00,
532056,ADINATH EXIM,XT,Q,25.75,26.75,25.75,26.35,25.75,25.75,33,1476,38953.00,
532057,ABHINAV CAP ,XT,Q,49.85,49.85,49.85,49.85,49.85,49.85,3,5,249.00,
532067,KILPEST (I) ,X ,Q,375.00,390.00,365.00,383.15,378.30,382.10,380,14002,5284046.00,
532070,SUPERB PAPER,X ,Q,26.10,26.60,24.95,25.05,25.05,27.60,89,91510,2295962.00,
532072,INTER DIGI  ,XT,Q,0.30,0.30,0.30,0.30,0.30,0.31,100,569310,170793.00,
532090,VANDANA     ,XT,Q,1.65,1.73,1.57,1.71,1.73,1.65,53,58805,96153.00,
532097,MUKAND ENGG.,T ,Q,27.45,27.45,27.45,27.45,27.45,27.45,3,340,9333.00,
532100,INDO-CITY IN,XT,Q,7.63,7.85,7.63,7.64,7.64,7.48,56,6105,46996.00,
532102,SBEC SUGAR  ,XT,Q,27.80,28.90,26.35,27.05,27.45,27.70,28,1894,50060.00,
532113,BRIJLAXMI LE,XT,Q,2.29,2.29,2.29,2.29,2.29,2.41,14,4502,10309.00,
532123,BSE  INFRA  ,XT,Q,3.19,3.33,3.07,3.16,3.23,3.23,556,155113,488086.00,
532124,RELIAB VEN  ,X ,Q,16.40,16.40,15.65,16.40,16.35,15.75,21,3737,58901.00,
532134,BANKBARODA  ,A ,Q,98.70,100.20,91.00,92.70,92.70,100.50,19757,5762150,542276426.00,
532139,G-TECH INFO.,XT,Q,1.20,1.20,1.20,1.20,1.20,1.20,3,9,10.00,
532140,MOHITE      ,X ,Q,22.95,22.95,20.90,21.00,21.60,22.00,35,3375,71937.00,
532141,ANDHRA CEMEN,B ,Q,13.80,13.90,13.01,13.34,13.35,13.87,507,90197,1197333.00,
532143,SKM EGG PROD,B ,Q,59.05,60.55,58.65,60.35,60.35,60.85,132,2231,133232.00,
532144,WELCORP     ,A ,Q,137.20,141.15,135.55,138.30,138.30,143.55,2683,139007,19262035.00,
532145,H.S.(I) LTD.,X ,Q,7.26,7.54,7.01,7.12,7.09,7.26,17,928,6650.00,
532149,BNK OF INDIA,A ,Q,45.60,47.10,45.05,46.20,46.20,46.70,3676,627900,28893884.00,
532150,INDRAPRAST  ,B ,Q,62.40,65.00,62.00,64.30,64.80,63.90,624,22252,1406716.00,
532154,JOHNPHARMA  ,XT,Q,1.06,1.11,1.06,1.08,1.08,1.11,4206,4489921,4839197.00,
532155,GAIL (I) LTD,A ,Q,157.00,164.00,155.20,161.70,161.70,155.35,20068,2805276,447977773.00,
532156,VAIBHAVGBL  ,A ,Q,399.70,405.05,390.00,394.40,394.40,400.35,2452,25058,9981232.00,
532159,TRESCON     ,X ,Q,24.45,24.45,22.40,23.70,23.70,23.50,35,4721,109443.00,
532160,GUJ.STAT.FIN,T ,Q,10.28,10.31,9.47,9.61,9.61,9.96,182,21660,214587.00,
532162,JK PAPER    ,A ,Q,223.20,225.50,217.25,222.10,221.85,228.00,960,49397,10925452.00,
532163,SAREGAMA (I),T ,Q,4425.00,4569.00,4232.30,4378.60,4360.00,4405.50,496,2486,10832328.00,
532164,MINOLTA FIN.,Z ,Q,4.04,4.04,3.66,3.66,3.66,3.85,20,12660,46601.00,
532166,ALKA SECUR. ,Z ,Q,0.50,0.50,0.46,0.50,0.50,0.48,394,990052,492321.00,
532172,ADROITINFO  ,T ,Q,10.40,10.48,9.50,10.48,10.48,9.99,22,5131,53284.00,
532173,CYBERTECH   ,B ,Q,162.00,171.10,162.00,166.65,167.35,168.45,771,13978,2325235.00,
532174,ICICI BANK  ,A ,Q,661.20,666.55,642.00,652.35,652.35,688.20,78301,1805891,1180125888.00,
532175,CYIENT      ,A ,Q,877.00,943.95,856.20,919.90,922.35,878.25,4472,66230,60580738.00,
532178,ENGINRS.(I) ,A ,Q,64.40,65.85,62.50,64.35,64.35,64.40,2084,142882,9137851.00,
532180,DHANALAK.BNK,B ,Q,12.50,12.75,12.32,12.41,12.44,12.63,328,46751,583828.00,
532181,GUJ.MINERAL ,A ,Q,161.00,172.60,156.85,167.30,167.30,161.90,21893,2625721,439006515.00,
532183,GAYATRI SUGR,XT,Q,3.43,3.43,3.43,3.43,3.43,3.61,96,74748,256385.00,
532187,INDUSIND BNK,A ,Q,875.00,895.65,825.20,834.10,834.10,903.00,26656,768918,649739293.00,
532189,INDIA TOURIS,A ,Q,333.00,338.80,314.30,332.05,331.65,344.45,405,8838,2920217.00,
532209,J & K BANK  ,A ,Q,33.00,33.20,32.30,32.90,32.90,33.80,2719,417050,13679707.00,
532210,CITY UNION  ,A ,Q,115.95,116.80,108.60,110.15,110.60,117.75,4907,259031,28872676.00,
532212,ARCHIES LTD ,B ,Q,16.80,17.05,16.60,16.85,16.95,17.20,192,9528,159929.00,
532215,AXIS BANK   ,A ,Q,695.90,704.70,655.60,667.25,667.25,715.15,47012,935976,630262373.00,
532216,HB STOCKHOL.,B ,Q,46.45,48.15,45.15,45.90,45.15,48.20,105,2860,133841.00,
532217,SIEL FINANCL,XT,Q,14.00,14.00,14.00,14.00,14.00,14.70,17,26633,372862.00,
532218,SOUTH IND.BK,A ,Q,7.95,7.95,7.80,7.83,7.83,7.95,14167,1727533,13542178.00,
532219,ENERGY DEV. ,T ,Q,20.50,20.50,18.85,19.20,19.20,19.80,241,37206,719686.00,
532221,SONATA SOFT.,A ,Q,750.00,763.00,730.50,746.50,763.00,753.80,1179,7539,5591769.00,
532230,BENGAL TEA &,X ,Q,67.60,67.60,64.60,66.25,66.30,66.25,14,663,43494.00,
532234,NAT.ALUM    ,A ,Q,124.20,127.90,122.05,127.00,127.00,122.80,22885,3850463,480054328.00,
532240,INDIA NIPPON,B ,Q,425.85,432.80,419.15,432.80,432.80,435.10,130,985,420938.00,
532256,NALWA SONS  ,B ,Q,1520.00,1560.05,1487.00,1559.25,1560.05,1526.10,50,322,490036.00,
532259,APAR INDUS. ,A ,Q,615.80,615.80,592.00,602.70,604.00,615.80,1691,7719,4643470.00,
532262,TCI INDUS.  ,X ,Q,1399.00,1519.95,1399.00,1508.30,1519.95,1450.00,5,11,16060.00,
532268,ACCELYA     ,B ,Q,895.05,901.95,880.05,888.50,881.00,901.15,378,1762,1578374.00,
532271,ORCHASP     ,XT,Q,7.21,7.50,6.84,7.22,7.23,7.20,593,289238,2049260.00,
532275,LANDMARC LEI,XT,Q,0.85,0.85,0.85,0.85,0.85,0.81,32,67810,57638.00,
532281,HCL TECHNO  ,A ,Q,1110.00,1161.35,1110.00,1153.70,1153.70,1138.05,13233,196351,223862180.00,
532284,TCFC FINANCE,X ,Q,36.65,36.65,33.40,35.80,36.00,35.95,40,1063,37285.00,
532285,GEOJITFSL   ,A ,Q,62.00,62.00,60.20,61.20,61.20,62.70,1639,62836,3841191.00,
532286,JINDAL STE  ,A ,Q,435.50,446.70,430.40,443.15,443.15,435.50,15442,669221,293165038.00,
532290,BLB LTD.    ,T ,Q,21.40,21.85,19.90,21.10,20.30,20.90,74,9754,206218.00,
532296,GLENMARK PHA,A ,Q,417.00,437.50,415.60,435.40,435.40,427.15,5664,349427,148979610.00,
532300,WOCKHARDT   ,A ,Q,346.45,346.45,328.55,340.95,340.95,346.15,3627,66092,22123398.00,
532301,TATA COFFEE ,A ,Q,186.45,186.45,182.25,183.60,183.60,188.55,4096,141744,26110381.00,
532304,KJMCCORP    ,X ,Q,25.00,26.75,25.00,26.05,25.55,25.50,12,1305,34572.00,
532305,IND-SWIFT LA,B ,Q,66.30,67.30,64.90,65.15,65.95,67.10,245,5612,371122.00,
532307,MELSTAR INFO,Z ,Q,4.57,5.04,4.57,5.04,5.04,4.81,8,1610,8058.00,
532309,GEPIL       ,A ,Q,150.00,151.00,146.00,147.20,148.00,151.75,1079,22441,3322804.00,
532310,SHREE RAMA  ,T ,Q,14.75,14.76,13.50,14.74,14.76,14.06,102,23094,337454.00,
532313,MAHINDRALIFE,A ,Q,295.00,295.00,276.00,278.30,276.00,292.10,1921,33174,9345271.00,
532320,VAARAD      ,X ,Q,17.40,18.45,17.10,17.95,18.30,17.30,32,1414,24756.00,
532321,ZYDUSLIFE   ,A ,Q,340.00,345.55,331.00,341.85,341.10,346.35,6156,97176,32939832.00,
532323,SHIVA CEMENT,X ,Q,35.15,35.15,33.25,34.55,34.55,35.40,498,210879,7221243.00,
532324,CINEVISTA   ,B ,Q,11.99,11.99,11.27,11.28,11.28,11.86,35,10935,124624.00,
532326,INTENS TECH ,B ,Q,69.30,72.00,69.30,70.60,71.35,72.60,305,8330,587689.00,
532329,DANLAW TECH.,X ,Q,191.00,199.90,191.00,199.65,199.65,197.70,50,2308,451321.00,
532331,AJANTA PHARM,A ,Q,1697.00,1742.35,1632.10,1707.95,1707.95,1705.15,1194,3346,5650863.00,
532333,HB PORTFOLIO,X ,Q,30.15,33.45,29.35,30.70,31.90,32.50,35,4563,138119.00,
532334,HB ESTATE DE,X ,Q,18.85,19.15,17.35,18.85,19.15,18.25,42,1516,27580.00,
532335,AMBICA AGAR.,B ,Q,28.00,28.00,27.15,27.15,27.15,28.55,33,4171,113321.00,
532336,BARON INFO. ,XT,Q,0.52,0.52,0.52,0.52,0.52,0.52,2,102,53.00,
532339,COMPUCOM SOF,T ,Q,22.15,22.50,22.05,22.10,22.10,23.20,208,26082,576584.00,
532340,OMNI AX'S SO,XT,Q,4.29,4.29,3.89,4.29,4.29,4.09,114,18061,75931.00,
532341,IZMO        ,B ,Q,80.05,81.50,79.20,81.20,81.40,83.15,164,5679,458067.00,
532343,TVS MOTOR L ,A ,Q,548.05,548.05,513.00,529.35,529.35,555.05,10189,222251,116763563.00,
532344,SOFTSOL (I) ,X ,Q,171.05,176.90,153.50,161.80,161.80,170.00,55,879,144185.00,
532345,GATI LTD.   ,A ,Q,137.00,137.00,129.15,131.30,134.00,138.20,4153,212210,27943430.00,
532348,SUBEX LTX   ,A ,Q,35.95,36.80,35.20,35.45,35.45,36.65,4894,1133172,40826164.00,
532349,TRANSPORT CO,A ,Q,575.00,575.00,532.20,536.25,536.25,580.00,763,8615,4695896.00,
532350,PADMALAYA TE,Z ,Q,2.70,2.76,2.63,2.69,2.76,2.63,51,8292,22706.00,
532351,AKSH OPTIFIB,B ,Q,11.00,11.20,10.45,10.53,10.45,11.00,416,119000,1274969.00,
532355,PICTURHOUSE ,XT,Q,3.60,3.60,3.60,3.60,3.60,3.77,1,1,3.00,
532356,TRIVENI ENGG,A ,Q,267.00,278.85,260.65,273.55,273.55,273.40,5203,208723,56568252.00,
532357,MUKTA ARTS  ,B ,Q,41.25,41.25,40.50,40.50,40.50,41.80,5,67,2725.00,
532359,HITKIT GLOB ,XT,Q,0.86,0.86,0.86,0.86,0.86,0.90,16,19635,16886.00,
532362,NAGPUR POWER,X ,Q,55.85,55.85,49.25,51.50,51.50,54.30,36,1740,89089.00,
532365,DYNACONS SYS,B ,Q,224.80,224.80,201.40,207.70,210.00,222.40,539,10868,2276337.00,
532366,PNB GILTS   ,B ,Q,61.00,61.90,59.90,60.30,61.00,61.35,950,46169,2797910.00,
532368,BCG         ,B ,Q,97.00,97.00,97.00,97.00,97.00,102.10,2239,176021,17074037.00,
532369,RAMCO INDS. ,A ,Q,213.50,213.55,205.65,206.55,207.55,215.60,179,2861,595791.00,
532370,RAMCO  SYSTM,A ,Q,285.00,290.85,281.20,283.75,284.55,288.20,1565,22483,6423686.00,
532371,TATA TELESER,T ,Q,97.40,97.40,97.40,97.40,97.40,102.50,3517,184171,17938255.00,
532372,VIRINCHI    ,XT,Q,95.30,95.30,95.30,95.30,95.30,100.30,412,25604,2440061.00,
532373,WEPSOLN     ,XT,Q,23.50,23.50,21.65,21.95,21.95,22.75,81,20698,450764.00,
532374,STER TECH   ,A ,Q,184.00,184.00,178.00,180.35,180.35,187.50,3260,139821,25304356.00,
532375,TIPSINDUSTR ,T ,Q,2049.00,2100.00,2008.15,2087.25,2084.95,2113.80,274,1785,3627460.00,
532376,MRO-TEK     ,B ,Q,47.50,50.55,47.50,50.05,50.20,50.85,29,411,20435.00,
532379,FIRSTFIN    ,X ,Q,5.21,5.28,5.21,5.28,5.28,5.28,17,3873,20358.00,
532380,BABA ARTS   ,XT,Q,20.35,20.35,18.50,19.60,19.60,19.45,253,26816,511657.00,
532382,BALAJI TELE.,B ,Q,68.25,75.65,68.25,73.75,73.75,71.45,1450,87031,6324553.00,
532384,TYCHE INDS  ,X ,Q,126.70,127.80,124.50,126.30,126.30,127.60,172,4954,624758.00,
532386,CALIFORN.SOF,B ,Q,36.55,36.80,36.30,36.30,36.30,38.20,150,14902,542417.00,
532387,PRITISHN COM,B ,Q,47.00,47.95,45.10,46.10,46.90,48.30,222,6735,311936.00,
532388,INDIAN OVER.,A ,Q,17.60,17.65,17.10,17.35,17.35,17.75,2455,1130343,19598458.00,
532390,TAJ GVK HOTL,B ,Q,130.90,130.90,125.45,127.40,127.65,129.00,281,5353,682420.00,
532391,OPTO CIRCUIT,Z ,Q,2.53,2.53,2.53,2.53,2.53,2.66,72,74174,187660.00,
532392,CREATIVE EYE,B ,Q,3.90,3.90,3.85,3.90,3.90,3.72,15,8850,34512.00,
532395,AXISCADES   ,T ,Q,85.10,86.50,83.00,84.35,84.90,87.35,111,12870,1078035.00,
532397,KONNDOR     ,X ,Q,6.30,6.30,6.30,6.30,6.30,6.30,2,26,163.00,
532398,UMESL       ,T ,Q,2.98,3.09,2.84,2.84,2.84,2.98,26,11710,34798.00,
532400,BSOFT       ,A ,Q,426.00,442.90,425.00,430.75,430.75,438.15,8683,328283,142370803.00,
532402,USGTECH     ,X ,Q,8.65,8.65,7.87,7.94,7.94,8.28,85,7139,59009.00,
532403,FOURTH GEN. ,XT,Q,4.41,4.41,3.99,3.99,3.99,4.20,10,1513,6456.00,
532404,SAVEN TECHNO,X ,Q,43.40,45.50,41.60,44.55,45.20,42.95,318,16933,746174.00,
532406,AVANTEL LTD ,X ,Q,670.10,721.00,670.10,698.20,698.00,693.35,201,3816,2665344.00,
532407,MOSCHIP     ,XT,Q,67.00,67.00,63.85,63.85,63.85,67.20,2137,141407,9065270.00,
532408,MEGASOFT LTD,T ,Q,47.20,47.20,44.65,44.65,44.65,47.00,252,55032,2475116.00,
532410,TRANSCORP IN,X ,Q,20.80,20.80,19.95,19.95,19.95,20.95,33,7255,145151.00,
532411,VISESH INFO.,T ,Q,1.08,1.08,1.08,1.08,1.08,1.13,5244,7021024,7582705.00,
532413,CEREBRA INTE,A ,Q,70.00,74.25,70.00,73.20,72.95,73.05,1316,83271,5989926.00,
532419,SMARTLINK   ,B ,Q,128.50,128.60,119.10,119.10,119.10,125.35,48,905,110443.00,
532424,GODREJ CONS ,A ,Q,715.00,715.00,660.20,664.40,664.40,725.30,15398,223411,150704285.00,
532425,GENUSPRIME  ,XT,Q,8.35,8.50,8.35,8.50,8.50,8.35,4,648,5448.00,
532430,BF UTILI    ,A ,Q,306.00,308.35,294.75,303.05,303.05,312.75,1285,86726,26257785.00,
532432,UNITD SPR   ,B ,Q,817.00,817.00,765.60,778.70,778.70,825.80,10692,181765,142607654.00,
532435,SANINFRA    ,X ,Q,296.30,345.00,294.00,328.00,328.00,325.75,362,12303,3892861.00,
532439,OLECTRA     ,B ,Q,570.00,599.00,565.00,583.20,583.20,592.10,4864,99642,58071877.00,
532440,MPS LTD     ,B ,Q,602.75,622.40,592.60,613.45,608.00,615.55,192,2569,1555344.00,
532441,RNBOWDENIM  ,XT,Q,5.00,5.14,4.75,4.77,4.77,4.90,83,5822,29419.00,
532443,CERA SANITAR,A ,Q,4390.00,4392.35,4220.70,4262.75,4298.00,4354.05,867,2556,11061147.00,
532444,T. SPIRITUAL,XT,Q,1.24,1.30,1.18,1.18,1.18,1.24,9,2926,3581.00,
532454,BHARTI ARTL ,A ,Q,643.00,679.00,638.90,675.60,675.60,653.00,12328,389014,257322390.00,
532455,SHALIMAR WIR,XT,Q,11.64,11.64,10.55,10.55,10.55,11.10,134,15038,163200.00,
532456,COMPUAGE INF,B ,Q,31.00,31.00,29.65,30.45,30.45,31.20,440,41444,1249836.00,
532457,GULSHAN POLY,T ,Q,324.00,329.00,310.90,318.05,316.00,327.25,397,18627,5893460.00,
532459,FAZE3AUTO   ,X ,Q,112.00,112.00,106.00,108.05,109.00,112.20,63,2301,248115.00,
532460,PONNI SUG(ER,B ,Q,211.05,223.60,211.05,221.65,222.90,223.75,184,2689,588635.00,
532461,PUNJAB NATIO,A ,Q,34.05,34.70,33.35,34.15,34.15,34.60,15911,7228335,245009854.00,
532466,ORACLE FIN  ,A ,Q,3340.00,3383.70,3272.30,3349.05,3349.05,3348.10,1995,45795,153243621.00,
532467,HAZ MUL PRO ,X ,Q,29.00,29.65,27.60,27.60,28.45,29.05,71,5094,142334.00,
532468,KAMAHOLDING ,A ,Q,8824.90,8824.90,8310.00,8547.85,8550.00,8768.55,56,121,1047461.00,
532475,APTECH LTD  ,A ,Q,307.50,308.75,300.75,305.70,304.55,312.45,900,42171,12881841.00,
532477,UNION BANK L,A ,Q,39.35,39.40,37.90,38.00,38.00,40.15,6786,2167672,83804855.00,
532478,UNITED BREWA,A ,Q,1328.00,1328.00,1274.60,1304.15,1299.55,1339.05,2800,23204,30146995.00,
532479,ISMT LTD    ,T ,Q,51.05,52.45,51.05,51.05,51.05,53.70,104,61682,3154996.00,
532481,NOIDA-TOLL B,B ,Q,7.60,8.09,7.60,8.05,8.08,8.00,90,26053,205783.00,
532482,GRANULES (I),A ,Q,284.00,288.00,277.35,286.15,286.00,287.70,1421,49373,13947331.00,
532483,CANARA BANK ,A ,Q,207.00,207.00,196.50,200.85,200.85,210.05,10416,1215297,243312719.00,
532485,BALMER LA.IN,B ,Q,368.75,370.00,365.70,369.45,369.55,369.65,399,9587,3539355.00,
532486,POKARNA LTD ,B ,Q,609.85,625.15,602.70,613.85,605.50,626.00,511,4206,2559872.00,
532488,DIVI'S LAB. ,A ,Q,4003.00,4092.95,3975.00,4076.65,4088.00,4097.90,8352,37085,149059967.00,
532493,ASTRA MICRO ,A ,Q,175.50,187.70,175.50,186.80,183.00,186.30,2011,72219,13425887.00,
532497,RADICOKHAIT ,A ,Q,847.90,854.75,810.00,851.25,848.00,847.90,2908,32776,27230668.00,
532498,SHRMCITYUN  ,A ,Q,1499.30,1499.30,1431.70,1443.80,1440.00,1526.30,632,2542,3688045.00,
532500,MARUTISUZUK ,A ,Q,7040.00,7040.00,6730.00,6769.00,6769.00,7244.35,22034,100068,682712954.00,
532503,RAJAPAMILLS ,X ,Q,875.00,900.00,860.00,874.40,878.00,891.35,127,3725,3250435.00,
532504,NAVIN FLUORI,A ,Q,3500.00,3632.95,3426.70,3548.50,3592.30,3622.70,2409,8208,28844412.00,
532505,UCOBANK     ,A ,Q,11.35,11.71,11.35,11.51,11.51,11.83,1626,767234,8881833.00,
532507,BAG FIL MED ,T ,Q,5.95,5.97,5.42,5.80,5.80,5.69,201,190508,1110110.00,
532508,JSL         ,A ,Q,194.00,195.55,186.80,188.85,188.90,197.35,3668,244592,46649277.00,
532509,SUPRAJIT ENG,B ,Q,285.90,285.90,272.25,277.60,277.90,288.55,1600,16738,4692085.00,
532513,TVSELE      ,B ,Q,202.65,211.90,199.70,203.20,204.75,207.00,1460,21911,4508168.00,
532514,INDRA GAS   ,A ,Q,326.90,342.85,322.10,338.00,338.00,331.65,5144,204005,68012114.00,
532515,TV TODAY    ,A ,Q,380.10,380.10,364.65,368.20,364.65,390.40,669,8325,3094134.00,
532521,PALRED      ,T ,Q,213.95,213.95,204.75,207.45,207.45,215.50,58,3568,735284.00,
532522,PETRONET LNG,A ,Q,214.45,219.30,212.15,218.05,218.05,214.50,3740,185004,39903028.00,
532523,BIOCON LTD. ,A ,Q,328.05,331.30,319.00,329.90,329.90,328.05,5944,271841,88585557.00,
532524,PTC INDIA   ,A ,Q,83.45,83.45,81.50,82.10,82.10,84.10,1507,95131,7826909.00,
532525,BANK MAHA   ,A ,Q,17.60,18.10,17.45,17.70,17.70,17.85,2384,807707,14347295.00,
532527,RK FORGINGS ,A ,Q,827.00,827.00,775.00,782.60,782.60,829.45,2654,26752,21317633.00,
532528,DATAM GLOB  ,B ,Q,248.05,252.40,243.85,248.30,248.30,251.40,1043,18204,4513192.00,
532529,NDTV        ,B ,Q,165.55,167.85,157.00,158.65,158.65,167.85,1640,50176,8176057.00,
532531,STAR        ,A ,Q,317.00,319.40,309.75,317.90,319.40,319.55,1473,35791,11252920.00,
532532,JAIPRA      ,A ,Q,9.23,9.23,8.50,8.59,8.59,9.32,3308,2541286,22391308.00,
532538,ULTRATECH CM,A ,Q,6014.00,6014.00,5682.15,5698.95,5698.95,6050.15,12189,54850,316712971.00,
532539,MINDA IND   ,A ,Q,896.00,915.00,865.00,900.20,900.00,913.35,3702,33198,29747001.00,
532540,TCS LTD.    ,A ,Q,3469.00,3547.45,3351.00,3485.30,3485.30,3525.20,30715,244599,853605361.00,
532541,COFORGE     ,A ,Q,4575.00,4747.00,4488.05,4721.85,4716.00,4661.75,4305,24969,115702156.00,
532543,GULFPETRO   ,B ,Q,50.10,50.10,47.55,48.75,49.00,49.25,249,11728,571495.00,
532548,CENTURYPLY  ,A ,Q,589.15,597.30,564.85,588.75,589.00,589.75,2961,23874,13879703.00,
532553,WELENT      ,A ,Q,77.10,79.00,76.50,77.75,78.70,81.65,873,24598,1912929.00,
532555,NTPC LTD    ,A ,Q,129.00,130.50,126.85,130.00,130.00,130.25,7254,864276,111250685.00,
532604,SALSTEEL    ,B ,Q,10.61,10.99,10.38,10.44,10.58,10.92,225,51333,542703.00,
532605,JBM AUTO    ,B ,Q,395.10,403.75,395.10,395.10,395.10,415.85,648,14672,5807882.00,
532610,DWAR SUGAR  ,A ,Q,94.95,99.00,91.90,96.50,96.50,94.95,4026,576699,54620414.00,
532612,INDOCO REM  ,A ,Q,344.85,365.45,344.85,362.15,360.45,362.50,865,11820,4215821.00,
532613,VIPCLOTHNG  ,T ,Q,23.00,24.70,22.70,24.30,24.45,23.85,185,103994,2396248.00,
532614,IMPEX       ,T ,Q,1.48,1.48,1.48,1.48,1.48,1.48,6,16080,23798.00,
532616,XCHANGING   ,B ,Q,83.05,84.00,81.30,81.85,82.30,84.55,1417,56005,4612923.00,
532617,JETAIRWAYS  ,Z ,Q,85.20,85.20,85.20,85.20,85.20,81.15,139,13802,1175930.00,
532621,MORARJETEX  ,T ,Q,18.75,19.00,17.75,18.75,19.00,18.65,29,1931,35232.00,
532624,JINDALPH    ,B ,Q,313.55,317.05,300.00,313.55,316.50,313.90,94,892,279130.00,
532626,PONDY OXIDES,X ,Q,575.10,606.40,551.00,590.10,590.10,597.40,572,23009,13594249.00,
532627,JPPOWER     ,A ,Q,6.88,6.88,6.68,6.72,6.72,6.98,17495,10709952,72275031.00,
532628,3I INFOTECH ,B ,Q,53.50,55.00,50.75,55.00,55.00,52.40,1846,330182,17862365.00,
532629,MCNALLYB    ,T ,Q,5.74,5.74,5.41,5.41,5.41,5.69,197,101936,552040.00,
532630,GOKALDAS    ,B ,Q,376.00,376.00,357.90,362.85,360.00,377.80,1782,30127,10937662.00,
532633,ALLSEC TECH ,B ,Q,535.10,535.10,506.00,526.00,520.00,535.95,101,747,390216.00,
532636,IIFL        ,A ,Q,290.00,290.00,276.65,280.50,280.50,290.95,1890,49249,13894861.00,
532637,MAN DRUGORG ,B ,Q,114.75,114.75,108.00,111.15,111.05,112.05,191,3278,368160.00,
532638,SHOPPER STOP,A ,Q,350.50,350.50,326.60,341.10,339.20,349.70,844,13281,4458730.00,
532640,CYBER MEDIA ,T ,Q,38.00,38.00,34.40,38.00,38.00,36.20,270,97420,3686877.00,
532641,NDL         ,B ,Q,144.65,151.75,143.05,146.25,147.40,146.70,795,26670,3940060.00,
532642,JSWHL       ,A ,Q,3851.05,3857.25,3733.95,3822.50,3793.00,3920.00,89,178,680355.00,
532644,JK CEMENT   ,A ,Q,2624.00,2624.00,2313.20,2334.90,2341.00,2638.25,3506,15338,36841690.00,
532645,BEEYU OVERSE,XT,Q,3.78,3.78,3.78,3.78,3.78,3.60,70,44048,166501.00,
532648,YES BANK    ,A ,Q,12.75,12.77,12.59,12.67,12.67,12.82,31248,25849333,327519919.00,
532649,NECTAR LIFE ,B ,Q,26.15,26.15,25.10,25.35,25.45,26.35,302,22760,580892.00,
532650,MSP STEEL   ,B ,Q,13.35,13.35,11.15,11.56,11.53,12.04,450,131032,1534821.00,
532651,SPL INDS    ,B ,Q,49.65,49.65,47.00,47.60,48.90,48.40,115,3370,162412.00,
532652,KARNATAKA BK,A ,Q,57.35,57.35,55.30,55.55,55.65,57.35,1161,103172,5767959.00,
532654,MCLEOD RUSSE,B ,Q,21.85,23.50,21.50,22.80,22.85,23.00,833,179362,4071651.00,
532656,FACOR ALLOYS,X ,Q,8.10,8.10,7.73,7.97,7.97,8.13,679,365381,2868238.00,
532659,IDFC        ,A ,Q,54.20,54.35,52.10,53.25,53.20,55.35,5021,1037285,55160322.00,
532660,VIVIMED LABS,B ,Q,17.35,17.60,16.70,17.25,17.40,17.55,198,21533,369345.00,
532661,RANE MADRAS ,B ,Q,325.05,327.20,319.00,324.35,324.00,329.60,167,1277,413599.00,
532662,HT MEDIA    ,B ,Q,29.65,30.45,28.85,29.50,29.50,30.00,1056,139953,4137254.00,
532663,SASKEN      ,A ,Q,891.10,965.25,885.00,913.00,904.10,900.90,1485,8387,7715336.00,
532665,RAJVIR IND  ,Z ,Q,9.37,9.37,8.59,8.59,8.59,9.04,3,210,1811.00,
532666,FCS SOFTWARE,T ,Q,3.49,3.58,3.29,3.45,3.46,3.46,2173,1657920,5677608.00,
532667,SUZLONENERGY,A ,Q,9.85,9.85,9.65,9.65,9.65,10.15,13504,16289937,157712870.00,
532668,AURIONPRO SO,B ,Q,312.00,312.00,286.00,286.95,287.40,301.00,505,4978,1448151.00,
532670,RENUKA SUGAR,A ,Q,32.65,34.50,31.10,34.15,34.15,33.35,6593,2460183,80828546.00,
532673,KM SUGARMILL,B ,Q,28.60,28.70,27.40,28.55,28.40,28.50,474,66673,1863160.00,
532674,BANNARI AMMA,B ,Q,69.40,69.85,67.00,68.50,68.50,71.55,494,16745,1149713.00,
532676,PBA INFRASTR,B ,Q,11.48,12.00,11.40,11.82,11.82,12.00,39,3137,36048.00,
532678,BOMBAY RAYON,B ,Q,7.05,7.28,6.65,7.08,7.20,6.96,309,223494,1535428.00,
532679,SORILINFRA  ,B ,Q,78.80,78.80,75.95,76.85,76.85,79.90,119,5562,424753.00,
532683,AIAENGINEER ,A ,Q,1531.60,1596.00,1476.00,1588.15,1595.00,1546.65,1149,3150,4837805.00,
532684,EVEREST KANT,B ,Q,198.40,210.15,193.50,203.85,203.85,201.95,2550,125896,25584804.00,
532686,KERNEX MICRO,T ,Q,133.20,133.20,133.20,133.20,133.20,126.90,12,815,108558.00,
532687,REPRO INDIA ,B ,Q,474.25,474.25,405.20,407.50,407.50,436.00,166,1636,682908.00,
532689,PVR LTD     ,A ,Q,1550.75,1550.75,1484.40,1499.10,1512.85,1565.85,8094,156293,239324485.00,
532692,RADHA MADHAV,Z ,Q,2.93,2.93,2.80,2.84,2.84,2.93,29,11454,32777.00,
532693,PUNJ LLOYD  ,Z ,Q,2.90,2.90,2.66,2.69,2.68,2.79,114,133871,364294.00,
532694,BARTRONICSIN,Z ,Q,6.10,6.10,5.75,5.95,5.95,6.00,62,5883,35025.00,
532695,CELEBRITYFAS,T ,Q,14.16,14.16,14.15,14.15,14.15,14.89,10,780,11039.00,
532696,EDUCOMP SOLN,Z ,Q,4.98,4.98,4.54,4.60,4.67,4.77,122,84158,393086.00,
532698,NITINSPINNER,B ,Q,254.00,254.00,245.60,246.35,246.35,258.50,931,21371,5281393.00,
532699,ROYALORCH   ,B ,Q,93.35,94.90,91.10,93.00,94.75,95.00,267,7543,702005.00,
532700,ENT NETWORK ,B ,Q,176.60,185.00,176.05,181.00,181.45,185.45,179,2946,531256.00,
532701,CELLA       ,Z ,Q,4.57,5.00,4.57,5.00,5.00,4.81,7,10292,49353.00,
532702,GUJ PETRONET,A ,Q,275.25,275.70,261.10,264.60,265.80,280.55,1944,45247,12151909.00,
532705,JAGRAN PRAK ,B ,Q,65.00,65.00,63.00,64.45,64.85,65.55,550,19299,1238864.00,
532706,INOX LEISURE,A ,Q,405.85,405.85,388.30,391.50,391.50,407.65,3609,77081,30272522.00,
532707,DYNEMIC PRO ,B ,Q,545.00,548.20,532.20,536.55,532.55,559.05,400,4146,2233868.00,
532710,SADBHAV ENGG,A ,Q,30.45,30.50,29.30,29.75,29.75,30.70,990,126612,3785423.00,
532712,REL COM LTD ,T ,Q,2.93,2.95,2.84,2.88,2.88,2.92,1557,1232171,3541704.00,
532713,SAKUMA EXPO ,B ,Q,11.30,12.65,10.65,12.04,11.91,11.55,618,216733,2586462.00,
532714,KEC INTERN  ,A ,Q,428.00,434.70,410.75,417.40,417.25,444.70,2514,95319,39825157.00,
532716,GILLA ARBUT ,B ,Q,58.15,61.85,58.15,60.60,60.60,63.65,66,1341,81086.00,
532717,INDOTECHTR  ,B ,Q,216.05,216.05,212.40,212.40,212.50,222.10,23,473,101469.00,
532719,BL KASHYAP  ,B ,Q,22.15,22.15,21.25,21.25,21.25,22.35,185,41049,873523.00,
532720,M&M FINANSER,A ,Q,137.80,137.80,127.95,130.65,130.65,138.45,5238,478085,62564059.00,
532721,VISA STEEL  ,B ,Q,16.00,16.00,14.85,15.04,15.00,15.50,35,3693,55899.00,
532722,NITCO TILES ,B ,Q,25.35,25.35,23.45,23.45,23.45,24.65,274,32572,769391.00,
532723,MPDL        ,XT,Q,18.95,18.95,18.95,18.95,18.95,18.10,7,231,4377.00,
532725,SOLAR IND   ,A ,Q,2200.00,2282.90,2200.00,2241.70,2242.15,2280.20,556,2244,5042015.00,
532726,GALLAN METAL,B ,Q,62.00,62.90,60.20,61.70,61.20,62.90,352,6688,414139.00,
532728,MALU PAPER  ,B ,Q,28.00,29.25,28.00,29.25,29.25,30.20,85,1585,45313.00,
532729,UTTAM SUGAR ,B ,Q,197.00,207.15,195.00,205.20,206.40,199.75,1127,22781,4586530.00,
532730,STL GLOBAL  ,B ,Q,26.25,26.50,24.45,25.95,26.45,25.45,98,12246,315624.00,
532731,ROHIT FERRO ,T ,Q,29.90,30.15,28.00,28.90,30.10,28.75,268,33427,980502.00,
532732,KEWAL KIRAN ,B ,Q,203.90,203.90,197.10,199.10,199.15,203.90,531,9800,1950835.00,
532733,SUN TVNET   ,A ,Q,437.20,440.75,425.00,437.65,437.65,437.50,4430,227514,98204542.00,
532734,GODAWARI POW,A ,Q,354.00,359.60,342.00,346.40,346.40,355.05,3825,121378,42492796.00,
532735,RSYSTEMINT  ,B ,Q,227.80,227.80,215.05,223.90,226.00,222.70,817,9848,2189387.00,
532737,EMKAY GLOB F,B ,Q,95.75,97.20,91.90,93.55,93.80,101.25,449,9638,909378.00,
532738,TANTIA CONS ,Z ,Q,17.00,18.10,16.85,17.70,17.70,17.70,78,23106,395681.00,
532740,LOKESH MACH ,B ,Q,73.15,75.10,71.05,73.40,73.35,73.90,262,5290,383678.00,
532741,KAMDHENU    ,B ,Q,195.00,195.00,185.50,187.45,187.00,195.05,227,2843,536657.00,
532742,PAUSHAK LTD ,A ,Q,8906.00,8950.00,8655.00,8854.05,8854.05,8908.35,272,998,8802692.00,
532744,GTN TEXTILE ,XT,Q,17.72,17.72,16.06,17.19,16.10,16.90,66,9559,161789.00,
532745,INDICAP     ,X ,Q,29.50,30.50,29.05,30.00,30.05,30.50,70,1810,54380.00,
532748,PRIME FOCUS ,B ,Q,72.35,72.35,71.00,71.00,71.00,74.15,99,2137,152413.00,
532749,ALLCARGO    ,A ,Q,312.50,312.50,290.45,301.45,303.35,316.00,4428,91720,27375750.00,
532754,GMR INFRASTR,A ,Q,36.90,36.90,35.80,36.35,36.35,37.25,1952,919900,33353925.00,
532755,TECH MAH    ,A ,Q,1422.00,1464.00,1411.20,1424.25,1424.25,1453.60,16843,248251,356802678.00,
532756,MAHINDCIE   ,A ,Q,186.90,186.90,179.25,180.75,180.00,185.20,688,15027,2728953.00,
532757,VOLTAMP TRAN,B ,Q,1859.50,1876.60,1782.00,1797.15,1806.00,1863.10,137,317,585015.00,
532759,ATLANTA     ,T ,Q,19.00,19.35,18.90,18.90,18.90,19.30,27,6111,115676.00,
532760,DEEPENR     ,B ,Q,39.00,39.30,38.10,39.20,38.65,40.20,139,3817,148380.00,
532761,HOV SERVICES,B ,Q,49.10,49.15,46.00,46.90,46.55,47.80,85,2480,116745.00,
532762,ACTION CONST,A ,Q,221.00,221.00,206.00,208.80,208.50,214.60,1244,39810,8294367.00,
532764,GEECEE      ,B ,Q,163.15,163.15,152.40,155.40,156.00,163.30,710,11725,1846850.00,
532766,RICHA IND   ,Z ,Q,4.18,4.36,3.98,3.98,3.98,4.18,77,17593,71866.00,
532767,GAYATRI PROJ,B ,Q,21.40,22.10,21.30,21.70,21.70,21.95,1189,142306,3077577.00,
532768,FIEM INDS   ,B ,Q,963.00,969.65,920.00,950.85,950.00,983.10,1390,7966,7525543.00,
532771,JHS SVEN    ,B ,Q,22.15,22.20,21.35,21.70,21.70,22.20,131,26247,575089.00,
532772,DCBBANK     ,A ,Q,70.00,71.30,68.50,68.85,69.20,70.50,1860,106942,7414834.00,
532773,GLOBAL VECT ,T ,Q,48.10,48.10,46.00,46.00,46.00,48.40,57,2473,113876.00,
532774,INSPIRISYS  ,T ,Q,66.25,66.25,66.25,66.25,66.25,69.70,2,6,397.00,
532775,GTL INFRAST ,B ,Q,1.66,1.71,1.65,1.66,1.66,1.69,10264,20158341,33727548.00,
532776,SHIVAM AUTO ,B ,Q,21.90,22.90,21.85,21.85,21.85,23.00,311,55298,1222330.00,
532777,INFO EDGE   ,A ,Q,4318.50,4354.35,4210.00,4285.15,4285.15,4341.50,9229,35930,153909363.00,
532779,TORNT POWER ,A ,Q,466.70,473.35,456.75,465.95,467.00,469.40,1412,37351,17359882.00,
532780,PARSVNATH   ,T ,Q,14.98,14.98,13.96,14.06,14.10,14.69,87,27494,386854.00,
532782,SUTLEJ TEXT ,B ,Q,71.90,71.90,68.40,69.05,69.05,70.45,193,12685,883409.00,
532783,DAAWAT      ,A ,Q,63.20,68.25,63.20,65.50,65.80,66.80,4121,451722,30220211.00,
532784,SOBHA       ,A ,Q,735.00,735.00,700.00,701.50,709.85,743.90,1833,27981,19700546.00,
532785,RUCHIRA PAP ,B ,Q,75.20,78.25,72.55,76.55,77.60,77.30,360,10165,775944.00,
532790,TANLA       ,A ,Q,1440.00,1460.40,1410.00,1418.10,1418.10,1496.10,3606,25748,36874053.00,
532794,ZEEMEDIA    ,B ,Q,14.30,14.30,13.67,13.68,13.68,14.38,1675,1728892,23738775.00,
532795,SITINET     ,T ,Q,2.82,2.99,2.82,2.82,2.82,2.96,923,1120077,3185202.00,
532796,LUMAX TECH  ,B ,Q,182.80,182.80,158.75,162.90,163.00,164.85,512,7218,1172022.00,
532797,AUTOIND     ,T ,Q,51.10,52.65,50.65,50.65,50.65,53.30,101,5751,293704.00,
532798,NTWK MED INV,A ,Q,76.80,76.80,73.60,73.65,73.65,77.45,691,50999,3789110.00,
532799,HUBTOWN     ,T ,Q,48.60,48.60,47.25,47.25,47.25,49.70,109,22234,1052610.00,
532800,TV18BRDCST  ,A ,Q,59.00,59.75,56.70,57.95,57.95,60.70,7861,1742323,101494931.00,
532801,CAMBRIDGE   ,T ,Q,62.25,63.45,60.00,60.90,62.00,63.15,50,3705,227703.00,
532804,TECHNOCRAFT ,B ,Q,806.60,818.85,787.30,811.90,816.00,822.55,103,420,336766.00,
532805,REDINGTON   ,A ,Q,150.10,151.60,146.05,147.45,147.40,154.45,3570,250399,37081791.00,
532806,AI CHAMPDNY ,XT,Q,19.25,19.25,19.25,19.25,19.25,19.25,2,9,173.00,
532807,CINELINE    ,B ,Q,86.25,91.40,86.25,88.35,88.05,91.00,193,6770,604678.00,
532808,PGIL        ,B ,Q,390.05,400.00,374.05,379.40,381.85,395.10,104,555,213849.00,
532809,FSL         ,A ,Q,123.00,127.40,122.10,126.80,127.00,126.70,4070,431283,54131895.00,
532810,POWER FINAN ,A ,Q,108.75,108.75,104.30,106.05,106.05,109.05,8046,670281,70817553.00,
532811,AHLUWALIA CO,A ,Q,382.75,386.40,370.00,374.25,378.70,398.00,287,1917,723339.00,
532812,TRANSWARRANT,B ,Q,9.30,9.71,8.84,8.84,8.84,9.30,10,20680,191781.00,
532813,C & C CONSTR,Z ,Q,4.50,4.50,4.30,4.48,4.48,4.32,8,2894,12982.00,
532814,INDIAN BANK ,A ,Q,139.10,139.10,131.45,132.55,132.55,142.10,5157,251430,33763053.00,
532815,SMS PHARMACE,B ,Q,94.00,95.35,92.60,93.00,92.60,95.40,134,1936,180568.00,
532817,ORIENTAL    ,T ,Q,11.47,12.00,11.26,11.75,11.26,11.82,60,9448,110236.00,
532819,MINDTREE LTD,A ,Q,3780.05,3886.80,3772.60,3859.55,3859.55,3889.10,7586,57211,219333083.00,
532822,IDEA        ,A ,Q,10.03,10.15,9.35,9.58,9.58,10.33,67884,88212553,863050339.00,
532826,RAJ TELE    ,T ,Q,43.30,43.30,39.45,42.00,42.00,41.35,11,715,29412.00,
532827,PAGE INDUSTR,A ,Q,40555.00,40555.00,39635.00,39892.55,39845.80,41172.50,765,1699,67919321.00,
532828,AMD INDUS   ,B ,Q,44.25,46.20,42.35,43.65,43.20,45.30,145,4843,213592.00,
532829,LEHAR       ,X ,Q,34.10,35.45,33.50,34.05,34.05,36.45,86,9631,330198.00,
532830,ASTRAL      ,A ,Q,1809.00,1852.80,1785.90,1827.70,1832.00,1849.55,6938,30531,55423703.00,
532832,INDBUL REAL ,A ,Q,101.20,103.55,98.40,99.20,99.20,106.60,7114,1191067,119191820.00,
532834,CAMLINFINE  ,A ,Q,138.10,142.00,134.65,138.95,138.95,140.25,1896,66948,9303824.00,
532835,ICRA        ,A ,Q,3696.85,3750.00,3650.00,3684.90,3682.10,3728.75,79,179,661231.00,
532839,DISH TV     ,A ,Q,14.80,14.80,13.70,14.10,13.95,14.50,972,7349258,103015436.00,
532841,SAHYA INDU  ,X ,Q,474.00,474.00,441.00,447.15,450.00,477.05,264,6178,2796209.00,
532842,SREE RAYALA ,B ,Q,400.00,407.00,392.95,396.95,400.75,406.90,484,3581,1431527.00,
532843,FORTIS      ,A ,Q,259.00,259.00,251.00,256.55,256.55,263.60,2767,99214,25280441.00,
532845,TGBHOTELS   ,B ,Q,8.49,8.49,8.07,8.07,8.07,8.49,26,13193,106672.00,
532847,HILTON MET  ,B ,Q,26.00,26.80,25.55,25.70,26.60,26.85,68,7828,201191.00,
532848,DELTA CORP  ,A ,Q,250.50,254.55,244.00,250.95,250.95,258.75,7756,427781,106400894.00,
532850,MIC ELECTRON,T ,Q,18.60,18.60,17.55,17.55,17.55,18.45,169,22098,389504.00,
532851,INSECTCID   ,B ,Q,650.00,663.10,624.95,635.70,635.70,649.20,131,851,545048.00,
532852,MCD HOLDING ,Z ,Q,100.10,102.10,100.10,100.10,100.10,105.35,39,6124,613156.00,
532853,ASAHI SONG  ,B ,Q,262.05,271.30,260.00,260.90,263.05,270.55,100,622,164211.00,
532855,HARYA CAPFIN,X ,Q,52.95,54.00,52.95,54.00,54.00,54.00,5,203,10959.00,
532856,TIME TECHNO ,A ,Q,69.10,70.95,68.10,68.65,68.65,72.45,1943,195528,13693450.00,
532859,HGSL        ,A ,Q,1160.00,1160.00,1121.05,1126.55,1130.20,1170.95,1057,6267,7087322.00,
532864,NELCAST     ,B ,Q,66.05,66.05,59.00,61.05,60.95,66.75,1606,69579,4294225.00,
532866,QUINTEGRA SO,T ,Q,1.90,2.10,1.90,2.00,2.00,2.00,41,43724,87655.00,
532867,V2RETAIL    ,B ,Q,142.05,148.45,142.05,145.80,146.00,150.50,63,4490,650170.00,
532868,DLF LIMITED ,A ,Q,324.00,324.00,306.00,313.65,313.65,327.55,8985,638168,199631518.00,
532869,TARMAT      ,B ,Q,55.00,56.80,50.20,54.60,54.85,58.10,170,9187,500022.00,
532870,ANKIT METAL ,T ,Q,7.75,8.28,7.75,7.82,7.75,8.14,149,57928,454240.00,
532872,SUNPHA ADV  ,A ,Q,264.00,264.00,249.65,260.60,258.65,264.35,2798,149458,38664582.00,
532873,HOUSING DEV ,Z ,Q,4.99,4.99,4.99,4.99,4.99,4.76,221,392216,1957157.00,
532874,SURYACHAKRA ,Z ,Q,0.90,0.96,0.90,0.96,0.96,0.92,68,76497,73075.00,
532875,ALLIED DIGIT,B ,Q,100.95,104.50,99.20,102.15,102.15,103.00,1034,41345,4159660.00,
532878,ALPA LAB    ,B ,Q,70.50,70.50,65.05,67.25,67.55,70.40,276,11104,749234.00,
532879,SIR SHADI LA,X ,Q,192.00,196.90,171.00,183.80,184.95,189.60,62,1437,262051.00,
532880,OMAXE LTD   ,B ,Q,86.55,87.90,85.30,86.50,85.55,90.25,379,22642,1958702.00,
532884,REFEX       ,B ,Q,124.00,124.00,116.00,119.15,119.90,122.95,601,12570,1494086.00,
532885,CENTRAL BK  ,A ,Q,18.00,18.05,17.50,17.80,17.90,18.25,2731,912286,16203149.00,
532886,SEL MANUF   ,B ,Q,215.85,215.85,215.85,215.85,215.85,205.60,5,33,7123.00,
532888,ASIAN GRANIT,B ,Q,99.95,101.45,97.40,100.55,101.15,101.45,889,23770,2353309.00,
532889,K.P.R. MILL ,A ,Q,601.00,615.20,582.00,594.40,594.40,627.00,4575,49288,29335448.00,
532890,TAKE SOLUT  ,B ,Q,26.55,27.00,25.10,25.65,25.75,27.30,2245,229536,5938606.00,
532891,PURAVANKARA ,B ,Q,103.80,109.20,103.55,107.00,107.50,109.25,782,18740,1974688.00,
532892,MOTILALOFS  ,A ,Q,868.80,868.80,812.30,855.00,849.60,849.95,781,7929,6576568.00,
532893,VTM LTD     ,X ,Q,47.00,47.00,44.00,45.50,45.50,46.40,49,3826,171658.00,
532894,IWIND ENERGY,T ,Q,17.15,17.97,16.45,17.95,17.95,17.12,746,120075,2093913.00,
532895,NAGREKA CAP ,B ,Q,12.09,12.09,10.97,10.99,10.97,11.54,11,2403,26604.00,
532896,MAGNUM VENT ,B ,Q,9.67,10.23,9.49,9.64,9.50,9.98,66,39214,375094.00,
532898,POWER GRID  ,A ,Q,211.95,215.25,208.85,213.10,213.10,214.95,5109,447187,94898186.00,
532899,KAVERI SEED ,A ,Q,487.00,507.65,468.00,499.00,499.00,488.40,2065,30562,15022394.00,
532900,PAISALO     ,A ,Q,610.30,618.75,603.90,610.65,610.30,638.25,111,706,430507.00,
532902,CONSOL CONST,T ,Q,2.65,2.70,2.47,2.52,2.55,2.60,818,751332,1887994.00,
532904,SUPREME INFR,T ,Q,16.70,16.70,16.70,16.70,16.70,15.95,1,5,83.00,
532906,MAANALU     ,B ,Q,135.10,152.00,134.00,144.35,143.10,140.70,885,24290,3572596.00,
532907,ILFSENGG    ,Z ,Q,15.30,15.35,14.51,15.15,15.25,14.62,158,50720,771440.00,
532911,PARLEIND    ,X ,Q,9.20,9.20,8.21,8.53,8.53,8.75,920,104212,896610.00,
532915,RELIGARE ENT,A ,Q,120.00,120.65,116.50,117.15,119.80,120.70,2116,93533,11083243.00,
532916,BARAK VALL  ,T ,Q,23.50,23.50,23.50,23.50,23.50,22.90,4,10,235.00,
532918,RATHI BARS  ,X ,Q,31.25,32.00,30.25,31.40,31.80,31.65,119,8044,249542.00,
532921,ADANI PORTS ,A ,Q,690.00,690.05,664.00,677.15,677.15,699.55,13289,538227,363733921.00,
532922,EDELWEISS   ,A ,Q,51.90,52.20,50.40,50.80,51.00,53.10,4864,571221,29230968.00,
532923,RGL         ,B ,Q,800.00,820.50,776.95,778.50,781.45,816.15,481,7494,5972641.00,
532924,KOLTEPATIL  ,A ,Q,263.60,265.30,252.25,260.85,260.85,269.85,1361,31623,8204242.00,
532925,KAUSHAL INFR,T ,Q,3.12,3.40,3.12,3.20,3.15,3.25,30,18957,60495.00,
532926,JYOTHYLAB   ,A ,Q,139.15,140.60,136.80,139.45,139.45,140.25,1425,102135,14107359.00,
532927,ECLERX      ,A ,Q,2125.00,2381.00,2125.00,2322.25,2295.85,2245.15,2411,9486,21996040.00,
532928,TRIL        ,B ,Q,33.25,33.25,32.15,32.65,32.95,33.80,577,37717,1237981.00,
532929,BRIGADE     ,A ,Q,471.90,474.20,431.20,436.00,436.00,478.05,1430,22834,10263216.00,
532930,BGR ENERGY  ,B ,Q,74.00,74.00,70.95,72.15,72.55,74.30,588,16378,1184482.00,
532931,BURNPUR     ,T ,Q,6.30,6.50,6.15,6.38,6.39,6.47,403,121233,752451.00,
532932,MANAKSIA LTD,B ,Q,71.80,73.80,68.00,69.45,69.70,72.50,370,16412,1152036.00,
532933,PORWAL AUTO ,X ,Q,20.45,21.60,17.45,18.35,18.35,20.40,239,37669,701525.00,
532934,PPAP        ,B ,Q,202.60,204.90,196.55,200.40,201.25,207.00,237,9782,1967622.00,
532935,ARIES AGRO  ,B ,Q,124.80,127.20,121.40,124.20,125.00,126.25,274,3794,472130.00,
532937,KUANTUM     ,B ,Q,66.50,67.00,65.70,65.90,65.70,68.40,16,147,9766.00,
532939,RPOWER      ,A ,Q,12.45,12.88,12.41,12.64,12.64,12.88,9063,5728545,72140705.00,
532940,J KUMAR INFR,A ,Q,158.75,158.75,154.70,156.15,157.00,161.75,509,10844,1693642.00,
532941,CORDS CABLE ,B ,Q,50.40,50.80,49.40,49.90,49.85,50.80,230,4189,209432.00,
532942,KNR CONST   ,A ,Q,306.65,307.50,283.00,286.45,290.00,306.60,3822,96472,28471418.00,
532944,ONMOBILE    ,A ,Q,109.95,112.90,108.00,109.40,109.00,112.50,1691,134180,14836673.00,
532945,SHRIRAM EPC ,B ,Q,7.50,8.00,7.35,7.68,7.68,7.74,250,152408,1183523.00,
532946,BANG        ,B ,Q,32.10,34.90,31.65,31.75,31.75,34.45,125,4401,145433.00,
532947,IRB INFRA   ,A ,Q,210.10,214.45,210.10,210.10,210.10,221.15,1060,132004,27796313.00,
532951,GSS INFOTECH,T ,Q,96.40,96.40,92.90,96.00,96.00,96.95,19,943,88902.00,
532952,NAHAR CAP   ,B ,Q,472.80,506.00,461.30,492.75,496.00,484.80,800,4124,1992081.00,
532953,V GUARD IND ,A ,Q,208.00,208.00,201.00,204.90,204.90,208.60,723,13483,2750747.00,
532955,RECLTD      ,A ,Q,123.65,123.65,119.20,120.50,120.50,123.50,2614,302442,36424338.00,
532957,GOKAK TEXTI ,XT,Q,25.35,25.50,25.35,25.50,25.50,26.65,9,1160,29505.00,
532959,AJRINFRA    ,T ,Q,2.30,2.32,2.13,2.14,2.14,2.24,710,706047,1564157.00,
532960,DHANI       ,A ,Q,68.40,72.70,68.40,69.35,69.35,74.60,8574,1672083,116651622.00,
532966,TITAGARH WAG,B ,Q,85.55,93.00,82.40,86.65,86.30,85.20,2685,188060,16380643.00,
532967,KIRI DYES   ,A ,Q,434.00,448.95,434.00,445.05,444.00,457.75,879,13249,5881795.00,
532972,SANKHYA INFO,XT,Q,8.13,8.13,7.75,8.00,8.00,8.15,146,22243,177475.00,
532974,ABML        ,B ,Q,55.00,57.85,55.00,55.90,56.00,57.95,623,23106,1295470.00,
532975,AISHWARYA   ,Z ,Q,4.09,4.09,4.08,4.08,4.08,4.09,4,1550,6324.00,
532976,JAIBALA IND ,B ,Q,46.00,46.00,42.60,44.90,45.00,46.35,86,569,25290.00,
532977,BAJAJ AUTO  ,A ,Q,3200.00,3275.00,3125.80,3231.10,3200.00,3242.30,4367,23847,75791502.00,
532978,BAJAJ FINSE ,A ,Q,15102.00,15102.00,14290.00,14368.20,14368.20,15329.95,8210,23863,346849094.00,
532980,GOKUL REFOIL,B ,Q,31.50,32.15,31.10,31.40,31.55,32.15,196,5323,167776.00,
532983,RPG LIFESCI ,B ,Q,490.35,501.00,471.90,495.35,498.50,496.95,197,1769,860609.00,
532985,KOTAK SENSEX,B ,Q,583.20,583.20,550.00,553.73,550.01,571.74,97,2505,1392646.00,
532986,NIRAJ CEMENT,B ,Q,30.00,30.00,27.80,28.95,28.95,28.45,156,6322,181000.00,
532987,RANE BRAKE  ,B ,Q,603.00,603.00,581.10,599.30,585.25,602.20,99,838,496939.00,
532988,RANE ENGVL  ,B ,Q,260.00,260.00,250.60,250.60,250.60,260.35,141,2236,572937.00,
532989,BAFNA PHARMA,B ,Q,117.90,121.40,117.90,118.10,118.00,124.00,16,217,25797.00,
532992,CHL LTD     ,X ,Q,13.80,13.85,13.80,13.85,13.85,14.48,3,31,429.00,
532993,SEJAL       ,T ,Q,195.30,195.30,195.30,195.30,195.30,186.00,1,1,195.00,
532994,ARCHIDPLY IN,B ,Q,41.00,41.60,40.05,40.05,40.05,42.15,80,7830,316123.00,
532998,LEHIL       ,T ,Q,58.00,58.00,56.90,56.90,56.90,59.85,10,343,19518.00,
533001,SOMI CONVEY ,B ,Q,37.00,37.25,36.00,36.00,36.00,38.00,12,35,1282.00,
533007,LGB FORGE   ,T ,Q,11.90,11.90,10.92,11.14,11.14,11.49,118,87336,967614.00,
533012,LANDMRK PRO ,T ,Q,8.17,8.36,7.62,7.65,7.62,8.02,98,24443,188120.00,
533014,SICAGEN IND ,XT,Q,23.25,23.25,21.70,22.50,22.50,22.75,71,10545,235983.00,
533018,SIMPLEX MIL ,X ,Q,30.25,30.30,30.25,30.30,30.30,28.90,3,120,3633.00,
533019,SIMPLEX PAP ,XT,Q,48.10,48.10,48.10,48.10,48.10,45.85,67,5112,245887.00,
533022,20 MICRONS  ,B ,Q,68.60,70.90,68.50,70.10,69.95,71.85,833,21461,1494751.00,
533023,WABCO       ,A ,Q,7272.10,7381.05,6932.70,7025.55,6997.00,7355.05,194,279,1998454.00,
533029,ALKALI      ,T ,Q,78.00,79.45,76.55,76.65,76.65,80.55,109,5885,452520.00,
533033,ISGEC       ,A ,Q,536.00,568.15,525.00,551.00,564.20,562.85,1796,20161,10823537.00,
533047,INDIAN MET  ,B ,Q,350.00,361.20,342.90,352.55,353.00,357.70,1676,13207,4665267.00,
533048,GI ENGINERG ,T ,Q,4.62,4.85,4.62,4.85,4.85,4.62,14,20616,99872.00,
533056,VEDAVAAG    ,X ,Q,61.00,62.50,58.30,58.55,59.05,62.10,479,61347,3666735.00,
533080,MOLDTKPACK  ,A ,Q,681.85,681.85,654.20,662.50,662.50,681.85,2050,10846,7176491.00,
533088,MAH HOLIDAY ,A ,Q,205.00,205.00,198.50,199.45,200.20,206.10,1166,22775,4589208.00,
533090,EXCEL       ,T ,Q,7.02,7.30,7.02,7.02,7.02,7.38,72,57342,402792.00,
533093,RAJ OIL     ,B ,Q,80.00,80.65,75.00,80.55,80.55,73.35,1138,76040,6031665.00,
533095,BENGLA& ASM ,B ,Q,2380.05,2440.00,2311.00,2410.85,2410.00,2470.95,121,898,2149600.00,
533096,ADANI POWER ,A ,Q,116.25,118.20,115.50,116.40,116.40,121.00,25310,3838565,447796006.00,
533098,NHPC        ,A ,Q,28.00,28.85,27.65,28.65,28.65,28.05,2839,495624,14047315.00,
533101,SURYAMBA SP ,X ,Q,200.00,208.90,200.00,202.10,202.10,209.00,32,1878,383067.00,
533103,JINDALCOTEX ,T ,Q,4.14,4.14,3.94,3.94,3.94,4.14,10,1912,7533.00,
533104,GLOBUS SPR  ,B ,Q,1378.00,1378.00,1276.25,1291.90,1311.70,1377.30,2718,58346,77210598.00,
533106,OIL INDIA   ,A ,Q,249.00,257.40,245.50,249.50,249.50,244.65,9264,489284,121946681.00,
533107,RNAVAL      ,Z ,Q,3.70,3.70,3.46,3.46,3.46,3.64,259,498275,1750931.00,
533108,BHILWRA TEC ,X ,Q,17.90,18.40,17.10,17.70,17.50,17.90,135,10042,175894.00,
533110,SH PRECOTED ,XT,Q,30.50,31.60,28.70,28.70,31.30,30.15,43,2640,79769.00,
533121,EXPLEOSOL   ,B ,Q,1373.25,1373.25,1309.05,1354.05,1365.85,1366.95,429,1151,1539465.00,
533122,RTNPOWER    ,T ,Q,5.46,5.46,5.16,5.16,5.16,5.43,2251,3067120,15886717.00,
533137,DEN NETWORK ,B ,Q,37.65,37.65,36.65,36.80,36.80,38.25,1678,237065,8796131.00,
533138,ASTEC LIFE  ,A ,Q,1439.80,1484.40,1439.80,1476.95,1475.90,1500.15,531,2227,3263890.00,
533146,DLINK IND   ,B ,Q,141.55,141.55,132.60,136.70,135.45,141.45,1217,42085,5717404.00,
533148,JSW ENERGY  ,T ,Q,320.80,321.00,313.00,313.05,313.75,329.45,1719,44082,13848111.00,
533149,ESSAR SECU  ,XT,Q,5.52,6.05,5.50,5.89,6.05,5.78,171,43083,252405.00,
533150,GODREJ PROP ,A ,Q,1451.00,1451.00,1350.35,1374.70,1374.70,1466.25,7658,91845,127720882.00,
533151,D B CORP    ,B ,Q,84.25,84.45,82.60,83.35,83.85,84.25,502,8128,679453.00,
533152,MBL INFRA   ,B ,Q,26.00,26.00,25.20,25.25,25.35,26.35,283,45747,1161977.00,
533155,JUBL FOOD   ,A ,Q,2567.00,2580.00,2475.30,2553.20,2553.20,2628.95,20679,138605,349128109.00,
533156,VASCON ENG  ,B ,Q,23.25,23.35,22.50,23.00,23.10,23.40,528,58138,1332006.00,
533158,THANGAMAYIL ,B ,Q,1230.20,1248.40,1171.70,1182.25,1180.20,1228.15,115,439,534742.00,
533160,D B REALTY  ,T ,Q,109.40,109.40,104.55,104.55,104.55,110.05,358,97474,10495304.00,
533161,EMMBI       ,B ,Q,88.75,89.50,86.00,86.65,87.50,88.95,251,4000,348893.00,
533162,HATHWAY CAB ,A ,Q,17.90,18.05,17.60,17.80,17.80,18.20,4110,1265357,22508698.00,
533163,ARSS INFRA  ,T ,Q,26.95,27.55,26.45,26.60,26.60,27.80,18,1992,52999.00,
533164,TEXMO PIPES ,B ,Q,75.00,75.00,69.45,70.75,70.85,74.60,885,29993,2128732.00,
533166,SUNDARAMMUL ,T ,Q,3.80,3.80,3.56,3.59,3.56,3.74,145,118495,428039.00,
533167,CORO ENGG   ,X ,Q,35.80,35.80,33.75,34.25,34.25,35.50,21,16467,582744.00,
533168,ROSSELL IND ,B ,Q,140.30,143.95,136.05,137.70,138.25,140.85,206,5912,823876.00,
533169,MAN INFRA   ,A ,Q,96.00,96.75,91.50,94.35,95.80,97.40,1292,73568,6998702.00,
533170,TAMBOLI CAP ,X ,Q,68.95,68.95,67.85,67.85,67.85,66.00,3,70,4760.00,
533172,IVZINGOLD   ,E ,Q,4770.00,4946.00,4755.00,4860.55,4946.00,4673.00,51,153,741095.00,
533177,IL&FS TRANS ,Z ,Q,5.30,5.30,4.85,4.85,4.85,5.10,27,32495,158593.00,
533179,PERSISTENT  ,A ,Q,3955.00,4187.90,3955.00,4139.25,4139.25,4068.55,2962,13856,56802500.00,
533181,INTRASOFT   ,B ,Q,210.35,210.70,192.80,206.65,205.70,210.35,137,2963,605773.00,
533189,GOENKA DIAM ,Z ,Q,3.05,3.05,2.82,2.98,3.00,2.92,572,304356,903923.00,
533192,KCP SUGAR IN,B ,Q,23.30,24.25,23.00,23.90,23.80,24.35,797,101124,2392696.00,
533193,KIRLOSKAR EL,B ,Q,21.00,21.10,20.60,20.75,20.65,21.60,125,16053,333975.00,
533202,NEH         ,X ,Q,3.43,3.43,3.26,3.28,3.28,3.43,178,121539,400130.00,
533203,TARAPUR TRA ,T ,Q,4.60,4.60,4.37,4.55,4.55,4.60,13,3769,16837.00,
533206,SJVN        ,A ,Q,28.55,28.60,27.80,28.05,28.05,28.65,4107,666526,18746900.00,
533207,JPINFRATEC  ,B ,Q,2.95,3.01,2.90,2.92,2.92,3.05,1689,1336649,3917125.00,
533208,EMAMI PAPER ,B ,Q,129.35,131.00,128.20,129.20,129.80,131.45,221,7609,987248.00,
533210,KRITI NUTRI ,X ,Q,46.70,46.70,44.30,45.05,45.05,46.00,638,57609,2618220.00,
533212,GKB OPHTHA  ,X ,Q,84.15,87.95,84.00,84.50,84.50,89.60,34,3709,312193.00,
533217,HMVL        ,B ,Q,63.05,63.40,60.85,62.50,62.50,63.70,537,15763,976747.00,
533218,EMAMIREAL   ,T ,Q,62.20,62.20,59.10,60.00,60.40,62.20,108,5867,351732.00,
533227,ASIAN HTL E ,B ,Q,180.25,200.00,180.20,191.25,191.25,195.55,21,259,48573.00,
533229,BAJAJCON    ,A ,Q,164.00,164.00,157.40,158.60,160.00,162.10,1889,68566,10925228.00,
533230,HDFCMFGETF  ,E ,Q,46.66,50.00,46.66,47.40,47.39,45.74,652,238398,11355784.00,
533239,PRAKASHSTL  ,B ,Q,5.49,5.49,5.20,5.37,5.37,5.47,370,163232,871214.00,
533244,ICICIGOLD   ,E ,Q,47.00,47.54,46.45,47.36,47.36,45.95,804,80413,3778197.00,
533248,GPPL        ,A ,Q,82.70,82.95,78.60,81.60,82.65,80.85,2244,72699,5914981.00,
533252,WELSPUN INV ,B ,Q,259.10,266.20,253.90,260.75,261.00,264.05,49,582,151156.00,
533257,INDOSOLAR   ,Z ,Q,2.54,2.54,2.54,2.54,2.54,2.67,32,30856,78374.00,
533259,SASTASUNDR  ,B ,Q,349.80,390.00,349.80,385.00,390.00,374.75,802,7678,2819460.00,
533260,CAREERP     ,B ,Q,113.00,116.10,111.80,116.10,116.10,114.45,40,476,54071.00,
533261,EROS MEDIA  ,B ,Q,23.60,24.55,23.60,24.20,24.00,24.90,385,60005,1451452.00,
533262,RAMKY INFRA ,B ,Q,166.30,171.15,162.85,167.85,166.00,175.15,1021,41206,6873897.00,
533263,GREENPOWER  ,T ,Q,10.49,10.85,10.49,10.49,10.49,11.04,3417,693949,7296956.00,
533265,GALLISPAT   ,B ,Q,54.10,54.10,52.10,52.50,52.10,54.80,191,4220,224469.00,
533267,CANTABIL    ,B ,Q,692.75,704.20,674.70,678.95,682.10,713.85,167,783,538946.00,
533268,SEATV       ,X ,Q,5.01,5.02,4.56,5.00,5.00,4.79,41,4023,19995.00,
533269,VATECH WABA ,A ,Q,284.00,284.50,275.90,277.30,277.30,286.60,1778,36296,10151211.00,
533270,BEDMUTHA IN ,B ,Q,66.65,69.50,66.50,68.70,68.70,69.55,100,3050,205734.00,
533271,ASHOKA      ,A ,Q,85.70,88.35,85.70,86.40,86.65,90.20,1562,71032,6189346.00,
533272,CEBBCO      ,B ,Q,40.50,41.15,39.00,40.00,40.00,41.10,469,37071,1478630.00,
533273,OBEROI REAL ,A ,Q,840.00,840.00,786.60,796.10,796.10,844.75,2474,40162,32460699.00,
533274,PRESTIGE    ,A ,Q,432.65,432.65,401.25,406.40,408.15,432.65,3991,246966,100700246.00,
533275,GYSCOAL     ,T ,Q,3.95,4.15,3.88,4.03,4.08,4.08,190,137840,547497.00,
533278,COAL INDIA  ,A ,Q,184.35,192.00,181.65,188.65,188.65,181.00,30689,3347846,622072290.00,
533282,GRAVITA     ,B ,Q,342.55,345.75,333.10,338.85,341.00,350.40,2080,23578,7995411.00,
533284,RPP INFRA   ,B ,Q,46.20,46.20,44.10,44.90,46.00,46.35,516,26116,1174843.00,
533285,RDB REALTY  ,X ,Q,29.00,30.90,28.95,29.55,29.55,31.50,114,68286,1985143.00,
533286,MOIL LTD    ,A ,Q,169.00,174.30,167.20,172.55,171.90,170.15,1098,33733,5773832.00,
533287,ZEE LEARN   ,B ,Q,13.00,13.00,12.25,12.48,12.48,12.71,587,166462,2086277.00,
533289,KESAR TERMI ,X ,Q,33.80,33.80,31.45,31.45,31.45,33.10,79,5820,185762.00,
533292,A2ZINFRA    ,B ,Q,10.46,10.70,10.30,10.30,10.30,10.84,485,554551,5733114.00,
533293,KIRLOIL ENG ,A ,Q,127.00,127.05,122.60,123.40,123.05,127.90,958,30143,3733881.00,
533294,RAVI KUMAR  ,B ,Q,12.46,12.46,11.91,12.46,12.46,11.87,150,48704,602524.00,
533295,PUNJABNSIND ,B ,Q,15.40,15.65,14.95,15.10,15.20,15.40,565,41950,642737.00,
533296,FMNL        ,B ,Q,9.98,9.98,8.90,9.01,9.01,9.76,150,43761,401292.00,
533298,SURANASOL   ,T ,Q,24.30,24.30,23.10,23.10,23.10,24.30,269,30932,717463.00,
533301,SHEKHAWATI  ,T ,Q,0.72,0.72,0.72,0.72,0.72,0.72,1,30000,21600.00,
533302,KALYANI INV ,B ,Q,1542.00,1546.00,1505.00,1530.30,1538.00,1592.60,32,98,149214.00,
533303,BF INVEST   ,B ,Q,261.30,273.80,261.25,268.45,268.45,278.50,98,45088,12103865.00,
533306,SUMMIT SECU ,B ,Q,591.55,608.30,570.00,576.05,587.60,608.20,303,3044,1785616.00,
533315,INNO INVEST ,X ,Q,24.05,24.05,24.05,24.05,24.05,22.95,32,19487,468662.00,
533316,STEL        ,B ,Q,120.00,120.00,111.85,114.80,114.05,122.50,324,6661,776361.00,
533317,OMKAR SPC   ,B ,Q,26.30,28.55,26.30,27.00,27.85,29.20,246,14682,399861.00,
533320,JUBILNT IND ,B ,Q,450.05,456.00,436.00,444.85,446.00,464.90,504,5238,2334240.00,
533326,TEXMACO RAIL,B ,Q,32.65,34.45,31.75,33.40,33.50,32.40,3017,440288,14515107.00,
533329,IND TERRAIN ,B ,Q,50.00,50.00,41.55,43.90,43.80,45.65,587,30750,1338690.00,
533333,FINEOTEX  CH,B ,Q,146.75,151.05,145.00,147.35,149.90,151.05,2095,123100,18164813.00,
533336,DHUNINV     ,B ,Q,720.00,720.00,549.65,602.05,601.00,617.20,188,1010,592663.00,
533339,ZEN TECH    ,B ,Q,193.00,196.00,190.00,191.95,191.95,197.30,1944,42561,8201079.00,
533343,LOVABLE     ,T ,Q,142.90,143.20,137.00,138.00,138.00,143.10,91,5059,704884.00,
533344,PTCFIN SER  ,B ,Q,16.20,16.20,15.65,15.70,15.70,16.20,338,105030,1659801.00,
533385,MON100      ,E ,Q,103.48,103.50,101.42,103.00,103.00,104.30,3483,158296,16253810.00,
533393,TCI DEVELP  ,B ,Q,310.40,317.90,308.10,309.40,312.00,305.20,20,416,129665.00,
533398,MUTHOOT FIN ,A ,Q,1367.35,1376.50,1342.15,1350.25,1350.25,1376.50,3272,27212,36834439.00,
533400,FCONSUMER   ,A ,Q,6.99,6.99,6.55,6.58,6.58,6.89,4972,4195679,27898124.00,
533407,CIL NOVA    ,X ,Q,32.20,33.10,32.20,33.10,33.10,31.55,47,5900,194653.00,
533408,BSLGOLDETF  ,E ,Q,48.80,48.94,47.05,48.50,48.50,46.89,322,15826,762870.00,
533427,VMS INDUSTR ,X ,Q,13.25,13.25,12.25,12.25,12.25,13.60,129,24543,305700.00,
533451,KARMA ENERG ,T ,Q,28.45,30.80,28.00,28.75,30.45,29.35,23,6164,187902.00,
533452,DELPHIFX    ,B ,Q,471.80,471.80,445.30,459.05,447.65,461.45,138,344,157880.00,
533470,RUSHIL DECOR,B ,Q,395.00,401.45,366.15,373.65,380.00,406.60,665,8819,3347908.00,
533477,ENKEI WHEEL ,X ,Q,376.50,388.50,349.00,351.80,359.00,380.05,199,7965,2824715.00,
533482,KRIINFRA    ,T ,Q,5.99,6.00,5.68,5.70,6.00,5.97,62,19179,110635.00,
533499,BGLOBAL     ,T ,Q,4.47,4.47,4.47,4.47,4.47,4.70,4,565,2525.00,
533506,INVENTURE   ,B ,Q,3.50,3.54,3.46,3.51,3.49,3.57,1158,2138355,7511850.00,
533519,LNT FH      ,A ,Q,60.40,60.70,58.50,59.40,59.40,61.60,10512,1508026,89458821.00,
533520,YAARI       ,B ,Q,69.00,69.00,63.20,63.75,64.10,67.55,704,31407,2028132.00,
533540,TREE HOUSE  ,T ,Q,8.65,9.29,8.61,8.73,9.00,9.03,21,5346,46710.00,
533543,BROOKS LABS ,B ,Q,84.25,84.75,81.45,83.30,83.50,86.65,117,3776,315162.00,
533552,RUPA & CO   ,A ,Q,415.00,418.00,405.80,407.70,411.30,423.55,2153,41082,16850988.00,
533553,TD POWER    ,B ,Q,351.65,365.10,340.45,346.80,345.30,358.55,254,1699,590506.00,
533570,AXISGOLD    ,E ,Q,45.41,46.46,45.26,45.96,45.96,44.42,549,36390,1672623.00,
533573,ALEM PHARMA ,A ,Q,712.00,714.85,696.05,710.75,709.60,712.10,582,5175,3658416.00,
533576,VASWANI IND ,B ,Q,19.00,19.85,18.25,18.25,18.25,19.20,157,15402,284697.00,
533581,PG ELECTRO  ,B ,Q,607.80,616.10,596.05,613.10,609.70,629.85,716,3993,2424929.00,
533602,LESHAIND    ,X ,Q,5.95,6.40,5.86,6.06,6.06,6.10,70,5182,31278.00,
533605,SETUINFRA   ,T ,Q,2.58,2.58,2.39,2.39,2.39,2.51,93,56750,136575.00,
533608,RDB RASAYAN ,X ,Q,80.00,84.40,80.00,81.35,81.00,84.05,113,31847,2642495.00,
533629,TIJARIA PPL ,T ,Q,6.94,7.60,6.94,7.32,7.35,7.30,20,6291,45566.00,
533632,ONELIFE CAP ,B ,Q,12.75,13.58,12.74,12.74,12.74,13.41,25,5722,74183.00,
533638,FLEXITUFF   ,T ,Q,24.00,24.00,22.00,22.00,22.00,23.15,13,214,4794.00,
533644,UJAAS       ,T ,Q,4.21,4.39,4.21,4.21,4.21,4.43,292,132352,557523.00,
533655,TRIVENITURB ,A ,Q,172.30,181.00,168.20,174.85,174.85,176.00,1760,64811,11307139.00,
533676,INDO THAI   ,T ,Q,312.40,312.40,312.35,312.40,312.40,328.75,12,183,57165.00,
533704,ESSAR SHIP  ,T ,Q,8.35,8.35,8.03,8.05,8.05,8.45,280,74120,598063.00,
533719,IDBIGOLD    ,E ,Q,4755.00,4955.00,4755.00,4930.00,4930.00,4741.00,86,185,905893.00,
533758,APL APOLLO  ,A ,Q,861.00,861.00,817.65,832.65,832.65,860.60,2874,30230,25105699.00,
533761,GPT INFRA   ,B ,Q,71.00,71.30,67.60,68.45,68.45,71.75,336,13582,941497.00,
533896,FERVENTSYN  ,XT,Q,16.45,16.45,14.97,14.97,14.97,15.75,10,959,14613.00,
533941,TSIL        ,T ,Q,35.65,35.65,35.65,35.65,35.65,34.00,2,23,819.00,
533982,TERASOFTWARE,B ,Q,46.50,47.10,45.70,46.30,46.35,47.55,138,2768,128156.00,
534060,PMCFIN      ,XT,Q,4.93,4.93,4.70,4.93,4.93,4.70,3969,3200592,15645339.00,
534064,AIML        ,XT,Q,83.95,92.75,83.95,92.60,92.00,88.35,313,13308,1216155.00,
534076,RHIM        ,A ,Q,519.80,519.80,487.00,489.80,489.80,524.55,3606,64571,32296401.00,
534091,MCX LTD     ,A ,Q,1253.00,1289.05,1224.30,1255.30,1255.30,1260.60,4806,62100,77754894.00,
534139,SCHNEIDER   ,A ,Q,108.00,108.30,103.85,104.20,104.00,108.25,1735,81704,8651764.00,
534190,OLYMPIC     ,X ,Q,3.80,3.80,3.44,3.44,3.44,3.62,46,2408,8487.00,
534309,NBCC        ,A ,Q,37.00,37.15,35.70,36.40,36.40,37.60,6599,751737,27370481.00,
534312,MT EDUCARE  ,B ,Q,8.11,8.55,8.05,8.26,8.43,8.44,140,41159,340541.00,
534328,HEXATRADEX  ,B ,Q,138.65,138.65,133.60,135.35,136.40,138.30,23,231,31384.00,
534369,TBZ LTD     ,B ,Q,67.00,67.00,65.20,65.70,65.90,67.10,272,7156,471390.00,
534392,VSSL        ,B ,Q,236.15,237.55,225.00,227.40,227.75,239.65,1485,16204,3737855.00,
534422,LOOKS       ,X ,Q,12.65,13.26,11.90,12.22,12.24,12.64,180,18016,219289.00,
534425,SPECIALITY R,B ,Q,137.25,139.40,133.35,137.90,137.90,140.20,807,21531,2921888.00,
534532,LYPSA GEMS  ,T ,Q,7.30,7.39,6.78,7.24,7.26,7.09,44,13217,94766.00,
534563,MAX ALERT   ,M ,Q,4.92,4.92,4.92,4.92,4.92,4.69,11,12000,59040.00,
534597,RTNINDIA    ,B ,Q,42.00,42.00,40.65,40.90,40.90,42.55,2609,416074,17161938.00,
534598,SEPOWER     ,T ,Q,19.50,19.60,18.75,19.60,19.60,18.70,140,24375,474140.00,
534600,JTL INFRA   ,B ,Q,219.85,219.85,213.15,215.80,215.10,221.20,358,11339,2444773.00,
534612,AMTL        ,XT,Q,20.70,20.70,20.00,20.25,20.25,20.70,19,15871,318439.00,
534615,NECC LTD    ,B ,Q,19.40,19.40,18.35,18.90,18.90,19.20,145,11649,219162.00,
534618,WAAREERTL   ,X ,Q,308.50,311.75,282.00,290.45,290.45,312.95,950,48171,14087938.00,
534623,JUPITER INFO,X ,Q,22.85,22.85,20.80,22.00,22.20,22.55,58,2867,61392.00,
534639,VINAYAK POL ,XT,Q,15.70,15.70,15.70,15.70,15.70,15.70,2,5,78.00,
534674,DUCON       ,T ,Q,29.00,29.00,28.10,28.10,28.10,29.55,296,37249,1057065.00,
534675,PROZONINTU  ,T ,Q,24.50,25.35,23.75,24.05,24.05,24.95,486,52451,1265655.00,
534680,SRG HFL     ,X ,Q,132.50,132.50,125.00,128.00,128.00,126.00,9,224,28608.00,
534691,COMFORT COM ,X ,Q,16.42,16.42,15.60,16.05,16.42,15.64,165,34090,550828.00,
534708,RCL RETAIL  ,M ,Q,6.39,6.84,6.39,6.50,6.50,6.40,5,18000,120300.00,
534731,BRONZE INFRA,XT,Q,1.77,1.77,1.61,1.62,1.65,1.69,183,76245,123651.00,
534732,INTELL ADV  ,XT,Q,9.18,9.18,8.33,9.00,9.00,8.75,259,311962,2773859.00,
534733,SUPREMEX    ,XT,Q,4.79,4.81,4.43,4.44,4.55,4.66,339,113320,511441.00,
534741,VIRTUAL GLO ,XT,Q,1.77,1.77,1.62,1.62,1.62,1.70,3015,1655276,2752324.00,
534742,ZUARI AGRO  ,B ,Q,115.00,122.80,114.50,118.50,119.75,119.45,812,17598,2098771.00,
534748,STEEL EXCH  ,T ,Q,230.65,250.00,228.65,242.60,243.80,240.55,355,41424,9972405.00,
534755,TRIO MERCAN ,XT,Q,2.37,2.37,2.26,2.26,2.26,2.37,184,39437,89595.00,
534758,CIGNITI TECH,A ,Q,510.00,512.00,490.55,492.00,495.25,513.70,980,13122,6551778.00,
534796,CDG         ,X ,Q,21.50,22.40,19.25,19.25,19.25,21.00,18,409,8106.00,
534804,CARERATING  ,A ,Q,520.00,520.00,499.80,506.10,506.10,519.80,2064,25776,13116613.00,
534809,PC JEWELLER ,B ,Q,19.55,20.25,19.35,19.40,19.55,20.25,1238,247006,4841545.00,
534816,INDUSTOWER  ,A ,Q,205.00,206.20,196.95,199.00,199.00,207.85,7420,350529,70685323.00,
534920,COVIDH      ,XT,Q,1.17,1.17,1.17,1.17,1.17,1.17,8,6430,7523.00,
534927,ESTEEM BIO  ,MT,Q,4.91,4.91,4.91,4.91,4.91,5.01,61,227500,1117025.00,
534976,VMART       ,A ,Q,3344.95,3510.95,3285.60,3448.95,3450.00,3383.45,409,712,2422441.00,
535136,NIBE        ,XT,Q,45.15,47.00,45.15,46.95,46.95,47.50,14,15868,725942.00,
535204,MUKTA       ,XT,Q,7.52,7.52,6.83,7.00,7.52,7.17,251,62819,449138.00,
535205,MYSTICELE   ,XT,Q,6.46,6.65,6.03,6.26,6.65,6.34,87,23085,146230.00,
535267,COM FINCAP  ,X ,Q,25.80,25.80,24.00,24.65,24.00,24.95,200,19470,484856.00,
535276,SBISENSEX   ,A ,Q,571.99,573.99,557.20,561.95,562.88,576.47,1094,41501,23430812.00,
535322,REPCO HOME  ,A ,Q,187.15,187.45,175.00,176.00,175.45,189.85,1875,31170,5628053.00,
535431,GCM SECU    ,M ,Q,4.47,4.47,4.47,4.47,4.47,4.70,15,28800,128736.00,
535458,NRB IND BEA ,B ,Q,21.50,21.75,20.25,20.80,20.80,22.00,19,2618,54974.00,
535566,KIFS FSL    ,XT,Q,182.45,182.45,182.45,182.45,182.45,192.05,42,454,82832.00,
535601,SREELEATHER ,B ,Q,173.90,179.85,165.95,168.90,168.90,173.90,100,1815,312194.00,
535602,SHARDA MOTOR,B ,Q,737.00,760.70,698.60,740.05,744.90,737.30,336,3942,2890103.00,
535621,SV GLOBAL   ,X ,Q,64.35,64.35,61.60,62.95,62.95,64.80,22,1062,66048.00,
535648,JUSTDIAL    ,A ,Q,703.85,728.60,703.85,718.55,718.55,740.15,2859,53292,38290205.00,
535657,OONE        ,XT,Q,10.60,10.90,9.95,10.11,10.02,10.47,62,6246,63813.00,
535667,IFINSEC     ,XT,Q,29.10,29.10,29.10,29.10,29.10,28.85,3,92,2677.00,
535693,BRAHM INFRA ,X ,Q,32.55,32.55,28.40,29.20,29.20,32.55,87,12603,380018.00,
535694,EDSL        ,Z ,Q,1.21,1.21,1.21,1.21,1.21,1.16,19,70644,85479.00,
535719,QUEST SOFTEC,XT,Q,2.99,2.99,2.99,2.99,2.99,3.14,1,1,2.00,
535730,KHOOBSURAT  ,XT,Q,3.43,3.43,3.43,3.43,3.43,3.27,1054,1501557,5150340.00,
535754,ORIENT CEM  ,A ,Q,127.50,131.70,125.60,126.40,126.40,133.20,2831,96551,12387392.00,
535755,ABFRL       ,A ,Q,256.50,263.70,252.10,261.30,261.30,265.30,4293,149247,38296969.00,
535789,IBUL HSG FIN,A ,Q,142.05,142.40,133.35,135.60,135.60,145.35,31947,3112824,427575934.00,
535958,ESSENTIA    ,T ,Q,1.70,1.70,1.70,1.70,1.70,1.70,1,20000,34000.00,
536128,VKJINFRA    ,XT,Q,0.46,0.46,0.46,0.46,0.46,0.44,45,623871,286980.00,
536170,KUSHAL      ,XT,Q,5.47,5.47,5.11,5.11,5.11,5.37,162,44922,230432.00,
536264,TIGER LOGS  ,XT,Q,192.35,201.00,190.70,192.55,194.95,200.70,185,27574,5346480.00,
536493,JKAGRI GEN  ,X ,Q,580.10,600.00,550.00,586.45,586.45,586.15,64,4067,2343575.00,
536507,FUTLIF FAS  ,B ,Q,56.00,56.90,54.70,55.60,55.60,56.95,1370,94841,5313233.00,
536565,TRIMURTHI   ,XT,Q,7.00,7.00,7.00,7.00,7.00,7.35,4,2020,14140.00,
536659,PVVINFRA    ,XT,Q,24.95,26.00,23.75,25.20,25.85,24.95,231,34286,844287.00,
536672,VCU DATA    ,T ,Q,12.25,12.25,12.25,12.25,12.25,12.89,1,150,1837.00,
536709,INDRENEW    ,XT,Q,7.70,8.22,7.44,7.66,8.22,7.83,39,1950,14742.00,
536710,SRGSFL      ,M ,Q,17.95,17.95,17.95,17.95,17.95,22.40,3,9000,161550.00,
536738,STELLAR CAP ,M ,Q,4.20,4.30,3.92,4.00,4.00,4.35,4,42000,173520.00,
536751,FIVEXTRADE  ,XT,Q,0.98,1.08,0.98,1.03,1.03,1.03,193,136922,136796.00,
536773,JIN POLY INV,B ,Q,299.35,299.35,271.65,273.40,273.00,285.10,105,1215,337675.00,
536846,YURANUS INFR,X ,Q,5.92,6.21,5.63,6.21,6.21,5.92,25,3890,22785.00,
536868,INTEGRA TELE,X ,Q,23.05,23.75,22.80,23.05,23.10,23.95,377,36409,835411.00,
536960,MOM100      ,B ,Q,29.30,30.85,28.70,29.71,30.75,29.10,219,8202,238656.00,
536965,BP CAPITAL  ,X ,Q,7.70,7.70,6.96,7.00,7.00,7.70,11,5507,40193.00,
536974,CAPTAIN POLY,X ,Q,20.80,21.00,19.55,20.90,20.90,20.80,511,102718,2067741.00,
537007,ICICINIFTY  ,B ,Q,174.00,174.22,170.16,171.54,171.69,175.29,2122,177263,30333842.00,
537008,ICICINF100  ,B ,Q,180.00,182.00,173.20,177.16,180.00,179.74,238,52204,9202178.00,
537069,ARNOLD HOLD ,XT,Q,12.70,12.70,11.87,12.12,12.12,12.49,82,149433,1812746.00,
537253,SUNIL HEALTH,X ,Q,53.30,53.30,48.35,52.60,53.00,52.35,19,1424,74205.00,
537254,RCI IND     ,B ,Q,6.27,6.88,6.27,6.53,6.29,6.60,63,15026,96586.00,
537259,SUYOG TELE  ,B ,Q,415.00,415.00,382.05,398.70,398.95,399.30,49,2356,921806.00,
537291,NATH BIOGEN ,B ,Q,202.55,205.40,197.90,200.50,200.50,202.55,178,5498,1104084.00,
537292,AGRI TECH   ,B ,Q,88.90,89.00,82.40,85.10,85.80,84.85,454,29704,2576247.00,
537326,CHEMTECH IND,T ,Q,16.00,16.80,16.00,16.80,16.80,16.63,10,526,8476.00,
537392,TAAZAINT    ,XT,Q,22.70,22.70,22.70,22.70,22.70,23.85,10,486,11032.00,
537483,NETFNIF100  ,B ,Q,171.00,173.00,164.00,165.62,165.05,172.25,255,9321,1539981.00,
537492,AGRIMONY COM,M ,Q,10.69,12.07,10.00,11.13,11.00,11.06,17,340000,3962500.00,
537524,VIAANINDUS  ,XT,Q,1.32,1.32,1.32,1.32,1.32,1.38,5,3512,4635.00,
537536,DENIS CHEM  ,X ,Q,68.55,68.95,68.00,68.35,68.35,70.65,36,2589,177028.00,
537573,POLYMAC     ,M ,Q,34.20,34.30,34.20,34.25,34.30,34.35,8,12800,438400.00,
537582,UNISHIRE    ,M ,Q,2.00,2.00,2.00,2.00,2.00,2.00,2,40000,80000.00,
537708,KOTAKNIFTY  ,B ,Q,171.29,171.29,165.83,168.41,168.50,171.97,862,48317,8121252.00,
537709,HANSUGAR    ,XT,Q,7.20,7.40,6.84,6.87,7.09,7.20,194,29845,206554.00,
537750,KIRAN VYPAR ,X ,Q,129.90,129.90,115.00,120.50,120.50,121.95,92,4747,567674.00,
537766,BCP LTD     ,T ,Q,5.25,5.33,4.85,5.16,5.13,5.08,134,146032,760496.00,
537785,RACE        ,M ,Q,171.00,172.90,171.00,172.90,172.90,179.00,7,6875,1177187.00,
537800,MANGALAM IND,XT,Q,6.21,6.34,5.74,6.34,6.34,6.04,3443,2332412,14338263.00,
537820,VFL         ,T ,Q,3.73,3.73,3.41,3.48,3.48,3.58,48,19796,67697.00,
537838,NEGOTIUM    ,XT,Q,1.36,1.36,1.36,1.36,1.36,1.43,79,15366,20897.00,
537839,PHOENIX TN  ,XT,Q,22.15,22.15,21.05,21.40,21.40,22.15,7,2625,56263.00,
537840,RAUNAQEPC   ,XT,Q,22.50,24.25,22.50,22.50,22.50,23.10,9,607,14649.00,
537985,INFRONICS SY,XT,Q,11.00,11.00,9.98,11.00,11.00,10.50,10,261,2716.00,
538019,OBI LTD     ,Z ,Q,2.75,2.75,2.62,2.62,2.62,2.75,58,15312,40286.00,
538057,CPSE ETF    ,A ,Q,33.46,34.33,32.71,34.25,34.25,33.16,2618,2001872,67078426.00,
538092,JOONKTOLLEE ,XT,Q,96.00,96.00,94.05,94.05,94.05,99.00,23,3558,335616.00,
538119,RNB DENIMS  ,B ,Q,74.95,74.95,72.00,72.70,73.50,74.75,358,16680,1222322.00,
538180,GOLD LINE   ,Z ,Q,0.45,0.45,0.45,0.45,0.45,0.47,33,66613,29975.00,
538212,SHARP INV   ,X ,Q,2.94,2.94,2.66,2.94,2.94,2.80,3851,2453242,7028277.00,
538268,WONDERLA    ,B ,Q,224.95,224.95,210.00,214.25,214.15,225.75,1095,17964,3868547.00,
538273,RESPONS INF ,XT,Q,13.60,13.60,13.60,13.60,13.60,13.60,6,4000,54400.00,
538319,GCM CAPI    ,M ,Q,5.00,5.49,5.00,5.49,5.49,5.25,2,3000,15980.00,
538351,AFEL        ,X ,Q,89.55,94.85,87.30,89.45,87.50,91.35,132,17083,1522324.00,
538365,INCREDIBLE  ,T ,Q,21.90,22.90,21.20,21.40,22.45,22.10,13,1171,25417.00,
538382,WEST LEIRES ,XT,Q,132.05,132.05,132.05,132.05,132.05,139.00,2,4,528.00,
538395,NAM SEC     ,X ,Q,28.65,28.65,28.10,28.10,28.10,28.65,7,10061,282741.00,
538401,MAESTROS ELE,X ,Q,58.95,58.95,52.10,53.50,52.10,57.75,45,1159,63389.00,
538402,SPS         ,B ,Q,109.75,114.75,106.20,112.50,112.90,115.05,110,5324,582376.00,
538423,ALPS MOTOR  ,Z ,Q,0.52,0.52,0.52,0.52,0.52,0.50,26,256897,133586.00,
538433,CLASSIC     ,XT,Q,0.56,0.56,0.54,0.54,0.54,0.56,15,11200,6202.00,
538446,MONEYBOXX   ,B ,Q,113.90,119.50,108.25,108.60,108.60,113.90,149,5421,609758.00,
538452,QUASAR      ,XT,Q,12.31,12.31,12.31,12.31,12.31,12.31,2,23,283.00,
538476,CTL         ,X ,Q,11.70,12.04,10.90,10.97,10.90,11.47,184,42525,482515.00,
538496,TARINI      ,M ,Q,7.95,7.95,7.95,7.95,7.95,8.31,2,6000,47700.00,
538521,YAANENT     ,X ,Q,20.40,20.40,18.00,20.40,20.40,20.40,13,1761,35178.00,
538537,OMANSH      ,XT,Q,2.94,2.94,2.67,2.94,2.94,2.80,357,147017,423311.00,
538539,JTAPARIA    ,XT,Q,5.62,5.72,5.18,5.46,5.70,5.45,90,7684,42201.00,
538541,INCEPTUM    ,Z ,Q,10.45,10.45,10.45,10.45,10.45,10.48,1,25,261.00,
538542,GOLDCOINHF  ,XT,Q,11.40,11.40,11.40,11.40,11.40,12.00,1,30,342.00,
538546,BANSAL ROOF ,B ,Q,63.40,64.80,59.00,61.00,62.95,62.75,140,7379,455594.00,
538562,SKIPPER     ,B ,Q,63.65,63.65,58.35,59.15,59.35,60.65,267,3990,236255.00,
538564,JAMESWARREN ,X ,Q,250.00,266.95,247.00,264.90,265.00,259.30,38,1308,337760.00,
538565,VISTARAMAR  ,X ,Q,102.50,105.80,100.00,104.25,105.80,100.80,68,2664,270565.00,
538566,APOLLOTRI   ,A ,Q,810.00,812.00,775.00,785.05,785.05,822.95,3866,226473,178722003.00,
538567,GULFOIL LUB ,A ,Q,468.00,471.35,455.60,464.95,463.00,473.05,685,5371,2491472.00,
538568,FRUTION     ,X ,Q,8.54,8.54,8.54,8.54,8.54,8.98,2,800,6832.00,
538569,TRIVENI ENT ,X ,Q,7.75,7.75,6.95,7.00,7.00,7.18,104,20365,144811.00,
538575,SOLISMAR    ,Z ,Q,0.35,0.35,0.35,0.35,0.35,0.35,4,38853,13598.00,
538596,QUANTBUILD  ,XT,Q,6.80,6.80,6.70,6.70,6.70,6.66,11,381,2574.00,
538597,TTIENT      ,X ,Q,14.30,14.50,13.60,13.60,13.60,14.30,391,59292,812383.00,
538598,VISHAL      ,B ,Q,120.00,120.00,106.55,111.05,111.05,118.35,2358,80045,8994472.00,
538607,TOYAMIND    ,XT,Q,5.71,5.84,5.66,5.66,5.66,5.95,394,258566,1467247.00,
538610,UNISON      ,XT,Q,36.95,38.95,35.25,38.95,38.95,37.10,415,63290,2408710.00,
538611,RTFL        ,Z ,Q,22.45,22.45,21.35,21.35,21.35,22.45,16,239,5172.00,
538634,VRL         ,X ,Q,111.00,112.65,105.30,107.15,107.15,109.90,68,2754,294934.00,
538635,SNOWMAN     ,B ,Q,32.45,32.45,31.20,31.75,31.75,32.80,1079,111964,3569906.00,
538646,QGO         ,XT,Q,23.30,23.30,21.70,21.70,21.70,22.80,21,8606,187057.00,
538647,PURSHOTTAM  ,X ,Q,21.05,21.05,21.05,21.05,21.05,22.15,1,10,210.00,
538666,SHARDACROP  ,A ,Q,534.00,534.00,511.80,522.10,521.00,546.00,1578,14931,7788128.00,
538674,CITYONLINE  ,Z ,Q,5.55,5.84,5.55,5.84,5.84,5.84,6,530,3076.00,
538683,NETFSENSEX  ,A ,Q,608.00,616.00,574.10,580.00,581.30,608.30,246,2412,1414004.00,
538685,SHEMAROO    ,B ,Q,108.40,114.25,105.40,112.90,112.20,111.45,129,4927,554293.00,
538706,ULTRACAB    ,B ,Q,229.70,239.00,221.55,227.00,227.00,225.80,1714,53472,12328437.00,
538707,RCCL        ,X ,Q,19.90,19.90,19.90,19.90,19.90,19.90,1,4,79.00,
538708,ETIL        ,XT,Q,8.71,8.71,8.50,8.50,8.50,8.71,14,1913,16428.00,
538713,ATISHAY     ,B ,Q,36.90,39.00,35.50,38.30,38.20,39.30,105,18603,696584.00,
538715,DHABRIYA    ,B ,Q,84.25,84.25,80.75,82.20,82.05,83.35,18,751,61836.00,
538730,PDSL        ,B ,Q,1550.05,1584.00,1522.00,1549.05,1555.00,1593.15,180,614,951640.00,
538732,VGCL        ,T ,Q,48.85,51.00,48.85,50.90,50.90,48.85,9,943,47887.00,
538733,STARLIT     ,T ,Q,11.65,11.65,10.85,11.45,11.45,11.42,36,1979,21901.00,
538734,CEINSYSTECH ,T ,Q,138.25,148.00,138.25,140.05,140.00,144.35,27,7874,1130705.00,
538770,CRANE INFRA ,X ,Q,7.70,7.70,7.03,7.03,7.03,7.39,11,1582,11604.00,
538772,NIYOGIN     ,X ,Q,64.00,64.00,57.30,60.90,60.90,61.95,205,30780,1864229.00,
538777,ASIACAP     ,XT,Q,16.55,16.55,16.55,16.55,16.55,15.80,1,1,16.00,
538778,AKASHDEEP   ,X ,Q,42.00,42.00,37.00,39.40,39.40,39.15,40,9125,355313.00,
538786,CIL         ,XT,Q,16.15,16.90,15.35,16.90,16.90,16.10,115,21879,359834.00,
538787,GBFL        ,XT,Q,8.89,8.89,8.16,8.81,8.83,8.58,325,188303,1549586.00,
538788,GILADAFINS  ,X ,Q,65.55,72.30,65.55,72.30,72.30,68.90,32,1937,137274.00,
538795,SAPPL       ,X ,Q,316.35,323.80,312.05,321.55,321.55,317.70,8,203,64368.00,
538812,AANCHALISP  ,XT,Q,17.30,17.30,16.15,16.25,16.75,17.00,170,29094,479514.00,
538833,ANUBHAV     ,XT,Q,2.83,2.84,2.83,2.83,2.84,2.97,20,14050,39763.00,
538834,MEL         ,XT,Q,15.50,15.50,14.50,15.20,15.20,15.20,18,2021,29673.00,
538835,INTELLECT   ,A ,Q,665.00,685.95,655.00,681.70,681.70,679.20,2349,53043,35668731.00,
538836,MONTECARLO  ,B ,Q,458.70,467.95,456.00,464.40,463.05,470.60,254,2467,1138555.00,
538837,JSTL        ,X ,Q,130.00,130.00,123.55,124.30,125.10,130.05,367,37965,4744582.00,
538838,ICL         ,XT,Q,38.05,38.05,38.05,38.05,38.05,40.05,4,18,684.00,
538860,PANAFIC     ,XT,Q,2.27,2.27,2.27,2.27,2.27,2.17,360,331294,752037.00,
538868,CSL         ,XT,Q,26.65,26.65,26.65,26.65,26.65,28.05,11,1044,27822.00,
538874,NEXUSSURGL  ,XT,Q,4.24,4.24,4.24,4.24,4.24,4.46,1,5,21.00,
538875,SELLWIN     ,XT,Q,15.75,15.75,15.75,15.75,15.75,16.55,2,1001,15765.00,
538882, EMERALD    ,XT,Q,19.50,20.20,19.50,20.00,20.00,20.50,20,5725,113939.00,
538890,MKEXIM      ,XT,Q,111.00,111.00,105.45,105.45,105.45,111.00,509,26720,2835483.00,
538891,MCLOUD      ,X ,Q,358.50,396.05,358.35,394.65,396.05,377.20,933,41509,15563696.00,
538894,OCTAL       ,X ,Q,37.45,37.50,35.00,37.00,37.00,36.70,19,491,17783.00,
538896,KANCHI      ,X ,Q,711.00,711.00,699.90,702.80,702.80,710.25,292,3366,2372025.00,
538902,DHUN TEAIND ,B ,Q,228.20,237.75,228.20,231.30,231.30,236.25,120,460,107280.00,
538918,VANICOM     ,XT,Q,8.51,8.51,8.51,8.51,8.51,8.95,5,151,1285.00,
538920,VINCOFE     ,X ,Q,60.35,63.90,59.00,60.65,61.00,61.55,59,1058,64180.00,
538921,RAFL        ,M ,Q,369.50,369.90,369.50,369.85,369.90,369.85,9,10000,3697500.00,
538922,COSYN       ,X ,Q,21.85,22.80,21.60,21.80,22.35,22.60,30,3842,84842.00,
538928,KARNAVATI   ,B ,Q,18.50,18.50,18.50,18.50,18.50,19.35,1,100,1850.00,
538935,ABHIFIN     ,XT,Q,30.05,30.05,30.05,30.05,30.05,28.65,4,300,9015.00,
538942,MERCANTILE  ,XT,Q,19.00,19.00,17.40,18.90,18.90,18.30,46,9203,165563.00,
538943,SONAL       ,X ,Q,36.00,36.00,31.15,32.20,32.20,34.35,39,5425,176244.00,
538952,ALFL        ,XT,Q,2.65,2.67,2.55,2.67,2.67,2.55,132,74488,196432.00,
538961,GENUSPAPER  ,B ,Q,12.50,12.94,12.04,12.57,12.64,12.82,302,48300,602923.00,
538962,MINDACORP   ,A ,Q,183.50,183.80,174.25,174.85,174.50,184.50,2279,80091,14269423.00,
538963,PACT        ,XT,Q,2.81,2.81,2.81,2.81,2.81,2.95,4,648,1820.00,
538964,MERCURYLAB  ,X ,Q,537.00,545.85,485.05,542.45,543.00,492.85,37,526,269807.00,
538965,CONCORD     ,X ,Q,29.00,29.20,28.30,29.15,28.55,29.00,34,4300,124466.00,
538970,MANVIJAY    ,B ,Q,78.00,78.80,74.50,76.65,76.65,79.80,3985,364682,28054017.00,
538979,GRNLAM IND  ,A ,Q,315.45,323.55,303.25,319.45,320.20,325.75,560,4151,1298494.00,
538987,TALBROSENG  ,X ,Q,330.00,334.90,317.00,320.65,320.65,334.30,69,1938,628681.00,
539006,PTCIL       ,T ,Q,3717.50,3717.50,3530.05,3678.15,3678.00,3715.50,76,591,2160632.00,
539009,GBLIL       ,Z ,Q,2.90,2.90,2.70,2.70,2.70,2.81,10,3070,8314.00,
539011,CHENFERRO   ,X ,Q,116.15,116.15,108.25,108.25,108.25,113.90,71,2959,325979.00,
539012,MEGRISOFT   ,X ,Q,116.00,116.00,105.80,115.10,115.10,111.10,20,114,12858.00,
539013,GITARENEW   ,XT,Q,212.20,218.75,197.95,206.90,209.00,208.35,409,6490,1333205.00,
539015,ORTEL       ,Z ,Q,1.80,1.80,1.80,1.80,1.80,1.72,3,8400,15120.00,
539016,NEIL        ,XT,Q,6.00,6.00,6.00,6.00,6.00,6.00,4,500,3000.00,
539017,STARHFL     ,T ,Q,100.15,107.15,99.60,100.45,103.95,104.80,58,3093,314352.00,
539018,BEEKAY      ,X ,Q,398.00,401.90,385.00,395.65,395.70,397.05,134,2744,1083027.00,
539026,SSPNFIN     ,MT,Q,9.35,9.35,9.35,9.35,9.35,9.40,2,8000,74800.00,
539031,SETFBSE100  ,A ,Q,177.00,180.00,168.95,170.50,170.50,174.99,70,3584,622816.00,
539032,FRASER      ,X ,Q,8.78,9.34,8.51,9.19,9.19,8.52,286,89004,805713.00,
539040,TTIL        ,XT,Q,5.05,5.05,4.61,4.88,5.04,4.81,105,13535,66429.00,
539041,SVPHOUSING  ,M ,Q,6.70,6.70,6.70,6.70,6.70,7.05,2,50000,335000.00,
539042,AGIIL       ,B ,Q,226.95,226.95,220.00,224.95,224.55,227.15,52,1246,279310.00,
539043,BKMINDST    ,Z ,Q,2.38,2.39,2.18,2.39,2.39,2.28,152,106091,248408.00,
539044,MANAKSTELTD ,B ,Q,39.60,42.00,38.75,39.50,39.50,39.95,307,9695,387499.00,
539045,MNKALCOLTD  ,T ,Q,23.95,24.85,23.10,23.45,24.00,24.10,61,8014,189031.00,
539046,MNKCMILTD   ,T ,Q,24.45,24.45,23.75,23.75,23.75,24.95,92,6574,156523.00,
539056,IMAGICAA    ,B ,Q,12.30,13.30,12.30,12.90,13.02,13.21,276,171577,2214105.00,
539083,INOXWIND    ,B ,Q,105.75,108.05,103.50,104.65,103.60,108.45,1499,52865,5580235.00,
539096,AANANDALAK  ,X ,Q,10.00,10.25,9.30,9.34,9.30,9.77,56,3499,33187.00,
539097,HKG         ,M ,Q,19.95,19.95,18.15,18.40,18.40,19.75,18,204000,3793200.00,
539099,ATHCON      ,M ,Q,10.60,10.60,10.60,10.60,10.60,10.55,1,2500,26500.00,
539110,NORTHLINK   ,XT,Q,24.05,24.05,24.05,24.05,24.05,25.30,1,15,360.00,
539111,SHESHAINDS  ,XT,Q,22.10,22.95,21.20,22.95,22.95,22.10,45,7260,165022.00,
539112,SAB         ,X ,Q,91.75,91.75,87.00,87.00,87.00,87.60,8,113,9922.00,
539113,PML         ,X ,Q,1346.00,1346.00,1200.00,1222.20,1225.00,1253.95,95,804,977098.00,
539115,ALAN SCOTT  ,XT,Q,148.75,148.75,134.65,148.70,148.70,141.70,28,390,56973.00,
539117,SUJALA      ,X ,Q,15.30,17.10,15.30,16.05,16.05,15.60,61,2254,36890.00,
539118,VRLLOG      ,A ,Q,418.00,434.80,398.15,425.15,423.00,425.10,2529,35545,14618187.00,
539119,JAINMARMO   ,XT,Q,27.40,27.40,26.05,26.05,26.05,27.40,3,4,108.00,
539120,BFFL        ,XT,Q,16.65,16.65,16.65,16.65,16.65,17.50,2,33,549.00,
539121,PALCO       ,X ,Q,40.95,40.95,40.95,40.95,40.95,39.00,9,8074,330630.00,
539122,BODHTREE    ,X ,Q,29.95,29.95,29.05,29.30,29.60,30.10,72,4395,129425.00,
539123,VBIND       ,XT,Q,4.54,4.54,4.54,4.54,4.54,4.33,2,600,2724.00,
539126,MEP         ,B ,Q,20.55,21.05,20.30,20.60,20.60,21.05,132,25616,529968.00,
539132,VEGETABLE   ,XT,Q,102.35,102.35,92.65,92.65,92.65,97.50,1680,78445,7505759.00,
539141,UFO         ,B ,Q,98.00,98.00,90.75,93.25,93.25,94.70,861,23877,2198491.00,
539143,PANTH       ,XT,Q,13.88,14.10,13.31,13.42,13.32,13.69,79,16992,231577.00,
539148,SHIVALIK    ,B ,Q,827.10,840.75,804.90,810.55,814.00,856.10,338,2073,1702031.00,
539149,ICSL        ,XT,Q,6.95,7.06,6.40,6.70,6.49,6.73,79,14910,102399.00,
539150,PNCINFRA    ,A ,Q,247.00,247.00,235.75,240.30,238.95,246.90,1683,33167,7912610.00,
539151,ARFIN       ,XT,Q,120.00,125.00,115.50,120.00,120.00,120.10,28,709,85111.00,
539175,INDRAIND    ,XT,Q,5.25,5.25,4.75,4.75,4.75,5.00,35,4888,24810.00,
539176,HAWAENG     ,XT,Q,49.95,49.95,47.00,47.00,47.00,48.05,2,165,7799.00,
539177,AIIL        ,B ,Q,152.00,152.00,140.75,149.50,149.85,153.40,399,6832,1012581.00,
539195,POEL        ,X ,Q,57.80,57.80,52.00,54.10,54.10,56.70,41,2666,142584.00,
539196,AEL         ,X ,Q,59.10,59.25,56.45,59.05,59.20,56.45,339,121156,7138150.00,
539197,DEVHARI     ,Z ,Q,0.84,0.84,0.84,0.84,0.84,0.88,27,35005,29404.00,
539201,SATIA       ,B ,Q,93.90,94.45,92.10,92.60,92.60,94.45,664,22257,2069165.00,
539216,GARMNTMNTR  ,B ,Q,106.95,107.00,96.70,99.55,100.00,101.40,120,5843,607944.00,
539217,SRESTHA     ,X ,Q,1.91,1.91,1.78,1.81,1.84,1.87,726,372904,671904.00,
539218,SAUMYA      ,X ,Q,124.65,124.65,124.65,124.65,124.65,131.20,3,28,3490.00,
539219,MUL         ,XT,Q,45.45,45.50,41.30,45.00,45.30,43.45,524,31642,1396010.00,
539220,MISHKA      ,T ,Q,26.75,26.75,26.75,26.75,26.75,26.80,3,70,1872.00,
539221,SPORTKING   ,T ,Q,1085.00,1129.00,1081.00,1093.40,1108.95,1137.70,651,7078,7757067.00,
539222,GROWINGTON  ,M ,Q,12.00,12.00,11.40,11.47,11.40,12.00,4,30000,344000.00,
539223,AMBITION    ,T ,Q,7.74,7.75,7.70,7.70,7.70,7.74,24,2012,15542.00,
539226,RUDRA       ,B ,Q,30.00,31.70,30.00,30.95,30.00,31.00,53,114801,3549808.00,
539227,LOYAL       ,B ,Q,28.80,29.00,28.50,29.00,29.00,30.00,13,1215,34786.00,
539228,GGPL        ,B ,Q,32.30,32.30,30.10,32.05,32.20,31.65,36,3250,103597.00,
539229,MRSS        ,M ,Q,8.30,8.30,7.71,8.17,8.17,8.08,6,5400,43476.00,
539230,CHEMIESYNT  ,X ,Q,18.15,18.15,18.15,18.15,18.15,17.30,1,50,907.00,
539251,BALKRISHNA  ,T ,Q,38.25,40.15,38.15,38.15,38.15,40.15,25,898,34282.00,
539252,SCFL        ,B ,Q,19.80,19.80,18.65,18.95,18.95,19.80,1120,159075,3052987.00,
539254,ADANITRANS  ,A ,Q,2321.00,2364.30,2204.65,2205.20,2205.20,2320.65,3410,21969,49302048.00,
539255,STARDELTA   ,X ,Q,96.05,107.00,95.50,107.00,107.00,106.00,12,204,20497.00,
539267,DRHABEEB    ,XT,Q,28.20,29.50,28.15,28.15,28.15,29.60,30,4141,118058.00,
539268,SYNGENE     ,A ,Q,535.00,541.00,519.20,538.45,533.45,536.15,1478,26794,14120445.00,
539274,BLFL        ,Z ,Q,3.21,3.21,3.21,3.21,3.21,3.21,5,502,1611.00,
539275,MSL         ,B ,Q,85.00,85.90,83.05,84.00,84.00,86.10,32,288,24190.00,
539276,KAYA        ,B ,Q,335.50,343.00,326.00,340.10,337.05,347.50,262,3626,1233846.00,
539278,SYMBIOX     ,XT,Q,3.03,3.17,3.03,3.17,3.17,3.02,22,12546,38844.00,
539287,ORTINLAABS  ,B ,Q,24.15,25.90,23.50,25.55,25.20,24.45,107,5303,132361.00,
539288,AVI         ,XT,Q,36.00,36.50,35.25,35.25,35.25,37.10,297,19955,707127.00,
539289,AURUM       ,B ,Q,108.00,110.90,105.80,106.40,106.40,111.35,1491,39678,4242898.00,
539290,BINDALAGRO  ,B ,Q,21.10,22.80,21.00,21.80,21.85,22.10,488,38519,844871.00,
539291,OZONEWORLD  ,X ,Q,10.40,10.40,9.77,9.80,9.77,10.28,130,41231,408893.00,
539300,AKSPINTEX   ,XT,Q,70.30,70.30,70.30,70.30,70.30,74.00,107,2682,188544.00,
539301,ARVSMART    ,B ,Q,188.00,195.75,182.40,190.45,188.05,192.15,151,3545,667034.00,
539302,POWERMECH   ,B ,Q,855.05,865.10,835.70,843.70,847.10,871.85,357,1740,1481091.00,
539304,CANOPYFIN   ,XT,Q,19.30,21.30,19.30,20.15,21.30,20.30,10,631,12644.00,
539309,RAMASTEEL   ,B ,Q,320.00,341.55,315.05,317.45,315.25,331.50,1897,15812,5121952.00,
539310,THINKINK    ,B ,Q,49.80,50.15,49.75,49.90,49.90,50.10,641,479506,23921060.00,
539312,UTISENSETF  ,B ,Q,575.00,579.00,550.00,565.63,575.00,575.00,296,3012,1703210.00,
539313,UTINIFTETF  ,B ,Q,1720.00,1730.00,1666.49,1729.31,1730.00,1712.51,70,453,773532.00,
539331,VETO        ,B ,Q,88.20,88.20,85.85,87.90,88.00,89.40,343,6574,573699.00,
539332,NAVKARCORP  ,B ,Q,34.20,36.90,33.00,35.35,35.10,34.25,1361,151574,5307583.00,
539334,SHREEPUSHK  ,B ,Q,210.65,220.90,209.05,216.15,215.65,220.90,312,4564,983526.00,
539336,GUJGAS      ,A ,Q,514.80,514.80,486.10,496.45,496.45,528.55,11192,186001,92789592.00,
539337,WAAREE      ,M ,Q,85.55,86.55,85.55,86.50,86.50,90.05,3,4200,362040.00,
539346,SADBHIN     ,B ,Q,11.01,11.01,10.46,10.60,10.60,11.01,220,249816,2635696.00,
539353,SALAUTO     ,X ,Q,224.95,224.95,201.50,207.55,207.00,213.95,23,472,99072.00,
539354,POLYSPIN    ,X ,Q,71.95,71.95,65.00,65.50,66.20,69.85,33,949,62686.00,
539359,PRITIKAUTO  ,B ,Q,15.90,15.90,15.05,15.65,15.70,15.40,187,25569,393910.00,
539363,SKC         ,Z ,Q,5.65,5.65,5.65,5.65,5.65,5.65,3,424,2395.00,
539378,SML         ,XT,Q,45.00,45.00,42.65,44.00,44.00,44.85,8,43,1878.00,
539384,KRISHNACAP  ,XT,Q,11.50,11.66,11.50,11.66,11.66,11.11,6,3204,37166.00,
539391,ACME        ,XT,Q,17.00,17.40,16.55,16.90,17.40,17.40,39,3766,63607.00,
539398,VISHALBL    ,T ,Q,54.20,56.85,52.55,56.85,56.85,54.20,49,7206,401815.00,
539399,BELLACASA   ,B ,Q,165.10,177.75,163.00,177.05,177.20,174.80,65,3218,543677.00,
539400,MALLCOM     ,B ,Q,789.20,791.35,745.00,746.85,745.05,790.00,86,229,175421.00,
539404,SATIN       ,T ,Q,86.00,86.00,86.00,86.00,86.00,90.50,25,3093,265998.00,
539405,DITCO       ,X ,Q,20.05,20.05,19.40,19.40,19.40,20.45,13,13011,253714.00,
539406,SWAGTAM     ,XT,Q,156.30,156.30,156.30,156.30,156.30,148.90,18,525,82057.00,
539407,GENCON      ,B ,Q,35.85,35.85,31.70,33.20,33.20,33.75,160,4576,151067.00,
539409,NEERAJ      ,XT,Q,19.60,19.60,19.10,19.20,19.20,18.70,17,625,12244.00,
539410,MUZALI      ,X ,Q,3.49,3.49,3.18,3.18,3.18,3.34,143,153240,491299.00,
539428,TEJNAKSH    ,B ,Q,162.05,162.25,156.50,159.60,160.00,161.70,165,33031,5273283.00,
539433,INDOGLOBAL  ,XT,Q,18.10,18.10,17.20,18.10,18.10,18.10,4,27,487.00,
539436,COFFEEDAY   ,B ,Q,53.00,53.75,52.00,52.40,52.40,54.75,4376,575433,30446308.00,
539437,IDFCFIRSTB  ,A ,Q,40.15,40.30,39.00,40.10,40.10,40.75,18366,3293700,130264667.00,
539447,BEARDSELL   ,B ,Q,16.89,16.89,15.55,15.80,15.55,16.36,200,71915,1128265.00,
539448,INDIGO      ,A ,Q,1677.00,1677.00,1595.00,1617.35,1617.35,1725.30,17468,171547,277694460.00,
539449,IGCIL       ,X ,Q,31.50,31.50,31.50,31.50,31.50,30.00,2,10,315.00,
539450,SHK         ,A ,Q,145.10,145.10,139.80,141.05,141.05,145.25,1139,29790,4228268.00,
539455,ARYAVAN     ,XT,Q,14.00,14.00,13.99,13.99,13.99,14.00,4,747,10450.00,
539469,PANORAMA    ,XT,Q,69.35,72.80,65.95,71.50,72.80,69.35,19,700,49467.00,
539470,SHREEGANES  ,X ,Q,10.95,10.95,10.30,10.47,10.59,11.00,575,149181,1575453.00,
539479,GTV         ,X ,Q,96.90,98.05,88.75,97.75,97.90,93.40,238,23100,2159495.00,
539480,LICNETFN50  ,B ,Q,174.00,175.00,167.97,169.43,169.51,175.92,26,166,28780.00,
539486,GEETANJ     ,XT,Q,3.08,3.23,3.03,3.23,3.23,3.08,40,17349,53788.00,
539487,LICNETFSEN  ,A ,Q,581.00,582.50,572.00,582.50,582.50,582.03,9,34,19754.00,
539494,SMARTFIN    ,X ,Q,8.99,8.99,7.80,8.09,7.94,8.55,158,35116,287577.00,
539506,ADCON       ,XT,Q,11.36,12.54,11.36,11.36,11.36,11.95,28,3679,42131.00,
539515,QUINT       ,X ,Q,534.00,574.00,533.65,533.65,533.65,592.90,794,15531,8390228.00,
539516,HDFCNIFETF  ,B ,Q,176.00,176.71,168.56,172.97,173.14,175.19,642,29368,5047504.00,
539517,SXETF       ,A ,Q,588.06,589.88,570.00,571.80,576.95,588.06,486,8640,4992534.00,
539518,UDAYJEW     ,X ,Q,97.50,99.75,92.50,93.85,92.80,95.55,38,1917,182714.00,
539519,MAYUKH      ,X ,Q,12.65,12.69,12.21,12.69,12.69,12.09,165,108602,1373629.00,
539522,GROVY       ,XT,Q,51.10,51.10,51.10,51.10,51.10,48.70,1,25,1277.00,
539523,ALKEM       ,A ,Q,3133.00,3323.00,3110.05,3271.25,3260.00,3176.90,1103,3440,11040199.00,
539524,LALPATHLAB  ,A ,Q,2330.00,2349.75,2265.60,2328.05,2328.05,2351.10,6816,33998,78289082.00,
539525,NAVKETAN    ,Z ,Q,1.18,1.18,1.18,1.18,1.18,1.24,69,8143,9608.00,
539526,SCTL        ,T ,Q,1.95,1.95,1.83,1.83,1.83,1.92,1890,1237486,2278501.00,
539527,CREATIVE    ,X ,Q,340.05,379.10,335.00,342.30,336.00,360.20,30,238,81945.00,
539528,AAYUSH      ,X ,Q,24.75,26.50,23.15,24.95,24.95,24.30,40,3330,82909.00,
539542,LUXIND      ,A ,Q,2212.20,2268.00,2186.25,2214.75,2214.75,2284.70,1694,10127,22627981.00,
539545,APOORVA     ,X ,Q,44.95,44.95,40.85,44.20,44.25,42.95,12,365,16086.00,
539546,BNL         ,X ,Q,9.67,9.67,8.25,8.25,8.25,9.09,26,41150,378822.00,
539551,NH          ,A ,Q,650.00,662.35,632.85,643.65,645.90,654.45,1312,12349,8009059.00,
539552,FMEC        ,XT,Q,8.44,8.44,8.44,8.44,8.44,8.04,1,5,42.00,
539559,DDIL        ,XT,Q,13.40,13.89,13.00,13.89,13.89,13.23,32,1884,25586.00,
539561,REMLIFE     ,X ,Q,138.00,138.25,136.25,138.25,138.25,138.00,18,73016,10093542.00,
539562,AARNAV      ,XT,Q,63.60,65.50,63.50,63.50,63.50,66.80,1966,82841,5276754.00,
539570,ACEWIN      ,MT,Q,5.00,5.00,4.97,4.97,4.97,5.23,4,38400,191136.00,
539584,SIPTL       ,XT,Q,1.20,1.20,1.10,1.15,1.15,1.15,497,408008,458994.00,
539593,SHIVA       ,XT,Q,5.76,6.36,5.76,6.36,6.36,6.06,93,4858,29743.00,
539594,MISHTANN    ,XT,Q,25.80,27.15,25.80,26.95,26.40,27.15,569,155298,4138042.00,
539597,JSLHISAR    ,A ,Q,340.00,358.55,340.00,354.10,355.85,361.50,1981,25668,9027833.00,
539598,ORACLECR    ,X ,Q,39.15,44.25,39.00,43.40,44.25,41.40,28,4799,205323.00,
539599,KEL         ,X ,Q,17.35,18.20,17.35,17.90,18.20,17.35,3,30,537.00,
539620,AINFRA      ,X ,Q,41.05,41.05,38.45,39.65,39.65,41.05,41,2944,114481.00,
539621,BCLENTERPR  ,XT,Q,60.60,60.60,59.25,60.60,60.60,57.75,1220,113939,6899598.00,
539636,PRECAM      ,B ,Q,125.20,133.00,125.20,129.40,131.30,133.30,1368,38844,5026914.00,
539658,TEAMLEASE   ,A ,Q,3970.20,4045.95,3838.60,4006.85,3964.25,4013.10,388,882,3487961.00,
539660,BESTAGRO    ,B ,Q,902.00,959.00,902.00,912.00,919.00,962.40,1042,8732,8021895.00,
539661,ACEMEN      ,XT,Q,40.00,44.10,39.90,42.90,42.05,42.00,59,26452,1071317.00,
539662,BFLAFL      ,XT,Q,180.95,180.95,180.95,180.95,180.95,190.45,59,818,148017.00,
539673,RCL         ,XT,Q,14.20,14.91,13.55,13.93,13.55,14.20,16,2248,32232.00,
539678,QUICKHEAL   ,B ,Q,174.20,178.25,172.30,173.20,174.05,178.00,1007,10098,1760986.00,
539679,KAPILRAJ    ,X ,Q,8.07,9.20,8.07,8.87,8.87,8.91,9,1144,10388.00,
539686,KPEL        ,T ,Q,260.00,264.05,251.65,251.80,251.65,264.85,309,10292,2597907.00,
539692,IFINSER     ,X ,Q,10.95,10.99,10.90,10.99,10.99,11.00,4,23,251.00,
539697,HILIKS      ,XT,Q,10.25,10.96,10.25,10.96,10.95,10.44,13,160,1746.00,
539725,GOKULAGRO   ,T ,Q,68.95,72.70,66.50,68.40,68.40,69.35,77,3793,259690.00,
539730,FREDUN      ,XT,Q,840.00,840.00,806.25,810.20,811.00,844.90,83,1108,905846.00,
539742,SIMBHALS    ,B ,Q,21.30,21.30,19.75,20.20,19.85,20.65,72,12832,255901.00,
539767,MNIL        ,XT,Q,13.10,13.33,12.67,13.32,13.32,13.33,18,26154,339306.00,
539770,DARJEELING  ,XT,Q,3.45,3.81,3.45,3.65,3.65,3.63,57,20008,75327.00,
539773,ADVIKCA     ,X ,Q,3.87,3.87,3.75,3.87,3.87,3.69,493,715049,2765019.00,
539784,LICNFNHGP   ,B ,Q,175.39,177.04,172.00,177.01,177.01,175.39,27,214,37735.00,
539785,PDMJEPAPER  ,B ,Q,33.60,33.90,32.90,33.20,33.20,34.25,319,14464,481408.00,
539787,HCG         ,A ,Q,247.90,248.70,234.40,241.90,243.25,246.20,2688,46227,11254427.00,
539798,UMIYA       ,B ,Q,8.21,8.75,8.21,8.75,8.75,8.59,6,1322,10856.00,
539799,BHARATWIRE  ,B ,Q,67.90,67.90,64.25,64.90,64.50,67.60,156,6419,424330.00,
539800,CHDCHEM     ,T ,Q,9.75,9.75,9.15,9.43,9.57,9.63,140,14644,135293.00,
539807,INFIBEAM    ,A ,Q,39.10,39.50,38.80,39.30,39.30,39.25,1728,432076,16932227.00,
539814,LELAVOIR    ,XT,Q,49.90,49.90,45.85,49.20,49.60,48.25,71,26272,1291271.00,
539833,SICLTD      ,XT,Q,0.75,0.75,0.75,0.75,0.75,0.72,65,250193,187644.00,
539834,BALGOPAL    ,XT,Q,11.11,12.26,11.11,12.26,12.26,11.69,4,80,951.00,
539835,SUPERIOR    ,X ,Q,3.65,3.65,3.31,3.32,3.39,3.48,420,121292,410180.00,
539837,RPEL        ,B ,Q,512.10,525.00,509.00,511.40,511.40,526.20,82,1329,689496.00,
539841,LANCER      ,B ,Q,183.95,184.00,175.65,175.65,175.65,184.85,320,21529,3788349.00,
539844,EQUITAS     ,A ,Q,105.50,105.50,100.30,101.05,101.05,106.00,1986,67373,6875068.00,
539854,HALDER      ,X ,Q,355.00,355.00,316.00,341.90,344.00,350.35,117,1520,501179.00,
539861,SKIL        ,T ,Q,3.01,3.29,3.00,3.10,3.10,3.15,21,15699,48088.00,
539871,THYROCARE   ,A ,Q,835.60,847.30,802.90,816.50,816.50,841.50,1740,17534,14634063.00,
539872,BAJAJHCARE  ,B ,Q,374.05,374.05,356.85,367.65,359.10,374.05,1498,17180,6250842.00,
539874,UJJIVAN     ,A ,Q,117.60,123.50,113.25,115.20,115.20,119.35,4721,237851,28014456.00,
539875,RSDFIN      ,X ,Q,99.90,99.90,98.00,98.00,98.00,103.00,4,116,11377.00,
539876,CROMPTON    ,A ,Q,388.70,388.70,373.00,376.30,376.30,388.65,1456,35394,13422882.00,
539883,PILANIINVS  ,A ,Q,1672.55,1672.55,1611.00,1629.75,1611.00,1687.50,102,180,295479.00,
539884,DARSHANORNA ,B ,Q,148.00,150.00,139.40,139.40,139.40,146.70,2029,146195,21071429.00,
539889,PARAGMILK   ,A ,Q,98.75,98.75,95.25,96.75,96.95,99.15,1467,50384,4856542.00,
539894,MADHAVIPL   ,X ,Q,4.43,4.53,4.38,4.38,4.38,4.61,1004,490064,2152344.00,
539910,KOCL        ,XT,Q,5.70,5.70,5.70,5.70,5.70,5.99,40,5901,33635.00,
539911,SNIM        ,X ,Q,18.70,18.70,17.05,17.05,17.05,17.85,30,2122,38011.00,
539917,NAGARFERT   ,B ,Q,11.20,12.29,11.13,12.29,12.29,11.18,1318,1170944,14137398.00,
539921,SEIL        ,T ,Q,588.80,590.50,534.30,590.50,590.50,562.40,250,19292,11051437.00,
539922,RGIL        ,XT,Q,20.85,20.85,20.85,20.85,20.85,19.90,1,600,12510.00,
539938,MIL         ,X ,Q,54.50,54.50,51.30,54.45,54.50,53.65,91,2958,156351.00,
539939,YASHCHEM    ,B ,Q,55.05,60.00,55.05,57.10,57.45,57.90,125,11585,663668.00,
539940,MAXVIL      ,B ,Q,108.00,108.00,104.40,106.20,105.00,106.00,505,22914,2418944.00,
539945,ICICINV20   ,B ,Q,90.45,94.38,90.31,92.64,94.35,92.73,355,6506,596877.00,
539946,BAZELINTER  ,XT,Q,34.30,34.30,34.30,34.30,34.30,36.10,19,359,12313.00,
539956,TAALENT     ,X ,Q,1451.00,1474.95,1416.60,1465.55,1468.00,1491.05,133,1180,1706255.00,
539957,MGL         ,A ,Q,714.00,730.15,696.75,714.00,714.00,717.75,4564,60202,42895531.00,
539962,QFSL        ,Z ,Q,0.39,0.39,0.39,0.39,0.39,0.38,12,70574,27523.00,
539963,ZEAL        ,B ,Q,8.60,8.64,8.10,8.40,8.42,8.78,648,111418,932859.00,
539978,QUESS       ,A ,Q,580.00,580.00,550.00,554.75,554.75,583.35,1972,23941,13373476.00,
539979,DIGJAMLTD   ,B ,Q,150.00,150.00,143.90,144.40,144.40,151.45,172,2718,393756.00,
539980,ICICIMCAP   ,B ,Q,95.87,95.87,92.75,93.52,94.62,96.15,63,816,76252.00,
539982,ASYL        ,T ,Q,11.96,11.96,11.37,11.94,11.94,11.96,6,108,1232.00,
539984,HUIL        ,X ,Q,3800.00,3800.00,3660.05,3673.90,3660.05,3711.05,41,148,550077.00,
539986,COMSYN      ,B ,Q,267.75,274.95,260.00,264.75,272.00,269.20,197,9498,2537983.00,
539992,LLOYDSTEEL  ,T ,Q,12.47,12.47,12.47,12.47,12.47,13.12,2782,691183,8619052.00,
539997,KPL         ,M ,Q,410.50,410.50,403.75,404.25,403.75,425.00,26,5400,2207500.00,
540005,LTI         ,A ,Q,5980.00,6240.65,5951.00,6211.80,6210.55,6108.30,5697,26504,163000049.00,
540006,EASTWEST    ,X ,Q,10.05,10.64,9.56,10.09,10.15,10.65,191,58941,592098.00,
540008,BSLSENETFG  ,A ,Q,54.00,54.00,50.50,51.42,51.50,51.75,65,3035,155298.00,
540023,COLORCHIPS  ,XT,Q,33.10,33.40,30.50,33.30,33.30,32.10,13,734,23693.00,
540025,ADVENZYMES  ,A ,Q,301.00,311.60,295.00,298.65,299.75,305.95,1841,46704,14151782.00,
540026,LAHL        ,XT,Q,5.88,5.90,5.44,5.88,5.88,5.72,19,2010,11213.00,
540027,PTIL        ,B ,Q,355.00,355.50,310.00,329.75,320.00,346.80,55,3241,1104571.00,
540047,DBL         ,A ,Q,256.75,256.75,243.20,245.25,246.00,257.45,2579,102113,25289771.00,
540048,SPAL        ,B ,Q,374.85,384.55,365.00,374.25,375.60,388.40,431,2901,1087913.00,
540061,BIGBLOC     ,B ,Q,71.50,71.50,68.40,69.50,69.25,71.95,343,15619,1078104.00,
540064,FRETAIL     ,A ,Q,49.65,50.00,48.35,48.60,48.60,50.30,7970,1219050,59727232.00,
540065,RBLBANK     ,A ,Q,125.00,125.00,118.20,121.75,121.75,126.60,17758,2158276,260356026.00,
540073,BLS         ,B ,Q,212.20,215.15,207.05,208.00,208.00,217.90,669,41514,8662464.00,
540078,MITSU       ,B ,Q,244.80,272.55,238.75,247.90,242.55,251.85,229,20365,5065272.00,
540079,SPRAYKING   ,M ,Q,34.15,34.50,27.50,33.75,33.75,30.20,6,42000,1399800.00,
540080,NARAYANI    ,B ,Q,7.40,7.78,7.06,7.28,7.34,7.43,282,54970,393185.00,
540081,GOVNOW      ,T ,Q,13.35,13.35,13.35,13.35,13.35,14.05,1,1,13.00,
540097,VISCO       ,XT,Q,48.50,48.50,48.35,48.35,48.35,46.20,16,607,29348.00,
540108,TIAANC      ,X ,Q,7.51,7.51,7.00,7.01,7.16,7.23,99,12106,85777.00,
540115,LTTS        ,A ,Q,4502.20,4643.00,4444.00,4609.20,4639.30,4607.50,2538,17948,82279264.00,
540124,GNA         ,B ,Q,479.50,479.50,461.65,470.00,469.50,479.40,4435,45660,21339762.00,
540125,RADHIKAJWE  ,B ,Q,157.15,157.15,142.25,145.95,145.95,152.15,193,54568,7959401.00,
540133,ICICIPRULI  ,A ,Q,439.25,455.65,435.50,447.15,447.25,452.50,5649,118094,52586452.00,
540134,IISL        ,XT,Q,3.85,3.95,3.73,3.73,3.73,3.92,55,9047,34611.00,
540135,ARCFIN      ,XT,Q,44.85,44.85,44.85,44.85,44.85,47.20,388,16990,762001.00,
540136,HPL         ,B ,Q,57.60,61.40,57.60,60.25,60.25,61.65,562,41244,2480309.00,
540143,SAGARSOFT   ,X ,Q,180.00,183.95,175.00,183.50,183.50,184.15,31,463,83068.00,
540145,VALIANTORG  ,A ,Q,864.80,875.65,831.15,857.75,857.00,883.70,2726,17825,15254371.00,
540146,ACML        ,M ,Q,45.00,47.75,45.00,47.00,47.00,47.00,9,29000,1354750.00,
540153,ENDURANCE   ,A ,Q,1167.00,1167.00,1084.00,1135.05,1135.05,1174.25,4334,22284,24723170.00,
540154,IDFSENSEXE  ,A ,Q,572.00,572.00,551.00,556.40,556.40,574.70,24,120,66583.00,
540159,PURPLE      ,X ,Q,10.97,10.97,10.06,10.95,10.95,10.58,22,18544,187295.00,
540168,SUPRAP      ,X ,Q,29.25,34.35,27.00,31.20,31.80,29.25,58,7009,205916.00,
540173,PNBHOUSING  ,A ,Q,409.00,433.00,396.60,426.25,426.25,402.90,4586,130875,55163868.00,
540174,SOUTHERNIN  ,XT,Q,16.84,16.84,16.84,16.84,16.84,16.04,9,409,6887.00,
540175,REGENCY     ,X ,Q,10.85,10.85,10.50,10.50,10.50,11.00,10,1855,19571.00,
540180,VBL         ,A ,Q,916.00,916.00,876.30,902.25,904.80,931.85,4993,34112,30568619.00,
540181,SALEM       ,XT,Q,68.35,68.35,68.35,68.35,68.35,65.10,2,1050,71767.00,
540192,LKPSEC      ,X ,Q,14.80,15.25,13.85,14.75,14.75,14.69,142,45102,648650.00,
540198,OSIAJEE     ,XT,Q,51.90,51.90,49.35,49.35,49.35,51.90,186,11036,556918.00,
540203,SFL         ,A ,Q,3379.00,3757.00,3303.90,3566.85,3566.85,3379.05,1139,3327,11360081.00,
540204,EIKO        ,XT,Q,50.35,55.60,50.35,55.60,55.60,53.00,11,807,40637.00,
540205,AVL         ,B ,Q,717.45,717.45,682.00,684.95,694.50,717.45,222,2009,1388048.00,
540210,TMRVL       ,B ,Q,15.85,15.85,14.75,15.65,15.85,15.90,189,16106,247821.00,
540212,TCIEXP      ,A ,Q,1695.00,1777.75,1638.00,1737.80,1751.00,1699.15,1304,3536,5952708.00,
540222,LAURUSLABS  ,A ,Q,532.70,532.70,521.55,528.00,528.00,536.45,3089,137991,72863919.00,
540243,NEWLIGHT    ,X ,Q,20.75,20.75,19.00,19.55,19.65,19.85,73,10854,213362.00,
540252,VSL         ,B ,Q,116.40,117.70,106.50,108.40,108.40,112.10,2047,69951,7751955.00,
540253,SNTCL       ,XT,Q,2.02,2.15,2.02,2.15,2.15,2.12,8,1802,3809.00,
540254,MTPL        ,XT,Q,11.02,11.02,10.20,10.20,10.20,10.70,8,1166,12015.00,
540259,SHANGAR     ,XT,Q,6.09,6.09,5.71,5.94,5.94,5.94,82,10504,61797.00,
540266,GLCL        ,Z ,Q,17.95,17.95,16.30,16.30,16.30,17.15,7,614,10267.00,
540268,DHANVARSHA  ,X ,Q,121.90,121.90,111.90,117.40,117.40,122.45,243,21543,2518552.00,
540293,PRICOLLTD   ,A ,Q,105.00,108.40,102.50,103.65,104.05,107.00,2325,234297,24801331.00,
540310,CFL         ,XT,Q,8.26,8.26,8.26,8.26,8.26,8.69,5,47,388.00,
540311,JITFINFRA   ,T ,Q,125.00,130.20,124.55,124.95,124.90,131.10,53,5897,736040.00,
540359,PARMAX      ,XT,Q,44.95,44.95,42.75,42.75,42.75,45.00,12,207,8873.00,
540360,LLFICL      ,X ,Q,70.00,71.50,67.40,67.60,69.40,67.95,57,30546,2074214.00,
540361,DANUBE      ,XT,Q,20.10,21.10,19.20,21.05,19.40,20.10,21,7815,154528.00,
540366,RADIOCITY   ,B ,Q,22.10,22.70,21.90,22.20,22.30,22.80,211,11330,251752.00,
540376,DMART       ,A ,Q,4010.00,4174.95,3970.00,3990.85,3990.85,4108.45,7328,37833,153310765.00,
540377,IFL         ,M ,Q,30.05,30.05,30.05,30.05,30.05,30.30,1,6000,180300.00,
540385,KDLL        ,XT,Q,19.10,19.20,19.05,19.05,19.05,19.30,6,11000,210350.00,
540386,ONTIC       ,X ,Q,15.45,16.75,14.50,15.40,15.40,15.45,183,17211,265090.00,
540393,SMLT        ,B ,Q,100.35,110.00,98.90,99.15,98.90,107.00,130,21082,2124241.00,
540395,CHEMCRUX    ,M ,Q,140.05,145.85,140.05,145.85,145.85,148.65,4,3000,431925.00,
540396,MANOMAY     ,M ,Q,66.00,66.00,62.00,63.00,63.00,64.35,4,16000,1014000.00,
540401,MAXIMUS     ,B ,Q,99.90,100.50,99.00,99.00,99.00,101.30,16,2025,201978.00,
540403,CLEDUCATE   ,B ,Q,116.75,119.50,114.75,115.50,115.60,118.00,69,2283,266150.00,
540405,OCEANIC     ,T ,Q,62.50,62.50,62.50,62.50,62.50,62.50,1,10,625.00,
540425,SHANKARA    ,A ,Q,704.00,706.70,651.05,655.95,651.05,704.40,2386,41488,28436666.00,
540481,CLFL        ,X ,Q,22.70,22.70,22.70,22.70,22.70,23.85,1,89,2020.00,
540492,STARLENT    ,B ,Q,87.90,92.95,86.10,89.55,90.05,87.50,53,989,88470.00,
540497,SCHAND      ,B ,Q,101.75,105.15,99.20,102.95,103.25,106.50,368,7645,788553.00,
540519,MEERA       ,B ,Q,80.55,98.65,80.55,93.30,93.10,100.45,420,91179,8210787.00,
540526,IRBINVIT    ,IF,Q,54.09,54.44,53.20,53.54,53.53,54.09,436,78977,4244716.00,
540530,HUDCO       ,A ,Q,33.45,33.45,32.70,33.15,33.25,33.70,2340,349026,11534056.00,
540544,PSPPROJECT  ,B ,Q,489.00,496.80,479.00,481.25,483.00,498.70,918,12761,6216193.00,
540545,BGJL        ,T ,Q,21.75,21.75,21.30,21.75,21.75,20.75,189,28030,609603.00,
540565,INDIGRID    ,IF,Q,143.25,145.20,142.00,142.94,142.50,144.61,882,51987,7465514.00,
540570,VARIMAN     ,XT,Q,179.00,180.00,164.00,171.00,172.00,172.35,294,23138,3925316.00,
540575,STARCEMENT  ,A ,Q,88.35,88.35,85.55,86.05,86.05,88.15,356,8891,767668.00,
540595,TEJASNET    ,A ,Q,395.00,395.00,378.40,378.40,378.40,398.30,1518,78538,29866363.00,
540596,ERIS        ,A ,Q,676.00,676.00,649.10,656.50,659.10,673.30,4016,28921,19313219.00,
540597,CONTAINER   ,XT,Q,2.91,3.05,2.91,3.05,3.05,3.88,17,302000,879100.00,
540602,GTPL        ,B ,Q,192.50,203.00,192.50,198.60,200.40,203.65,328,5066,1007959.00,
540611,AUBANK      ,A ,Q,1105.00,1105.00,1051.60,1065.15,1067.85,1124.85,4655,54358,58266709.00,
540612,ICICILOVOL  ,B ,Q,129.10,133.00,125.32,126.68,132.50,129.63,350,3316,421530.00,
540614,GGENG       ,B ,Q,8.00,8.00,7.34,7.34,7.34,7.72,1479,1632250,12029149.00,
540615,7NR         ,B ,Q,18.50,21.00,17.60,21.00,21.00,19.10,725,487034,10141736.00,
540621,BHAGYAPROP  ,B ,Q,29.70,30.75,26.50,30.75,30.75,30.55,29,3701,107712.00,
540642,SALASAR     ,B ,Q,238.95,244.40,230.90,234.20,236.80,241.55,870,9737,2298351.00,
540647,GANGESSEC   ,B ,Q,110.30,110.30,100.95,103.00,103.00,107.85,110,1870,197079.00,
540648,PALASHSEC   ,T ,Q,104.55,104.55,104.50,104.50,104.50,110.00,13,464,48493.00,
540649,AVADHSUGAR  ,B ,Q,588.00,614.45,568.20,606.20,606.20,587.95,2302,39839,23709712.00,
540650,MAGADHSUGAR ,B ,Q,290.50,290.50,274.75,280.75,280.20,282.00,342,6611,1850339.00,
540652,CTCL        ,M ,Q,30.00,36.70,28.35,36.70,36.70,33.00,4,24000,750300.00,
540653,SINTEXPLAST ,T ,Q,7.51,7.80,7.51,7.51,7.51,7.90,974,524082,3949065.00,
540654,GSTL        ,B ,Q,49.15,53.65,48.85,52.15,52.50,51.40,274,25602,1308761.00,
540669,UTINEXT50   ,B ,Q,41.50,42.99,39.12,39.62,39.62,42.11,372,19772,798000.00,
540673,SIS         ,A ,Q,443.25,443.25,431.70,434.60,435.80,445.50,848,10258,4479556.00,
540678,COCHINSHIP  ,A ,Q,289.70,289.70,283.60,286.10,286.10,289.15,1574,34631,9877232.00,
540679,SMSLIFE     ,B ,Q,687.40,688.00,670.00,683.70,683.70,703.35,23,54,36722.00,
540680,KIOCL       ,B ,Q,238.35,243.85,230.00,231.20,231.45,240.40,614,8283,1952213.00,
540686,SMRUTHIORG  ,X ,Q,243.00,243.00,230.55,236.05,236.05,246.95,209,13815,3261387.00,
540691,ABCAPITAL   ,A ,Q,100.00,100.75,96.85,98.65,98.65,103.20,6955,669581,66224077.00,
540692,APEX        ,B ,Q,255.00,265.50,255.00,262.25,261.95,269.05,874,15515,4070562.00,
540693,SHISHIND    ,T ,Q,96.00,100.95,95.95,100.90,100.95,101.00,20,834,82624.00,
540694,ANG         ,B ,Q,282.50,282.50,270.10,270.10,270.10,284.30,347,28064,7731908.00,
540695,DWL         ,MT,Q,313.00,313.00,313.00,313.00,313.00,315.00,1,1500,469500.00,
540696,KCDGROUP    ,X ,Q,50.20,50.20,50.20,50.20,50.20,51.20,2,24,1204.00,
540697,AMFL        ,XT,Q,1.52,1.52,1.45,1.45,1.45,1.52,66,36055,52279.00,
540699,DIXON       ,A ,Q,4050.00,4090.00,3934.55,4058.15,4058.15,4156.75,9714,46678,187517641.00,
540700,BRNL        ,T ,Q,32.75,32.75,31.15,31.15,31.15,32.75,69,5584,174295.00,
540701,DCAL        ,A ,Q,162.65,164.35,152.50,154.10,155.65,165.00,3265,189895,30013474.00,
540702,LASA        ,B ,Q,45.15,52.50,44.50,46.40,47.30,47.60,842,112551,5368603.00,
540704,MATRIMONY   ,A ,Q,690.35,722.00,682.05,700.40,710.00,705.30,415,1769,1238495.00,
540709,RELHOME     ,T ,Q,4.59,4.59,4.17,4.48,4.54,4.38,529,295489,1295217.00,
540710,CAPACITE    ,A ,Q,125.50,126.30,120.15,123.20,123.00,129.50,1092,27516,3397618.00,
540716,ICICIGI     ,A ,Q,1215.00,1226.55,1192.00,1207.00,1205.70,1218.25,4032,34727,41941442.00,
540717,PQIF        ,X ,Q,57.60,57.95,56.00,57.95,57.95,55.20,297,13294,763845.00,
540718,AKM         ,M ,Q,34.35,34.40,34.35,34.40,34.40,42.90,3,18000,618600.00,
540719,SBILIFE     ,A ,Q,1040.00,1047.65,1023.85,1028.35,1028.70,1056.35,2759,39842,41143738.00,
540724,DIAMONDYD   ,B ,Q,714.65,722.90,698.50,709.60,715.20,706.85,306,2497,1771505.00,
540725,SISL        ,B ,Q,1043.30,1053.00,1019.25,1031.50,1053.00,1048.60,316,2694,2801342.00,
540726,TTFL        ,T ,Q,63.80,65.00,60.80,64.85,64.85,64.00,101,8539,544691.00,
540727,POOJA       ,B ,Q,42.20,42.20,38.20,41.00,41.00,40.20,741,56987,2285037.00,
540728,SAYAJIIND   ,X ,Q,203.00,203.00,203.00,203.00,203.00,208.00,1,80,16240.00,
540729,VANTABIO    ,M ,Q,108.50,125.45,108.50,125.45,125.45,121.00,2,3750,419587.00,
540730,MEHAI       ,B ,Q,41.00,41.50,37.75,41.40,41.35,41.55,36,1894,76775.00,
540735,IRIS        ,B ,Q,94.75,103.55,94.75,99.20,98.50,106.55,106,2303,228824.00,
540737,SGRL        ,B ,Q,253.05,266.00,250.00,263.55,264.00,263.00,216,4399,1131598.00,
540738,STL         ,B ,Q,191.00,195.00,182.35,182.35,182.35,191.90,38,6115,1160382.00,
540743,GODREJAGRO  ,A ,Q,485.00,488.05,467.20,471.00,470.05,483.50,2796,55620,26496330.00,
540744,MESCON      ,Z ,Q,10.06,10.48,9.50,9.52,9.52,9.99,55,83749,801067.00,
540749,MASFIN      ,A ,Q,540.00,554.00,528.00,548.30,554.00,556.85,1540,9089,4865926.00,
540750,IEX         ,A ,Q,205.55,209.85,201.55,207.80,207.80,211.05,10080,604934,123849158.00,
540755,GICRE       ,A ,Q,113.00,113.65,111.10,112.15,112.15,114.00,1525,72321,8122839.00,
540756,KAARYAFSL   ,M ,Q,22.00,23.00,22.00,23.00,23.00,25.20,2,6000,135000.00,
540757,SCPL        ,M ,Q,296.00,296.00,270.55,291.45,295.30,286.55,15,15200,4335240.00,
540762,TIINDIA     ,A ,Q,1490.00,1520.00,1463.35,1513.10,1513.50,1489.45,2036,11840,17748758.00,
540767,NAM-INDIA   ,A ,Q,300.45,300.45,282.00,285.20,290.00,299.25,2092,53828,15512126.00,
540768,MAHLOG      ,A ,Q,425.00,425.00,405.95,409.20,409.20,417.95,1546,14250,5828250.00,
540769,NIACL       ,A ,Q,114.55,118.15,113.30,114.20,114.20,115.80,1775,30748,3538949.00,
540774,IFGLEXPOR   ,B ,Q,256.35,259.00,251.00,252.85,254.45,263.35,156,3588,913937.00,
540775,KHADIM      ,B ,Q,236.00,236.25,226.00,227.10,226.00,236.25,250,2826,655178.00,
540776,5PAISA      ,B ,Q,320.15,327.00,303.00,306.35,308.00,326.60,571,5743,1786100.00,
540777,HDFCLIFE    ,A ,Q,507.00,520.20,498.00,503.45,503.45,521.65,26535,458406,232904234.00,
540782,SBRANDS     ,M ,Q,15.40,15.40,15.40,15.40,15.40,16.20,1,1000,15400.00,
540786,SHARIKA     ,T ,Q,18.25,18.25,18.25,18.25,18.25,19.20,179,15644,285503.00,
540787,ICICIB22    ,A ,Q,46.68,47.01,45.82,46.74,46.74,46.88,184,20053,929291.00,
540788,ASPIRA      ,X ,Q,81.80,85.80,77.80,83.15,85.80,81.80,13,647,53412.00,
540789,DNAMEDIA    ,T ,Q,1.94,1.94,1.94,1.94,1.94,2.04,4,5000,9700.00,
540795,DYNAMIC     ,B ,Q,123.00,123.00,117.10,118.55,118.55,123.25,489,32577,3846288.00,
540796,RATNABHUMI  ,T ,Q,98.50,98.50,98.50,98.50,98.50,93.85,11,379,37331.00,
540797,SHALBY      ,B ,Q,123.00,123.00,118.20,121.65,121.50,124.30,590,9874,1193306.00,
540798,FSC         ,B ,Q,69.00,69.00,65.45,65.60,65.60,68.10,240,8026,534534.00,
540809,MRCEXIM     ,M ,Q,52.85,54.95,52.85,54.95,54.95,55.60,2,16000,862400.00,
540823,VITESSE     ,XT,Q,110.25,110.25,99.75,102.75,102.75,105.00,12,230,23437.00,
540824,ASTRON      ,B ,Q,38.10,39.20,38.00,38.60,38.00,39.45,239,4551,175491.00,
540829,CHANDRIMA   ,X ,Q,4.28,4.28,4.28,4.28,4.28,4.50,5,1041,4455.00,
540850,JFL         ,MT,Q,7.59,7.59,7.59,7.59,7.59,7.98,1,2000,15180.00,
540874,7SEAS       ,X ,Q,17.25,17.35,16.05,16.40,16.75,16.90,49,3397,56394.00,
540879,APOLLO      ,T ,Q,118.80,118.80,114.45,115.10,114.45,120.45,378,10647,1224757.00,
540900,NEWGEN      ,A ,Q,504.00,507.05,486.00,490.90,494.40,499.45,1752,14621,7223368.00,
540901,PRAXIS      ,B ,Q,53.05,54.65,51.15,53.65,53.65,53.80,43,2436,128608.00,
540902,AMBER       ,A ,Q,3450.00,3496.45,3318.45,3354.65,3318.45,3488.55,1768,4631,15629964.00,
540923,AML         ,M ,Q,6.88,8.32,6.88,8.32,8.32,7.64,3,24000,183120.00,
540935,GALAXYSURF  ,A ,Q,2720.05,2723.00,2657.60,2704.65,2711.50,2742.75,609,1653,4447402.00,
540936,GGL         ,T ,Q,13.45,14.00,13.26,13.26,13.26,13.95,186,54210,727191.00,
540937,MEDICO      ,M ,Q,76.75,81.00,76.75,79.50,81.00,80.75,3,3600,286140.00,
540954,IWP         ,X ,Q,35.00,37.00,34.50,36.90,36.90,35.00,227,62508,2244393.00,
540955,TDSL        ,B ,Q,22.20,22.80,20.60,22.40,22.50,22.20,86,7821,173410.00,
540956,BHATIA      ,T ,Q,25.30,25.30,25.30,25.30,25.30,26.60,181,41195,1042233.00,
540961,SHIVAMILLS  ,B ,Q,111.45,111.45,109.20,109.20,109.20,114.90,30,875,96231.00,
540975,ASTERDM     ,A ,Q,164.00,165.20,158.00,162.40,162.40,166.60,2145,75763,12206617.00,
540980,YSL         ,X ,Q,13395.00,13489.80,12210.05,13489.80,13489.80,12850.00,5,6,76909.00,
541005,KANCOTEA    ,X ,Q,79.90,79.95,78.00,79.15,79.25,78.80,9,750,59719.00,
541006,ANGEL       ,M ,Q,24.45,25.00,24.40,25.00,25.00,25.65,3,12000,295400.00,
541019,HGINFRA     ,A ,Q,550.00,555.00,528.55,531.95,532.00,562.40,1930,17344,9371663.00,
541070,AXISCBDPD   ,B ,Q,16.00,16.40,15.15,16.00,16.00,15.00,17,10695,166193.00,
541071,AXISCBGPG   ,B ,Q,13.65,15.00,13.50,14.80,14.80,15.00,23,49451,701669.00,
541083,INFLAME     ,M ,Q,345.00,364.90,344.85,344.85,344.85,363.00,17,8500,2956025.00,
541096,BPLPHARMA   ,XT,Q,339.00,339.00,318.40,324.00,324.00,335.15,64,1185,379541.00,
541097,LIQUIDETF   ,F ,Q,1000.00,1000.01,999.99,1000.00,1000.00,1000.00,140,49943,49942991.00,
541143,BDL         ,A ,Q,457.00,457.00,438.55,444.80,452.00,456.90,3596,77329,34628376.00,
541144,ACTIVE      ,M ,Q,22.95,25.20,20.25,24.80,24.80,25.20,12,24000,525200.00,
541153,BANDHANBNK  ,A ,Q,264.00,265.10,250.50,253.80,253.80,273.25,15961,719571,184623128.00,
541154,HAL         ,A ,Q,1355.00,1362.85,1304.55,1322.50,1322.50,1372.40,3497,26671,35580772.00,
541161,KBCGLOBAL   ,B ,Q,11.21,11.22,10.50,10.73,10.70,11.56,1833,1170591,12762384.00,
541163,SANDHAR     ,B ,Q,215.85,215.85,200.00,203.40,203.50,214.45,602,9089,1861078.00,
541167,YASHO       ,T ,Q,1751.55,1751.55,1664.10,1682.15,1682.15,1751.65,1981,14277,24064889.00,
541178,BENARA      ,M ,Q,12.31,14.15,12.31,14.15,14.15,13.48,2,4000,52920.00,
541179,ISEC        ,A ,Q,605.00,612.40,575.50,591.40,591.40,613.10,3791,36474,21823252.00,
541195,MIDHANI     ,A ,Q,180.00,180.00,171.20,172.15,172.15,175.75,961,27356,4801627.00,
541196,LEX         ,M ,Q,46.40,46.40,34.55,34.55,34.55,40.25,2,8000,323800.00,
541206,OBCL        ,M ,Q,181.50,181.50,175.85,175.85,175.85,185.10,7,14000,2485900.00,
541233,LEMONTREE   ,A ,Q,51.05,53.95,50.60,53.05,53.05,52.40,6953,1085469,57495652.00,
541269,CHEMFABALKA ,B ,Q,166.00,170.05,166.00,169.00,169.00,173.75,75,791,133239.00,
541276,HARDWYN     ,M ,Q,87.85,87.85,87.85,87.85,87.85,92.45,2,5000,439250.00,
541301,ORIENTELEC  ,A ,Q,315.05,322.00,314.20,316.20,317.00,320.35,1540,14936,4748995.00,
541302,DHRUV       ,B ,Q,48.30,49.90,48.00,49.90,49.90,51.00,64,3800,186200.00,
541303,AKSHAR      ,M ,Q,44.20,48.50,44.20,46.85,48.50,46.30,6,18000,833850.00,
541304,INDOUS      ,M ,Q,71.25,71.25,66.25,66.25,66.25,70.05,2,3000,206250.00,
541313,ICICI500    ,A ,Q,23.69,23.69,22.50,22.67,22.50,23.15,171,51725,1175017.00,
541336,INDOSTAR    ,A ,Q,220.00,222.55,213.00,216.35,217.15,221.00,321,11373,2458038.00,
541338,UHZAVERI    ,M ,Q,16.10,16.10,15.50,15.50,15.50,16.10,2,6000,94800.00,
541347,PARVATI     ,XT,Q,12.39,12.40,11.26,12.19,12.19,11.85,140,27178,320323.00,
541352,MEGASTAR    ,B ,Q,126.00,126.00,121.30,121.30,121.30,127.65,23,1391,168886.00,
541353,INNOVATORS  ,M ,Q,65.00,67.80,63.55,64.75,65.00,66.00,6,9600,628080.00,
541358,SHWL        ,XT,Q,208.00,208.00,208.00,208.00,208.00,204.00,9,4500,936000.00,
541400,ZIMLAB      ,X ,Q,141.00,148.95,137.10,138.30,138.30,141.10,19,443,62143.00,
541402,AFFORDABLE  ,M ,Q,141.90,141.90,134.00,134.50,134.50,139.25,6,9600,1313360.00,
541403,DOLLAR      ,B ,Q,503.85,507.50,489.05,501.00,501.00,516.45,1381,15744,7863116.00,
541418,NGIL        ,T ,Q,238.00,254.95,237.90,237.90,237.90,250.40,10,179,42940.00,
541444,PALMJEWELS  ,T ,Q,14.39,14.50,13.26,14.48,14.39,13.86,56,8721,123954.00,
541445,WAA         ,M ,Q,40.50,43.00,37.95,41.85,40.90,41.25,20,35200,1469280.00,
541450,ADANIGREEN  ,A ,Q,1864.95,1870.00,1785.00,1803.40,1809.05,1891.20,3713,34637,63152721.00,
541503,UNICK       ,XT,Q,39.90,40.00,39.90,40.00,40.00,42.00,4,261,10435.00,
541540,SOLARA      ,A ,Q,689.25,709.30,665.40,686.90,703.60,688.30,363,4005,2732501.00,
541546,GAYAHWS     ,T ,Q,0.90,0.90,0.86,0.90,0.90,0.86,19,100654,90508.00,
541556,RITES       ,A ,Q,251.90,251.90,242.55,244.70,246.40,248.20,1387,8189,2004628.00,
541557,FINEORG     ,A ,Q,4030.00,4030.00,3860.00,3886.85,3888.60,4058.20,1208,4242,16629593.00,
541578,VARROC      ,A ,Q,311.00,311.00,283.00,288.90,288.90,313.25,2898,49432,14573945.00,
541601,RAJNISH     ,MT,Q,45.00,46.70,44.65,46.65,46.70,46.95,12,37800,1723140.00,
541627,HITECHWIND  ,XT,Q,3.16,3.16,3.02,3.15,3.15,3.17,41,300374,910529.00,
541634,RAWEDGE     ,T ,Q,44.90,44.90,43.20,44.90,44.90,45.45,20,50700,2276245.00,
541700,TCNSBRANDS  ,A ,Q,679.20,701.70,660.80,672.20,670.40,690.15,201,854,578578.00,
541702,ASHNI       ,XT,Q,12.32,12.92,11.73,12.30,12.30,12.32,10,873,10781.00,
541729,HDFCAMC     ,A ,Q,2040.00,2069.00,1988.00,2039.05,2039.05,2086.80,8158,45809,92558805.00,
541735,VIVANTA     ,XT,Q,22.60,23.45,21.50,21.50,21.50,22.60,203,13750,300105.00,
541741,TINNATFL    ,XT,Q,27.85,29.10,27.85,29.10,29.10,29.30,10,364,10161.00,
541770,CREDITACC   ,A ,Q,661.00,675.55,645.75,652.60,651.00,682.95,858,8026,5313665.00,
541771,AMINTAN     ,X ,Q,3.30,3.35,3.08,3.10,3.12,3.24,332,156409,489323.00,
541778,DEEP        ,B ,Q,489.90,490.05,468.60,468.60,468.60,493.25,1399,42083,19855649.00,
541804,IPRU3168    ,B ,Q,15.00,15.00,14.15,14.15,14.15,14.51,31,24769,354760.00,
541809,ICICINXT50  ,B ,Q,39.95,40.12,38.53,38.99,39.07,40.13,340,18427,720089.00,
541865,ASRL        ,B ,Q,107.75,110.95,107.10,107.10,107.10,112.70,1386,80664,8666384.00,
541890,SPACEINCUBA ,XT,Q,3.80,3.80,3.45,3.46,3.60,3.63,169,48573,172845.00,
541929,SGIL        ,B ,Q,152.85,155.80,148.75,155.25,155.70,151.60,29,611,94018.00,
541946,ICICILIQ    ,F ,Q,1000.00,1030.00,981.50,1000.00,1000.00,1000.00,120,11785,11766505.00,
541956,IRCON       ,A ,Q,40.00,40.05,39.25,39.55,39.55,40.10,2615,192545,7614252.00,
541967,SKYGOLD     ,M ,Q,218.00,218.00,190.00,197.60,200.05,224.10,6,7200,1422560.00,
541972,SETFSN50    ,A ,Q,475.00,475.00,442.00,447.85,446.00,465.00,75,3088,1430780.00,
541974,MANORAMA    ,B ,Q,1214.05,1222.90,1190.00,1202.55,1202.55,1232.70,249,5911,7108819.00,
541983,INNOVATIVE  ,M ,Q,11.75,12.24,11.15,11.15,11.15,11.73,149,242000,2817110.00,
541988,AAVAS       ,A ,Q,2619.95,2650.95,2411.00,2606.35,2610.00,2687.85,4477,19220,48731330.00,
541999,GENERAAGRI  ,XT,Q,4.50,4.63,4.45,4.63,4.63,4.65,10,1598,7187.00,
542011,GRSE        ,A ,Q,230.00,230.00,218.90,223.60,224.05,227.50,924,19861,4432608.00,
542012,AAL         ,M ,Q,212.00,215.00,206.00,214.00,214.00,215.00,42,35650,7468071.00,
542013,DOLFIN      ,M ,Q,75.00,75.00,72.00,72.00,72.00,72.10,3,6000,439000.00,
542019,SHUBHAM     ,B ,Q,180.00,180.00,175.25,175.25,175.25,184.45,8,223,39118.00,
542025,SUNRETAIL   ,M ,Q,1.16,1.16,1.07,1.12,1.12,1.11,28,1392000,1538880.00,
542034,SMGOLD      ,B ,Q,111.50,111.50,111.50,111.50,111.50,117.35,67,2009,224003.00,
542057,BCPL        ,B ,Q,43.40,43.40,40.30,41.00,41.00,43.45,360,49572,2037934.00,
542066,ATGL        ,A ,Q,1784.90,1790.10,1713.00,1714.75,1714.95,1803.00,1555,13533,23676243.00,
542117,NETRIPPLES  ,XT,Q,6.17,6.17,6.17,6.17,6.17,6.48,1,5,30.00,
542131,MAN50ETF    ,B ,Q,167.50,167.50,162.50,164.76,164.45,167.89,160,4480,733343.00,
542141,TECHNOE     ,A ,Q,229.65,233.20,224.10,231.65,232.50,234.95,468,7591,1750509.00,
542155,DGL         ,M ,Q,3.39,3.50,3.39,3.39,3.39,3.56,3,6000,20560.00,
542206,NIVAKA      ,XT,Q,8.57,8.58,7.80,8.00,8.00,8.18,39,62943,499496.00,
542216,DALBHARAT   ,A ,Q,1357.55,1365.20,1290.00,1331.65,1330.00,1407.25,4422,32057,42354807.00,
542230,ABSLNN50ET  ,B ,Q,38.85,40.40,38.30,38.57,38.60,40.00,152,6199,240460.00,
542231,NILASPACES  ,T ,Q,3.95,4.05,3.76,3.86,3.92,3.95,218,129334,499804.00,
542232,SRD         ,B ,Q,200.00,206.70,199.50,199.50,199.50,210.00,468,43468,8717862.00,
542233,TREJHARA    ,B ,Q,73.00,73.00,67.50,67.95,69.05,71.05,264,10886,753087.00,
542247,AXISCCGPG   ,B ,Q,14.70,15.90,14.70,15.90,15.90,16.20,4,16000,245050.00,
542248,DECCAN      ,M ,Q,31.20,33.10,31.15,32.45,32.45,31.65,29,98400,3098820.00,
542285,AXITA       ,M ,Q,120.00,120.95,116.60,120.95,120.95,122.20,11,39000,4642050.00,
542323,KPIGLOBAL   ,B ,Q,405.00,408.00,400.60,402.60,405.00,421.65,637,11015,4439776.00,
542333,RPSGVENT    ,A ,Q,576.95,590.00,562.80,566.65,569.70,592.10,658,4709,2738679.00,
542337,SPENCER     ,B ,Q,76.00,77.55,73.50,76.45,77.05,78.15,547,19558,1490721.00,
542351,GLOSTERLTD  ,X ,Q,920.50,943.80,911.05,921.10,920.00,936.80,37,9112,8458944.00,
542367,XELPMOC     ,B ,Q,290.75,293.80,278.20,279.70,279.35,293.05,381,3379,968124.00,
542383,RITCO       ,M ,Q,67.75,68.00,66.50,67.00,67.00,67.00,9,14400,972640.00,
542399,CHALET      ,A ,Q,259.95,265.15,252.65,256.90,255.65,262.25,1704,37052,9569508.00,
542437,ANMOL       ,B ,Q,218.15,219.15,213.00,214.05,217.50,219.00,532,8245,1777185.00,
542459,KRANTI      ,B ,Q,36.95,36.95,34.00,36.35,36.00,36.60,69,11099,394951.00,
542460,ANUP        ,B ,Q,808.00,808.00,761.25,771.55,776.10,821.80,1053,4920,3833459.00,
542484,ARVINDFASN  ,A ,Q,247.00,259.00,247.00,249.45,252.35,263.25,1747,36143,9103601.00,
542513,UTISXN50    ,B ,Q,45.40,47.25,45.40,47.25,47.25,46.80,25,227,10669.00,
542579,AGOL        ,B ,Q,66.00,66.00,61.05,62.10,62.60,64.20,395,330853,21242266.00,
542597,MSTC        ,A ,Q,293.20,300.85,290.55,296.55,298.85,301.70,1397,36093,10615889.00,
542602,EMBASSY     ,IF,Q,372.05,374.80,365.65,368.48,368.48,373.43,593,15838,5856364.00,
542627,CHANDNIMACH ,XT,Q,23.70,25.70,23.70,24.45,25.70,24.90,11,393,9343.00,
542649,RVNL        ,A ,Q,30.50,30.50,29.70,29.95,30.05,30.65,1896,339059,10182360.00,
542650,METROPOLIS  ,A ,Q,1892.00,1892.00,1805.40,1861.40,1881.05,1899.20,3044,18697,34540113.00,
542651,KPITTECH    ,A ,Q,527.00,560.95,527.00,543.50,543.50,546.45,12325,254830,138223792.00,
542652,POLYCAB     ,A ,Q,2200.00,2237.30,2164.00,2205.35,2205.35,2255.60,9082,44445,97776526.00,
542653,JINAAM      ,MT,Q,2.50,2.60,2.50,2.57,2.57,2.63,10,28000,71440.00,
542654,VRFILMS     ,M ,Q,458.65,480.00,436.85,436.85,436.85,459.80,7,3500,1588925.00,
542655,VIKASLIFE   ,T ,Q,4.95,4.95,4.75,4.76,4.76,5.00,3891,1795241,8587593.00,
542665,NEOGEN      ,B ,Q,1599.90,1620.00,1537.95,1605.50,1579.30,1599.95,1534,7526,11810850.00,
542666,GKP         ,B ,Q,151.20,157.45,139.90,151.00,150.00,148.20,437,46134,6793204.00,
542667,WORL        ,T ,Q,853.00,854.10,830.00,849.15,830.00,813.45,372,128676,109721369.00,
542668,EVANS       ,M ,Q,80.20,84.00,78.00,82.35,80.00,86.20,14,8500,681200.00,
542669,BMW         ,X ,Q,27.50,27.50,25.50,26.65,26.75,27.05,282,12172,322036.00,
542670,AEPL        ,B ,Q,52.55,52.55,49.45,50.60,50.60,52.70,48,885,45083.00,
542677,MAHESH      ,X ,Q,12.99,12.99,12.95,12.95,12.95,12.40,2,11,142.00,
542678,CHCL        ,M ,Q,19.75,19.75,19.15,19.15,19.15,20.15,3,6000,116100.00,
542679,DEL         ,X ,Q,18.75,18.75,17.15,17.15,17.15,18.75,19,25002,438260.00,
542682,HARISH      ,X ,Q,45.05,47.00,45.05,47.00,47.00,47.20,5,271,12637.00,
542684,PPL         ,B ,Q,166.80,166.80,157.75,159.40,160.15,161.50,335,4177,670638.00,
542721,ARL         ,B ,Q,48.35,49.75,46.25,47.95,48.25,47.40,462,42769,2086087.00,
542724,EARUM       ,B ,Q,6.70,6.75,6.26,6.34,6.40,6.55,892,171369,1093128.00,
542725,SBC         ,T ,Q,6.38,6.38,6.38,6.38,6.38,6.71,415,69522,443550.00,
542726,INDIAMART   ,A ,Q,4378.90,4378.90,4010.00,4031.75,4031.75,4402.75,4402,18244,75634911.00,
542727,CPML        ,M ,Q,68.25,68.25,68.25,68.25,68.25,71.80,2,8000,546000.00,
542729,DCMNVL      ,B ,Q,224.40,233.00,223.00,229.00,227.00,234.05,442,7421,1689089.00,
542730,ICICIBANKN  ,B ,Q,343.00,344.00,324.81,329.42,329.33,342.08,270,6286,2063226.00,
542747,NETFSNX150  ,A ,Q,42.00,49.50,42.00,44.31,44.50,46.97,167,10308,476873.00,
542752,AFFLE       ,A ,Q,1106.00,1165.00,1106.00,1147.90,1147.90,1158.60,9181,71804,81693215.00,
542753,SEACOAST    ,X ,Q,13.90,14.75,13.20,14.20,14.20,14.19,1040,838956,11747001.00,
542758,ICICIBANKP  ,B ,Q,169.10,172.50,163.00,166.98,165.00,173.04,440,4913,819939.00,
542759,SPANDANA    ,A ,Q,342.00,344.50,326.40,331.10,332.00,351.90,3360,78245,26217002.00,
542760,SWSOLAR     ,A ,Q,314.95,314.95,299.15,302.25,303.00,311.45,2038,67926,20609508.00,
542770,ALPHALOGIC  ,B ,Q,38.00,39.60,35.00,37.05,36.50,39.90,220,23009,841315.00,
542772,IIFLWAM     ,A ,Q,1600.00,1600.00,1440.00,1481.90,1476.55,1497.20,1380,16909,25154518.00,
542773,IIFLSEC     ,A ,Q,80.90,80.90,76.80,77.60,78.05,82.40,714,23048,1812396.00,
542774,APMFINVEST  ,X ,Q,51.10,52.25,51.00,51.95,52.25,53.55,93,8548,439312.00,
542801,MISQUITA    ,M ,Q,25.85,27.25,25.85,27.25,27.25,26.55,2,4000,106200.00,
542802,GALACTICO   ,M ,Q,59.25,59.25,46.85,55.50,55.50,53.50,5,15000,795900.00,
542803,ELLORATRAD  ,XT,Q,25.20,25.20,24.45,24.45,24.45,25.70,28,2576,63206.00,
542804,NIESSPJ     ,B ,Q,19.80,21.75,19.80,21.75,21.75,19.80,2,2,41.00,
542812,FLUOROCHEM  ,T ,Q,2445.00,2516.00,2442.45,2492.85,2492.85,2570.95,607,4500,11074637.00,
542817,NIEHSPI     ,B ,Q,2.80,2.80,2.80,2.80,2.80,2.62,2,11,30.00,
542830,IRCTC       ,A ,Q,740.00,740.00,708.70,718.05,718.05,747.25,87337,1239415,890880780.00,
542839,NIEHSPD     ,B ,Q,1.40,1.40,1.21,1.27,1.39,1.28,40,47688,60721.00,
542841,NIEHSPE     ,B ,Q,2.16,2.16,2.16,2.16,2.16,2.16,2,123,265.00,
542843,NIEHSPG     ,B ,Q,3.76,4.40,3.76,3.76,3.76,4.17,5,375,1438.00,
542844,NIEHSPH     ,B ,Q,2.29,2.29,2.07,2.29,2.29,2.29,14,1953,4134.00,
542845,NIEHSPJ     ,B ,Q,10.76,10.76,9.69,10.76,10.76,10.76,4,89,875.00,
542846,NIEHSPL     ,B ,Q,1.53,1.53,1.40,1.50,1.50,1.47,21,14735,22239.00,
542847,NIESSPL     ,B ,Q,1.08,1.11,0.97,1.03,1.03,1.03,49,98463,104984.00,
542848,NIESSPM     ,B ,Q,3.30,4.01,3.30,3.76,3.80,3.65,37,11096,42398.00,
542850,GOBLIN      ,M ,Q,21.85,21.85,21.85,21.85,21.85,21.85,3,22000,480700.00,
542851,GENSOL      ,M ,Q,259.85,260.00,241.55,247.00,247.00,254.25,28,72352,17816999.00,
542852,VISHWARAJ   ,B ,Q,22.20,22.85,21.25,22.45,22.50,22.90,4825,1590412,35061435.00,
542857,GREENPANEL  ,A ,Q,464.85,470.00,435.35,440.20,442.00,476.85,4394,89108,40083523.00,
542862,SHAHLON     ,X ,Q,17.35,18.50,17.00,17.40,17.20,17.70,57,5938,103217.00,
542863,ABSLBANETF  ,B ,Q,34.60,34.73,32.49,32.83,33.00,34.51,155,3705,122280.00,
542867,CSBBANK     ,A ,Q,211.40,218.20,201.30,210.15,212.15,215.55,1624,34206,7200738.00,
542871,ABCRSPRG    ,F ,Q,2.49,2.49,2.05,2.49,2.49,2.27,78,50716,123799.00,
542872,ABCRSPDG    ,F ,Q,2.36,2.59,2.36,2.59,2.59,2.36,12,3142,7965.00,
542884,ABMTSPRDG   ,F ,Q,1.12,1.12,1.12,1.12,1.12,1.12,1,64,71.00,
542887,ABMTSPRG    ,F ,Q,4.50,4.50,4.32,4.32,4.32,4.80,4,186,807.00,
542904,UJJIVANSFB  ,A ,Q,16.60,17.50,16.50,16.85,16.85,17.45,3084,708291,12004520.00,
542905,SHIL        ,A ,Q,366.00,385.60,360.00,368.50,369.90,388.60,2098,25443,9455215.00,
542906,EASUN       ,XT,Q,32.75,32.75,32.45,32.45,32.45,32.85,2,10,326.00,
542907,PRINCEPIPE  ,A ,Q,620.00,620.00,602.40,608.05,609.45,621.75,1786,18267,11102621.00,
542909,EBBETF0430  ,F ,Q,1194.00,1197.00,1192.10,1192.23,1192.18,1196.81,50,2218,2645613.00,
542910,VALENCIA    ,MS,Q,13.70,13.70,13.70,13.70,13.70,14.80,1,3000,41100.00,
542911,ASSAMENT    ,XT,Q,561.50,561.50,508.10,561.00,561.00,534.80,10,52,29132.00,
542918,GIANLIFE    ,M ,Q,127.95,127.95,118.65,118.65,118.65,124.85,9,15000,1807050.00,
542919,ARTEMISMED  ,B ,Q,39.40,40.65,38.00,38.80,39.05,40.70,84,4413,172586.00,
542920,SUMICHEM    ,A ,Q,355.00,368.50,355.00,365.25,362.45,367.65,1456,34083,12367567.00,
542921,ICICIM150   ,B ,Q,104.00,106.94,100.05,106.15,106.91,105.46,115,3792,393619.00,
542922,MANXT50ETF  ,B ,Q,393.00,395.00,377.75,382.00,382.00,392.57,146,5289,2016990.00,
542923,TRANWAY     ,MS,Q,16.65,16.65,15.15,15.15,15.15,15.90,17,170000,2647500.00,
542924,JANUSCORP   ,M ,Q,14.85,14.85,14.85,14.85,14.85,15.60,4,6000,89100.00,
542932,BIRLATYRES  ,B ,Q,21.60,22.10,21.00,21.55,21.55,21.60,601,48520,1046082.00,
542933,UNIVPHOTO   ,B ,Q,568.15,568.15,568.15,568.15,568.15,598.05,29,1646,935174.00,
542934,CBPL        ,M ,Q,96.00,105.85,96.00,105.50,105.50,100.85,7,15000,1470650.00,
542938,OCTAVIUSPL  ,XT,Q,54.00,58.00,52.95,58.00,58.00,55.70,14,2501,144349.00,
543064,SUVENPHAR   ,A ,Q,498.20,507.20,487.00,492.50,492.50,504.50,1343,13141,6561526.00,
543066,SBICARD     ,A ,Q,731.95,735.80,712.35,730.45,730.45,743.90,6140,100727,73033226.00,
543079,07GPG       ,F ,Q,1.51,1.67,1.51,1.67,1.67,1.67,6,2164,3267.00,
543087,09AGG       ,F ,Q,41.00,41.00,38.25,40.95,40.95,42.50,6,21,847.00,
543092,09GPG       ,F ,Q,1.60,1.63,1.44,1.62,1.62,1.60,6,802,1174.00,
543144,08MPD       ,B ,Q,3.96,3.96,3.30,3.70,3.70,3.60,53,7112,25494.00,
543147,08AMD       ,B ,Q,0.02,0.02,0.02,0.02,0.02,0.00,2,5727,114.00,
543150,08GPG       ,B ,Q,1.37,1.49,1.37,1.38,1.37,1.45,73,38401,54004.00,
543165,10ARD       ,F ,Q,7.22,7.22,5.92,6.02,6.02,6.57,16,3040,18899.00,
543167,10GPG       ,F ,Q,1.11,1.11,1.03,1.07,1.08,1.02,33,46630,50267.00,
543172,COSPOWER    ,M ,Q,80.00,80.00,71.50,71.50,71.50,75.90,2,4000,303000.00,
543173,11DPR       ,B ,Q,7.01,7.74,7.01,7.72,7.74,7.74,3,62,436.00,
543174,11GPG       ,B ,Q,2.11,2.14,2.00,2.12,2.14,1.95,45,33002,69542.00,
543175,11MPD       ,B ,Q,2.41,2.41,2.18,2.31,2.31,2.28,34,3042,6853.00,
543177,11QPD       ,B ,Q,2.41,2.41,2.01,2.01,2.01,2.20,20,1314,2823.00,
543181,11AGG       ,B ,Q,7.25,7.25,7.00,7.09,7.00,7.28,8,328,2364.00,
543182,11AMD       ,B ,Q,5.25,5.40,5.25,5.25,5.25,5.83,12,2084,11139.00,
543186,11DPD       ,B ,Q,3.19,3.19,2.76,3.10,3.10,2.96,13,445,1353.00,
543187,POWERINDIA  ,A ,Q,3500.00,3534.65,3268.05,3277.15,3277.15,3572.10,2807,10980,37272493.00,
543193,DJML        ,M ,Q,106.90,107.65,106.70,107.65,107.65,102.55,25,25000,2680750.00,
543207,NATURAL     ,X ,Q,11.00,11.00,10.35,10.79,10.80,10.89,210,40742,425951.00,
543209,BILLWIN     ,M ,Q,26.05,26.05,25.50,25.50,25.50,28.30,4,12000,310950.00,
543210,AARTISURF   ,B ,Q,800.00,800.00,765.10,771.20,765.10,806.00,351,1076,834602.00,
543212,BOROLTD     ,T ,Q,323.70,325.00,315.35,315.35,315.35,331.90,558,10745,3404024.00,
543213,ROSSARI     ,A ,Q,925.00,925.00,889.10,899.75,898.20,937.70,1249,5779,5214240.00,
543214,NDRAUTO     ,B ,Q,365.00,401.30,365.00,391.30,390.00,398.25,217,4688,1816856.00,
543215,EBBETF0425  ,F ,Q,1085.00,1085.00,1085.00,1085.00,1085.00,1083.23,3,23,24955.00,
543216,EBBETF0431  ,F ,Q,1065.00,1066.00,1062.50,1062.50,1062.50,1065.00,10,12,12767.00,
543217,MINDSPACE   ,IF,Q,355.00,355.75,350.00,352.72,352.72,353.91,374,4631,1634498.00,
543218,SBGLP       ,M ,Q,169.10,169.10,169.10,169.10,169.10,178.00,1,2000,338200.00,
543219,ICICIALPLV  ,B ,Q,160.50,161.70,155.10,159.69,158.00,160.96,119,2286,361180.00,
543220,MAXHEALTH   ,A ,Q,359.95,359.95,340.00,345.35,345.35,358.60,3571,73839,25405683.00,
543221,ICICITECH   ,B ,Q,349.00,355.75,343.15,351.27,349.69,349.47,1006,23242,8136412.00,
543223,MAXINDIA    ,B ,Q,74.10,74.65,73.95,74.25,74.05,74.65,50,1143,84891.00,
543224,HBANKETF    ,B ,Q,345.19,345.19,329.00,345.00,345.00,345.19,99,1497,500826.00,
543226,UTIBANKETF  ,B ,Q,34.43,34.90,32.75,32.82,33.16,34.90,447,245933,8178659.00,
543227,HAPPSTMNDS  ,B ,Q,950.00,966.45,918.85,948.50,948.50,976.50,6025,41865,39556207.00,
543228,ROUTE       ,A ,Q,1495.00,1538.95,1494.95,1523.35,1536.90,1536.60,3709,22807,34599026.00,
543230,ADVAIT      ,M ,Q,119.50,119.50,116.00,118.00,118.00,121.75,3,6000,707000.00,
543231,ADL         ,T ,Q,40.65,44.00,40.65,43.60,44.00,42.75,10,769,31444.00,
543232,CAMS        ,A ,Q,2335.00,2416.60,2335.00,2388.35,2385.00,2420.80,5071,24667,58831553.00,
543233,CHEMCON     ,B ,Q,270.00,270.00,262.30,267.15,267.15,269.90,612,7624,2024807.00,
543234,SECMARK     ,M ,Q,126.00,126.00,123.00,123.00,123.00,126.00,4,4000,497950.00,
543235,ANGELONE    ,A ,Q,1299.90,1299.90,1250.90,1254.95,1257.50,1309.45,2063,19348,24543316.00,
543237,MAZDOCK     ,A ,Q,242.50,242.50,235.25,240.40,240.40,241.85,1396,30407,7259354.00,
543238,UTIAMC      ,A ,Q,855.50,886.75,818.35,824.90,823.80,844.90,2621,29539,25055601.00,
543240,LIKHITHA    ,B ,Q,275.05,293.45,275.05,286.85,287.95,296.10,457,10898,3120201.00,
543242,HEMIPROP    ,A ,Q,104.95,104.95,100.40,101.90,101.90,105.60,1969,120338,12244944.00,
543243,EQUITASBNK  ,A ,Q,44.75,48.70,44.75,47.55,47.55,48.75,3008,185506,8786376.00,
543245,GLAND       ,A ,Q,3242.00,3245.20,3134.75,3196.10,3196.40,3244.05,1131,3817,12180534.00,
543246,MAESGETF    ,B ,Q,27.59,27.59,25.80,27.06,27.06,27.60,85,7469,200865.00,
543248,RBA         ,A ,Q,104.20,105.05,101.50,103.10,103.20,107.05,1742,63216,6528030.00,
543249,TARC        ,B ,Q,36.30,38.00,36.30,37.15,36.90,38.35,1017,92564,3457739.00,
543250,MOGSEC      ,F ,Q,49.40,49.40,48.50,49.20,49.20,49.36,9,209,10299.00,
543251,RVHL        ,B ,Q,20.85,21.50,19.85,20.15,20.10,21.10,80,2303,47236.00,
543252,FAIRCHEMOR  ,B ,Q,1551.05,1551.05,1484.75,1510.40,1522.35,1569.80,2374,14327,21716593.00,
543253,BECTORFOOD  ,A ,Q,320.40,320.40,305.00,306.35,306.50,318.80,1145,15081,4684070.00,
543254,AWHCL       ,B ,Q,280.00,280.00,267.15,269.70,269.00,284.60,915,15118,4101267.00,
543255,INFRABEES   ,B ,Q,485.00,499.89,471.10,483.62,496.00,487.38,209,1518,734723.00,
543257,IRFC        ,A ,Q,21.20,21.45,21.10,21.20,21.20,21.55,7311,1652873,35058260.00,
543258,INDIGOPNTS  ,A ,Q,1625.00,1625.00,1497.65,1525.40,1525.40,1673.55,4576,23154,35269764.00,
543259,HOMEFIRST   ,A ,Q,666.95,667.00,620.00,633.00,633.00,673.40,1872,12474,7889328.00,
543260,STOVEKRAFT  ,A ,Q,632.00,662.20,632.00,643.10,643.10,668.45,3441,37699,24370033.00,
543261,BIRET       ,IF,Q,308.00,308.00,299.00,301.10,301.69,299.72,307,12309,3701952.00,
543262,MRP         ,M ,Q,42.00,42.25,39.80,39.80,39.80,40.05,8,48000,1996350.00,
543263,SMCGLOBAL   ,B ,Q,75.00,75.00,69.05,71.20,71.20,72.95,299,18453,1310247.00,
543264,NURECA      ,B ,Q,1337.95,1557.00,1316.00,1336.30,1324.90,1371.90,667,2352,3147463.00,
543265,RAILTEL     ,A ,Q,90.50,90.90,87.20,88.40,88.40,91.10,4909,208893,18482882.00,
543266,HERANBA     ,A ,Q,588.00,588.00,555.05,559.75,560.55,578.40,1609,13776,7780200.00,
543268,DRCSYSTEMS  ,T ,Q,380.00,380.00,365.80,365.80,365.80,385.00,5,210,79658.00,
543270,MTARTECH    ,A ,Q,1783.00,1904.80,1764.55,1880.80,1880.80,1826.75,3627,20935,38052363.00,
543271,JUBLINGREA  ,A ,Q,451.30,455.00,427.80,429.65,429.65,466.65,10265,277490,120656957.00,
543272,EASEMYTRIP  ,B ,Q,271.50,274.00,263.15,265.00,265.65,279.00,3762,64218,17187263.00,
543273,KMEW        ,M ,Q,145.00,145.00,145.00,145.00,145.00,150.00,1,3000,435000.00,
543274,SUUMAYA     ,M ,Q,65.00,65.00,65.00,65.00,65.00,68.40,9,4050,263250.00,
543275,ANURAS      ,A ,Q,780.00,800.25,776.30,780.90,779.20,800.90,635,3190,2514576.00,
543276,CRAFTSMAN   ,A ,Q,1995.00,1995.00,1901.90,1941.65,1950.00,2048.35,456,1174,2264739.00,
543277,LXCHEM      ,A ,Q,392.45,402.75,392.00,398.50,398.50,406.95,6336,93495,37202258.00,
543278,KALYANKJIL  ,A ,Q,61.70,61.70,59.80,60.20,60.20,61.85,2293,182176,11028319.00,
543279,SURYODAY    ,A ,Q,120.80,120.80,114.50,115.05,115.15,117.90,185,2961,344674.00,
543280,NAZARA      ,B ,Q,1725.20,1800.05,1720.00,1765.35,1765.00,1747.75,1422,7854,13832546.00,
543281,SUVIDHAA    ,B ,Q,9.88,10.09,9.44,9.68,9.68,9.87,492,104326,1022774.00,
543283,BARBEQUE    ,B ,Q,1201.60,1215.45,1176.00,1189.10,1186.00,1229.25,2290,13791,16533353.00,
543284,EKI         ,M ,Q,6965.20,6965.20,6965.20,6965.20,6965.20,7331.75,18,1050,7313460.00,
543286,JETMALL     ,M ,Q,18.75,19.35,18.10,19.35,19.35,19.40,6,36000,669600.00,
543287,LODHA       ,B ,Q,1000.00,1015.00,979.00,992.45,999.90,1043.35,2754,24003,23871817.00,
543288,DEEPIND     ,B ,Q,179.00,184.15,173.65,178.45,180.35,180.40,1112,11233,2006055.00,
543290,PGINVIT     ,IF,Q,129.90,129.90,125.78,125.99,125.88,126.76,1100,58874,7459399.00,
543291,MAFANG      ,B ,Q,46.88,46.95,45.63,46.29,46.30,47.29,461,31768,1468690.00,
543292,ICICIPHARM  ,B ,Q,79.70,80.50,77.30,79.04,79.05,79.42,101,2052,162019.00,
543297,IWEL        ,B ,Q,665.00,676.85,664.05,667.20,675.00,699.00,22,52,34844.00,
543298,VINEETLAB   ,B ,Q,62.90,62.90,54.40,55.85,54.40,56.85,57,1996,111544.00,
543299,SHYAMMETL   ,B ,Q,305.00,310.85,300.25,308.00,308.00,309.00,1979,53989,16489936.00,
543300,SONACOMS    ,B ,Q,563.50,580.55,553.70,574.25,574.25,589.15,5698,116816,65834481.00,
543306,DODLA       ,B ,Q,428.05,428.05,410.05,414.75,414.75,424.45,97,711,297172.00,
543308,KIMS        ,B ,Q,1291.35,1291.35,1258.80,1284.80,1286.40,1295.90,908,5032,6461010.00,
543309,ADESHWAR    ,M ,Q,25.00,27.45,25.00,27.45,27.45,26.65,3,18000,472800.00,
543310,TIMESGREEN  ,M ,Q,72.00,72.00,72.00,72.00,72.00,72.50,1,2000,144000.00,
543311,IPL         ,B ,Q,276.65,277.90,268.30,269.90,271.75,280.55,1013,17677,4830576.00,
543312,FOCUS       ,M ,Q,26.25,27.55,24.95,27.55,27.55,26.25,3,18000,472500.00,
543317,GRINFRA     ,B ,Q,1300.00,1300.00,1249.70,1274.75,1269.15,1315.45,775,3062,3900179.00,
543318,CLEAN       ,B ,Q,1900.00,1904.30,1855.25,1887.95,1896.70,1936.35,2852,15601,29247655.00,
543320,ZOMATO      ,B ,Q,79.00,79.65,78.00,79.05,79.05,80.30,19845,1939952,152946226.00,
543321,TATVA       ,B ,Q,2160.00,2205.95,2108.10,2165.80,2201.10,2213.95,1773,5893,12683544.00,
543322,GLS         ,B ,Q,444.05,453.00,440.75,443.00,443.00,452.55,1881,20013,8901060.00,
543323,MAFSETF     ,B ,Q,16.45,16.73,15.26,15.59,15.45,16.14,454,87492,1379413.00,
543325,ROLEXRINGS  ,B ,Q,1179.90,1179.90,1103.00,1150.60,1156.95,1186.30,911,11325,12819041.00,
543326,ICICIFMCG   ,B ,Q,353.00,360.00,339.00,340.35,340.35,356.09,252,1482,512923.00,
543327,EXXARO      ,B ,Q,118.00,118.00,113.00,117.00,117.65,119.15,271,13437,1552735.00,
543328,KRSNAA      ,B ,Q,509.25,558.20,509.25,550.60,551.05,552.55,1162,9681,5303862.00,
543329,WINDLAS     ,B ,Q,235.00,239.75,231.95,233.85,233.85,242.05,570,7647,1796783.00,
543330,DEVYANI     ,B ,Q,153.90,153.90,148.75,150.80,150.80,156.35,4021,225814,34241850.00,
543331,MOL         ,B ,Q,91.00,91.55,88.80,89.15,89.15,93.50,2514,157449,14202177.00,
543332,MFL         ,B ,Q,790.55,802.55,770.20,771.45,772.00,810.70,1209,9633,7540737.00,
543333,CARTRADE    ,B ,Q,525.00,526.10,500.10,506.30,506.30,541.80,2404,20467,10536593.00,
543334,NUVOCO      ,B ,Q,369.80,377.80,362.65,367.40,365.25,373.00,2250,36463,13410601.00,
543335,APTUS       ,B ,Q,326.30,349.20,326.30,345.60,345.00,330.30,1253,17590,5962731.00,
543336,CHEMPLASTS  ,B ,Q,523.30,544.60,522.65,542.50,541.85,533.55,1990,35073,18767622.00,
543346,AASHKA      ,M ,Q,45.00,45.00,43.10,43.40,43.10,45.25,22,24000,1047900.00,
543347,AXISTECETF  ,B ,Q,344.00,354.00,342.00,350.00,350.00,344.69,24,90,31238.00,
543348,AXISHETF    ,B ,Q,81.40,81.90,78.20,80.41,80.40,81.45,65,960,77438.00,
543349,AMIORG      ,B ,Q,860.10,894.75,851.00,856.40,872.00,890.10,1594,235697,208273452.00,
543350,VIJAYA      ,B ,Q,401.00,436.90,401.00,420.15,423.40,429.05,539,7571859,3223706544.00,
543352,POBS        ,M ,Q,165.00,165.00,165.00,165.00,165.00,165.00,1,1200,198000.00,
543357,AXISCETF    ,B ,Q,64.43,64.97,64.43,64.97,64.97,64.43,2,2,129.00,
543358,SANSERA     ,B ,Q,616.00,633.60,612.00,621.25,626.00,639.60,595,5495,3431123.00,
543363,PREVEST     ,M ,Q,333.00,350.00,333.00,350.00,350.00,350.00,5,8000,2722480.00,
543364,MTCL        ,M ,Q,59.70,61.95,59.35,61.95,61.95,62.50,7,11200,676240.00,
543365,MASPTOP50   ,B ,Q,27.31,28.01,27.31,27.76,27.97,28.15,93,7085,196381.00,
543367,PARAS       ,B ,Q,603.10,629.65,603.10,620.15,620.00,627.85,6311,75973,47198360.00,
543372,GETALONG    ,M ,Q,71.95,71.95,71.95,71.95,71.95,68.00,1,2000,143900.00,
543373,SVRL        ,M ,Q,105.95,105.95,105.95,105.95,105.95,111.50,1,3000,317850.00,
543374,ABSLAMC     ,B ,Q,497.80,498.75,486.65,490.90,489.90,499.30,3315,60258,29552156.00,
543375,PROMAX      ,M ,Q,29.90,29.90,29.85,29.90,29.90,28.50,8,80000,2391000.00,
543377,ADISHAKTI   ,M ,Q,7.01,7.01,7.01,7.01,7.01,7.37,1,10000,70100.00,
543378,CWD         ,MS,Q,515.00,553.65,515.00,553.65,553.65,503.35,13,10400,5588160.00,
543383,ICICICONSU  ,B ,Q,64.00,64.00,63.55,63.55,63.55,63.59,5,8,510.00,
543384,NYKAA       ,B ,Q,1475.00,1475.00,1331.55,1347.40,1347.40,1504.10,12439,111754,155077043.00,
543385,NHIT        ,IF,Q,116.10,116.10,116.10,116.10,116.10,108.00,1,200000,23220000.00,
543386,FINOPB      ,B ,Q,251.00,268.80,251.00,266.05,266.05,262.50,2034,34548,9061347.00,
543387,SJS         ,B ,Q,365.00,365.85,355.00,356.60,356.00,370.90,369,2963,1069557.00,
543388,DSPNEWETF   ,B ,Q,185.00,189.00,179.90,184.00,184.00,185.56,274,26479,4772358.00,
543389,SIGACHI     ,B ,Q,281.00,291.00,279.30,282.85,284.00,291.90,2766,36776,10412995.00,
543390,POLICYBZR   ,B ,Q,640.00,671.75,632.40,667.20,667.20,655.20,3159,59655,39069028.00,
543396,PAYTM       ,B ,Q,774.95,777.00,751.00,753.60,753.60,784.95,17016,236294,179759063.00,
543397,SAPPHIRE    ,B ,Q,1190.00,1227.00,1168.00,1189.85,1189.85,1240.65,1539,7212,8664573.00,
543398,LATENTVIEW  ,B ,Q,395.25,415.00,394.80,406.05,406.10,410.35,6473,113661,45979732.00,
543399,TARSONS     ,B ,Q,611.65,640.95,603.95,623.25,621.00,623.85,2288,209026,131138410.00,
543400,OMNIPOTENT  ,M ,Q,25.40,25.40,25.40,25.40,25.40,26.70,8,18000,457200.00,
543401,GOCOLORS    ,B ,Q,916.40,925.30,887.35,894.35,895.90,937.75,1354,7317,6666255.00,
543410,DMR         ,M ,Q,32.50,32.50,28.95,28.95,28.95,32.00,3,18000,542400.00,
543411,HITECH      ,B ,Q,509.55,515.40,504.80,514.75,514.75,513.40,8,13,6647.00,
543412,STARHEALTH  ,B ,Q,640.00,648.85,612.00,620.50,620.50,652.30,3476,22758,14407294.00,
543413,TEGA        ,B ,Q,428.00,430.15,415.20,428.45,429.80,434.35,943,10389,4387054.00,
543414,MAHKTECH    ,B ,Q,15.55,15.55,14.50,15.02,15.04,15.55,294,77347,1154371.00,
543415,ANANDRATHI  ,B ,Q,550.75,561.00,550.75,559.20,559.55,557.05,488,8946,4966250.00,
543416,ZODIAC      ,T ,Q,63.25,63.25,63.25,63.25,63.25,66.55,68,2685,169826.00,
543417,RATEGAIN    ,B ,Q,285.00,285.00,275.25,279.45,281.60,287.50,2075,66953,18742363.00,
543419,SHRIRAMPPS  ,B ,Q,78.00,78.15,76.30,76.95,76.30,78.95,1959,120288,9288002.00,
543420,JETFREIGHT  ,B ,Q,65.55,68.20,64.90,65.95,65.95,68.15,194,9515,633393.00,
543425,MAPMYINDIA  ,B ,Q,1400.00,1443.50,1383.65,1393.15,1393.15,1452.10,1792,17975,25342275.00,
543426,METROBRAND  ,B ,Q,513.00,531.25,506.35,517.90,511.00,518.05,1604,15253,7954566.00,
543427,MEDPLUS     ,B ,Q,955.10,981.25,921.00,925.75,928.00,992.30,1991,12105,11453820.00,
543428,DATAPATTNS  ,B ,Q,622.00,632.50,605.60,618.00,625.40,621.85,1599,32728,20282220.00,
543433,HPAL        ,B ,Q,361.65,374.00,355.00,359.75,360.80,366.65,2876,31446,11412325.00,
543434,SUPRIYA     ,B ,Q,400.00,420.10,400.00,417.40,418.60,417.00,1489,28211,11639361.00,
543437,MONQ50      ,B ,Q,56.75,57.50,55.10,57.27,56.90,57.40,86,2010,113407.00,
543438,DSPQ50ETF   ,B ,Q,160.00,160.90,155.00,160.50,160.50,158.75,249,30562,4742271.00,
543439,BRANDBUCKT  ,M ,Q,22.45,22.45,22.45,22.45,22.45,21.40,4,12000,269400.00,
543440,DSPN50ETF   ,B ,Q,162.50,165.20,160.00,164.69,165.20,162.77,33,1157,188473.00,
543441,CMSINFO     ,B ,Q,238.95,239.60,233.00,237.25,237.00,238.15,1186,45041,10655531.00,
543442,BCONCEPTS   ,B ,Q,67.85,68.85,67.85,67.85,67.85,71.40,130,19834,1346399.00,
543444,FABINO      ,M ,Q,26.50,30.25,26.50,28.00,28.00,32.75,7,24000,671400.00,
543449,WFL         ,T ,Q,180.00,185.00,180.00,183.00,183.00,186.00,3,235,42425.00,
543450,ICICIAUTO   ,B ,Q,99.50,99.50,93.83,97.11,99.00,100.23,194,6226,600588.00,
543451,AGSTRA      ,B ,Q,115.45,115.45,107.05,107.95,107.40,115.10,1008,169083,18258539.00,
543452,ICICISILVE  ,E ,Q,70.66,73.00,70.66,72.68,72.52,69.81,468,75600,5482056.00,
543453,ALKOSIGN    ,M ,Q,45.25,46.50,45.25,45.60,45.60,45.60,7,21000,960600.00,
543454,MAMFGETF    ,B ,Q,74.75,74.75,72.50,73.22,73.22,74.98,126,4519,330124.00,
543458,AWL         ,B ,Q,344.05,351.00,337.45,340.70,340.70,360.85,34932,1382164,473553396.00,
543460,QRIL        ,M ,Q,56.85,56.90,56.85,56.90,56.90,55.00,2,4000,227500.00,
543461,SSTL        ,M ,Q,10.10,10.40,9.80,10.40,10.40,10.70,9,90000,905900.00,
543462,DEVIT       ,B ,Q,110.00,110.00,110.00,110.00,110.00,110.05,1,50,5500.00,
543463,MANYAVAR    ,B ,Q,842.00,842.05,827.35,833.20,834.85,849.55,855,9813,8196734.00,
543464,MARUTIIPL   ,M ,Q,60.00,62.95,60.00,61.00,61.00,62.90,35,78000,4757400.00,
543465,MOMOMENTUM  ,B ,Q,192.14,197.00,188.10,192.39,193.41,192.30,41,195,37591.00,
543470,SOFTTECH    ,B ,Q,115.00,119.00,110.20,117.75,117.75,116.00,29,287,32884.00,
543471,SILVER      ,E ,Q,70.30,74.50,70.00,71.67,72.64,69.66,270,42890,3107867.00,
543472,TECH        ,B ,Q,34.10,34.20,33.21,33.81,33.81,34.05,27,3310,112978.00,
543473,HEALTHY     ,B ,Q,7.86,8.10,7.66,7.88,7.93,7.96,68,4960,38837.00,
543474,BSLNIFTY    ,B ,Q,19.33,19.33,15.10,18.02,18.15,18.13,216,8692,153282.00,
543475,EKENNIS     ,MT,Q,80.00,84.00,80.00,84.00,84.00,0.00,89,160000,13020400.00,
555555,ICICISENSX  ,A ,Q,605.15,605.15,574.00,579.93,579.93,594.93,490,6107,3531635.00,
570001,TATAMTRTDVR ,A ,Q,193.55,197.95,189.35,192.45,192.45,202.60,18089,741835,143087622.00,
570002,FELDVR      ,B ,Q,21.80,22.47,19.75,22.47,22.47,20.43,1867,938792,20537372.00,
570004,JISLBNDVR   ,B ,Q,21.60,21.60,18.35,18.40,18.75,20.35,260,33779,635573.00,
570005,SCAPDVR     ,B ,Q,9.12,9.12,8.85,8.96,9.02,8.69,95,27118,244548.00,
590003,KARUR VY(PS ,B ,Q,44.00,45.85,44.00,45.30,45.50,46.05,2747,404900,18246287.00,
590005,TIDE WATE(PS,B ,Q,1160.00,1204.70,1148.55,1184.70,1184.70,1186.15,1389,6879,8134217.00,
590006,AMRUTANJAN  ,B ,Q,829.00,829.00,790.00,805.05,811.90,813.75,2645,11264,9101450.00,
590013,XPRO INDI(PS,T ,Q,974.05,995.00,954.00,956.00,963.90,1004.20,298,1677,1603144.00,
590018,HISARMET(PS ,B ,Q,129.10,134.30,124.75,126.00,126.00,130.40,790,19837,2569298.00,
590021,BHARAT RA(PS,B ,Q,11680.10,11911.45,11343.10,11496.20,11385.00,12045.00,384,626,7287552.00,
590022,EASTER SI(PS,T ,Q,6.78,6.78,6.78,6.78,6.78,7.13,65,15650,106107.00,
590024,FERT CHE(PS ,B ,Q,117.80,117.80,106.80,109.20,109.20,111.60,804,43727,4756139.00,
590025,GINNI FIL(PS,B ,Q,43.90,43.90,40.60,41.00,41.20,43.55,589,59903,2499653.00,
590030,SOUTH PET(PS,B ,Q,51.75,52.90,50.70,51.35,51.35,53.35,2197,128100,6598043.00,
590031,DE NORA     ,T ,Q,375.25,375.25,371.00,371.60,372.00,389.90,34,442,165425.00,
590041,KAVERI TELE ,T ,Q,8.72,8.89,8.10,8.80,8.80,8.47,24,6077,51161.00,
590051,SAKSOFT LTD ,B ,Q,828.65,914.20,828.65,891.25,887.00,884.15,2054,32634,29481404.00,
590056,SALONA COTSP,B ,Q,220.00,230.70,214.00,222.95,220.75,234.15,135,2454,542925.00,
590057,EQUIPPP     ,B ,Q,69.00,71.75,65.95,67.85,67.55,71.45,215,3804,260201.00,
590062,ANDHRA SUGAR,B ,Q,141.00,143.40,136.35,141.15,141.15,142.30,1772,63446,8854513.00,
590065,INDIA MOTOR ,B ,Q,772.00,772.00,760.95,770.70,770.85,770.05,30,287,220807.00,
590066,KCP LTD     ,B ,Q,110.00,110.00,104.60,106.45,106.50,108.75,750,26266,2794399.00,
590068,KHAITAN INDI,T ,Q,32.05,33.80,32.05,33.20,33.80,33.60,18,1457,48176.00,
590070,RADAAN MEDIA,T ,Q,1.15,1.15,1.15,1.15,1.15,1.15,6,637,732.00,
590071,SUNDARAM FIN,B ,Q,1800.15,1836.85,1754.80,1803.15,1800.00,1826.80,638,3846,6940912.00,
590072,SUNDARAM BRK,B ,Q,343.10,365.85,334.95,350.00,350.00,348.30,176,1222,425888.00,
590073,WHEELS INDIA,B ,Q,610.00,610.00,536.60,556.05,552.60,572.60,251,3828,2117499.00,
590075,LAMBODHARA T,B ,Q,87.25,87.25,81.30,82.20,82.00,86.35,226,3767,315545.00,
590078,MAITHAN ALL ,B ,Q,1153.00,1160.00,1110.05,1124.10,1132.80,1153.10,1610,13176,14953376.00,
590082,LOHIA SECURI,X ,Q,137.75,144.45,130.90,144.10,144.45,137.75,32,562,80252.00,
590086,ORISSA MINE ,B ,Q,2450.15,2466.95,2390.00,2449.55,2430.00,2489.40,442,3834,9316538.00,
590095,GOLDBEES    ,E ,Q,45.68,47.00,45.56,46.00,46.00,44.65,7681,2965144,136359535.00,
590096,LIQUIDBEES  ,F ,Q,1000.00,1000.01,999.61,1000.00,1000.00,1000.00,1123,196329,196327680.00,
590097,KOTAKGOLDETF,E ,Q,45.36,46.03,44.81,45.72,45.91,44.42,432,106566,4871214.00,
590098,SBI GOLD ETS,E ,Q,46.56,47.47,46.56,47.22,47.25,45.65,1141,425817,20047891.00,
590099,QUANTUM GOLD,E ,Q,45.06,46.10,45.06,45.76,45.75,44.30,378,10998,503783.00,
590101,UTI GOLD ETF,E ,Q,45.11,47.30,45.11,45.88,45.88,44.45,599,238099,10957511.00,
590103,NIFTYBEES   ,B ,Q,173.59,175.00,171.27,172.37,172.37,176.36,42531,2212652,380961188.00,
590104,JUNIORBEES  ,B ,Q,409.00,409.00,397.85,402.22,402.22,410.97,4846,127088,50977630.00,
590106,BANKBEES    ,B ,Q,342.58,342.58,328.50,332.40,332.45,346.81,16006,724316,240701518.00,
590107,KOTAK PSU BK,B ,Q,252.00,252.00,238.10,239.22,240.80,252.19,232,4289,1036094.00,
590108,PSUBNKBEES  ,B ,Q,27.93,27.94,26.63,26.95,26.99,28.13,1206,430070,11588880.00,
590109,SHARIABEES  ,B ,Q,420.00,420.00,406.11,420.00,420.00,419.00,41,932,388901.00,
590110,QNIFTY      ,B ,Q,1690.00,1690.00,1654.00,1666.00,1666.00,1704.50,44,237,394032.00,
590113,HNGSNGBEES  ,E ,Q,293.00,294.90,286.05,290.64,290.00,293.06,193,2155,624648.00,
590115,MOM50       ,B ,Q,163.00,164.00,156.51,159.79,160.00,161.96,83,897,142637.00,
590122,ASHIKACR    ,X ,Q,35.00,37.70,34.00,35.70,35.70,36.30,178,11313,406021.00,
590134,MADRASFERT  ,B ,Q,31.00,31.00,30.00,30.35,30.20,31.15,427,40819,1236909.00,
590136,KOTAKBKETF  ,B ,Q,345.50,345.50,328.30,332.95,333.88,347.04,623,19654,6546441.00,
590137,SETFNIFBK   ,B ,Q,348.12,348.12,324.75,329.27,329.67,344.18,1464,63824,21017749.00,
590138,SETFNIF50   ,B ,Q,165.00,166.68,160.00,163.12,163.45,167.40,3514,233454,38025101.00,
750698,TILAK-RE    ,R ,Q,4.05,4.41,3.52,3.57,3.57,4.41,2742,699954,2643061.00,
800252,SGB2016I    ,G ,B,5005.00,5012.00,5005.00,5010.00,5010.00,4900.00,9,48,240337.00,
800254,SGBAUG24    ,G ,B,5049.00,5085.00,4975.00,5038.00,5038.00,4899.01,30,124,621923.00,
800258,SGB2016IIA  ,G ,B,5199.00,5199.00,5199.00,5199.00,5199.00,5070.00,2,5,25995.00,
800259,SGB2016IIIA ,G ,B,5100.00,5175.00,5011.00,5136.10,5136.10,5001.50,24,92,469125.00,
800265,SGB2016IV   ,G ,B,5081.00,5081.00,5051.00,5051.00,5051.00,5081.00,2,3,15213.00,
800268,SGBMAY25    ,G ,B,5340.00,5340.00,5032.00,5032.00,5032.00,4956.00,2,2,10372.00,
800269,SGBJULY25   ,G ,B,4875.00,5015.00,4875.00,4950.00,4950.00,4932.05,11,81,402829.00,
800270,SGBOCT25    ,G ,B,4900.00,4950.00,4900.00,4950.00,4950.00,4890.00,2,10,49150.00,
800271,SGBOCT25A   ,G ,B,4950.00,4955.00,4861.00,4861.00,4861.00,4949.00,8,28,138427.00,
800273,SGBOCT25B   ,G ,B,4850.00,4850.00,4850.00,4850.00,4850.00,4808.41,1,2,9700.00,
800275,SGBNOV25A   ,G ,B,4803.00,4803.00,4803.00,4803.00,4803.00,4950.00,2,7,33621.00,
800278,SGBDEC25    ,G ,B,4953.00,5000.00,4953.00,5000.00,5000.00,5481.00,4,13,64483.00,
800280,SGBDEC25B   ,G ,B,4950.00,4950.00,4950.00,4950.00,4950.00,4950.00,1,1,4950.00,
800287,SGBMAY26    ,G ,B,4975.00,4975.00,4975.00,4975.00,4975.00,4650.00,1,1,4975.00,
800288,SGBOCT26    ,G ,B,5000.00,5000.00,4820.00,4820.00,4820.00,4761.00,20,668,3221200.00,
800291,SGBJAN27    ,G ,B,4821.00,4821.00,4821.00,4821.00,4821.00,4700.00,2,2,9642.00,
800296,SGBJULY27   ,G ,B,4775.00,4775.00,4775.00,4775.00,4775.00,4775.00,1,10,47750.00,
800297,SGBAUG27    ,G ,B,4902.80,4990.00,4802.00,4950.00,4950.00,4760.00,5,24,118004.00,
800303,SGBOCT27A   ,G ,B,4760.21,4800.00,4760.21,4800.00,4800.00,4700.00,14,57,272550.00,
800312,SGBDEC27    ,G ,B,4830.00,4830.00,4711.03,4711.03,4711.03,4805.00,7,30,144242.00,
800315,SGBMAR28    ,G ,B,4800.00,4805.00,4800.00,4805.00,4805.00,4740.00,3,9,43220.00,
800318,SGBAPR28    ,G ,B,4855.00,4855.00,4792.25,4808.18,4800.00,4770.00,18,79,380298.00,
800320,SGBMAY28    ,G ,B,4925.00,4925.00,4750.00,4772.01,4772.01,4750.00,13,105,503948.00,
800322,SGBJUN28    ,G ,B,4733.15,4819.00,4733.15,4779.00,4779.00,4733.15,16,56,268090.00,
800324,SGBJULY28   ,G ,B,4765.00,4830.00,4754.00,4780.79,4795.00,4765.00,51,358,1717092.00,
800325,SGBAUG28    ,G ,B,4900.00,4937.00,4860.02,4889.96,4889.96,4878.07,127,925,4528253.00,
800327,SGBSEP28    ,G ,B,4778.00,4819.00,4760.00,4795.27,4802.00,4789.60,63,443,2121938.00,
800328,SGBOCT28    ,G ,B,4800.00,4829.00,4800.00,4820.00,4820.00,4800.00,19,93,447346.00,
800329,SGBNOV28    ,G ,B,4830.00,4840.00,4800.00,4800.00,4800.00,4821.00,14,49,235582.00,
800331,SGBJAN29    ,G ,B,4889.00,4889.00,4730.00,4780.00,4780.00,4742.80,15,63,299517.00,
800332,SGBJAN29A   ,G ,B,4760.00,4800.00,4760.00,4775.13,4775.00,4770.00,23,116,555401.00,
800333,SGBFEB29    ,G ,B,4800.00,4800.00,4749.00,4795.00,4795.00,4800.00,34,265,1268549.00,
800339,SGBMAR29    ,G ,B,4805.00,4805.00,4755.00,4763.65,4755.00,4790.00,82,861,4115219.00,
800340,SGBMAY29    ,G ,B,4874.00,4874.00,4773.50,4775.00,4775.00,4755.00,61,414,1986545.00,
800341,SGBJUNE29   ,G ,B,4800.00,4810.00,4752.00,4761.68,4765.00,4735.00,15,96,459453.00,
800342,SGBJUN29A   ,G ,B,4661.00,4839.00,4600.00,4780.00,4780.00,4761.00,65,369,1742748.00,
800367,SGBJULY29   ,G ,B,4801.20,4830.00,4660.10,4737.64,4725.00,4752.07,84,331,1572886.00,
800385,SGBAUG29    ,G ,B,4721.01,4798.90,4721.01,4762.00,4762.00,4767.00,47,288,1373846.00,
800386,SGBSEP29    ,G ,B,4800.00,4812.00,4722.00,4768.00,4768.00,4762.28,79,428,2046532.00,
800434,SGBNOV29    ,G ,B,4800.00,4825.00,4738.00,4786.75,4789.00,4777.85,34,278,1331068.00,
800435,699GOI2051  ,G ,B,100.05,100.05,100.00,100.00,100.00,100.05,2,1100,110005.00,
800436,695GOI2061  ,G ,B,100.05,101.90,100.05,101.90,101.90,101.00,3,300,30375.00,
800437,SGBDEC29    ,G ,B,4741.65,4820.00,4711.00,4780.00,4780.00,4761.00,46,324,1545500.00,
800438,SGBJAN30    ,G ,B,4850.00,4850.00,4751.00,4828.75,4850.00,4720.92,13,42,201841.00,
890157,AIRTELPP    ,A ,Q,298.00,318.00,289.00,312.10,312.10,299.80,2358,84210,26311966.00,
890159,PATINTPP    ,B ,Q,4.67,4.85,4.20,4.55,4.50,4.54,179,57735,248543.00,
890161,NATCAPSPP   ,XT,Q,255.00,272.00,252.50,265.90,271.80,265.25,32,1857,500501.00,
935321,990IFCI24F  ,F ,D,1055.60,1055.60,1055.60,1055.60,1055.60,1064.50,3,160,168896.00,
935383,849NTPC25   ,F ,D,13.95,14.20,13.95,14.06,14.06,14.14,31,23932,336983.00,
935502,0MFL2022    ,F ,D,1890.01,1900.00,1890.01,1900.00,1900.00,1890.00,2,40,75800.00,
935506,736PFC25    ,F ,D,1108.50,1108.50,1108.00,1108.00,1108.00,1108.00,3,94,104159.00,
935538,689REC25    ,F ,D,1090.00,1090.00,1090.00,1090.00,1090.00,1079.84,1,450,490500.00,
935540,714REC25    ,F ,D,1090.20,1090.20,1090.20,1090.20,1090.20,1100.00,1,227,247475.00,
935582,735NHAI31   ,F ,D,1256.10,1256.90,1256.10,1256.90,1256.90,1256.10,5,1101,1383046.00,
935612,749IREDA31  ,F ,D,1210.00,1210.00,1210.00,1210.00,1210.00,1210.00,1,1,1210.00,
935640,727HUDCO26  ,F ,D,1087.00,1128.99,1087.00,1126.90,1126.90,1087.00,4,822,921162.00,
935642,764HUDCO31  ,F ,D,1219.90,1220.00,1219.90,1220.00,1220.00,1219.90,4,8,9759.00,
935662,729NHAI26   ,F ,D,1169.90,1169.90,1169.90,1169.90,1169.90,1113.00,2,100,116990.00,
935674,769HUDCO31  ,F ,D,1225.00,1225.00,1225.00,1225.00,1225.00,1243.52,1,40,49000.00,
935686,735NABARD31 ,F ,D,1249.90,1269.55,1249.90,1269.55,1269.55,1269.55,4,600,753890.00,
935688,729NABARD26 ,F ,D,1144.90,1144.90,1144.90,1144.90,1144.90,1172.75,1,10,11449.00,
935690,764NABARD31 ,F ,D,1249.00,1249.00,1208.00,1220.01,1220.00,1280.00,25,843,1023099.00,
935752,9MMFSL26    ,F ,D,1115.00,1115.00,1113.68,1114.50,1114.50,1118.00,19,584,650664.00,
935786,957EHFL26   ,F ,D,980.00,990.00,980.00,990.00,990.00,974.00,3,34,33510.00,
935788,10EHFL26    ,F ,D,961.00,975.00,961.00,973.05,975.00,963.39,18,969,939695.00,
935856,865IBHFL26  ,F ,D,920.00,920.00,920.00,920.00,920.00,920.00,1,17,15640.00,
935862,0IBHFL26    ,F ,D,1500.00,1500.00,1500.00,1500.00,1500.00,1400.00,1,15,22500.00,
935870,0IBHFL26A   ,F ,D,1500.00,1500.00,1500.00,1500.00,1500.00,1450.00,1,29,43500.00,
935966,0MFL25      ,F ,D,1551.00,1553.00,1551.00,1553.00,1553.00,1548.00,6,58,90044.00,
936004,875MFL22    ,F ,D,1000.00,1000.00,1000.00,1000.00,1000.00,992.05,1,150,150000.00,
936112,9SEFL23B    ,F ,D,249.79,250.00,249.79,250.00,250.00,250.00,5,143,35735.00,
936130,888ERFL28   ,F ,D,885.00,890.00,873.20,873.20,873.20,890.00,9,1036,913710.00,
936132,925ERFL28   ,F ,D,895.00,895.00,891.00,891.00,891.00,897.00,6,41,36651.00,
936220,95JMFCSL23  ,F ,D,1081.00,1081.00,1081.00,1081.00,1081.00,1077.00,3,46,49726.00,
936222,911JMFCSL23 ,F ,D,1011.00,1011.20,1007.10,1007.64,1007.10,1008.00,8,278,280341.00,
936224,975JMFCSL28 ,F ,D,1100.00,1100.00,1097.05,1097.05,1097.05,1093.39,6,200,219852.00,
936246,925EFL23    ,F ,D,970.00,970.00,952.60,952.60,952.60,970.00,7,432,412587.00,
936248,0EFL23      ,F ,D,1299.00,1315.00,1299.00,1310.43,1315.00,1590.00,10,194,252806.00,
936252,943EFL28    ,F ,D,940.00,940.00,939.00,939.00,939.00,938.67,4,61,57289.00,
936254,985EFL28    ,F ,D,967.00,967.00,963.00,963.00,963.00,964.00,10,904,870572.00,
936270,866ICCL23   ,F ,D,950.00,955.00,950.00,955.00,955.00,933.10,4,40,38010.00,
936290,890TCFSL23  ,F ,D,1069.00,1070.00,1069.00,1070.00,1070.00,1070.00,4,45,48140.00,
936316,925AHFL23   ,F ,D,986.70,1005.00,986.61,1001.00,1001.00,1010.00,16,317,315166.00,
936318,965AHFL23   ,F ,D,1035.00,1035.00,1035.00,1035.00,1035.00,1035.00,4,100,103500.00,
936324,912STFCL23  ,F ,D,1009.00,1009.00,1000.00,1000.60,1000.00,1009.00,6,256,257020.00,
936360,10MFL23     ,F ,D,1025.00,1025.00,1025.00,1025.00,1025.00,1028.00,1,25,25625.00,
936366,1040MFL23   ,F ,D,1048.10,1048.10,1048.00,1048.00,1048.00,1047.70,3,110,115287.00,
936374,MFL29NOV18D ,F ,D,1460.00,1478.99,1280.40,1460.00,1460.00,1461.30,19,1651,2393806.00,
936376,10JMFCSL22  ,F ,D,1026.00,1026.00,1026.00,1026.00,1026.00,1018.00,2,63,64638.00,
936380,101JMFCSL23 ,F ,D,1047.00,1047.00,1047.00,1047.00,1047.00,1041.00,1,10,10470.00,
936382,967JMFCSL23 ,F ,D,1025.00,1025.00,1025.00,1025.00,1025.00,1023.01,1,50,51250.00,
936386,981JMFCSL28 ,F ,D,1047.69,1047.69,1047.69,1047.69,1047.69,1055.00,1,10,10476.00,
936388,1020EFL22   ,F ,D,1006.20,1012.00,1006.20,1012.00,1012.00,1006.00,3,40,40364.00,
936390,EFL4JAN19   ,F ,D,1347.99,1347.99,1347.99,1347.99,1347.99,1352.00,1,30,40439.00,
936392,995EFL24    ,F ,D,982.25,982.25,982.25,982.25,982.25,992.25,2,30,29467.00,
936398,1015EFL29   ,F ,D,1001.60,1005.00,1001.50,1002.00,1002.00,1010.30,4,30,30063.00,
936404,905MMFSL22  ,F ,D,1083.00,1085.90,1071.00,1083.58,1075.00,1074.26,16,1490,1612697.00,
936408,915MMFSL24  ,F ,D,1109.00,1110.00,1109.00,1110.00,1110.00,1110.00,5,125,138735.00,
936412,93MMFSL27   ,F ,D,1160.00,1168.99,1151.01,1153.59,1155.00,1150.00,11,340,394984.00,
936416,95MMFSL29   ,F ,D,1162.00,1162.00,1160.00,1160.06,1160.06,1186.99,13,535,620711.00,
936450,1041KFSVIII ,F ,D,1300.00,1310.00,1300.00,1310.00,1310.00,1310.00,6,1400,1827000.00,
936452,912STFCL24  ,F ,D,1015.00,1015.00,1015.00,1015.00,1015.00,1009.00,1,8,8120.00,
936464,0STFCL24    ,F ,D,1340.00,1356.00,1340.00,1355.86,1356.00,1355.01,10,880,1192131.00,
936470,96IFL22A    ,F ,D,1285.55,1322.99,1285.50,1322.99,1322.99,1322.99,4,200,260851.00,
936472,975IFL24    ,F ,D,1007.10,1007.10,1001.20,1001.20,1001.20,1004.25,4,109,109720.00,
936474,102IFL24    ,F ,D,1007.50,1007.50,1007.50,1007.50,1007.50,1004.50,4,30,30225.00,
936482,975MFL24    ,F ,D,1031.00,1034.95,1016.10,1034.95,1034.95,1031.04,16,531,542915.00,
936492,0MFL26      ,F ,D,1395.00,1424.00,1395.00,1424.00,1424.00,1425.00,3,112,156435.00,
936500,1090DLSL22  ,F ,D,964.00,964.60,964.00,964.60,964.60,980.00,2,3764,3629625.00,
936504,1050DLSL24  ,F ,D,960.00,960.00,960.00,960.00,960.00,950.00,2,8,7680.00,
936520,925LTFL24   ,F ,D,1060.00,1060.00,1049.00,1049.00,1049.00,1040.10,2,100,105780.00,
936528,935LTFL29   ,F ,D,1135.00,1135.00,1133.05,1135.00,1135.00,1133.89,15,438,497124.00,
936536,950MFL22A   ,F ,D,995.01,1004.00,970.05,1004.00,1004.00,990.20,11,914,915448.00,
936538,975MFL24A   ,F ,D,1035.78,1035.78,1025.00,1035.54,1035.54,1031.00,6,115,118563.00,
936542,975MFL22B   ,F ,D,1015.00,1034.80,1015.00,1034.80,1034.80,1012.40,12,220,225280.00,
936544,10MFL24     ,F ,D,1079.00,1079.00,1018.00,1028.33,1020.00,1111.00,6,70,73968.00,
936550,0MFL24A     ,F ,D,1335.00,1360.00,1335.00,1360.00,1360.00,1330.01,2,600,808500.00,
936600,0SCUF22     ,F ,D,1281.05,1281.05,1281.05,1281.05,1281.05,1296.00,1,25,32026.00,
936602,975SCUF24   ,F ,D,1095.00,1095.00,1090.00,1090.00,1090.00,1098.63,2,25,27350.00,
936604,935SCUF24   ,F ,D,1000.00,1010.15,1000.00,1010.11,1010.02,1011.15,5,175,176108.00,
936606,0SCUF24     ,F ,D,1331.10,1331.10,1331.10,1331.10,1331.10,1331.00,1,8,10648.00,
936640,95MHIL22    ,F ,D,1000.00,1007.80,1000.00,1007.80,1007.80,1000.00,4,109,109412.00,
936652,0MHIL22     ,F ,D,1290.00,1290.00,1290.00,1290.00,1290.00,1242.00,2,94,121260.00,
936654,0MHIL24     ,F ,D,1335.00,1341.00,1335.00,1341.00,1341.00,1335.00,4,363,484743.00,
936664,1050SEFL22  ,F ,D,206.94,211.01,206.94,211.00,211.00,206.94,11,610,128670.00,
936670,1075SEFL24  ,F ,D,259.00,260.00,259.00,260.00,260.00,249.90,2,50,12952.00,
936704,1004JMFPL24 ,F ,D,1025.00,1025.00,1025.00,1025.00,1025.00,1014.00,2,100,102500.00,
936706,1050JMFPL24 ,F ,D,1086.11,1086.95,1086.10,1086.95,1086.95,1081.70,4,340,369355.00,
936714,0EFL22      ,F ,D,1290.00,1290.00,1290.00,1290.00,1290.00,1290.00,2,83,107070.00,
936716,995EFL24A   ,F ,D,960.40,982.00,960.00,980.20,982.00,980.00,9,320,311280.00,
936718,104EFL24    ,F ,D,1033.00,1042.00,1033.00,1035.00,1035.00,1035.06,9,335,346695.00,
936720,0EFL24      ,F ,D,1250.11,1250.11,1250.00,1250.00,1250.00,1259.30,3,40,50002.00,
936722,995EFL29    ,F ,D,975.00,978.00,940.00,940.00,940.00,977.30,16,825,793596.00,
936734,975MFL22AA  ,F ,D,1070.00,1070.00,1070.00,1070.00,1070.00,1055.00,1,50,53500.00,
936756,DLSL27JU19A ,F ,D,1216.00,1216.00,1216.00,1216.00,1216.00,1280.00,1,45,54720.00,
936758,1013DLSL24  ,F ,D,941.00,941.00,940.00,940.00,940.00,940.00,4,41,38560.00,
936794,0STF23      ,F ,D,1265.00,1265.00,1265.00,1265.00,1265.00,1290.00,4,200,253000.00,
936810,865TCFS27   ,F ,D,1129.00,1149.00,1129.00,1149.00,1149.00,1116.00,9,260,293956.00,
936820,0IFL22A     ,F ,D,1267.95,1267.95,1267.95,1267.95,1267.95,1267.00,2,100,126795.00,
936824,10IFL25     ,F ,D,1007.00,1007.00,1007.00,1007.00,1007.00,1010.00,3,79,79553.00,
936852,985JMFPL24  ,F ,D,1010.00,1010.00,1010.00,1010.00,1010.00,1014.00,3,65,65650.00,
936854,0JMFPL26    ,F ,D,1369.00,1369.00,1369.00,1369.00,1369.00,1369.00,1,20,27380.00,
936880,0SCUF22A    ,F ,D,1259.00,1259.95,1259.00,1259.95,1259.95,1250.00,3,249,313708.00,
936886,0SCUF24A    ,F ,D,1283.50,1283.50,1283.50,1283.50,1283.50,1277.00,1,7,8984.00,
936908,BILNCD      ,F ,D,31.28,31.31,31.28,31.29,31.29,31.30,11,6745,211123.00,
936914,95MFL22A    ,F ,D,1000.00,1000.00,1000.00,1000.00,1000.00,1002.00,4,330,330000.00,
936924,10MFL22A    ,F ,D,1250.00,1250.00,1250.00,1250.00,1250.00,1250.00,2,50,62500.00,
936930,975MFL24B   ,F ,D,1036.00,1041.07,1036.00,1041.07,1041.07,1031.10,4,45,46797.00,
936936,10MFL24B    ,F ,D,1070.00,1070.00,1070.00,1070.00,1070.00,1071.14,1,10,10700.00,
936953,1025MHFL24  ,F ,D,1040.00,1050.00,1040.00,1050.00,1050.00,1088.00,7,105,109750.00,
936959,0MHFL26     ,F ,D,1220.00,1250.00,1220.00,1250.00,1250.00,1300.00,2,10,12350.00,
936965,102ECL23    ,F ,D,998.00,998.00,998.00,998.00,998.00,999.10,1,5,4990.00,
936967,0ECL23      ,F ,D,1214.20,1214.20,1214.20,1214.20,1214.20,1191.20,3,200,242840.00,
936969,995ECL24    ,F ,D,961.01,975.00,961.01,975.00,975.00,982.15,4,24,23242.00,
936971,104ECL24    ,F ,D,965.00,965.00,965.00,965.00,965.00,970.00,2,30,28950.00,
936989,1071KFL25   ,F ,D,1212.00,1212.00,1212.00,1212.00,1212.00,1202.00,1,49,59388.00,
937009,86LTFL24    ,F ,D,1050.00,1050.00,1050.00,1050.00,1050.00,1040.15,2,12,12600.00,
937013,829LTFL24   ,F ,D,1052.99,1052.99,1045.00,1046.63,1045.00,1053.00,4,78,81840.00,
937017,865LTFL26   ,F ,D,1069.00,1070.00,1065.00,1070.00,1070.00,1062.00,3,95,101340.00,
937023,975MFL24BB  ,F ,D,1024.00,1034.89,1024.00,1030.05,1030.05,1034.90,6,306,315423.00,
937027,975MFL23A   ,F ,D,1022.10,1022.10,1022.10,1022.10,1022.10,1020.00,1,300,306630.00,
937033,0MFL23AA    ,F ,D,1225.00,1237.00,1225.00,1237.00,1237.00,1217.05,8,1439,1771824.00,
937049,83TCHF25    ,F ,D,1042.00,1059.90,1042.00,1059.90,1059.90,1040.50,2,500,522790.00,
937067,885STFCL23  ,F ,D,1005.25,1014.00,1005.25,1014.00,1014.00,1015.00,9,314,317954.00,
937071,91STFCL27   ,F ,D,1003.00,1003.00,1003.00,1003.00,1003.00,970.01,2,300,300900.00,
937075,0STFCL25    ,F ,D,1252.00,1252.00,1252.00,1252.00,1252.00,1180.01,3,60,75120.00,
937081,10EFIL23    ,F ,D,990.00,990.00,990.00,990.00,990.00,990.00,1,40,39600.00,
937085,98EFIL25    ,F ,D,1011.95,1011.95,981.00,981.00,981.00,1011.95,3,50,49688.00,
937087,1025EFIL25  ,F ,D,925.00,975.00,925.00,975.00,975.00,965.00,3,28,26650.00,
937143,0JFPL25     ,F ,D,1242.00,1242.00,1240.01,1240.01,1240.01,1245.00,2,90,111700.00,
937197,10KFL23A    ,F ,D,994.90,994.90,994.90,994.90,994.90,994.50,1,9,8954.00,
937201,KFL29MAY20B ,F ,D,1395.00,1395.00,965.00,1200.00,1200.00,1170.00,4,602,710424.00,
937213,MMFL2JUL20  ,F ,D,1159.00,1159.00,1159.00,1159.00,1159.00,1154.00,1,30,34770.00,
937259,0MFL25C     ,F ,D,1102.00,1102.00,1102.00,1102.00,1102.00,1185.00,1,1,1102.00,
937277,95KFL20     ,F ,D,980.00,980.00,980.00,980.00,980.00,980.00,1,20,19600.00,
937291,885MFL23    ,F ,D,995.00,995.00,995.00,995.00,995.00,995.00,1,10,9950.00,
937305,0MFL23D     ,F ,D,1108.00,1108.02,1108.00,1108.02,1108.02,1108.00,3,100,110801.00,
937307,0MFL25D     ,F ,D,1073.50,1073.50,1073.50,1073.50,1073.50,1165.00,1,240,257640.00,
937311,MFLOII25    ,F ,D,980.00,980.00,972.00,972.00,972.00,980.00,28,301,292730.00,
937335,935EFSL24   ,F ,D,997.25,997.25,997.05,997.05,997.05,1000.00,2,185,184474.00,
937337,0EFSL24     ,F ,D,1090.00,1090.00,1088.00,1088.26,1090.00,1091.00,4,66,71860.00,
937339,939EFSL26   ,F ,D,970.00,979.99,970.00,979.66,979.99,970.00,7,454,444727.00,
937343,0EFSL26     ,F ,D,1080.00,1088.00,1080.00,1087.50,1088.00,1080.00,6,70,76050.00,
937349,MFLI24      ,F ,D,970.00,970.00,970.00,970.00,970.00,970.00,1,20,19400.00,
937351,MFLII26     ,F ,D,997.00,997.00,997.00,997.00,997.00,961.10,2,61,60817.00,
937353,MFLIII24    ,F ,D,975.00,975.00,975.00,975.00,975.00,995.00,1,12,11700.00,
937355,MFLIV26     ,F ,D,983.80,983.80,983.80,983.80,983.80,970.20,1,40,39352.00,
937357,MFLV24      ,F ,D,1051.10,1051.10,1051.10,1051.10,1051.10,1070.00,1,200,210220.00,
937359,MFLVI26     ,F ,D,1045.00,1057.50,1045.00,1057.50,1057.50,1025.02,3,176,185932.00,
937361,48PFCL24    ,F ,D,931.50,931.50,931.50,931.50,931.50,931.05,1,2,1863.00,
937373,7PFCL31     ,F ,D,1010.00,1010.00,1010.00,1010.00,1010.00,1013.00,1,2,2020.00,
937377,683PFCL31   ,F ,D,1000.00,1000.00,1000.00,1000.00,1000.00,1000.00,2,7,7000.00,
937381,697PFCL36   ,F ,D,1000.00,1012.00,1000.00,1010.00,1010.00,1014.00,7,113,114112.00,
937385,715PFCL36   ,F ,D,1017.00,1020.00,1017.00,1017.00,1017.00,1016.93,30,2796,2846499.00,
937393,10KFL24C    ,F ,D,990.00,990.00,965.50,965.50,965.50,993.00,5,200,193222.00,
937403,825MFL23    ,F ,D,975.00,980.00,975.00,980.00,980.00,978.00,3,116,113600.00,
937405,85MFL24     ,F ,D,980.00,980.00,980.00,980.00,980.00,995.00,1,5,4900.00,
937407,875MFL26    ,F ,D,990.00,990.00,990.00,990.00,990.00,975.00,1,5,4950.00,
937409,9MFL27      ,F ,D,980.00,980.00,980.00,980.00,980.00,983.50,1,30,29400.00,
937413,0MFL23E     ,F ,D,1091.40,1091.40,1075.00,1087.73,1075.00,1085.00,4,200,217545.00,
937421,925MMFL22   ,F ,D,970.00,970.00,970.00,970.00,970.00,992.00,1,5,4850.00,
937431,1025MMFL26  ,F ,D,1000.00,1000.00,1000.00,1000.00,1000.00,981.00,1,10,10000.00,
937435,825MFL23A   ,F ,D,972.00,972.00,972.00,972.00,972.00,980.00,1,50,48600.00,
937453,10IFL28     ,F ,D,979.00,979.00,965.00,969.99,969.99,1019.80,36,844,818820.00,
937455,96IFL28     ,F ,D,960.00,965.00,955.00,961.67,963.00,964.00,6,310,297460.00,
937461,MFLII26B    ,F ,D,990.00,990.00,990.00,990.00,990.00,990.00,1,10,9900.00,
937469,MFLVI31F    ,F ,D,1057.80,1059.80,1057.80,1059.80,1059.80,1053.20,11,680,720456.00,
937475,0KFL22F     ,F ,D,1035.00,1035.00,1035.00,1035.00,1035.00,1045.00,2,110,113850.00,
937493,0EFSL24A    ,F ,D,1050.00,1050.00,1050.00,1050.00,1050.00,1050.00,1,10,10500.00,
937495,916EFSL26   ,F ,D,971.00,971.00,971.00,971.00,971.00,970.05,1,10,9710.00,
937501,930EFSL31   ,F ,D,909.00,934.00,909.00,934.00,934.00,910.00,2,81,73654.00,
937505,9MMFL22     ,F ,D,989.00,989.00,989.00,989.00,989.00,988.90,1,5,4945.00,
937537,82IGT31     ,F ,D,1092.25,1092.25,1090.20,1090.25,1090.25,1095.19,5,100,109101.00,
937543,825MFCL23A  ,F ,D,971.05,994.50,971.05,971.95,994.50,980.00,2,26,25270.00,
937551,975MFCL28E  ,F ,D,1000.00,1000.00,1000.00,1000.00,1000.00,1000.00,1,10,10000.00,
937561,BILNCD2021  ,F ,D,29.26,29.54,29.26,29.41,29.41,29.41,22,2707,79597.00,
937573,85PCHFL24   ,F ,D,1060.00,1060.00,1035.00,1035.00,1035.00,1040.00,2,521,551760.00,
937595,1050SFL26   ,F ,D,813.00,813.00,813.00,813.00,813.00,952.01,3,160,130080.00,
937619,10IHFL28    ,F ,D,963.00,963.00,960.00,960.00,960.00,960.20,2,11,10563.00,
937625,875EFSL24   ,F ,D,955.00,955.00,951.00,951.00,951.00,945.01,5,22,21006.00,
937637,93EFSL31    ,F ,D,860.10,1003.00,860.00,948.00,948.00,1000.00,4,64,55272.00,
937709,791JMFPL26  ,F ,D,997.47,997.47,997.47,997.47,997.47,997.21,2,13,12967.00,
937713,825IIFL23   ,F ,D,977.20,977.20,977.20,977.20,977.20,993.00,1,50,48860.00,
937721,842IIFL26   ,F ,D,949.00,985.00,929.00,934.00,934.00,942.00,8,2252,2202481.00,
937743,12IML26     ,F ,D,1000.00,1050.00,851.00,1049.00,1049.00,1000.00,12,42,39919.00,
937777,975MFL29    ,F ,D,1000.00,1000.00,995.00,996.91,995.00,997.00,7,235,234275.00,
937779,MFL291021   ,F ,D,1002.00,1002.00,1002.00,1002.00,1002.00,1002.00,2,17,17034.00,
937787,1003UCL24   ,F ,D,1001.00,1001.00,1001.00,1001.00,1001.00,1008.99,2,60,60060.00,
937789,875EFSL23   ,F ,D,960.00,960.00,960.00,960.00,960.00,970.00,7,39,37440.00,
937793,875EFSL24A  ,F ,D,955.00,980.00,955.00,980.00,980.00,950.00,2,11,10530.00,
937797,EFSL281221A ,F ,D,900.00,900.00,900.00,900.00,900.00,832.00,1,10,9000.00,
937799,915EFSL26A  ,F ,D,972.00,972.00,950.00,950.00,950.00,970.00,10,117,112526.00,
937801,955EFSL26B  ,F ,D,960.00,995.00,960.00,995.00,995.00,990.00,2,35,34475.00,
937805,93EFSL31A   ,F ,D,895.00,947.50,895.00,947.50,947.50,895.00,3,106,97652.00,
937809,85MMFL23    ,F ,D,970.00,970.05,970.00,970.00,970.00,970.00,8,350,339502.00,
937825,820IHFL27   ,F ,D,892.35,892.35,892.35,892.35,892.35,950.60,1,5,4461.00,
937881,8MFL24      ,F ,D,960.00,970.00,960.00,965.00,965.00,970.00,8,246,236805.00,
937889,9MFL30      ,F ,D,999.94,999.94,999.94,999.94,999.94,990.00,1,10,9999.00,
937891,ZCMFL24     ,F ,D,997.00,997.00,997.00,997.00,997.00,995.00,2,60,59820.00,
951695,PNB13FEB15  ,F ,D,909000.00,922225.00,909000.00,922225.00,922225.00,1099309.96,2,2,1831225.00,
951947,EFCLC7C501B ,F ,D,177944.00,177944.00,177944.00,177944.00,177944.00,0.00,1,30,5338320.00,
952793,728NHAI30   ,F ,D,1247959.00,1247959.00,1247959.00,1247959.00,1247959.00,1234567.00,1,5,6239795.00,
954527,EARCJ8G602C ,F ,D,178700.00,178700.00,178700.00,178700.00,178700.00,160000.00,1,10,1787000.00,
956281,885HDFC99   ,F ,D,1077167.19,1078500.00,1077167.19,1078500.00,1078500.00,1078000.00,2,11,11862167.00,
957804,1015UPPCL23 ,F ,D,1024999.00,1024999.00,1024999.00,1024999.00,1024999.00,1022111.00,1,1,1024999.00,
957806,1015UPPCL24 ,F ,D,1000101.00,1042700.00,1000101.00,1042700.00,1042700.00,1037000.00,3,3,3079801.00,
957807,1015UPPCL25 ,F ,D,1055000.00,1055000.00,1016780.00,1016780.00,1016780.00,1056790.00,2,2,2071780.00,
957809,1015UPPCL27 ,F ,D,1080555.00,1080555.00,1079000.00,1079000.00,1079000.00,1082000.00,2,2,2159555.00,
957810,1015UPPCL28 ,F ,D,1093300.00,1093300.00,1091200.00,1091200.00,1091200.00,1091000.00,2,2,2184500.00,
958511,1025STFL24  ,F ,D,1040000.00,1040000.00,1040000.00,1040000.00,1040000.00,1030000.00,1,1,1040000.00,
959133,EFIL261219A ,F ,D,128159.00,128159.00,128159.00,128159.00,128159.00,128035.00,35,385,49296800.00,
959800,85BOBPERP   ,F ,D,1065664.38,1065664.38,1065664.38,1065664.38,1065664.38,1072619.51,1,2,2131328.00,
960191,975TMFLPERP ,F ,D,1050000.00,1050000.00,1050000.00,1050000.00,1050000.00,1071000.00,1,1,1050000.00,
961714,PFCBS4      ,F ,B,13300.00,13300.00,13300.00,13300.00,13300.00,13100.00,2,3,39900.00,
961728,830NHAI27   ,F ,B,1213.20,1213.20,1213.20,1213.20,1213.20,1213.00,1,40,48528.00,
961730,830PFC2027  ,F ,B,1188.00,1190.03,1188.00,1190.03,1190.03,1185.10,2,430,510900.00,
961732,810IRFC2327 ,F ,B,1200.35,1204.00,1200.00,1201.30,1201.30,1205.02,6,511,613296.00,
961734,HUDCO050327 ,F ,B,1170.00,1170.00,1170.00,1170.00,1170.00,1180.00,1,10,11700.00,
961737,870LTFL22A  ,F ,B,1081.00,1081.00,1081.00,1081.00,1081.00,1083.00,2,20,21620.00,
961738,870LTFL22B  ,F ,B,2290.00,2295.00,2180.00,2295.00,2295.00,2291.41,16,275,628365.00,
961744,812REC27    ,F ,B,1207.00,1232.00,1207.00,1232.00,1232.00,1207.00,2,102,123164.00,
961750,719PFC2023  ,F ,B,1026.00,1027.00,1026.00,1027.00,1027.00,1032.00,3,350,359400.00,
961751,736PFC2028  ,F ,B,1155.00,1170.00,1142.87,1170.00,1170.00,1190.00,7,601,688799.00,
961753,736IIFCL28  ,F ,B,1140.00,1140.00,1140.00,1140.00,1140.00,1140.00,1,200,228000.00,
961756,734IRFC2028 ,F ,B,1160.50,1164.00,1160.50,1164.00,1164.00,1160.50,2,20,23245.00,
961784,839HUDCO23  ,F ,B,1091.49,1091.49,1086.00,1090.94,1090.94,1084.00,4,730,796513.00,
961785,876HUDCO28  ,F ,B,1260.00,1260.00,1260.00,1260.00,1260.00,1260.10,1,50,63000.00,
961789,867NHPC33   ,F ,B,1445.18,1445.18,1440.00,1440.00,1440.00,1439.90,5,35694,51580660.00,
961791,879NHPC28   ,F ,B,1339.21,1339.21,1339.21,1339.21,1339.21,1325.00,1,10,13392.00,
961794,826IIFCL23  ,F ,B,1078.00,1079.00,1078.00,1079.00,1079.00,1099.91,2,600,647100.00,
961800,854PFC28    ,F ,B,1239.00,1239.00,1239.00,1239.00,1239.00,1269.00,1,19,23541.00,
961803,879PFC28    ,F ,B,1253.00,1253.00,1242.00,1246.00,1246.00,1245.00,9,605,753040.00,
961804,892PFC33    ,F ,B,1382.00,1382.00,1382.00,1382.00,1382.00,1382.11,1,10,13820.00,
961814,876HUDCO24  ,F ,B,1123.99,1123.99,1123.99,1123.99,1123.99,1105.10,1,25,28099.00,
961817,841IIFCL24  ,F ,B,1076.50,1076.51,1076.50,1076.51,1076.51,1146.50,7,3347,3603072.00,
961820,866IIFCL24C ,F ,B,1077.01,1077.01,1050.10,1063.33,1050.10,1073.00,3,3,3203.00,
961824,852NHAI24   ,F ,B,1067.35,1067.35,1067.35,1067.35,1067.35,1135.01,2,400,426940.00,
961826,875NHAI29   ,F ,B,1250.00,1250.00,1247.10,1248.66,1247.10,1246.01,17,1812,2263754.00,
961839,880IREDA29  ,F ,B,1234.79,1234.79,1233.90,1233.90,1233.90,1228.00,9,401,494932.00,
961851,900KPL29    ,F ,B,1310.00,1310.00,1310.00,1310.00,1310.00,1320.00,1,1,1310.00,
961853,900KPL34    ,F ,B,1381.30,1440.00,1381.25,1440.00,1440.00,1455.00,11,1020,1410030.00,
961863,898HUDCO29  ,F ,B,1257.80,1257.80,1257.80,1257.80,1257.80,1261.00,1,170,213826.00,
961893,841IIFCL24B ,F ,B,1169.09,1169.09,1169.09,1169.09,1169.09,1182.77,2,10,11690.00,
961906,736NTPC25D  ,F ,B,1115.00,1115.00,1109.31,1109.31,1109.31,1120.00,2,141,156554.00,
961912,HDFCW3      ,W ,B,503.00,503.00,497.00,500.00,500.00,521.00,5,4200,2096400.00,
961913,MOLDTKWARR  ,W ,B,480.00,499.90,451.15,461.40,461.40,488.35,11,572,265370.00,
972655,IFCI010811B ,F ,B,28505.00,30200.00,24902.00,30200.00,30200.00,30800.00,19,540,13731010.00,
972657,IFCI010811D ,F ,B,11230.00,11300.00,11230.00,11235.00,11235.00,11240.05,5,50,563450.00,
972691,IFCI311026D ,F ,B,10700.00,10700.00,10700.00,10700.00,10700.00,10278.00,5,80,856000.00,
972706,IFCI121211C ,F ,B,11670.00,11670.00,11670.00,11670.00,11670.00,11560.03,2,2,23340.00,
972715,IFCI150212C ,F ,B,11990.00,11990.00,11990.00,11990.00,11990.00,11999.36,1,5,59950.00,
972719,IFCI310312A ,F ,B,11119.90,11119.90,11119.90,11119.90,11119.90,11220.00,2,8,88959.00,
972720,IFCI310312B ,F ,B,5310.50,5310.50,5210.55,5301.00,5301.00,5310.50,4,8,42246.00,
972721,IFCI310312C ,F ,B,11156.05,11156.05,11156.05,11156.05,11156.05,11156.05,1,3,33468.00,
972722,IFCI310312D ,F ,B,5375.00,5375.00,5375.00,5375.00,5375.00,5250.00,2,19,102125.00,
973491,675PCHFL31  ,F ,B,865.00,865.05,864.35,864.71,865.03,864.90,14,1617,1398566.00,
973495,PVR290921   ,F ,B,1024000.00,1024000.00,1024000.00,1024000.00,1024000.00,1035300.00,1,1,1024000.00,
973518,1095SMPL24  ,F ,B,1019137.00,1019137.00,1019137.00,1019137.00,1019137.00,1014822.00,1,32,32612384.00,
973714,91792NFPL23 ,F ,B,1030179.55,1030179.55,1030179.55,1030179.55,1030179.55,1001364.76,2,2,2060359.00,
