SC_CODE,SC_NAME,SC_GROUP,SC_TYPE,OPEN,HIGH,LOW,CLOSE,LAST,PREVCLOSE,NO_TRADES,NO_OF_SHRS,NET_TURNOV,TDCLOINDI
500002,ABB LTD.    ,A ,Q,1891.40,1911.00,1857.30,1869.65,1861.00,1873.80,767,4304,8128982.00,
500003,AEGIS LOGIS ,A ,Q,260.00,264.30,257.00,258.70,259.00,259.55,1436,45290,11785038.00,
500008,AMAR RAJA BA,A ,Q,717.05,722.45,716.35,721.25,721.25,720.70,2649,46161,33207662.00,
500009,A.SARABHAI  ,X ,Q,29.40,29.90,29.05,29.35,29.35,29.70,660,113790,3343284.00,
500010,HDFC        ,A ,Q,2820.00,2853.00,2814.05,2829.10,2829.10,2828.10,1982,25475,72210699.00,
500012,ANDHRA PETRO,XT,Q,149.15,151.95,148.00,149.75,150.40,149.15,760,74839,11258724.00,
500013,ANSAL INFRAS,B ,Q,9.34,9.41,9.24,9.30,9.30,9.42,22,9997,93222.00,
500014,UTIQUE      ,X ,Q,2.80,2.80,2.63,2.75,2.76,2.74,125,56316,153823.00,
500016,ARUNAHTEL   ,XT,Q,14.07,14.50,13.24,14.50,14.50,13.93,14,2807,38507.00,
500020,BOM DYEING  ,A ,Q,98.50,98.70,96.85,97.50,97.50,98.45,2494,426261,41632661.00,
500023,ASIANHOTNR  ,B ,Q,80.60,91.00,78.40,87.95,88.50,81.45,305,21847,1918196.00,
500027,ATUL LTD.   ,A ,Q,9003.50,9306.20,9003.50,9262.55,9255.00,9274.60,195,267,2471066.00,
500028,ATV PROJECTS,XT,Q,9.15,9.15,8.55,8.97,8.80,8.86,58,25004,219752.00,
500031,BAJAJ ELECT.,A ,Q,1350.00,1360.00,1321.00,1323.55,1324.65,1352.95,2161,20561,27418480.00,
500032,BAJAJHIND   ,T ,Q,14.70,14.70,14.25,14.45,14.45,14.72,1905,470222,6821182.00,
500033,FORCE MOTR  ,A ,Q,1401.00,1442.00,1394.55,1407.45,1407.45,1408.90,1196,6387,9026884.00,
500034,BAJFINANCE  ,A ,Q,7420.00,7457.30,7376.50,7428.55,7421.85,7462.40,3315,23710,175856252.00,
500038,BALRAM.CHINI,A ,Q,357.95,365.70,353.50,364.65,364.65,355.30,2096,46069,16653187.00,
500039,BANCO PROD. ,B ,Q,207.65,209.20,205.40,207.80,207.80,209.15,1658,54865,11359839.00,
500040,CENTURY TEXT,A ,Q,875.50,875.50,852.30,854.35,854.35,869.35,1254,18937,16301738.00,
500041,BANNARI AMAN,A ,Q,1747.25,1784.00,1738.15,1784.00,1784.00,1757.45,37,192,335031.00,
500042,BASF INDIA  ,A ,Q,3468.00,3470.00,3362.60,3412.10,3412.10,3437.50,1060,4089,13942961.00,
500043,BATA INDIA  ,A ,Q,1740.00,1745.45,1715.10,1736.90,1744.90,1733.30,891,45785,78929147.00,
500048,BEML LTD    ,A ,Q,1350.80,1350.80,1327.35,1329.75,1330.00,1340.85,402,3395,4534045.00,
500049,BHARAT ELECT,A ,Q,197.20,199.20,195.50,197.05,197.05,197.20,2832,169258,33357461.00,
500052,BHANSALI ENG,A ,Q,179.85,180.40,178.15,179.75,179.25,178.90,706,31904,5721576.00,
500055,TATASTLBSL  ,T ,Q,93.80,94.50,93.05,94.00,94.20,93.10,997,108612,10175604.00,
500058,BIHAR SPONGE,XT,Q,12.10,12.10,11.10,11.84,11.90,11.54,201,52198,595932.00,
500060,BIRLACABLE  ,T ,Q,83.50,86.50,83.00,84.90,84.00,86.05,188,13360,1132338.00,
500067,BLUE STAR   ,A ,Q,844.95,850.00,825.05,832.15,829.00,836.60,896,5465,4570291.00,
500068,DISA INDIA  ,X ,Q,5672.00,5700.00,5650.00,5685.00,5675.00,5671.05,20,75,426463.00,
500069,BNK CAPITAL ,X ,Q,204.80,212.95,195.00,205.00,206.00,193.60,72,3940,808552.00,
500074,BPL LTD.    ,T ,Q,60.75,60.75,60.75,60.75,60.75,57.90,136,26656,1619352.00,
500078,OAL         ,B ,Q,922.80,962.90,906.15,946.70,946.70,920.60,1056,6174,5820337.00,
500083,CENTURY EXT ,B ,Q,9.43,9.72,9.40,9.59,9.72,9.43,60,19913,189308.00,
500084,CESC LTD.   ,A ,Q,829.45,835.75,823.40,828.85,830.95,829.45,1033,203256,167914476.00,
500085,CHAMBAL FERT,A ,Q,312.00,313.20,305.00,305.70,305.70,312.70,1708,56623,17396320.00,
500086,EXIDE IND.  ,A ,Q,182.00,183.85,181.10,182.00,182.00,183.05,7581,445569,81200971.00,
500087,CIPLA LTD.  ,A ,Q,952.00,952.00,926.00,949.55,949.55,952.05,3236,4049382,3751274510.00,
500089,DIC INDIA   ,B ,Q,472.50,475.00,461.70,472.05,470.00,472.40,98,2181,1027862.00,
500092,CRISIL LTD  ,A ,Q,2789.05,2848.50,2789.05,2820.65,2819.10,2794.45,741,2665,7521541.00,
500093,CGPOWER     ,T ,Q,90.90,91.90,89.55,90.75,90.60,91.40,294,60843,5517177.00,
500096,DABUR (I)   ,A ,Q,639.00,639.00,627.15,638.25,638.25,640.75,3190,78875,50003390.00,
500097,DALMIASUG   ,A ,Q,417.30,422.80,409.85,411.60,412.00,417.55,925,16203,6706025.00,
500101,ARVIND Ltd  ,A ,Q,99.70,100.05,96.90,97.40,97.40,98.15,1447,87049,8552488.00,
500102,BALARPUR IND,Z ,Q,1.49,1.52,1.42,1.44,1.44,1.49,740,2014219,2972157.00,
500103,BHEL        ,A ,Q,55.60,56.20,55.20,55.65,55.65,55.70,6212,1558667,86796603.00,
500104,HIND.PETRO  ,A ,Q,271.50,274.10,268.10,268.70,268.70,269.90,3322,347227,93774676.00,
500106,IFCI LTD    ,A ,Q,11.25,11.51,11.25,11.30,11.30,11.31,5116,290057,3290268.00,
500108,MAHA.TELE   ,B ,Q,19.00,19.20,18.50,18.60,18.60,18.65,364,127567,2380661.00,
500109,MRPL        ,A ,Q,42.60,43.90,42.60,42.90,43.00,42.80,988,217718,9399470.00,
500110,CHENNAI PET.,A ,Q,111.70,114.00,110.55,110.75,110.90,111.40,717,28294,3171639.00,
500111,REL.CAP.    ,B ,Q,17.90,18.02,17.53,18.02,18.02,17.17,1462,958136,17118778.00,
500112,STATE BANK  ,A ,Q,430.70,433.65,429.90,432.20,432.20,431.45,14261,603452,260720064.00,
500113,STEEL AUTH. ,A ,Q,120.00,123.30,119.90,122.20,122.20,120.00,4644,1111925,135184935.00,
500114,TITAN       ,A ,Q,2049.00,2058.75,2022.45,2033.85,2037.00,2056.90,4212,58762,119617392.00,
500116,IDBI BANK L ,A ,Q,38.65,38.90,38.15,38.30,38.30,38.65,1701,773113,29712355.00,
500117,DCW LTD.    ,B ,Q,35.90,36.70,35.60,36.15,36.10,35.70,651,90259,3254347.00,
500119,DHAMPUR SUGA,A ,Q,300.00,304.75,299.85,300.60,300.05,300.25,912,17235,5193233.00,
500120,DIAMINES&CHM,X ,Q,289.00,299.00,285.05,295.85,299.00,285.15,318,19289,5636295.00,
500123,ELANTAS     ,A ,Q,3784.55,3784.60,3637.00,3756.05,3756.05,3786.45,135,508,1895354.00,
500124,DR.REDDY'S  ,A ,Q,4902.00,4921.00,4881.25,4914.50,4910.00,4910.25,2467,34401,168842391.00,
500125,E.I.D.PAR   ,A ,Q,405.70,410.90,404.35,406.15,404.35,406.20,919,23997,9776655.00,
500126,PGHL        ,A ,Q,5346.85,5380.00,5320.00,5344.35,5358.00,5346.80,418,857,4590855.00,
500128,ELEC.CASTING,B ,Q,40.00,40.25,38.35,39.95,39.95,38.65,1007,304101,12032932.00,
500133,ESAB INDIA  ,A ,Q,2104.40,2220.00,2104.40,2188.30,2188.30,2100.80,280,1664,3630976.00,
500135,EPL         ,A ,Q,236.85,240.00,235.30,237.95,239.65,237.70,273,3642,867446.00,
500136,ESTER INDUS.,B ,Q,137.00,139.15,136.40,136.90,136.90,137.25,716,12677,1746878.00,
500143,P.H.CAPITAL ,XT,Q,71.40,71.40,64.70,64.95,64.95,68.00,22,992,68991.00,
500144,FINOL. CABLE,A ,Q,478.40,498.20,475.20,494.50,494.50,478.45,2729,39971,19564461.00,
500147,COCKERILL   ,X ,Q,960.00,969.50,925.00,964.95,965.00,955.00,91,2615,2478359.00,
500148,UFLEX LTD   ,A ,Q,483.10,494.95,483.10,489.75,490.00,494.20,812,18570,9091175.00,
500150,FOSECO INDIA,B ,Q,1488.35,1530.00,1485.00,1501.90,1495.00,1501.00,96,275,414902.00,
500151,GOLDEN TOB  ,B ,Q,101.30,101.60,94.50,96.10,96.10,96.85,617,26412,2571639.00,
500153,GANESH BENZO,X ,Q,77.00,78.85,76.25,78.20,78.20,76.35,368,144117,11265579.00,
500159,METROGLOBL  ,X ,Q,78.05,80.85,76.60,79.25,79.25,77.40,61,2723,212959.00,
500160,GTL LTD.    ,T ,Q,17.00,17.06,15.77,16.05,16.05,16.59,433,92012,1466506.00,
500163,GODFREY PH  ,A ,Q,974.40,980.00,970.20,972.10,980.00,977.15,145,478,465717.00,
500164,GODREJ IND  ,A ,Q,564.60,567.20,557.70,559.55,560.00,562.50,1563,19139,10749634.00,
500165,KANSAI NERO ,A ,Q,616.60,616.60,607.95,611.00,611.00,615.35,653,7474,4575799.00,
500166,GOODRICKE   ,X ,Q,254.95,257.50,245.65,254.25,254.25,249.75,126,3271,827697.00,
500168,GOODYEAR (I),A ,Q,1038.00,1044.70,1026.00,1027.85,1026.10,1037.15,285,1536,1585239.00,
500170,GTN INDUS   ,XT,Q,20.55,20.55,19.40,19.55,19.65,19.60,51,8678,172954.00,
500171,GHCL LTD    ,A ,Q,390.00,390.35,380.10,381.70,381.75,387.85,1469,45219,17468431.00,
500173,GFLLIMITED  ,A ,Q,68.00,68.00,64.30,65.05,65.70,65.10,187,6917,449542.00,
500174,GUJ.LEASE   ,B ,Q,3.32,3.39,3.26,3.38,3.38,3.32,15,8917,30072.00,
500179,HCL INFOSYS ,B ,Q,12.95,12.95,12.67,12.78,12.82,12.67,370,72064,920480.00,
500180,HDFC BANK   ,A ,Q,1571.00,1579.00,1561.10,1567.65,1567.65,1577.10,9181,1165681,1834600299.00,
500182,HEROMOTOCO  ,A ,Q,2780.00,2806.45,2763.10,2795.15,2795.15,2800.30,3253,35180,97924805.00,
500183,HFCL        ,T ,Q,75.00,75.80,73.30,75.00,75.00,74.95,3647,491619,36688868.00,
500184,HSCL        ,A ,Q,46.05,46.80,45.65,46.25,46.25,46.05,1463,277835,12808445.00,
500185,HIND.CONSTN.,A ,Q,9.60,9.69,9.40,9.54,9.54,9.61,1087,342468,3258018.00,
500186,HIND.OIL EXP,A ,Q,188.50,204.30,185.40,194.35,194.35,188.20,7110,432247,84712266.00,
500187,HSIL        ,B ,Q,225.00,225.60,221.65,223.55,223.70,223.85,489,7708,1719296.00,
500188,HINDUS.ZI   ,A ,Q,329.00,331.75,327.45,328.90,328.90,329.70,808,33633,11084803.00,
500189,NXTDIGITAL  ,B ,Q,415.55,420.35,415.50,419.75,420.35,415.30,38,108,45296.00,
500191,HMT LTD.    ,Z ,Q,27.65,28.50,27.50,28.00,28.00,27.65,34,8889,248320.00,
500192,PRAG BOSIMI ,XT,Q,2.00,2.07,2.00,2.07,2.07,1.98,12,3640,7502.00,
500193,HLVLTD      ,B ,Q,8.58,9.17,8.25,9.17,9.17,8.34,200,100722,896710.00,
500199,I.G.PETRO   ,B ,Q,625.05,634.55,621.95,624.70,624.00,625.75,355,3424,2143778.00,
500201,IND.GLYCOLS ,A ,Q,693.75,704.60,691.00,693.15,691.00,692.30,926,12096,8418514.00,
500202,IND.LEAS.DEV,X ,Q,8.66,8.66,8.25,8.40,8.40,8.25,9,1716,14808.00,
500206,MARGO FIN   ,XT,Q,28.00,28.00,27.55,27.55,27.55,29.00,11,2272,63017.00,
500207,INDO RAMA   ,T ,Q,57.15,57.15,53.55,54.80,55.50,54.45,116,29893,1644671.00,
500209,INFOSYS LTD ,A ,Q,1687.90,1694.95,1682.20,1691.80,1691.80,1693.00,3370,55551,93777726.00,
500210,INGERSOLL   ,A ,Q,919.35,983.90,916.00,974.60,974.60,919.20,1552,10510,10048419.00,
500211,INSILCO LTD.,X ,Q,6.45,6.45,6.20,6.40,6.40,6.35,72,14817,93519.00,
500213,INTER.TRAVEL,X ,Q,78.20,82.40,78.20,81.80,81.90,79.20,61,5843,469881.00,
500214,ION EXCHANGE,A ,Q,2343.00,2343.00,2280.00,2299.60,2299.60,2338.30,2019,11949,27584984.00,
500215,AGRO TECH FO,A ,Q,1011.70,1015.95,1004.70,1012.20,1012.55,1023.50,34,99,100172.00,
500219,JAIN IRRIG  ,A ,Q,38.60,38.60,37.60,38.60,38.60,36.80,3032,4457242,171768221.00,
500220,JASCH INDUST,X ,Q,139.90,148.00,136.45,139.85,139.85,133.75,580,42236,5993236.00,
500223,JCT LTD     ,X ,Q,2.99,2.99,2.85,2.98,2.98,2.85,3459,4788392,14247442.00,
500227,JINDAL POLYF,A ,Q,984.05,1007.55,977.65,992.45,996.00,980.25,880,9624,9570435.00,
500228,JSWSL       ,A ,Q,685.00,691.40,683.10,689.10,689.10,686.85,1184,61974,42613391.00,
500231,UMANG DAIR  ,B ,Q,76.05,77.95,76.05,76.95,77.00,76.95,135,2498,191346.00,
500233,KAJARIA CER.,A ,Q,1200.50,1200.50,1180.50,1191.10,1186.55,1195.75,319,1966,2336362.00,
500234,KAKATIYA CEM,B ,Q,244.55,252.00,242.55,249.85,250.95,246.00,195,1525,380199.00,
500235,KALYANI STEL,A ,Q,389.00,394.35,383.00,384.85,384.00,387.50,579,7099,2745894.00,
500236,KANELIND    ,XT,Q,2.16,2.35,2.13,2.14,2.13,2.24,82,44326,97126.00,
500238,WHIRLPOOL   ,A ,Q,2293.45,2324.00,2284.00,2303.00,2301.55,2293.45,2125,11328,26098412.00,
500239,KG DENIM    ,X ,Q,42.60,43.40,42.05,43.10,43.00,43.00,23,4168,178878.00,
500240,KINETIC ENG.,XT,Q,66.00,66.00,62.25,63.55,63.90,64.40,180,10604,674519.00,
500241,KIRL.BROS.  ,T ,Q,381.95,381.95,360.60,374.50,375.00,371.45,113,3020,1129673.00,
500243,KIRL INDUS  ,B ,Q,1596.30,1600.40,1535.00,1538.30,1577.50,1543.00,280,1282,1991717.00,
500245,KIRL.FERROUS,B ,Q,232.05,238.70,232.05,237.10,237.65,232.85,727,15978,3757412.00,
500246,ENVAIN ELECT,X ,Q,31.75,31.75,31.75,31.75,31.75,31.10,4,316,10033.00,
500247,KOTAK MAH.BK,A ,Q,1829.00,1841.65,1806.60,1817.85,1817.85,1817.90,9543,141732,258883397.00,
500248,KRIFILIND   ,X ,Q,4.26,4.47,4.26,4.47,4.47,4.26,3,300,1320.00,
500249,KSB         ,A ,Q,1189.00,1217.20,1174.95,1194.80,1196.15,1194.35,379,961,1146897.00,
500250,L.G.BALKRISH,A ,Q,416.70,418.35,412.20,414.95,416.75,412.35,348,5246,2182086.00,
500251,TRENT LTD.  ,A ,Q,1037.00,1045.10,1010.40,1022.30,1022.30,1036.40,4168,226649,233564179.00,
500252,LAXMIMACH   ,A ,Q,7824.80,7900.00,7780.75,7799.60,7809.15,7804.85,418,880,6888587.00,
500253,LIC HOUS.FIN,A ,Q,419.00,427.15,412.15,419.30,418.50,418.35,4046,212459,89341932.00,
500257,LUPIN LTD.  ,A ,Q,980.00,983.90,974.80,981.80,981.55,981.95,1159,21947,21511955.00,
500259,LYKA LABS   ,B ,Q,70.55,75.25,70.50,75.25,75.25,71.70,186,13489,1000008.00,
500260,RAMCOCEM    ,A ,Q,1035.00,1058.10,1031.50,1056.30,1056.30,1044.70,932,9530,9995800.00,
500264,MAFATLAL IND,X ,Q,142.50,142.50,134.10,139.25,138.15,140.05,64,2574,361240.00,
500265,MAH.SEAMLESS,A ,Q,311.20,313.90,310.25,311.80,311.80,311.10,429,7255,2261689.00,
500266,MAH.SCOOTER ,A ,Q,4544.20,4546.00,4430.25,4458.50,4464.15,4537.45,139,374,1674140.00,
500267,MAJESTIC AUT,XT,Q,122.80,122.80,117.55,118.00,118.00,119.85,103,7327,867784.00,
500268,MANALI PETRO,T ,Q,90.00,92.00,87.10,91.00,91.00,88.60,888,70085,6277129.00,
500271,MFSL        ,A ,Q,1082.55,1096.30,1078.80,1085.30,1083.95,1089.40,1236,69270,75551706.00,
500279,MIRC ELECT  ,T ,Q,15.75,16.25,15.50,15.80,16.00,16.05,186,74440,1180647.00,
500280,CENTURY ENKA,B ,Q,446.00,449.70,434.00,439.10,439.10,445.50,551,5271,2326489.00,
500284,LORDS CHLORO,XT,Q,60.70,63.30,58.30,62.15,63.30,60.30,71,14531,891049.00,
500285,SPICEJET LTD,A ,Q,69.60,70.40,69.30,69.65,69.65,69.60,2729,456569,31861561.00,
500288,MOREPEN LAB.,A ,Q,54.00,56.85,54.00,55.70,55.70,54.30,2558,392804,21797055.00,
500290,MRF LTD.    ,A ,Q,80608.00,81409.80,79749.10,79891.65,80100.15,80187.30,343,1447,117271511.00,
500292,HEIDEL CEM  ,A ,Q,261.55,263.55,261.20,261.55,262.10,261.55,347,6073,1592301.00,
500294,NCC         ,A ,Q,77.00,79.10,76.60,78.65,78.65,76.95,2430,749110,57901760.00,
500295,VEDL        ,A ,Q,299.00,304.65,298.70,301.80,301.80,298.95,7602,1156101,349043917.00,
500296,NAHAR SPG.  ,T ,Q,432.50,432.50,413.00,416.25,415.05,421.20,55,4284,1794235.00,
500298,NAT.PEROXIDE,A ,Q,2218.35,2294.70,2187.00,2271.60,2271.60,2195.80,1261,11769,26692698.00,
500300,GRASIM IND. ,A ,Q,1589.00,1602.00,1570.05,1597.80,1597.80,1576.90,3020,46007,72954835.00,
500302,PEL         ,A ,Q,2579.00,2606.40,2562.00,2576.10,2576.10,2579.20,1600,17934,46276128.00,
500304,NIIT LTD.   ,A ,Q,294.35,310.80,294.35,307.45,306.30,296.80,1382,40595,12307563.00,
500306,JAYKAY      ,X ,Q,58.30,60.40,58.30,58.65,59.00,57.70,147,16323,965548.00,
500307,NIRLON      ,A ,Q,304.90,309.60,304.05,305.45,305.45,303.45,143,4760,1453498.00,
500312,ONGC CORPN  ,A ,Q,119.25,123.70,118.25,122.10,122.10,118.95,13867,2134920,260651438.00,
500313,OIL COUNTRY ,T ,Q,6.84,6.84,6.40,6.75,6.75,6.71,18,2538,16829.00,
500314,ORIENT HOTEL,B ,Q,34.10,37.70,34.10,36.25,36.25,35.35,452,30296,1104820.00,
500317,OSWAL AGRO. ,B ,Q,17.13,17.50,16.75,17.33,17.09,16.76,93,9069,155732.00,
500319,INDIAN SUCRO,XT,Q,43.60,44.65,42.55,43.95,43.80,43.55,96,9607,414985.00,
500325,RELIANCE    ,A ,Q,2430.95,2438.30,2416.00,2425.45,2425.45,2430.60,5903,102685,248956286.00,
500327,PILITA      ,B ,Q,7.37,7.80,7.10,7.70,7.70,7.30,966,504887,3806639.00,
500330,RAYMOND     ,A ,Q,433.95,441.30,431.55,435.45,435.45,433.60,1970,42534,18547323.00,
500331,PIDILITE    ,A ,Q,2335.00,2351.00,2306.90,2347.95,2347.95,2312.20,1622,14376,33593543.00,
500333,PIX TRANS   ,X ,Q,801.10,810.00,790.00,799.25,799.25,796.40,391,9175,7336646.00,
500335,BIRLA CORPN.,A ,Q,1309.00,1316.95,1293.10,1302.65,1308.30,1305.80,1189,8744,11400943.00,
500336,SURYA ROSHNI,A ,Q,525.00,558.55,518.50,552.55,552.55,521.20,1987,40089,21834074.00,
500337,PRIME SECUR.,B ,Q,83.15,83.90,79.25,81.55,82.50,81.50,88,1027,83930.00,
500338,PRSMJOHNSN  ,A ,Q,126.70,127.25,123.95,125.20,125.20,126.20,822,15546,1955085.00,
500339,RAIN        ,A ,Q,231.90,249.25,231.00,243.45,243.45,229.40,16086,1175435,286165029.00,
500343,AMJLAND     ,B ,Q,33.30,33.30,32.00,32.15,32.65,33.25,87,15999,520544.00,
500346,PUN.COMMUNI.,B ,Q,33.45,34.85,33.45,34.50,34.50,33.75,22,3521,120195.00,
500350,RSWM  LTD   ,B ,Q,324.00,333.10,317.80,322.75,325.65,322.40,697,5820,1894281.00,
500354,RAJSH.SUGAR ,B ,Q,27.25,27.65,26.55,26.70,26.60,27.90,65,8132,220179.00,
500355,RALLIS INDIA,A ,Q,293.95,295.65,288.45,291.50,290.05,290.85,2641,76431,22421266.00,
500356,RAMANEWS    ,B ,Q,19.10,19.35,19.05,19.20,19.35,19.15,97,4190,80400.00,
500357,RAMA PAPER  ,XT,Q,26.20,26.20,24.50,25.90,25.90,25.05,12,1315,33683.00,
500358,RAMA PETRO  ,XT,Q,2.57,2.70,2.57,2.70,2.70,2.70,7,6554,16993.00,
500360,RAPICUT CARB,XT,Q,31.00,32.30,30.30,32.30,32.30,31.65,33,3541,112652.00,
500365,WELSPLSOL   ,X ,Q,13.85,14.05,13.61,13.97,14.00,13.68,288,141510,1977167.00,
500366,ROLTA (I)   ,T ,Q,5.60,5.80,5.50,5.79,5.79,5.53,263,106554,609514.00,
500367,RUBFILA INT.,X ,Q,102.50,103.95,102.05,102.65,102.65,102.90,888,138508,14212517.00,
500368,RUCHI SOYA  ,B ,Q,1049.85,1049.85,1042.05,1044.50,1045.30,1043.85,456,2807,2933855.00,
500370,SALORA INT. ,X ,Q,40.00,40.00,37.50,38.00,38.00,39.35,16,2090,79168.00,
500378,JINDAL SAW  ,A ,Q,118.00,121.80,118.00,119.45,119.45,118.20,1279,103085,12362607.00,
500380,JK LAKSHMI  ,A ,Q,734.30,734.30,697.00,714.00,714.00,730.00,1551,29071,20775945.00,
500387,SHREE CEMENT,A ,Q,30898.95,30898.95,30398.60,30667.30,30605.50,30791.70,783,1596,48813995.00,
500390,REL INFRA   ,T ,Q,72.00,74.15,71.30,74.15,74.15,70.65,496,73811,5398687.00,
500400,TATA POWER  ,A ,Q,133.30,134.30,131.75,132.75,132.75,133.20,8792,1508235,200318293.00,
500402,SPMLINFRA   ,T ,Q,11.30,11.68,10.91,11.11,11.15,11.13,68,31971,363423.00,
500403,SUNDARAM FAS,A ,Q,855.00,900.00,850.20,896.90,896.90,861.70,2428,20850,18398960.00,
500404,SUNFLAG IRON,A ,Q,82.25,84.00,82.25,83.05,82.70,82.70,519,27013,2245470.00,
500405,SUPREME PET ,T ,Q,665.65,700.00,665.65,692.25,692.25,671.95,387,6783,4625097.00,
500407,SWARAJ ENGIN,A ,Q,1749.00,1749.00,1680.00,1705.75,1695.80,1722.60,250,943,1603131.00,
500408,TATA ELXSI  ,A ,Q,4919.00,4954.95,4851.80,4926.00,4940.00,4864.00,1677,7620,37413901.00,
500410,ACC LTD     ,A ,Q,2422.90,2462.00,2422.90,2459.00,2459.00,2447.50,533,5486,13442705.00,
500411,THERMAX     ,A ,Q,1400.60,1417.65,1386.95,1401.65,1400.05,1402.35,508,2724,3819250.00,
500412,THIRUMALAI  ,A ,Q,198.90,202.70,194.20,198.05,198.05,198.45,2028,127068,25303350.00,
500413,THOMAS COOK ,A ,Q,60.30,63.70,59.40,62.50,62.50,61.70,1942,142561,8837012.00,
500414,TIMEX GROUP ,X ,Q,50.50,51.10,49.00,51.10,51.10,48.75,643,270585,13698314.00,
500418,TOKYO PLAST ,B ,Q,109.00,109.25,103.10,105.70,105.75,102.90,13,1015,107537.00,
500420,TORRENT PHAR,A ,Q,3098.90,3115.75,3061.75,3106.30,3090.00,3098.30,614,3967,12234884.00,
500422,TRANSCHEM   ,X ,Q,22.60,23.35,21.35,22.30,21.60,22.60,26,1428,32072.00,
500425,AMBUJA CEME ,A ,Q,429.90,440.05,429.90,438.65,437.50,436.00,2278,70609,30833285.00,
500426,UTLINDS     ,X ,Q,10.01,10.50,9.71,9.99,9.99,10.69,73,12505,124892.00,
500429,UNIPHOS ENT.,B ,Q,140.90,142.15,135.10,138.00,137.00,142.10,448,10853,1510743.00,
500439,VARD HOLDNG ,B ,Q,3180.00,3200.05,3113.60,3199.90,3199.90,3185.60,18,50,158362.00,
500440,HINDALCO    ,A ,Q,457.00,466.60,456.00,463.45,463.30,456.00,2190,179659,82777192.00,
500444,WEST COAS PA,A ,Q,233.90,240.45,232.95,233.15,233.40,235.10,461,7655,1804711.00,
500449,HIND.ORG.CHM,B ,Q,36.50,40.15,36.10,39.70,39.70,36.75,2465,616348,24134579.00,
500450,MPIL CORP L ,X ,Q,191.00,191.00,191.00,191.00,191.00,191.05,1,1,191.00,
500456,PAS.ACRYLON ,X ,Q,30.00,31.20,30.00,31.10,31.20,29.75,925,300809,9272961.00,
500458,KORE        ,XT,Q,2.58,2.65,2.46,2.65,2.65,2.53,12,4175,10967.00,
500459,PROCTER &GAM,A ,Q,13834.80,14290.00,13830.85,14160.70,14130.30,13718.80,515,1070,15147578.00,
500460,MUKAND LTD. ,T ,Q,143.30,146.50,142.00,144.80,146.40,144.95,64,6375,920844.00,
500463,AGCNET      ,T ,Q,1161.10,1161.10,1108.30,1161.10,1161.10,1105.85,61,1398,1622631.00,
500464,UCAL FUEL   ,B ,Q,150.85,151.15,149.15,150.05,149.30,150.80,102,1831,275505.00,
500467,HARR.MALAYAL,B ,Q,198.25,201.25,197.25,198.70,197.60,200.30,302,4282,853287.00,
500469,FEDERAL BANK,A ,Q,83.05,83.25,81.90,82.40,82.40,83.05,1033,11649087,967286626.00,
500470,TATA STEEL  ,A ,Q,1424.70,1451.80,1421.95,1447.40,1447.40,1429.80,8153,222186,320228754.00,
500472,SKF INDIA   ,A ,Q,3163.40,3204.35,3131.40,3194.05,3195.90,3162.25,446,37140,117463093.00,
500477,ASHOK LEYL. ,A ,Q,121.90,126.90,121.20,125.35,125.35,121.60,8531,1932196,241777333.00,
500480,CUMMINS (I) ,A ,Q,1040.90,1064.00,1034.00,1043.45,1041.35,1040.90,1198,24708,25933795.00,
500483,TATA COMM   ,A ,Q,1373.15,1376.05,1355.05,1357.60,1358.80,1369.80,775,6742,9182436.00,
500488,ABBOTT (I)  ,A ,Q,19980.05,20917.10,19888.25,20698.95,20850.00,19991.55,672,1858,38240721.00,
500490,BAJ HOLD INV,A ,Q,4308.55,4330.20,4271.45,4279.55,4285.00,4327.30,477,1091,4681774.00,
500493,BHARAT FORGE,A ,Q,774.70,776.30,758.90,773.45,773.00,772.75,2748,251675,192833986.00,
500495,ESCORTS LTD.,A ,Q,1370.10,1391.00,1352.05,1376.80,1376.80,1383.00,2570,525391,726152385.00,
500500,HIND.MOTORS ,B ,Q,7.40,8.00,7.40,7.73,7.72,7.75,185,15423,119615.00,
500510,LARSEN & TOU,A ,Q,1664.40,1680.50,1657.20,1669.55,1669.55,1665.85,3055,59518,99281878.00,
500520,MAH & MAH   ,A ,Q,753.95,756.50,747.95,750.70,750.70,754.60,2072,81531,61298636.00,
500530,BOSCH LTD   ,A ,Q,14299.40,14384.95,14212.10,14331.55,14345.00,14277.45,674,1699,24344356.00,
500540,PREMIER LTD ,T ,Q,3.34,3.60,3.34,3.49,3.50,3.50,33,8042,27473.00,
500547,BHARAT PET. ,A ,Q,490.90,492.00,487.80,491.05,491.05,489.35,4393,274592,134583460.00,
500550,SIEMENS LTD.,A ,Q,2218.00,2253.55,2211.65,2231.85,2235.00,2210.55,2119,20151,45089882.00,
500570,TATA MOTORS ,A ,Q,294.00,303.50,293.65,298.80,298.80,295.05,12667,1309761,393564460.00,
500575,VOLTAS LTD  ,A ,Q,1209.50,1218.95,1195.50,1212.90,1212.90,1205.75,2693,75329,91278325.00,
500620,GREAT EASTE ,A ,Q,360.00,364.75,351.30,353.25,353.25,359.45,586,18667,6661908.00,
500645,DEEPAK FERT.,T ,Q,420.00,423.00,411.10,419.05,419.05,417.50,337,11333,4743366.00,
500650,EXCEL INDUST,A ,Q,1081.95,1095.85,1075.00,1081.15,1079.60,1080.95,389,2131,2312908.00,
500655,GRWRHITECH  ,T ,Q,1013.95,1042.00,981.00,1036.80,1036.80,998.45,534,11764,12095911.00,
500660,GLAXOSMITH  ,A ,Q,1528.00,1530.00,1510.00,1526.45,1528.75,1519.55,751,4521,6874971.00,
500670,GUJ.NARMADA ,A ,Q,333.00,338.90,331.00,335.30,334.00,332.65,1229,32141,10765505.00,
500672,NOVARTIS    ,A ,Q,828.00,855.50,825.80,838.90,838.00,829.45,559,2316,1945077.00,
500674,SANOFI      ,A ,Q,8190.70,8221.50,8174.50,8197.70,8187.30,8182.00,244,467,3828599.00,
500680,PFIZER LTD. ,A ,Q,6115.00,6148.50,6026.25,6110.95,6104.00,6091.95,1488,23654,143266568.00,
500690,GUJ.ST.FERT ,A ,Q,102.30,104.90,102.30,103.05,102.95,103.00,1442,69573,7199503.00,
500696,HIND UNI LT ,A ,Q,2770.35,2823.65,2770.35,2808.75,2807.65,2798.70,1964,22344,62759543.00,
500710,AKZOINDIA   ,A ,Q,2206.90,2206.90,2187.90,2197.35,2200.15,2225.20,421,960,2111779.00,
500730,NOCIL LTD   ,A ,Q,280.00,286.00,277.05,283.30,283.30,277.55,3548,264038,74926172.00,
500770,TATA CHEM.  ,A ,Q,830.35,834.00,821.55,829.15,829.15,832.55,3452,75751,62686927.00,
500777,T.P.L.      ,B ,Q,114.70,114.75,112.95,113.50,113.55,113.45,542,15205,1730167.00,
500780,ZUARIGLOB   ,T ,Q,130.40,130.40,126.00,128.00,129.40,128.90,33,1508,193214.00,
500790,NESTLE (I)  ,A ,Q,19940.00,20527.10,19850.00,20439.45,20351.75,19876.65,2927,8650,175202541.00,
500800,TATACONSUM  ,A ,Q,878.95,883.50,872.55,876.10,876.10,879.85,3830,103234,90719018.00,
500820,ASIAN PAINTS,A ,Q,3319.95,3357.95,3304.00,3346.00,3346.00,3331.20,1725,16453,54873663.00,
500825,BRITANIA IND,A ,Q,4071.50,4117.30,4049.15,4069.80,4075.00,4061.45,2262,15437,63051144.00,
500830,COLGATE PALM,A ,Q,1707.00,1738.00,1695.85,1734.60,1734.60,1706.30,2223,27662,47706728.00,
500840,EIH LTD.    ,A ,Q,104.35,108.30,104.35,107.05,107.05,106.10,1442,60702,6484516.00,
500850,INDIAN HOTEL,A ,Q,146.75,153.30,146.10,150.80,150.80,146.75,9107,1674665,249247501.00,
500870,CASTROL     ,A ,Q,136.50,138.85,135.55,137.60,137.60,135.75,1993,76513,10510321.00,
500875,ITC LTD.    ,A ,Q,211.00,213.90,210.75,212.70,212.70,211.20,4856,579249,123148290.00,
500877,APOLLO TYRES,A ,Q,214.90,217.40,213.00,215.00,215.00,214.90,3308,194911,41900454.00,
500878,CEAT LIMITED,A ,Q,1315.10,1315.10,1289.60,1305.50,1307.95,1297.55,477,2719,3535582.00,
500890,MODI RUBBER ,T ,Q,90.00,91.50,90.00,91.50,91.50,87.15,15,726,66331.00,
500940,FINOLEX IND.,A ,Q,167.55,172.70,167.55,171.35,171.35,169.15,2357,83096,14196956.00,
501148,DALAL ST INV,XT,Q,239.55,239.55,230.25,239.55,239.55,234.90,14,327,77339.00,
501150,CENTRUM CAP ,B ,Q,34.25,35.25,34.10,34.95,34.95,34.25,535,63865,2223794.00,
501242,TCI FINANCE ,B ,Q,6.20,6.20,5.55,6.15,6.15,6.20,17,3341,19740.00,
501295,INDUS.INV.TR,B ,Q,69.95,71.95,68.60,68.95,68.60,69.95,25,776,53910.00,
501298,INDUS.&PRUD.,X ,Q,1640.00,1640.00,1568.10,1598.95,1598.95,1618.70,7,45,72434.00,
501301,TATA INVEST.,A ,Q,1264.10,1315.00,1261.60,1281.25,1281.25,1263.90,2234,17241,22388975.00,
501311,JAYBH.CREDIT,X ,Q,8.48,8.48,7.99,7.99,7.99,8.08,2,20,164.00,
501314,PRISMX      ,XT,Q,102.00,103.30,100.75,103.30,103.30,98.40,2017,161753,16684294.00,
501343,MOTOR&GEN.FI,B ,Q,25.80,26.60,25.55,25.70,25.70,26.05,57,1268,33495.00,
501370,WALCHAND PF ,X ,Q,88.00,88.00,82.00,86.35,86.35,84.15,8,504,42524.00,
501421,TECHNVISN   ,XT,Q,233.00,233.00,210.90,214.40,226.95,222.00,12,167,37211.00,
501423,SHA ENG PLA ,XT,Q,1910.00,1930.00,1866.00,1876.45,1885.00,1896.75,138,2158,4100009.00,
501425,BOM.BURMAH  ,A ,Q,1201.90,1223.65,1198.80,1212.00,1207.90,1198.85,506,3067,3728831.00,
501430,BOM.CYCLE   ,X ,Q,629.95,629.95,629.95,629.95,629.95,630.00,1,1,629.00,
501455,GREAVES COTT,A ,Q,138.80,144.80,136.60,141.35,141.35,137.95,4847,434453,61349642.00,
501477,MULLER & PHI,XT,Q,123.65,123.65,117.50,123.00,123.00,123.65,4,16,1921.00,
501700,INDIA NIVEH ,X ,Q,18.00,18.00,16.25,17.35,17.35,16.95,8,340,5855.00,
501831,COAST CORP  ,X ,Q,254.00,254.00,246.30,249.05,249.05,248.60,170,6715,1670721.00,
501833,CHOWGULE ST ,XT,Q,10.35,10.60,9.65,10.35,10.35,10.10,17,7666,78069.00,
501848,GLOBAL OFFS ,XT,Q,28.25,29.90,27.70,27.85,27.85,29.15,168,31040,878123.00,
501945,DHENUBUILD  ,X ,Q,1.34,1.34,1.34,1.34,1.34,1.32,1,10,13.00,
502015,ASIIL       ,X ,Q,16.49,16.83,15.90,16.01,16.01,16.32,113,31222,505486.00,
502090,SAGAR CEM.  ,A ,Q,266.15,271.45,266.15,267.60,268.15,269.65,679,15667,4207104.00,
502137,DECAN CEMENT,B ,Q,736.60,738.45,725.00,729.70,730.60,733.25,296,2299,1684597.00,
502157,MANGALAM CEM,A ,Q,464.00,465.25,458.35,460.40,459.70,462.55,262,1997,920584.00,
502168,N C L IND.  ,A ,Q,240.00,240.95,235.35,237.60,238.00,238.85,634,11421,2714621.00,
502175,SAURAS.CEM. ,X ,Q,102.25,103.00,99.35,100.60,100.60,100.70,311,38170,3850588.00,
502180,SRI DIGV CEM,B ,Q,80.70,80.80,79.85,80.15,80.30,80.05,716,37954,3049450.00,
502219,BORORENEW   ,T ,Q,295.70,307.40,294.90,307.40,307.40,292.80,308,25820,7850530.00,
502271,RAASI REFRAC,XT,Q,14.70,14.70,14.50,14.50,14.50,14.00,4,17,247.00,
502281,TRIVENI GLAS,X ,Q,5.90,5.99,5.90,5.90,5.90,6.00,12,1321,7811.00,
502294,NILACHAL REF,X ,Q,39.85,39.85,39.85,39.85,39.85,41.90,6,102,4064.00,
502330,ANDPAPER    ,B ,Q,227.55,233.95,227.50,231.25,231.25,233.35,134,1899,436998.00,
502355,BALKRISH IND,A ,Q,2485.00,2495.35,2442.55,2457.25,2465.95,2475.05,854,6443,15901148.00,
502420,ORIENT PAPER,B ,Q,31.20,31.65,30.50,30.85,30.85,30.90,608,92893,2878798.00,
502445,CITADEL     ,X ,Q,11.37,12.52,11.36,12.44,12.44,11.93,23,2068,24954.00,
502448,ROLLATAINER ,B ,Q,2.34,2.34,2.16,2.23,2.24,2.24,115,169057,376876.00,
502450,SESHA.PAPER ,A ,Q,177.65,181.00,175.45,176.30,177.10,179.70,251,4130,734757.00,
502460,SOLID CONT. ,X ,Q,35.50,36.95,35.00,36.95,36.95,35.20,16,22009,779231.00,
502563,SH.BHAWANI  ,Z ,Q,1.70,1.70,1.62,1.62,1.62,1.62,2,11,17.00,
502587,NATHIND     ,X ,Q,96.05,98.70,95.30,96.40,97.00,97.10,89,7478,720969.00,
502589,VAPI PAPER  ,XT,Q,20.75,21.75,20.75,21.75,21.75,20.75,3,211,4529.00,
502742,SINTEX IND. ,B ,Q,3.69,3.78,3.65,3.75,3.75,3.67,796,684711,2540435.00,
502820,DCM LTD.    ,T ,Q,47.70,47.70,47.70,47.70,47.70,46.20,1,983,46889.00,
502865,FORBES & CO ,B ,Q,3960.00,4133.00,3925.05,4116.50,4116.50,3898.70,1326,23468,95388228.00,
502873,H.P.COTTON  ,X ,Q,98.90,98.90,90.80,92.60,91.95,95.55,86,5541,524811.00,
502893,UNITEDINT   ,X ,Q,35.15,35.15,35.00,35.15,35.15,34.10,5,165,5798.00,
502937,KESORAM IND ,B ,Q,81.75,84.50,81.45,83.45,83.45,81.85,1290,81118,6747741.00,
502958,LAKSHMI MILL,X ,Q,3420.10,3495.90,3355.00,3373.25,3355.00,3426.00,20,57,192991.00,
502986,VARDH TEXT  ,A ,Q,2019.95,2020.00,1929.00,1944.40,1944.40,1987.35,1266,5789,11300115.00,
503031,PENLAND LTD ,T ,Q,11.45,11.95,11.36,11.41,11.41,11.45,67,37334,432729.00,
503092,PASUPATI SPG,XT,Q,17.25,17.50,17.25,17.50,17.50,16.89,9,270,4682.00,
503100,PHOENIX MILL,A ,Q,867.25,879.95,863.80,874.35,874.30,868.65,190,1169,1017519.00,
503101,MARATHON NEX,B ,Q,94.90,94.90,89.40,90.15,90.00,91.15,245,3772,343349.00,
503127,RAJA BAHADUR,XT,Q,6700.00,7258.45,6567.25,7258.45,7258.45,6912.85,93,231,1587803.00,
503162,REL.CHEMOTX ,X ,Q,174.90,179.00,170.05,171.90,173.00,174.80,779,64158,11302356.00,
503169,RUBY MILLS  ,B ,Q,296.00,296.00,281.15,286.90,286.90,295.15,1269,12897,3725121.00,
503229,SIMPLEX REAL,X ,Q,74.50,78.65,74.50,78.35,78.35,77.50,4,139,10717.00,
503310,SWAN ENG    ,A ,Q,131.00,133.20,131.00,132.80,132.80,132.00,419,6245,828019.00,
503349,VICTORIA MIL,X ,Q,3380.00,3380.00,3150.00,3267.30,3255.00,3225.15,54,170,550175.00,
503624,SVARAJ TRAD ,X ,Q,9.90,9.90,9.85,9.90,9.90,9.43,86,54539,539906.00,
503641,ZODIAC VEN  ,XT,Q,26.95,27.80,25.30,27.05,27.05,26.60,48,51806,1385147.00,
503657,VEER ENERGY ,XT,Q,13.60,14.00,12.99,13.24,13.24,13.67,141,36193,482616.00,
503659,SWIL        ,XT,Q,61.85,61.85,61.85,61.85,61.85,65.10,2,103,6370.00,
503663,TILAK       ,XT,Q,6.02,6.02,5.95,6.02,6.02,5.74,192,49924,300394.00,
503669,KKFIN       ,X ,Q,10.45,10.45,10.45,10.45,10.45,11.00,5,577,6029.00,
503675,WAGEND      ,X ,Q,0.99,1.06,0.99,1.03,1.03,1.04,101,186756,188706.00,
503691,SAHARA ONE  ,XT,Q,39.55,40.65,38.90,38.90,38.90,38.75,7,11,430.00,
503722,BANSW.SYNTEX,B ,Q,181.85,183.90,175.70,180.00,179.60,182.00,254,6283,1125050.00,
503776,MODIPON     ,X ,Q,31.50,31.50,31.50,31.50,31.50,31.50,3,125,3937.00,
503804,SHRI DINESH ,X ,Q,645.00,654.95,635.30,649.95,649.95,641.25,33,1601,1039812.00,
503806,SRF LIMITED ,A ,Q,10165.00,10369.20,10157.95,10329.55,10329.55,10167.00,2439,10058,103353043.00,
503811,SIYARAM SILK,B ,Q,380.10,397.00,380.10,387.35,387.35,394.85,914,10580,4113659.00,
503816,SWAD.POLYTEX,XT,Q,3.97,3.97,3.97,3.97,3.97,3.79,6,133,528.00,
503837,SHREE RAJSYN,X ,Q,2.87,2.89,2.87,2.88,2.88,2.87,7,1444,4166.00,
503863,SHREE MFG CO,XT,Q,3.60,3.60,3.60,3.60,3.60,3.43,4,4,14.00,
503960,BHARAT BIJLE,A ,Q,1388.75,1394.85,1376.25,1381.05,1378.55,1385.60,559,1425,1972334.00,
504000,ELPRO INTER ,X ,Q,57.80,61.00,55.85,58.55,58.30,55.10,259,37271,2208532.00,
504008,EMCO LTD.   ,Z ,Q,2.05,2.05,1.90,1.98,1.98,1.99,14,14678,28203.00,
504028,GEE LTD     ,XT,Q,85.95,85.95,81.00,84.25,83.75,82.50,377,21594,1807789.00,
504036,HIND.RECT   ,B ,Q,209.90,211.35,204.40,206.05,207.45,209.75,673,10785,2231676.00,
504058,NIPPOBATRY  ,B ,Q,1048.15,1054.45,1030.40,1038.85,1044.90,1044.90,281,1207,1260081.00,
504067,ZENSAR TECH.,A ,Q,449.50,472.15,443.65,468.55,467.65,450.15,3578,125454,58061927.00,
504076,JYOTI LTD.  ,X ,Q,10.10,10.25,9.50,9.67,9.63,9.86,55,6678,65458.00,
504080,JSL LTD.    ,XT,Q,200.10,210.00,194.10,210.00,210.00,200.10,28,995,200497.00,
504084,KAYCEE IND  ,X ,Q,4000.00,4000.00,4000.00,4000.00,4000.00,3819.05,7,11,44000.00,
504092,INDOKEM LTD.,X ,Q,32.00,34.60,32.00,33.55,33.55,33.00,39,13536,459389.00,
504093,PANA ENERG  ,X ,Q,302.30,302.30,289.50,292.35,292.35,297.70,478,34225,10015957.00,
504112,NELCO LTD.  ,A ,Q,567.00,576.00,539.80,548.70,548.70,553.80,1446,22857,12744248.00,
504132,PERM MAGNETS,X ,Q,370.00,374.00,364.00,372.90,374.00,369.00,91,6344,2363910.00,
504176,HIGH ENERGY ,X ,Q,2168.80,2168.80,2121.20,2168.80,2168.80,2065.55,408,8804,19069855.00,
504180,STD.BATTERY ,X ,Q,20.90,21.90,20.90,21.90,21.90,20.90,39,4406,95533.00,
504212,UNIV.CABLE  ,B ,Q,179.00,181.55,175.60,176.00,176.00,179.05,48,911,162140.00,
504220,W.S.INDUSTR.,T ,Q,8.00,8.60,8.00,8.00,8.00,8.37,12,9890,83639.00,
504240,DELTON CABLE,X ,Q,44.50,44.50,41.40,42.70,42.70,43.15,25,863,36205.00,
504258,LAKSHMI ELEC,X ,Q,411.80,412.00,400.60,404.90,404.95,409.75,59,1153,467903.00,
504273,MODULEX     ,XT,Q,18.00,18.50,17.55,18.20,18.00,18.00,29,10085,181475.00,
504340,CONFINT     ,X ,Q,3.51,3.51,3.39,3.51,3.51,3.45,6,1467,4974.00,
504341,RELTD       ,XT,Q,52.85,53.95,50.35,52.00,51.00,52.85,36,2664,136603.00,
504356,MULTI-PURPOS,XT,Q,10.30,10.30,10.30,10.30,10.30,10.60,1,1,10.00,
504378,NYSSACORP   ,XT,Q,6.40,6.40,6.00,6.06,6.24,6.19,286,49621,307176.00,
504380,FLOMIC      ,XT,Q,52.55,52.55,52.55,52.55,52.55,50.05,1,1,52.00,
504392,KRISHNA VEN ,XT,Q,10.50,10.50,10.50,10.50,10.50,10.00,3,101,1060.00,
504398,SJ CORP LTD ,X ,Q,14.00,14.00,14.00,14.00,14.00,13.40,3,52,728.00,
504605,UNI ABEX    ,X ,Q,634.75,649.00,613.65,630.10,639.85,634.75,86,2500,1576932.00,
504614,SARDA ENMIN ,T ,Q,721.90,721.90,692.10,702.25,700.10,713.45,151,1537,1091530.00,
504646,BHAGWATI AUT,X ,Q,165.00,165.00,163.00,163.00,163.00,162.00,6,65,10625.00,
504648,BOM.WIRE ROP,XT,Q,37.85,37.85,37.85,37.85,37.85,36.05,1,100,3785.00,
504697,GALADA TELE.,Z ,Q,2.14,2.14,2.14,2.14,2.14,2.25,3,563,1204.00,
504731,I BRIGHT ST ,XT,Q,18.05,18.05,18.05,18.05,18.05,18.05,4,8,144.00,
504741,IND.HUME PIP,A ,Q,198.70,201.55,196.50,197.65,197.25,200.60,208,2070,412040.00,
504786,INVEST &PREC,XT,Q,330.95,331.00,322.00,329.95,329.95,334.00,10,395,129311.00,
504810,INFORMEDTEC ,X ,Q,35.25,35.25,32.00,32.00,32.00,32.05,5,610,21177.00,
504840,KAIRA CAN CO,X ,Q,1624.85,1627.95,1600.00,1621.15,1600.00,1592.50,14,38,61653.00,
504879,ORIENT ABRAS,B ,Q,28.80,29.15,28.35,28.75,28.95,28.80,307,19760,568111.00,
504882,NATIONAL STD,XT,Q,2969.25,2969.25,2969.25,2969.25,2969.25,2827.90,7,18,53446.00,
504908,DUNCANENG   ,X ,Q,199.25,203.75,198.40,200.10,198.75,200.20,28,377,75269.00,
504918,SANDUR MANG.,B ,Q,1812.00,1950.00,1800.00,1931.20,1931.20,1816.30,2264,37133,70452751.00,
504959,STOVAC IND. ,X ,Q,2455.00,2570.00,2450.00,2479.45,2519.00,2547.80,235,1799,4503751.00,
504961,TATA YODOGAW,X ,Q,64.75,64.80,58.55,59.90,60.80,62.05,307,54614,3315104.00,
504966,TINPLATE    ,A ,Q,283.00,288.40,279.50,280.75,280.75,279.90,1535,40723,11500311.00,
504973,CHOLAHLDNG  ,A ,Q,665.00,670.10,652.60,666.75,665.90,661.45,465,1362,897133.00,
504988,WELCAST     ,X ,Q,388.50,388.50,365.00,365.00,365.00,370.00,13,269,104234.00,
505010,AUTO AXLES  ,A ,Q,1240.30,1252.00,1225.00,1230.15,1236.05,1243.05,198,640,789947.00,
505036,AUTO COR.GOA,X ,Q,631.65,646.65,625.50,643.45,636.65,642.15,169,3682,2353976.00,
505075,SETCO AUTO  ,B ,Q,22.65,22.65,22.65,22.65,22.65,20.60,411,369646,8372481.00,
505141,SCOOTERS IND,T ,Q,36.40,37.00,35.10,36.80,36.80,36.25,44,2537,91922.00,
505160,TALBROS AUTO,B ,Q,286.60,286.60,277.00,278.90,279.75,275.40,288,3657,1022989.00,
505163,ZF STEERING ,X ,Q,441.15,459.00,441.10,457.00,457.00,446.40,80,2577,1162897.00,
505192,SMLISUZU    ,A ,Q,555.40,568.50,555.35,564.95,566.35,556.20,262,878,495415.00,
505196,TIL LTD.    ,B ,Q,155.00,158.00,150.10,156.55,156.55,154.85,110,2137,330768.00,
505200,EICHER MOTOR,A ,Q,2817.60,2830.55,2773.25,2818.35,2812.00,2799.80,2619,16993,47665687.00,
505212,JAINEX      ,XT,Q,63.40,63.40,57.40,63.35,63.35,60.40,32,26125,1650095.00,
505216,ALFRED HERB ,X ,Q,648.95,648.95,603.45,642.00,642.00,638.60,15,154,96618.00,
505232,VELJAN      ,X ,Q,1121.00,1248.90,1099.00,1202.45,1195.00,1149.95,141,3645,4167400.00,
505242,DYNAMAT.TECH,B ,Q,2375.00,2885.15,2375.00,2873.80,2873.80,2404.30,6195,33558,90269944.00,
505250,G.G.DANDEKAR,X ,Q,51.55,52.65,51.50,52.65,52.65,51.10,7,406,21082.00,
505255,GMM PFAUDLER,A ,Q,4556.70,4572.80,4449.35,4497.75,4512.40,4568.45,1130,3293,14791824.00,
505283,KIRLOSAR PN ,B ,Q,378.00,401.65,371.10,397.15,401.00,376.25,560,38248,14910878.00,
505299,KPT         ,X ,Q,129.00,132.30,125.05,125.90,126.00,126.10,28,907,117033.00,
505302,LAXMI AUTOLM,X ,Q,710.00,776.40,710.00,776.40,776.40,705.85,89,1726,1313959.00,
505324,MANUGRAPH IN,B ,Q,12.70,12.92,12.11,12.53,12.53,12.48,15,1327,16248.00,
505343,MONOTYPE IND,Z ,Q,0.30,0.30,0.30,0.30,0.30,0.30,1,4000,1200.00,
505355,NESCO LTD   ,A ,Q,596.75,596.85,588.10,592.95,593.00,593.75,319,3564,2108569.00,
505358,INTEGRA ENG ,X ,Q,63.80,63.80,62.00,62.35,62.35,60.95,280,30766,1937205.00,
505368,REVATHI EQU.,B ,Q,556.65,567.35,545.00,558.00,558.00,565.00,17,110,61503.00,
505400,TEXINFRA    ,B ,Q,59.05,61.15,59.05,59.90,60.05,60.30,61,1122,67599.00,
505412,WENDT(INDIA),B ,Q,4263.70,4275.00,4250.60,4267.50,4260.00,4213.60,10,10,42616.00,
505509,RESPON IND  ,A ,Q,127.25,133.00,126.05,129.25,127.10,126.30,264,22333,2888036.00,
505515,SHYAMKAM INV,XT,Q,13.12,13.12,13.12,13.12,13.12,12.50,4,96,1259.00,
505523,MAHA CORP   ,X ,Q,0.54,0.54,0.51,0.53,0.53,0.53,292,526485,276016.00,
505526,DOLAT INV.  ,B ,Q,97.80,101.10,94.25,94.90,94.90,96.00,1810,95358,9253791.00,
505533,WESTLIFE DEV,A ,Q,524.35,526.35,516.50,518.45,518.45,524.90,612,3356,1746586.00,
505537,ZEE ENTER   ,A ,Q,177.40,183.70,176.85,182.95,182.95,177.45,7526,820948,148920157.00,
505576,GOLDCORP    ,X ,Q,140.25,140.25,120.00,140.25,140.25,127.50,43,2244,302717.00,
505590,SVPGLOB     ,B ,Q,133.75,134.95,130.80,133.55,132.70,133.40,874,31974,4241228.00,
505650,SKYL MILLAR ,XT,Q,11.53,11.53,10.47,10.47,10.47,11.02,64,12400,130904.00,
505681,BIMETAL BEAR,X ,Q,331.20,355.00,331.20,346.65,346.00,335.70,68,1392,483243.00,
505688,BHARAT GEARS,B ,Q,149.00,154.80,146.50,152.80,153.00,148.35,710,9072,1376175.00,
505690,BRADY MORRIS,X ,Q,158.00,158.00,156.50,156.50,156.50,152.95,4,203,31771.00,
505693,LATIMMETAL  ,X ,Q,89.95,90.00,86.65,88.90,88.00,87.85,97,4632,410246.00,
505700,ELECON ENG  ,B ,Q,179.00,182.90,175.60,177.25,177.90,180.50,3017,190415,34104137.00,
505710,GRAUER& WEIL,B ,Q,59.40,60.10,58.90,59.35,59.35,59.30,551,36134,2150461.00,
505711,GAJRA BEVEL ,XT,Q,2.29,2.40,2.18,2.39,2.39,2.29,36,11991,27088.00,
505712,HIMTEK      ,X ,Q,112.00,112.00,109.85,111.00,111.00,110.85,31,695,77140.00,
505714,GABRIEL(I)  ,A ,Q,139.35,145.10,137.80,142.40,142.40,139.35,2218,164300,23404413.00,
505720,HERC.HOISTS ,B ,Q,146.10,148.50,143.00,143.75,143.75,145.95,802,18188,2637404.00,
505725,HIND.EVEREST,XT,Q,850.00,867.95,830.00,848.05,867.95,850.00,45,633,538965.00,
505726,IFB IND.LTD.,A ,Q,1091.15,1126.00,1072.00,1100.20,1100.00,1094.70,864,4215,4622474.00,
505729,SINGER INDIA,X ,Q,63.95,64.00,61.25,61.75,61.75,63.25,463,76039,4755509.00,
505737,INTER.COMBUS,X ,Q,195.65,195.65,187.50,195.00,194.90,190.00,7,82,15930.00,
505744,FED MOG GOE ,A ,Q,288.65,294.55,288.65,290.25,290.25,291.80,469,8295,2427238.00,
505750,JOSTS ENG.  ,X ,Q,500.80,522.60,492.55,506.00,506.00,500.80,29,447,225717.00,
505790,SCHAEFFLER  ,A ,Q,7559.95,7562.75,7336.50,7385.20,7374.90,7523.20,204,378,2807663.00,
505800,RANE HOLDIN ,A ,Q,639.50,645.00,623.00,625.80,623.00,635.45,336,1612,1020129.00,
505827,SNL BEARINGS,X ,Q,230.05,243.00,230.05,237.40,235.15,235.65,49,1200,286148.00,
505840,JAIPAN INDUS,X ,Q,8.71,9.00,8.29,8.50,8.50,8.72,42,27593,230703.00,
505850,MANCREDIT   ,X ,Q,61.00,61.15,59.70,60.20,60.20,60.30,78,14078,847597.00,
505854,TRF LTD.    ,B ,Q,122.60,123.90,118.70,119.45,119.40,124.85,111,4069,486981.00,
505872,WPIL LTD.   ,X ,Q,880.00,902.80,867.00,899.80,902.80,878.80,185,3668,3275847.00,
505890,KENNAMETAL  ,A ,Q,1422.70,1456.00,1400.90,1432.50,1431.15,1418.65,343,1019,1457627.00,
505893,HINDHARD    ,X ,Q,306.95,306.95,286.85,286.90,289.95,301.90,101,6568,1961885.00,
505978,TRITON VALVE,X ,Q,1368.00,1368.00,1315.00,1348.95,1348.95,1307.70,50,349,464338.00,
506003,SUDAL INDUS ,X ,Q,6.40,6.40,5.40,5.59,5.81,6.00,36,5711,31235.00,
506022,PRAKASH IND.,A ,Q,67.00,67.65,66.70,67.25,67.15,67.00,990,69683,4678276.00,
506074,ARSHIYA     ,B ,Q,30.50,30.50,28.95,29.60,29.50,29.90,255,22298,660383.00,
506076,GRIND NORTON,A ,Q,1414.00,1460.00,1404.85,1446.35,1446.35,1420.20,1565,12067,17231183.00,
506079,LAKSHMI PREC,Z ,Q,4.58,4.58,4.58,4.58,4.58,4.82,3,951,4355.00,
506105,STANROSE MAF,X ,Q,85.35,90.00,85.35,89.90,90.00,87.05,19,1063,94915.00,
506109,GENESYS INT.,B ,Q,138.95,145.45,138.95,145.10,145.10,138.55,17,1275,184071.00,
506122,PANKAJPIYUS ,XT,Q,65.00,67.70,61.50,61.50,61.50,64.50,8,89,5804.00,
506128,PARNAXLAB   ,X ,Q,23.25,26.45,23.25,25.00,25.10,25.25,20,884,21469.00,
506146,VISAGAR POL ,B ,Q,0.78,0.78,0.75,0.77,0.77,0.77,343,996856,757735.00,
506186,GCKL        ,X ,Q,18.10,18.10,16.60,16.70,16.70,17.45,15,614,10654.00,
506194,ARIH SUPER  ,B ,Q,126.70,127.00,120.95,121.85,120.95,125.40,688,38552,4725691.00,
506197,BLISSGVS PH ,A ,Q,110.65,114.50,110.35,111.60,111.60,110.65,1173,66969,7544985.00,
506222,INEOSSTYRO  ,B ,Q,1398.95,1398.95,1355.20,1377.75,1379.85,1368.60,568,1648,2260755.00,
506235,ALEMBIC LTD.,A ,Q,116.95,116.95,113.65,114.45,114.30,116.95,1057,50047,5753301.00,
506248,AMINES&PLAST,X ,Q,130.90,130.90,122.00,123.55,123.55,127.75,523,36401,4509620.00,
506260,ANUH PHARMA ,X ,Q,116.20,117.80,115.05,115.95,115.95,116.75,481,38624,4466375.00,
506261,MODISON MET.,B ,Q,76.30,76.30,72.55,75.55,75.10,74.30,264,5964,446412.00,
506285,BAYER CROP  ,A ,Q,5375.00,5422.00,5342.00,5405.50,5400.00,5368.00,290,439,2365591.00,
506313,SASHWAT     ,P ,Q,88.80,88.80,80.50,80.50,80.50,84.70,2,300,24565.00,
506365,CHEMO PHARMA,XT,Q,24.75,25.75,24.00,25.50,25.50,25.00,11,216,5256.00,
506390,CLARI CHEM  ,A ,Q,556.05,569.05,556.00,566.90,566.00,558.90,642,5591,3159306.00,
506395,COROM INTER ,A ,Q,794.00,829.60,792.15,814.85,814.85,788.60,3892,78200,63935121.00,
506401,DEEPAK NITR.,A ,Q,2375.00,2375.00,2346.40,2360.00,2364.00,2360.40,1938,17970,42396568.00,
506405,DHARAMSI CHM,X ,Q,330.00,334.80,326.00,332.70,333.40,329.85,221,10591,3509495.00,
506414,FERMENTA    ,X ,Q,281.00,281.00,271.00,276.50,277.60,276.70,310,5431,1500713.00,
506480,GOCLCORP    ,B ,Q,263.55,279.85,263.50,273.65,274.50,265.60,636,7168,1940108.00,
506520,JAYSHRI CHEM,XT,Q,6.00,6.56,6.00,6.17,6.05,6.25,116,101790,629024.00,
506522,JL MORISON  ,X ,Q,2017.00,2017.00,1930.00,1930.00,1930.00,2018.00,11,12,23604.00,
506525,KANORIA CHEM,B ,Q,166.05,173.70,166.00,173.20,173.70,165.45,195,14187,2444589.00,
506528,KELTECH EN. ,X ,Q,772.00,773.80,756.10,762.85,760.00,770.60,22,215,163771.00,
506532,NITTA GELA  ,X ,Q,246.95,246.95,240.00,241.55,241.55,246.95,125,4958,1201052.00,
506543,M.P.AGRO IND,XT,Q,3.39,3.46,3.30,3.46,3.46,3.30,5,101,334.00,
506579,ORIENT.CARB.,A ,Q,1061.85,1079.90,1054.45,1056.60,1056.60,1069.75,305,1733,1851266.00,
506590,PHIL.CARBON ,A ,Q,241.70,251.90,241.70,246.05,244.45,241.70,2771,289119,71221348.00,
506597,AMAL PRODUCT,X ,Q,380.25,410.00,380.25,404.50,404.50,385.80,135,3758,1504619.00,
506605,POLYCHEM    ,X ,Q,530.00,530.00,515.25,516.00,516.00,520.70,14,71,37061.00,
506618,PUN.CHEM    ,B ,Q,1820.55,1822.45,1769.15,1791.95,1785.00,1813.75,384,1377,2478571.00,
506642,SADHANA NITR,X ,Q,36.25,36.25,34.95,35.45,35.65,35.25,347,37284,1317038.00,
506655,SUDARSH.CHEM,A ,Q,674.00,682.80,667.00,674.50,674.50,670.30,1832,37763,25471663.00,
506685,ULTRAMARINE ,X ,Q,412.35,470.00,412.35,460.05,460.05,417.35,6479,580457,261462866.00,
506687,TRANSPEK    ,X ,Q,2323.95,2323.95,2230.10,2255.70,2255.70,2324.05,376,4086,9317665.00,
506690,UNICHEM LAB ,A ,Q,275.85,278.80,271.25,273.75,273.75,275.00,3678,47768,13132466.00,
506734,MYS PETRO   ,X ,Q,108.80,108.80,104.30,104.30,104.30,106.05,4,192,20649.00,
506767,ALKYL AMINES,A ,Q,4018.00,4174.00,4018.00,4136.85,4133.00,4020.90,2413,10171,41875187.00,
506808,TUTIALKA    ,X ,Q,11.99,12.25,11.52,12.05,12.25,11.72,169,16240,193023.00,
506820,ASTRAZEN.PH.,A ,Q,3161.00,3190.25,3105.00,3120.70,3120.70,3175.60,1062,2998,9425534.00,
506852,PUN.ALKALI  ,X ,Q,116.00,119.00,116.00,117.05,117.05,117.80,51,7227,850130.00,
506854,TANFAC IND. ,X ,Q,589.90,601.40,574.70,601.40,601.40,572.80,1508,61002,36270519.00,
506858,GUJ.PETRO   ,XT,Q,44.00,48.00,44.00,47.80,47.80,46.00,12,246,10958.00,
506879,GUJ.THEMIS. ,X ,Q,439.00,443.25,436.00,437.05,437.05,436.25,122,5772,2524112.00,
506910,JAYSN DYEST ,X ,Q,80.20,82.50,80.00,81.60,82.00,80.60,86,4746,385632.00,
506919,MAKERS LAB. ,X ,Q,211.00,211.00,201.00,204.95,202.10,208.90,33,1432,294943.00,
506935,CONT.CHEM   ,XT,Q,210.90,210.90,210.90,210.90,210.90,200.90,25,495,104395.00,
506943,J.B.CHEMICAL,A ,Q,1762.55,1782.60,1743.35,1758.00,1758.00,1788.50,1385,7809,13717671.00,
506975,RAJ.PETRO   ,P ,Q,2.45,2.67,2.45,2.67,2.67,2.56,2,1000,2604.00,
506981,BL.CHIP TEX ,X ,Q,154.30,154.30,141.00,146.00,146.00,140.75,46,3861,569099.00,
507155,JAGATJIT IND,XT,Q,56.25,60.35,56.25,59.35,58.55,58.05,19,2520,149631.00,
507180,KESAR ENT.  ,XT,Q,90.90,90.90,86.10,87.25,86.10,87.70,54,3015,268824.00,
507205,TILAKNAG IND,T ,Q,41.40,41.40,39.60,40.60,40.80,40.50,52,13101,528383.00,
507300,RAVALGAON   ,XT,Q,1999.20,2152.50,1999.10,2152.50,2152.50,2050.00,3,3,6150.00,
507315,SAKTHI SUGAR,T ,Q,15.05,15.65,14.85,15.00,15.15,15.10,120,21144,318052.00,
507410,WALCHANDNGR ,B ,Q,68.10,68.50,64.50,64.90,64.90,68.50,1247,79994,5279276.00,
507435,KHOD.INDIA  ,XT,Q,71.70,71.70,69.25,70.05,70.05,70.00,6,310,21637.00,
507438,IFB AGRO    ,B ,Q,569.30,570.40,560.40,563.00,561.30,563.45,199,1082,611007.00,
507442,DHARANI SUG ,T ,Q,18.85,18.95,18.80,18.80,18.80,19.75,78,17696,332809.00,
507474,KOTHARI FERM,X ,Q,66.40,67.40,64.15,65.05,65.60,65.40,68,5170,341202.00,
507486,CAPROLA.CHEM,XT,Q,63.10,68.00,63.10,63.15,63.15,65.40,5,524,33156.00,
507488,G.M.BREWERI ,B ,Q,578.20,582.20,572.15,573.10,572.80,578.70,499,4028,2323259.00,
507490,RANA SUGARS ,T ,Q,27.05,27.05,25.80,26.30,26.45,27.05,254,54853,1442607.00,
507498,PICCADILY SU,XT,Q,12.33,12.89,12.33,12.83,12.61,12.33,36,5683,71062.00,
507514,SOM DISTILL.,B ,Q,41.45,43.70,41.40,42.25,42.25,42.85,246,23415,997724.00,
507515,CJ GELATIN  ,XT,Q,17.80,17.80,17.80,17.80,17.80,17.80,2,7,124.00,
507525,AMRIT CORP  ,X ,Q,770.00,795.00,740.35,777.65,785.00,798.00,26,105,80436.00,
507526,ASSO.ALCOHOL,B ,Q,445.00,446.00,439.85,442.65,443.00,438.25,810,6763,2989944.00,
507552,FOODS & INNS,X ,Q,68.50,69.00,66.30,66.90,66.85,68.60,431,64182,4306948.00,
507580,IVP LIMITED ,B ,Q,112.70,117.50,112.65,117.50,117.50,115.00,8,152,17132.00,
507598,KLRFM       ,X ,Q,70.20,74.00,70.20,72.35,72.35,70.70,57,6623,482799.00,
507609,OLYMPIC OIL ,XT,Q,51.00,51.00,48.45,48.45,48.45,51.00,3,14,686.00,
507621,MILKFOOD    ,X ,Q,351.95,356.00,340.00,342.35,342.35,342.25,76,1225,426417.00,
507645,POLSON LTD. ,X ,Q,12448.00,12450.00,12010.85,12389.30,12264.25,12228.95,47,106,1298652.00,
507685,WIPRO LTD.  ,A ,Q,661.00,664.60,654.00,662.20,662.20,662.35,10250,261806,172627947.00,
507690,ORIENT BEVER,X ,Q,70.45,74.00,70.30,72.85,72.85,73.95,35,1356,97617.00,
507717,DHAN AGRI   ,A ,Q,825.00,835.00,820.00,821.55,822.85,820.50,1275,7934,6565721.00,
507747,TTK HEALTHCA,B ,Q,708.70,713.00,699.50,702.40,699.55,699.85,166,1175,827633.00,
507753,TGVSL       ,X ,Q,36.65,38.65,35.80,38.05,38.05,36.95,567,230577,8589006.00,
507759,LIME CHEM.  ,X ,Q,23.30,23.70,22.55,23.00,23.00,23.75,22,832,19203.00,
507779,KANPUR PLAST,B ,Q,251.05,259.00,247.70,253.10,252.00,253.50,583,7200,1806302.00,
507785,TAINWALA CH.,T ,Q,82.70,82.70,77.55,79.25,79.25,80.75,29,2012,158306.00,
507789,JAGSON PHAR ,B ,Q,141.45,170.45,140.45,169.75,169.75,142.05,3383,197572,32713358.00,
507794,KHAITAN CHEM,B ,Q,63.75,63.75,61.30,62.00,61.85,62.45,251,12099,751600.00,
507813,NATI. OXYGEN,XT,Q,72.40,74.95,71.00,71.20,74.80,72.60,41,694,51005.00,
507815,GILLETTE (I),A ,Q,5976.15,6270.05,5976.15,6107.95,6080.00,5975.60,1508,4278,26422405.00,
507817,WIRES FABRIK,X ,Q,68.25,68.25,63.20,64.15,64.15,65.00,9,212,13610.00,
507828,ANSALHSG    ,B ,Q,6.80,6.80,6.25,6.40,6.40,6.51,58,22844,145544.00,
507836,MAC CHARLES ,X ,Q,535.75,589.10,535.75,581.35,584.45,560.90,89,2798,1611703.00,
507852,ADDI IND.   ,XT,Q,8.41,8.41,8.41,8.41,8.41,8.41,1,1,8.00,
507864,PION INVEST ,X ,Q,32.90,32.90,32.90,32.90,32.90,32.80,1,50,1645.00,
507872,ASHNOOR TEX.,XT,Q,38.00,38.35,37.00,37.25,37.30,36.55,83,8283,314646.00,
507878,UNITECH LTD ,Z ,Q,1.78,1.80,1.76,1.78,1.78,1.77,413,1795248,3195470.00,
507880,VIP INDUS.  ,A ,Q,479.00,494.00,479.00,488.80,488.80,482.20,1991,49482,24211754.00,
507886,DHRUV ESTATE,XT,Q,10.29,10.29,10.29,10.29,10.29,10.83,1,50,514.00,
507894,SCHABLONA (I,X ,Q,14.15,14.15,14.15,14.15,14.15,14.85,1,75,1061.00,
507910,FIBERWB IN  ,X ,Q,46.00,46.00,44.05,44.80,44.80,44.20,154,18890,845136.00,
507912,LKP FIN     ,X ,Q,121.50,125.00,117.70,123.15,123.40,119.95,51,3865,474290.00,
507944,BAJAJ STEEL ,X ,Q,1004.00,1022.95,991.00,999.70,999.70,996.40,564,7421,7429256.00,
507948,KEY CORP.LTD,XT,Q,43.70,45.85,41.55,45.85,45.85,43.70,35,1344,56612.00,
507960,GUJ.HOTELS  ,X ,Q,159.40,168.00,151.20,165.40,161.20,153.45,114,5184,827423.00,
507966,RAS RESORTS ,X ,Q,27.80,27.85,27.80,27.85,27.85,26.70,2,10,278.00,
507970,PARA. COSMET,Z ,Q,29.05,32.00,29.05,31.10,32.00,30.50,8,829,25552.00,
507981,JINDAL HOTL ,X ,Q,30.35,32.40,29.75,31.00,31.00,31.25,123,9721,294671.00,
507998,SIMMONDS-MAR,X ,Q,40.00,42.90,40.00,41.40,42.35,40.35,33,2305,94993.00,
508136,BNALTD      ,X ,Q,213.00,213.00,205.75,207.25,205.75,209.70,32,812,169065.00,
508306,LEDO TEA CO ,X ,Q,25.10,26.85,25.05,26.85,26.85,26.35,23,6234,158736.00,
508486,HAWKINS COOK,A ,Q,6199.95,6280.00,6150.00,6197.30,6197.30,6156.75,296,1246,7745007.00,
508494,WARREN TEA  ,X ,Q,81.60,84.00,81.55,82.80,83.00,83.00,33,1886,156367.00,
508571,COCHIN MALA ,X ,Q,45.00,45.00,45.00,45.00,45.00,46.00,1,1,45.00,
508664,BEST E.HOTEL,X ,Q,20.50,20.50,17.30,19.00,19.00,19.20,56,120987,2291953.00,
508670,NEELAMALAI  ,X ,Q,3400.00,3498.00,3356.00,3375.00,3375.00,3385.05,9,43,147035.00,
508807,IST LTD.    ,XT,Q,486.00,486.00,478.00,480.00,480.00,486.00,19,188,90614.00,
508814,COSMO FILMS ,A ,Q,1320.05,1326.40,1300.00,1303.40,1308.00,1312.75,475,3011,3949975.00,
508869,APOLLO HOSP.,A ,Q,4814.00,4823.05,4685.20,4720.00,4723.00,4813.75,3743,22787,107820842.00,
508875,NITINCAST   ,X ,Q,97.00,103.40,95.15,95.30,95.25,98.95,25,932,90341.00,
508905,SMIFS CAPITA,X ,Q,42.40,42.40,42.40,42.40,42.40,44.60,12,615,26076.00,
508906,EVEREST INDS,B ,Q,443.00,448.15,439.75,440.25,440.55,442.25,303,3159,1398448.00,
508918,IRONWOOD    ,X ,Q,38.90,41.00,38.90,39.50,39.50,39.45,5,162,6451.00,
508922,MSR INDIA   ,XT,Q,13.60,14.50,13.52,13.52,13.52,14.23,18,1639,22405.00,
508929,JOYREALTY   ,XT,Q,9.41,9.41,9.41,9.41,9.41,9.41,1,1,9.00,
508933,AYMSYNTEX   ,B ,Q,105.00,105.00,98.65,101.00,101.00,102.25,1216,37952,3901270.00,
508941,PANASON CAR ,X ,Q,541.95,570.00,541.95,561.15,566.90,558.75,161,4278,2414357.00,
508954,FINKURVE    ,X ,Q,51.50,55.95,51.30,54.25,54.00,52.50,29,4801,258768.00,
508956,HB LEAS.PUB ,XT,Q,2.65,2.78,2.52,2.77,2.77,2.65,23,5911,15983.00,
508963,STERL.GUARA.,XT,Q,3.26,3.26,3.26,3.26,3.26,3.43,2,157,511.00,
508969,SULABH ENG. ,X ,Q,2.27,2.37,2.16,2.20,2.25,2.27,68,18381,41214.00,
508989,NAVNETEDUL  ,A ,Q,101.00,103.70,101.00,101.95,101.95,101.20,896,38069,3901381.00,
508996,SATPROP LTD ,Z ,Q,1.19,1.30,1.19,1.23,1.23,1.25,59,38602,46460.00,
509009,AUSOM ENT   ,T ,Q,71.50,75.80,71.50,72.20,72.20,74.40,19,767,55476.00,
509015,THAKRAL SER ,X ,Q,9.25,9.25,9.25,9.25,9.25,8.83,4,850,7862.00,
509020,RUCHI INFRA.,T ,Q,7.35,7.44,7.07,7.31,7.31,7.23,59,25324,182920.00,
509026,VJTFEDU     ,XT,Q,63.00,63.00,63.00,63.00,63.00,60.00,1,100,6300.00,
509038,VOLTAIR LEAS,X ,Q,21.80,21.80,21.80,21.80,21.80,21.80,1,1,21.00,
509040,NETLINK SOLU,XT,Q,16.00,16.00,15.20,15.20,15.20,16.00,12,641,9783.00,
509048,LANCOR HOLDS,XT,Q,11.70,12.05,11.01,11.84,11.84,11.50,27,25315,302351.00,
509051,INDIAN INFO.,XT,Q,1.44,1.45,1.33,1.44,1.44,1.39,3804,3508896,4842832.00,
509053,BANAS FIN.  ,X ,Q,7.00,7.19,7.00,7.18,7.18,7.19,15,2033,14381.00,
509055,VISAKA IND. ,B ,Q,713.00,713.00,690.00,700.85,705.00,697.65,832,4096,2855882.00,
509073,HATHWAY BHAW,XT,Q,17.45,17.70,16.95,17.30,17.40,17.80,55,5476,93527.00,
509077,PRESSMN     ,B ,Q,28.65,29.60,28.65,29.05,29.05,28.90,160,3146,91631.00,
509079,GUFIC BIO SC,B ,Q,205.00,206.80,197.90,199.40,198.45,202.60,2814,77609,15730438.00,
509152,GRPLTD      ,B ,Q,921.25,964.00,921.25,943.15,961.45,963.65,34,421,402675.00,
509162,INDAG RUBBER,X ,Q,88.80,88.80,84.00,84.95,84.90,87.75,313,19873,1701722.00,
509196,M.M.RUBBER  ,X ,Q,42.80,44.00,40.80,43.25,43.25,42.90,28,16804,703347.00,
509220,PTL LTD     ,B ,Q,46.80,47.45,46.60,47.15,47.35,46.20,110,3621,170320.00,
509243,TVS SRICHAKR,A ,Q,2138.35,2170.00,2064.00,2085.40,2092.30,2137.90,220,596,1261095.00,
509423,SEL         ,X ,Q,44.90,44.90,44.90,44.90,44.90,43.80,2,51,2289.00,
509438,BENARES HOT ,X ,Q,1650.00,1650.00,1537.00,1539.45,1540.05,1553.00,16,35,54794.00,
509449,BHAGWATI OXY,XT,Q,45.40,45.40,41.10,42.75,43.10,43.25,174,8669,367338.00,
509470,BOMOXY-B1   ,X ,Q,12800.00,12850.00,12626.05,12695.05,12695.00,12800.00,8,9,114838.00,
509472,CRAVATEX    ,X ,Q,325.00,349.00,325.00,341.20,349.00,333.60,53,1102,369855.00,
509480,BERGE PAINT ,A ,Q,831.90,838.00,827.40,836.10,836.10,831.90,2250,25546,21260512.00,
509486,CAPRIHANS   ,X ,Q,148.70,149.90,146.70,147.85,147.70,147.40,42,1904,281014.00,
509488,GRAPHITE IN.,A ,Q,632.00,637.75,626.80,630.65,628.60,633.05,1968,35288,22244999.00,
509496,ITDCEM      ,A ,Q,79.80,81.45,77.95,80.15,80.55,79.80,2059,130664,10451818.00,
509525,EMPIRE IND. ,X ,Q,804.50,804.50,783.80,795.35,799.50,783.80,37,284,225172.00,
509546,GRAVISS HOSP,X ,Q,15.99,16.21,14.75,15.90,15.90,15.45,21,6183,99325.00,
509557,GARFIBRES   ,A ,Q,3460.00,3500.00,3393.80,3434.15,3413.10,3439.55,1070,3323,11413777.00,
509563,GARWA.MARINE,XT,Q,9.50,10.19,9.50,10.00,10.00,9.89,11,1577,15382.00,
509567,GOA CARBON  ,B ,Q,371.95,399.00,368.60,387.60,387.60,370.80,1111,9413,3637668.00,
509597,HARDCASTLE  ,X ,Q,240.55,264.60,240.50,240.55,240.55,252.00,7,110,26939.00,
509631,HEG LIMITED ,A ,Q,2231.65,2269.00,2231.65,2243.10,2245.00,2233.45,411,1532,3445672.00,
509635,HIND.COMPOSI,B ,Q,306.10,309.00,296.50,302.00,303.90,303.25,67,610,183292.00,
509675,HIL         ,A ,Q,5306.40,5372.35,5289.70,5311.15,5323.50,5309.80,259,569,3028455.00,
509692,IND.CARD    ,T ,Q,160.25,173.25,160.25,173.25,173.25,165.00,7,176,30427.00,
509709,INT.CONVEYOR,X ,Q,76.90,78.00,73.00,73.25,73.25,76.65,1831,278197,20925556.00,
509715,JAYSHRE TEA ,B ,Q,111.90,111.90,108.50,109.00,109.00,110.70,459,27024,2969791.00,
509820,HUHTAMAKI   ,A ,Q,265.70,266.40,261.00,263.30,262.55,265.05,479,5605,1478480.00,
509835,PREMIER SYN.,XT,Q,25.70,25.70,24.00,24.25,24.25,25.20,21,2245,55258.00,
509845,R.J.SHAH    ,P ,Q,383.95,383.95,383.95,383.95,383.95,404.15,2,100,38395.00,
509874,SHALIMAR PAI,B ,Q,100.50,100.50,97.40,97.55,97.55,98.95,391,13324,1309502.00,
509895,HIND MILLS  ,X ,Q,293.00,297.50,289.05,291.20,289.05,293.10,6,54,15833.00,
509930,SUPREM IND  ,A ,Q,2125.80,2162.80,2106.65,2141.90,2160.00,2140.75,583,1909,4059149.00,
509945,THACKER     ,XT,Q,366.00,384.00,353.00,384.00,384.00,366.00,4,63,23945.00,
509966,VST INDUS.  ,A ,Q,3367.00,3433.00,3359.00,3420.20,3420.00,3368.15,329,742,2518593.00,
510245,SWASTI VINAY,X ,Q,6.59,6.88,6.46,6.85,6.85,6.56,418,155536,1056988.00,
511012,YAMINI INVES,XT,Q,0.60,0.62,0.57,0.57,0.57,0.60,2310,4538807,2601977.00,
511016,PREMIER CAP.,XT,Q,5.30,5.79,5.30,5.48,5.30,5.57,127,30302,163792.00,
511018,MILGREY FIN ,P ,Q,18.25,18.25,18.25,18.25,18.25,17.50,1,100,1825.00,
511034,JINDAL DRILL,B ,Q,134.15,137.80,131.30,134.65,134.60,132.55,634,14541,1959589.00,
511066,SAKTHI FIN. ,X ,Q,20.70,20.70,19.50,19.65,19.60,19.70,42,1876,37321.00,
511076,SAT IND LTD ,X ,Q,30.50,30.65,29.90,30.00,30.00,30.30,73,24878,756218.00,
511108,SHIVA TEXYAM,B ,Q,198.25,201.75,196.20,198.00,198.00,199.80,131,2515,498947.00,
511110,V.B.DESAI   ,XT,Q,7.09,7.80,7.09,7.80,7.80,7.46,5,353,2506.00,
511116,QUADRANT    ,XT,Q,0.37,0.37,0.37,0.37,0.37,0.36,34,133931,49554.00,
511131,KAMAN HSG   ,XT,Q,10.70,10.70,9.82,9.82,9.82,10.33,13,2430,23886.00,
511144,ASYAINFO    ,X ,Q,6.67,6.67,6.36,6.42,6.36,6.36,106,28559,185347.00,
511147,WALL ST.FIN.,X ,Q,20.55,21.70,20.10,20.60,21.45,20.95,34,5220,108615.00,
511153,ANJANIFOODS ,XT,Q,205.00,220.00,200.45,209.50,209.50,211.00,60,1265,267081.00,
511187,MILLENNIUM  ,XT,Q,1.80,1.80,1.80,1.80,1.80,1.80,1,100,180.00,
511194,I.C.D.S.    ,T ,Q,130.55,130.55,130.55,130.55,130.55,124.35,18,935,122064.00,
511196,CANFIN HOMES,A ,Q,640.00,652.30,622.95,624.80,624.80,640.20,5528,145112,92759133.00,
511208,IL & FS INVE,B ,Q,5.95,6.23,5.95,6.18,6.17,6.07,156,34949,212903.00,
511218,SHRIRAM TRAN,A ,Q,1365.10,1365.10,1336.35,1348.75,1346.00,1364.65,1573,41042,55219824.00,
511243,CHOLAFIN    ,A ,Q,577.00,577.00,560.45,568.05,567.00,576.60,1398,42700,24230152.00,
511333,VLS FINANCE ,B ,Q,199.20,208.30,199.20,203.30,204.50,202.30,548,6307,1293047.00,
511355,IND CEM CAP ,X ,Q,8.19,8.20,7.45,8.06,8.06,7.83,53,4008,31765.00,
511359,AD-MANUM FIN,X ,Q,26.20,26.20,23.85,25.60,25.60,25.05,6,94,2306.00,
511391,INTER GLOB F,XT,Q,12.54,12.54,12.54,12.54,12.54,13.20,6,771,9668.00,
511411,SHRISTINFRA ,X ,Q,50.00,52.00,47.05,51.25,51.50,48.50,11,304,15165.00,
511413,CREST       ,T ,Q,121.05,126.80,121.00,124.90,126.80,125.00,34,2729,336934.00,
511431,VAKRANGEE   ,A ,Q,44.40,44.45,43.05,43.40,43.40,44.55,2365,684140,29995352.00,
511441,GUJ.CREDIT  ,XT,Q,8.78,8.78,8.11,8.78,8.78,8.53,10,1567,13697.00,
511463,ALEXANDER   ,XT,Q,19.95,19.95,18.80,19.30,19.25,19.35,33,5706,108994.00,
511473,IND.BANK MER,B ,Q,24.20,24.20,23.25,23.65,23.65,23.05,151,6248,148119.00,
511501,BHARAT BHUSH,X ,Q,25.45,26.25,24.50,24.50,24.50,24.85,39,2265,57316.00,
511507,USHAKIRAN FI,XT,Q,9.30,9.30,9.02,9.03,9.03,9.49,9,1104,9959.00,
511509,VIVO BIO TEC,X ,Q,87.90,92.40,85.50,89.80,90.00,90.90,223,14412,1299820.00,
511523,VEERHEALTH  ,X ,Q,10.12,10.17,10.12,10.13,10.13,10.45,13,2122,21534.00,
511525,PAN INDIA C ,XT,Q,1.08,1.10,1.00,1.02,1.06,1.05,318,169260,176132.00,
511533,SAHARA HOUSG,X ,Q,48.05,49.95,48.05,48.70,48.70,49.50,9,30,1452.00,
511535,NDA SECURIT.,X ,Q,19.40,19.48,19.40,19.48,19.48,18.58,6,194,3771.00,
511539,SUPRATRE    ,XT,Q,9.90,9.90,9.60,9.60,9.60,9.68,3,180,1729.00,
511549,MORARKA FIN.,X ,Q,63.00,63.00,58.10,58.55,58.55,61.90,63,2947,172939.00,
511551,MONARCH     ,XT,Q,136.10,138.00,133.00,133.10,133.00,136.10,44,7731,1036205.00,
511557,PRO FIN CAP.,X ,Q,35.25,35.25,34.05,35.10,35.25,34.50,22,1315,45944.00,
511559,TIMES GUARAN,B ,Q,42.50,43.50,42.15,42.95,42.70,42.45,50,467,19819.00,
511571,SOMDATT FIN ,XT,Q,53.60,54.50,49.50,52.50,52.50,52.00,53,3976,207556.00,
511585,REGENCY TRUS,X ,Q,1.53,1.53,1.47,1.47,1.47,1.50,6,507,774.00,
511589,AVONMORE    ,X ,Q,38.10,39.00,36.00,37.95,37.95,37.85,157,19747,746590.00,
511593,LIBORD FIN  ,X ,Q,5.93,6.21,5.93,6.21,6.21,5.93,9,3112,18482.00,
511601,YASH MANAGE.,X ,Q,9.15,9.33,8.85,8.91,9.00,8.78,22,21615,193615.00,
511605,ARIHANT CAP.,B ,Q,134.20,141.90,134.20,138.70,138.00,138.65,104,1779,247120.00,
511609,ISL CONSULT ,X ,Q,13.85,13.85,13.85,13.85,13.85,13.85,2,700,9695.00,
511611,DCM FINANCIA,T ,Q,2.25,2.35,2.25,2.35,2.35,2.25,5,2089,4700.00,
511628,IMCAP       ,X ,Q,46.65,51.00,46.05,50.50,50.50,51.15,10,930,43601.00,
511630,SAMBHAAV MED,T ,Q,2.88,2.99,2.71,2.91,2.77,2.85,30,15143,43089.00,
511658,NETTLINX LTD,X ,Q,63.25,64.50,62.50,63.65,63.65,63.65,28,2547,160973.00,
511672,SCANSTL     ,XT,Q,47.55,50.90,47.55,49.85,49.60,48.50,268,29279,1430459.00,
511676,GIC HOUSING ,A ,Q,154.40,155.50,152.85,153.80,153.80,154.70,527,13409,2060583.00,
511710,CUBICAL FIN.,X ,Q,1.05,1.06,1.05,1.05,1.05,1.05,37,53690,56540.00,
511712,RELIC TECHNO,X ,Q,13.87,15.30,13.87,13.89,13.89,14.60,12,1831,25628.00,
511714,NIMBSPROJ   ,X ,Q,27.95,28.00,27.95,28.00,28.00,29.00,2,100,2796.00,
511716,ESCORT FINAN,X ,Q,4.30,4.45,4.05,4.29,4.45,4.25,68,13721,58845.00,
511724,BAID LEASING,X ,Q,35.00,36.80,34.05,34.85,34.80,33.60,34,2332,82150.00,
511726,VIPUL LTD   ,B ,Q,34.75,35.20,34.40,35.15,35.20,33.55,13,326,11264.00,
511730,TRC FINAN.SE,X ,Q,9.95,10.44,9.95,10.44,10.44,9.95,2,101,1053.00,
511736,USHDEV INTNL,X ,Q,3.37,3.37,3.37,3.37,3.37,3.21,28,68907,232216.00,
511738,MEHTA SECUR.,XT,Q,25.00,26.25,23.75,26.25,26.25,25.00,13,1370,32726.00,
511742,UGROCAP     ,B ,Q,119.95,121.05,119.00,119.25,119.00,118.85,55,2444,293180.00,
511754,SHALIB.FINAN,X ,Q,87.55,91.90,83.50,83.80,83.50,87.55,11,596,50348.00,
511756,ABIRAMI FIN.,Z ,Q,4.00,4.02,3.65,4.02,4.02,3.83,21,4387,17625.00,
511758,MANSI FINANC,XT,Q,24.55,24.55,24.55,24.55,24.55,23.40,1,2,49.00,
511764,UPASANA FIN.,X ,Q,13.60,15.45,13.60,15.45,15.45,15.95,3,121,1647.00,
511766,MUTHOOT CAP ,B ,Q,400.20,403.20,395.15,399.70,400.90,403.25,409,4290,1712614.00,
511768,MASTER TRUST,XT,Q,97.50,99.90,92.30,99.00,99.00,97.00,47,5754,555671.00,
512018,CNI RES LTD ,X ,Q,1.84,1.84,1.70,1.80,1.80,1.79,58,31591,56802.00,
512020,SARASW.COMM.,X ,Q,1929.50,1929.50,1810.00,1886.05,1850.00,1883.25,25,186,345654.00,
512047,ROYAL IND   ,X ,Q,1.85,1.85,1.85,1.85,1.85,1.77,8,2674,4946.00,
512048,LUHARUKA    ,XT,Q,1.10,1.10,1.10,1.10,1.10,1.15,71,27235,29958.00,
512064,VISVEN      ,XT,Q,78.40,78.40,74.50,74.50,74.50,78.40,5,263,19597.00,
512068,DECCANGOLD  ,X ,Q,19.35,20.10,19.00,20.05,20.10,19.70,214,69652,1378218.00,
512070,UPL         ,A ,Q,767.00,767.00,754.35,757.60,756.00,761.90,904,32198,24398408.00,
512093,CRANES SOFTW,X ,Q,2.83,2.83,2.70,2.73,2.74,2.71,154,54831,149879.00,
512103,NIDHI GRANIT,XT,Q,48.80,51.20,48.80,51.20,51.20,48.80,4,26,1292.00,
512131,SIGNET IND  ,B ,Q,49.00,49.50,48.15,48.80,48.80,48.55,174,6925,337891.00,
512161,SECURKLOUD  ,B ,Q,149.50,167.85,146.00,167.85,167.85,152.60,1285,55025,8777273.00,
512165,ABANSENT    ,X ,Q,85.55,89.00,85.20,86.90,86.90,88.25,43,3141,272934.00,
512175,VAMA INDS   ,X ,Q,9.78,9.99,9.25,9.46,9.76,9.63,90,13799,130856.00,
512179,SUNTECK REAL,A ,Q,385.00,387.15,380.10,385.00,384.00,385.95,7047,75556,28906367.00,
512197,SILVEROAK   ,Z ,Q,4.10,4.10,4.10,4.10,4.10,4.10,1,1,4.00,
512217,PRISM MEDI  ,X ,Q,6.54,6.58,6.30,6.38,6.47,6.30,256,75576,488376.00,
512229,VERITAS     ,XT,Q,146.00,146.55,140.90,146.55,146.55,143.70,79,225822,31857945.00,
512237,JAI CORP LTD,A ,Q,136.50,139.25,135.15,136.15,136.15,137.10,2506,238885,32713888.00,
512247,ASHIRWAD CAP,X ,Q,4.60,4.69,4.51,4.62,4.64,4.60,176,30786,141126.00,
512257,SVARTCORP   ,X ,Q,4.45,4.45,4.11,4.27,4.27,4.33,75,25590,107937.00,
512267,MEDIA MATRIX,X ,Q,6.29,6.29,5.95,5.97,5.97,6.00,140,24954,149870.00,
512279,NNTL        ,Z ,Q,12.15,12.15,12.14,12.14,12.14,11.90,5,113,1371.00,
512296,BHAGYA INL  ,B ,Q,51.25,52.70,50.00,50.45,50.40,51.25,69,5049,255428.00,
512297,SHANTAI     ,XT,Q,34.65,34.65,34.65,34.65,34.65,33.00,1,5,173.00,
512329,KRL         ,XT,Q,304.60,304.60,304.60,304.60,304.60,290.10,2,41,12488.00,
512344,ARAVALI SEC.,XT,Q,2.22,2.41,2.22,2.41,2.41,2.33,3,101,224.00,
512379,CRESSANDA SO,XT,Q,2.15,2.15,2.15,2.15,2.15,2.26,170,57872,124424.00,
512381,STARTECK    ,X ,Q,137.70,137.70,124.60,137.30,135.00,131.15,282,17827,2272957.00,
512393,SHARDUL SECU,X ,Q,65.10,70.90,64.95,65.60,65.60,66.30,13,666,43625.00,
512399,KAPASHI COMM,X ,Q,49.80,49.80,49.80,49.80,49.80,52.30,1,1,49.00,
512425,NIRAV COMMER,X ,Q,587.00,587.00,531.75,579.25,579.25,559.70,22,66,37170.00,
512437,APOLLO FIN I,X ,Q,572.00,572.05,525.20,572.05,572.05,544.85,258,3554,1995332.00,
512441,ENBEE TRADG.,XT,Q,25.95,25.95,25.95,25.95,25.95,26.80,2,39,1012.00,
512453,SHRI JAGDAMB,XT,Q,1190.00,1195.00,1155.00,1166.75,1180.00,1184.45,397,2645,3103368.00,
512455,LLOYDS MET E,XT,Q,73.00,74.90,69.65,74.65,74.65,72.80,359,216803,15861629.00,
512463,SHREE GLOBAL,XT,Q,6.94,6.94,6.80,6.80,6.80,7.15,358,208430,1417989.00,
512477,BETEX INDIA ,X ,Q,92.95,94.05,91.40,94.05,94.05,89.60,58,2452,229464.00,
512481,POLYTEX(P)  ,Z ,Q,4.31,4.31,3.92,4.09,4.09,4.11,60,80010,334623.00,
512489,OASIS SECUR.,X ,Q,47.90,47.90,47.90,47.90,47.90,45.65,23,3588,171865.00,
512493,GARNET INTL ,X ,Q,25.95,25.95,25.50,25.50,25.50,25.00,11,2742,70048.00,
512499,SHALIMAR PRO,X ,Q,0.49,0.49,0.49,0.49,0.49,0.49,541,400411,196201.00,
512519,DONEAR IND. ,B ,Q,59.30,59.55,58.00,59.05,58.75,58.45,226,5060,298535.00,
512527,SUPER SAL IN,X ,Q,643.05,643.05,630.05,638.05,630.05,643.20,21,344,219836.00,
512529,SEQUENT     ,A ,Q,228.00,239.50,227.00,236.15,236.15,228.00,3000,121101,28387068.00,
512531,STC INDIA   ,B ,Q,100.30,104.45,100.30,103.75,103.25,103.10,142,2539,263348.00,
512553,ZENITH EXP. ,B ,Q,90.20,90.20,81.85,85.60,85.60,82.00,8,467,39674.00,
512565,R.T.EXPORTS ,XT,Q,5.45,5.45,5.45,5.45,5.45,5.70,1,1,5.00,
512573,AVANTI FEEDS,A ,Q,555.10,570.65,554.05,558.00,558.50,555.10,1322,22627,12730915.00,
512587,ZODIAC JRD  ,B ,Q,32.50,33.70,31.55,32.40,33.00,32.65,131,3301,106789.00,
512589,SITA ENTER. ,X ,Q,10.00,10.00,10.00,10.00,10.00,10.00,9,258,2580.00,
512597,KEYFINSER   ,B ,Q,80.35,80.35,80.35,80.35,80.35,80.25,1,14,1124.00,
512599,ADANI ENTER ,A ,Q,1564.00,1565.90,1535.35,1544.50,1544.50,1555.85,2178,46509,72089525.00,
512604,HARIA EXPORT,X ,Q,4.58,4.58,4.58,4.58,4.58,4.37,8,2820,12915.00,
512608,BHANDARI HOS,B ,Q,2.90,2.90,2.75,2.79,2.78,2.79,90,208424,583534.00,
512618,RLF LIMITED.,XT,Q,4.04,4.30,4.04,4.20,4.20,4.25,20,4462,18535.00,
512624,REGENTRP    ,X ,Q,2.05,2.05,1.90,1.99,1.99,1.98,15,8403,16569.00,
512626,ORBIT EXPORT,B ,Q,72.95,73.45,71.45,71.55,71.55,72.95,19,694,50083.00,
512634,SAVERA IND  ,X ,Q,45.35,46.25,45.30,46.15,46.15,46.80,16,1732,78892.00,
513005,VBC FERRO   ,XT,Q,20.50,20.50,19.00,20.50,20.50,19.95,7,372,7466.00,
513010,TATASTLLP   ,T ,Q,904.35,929.00,891.10,906.30,914.00,895.95,824,10948,9990419.00,
513023,NAV BHAR VEN,A ,Q,109.35,113.00,108.05,110.80,110.45,109.40,1772,59967,6678271.00,
513043,REMI EDEL   ,XT,Q,28.00,28.30,26.10,26.15,28.05,27.25,6,309,8382.00,
513059,G.S.AUTO INT,XT,Q,10.65,10.65,9.68,9.81,10.49,10.18,74,40610,405789.00,
513063,TRANSFREIGHT,XT,Q,12.18,12.18,11.57,12.17,12.17,12.17,11,3413,41436.00,
513097,SHIV.BIMETAL,B ,Q,198.00,198.75,192.40,194.05,194.00,195.25,498,13249,2589195.00,
513108,GANDHI SP.TU,B ,Q,448.05,462.90,446.00,452.65,453.00,452.90,105,516,233612.00,
513117,AMFORGE IND.,X ,Q,3.22,3.38,3.06,3.37,3.36,3.22,45,5863,19240.00,
513121,ORICON ENT  ,B ,Q,31.25,31.85,30.80,31.20,31.55,31.20,184,16551,516536.00,
513173,STL STR INF ,XT,Q,32.05,32.05,32.05,32.05,32.05,33.70,100,5306,170057.00,
513179,NAT STL AGRO,B ,Q,3.74,3.88,3.74,3.85,3.85,3.70,22,12082,46667.00,
513216,UTTAM GALVA ,T ,Q,4.45,4.45,4.26,4.35,4.40,4.31,132,47447,204526.00,
513228,PENNAR STEEL,B ,Q,30.00,30.60,29.75,30.05,30.05,29.75,579,78798,2374011.00,
513250,JYOTI STRUCT,Z ,Q,13.32,13.32,13.32,13.32,13.32,12.69,45,45646,608004.00,
513252,JAY USHIN   ,X ,Q,470.70,470.80,470.70,470.80,470.80,480.45,6,910,428424.00,
513262,ST.STR.WHEEL,T ,Q,1706.00,1799.00,1706.00,1728.10,1757.00,1750.70,207,2025,3528288.00,
513269,MAN IND.(I) ,B ,Q,114.10,117.25,114.10,115.45,116.00,116.10,730,27395,3170024.00,
513295,IMEC        ,X ,Q,2.03,2.03,1.94,2.02,2.02,1.94,20,6759,13498.00,
513303,MODERN STEEL,X ,Q,3.80,3.99,3.80,3.99,3.99,3.99,5,565,2202.00,
513305,TERRASCOPE  ,X ,Q,2.04,2.19,2.00,2.00,2.00,2.10,48,70838,143916.00,
513307,SYNTHIKO FOI,XT,Q,37.25,37.25,36.10,36.10,36.10,38.00,12,151,5452.00,
513309,GOLKONDA    ,Z ,Q,17.55,17.80,16.90,16.90,16.90,17.00,29,2626,44899.00,
513335,METALFORGE  ,Z ,Q,5.30,5.50,5.23,5.32,5.39,5.30,52,3003,15984.00,
513343,GRAND FOUND ,T ,Q,2.05,2.05,1.90,1.90,1.90,1.96,8,2200,4200.00,
513349,AJMERA      ,T ,Q,429.60,429.60,408.00,412.45,411.50,409.85,168,4073,1706382.00,
513353,COCHIN MIN. ,X ,Q,134.00,139.50,133.10,134.90,134.90,132.00,101,5302,718961.00,
513361,ISW LTD     ,XT,Q,1.43,1.43,1.32,1.33,1.32,1.38,268,310642,417301.00,
513369,RAJKUMAR FRG,X ,Q,55.05,58.45,54.00,54.90,55.40,55.90,88,6548,366539.00,
513375,CARBORUNDUM ,A ,Q,837.00,925.00,837.00,914.95,914.95,840.10,5898,71173,63431204.00,
513377,MINERAL&METL,A ,Q,46.30,46.40,45.50,45.80,45.80,46.35,1010,131029,6025095.00,
513397,VALLABH STEL,X ,Q,9.24,9.24,9.24,9.24,9.24,9.24,1,10,92.00,
513401,ASHIANA ISP.,X ,Q,14.00,14.00,13.93,13.93,13.93,14.00,3,200,2786.00,
513418,SMFIL       ,X ,Q,3.55,3.55,3.55,3.55,3.55,3.73,51,19335,68639.00,
513422,BLOOM INDUST,P ,Q,11.40,11.40,11.10,11.10,11.10,11.22,3,3500,39300.00,
513430,MAITRI      ,XT,Q,6.50,6.50,6.50,6.50,6.50,6.50,1,20,130.00,
513434,TATA METALIK,A ,Q,1034.80,1043.25,1026.80,1030.90,1030.00,1026.80,1477,13381,13823886.00,
513446,JSWISPL     ,T ,Q,36.80,37.60,35.60,37.25,37.45,36.75,755,279607,10323838.00,
513452,ELANGO INDUS,XT,Q,9.75,9.75,9.75,9.75,9.75,10.26,2,11,107.00,
513456,KANISHK ST. ,XT,Q,21.15,21.15,19.15,19.25,20.10,20.15,31,2297,45316.00,
513460,MAHALAXMI SM,Z ,Q,7.00,7.16,7.00,7.16,7.00,6.82,18,5391,38076.00,
513472,SIMPLEX CAST,XT,Q,44.00,44.15,40.70,43.85,44.10,42.05,98,17676,776951.00,
513488,SH.STEEL WIR,X ,Q,26.75,26.75,24.05,25.60,26.15,25.45,40,3548,90063.00,
513498,SOUTH.MAGNES,XT,Q,18.05,18.05,18.05,18.05,18.05,19.00,2,101,1823.00,
513502,BARODA EXTR.,XT,Q,2.04,2.07,1.91,1.93,1.98,2.01,141,100246,196083.00,
513509,KALYANI FORG,T ,Q,196.20,197.75,196.20,197.75,197.75,196.20,4,198,39146.00,
513511,PANCH.STEEL ,X ,Q,94.20,94.20,91.10,92.80,92.90,93.10,48,3711,343186.00,
513513,ADITYA ISPAT,X ,Q,8.90,8.90,8.50,8.50,8.50,8.94,23,1104,9534.00,
513515,S.R.INDUS.  ,X ,Q,2.14,2.14,1.94,1.94,1.94,2.15,8,2390,4736.00,
513517,STEELCAST   ,X ,Q,227.00,227.00,219.00,219.90,219.00,223.10,29,1948,434477.00,
513519,PITTIENG    ,B ,Q,161.70,167.35,158.00,167.35,167.35,159.40,964,68927,11399718.00,
513528,GLITTEK GRAN,X ,Q,2.77,2.77,2.60,2.60,2.60,2.64,10,520,1352.00,
513532,PRADEEP MET.,X ,Q,81.70,82.00,78.20,80.65,80.85,80.70,92,22042,1781249.00,
513536,GNRL        ,X ,Q,10.90,11.93,10.85,10.96,10.96,11.25,134,26728,299731.00,
513548,SHARDA ISPAT,XT,Q,78.00,80.00,75.00,80.00,80.00,78.00,12,554,43767.00,
513554,MAHA STEEL  ,B ,Q,96.00,96.00,92.30,93.80,93.60,92.65,52,695,64753.00,
513558,REAL STRIPS ,X ,Q,6.90,6.90,6.55,6.55,6.55,6.90,24,25799,175265.00,
513566,NOVA IRON&ST,XT,Q,13.36,13.90,12.90,13.36,13.36,13.36,25,809,10882.00,
513579,FOUNDRY FUEL,Z ,Q,2.64,2.64,2.51,2.51,2.51,2.64,6,453,1137.00,
513599,HIND.COPPER ,A ,Q,117.05,117.60,115.25,115.95,116.15,116.95,4205,290372,33756530.00,
513605,SRIPIPES    ,A ,Q,220.95,227.00,219.50,226.20,226.50,221.50,1600,34314,7701000.00,
513642,AXEL POLYMER,XT,Q,22.60,22.60,22.00,22.00,22.00,22.05,16,7390,162832.00,
513683,NLCINDIA    ,A ,Q,52.70,53.45,52.40,52.95,52.95,52.50,1422,235488,12481698.00,
513687,SPECTRA IND.,X ,Q,4.31,4.31,4.31,4.31,4.31,4.31,1,100,431.00,
513691,JMT AUTO LTD,B ,Q,2.69,2.71,2.61,2.66,2.67,2.69,100,85840,228454.00,
513693,KIC METALIKS,XT,Q,58.60,58.95,57.00,58.10,58.50,57.45,75,7811,456801.00,
513699,SOLID STONE ,XT,Q,26.60,26.60,26.60,26.60,26.60,28.00,3,33,877.00,
513709,SHILP GRAVUR,X ,Q,121.10,121.50,118.15,120.05,120.70,118.30,94,4047,487509.00,
513713,WHITEORG    ,X ,Q,7.30,7.40,7.03,7.18,7.24,7.24,180,53328,383435.00,
513729,ARO GRANITE ,B ,Q,69.15,70.10,68.00,69.10,69.60,69.00,219,12549,869732.00,
514010,HIM.FIBRES  ,X ,Q,4.14,4.14,4.05,4.14,4.14,3.95,21,5036,20817.00,
514028,RAJKAMAL SYN,XT,Q,4.81,4.81,4.81,4.81,4.81,4.59,3,536,2578.00,
514030,DEEPAK SPINN,X ,Q,306.50,306.50,306.50,306.50,306.50,291.95,341,18252,5594238.00,
514034,JBF IND.LTD ,T ,Q,25.70,25.75,25.70,25.75,25.75,24.55,101,56763,1460657.00,
514036,LOY.TEX MILL,X ,Q,725.00,725.00,691.00,692.75,693.10,709.35,83,828,575495.00,
514043,HIMAT.SEIDE ,T ,Q,250.00,250.00,239.80,242.55,243.30,247.85,313,18176,4413641.00,
514045,BSL LTD.    ,B ,Q,68.10,68.85,65.95,66.70,66.70,69.10,135,5913,395159.00,
514087,PBM POLYTEX ,XT,Q,140.10,140.10,133.85,134.65,134.00,137.15,48,2447,333842.00,
514113,ADHINATH TEX,XT,Q,54.20,54.20,54.20,54.20,54.20,51.65,25,3029,164171.00,
514138,SURYALATA SP,XT,Q,270.00,275.65,254.75,260.70,260.00,268.15,133,12913,3311511.00,
514140,SURYAVA SPIN,X ,Q,13.65,13.80,13.60,13.80,13.80,12.55,10,1900,26075.00,
514142,TT LTD.     ,B ,Q,67.05,67.60,65.70,66.40,65.70,67.25,96,6536,438586.00,
514162,WELSPUN (I) ,A ,Q,137.90,138.15,131.45,133.15,133.15,137.35,3267,231691,30904784.00,
514165,IND.ACRYLICS,X ,Q,16.40,17.05,15.80,16.70,16.70,16.05,1570,657410,10963022.00,
514167,GANESH ECOSP,B ,Q,515.15,515.35,506.05,511.00,511.00,509.45,75,557,284871.00,
514171,CEETA IND.  ,XT,Q,8.24,8.24,8.24,8.24,8.24,7.85,9,2618,21572.00,
514175,VARDHMAN POL,T ,Q,25.30,25.30,23.60,24.00,24.35,24.20,53,10015,240469.00,
514183,BLA ROS IND ,X ,Q,184.70,185.00,182.10,183.30,183.65,183.25,1388,48676,8952089.00,
514197,ST CORP     ,XT,Q,28.65,28.65,27.30,28.65,28.65,27.30,30,3293,94085.00,
514211,SUMEET INDUS,T ,Q,7.73,7.74,7.20,7.47,7.47,7.42,78,21648,162929.00,
514215,BINNY LTD.  ,XT,Q,277.95,277.95,262.00,263.25,267.00,268.55,94,6269,1658499.00,
514223,RAMGOPAL POL,XT,Q,6.69,7.39,6.69,7.39,7.39,7.04,86,35802,251917.00,
514234,SANGAM INDIA,B ,Q,140.00,143.00,139.15,142.00,142.00,139.00,68,1728,244790.00,
514238,IKAB SEC.   ,X ,Q,39.00,40.00,39.00,40.00,40.00,38.15,3,400,15800.00,
514240,KUSHIND     ,XT,Q,2.70,2.70,2.57,2.57,2.57,2.70,4,137,352.00,
514248,SREECHEM RES,P ,Q,32.20,32.20,32.20,32.20,32.20,30.70,3,800,25760.00,
514264,SEASONS TEXT,X ,Q,8.50,8.50,8.50,8.50,8.50,8.50,1,100,850.00,
514266,ZENITH FIBRE,XT,Q,61.50,62.70,60.00,61.45,62.00,61.95,38,4462,273026.00,
514272,BHILWARA SP.,X ,Q,17.50,17.70,17.50,17.70,17.70,16.90,9,6003,106173.00,
514274,AARVEE DENIM,B ,Q,18.75,18.85,18.05,18.60,18.65,18.40,16,1194,22065.00,
514280,SANRHEA TECH,XT,Q,47.80,47.80,47.80,47.80,47.80,45.55,18,906,43306.00,
514286,ASHIMA LTD. ,B ,Q,18.30,18.85,17.90,18.65,18.80,17.75,55,3238,59371.00,
514300,PIONEER EMB ,B ,Q,69.00,69.45,66.55,66.95,67.35,69.60,1244,62036,4221557.00,
514302,VIPPY SPIN. ,X ,Q,89.90,90.50,88.30,88.80,89.00,88.05,24,1366,122357.00,
514312,JAY HIND SYN,XT,Q,7.00,7.40,6.90,7.39,7.40,7.05,15,4135,30528.00,
514316,RAGHUVIR SYN,X ,Q,715.00,715.00,685.00,697.00,705.00,717.15,89,1059,738990.00,
514322,KAMADGIRI   ,XT,Q,38.00,40.00,38.00,40.00,40.00,39.90,2,22,876.00,
514324,OMNITEX IND.,X ,Q,20.45,20.45,20.45,20.45,20.45,21.50,1,400,8180.00,
514326,PATSPIN INDI,B ,Q,8.34,8.34,8.00,8.25,8.25,7.95,3,3,24.00,
514330,ONEGLOBAL   ,X ,Q,16.95,16.95,16.95,16.95,16.95,16.15,1,5,84.00,
514332,NEOINFRA    ,X ,Q,19.25,20.00,19.25,20.00,20.00,19.25,11,6100,119731.00,
514354,PREMIER POLY,B ,Q,77.45,77.45,73.30,75.90,74.95,74.10,156,1704,128129.00,
514358,EVERLON SYN.,XT,Q,12.00,12.00,12.00,12.00,12.00,11.50,1,100,1200.00,
514360,KRRAIL      ,X ,Q,21.00,21.40,19.95,21.00,21.00,20.40,26,1876,39294.00,
514394,AJIL        ,Z ,Q,30.00,30.00,27.50,29.25,29.40,28.90,72,10488,296894.00,
514400,GARWARE SYN.,X ,Q,11.49,11.49,11.49,11.49,11.49,10.95,24,5655,64975.00,
514412,SARUPINDUS  ,XT,Q,19.35,19.35,19.35,19.35,19.35,18.50,1,1,19.00,
514418,MANORG      ,X ,Q,680.00,694.00,671.95,673.70,673.70,681.00,413,13347,9079371.00,
514428,HINDU.ADHESI,X ,Q,270.00,274.00,260.60,266.65,267.05,266.20,65,2929,779103.00,
514442,SRI KPR IND ,X ,Q,21.65,21.65,20.15,21.20,20.60,21.20,59,3220,67751.00,
514448,JYOTI RESINS,X ,Q,803.80,850.00,803.80,841.05,838.25,805.30,242,3668,3073052.00,
514450,MAHA.RUBTECH,X ,Q,63.90,63.90,62.40,63.05,63.00,63.05,34,3140,198216.00,
514454,SOUTH.LATEX ,XT,Q,10.99,10.99,10.00,10.00,10.00,10.47,13,1730,18126.00,
514460,OSWAL YARNS ,XT,Q,5.90,6.30,5.70,5.80,5.80,6.00,33,2649,15709.00,
514470,WIMSOME TEXT,T ,Q,49.05,52.00,49.05,51.95,51.95,51.60,12,1960,100240.00,
515008,MOD.INSUL.  ,XT,Q,61.50,63.35,60.60,62.85,63.00,60.35,241,70852,4469281.00,
515018,REG.CERAMIC ,T ,Q,1.76,1.84,1.76,1.84,1.84,1.76,5,8530,15672.00,
515030,ASAHI IN.GLA,A ,Q,375.00,384.45,371.30,379.30,379.30,374.35,856,14071,5322564.00,
515037,MURD.CERAM  ,B ,Q,25.70,26.05,25.30,25.55,25.65,25.60,201,11984,305881.00,
515043,SAINT-GOBAIN,X ,Q,64.00,64.90,63.00,63.35,63.35,63.30,1062,145049,9286738.00,
515055,ANANTRAJ    ,T ,Q,69.80,71.75,68.05,70.85,70.20,69.80,189,37410,2618336.00,
515059,MADHUS.IND. ,X ,Q,27.10,27.10,25.20,26.05,26.90,25.95,42,5973,154579.00,
515085,RESTILE CER.,X ,Q,3.27,3.27,3.08,3.15,3.15,3.13,23,2313,7249.00,
515093,MADHAV MARB.,B ,Q,57.35,60.00,56.50,56.90,57.00,55.90,137,2421,140688.00,
515127,RAMASIGNS   ,X ,Q,3.55,3.68,3.45,3.64,3.64,3.60,12,1554,5619.00,
515145,HIND.NAT.GLS,T ,Q,35.50,35.50,33.85,34.50,35.20,35.60,34,1467,50736.00,
515147,HALDYN GLASS,X ,Q,37.75,40.35,37.70,38.75,38.35,38.00,265,38804,1522588.00,
516003,DUROPLY     ,XT,Q,88.15,88.90,82.15,87.80,87.90,85.55,15,1544,132944.00,
516016,SHREYANS IND,B ,Q,122.00,125.00,119.75,122.00,123.00,120.80,304,5599,683200.00,
516022,STAR PAPER  ,B ,Q,150.35,153.75,148.85,150.60,151.40,150.10,825,22168,3354617.00,
516030,YASHPAKKA   ,X ,Q,87.45,88.45,86.10,86.70,86.90,86.65,305,26844,2333023.00,
516032,SARDA PAPERS,XT,Q,3.80,3.85,3.80,3.85,3.85,4.00,3,51,193.00,
516064,ARROWGREEN  ,B ,Q,130.00,134.95,128.00,129.95,129.10,132.20,212,6207,805481.00,
516072,VISHNU CHEM ,B ,Q,657.00,660.45,642.05,660.45,660.45,629.00,106,1965,1291334.00,
516078,JUMBO BAG   ,Z ,Q,14.40,14.51,13.18,14.51,14.51,13.82,15,5097,70127.00,
516082,N.R.AGARWAL ,B ,Q,324.30,326.70,320.50,325.10,324.20,324.35,176,1676,545116.00,
516086,SH.RAJES.PAP,XT,Q,2.86,2.86,2.66,2.86,2.86,2.79,12,3583,9555.00,
516092,3PLAND      ,T ,Q,13.65,13.90,13.62,13.90,13.90,14.33,21,2029,27679.00,
516096,SANGAL PAPER,XT,Q,103.65,114.00,103.65,114.00,114.00,108.85,8,327,35105.00,
516098,VENTURA TEXL,X ,Q,5.19,5.19,5.19,5.19,5.19,4.95,1,50,259.00,
516106,SH.KARTHIK P,XT,Q,4.08,4.08,3.70,3.93,3.93,3.89,15,11433,45285.00,
516108,S.I.PAPER   ,X ,Q,144.35,144.40,139.45,141.05,141.00,140.95,31,4197,595440.00,
516110,SCANDENT    ,XT,Q,20.90,21.90,20.80,21.85,21.90,20.90,40,17903,388482.00,
517015,VINDHYA TELE,A ,Q,1188.95,1228.00,1188.95,1206.25,1207.85,1188.95,357,1270,1530768.00,
517035,RUTTONSHA IN,X ,Q,60.80,62.55,60.10,62.55,62.55,59.60,22,1303,81060.00,
517041,ADORWELDING ,B ,Q,665.55,696.85,662.10,690.50,688.50,669.80,354,3648,2503332.00,
517044,INT.DATA MAN,XT,Q,4.60,4.90,4.60,4.90,4.90,4.67,15,706,3308.00,
517059,SALZER ELEC ,B ,Q,164.70,171.25,164.70,166.20,166.20,163.60,798,15496,2601412.00,
517063,JETINFOTRAN ,X ,Q,36.75,36.75,36.50,36.50,36.50,36.80,8,83,3042.00,
517096,APLAB LTD.  ,X ,Q,19.25,19.50,18.45,19.00,18.85,19.30,40,11043,211344.00,
517119,PCS TECH    ,XT,Q,13.38,13.38,13.38,13.38,13.38,14.08,70,6521,87250.00,
517146,USHA MART.LT,A ,Q,67.50,67.50,64.55,65.45,65.45,66.55,1296,100908,6650696.00,
517166,SPEL SEMICON,X ,Q,17.25,17.25,16.30,16.70,16.65,17.10,240,57448,955148.00,
517168,SUBROS LTD. ,A ,Q,297.05,313.05,297.05,308.50,311.30,303.90,155,1094,335630.00,
517174,HONEYWELL   ,A ,Q,41425.00,42323.35,41285.00,42305.15,42323.35,41503.70,98,183,7691827.00,
517201,SWITCH.TECH.,X ,Q,47.15,47.30,47.15,47.30,47.30,45.05,29,227,10730.00,
517206,LUMAX IND   ,B ,Q,1470.00,1499.50,1460.00,1491.50,1491.50,1478.75,43,182,268547.00,
517214,DIGISPICE   ,T ,Q,54.65,54.65,53.75,54.65,54.65,52.05,35,10171,555071.00,
517230,PREM.AU.ELEC,Z ,Q,5.95,6.33,5.95,6.13,6.13,6.03,8,2710,16874.00,
517236,CALCOM VISIO,XT,Q,35.85,36.05,33.80,36.05,36.05,34.35,108,54442,1957030.00,
517238,DYNAVISION  ,XT,Q,117.65,117.65,117.65,117.65,117.65,112.05,7,457,53766.00,
517246,BCC FUBA    ,XT,Q,16.70,16.95,15.55,16.40,16.40,16.35,25,3631,57987.00,
517258,PRECISION EL,XT,Q,26.35,26.35,25.15,25.45,25.15,26.35,2,4,101.00,
517264,FINELINE CI ,X ,Q,25.55,26.45,24.05,24.25,24.05,25.90,34,2274,57063.00,
517271,HBL P SYS   ,B ,Q,49.90,50.45,48.60,48.90,48.90,49.15,629,72923,3579315.00,
517273,S&S POWER SW,T ,Q,26.60,26.60,26.60,26.60,26.60,27.95,1,5,133.00,
517288,GUJARATPOLY ,X ,Q,9.80,9.80,9.80,9.80,9.80,9.90,2,104,1019.00,
517300,GUJ.IND.POW.,A ,Q,82.40,82.55,81.80,82.15,82.15,82.00,629,48943,4019750.00,
517330,CMI LTD.    ,B ,Q,46.90,47.85,45.05,47.15,47.15,45.45,367,12815,585977.00,
517334,MOTHERSON SS,A ,Q,210.90,213.25,209.95,212.70,212.70,211.05,6039,514954,109032874.00,
517344,MINDTECK (I),B ,Q,85.70,92.60,85.70,90.75,91.00,89.05,211,5164,466613.00,
517354,HAVELLSINDIA,A ,Q,1439.00,1458.80,1415.00,1453.60,1453.60,1432.20,3242,195646,278551009.00,
517356,ACI INFOCOM ,XT,Q,1.27,1.29,1.21,1.27,1.27,1.23,998,409989,512722.00,
517370,INCAP LTD.  ,XT,Q,28.35,28.35,25.90,25.95,25.90,27.15,39,2561,67009.00,
517372,GUJ.INTRUX  ,X ,Q,115.05,121.00,115.05,117.15,117.15,116.25,13,165,19367.00,
517380,IGARSHI MOT ,A ,Q,509.35,514.35,505.00,506.45,508.55,507.50,283,3874,1970681.00,
517385,SYMPHONY    ,A ,Q,1015.20,1025.85,1000.05,1004.25,1001.45,1009.70,489,2742,2761162.00,
517393,VINTRON INF.,XT,Q,0.86,0.92,0.86,0.89,0.89,0.88,25,25468,22615.00,
517397,PAN ELECTR. ,XT,Q,31.00,31.00,31.00,31.00,31.00,32.60,14,135,4185.00,
517399,VXL INSTRUM.,XT,Q,5.85,5.85,5.85,5.85,5.85,5.85,2,5,29.00,
517415,LEE&NEE SOFT,X ,Q,4.25,4.25,3.78,4.02,4.16,4.15,144,42703,167129.00,
517417,PATEL AIRTEM,X ,Q,193.80,196.90,188.00,194.45,194.45,190.70,136,7780,1498345.00,
517421,BFLYGANDHI  ,T ,Q,859.95,859.95,817.00,828.05,831.00,842.75,230,4701,3964258.00,
517429,ATHENAGLO   ,X ,Q,58.50,58.50,58.50,58.50,58.50,58.50,1,100,5850.00,
517431,NARMADA MACP,XT,Q,5.42,5.92,5.42,5.70,5.70,5.70,12,3365,18660.00,
517437,DUTRON POLY.,XT,Q,224.00,224.00,215.00,215.00,215.00,213.45,8,63,14094.00,
517447,R.S.SOFTWARE,B ,Q,33.35,35.35,33.35,33.60,33.75,34.05,177,8439,285591.00,
517449,MAGNA ELECTR,X ,Q,175.00,175.00,171.05,174.20,174.45,175.00,23,148,25583.00,
517467,MARSONS     ,Z ,Q,9.57,9.57,8.75,9.57,9.57,9.12,34,3244,30518.00,
517477,ELNET TECH. ,X ,Q,174.25,180.50,174.25,178.75,177.80,174.45,44,2091,371799.00,
517494,ACCEL       ,X ,Q,11.90,12.40,11.75,12.33,12.40,11.89,61,9466,115149.00,
517498,WEBELSOLAR  ,B ,Q,67.45,67.45,65.05,66.05,66.00,66.15,605,38263,2533579.00,
517500,ROTO PUMPS  ,X ,Q,255.00,260.00,252.00,253.05,253.05,253.80,425,9853,2535257.00,
517506,TTK PRESTIGE,A ,Q,8684.00,9529.95,8601.00,9336.85,9336.85,8683.95,1822,5137,47401769.00,
517514,DHINDIA     ,XT,Q,21.00,21.00,19.70,20.90,20.90,20.65,14,971,19406.00,
517522,RAJ GLO WIR ,T ,Q,2050.00,2100.00,1961.05,2028.25,2047.00,2027.80,186,1352,2729211.00,
517530,SURANATP    ,B ,Q,6.26,6.31,6.18,6.31,6.31,6.25,43,3646,22678.00,
517536,ONWARD TECHN,B ,Q,230.00,236.45,228.20,233.70,232.40,234.60,70,1550,360332.00,
517544,CENTUM ELEC ,B ,Q,472.65,472.65,460.05,467.55,460.05,463.40,24,52,24373.00,
517546,ALFA TRANSFO,X ,Q,9.34,9.39,9.00,9.09,9.30,8.95,60,19420,181268.00,
517548,STARLITE COM,Z ,Q,2.18,2.18,2.00,2.10,2.18,2.08,17,3689,7722.00,
517554,NHCFOODS    ,X ,Q,12.00,13.45,12.00,13.00,13.00,13.45,34,15351,203582.00,
517556,PVP VENT LTD,T ,Q,4.94,4.94,4.70,4.76,4.85,4.71,45,15035,71449.00,
517562,TRIGYN TECH ,B ,Q,114.50,119.20,113.70,115.70,115.00,114.95,550,15391,1792185.00,
517569,KEI INDUST. ,A ,Q,833.95,835.00,770.00,795.90,793.00,825.50,5430,374226,296717913.00,
517571,IMPPOWERS   ,B ,Q,11.80,12.20,11.45,12.10,12.10,11.90,43,2140,25373.00,
518011,KEERTHI     ,XT,Q,160.00,163.00,160.00,161.00,160.00,164.60,29,1551,250165.00,
518029,GUJ.SIDH.CEM,B ,Q,52.50,52.50,51.15,51.30,51.15,51.70,329,16630,859407.00,
518075,SURAJ PRODUC,Z ,Q,70.30,74.85,70.30,74.35,73.00,73.40,25,4538,332010.00,
518091,ANJANI PORTL,B ,Q,420.05,426.70,417.55,421.20,423.25,418.10,409,4991,2097991.00,
519003,MODINATURAL ,XT,Q,123.90,123.90,117.10,119.15,119.90,120.05,65,6654,798307.00,
519064,KHANDEL. EXT,XT,Q,7.25,7.25,6.75,6.75,6.75,7.10,3,50,338.00,
519091,TASTY BITE  ,A ,Q,18525.35,18607.95,18465.25,18580.10,18607.95,18390.55,26,38,703134.00,
519097,RITESH INTER,XT,Q,30.85,30.85,29.35,30.65,30.65,29.80,71,5261,159211.00,
519105,AVT NATURAL ,B ,Q,78.75,78.75,76.40,76.95,76.50,77.15,523,17804,1373700.00,
519126,HIND.FOODS  ,T ,Q,2069.00,2079.00,2005.10,2063.95,2063.95,2055.45,89,422,863378.00,
519136,NAHAR INDUST,T ,Q,112.60,118.50,112.60,117.95,118.50,117.05,60,5549,651406.00,
519152,VADILAL ENT ,XT,Q,1810.00,1895.00,1810.00,1864.95,1864.95,1805.55,8,87,161531.00,
519156,VADILAL IND ,B ,Q,1100.80,1149.75,1062.10,1078.30,1077.00,1078.25,214,395,425285.00,
519174,ASHIANA AGRO,XT,Q,11.58,11.58,10.56,11.58,11.58,11.03,23,1916,21865.00,
519183,ADF FOODS LT,A ,Q,918.50,928.00,895.60,915.95,920.00,912.80,487,1759,1602822.00,
519191,RGRL        ,X ,Q,28.80,28.80,27.40,28.05,28.15,28.35,126,13484,379149.00,
519216,AJANTA SOYA ,X ,Q,146.75,146.75,137.00,138.55,138.55,145.05,1250,87153,12231265.00,
519224,WILLIAM.MAGO,B ,Q,19.75,21.25,19.50,20.90,20.90,20.20,71,5067,103290.00,
519234,SIEL        ,XT,Q,26.75,26.75,26.75,26.75,26.75,28.15,3,373,9977.00,
519238,SAPTARISHI A,XT,Q,10.55,10.85,10.00,10.85,10.85,10.34,19,429,4351.00,
519260,SANWARIA    ,Z ,Q,0.65,0.65,0.63,0.64,0.65,0.65,395,700972,448978.00,
519262,PRIMA AGRO L,XT,Q,38.15,39.30,38.00,39.10,39.10,38.15,26,1397,54381.00,
519285,TARAI FOODS ,XT,Q,5.70,5.71,5.17,5.17,5.70,5.44,48,13037,69026.00,
519287,MODERN DAIRI,X ,Q,9.50,9.50,8.90,8.99,8.99,9.15,62,5529,49735.00,
519295,BAMBINO AGRO,X ,Q,293.00,300.00,280.50,298.80,299.70,292.45,180,4044,1186782.00,
519299,PRIME INDS. ,Z ,Q,7.00,7.16,6.51,7.14,7.14,6.82,71,6861,47748.00,
519307,VIKAS WSP   ,B ,Q,5.03,5.06,4.85,4.90,4.98,4.93,181,293232,1460739.00,
519319,JATALIA     ,XT,Q,3.80,4.07,3.80,4.07,4.07,4.00,19,737,2803.00,
519331,VSF PROJ    ,XT,Q,12.46,13.08,11.85,11.85,11.85,12.46,9,1331,16633.00,
519353,BANSISONS TE,ZP,Q,3.24,3.24,3.24,3.24,3.24,3.09,1,100,324.00,
519359,POONA DAL   ,X ,Q,49.25,51.50,49.20,49.75,50.15,51.30,59,5091,254396.00,
519367,TRANSGL.FOOD,X ,Q,120.80,130.00,120.80,128.05,128.05,130.80,10,177,22858.00,
519383,ANIK INDS   ,B ,Q,18.70,19.45,17.90,18.85,19.10,18.80,46,7422,137489.00,
519397,SHARAT INDUS,XT,Q,29.50,31.60,28.60,31.50,31.50,30.10,54,8528,262932.00,
519421,KSE LIMITED ,XT,Q,2330.85,2330.85,2281.15,2314.75,2310.00,2330.85,186,1309,3025848.00,
519455,NARBADA     ,X ,Q,26.55,26.75,25.30,26.30,26.30,26.75,23,2224,57437.00,
519457,VIRAT CRANE ,X ,Q,27.10,28.95,27.10,28.35,28.40,28.40,14,1152,33060.00,
519463,IB INFOTECH ,XT,Q,16.65,16.65,16.65,16.65,16.65,15.90,1,1,16.00,
519475,CHORDIA FOOD,X ,Q,144.60,144.60,136.95,138.05,138.00,137.40,15,90,12472.00,
519477,CIANAGRO    ,XT,Q,46.00,46.00,41.75,43.55,44.25,43.90,8,1121,47145.00,
519483,TAI INDUST. ,XT,Q,25.55,26.00,25.55,26.00,26.00,26.00,7,3124,81223.00,
519500,BKV INDUSTRS,XT,Q,8.97,8.97,8.13,8.97,8.97,8.55,50,4456,39795.00,
519532,ASIAN TEA   ,X ,Q,19.50,19.50,18.55,18.85,18.85,18.85,41,4210,79200.00,
519552,HERITGFOOD  ,A ,Q,457.00,457.00,442.40,444.70,442.40,448.00,452,5805,2590149.00,
519566,SIMRAN FARMS,X ,Q,106.00,106.85,103.25,104.50,104.40,104.15,39,1331,138953.00,
519588,DFM FOODS   ,A ,Q,335.00,344.00,335.00,338.10,339.00,338.00,523,5070,1725527.00,
519600,CCL PRODUCTS,A ,Q,405.55,406.20,399.35,402.15,405.00,405.55,711,17920,7230699.00,
519602,KELLTONTEC  ,B ,Q,49.75,49.80,48.65,48.85,48.85,49.15,1687,212613,10454707.00,
519606,INTEG.PROEIN,XT,Q,3.07,3.07,3.07,3.07,3.07,2.93,2,30,92.00,
519612,MAHAAN FOODS,XT,Q,21.75,21.75,21.00,21.60,21.60,20.90,4,423,9082.00,
520008,RICO AUTO   ,A ,Q,49.95,50.35,49.10,49.45,49.45,49.20,546,35393,1762412.00,
520021,OMAX AUTOS. ,T ,Q,47.50,47.50,45.65,46.80,46.95,47.40,36,6416,297935.00,
520043,MUNJAL SHOWA,B ,Q,136.35,136.95,133.95,134.25,133.95,136.50,1273,13955,1883604.00,
520051,JAMNA AUTO  ,A ,Q,85.85,86.55,85.65,86.00,85.90,85.70,439,16691,1437059.00,
520056,SUNDAR.CLAY ,A ,Q,3494.65,3590.00,3494.65,3554.05,3565.00,3555.95,177,236,835820.00,
520057,JTEKTINDIA  ,A ,Q,100.40,102.10,99.95,101.10,101.00,100.15,339,11812,1194309.00,
520059,MUNAUTO     ,B ,Q,57.70,58.50,57.50,57.55,57.65,57.35,136,4789,276584.00,
520066,JAYBH.MARUTI,B ,Q,184.00,188.65,182.95,187.35,188.00,184.65,324,2506,463348.00,
520073,RACLGEAR    ,X ,Q,493.05,505.80,493.00,497.40,498.00,497.60,188,3791,1890855.00,
520075,SAMKRG PIST.,X ,Q,183.50,187.40,183.00,184.80,185.95,184.70,209,7541,1398043.00,
520086,SICAL LOG   ,B ,Q,11.60,11.60,11.18,11.32,11.40,11.32,208,63069,712484.00,
520111,RATNAMNI MET,A ,Q,2144.80,2145.50,2127.95,2139.55,2144.45,2142.15,75,330,705069.00,
520113,VESUVIUS IND,A ,Q,1170.00,1174.60,1149.65,1151.30,1150.00,1158.65,219,458,531590.00,
520119,AUTOMOTIVE S,T ,Q,57.40,57.40,53.10,57.30,57.30,55.05,36,4294,238734.00,
520121,ARCEE INDUST,X ,Q,10.41,10.41,10.41,10.41,10.41,9.92,10,666,6933.00,
520123,ABC INDIA   ,X ,Q,74.00,77.80,73.10,75.10,75.05,74.30,47,8589,652838.00,
520127,BALURGHAT TE,X ,Q,8.74,9.00,8.40,8.44,8.80,8.89,16,3228,27385.00,
520141,SIBAR AUTO  ,X ,Q,6.99,7.69,6.99,7.09,7.08,7.35,11,558,3959.00,
520151,SHREY SH LOG,B ,Q,375.00,383.00,347.60,347.60,347.60,365.85,2097,58109,21031487.00,
520155,STARLOG     ,X ,Q,9.75,9.75,9.16,9.31,9.31,9.57,14,481,4458.00,
521016,INDO COUNT  ,A ,Q,269.90,270.85,263.10,264.70,263.10,266.15,1666,40956,10909652.00,
521018,MARAL OVERS ,B ,Q,81.75,84.15,79.10,79.95,79.80,81.70,209,9938,812485.00,
521034,SOMA TEXTILE,B ,Q,8.44,8.44,8.05,8.20,8.25,8.19,127,19661,163412.00,
521048,ADV LIFESTY ,XT,Q,44.65,44.65,40.45,43.70,43.70,42.55,8,415,16797.00,
521054,KAKATIYA TEX,XT,Q,3.66,3.66,3.66,3.66,3.66,3.85,10,2087,7638.00,
521062,OCTAVE      ,XT,Q,1.96,1.96,1.95,1.96,1.96,1.87,18,4700,9200.00,
521064,TRIDENT     ,A ,Q,25.40,25.95,25.10,25.50,25.50,24.75,26362,14847113,383236844.00,
521068,HISAR SPIN. ,P ,Q,28.15,28.15,28.10,28.15,28.15,26.85,5,900,25330.00,
521070,ALOK INDS.  ,B ,Q,25.00,25.85,24.80,24.95,24.95,24.95,5249,2780007,69983312.00,
521080,PASARI SPIN ,XT,Q,2.64,2.64,2.64,2.64,2.64,2.52,1,2,5.00,
521082,SPENTEX INDS,Z ,Q,1.25,1.31,1.25,1.31,1.31,1.25,21,29820,38731.00,
521097,AMARJOTHI SP,X ,Q,179.00,179.00,167.05,168.25,168.25,174.70,240,15488,2654671.00,
521105,OLYMPIA IND.,X ,Q,25.70,25.70,25.25,25.25,25.25,26.55,15,2261,57195.00,
521109,NAGREEKA EXP,T ,Q,35.35,35.35,33.00,33.15,33.15,34.25,11,1604,53248.00,
521113,SUDITI IND. ,XT,Q,16.60,16.60,15.20,16.50,16.50,15.95,13,3160,51594.00,
521131,SBFL        ,X ,Q,9.36,10.33,9.36,10.30,10.30,9.84,8,1042,10350.00,
521141,ADITYA SPIN.,XT,Q,13.50,13.50,12.35,12.50,12.90,12.99,92,13075,166113.00,
521151,DHANLXMI FAB,X ,Q,24.35,26.70,24.35,24.65,24.65,25.60,11,777,20169.00,
521161,SRI LAK.SAR.,XT,Q,25.00,25.50,25.00,25.50,25.50,25.60,9,3007,76677.00,
521163,ZODIAC CLOTH,B ,Q,115.05,122.00,107.75,113.70,113.70,115.45,240,5171,597138.00,
521178,SRI RAMK.MIL,X ,Q,11.71,11.71,11.71,11.71,11.71,12.12,1,11,128.00,
521180,SUPER SPIN. ,T ,Q,12.67,12.67,12.25,12.67,12.67,12.07,104,95075,1203778.00,
521182,SEASONS FUR.,XT,Q,2.31,2.31,2.31,2.31,2.31,2.43,2,2000,4620.00,
521188,UNITED TEXT.,XT,Q,5.85,5.98,5.42,5.90,5.90,5.70,28,2091,12152.00,
521200,SURYLAK.COTT,T ,Q,59.00,61.90,56.50,59.95,59.80,59.00,33,7985,485328.00,
521206,SAMTEX FASH.,X ,Q,0.94,0.94,0.93,0.93,0.93,0.94,29,24024,22510.00,
521210,CITYMAN     ,XT,Q,3.95,3.95,3.95,3.95,3.95,4.02,1,10,39.00,
521216,DHAN ROTO SP,X ,Q,92.00,93.60,90.20,92.60,92.55,92.15,61,5765,531186.00,
521226,UNI ROYAL IN,XT,Q,12.45,12.45,11.45,11.45,11.45,12.05,11,831,10122.00,
521228,TATIA GLOB  ,XT,Q,1.36,1.46,1.35,1.45,1.41,1.42,69,31260,43880.00,
521234,SRI NACHAMAI,XT,Q,39.60,39.60,39.60,39.60,39.60,37.75,11,1130,44748.00,
521240,SAMBANDAM SP,X ,Q,213.00,227.00,213.00,217.00,217.00,217.55,17,3316,719043.00,
521244,CHITRA.SPIN.,XT,Q,15.23,15.23,14.75,14.75,14.75,14.51,10,1845,28095.00,
521248,KITEX GARMEN,A ,Q,174.00,175.00,168.15,170.55,171.00,170.55,1941,59514,10227653.00,
522001,CRANEX LTD. ,X ,Q,14.00,14.00,12.99,12.99,12.99,12.90,5,120,1559.00,
522004,BATLIBOI LTD,X ,Q,41.00,41.45,39.45,40.60,40.80,40.60,109,18892,761974.00,
522005,AUSTIN ENGG.,X ,Q,56.10,58.80,55.95,58.50,58.80,56.90,8,802,45426.00,
522014,UNITED DRILL,B ,Q,346.60,354.30,344.70,352.35,354.30,343.65,115,1750,609068.00,
522017,FLUIDOMAT   ,X ,Q,127.20,129.50,127.20,128.05,128.00,127.35,59,2171,277435.00,
522027,EMA INDIA   ,X ,Q,15.78,15.78,15.03,15.78,15.78,15.03,17,2677,42093.00,
522029,WINDSOR MACH,B ,Q,29.80,29.95,29.65,29.75,29.85,29.80,42,1727,51461.00,
522034,SHANTHI GEAR,B ,Q,178.80,179.50,176.95,177.15,177.15,179.15,870,21718,3869596.00,
522064,HONDAPOWER  ,A ,Q,1210.05,1219.45,1197.05,1205.15,1205.15,1206.90,454,1315,1590448.00,
522073,HITECHGEAR  ,B ,Q,280.00,293.00,271.00,282.55,282.55,279.95,378,4761,1339328.00,
522074,ELGI EQUIP  ,A ,Q,202.00,205.00,200.25,201.20,202.00,202.55,462,9428,1903384.00,
522091,UV DER HORST,XT,Q,57.85,57.85,57.70,57.85,57.85,55.10,18,1634,94479.00,
522101,KILBURN ENGG,XT,Q,31.00,31.00,29.70,30.10,30.50,31.00,38,3444,103600.00,
522105,BIRLA PRETEC,X ,Q,12.00,12.68,12.00,12.40,12.40,12.16,175,47674,591665.00,
522108,YUKEN INDIA ,B ,Q,600.15,605.05,590.00,600.90,604.90,597.85,171,3099,1854160.00,
522113,TIMKEN (I)  ,A ,Q,1695.20,1723.00,1668.05,1687.95,1668.05,1695.20,726,4074,6941095.00,
522122,VOITH PAPER ,X ,Q,1299.95,1310.00,1265.00,1303.00,1291.00,1297.00,122,2366,3052603.00,
522134,ARTSON ENG  ,XT,Q,53.95,54.00,50.80,52.80,52.80,53.45,148,24075,1271049.00,
522152,SOLITAIR MC ,X ,Q,33.75,33.75,31.00,32.30,32.20,31.60,42,5786,187315.00,
522163,DIAMONPOWER ,Z ,Q,0.97,0.97,0.97,0.97,0.97,0.93,5,14170,13744.00,
522165,INDSIL HYD  ,XT,Q,24.75,25.70,23.75,23.90,23.85,24.80,41,4855,119757.00,
522183,ITL INDUSTRS,X ,Q,147.25,147.25,138.85,140.40,139.50,143.20,174,5997,850316.00,
522195,FRONTIER SPR,X ,Q,280.00,285.50,280.00,283.20,282.20,280.55,142,5652,1598626.00,
522205,PRAJ IND.LTD,T ,Q,343.10,359.75,340.25,359.75,359.75,342.65,2570,149624,53077489.00,
522207,RASANDIK ENG,X ,Q,75.25,80.95,75.05,80.95,80.95,79.00,5,1025,77147.00,
522209,YOGI SUNGWON,X ,Q,5.67,5.67,5.29,5.63,5.67,5.40,50,14716,82733.00,
522215,HLEGLAS     ,B ,Q,4421.05,4734.00,4420.00,4713.05,4702.00,4498.60,667,3213,14707880.00,
522217,GUJ APOIND  ,B ,Q,227.75,227.75,218.05,220.00,220.00,223.45,43,754,166420.00,
522229,TANEJA AERO.,X ,Q,54.80,59.90,52.00,59.20,59.20,54.75,1599,273026,15691252.00,
522231,CONART ENG. ,X ,Q,35.20,36.70,33.00,36.20,36.65,35.35,39,3142,112120.00,
522237,SHIVAGRICO  ,XT,Q,13.06,13.06,13.06,13.06,13.06,12.44,17,4225,55178.00,
522241,M.M.FORGINGS,B ,Q,811.15,830.00,801.10,810.75,825.00,814.80,269,2269,1855414.00,
522249,MAYUR UNIQ. ,A ,Q,480.70,489.55,480.20,481.10,480.75,480.50,184,1761,850027.00,
522251,CENLUB INDUS,X ,Q,83.85,83.85,77.60,79.05,79.00,80.45,116,4886,386325.00,
522257,RAJOO ENGIN.,X ,Q,25.90,26.00,25.50,25.85,25.95,25.65,134,34567,893541.00,
522263,JMC PROJECTS,A ,Q,104.45,105.25,103.50,103.70,104.00,104.40,384,6063,631990.00,
522267,VEEJAY LAKSH,X ,Q,44.10,44.10,43.80,43.80,43.80,45.05,6,757,33171.00,
522273,AHMED.STEEL ,X ,Q,17.00,18.00,16.75,18.00,18.00,17.50,17,741,13060.00,
522275,GET&D       ,A ,Q,134.45,134.45,132.50,133.20,133.55,133.55,371,6850,911878.00,
522281,RAM RAT.WIRE,X ,Q,133.70,133.90,130.15,131.20,131.20,131.40,83,5694,746835.00,
522285,JAY NECO IND,T ,Q,21.50,21.95,21.00,21.20,21.35,21.65,89,32231,690812.00,
522287,KALPA.POWER ,A ,Q,413.05,414.80,411.15,413.45,414.00,413.55,611,9062,3743035.00,
522289,NMSRESRC    ,XT,Q,25.05,25.05,25.05,25.05,25.05,26.35,25,606,15180.00,
522292,CHANDNI TE  ,X ,Q,46.70,47.45,44.70,47.20,47.20,46.75,76,14992,696511.00,
522294,T & I GLOBAL,X ,Q,120.90,139.95,119.20,137.20,136.00,125.00,170,14738,1948320.00,
522295,CONTROL PRNT,B ,Q,333.00,346.75,333.00,338.30,338.80,335.35,93,481,164263.00,
522650,BEMCO HYDRAU,X ,Q,306.00,306.00,282.50,291.10,291.10,299.50,25,439,125978.00,
523007,ANSAL BUILD.,X ,Q,64.80,64.80,60.80,62.70,62.85,61.80,33,1783,110003.00,
523011,WEIZMANN LTD,B ,Q,48.45,49.35,46.10,48.75,49.05,48.10,158,7107,340821.00,
523019,B.N.RATHI SE,X ,Q,39.70,41.80,38.00,40.75,41.00,39.70,318,62510,2543259.00,
523021,RISHITECH   ,X ,Q,26.85,27.15,26.25,27.15,27.15,26.85,7,238,6288.00,
523023,SINCLAIR HOT,X ,Q,69.10,74.75,67.70,73.55,73.50,68.55,838,143096,10332563.00,
523025,SAFARI IND. ,A ,Q,862.50,881.85,862.25,871.50,863.05,862.40,488,2430,2124815.00,
523054,BIN.TEX.PR(P,XT,Q,751.00,787.55,712.55,787.55,787.55,750.05,66,407,293840.00,
523062,JJ FINANCE  ,XT,Q,7.50,7.87,7.45,7.45,7.45,7.50,34,29601,221025.00,
523100,COSMO FERR. ,X ,Q,70.15,73.95,70.15,71.30,71.40,73.05,130,15105,1081955.00,
523113,FUTURA SEC. ,XT,Q,12.02,12.02,12.02,12.02,12.02,11.45,2,51,613.00,
523116,SANCO TRANS ,X ,Q,465.05,475.60,465.05,475.40,475.60,475.90,3,51,24245.00,
523120,ADOR MULTI. ,X ,Q,104.00,121.00,101.10,119.75,116.00,109.00,47,4213,474652.00,
523127,EIH ASSO.HOT,B ,Q,325.75,336.60,317.30,327.05,330.30,313.00,150,2709,882767.00,
523144,MEDI CAPS   ,X ,Q,46.40,46.70,45.40,45.95,45.95,45.35,71,8555,389819.00,
523151,OTCO INTERN.,X ,Q,6.25,6.30,5.75,6.09,6.13,6.02,76,11598,68918.00,
523160,MORGAN CRU  ,X ,Q,1098.00,1098.00,1018.00,1028.30,1030.00,1059.60,237,3629,3795402.00,
523164,SIP INDUST. ,Z ,Q,2.75,2.76,2.75,2.76,2.76,2.69,8,1303,3596.00,
523186,BA PACK     ,XT,Q,236.00,236.00,224.40,234.45,234.80,236.20,126,2526,576475.00,
523204,ABAN OFFSHO ,B ,Q,44.20,47.50,43.15,44.35,44.35,44.60,2000,149355,6835977.00,
523207,KOKUYOCMLN  ,B ,Q,69.15,69.75,68.30,68.75,68.75,69.05,435,19676,1354876.00,
523229,BHARAT SEATS,X ,Q,79.00,82.00,79.00,80.45,80.45,79.95,202,14012,1132485.00,
523232,CONT.PETRO  ,XT,Q,41.80,43.00,41.80,42.75,43.00,42.10,44,1851,78831.00,
523248,MACHINO PLAS,X ,Q,126.15,126.15,123.00,123.00,123.00,126.15,29,8083,1004109.00,
523260,PEARL POLYME,B ,Q,16.25,16.30,15.90,16.25,16.25,15.85,60,2718,43912.00,
523261,VENKEY'S (I),A ,Q,2865.00,2969.60,2865.00,2912.10,2914.00,2899.40,721,2425,7110153.00,
523269,ADVANI HOTEL,B ,Q,67.80,73.20,66.70,71.40,71.40,67.60,317,15936,1114329.00,
523277,G.V.FILMS   ,X ,Q,0.77,0.77,0.73,0.74,0.74,0.75,584,3216508,2427240.00,
523283,SUPER HOUSE ,B ,Q,183.00,187.20,172.20,173.70,173.70,182.25,505,13341,2367336.00,
523289,RAMA VISION ,XT,Q,11.01,12.00,11.01,12.00,12.00,11.51,4,1250,14280.00,
523301,TCPL PACK   ,B ,Q,523.70,527.80,510.90,515.75,517.70,525.00,216,1035,536509.00,
523319,BALMER LAWRI,A ,Q,133.00,133.95,132.45,133.45,133.60,132.85,1252,53775,7170222.00,
523323,KOVAI MEDI. ,B ,Q,1739.00,1759.90,1701.15,1744.70,1749.00,1721.85,1603,7312,12660647.00,
523329,ELDECO HOUS.,X ,Q,2900.00,2977.25,2850.05,2871.75,2871.75,2925.05,57,172,496259.00,
523367,DCMSHRIRAM  ,A ,Q,911.15,959.55,911.15,950.40,953.00,921.30,643,4108,3883204.00,
523369,DCM SHR.IND ,X ,Q,444.90,448.00,422.00,440.40,440.40,440.35,609,26234,11531931.00,
523371,MAWANA SUGAR,T ,Q,80.10,84.95,80.10,81.15,82.00,82.05,84,8734,705972.00,
523373,MINI DIAMOND,XT,Q,8.90,9.45,8.60,9.39,9.39,9.05,42,4280,37560.00,
523384,MAH.RAS.APEX,T ,Q,90.05,95.75,89.55,94.75,94.75,93.95,19,1321,123193.00,
523385,NILKAMAL L  ,A ,Q,2828.75,2841.95,2806.05,2813.30,2806.05,2864.15,259,709,1999385.00,
523391,NAHAR POLY  ,B ,Q,233.00,234.95,226.00,229.05,229.15,230.00,291,4989,1147243.00,
523395,3M INDIA LTD,A ,Q,24502.75,24553.55,24000.20,24170.05,24279.90,24349.60,126,163,3960861.00,
523398,JCHAC       ,A ,Q,2230.00,2291.00,2190.00,2209.10,2209.10,2248.25,579,2730,6050466.00,
523405,JM FINANCIAL,A ,Q,89.95,90.10,89.20,89.65,89.85,89.50,584,31749,2846064.00,
523411,ADCINDIA    ,X ,Q,320.65,365.00,313.70,350.45,350.45,317.35,1080,53188,18606039.00,
523419,TAMIL.TELE. ,T ,Q,11.23,11.23,11.23,11.23,11.23,10.70,14,3050,34251.00,
523445,REL INDL INF,A ,Q,693.60,708.70,686.10,691.75,691.75,692.55,918,10537,7374986.00,
523449,SHARP INDIA ,XT,Q,50.45,51.35,50.35,50.35,50.35,52.95,52,13571,685381.00,
523457,LINDEINDIA  ,A ,Q,2579.80,2598.40,2517.00,2528.65,2528.65,2551.35,2155,16052,41042402.00,
523465,IND.BANK HSG,B ,Q,28.10,29.95,28.10,29.70,29.70,29.70,20,1021,29662.00,
523475,LOTUS CHOC  ,X ,Q,33.45,35.40,33.45,33.75,33.75,35.10,40,2329,78883.00,
523483,PACIFIC IND.,X ,Q,358.95,359.00,348.00,355.95,356.00,351.10,38,1039,368904.00,
523519,UNI OFF AUTO,X ,Q,3.00,3.27,3.00,3.27,3.27,2.98,37,24628,78673.00,
523537,APM INDUS.  ,X ,Q,34.90,34.90,32.10,32.90,32.55,34.70,248,64794,2132456.00,
523539,PRECISION WR,B ,Q,245.35,245.75,240.50,240.60,242.25,243.65,384,6435,1558651.00,
523550,KRYPTON IND ,X ,Q,14.20,14.45,13.75,13.81,13.75,14.48,112,25121,350474.00,
523566,MARTIN BURN ,X ,Q,37.00,39.90,34.20,35.95,35.95,35.75,70,4549,170291.00,
523574,FEL         ,B ,Q,9.44,9.44,9.17,9.44,9.44,8.59,417,474568,4462984.00,
523586,IND.TONERS  ,X ,Q,151.00,151.00,143.00,148.25,148.50,153.00,281,20577,3005988.00,
523594,KUNSTSTOFFE ,X ,Q,25.95,26.00,25.95,26.00,26.00,25.95,9,7163,185917.00,
523598,SHIPP.CORPN ,A ,Q,108.70,111.80,107.75,110.30,110.30,108.70,2790,291383,32136067.00,
523606,SIKA INTER. ,X ,Q,556.30,592.00,538.05,584.55,590.00,556.30,716,22191,12807587.00,
523610,ITI LTD.    ,A ,Q,119.90,119.90,117.75,118.25,118.55,118.85,433,10076,1196350.00,
523618,DREDGING COR,A ,Q,365.80,370.00,360.05,362.65,360.05,362.85,1601,12245,4471964.00,
523620,PHARMASIA   ,XT,Q,29.90,30.00,29.90,30.00,30.00,30.00,2,300,8990.00,
523628,PODDAR      ,B ,Q,183.85,194.30,183.85,186.30,186.30,185.50,6,6510,1200153.00,
523630,NATIONAL FER,A ,Q,55.00,55.35,54.35,54.55,54.55,54.75,889,66501,3637905.00,
523638,IP RINGS LTD,XT,Q,148.50,148.50,136.65,139.95,139.95,141.70,22,639,88933.00,
523642,PI INDUS.LTD,A ,Q,3389.95,3446.50,3362.65,3408.95,3408.05,3380.50,1266,8935,30472528.00,
523648,PLASTIBLEND ,B ,Q,287.15,289.80,269.85,271.65,271.65,287.15,1847,35710,10017592.00,
523652,KKPLASTICK  ,XT,Q,19.05,19.05,19.05,19.05,19.05,18.15,4,304,5791.00,
523660,WATERBASE   ,A ,Q,116.00,116.80,111.50,115.45,115.30,114.60,479,13505,1559544.00,
523672,FLEX FOODS  ,X ,Q,109.85,110.90,106.30,107.40,107.40,109.85,196,26931,2904044.00,
523676,GOLKUNDA DIA,X ,Q,62.15,65.25,62.00,65.25,65.25,62.15,60,8969,576326.00,
523694,APCOTEX IND ,A ,Q,347.80,390.95,342.05,387.40,387.40,343.50,8547,176801,66480667.00,
523696,FORTIS MLR  ,X ,Q,69.40,71.40,63.65,68.30,68.25,69.05,40,3360,229717.00,
523704,MASTEK LTD  ,A ,Q,2939.95,2982.90,2850.00,2888.55,2888.55,2933.15,3400,21292,61999769.00,
523708,EIMCO ELECON,B ,Q,400.95,421.75,398.70,410.75,411.00,399.95,97,524,215987.00,
523710,SAYAJI HOTEL,XT,Q,247.85,247.85,232.15,243.95,243.95,243.95,15,212,51709.00,
523716,ASHIANA HOU ,B ,Q,189.90,193.70,182.45,189.35,187.90,187.50,861,18228,3434364.00,
523722,SVAM SOFTWAR,X ,Q,4.12,4.12,3.74,3.91,4.00,3.93,59,10992,43609.00,
523732,ECO BOARD IN,XT,Q,16.00,17.50,16.00,16.40,16.40,16.75,44,14932,247733.00,
523736,DVL         ,B ,Q,292.00,296.95,284.05,288.55,287.00,287.20,310,5016,1457949.00,
523752,IO SYSTEM   ,X ,Q,3.11,3.11,3.11,3.11,3.11,3.11,16,1322,4111.00,
523754,MAHEPC      ,B ,Q,132.75,133.90,132.05,133.05,132.90,132.90,87,1534,204083.00,
523756,SREIINFRA   ,T ,Q,8.81,8.99,8.71,8.87,8.90,8.93,406,99510,881906.00,
523782,MITSHI      ,X ,Q,14.90,15.51,14.51,14.60,14.60,15.00,28,4863,72089.00,
523790,SHUKRA JEW  ,P ,Q,7.91,7.91,7.52,7.52,7.52,7.91,2,600,4668.00,
523792,MAZDA LTD   ,B ,Q,609.25,609.25,585.95,599.00,600.00,597.30,137,496,297089.00,
523796,VICEROY HOTE,Z ,Q,3.07,3.20,3.05,3.10,3.07,3.07,19,12793,39586.00,
523826,SOVEREIGN DI,XT,Q,7.08,7.40,6.73,7.40,7.40,7.08,20,1323,9109.00,
523828,MENON BEAR. ,B ,Q,73.50,77.55,73.50,75.25,74.55,73.55,312,9880,749616.00,
523832,MUKAT PIPES ,X ,Q,2.48,2.60,2.48,2.60,2.60,2.48,7,2241,5734.00,
523836,GUJ.RAFFIA  ,T ,Q,34.50,35.15,34.25,35.15,35.15,33.50,16,3381,116934.00,
523838,SIMPLX INFRA,B ,Q,38.25,39.25,38.10,38.75,38.65,38.50,241,8499,331948.00,
523840,INN.TECH.PAC,X ,Q,17.25,17.75,17.00,17.50,17.50,17.25,8,1934,33444.00,
523842,SUPER TANNER,XT,Q,5.00,5.00,4.64,4.77,4.94,4.87,132,33584,160264.00,
523850,AXTEL INDUS.,X ,Q,320.50,327.00,310.00,312.80,312.80,320.95,352,13614,4317450.00,
523862,PIFL        ,XT,Q,9.87,9.87,9.87,9.87,9.87,9.40,5,24,236.00,
523896,APIL        ,XT,Q,27.90,27.90,27.90,27.90,27.90,26.60,1,20,558.00,
524000,POONAWALLA  ,T ,Q,187.00,189.00,179.00,181.85,181.85,187.40,1404,177601,32507743.00,
524013,HIND.FLUROCA,B ,Q,10.45,10.45,10.00,10.18,10.31,10.12,29,3216,32659.00,
524019,KINGFA      ,B ,Q,1096.40,1105.55,1078.40,1086.70,1085.05,1095.40,72,186,203059.00,
524031,PATIDAR     ,XT,Q,8.89,8.89,8.89,8.89,8.89,9.35,9,2609,23194.00,
524037,RAMA PHOSPH ,X ,Q,330.00,337.20,318.55,321.40,321.40,323.40,1259,51500,16817688.00,
524038,VENLON ENTR ,XT,Q,2.99,3.12,2.85,3.12,3.12,2.99,6,106,321.00,
524051,POLYPLEX    ,A ,Q,1537.00,1570.05,1537.00,1556.20,1551.55,1543.20,729,5303,8266321.00,
524075,ALBERT DAVID,B ,Q,603.95,605.00,592.05,593.80,593.80,600.70,421,3136,1884811.00,
524080,HAR.LEATHER ,XT,Q,37.10,40.70,36.90,40.60,40.60,38.80,23,7928,315770.00,
524091,ACRYCIL LTD.,B ,Q,625.05,648.00,620.05,639.45,639.50,628.35,1365,16440,10513594.00,
524109,KABRA EXTR  ,B ,Q,238.10,248.00,236.75,243.55,243.00,236.60,1167,32405,7841316.00,
524129,VINYL CHEM  ,B ,Q,224.90,229.00,223.30,225.05,225.00,224.75,1300,52110,11782406.00,
524136,PEE CEE COSM,X ,Q,148.10,155.50,143.00,151.65,152.45,145.25,66,1599,241691.00,
524156,T C M LTD.  ,X ,Q,58.45,60.35,57.00,57.05,57.05,60.45,36,630,36394.00,
524164,IOL CHEM PH ,A ,Q,551.00,558.80,550.50,552.25,552.60,554.05,2147,34353,18986178.00,
524200,VINATI ORG. ,A ,Q,1909.00,1994.00,1909.00,1963.45,1963.45,1898.15,2078,12827,25081774.00,
524202,LACTOSE(I)  ,X ,Q,38.00,38.90,37.00,38.55,38.90,37.55,43,15965,606679.00,
524208,AARTI INDUST,A ,Q,915.00,917.95,903.70,909.10,909.10,910.65,4398,70280,63998211.00,
524212,WANBURY LTD ,T ,Q,78.50,81.00,78.50,78.70,80.00,80.00,34,1893,149726.00,
524218,RESONANCE   ,X ,Q,181.65,196.80,175.05,191.00,191.80,181.60,739,49922,9499016.00,
524226,GUJ AMB EXP ,A ,Q,174.60,179.20,172.80,176.95,178.20,174.15,878,42531,7471739.00,
524230,RASHTR.CHEM.,A ,Q,74.80,75.05,73.85,74.05,74.05,73.60,1883,132975,9900979.00,
524280,KOPRAN LTD. ,T ,Q,213.60,214.80,210.00,211.95,210.00,211.45,44,2080,440644.00,
524288,AIMCO PESTI.,X ,Q,107.80,107.90,105.00,105.55,105.95,107.35,65,4898,517625.00,
524314,GUJ.TERC LAB,XT,Q,14.16,15.00,13.81,15.00,15.00,14.51,12,2103,29662.00,
524324,SEYAIND     ,B ,Q,57.75,57.75,56.10,56.50,56.50,57.00,54,1637,92269.00,
524330,JAYANT AGRO ,B ,Q,245.65,249.35,243.40,245.20,244.60,245.25,651,5971,1466462.00,
524332,BCLIL       ,B ,Q,235.00,247.75,233.40,242.80,242.80,231.50,1135,18958,4567311.00,
524336,SH.HARI CHEM,X ,Q,61.50,62.20,59.10,59.60,62.20,61.50,16,609,36346.00,
524342,INDOBORAXC  ,X ,Q,1670.00,1671.60,1667.80,1671.60,1671.60,1592.00,259,4291,7168011.00,
524348,AARTI DRUGS ,A ,Q,605.00,612.00,605.00,608.30,609.40,610.00,2249,21298,12959496.00,
524370,BODAL CHEM  ,A ,Q,111.90,112.75,109.95,110.65,110.80,111.50,1420,86538,9592863.00,
524372,ORCHIDPHAR  ,T ,Q,408.00,417.60,400.00,411.20,411.25,403.85,74,1500,616929.00,
524394,VIMTA LABS  ,B ,Q,286.85,290.90,285.00,289.30,289.00,286.30,360,5464,1576133.00,
524396,BIOFIL CHEM ,B ,Q,63.90,63.90,61.45,63.10,62.65,63.05,193,6033,379224.00,
524400,ISHITA DRUGS,X ,Q,39.50,41.90,39.10,39.45,39.45,40.95,14,1841,72378.00,
524404,MARKSANS    ,A ,Q,71.05,71.50,69.85,70.05,70.05,71.30,3480,273483,19245730.00,
524408,UNIV.STARCH ,XT,Q,106.00,113.00,105.95,106.70,106.50,111.50,23,976,103942.00,
524412,AAREY DRUGS ,B ,Q,37.30,38.00,37.20,37.30,37.30,37.25,194,13319,499409.00,
524414,NORRIS MEDI.,X ,Q,7.96,8.27,7.96,8.27,8.27,7.88,5,198,1599.00,
524434,ASIAN PETRO ,XT,Q,32.20,32.20,32.20,32.20,32.20,30.70,10,1329,42793.00,
524440,CAMEX LTD   ,X ,Q,27.50,27.50,26.00,27.30,27.40,26.90,26,1261,34232.00,
524444,EVEXIA      ,X ,Q,15.50,15.50,15.00,15.20,15.20,15.30,1965,833990,12681122.00,
524470,SYNCOM FORM.,X ,Q,5.95,6.10,5.90,6.04,6.04,5.95,3326,1460818,8760936.00,
524480,RIDHI SIDHI ,X ,Q,334.00,340.00,321.25,339.00,339.00,334.00,25,217,72953.00,
524488,SVCIND      ,XT,Q,2.88,3.18,2.88,2.93,3.17,3.03,405,258534,760536.00,
524494,IPCA LAB LTD,A ,Q,2540.00,2542.70,2507.90,2524.05,2524.05,2537.00,890,4598,11597856.00,
524500,KILITCH DRUG,B ,Q,174.50,175.00,170.85,171.95,170.85,172.15,26,175,30212.00,
524502,RAAJMEDISAFE,P ,Q,38.20,38.20,38.15,38.15,38.15,39.80,2,200,7635.00,
524506,CORAL LAB.  ,X ,Q,414.70,414.70,404.15,407.80,407.80,405.15,40,1296,528123.00,
524514,TULASEE BIO-,ZP,Q,31.00,31.00,31.00,31.00,31.00,31.00,1,100,3100.00,
524518,KREBS BIOCHM,B ,Q,152.55,153.55,146.00,146.35,146.05,152.55,246,4841,716877.00,
524520,KMC SHIL    ,X ,Q,56.40,59.90,55.05,58.85,58.85,55.85,2829,412042,24231613.00,
524522,LAFFANS PETR,X ,Q,26.00,28.50,25.80,28.50,28.50,25.95,202,51897,1451101.00,
524534,BHASKAR AGRO,XT,Q,41.55,43.00,41.00,41.00,41.00,41.55,18,1600,68054.00,
524542,SUKJIT STRCH,X ,Q,259.20,275.00,259.00,271.35,275.00,263.90,136,10603,2841776.00,
524558,NEULAND LAB.,T ,Q,1738.95,1766.80,1738.00,1766.80,1766.80,1682.70,137,2427,4274560.00,
524564,GAYATRI BIO ,XT,Q,11.00,11.39,10.33,10.33,10.33,10.87,60,12733,132068.00,
524570,PODDAR PIGM.,B ,Q,341.00,346.15,339.20,340.10,339.20,341.35,97,1222,418904.00,
524572,PHARMAIDS PH,X ,Q,14.95,15.00,14.25,14.70,14.70,14.65,81,2853,41844.00,
524576,VIVID IND   ,X ,Q,29.05,30.15,28.65,29.65,29.55,29.90,69,7381,218385.00,
524582,TIRUPATI STA,XT,Q,46.20,47.50,45.80,45.80,45.80,45.55,15,1431,66536.00,
524590,HEMORGANIC  ,X ,Q,11.20,11.20,11.20,11.20,11.20,10.79,2,510,5712.00,
524592,JD ORGOCHEM ,XT,Q,6.30,6.30,5.70,5.70,5.70,6.00,2,201,1146.00,
524594,ASHOK-ALCO  ,X ,Q,88.80,92.00,88.05,89.90,89.90,91.80,52,1845,164547.00,
524598,AKSHARCHEM I,B ,Q,430.25,441.75,430.00,432.20,432.55,431.05,269,1865,812989.00,
524606,BERYL DRUGS ,X ,Q,11.70,11.80,11.03,11.54,11.70,11.61,42,6546,74421.00,
524614,INDXTRA     ,XT,Q,24.40,24.40,24.40,24.40,24.40,23.25,10,2195,53558.00,
524622,ISTRNETWK   ,X ,Q,1.94,1.94,1.77,1.94,1.94,1.85,50,11841,21326.00,
524624,GAGAN GASES ,X ,Q,12.32,12.32,12.32,12.32,12.32,11.74,14,4037,49735.00,
524628,PARKER AGRO.,X ,Q,4.25,4.25,4.25,4.25,4.25,4.21,1,200,850.00,
524632,SHUKRAPHAR  ,X ,Q,73.50,80.80,73.50,80.35,80.00,77.25,9,335,26202.00,
524634,ALU FLUORIDE,X ,Q,297.00,303.00,291.50,292.80,294.60,295.75,392,22379,6625636.00,
524636,S.S.ORGANICS,P ,Q,32.80,33.00,32.75,33.00,33.00,34.40,11,2400,79105.00,
524640,ARCHITORG   ,X ,Q,41.70,47.00,41.05,45.65,45.65,40.90,814,201659,9130602.00,
524642,SIKOZY REAL ,X ,Q,1.17,1.34,1.17,1.29,1.29,1.22,43,22182,27051.00,
524648,INDO AMINES ,XT,Q,247.40,247.40,233.00,242.10,242.10,236.50,516,21517,5194927.00,
524652,IND.SWIFT LT,T ,Q,10.30,10.30,9.71,9.95,9.95,10.05,45,20545,207633.00,
524654,NATURAL CAPS,X ,Q,161.60,164.00,157.00,159.60,163.00,162.00,100,6621,1069222.00,
524661,WELCURE DRUG,XT,Q,5.49,5.76,5.49,5.76,5.76,5.49,30,4388,25031.00,
524663,BH.IMMUN&BIO,T ,Q,57.35,57.35,57.35,57.35,57.35,54.65,377,115280,6611308.00,
524667,SOTL        ,B ,Q,1591.00,1627.15,1591.00,1617.10,1615.85,1615.25,383,1352,2185022.00,
524669,HESTER BISC ,A ,Q,2479.00,2595.95,2479.00,2536.65,2534.25,2482.20,1428,6171,15722850.00,
524675,KABSONS INDU,XT,Q,8.80,8.80,8.03,8.50,8.50,8.45,67,4554,38662.00,
524687,BASANT AGRO ,XT,Q,11.90,12.00,11.50,11.99,12.00,11.88,156,53598,640488.00,
524703,SANDU PHARMA,X ,Q,57.00,58.45,52.55,53.70,52.60,54.60,634,74092,4198561.00,
524709,NACLIND     ,B ,Q,70.85,71.25,69.75,70.35,70.80,69.65,274,5279,370571.00,
524711,VISTA PHARMA,X ,Q,9.68,9.89,9.25,9.39,9.53,9.68,87,15517,145960.00,
524715,SUN PHARMA. ,A ,Q,771.00,781.75,771.00,776.40,776.40,777.20,1363,42947,33334392.00,
524717,TITAN BIOTEC,X ,Q,332.25,337.30,330.35,332.70,332.70,334.60,539,14787,4930357.00,
524727,SDL         ,X ,Q,14.00,14.20,14.00,14.00,14.00,13.83,9,1900,26780.00,
524731,JENBURKT PH.,X ,Q,508.35,508.35,491.20,494.20,494.20,496.00,58,4432,2198579.00,
524735,HIKAL LTD.  ,A ,Q,645.00,668.00,642.30,657.30,655.20,643.45,1779,31186,20468739.00,
524742,CAPLIN POINT,A ,Q,840.50,950.00,832.45,933.50,933.50,840.50,19664,375954,340868448.00,
524743,FISCHER     ,XT,Q,71.50,71.50,71.50,71.50,71.50,68.10,9,450,32175.00,
524748,LINK PHARMA ,X ,Q,34.00,34.95,32.55,34.20,33.90,33.25,48,3003,101794.00,
524752,DECIPHER    ,X ,Q,34.75,34.75,33.20,34.50,34.50,34.05,42,1293,44367.00,
524768,EMMESSAR BIO,X ,Q,34.00,34.90,32.75,33.90,32.90,34.00,22,2793,93635.00,
524774,NGL FINE CHM,XT,Q,2916.00,3023.00,2890.00,2925.55,2945.00,2932.50,413,3825,11302381.00,
524790,EVEREST ORG.,X ,Q,325.00,331.30,313.00,317.95,313.00,323.65,199,5619,1804222.00,
524804,AUROB.PHARMA,A ,Q,743.50,744.95,733.00,741.65,741.65,743.50,5234,202475,149440123.00,
524808,PHYTOCHEM I.,X ,Q,20.00,21.90,20.00,20.05,20.05,20.05,21,2822,57367.00,
524816,NATCO PHARM ,A ,Q,973.30,986.95,967.10,982.90,984.00,974.05,311,3837,3748676.00,
524818,DYNAMIC IND.,XT,Q,73.95,75.90,72.00,75.20,75.20,75.45,39,1797,131093.00,
524820,PANAMA PETRO,B ,Q,266.00,268.75,263.20,264.65,263.35,265.65,350,2595,691959.00,
524824,BAL PHARMA  ,B ,Q,96.10,104.70,94.50,99.35,99.35,95.20,539,33327,3370191.00,
524828,BDH INDUS.  ,X ,Q,128.95,128.95,125.10,126.00,125.30,126.60,32,1311,166354.00,
526001,JAUS POLYMER,X ,Q,3.88,3.88,3.70,3.70,3.70,3.88,9,1200,4476.00,
526025,GLOBUS CON  ,XT,Q,37.90,37.90,37.90,37.90,37.90,39.85,50,2401,90997.00,
526027,CUBEX TUBING,B ,Q,22.05,22.95,22.05,22.25,22.20,23.15,46,1757,38947.00,
526043,POLYMECH.MCH,X ,Q,51.20,54.90,51.20,52.85,51.40,52.85,34,12062,637710.00,
526073,GALAXY BEAR.,XT,Q,357.65,360.00,348.00,354.10,350.00,364.90,84,996,350061.00,
526095,RAVILEELA GR,X ,Q,22.05,22.05,22.05,22.05,22.05,21.00,2,180,3969.00,
526113,UNIROYAL MAR,XT,Q,10.55,10.55,10.55,10.55,10.55,10.20,1,100,1055.00,
526115,KARAN WOO-SN,XT,Q,2.40,2.40,2.38,2.38,2.38,2.38,9,1221,2910.00,
526117,SHERVANI IND,X ,Q,268.25,268.25,252.00,259.35,259.35,259.20,50,591,153862.00,
526133,SUPERTEX IND,X ,Q,6.51,7.19,6.51,7.19,7.19,6.85,15,7530,53219.00,
526137,SHETRON LTD ,XT,Q,30.75,30.75,29.15,29.50,29.50,29.30,12,891,26513.00,
526139,TRANSGENE BI,XT,Q,3.50,3.60,3.39,3.52,3.59,3.55,65,37441,132227.00,
526143,MPL         ,X ,Q,5.20,5.20,4.90,5.20,5.20,5.15,93,18727,93351.00,
526159,NIKHIL ADHSV,X ,Q,754.00,774.00,715.00,734.55,734.95,746.05,255,2900,2121261.00,
526161,SPENTA INT. ,XT,Q,59.50,59.50,58.50,59.45,59.45,56.75,8,186,11033.00,
526169,MULTIBASE I ,X ,Q,249.45,270.70,245.15,255.55,255.55,244.30,552,45792,11814781.00,
526173,ANDREW YULE ,B ,Q,25.45,25.45,24.70,24.80,24.80,25.20,672,126812,3173461.00,
526179,LUDOLOW JUTE,X ,Q,88.80,88.80,87.10,88.10,88.30,87.95,92,5550,487717.00,
526193,ROYAL CUSHIO,XT,Q,7.97,7.97,7.51,7.54,7.54,7.74,5,121,913.00,
526195,NEOGEM INDIA,XT,Q,2.70,2.70,2.70,2.70,2.70,2.70,2,1201,3242.00,
526211,SURAJ INDUS.,XT,Q,5.23,5.23,5.23,5.23,5.23,4.99,1,1,5.00,
526217,HITECHCORP  ,B ,Q,207.00,218.45,207.00,214.75,216.00,207.55,69,3620,773093.00,
526225,BLOOM DEKOR ,X ,Q,8.32,8.65,8.32,8.65,8.65,8.75,2,298,2512.00,
526227,FILATEX INDI,B ,Q,96.75,108.30,95.25,106.30,106.30,96.70,7355,516315,53158556.00,
526231,STD.SURFACT.,XT,Q,128.00,128.00,120.00,128.00,128.00,121.95,207,7062,897882.00,
526235,MERCATOR    ,T ,Q,1.85,1.91,1.81,1.91,1.91,1.82,217,716195,1355970.00,
526237,MORGAN VENT ,X ,Q,13.00,13.04,11.80,13.04,13.04,12.42,33,3722,46494.00,
526241,AMRAPALI IND,X ,Q,10.79,11.68,10.79,10.79,10.79,11.35,55,8292,89485.00,
526247,PREMIER EXPL,T ,Q,235.00,243.50,235.00,235.00,235.00,238.00,21,592,140648.00,
526263,MOLD-TEK TEC,T ,Q,78.80,78.80,75.75,77.30,77.30,77.45,35,892,69213.00,
526269,CRESTCHEM LT,XT,Q,48.85,48.85,48.85,48.85,48.85,49.00,1,1,48.00,
526299,MPHASIS LTD ,A ,Q,2978.95,2998.10,2935.60,2993.80,2993.80,2957.65,1564,14550,43240451.00,
526301,MEDINOVA DIA,XT,Q,58.70,58.70,53.45,56.25,56.25,56.25,36,7267,394313.00,
526315,DIVYA.GRANIT,X ,Q,69.00,70.70,68.25,69.20,69.20,68.00,21,2475,170365.00,
526325,ORIENT PRESS,B ,Q,66.00,66.00,66.00,66.00,66.00,65.50,12,120,7920.00,
526335,SHREYAS INTE,XT,Q,5.35,5.35,5.34,5.34,5.34,5.40,6,1074,5736.00,
526355,DURO PACK   ,XT,Q,20.55,20.55,20.55,20.55,20.55,21.60,10,464,9535.00,
526365,SWARNASA    ,X ,Q,14.32,15.45,14.31,14.91,14.90,14.63,17,2649,39188.00,
526367,GANESH HSG. ,B ,Q,152.20,160.55,150.60,158.25,158.25,154.55,1044,36152,5626726.00,
526371,NMDC LTD    ,A ,Q,152.00,153.30,151.25,152.05,152.05,152.25,3766,387088,58908658.00,
526381,PAT INT LOG ,B ,Q,22.90,23.40,22.10,22.70,22.65,22.50,178,17875,404536.00,
526397,ALPHAGEO (I),B ,Q,447.30,461.20,430.65,433.80,433.80,457.80,3241,52270,23108077.00,
526407,RIT PRO IND ,XT,Q,212.55,212.55,212.55,212.55,212.55,223.70,14,456,96922.00,
526409,KKALPANAIND ,X ,Q,45.05,47.45,44.85,45.20,45.20,45.85,166,15951,725416.00,
526415,OK PLAY (I) ,XT,Q,34.65,35.45,32.70,35.05,35.10,34.40,184,79593,2658356.00,
526423,KRITI INDUS.,X ,Q,141.00,155.95,138.00,151.90,151.90,140.40,1187,248281,37162116.00,
526433,ASM TECHNOLO,XT,Q,253.70,254.70,245.00,248.60,248.60,254.70,156,4613,1156953.00,
526435,PERFECTPAC  ,X ,Q,152.70,152.75,152.70,152.75,152.75,148.00,2,8,1221.00,
526441,VISIONCINE  ,XT,Q,1.38,1.38,1.28,1.32,1.30,1.32,114,41063,54600.00,
526445,INDRAYANI BI,XT,Q,17.20,17.71,16.20,17.71,17.71,16.87,96,18842,327367.00,
526468,EURO LEDAR F,XT,Q,12.35,13.61,12.35,13.25,13.25,12.97,23,3327,44683.00,
526471,WINSOME BREW,XT,Q,11.30,12.05,11.30,11.71,11.89,11.48,142,19230,224238.00,
526473,ELEGANT FLOR,X ,Q,2.65,2.65,2.57,2.57,2.57,2.70,9,3500,9247.00,
526477,S.A.ENTERPR.,XT,Q,21.00,21.00,21.00,21.00,21.00,20.00,7,1668,35028.00,
526479,SKY INDUST. ,X ,Q,75.00,78.60,72.50,73.55,73.55,74.90,16,1012,78237.00,
526481,PHOENIX INT.,XT,Q,19.35,19.35,18.20,18.30,18.90,18.75,12,4145,76414.00,
526492,RISHIROOP   ,X ,Q,111.10,113.00,108.80,109.05,109.00,111.00,80,6621,727400.00,
526494,PROMACT     ,X ,Q,2.33,2.33,2.33,2.33,2.33,2.45,7,2468,5750.00,
526500,STR GRE WOO ,X ,Q,11.50,11.50,10.45,10.45,10.45,11.00,5,592,6208.00,
526504,DOLPHIN MEDI,XT,Q,3.29,3.29,2.99,3.07,3.19,3.14,118,25276,77030.00,
526506,SYSTAMATIX C,X ,Q,342.00,342.50,334.85,335.00,334.85,338.50,22,2254,766163.00,
526519,ALPINE HSG. ,X ,Q,19.85,20.25,19.50,20.25,20.25,19.30,30,5034,100683.00,
526521,SANGHI IND. ,B ,Q,71.50,71.50,70.25,70.65,70.65,70.80,719,37358,2637003.00,
526525,WWALUM      ,XT,Q,9.50,9.50,9.45,9.48,9.50,9.21,7,270,2562.00,
526544,SCANP GEOM  ,XT,Q,14.10,14.85,13.70,14.30,14.40,14.30,98,431231,6091274.00,
526546,CHOKSI LABOR,XT,Q,18.70,18.70,17.00,18.35,18.50,17.85,14,1014,18593.00,
526550,CCHHL       ,T ,Q,6.21,6.56,6.21,6.40,6.40,6.38,44,16043,102145.00,
526568,LONGVIEW TEA,XT,Q,15.15,15.15,15.15,15.15,15.15,15.15,4,237,3590.00,
526570,MIDWEST GOLD,XT,Q,16.80,16.80,16.80,16.80,16.80,16.95,1,1,16.00,
526574,ENTERPR.INTE,X ,Q,13.49,13.67,12.95,13.67,13.67,13.02,37,3068,41741.00,
526576,TECHIN      ,B ,Q,6.00,6.44,6.00,6.44,6.44,6.14,31,10000,64161.00,
526582,TPL PLAST   ,B ,Q,335.10,354.50,335.10,349.45,352.05,340.15,555,7958,2748334.00,
526586,WIM PLAST LT,X ,Q,508.60,546.00,495.00,536.10,536.10,499.85,2553,30068,15675858.00,
526588,PHOTOQUIP(I),XT,Q,12.10,12.89,12.10,12.50,12.50,12.55,7,855,10576.00,
526596,LIBERTY SHOE,B ,Q,196.55,200.95,192.75,193.55,193.55,195.05,1242,43158,8553144.00,
526604,LIPPI SYSTEM,XT,Q,10.62,10.62,10.62,10.62,10.62,11.17,3,300,3186.00,
526608,ELECTROTHERM,B ,Q,127.85,132.00,127.60,127.60,127.60,126.20,65,1173,151349.00,
526612,BLUE DART EX,A ,Q,6500.00,6519.20,6400.00,6423.60,6403.05,6368.40,919,3296,21306208.00,
526614,EXPO GAS    ,X ,Q,7.74,7.74,7.27,7.50,7.50,7.04,182,81853,624753.00,
526616,NAT.PLASTIC ,X ,Q,37.70,37.70,35.20,36.40,36.40,36.35,73,4462,161925.00,
526622,MFL INDIA   ,X ,Q,0.37,0.37,0.35,0.37,0.37,0.36,3210,14600642,5290745.00,
526638,TEXEL INDUS.,X ,Q,69.75,69.75,64.95,65.80,64.95,68.35,209,7445,498928.00,
526640,ROYALE MANOR,XT,Q,28.10,28.10,25.90,26.90,26.90,26.80,18,3100,83039.00,
526642,MIRZA INTER ,B ,Q,60.00,60.65,59.50,59.75,59.75,60.05,441,24224,1452777.00,
526650,TOURISM FINA,B ,Q,68.85,71.95,68.85,70.65,70.65,70.75,405,12584,893242.00,
526654,THAKKERS DEV,X ,Q,74.00,74.00,70.00,70.00,70.00,70.50,8,60,4263.00,
526662,RAJDARSHAN  ,B ,Q,32.75,32.75,32.75,32.75,32.75,34.45,10,222,7270.00,
526666,BHARTIYA INT,B ,Q,212.20,212.20,210.55,210.55,210.55,209.00,4,35,7370.00,
526668,KAMAT HOTELS,B ,Q,45.30,49.10,45.25,48.65,48.65,44.95,395,18536,884961.00,
526703,ECOPLAST LTD,XT,Q,80.00,80.00,75.10,75.25,75.50,79.00,12,631,48691.00,
526711,ADARSH PLANT,X ,Q,7.00,7.13,6.86,7.06,7.06,6.86,30,3384,23827.00,
526717,GOPALA POLY.,Z ,Q,362.30,362.30,362.30,362.30,362.30,345.05,11,216,78256.00,
526721,NICCO PARKS ,X ,Q,50.05,51.40,50.05,50.05,50.05,50.05,19,1529,76536.00,
526723,NTC INDUST  ,X ,Q,78.95,78.95,75.55,78.30,77.20,77.15,63,11196,870938.00,
526725,SANDESH LTD.,B ,Q,776.00,785.00,745.65,761.90,767.85,777.05,243,3478,2667426.00,
526727,GARNET CONST,X ,Q,23.50,24.50,23.00,23.90,23.90,23.65,91,24622,586182.00,
526729,GOLDIAM INT.,B ,Q,830.00,947.00,830.00,921.20,921.20,861.25,6871,95281,86990023.00,
526731,BRIGHT BROS.,X ,Q,163.00,171.00,163.00,168.80,170.50,167.60,113,5054,844715.00,
526737,CORPOR COUR ,XT,Q,6.23,6.25,5.67,5.87,6.23,5.96,57,7108,42010.00,
526739,NARMADA GEL ,X ,Q,223.00,229.00,212.65,223.05,223.05,216.00,500,21583,4753299.00,
526747,P.G.FOILS   ,X ,Q,248.00,256.90,241.50,256.90,256.90,244.70,339,47919,12115505.00,
526751,GRATEX INDS.,XT,Q,9.65,9.65,9.65,9.65,9.65,9.61,1,1,9.00,
526755,VELAN HOTELS,X ,Q,3.55,3.71,3.55,3.71,3.71,3.54,11,2799,10376.00,
526761,HOWARD HOTEL,X ,Q,6.38,6.38,6.38,6.38,6.38,6.71,20,2897,18482.00,
526775,VALIANT COMM,X ,Q,68.60,72.95,68.60,70.45,70.45,70.95,110,20092,1431865.00,
526783,DR.AGAR.EYE ,X ,Q,405.00,410.00,404.95,408.80,405.05,404.85,42,10761,4364457.00,
526797,GREENPLY IND,A ,Q,175.05,176.65,174.20,174.80,174.65,175.70,381,6217,1088663.00,
526799,UNION QUALIT,XT,Q,10.86,10.86,10.37,10.37,10.37,10.86,13,802,8416.00,
526807,SEAMEC LTD  ,B ,Q,900.00,1000.35,898.30,977.95,977.95,915.60,3439,23470,22472817.00,
526813,RAGHUNATH IN,XT,Q,12.70,13.03,11.91,12.94,12.95,12.41,145,15124,194323.00,
526817,CHEVIOT CO. ,X ,Q,1340.00,1356.90,1325.00,1329.60,1331.95,1343.75,317,2304,3073094.00,
526821,DAI-ICHI KAR,X ,Q,400.00,414.90,400.00,409.00,409.00,406.20,24,267,108253.00,
526823,RAJINFRA    ,XT,Q,6.40,6.40,6.40,6.40,6.40,6.40,5,100,640.00,
526829,CONFI PETRO ,B ,Q,70.95,76.35,70.85,74.75,74.55,71.10,4738,731472,54871533.00,
526839,SHELTER     ,X ,Q,11.00,11.55,11.00,11.55,11.55,11.00,9,740,8430.00,
526847,ASHIRWAD STL,X ,Q,10.90,10.90,9.11,10.00,10.64,10.76,48,14658,147999.00,
526849,BANARAS BEAD,B ,Q,66.10,66.80,65.50,65.50,65.50,66.00,25,2481,163377.00,
526851,AREX IND.   ,XT,Q,97.00,97.00,97.00,97.00,97.00,99.30,1,1,97.00,
526853,BILCARE LTD.,XT,Q,77.70,78.00,75.00,77.20,78.00,76.85,230,14063,1073857.00,
526859,INTER ST.FIN,X ,Q,3.65,3.85,3.51,3.79,3.52,3.69,63,76481,283159.00,
526861,RISHI LASER ,X ,Q,13.35,14.29,13.20,14.23,14.24,13.89,12,5652,76141.00,
526865,JAINCO PROJ.,XT,Q,4.23,4.23,3.91,4.10,4.10,4.11,18,878,3600.00,
526871,INTEC CAP   ,XT,Q,17.80,17.80,17.80,17.80,17.80,17.80,2,2,35.00,
526881,63MOONS     ,B ,Q,94.35,96.40,92.95,95.60,95.60,94.10,347,8886,841709.00,
526885,SARLA PER F ,B ,Q,44.90,44.90,43.65,44.10,43.75,43.90,979,87625,3861064.00,
526899,HFIL        ,X ,Q,15.60,15.75,15.25,15.55,15.55,15.60,347,45368,699483.00,
526921,21ST CEN.MGM,B ,Q,36.80,36.80,36.80,36.80,36.80,36.10,11,2181,80260.00,
526931,HARIYANA SH.,X ,Q,118.85,121.40,117.35,119.00,120.00,119.30,89,5596,666992.00,
526935,ARUNIS      ,XT,Q,26.55,27.05,26.55,27.05,27.05,27.90,9,706,18762.00,
526945,TYROON TEA  ,X ,Q,68.60,72.90,68.60,70.20,70.00,72.90,12,419,29586.00,
526947,LA-OPALA RG ,A ,Q,290.15,303.55,290.15,301.40,298.25,297.70,806,10486,3137583.00,
526951,GOLDEN LAMIN,B ,Q,1044.65,1054.30,1022.95,1045.55,1045.50,1037.65,425,1445,1505597.00,
526953,VENUS REMEDI,B ,Q,496.00,514.20,495.00,498.75,497.00,492.30,1758,25009,12625984.00,
526961,TRANS FINANC,XT,Q,18.80,18.90,18.80,18.90,18.90,18.95,2,2,37.00,
526965,GUJ.CRAFT IN,X ,Q,80.80,80.80,77.05,79.35,79.85,77.95,47,11972,944082.00,
526971,DHOOT I.FIN.,X ,Q,92.40,93.05,89.00,93.05,93.05,88.65,122,11083,1018568.00,
526981,SHBAJRG     ,X ,Q,263.90,263.90,251.25,259.20,259.40,254.70,119,3035,777998.00,
526987,URJA GLOBAL ,B ,Q,6.10,6.25,6.10,6.18,6.18,6.16,2156,860408,5312241.00,
527001,ASHAPURA LTD,T ,Q,142.00,147.00,138.55,141.30,141.30,145.80,205,30405,4304973.00,
527005,SH.PACETRON.,XT,Q,13.35,13.35,12.75,13.35,13.35,13.35,8,1000,12870.00,
530001,GUJ.ALKALI  ,A ,Q,450.20,474.60,449.10,464.25,464.25,449.90,1485,36044,16640269.00,
530005,INDIA CEM.  ,A ,Q,182.00,185.30,181.10,182.00,182.00,182.75,1118,101428,18570168.00,
530007,JK TYRE IND ,A ,Q,154.00,156.25,153.00,154.05,154.05,152.85,2346,111912,17305843.00,
530011,MANGLR.CHEM ,B ,Q,74.75,76.05,74.00,74.75,74.85,74.40,564,54915,4134289.00,
530017,STD.INDUST. ,T ,Q,14.46,15.19,14.46,15.19,15.19,15.10,9,1701,25375.00,
530019,JUBLPHARMA  ,A ,Q,644.80,644.80,629.10,631.00,631.00,638.70,1338,17203,10886673.00,
530023,THEINVEST   ,B ,Q,120.60,122.90,120.10,120.60,122.90,119.45,42,1960,238392.00,
530037,SREE JAYA.AU,XT,Q,3.43,3.43,3.43,3.43,3.43,3.27,1,1,3.00,
530043,ACKNIT IND  ,X ,Q,114.55,114.55,110.00,110.85,110.60,112.65,48,1954,217605.00,
530045,TITAN SECUR.,XT,Q,17.00,17.30,16.25,17.00,16.90,16.85,116,13483,229139.00,
530047,MOHOTAIND   ,T ,Q,9.00,9.03,9.00,9.03,9.03,8.60,15,2650,23913.00,
530053,REALECO     ,XT,Q,8.05,8.05,8.05,8.05,8.05,8.05,2,766,6166.00,
530057,VIVANZA     ,XT,Q,103.50,108.00,103.50,108.00,108.00,103.50,2,5,522.00,
530063,YASRAJ CONT.,X ,Q,4.48,4.48,4.00,4.00,4.00,4.39,16,3350,14006.00,
530065,LORDSHOTL   ,XT,Q,5.45,5.45,5.45,5.45,5.45,5.22,5,189,1030.00,
530067,CSLFINANCE  ,X ,Q,119.70,119.70,114.50,116.05,117.25,114.50,115,5221,602985.00,
530073,SANGHVI MOVE,B ,Q,179.10,180.55,177.45,178.40,179.15,180.25,317,5424,971573.00,
530075,SELAN EXPLOR,B ,Q,146.00,157.90,143.80,149.80,149.50,146.20,1788,51396,7863113.00,
530077,FRESHTROP FR,X ,Q,107.30,110.70,107.30,108.25,108.25,108.25,130,10859,1183021.00,
530079,FAZE THREE L,X ,Q,291.50,309.55,289.90,309.55,309.55,281.45,788,163699,50501744.00,
530109,ANUPAM      ,X ,Q,14.38,14.38,13.02,13.02,13.02,13.70,108,30326,396162.00,
530111,RAJ PACKAGIN,XT,Q,31.65,31.65,30.95,30.95,30.95,31.00,5,89,2797.00,
530117,PRIVISCL    ,A ,Q,1665.05,1804.90,1650.25,1793.40,1804.00,1668.25,2371,18594,32589316.00,
530119,NATRAJ PROTE,XT,Q,88.10,91.80,85.05,88.20,88.50,88.05,61,3457,305628.00,
530125,SAMRAT PHARM,X ,Q,201.05,206.50,201.00,202.75,201.90,202.35,95,1155,234705.00,
530127,NPR FINANCE ,X ,Q,14.01,14.01,13.25,14.00,14.00,13.41,8,140,1946.00,
530129,NILE LTD.   ,X ,Q,540.00,546.70,535.10,539.05,539.05,542.20,95,2470,1330812.00,
530131,UDAIPUR CEME,X ,Q,39.85,40.35,39.85,40.05,40.05,40.35,1869,296304,11874100.00,
530133,AMCO INDIA L,X ,Q,42.00,44.55,41.05,43.45,43.45,44.60,19,525,22326.00,
530135,OPTIEMUS    ,T ,Q,266.60,266.60,266.60,266.60,266.60,253.95,59,7517,2004032.00,
530141,GYAN DEVELOP,X ,Q,3.23,3.23,3.23,3.23,3.23,3.08,4,144,465.00,
530145,KISAN MOULD.,XT,Q,17.15,18.15,16.70,18.15,18.15,17.30,169,119331,2159560.00,
530151,VIJAY TEXTIL,X ,Q,46.95,46.95,44.70,45.15,44.80,45.45,113,8018,365690.00,
530163,KERALA AYUR ,X ,Q,63.60,67.80,63.60,66.00,66.00,65.00,63,10526,696287.00,
530167,MOONGIPA CAP,XT,Q,11.20,11.67,11.20,11.20,11.20,11.12,11,2258,25303.00,
530169,MOHIT PAPER ,XT,Q,9.75,9.75,9.75,9.75,9.75,9.75,2,105,1023.00,
530171,DAULAT SEC. ,X ,Q,21.70,21.70,21.70,21.70,21.70,22.80,22,2113,45852.00,
530173,OSCAR GLOBAL,XT,Q,5.01,5.01,5.01,5.01,5.01,4.78,4,4150,20791.00,
530175,ODYSSEY TECH,X ,Q,47.50,49.00,47.35,48.20,48.20,48.10,36,1767,84917.00,
530179,RSC INT     ,XT,Q,3.92,3.92,3.74,3.74,3.74,3.74,2,30,112.00,
530185,SURAT TEXT. ,X ,Q,9.97,9.98,9.90,9.98,9.98,9.51,824,367516,3666076.00,
530187,ATHARV ENT  ,XT,Q,1.80,1.80,1.65,1.65,1.65,1.73,75,18808,31304.00,
530197,FUNDVISER   ,XT,Q,28.45,28.45,28.45,28.45,28.45,29.90,16,952,27084.00,
530199,THEMIS MEDIC,T ,Q,1032.55,1037.95,985.00,1013.80,1015.00,1032.55,141,2104,2116643.00,
530201,KALLAM      ,XT,Q,17.35,17.95,16.50,17.75,17.80,17.10,104,21371,378181.00,
530207,BRAWN BIO   ,XT,Q,21.00,21.00,20.00,20.00,21.00,21.00,22,1632,33124.00,
530213,FORTUNE INT.,XT,Q,38.45,38.45,38.45,38.45,38.45,36.65,11,489,18802.00,
530215,KINGSINFRA  ,X ,Q,32.40,32.75,31.80,32.30,32.30,31.50,151,43528,1400990.00,
530231,SUBHASH SILK,XT,Q,13.91,13.91,12.62,12.62,12.62,13.25,15,1232,16891.00,
530233,AURO LAB.   ,XT,Q,124.10,129.50,123.05,125.60,128.75,126.65,121,4115,518845.00,
530235,KJMC FIN.   ,XT,Q,30.00,30.00,29.00,29.00,29.00,28.60,9,323,9527.00,
530239,SUVEN LIFE S,A ,Q,85.50,86.60,84.35,84.95,84.95,84.25,1036,61779,5269320.00,
530249,BRIDGE SECUR,XT,Q,45.15,45.15,45.15,45.15,45.15,47.50,10,224,10113.00,
530253,RAJ.TUBE MFG,X ,Q,12.33,12.33,12.33,12.33,12.33,12.37,1,1,12.00,
530255,KAY POW PAP ,XT,Q,3.02,3.15,3.02,3.15,3.15,3.00,32,10557,33226.00,
530259,INTER ST.OIL,XT,Q,17.60,18.00,16.75,18.00,18.00,17.60,8,574,10209.00,
530263,GLOBAL CAP. ,Z ,Q,3.69,3.69,3.51,3.51,3.51,3.69,4,226,811.00,
530265,SAINIK FIN. ,X ,Q,18.35,18.35,18.35,18.35,18.35,18.35,1,1,18.00,
530267,SABOO BROS. ,XT,Q,15.25,15.26,15.25,15.26,15.26,14.54,4,206,3143.00,
530289,SP CAPITAL  ,X ,Q,20.35,21.50,20.35,20.70,20.70,21.40,28,1164,24270.00,
530291,PAOS        ,X ,Q,8.99,8.99,8.99,8.99,8.99,9.46,1,500,4495.00,
530299,KOTHARI PROD,T ,Q,99.95,99.95,98.00,99.70,99.70,97.60,12,539,53311.00,
530305,PICCADILY AG,X ,Q,20.50,20.50,19.70,19.95,19.95,19.80,349,53898,1079542.00,
530307,CHAMANLAL SE,B ,Q,120.30,122.00,117.25,118.30,118.00,120.30,568,18318,2183196.00,
530309,CHANDRA PRAB,XT,Q,147.10,153.00,147.10,150.85,150.30,151.80,94,5014,750610.00,
530313,KIMIABL     ,X ,Q,44.50,44.50,41.05,42.50,42.95,42.50,45,3964,167051.00,
530315,HIND.TIN WRK,X ,Q,118.85,125.90,118.85,123.35,124.80,122.45,513,43287,5275162.00,
530317,GODAVARI DRU,X ,Q,76.20,78.00,73.80,76.10,76.05,75.95,286,29394,2236188.00,
530331,PREMCO GLOB.,X ,Q,494.00,494.00,460.05,483.65,481.75,466.80,59,1973,950390.00,
530341,MUKESH BABU ,X ,Q,135.00,142.70,131.10,136.95,139.50,137.25,10,85,11468.00,
530343,GENUS POWER ,B ,Q,67.00,67.00,63.75,64.10,64.40,64.55,819,117244,7557519.00,
530355,ASIANENE    ,X ,Q,138.50,148.40,138.50,143.70,143.70,139.65,848,97176,14120196.00,
530357,KBS INDIA   ,X ,Q,5.05,5.05,5.05,5.05,5.05,5.31,22,992,5009.00,
530363,UGAR SUGAR  ,B ,Q,27.50,27.50,26.50,27.10,27.00,27.20,177,11836,319830.00,
530365,ORIENTBELL  ,B ,Q,335.20,344.90,327.70,342.30,344.80,335.50,254,1965,659062.00,
530367,NRB BEARINGS,A ,Q,132.25,143.65,132.25,140.60,140.60,132.75,3137,156156,21924931.00,
530369,VAMSHI RUBB.,X ,Q,18.35,19.25,17.60,19.25,19.25,18.35,11,5652,107914.00,
530377,NILA INFRA. ,B ,Q,5.45,5.60,5.25,5.45,5.45,5.44,136,169975,931414.00,
530393,DB INT.ST.BR,T ,Q,19.05,21.05,19.05,20.80,20.80,20.05,53,5362,103499.00,
530401,VINYOFLEX LT,XT,Q,26.45,26.45,24.05,26.00,26.00,25.20,11,1553,40437.00,
530405,JINDAL CAP. ,X ,Q,16.20,16.20,15.80,15.80,15.80,15.50,15,3163,50175.00,
530407,EPIC ENERGY ,X ,Q,4.44,4.44,4.22,4.22,4.22,4.44,9,1574,6799.00,
530419,SUMEDHA FISC,X ,Q,28.80,29.00,27.70,28.35,28.30,28.80,45,2121,59900.00,
530421,KUWER INDS. ,XT,Q,6.69,6.69,6.69,6.69,6.69,6.38,5,1144,7653.00,
530427,CHOKSI IMAG ,X ,Q,28.55,29.00,27.75,28.00,28.15,28.15,173,23788,669573.00,
530429,ASHISH POLY.,X ,Q,11.69,11.79,11.66,11.79,11.79,11.00,9,112,1309.00,
530431,ADOR FONTECH,X ,Q,69.05,69.95,68.70,69.00,69.20,69.50,178,27876,1927795.00,
530433,SHIVA FERT. ,XT,Q,60.00,63.20,60.00,63.20,63.20,60.20,136,22411,1407923.00,
530439,SIDDHA VEN  ,XT,Q,2.70,2.70,2.60,2.60,2.60,2.70,38,3353,9037.00,
530445,SUMERU IND  ,XT,Q,1.19,1.19,1.19,1.19,1.19,1.25,11,1682,2001.00,
530449,RUNGTA IRRIG,XT,Q,21.00,21.00,21.00,21.00,21.00,21.50,1,1,21.00,
530459,VALSON INDUS,X ,Q,18.30,19.80,18.30,19.20,19.30,18.90,45,2936,56598.00,
530461,SABOO SODIUM,XT,Q,19.85,19.90,18.45,19.00,19.10,19.10,247,60113,1148538.00,
530475,TINNARUBR   ,X ,Q,90.00,92.00,85.85,88.10,88.00,88.50,36,3862,342262.00,
530477,VIKRAM THERM,X ,Q,203.25,209.00,203.25,205.05,205.00,208.35,71,1654,338784.00,
530495,STRATMONT   ,Z ,Q,30.60,30.60,30.60,30.60,30.60,29.15,14,5017,153520.00,
530499,A.K.CAPITAL ,X ,Q,463.25,474.75,455.15,458.05,457.00,458.50,41,592,272030.00,
530517,RELAXO FOOT.,A ,Q,1188.65,1190.00,1176.00,1180.10,1180.10,1181.30,3199,16229,19203486.00,
530521,VIRAT INDUS.,X ,Q,44.00,44.00,42.70,43.50,43.90,42.65,9,165,7177.00,
530525,SHEETAL DIAM,XT,Q,7.59,7.59,7.59,7.59,7.59,7.23,16,8109,61547.00,
530533,TERAI TEA CO,X ,Q,53.90,53.90,51.00,53.15,53.00,52.20,26,890,46194.00,
530545,COSCO INDIA ,X ,Q,156.00,159.90,151.80,153.40,156.00,150.55,86,2229,345852.00,
530549,SHILPA MEDIC,A ,Q,610.25,616.15,607.10,609.55,608.95,617.20,1139,22145,13516722.00,
530555,PARAMOUNT CO,T ,Q,13.80,14.03,13.20,13.47,13.47,13.84,250,46772,627685.00,
530557,NCL RESEARCH,XT,Q,1.15,1.21,1.11,1.21,1.21,1.16,380,364519,439878.00,
530565,ARCHANA SOFT,X ,Q,3.00,3.04,2.76,3.04,3.04,2.90,9,130,369.00,
530571,EXPLICIT FIN,XT,Q,3.59,3.59,3.59,3.59,3.59,3.59,1,10,35.00,
530577,LADDERUP FIN,X ,Q,23.95,23.95,22.50,23.60,23.60,22.70,19,3072,72698.00,
530579,UYFINCORP   ,X ,Q,18.96,18.96,18.96,18.96,18.96,18.06,111,283783,5380525.00,
530581,EKAM LEASING,X ,Q,5.00,5.00,5.00,5.00,5.00,5.12,2,499,2495.00,
530585,SWASTIK INV ,X ,Q,137.10,137.10,128.00,132.20,131.25,137.00,76,1386,183330.00,
530589,PRIMA PLASTI,X ,Q,120.10,129.25,120.10,127.60,128.25,121.75,274,22632,2838168.00,
530595,TELECANOR   ,XT,Q,8.50,8.50,8.50,8.50,8.50,8.50,2,39,331.00,
530609,CARNATION IN,X ,Q,5.56,5.56,5.56,5.56,5.56,5.85,7,701,3897.00,
530615,GARG FURNACE,XT,Q,20.00,20.00,19.95,19.95,19.95,21.00,4,385,7688.00,
530617,SAMPRE NUTRI,XT,Q,16.15,16.15,16.10,16.10,16.10,16.50,3,100,1610.00,
530621,AAIL        ,X ,Q,25.50,26.15,24.40,24.75,24.40,25.45,26,2481,62265.00,
530627,VIPULORG    ,X ,Q,167.50,180.10,167.50,179.45,177.10,170.90,165,11145,1961545.00,
530643,ECORECO     ,XT,Q,74.50,74.90,72.00,72.55,74.00,73.80,165,7184,523325.00,
530655,GOODLUCK    ,B ,Q,304.55,315.50,299.45,305.45,307.80,307.85,967,23308,7169682.00,
530663,GOYAL ASSO. ,XT,Q,4.16,4.18,3.82,4.18,4.18,3.99,26,15920,65682.00,
530665,ZENITH HEALT,XT,Q,7.00,7.19,6.85,7.12,7.15,6.99,351,116062,821701.00,
530675,YORK EXPORTS,XT,Q,27.10,27.10,27.10,27.10,27.10,25.85,7,585,15853.00,
530677,SUPREME HO  ,X ,Q,19.30,19.30,18.60,19.10,19.10,19.30,58,3016,56901.00,
530695,PRIME PROP  ,X ,Q,13.61,14.30,13.23,14.12,14.30,14.00,44,8168,112590.00,
530697,ZENLABS     ,X ,Q,36.50,37.70,35.00,37.10,37.40,37.40,64,13636,495217.00,
530699,RAJRAYON    ,Z ,Q,0.29,0.29,0.29,0.29,0.29,0.30,2,6001,1740.00,
530709,GOWRA LEASNG,XT,Q,22.70,24.95,22.70,24.75,24.75,23.85,24,3388,77492.00,
530711,JAGAN LAMPS ,X ,Q,51.50,51.75,50.05,51.55,51.55,50.55,62,1963,100416.00,
530713,AJEL        ,Z ,Q,3.15,3.15,3.15,3.15,3.15,3.15,5,153,481.00,
530715,ALPS INDS.  ,T ,Q,2.03,2.03,1.90,1.91,1.95,1.95,37,38326,76223.00,
530723,ASIT C FIN  ,X ,Q,81.00,81.00,80.75,80.75,80.75,85.00,3,105,8485.00,
530733,NOVAPUBLIC  ,X ,Q,22.35,22.35,22.35,22.35,22.35,23.50,2,75,1676.00,
530741,OVOBEL FOODS,P ,Q,28.00,28.00,27.55,27.55,27.55,29.00,8,900,24840.00,
530747,INDO ASN.FIN,XT,Q,7.27,8.00,7.27,8.00,8.00,7.65,11,6376,46791.00,
530755,CORAL NEWSPR,XT,Q,3.41,3.58,3.41,3.41,3.41,3.41,15,2341,8054.00,
530759,STERL.TOOLS ,B ,Q,204.00,204.45,198.50,201.00,201.65,200.85,553,9409,1895666.00,
530765,DEVKI LEAS. ,X ,Q,2.40,2.40,2.40,2.40,2.40,2.29,2,1067,2560.00,
530771,KLG CAPITAL ,XT,Q,9.00,9.00,9.00,9.00,9.00,9.00,1,10,90.00,
530777,INFRA INDUS.,Z ,Q,6.00,6.00,6.00,6.00,6.00,6.19,4,1052,6312.00,
530779,DYNAMIC PORT,X ,Q,6.26,6.26,5.97,6.26,6.26,5.97,24,5590,34884.00,
530783,TRANS ASIAC ,XT,Q,3.88,3.88,3.88,3.88,3.88,3.70,1,1,3.00,
530787,INLAND PRINT,X ,Q,19.10,21.05,19.05,19.05,21.05,20.05,48,165091,3146385.00,
530789,CEEJAY FINAN,X ,Q,111.00,114.95,104.00,109.65,106.05,109.60,25,861,95569.00,
530795,SUNCITY SYNT,XT,Q,7.91,7.91,7.91,7.91,7.91,8.32,1,25,197.00,
530797,SHREE GANES.,XT,Q,26.80,26.80,26.80,26.80,26.80,28.20,8,234,6271.00,
530799,ANNA INFRA  ,X ,Q,8.46,8.47,8.46,8.47,8.47,8.07,4,333,2817.00,
530803,BHAGIL      ,B ,Q,246.00,252.50,243.80,245.90,246.25,247.75,378,8059,2009389.00,
530805,OIVL        ,X ,Q,11.65,11.65,11.65,11.65,11.65,11.65,4,8,93.00,
530809,BNR UDYOG   ,X ,Q,16.50,16.70,16.50,16.70,16.70,15.80,6,940,15694.00,
530813,KRBL LTD.   ,A ,Q,260.95,261.00,254.90,257.65,256.00,257.90,1764,81082,20836257.00,
530815,REFNOL RESIN,X ,Q,27.05,29.70,27.05,29.70,29.70,27.75,26,2207,61867.00,
530821,SSPDL LTD   ,X ,Q,15.35,15.90,15.35,15.90,15.90,16.00,8,391,6173.00,
530825,DAIKAFFIL CH,X ,Q,30.05,32.25,29.35,29.80,29.80,30.60,50,7438,223547.00,
530829,CIL SECURITS,X ,Q,17.95,17.95,17.15,17.30,17.30,17.00,39,1990,34906.00,
530839,CLIO INFOTEC,XT,Q,1.88,1.89,1.80,1.89,1.89,1.80,17,2457,4541.00,
530843,CUPID LTD   ,B ,Q,225.50,232.25,225.50,229.45,229.45,227.95,1915,15232,3502354.00,
530845,SUNSHIELD CH,X ,Q,317.00,317.00,307.05,309.65,309.65,315.05,217,12057,3741150.00,
530853,HIPOLIN LTD.,XT,Q,40.30,40.30,40.30,40.30,40.30,38.95,2,200,8060.00,
530871,CHEMBOND CHM,B ,Q,221.75,224.75,220.00,221.85,223.20,219.65,80,900,199252.00,
530879,CIFL        ,X ,Q,121.40,121.40,118.80,120.20,120.00,118.75,17,242,29053.00,
530881,ABVL        ,XT,Q,20.20,20.20,20.20,20.20,20.20,19.25,5,251,5070.00,
530883,SUPER CROP. ,X ,Q,7.24,7.24,6.91,6.97,6.97,7.03,90,22308,155017.00,
530889,ALKA INDIA  ,Z ,Q,0.54,0.55,0.51,0.53,0.53,0.53,478,492104,259544.00,
530897,N.G.IND.LTD.,X ,Q,50.10,58.90,50.10,54.70,53.20,50.05,30,2900,158555.00,
530915,J.R.FOODS   ,XT,Q,3.96,3.99,3.96,3.99,3.99,3.80,8,1709,6775.00,
530919,REMSONS IND.,T ,Q,213.70,213.70,205.05,209.50,209.50,213.75,11,313,65542.00,
530925,RAMSONS PROJ,XT,Q,16.69,16.69,15.11,15.11,15.11,15.90,7,51,848.00,
530943,SRI ADHIKARI,T ,Q,1.41,1.41,1.40,1.40,1.40,1.47,12,5024,7038.00,
530951,RAMINFO     ,X ,Q,60.70,62.50,57.40,62.15,62.15,58.55,228,44196,2673658.00,
530953,SUNIL AGRO F,X ,Q,46.50,51.00,46.50,47.40,47.30,51.00,25,1424,68012.00,
530959,DIANA TEA CO,X ,Q,24.00,25.95,24.00,25.15,25.45,24.45,94,24993,629854.00,
530961,VIKASECO    ,B ,Q,2.15,2.17,2.13,2.14,2.14,2.13,257,1395696,2995251.00,
530965,INDIAN OIL  ,A ,Q,112.80,114.65,112.45,112.80,112.80,112.50,7031,1113531,126387758.00,
530973,ALFA ICA (I),XT,Q,34.85,36.50,34.85,36.50,36.50,34.80,3,215,7517.00,
530977,SKCIL       ,X ,Q,61.00,62.50,57.95,57.95,57.95,61.00,54,13554,798530.00,
530979,INDIA HOME  ,X ,Q,40.95,41.25,40.00,40.60,40.95,40.95,40,1738,70242.00,
530985,JPT SECUR.  ,XT,Q,12.12,12.12,10.98,10.98,10.98,11.55,16,638,7249.00,
530991,ROOPA INDUS ,X ,Q,15.02,15.02,14.51,15.00,15.00,14.95,11,7490,109902.00,
530997,UNIQUE ORGAN,X ,Q,15.25,15.79,15.00,15.00,15.00,15.80,7,704,10626.00,
530999,BALAJI AMINE,A ,Q,4240.35,4374.45,4215.00,4313.80,4325.00,4240.35,1174,5337,23052299.00,
531017,ARIHANT SEC.,X ,Q,10.49,10.49,10.40,10.40,10.40,10.62,2,51,534.00,
531025,VISAGAR FIN ,XT,Q,1.60,1.62,1.49,1.62,1.62,1.55,190,161572,257653.00,
531027,LIBORD SEC  ,X ,Q,10.65,10.65,10.00,10.00,10.00,10.15,4,162,1635.00,
531041,COMPETENT AU,X ,Q,217.00,217.00,207.10,208.00,207.90,212.95,28,324,68092.00,
531049,NEELKANTH RO,Z ,Q,9.70,9.70,9.70,9.70,9.70,9.70,3,25,242.00,
531051,VINTAGE SECU,X ,Q,6.43,6.43,6.43,6.43,6.43,6.43,1,1,6.00,
531067,CONTIL I LTD,XT,Q,19.00,19.95,19.00,19.95,19.95,19.00,10,1053,20174.00,
531069,VIJAY SOLVEX,XT,Q,2618.00,2709.55,2451.55,2603.50,2603.50,2580.55,1067,6912,18416470.00,
531080,SHRI KRISH  ,X ,Q,14.60,14.95,14.50,14.60,14.80,14.90,15,2462,35852.00,
531082,ALANKIT     ,B ,Q,15.10,15.50,15.10,15.35,15.35,15.30,402,56170,862029.00,
531083,NIHAR INFO  ,XT,Q,8.15,8.15,7.40,7.76,7.76,7.77,38,14789,109935.00,
531091,UNITED CRED.,X ,Q,15.38,15.38,15.38,15.38,15.38,15.38,3,7,107.00,
531092,OMINFRAL    ,B ,Q,27.55,28.90,27.55,28.40,28.40,28.15,147,8215,233243.00,
531109,ISHAN DYES  ,X ,Q,92.40,97.00,90.00,95.35,95.35,92.40,640,128230,12156999.00,
531111,GOTHI PLASCO,P ,Q,22.00,22.00,22.00,22.00,22.00,22.00,3,300,6600.00,
531112,BALUFORGE   ,XT,Q,260.00,260.50,258.50,258.50,258.50,258.40,17,1036,269723.00,
531120,PATEL ENGG. ,A ,Q,16.05,16.35,15.95,16.05,16.10,16.05,601,285688,4593715.00,
531129,INANI MARBLE,X ,Q,23.55,23.55,22.50,23.10,23.15,23.05,49,4063,93040.00,
531137,GEMSTONE INV,X ,Q,1.55,1.55,1.47,1.50,1.51,1.48,142,157138,238274.00,
531146,MEDICAMEN BI,X ,Q,640.00,640.00,625.00,628.10,625.25,640.00,124,2307,1458459.00,
531147,ALICON      ,B ,Q,825.00,832.05,808.45,810.90,810.00,823.70,534,4022,3273549.00,
531153,DILIGENT    ,XT,Q,15.00,15.00,15.00,15.00,15.00,15.00,3,12,180.00,
531155,EPSOM PRO   ,X ,Q,3.66,3.84,3.66,3.84,3.84,3.66,3,2579,9889.00,
531156,ALFAVISON.OV,X ,Q,38.85,38.85,38.85,38.85,38.85,38.65,1,10,388.00,
531158,CATVISION   ,XT,Q,11.25,11.25,10.74,11.20,11.20,11.30,14,1493,16110.00,
531161,ABM KNOWLEDG,X ,Q,129.60,129.60,122.80,123.30,124.90,124.50,69,3770,468482.00,
531162,EMAMI LTD.  ,A ,Q,577.00,606.05,574.05,591.95,591.95,581.75,1132,17692,10296972.00,
531163,KEMISTAR    ,X ,Q,43.90,43.90,38.50,41.95,41.95,41.80,44,3784,154076.00,
531172,PRANAV.SPIN ,X ,Q,29.00,29.00,26.40,27.60,27.85,27.75,29,4862,132512.00,
531173,SYSCHEM (I) ,XT,Q,8.00,8.20,7.81,8.20,8.20,7.91,28,5957,48267.00,
531176,MEFCOM CAPIT,X ,Q,11.90,12.15,11.90,12.15,12.15,12.10,4,912,11030.00,
531179,ARMAN FIN   ,A ,Q,964.95,968.10,905.00,907.95,907.95,962.15,1297,9275,8636429.00,
531192,MIDINFRA    ,Z ,Q,1.30,1.31,1.19,1.19,1.19,1.25,40,7892,9488.00,
531196,GAGAN POLYCO,XT,Q,1.94,1.94,1.82,1.84,1.84,1.86,11,1724,3228.00,
531201,SHILCHAR TEC,X ,Q,204.90,205.90,200.00,201.50,203.00,200.80,20,916,184722.00,
531205,KANSAL FIBRE,P ,Q,9.50,9.50,9.50,9.50,9.50,10.00,5,2700,25650.00,
531209,NUCLE.SOFT E,A ,Q,539.00,540.00,530.00,534.25,534.10,538.50,890,5615,3001560.00,
531210,COLINZ LABOR,XT,Q,18.05,18.05,17.20,17.25,17.25,17.20,12,862,15132.00,
531212,NLFL        ,X ,Q,28.35,28.35,28.00,28.20,28.00,28.15,4,37,1043.00,
531213,MANAP FIN   ,A ,Q,165.75,165.75,162.80,165.00,165.00,164.75,1029,91448,15017509.00,
531215,RTS POWER CO,X ,Q,60.20,68.40,60.20,64.65,64.20,62.25,152,20062,1293864.00,
531216,COMFORT INTE,XT,Q,18.20,19.90,18.20,19.00,19.00,19.00,59,20130,379389.00,
531221,MAYUR FLOOR.,XT,Q,4.79,4.79,4.79,4.79,4.79,4.79,1,1,4.00,
531223,ANJANI SYNT.,X ,Q,25.00,27.25,25.00,25.20,25.20,25.95,29,4079,103762.00,
531225,XTGLOBAL    ,X ,Q,38.20,38.95,38.15,38.60,38.95,37.95,71,10157,391122.00,
531227,DECO-MICA   ,P ,Q,23.00,23.00,23.00,23.00,23.00,23.00,1,100,2300.00,
531228,RANDER CORP.,X ,Q,3.55,3.55,3.55,3.55,3.55,3.49,2,2000,7100.00,
531233,RASI ELECTRO,X ,Q,5.70,5.70,5.38,5.39,5.39,5.48,35,8185,44557.00,
531234,VICTORY PAPR,XT,Q,195.70,203.95,186.40,186.40,186.40,196.20,66,2853,536153.00,
531235,CITI PORT FN,XT,Q,16.25,16.25,16.25,16.25,16.25,15.75,6,27,438.00,
531237,DHRUVA CAP. ,X ,Q,6.68,6.68,6.68,6.68,6.68,7.03,1,50,334.00,
531241,LINC PEN &PL,B ,Q,215.05,221.00,202.00,213.00,213.00,219.35,27,742,157608.00,
531246,PRIMA IND.  ,XT,Q,21.45,22.00,21.45,22.00,22.00,21.00,8,282,6080.00,
531252,ANERI       ,X ,Q,3.28,3.28,3.28,3.28,3.28,3.28,3,100,328.00,
531253,INDIA GELAT.,X ,Q,123.90,123.90,118.10,120.80,122.45,120.65,77,3081,371805.00,
531255,PARAGON FIN.,X ,Q,19.85,19.85,15.25,19.00,19.00,17.50,15,268,4747.00,
531257,PRATIKSHA CH,X ,Q,20.10,20.10,18.20,18.20,18.20,19.15,209,47107,877015.00,
531260,SUNEDISON   ,X ,Q,51.35,51.35,47.15,51.00,51.00,48.95,12,976,50094.00,
531266,VST TILLERS ,A ,Q,2821.15,2821.15,2745.00,2753.40,2758.00,2839.95,823,4461,12342844.00,
531268,B2B SOFT.   ,XT,Q,30.15,32.60,30.15,31.00,31.45,31.70,148,9979,307502.00,
531272,NIKKI GLOBAL,X ,Q,4.65,4.65,4.65,4.65,4.65,4.69,3,520,2418.00,
531273,RADHE DEVLOP,XT,Q,27.55,27.55,27.55,27.55,27.55,26.25,34,7337,202134.00,
531278,ELIXIR      ,XT,Q,43.65,43.65,42.10,42.95,42.95,41.60,9,418,17881.00,
531279,TRISHAKTI EL,X ,Q,25.30,25.35,25.30,25.35,25.35,24.15,13,1088,27580.00,
531280,PANKAJ POLY.,X ,Q,3.46,3.46,3.46,3.46,3.46,3.60,1,85,294.00,
531281,P.G.IND.LTD.,XT,Q,5.40,5.67,5.15,5.50,5.59,5.42,49,15936,87623.00,
531287,NAT PLASTIC ,X ,Q,69.80,71.40,65.20,68.75,70.40,69.80,54,4486,309580.00,
531289,NATFIT      ,X ,Q,54.90,54.90,52.50,54.55,54.55,54.10,26,2294,123916.00,
531297,ARTEFACT PR ,X ,Q,42.90,45.00,42.00,42.90,42.90,42.10,45,12243,534091.00,
531300,AMIT INTNL. ,XT,Q,3.77,3.77,3.77,3.77,3.77,3.77,3,6600,24882.00,
531301,HIGH STREET ,X ,Q,10.10,10.10,10.10,10.10,10.10,10.57,1,375,3787.00,
531306,DHP INDIA LT,X ,Q,627.10,647.00,605.00,631.60,631.60,632.70,179,3407,2129696.00,
531307,RRIL        ,X ,Q,12.01,12.55,12.00,12.10,12.10,12.00,63,10794,131537.00,
531310,AVAILABLE FI,XT,Q,82.50,83.95,76.95,82.10,83.90,80.95,95,6185,500475.00,
531314,INTEGRA CAP.,X ,Q,15.00,15.05,15.00,15.05,15.05,14.93,3,23,345.00,
531319,MARUTI SEC. ,XT,Q,4.07,4.07,4.07,4.07,4.07,4.28,1,6,24.00,
531322,HAVISHA     ,T ,Q,1.38,1.40,1.32,1.35,1.35,1.38,47,14961,19972.00,
531324,ROSELABS FIN,X ,Q,26.70,26.75,24.25,24.65,26.75,25.50,9,351,8645.00,
531327,CHARMS INDUS,X ,Q,2.10,2.20,2.00,2.20,2.20,2.10,6,106,216.00,
531328,KRETTOSYS   ,XT,Q,5.50,5.50,5.00,5.50,5.50,5.26,10,1009,5421.00,
531334,VIKALP SEC. ,XT,Q,7.29,7.29,7.29,7.29,7.29,7.67,1,1,7.00,
531335,ZYDUS WELL  ,A ,Q,2317.65,2390.00,2317.65,2365.85,2365.85,2340.90,433,1172,2752608.00,
531337,JUMPNET     ,B ,Q,9.35,9.35,8.90,9.00,9.00,9.15,125,33080,298803.00,
531340,BERVIN INV. ,XT,Q,23.55,23.55,21.35,22.85,22.85,22.45,9,552,11903.00,
531341,GUJ.INVESTA ,XT,Q,4.94,4.94,4.94,4.94,4.94,5.20,6,453,2237.00,
531344,CONTAIN.CORP,A ,Q,729.00,752.70,727.70,742.85,742.85,735.85,5038,152397,113133295.00,
531346,EASTERN TRED,X ,Q,42.00,44.95,42.00,44.60,44.80,43.95,17,463,20371.00,
531349,PANACEA BIOT,A ,Q,307.00,311.55,294.00,296.95,296.95,308.75,926,9481,2863929.00,
531352,PEETI SECURT,XT,Q,14.90,15.15,13.90,13.90,13.90,14.60,30,2308,32149.00,
531357,MERCURY META,XT,Q,1.80,1.80,1.80,1.80,1.80,1.85,1,100,180.00,
531358,CHOICE INT. ,X ,Q,144.00,144.00,137.70,140.05,140.00,141.05,78,5027,707377.00,
531359,SHRIRAM ASSE,X ,Q,92.10,100.00,92.10,97.70,100.00,99.40,18,1246,122945.00,
531360,GOLECHA GLOB,X ,Q,9.22,9.22,9.22,9.22,9.22,9.70,1,250,2305.00,
531364,PARAMONE    ,X ,Q,24.90,26.50,23.15,23.45,25.90,23.80,60,7271,183308.00,
531373,BYKE HOSP   ,B ,Q,26.90,27.60,26.90,27.60,27.60,26.90,45,3515,96089.00,
531380,CENTENIAL SU,X ,Q,56.90,57.15,49.10,54.00,54.00,52.95,14,271,14455.00,
531381,ARIHANT FOUN,B ,Q,25.35,26.70,25.35,26.45,26.70,24.35,74,7182,187843.00,
531390,UPSURGE INV.,X ,Q,29.00,30.85,28.20,29.50,30.35,29.65,26,1538,46211.00,
531396,WOMEN NETWOR,XT,Q,2.73,2.73,2.65,2.65,2.65,2.60,10,1530,4152.00,
531398,SOURCENTRL  ,X ,Q,155.00,155.00,139.00,142.00,142.00,141.60,45,771,109311.00,
531400,ALMONDZ GLO ,B ,Q,73.75,74.90,73.50,73.90,74.45,74.85,17,434,32119.00,
531402,LWS KNITWEAR,XT,Q,9.55,9.55,9.08,9.27,9.27,9.55,6,210,1946.00,
531409,ALCH CORP   ,XT,Q,10.85,11.08,10.10,11.08,11.08,10.56,17,5377,58266.00,
531411,TUNI TEXTILE,Z ,Q,1.40,1.41,1.29,1.34,1.37,1.35,663,624995,834862.00,
531412,RADIX IND   ,XT,Q,36.55,36.55,36.55,36.55,36.55,36.30,3,45,1644.00,
531413,KIRAN PRINT ,XT,Q,4.24,4.24,4.24,4.24,4.24,4.04,1,25,106.00,
531416,NARENDRA PRO,X ,Q,20.80,21.00,19.80,20.75,21.00,20.80,39,2344,47755.00,
531417,MEGA CORPN. ,XT,Q,1.40,1.42,1.33,1.34,1.40,1.39,223,72824,99547.00,
531426,TAMIL.NEWSPR,A ,Q,138.00,138.00,134.60,135.00,135.00,136.00,730,18783,2549026.00,
531431,SHAKTI PUMPS,B ,Q,709.00,729.15,709.00,717.45,718.70,724.45,814,5622,4059340.00,
531433,SUNGOLD CAP.,X ,Q,1.65,1.70,1.54,1.70,1.70,1.62,17,10199,17253.00,
531437,PWASML      ,X ,Q,37.95,39.25,36.20,38.40,39.00,37.40,65,10796,408118.00,
531439,GOLDSTONE EN,T ,Q,24.55,24.55,24.55,24.55,24.55,23.40,44,24597,603856.00,
531449,GRM OVERSEAS,XT,Q,999.00,1000.00,965.05,972.75,970.95,987.75,356,9843,9599603.00,
531453,MOHIT INDUS.,T ,Q,12.35,13.00,12.35,13.00,13.00,12.98,3,300,3770.00,
531454,POLYLINK POL,XT,Q,20.30,20.30,19.10,19.25,19.30,19.45,32,2187,42282.00,
531456,MINAXI TEXT.,XT,Q,1.02,1.03,0.95,1.03,1.03,0.99,1330,2184966,2184521.00,
531460,CONTI.CONTRL,XT,Q,3.96,3.96,3.96,3.96,3.96,3.78,4,900,3564.00,
531465,NOUVEAU     ,X ,Q,11.20,11.20,11.20,11.20,11.20,11.20,1,10,112.00,
531471,DUKE OFFSHOR,XT,Q,11.50,11.50,11.20,11.30,11.30,11.55,17,1022,11534.00,
531472,CYBELE IND  ,X ,Q,7.75,7.75,7.75,7.75,7.75,8.15,3,120,930.00,
531489,CG-VAK SOFTW,X ,Q,148.90,153.50,147.30,149.90,150.00,146.25,45,1745,260997.00,
531494,NAVKAR BUILD,XT,Q,47.00,47.40,45.60,47.35,47.35,45.15,115,98531,4647575.00,
531496,OMKAR OVERSE,XT,Q,1.90,1.90,1.90,1.90,1.90,1.99,1,25,47.00,
531497,MADHUCON PRJ,B ,Q,5.10,5.10,4.89,4.95,4.95,5.14,20,12712,62290.00,
531499,SYBLY INDS. ,XT,Q,6.42,6.42,5.84,5.89,6.08,6.12,32,7818,47387.00,
531500,RAJESH EXPO.,A ,Q,615.00,625.00,605.65,611.50,611.65,611.00,572,21285,13016329.00,
531502,ESAAR (I)LTD,X ,Q,2.90,2.90,2.90,2.90,2.90,2.95,21,6807,19740.00,
531503,MARIS SPIN. ,X ,Q,61.30,61.40,60.85,61.10,61.10,60.50,28,2450,149652.00,
531505,INDERGIRI FN,X ,Q,2.94,2.94,2.94,2.94,2.94,2.80,1,20,58.00,
531506,SHUKR BULL  ,XT,Q,8.71,8.71,8.71,8.71,8.71,8.71,1,1,8.00,
531508,EVEREADY (I),A ,Q,326.60,329.75,322.55,326.40,326.70,326.75,660,27575,8979555.00,
531509,STEP TWO COR,XT,Q,5.80,5.80,5.80,5.80,5.80,5.80,1,1,5.00,
531512,ORIENT TRADE,XT,Q,6.95,7.17,6.65,7.14,7.14,6.97,23,7440,52994.00,
531518,VIKASPROP   ,B ,Q,2.21,2.22,2.16,2.20,2.20,2.21,5435,452390,990773.00,
531525,ACE SOFTWARE,X ,Q,15.60,15.60,15.40,15.50,15.50,16.20,12,1647,25506.00,
531531,HATSUN AGRO ,A ,Q,1205.00,1238.50,1190.55,1225.80,1225.80,1198.10,1691,8755,10687950.00,
531533,E.COM INFOTE,XT,Q,13.00,13.36,12.70,12.70,12.70,13.36,8,1862,24458.00,
531539,RISHABH DIGH,XT,Q,22.30,22.30,22.30,22.30,22.30,23.40,1,200,4460.00,
531540,MARUTI INFRA,XT,Q,45.50,45.50,44.65,44.95,44.95,44.05,23,1523,68618.00,
531541,KOBO        ,Z ,Q,4.32,4.73,4.32,4.35,4.35,4.54,21,6498,29937.00,
531543,JINDAL WORLD,B ,Q,85.00,87.00,82.90,83.60,83.70,84.50,1135,53101,4508175.00,
531548,SOMANY CRAM ,T ,Q,688.00,704.95,685.10,690.90,687.00,695.00,103,2071,1431608.00,
531550,JHAVERI CRED,XT,Q,4.88,4.88,4.88,4.88,4.88,5.13,2,7,34.00,
531552,RAGHUNATH TO,X ,Q,8.19,8.19,7.45,7.46,7.46,8.27,18,4952,39867.00,
531553,DRL         ,X ,Q,8.76,8.76,8.76,8.76,8.76,9.22,3,3700,32412.00,
531556,CORAL (I)FIN,B ,Q,38.65,39.40,38.10,39.00,39.00,38.95,75,1014,39424.00,
531569,SANJIVANI PA,XT,Q,29.45,32.15,29.45,31.25,31.50,30.85,77,19351,597031.00,
531574,VAS INFRA   ,X ,Q,3.36,3.36,3.04,3.36,3.36,3.20,16,1556,5178.00,
531578,KMF BUILDERS,X ,Q,2.89,2.89,2.89,2.89,2.89,3.04,4,330,953.00,
531582,BERYL SECUR.,XT,Q,7.40,7.40,7.10,7.10,7.10,7.45,8,707,5099.00,
531583,RAP MEDIA   ,XT,Q,15.45,15.45,14.05,14.75,15.45,14.75,16,2009,29039.00,
531585,DEVINE IMPE ,XT,Q,4.41,4.72,4.41,4.41,4.41,4.50,12,7450,34194.00,
531591,BAMPSL SECUR,XT,Q,3.40,3.40,3.17,3.35,3.35,3.33,24,41097,135088.00,
531592,GENPHARMA   ,X ,Q,8.09,8.24,7.91,8.08,8.08,8.07,432,136129,1100436.00,
531594,INCON ENGG. ,XT,Q,11.26,11.80,11.21,11.22,11.80,11.80,25,4708,52915.00,
531595,CGCL        ,A ,Q,513.50,516.00,508.05,509.65,508.05,512.70,2656,36103,18446110.00,
531599,FDC LIMITED ,A ,Q,353.00,353.00,344.50,345.80,345.05,348.45,299,3148,1096650.00,
531608,GORANI INDUS,X ,Q,17.50,17.50,16.60,17.05,16.60,17.25,6,900,15517.00,
531609,KG PETROCHEM,X ,Q,404.00,404.00,382.00,387.20,390.00,390.40,23,222,86261.00,
531624,COUNTRY COND,B ,Q,3.00,3.00,2.84,2.90,2.90,2.90,37,12758,36843.00,
531626,OROSMITHS   ,X ,Q,2.92,3.20,2.92,3.20,3.20,3.07,9,3731,11090.00,
531633,LINCOLN PHAR,A ,Q,389.80,403.00,380.00,397.75,396.00,372.00,10171,180295,71077960.00,
531635,SILVER OAK  ,X ,Q,43.40,47.00,43.25,46.90,46.90,45.50,20,1543,68076.00,
531637,PRAVEG      ,X ,Q,117.25,117.60,115.00,116.85,117.45,115.65,99,4212,488816.00,
531638,SURAJ LTD   ,X ,Q,55.15,59.00,54.50,59.00,59.00,56.25,24,4315,244097.00,
531642,MARICOLTD   ,A ,Q,560.00,575.90,559.20,574.85,574.85,560.95,5583,156072,88941927.00,
531648,MAHAVIRIND  ,XT,Q,1.15,1.15,1.15,1.15,1.15,1.10,5,1007,1158.00,
531661,HITTCO TOOLS,XT,Q,4.05,4.05,3.76,3.76,3.76,3.95,6,275,1081.00,
531667,RRMETAL     ,X ,Q,47.15,47.15,43.00,47.00,47.15,44.95,43,5437,247592.00,
531668,VISION CORPO,X ,Q,1.93,1.93,1.84,1.84,1.84,1.93,23,6981,12922.00,
531672,INANI SEC.  ,X ,Q,14.85,16.25,14.85,16.20,16.20,15.50,4,61,915.00,
531688,PRITHVIEXCH ,X ,Q,23.15,23.95,23.05,23.15,23.15,23.90,11,437,10197.00,
531694,RAINBOW FOUN,X ,Q,15.15,15.92,14.71,15.35,15.35,14.96,33,5796,88693.00,
531717,VIDHIING    ,B ,Q,375.15,386.05,363.75,373.80,373.80,371.15,3557,76326,28620108.00,
531719,BHAGIRA.CHEM,X ,Q,662.00,662.00,655.00,659.90,659.90,661.50,27,1785,1177664.00,
531726,PANCHSHEEL O,X ,Q,113.40,113.75,109.10,110.40,109.15,110.00,94,4157,463929.00,
531727,MENON PISTON,X ,Q,38.00,38.00,36.80,37.05,37.00,37.55,256,40219,1492358.00,
531737,GREENCREST  ,X ,Q,5.05,5.22,5.03,5.06,5.13,5.13,148,44759,227662.00,
531739,GENNEX LAB  ,XT,Q,7.55,7.60,7.27,7.51,7.51,7.55,1106,303253,2255747.00,
531744,GINI SILK MI,X ,Q,58.95,59.20,55.60,55.60,55.60,58.00,6,1128,66516.00,
531746,PRAJAY ENGS.,T ,Q,17.95,19.15,17.95,18.80,19.00,18.45,59,11290,211570.00,
531752,BIOGEN      ,XT,Q,0.75,0.75,0.75,0.75,0.75,0.72,599,5301103,3975827.00,
531761,APOLLOPIPES ,A ,Q,1564.45,1615.00,1546.85,1606.50,1606.50,1549.95,2097,15470,24656522.00,
531762,UNJHA FORMUL,X ,Q,9.53,9.61,9.53,9.61,9.61,9.49,7,3030,28934.00,
531768,POLY MEDICUR,A ,Q,991.55,1009.00,973.05,981.25,983.15,981.30,699,3571,3545438.00,
531778,KACHCHHMIN  ,XT,Q,9.02,9.49,9.02,9.49,9.49,9.49,9,887,8008.00,
531784,KCLINFRA    ,XT,Q,2.88,2.88,2.62,2.62,2.62,2.75,104,98112,261902.00,
531795,ATUL AUTO   ,B ,Q,196.50,196.50,192.95,195.25,195.85,194.15,510,16843,3271230.00,
531802,PRERNA INFR ,X ,Q,20.05,20.70,19.10,19.75,19.40,20.05,39,7035,136828.00,
531810,METAL COATIN,X ,Q,36.10,38.00,35.00,36.50,36.50,37.00,21,1080,38973.00,
531812,SGN TELECOMS,XT,Q,0.38,0.38,0.38,0.38,0.38,0.37,14,15040,5715.00,
531813,GANGAPAPERS ,XT,Q,74.55,82.00,74.55,79.40,79.80,78.30,15,404,32163.00,
531814,TIRUPATI SAR,X ,Q,7.12,7.34,7.06,7.30,7.30,7.12,51,11380,81679.00,
531821,MUNOTH FIN. ,X ,Q,6.53,6.53,6.53,6.53,6.53,6.87,2,100,653.00,
531822,RODIUM      ,X ,Q,62.05,62.05,62.00,62.00,62.00,62.00,2,47,2914.00,
531834,NATURA HUE C,X ,Q,1.22,1.22,1.22,1.22,1.22,1.17,1,200,244.00,
531842,LAHOTI OVER.,XT,Q,24.35,24.35,22.70,23.25,23.25,23.85,29,3721,87258.00,
531846,TRINITYLEA  ,XT,Q,10.26,10.26,10.26,10.26,10.26,9.78,6,2000,20520.00,
531847,ASIAN STAR  ,B ,Q,883.80,905.00,883.80,905.00,905.00,875.05,8,36,32138.00,
531859,ORIRAIL     ,X ,Q,79.30,87.00,79.00,85.15,86.00,77.40,683,95747,8030182.00,
531861,JOINDRE CAPI,XT,Q,26.50,26.50,25.25,26.00,26.00,25.25,19,2354,61400.00,
531862,BHARATAGRI  ,X ,Q,185.00,185.00,178.00,181.85,181.90,181.95,43,2148,390995.00,
531867,UNITECH INTE,XT,Q,8.80,8.82,8.40,8.77,8.77,8.40,42,10135,87958.00,
531869,SACHETA MET.,X ,Q,16.75,16.75,16.10,16.40,16.30,16.40,133,22916,377101.00,
531878,ANJANI FINL ,X ,Q,5.41,5.79,5.41,5.69,5.69,5.40,22,4508,25583.00,
531879,PIONEER DIS.,B ,Q,151.90,153.00,149.10,150.05,151.30,149.70,79,1894,283695.00,
531881,GMETCOAL    ,Z ,Q,14.40,15.80,14.40,15.80,15.80,15.05,4,80,1215.00,
531888,REXNORD ELE.,X ,Q,53.00,54.80,51.60,52.75,52.60,53.75,130,9683,510127.00,
531892,KHANDWALA SE,B ,Q,20.00,20.80,18.90,18.90,18.90,19.85,220,11426,227527.00,
531893,SAWACA BUSI ,X ,Q,2.98,2.98,2.98,2.98,2.98,2.84,22,6767,20165.00,
531900,CCL INTER   ,X ,Q,13.69,13.69,12.78,12.85,12.85,13.05,18,771,10066.00,
531909,CROISSANCE  ,XT,Q,6.96,6.96,6.62,6.62,6.62,6.96,7,3546,23511.00,
531913,GOPAL IRON S,XT,Q,4.65,4.65,4.60,4.60,4.60,4.70,17,3483,16032.00,
531917,TWINSTAR SOF,Z ,Q,2.25,2.31,2.10,2.13,2.12,2.20,54,24274,54121.00,
531921,AGAR IND COR,B ,Q,334.80,334.80,314.90,315.60,317.50,319.65,103,846,269282.00,
531923,DHAMPURE SGR,X ,Q,34.90,35.15,33.20,34.15,34.15,34.00,25,4464,151215.00,
531925,SHANTANU SHE,XT,Q,2.36,2.36,2.36,2.36,2.36,2.48,102,34462,81330.00,
531928,GOLDEN CARPE,X ,Q,7.03,7.03,6.85,6.85,6.85,7.03,3,1000,6968.00,
531929,INNOCORP L  ,X ,Q,2.80,2.80,2.80,2.80,2.80,2.94,12,5330,14924.00,
531930,SARTHAK INDU,XT,Q,75.95,75.95,75.95,75.95,75.95,72.35,6,605,45949.00,
531944,SERVOTEACH  ,XT,Q,2.95,3.00,2.95,3.00,3.00,3.00,8,1310,3905.00,
531950,VERTEX SEC. ,XT,Q,2.35,2.44,2.24,2.40,2.40,2.33,47,16702,39498.00,
531952,RIBA TEXTILS,X ,Q,43.30,43.30,42.10,42.35,42.20,42.55,108,13898,590862.00,
531962,SHREMETAL   ,XT,Q,25.50,26.75,25.50,25.75,26.75,25.50,2,125,3218.00,
531972,TRIDENTTOOL ,Z ,Q,9.40,9.40,8.93,8.94,8.93,9.39,7,762,6835.00,
531977,CHARTERLOGIS,XT,Q,5.20,5.20,4.93,5.04,5.13,5.07,82,37771,190592.00,
531978,AMBIKA COTTO,B ,Q,1642.70,1646.35,1592.35,1603.75,1604.00,1636.20,1497,7084,11424238.00,
531979,HIND ALUMIN ,X ,Q,36.10,36.80,35.35,36.10,35.90,35.75,121,5986,216908.00,
531982,SPECTR FOOD ,X ,Q,14.50,15.20,14.50,15.10,14.50,14.50,6,134,1948.00,
531991,AMRAWOR AGRI,XT,Q,0.47,0.48,0.46,0.48,0.48,0.46,895,1920046,914971.00,
531994,AUTO PINS(I),XT,Q,76.05,76.05,76.05,76.05,76.05,80.05,9,278,21141.00,
531996,ODYSSEY CORP,X ,Q,3.88,3.88,3.87,3.87,3.87,3.79,10,3299,12770.00,
532001,INDUCTO STL.,X ,Q,21.90,21.90,21.90,21.90,21.90,20.90,1,1,21.00,
532005,SAM INDUS.  ,X ,Q,21.10,23.20,21.10,22.20,22.20,22.20,15,1886,41961.00,
532007,SHREEVAT.FIN,XT,Q,6.85,6.85,6.51,6.51,6.85,6.85,5,68551,446284.00,
532011,POOJA ENT   ,XT,Q,212.00,227.90,206.60,224.35,221.10,217.45,149,3668,800657.00,
532015,GRAVITY (I) ,XT,Q,4.55,4.55,4.25,4.29,4.29,4.35,56,14639,63841.00,
532019,LCC INFOTECH,T ,Q,2.30,2.30,2.30,2.30,2.30,2.42,77,23829,54806.00,
532022,FILAT FASH  ,XT,Q,2.92,2.95,2.70,2.91,2.93,2.81,169,342048,977142.00,
532029,SINDHU TRADE,XT,Q,172.00,172.00,172.00,172.00,172.00,163.85,4,337,57964.00,
532033,JAIN STUDIOS,Z ,Q,2.00,2.00,1.90,2.00,2.00,2.00,9,7082,13636.00,
532035,UNISTAR MULT,XT,Q,9.85,10.80,9.85,10.80,10.80,10.33,9,3149,31160.00,
532039,ZENOTECH    ,X ,Q,53.90,53.95,51.20,51.35,51.65,52.85,153,19397,1004905.00,
532041,HINDUSTN BIO,X ,Q,3.80,3.80,3.35,3.62,3.62,3.68,80,21814,77966.00,
532042,FRONTL CORP ,XT,Q,17.45,17.45,17.40,17.40,17.40,16.65,4,13,226.00,
532051,SWELECT     ,B ,Q,215.05,220.65,214.70,215.80,214.70,218.90,273,2590,562304.00,
532053,WALLFORT FIN,XT,Q,61.70,62.80,60.00,60.50,60.50,61.70,10,1009,60809.00,
532054,KDDL LTD    ,B ,Q,427.50,432.80,408.10,421.15,420.35,434.40,65,920,385183.00,
532056,ADINATH EXIM,XT,Q,14.39,14.39,14.30,14.39,14.39,13.71,6,1373,19750.00,
532057,ABHINAV CAP ,XT,Q,33.85,33.85,31.00,33.00,33.00,32.60,14,447,14865.00,
532067,KILPEST (I) ,X ,Q,516.00,521.90,505.00,514.70,514.70,515.45,709,12685,6494883.00,
532070,SUPERB PAPER,X ,Q,22.30,22.45,20.00,20.90,20.25,21.85,110,39575,827822.00,
532090,VANDANA     ,XT,Q,1.86,1.86,1.70,1.86,1.86,1.78,159,123840,229799.00,
532092,SAGARPROD   ,X ,Q,2.59,2.59,2.30,2.39,2.39,2.48,295,175483,420523.00,
532100,INDO-CITY IN,XT,Q,3.49,3.85,3.49,3.85,3.85,3.67,5,1125,3971.00,
532102,SBEC SUGAR  ,XT,Q,22.40,24.55,22.40,24.20,24.45,23.40,43,6240,143783.00,
532113,BRIJLAXMI LE,X ,Q,2.65,2.72,2.60,2.72,2.72,2.73,17,3216,8478.00,
532123,BSE  INFRA  ,X ,Q,1.92,1.92,1.74,1.82,1.82,1.83,194,121057,222629.00,
532124,RELIAB VEN  ,XT,Q,12.15,13.39,12.15,13.38,13.38,12.78,24,1185,14979.00,
532134,BANKBARODA  ,A ,Q,79.35,79.75,78.75,79.15,79.15,79.35,3747,927079,73446794.00,
532140,MOHITE      ,XT,Q,17.00,17.10,15.65,17.00,17.10,16.30,13,2502,42543.00,
532141,ANDHRA CEMEN,T ,Q,22.15,22.60,21.05,21.95,21.65,21.85,369,52919,1146088.00,
532143,SKM EGG PROD,B ,Q,83.10,85.50,82.65,84.35,84.20,84.00,250,6869,580095.00,
532144,WELCORP     ,A ,Q,118.55,126.30,118.30,124.90,124.90,118.35,4349,358951,44333535.00,
532145,H.S.(I) LTD.,X ,Q,6.06,6.20,6.06,6.20,6.20,6.06,9,1185,7266.00,
532149,BNK OF INDIA,A ,Q,57.10,57.95,57.00,57.20,57.20,57.50,3393,580177,33249164.00,
532150,INDRAPRAST  ,B ,Q,79.55,83.40,78.80,81.90,81.90,78.75,911,55398,4544561.00,
532154,JOHNPHARMA  ,XT,Q,4.43,4.43,4.43,4.43,4.43,4.22,6,1340,5936.00,
532155,GAIL (I) LTD,A ,Q,145.60,148.65,144.85,145.10,145.05,145.05,16298,1167240,170617974.00,
532156,VAIBHAVGBL  ,A ,Q,790.00,798.00,779.00,791.20,791.20,783.70,1583,15941,12613822.00,
532159,TRESCON     ,X ,Q,46.85,47.05,46.10,46.10,46.10,46.10,15,1559,72963.00,
532160,GUJ.STAT.FIN,T ,Q,7.08,7.08,6.50,6.94,6.98,6.75,47,3809,25388.00,
532162,JK PAPER    ,A ,Q,249.05,259.75,249.05,252.80,252.80,252.50,2320,128738,32752277.00,
532163,SAREGAMA (I),T ,Q,3915.00,3947.20,3799.80,3947.20,3947.20,3759.25,659,8296,32674812.00,
532164,MINOLTA FIN.,Z ,Q,2.05,2.05,1.87,1.87,1.87,1.96,32,7883,15817.00,
532172,ADROITINFO  ,T ,Q,10.59,10.59,9.70,9.95,9.75,10.10,20,3299,33324.00,
532173,CYBERTECH   ,B ,Q,168.00,172.70,168.00,169.55,168.45,168.85,290,3478,593027.00,
532174,ICICI BANK  ,A ,Q,721.00,723.80,717.85,720.20,720.20,720.70,2249,94347,67964980.00,
532175,CYIENT      ,A ,Q,1021.00,1029.15,1012.85,1016.65,1020.00,1029.85,975,10434,10633778.00,
532178,ENGINRS.(I) ,A ,Q,72.05,72.65,71.60,71.80,71.80,72.00,1355,112311,8083200.00,
532180,DHANALAK.BNK,B ,Q,15.55,16.20,15.55,15.90,15.95,15.90,457,122536,1955135.00,
532181,GUJ.MINERAL ,A ,Q,68.75,69.70,68.50,68.60,68.60,68.60,617,93013,6446652.00,
532183,GAYATRI SUGR,XT,Q,2.20,2.21,2.05,2.05,2.05,2.11,9,8337,17141.00,
532187,INDUSIND BNK,A ,Q,1005.45,1006.90,993.60,999.80,999.80,999.30,2916,885272,876335713.00,
532189,INDIA TOURIS,A ,Q,383.75,409.35,383.20,395.85,395.85,384.10,1539,22666,9093676.00,
532209,J & K BANK  ,A ,Q,38.00,38.50,37.30,37.75,37.75,36.10,2572,892600,33780284.00,
532210,CITY UNION  ,A ,Q,154.80,155.90,154.05,155.50,155.40,155.35,1461,72301,11208945.00,
532212,ARCHIES LTD ,T ,Q,17.40,18.35,17.40,18.15,18.15,18.00,55,6312,113144.00,
532215,AXIS BANK   ,A ,Q,789.80,793.65,784.30,790.00,790.00,794.65,2537,78404,61813575.00,
532216,HB STOCKHOL.,B ,Q,39.45,40.25,37.80,40.20,39.20,38.35,79,6723,268494.00,
532217,SIEL FINANCL,XT,Q,12.35,12.35,12.35,12.35,12.35,13.00,1,100,1235.00,
532218,SOUTH IND.BK,A ,Q,9.85,10.29,9.84,9.97,9.97,9.87,45198,3191236,32032170.00,
532219,ENERGY DEV. ,B ,Q,9.45,9.75,9.45,9.50,9.50,9.30,51,19528,188028.00,
532221,SONATA SOFT.,A ,Q,838.00,855.20,838.00,854.25,854.25,844.30,1324,21723,18538874.00,
532230,BENGAL TEA &,X ,Q,67.65,67.65,63.65,63.80,63.85,65.70,23,719,47100.00,
532234,NAT.ALUM    ,A ,Q,97.20,98.75,94.90,97.90,97.90,96.40,8045,1862009,180316419.00,
532240,INDIA NIPPON,B ,Q,360.25,360.25,354.50,356.05,358.00,359.50,494,5973,2128510.00,
532256,NALWA SONS  ,B ,Q,1770.00,1770.00,1665.00,1665.45,1665.40,1681.70,39,142,245139.00,
532259,APAR INDUS. ,A ,Q,668.80,683.90,655.00,660.05,655.80,667.30,2048,18055,12082533.00,
532262,TCI INDUS.  ,X ,Q,1086.95,1086.95,998.00,1020.00,1020.00,1035.50,4,9,9358.00,
532268,ACCELYA     ,A ,Q,1309.65,1311.00,1286.55,1296.70,1296.70,1301.75,492,2849,3695903.00,
532271,ORCHASP     ,X ,Q,3.08,3.08,2.95,3.05,3.07,3.10,234,119196,356715.00,
532281,HCL TECHNO  ,A ,Q,1191.15,1204.85,1182.80,1198.70,1198.00,1188.60,3622,63591,75948095.00,
532284,TCFC FINANCE,X ,Q,40.80,42.65,40.55,41.15,41.15,41.10,63,2624,107763.00,
532285,GEOJITFSL   ,B ,Q,78.00,79.15,77.25,78.45,78.45,77.45,785,33840,2654750.00,
532286,JINDAL STE  ,A ,Q,397.00,402.55,395.25,400.35,400.35,395.75,2866,242083,96528315.00,
532290,BLB LTD.    ,B ,Q,9.20,9.40,9.02,9.40,9.40,8.96,42,12026,111313.00,
532296,GLENMARK PHA,A ,Q,520.40,528.95,519.85,524.60,526.80,520.10,1530,57661,30246987.00,
532300,WOCKHARDT   ,A ,Q,416.05,419.30,412.70,415.70,415.70,416.45,1009,28324,11761984.00,
532301,TATA COFFEE ,A ,Q,211.90,211.90,208.15,210.65,210.65,211.95,3667,185672,38990725.00,
532304,KJMCCORP    ,XT,Q,18.60,19.50,18.60,19.50,19.50,18.60,8,17592,342954.00,
532305,IND-SWIFT LA,B ,Q,69.90,71.15,66.75,70.90,70.90,67.80,967,79380,5608682.00,
532307,MELSTAR INFO,Z ,Q,3.25,3.25,3.25,3.25,3.25,3.10,2,1200,3900.00,
532309,GEPIL       ,A ,Q,320.95,320.95,316.45,319.75,319.75,319.40,263,2333,742653.00,
532310,SHREE RAMA  ,B ,Q,11.78,12.10,11.56,11.88,11.88,12.02,161,35287,415004.00,
532313,MAHINDRALIFE,A ,Q,838.10,856.40,838.00,841.40,839.00,838.10,878,5813,4915154.00,
532320,VAARAD      ,X ,Q,12.61,12.61,12.61,12.61,12.61,12.01,11,634,7994.00,
532321,CADILA HEALT,A ,Q,547.50,562.00,547.50,558.15,558.15,555.55,3094,122723,68311142.00,
532323,SHIVA CEMENT,X ,Q,36.05,36.45,35.90,36.25,36.25,36.05,320,86210,3126187.00,
532324,CINEVISTA   ,T ,Q,14.25,14.25,13.26,14.02,14.25,13.78,51,7200,100329.00,
532326,INTENS TECH ,B ,Q,74.00,74.45,72.60,73.55,73.30,73.60,99,1787,131006.00,
532329,DANLAW TECH.,X ,Q,220.05,229.65,220.05,229.65,229.65,223.00,22,462,104211.00,
532331,AJANTA PHARM,A ,Q,2166.00,2166.00,2126.50,2148.75,2161.00,2159.75,686,2250,4819761.00,
532333,HB PORTFOLIO,XT,Q,28.65,30.35,28.65,29.15,29.10,29.65,27,598,17649.00,
532334,HB ESTATE DE,X ,Q,12.25,13.28,12.25,12.53,12.50,12.41,30,970,12243.00,
532335,AMBICA AGAR.,B ,Q,15.25,16.05,15.25,15.55,15.55,16.00,8,566,8955.00,
532339,COMPUCOM SOF,B ,Q,13.59,13.65,13.34,13.59,13.65,13.33,124,15016,202852.00,
532340,OMNI AX'S SO,XT,Q,2.05,2.15,1.95,2.15,2.15,2.05,32,4932,10370.00,
532341,IZMO        ,B ,Q,98.95,101.35,92.55,97.35,96.95,96.55,445,25130,2491184.00,
532343,TVS MOTOR L ,A ,Q,546.95,549.95,538.70,545.95,543.50,546.90,4681,215981,117411593.00,
532344,SOFTSOL (I) ,X ,Q,149.45,157.65,144.70,157.65,157.65,150.15,73,2782,433132.00,
532345,GATI LTD.   ,A ,Q,144.95,147.80,140.40,144.35,144.35,140.15,2117,100938,14542810.00,
532348,SUBEX LTX   ,B ,Q,50.55,52.40,50.40,50.95,50.95,50.55,4910,1207905,61654222.00,
532349,TRANSPORT CO,A ,Q,428.70,435.00,425.00,431.80,428.30,429.75,353,3129,1344938.00,
532350,PADMALAYA TE,Z ,Q,2.45,2.55,2.45,2.55,2.55,2.55,3,120,296.00,
532351,AKSH OPTIFIB,T ,Q,9.20,9.20,8.70,8.95,8.95,8.77,144,42783,387337.00,
532355,PICTURHOUSE ,XT,Q,3.12,3.12,3.12,3.12,3.12,2.98,23,29364,91615.00,
532356,TRIVENI ENGG,A ,Q,169.00,172.00,168.35,169.35,169.05,168.95,628,17978,3052375.00,
532357,MUKTA ARTS  ,B ,Q,36.70,38.20,36.70,37.20,37.20,37.95,79,9351,350847.00,
532362,NAGPUR POWER,X ,Q,57.05,59.95,56.10,57.60,58.75,58.00,55,2398,138646.00,
532365,DYNACONS SYS,B ,Q,122.65,129.30,122.55,123.95,123.40,122.55,140,1100,137039.00,
532366,PNB GILTS   ,B ,Q,65.40,66.50,64.35,64.95,64.95,64.55,458,25514,1668147.00,
532368,BCG         ,T ,Q,35.35,37.40,35.15,35.95,35.95,36.20,1848,365463,13169102.00,
532369,RAMCO INDS. ,A ,Q,294.05,305.00,288.95,302.85,302.85,290.00,960,15463,4599537.00,
532370,RAMCO  SYSTM,A ,Q,461.00,465.70,454.20,460.80,462.40,459.50,378,54348,25122100.00,
532371,TATA TELESER,T ,Q,36.70,36.90,35.70,36.45,36.45,35.55,3842,829893,30110570.00,
532372,VIRINCHI    ,X ,Q,61.30,62.80,61.30,61.95,62.00,62.55,219,67361,4181459.00,
532373,WEPSOLN     ,X ,Q,20.10,21.20,20.05,20.35,20.35,20.75,24,4206,86602.00,
532374,STER TECH   ,A ,Q,279.00,281.45,271.90,275.85,275.85,279.15,1310,59006,16218093.00,
532375,TIPSINDUSTR ,T ,Q,1197.95,1204.70,1150.05,1204.70,1204.70,1147.35,62,2896,3484519.00,
532378,UNIVERSAL A ,XT,Q,1.41,1.41,1.40,1.40,1.40,1.35,5,2800,3944.00,
532379,FIRSTOBJ    ,X ,Q,4.41,4.41,4.00,4.00,4.00,4.20,12,2083,8664.00,
532380,BABA ARTS   ,X ,Q,16.95,17.50,16.45,17.50,17.50,16.70,110,22991,397599.00,
532382,BALAJI TELE.,A ,Q,61.80,61.80,60.40,60.95,60.95,61.40,517,21194,1293457.00,
532384,TYCHE INDS  ,X ,Q,191.90,191.90,185.00,189.15,189.30,188.70,101,3203,601400.00,
532387,PRITISHN COM,B ,Q,35.15,36.35,34.60,35.15,35.60,35.90,109,6681,236642.00,
532388,INDIAN OVER.,A ,Q,19.75,19.95,19.60,19.70,19.70,19.60,1937,788019,15546079.00,
532390,TAJ GVK HOTL,A ,Q,127.00,136.35,123.45,133.20,133.20,126.55,2308,109299,14488040.00,
532391,OPTO CIRCUIT,T ,Q,3.71,3.83,3.70,3.78,3.78,3.77,51,32040,119895.00,
532392,CREATIVE EYE,B ,Q,2.81,3.00,2.80,3.00,3.00,2.87,5,695,1988.00,
532395,AXISCADES   ,B ,Q,73.90,73.90,70.60,71.10,71.00,71.05,114,3207,228266.00,
532397,KONNDOR     ,X ,Q,8.19,8.19,7.41,7.44,8.09,7.80,11,389,2989.00,
532398,UMESL       ,B ,Q,3.85,4.50,3.85,4.41,4.40,4.11,66,30177,132218.00,
532400,BSOFT       ,A ,Q,397.00,407.65,397.00,403.55,404.00,399.65,2150,62165,25122766.00,
532402,USGTECH     ,X ,Q,4.20,4.24,4.00,4.06,4.13,4.03,32,2815,11493.00,
532404,SAVEN TECHNO,X ,Q,28.00,28.00,26.80,27.80,27.80,27.85,93,11151,306947.00,
532406,AVANTEL LTD ,X ,Q,703.10,749.00,703.10,741.50,746.00,705.45,337,11424,8336679.00,
532407,MOSCHIP     ,X ,Q,42.00,42.00,40.50,41.45,41.45,41.40,553,150785,6228609.00,
532408,MEGASOFT LTD,T ,Q,20.40,20.40,18.55,20.40,20.40,19.45,413,186570,3777456.00,
532410,TRANSCORP IN,X ,Q,20.30,20.30,18.95,19.50,19.60,19.70,49,6445,125409.00,
532413,CEREBRA INTE,B ,Q,58.65,59.00,57.70,57.95,59.00,58.55,467,27471,1599251.00,
532416,MID-DAY MULT,B ,Q,4.54,4.56,4.41,4.56,4.56,4.49,18,8049,35969.00,
532419,SMARTLINK   ,B ,Q,126.25,131.85,115.40,116.70,117.90,124.05,1557,53238,6511966.00,
532424,GODREJ CONS ,A ,Q,1112.25,1122.60,1097.25,1107.75,1101.20,1108.95,1500,27292,30291298.00,
532425,GENUSPRIME  ,XT,Q,5.26,5.26,4.76,4.80,4.76,5.01,5,552,2652.00,
532430,BF UTILI    ,A ,Q,418.60,421.65,415.90,417.95,417.75,419.05,545,6318,2642178.00,
532432,UNITD SPR   ,B ,Q,746.00,764.95,743.80,755.45,753.05,748.00,1532,32477,24494615.00,
532435,SANINFRA    ,XT,Q,183.90,183.90,173.90,181.90,182.50,180.00,98,14132,2480312.00,
532439,OLECTRA     ,T ,Q,350.80,360.95,340.00,360.95,360.95,343.80,1005,67159,23835476.00,
532440,MPS LTD     ,B ,Q,700.00,721.55,695.25,717.20,718.95,701.55,464,2325,1660039.00,
532441,RNBOWDENIM  ,XT,Q,2.63,2.63,2.45,2.51,2.51,2.51,16,1816,4723.00,
532443,CERA SANITAR,A ,Q,4342.50,4442.10,4342.45,4360.60,4351.10,4408.65,319,663,2909977.00,
532454,BHARTI ARTL ,A ,Q,668.00,688.25,668.00,686.30,686.30,667.80,7963,474985,322359698.00,
532455,SHALIMAR WIR,XT,Q,6.50,6.50,6.00,6.18,6.18,6.20,31,5010,31269.00,
532456,COMPUAGE INF,B ,Q,25.05,26.35,25.05,25.60,25.50,25.75,242,17989,463839.00,
532457,GULSHAN POLY,T ,Q,246.00,252.25,244.80,251.35,250.00,245.35,162,6114,1527121.00,
532459,FAZE3AUTO   ,X ,Q,140.80,145.00,135.35,136.35,136.35,136.20,302,17838,2500175.00,
532460,PONNI SUG(ER,T ,Q,230.00,235.00,223.10,227.60,227.60,229.15,49,888,204988.00,
532461,PUNJAB NATIO,A ,Q,37.65,37.90,37.45,37.55,37.55,37.65,4789,3659741,137642403.00,
532466,ORACLE FIN  ,A ,Q,4717.60,4804.15,4703.95,4766.50,4791.05,4710.80,837,5044,24038758.00,
532467,HAZ MUL PRO ,XT,Q,17.30,18.45,17.30,17.95,18.00,17.65,101,15952,282257.00,
532468,KAMAHOLDING ,A ,Q,10588.45,10599.90,10350.05,10477.55,10480.00,10380.80,146,605,6322814.00,
532475,APTECH LTD  ,A ,Q,289.55,292.95,286.35,287.25,287.60,289.90,1020,28178,8153667.00,
532477,UNION BANK L,A ,Q,34.90,35.00,34.75,34.90,34.90,34.85,1087,335280,11689464.00,
532478,UNITED BREWA,A ,Q,1595.00,1619.95,1584.00,1600.05,1595.10,1593.45,2778,33715,54128797.00,
532479,ISMT LTD    ,T ,Q,27.25,27.25,26.25,27.25,26.65,27.00,24,8991,243662.00,
532481,NOIDA-TOLL B,B ,Q,6.01,6.04,5.91,6.01,6.01,6.02,38,6463,38585.00,
532482,GRANULES (I),A ,Q,327.50,331.35,326.15,328.25,328.25,329.10,2551,93119,30629729.00,
532483,CANARA BANK ,A ,Q,157.70,159.60,156.70,157.45,157.45,157.70,2009,388613,61333685.00,
532485,BALMER LA.IN,B ,Q,479.90,481.60,478.05,479.90,479.90,479.05,609,18183,8725839.00,
532486,POKARNA LTD ,B ,Q,484.00,532.20,480.85,507.35,510.50,488.15,2832,39052,20063601.00,
532488,DIVI'S LAB. ,A ,Q,5051.00,5080.35,5035.00,5054.95,5054.95,5087.35,2205,8668,43805763.00,
532493,ASTRA MICRO ,A ,Q,168.90,174.70,166.95,172.45,170.35,167.35,1213,52805,9037171.00,
532497,RADICOKHAIT ,A ,Q,891.15,914.00,888.70,908.00,908.00,893.25,2130,31711,28645421.00,
532498,SHRMCITYUN  ,A ,Q,2379.50,2393.80,2342.60,2375.20,2359.10,2355.00,262,762,1800334.00,
532500,MARUTISUZUK ,A ,Q,6760.00,6815.00,6732.00,6801.85,6802.90,6784.80,4486,29358,199347763.00,
532503,RAJAPAMILLS ,X ,Q,1030.20,1082.00,1030.20,1063.25,1059.05,1045.65,333,4422,4731227.00,
532504,NAVIN FLUORI,A ,Q,4049.95,4049.95,3927.10,3962.40,3957.00,4005.50,1316,7936,31482330.00,
532505,UCOBANK     ,A ,Q,14.60,14.85,13.90,14.18,14.18,12.81,12377,7266708,103839024.00,
532507,BAG FIL MED ,B ,Q,2.69,2.69,2.69,2.69,2.69,2.57,24,43168,116121.00,
532508,JSL         ,A ,Q,160.00,167.50,160.00,163.75,163.75,159.40,5777,485646,80023413.00,
532509,SUPRAJIT ENG,A ,Q,311.00,316.05,307.85,309.95,310.30,312.55,324,4632,1444199.00,
532513,TVSELE      ,B ,Q,164.75,174.35,164.75,172.30,172.40,170.80,86,1877,320852.00,
532514,INDRA GAS   ,A ,Q,564.95,574.40,558.80,564.05,562.70,564.95,2018,68970,39022380.00,
532515,TV TODAY    ,A ,Q,308.70,308.75,302.20,303.60,303.00,306.95,367,2988,910057.00,
532521,PALRED      ,B ,Q,119.65,122.00,117.75,119.15,120.00,120.65,232,4414,529617.00,
532522,PETRONET LNG,A ,Q,230.00,233.80,229.70,231.55,231.60,230.35,1423,92747,21505984.00,
532523,BIOCON LTD. ,A ,Q,352.65,356.00,350.20,352.80,352.80,355.60,2764,69780,24598921.00,
532524,PTC INDIA   ,A ,Q,101.00,102.25,101.00,101.35,101.35,102.65,1546,100285,10175046.00,
532525,BANK MAHA   ,A ,Q,18.40,18.40,18.10,18.25,18.25,18.20,736,414768,7555792.00,
532527,RK FORGINGS ,A ,Q,1000.05,1005.55,986.30,989.10,989.55,992.35,480,18843,18776058.00,
532528,DATAM GLOB  ,B ,Q,325.95,325.95,312.00,315.60,315.60,322.60,1477,38428,12283211.00,
532529,NDTV        ,B ,Q,72.55,75.65,72.55,73.50,73.50,74.20,165,4049,298756.00,
532531,STAR        ,A ,Q,594.60,603.90,593.30,596.15,595.20,595.85,808,22962,13708359.00,
532532,JAIPRA      ,T ,Q,8.30,8.61,8.06,8.61,8.61,8.20,2042,1348444,11439949.00,
532538,ULTRATECH CM,A ,Q,7901.00,7976.20,7900.40,7941.80,7928.40,7991.90,1062,3612,28644594.00,
532539,MINDA IND   ,A ,Q,694.00,708.00,694.00,704.80,704.80,695.35,664,6600,4643106.00,
532540,TCS LTD.    ,A ,Q,3799.00,3809.70,3765.15,3791.75,3791.75,3774.10,3319,38234,144753190.00,
532541,COFORGE     ,A ,Q,5119.35,5176.45,5085.00,5113.45,5113.45,5135.50,1090,5309,27197891.00,
532543,GULFPETRO   ,B ,Q,54.50,55.40,53.50,53.75,53.60,54.90,375,12699,688995.00,
532548,CENTURYPLY  ,A ,Q,419.95,419.95,408.05,411.30,411.30,419.95,1263,12948,5361864.00,
532553,WELENT      ,A ,Q,98.70,98.70,96.25,96.30,96.30,97.30,414,23847,2312265.00,
532555,NTPC LTD    ,A ,Q,113.95,114.75,113.65,114.50,114.50,113.95,1713,165074,18864145.00,
532604,SALSTEEL    ,T ,Q,10.68,11.21,10.68,11.21,11.21,10.68,48,15425,172632.00,
532605,JBM AUTO    ,B ,Q,465.00,469.45,463.15,465.95,465.50,461.05,227,2217,1033487.00,
532610,DWAR SUGAR  ,A ,Q,67.50,68.00,66.60,67.30,67.30,67.05,599,54667,3671680.00,
532612,INDOCO REM  ,A ,Q,464.60,473.10,460.80,462.30,464.90,460.80,954,14551,6786195.00,
532613,VIPCLOTHNG  ,T ,Q,18.45,18.90,17.80,18.60,18.60,18.25,186,41379,761345.00,
532616,XCHANGING   ,B ,Q,108.40,108.80,106.50,106.85,107.45,107.90,631,26369,2840089.00,
532617,JETAIRWAYS  ,Z ,Q,80.50,82.00,78.00,79.55,79.95,81.75,602,30452,2434054.00,
532621,MORARJETEX  ,B ,Q,16.10,16.30,15.50,16.30,16.30,15.55,78,8395,135872.00,
532622,GATEWAY DIST,T ,Q,260.50,260.50,254.05,256.75,257.00,260.85,133,5796,1484331.00,
532624,JINDALPH    ,B ,Q,102.00,104.40,98.35,99.85,100.65,102.50,66,5069,506471.00,
532626,PONDY OXIDES,X ,Q,415.70,427.00,415.70,419.50,420.30,418.95,279,8992,3782572.00,
532627,JPPOWER     ,B ,Q,4.05,4.18,3.97,4.08,4.08,3.99,9893,6799492,27734584.00,
532629,MCNALLYB    ,T ,Q,6.44,6.48,6.00,6.00,6.29,6.18,188,127028,796410.00,
532630,GOKALDAS    ,B ,Q,212.00,212.00,203.25,205.50,206.00,205.70,851,17307,3587353.00,
532633,ALLSEC TECH ,B ,Q,450.45,475.15,446.00,470.20,467.50,451.00,69,618,289205.00,
532636,IIFL        ,T ,Q,275.10,294.45,275.10,294.45,294.45,280.45,113,4853,1415248.00,
532637,MAN DRUGORG ,B ,Q,151.95,151.95,145.15,147.55,146.60,147.45,417,14289,2119636.00,
532638,SHOPPER STOP,A ,Q,250.50,257.65,248.70,252.85,254.00,251.90,879,11506,2911902.00,
532640,CYBER MEDIA ,T ,Q,10.29,10.29,9.78,9.86,9.78,10.29,8,314,3163.00,
532641,NDL         ,B ,Q,78.80,78.85,76.55,76.95,76.95,78.75,185,7561,586541.00,
532642,JSWHL       ,A ,Q,4819.85,4857.85,4678.30,4756.75,4774.90,4779.85,116,156,744919.00,
532644,JK CEMENT   ,A ,Q,3500.00,3521.00,3460.00,3498.85,3460.00,3487.95,693,2270,7933995.00,
532648,YES BANK    ,A ,Q,10.90,11.07,10.83,10.95,10.95,10.92,50713,24590378,269662041.00,
532649,NECTAR LIFE ,B ,Q,29.30,29.95,29.30,29.55,29.55,29.45,375,41826,1239889.00,
532650,MSP STEEL   ,B ,Q,9.98,10.00,9.80,9.90,9.90,9.98,23,5795,57550.00,
532651,SPL INDS    ,B ,Q,49.40,50.70,48.25,49.20,49.90,49.55,168,12168,598227.00,
532652,KARNATAKA BK,A ,Q,63.40,69.10,63.20,67.05,67.05,63.40,9295,1805295,120970898.00,
532654,MCLEOD RUSSE,T ,Q,32.60,32.60,29.50,29.60,29.60,31.05,790,520178,16426588.00,
532656,FACOR ALLOYS,X ,Q,4.25,4.25,4.10,4.15,4.11,4.18,484,284394,1187365.00,
532659,IDFC        ,A ,Q,52.80,55.50,52.10,54.75,54.75,52.55,4601,1176903,64040163.00,
532660,VIVIMED LABS,B ,Q,22.05,22.95,21.45,21.65,21.65,22.55,430,81037,1783184.00,
532661,RANE MADRAS ,B ,Q,389.25,390.00,387.05,388.70,388.70,387.75,51,621,241487.00,
532662,HT MEDIA    ,B ,Q,24.35,24.35,23.65,23.70,23.70,23.70,137,5935,141801.00,
532663,SASKEN      ,A ,Q,1372.40,1377.30,1344.10,1356.25,1365.00,1366.60,283,1139,1555525.00,
532666,FCS SOFTWARE,T ,Q,1.49,1.51,1.43,1.47,1.47,1.50,1040,1465345,2161431.00,
532667,SUZLONENERGY,A ,Q,6.08,6.40,6.05,6.25,6.25,6.10,27190,14374991,90327933.00,
532668,AURIONPRO SO,T ,Q,209.90,209.90,197.20,200.05,200.05,205.75,73,2229,443754.00,
532670,RENUKA SUGAR,T ,Q,26.55,26.70,25.55,26.20,26.20,26.40,1780,438656,11458348.00,
532673,KM SUGARMILL,B ,Q,25.00,25.40,24.95,25.15,25.05,25.25,292,39693,999169.00,
532674,BANNARI AMMA,B ,Q,69.50,69.50,67.25,68.00,68.00,66.20,597,59426,4102890.00,
532676,PBA INFRASTR,T ,Q,11.17,11.20,10.16,10.40,10.40,10.67,6,1306,14330.00,
532678,BOMBAY RAYON,T ,Q,7.15,7.15,6.91,6.97,7.00,7.00,160,74032,518161.00,
532679,SORILINFRA  ,B ,Q,134.00,134.00,122.70,127.80,127.80,126.95,781,25097,3233337.00,
532683,AIAENGINEER ,A ,Q,2070.00,2099.05,2040.75,2091.70,2092.15,2038.75,292,680,1409680.00,
532684,EVEREST KANT,T ,Q,118.00,123.35,117.30,121.25,121.25,118.90,790,61568,7499226.00,
532686,KERNEX MICRO,T ,Q,66.30,70.00,65.65,66.75,66.75,69.10,53,4941,330916.00,
532687,REPRO INDIA ,B ,Q,591.90,612.00,563.15,574.65,575.75,594.95,297,2467,1441755.00,
532689,PVR LTD     ,A ,Q,1363.10,1389.20,1345.35,1382.50,1378.90,1352.65,1848,27124,37226364.00,
532692,RADHA MADHAV,Z ,Q,2.09,2.22,2.05,2.13,2.13,2.14,32,14344,29976.00,
532693,PUNJ LLOYD  ,Z ,Q,1.68,1.73,1.66,1.70,1.71,1.68,68,98024,166003.00,
532694,BARTRONICSIN,Z ,Q,2.80,2.85,2.74,2.80,2.80,2.83,15,11660,32314.00,
532695,CELEBRITYFAS,B ,Q,9.50,9.50,8.80,9.13,9.16,9.14,84,8646,78314.00,
532696,EDUCOMP SOLN,Z ,Q,2.80,3.05,2.80,3.04,3.04,2.94,53,28831,84373.00,
532698,NITINSPINNER,T ,Q,228.00,235.00,218.10,222.15,222.15,226.90,816,43732,9913491.00,
532699,ROYALORCH   ,B ,Q,73.30,78.40,71.85,77.75,77.75,73.95,530,11771,902535.00,
532700,ENT NETWORK ,B ,Q,214.95,216.15,206.40,208.30,207.00,216.75,505,4448,953270.00,
532701,CELLA       ,Z ,Q,5.65,5.92,5.40,5.51,5.41,5.65,27,5714,31262.00,
532702,GUJ PETRONET,A ,Q,346.15,352.15,344.30,349.30,348.60,348.00,1086,20387,7092539.00,
532705,JAGRAN PRAK ,A ,Q,57.85,57.95,56.40,57.55,57.25,57.55,166,6577,376496.00,
532706,INOX LEISURE,A ,Q,307.60,308.00,304.90,306.15,306.70,306.30,919,16536,5058951.00,
532707,DYNEMIC PRO ,B ,Q,580.45,581.40,555.00,562.15,563.00,574.95,1150,12796,7209049.00,
532710,SADBHAV ENGG,A ,Q,54.35,54.35,51.00,51.35,51.35,53.10,814,97616,5093103.00,
532712,REL COM LTD ,B ,Q,2.90,3.01,2.84,3.01,3.01,2.87,4607,10027412,29913284.00,
532713,SAKUMA EXPO ,T ,Q,10.86,11.04,10.50,11.04,11.04,10.52,185,122687,1349905.00,
532714,KEC INTERN  ,A ,Q,426.50,433.05,426.50,431.55,432.20,431.65,370,7666,3306309.00,
532716,GILLA ARBUT ,T ,Q,45.55,45.60,45.55,45.60,45.60,47.85,2,71,3237.00,
532717,INDOTECHTR  ,T ,Q,160.10,164.70,160.10,161.55,161.55,160.10,19,979,158436.00,
532719,BL KASHYAP  ,B ,Q,25.45,25.55,24.95,25.00,25.15,25.10,84,81968,2069723.00,
532720,M&M FINANSER,A ,Q,167.40,168.70,165.50,167.60,167.50,168.00,1400,188724,31579684.00,
532721,VISA STEEL  ,B ,Q,10.02,10.69,9.96,10.62,10.62,10.46,37,15459,158452.00,
532722,NITCO TILES ,B ,Q,23.30,23.40,22.95,22.95,22.95,22.95,55,6076,141331.00,
532723,MPDL        ,XT,Q,12.07,12.07,12.07,12.07,12.07,11.50,8,3530,42607.00,
532725,SOLAR IND   ,A ,Q,1754.90,1799.55,1750.00,1789.50,1780.00,1742.30,506,2203,3925835.00,
532726,GALLAN METAL,B ,Q,71.90,73.80,68.25,71.20,70.65,69.25,356,13856,1000032.00,
532728,MALU PAPER  ,B ,Q,35.80,35.80,35.05,35.05,35.05,35.35,68,796,28240.00,
532729,UTTAM SUGAR ,T ,Q,193.75,193.75,185.25,189.20,190.00,191.80,201,6220,1176339.00,
532730,STL GLOBAL  ,B ,Q,13.03,13.52,12.97,13.51,13.51,13.15,23,460,6025.00,
532732,KEWAL KIRAN ,B ,Q,810.00,829.95,791.00,813.65,818.05,820.00,58,314,254342.00,
532733,SUN TVNET   ,A ,Q,484.85,494.75,480.45,491.95,491.95,482.40,1532,68255,33209037.00,
532734,GODAWARI POW,T ,Q,1151.90,1151.90,1151.90,1151.90,1151.90,1097.05,28,348,400861.00,
532735,RSYSTEMINT  ,A ,Q,196.40,201.50,196.40,199.70,200.00,197.90,488,7318,1459077.00,
532737,EMKAY GLOB F,B ,Q,119.00,120.20,117.30,118.15,119.10,119.05,319,7530,892578.00,
532738,TANTIA CONS ,Z ,Q,6.73,6.83,6.30,6.53,6.53,6.59,16,4630,31042.00,
532740,LOKESH MACH ,B ,Q,45.30,50.25,44.95,50.25,50.25,45.70,527,68356,3380489.00,
532741,KAMDHENU    ,B ,Q,204.00,213.15,194.25,204.85,204.85,201.10,2752,135830,27981599.00,
532742,PAUSHAK LTD ,T ,Q,8725.00,8800.00,8471.00,8577.55,8577.55,8711.85,186,881,7587487.00,
532744,GTN TEXTILE ,B ,Q,7.55,7.55,7.50,7.50,7.50,7.55,7,3095,23217.00,
532745,INDICAP     ,X ,Q,33.70,38.00,33.70,35.00,33.90,34.70,87,14435,510953.00,
532748,PRIME FOCUS ,B ,Q,87.50,87.50,87.50,87.50,87.50,83.35,20,3353,293387.00,
532749,ALLCARGO    ,A ,Q,245.75,246.95,235.40,238.45,238.45,243.75,1936,88842,21453614.00,
532751,EASUNREYRL  ,Z ,Q,2.37,2.60,2.37,2.59,2.60,2.49,23,30270,76475.00,
532754,GMR INFRASTR,A ,Q,30.25,30.55,29.90,30.05,30.05,30.50,1274,558366,16845602.00,
532755,TECH MAH    ,A ,Q,1430.00,1437.70,1414.00,1433.55,1433.55,1427.55,1903,47019,66883636.00,
532756,MAHINDCIE   ,A ,Q,220.65,239.25,219.90,236.90,238.15,219.90,3942,134970,31274739.00,
532757,VOLTAMP TRAN,A ,Q,1388.85,1414.70,1385.55,1404.85,1409.90,1391.50,372,2017,2827049.00,
532759,ATLANTA     ,T ,Q,15.00,15.08,14.05,14.79,14.45,14.37,35,3393,50639.00,
532760,DEEPENR     ,T ,Q,39.75,41.00,39.75,40.85,41.00,40.00,23,4437,179707.00,
532761,HOV SERVICES,T ,Q,57.05,59.00,57.00,58.80,58.80,57.10,6,1899,109270.00,
532762,ACTION CONST,A ,Q,235.80,241.00,234.50,238.35,236.90,232.90,2251,105837,25228641.00,
532764,GEECEE      ,B ,Q,146.15,150.20,146.10,149.60,150.20,149.75,104,3030,451687.00,
532766,RICHA IND   ,Z ,Q,1.74,1.74,1.74,1.74,1.74,1.66,12,8045,13998.00,
532767,GAYATRI PROJ,B ,Q,53.10,58.30,53.10,55.95,55.95,53.10,3811,819945,46417426.00,
532768,FIEM INDS   ,B ,Q,1133.80,1133.80,1104.10,1109.90,1109.90,1127.30,486,2855,3186542.00,
532771,JHS SVEN    ,B ,Q,26.65,27.65,25.95,27.10,27.25,25.85,315,33506,903540.00,
532772,DCBBANK     ,A ,Q,95.20,95.20,93.65,93.80,93.80,94.65,913,70117,6604196.00,
532773,GLOBAL VECT ,B ,Q,49.60,52.40,49.30,51.55,51.20,51.65,95,6823,347593.00,
532774,INSPIRISYS  ,T ,Q,44.65,47.30,44.35,46.60,46.60,46.40,8,842,38076.00,
532775,GTL INFRAST ,T ,Q,1.74,1.81,1.65,1.65,1.65,1.73,3709,13162097,22144096.00,
532776,SHIVAM AUTO ,B ,Q,22.55,22.55,22.00,22.20,22.20,22.25,102,18762,414841.00,
532777,INFO EDGE   ,A ,Q,6707.00,6776.55,6556.25,6683.80,6683.80,6720.45,6010,552487,3710803367.00,
532779,TORNT POWER ,A ,Q,484.00,487.80,473.40,477.75,477.75,482.30,1940,80857,38710831.00,
532780,PARSVNATH   ,B ,Q,16.00,16.59,15.80,16.20,16.15,15.80,603,606872,10009538.00,
532782,SUTLEJ TEXT ,B ,Q,69.10,71.00,67.90,68.40,68.40,70.00,1294,95416,6593567.00,
532783,DAAWAT      ,A ,Q,66.30,66.90,65.60,65.95,65.95,66.35,1549,80053,5293363.00,
532784,SOBHA       ,A ,Q,788.00,794.80,765.55,776.40,775.55,784.65,1021,7554,5876933.00,
532785,RUCHIRA PAP ,B ,Q,80.00,81.50,78.65,79.40,79.40,80.55,177,1697,136294.00,
532790,TANLA       ,T ,Q,876.15,890.00,871.30,877.00,877.00,880.35,500,7495,6600207.00,
532794,ZEEMEDIA    ,B ,Q,9.80,10.45,9.74,10.43,10.43,9.96,925,569929,5881307.00,
532795,SITINET     ,B ,Q,1.50,1.57,1.48,1.56,1.57,1.50,325,1507475,2309973.00,
532796,LUMAX TECH  ,B ,Q,139.90,141.00,136.30,137.70,137.70,138.50,336,8045,1115837.00,
532797,AUTOIND     ,B ,Q,54.20,55.95,52.45,53.00,53.05,54.35,120,4930,264019.00,
532798,NTWK MED INV,A ,Q,50.95,51.90,50.15,50.30,50.25,50.75,376,43063,2192722.00,
532799,HUBTOWN     ,T ,Q,31.50,31.50,29.65,30.80,30.10,30.65,31,3003,91028.00,
532800,TV18BRDCST  ,A ,Q,35.90,36.00,35.55,35.70,35.70,35.75,894,175852,6278782.00,
532801,CAMBRIDGE   ,B ,Q,50.30,52.55,50.30,52.25,52.25,50.05,133,6292,328194.00,
532804,TECHNOCRAFT ,B ,Q,803.05,822.95,803.00,810.95,811.65,799.95,209,2420,1963064.00,
532805,REDINGTON   ,A ,Q,143.35,151.30,142.10,145.55,145.55,141.50,2427,122519,17989951.00,
532806,AI CHAMPDNY ,XT,Q,13.75,13.75,13.32,13.32,13.32,14.02,2,357,4875.00,
532807,CINELINE    ,T ,Q,106.95,106.95,98.50,99.55,99.80,103.60,143,13124,1306397.00,
532808,PGIL        ,B ,Q,331.60,333.35,314.25,320.40,320.40,328.30,98,1319,429607.00,
532809,FSL         ,A ,Q,190.40,193.65,188.05,191.55,191.10,189.30,2189,149798,28571011.00,
532810,POWER FINAN ,A ,Q,132.90,136.80,132.25,135.20,135.20,132.20,6744,856471,115644364.00,
532811,AHLUWALIA CO,A ,Q,389.05,401.20,389.00,391.95,391.50,393.00,393,3428,1353629.00,
532812,TRANSWARRANT,B ,Q,5.00,5.19,5.00,5.00,5.00,4.95,3,700,3519.00,
532813,C & C CONSTR,Z ,Q,3.50,3.54,3.26,3.54,3.54,3.38,38,46485,157933.00,
532814,INDIAN BANK ,A ,Q,123.80,125.40,123.05,124.90,125.15,123.20,1958,102339,12731627.00,
532815,SMS PHARMACE,B ,Q,164.85,164.90,162.45,162.50,162.45,163.90,257,4740,776002.00,
532817,ORIENTAL    ,B ,Q,8.58,8.62,8.25,8.42,8.42,8.47,55,12098,100674.00,
532819,MINDTREE LTD,A ,Q,3749.50,3798.00,3706.50,3766.40,3766.40,3749.50,2595,28621,107456344.00,
532820,ELAND       ,X ,Q,4.04,4.07,3.82,4.07,4.07,3.88,25,23072,93611.00,
532822,IDEA        ,A ,Q,8.02,8.49,7.72,8.39,8.39,8.07,156985,156612353,1283657180.00,
532826,RAJ TELE    ,T ,Q,34.50,34.85,33.60,34.70,34.70,34.80,13,682,23003.00,
532827,PAGE INDUSTR,A ,Q,31973.05,32450.25,31886.75,32099.60,32075.40,31895.80,371,632,20308122.00,
532828,AMD INDUS   ,B ,Q,29.75,29.75,27.75,28.90,28.90,28.90,18,6326,180200.00,
532829,LEHAR       ,XT,Q,44.50,44.50,43.00,44.50,44.50,42.40,246,49410,2185563.00,
532830,ASTRAL      ,A ,Q,2070.00,2100.00,2046.85,2050.15,2050.15,2073.95,3874,19427,40083362.00,
532832,INDBUL REAL ,A ,Q,148.50,148.90,143.20,144.10,144.10,148.50,7580,684138,99444955.00,
532834,CAMLINFINE  ,A ,Q,172.30,172.30,167.55,168.60,169.00,171.80,1415,72288,12265561.00,
532835,ICRA        ,A ,Q,3580.00,3580.00,3505.05,3545.40,3540.60,3552.15,114,179,634007.00,
532839,DISH TV     ,A ,Q,15.50,17.95,15.02,17.95,17.95,14.96,12858,18729329,327121872.00,
532841,SAHYA INDU  ,X ,Q,704.00,727.95,686.00,718.90,718.90,697.20,578,16518,11623549.00,
532842,SREE RAYALA ,B ,Q,311.80,324.00,311.75,318.25,320.35,311.75,206,1537,489540.00,
532843,FORTIS      ,A ,Q,281.90,285.50,276.00,277.10,277.10,280.30,1746,112230,31456604.00,
532845,TGBHOTELS   ,B ,Q,7.29,7.39,7.01,7.39,7.39,7.20,14,2664,19310.00,
532847,HILTON MET  ,B ,Q,13.91,14.00,13.58,13.65,13.65,14.05,13,1154,15901.00,
532848,DELTA CORP  ,A ,Q,222.05,228.25,218.70,222.45,222.45,222.55,8173,572230,127673145.00,
532851,INSECTCID   ,A ,Q,722.00,752.45,722.00,739.15,739.50,725.45,595,2154,1601810.00,
532852,MCD HOLDING ,B ,Q,52.35,52.35,52.35,52.35,52.35,49.90,13,1177,61615.00,
532853,ASAHI SONG  ,B ,Q,368.75,385.00,363.25,367.65,367.05,363.50,1352,13260,4977953.00,
532854,NITIN FIRE  ,Z ,Q,1.50,1.50,1.43,1.47,1.43,1.50,50,36352,52839.00,
532855,HARYA CAPFIN,X ,Q,41.80,41.80,40.00,40.00,40.00,40.25,14,2289,91845.00,
532856,TIME TECHNO ,A ,Q,70.80,72.50,70.70,70.95,71.15,71.70,852,41839,2983937.00,
532859,HGSL        ,T ,Q,2799.80,2875.00,2780.00,2822.95,2844.85,2779.50,140,932,2626946.00,
532864,NELCAST     ,B ,Q,90.65,94.50,90.65,91.70,91.65,92.80,741,33018,3063173.00,
532867,V2RETAIL    ,B ,Q,133.90,133.90,126.15,128.95,128.50,127.05,120,1848,236238.00,
532868,DLF LIMITED ,A ,Q,331.00,334.45,329.75,333.00,334.00,334.45,1784,104017,34530482.00,
532869,TARMAT      ,B ,Q,63.40,65.90,63.30,63.75,63.75,63.65,95,4106,262069.00,
532870,ANKIT METAL ,T ,Q,1.81,1.81,1.81,1.81,1.81,1.90,1,100,181.00,
532872,SUNPHA ADV  ,A ,Q,290.00,296.50,289.40,292.25,291.75,291.00,784,44492,13003021.00,
532873,HOUSING DEV ,Z ,Q,4.40,4.65,4.40,4.61,4.63,4.43,266,184434,850433.00,
532874,SURYACHAKRA ,Z ,Q,1.00,1.02,0.99,1.02,1.02,0.98,189,125205,126720.00,
532875,ALLIED DIGIT,B ,Q,68.05,69.50,66.20,67.75,66.65,68.15,3415,109913,7477996.00,
532878,ALPA LAB    ,B ,Q,53.80,57.35,52.00,53.20,53.20,52.15,660,49911,2745919.00,
532879,SIR SHADI LA,XT,Q,133.20,146.40,133.20,144.90,145.00,140.20,13,1583,228179.00,
532880,OMAXE LTD   ,A ,Q,80.00,81.55,78.20,78.85,79.65,80.35,247,4590,365538.00,
532884,REFEX       ,B ,Q,161.70,164.60,159.00,159.65,159.00,159.90,900,34950,5669181.00,
532885,CENTRAL BK  ,A ,Q,20.70,20.80,20.50,20.65,20.65,20.45,1513,3911067,80772480.00,
532887,NTL         ,T ,Q,2.35,2.40,2.25,2.40,2.40,2.35,20,10132,23661.00,
532888,ASIAN GRANIT,A ,Q,155.50,165.60,153.65,161.30,162.00,155.30,1670,61279,9703302.00,
532889,K.P.R. MILL ,A ,Q,2023.60,2349.60,2015.35,2273.80,2273.80,2008.30,6158,31862,69586938.00,
532890,TAKE SOLUT  ,A ,Q,54.00,55.25,53.25,53.50,53.50,53.85,1320,122884,6641194.00,
532891,PURAVANKARA ,B ,Q,108.10,111.60,106.75,110.05,110.15,108.55,1108,43918,4766933.00,
532892,MOTILALOFS  ,A ,Q,800.00,809.45,781.95,785.55,785.25,802.75,1164,19791,15649423.00,
532893,VTM LTD     ,X ,Q,42.45,42.65,40.75,42.35,42.50,41.85,145,34352,1450600.00,
532894,IWIND ENERGY,T ,Q,6.50,6.61,6.37,6.61,6.61,6.30,54,8997,58858.00,
532896,MAGNUM VENT ,T ,Q,8.15,8.29,8.15,8.22,8.29,8.15,3,200,1637.00,
532898,POWER GRID  ,A ,Q,173.20,174.10,171.80,173.50,173.50,172.90,2314,188816,32724889.00,
532899,KAVERI SEED ,A ,Q,599.15,608.00,597.00,602.80,602.95,601.15,664,15110,9096892.00,
532900,PAISALO     ,A ,Q,762.00,772.75,755.00,765.10,765.10,759.70,717,6009,4594980.00,
532906,MAANALU     ,T ,Q,141.65,141.65,135.60,140.15,141.65,137.70,137,5643,788157.00,
532907,ILFSENGG    ,Z ,Q,4.43,4.43,4.43,4.43,4.43,4.22,13,6188,27412.00,
532911,PARLEIND    ,X ,Q,8.91,8.91,8.41,8.74,8.74,8.80,670,71793,626067.00,
532915,RELIGARE ENT,A ,Q,154.50,157.20,152.05,153.45,153.45,153.85,1581,592021,91709864.00,
532916,BARAK VALL  ,T ,Q,23.55,24.75,23.55,24.75,24.75,24.00,6,404,9947.00,
532918,RATHI BARS  ,X ,Q,27.95,27.95,25.75,27.45,27.45,27.20,164,19239,524163.00,
532921,ADANI PORTS ,A ,Q,747.90,751.00,742.15,749.70,749.70,746.55,1973,88994,66478614.00,
532922,EDELWEISS   ,A ,Q,81.75,82.00,80.85,81.30,81.00,81.20,1019,133950,10906267.00,
532923,RGL         ,B ,Q,765.00,786.00,744.95,752.45,750.70,759.90,763,9531,7178116.00,
532924,KOLTEPATIL  ,A ,Q,293.40,298.15,290.90,293.60,293.60,292.70,1784,113879,33491778.00,
532925,KAUSHAL INFR,B ,Q,2.53,2.69,2.53,2.65,2.64,2.62,26,8410,22184.00,
532926,JYOTHYLAB   ,A ,Q,179.00,181.00,175.65,176.50,177.40,177.40,956,32529,5800332.00,
532927,ECLERX      ,T ,Q,2233.00,2233.00,2172.10,2211.90,2211.90,2203.05,335,2305,5084744.00,
532928,TRIL        ,B ,Q,28.50,28.55,27.60,27.85,27.90,28.15,178,18912,530039.00,
532929,BRIGADE     ,A ,Q,397.00,407.20,393.60,398.10,397.20,401.45,1293,1439502,577870252.00,
532930,BGR ENERGY  ,B ,Q,59.40,59.50,57.30,58.50,58.50,57.75,499,28747,1681076.00,
532931,BURNPUR     ,T ,Q,3.61,3.61,3.32,3.43,3.41,3.44,65,48924,167099.00,
532932,MANAKSIA LTD,B ,Q,71.40,71.40,69.60,70.05,70.15,69.95,592,29769,2088754.00,
532933,PORWAL AUTO ,X ,Q,27.00,27.00,24.75,25.70,25.75,25.05,65,4114,104513.00,
532934,PPAP        ,B ,Q,245.00,246.05,239.55,241.60,240.75,243.15,150,2921,708923.00,
532935,ARIES AGRO  ,B ,Q,152.10,152.95,149.60,151.35,151.00,151.90,241,1699,257482.00,
532937,KUANTUM     ,B ,Q,79.90,79.95,77.40,77.75,79.25,79.90,129,4631,361374.00,
532939,RPOWER      ,T ,Q,12.75,13.27,12.43,13.27,13.27,12.64,3804,3994377,52349597.00,
532940,J KUMAR INFR,A ,Q,199.10,201.10,195.00,197.00,197.10,199.70,570,12356,2442364.00,
532941,CORDS CABLE ,B ,Q,55.10,56.50,54.45,55.10,55.20,56.00,223,3999,222235.00,
532942,KNR CONST   ,A ,Q,318.40,320.90,311.55,313.75,316.95,316.80,1345,43797,13801261.00,
532944,ONMOBILE    ,B ,Q,118.40,123.20,118.40,118.90,118.90,119.05,842,26012,3128154.00,
532945,SHRIRAM EPC ,B ,Q,5.12,5.12,4.92,5.12,5.12,4.88,208,559865,2856471.00,
532946,BANG        ,T ,Q,34.00,34.50,33.25,34.50,34.50,34.10,13,911,31052.00,
532947,IRB INFRA   ,A ,Q,173.30,174.00,172.00,172.30,172.30,174.25,2120,91110,15760535.00,
532951,GSS INFOTECH,B ,Q,79.90,85.35,79.25,82.95,82.95,78.10,1184,77917,6419416.00,
532952,NAHAR CAP   ,B ,Q,271.00,275.95,270.00,270.50,270.60,273.20,33,541,146496.00,
532953,V GUARD IND ,A ,Q,262.90,264.00,260.80,261.60,261.60,261.80,2134,56050,14688249.00,
532955,RECLTD      ,A ,Q,155.50,159.65,155.50,157.25,157.45,157.65,3450,398140,62899271.00,
532957,GOKAK TEXTI ,XT,Q,25.90,26.00,25.90,26.00,26.00,26.05,2,500,12992.00,
532959,AJRINFRA    ,T ,Q,1.59,1.61,1.52,1.54,1.58,1.54,215,881964,1406851.00,
532960,DHANI       ,B ,Q,198.40,200.05,195.85,198.35,198.35,199.15,646,22157,4392850.00,
532966,TITAGARH WAG,A ,Q,93.15,93.90,92.60,93.10,93.25,94.05,998,60986,5683057.00,
532967,KIRI DYES   ,A ,Q,538.10,549.70,534.15,538.70,536.75,537.75,2158,50873,27671684.00,
532972,SANKHYA INFO,XT,Q,5.41,5.60,5.15,5.18,5.40,5.41,54,9436,50120.00,
532974,ABML        ,B ,Q,62.10,62.20,60.85,61.70,61.55,62.05,396,15146,934159.00,
532975,AISHWARYA   ,Z ,Q,2.22,2.27,2.22,2.27,2.27,2.30,2,300,671.00,
532976,JAIBALA IND ,B ,Q,56.60,56.60,54.60,55.70,56.00,55.50,63,3831,212790.00,
532977,BAJAJ AUTO  ,A ,Q,3725.00,3728.10,3695.60,3699.70,3699.00,3724.95,1341,10479,38843019.00,
532978,BAJAJ FINSE ,A ,Q,16699.00,16821.70,16488.05,16743.30,16743.30,16563.70,2862,9958,165567526.00,
532980,GOKUL REFOIL,B ,Q,27.95,28.15,27.45,27.90,28.15,28.05,80,5022,139384.00,
532983,RPG LIFESCI ,B ,Q,614.90,627.00,603.60,612.45,609.05,609.55,506,6613,4077705.00,
532985,KOTAK SENSEX,B ,Q,610.00,614.80,606.00,609.88,609.00,608.00,29,485,294782.00,
532986,NIRAJ CEMENT,B ,Q,44.80,44.80,42.00,43.35,43.35,43.40,16,1263,54633.00,
532987,RANE BRAKE  ,B ,Q,915.65,921.00,914.25,921.00,921.00,916.15,22,118,108605.00,
532988,RANE ENGVL  ,B ,Q,287.45,293.90,286.85,288.40,287.75,289.95,42,346,100161.00,
532989,BAFNA PHARMA,B ,Q,130.50,131.45,126.75,126.75,126.75,129.75,14,323,42063.00,
532992,CHL LTD     ,X ,Q,8.97,8.97,8.97,8.97,8.97,8.55,1,16,143.00,
532994,ARCHIDPLY IN,B ,Q,30.70,31.00,30.25,30.95,30.95,30.60,19,552,16976.00,
532998,LEHIL       ,T ,Q,47.80,47.80,45.05,47.40,47.40,45.80,7,420,19464.00,
533001,SOMI CONVEY ,T ,Q,58.10,59.00,56.50,58.05,59.00,58.10,41,5199,300413.00,
533007,LGB FORGE   ,T ,Q,7.80,7.85,7.62,7.81,7.85,7.63,46,11112,85931.00,
533012,LANDMRK PRO ,T ,Q,4.15,4.33,4.03,4.22,4.22,4.13,28,5257,22161.00,
533014,SICAGEN IND ,X ,Q,28.05,28.60,27.00,27.75,27.75,27.70,601,128375,3589088.00,
533019,SIMPLEX PAP ,XT,Q,9.19,9.19,9.19,9.19,9.19,9.19,6,1351,12415.00,
533022,20 MICRONS  ,B ,Q,55.60,55.70,54.00,54.60,54.55,54.60,151,2962,162597.00,
533023,WABCO       ,A ,Q,7377.85,7434.95,7344.00,7404.25,7404.25,7400.95,96,132,975381.00,
533029,ALKALI      ,B ,Q,69.80,71.10,69.80,70.60,71.10,70.95,80,687,48218.00,
533033,ISGEC       ,A ,Q,729.60,734.55,724.55,731.15,730.30,730.20,589,4674,3417897.00,
533047,INDIAN MET  ,T ,Q,660.50,688.50,659.00,667.60,667.60,677.60,202,4462,2956942.00,
533056,VEDAVAAG    ,X ,Q,56.00,58.00,55.00,56.75,56.75,55.25,353,110544,6234843.00,
533080,MOLDTKPACK  ,A ,Q,493.95,504.00,490.70,498.65,499.50,494.00,845,7091,3525753.00,
533088,MAH HOLIDAY ,A ,Q,236.80,242.05,231.35,232.75,233.25,236.95,1099,26223,6147863.00,
533090,EXCEL       ,T ,Q,3.50,3.50,3.26,3.28,3.33,3.34,27,15051,50121.00,
533093,RAJ OIL     ,B ,Q,86.00,94.50,85.75,94.50,94.50,78.75,3601,222923,20512312.00,
533095,BENGLA& ASM ,B ,Q,2409.60,2450.00,2365.00,2442.30,2450.00,2416.60,355,2689,6532857.00,
533096,ADANI POWER ,T ,Q,99.90,102.60,95.05,102.45,102.45,97.75,15582,1679273,168880745.00,
533098,NHPC        ,A ,Q,27.50,27.65,27.10,27.45,27.45,27.50,1308,491898,13467701.00,
533101,SURYAMBA SP ,X ,Q,146.80,146.85,141.30,145.05,145.90,139.90,49,2788,402605.00,
533104,GLOBUS SPR  ,T ,Q,1109.00,1159.00,1101.00,1159.00,1159.00,1103.85,1201,23093,26383977.00,
533106,OIL INDIA   ,A ,Q,189.65,198.70,187.10,194.90,194.90,189.70,5820,285416,55409676.00,
533107,RNAVAL      ,Z ,Q,2.99,2.99,2.85,2.90,2.90,2.89,413,1143040,3319452.00,
533108,BHILWRA TEC ,X ,Q,17.13,17.13,17.13,17.13,17.13,16.32,50,18574,318172.00,
533110,SH PRECOTED ,XT,Q,33.20,33.20,33.20,33.20,33.20,31.65,25,4133,137215.00,
533121,EXPLEOSOL   ,T ,Q,1042.00,1043.00,1007.80,1013.40,1020.00,1018.55,30,387,396415.00,
533122,RTNPOWER    ,T ,Q,4.70,4.78,4.56,4.62,4.64,4.70,2214,1874214,8675509.00,
533137,DEN NETWORK ,A ,Q,48.75,50.50,48.60,49.20,49.20,48.75,951,116256,5737239.00,
533138,ASTEC LIFE  ,A ,Q,1288.95,1360.00,1272.65,1348.10,1348.10,1289.60,964,4539,6015214.00,
533144,COX KINGS   ,Z ,Q,1.57,1.60,1.53,1.60,1.60,1.54,66,138231,216388.00,
533146,DLINK IND   ,B ,Q,142.80,142.80,137.00,137.40,137.40,141.05,996,30428,4203413.00,
533148,JSW ENERGY  ,T ,Q,266.10,279.85,266.10,279.85,279.85,266.55,3111,485136,135082310.00,
533149,ESSAR SECU  ,X ,Q,4.10,4.12,3.81,4.05,4.11,3.93,65,17595,70598.00,
533150,GODREJ PROP ,A ,Q,1579.90,1585.00,1565.05,1581.35,1580.00,1583.45,1190,12507,19710081.00,
533151,D B CORP    ,A ,Q,89.75,90.75,89.60,90.15,90.00,89.10,466,21802,1963855.00,
533152,MBL INFRA   ,B ,Q,20.00,20.00,19.00,19.10,19.00,19.20,46,5066,97166.00,
533155,JUBL FOOD   ,A ,Q,4063.25,4143.15,4034.45,4099.10,4099.10,4050.15,3231,44836,182427220.00,
533156,VASCON ENG  ,B ,Q,25.95,27.00,25.65,26.25,26.25,26.05,351,47112,1239723.00,
533158,THANGAMAYIL ,B ,Q,1065.20,1074.65,1039.00,1056.30,1053.35,1046.80,156,297,313054.00,
533160,D B REALTY  ,B ,Q,26.00,27.35,25.70,26.90,26.90,26.30,770,124582,3355124.00,
533161,EMMBI       ,B ,Q,103.00,103.65,101.70,102.35,102.05,103.55,170,4723,483598.00,
533162,HATHWAY CAB ,A ,Q,23.95,24.00,23.55,23.65,23.65,23.95,1295,263329,6241699.00,
533163,ARSS INFRA  ,B ,Q,28.20,30.10,27.55,30.00,30.00,28.70,174,17956,526426.00,
533164,TEXMO PIPES ,B ,Q,48.05,48.80,47.70,48.20,48.50,47.95,205,8013,387184.00,
533166,SUNDARAMMUL ,T ,Q,2.10,2.13,1.96,2.11,2.11,2.06,66,115111,238535.00,
533167,CORO ENGG   ,X ,Q,31.00,32.80,30.80,31.05,31.05,32.15,22,2540,79715.00,
533168,ROSSELL IND ,B ,Q,164.95,173.00,163.85,170.45,170.45,165.10,468,12574,2137691.00,
533169,MAN INFRA   ,B ,Q,70.25,75.30,69.35,74.55,74.55,70.00,3385,364320,26789820.00,
533170,TAMBOLI CAP ,X ,Q,49.30,50.60,49.30,50.00,50.00,49.90,14,2394,118489.00,
533172,IVZINGOLD   ,E ,Q,4240.00,4240.00,4240.00,4240.00,4240.00,4260.00,1,1,4240.00,
533177,IL&FS TRANS ,Z ,Q,3.70,3.88,3.53,3.53,3.53,3.70,51,33422,119723.00,
533179,PERSISTENT  ,A ,Q,3495.70,3523.55,3465.50,3502.90,3502.90,3464.90,1102,6601,22994934.00,
533181,INTRASOFT   ,B ,Q,126.90,139.05,124.10,135.25,135.00,126.85,1692,73437,9890830.00,
533189,GOENKA DIAM ,Z ,Q,1.32,1.32,1.26,1.31,1.32,1.26,187,381116,496059.00,
533192,KCP SUGAR IN,B ,Q,21.55,22.00,21.20,21.70,21.65,21.70,204,21607,468121.00,
533193,KIRLOSKAR EL,B ,Q,17.65,18.90,17.10,17.95,17.95,17.20,392,50421,923602.00,
533202,NEH         ,X ,Q,2.44,2.44,2.28,2.29,2.28,2.39,94,73469,170035.00,
533203,TARAPUR TRA ,B ,Q,4.25,4.55,4.25,4.40,4.40,4.35,9,8735,38986.00,
533206,SJVN        ,A ,Q,26.70,26.95,26.55,26.85,26.85,26.65,861,120148,3216406.00,
533207,JPINFRATEC  ,B ,Q,1.84,1.90,1.83,1.88,1.90,1.84,330,918076,1704935.00,
533208,EMAMI PAPER ,B ,Q,172.40,172.40,164.95,166.55,166.10,168.85,555,11069,1860515.00,
533210,KRITI NUTRI ,X ,Q,42.85,42.85,42.00,42.30,42.30,42.40,269,26910,1139197.00,
533212,GKB OPHTHA  ,XT,Q,94.15,96.00,92.20,92.20,95.50,96.10,23,2291,213896.00,
533217,HMVL        ,B ,Q,76.20,76.60,75.00,75.75,76.00,75.75,334,9225,697595.00,
533218,EMAMIREAL   ,B ,Q,70.30,70.65,69.30,69.75,69.75,71.00,159,8270,578328.00,
533221,ASIAN HTL W ,B ,Q,281.75,293.85,274.25,280.85,281.55,281.10,39,435,122544.00,
533227,ASIAN HTL E ,B ,Q,179.00,200.00,179.00,195.00,193.05,179.10,66,954,181451.00,
533229,BAJAJCON    ,A ,Q,254.00,257.60,251.05,252.90,252.90,251.45,3627,137585,35033184.00,
533230,HDFCMFGETF  ,E ,Q,41.96,42.00,41.80,41.85,41.85,41.97,224,24762,1036509.00,
533239,PRAKASHSTL  ,B ,Q,2.12,2.12,2.12,2.12,2.12,2.23,138,146230,310007.00,
533244,ICICIGOLD   ,E ,Q,41.85,41.99,41.51,41.73,41.83,41.85,222,36661,1531835.00,
533248,GPPL        ,A ,Q,100.15,101.90,100.15,100.90,100.75,101.25,340,11827,1192980.00,
533252,WELSPUN INV ,B ,Q,335.00,339.00,320.20,339.00,339.00,334.95,27,575,192073.00,
533257,INDOSOLAR   ,Z ,Q,2.21,2.42,2.21,2.39,2.42,2.31,109,74240,175146.00,
533259,SASTASUNDR  ,T ,Q,291.80,291.80,278.00,287.25,288.10,287.70,53,2151,614447.00,
533260,CAREERP     ,B ,Q,160.05,168.00,160.05,165.15,165.70,160.70,390,7729,1268743.00,
533261,EROS MEDIA  ,B ,Q,17.45,17.70,16.90,17.15,17.20,17.45,782,171455,2950547.00,
533262,RAMKY INFRA ,T ,Q,150.60,156.75,150.60,151.00,153.90,154.75,35,1566,238775.00,
533263,GREENPOWER  ,B ,Q,3.04,3.04,2.97,3.01,3.01,3.00,3942,670074,2013895.00,
533265,GALLISPAT   ,B ,Q,54.25,58.10,53.85,57.00,57.00,54.10,534,18816,1064426.00,
533267,CANTABIL    ,B ,Q,410.00,416.90,408.00,411.25,412.25,409.35,43,308,127906.00,
533269,VATECH WABA ,A ,Q,343.80,343.80,332.40,335.10,336.20,332.40,636,13225,4434918.00,
533270,BEDMUTHA IN ,B ,Q,37.00,37.90,36.95,37.80,37.80,37.40,71,5179,194070.00,
533271,ASHOKA      ,A ,Q,102.35,105.25,101.20,102.50,102.50,102.35,1408,123895,12812537.00,
533272,CEBBCO      ,T ,Q,36.95,37.00,34.55,36.15,36.15,35.25,275,154581,5662100.00,
533273,OBEROI REAL ,A ,Q,774.60,784.65,765.00,773.60,777.65,774.40,2084,1725297,1336038373.00,
533274,PRESTIGE    ,A ,Q,435.10,440.20,425.85,429.00,429.00,443.70,4849,80497,34764006.00,
533275,GYSCOAL     ,B ,Q,2.40,2.40,2.23,2.23,2.23,2.34,537,1260507,2835170.00,
533278,COAL INDIA  ,A ,Q,148.95,150.90,148.00,148.60,148.60,148.95,2874,325118,48500438.00,
533282,GRAVITA     ,B ,Q,195.05,211.00,195.05,200.15,200.80,197.90,2809,137662,28145740.00,
533284,RPP INFRA   ,B ,Q,85.10,85.20,78.35,79.70,79.70,83.10,1335,62935,5087125.00,
533285,RDB REALTY  ,X ,Q,30.20,31.60,30.20,31.00,31.30,31.50,64,9729,299983.00,
533286,MOIL LTD    ,A ,Q,170.90,170.90,163.00,163.75,163.75,169.35,2459,48367,8030044.00,
533287,ZEE LEARN   ,B ,Q,12.65,13.60,12.37,13.14,13.14,12.71,1131,502222,6547819.00,
533289,KESAR TERMI ,XT,Q,47.20,48.50,46.05,46.60,46.40,47.50,33,2682,125101.00,
533292,A2ZINFRA    ,B ,Q,4.25,4.41,4.24,4.38,4.38,4.33,94,76358,331660.00,
533293,KIRLOIL ENG ,A ,Q,208.60,215.00,208.55,214.60,214.95,210.15,339,4015,849485.00,
533294,RAVI KUMAR  ,T ,Q,12.59,12.59,11.84,12.17,12.15,12.43,20,2001,24468.00,
533295,PUNJABNSIND ,B ,Q,16.95,17.15,16.55,16.80,16.80,17.00,285,63011,1063205.00,
533296,FMNL        ,B ,Q,8.67,8.83,8.54,8.83,8.83,8.41,479,219635,1924233.00,
533298,SURANASOL   ,B ,Q,12.80,12.80,12.10,12.47,12.74,12.38,44,9313,115796.00,
533302,KALYANI INV ,B ,Q,2114.00,2121.00,2057.05,2084.90,2114.90,2130.50,39,152,319110.00,
533303,BF INVEST   ,A ,Q,363.65,368.40,361.00,364.45,363.20,361.00,203,2175,793583.00,
533306,SUMMIT SECU ,B ,Q,715.30,725.00,713.55,714.30,713.55,714.20,29,183,131873.00,
533315,INNO INVEST ,XT,Q,21.00,21.00,19.00,19.95,20.20,20.00,71,33564,663272.00,
533316,STEL        ,B ,Q,179.00,179.95,167.85,168.70,168.50,177.65,927,27241,4717777.00,
533317,OMKAR SPC   ,B ,Q,18.40,18.40,17.10,17.50,17.40,17.90,287,24333,431125.00,
533320,JUBILNT IND ,B ,Q,516.90,519.65,510.95,511.65,513.65,512.35,141,1154,591806.00,
533326,TEXMACO RAIL,A ,Q,33.20,33.40,32.75,33.05,33.00,33.35,513,40888,1351663.00,
533329,IND TERRAIN ,B ,Q,45.15,45.75,43.80,44.00,43.80,44.75,375,32178,1425709.00,
533333,FINEOTEX  CH,B ,Q,112.35,114.00,110.10,111.20,111.20,113.00,1089,64089,7178467.00,
533336,DHUNINV     ,B ,Q,647.30,647.45,625.15,629.40,629.25,637.35,52,428,270475.00,
533339,ZEN TECH    ,B ,Q,205.05,205.05,195.85,205.05,205.05,195.30,5375,595476,121325312.00,
533343,LOVABLE     ,B ,Q,116.20,118.00,113.00,113.60,113.65,116.15,135,5115,586144.00,
533344,PTCFIN SER  ,A ,Q,18.00,18.00,17.70,17.80,17.80,17.80,432,103098,1839122.00,
533385,MON100      ,E ,Q,113.56,113.58,113.05,113.25,113.13,113.76,557,45446,5150771.00,
533393,TCI DEVELP  ,B ,Q,325.00,325.60,317.50,325.60,325.60,322.15,36,1787,573925.00,
533398,MUTHOOT FIN ,A ,Q,1554.00,1554.00,1517.30,1537.70,1530.05,1545.80,3080,85613,130783737.00,
533400,FCONSUMER   ,A ,Q,7.18,8.31,7.18,8.07,8.07,7.06,6717,8994770,69642894.00,
533407,CIL NOVA    ,XT,Q,23.90,24.15,21.85,24.10,24.15,23.00,42,8178,187005.00,
533408,BSLGOLDETF  ,E ,Q,4310.00,4316.50,4288.00,4289.33,4290.00,4336.00,52,117,502632.00,
533427,VMS INDUSTR ,XT,Q,13.80,13.84,13.80,13.84,13.84,13.19,20,2602,35968.00,
533451,KARMA ENERG ,T ,Q,20.35,20.35,19.10,19.65,19.80,20.10,22,893,17346.00,
533452,DELPHIFX    ,B ,Q,699.65,726.00,698.15,703.70,703.95,702.75,184,902,637207.00,
533470,RUSHIL DECOR,B ,Q,247.60,260.05,247.60,252.85,253.00,247.70,187,4974,1279731.00,
533477,ENKEI WHEEL ,X ,Q,367.95,370.00,355.00,365.00,365.00,361.45,38,1285,468864.00,
533482,KRIINFRA    ,B ,Q,4.66,4.92,4.66,4.83,4.83,4.83,16,5823,28483.00,
533506,INVENTURE   ,B ,Q,3.04,3.06,2.98,3.02,3.02,2.96,501,523894,1581149.00,
533519,LNT FH      ,A ,Q,84.70,85.00,83.50,84.65,84.65,84.70,2225,338192,28601953.00,
533520,YAARII      ,T ,Q,109.40,109.40,105.85,109.40,109.40,104.20,69,9440,1030853.00,
533540,TREE HOUSE  ,T ,Q,9.01,9.05,8.70,9.05,9.05,8.65,18,1737,15388.00,
533543,BROOKS LABS ,B ,Q,134.40,144.30,128.25,144.30,144.30,131.20,1663,133571,18670723.00,
533552,RUPA & CO   ,A ,Q,459.00,460.00,441.25,446.40,446.40,456.45,653,8338,3754739.00,
533553,TD POWER    ,B ,Q,331.00,339.65,327.05,334.30,336.00,330.70,834,12146,4061111.00,
533570,AXISGOLD    ,E ,Q,40.98,41.00,40.70,40.96,40.99,40.84,130,8238,336181.00,
533573,ALEM PHARMA ,A ,Q,765.00,769.75,761.75,765.90,766.55,765.80,1340,15141,11580238.00,
533576,VASWANI IND ,B ,Q,10.87,12.29,10.85,12.25,12.29,11.97,55,35013,387572.00,
533581,PG ELECTRO  ,B ,Q,375.00,375.00,335.20,356.50,358.00,351.85,187,1965,691670.00,
533602,LESHAIND    ,XT,Q,9.10,9.30,8.80,9.23,9.25,8.88,164,82074,754171.00,
533605,SETUINFRA   ,T ,Q,1.27,1.33,1.26,1.30,1.30,1.32,46,45664,58881.00,
533608,RDB RASAYAN ,X ,Q,89.50,92.00,85.60,91.05,91.30,87.70,404,82817,7500768.00,
533629,TIJARIA PPL ,T ,Q,6.24,6.24,5.77,5.88,5.86,5.99,18,2981,17439.00,
533632,ONELIFE CAP ,T ,Q,18.30,20.05,18.25,18.90,18.90,19.20,32,4029,73794.00,
533638,FLEXITUFF   ,B ,Q,15.75,17.00,15.75,15.85,15.85,16.55,151,7572,122335.00,
533644,UJAAS       ,B ,Q,2.85,2.95,2.76,2.81,2.81,2.80,379,453637,1301241.00,
533655,TRIVENITURB ,A ,Q,141.70,145.30,139.45,142.30,141.40,141.70,443,15336,2180689.00,
533676,INDO THAI   ,B ,Q,81.35,83.85,79.05,83.00,82.70,80.00,115,2886,238447.00,
533704,ESSAR SHIP  ,B ,Q,10.05,10.12,9.90,10.02,10.02,10.09,41,3865,38755.00,
533719,IDBIGOLD    ,E ,Q,4340.00,4340.00,4301.01,4320.00,4320.00,4340.00,12,18,77666.00,
533758,APL APOLLO  ,A ,Q,1870.00,1900.00,1838.40,1879.40,1879.40,1844.70,3459,26975,50531197.00,
533761,GPT INFRA   ,B ,Q,87.50,88.75,86.55,88.05,88.10,86.70,23,475,41541.00,
533896,FERVENTSYN  ,X ,Q,15.45,16.95,15.45,16.40,16.40,16.10,8,693,10812.00,
533982,TERASOFTWARE,T ,Q,49.50,51.50,48.35,50.70,51.20,50.10,27,2842,141343.00,
534060,PMCFIN      ,XT,Q,1.89,1.98,1.84,1.98,1.98,1.89,1728,1498135,2909558.00,
534076,RHIM        ,A ,Q,364.65,370.00,362.55,369.40,368.40,361.70,460,5073,1862892.00,
534091,MCX LTD     ,A ,Q,1642.45,1668.60,1624.45,1660.15,1660.15,1628.85,5152,51972,85880905.00,
534139,SCHNEIDER   ,A ,Q,114.10,116.10,114.10,114.70,115.00,114.50,569,28346,3257445.00,
534190,OLYMPIC     ,X ,Q,1.81,1.81,1.81,1.81,1.81,1.73,3,2200,3982.00,
534309,NBCC        ,A ,Q,43.50,44.70,43.50,43.85,43.85,43.90,2931,431788,18992241.00,
534312,MT EDUCARE  ,B ,Q,7.67,7.91,7.67,7.84,7.84,7.66,38,14819,115643.00,
534328,HEXATRADEX  ,T ,Q,198.00,203.95,189.50,196.35,196.80,198.45,28,1110,216296.00,
534369,TBZ LTD     ,B ,Q,76.45,76.95,75.50,76.15,76.35,76.65,289,10447,797654.00,
534392,VSSL        ,B ,Q,267.00,274.40,265.50,269.35,269.90,267.00,1516,25389,6908987.00,
534422,LOOKS       ,XT,Q,12.15,12.15,11.21,11.99,11.99,11.80,54,7937,91348.00,
534425,SPECIALITY R,B ,Q,71.00,80.00,68.50,76.80,76.80,71.00,1265,81155,6165443.00,
534532,LYPSA GEMS  ,B ,Q,4.74,4.74,4.40,4.45,4.61,4.55,48,10421,46741.00,
534597,RTNINDIA    ,T ,Q,48.35,48.35,47.20,48.35,48.35,46.05,348,148948,7193656.00,
534598,SEPOWER     ,B ,Q,8.55,8.55,8.11,8.15,8.12,8.41,17,2716,22518.00,
534600,JTL INFRA   ,X ,Q,829.50,829.50,795.70,822.55,825.00,811.45,285,60570,48580222.00,
534612,AMTL        ,X ,Q,13.25,13.25,13.25,13.25,13.25,13.30,1,1,13.00,
534615,NECC LTD    ,B ,Q,18.60,19.25,18.55,19.25,19.25,18.35,216,120368,2303724.00,
534618,WAAREERTL   ,X ,Q,192.00,192.00,183.00,185.70,185.70,185.35,146,8973,1666615.00,
534623,JUPITER INFO,X ,Q,23.25,23.25,22.00,22.60,23.15,22.95,79,7198,163624.00,
534674,DUCON       ,T ,Q,10.80,11.20,10.36,11.00,11.07,10.67,69,20860,225629.00,
534675,PROZONINTU  ,B ,Q,29.35,29.35,28.25,28.45,28.45,28.90,273,28792,820034.00,
534680,SRG HFL     ,X ,Q,174.90,174.90,162.05,164.45,163.20,161.95,39,1312,215394.00,
534691,COMFORT COM ,X ,Q,10.45,10.45,10.10,10.10,10.10,9.65,192,4769,49322.00,
534731,BRONZE INFRA,XT,Q,1.11,1.11,1.11,1.11,1.11,1.06,51,23103,25644.00,
534733,SUPREMEX    ,XT,Q,4.55,4.55,4.22,4.22,4.22,4.44,6,397,1689.00,
534741,VIRTUAL GLO ,X ,Q,0.78,0.83,0.78,0.78,0.78,0.82,1693,2725627,2144955.00,
534742,ZUARI AGRO  ,T ,Q,119.00,120.00,114.50,116.20,117.60,118.40,158,7113,830024.00,
534748,STEEL EXCH  ,B ,Q,79.55,81.60,79.25,79.60,79.50,80.30,233,7457,600938.00,
534755,TRIO MERCAN ,X ,Q,2.64,2.64,2.46,2.57,2.58,2.57,77,19855,50519.00,
534758,CIGNITI TECH,A ,Q,605.00,609.00,570.55,575.75,573.05,571.45,1820,16290,9484259.00,
534796,CDG         ,X ,Q,20.80,20.80,20.80,20.80,20.80,20.80,1,200,4160.00,
534804,CARERATING  ,A ,Q,713.80,738.35,708.10,730.40,730.00,708.85,3280,38043,27626517.00,
534809,PC JEWELLER ,A ,Q,26.00,26.15,25.40,25.85,25.85,25.70,442,81503,2092649.00,
534816,INDUSTOWER  ,A ,Q,234.15,243.50,232.20,242.50,240.95,235.80,4059,385245,92003268.00,
534976,VMART       ,A ,Q,3550.05,3563.65,3445.00,3475.25,3487.85,3550.10,890,2289,8006004.00,
535136,NIBE        ,XT,Q,56.60,56.60,53.50,56.60,56.60,53.95,67,3477,194926.00,
535204,MUKTA       ,XT,Q,5.17,5.17,5.17,5.17,5.17,4.93,8,121,625.00,
535205,MYSTICELE   ,XT,Q,3.05,3.09,2.83,2.85,3.08,2.97,25,4464,12960.00,
535267,COM FINCAP  ,X ,Q,41.10,45.05,41.10,44.20,45.05,42.95,35,6440,278488.00,
535276,SBISENSEX   ,B ,Q,618.80,618.80,611.01,616.34,616.37,614.55,103,1293,794218.00,
535322,REPCO HOME  ,A ,Q,305.65,309.80,297.55,303.80,305.30,309.55,1283,25282,7710303.00,
535431,GCM SECU    ,M ,Q,1.60,1.68,1.52,1.52,1.52,1.60,6,14400,22912.00,
535458,NRB IND BEA ,B ,Q,19.15,19.85,18.65,19.85,19.85,19.70,47,2479,47098.00,
535566,KIFS FSL    ,X ,Q,39.50,41.95,39.05,41.10,39.05,39.50,28,3621,148567.00,
535601,SREELEATHER ,B ,Q,184.60,187.55,182.00,182.90,182.10,184.60,20,270,49446.00,
535602,SHARDA MOTOR,T ,Q,605.05,623.00,595.00,610.10,610.00,613.10,115,1272,769005.00,
535620,BINNY MILLS ,X ,Q,216.60,216.60,196.00,206.45,204.50,206.30,136,3671,766676.00,
535621,SV GLOBAL   ,X ,Q,69.30,69.35,66.00,68.70,68.65,66.15,19,629,42972.00,
535648,JUSTDIAL    ,A ,Q,991.50,1001.00,990.00,993.55,992.00,998.00,682,17277,17184193.00,
535657,OONE        ,X ,Q,4.17,4.17,3.92,3.92,3.92,3.99,16,8026,32108.00,
535667,IFINSEC     ,XT,Q,15.95,16.25,15.44,16.25,16.25,16.25,15,3594,57975.00,
535693,BRAHM INFRA ,X ,Q,18.60,18.60,16.70,17.80,17.80,17.85,22,2796,48815.00,
535719,QUEST SOFTEC,X ,Q,2.40,2.40,2.40,2.40,2.40,2.40,3,103,247.00,
535754,ORIENT CEM  ,A ,Q,161.30,166.60,161.30,163.35,163.10,161.30,2040,131853,21607275.00,
535755,ABFRL       ,A ,Q,214.40,216.00,213.10,214.45,214.45,214.40,1071,72314,15504391.00,
535789,IBUL HSG FIN,A ,Q,229.60,229.80,226.50,227.40,227.40,229.80,4812,353880,80703146.00,
536170,KUSHAL      ,XT,Q,4.07,4.07,3.87,4.03,4.03,4.00,117,42326,167659.00,
536264,TIGER LOGS  ,XT,Q,120.00,122.05,116.30,122.05,122.05,116.25,384,53152,6432593.00,
536493,JKAGRI GEN  ,X ,Q,724.00,725.00,705.00,709.10,709.00,715.95,129,1985,1412880.00,
536507,FUTLIF FAS  ,A ,Q,50.80,53.45,50.80,53.45,53.45,50.95,224,11269,601261.00,
536565,TRIMURTHI   ,X ,Q,7.58,7.95,7.58,7.90,7.90,7.58,5,71,563.00,
536659,PVVINFRA    ,XT,Q,6.45,6.45,6.01,6.30,6.30,6.28,49,4629,28253.00,
536709,INDRENEW    ,XT,Q,11.63,11.63,10.95,11.27,11.39,11.13,26,2269,25354.00,
536751,FIVEXTRADE  ,XT,Q,0.95,0.96,0.90,0.93,0.93,0.94,51,35053,32268.00,
536846,YURANUS INFR,XT,Q,6.27,6.27,6.27,6.27,6.27,6.60,4,26,163.00,
536868,INTEGRA TELE,XT,Q,64.35,64.35,64.35,64.35,64.35,61.30,120,31444,2023421.00,
536960,MOM100      ,B ,Q,30.80,31.32,30.61,30.90,31.00,30.89,376,25830,798544.00,
536965,BP CAPITAL  ,XT,Q,10.56,10.56,9.58,10.56,10.56,10.06,53,11918,120969.00,
536974,CAPTAIN POLY,X ,Q,28.45,28.45,27.70,28.05,28.05,28.05,547,62959,1770521.00,
537007,ICICINIFTY  ,B ,Q,186.09,186.50,185.44,185.98,186.09,186.11,138,5681,1056701.00,
537008,ICICINF100  ,B ,Q,190.50,195.00,189.80,192.00,192.00,191.98,37,128,24681.00,
537069,ARNOLD HOLD ,X ,Q,14.70,14.70,13.75,14.10,13.90,14.70,75,44136,616008.00,
537253,SUNIL HEALTH,X ,Q,36.55,37.95,34.50,35.10,35.05,36.75,23,1412,51385.00,
537254,RCI IND     ,B ,Q,7.99,8.29,7.51,7.81,7.81,7.62,66,18401,146982.00,
537259,SUYOG TELE  ,B ,Q,410.00,410.00,395.00,401.55,401.25,400.50,18,171,68782.00,
537291,NATH BIOGEN ,A ,Q,339.15,341.50,335.05,335.70,336.25,336.75,305,2405,813011.00,
537292,AGRI TECH   ,B ,Q,60.95,60.95,60.90,60.95,60.95,58.05,43,5070,309014.00,
537326,CHEMTECH IND,T ,Q,10.26,11.04,10.26,11.04,11.04,10.80,8,1802,18490.00,
537392,TAAZAINT    ,XT,Q,22.70,22.70,22.70,22.70,22.70,21.65,10,8296,188319.00,
537483,NETFNIF100  ,B ,Q,183.00,183.10,180.16,181.92,182.00,181.00,32,166,30253.00,
537524,VIAANINDUS  ,X ,Q,0.78,0.85,0.78,0.78,0.78,0.82,527,733218,584789.00,
537536,DENIS CHEM  ,X ,Q,71.55,72.45,68.25,69.30,69.95,70.15,78,4383,307362.00,
537573,POLYMAC     ,M ,Q,27.00,27.00,27.00,27.00,27.00,26.50,1,800,21600.00,
537582,UNISHIRE    ,M ,Q,1.35,1.35,1.35,1.35,1.35,1.35,1,10000,13500.00,
537708,KOTAKNIFTY  ,B ,Q,183.49,183.49,182.09,182.47,182.47,182.75,37,787,143694.00,
537750,KIRAN VYPAR ,X ,Q,128.60,131.85,128.00,129.95,129.95,128.00,42,860,111381.00,
537766,BCP LTD     ,B ,Q,3.85,3.85,3.71,3.75,3.75,3.78,66,28836,108027.00,
537785,RACE        ,M ,Q,211.25,212.10,211.00,212.10,212.10,210.05,6,3750,793593.00,
537800,MANGALAM IND,XT,Q,4.43,4.43,4.32,4.43,4.43,4.22,601,615263,2724112.00,
537820,VFL         ,T ,Q,1.72,1.72,1.58,1.60,1.60,1.65,44,30929,50708.00,
537839,PHOENIX TN  ,X ,Q,16.70,16.70,15.20,15.25,15.25,15.95,9,723,12040.00,
537985,INFRONICS SY,XT,Q,11.65,11.65,11.10,11.65,11.65,11.10,49,5979,69330.00,
538019,OBI LTD     ,XT,Q,3.61,3.62,3.45,3.58,3.58,3.61,65,8458,29713.00,
538057,CPSE ETF    ,B ,Q,26.08,26.65,25.72,26.58,26.56,26.37,673,339943,9011498.00,
538092,JOONKTOLLEE ,X ,Q,111.50,115.90,111.50,115.25,115.25,115.45,9,94,10698.00,
538119,RNB DENIMS  ,B ,Q,160.25,160.25,149.00,151.00,150.00,154.30,119,4010,616388.00,
538180,GOLD LINE   ,Z ,Q,0.36,0.36,0.35,0.36,0.36,0.35,305,721580,259214.00,
538212,SHARP INV   ,X ,Q,0.59,0.60,0.58,0.60,0.60,0.58,346,463565,274930.00,
538268,WONDERLA    ,A ,Q,235.50,235.70,231.80,232.55,232.35,234.40,432,6469,1513887.00,
538273,RESPONS INF ,X ,Q,10.92,10.92,9.88,9.88,9.88,10.40,11,415,4318.00,
538351,AFEL        ,X ,Q,34.80,35.80,33.00,33.95,33.95,34.10,165,62822,2158749.00,
538365,INCREDIBLE  ,T ,Q,28.00,28.40,26.35,27.20,28.25,27.50,65,8847,236695.00,
538401,MAESTROS ELE,X ,Q,61.60,61.95,59.40,60.00,60.00,60.10,48,14310,860037.00,
538446,MONEYBOXX   ,T ,Q,77.00,80.00,75.00,78.50,78.50,77.80,12,771,60458.00,
538464,TPROJECT    ,X ,Q,1.49,1.49,1.42,1.42,1.42,1.42,9,2016,2991.00,
538465,AMARSEC     ,X ,Q,16.94,16.94,16.94,16.94,16.94,16.14,1,1,16.00,
538476,CTL         ,X ,Q,7.07,7.15,6.65,6.67,6.66,6.81,70,14124,96394.00,
538521,CROWNTOURS  ,XT,Q,29.75,29.75,28.95,28.95,28.95,28.60,3,7,203.00,
538537,OMANSH      ,XT,Q,1.25,1.25,1.25,1.25,1.25,1.25,4,175,218.00,
538539,JTAPARIA    ,XT,Q,1.50,1.50,1.50,1.50,1.50,1.50,1,1,1.00,
538542,GOLDCOINHF  ,XT,Q,8.43,8.43,8.05,8.05,8.05,8.05,4,75,604.00,
538562,SKIPPER     ,B ,Q,80.30,87.05,79.50,86.70,86.15,79.60,1256,110491,9328837.00,
538564,JAMESWARREN ,X ,Q,268.00,270.00,257.25,258.40,258.40,266.25,229,10368,2729631.00,
538565,VISTARAMAR  ,X ,Q,68.00,71.95,66.70,68.00,68.00,69.15,30,773,53048.00,
538566,APOLLOTRI   ,A ,Q,1720.00,1751.00,1705.45,1745.65,1745.65,1701.30,4318,62726,108878737.00,
538567,GULFOIL LUB ,A ,Q,612.00,616.00,606.30,612.45,610.25,608.35,256,2004,1222398.00,
538569,TRIVENI ENT ,X ,Q,11.77,11.77,11.00,11.12,11.58,11.77,44,5098,57981.00,
538596,QUANTBUILD  ,XT,Q,11.38,11.38,10.30,10.30,10.30,10.84,161,28801,315348.00,
538597,TTIENT      ,XT,Q,17.45,17.47,17.45,17.47,17.47,16.64,74,21723,379250.00,
538598,VISHAL      ,B ,Q,120.65,121.15,120.15,120.40,120.75,120.40,191,5657,682045.00,
538607,TOYAMIND    ,XT,Q,2.96,2.96,2.75,2.75,2.75,2.89,252,431432,1201606.00,
538610,UNISON      ,XT,Q,98.75,98.75,98.75,98.75,98.75,94.05,6,458,45227.00,
538611,RTFL        ,X ,Q,8.49,8.49,7.86,8.00,8.09,8.20,9,66,550.00,
538634,VRL         ,X ,Q,135.00,135.00,131.00,132.25,131.60,133.95,59,2683,355534.00,
538635,SNOWMAN     ,A ,Q,44.00,46.55,43.60,45.15,45.15,44.55,2059,279200,12591391.00,
538646,QGO         ,XT,Q,27.20,27.20,27.20,27.20,27.20,25.95,5,1572,42758.00,
538666,SHARDACROP  ,A ,Q,330.60,332.20,322.90,329.00,327.50,325.85,884,11187,3665598.00,
538683,NETFSENSEX  ,B ,Q,639.00,670.00,630.00,634.60,634.60,634.23,36,228,147167.00,
538685,SHEMAROO    ,B ,Q,128.20,137.55,124.60,137.55,137.55,125.05,1131,133242,18181993.00,
538706,ULTRACAB    ,B ,Q,143.50,143.50,137.25,137.70,138.40,137.70,81,4248,589586.00,
538708,ETIL        ,X ,Q,4.75,4.75,4.52,4.52,4.52,4.51,4,1238,5832.00,
538713,ATISHAY     ,B ,Q,31.70,31.70,29.25,29.65,29.60,30.00,31,11491,341153.00,
538715,DHABRIYA    ,B ,Q,69.20,71.95,69.20,69.80,69.80,70.90,22,893,62942.00,
538730,PDSMFL      ,B ,Q,1200.05,1219.05,1170.10,1218.60,1204.00,1195.90,82,781,933738.00,
538732,VGCL        ,T ,Q,69.95,69.95,69.90,69.90,69.90,67.00,2,12,839.00,
538733,STARLIT     ,B ,Q,13.69,13.69,12.24,13.22,13.22,12.65,16,2712,35231.00,
538734,CEINSYSTECH ,B ,Q,153.55,158.75,153.55,154.95,154.95,157.20,17,3383,528591.00,
538743,MUDUNURU    ,XT,Q,5.95,6.20,5.95,6.20,6.20,6.20,3,100,619.00,
538770,CRANE INFRA ,X ,Q,6.23,6.67,6.22,6.55,6.55,6.22,13,2718,17023.00,
538772,NIYOGIN     ,X ,Q,93.50,95.90,88.15,88.15,88.15,92.75,267,25863,2375243.00,
538778,AKASHDEEP   ,X ,Q,38.25,40.00,37.55,38.15,38.15,38.90,99,37656,1462829.00,
538795,SAPPL       ,X ,Q,329.70,329.70,315.00,320.25,319.00,317.00,59,4032,1290288.00,
538812,AANCHALISP  ,XT,Q,5.11,5.21,5.11,5.20,5.21,4.97,41,19305,100217.00,
538833,ANUBHAV     ,XT,Q,3.95,3.95,3.64,3.92,3.92,3.80,14,1375,5262.00,
538834,MEL         ,XT,Q,9.01,9.44,9.01,9.34,9.40,9.01,25,1376,12647.00,
538835,INTELLECT   ,A ,Q,631.10,639.00,623.75,631.50,633.40,635.45,2524,25006,15710429.00,
538836,MONTECARLO  ,B ,Q,368.25,369.45,363.45,366.05,368.00,368.25,319,2172,796291.00,
538837,JSTL        ,X ,Q,93.50,98.55,92.50,98.50,98.50,93.90,291,27136,2611778.00,
538838,ICL         ,XT,Q,26.25,26.25,26.25,26.25,26.25,25.00,1,1,26.00,
538860,PANAFIC     ,XT,Q,0.31,0.32,0.31,0.32,0.32,0.32,86,118346,37655.00,
538868,CSL         ,XT,Q,17.25,17.25,17.10,17.10,17.10,17.15,2,2,34.00,
538882, EMERALD    ,X ,Q,20.20,20.20,18.80,18.80,18.80,19.75,39,15864,299263.00,
538890,MKEXIM      ,X ,Q,69.40,72.50,66.25,71.10,72.35,69.35,132,15847,1106229.00,
538891,MCLOUD      ,XT,Q,60.95,61.00,60.00,60.10,60.10,58.10,36,6776,409790.00,
538896,KANCHI      ,X ,Q,844.00,885.00,844.00,881.90,881.90,845.25,475,5559,4837372.00,
538902,DHUN TEAIND ,B ,Q,280.00,283.00,278.80,280.20,281.00,280.60,145,1258,353457.00,
538918,VANICOM     ,X ,Q,1.65,1.65,1.65,1.65,1.65,1.65,2,120,198.00,
538919,SKILVEN     ,X ,Q,8.50,8.50,8.50,8.50,8.50,8.49,2,53,450.00,
538920,SPACEAGE    ,XT,Q,75.00,75.00,68.40,71.80,71.80,71.95,29,1452,100582.00,
538922,COSYN       ,XT,Q,26.00,27.35,25.00,26.45,26.45,26.30,27,3739,95386.00,
538928,KARNAVATI   ,B ,Q,12.04,12.04,11.80,11.92,11.80,12.04,2,2,23.00,
538942,MERCANTILE  ,X ,Q,15.73,15.73,14.21,14.57,14.45,14.77,29,3255,47255.00,
538943,SONAL       ,X ,Q,22.15,23.00,22.15,23.00,23.00,22.55,2,810,17950.00,
538952,ALFL        ,XT,Q,1.25,1.30,1.18,1.19,1.18,1.24,129,72006,89995.00,
538961,GENUSPAPER  ,T ,Q,9.90,9.98,9.40,9.65,9.74,9.77,107,111484,1077063.00,
538962,MINDACORP   ,A ,Q,125.40,126.85,123.30,124.10,126.20,124.70,415,18203,2271548.00,
538964,MERCURYLAB  ,X ,Q,690.00,701.45,681.00,693.05,693.00,716.60,9,15,10384.00,
538965,CONCORD     ,XT,Q,26.10,26.80,25.50,26.30,26.20,26.70,47,7604,200007.00,
538970,MANVIJAY    ,T ,Q,64.80,67.85,63.15,67.85,67.85,64.65,1021,224891,15124006.00,
538979,GRNLAM IND  ,B ,Q,1400.00,1400.70,1364.80,1387.30,1385.50,1363.90,204,454,626028.00,
538987,TALBROSENG  ,X ,Q,256.90,258.60,245.05,253.40,255.00,253.80,56,2346,588792.00,
538992,SAPL        ,X ,Q,355.00,355.00,354.95,355.00,355.00,340.00,16,5235,1858424.00,
539006,PTCIL       ,XT,Q,2665.00,2794.00,2600.05,2674.95,2690.05,2700.00,52,438,1182324.00,
539009,GBLIL       ,XT,Q,4.46,4.58,4.16,4.50,4.50,4.37,46,10150,45542.00,
539011,CHENFERRO   ,X ,Q,45.45,45.45,45.45,45.45,45.45,43.30,21,11208,509403.00,
539012,MEGRISOFT   ,XT,Q,269.10,269.10,269.10,269.10,269.10,256.30,9,819,220392.00,
539013,GITARENEW   ,XT,Q,97.90,97.90,97.90,97.90,97.90,103.05,60,1074,105144.00,
539015,ORTEL       ,Z ,Q,1.09,1.09,1.09,1.09,1.09,1.14,1,75,81.00,
539016,NEIL        ,X ,Q,5.50,5.50,5.25,5.30,5.30,5.36,18,3259,17277.00,
539017,STARHFL     ,B ,Q,91.70,91.70,86.20,89.60,90.00,90.00,129,8417,752470.00,
539018,BEEKAY      ,X ,Q,375.05,388.00,374.90,382.95,382.95,378.00,60,2300,871647.00,
539031,SETFBSE100  ,B ,Q,184.99,184.99,182.05,184.95,184.95,183.99,20,154,28246.00,
539032,FRASER      ,X ,Q,11.51,11.51,11.20,11.51,11.51,11.20,31,33771,383367.00,
539041,SVPHOUSING  ,M ,Q,4.37,4.37,4.37,4.37,4.37,4.60,2,5000,21850.00,
539042,AGIIL       ,B ,Q,178.65,178.70,178.60,178.60,178.60,178.35,6,93,16615.00,
539043,BKMINDST    ,T ,Q,1.30,1.37,1.30,1.34,1.34,1.34,57,50082,65666.00,
539044,MANAKSTELTD ,B ,Q,34.05,36.50,34.05,36.50,36.50,34.80,139,73842,2683744.00,
539045,MNKALCOLTD  ,B ,Q,17.10,18.45,17.10,18.45,18.45,16.80,352,75641,1380530.00,
539046,MNKCMILTD   ,B ,Q,12.05,12.99,12.05,12.48,12.48,12.49,45,4101,50447.00,
539056,IMAGICAA    ,B ,Q,7.70,7.95,7.62,7.65,7.84,7.69,48,9572,73733.00,
539083,INOXWIND    ,B ,Q,107.00,109.00,103.45,104.00,104.00,105.90,3019,1171671,123102103.00,
539096,AANANDALAK  ,XT,Q,4.41,4.41,4.41,4.41,4.41,4.20,11,2376,10478.00,
539097,HKG         ,M ,Q,52.10,53.00,52.10,52.10,52.10,53.00,5,60000,3130625.00,
539111,SHESHAINDS  ,X ,Q,4.08,4.32,4.08,4.32,4.32,4.29,8,2570,10981.00,
539112,SAB         ,X ,Q,71.60,71.60,71.60,71.60,71.60,75.35,4,265,18974.00,
539113,PML         ,X ,Q,1600.00,1606.00,1519.55,1554.15,1542.25,1601.00,63,335,519724.00,
539118,VRLLOG      ,A ,Q,347.00,354.75,335.00,337.05,337.05,349.50,1299,19574,6728746.00,
539119,JAINMARMO   ,XT,Q,23.10,23.10,23.10,23.10,23.10,24.30,1,2,46.00,
539121,PALCO       ,X ,Q,24.00,24.00,24.00,24.00,24.00,24.00,1,100,2400.00,
539122,BODHTREE    ,X ,Q,32.45,33.75,32.40,32.60,32.60,34.05,281,56980,1866080.00,
539126,MEP         ,B ,Q,21.50,21.50,20.40,20.75,20.50,20.70,167,22225,458948.00,
539132,VEGETABLE   ,X ,Q,4.25,4.40,4.05,4.35,4.40,4.24,45,3709,15868.00,
539141,UFO         ,B ,Q,91.50,92.85,90.90,91.55,91.55,91.55,827,28720,2645216.00,
539143,PANTH       ,X ,Q,9.70,10.19,8.51,9.43,9.43,9.40,82,9693,88240.00,
539148,SHIVALIK    ,X ,Q,1005.00,1005.00,975.05,981.65,982.95,985.70,378,5595,5507269.00,
539149,ICSL        ,X ,Q,3.13,3.13,2.99,2.99,2.99,2.99,7,2024,6321.00,
539150,PNCINFRA    ,A ,Q,365.00,366.75,358.70,359.50,359.40,368.85,1499,33697,12182194.00,
539151,ARFIN       ,X ,Q,59.20,66.00,59.15,64.35,64.70,61.45,58,4397,279054.00,
539175,INDRAIND    ,X ,Q,5.90,5.90,5.90,5.90,5.90,5.62,5,1211,7144.00,
539176,HAWAENG     ,XT,Q,55.00,55.00,52.25,55.00,55.00,55.00,11,502,27222.00,
539177,AIIL        ,XT,Q,1338.00,1400.00,1332.00,1396.30,1398.00,1334.35,147,973,1341499.00,
539195,POEL        ,X ,Q,46.90,46.90,43.00,43.60,43.55,45.05,65,5719,254470.00,
539196,AEL         ,XT,Q,25.00,25.05,25.00,25.05,25.05,23.90,18,3346,83767.00,
539197,DEVHARI     ,XT,Q,0.52,0.54,0.50,0.54,0.54,0.52,153,477231,242324.00,
539199,MOONGIPASEC ,XT,Q,7.58,7.58,7.58,7.58,7.58,7.22,1,1,7.00,
539201,SATIA       ,A ,Q,99.20,100.60,98.00,98.65,98.55,98.00,534,17498,1742115.00,
539216,GARMNTMNTR  ,B ,Q,174.80,179.00,163.20,166.45,166.45,171.20,209,13911,2361212.00,
539217,SRESTHA     ,X ,Q,3.38,3.38,3.13,3.19,3.19,3.29,56,220896,705324.00,
539218,SAUMYA      ,X ,Q,102.50,102.50,102.50,102.50,102.50,105.70,2,3,307.00,
539219,MUL         ,XT,Q,17.15,18.50,17.15,18.25,18.45,18.05,32,4261,76922.00,
539220,MISHKA      ,T ,Q,34.50,34.50,34.50,34.50,34.50,34.50,2,75,2587.00,
539221,SPORTKING   ,XT,Q,4789.00,4789.00,4550.00,4732.35,4732.35,4669.50,869,5228,24577791.00,
539222,VMV         ,M ,Q,8.76,8.76,8.75,8.75,8.75,9.05,3,7500,65675.00,
539223,AMBITION    ,B ,Q,4.02,4.02,4.02,4.02,4.02,4.02,16,15000,60300.00,
539226,RUDRA       ,T ,Q,30.00,32.60,29.65,32.40,32.40,31.10,57,1930,60187.00,
539227,LOYAL       ,B ,Q,31.80,31.80,30.60,30.60,30.60,30.55,7,201,6346.00,
539228,GGPL        ,B ,Q,34.35,34.35,32.75,33.50,33.75,31.65,70,6355,214615.00,
539229,MRSS        ,M ,Q,8.99,8.99,8.73,8.95,8.95,8.73,3,1800,16002.00,
539235,GPL         ,X ,Q,148.15,155.55,143.00,145.10,143.00,148.15,19,708,107806.00,
539252,SCFL        ,B ,Q,11.90,11.92,11.70,11.92,11.92,11.36,139,79692,947779.00,
539254,ADANITRANS  ,T ,Q,1738.15,1810.80,1704.45,1803.30,1803.30,1724.60,742,10340,18277906.00,
539255,STARDELTA   ,X ,Q,87.00,90.00,87.00,89.90,90.00,87.85,7,64,5651.00,
539267,DRHABEEB    ,X ,Q,28.40,32.50,28.40,31.75,31.95,31.45,17,768,24292.00,
539268,SYNGENE     ,A ,Q,611.90,631.60,611.90,630.80,630.80,614.05,2597,52862,32965693.00,
539274,BLFL        ,Z ,Q,2.88,2.99,2.88,2.99,2.99,2.87,8,1584,4572.00,
539275,MSL         ,B ,Q,89.00,89.00,79.00,82.20,81.15,81.00,80,19690,1589677.00,
539276,KAYA        ,B ,Q,440.65,453.90,436.95,449.60,452.45,440.85,472,3231,1439772.00,
539278,SYMBIOX     ,X ,Q,1.52,1.56,1.41,1.46,1.49,1.42,67,33833,49998.00,
539287,ORTINLAABS  ,B ,Q,28.75,29.15,28.20,28.80,28.80,29.00,180,10933,313011.00,
539288,AVI         ,XT,Q,46.05,46.05,46.05,46.05,46.05,43.90,6,367,16900.00,
539289,MJCO        ,A ,Q,81.50,88.95,80.30,88.95,88.95,80.90,1546,156119,13438794.00,
539290,BINDALAGRO  ,B ,Q,22.75,23.25,22.50,22.55,22.60,23.00,129,7614,172041.00,
539291,OZONEWORLD  ,X ,Q,7.70,7.75,7.21,7.66,7.66,7.52,214,65136,488886.00,
539300,AKSPINTEX   ,X ,Q,25.00,25.00,23.55,23.55,23.55,24.25,3,5,123.00,
539301,ARVSMART    ,B ,Q,150.95,152.75,146.00,147.05,148.20,150.55,884,21673,3220202.00,
539302,POWERMECH   ,A ,Q,830.10,846.95,826.40,830.95,829.70,826.95,722,3038,2540687.00,
539304,CANOPYFIN   ,XT,Q,23.00,23.00,22.60,22.60,22.60,23.75,12,12781,289012.00,
539309,RAMASTEEL   ,T ,Q,242.00,245.85,231.95,232.45,239.40,244.15,106,2102,494552.00,
539310,THINKINK    ,X ,Q,42.50,43.40,42.50,42.80,42.80,42.80,330,544124,23362972.00,
539312,UTISENSETF  ,B ,Q,615.00,620.00,608.10,616.75,616.75,618.31,31,246,151329.00,
539313,UTINIFTETF  ,B ,Q,1825.00,1825.00,1814.10,1814.55,1815.00,1820.00,6,6,10919.00,
539331,VETO        ,B ,Q,104.00,104.95,102.00,102.60,102.60,104.80,529,21406,2205222.00,
539332,NAVKARCORP  ,B ,Q,43.80,44.60,42.40,43.10,43.10,43.10,877,74391,3204855.00,
539334,SHREEPUSHK  ,B ,Q,220.75,237.75,217.95,229.15,229.15,222.45,3221,102612,23479700.00,
539336,GUJGAS      ,A ,Q,689.95,692.20,678.10,681.30,681.30,688.90,2182,2477043,1706245001.00,
539346,SADBHIN     ,B ,Q,16.90,16.90,15.70,15.70,15.70,16.50,792,570916,9084644.00,
539353,SALAUTO     ,X ,Q,202.50,230.00,202.50,207.05,206.55,220.70,28,448,94330.00,
539354,POLYSPIN    ,X ,Q,81.95,82.25,80.40,81.70,81.90,81.45,32,2954,241850.00,
539359,PRITIKAUTO  ,B ,Q,18.50,18.50,18.00,18.25,18.25,18.20,317,57460,1052672.00,
539363,SKC         ,T ,Q,9.50,9.75,9.50,9.70,9.75,9.49,17,7285,70425.00,
539383,MINFY       ,Z ,Q,3.62,3.62,3.62,3.62,3.62,3.45,3,303,1096.00,
539384,KRISHNACAP  ,XT,Q,9.78,9.78,9.78,9.78,9.78,9.32,5,230,2249.00,
539391,ACME        ,X ,Q,13.71,14.28,13.26,14.27,14.27,13.66,16,2624,37354.00,
539398,VISHALBL    ,B ,Q,32.85,32.85,31.60,32.75,32.75,32.40,6,49,1605.00,
539399,BELLACASA   ,B ,Q,137.35,137.50,129.25,131.45,130.80,130.90,45,2383,313815.00,
539400,MALLCOM     ,X ,Q,635.80,689.00,623.35,669.25,665.00,632.45,374,21195,14054099.00,
539402,VAL         ,M ,Q,28.00,29.25,28.00,28.70,29.25,26.10,5,32000,918400.00,
539404,SATIN       ,A ,Q,79.20,79.55,77.50,77.70,77.90,77.65,238,10720,836576.00,
539405,DITCO       ,XT,Q,17.60,17.60,16.50,16.50,16.50,16.90,2,10,166.00,
539407,GENCON      ,B ,Q,45.40,45.40,42.10,43.90,43.55,41.85,263,21250,927273.00,
539409,NEERAJ      ,XT,Q,14.00,14.00,14.00,14.00,14.00,14.00,1,1,14.00,
539410,MUZALI      ,XT,Q,3.10,3.42,3.10,3.42,3.42,3.26,16,15902,50435.00,
539428,TEJNAKSH    ,B ,Q,89.30,89.85,86.55,89.10,89.40,89.80,155,28749,2555258.00,
539436,COFFEEDAY   ,B ,Q,28.35,28.40,27.30,27.80,27.80,27.70,689,115445,3212023.00,
539437,IDFCFIRSTB  ,A ,Q,46.20,47.00,45.75,46.85,46.85,46.20,6665,2041956,94538336.00,
539447,BEARDSELL   ,B ,Q,13.90,13.99,13.37,13.40,13.40,13.77,19,3277,44890.00,
539448,INDIGO      ,A ,Q,1937.00,1941.40,1905.00,1912.65,1912.50,1948.80,1289,12022,23020968.00,
539450,SHK         ,A ,Q,166.00,173.80,166.00,168.30,168.30,168.25,2467,141397,23983395.00,
539469,PANORAMA    ,XT,Q,73.70,73.70,73.70,73.70,73.70,77.45,3,105,7738.00,
539470,SHREEGANES  ,X ,Q,141.00,141.00,136.25,136.25,136.25,137.25,58,16175,2215555.00,
539479,GTV         ,X ,Q,28.70,31.20,28.70,29.95,29.95,29.75,14,3148,96320.00,
539480,LICNETFN50  ,B ,Q,185.14,185.14,182.01,182.91,183.28,183.04,9,29,5322.00,
539487,LICNETFSEN  ,B ,Q,631.99,631.99,631.99,631.99,631.99,621.43,1,5,3159.00,
539494,SMARTFIN    ,XT,Q,7.54,7.54,7.54,7.54,7.54,7.19,1,1,7.00,
539515,QUINT       ,X ,Q,335.20,343.95,335.00,335.00,335.00,331.65,28,3490,1170075.00,
539516,HDFCNIFETF  ,B ,Q,184.95,186.00,184.20,185.41,184.57,184.96,55,899,166466.00,
539517,SXETF       ,B ,Q,630.00,630.00,626.00,629.90,629.90,628.70,25,357,224836.00,
539518,UDAYJEW     ,XT,Q,117.60,117.60,107.15,111.75,113.85,112.10,24,567,63365.00,
539519,MAYUKH      ,X ,Q,37.30,37.90,36.00,37.10,37.30,37.15,113,10332,381189.00,
539523,ALKEM       ,A ,Q,3740.00,3819.00,3740.00,3796.60,3788.05,3752.95,1609,13250,50281455.00,
539524,LALPATHLAB  ,A ,Q,4123.05,4153.80,4053.05,4116.10,4116.10,4085.10,1730,6995,28728038.00,
539525,NAVKETAN    ,XT,Q,2.27,2.27,2.25,2.27,2.27,2.17,77,50350,114210.00,
539526,SCTL        ,B ,Q,0.58,0.58,0.56,0.57,0.57,0.57,2332,1693961,960464.00,
539527,CREATIVE    ,X ,Q,400.05,420.00,400.05,410.80,401.55,409.90,51,657,266457.00,
539528,AAYUSH      ,X ,Q,30.65,30.65,29.20,29.20,29.20,30.75,7,245,7161.00,
539542,LUXIND      ,A ,Q,3978.30,3995.95,3929.20,3978.10,3987.90,3986.65,852,1823,7228957.00,
539544,ABHIINFRA   ,X ,Q,3.76,3.76,3.70,3.73,3.75,3.59,6,5427,20257.00,
539545,APOORVA     ,X ,Q,18.75,18.75,18.75,18.75,18.75,17.90,4,300,5625.00,
539546,BNL         ,X ,Q,5.95,5.95,5.45,5.45,5.45,5.71,5,82,470.00,
539551,NH          ,A ,Q,522.00,543.05,522.00,538.45,538.00,524.90,786,6781,3638538.00,
539561,REMLIFE     ,XT,Q,132.50,134.60,131.40,134.30,134.60,132.50,76,28109,3721998.00,
539562,AARNAV      ,X ,Q,62.65,63.50,61.00,62.85,62.85,62.65,7,62,3885.00,
539570,ACEWIN      ,M ,Q,5.22,5.22,5.22,5.22,5.22,5.49,7,67200,350784.00,
539593,SHIVA       ,XT,Q,3.53,3.53,3.53,3.53,3.53,3.37,5,3380,11931.00,
539594,MISHTANN    ,X ,Q,25.65,26.35,24.15,24.30,24.30,25.35,5008,2561010,64565876.00,
539596,DELTA       ,X ,Q,5.26,5.26,5.26,5.26,5.26,5.26,2,2,10.00,
539597,JSLHISAR    ,A ,Q,290.00,299.95,290.00,294.85,295.00,289.80,960,28451,8412512.00,
539598,ORACLECR    ,XT,Q,37.10,39.10,35.40,38.05,39.10,37.25,63,2945,105749.00,
539607,BLUECLOUDS  ,XT,Q,11.00,11.00,11.00,11.00,11.00,11.35,1,1,11.00,
539620,AINFRA      ,X ,Q,36.85,36.85,31.75,31.95,31.75,33.50,48,3422,111365.00,
539621,BCLENTERPR  ,X ,Q,7.99,7.99,7.33,7.98,7.98,8.00,6,1017,8095.00,
539636,PRECAM      ,B ,Q,83.30,84.25,82.10,82.55,83.00,83.30,540,18839,1563089.00,
539658,TEAMLEASE   ,A ,Q,4414.80,4522.30,4382.65,4495.20,4460.65,4458.90,577,1823,8124553.00,
539660,BESTAGRO    ,B ,Q,805.10,824.95,805.10,817.25,824.95,819.50,195,1318,1075112.00,
539661,ACEMEN      ,XT,Q,15.20,15.20,15.10,15.20,15.20,14.50,25,1791,27222.00,
539673,RCL         ,XT,Q,9.20,9.20,8.65,9.15,9.15,9.00,15,2619,23808.00,
539678,QUICKHEAL   ,A ,Q,224.00,226.95,220.35,225.20,225.20,225.20,599,9621,2169865.00,
539679,KAPILRAJ    ,X ,Q,9.25,9.94,9.25,9.94,9.94,9.05,22,6053,59568.00,
539686,KPEL        ,B ,Q,94.10,100.85,93.55,99.60,99.60,99.70,479,62436,6182717.00,
539692,IFINSER     ,X ,Q,6.17,6.47,6.17,6.47,6.47,6.47,7,3352,20746.00,
539697,HILIKS      ,XT,Q,14.86,14.86,14.69,14.69,14.69,14.16,3,42,617.00,
539725,GOKULAGRO   ,B ,Q,38.65,39.20,38.00,38.65,39.15,38.85,210,8287,321241.00,
539730,FREDUN      ,X ,Q,389.90,395.00,377.05,393.80,394.00,381.30,126,4256,1654778.00,
539742,SIMBHALS    ,T ,Q,26.00,27.50,25.30,26.75,27.00,26.60,31,7171,184791.00,
539760,RELICAB     ,M ,Q,27.00,27.95,27.00,27.95,27.95,25.00,3,456000,12317700.00,
539767,MNIL        ,XT,Q,14.98,16.40,14.98,16.23,16.36,15.71,123,72299,1121415.00,
539770,DARJEELING  ,XT,Q,4.53,4.75,4.53,4.75,4.75,4.53,30,12393,58844.00,
539773,ADVIKCA     ,X ,Q,2.82,2.82,2.82,2.82,2.82,2.69,24,39509,111415.00,
539784,LICNFNHGP   ,B ,Q,177.00,177.05,176.17,177.00,177.00,170.50,5,5,884.00,
539785,PDMJEPAPER  ,B ,Q,42.00,42.00,40.15,40.85,40.80,40.40,306,19328,789368.00,
539787,HCG         ,A ,Q,244.30,249.35,234.95,238.85,240.80,239.20,808,17869,4326472.00,
539798,UMIYA       ,B ,Q,7.10,7.86,7.10,7.25,7.25,7.25,9,886,6356.00,
539799,BHARATWIRE  ,T ,Q,65.40,65.50,62.30,62.95,64.70,65.40,43,5850,372071.00,
539800,CHDCHEM     ,B ,Q,6.70,6.70,6.30,6.39,6.37,6.55,77,37613,240754.00,
539807,INFIBEAM    ,A ,Q,44.20,45.80,43.00,44.60,45.30,43.80,2245,483991,21255013.00,
539814,LELAVOIR    ,X ,Q,68.45,70.45,67.90,68.80,68.95,68.45,287,127788,8763622.00,
539833,SICLTD      ,X ,Q,0.40,0.42,0.40,0.42,0.42,0.40,34,195263,80187.00,
539835,SUPERIOR    ,X ,Q,185.25,185.50,184.20,185.45,185.50,185.40,113,12138,2249500.00,
539837,RPEL        ,T ,Q,782.00,782.00,743.10,771.75,770.25,781.55,402,5907,4558274.00,
539839,FRANKLIN    ,M ,Q,6.50,6.50,6.50,6.50,6.50,6.26,7,40000,260000.00,
539841,LANCER      ,B ,Q,290.00,290.00,280.05,288.75,288.75,281.35,593,26568,7634910.00,
539844,EQUITAS     ,A ,Q,126.00,126.00,123.20,123.75,123.75,125.55,1147,58452,7294501.00,
539854,HALDER      ,X ,Q,814.80,819.75,750.00,819.75,819.75,780.75,202,2565,2062942.00,
539861,SKIL        ,B ,Q,3.91,4.00,3.87,3.94,3.87,3.91,20,5265,20680.00,
539871,THYROCARE   ,A ,Q,1243.85,1282.25,1241.80,1274.40,1270.00,1240.45,664,6332,8020145.00,
539872,BAJAJHCARE  ,B ,Q,915.00,915.00,889.95,902.30,901.60,912.80,1367,14672,13254674.00,
539874,UJJIVAN     ,A ,Q,144.60,157.45,141.85,157.20,157.20,143.15,9925,486646,73217641.00,
539876,CROMPTON    ,A ,Q,489.00,496.00,476.60,492.10,489.00,485.45,2583,79752,38740904.00,
539883,PILANIINVS  ,A ,Q,1835.05,1887.20,1835.05,1879.65,1880.00,1834.00,480,4227,7841868.00,
539884,DARSHANORNA ,T ,Q,68.75,68.75,65.30,65.50,65.50,67.00,36,2019,134908.00,
539889,PARAGMILK   ,A ,Q,132.45,133.95,131.05,131.35,131.85,132.85,606,23265,3078505.00,
539894,MADHAVIPL   ,X ,Q,4.01,4.15,3.98,4.01,4.00,4.07,242,271805,1093830.00,
539910,KOCL        ,XT,Q,2.59,2.59,2.59,2.59,2.59,2.47,23,72937,188906.00,
539911,SNIM        ,X ,Q,23.00,23.00,23.00,23.00,23.00,24.20,2,66,1518.00,
539917,NAGARFERT   ,T ,Q,12.29,12.38,11.25,11.57,11.69,11.82,375,99571,1184069.00,
539921,SEIL        ,T ,Q,118.10,118.10,112.50,118.10,118.10,112.50,12,32,3773.00,
539938,MIL         ,XT,Q,37.00,37.00,37.00,37.00,37.00,37.05,1,40,1480.00,
539939,YASHCHEM    ,B ,Q,37.15,37.70,36.25,37.20,37.20,36.80,34,1690,62820.00,
539940,MAXVIL      ,B ,Q,92.75,95.05,91.40,91.90,91.60,92.50,492,21602,2006986.00,
539945,ICICINV20   ,B ,Q,94.88,95.40,93.50,94.07,94.10,94.88,253,5930,561492.00,
539946,BAZELINTER  ,XT,Q,18.04,18.04,18.04,18.04,18.04,17.19,1,10,180.00,
539947,JLL         ,XT,Q,13.45,13.70,13.45,13.70,13.70,13.70,4,90,1225.00,
539956,TAALENT     ,X ,Q,989.00,1010.00,960.15,1001.00,1000.00,969.95,111,3023,3005618.00,
539957,MGL         ,A ,Q,1190.00,1190.00,1166.05,1168.60,1167.25,1176.45,964,9875,11592744.00,
539963,ZEAL        ,T ,Q,110.00,111.20,100.95,100.95,100.95,106.25,890,78509,7935707.00,
539978,QUESS       ,A ,Q,876.00,884.45,855.10,870.15,878.85,861.50,826,7054,6129198.00,
539980,ICICIMCAP   ,B ,Q,104.00,105.30,103.10,103.92,103.90,103.20,36,1150,119626.00,
539982,ASYL        ,T ,Q,11.25,11.25,10.91,10.91,10.91,10.96,5,1700,18762.00,
539984,HUIL        ,X ,Q,5500.00,5700.00,5500.00,5511.00,5511.00,5462.80,18,46,254859.00,
539985,TITAANIUM   ,M ,Q,8.95,8.95,8.95,8.95,8.95,8.15,1,8000,71600.00,
539986,COMSYN      ,B ,Q,140.05,148.00,138.85,144.05,144.05,140.15,146,92178,13015250.00,
539992,LLOYDSTEEL  ,T ,Q,2.91,2.97,2.87,2.92,2.95,2.94,704,604921,1766462.00,
539997,KPL         ,M ,Q,510.20,510.20,510.20,510.20,510.20,485.95,19,69000,35203800.00,
540005,LTI         ,A ,Q,5420.00,5457.55,5357.60,5434.15,5429.00,5413.70,2140,9963,53974341.00,
540006,EASTWEST    ,X ,Q,7.88,7.91,7.25,7.45,7.40,7.63,222,176242,1321381.00,
540008,BSLSENETFG  ,B ,Q,551.50,555.00,550.00,555.00,555.00,551.50,3,7,3876.00,
540025,ADVENZYMES  ,A ,Q,367.00,375.55,360.00,366.80,372.80,366.20,735,11499,4236469.00,
540026,LAHL        ,XT,Q,3.89,3.89,3.89,3.89,3.89,4.09,5,54,210.00,
540027,PTIL        ,B ,Q,451.00,452.20,445.80,451.20,451.75,449.55,140,27969,12602202.00,
540047,DBL         ,A ,Q,513.40,516.00,507.30,512.25,512.25,513.40,575,26066,13335831.00,
540048,SPAL        ,B ,Q,336.00,354.20,331.80,346.70,346.70,335.35,366,4845,1657490.00,
540061,BIGBLOC     ,B ,Q,103.45,103.55,103.00,103.55,103.55,103.50,5,120,12383.00,
540063,ECS         ,X ,Q,3.90,4.00,3.76,3.81,3.76,3.91,13,3379,13080.00,
540064,FRETAIL     ,A ,Q,49.40,50.50,48.15,50.50,50.50,45.95,7035,1648072,82120307.00,
540065,RBLBANK     ,A ,Q,173.80,174.85,171.35,172.15,172.15,173.80,3091,211584,36550933.00,
540073,BLS         ,B ,Q,244.20,251.50,237.95,245.20,245.20,236.95,4003,108661,26770067.00,
540078,MITSU       ,B ,Q,287.90,287.90,273.70,276.30,274.00,279.15,130,45133,12445710.00,
540080,NARAYANI    ,B ,Q,31.20,31.40,29.10,30.55,30.00,30.40,705,23156,697384.00,
540081,GOVNOW      ,T ,Q,3.05,3.20,3.05,3.15,3.15,3.20,8,5314,16258.00,
540083,TVVISION    ,T ,Q,2.71,2.71,2.71,2.71,2.71,2.85,3,11,29.00,
540097,VISCO       ,X ,Q,12.85,12.85,12.85,12.85,12.85,11.70,1,10,128.00,
540108,TIAANC      ,X ,Q,12.02,12.64,11.55,12.56,12.50,12.04,302,69584,863747.00,
540115,LTTS        ,A ,Q,4350.00,4381.95,4290.00,4306.70,4310.00,4339.85,2190,13761,59580501.00,
540124,GNA         ,B ,Q,738.65,829.95,737.65,791.75,795.75,744.85,6623,72680,57920196.00,
540133,ICICIPRULI  ,A ,Q,716.85,717.55,695.00,697.25,697.25,716.85,1893,45192,31819158.00,
540134,IISL        ,X ,Q,2.99,2.99,2.98,2.99,2.99,2.85,4,6230,18627.00,
540135,ARCFIN      ,XT,Q,5.52,5.52,5.51,5.51,5.51,5.80,10,2054,11322.00,
540136,HPL         ,B ,Q,66.10,69.85,66.10,68.20,68.20,68.90,504,19936,1364606.00,
540143,SAGARSOFT   ,X ,Q,216.00,216.00,200.20,200.20,200.20,210.70,238,12077,2425787.00,
540144,DRA         ,M ,Q,12.52,12.52,12.52,12.52,12.52,15.01,1,2500,31300.00,
540145,VALIANTORG  ,B ,Q,1389.95,1418.50,1386.55,1396.05,1390.10,1400.60,854,3463,4839097.00,
540147,SHASHIJIT   ,T ,Q,29.00,29.00,29.00,29.00,29.00,29.00,3,514,14906.00,
540153,ENDURANCE   ,A ,Q,1605.00,1605.00,1586.75,1599.70,1596.45,1597.45,301,1020,1625485.00,
540154,IDFSENSEXE  ,B ,Q,611.80,611.80,604.45,605.00,605.00,611.80,8,17,10371.00,
540159,PURPLE      ,X ,Q,24.40,24.40,24.40,24.40,24.40,25.65,3,21,512.00,
540168,SUPRAP      ,XT,Q,22.45,22.45,20.50,21.50,21.50,21.55,10,3007,62290.00,
540173,PNBHOUSING  ,T ,Q,641.55,650.00,630.00,634.75,636.00,644.80,490,7186,4598424.00,
540174,SOUTHERNIN  ,XT,Q,18.60,18.60,17.90,18.40,18.40,18.20,11,275,4962.00,
540175,REGENCY     ,X ,Q,10.87,11.48,10.27,10.69,10.84,10.76,26,7301,77320.00,
540180,VBL         ,A ,Q,925.00,948.00,911.35,939.00,947.90,928.05,2887,26063,24069794.00,
540190,FRANKLININD ,X ,Q,12.65,12.65,12.65,12.65,12.65,12.65,3,17,215.00,
540192,LKPSEC      ,X ,Q,13.85,13.95,12.95,13.05,13.00,13.46,242,64821,863737.00,
540198,OSIAJEE     ,X ,Q,39.95,39.95,37.70,38.80,38.95,39.25,482,78597,3051511.00,
540203,SFL         ,A ,Q,2316.25,2318.95,2285.00,2288.95,2285.00,2299.85,89,136,312369.00,
540205,AVL         ,T ,Q,831.00,915.70,831.00,915.70,915.70,872.10,890,13036,11425077.00,
540210,TMRVL       ,B ,Q,16.70,16.70,14.85,15.05,14.85,15.20,151,23740,360278.00,
540212,TCIEXP      ,A ,Q,1441.00,1519.75,1441.00,1499.30,1490.00,1448.40,2537,14005,20947800.00,
540222,LAURUSLABS  ,A ,Q,655.00,659.60,650.20,656.00,656.00,657.05,4772,84561,55326877.00,
540243,NEWLIGHT    ,XT,Q,73.75,74.00,70.25,73.80,73.95,73.75,25,2731,199905.00,
540252,VSL         ,T ,Q,108.00,110.95,103.00,110.55,110.90,106.75,49,6483,709972.00,
540253,SNTCL       ,XT,Q,1.85,1.85,1.80,1.85,1.85,1.77,44,28683,52942.00,
540254,MTPL        ,X ,Q,8.17,8.17,8.17,8.17,8.17,8.60,7,8801,71904.00,
540259,SHANGAR     ,X ,Q,7.29,7.29,7.07,7.27,7.29,7.20,161,21697,156361.00,
540266,GLCL        ,XT,Q,14.25,14.25,14.25,14.25,14.25,14.25,1,100,1425.00,
540268,DHANVARSHA  ,X ,Q,640.00,666.70,630.00,635.10,635.10,649.65,187,15775,10092391.00,
540293,PRICOLLTD   ,A ,Q,80.15,94.55,80.15,92.45,92.45,81.85,9279,545646,49896820.00,
540311,JITFINFRA   ,T ,Q,99.65,99.65,96.25,99.65,99.65,94.95,152,25942,2573938.00,
540358,RMC         ,M ,Q,24.00,24.90,22.75,24.50,24.50,22.25,5,10000,237900.00,
540359,PARMAX      ,X ,Q,43.20,43.20,42.00,43.20,43.20,42.35,9,394,17019.00,
540360,LLFICL      ,X ,Q,88.00,89.55,86.85,89.35,89.55,87.70,29,15933,1418953.00,
540361,DANUBE      ,XT,Q,40.00,41.50,40.00,40.00,40.00,40.00,14,4160,166473.00,
540366,RADIOCITY   ,B ,Q,24.50,24.50,23.50,23.60,23.60,24.00,435,50021,1188506.00,
540376,DMART       ,A ,Q,3925.10,3962.00,3909.60,3953.65,3961.95,3933.35,2855,12148,47745255.00,
540385,KDLL        ,X ,Q,11.38,11.38,11.00,11.00,11.00,11.38,8,456,5016.00,
540386,ONTIC       ,XT,Q,9.90,9.90,9.89,9.89,9.89,9.43,2,39,385.00,
540393,SMLT        ,M ,Q,71.50,72.00,71.50,72.00,72.00,71.00,4,8000,575000.00,
540395,CHEMCRUX    ,M ,Q,144.05,144.05,143.45,143.45,143.45,151.00,10,15000,2156775.00,
540401,MAXIMUS     ,B ,Q,105.70,106.00,96.00,100.05,100.00,98.75,130,3767,376473.00,
540403,CLEDUCATE   ,B ,Q,144.05,145.70,138.60,144.70,145.25,145.00,134,2741,392236.00,
540405,OCEANIC     ,T ,Q,64.45,64.45,58.50,58.50,58.50,61.40,2,51,3281.00,
540425,SHANKARA    ,A ,Q,558.00,580.85,558.00,566.15,566.15,568.65,826,9819,5619634.00,
540492,STARLENT    ,M ,Q,40.00,40.00,40.00,40.00,40.00,40.05,1,5000,200000.00,
540497,SCHAND      ,B ,Q,115.40,116.15,113.75,114.65,114.65,115.45,283,8197,940525.00,
540519,MEERA       ,M ,Q,79.50,79.50,79.50,79.50,79.50,73.15,1,1200,95400.00,
540526,IRBINVIT    ,IF,Q,56.97,57.25,56.97,57.00,57.00,56.70,63,16167,922814.00,
540530,HUDCO       ,A ,Q,42.85,43.40,42.55,43.00,43.00,42.70,1153,174505,7503251.00,
540544,PSPPROJECT  ,A ,Q,441.70,448.85,437.45,439.90,438.00,443.00,570,5453,2407745.00,
540545,BGJL        ,B ,Q,16.80,16.80,15.50,16.20,16.20,16.20,105,11579,187515.00,
540550,YUG         ,M ,Q,24.00,24.00,24.00,24.00,24.00,27.50,1,4000,96000.00,
540552,AXISAEGPG   ,B ,Q,16.85,17.70,16.85,17.70,17.70,17.05,7,158,2678.00,
540565,INDIGRID    ,IF,Q,136.00,136.10,135.10,135.99,136.00,135.98,107,59191,8048619.00,
540570,VARIMAN     ,X ,Q,39.25,39.60,38.00,38.00,38.00,39.25,25,5398,207133.00,
540575,STARCEMENT  ,A ,Q,106.60,108.00,106.60,107.30,107.40,106.60,328,11484,1232481.00,
540595,TEJASNET    ,T ,Q,439.90,448.05,436.50,448.05,448.05,426.75,823,53643,23701469.00,
540596,ERIS        ,A ,Q,769.65,770.00,761.25,767.25,765.00,771.45,684,4782,3658595.00,
540602,GTPL        ,B ,Q,182.10,234.50,182.10,228.40,228.30,220.90,1307,26301,5893412.00,
540611,AUBANK      ,A ,Q,1170.00,1184.00,1168.40,1173.05,1173.05,1181.65,2563,102667,120853451.00,
540612,ICICILOVOL  ,B ,Q,142.10,143.00,141.00,141.81,142.19,144.57,297,1344,191036.00,
540614,GGENG       ,B ,Q,20.65,21.50,20.30,21.20,21.20,20.25,756,2115054,44725497.00,
540615,7NR         ,B ,Q,8.49,8.49,8.15,8.25,8.25,8.18,48,6716,55968.00,
540621,BHAGYAPROP  ,B ,Q,29.20,30.45,29.20,29.40,29.40,30.45,9,402,11993.00,
540642,SALASAR     ,B ,Q,291.60,298.75,288.10,295.30,295.30,292.45,444,4183,1224883.00,
540647,GANGESSEC   ,B ,Q,89.15,91.65,87.55,89.15,89.15,90.05,66,1046,93580.00,
540648,PALASHSEC   ,B ,Q,78.45,78.45,70.05,71.80,71.80,72.70,103,2258,163960.00,
540649,AVADHSUGAR  ,B ,Q,411.00,416.85,409.85,414.75,415.00,410.85,234,2613,1080116.00,
540650,MAGADHSUGAR ,B ,Q,290.15,292.05,283.05,287.25,285.40,290.10,143,1801,518894.00,
540651,JIGAR       ,M ,Q,30.10,30.10,30.10,30.10,30.10,31.50,1,4000,120400.00,
540653,SINTEXPLAST ,B ,Q,3.92,4.11,3.92,4.00,4.00,4.09,423,548378,2206233.00,
540654,GSTL        ,B ,Q,63.00,63.00,55.30,59.85,59.85,56.05,144,21256,1242482.00,
540669,UTINEXT50   ,B ,Q,43.91,44.60,43.61,44.37,44.00,44.12,39,1523,67073.00,
540673,SIS         ,A ,Q,477.35,486.70,477.35,484.55,482.00,482.60,318,3236,1565610.00,
540678,COCHINSHIP  ,A ,Q,371.00,372.75,367.65,368.45,370.00,371.30,397,6068,2244114.00,
540679,SMSLIFE     ,B ,Q,723.95,736.55,723.90,728.55,726.60,730.75,18,39,28412.00,
540680,KIOCL       ,B ,Q,267.15,267.35,256.70,262.50,262.05,267.40,1500,16292,4275775.00,
540681,CHOTHANI    ,M ,Q,8.50,8.50,8.38,8.46,8.50,8.20,4,40000,338800.00,
540686,SMRUTHIORG  ,X ,Q,331.90,331.90,305.25,316.60,317.00,327.35,272,12015,3778249.00,
540691,ABCAPITAL   ,A ,Q,115.00,117.10,113.90,114.25,114.25,114.60,1920,183714,21191638.00,
540692,APEX        ,A ,Q,273.50,278.35,272.40,274.90,275.00,275.00,1621,24874,6850865.00,
540693,SHISHIND    ,B ,Q,63.80,66.00,63.80,65.10,64.00,64.00,15,321,20638.00,
540694,ANG         ,M ,Q,688.50,688.50,626.10,665.00,665.00,659.05,7,11200,7212400.00,
540697,AMFL        ,XT,Q,1.83,1.83,1.68,1.82,1.82,1.75,75,49478,88271.00,
540699,DIXON       ,A ,Q,4310.00,4363.50,4290.05,4317.70,4317.70,4311.60,3748,14698,63668872.00,
540700,BRNL        ,B ,Q,30.75,31.30,30.35,30.50,30.50,30.50,114,6474,198316.00,
540701,DCAL        ,A ,Q,193.00,205.00,193.00,200.30,200.30,193.25,2047,91377,18425208.00,
540702,LASA        ,B ,Q,75.75,75.75,73.10,73.80,74.00,74.10,667,30779,2279451.00,
540703,PROVESTSER  ,X ,Q,5.99,5.99,5.53,5.99,5.99,6.14,11,1046,6127.00,
540704,MATRIMONY   ,B ,Q,1016.55,1050.00,1015.05,1027.50,1024.45,1019.50,780,4805,4968133.00,
540709,RELHOME     ,T ,Q,4.06,4.20,3.80,4.20,4.20,4.00,396,596915,2476622.00,
540710,CAPACITE    ,B ,Q,156.85,163.75,156.85,160.95,161.60,158.35,932,47157,7626125.00,
540715,SAGAR       ,M ,Q,29.65,29.65,29.10,29.10,29.10,28.25,2,6000,176250.00,
540716,ICICIGI     ,A ,Q,1617.00,1624.40,1604.70,1620.90,1618.15,1611.50,1636,14119,22824701.00,
540718,AKM         ,M ,Q,20.70,20.70,20.70,20.70,20.70,17.25,45,660000,13662000.00,
540719,SBILIFE     ,A ,Q,1176.00,1199.70,1168.30,1172.80,1172.80,1219.90,21813,23963696,28071745572.00,
540724,DIAMONDYD   ,A ,Q,654.40,656.35,651.00,652.80,651.50,656.40,85,436,284916.00,
540725,SISL        ,B ,Q,529.45,532.20,527.10,529.10,527.10,525.95,76,516,273499.00,
540726,TTFL        ,B ,Q,39.00,41.50,37.00,37.80,37.30,37.90,98,19555,764504.00,
540728,SAYAJIIND   ,X ,Q,238.50,238.50,229.00,229.00,229.00,228.00,17,1096,252248.00,
540730,MEHAI       ,B ,Q,44.00,48.80,44.00,45.45,45.25,45.25,59,3906,177018.00,
540735,IRIS        ,M ,Q,117.00,117.00,116.00,116.00,116.00,121.55,2,8000,932000.00,
540737,SGRL        ,B ,Q,394.80,414.00,381.00,385.50,382.50,384.70,827,15030,5875702.00,
540743,GODREJAGRO  ,A ,Q,659.75,672.90,658.90,661.45,661.00,660.50,733,9653,6418446.00,
540744,MESCON      ,XT,Q,13.55,13.68,12.73,13.61,13.31,13.16,38,2935,39374.00,
540749,MASFIN      ,A ,Q,762.95,766.80,753.00,757.80,759.90,758.90,301,1082,820718.00,
540750,IEX         ,A ,Q,593.35,614.00,592.45,598.75,598.75,591.70,24433,965860,583276607.00,
540755,GICRE       ,A ,Q,144.95,145.65,143.65,144.20,144.20,144.95,1452,87821,12712109.00,
540762,TIINDIA     ,A ,Q,1378.15,1383.15,1341.05,1360.75,1360.75,1382.60,634,4440,6035733.00,
540767,NAM-INDIA   ,A ,Q,440.00,450.40,436.05,440.25,440.25,435.60,5320,271043,120013172.00,
540768,MAHLOG      ,A ,Q,729.55,733.15,715.00,720.20,720.20,733.65,1151,9558,6906680.00,
540769,NIACL       ,A ,Q,158.10,160.75,156.95,158.95,158.95,158.30,825,31898,5068031.00,
540774,IFGLEXPOR   ,B ,Q,329.20,333.85,325.00,329.50,333.00,329.75,214,2441,800103.00,
540775,KHADIM      ,B ,Q,255.90,255.90,250.00,250.35,250.00,249.60,215,1512,382400.00,
540776,5PAISA      ,B ,Q,480.00,480.00,466.65,468.20,468.75,470.90,303,2445,1149948.00,
540777,HDFCLIFE    ,A ,Q,744.40,746.00,735.00,737.30,737.30,743.45,1998,49765,36877427.00,
540782,SBRANDS     ,M ,Q,9.87,9.87,9.87,9.87,9.87,9.40,2,3000,29610.00,
540786,SHARIKA     ,B ,Q,9.28,10.24,9.28,9.49,9.50,9.98,207,38130,367533.00,
540787,ICICIB22    ,B ,Q,41.55,42.35,41.55,42.20,42.30,42.10,301,53061,2231976.00,
540788,ASPIRA      ,X ,Q,74.70,74.70,68.10,70.65,70.65,71.15,139,29172,2163556.00,
540789,DNAMEDIA    ,T ,Q,2.07,2.19,2.07,2.19,2.19,2.16,44,24872,52981.00,
540795,DYNAMIC     ,B ,Q,74.25,74.25,74.00,74.25,74.25,70.75,205,55289,4104506.00,
540796,RATNABHUMI  ,B ,Q,72.95,75.00,64.60,67.55,67.55,68.90,21,522,35368.00,
540797,SHALBY      ,B ,Q,191.05,193.75,189.40,190.85,190.00,193.00,565,10668,2040137.00,
540798,FSC         ,B ,Q,66.25,71.95,66.25,71.95,71.95,65.45,344,20420,1456171.00,
540809,MRCEXIM     ,M ,Q,5.41,5.85,5.41,5.78,5.70,5.69,4,40000,222240.00,
540811,DML         ,M ,Q,11.95,11.95,11.89,11.90,11.90,11.31,3,30000,357400.00,
540823,VITESSE     ,XT,Q,25.45,25.50,23.15,24.25,24.25,24.35,50,9816,235215.00,
540824,ASTRON      ,B ,Q,59.85,60.00,58.45,59.35,59.15,59.60,368,22396,1327680.00,
540829,CHANDRIMA   ,X ,Q,4.25,4.40,4.10,4.38,4.38,4.30,32,8623,37435.00,
540850,JFL         ,M ,Q,6.23,6.23,6.23,6.23,6.23,6.55,1,2000,12460.00,
540874,7SEAS       ,X ,Q,17.05,18.65,17.00,17.20,17.20,17.85,78,26262,462236.00,
540879,APOLLO      ,B ,Q,111.10,115.90,111.10,113.40,113.55,114.10,246,3245,371230.00,
540900,NEWGEN      ,T ,Q,584.00,600.00,580.00,596.70,596.70,594.20,146,2187,1295987.00,
540901,PRAXIS      ,B ,Q,33.75,33.75,33.45,33.75,33.75,32.15,36,2359,79591.00,
540902,AMBER       ,A ,Q,3149.00,3149.00,3101.60,3122.05,3125.20,3143.10,383,1724,5369485.00,
540904,TIRUFOAM    ,XT,Q,67.00,67.00,67.00,67.00,67.00,64.50,2,50,3350.00,
540923,AML         ,M ,Q,4.88,4.88,4.42,4.88,4.88,4.65,4,24000,111600.00,
540935,GALAXYSURF  ,A ,Q,3104.55,3193.00,3104.55,3175.75,3176.35,3130.50,435,1457,4584875.00,
540936,GGL         ,B ,Q,13.67,13.67,13.67,13.67,13.67,13.02,39,9441,129058.00,
540938,GUJHYSPIN   ,M ,Q,8.50,8.50,8.50,8.50,8.50,7.80,1,10000,85000.00,
540954,IWP         ,X ,Q,39.65,40.95,39.00,39.15,39.15,39.95,58,4646,184507.00,
540955,TDSL        ,B ,Q,24.50,26.15,24.30,25.35,25.35,24.60,172,43592,1116973.00,
540956,BHATIA      ,B ,Q,124.90,127.50,122.00,126.70,126.70,123.05,75,4323,545021.00,
540961,SHIVAMILLS  ,B ,Q,89.90,91.90,87.50,88.25,88.10,88.30,74,2503,222019.00,
540975,ASTERDM     ,A ,Q,219.10,232.60,218.85,227.25,227.25,219.80,3295,181663,41259985.00,
540980,YSL         ,X ,Q,18469.90,18469.90,17700.00,18100.00,18100.00,17995.00,5,8,144269.00,
541005,KANCOTEA    ,X ,Q,64.80,64.80,62.00,63.20,63.40,62.75,10,535,33481.00,
541006,ANGEL       ,M ,Q,24.85,24.85,24.85,24.85,24.85,26.15,2,8000,198800.00,
541019,HGINFRA     ,A ,Q,597.00,629.65,587.50,602.35,602.35,592.30,4583,60367,36749863.00,
541070,AXISCBDPD   ,B ,Q,14.81,14.81,14.81,14.81,14.81,14.81,1,1,14.00,
541083,INFLAME     ,M ,Q,214.80,221.00,212.10,219.00,219.00,214.80,8,8000,1732800.00,
541096,BPLPHARMA   ,XT,Q,376.00,383.95,376.00,380.65,381.00,376.25,41,409,154924.00,
541097,LIQUIDETF   ,F ,Q,999.99,1000.01,999.99,999.99,1000.01,999.99,7,533,532995.00,
541143,BDL         ,A ,Q,393.90,399.45,392.35,394.20,394.20,395.55,384,5748,2276135.00,
541151,RIDINGS     ,M ,Q,3.21,3.21,3.17,3.17,3.17,3.33,6,48000,153120.00,
541153,BANDHANBNK  ,A ,Q,286.00,286.30,282.15,283.55,283.40,285.95,3556,167513,47539972.00,
541154,HAL         ,A ,Q,1367.25,1386.00,1320.00,1373.85,1373.85,1367.25,2215,24944,33895585.00,
541161,KARDA       ,T ,Q,17.15,17.70,16.35,16.75,16.75,17.15,974,3819470,62862021.00,
541163,SANDHAR     ,B ,Q,279.70,284.35,278.20,282.10,278.20,279.70,839,11119,3125223.00,
541167,YASHO       ,B ,Q,635.80,650.00,625.50,644.95,644.95,624.80,996,14775,9412429.00,
541178,BENARA      ,M ,Q,12.16,12.16,9.91,10.24,10.70,10.42,22,128000,1328380.00,
541179,ISEC        ,A ,Q,726.10,732.60,722.15,725.85,723.70,728.70,877,13619,9905339.00,
541195,MIDHANI     ,A ,Q,184.00,186.15,183.40,183.85,183.85,183.90,944,27941,5155686.00,
541206,OBCL        ,M ,Q,51.75,55.00,50.60,54.40,54.05,51.45,54,180000,9342400.00,
541233,LEMONTREE   ,A ,Q,39.10,41.00,39.00,39.85,39.85,38.85,2832,691290,27595462.00,
541256,IPRU3081    ,F ,Q,14.85,14.85,14.85,14.85,14.85,14.85,1,5,74.00,
541269,CHEMFABALKA ,B ,Q,153.00,155.75,150.00,151.10,151.00,155.50,61,1582,239575.00,
541301,ORIENTELEC  ,A ,Q,347.90,348.00,335.95,338.35,338.35,344.50,1545,31987,10921903.00,
541302,DHRUV       ,M ,Q,33.00,33.00,32.50,33.00,33.00,31.20,5,10000,328200.00,
541303,AKSHAR      ,M ,Q,25.00,25.00,24.95,24.95,24.95,26.25,4,12000,299550.00,
541309,IPRU3095    ,B ,Q,14.80,15.10,14.11,15.09,15.10,14.95,6,105,1584.00,
541313,ICICI500    ,B ,Q,246.50,247.50,243.10,245.00,245.00,249.90,90,311,76051.00,
541336,INDOSTAR    ,A ,Q,297.35,304.30,296.35,302.20,301.30,299.05,590,6899,2078668.00,
541337,MILEFUR     ,M ,Q,22.55,23.60,22.55,23.60,23.60,23.70,5,15000,347550.00,
541347,PARVATI     ,XT,Q,5.49,5.49,5.02,5.10,5.33,5.26,65,19406,100253.00,
541353,INNOVATORS  ,M ,Q,49.50,50.15,49.50,50.00,50.00,49.50,7,11200,558800.00,
541400,ZIMLAB      ,XT,Q,138.05,141.65,138.05,141.45,141.45,143.70,17,676,94495.00,
541402,AFFORDABLE  ,M ,Q,124.00,124.00,124.00,124.00,124.00,125.80,2,3200,396800.00,
541403,DOLLAR      ,A ,Q,393.00,396.00,380.80,384.75,384.30,394.15,1593,31582,12251065.00,
541418,NGIL        ,B ,Q,92.50,93.10,90.90,93.10,93.10,88.70,119,15879,1473770.00,
541444,PALMJEWELS  ,T ,Q,30.70,30.70,29.50,30.55,30.55,30.70,14,273,8197.00,
541445,WAA         ,M ,Q,32.60,35.80,32.60,34.50,34.50,34.20,5,8000,277600.00,
541450,ADANIGREEN  ,T ,Q,1155.50,1213.55,1142.00,1213.55,1213.55,1155.80,1746,26995,32246784.00,
541503,UNICK       ,XT,Q,47.95,47.95,47.95,47.95,47.95,45.70,10,4656,223255.00,
541540,SOLARA      ,A ,Q,1733.50,1733.50,1681.00,1688.25,1688.35,1700.25,759,3904,6627695.00,
541556,RITES       ,A ,Q,273.80,278.10,272.25,273.90,273.90,274.40,696,9736,2669437.00,
541557,FINEORG     ,A ,Q,3129.50,3180.60,3099.75,3172.80,3172.80,3103.30,440,1587,4997769.00,
541578,VARROC      ,A ,Q,274.85,279.00,272.00,273.40,274.70,273.55,1052,17351,4765052.00,
541601,RAJNISH     ,M ,Q,75.35,75.35,75.35,75.35,75.35,71.80,2,2400,180840.00,
541627,HITECHWIND  ,XT,Q,4.10,4.29,4.10,4.28,4.28,4.30,22,6724,27720.00,
541634,RAWEDGE     ,B ,Q,33.20,33.80,31.20,33.15,33.80,33.95,11,673,22314.00,
541700,TCNSBRANDS  ,A ,Q,685.00,691.05,658.95,686.65,687.00,660.05,775,7639,5160909.00,
541702,ASHNI       ,XT,Q,7.60,7.68,7.01,7.01,7.01,7.32,11,582,4264.00,
541729,HDFCAMC     ,A ,Q,3302.00,3363.00,3223.00,3247.35,3247.35,3267.10,6184,46642,153736351.00,
541735,VIVANTA     ,XT,Q,15.30,15.30,15.30,15.30,15.30,14.60,8,1605,24556.00,
541741,TINNATFL    ,X ,Q,17.85,17.85,17.85,17.85,17.85,17.00,1,25,446.00,
541770,CREDITACC   ,A ,Q,704.60,704.60,686.55,690.40,689.50,697.25,554,5471,3782875.00,
541771,AMINTAN     ,XT,Q,1.96,2.08,1.96,2.07,2.07,1.99,169,185290,383314.00,
541778,DEEP        ,B ,Q,179.00,183.90,177.10,181.85,182.45,178.30,341,59625,10783533.00,
541804,IPRU3168    ,B ,Q,13.24,13.24,13.24,13.24,13.24,13.24,1,500,6620.00,
541805,IPRU3169    ,B ,Q,12.92,12.92,12.92,12.92,12.92,11.75,4,106,1369.00,
541809,ICICINXT50  ,B ,Q,43.30,44.70,43.10,43.40,43.40,43.18,151,40877,1815206.00,
541865,ASRL        ,B ,Q,143.85,145.50,140.00,140.35,140.00,141.95,633,39151,5588840.00,
541890,SPACEINCUBA ,X ,Q,1.46,1.60,1.46,1.60,1.60,1.53,27,40147,63788.00,
541929,SGIL        ,B ,Q,157.70,163.90,149.95,158.75,162.00,153.10,187,5394,837520.00,
541946,ICICILIQ    ,F ,Q,1000.00,1000.00,1000.00,1000.00,1000.00,1000.00,5,233,233000.00,
541956,IRCON       ,A ,Q,45.70,45.80,45.20,45.35,45.35,44.95,2759,365562,16618327.00,
541972,SETFSN50    ,B ,Q,488.00,488.00,480.01,483.00,483.00,486.49,10,132,63793.00,
541974,MANORAMA    ,B ,Q,1412.00,1498.00,1399.95,1484.30,1493.00,1417.40,703,7746,11377671.00,
541983,INNOVATIVE  ,M ,Q,6.50,6.60,6.41,6.42,6.60,6.56,13,49000,315270.00,
541984,NIOSAG      ,B ,Q,15.25,15.25,15.25,15.25,15.25,15.25,1,10,152.00,
541988,AAVAS       ,A ,Q,2430.80,2444.95,2410.05,2439.20,2440.50,2427.25,736,3316,8060057.00,
541999,GENERAAGRI  ,XT,Q,2.45,2.45,2.45,2.45,2.45,2.34,9,2168,5311.00,
542011,GRSE        ,A ,Q,194.00,196.35,191.00,193.80,193.60,195.00,519,17892,3486797.00,
542012,AAL         ,M ,Q,199.00,202.00,199.00,202.00,202.00,200.00,8,18400,3694145.00,
542013,DOLFIN      ,M ,Q,78.00,80.80,78.00,80.80,80.80,81.00,2,4000,317600.00,
542019,SHUBHAM     ,B ,Q,157.00,162.40,154.05,154.20,154.05,161.40,192,82235,12955152.00,
542025,SUNRETAIL   ,M ,Q,1.05,1.15,1.05,1.15,1.15,1.10,19,960000,1075200.00,
542034,SMGOLD      ,B ,Q,140.35,141.05,140.35,140.95,141.05,140.60,158,23061,3249052.00,
542046,VIVIDM      ,M ,Q,28.20,28.20,28.20,28.20,28.20,29.55,1,2520,71064.00,
542057,BCPL        ,B ,Q,51.40,51.70,50.90,51.40,51.30,50.90,211,22673,1162936.00,
542066,ATGL        ,T ,Q,1394.00,1410.00,1350.00,1394.40,1394.40,1393.05,1214,15414,21235581.00,
542123,PHOSPHATE   ,XT,Q,80.00,80.00,80.00,80.00,80.00,80.00,5,3220,257600.00,
542131,MAN50ETF    ,B ,Q,179.50,179.50,179.50,179.50,179.50,177.90,1,5,897.00,
542141,TECHNOE     ,A ,Q,280.45,281.25,274.95,276.40,276.40,279.35,510,9644,2686914.00,
542155,DGL         ,M ,Q,2.88,2.90,2.85,2.85,2.85,3.00,6,14000,40120.00,
542206,NIVAKA      ,XT,Q,6.93,6.93,6.90,6.90,6.90,6.93,3,466,3215.00,
542216,DALBHARAT   ,A ,Q,2296.55,2351.00,2296.55,2332.15,2335.00,2296.55,1231,8641,20212538.00,
542231,NILASPACES  ,T ,Q,1.85,1.85,1.75,1.77,1.80,1.78,59,49655,87972.00,
542232,SRD         ,B ,Q,95.05,95.05,88.80,91.15,91.70,90.55,88,7141,668667.00,
542233,TREJHARA    ,B ,Q,58.10,60.60,57.80,59.75,60.45,57.25,125,8110,476987.00,
542248,DECCAN      ,M ,Q,25.75,25.75,24.45,24.60,24.45,25.40,6,7200,179400.00,
542285,AXITA       ,M ,Q,61.00,62.80,61.00,62.80,62.80,63.10,5,20000,1238000.00,
542323,KPIGLOBAL   ,B ,Q,124.50,124.70,119.05,120.20,120.20,121.75,112,3378,409049.00,
542333,RPSGVENT    ,A ,Q,765.00,772.75,763.10,767.65,767.00,761.75,434,7381,5658245.00,
542337,SPENCER     ,A ,Q,116.95,118.00,113.10,113.70,113.70,116.45,2172,129759,14960435.00,
542351,GLOSTERLTD  ,X ,Q,1183.20,1209.95,1152.00,1182.85,1182.85,1206.55,108,953,1131945.00,
542367,XELPMOC     ,T ,Q,368.00,382.80,350.25,382.80,382.80,364.60,205,6112,2289536.00,
542383,RITCO       ,M ,Q,37.05,37.95,36.00,37.70,37.95,37.50,14,22400,828480.00,
542399,CHALET      ,A ,Q,179.00,191.70,179.00,186.35,186.35,175.20,4883,165791,30959968.00,
542437,ANMOL       ,B ,Q,206.45,208.00,200.25,201.60,201.90,202.35,355,12468,2542262.00,
542446,JONJUA      ,M ,Q,13.42,13.42,12.75,12.75,12.75,13.42,5,14755,192110.00,
542459,KRANTI      ,M ,Q,27.50,27.50,27.00,27.00,27.00,27.00,4,14400,390600.00,
542460,ANUP        ,B ,Q,1009.45,1083.45,1007.65,1049.25,1047.00,1011.00,2013,14642,15376391.00,
542484,ARVINDFASN  ,A ,Q,269.35,269.35,259.60,261.10,261.10,266.05,1594,98453,25907271.00,
542524,AIHL        ,XT,Q,24.80,24.80,24.80,24.80,24.80,23.65,1,1,24.00,
542579,AGOL        ,B ,Q,37.15,39.70,37.15,38.05,38.05,38.50,34,1256,48123.00,
542597,MSTC        ,A ,Q,284.95,308.45,279.90,302.70,302.70,280.30,6841,253299,75434808.00,
542602,EMBASSY     ,IF,Q,376.00,376.11,369.20,370.32,370.00,374.59,148,6523,2430840.00,
542627,CHANDNIMACH ,X ,Q,9.00,9.00,9.00,9.00,9.00,8.88,1,200,1800.00,
542628,NSL         ,M ,Q,36.90,36.90,32.25,34.20,34.40,34.15,6,18000,618150.00,
542649,RVNL        ,A ,Q,31.00,31.30,30.30,30.55,30.55,31.00,3967,867064,26795159.00,
542650,METROPOLIS  ,A ,Q,2928.00,3049.00,2907.20,3008.65,3008.65,2928.15,2792,15436,46253854.00,
542651,KPITTECH    ,A ,Q,327.00,330.25,326.35,329.50,329.50,329.55,1338,32212,10575399.00,
542652,POLYCAB     ,A ,Q,2410.00,2426.70,2359.05,2383.60,2383.60,2403.90,2747,24292,57968125.00,
542653,JINAAM      ,MT,Q,3.05,3.20,3.05,3.20,3.20,3.05,6,12000,38000.00,
542654,VRFILMS     ,M ,Q,184.35,184.35,184.35,184.35,184.35,175.60,2,2000,368700.00,
542655,VIKASLIFE   ,T ,Q,3.25,3.42,3.25,3.26,3.26,3.33,2182,1191321,3906241.00,
542665,NEOGEN      ,A ,Q,1209.80,1238.20,1150.00,1156.10,1158.00,1198.35,3181,28965,34327077.00,
542667,WORL        ,T ,Q,275.45,289.20,275.00,289.10,289.10,275.45,27,936,260958.00,
542668,EVANS       ,M ,Q,97.15,104.00,97.00,97.00,97.00,100.70,3,1500,149075.00,
542669,BMW         ,XT,Q,44.00,44.00,41.20,43.60,43.50,43.30,136,2934,126700.00,
542670,ARTEMISELC  ,B ,Q,59.65,59.70,56.00,56.50,56.90,57.05,34,2632,152668.00,
542677,MAHESH      ,XT,Q,8.25,8.25,7.84,7.84,7.84,8.25,7,223,1757.00,
542678,CHCL        ,M ,Q,17.58,17.58,17.58,17.58,17.58,16.75,2,6000,105480.00,
542679,DEL         ,X ,Q,13.50,13.50,12.40,12.40,12.40,12.70,6,10600,131550.00,
542682,HARISH      ,XT,Q,56.00,57.35,56.00,57.35,57.35,54.65,23,3506,200771.00,
542684,PPL         ,B ,Q,162.30,168.20,162.30,165.75,166.55,165.80,558,12951,2157527.00,
542685,DGCONTENT   ,T ,Q,10.54,11.56,10.54,11.53,11.53,11.01,12,1426,15300.00,
542725,SBC         ,M ,Q,42.70,42.75,42.25,42.75,42.75,42.80,14,45000,1914150.00,
542726,INDIAMART   ,A ,Q,8990.00,9090.00,8836.15,8887.80,8893.90,8992.05,2605,21757,193513677.00,
542727,CPML        ,MT,Q,27.35,27.35,27.35,27.35,27.35,26.10,1,4000,109400.00,
542729,DCMNVL      ,B ,Q,218.00,222.20,213.15,215.65,218.50,214.45,413,9473,2063334.00,
542730,ICICIBANKN  ,B ,Q,366.15,366.15,364.12,364.97,364.92,366.02,28,341,124576.00,
542747,NETFSNX150  ,B ,Q,49.00,49.00,46.55,47.45,47.45,47.50,44,3036,145557.00,
542752,AFFLE       ,T ,Q,4975.00,5111.00,4880.00,5060.75,5080.00,4904.05,1716,7974,39987315.00,
542753,SEACOAST    ,X ,Q,225.75,235.70,221.00,225.30,225.50,225.75,59,1197,272174.00,
542758,ICICIBANKP  ,B ,Q,188.10,188.50,187.00,187.00,187.00,190.00,12,13,2440.00,
542759,SPANDANA    ,A ,Q,640.00,643.60,625.00,630.50,627.55,635.30,195,878,555272.00,
542760,SWSOLAR     ,A ,Q,343.55,357.25,343.55,350.45,350.45,349.00,3887,185708,65085464.00,
542770,ALPHALOGIC  ,MS,Q,64.60,64.60,64.60,64.60,64.60,61.85,1,5920,382432.00,
542772,IIFLWAM     ,A ,Q,1617.90,1692.90,1612.20,1679.85,1679.85,1596.90,972,11340,18808235.00,
542773,IIFLSEC     ,A ,Q,91.60,94.95,91.60,93.75,94.95,94.10,417,12416,1167723.00,
542774,APMFINVEST  ,XT,Q,37.50,37.50,34.10,36.00,36.10,35.75,214,10980,389932.00,
542801,MISQUITA    ,M ,Q,25.00,27.50,25.00,27.50,27.50,25.00,26,52000,1403800.00,
542803,ELLORATRAD  ,XT,Q,18.85,20.75,18.85,20.75,20.75,19.80,19,2403,49059.00,
542804,NIESSPJ     ,B ,Q,20.60,20.60,17.25,17.30,17.30,18.75,9,266,5472.00,
542812,FLUOROCHEM  ,A ,Q,1660.30,1671.65,1632.75,1640.00,1646.25,1664.05,690,2263,3724497.00,
542817,NIEHSPI     ,B ,Q,3.66,3.66,3.60,3.60,3.60,3.33,7,623,2242.00,
542830,IRCTC       ,A ,Q,3250.00,3358.00,3183.20,3295.10,3295.10,3292.25,21437,249362,821066422.00,
542837,NIESSPE     ,B ,Q,2.70,2.70,2.70,2.70,2.70,2.54,1,5,13.00,
542839,NIEHSPD     ,B ,Q,0.97,1.07,0.97,1.00,0.99,1.04,13,5416,5417.00,
542841,NIEHSPE     ,B ,Q,0.60,0.60,0.60,0.60,0.60,0.55,1,111,66.00,
542843,NIEHSPG     ,B ,Q,3.75,3.99,3.75,3.99,3.99,3.64,5,20,78.00,
542844,NIEHSPH     ,B ,Q,2.15,2.16,1.96,2.16,2.16,2.14,10,5779,12450.00,
542845,NIEHSPJ     ,B ,Q,6.57,6.57,6.57,6.57,6.57,6.57,1,10,65.00,
542847,NIESSPL     ,B ,Q,0.92,1.06,0.88,0.89,0.88,0.97,77,177907,162371.00,
542848,NIESSPM     ,B ,Q,10.00,10.00,10.00,10.00,10.00,10.00,1,10,100.00,
542852,VISHWARAJ   ,B ,Q,147.55,151.75,147.45,149.70,149.95,147.15,292,21912,3284427.00,
542857,GREENPANEL  ,T ,Q,288.00,292.85,280.00,292.85,292.85,278.95,344,32443,9435866.00,
542862,SHAHLON     ,X ,Q,85.40,85.40,78.80,80.70,80.70,82.90,54,27187,2233394.00,
542863,ABSLBANETF  ,B ,Q,363.10,363.10,363.10,363.10,363.10,366.00,1,4,1452.00,
542867,CSBBANK     ,A ,Q,304.45,304.45,294.55,299.10,299.10,299.80,543,9389,2792694.00,
542871,ABCRSPRG    ,F ,Q,3.15,3.15,3.15,3.15,3.15,2.87,3,200,630.00,
542872,ABCRSPDG    ,F ,Q,2.90,2.90,2.69,2.69,2.69,2.80,5,123,332.00,
542878,ABDBSPDG    ,F ,Q,1.65,1.65,1.65,1.65,1.65,1.50,4,155,255.00,
542904,UJJIVANSFB  ,A ,Q,19.00,21.15,18.85,20.50,20.50,18.90,4917,2439602,48630170.00,
542905,SHIL        ,T ,Q,407.25,407.25,407.25,407.25,407.25,387.90,143,12413,5055194.00,
542907,PRINCEPIPE  ,A ,Q,700.00,730.00,700.00,718.45,718.45,697.25,8228,175198,125882654.00,
542909,EBBETF0430  ,F ,Q,1178.00,1178.98,1178.00,1178.97,1178.97,1173.26,6,7,8250.00,
542911,ASSAMENT    ,XT,Q,728.00,728.35,694.00,728.30,728.30,693.70,12,28,20353.00,
542918,GIANLIFE    ,M ,Q,52.70,52.70,52.65,52.70,52.70,50.20,3,18000,948300.00,
542919,ARTEMISMED  ,B ,Q,364.00,370.85,355.30,366.45,370.00,353.25,457,5161,1869474.00,
542920,SUMICHEM    ,A ,Q,407.70,414.70,407.65,409.40,409.40,407.70,2038,46580,19104000.00,
542921,ICICIM150   ,B ,Q,110.00,112.00,110.00,111.00,111.00,110.15,38,260,28912.00,
542922,MANXT50ETF  ,B ,Q,424.00,427.50,424.00,427.50,427.50,423.42,10,98,41589.00,
542932,BIRLATYRES  ,B ,Q,24.80,25.35,24.75,24.80,24.90,24.80,551,44417,1107099.00,
542933,UNIVPHOTO   ,B ,Q,334.90,347.90,333.45,335.00,334.50,346.20,54,3708,1260806.00,
542938,OCTAVIUSPL  ,Z ,Q,42.50,43.05,42.00,43.05,43.05,43.00,12,5651,238843.00,
542942,04AGG       ,F ,Q,5.00,5.00,5.00,5.00,5.00,4.55,1,1,5.00,
542967,06ARD       ,F ,Q,12.07,12.07,9.89,9.93,9.91,10.98,14,832,8282.00,
542969,06GPG       ,F ,Q,4.96,5.40,4.47,4.57,4.82,4.96,232,66100,321000.00,
543021,UTRSFS1DGR  ,F ,Q,1.65,1.65,1.65,1.65,1.65,1.50,1,10,16.00,
543055,UTDBFS1DGR  ,F ,Q,1.69,1.69,1.54,1.69,1.69,1.54,7,426,657.00,
543064,SUVENPHAR   ,A ,Q,539.90,539.90,526.15,535.40,535.40,534.25,931,10224,5456965.00,
543066,SBICARD     ,A ,Q,1120.00,1137.45,1100.25,1105.15,1105.15,1108.40,7333,93018,104339160.00,
543079,07GPG       ,F ,Q,6.59,6.59,5.71,5.71,5.71,6.34,7,435,2709.00,
543087,09AGG       ,F ,Q,30.94,30.94,30.90,30.90,30.90,30.94,4,27,834.00,
543150,08GPG       ,B ,Q,1.85,1.99,1.79,1.79,1.79,1.98,225,157476,282633.00,
543165,10ARD       ,F ,Q,13.20,13.20,12.00,12.94,12.94,12.95,3,52,626.00,
543167,10GPG       ,F ,Q,2.49,2.80,2.35,2.62,2.69,2.61,55,17472,42146.00,
543173,11DPR       ,B ,Q,10.22,12.48,10.22,12.47,12.48,11.35,35,3860,40327.00,
543174,11GPG       ,B ,Q,2.85,3.24,2.85,3.11,3.09,3.16,70,15582,48364.00,
543175,11MPD       ,B ,Q,3.25,3.39,3.18,3.33,3.39,3.10,105,31360,101946.00,
543176,11MPR       ,B ,Q,7.54,9.20,7.54,7.86,7.86,8.37,58,4726,39334.00,
543177,11QPD       ,B ,Q,0.42,0.42,0.42,0.42,0.42,0.39,1,106,44.00,
543181,11AGG       ,B ,Q,11.72,11.72,9.75,10.63,10.63,10.66,12,317,3173.00,
543182,11AMD       ,B ,Q,0.42,0.42,0.42,0.42,0.42,0.39,1,1,0.00,
543186,11DPD       ,B ,Q,3.95,4.10,3.51,4.08,4.08,3.89,27,4787,18393.00,
543187,POWERINDIA  ,A ,Q,2300.00,2346.80,2300.00,2325.60,2325.60,2327.85,540,1528,3567605.00,
543193,DJML        ,M ,Q,116.25,117.95,116.25,117.10,117.95,116.25,2,6000,702600.00,
543207,NATURAL     ,XT,Q,26.65,26.65,24.80,25.50,26.40,25.55,87,43133,1110398.00,
543210,AARTISURF   ,B ,Q,1419.00,1430.95,1404.10,1409.65,1408.05,1404.05,1675,6086,8592707.00,
543212,BOROLTD     ,B ,Q,201.00,204.00,199.25,201.15,201.15,201.00,849,16085,3232653.00,
543213,ROSSARI     ,B ,Q,1396.35,1416.00,1387.60,1393.05,1395.10,1396.35,970,7190,10063264.00,
543214,NDRAUTO     ,T ,Q,409.65,418.00,394.00,411.85,399.50,408.10,50,572,234510.00,
543215,EBBETF0425  ,F ,Q,1074.00,1074.00,1067.00,1069.36,1068.05,1070.00,16,249,267100.00,
543216,EBBETF0431  ,F ,Q,1054.00,1057.00,1054.00,1056.97,1056.97,1055.00,8,160,168719.00,
543217,MINDSPACE   ,IF,Q,298.40,299.98,292.26,296.78,296.00,294.11,357,21503,6387601.00,
543219,ICICIALPLV  ,B ,Q,179.50,185.00,177.70,182.90,179.50,178.92,79,814,146391.00,
543220,MAXHEALTH   ,B ,Q,381.00,390.55,378.10,380.70,380.70,385.15,2243,177073,68108022.00,
543221,ICICITECH   ,B ,Q,353.00,356.80,349.10,352.00,351.50,353.45,191,1399,490769.00,
543223,MAXINDIA    ,B ,Q,73.50,73.75,72.50,72.60,72.60,73.10,107,4730,345267.00,
543224,HBANKETF    ,B ,Q,368.00,377.00,366.00,377.00,377.00,368.00,53,417,153450.00,
543226,UTIBANKETF  ,B ,Q,36.65,36.89,36.31,36.47,36.34,36.69,12,259,9442.00,
543227,HAPPSTMNDS  ,B ,Q,1457.00,1470.00,1443.05,1454.30,1454.30,1449.45,2481,25315,36870857.00,
543228,ROUTE       ,B ,Q,2019.45,2019.45,1980.50,1996.10,1996.10,2003.80,1202,11779,23477273.00,
543230,ADVAIT      ,M ,Q,72.00,72.00,72.00,72.00,72.00,68.80,2,4000,288000.00,
543231,ADL         ,T ,Q,41.95,41.95,38.40,38.90,38.90,40.20,3,176,6811.00,
543232,CAMS        ,B ,Q,3702.00,3713.75,3670.00,3686.70,3686.70,3706.10,3706,16438,60648840.00,
543233,CHEMCON     ,B ,Q,444.70,463.90,444.70,457.15,457.30,450.70,1528,26060,11938761.00,
543235,ANGELBRKG   ,B ,Q,1210.00,1246.00,1204.10,1229.90,1229.90,1206.20,1547,23114,28484143.00,
543236,ATAM        ,M ,Q,42.35,48.90,42.35,45.65,48.90,45.10,2,6000,273750.00,
543237,MAZDOCK     ,B ,Q,245.40,245.65,241.40,242.30,242.50,243.00,1021,20619,5020204.00,
543238,UTIAMC      ,B ,Q,1185.35,1203.20,1171.00,1176.10,1171.00,1174.85,1045,8767,10374890.00,
543240,LIKHITHA    ,B ,Q,404.20,411.70,399.00,400.85,400.85,403.90,1437,16360,6653830.00,
543241,VGIL        ,M ,Q,90.00,90.00,90.00,90.00,90.00,86.00,1,4000,360000.00,
543242,HEMIPROP    ,B ,Q,133.00,134.55,131.10,131.45,131.45,132.90,1774,105772,14021378.00,
543243,EQUITASBNK  ,B ,Q,59.40,60.65,58.95,59.90,59.35,58.85,1022,76376,4552697.00,
543245,GLAND       ,B ,Q,3900.05,3952.65,3861.90,3878.30,3878.30,3952.00,1944,6008,23384063.00,
543246,MAESGETF    ,B ,Q,29.99,30.00,29.70,30.00,30.00,29.95,27,808,24221.00,
543248,BURGERKING  ,B ,Q,158.20,160.40,157.85,160.00,160.00,158.25,2876,167965,26708840.00,
543249,TARC        ,T ,Q,39.30,40.20,38.45,39.75,39.75,39.30,95,28011,1109762.00,
543251,RVHL        ,B ,Q,21.05,22.25,21.00,21.50,22.25,21.55,66,5168,111071.00,
543252,FAIRCHEMOR  ,B ,Q,1900.00,1957.80,1888.65,1913.80,1921.90,1887.00,546,1315,2537204.00,
543253,BECTORFOOD  ,B ,Q,390.80,392.50,388.50,389.55,390.00,390.80,481,6155,2403023.00,
543254,AWHCL       ,B ,Q,410.95,421.70,406.35,411.45,410.85,408.90,3940,84112,34812420.00,
543255,INFRABEES   ,B ,Q,504.90,509.89,501.00,503.00,503.00,498.31,19,56,28354.00,
543257,IRFC        ,B ,Q,23.05,23.10,23.00,23.05,23.05,23.00,4193,821045,18903345.00,
543258,INDIGOPNTS  ,B ,Q,2596.35,2610.95,2584.00,2590.50,2590.50,2587.35,221,670,1739582.00,
543259,HOMEFIRST   ,B ,Q,582.90,582.90,574.20,576.65,576.85,582.60,690,2913,1683138.00,
543260,STOVEKRAFT  ,B ,Q,925.10,976.70,919.25,969.65,967.00,924.25,2738,45828,43981835.00,
543261,BIRET       ,IF,Q,267.95,273.00,266.05,271.54,271.64,266.67,226,10961,2934652.00,
543263,SMCGLOBAL   ,B ,Q,74.80,76.00,73.45,74.80,76.00,74.95,379,14356,1075030.00,
543264,NURECA      ,B ,Q,1620.05,1644.60,1586.60,1628.20,1628.05,1628.40,261,703,1146092.00,
543265,RAILTEL     ,B ,Q,131.80,131.95,130.05,130.25,130.25,131.35,592,28367,3714041.00,
543266,HERANBA     ,B ,Q,793.00,793.00,774.00,776.35,776.50,777.00,839,12479,9747771.00,
543268,DRCSYSTEMS  ,B ,Q,270.50,297.25,270.50,273.25,273.25,270.25,41,93,26179.00,
543270,MTARTECH    ,B ,Q,1375.00,1381.80,1360.50,1370.90,1369.90,1371.35,512,3047,4172797.00,
543271,JUBLINGREA  ,B ,Q,718.50,722.60,695.30,703.70,703.70,714.30,3345,98953,69653885.00,
543272,EASEMYTRIP  ,B ,Q,511.95,521.35,505.85,511.75,511.00,509.85,2327,58249,29898286.00,
543273,KMEW        ,M ,Q,42.50,45.00,42.50,45.00,45.00,45.00,3,9000,391500.00,
543274,RTL         ,M ,Q,820.00,821.00,818.00,818.00,818.00,819.00,3,1800,1475400.00,
543275,ANURAS      ,B ,Q,755.00,762.00,736.35,754.40,749.75,743.15,874,9925,7416298.00,
543276,CRAFTSMAN   ,B ,Q,1979.80,1993.20,1970.00,1980.60,1984.10,1979.40,492,1942,3851520.00,
543277,LXCHEM      ,B ,Q,514.70,528.00,512.00,516.80,516.80,504.25,10868,437894,227619742.00,
543278,KALYANKJIL  ,B ,Q,66.50,67.20,65.75,65.95,66.10,66.90,470,64599,4276894.00,
543279,SURYODAY    ,B ,Q,150.40,150.85,149.00,149.50,150.00,149.55,510,8155,1222070.00,
543280,NAZARA      ,B ,Q,1802.20,1827.65,1775.35,1787.15,1787.15,1814.85,1368,18120,32461439.00,
543281,SUVIDHAA    ,B ,Q,19.10,20.70,18.50,18.60,18.60,19.00,253,32121,615422.00,
543283,BARBEQUE    ,B ,Q,1123.75,1149.00,1113.60,1130.90,1133.00,1122.95,1131,9319,10526874.00,
543284,EKI         ,M ,Q,2015.00,2025.00,2015.00,2025.00,2025.00,2024.00,2,2400,4848000.00,
543285,RCAN        ,M ,Q,20.70,20.70,20.70,20.70,20.70,20.50,1,12000,248400.00,
543286,JETMALL     ,M ,Q,18.00,18.00,17.50,17.65,17.65,17.40,6,72000,1266600.00,
543287,LODHA       ,B ,Q,1054.00,1056.00,1026.90,1037.90,1029.45,1051.35,2137,21727,22575457.00,
543288,DEEPIND     ,B ,Q,137.00,137.00,130.55,131.35,132.35,133.75,319,4794,636038.00,
543290,PGINVIT     ,IF,Q,121.29,121.79,120.00,120.78,120.78,120.08,413,48673,5887724.00,
543291,MAFANG      ,B ,Q,54.78,55.14,54.37,54.76,54.76,54.97,263,23070,1262455.00,
543292,ICICIPHARM  ,B ,Q,91.20,92.40,90.10,90.31,90.11,91.40,139,1321,120387.00,
543296,SFMP44DD    ,F ,Q,7.18,7.18,7.18,7.18,7.18,7.07,2,499,3582.00,
543297,IWEL        ,T ,Q,686.65,715.00,680.00,705.00,705.00,698.25,20,175,121216.00,
543298,VINEETLAB   ,B ,Q,77.15,80.00,74.30,78.45,78.50,78.20,304,20369,1559303.00,
543299,SHYAMMETL   ,B ,Q,383.15,409.50,383.15,407.20,407.20,386.35,5207,172948,69159847.00,
543300,SONACOMS    ,B ,Q,545.90,570.75,543.60,549.50,549.50,544.90,10866,326751,182445165.00,
543305,NAVODAYENT  ,M ,Q,13.00,13.40,13.00,13.20,13.20,13.50,5,30000,394800.00,
543306,DODLA       ,B ,Q,542.00,544.85,539.15,543.55,544.80,542.80,870,8171,4434720.00,
543308,KIMS        ,B ,Q,1231.00,1258.80,1231.00,1250.15,1250.90,1240.50,686,4994,6218130.00,
543310,TIMESGREEN  ,M ,Q,61.25,61.25,61.25,61.25,61.25,61.05,1,2000,122500.00,
543311,IPL         ,B ,Q,326.50,333.55,326.15,330.20,330.20,326.35,3495,87832,29010403.00,
543317,GRINFRA     ,B ,Q,1591.10,1607.00,1582.00,1588.65,1590.00,1590.25,319,1055,1680930.00,
543318,CLEAN       ,B ,Q,1621.90,1678.15,1595.00,1655.55,1655.55,1613.25,2996,38876,64237757.00,
543319,AAPLUSTRAD  ,M ,Q,7.72,8.34,7.72,8.17,8.34,7.74,5,40000,322400.00,
543320,ZOMATO      ,B ,Q,141.25,142.90,140.00,141.55,141.55,141.25,14992,1620921,229385172.00,
543321,TATVA       ,B ,Q,2052.15,2065.20,2043.10,2047.10,2043.10,2054.80,512,2662,5460255.00,
543322,GLS         ,B ,Q,670.00,674.00,659.00,661.75,661.75,669.00,3935,37336,24770244.00,
543323,MAFSETF     ,B ,Q,18.55,18.55,18.12,18.20,18.20,18.12,11,562,10195.00,
543324,GCSL        ,M ,Q,185.00,189.00,185.00,188.00,188.00,185.95,16,15200,2846200.00,
543325,ROLEXRINGS  ,B ,Q,1089.90,1095.20,1078.50,1090.60,1091.00,1092.05,944,11021,12007863.00,
543326,ICICIFMCG   ,B ,Q,402.01,406.00,402.01,405.99,405.99,403.55,49,704,285363.00,
543327,EXXARO      ,B ,Q,141.00,146.70,140.00,140.85,140.85,141.00,2684,132213,18872196.00,
543328,KRSNAA      ,B ,Q,909.50,913.35,894.00,896.75,896.75,905.65,625,3940,3552932.00,
543329,WINDLAS     ,B ,Q,390.10,395.30,381.35,385.20,385.20,395.85,1395,20456,7966717.00,
543330,DEVYANI     ,B ,Q,120.50,122.25,119.50,120.30,120.30,121.00,4757,262929,31802657.00,
543331,MOL         ,B ,Q,116.95,121.50,116.65,118.15,118.15,116.35,2054,159420,18970367.00,
543332,MFL         ,B ,Q,657.00,700.00,657.00,673.50,673.50,660.00,1873,24608,16717711.00,
543333,CARTRADE    ,B ,Q,1475.75,1499.50,1462.60,1490.90,1490.90,1475.70,1353,7124,10589103.00,
543334,NUVOCO      ,B ,Q,553.00,553.00,542.25,546.90,546.90,553.40,2669,40368,22076934.00,
543335,APTUS       ,B ,Q,360.20,366.00,359.70,361.05,361.05,360.20,1868,46138,16737613.00,
543336,CHEMPLASTS  ,B ,Q,572.60,583.00,571.80,576.45,576.45,579.55,2732,55059,31746658.00,
543346,AASHKA      ,MT,Q,84.70,84.70,84.70,84.70,84.70,89.15,10,10000,847000.00,
543347,AXISTECETF  ,B ,Q,358.00,358.00,347.00,348.59,350.23,358.00,26,266,93470.00,
543348,AXISHETF    ,B ,Q,89.10,89.10,89.10,89.10,89.10,89.00,1,1,89.00,
555555,ICICISENSX  ,B ,Q,635.00,637.90,627.11,636.84,629.50,633.00,31,92,58116.00,
570001,TATAMTRTDVR ,A ,Q,138.20,144.00,138.00,140.90,140.90,138.50,1894,141889,20073539.00,
570002,FELDVR      ,B ,Q,12.42,12.49,12.25,12.37,12.30,11.90,93,38241,474427.00,
570004,JISLBNDVR   ,B ,Q,23.95,23.95,23.95,23.95,23.95,22.85,23,11160,267282.00,
570005,SCAPDVR     ,T ,Q,8.49,8.49,8.25,8.27,8.27,8.10,269,245668,2040480.00,
590003,KARUR VY(PS ,B ,Q,42.55,42.85,41.80,42.25,42.25,42.60,2130,253268,10708143.00,
590005,TIDE WATE(PS,T ,Q,1944.00,1987.30,1915.00,1987.30,1987.30,1892.70,517,3160,6182720.00,
590006,AMRUTANJAN  ,B ,Q,727.70,727.70,703.60,717.95,717.30,716.65,378,1711,1231588.00,
590013,XPRO INDI(PS,B ,Q,397.15,420.95,385.00,391.70,393.00,405.00,792,8586,3404986.00,
590018,HISARMET(PS ,B ,Q,132.10,133.50,131.00,131.10,131.45,130.50,20,337,44312.00,
590021,BHARAT RA(PS,B ,Q,12636.05,12855.00,12636.05,12816.70,12821.95,12703.90,38,51,652746.00,
590022,EASTER SI(PS,B ,Q,3.80,3.84,3.70,3.81,3.84,3.68,36,12010,45395.00,
590024,FERT CHE(PS ,B ,Q,125.15,127.45,125.15,126.55,127.45,126.60,631,19604,2480044.00,
590025,GINNI FIL(PS,B ,Q,32.35,33.00,31.20,32.45,32.45,31.40,260,20919,675202.00,
590030,SOUTH PET(PS,B ,Q,51.00,53.70,50.65,52.05,52.05,51.00,1257,136762,7176660.00,
590031,DE NORA     ,B ,Q,339.85,345.95,327.95,337.70,338.30,338.15,43,433,146818.00,
590041,KAVERI TELE ,T ,Q,9.10,9.10,9.10,9.10,9.10,8.67,88,60298,548711.00,
590051,SAKSOFT LTD ,B ,Q,910.00,921.00,893.35,900.75,901.00,912.95,1857,13759,12492714.00,
590056,SALONA COTSP,B ,Q,201.80,207.15,201.00,201.45,202.00,202.60,38,802,161594.00,
590057,PROSEED     ,T ,Q,70.60,70.60,70.60,70.60,70.60,67.25,270,24509,1730335.00,
590062,ANDHRA SUGAR,B ,Q,535.15,551.05,531.95,541.55,544.00,532.40,393,6204,3371177.00,
590065,INDIA MOTOR ,B ,Q,758.70,761.15,750.00,752.30,752.00,766.30,41,1227,923068.00,
590066,KCP LTD     ,B ,Q,135.10,137.00,134.85,136.60,137.00,136.50,661,15226,2069239.00,
590068,KHAITAN INDI,T ,Q,28.20,28.20,28.20,28.20,28.20,26.90,4,119,3355.00,
590070,RADAAN MEDIA,T ,Q,1.27,1.35,1.26,1.26,1.26,1.32,27,26004,32766.00,
590071,SUNDARAM FIN,B ,Q,2545.00,2550.20,2507.60,2533.10,2507.60,2540.20,495,1995,5056040.00,
590072,SUNDARAM BRK,B ,Q,408.85,415.05,408.00,408.00,408.00,410.30,45,1032,425388.00,
590073,WHEELS INDIA,B ,Q,822.25,835.00,816.20,817.90,821.70,820.65,334,1495,1233567.00,
590075,LAMBODHARA T,T ,Q,86.80,86.80,81.75,85.25,85.25,83.85,16,764,63320.00,
590078,MAITHAN ALL ,B ,Q,972.00,977.60,957.95,962.25,961.00,971.35,1004,7641,7396574.00,
590082,LOHIA SECURI,XT,Q,114.30,114.30,108.60,108.60,108.60,114.30,12,372,40578.00,
590086,ORISSA MINE ,B ,Q,2827.25,3010.00,2827.25,2957.75,2957.75,2827.25,2022,8454,24826681.00,
590095,GOLDBEES    ,E ,Q,40.72,40.85,40.72,40.79,40.79,40.88,2973,392857,16015534.00,
590096,LIQUIDBEES  ,F ,Q,999.51,1000.01,999.51,1000.01,1000.01,1000.00,494,119967,119966294.00,
590097,KOTAKGOLDETF,E ,Q,41.30,41.30,41.06,41.10,41.10,41.24,149,14643,602392.00,
590098,SBI GOLD ETS,E ,Q,4193.00,4193.00,4175.00,4184.44,4185.00,4193.91,211,1361,5692591.00,
590099,QUANTUM GOLD,E ,Q,2025.50,2025.50,2024.00,2025.00,2025.00,2030.00,8,73,147765.00,
590101,UTI GOLD ETF,E ,Q,41.48,41.84,41.05,41.48,41.55,41.50,110,6436,265727.00,
590103,NIFTYBEES   ,B ,Q,187.90,188.40,186.50,187.38,187.40,187.19,3248,147585,27592498.00,
590104,JUNIORBEES  ,B ,Q,446.00,449.00,444.50,447.04,448.00,444.89,1325,11848,5288569.00,
590106,BANKBEES    ,B ,Q,370.87,370.87,368.00,369.02,369.00,369.99,138,2036,751681.00,
590107,KOTAK PSU BK,B ,Q,232.00,233.21,229.75,230.95,230.01,232.47,164,1170,270254.00,
590108,PSUBNKBEES  ,B ,Q,25.60,25.95,25.60,25.70,25.95,25.61,278,35518,912852.00,
590109,SHARIABEES  ,B ,Q,450.00,459.00,446.32,454.12,457.10,450.00,33,61,27590.00,
590113,HNGSNGBEES  ,E ,Q,330.00,336.90,325.20,333.15,333.15,330.99,74,1620,538463.00,
590115,MOM50       ,B ,Q,172.00,173.00,170.10,172.69,172.58,171.08,24,97,16648.00,
590122,ASHIKACR    ,X ,Q,39.25,39.40,38.65,39.40,39.40,39.20,82,21990,859616.00,
590134,MADRASFERT  ,B ,Q,29.30,29.90,28.80,29.20,29.15,29.25,163,16195,471436.00,
715027,895LTFHL21  ,F ,P,103.85,104.00,103.85,104.00,104.00,103.81,7,105500,10957885.00,
715032,795LTFHL23  ,F ,P,96.00,96.00,96.00,96.00,96.00,103.10,2,1000,96000.00,
717503,ZEE NCPS    ,F ,P,2.01,2.03,2.01,2.02,2.02,2.02,35,2601450,5254926.00,
750666,TEXELIN-RE  ,R ,Q,25.00,32.50,18.05,24.45,23.90,23.80,65,9366,239252.00,
800252,SGB2016I    ,G ,B,4690.00,4690.00,4690.00,4690.00,4690.00,4664.00,1,4,18760.00,
800253,SGB2016II   ,G ,B,4780.00,4780.00,4780.00,4780.00,4780.00,4667.00,1,1,4780.00,
800254,SGBAUG24    ,G ,B,4685.00,4700.00,4685.00,4695.00,4685.00,4700.00,5,20,93740.00,
800259,SGB2016IIIA ,G ,B,4671.00,4700.00,4602.00,4700.00,4700.00,4652.00,8,94,434751.00,
800265,SGB2016IV   ,G ,B,4645.00,4729.00,4612.00,4728.20,4729.00,4642.00,7,35,162265.00,
800281,SGBDEC25C   ,G ,B,4590.00,4922.00,4590.00,4922.00,4922.00,4790.00,2,2,9512.00,
800288,SGBOCT26    ,G ,B,4680.00,4680.00,4640.00,4640.00,4640.00,4621.00,3,8,37320.00,
800289,SGBNOV26    ,G ,B,4610.00,4740.00,4610.00,4621.00,4621.00,4790.00,4,25,116652.00,
800292,SGBFEB27    ,G ,B,4631.00,4631.00,4631.00,4631.00,4631.00,4630.00,1,3,13893.00,
800312,SGBDEC27    ,G ,B,4650.00,4650.00,4650.00,4650.00,4650.00,4701.00,3,10,46500.00,
800315,SGBMAR28    ,G ,B,4675.00,4675.00,4650.00,4650.00,4650.00,4690.00,3,20,93405.00,
800318,SGBAPR28    ,G ,B,4765.00,4765.00,4676.00,4684.79,4683.00,4698.00,25,92,431252.00,
800320,SGBMAY28    ,G ,B,4681.87,4681.87,4681.87,4681.87,4681.87,4655.01,1,10,46818.00,
800322,SGBJUN28    ,G ,B,4653.09,4674.00,4653.00,4657.24,4655.00,4660.04,10,28,130362.00,
800324,SGBJULY28   ,G ,B,4697.99,4697.99,4651.01,4656.00,4656.00,4672.00,10,29,135249.00,
800325,SGBAUG28    ,G ,B,4750.00,4750.00,4730.00,4731.96,4734.90,4731.00,11,51,241581.00,
800327,SGBSEP28    ,G ,B,4708.00,4708.00,4691.00,4703.14,4705.00,4708.67,17,27,127033.00,
800328,SGBOCT28    ,G ,B,4749.00,4798.00,4735.00,4782.25,4798.00,4700.00,4,9,42838.00,
800331,SGBJAN29    ,G ,B,4685.00,4685.00,4673.00,4673.00,4673.00,4684.10,6,20,93621.00,
800332,SGBJAN29A   ,G ,B,4665.10,4729.00,4665.00,4690.00,4690.00,4701.00,17,50,233952.00,
800333,SGBFEB29    ,G ,B,4738.00,4738.00,4600.00,4700.00,4700.00,4685.01,37,134,620041.00,
800339,SGBMAR29    ,G ,B,4657.49,4660.00,4651.05,4657.00,4660.00,4657.49,10,93,433079.00,
800340,SGBMAY29    ,G ,B,4700.00,4700.00,4665.01,4680.15,4685.00,4668.88,48,177,826919.00,
800341,SGBJUNE29   ,G ,B,4661.00,4749.00,4641.00,4700.00,4700.00,4780.00,33,135,633914.00,
800342,SGBJUN29A   ,G ,B,4690.00,4700.00,4690.00,4699.00,4699.00,4730.00,5,7,32889.00,
800367,SGBJULY29   ,G ,B,4691.00,4700.00,4676.00,4682.50,4680.00,4697.40,20,45,210849.00,
800385,SGBAUG29    ,G ,B,4865.00,4865.00,4668.00,4749.00,4749.00,4750.00,11,31,146824.00,
890145,DHANIPP     ,B ,Q,90.05,91.20,87.10,88.30,89.80,89.00,291,6683,589590.00,
890147,RELIANCEPP  ,A ,Q,1784.40,1796.40,1775.00,1783.95,1783.95,1789.85,1072,31471,56094140.00,
890151,MOLDTEKPP   ,B ,Q,365.05,383.90,365.05,367.10,367.10,372.05,43,460,170664.00,
890152,URJAPP      ,T ,Q,1.91,1.96,1.85,1.90,1.90,1.90,92,27935,52499.00,
935317,990IFCI21D  ,F ,D,1075.00,1075.00,1075.00,1075.00,1075.00,1060.00,1,20,21500.00,
935321,990IFCI24F  ,F ,D,1090.12,1090.12,1075.55,1075.56,1075.55,1095.00,8,1172,1273963.00,
935351,940IFCI25   ,F ,D,1075.00,1075.00,1075.00,1075.00,1075.00,1075.00,1,15,16125.00,
935383,849NTPC25   ,F ,D,13.80,14.03,13.80,13.85,13.85,13.85,40,13097,181425.00,
935506,736PFC25    ,F ,D,1149.00,1163.37,1149.00,1163.00,1163.00,1149.13,4,23,26685.00,
935514,760PFC35    ,F ,D,1327.81,1369.99,1327.81,1369.99,1369.99,1355.00,2,28,37769.00,
935562,1150KFL22G  ,F ,D,980.00,980.00,980.00,980.00,980.00,980.00,2,100,98000.00,
935580,739NHAI26   ,F ,D,1122.70,1122.70,1122.70,1122.70,1122.70,1135.00,1,450,505215.00,
935584,76NHAI31    ,F ,D,1241.00,1242.00,1239.01,1240.00,1240.00,1241.65,6,138,171201.00,
935616,753IREDA26  ,F ,D,1140.01,1140.01,1140.00,1140.00,1140.00,1145.00,2,223,254221.00,
935618,774IREDA31  ,F ,D,1240.21,1240.21,1240.21,1240.21,1240.21,1248.50,1,279,346018.00,
935640,727HUDCO26  ,F ,D,1131.00,1131.00,1128.00,1128.00,1128.00,1127.00,2,293,330708.00,
935642,764HUDCO31  ,F ,D,1245.00,1245.00,1245.00,1245.00,1245.00,1245.04,2,100,124500.00,
935666,769NHAI31   ,F ,D,1277.15,1281.39,1273.01,1280.10,1280.00,1276.69,12,1437,1834274.00,
935674,769HUDCO31  ,F ,D,1259.00,1259.00,1259.00,1259.00,1259.00,1257.01,3,15,18885.00,
935682,764IRFC31   ,F ,D,1273.05,1273.05,1270.50,1270.50,1270.50,1273.00,3,75,95364.00,
935688,729NABARD26 ,F ,D,1138.79,1138.79,1138.79,1138.79,1138.79,1131.08,1,5,5693.00,
935740,872MMFSL26  ,F ,D,1100.00,1100.00,1080.00,1080.00,1080.00,1060.00,8,67,72380.00,
935752,9MMFSL26    ,F ,D,1090.00,1090.00,1090.00,1090.00,1090.00,1027.08,1,50,54500.00,
935788,10EHFL26    ,F ,D,940.00,940.00,940.00,940.00,940.00,935.00,1,25,23500.00,
935856,865IBHFL26  ,F ,D,815.00,815.00,791.00,791.00,791.00,980.00,2,318,255354.00,
935860,9IBHFL26B   ,F ,D,952.00,962.79,945.00,962.79,962.79,1020.00,31,1282,1228157.00,
935868,915IBHFL26B ,F ,D,985.00,985.00,950.00,950.00,950.00,1000.00,2,54,53050.00,
935898,10SEFL21    ,F ,D,399.00,399.00,399.00,399.00,399.00,360.00,2,126,50274.00,
935912,915RHFL27B  ,F ,D,201.00,201.00,201.00,201.00,201.00,228.00,1,36,7236.00,
935980,1025KFL22   ,F ,D,967.00,967.00,966.10,966.10,966.10,1000.00,2,200,193310.00,
935994,912SEFL22   ,F ,D,300.00,300.00,300.00,300.00,300.00,330.00,1,25,7500.00,
936004,875MFL22    ,F ,D,1010.00,1010.00,1007.05,1007.53,1007.05,1007.00,4,40,40340.00,
936010,900MFL22A   ,F ,D,1044.50,1044.50,1044.50,1044.50,1044.50,1038.00,1,29,30290.00,
936048,805MMFSL32  ,F ,D,1049.00,1062.95,1049.00,1062.00,1062.00,1100.00,3,50,52974.00,
936050,925SEFL22   ,F ,D,292.00,292.00,292.00,292.00,292.00,261.00,1,15,4380.00,
936062,950SEFL27   ,F ,D,286.30,286.30,275.00,275.00,275.00,286.30,2,47,13139.00,
936080,10KFL22A    ,F ,D,990.00,992.00,990.00,992.00,992.00,995.00,4,425,421150.00,
936110,865SEFL23   ,F ,D,300.00,300.00,300.00,300.00,300.00,330.00,1,5,1500.00,
936116,912SEFL28   ,F ,D,300.00,300.00,210.10,210.10,210.10,260.00,2,11,3210.00,
936126,865ERFL23   ,F ,D,960.00,965.00,960.00,965.00,965.00,960.00,5,313,300520.00,
936168,0KFL25A     ,F ,D,1281.00,1281.00,1281.00,1281.00,1281.00,1230.00,1,40,51240.00,
936180,9SEFL23A    ,F ,D,257.80,257.80,257.80,257.80,257.80,284.00,2,100,25780.00,
936182,935SEFL23   ,F ,D,298.80,298.80,298.80,298.80,298.80,298.80,1,17,5079.00,
936186,92SEFL28    ,F ,D,231.80,231.80,231.80,231.80,231.80,230.80,1,30,6954.00,
936224,975JMFCSL28 ,F ,D,1090.00,1090.00,1090.00,1090.00,1090.00,1094.00,1,427,465430.00,
936228,893STFCL23  ,F ,D,1023.30,1023.30,1020.00,1020.00,1020.00,1019.00,4,225,229943.00,
936230,903STFCL28  ,F ,D,1072.00,1072.00,1072.00,1072.00,1072.00,1072.93,1,1,1072.00,
936234,93STFCL23   ,F ,D,1031.50,1048.00,1031.50,1048.00,1048.00,1033.30,4,1614,1666161.00,
936236,94STFCL28   ,F ,D,1079.00,1079.00,1078.00,1078.00,1078.00,1074.58,3,300,323600.00,
936240,0STFCL23    ,F ,D,1355.00,1355.00,1355.00,1355.00,1355.00,1340.40,3,98,132790.00,
936248,0EFL23      ,F ,D,1300.00,1300.00,1300.00,1300.00,1300.00,1183.01,10,167,217100.00,
936250,965EFL23    ,F ,D,980.00,980.00,980.00,980.00,980.00,979.90,2,20,19600.00,
936254,985EFL28    ,F ,D,890.00,890.25,889.99,890.22,890.22,890.00,12,1059,942736.00,
936274,9ICCL23     ,F ,D,950.00,960.00,950.00,960.00,960.00,1013.90,3,110,105000.00,
936290,890TCFSL23  ,F ,D,1060.00,1069.80,1058.00,1068.55,1068.55,1056.80,68,4844,5155010.00,
936294,910TCFSL28  ,F ,D,1144.00,1144.00,1144.00,1144.00,1144.00,1135.85,1,5,5720.00,
936308,1025KFL25   ,F ,D,1005.00,1005.00,1005.00,1005.00,1005.00,1000.00,1,2,2010.00,
936316,925AHFL23   ,F ,D,1010.02,1024.00,1010.02,1020.00,1020.00,1010.00,7,540,552214.00,
936328,940STFCL21  ,F ,D,1082.05,1082.10,1082.05,1082.05,1082.05,1080.00,4,160,173133.00,
936330,950STFCL23  ,F ,D,1105.00,1105.00,1105.00,1105.00,1105.00,1108.00,1,25,27625.00,
936334,STFCL21118  ,F ,D,1292.00,1292.00,1290.02,1290.02,1290.02,1290.00,3,75,96801.00,
936360,10MFL23     ,F ,D,1056.00,1056.00,1022.32,1022.32,1022.32,1050.00,6,54,56215.00,
936364,10MFL21A    ,F ,D,1062.80,1062.80,1062.80,1062.80,1062.80,1073.00,1,200,212560.00,
936372,MFL29NOV18C ,F ,D,1378.00,1378.00,1378.00,1378.00,1378.00,1378.00,1,2,2756.00,
936376,10JMFCSL22  ,F ,D,1088.00,1096.00,1088.00,1088.01,1088.00,1086.00,5,106,115352.00,
936378,0JMFCSL22   ,F ,D,1301.00,1301.00,1301.00,1301.00,1301.00,1301.00,1,5,6505.00,
936382,967JMFCSL23 ,F ,D,1045.00,1045.00,1037.15,1037.15,1037.15,1050.00,6,84,87388.00,
936386,981JMFCSL28 ,F ,D,1065.00,1065.00,1065.00,1065.00,1065.00,1065.00,1,15,15975.00,
936388,1020EFL22   ,F ,D,1052.66,1066.19,1052.60,1065.00,1066.19,1065.50,6,370,392196.00,
936390,EFL4JAN19   ,F ,D,1266.00,1266.00,1266.00,1266.00,1266.00,1274.20,1,10,12660.00,
936392,995EFL24    ,F ,D,997.00,997.00,997.00,997.00,997.00,994.00,1,10,9970.00,
936398,1015EFL29   ,F ,D,1000.00,1017.70,1000.00,1004.13,1008.00,1015.00,16,504,504627.00,
936404,905MMFSL22  ,F ,D,1054.99,1054.99,1045.01,1045.01,1045.01,1053.49,2,27,28474.00,
936412,93MMFSL27   ,F ,D,1141.00,1141.00,1135.00,1135.00,1135.00,1141.59,2,1050,1192050.00,
936428,1005SEFL24  ,F ,D,320.00,320.20,320.00,320.00,320.00,350.00,3,30,9601.00,
936454,93STFCL29   ,F ,D,1088.88,1088.88,1088.88,1088.88,1088.88,1039.56,1,50,54444.00,
936464,0STFCL24    ,F ,D,1285.50,1285.50,1285.50,1285.50,1285.50,1285.00,1,1,1285.00,
936468,96IFL22     ,F ,D,1003.60,1056.60,1003.60,1056.60,1056.60,1055.10,2,120,125732.00,
936472,975IFL24    ,F ,D,1039.95,1039.95,1028.00,1028.64,1028.00,1027.00,6,30,30910.00,
936474,102IFL24    ,F ,D,1043.10,1073.10,1043.10,1073.10,1073.10,1072.35,2,10,10581.00,
936478,105IFL29    ,F ,D,1395.00,1395.00,1395.00,1395.00,1395.00,1190.00,1,15,20925.00,
936502,0DLSL22     ,F ,D,1261.80,1282.20,1261.80,1282.00,1282.00,1260.80,5,300,381584.00,
936516,0LTFL22A    ,F ,D,1250.04,1250.04,1250.04,1250.04,1250.04,1248.57,1,20,25000.00,
936520,925LTFL24   ,F ,D,1131.00,1131.00,1131.00,1131.00,1131.00,1139.00,2,100,113100.00,
936536,950MFL22A   ,F ,D,1010.00,1010.00,1010.00,1010.00,1010.00,1010.00,7,119,120190.00,
936538,975MFL24A   ,F ,D,1026.00,1050.10,1026.00,1050.10,1050.10,1050.00,3,250,257424.00,
936558,0LTFL22C    ,F ,D,1226.00,1226.00,1225.20,1225.20,1225.20,1222.81,2,100,122552.00,
936562,9LTFL24     ,F ,D,1098.00,1098.00,1050.49,1050.49,1050.49,1072.16,2,71,75297.00,
936574,905LTFL27   ,F ,D,1126.00,1126.00,1126.00,1126.00,1126.00,1130.00,1,18,20268.00,
936598,926SCUF22   ,F ,D,1011.00,1011.00,1011.00,1011.00,1011.00,1010.00,2,200,202200.00,
936642,975MHIL24   ,F ,D,1055.00,1055.00,1024.00,1024.00,1024.00,1045.00,2,101,103455.00,
936662,1005SEFL22  ,F ,D,295.00,295.00,295.00,295.00,295.00,280.00,1,11,3245.00,
936714,0EFL22      ,F ,D,1233.90,1233.90,1221.00,1221.00,1221.00,1210.00,3,97,119043.00,
936718,104EFL24    ,F ,D,990.90,999.90,990.90,999.90,999.90,983.01,5,11,10962.00,
936722,995EFL29    ,F ,D,960.00,969.50,960.00,969.50,969.50,965.85,7,623,601358.00,
936730,975MFL24AA  ,F ,D,1027.00,1050.00,1027.00,1039.50,1038.50,1047.00,7,460,475445.00,
936734,975MFL22AA  ,F ,D,1040.00,1040.00,1026.02,1028.17,1028.17,1040.00,10,172,178854.00,
936768,10KFL22AA   ,F ,D,993.00,993.00,992.00,993.00,993.00,992.00,23,492,488166.00,
936782,922STF24    ,F ,D,1022.30,1022.30,1022.30,1022.30,1022.30,1021.07,2,200,204460.00,
936784,931STF26    ,F ,D,1051.00,1051.00,1051.00,1051.00,1051.00,1050.00,1,25,26275.00,
936786,93STF22     ,F ,D,1023.50,1023.50,1023.50,1023.50,1023.50,1007.00,2,50,51175.00,
936788,95STF23     ,F ,D,1041.00,1041.00,1041.00,1041.00,1041.00,1041.00,1,200,208200.00,
936806,85TCFS24    ,F ,D,1013.01,1040.01,1013.01,1040.01,1040.01,1026.01,2,2,2053.00,
936850,103JMFPL24  ,F ,D,1018.06,1022.05,1018.00,1022.05,1022.05,1018.06,6,75,76413.00,
936852,985JMFPL24  ,F ,D,1040.40,1040.40,1040.40,1040.40,1040.40,1040.39,1,100,104040.00,
936900,1175KAFL24  ,F ,D,1003.00,1014.90,1003.00,1007.05,1014.90,1004.07,6,64,64379.00,
936908,BILNCD      ,F ,D,30.95,31.20,30.95,30.96,30.97,30.97,17,7146,221267.00,
936912,925MFL21C   ,F ,D,1000.00,1000.00,999.00,999.00,999.00,999.00,2,54,53947.00,
936924,10MFL22A    ,F ,D,1205.00,1205.00,1203.00,1204.82,1203.00,1203.00,2,99,119277.00,
936928,95MFL23     ,F ,D,1011.00,1011.00,1011.00,1011.00,1011.00,1025.00,1,60,60660.00,
936949,10MHFL22    ,F ,D,1100.00,1100.00,1095.10,1095.10,1095.10,1060.00,2,65,71279.00,
936961,99ECL21     ,F ,D,1065.20,1074.61,1065.20,1074.60,1074.60,1074.60,4,200,213980.00,
936963,0ECL21      ,F ,D,1166.20,1166.20,1166.20,1166.20,1166.20,1166.90,2,10,11662.00,
936967,0ECL23      ,F ,D,1155.00,1155.00,1155.00,1155.00,1155.00,1146.00,3,500,577500.00,
936969,995ECL24    ,F ,D,980.10,980.10,980.00,980.00,980.00,980.00,4,120,117601.00,
936971,104ECL24    ,F ,D,1047.80,1047.80,1047.80,1047.80,1047.80,1037.82,1,1,1047.00,
936975,995ECL29    ,F ,D,989.90,989.90,989.90,989.90,989.90,976.96,1,19,18808.00,
936997,845LTFL22   ,F ,D,1084.99,1085.05,1084.99,1085.02,1085.05,1080.00,3,80,86800.00,
937013,829LTFL24   ,F ,D,1075.55,1080.00,1075.55,1080.00,1080.00,1080.00,2,2,2155.00,
937019,925MFL21AA  ,F ,D,1000.00,1000.00,1000.00,1000.00,1000.00,1000.00,1,50,50000.00,
937021,95MFL23A    ,F ,D,1007.00,1029.90,986.00,1019.08,1022.00,1055.00,38,1412,1431941.00,
937023,975MFL24BB  ,F ,D,1045.00,1059.50,1045.00,1059.50,1059.50,1057.04,4,70,73992.00,
937037,0MFL27A     ,F ,D,1240.00,1250.00,1240.00,1250.00,1250.00,1260.00,2,10,12450.00,
937041,81TCHF23    ,F ,D,1070.00,1070.00,1070.00,1070.00,1070.00,1060.00,1,10,10700.00,
937049,83TCHF25    ,F ,D,1090.00,1098.00,1089.00,1096.31,1098.00,1090.00,4,127,139231.00,
937053,81TCHF28    ,F ,D,1154.00,1155.00,1154.00,1154.98,1155.00,1056.30,3,3,3463.00,
937081,10EFIL23    ,F ,D,1057.80,1057.80,1057.80,1057.80,1057.80,1036.75,1,30,31734.00,
937085,98EFIL25    ,F ,D,990.00,990.00,990.00,990.00,990.00,975.10,1,3,2970.00,
937123,0MMFL24B    ,F ,D,1114.00,1120.00,1114.00,1119.90,1114.00,1114.00,3,69,77214.00,
937155,975MVAFL25  ,F ,D,1059.90,1059.90,1059.90,1059.90,1059.90,1040.00,1,43,45575.00,
937243,9MFL22      ,F ,D,1010.00,1010.00,1010.00,1010.00,1010.00,1000.00,1,10,10100.00,
937281,10KFL24B    ,F ,D,990.00,990.00,990.00,990.00,990.00,960.00,2,200,198000.00,
937295,915MFL25    ,F ,D,978.00,1002.00,978.00,1001.50,1002.00,1090.00,5,5,4984.00,
937307,0MFL25D     ,F ,D,1105.00,1118.50,1105.00,1118.50,1118.50,1060.00,4,1120,1251100.00,
937311,MFLOII25    ,F ,D,988.00,990.00,988.00,990.00,990.00,988.00,5,473,467604.00,
937313,MFLOIII24   ,F ,D,1066.00,1066.00,1066.00,1066.00,1066.00,1065.05,1,100,106600.00,
937315,MFLOIV25    ,F ,D,1050.80,1114.00,1050.80,1055.00,1055.00,1040.50,3,200,213298.00,
937321,95MMFL22A   ,F ,D,975.10,976.00,975.10,975.55,976.00,988.00,2,100,97555.00,
937331,105MMFL25C  ,F ,D,960.00,960.00,960.00,960.00,960.00,1040.00,3,500,480000.00,
937335,935EFSL24   ,F ,D,986.80,986.80,986.80,986.80,986.80,992.09,1,5,4934.00,
937337,0EFSL24     ,F ,D,1019.00,1020.00,1019.00,1019.05,1020.00,1015.00,5,42,42800.00,
937339,939EFSL26   ,F ,D,966.00,967.00,966.00,967.00,967.00,958.08,2,50,48340.00,
937345,953EFSL31   ,F ,D,992.00,992.00,992.00,992.00,992.00,985.00,2,740,734080.00,
937351,MFLII26     ,F ,D,976.00,976.00,969.00,975.00,975.00,990.00,4,81,78947.00,
937353,MFLIII24    ,F ,D,1015.00,1015.00,1015.00,1015.00,1015.00,1015.00,2,320,324800.00,
937355,MFLIV26     ,F ,D,1015.00,1015.00,1015.00,1015.00,1015.00,1015.00,2,80,81200.00,
937373,7PFCL31     ,F ,D,1048.80,1048.80,1048.80,1048.80,1048.80,1046.46,10,470,492936.00,
937377,683PFCL31   ,F ,D,1020.00,1020.00,1020.00,1020.00,1020.00,1024.00,1,50,51000.00,
937381,697PFCL36   ,F ,D,1017.10,1017.10,1017.10,1017.10,1017.10,1028.34,2,500,508550.00,
937385,715PFCL36   ,F ,D,1060.01,1062.00,1060.00,1061.66,1062.00,1060.00,15,1559,1654814.00,
937391,0KFL23A     ,F ,D,1010.00,1020.00,1010.00,1020.00,1020.00,1000.00,3,75,76405.00,
937393,10KFL24C    ,F ,D,993.00,993.00,993.00,993.00,993.00,993.11,2,298,295914.00,
937403,825MFL23    ,F ,D,995.01,995.01,995.01,995.01,995.01,995.00,1,100,99501.00,
937409,9MFL27      ,F ,D,999.00,999.00,999.00,999.00,999.00,1025.00,1,300,299700.00,
937411,94MFL27     ,F ,D,1030.00,1030.00,1030.00,1030.00,1030.00,995.00,2,60,61800.00,
937413,0MFL23E     ,F ,D,1040.00,1040.00,1040.00,1040.00,1040.00,1047.50,1,10,10400.00,
937439,875MFL26A   ,F ,D,978.00,978.00,978.00,978.00,978.00,990.00,1,10,9780.00,
937441,9MFL27A     ,F ,D,952.05,989.00,952.05,989.00,989.00,998.81,7,335,323740.00,
937445,0MFL23VI    ,F ,D,1015.00,1034.00,1015.00,1034.00,1034.00,1035.00,2,60,61850.00,
937453,10IFL28     ,F ,D,1006.95,1006.95,1006.95,1006.95,1006.95,995.00,3,50,50347.00,
937457,0IFL28      ,F ,D,967.93,967.93,967.93,967.93,967.93,963.21,1,50,48396.00,
937493,0EFSL24A    ,F ,D,950.00,990.00,950.00,990.00,990.00,1000.00,4,20,19400.00,
937495,916EFSL26   ,F ,D,989.00,989.00,905.00,958.00,958.00,975.00,11,330,312644.00,
937505,9MMFL22     ,F ,D,996.00,996.00,996.00,996.00,996.00,988.00,1,5,4980.00,
937521,675IGT24    ,F ,D,1000.00,1000.00,1000.00,1000.00,1000.00,1000.00,1,50,50000.00,
937537,82IGT31     ,F ,D,1065.79,1065.79,1065.79,1065.79,1065.79,1065.98,1,200,213158.00,
937541,797IGT31    ,F ,D,1061.00,1061.00,1053.00,1053.00,1053.00,1057.95,2,26,27386.00,
937543,825MFCL23A  ,F ,D,971.00,971.00,970.00,970.00,970.00,970.00,3,50,48522.00,
937547,875MFCL26C  ,F ,D,987.00,987.00,987.00,987.00,987.00,1000.00,1,333,328671.00,
937553,0MFCL23VI   ,F ,D,1005.00,1005.00,1005.00,1005.00,1005.00,1029.00,1,20,20100.00,
937561,BILNCD2021  ,F ,D,29.60,29.95,29.60,29.61,29.61,29.63,242,4024,119252.00,
937581,9PCHFL31A   ,F ,D,1027.50,1027.50,1027.50,1027.50,1027.50,1034.48,2,95,97612.00,
937609,11KLM24     ,F ,D,954.09,954.09,954.09,954.09,954.09,1038.99,1,48,45796.00,
937621,96IHFL28    ,F ,D,990.00,990.00,990.00,990.00,990.00,990.00,1,5,4950.00,
954704,ECLG6H601A  ,F ,D,143640.00,143640.00,143640.00,143640.00,143640.00,128587.00,2,14,2010960.00,
955121,839SBIPER   ,F ,D,1077918.75,1077918.75,1077918.75,1077918.75,1077918.75,1064444.00,4,100,107791875.00,
956281,885HDFC99   ,F ,D,1050509.20,1050509.25,1050509.20,1050509.25,1050509.25,1043139.40,4,52,54626478.00,
957205,975UPPCL23  ,F ,D,1027844.29,1027844.29,1027844.29,1027844.29,1027844.29,1026366.55,1,1,1027844.00,
957208,975UPPCL26  ,F ,D,1046221.00,1046222.00,1046221.00,1046222.00,1046222.00,1048888.29,4,6,6277330.00,
957809,1015UPPCL27 ,F ,D,1065000.00,1065000.00,1065000.00,1065000.00,1065000.00,1062555.00,1,1,1065000.00,
958179,1032APCRD27 ,F ,D,215555.00,215555.00,215555.00,215555.00,215555.00,216550.00,1,5,1077775.00,
958218,001JAL48    ,F ,D,1410268.00,1433633.00,1410268.00,1433633.00,1433633.00,1200000.00,45,1881,2696570213.00,
958220,001CSSL25   ,F ,D,1410268.00,1433724.00,1410268.00,1433724.00,1433724.00,1200000.00,6,334,478793448.00,
958413,1025STFCL24 ,F ,D,1027000.00,1027000.00,1021999.00,1022900.00,1022900.00,1029209.47,8,8,8189799.00,
958511,1025STFL24  ,F ,D,1033500.00,1033500.00,1033500.00,1033500.00,1033500.00,1033000.00,1,1,1033500.00,
958517,95PCHFL22   ,F ,D,807474.68,807474.68,807474.68,807474.68,807474.68,806017.37,1,1,807474.00,
958656,945SBIPER   ,F ,D,1097400.00,1097400.00,1097400.00,1097400.00,1097400.00,1080757.70,1,1,1097400.00,
958959,875SBIPERA  ,F ,D,1048672.85,1048672.85,1048000.00,1048000.00,1048000.00,1049000.00,2,2,2096672.00,
959235,875VL22     ,F ,D,1036000.00,1036000.00,1036000.00,1036000.00,1036000.00,1031111.00,2,14,14504000.00,
959974,774SBIPER   ,F ,D,1018331.27,1018331.27,1018331.27,1018331.27,1018331.27,1017164.95,1,1,1018331.00,
960094,1095KFI22   ,F ,D,54929.99,54929.99,54929.99,54929.99,54929.99,54850.15,1,10,549299.00,
960459,111AML23    ,F ,D,75890.51,75890.51,75890.51,75890.51,75890.51,75770.61,1,10,758905.00,
961714,PFCBS4      ,F ,B,12325.00,12325.00,12325.00,12325.00,12325.00,12015.00,4,8,98600.00,
961716,PFCBT1S2    ,F ,B,11075.01,11125.00,11075.00,11125.00,11125.00,11068.23,11,60,667336.00,
961721,LTFL90122I  ,F ,B,1061.51,1061.53,1061.51,1061.53,1061.53,1059.05,3,60,63691.00,
961722,LTFL9122II  ,F ,B,2302.00,2303.20,2302.00,2302.38,2302.38,2302.15,7,137,315415.00,
961727,820NHAI22   ,F ,B,1093.50,1098.00,1093.50,1098.00,1098.00,1094.98,2,4700,5139900.00,
961728,830NHAI27   ,F ,B,1277.10,1277.10,1277.10,1277.10,1277.10,1269.99,1,10,12771.00,
961732,810IRFC2327 ,F ,B,1238.01,1242.00,1238.01,1242.00,1242.00,1256.98,4,85,105343.00,
961735,87IDFCBFBL  ,F ,B,5166.00,5166.00,5166.00,5166.00,5166.00,5165.15,1,4,20664.00,
961737,870LTFL22A  ,F ,B,1045.01,1045.01,1045.01,1045.01,1045.01,1042.01,1,40,41800.00,
961738,870LTFL22B  ,F ,B,2211.10,2213.21,2211.10,2213.18,2213.20,2209.80,12,197,435937.00,
961743,793REC22    ,F ,B,1043.00,1043.00,1032.50,1032.50,1032.50,1043.00,6,440,455287.00,
961748,722REC22TF  ,F ,B,1086.50,1086.50,1086.50,1086.50,1086.50,1086.09,1,10,10865.00,
961752,719IIFCL23  ,F ,B,1075.75,1075.75,1075.75,1075.75,1075.75,1075.00,1,1000,1075750.00,
961779,871REC28    ,F ,B,1297.00,1297.00,1297.00,1297.00,1297.00,1293.60,1,18,23346.00,
961784,839HUDCO23  ,F ,B,1138.31,1138.31,1138.31,1138.31,1138.31,1137.40,1,10,11383.00,
961785,876HUDCO28  ,F ,B,1311.00,1311.00,1311.00,1311.00,1311.00,1314.88,1,10,13110.00,
961796,863IIFCL28  ,F ,B,1285.00,1288.00,1280.15,1287.38,1287.00,1283.15,9,955,1224698.00,
961799,818PFC23    ,F ,B,1136.50,1136.50,1136.50,1136.50,1136.50,1136.50,1,9,10228.00,
961803,879PFC28    ,F ,B,1295.00,1295.00,1294.50,1294.50,1294.50,1297.00,2,600,776700.00,
961816,901HUDCO34  ,F ,B,1457.90,1457.90,1457.90,1457.90,1457.90,1449.00,1,20,29158.00,
961820,866IIFCL24C ,F ,B,1225.97,1225.97,1225.97,1225.97,1225.97,1225.98,1,5,6129.00,
961822,891IIFCL34  ,F ,B,1426.20,1426.20,1424.00,1424.00,1424.00,1432.00,5,1110,1582848.00,
961826,875NHAI29   ,F ,B,1309.00,1309.00,1309.00,1309.00,1309.00,1306.00,3,199,260491.00,
961829,848IRFC24   ,F ,B,1111.90,1111.90,1111.90,1111.90,1111.90,1187.20,1,100,111190.00,
961839,880IREDA29  ,F ,B,1270.00,1270.00,1265.43,1265.43,1265.43,1313.59,2,100,126547.00,
961851,900KPL29    ,F ,B,1295.00,1295.00,1295.00,1295.00,1295.00,1295.00,1,20,25900.00,
961853,900KPL34    ,F ,B,1405.00,1410.02,1405.00,1410.02,1410.02,1395.01,8,197,277711.00,
961883,844IRFC24   ,F ,B,1120.10,1120.10,1120.10,1120.10,1120.10,1139.75,1,41,45924.00,
961897,880IIFCL34  ,F ,B,1390.00,1395.00,1390.00,1394.86,1395.00,1390.00,4,380,530048.00,
972655,IFCI010811B ,F ,B,27500.02,27500.02,27500.02,27500.02,27500.02,27501.00,1,10,275000.00,
972657,IFCI010811D ,F ,B,10789.00,10825.00,10789.00,10805.00,10825.00,10660.56,4,40,432040.00,
972691,IFCI311026D ,F ,B,10800.00,10800.00,10800.00,10800.00,10800.00,10700.00,3,40,432000.00,
972704,IFCI121211A ,F ,B,10921.00,10921.00,10921.00,10921.00,10921.00,10914.00,1,2,21842.00,
972706,IFCI121211C ,F ,B,11100.10,11175.00,11100.10,11150.00,11150.00,10035.00,4,10,111410.00,
972713,IFCI150212A ,F ,B,11352.01,11370.00,11352.01,11365.00,11365.00,11352.01,23,126,1431832.00,
972714,IFCI150212B ,F ,B,5207.05,5207.05,5175.00,5203.57,5175.00,5200.00,5,37,192532.00,
972720,IFCI310312B ,F ,B,5000.01,5059.00,5000.01,5059.00,5059.00,5060.00,4,9,45279.00,
973201,920CIFCL31  ,F ,B,520200.00,520200.00,520200.00,520200.00,520200.00,509000.00,1,2,1040400.00,
973374,726NHAI38   ,F ,B,1031657.64,1031657.64,1031657.64,1031657.64,1031657.64,1015478.08,1,7,7221603.00,
973419,772SBI31    ,F ,B,10070265.75,10070265.75,10070265.75,10070265.75,10070265.75,0.00,3,20,201405315.00,
