SC_CODE,SC_NAME,SC_GROUP,SC_TYPE,OPEN,HIGH,LOW,CLOSE,LAST,PREVCLOSE,NO_TRADES,NO_OF_SHRS,NET_TURNOV,TDCLOINDI
500002,ABB LTD.    ,A ,Q,1800.00,1816.40,1770.00,1779.10,1779.10,1806.35,1322,8144,14528377.00,
500003,AEGIS LOGIS ,A ,Q,346.00,353.35,333.00,334.45,334.45,342.65,5265,154491,52665430.00,
500008,AMAR RAJA BA,A ,Q,738.00,740.90,732.00,733.40,733.40,737.90,7777,90637,66587271.00,
500009,A.SARABHAI  ,X ,Q,33.70,33.70,32.05,32.35,32.35,33.00,1267,219427,7163904.00,
500010,HDFC        ,A ,Q,2545.00,2555.00,2516.50,2539.60,2539.60,2533.35,6252,82944,210939777.00,
500012,ANDHRA PETRO,X ,Q,162.65,162.65,157.15,162.65,162.65,154.95,2519,364572,58914014.00,
500013,ANSAL INFRAS,T ,Q,10.50,10.82,9.80,9.93,9.86,10.31,328,152078,1539307.00,
500014,UTIQUE      ,X ,Q,4.50,4.50,4.10,4.50,4.50,4.29,217,132801,590025.00,
500016,ARUNAHTEL   ,XT,Q,22.79,22.79,21.72,22.53,22.79,21.71,109,9520,216444.00,
500020,BOM DYEING  ,A ,Q,99.90,100.40,96.40,98.75,98.75,99.80,5643,848064,83266269.00,
500023,ASIANHOTNR  ,B ,Q,89.90,90.75,89.10,89.45,89.45,88.75,25,360,32346.00,
500027,ATUL LTD.   ,A ,Q,9290.00,9503.90,9279.30,9383.25,9353.00,9284.80,371,804,7535587.00,
500028,ATV PROJECTS,XT,Q,12.49,12.49,11.90,11.98,12.00,11.90,335,130582,1589343.00,
500031,BAJAJ ELECT.,A ,Q,1052.00,1061.40,1032.50,1041.95,1046.10,1048.30,607,3077,3229667.00,
500032,BAJAJHIND   ,T ,Q,20.20,20.20,20.20,20.20,20.20,21.25,2956,483647,9769669.00,
500033,FORCE MOTR  ,A ,Q,1615.00,1628.25,1540.00,1549.55,1549.55,1591.70,4251,56806,89405090.00,
500034,BAJFINANCE  ,A ,Q,6133.50,6174.70,6100.00,6125.70,6124.75,6133.50,3615,24452,150013224.00,
500038,BALRAM.CHINI,A ,Q,347.50,352.00,343.80,345.90,345.00,345.60,2683,72736,25285796.00,
500039,BANCO PROD. ,B ,Q,166.45,166.60,162.70,163.35,163.15,165.70,574,13913,2286896.00,
500040,CENTURY TEXT,A ,Q,712.00,716.70,694.65,712.90,712.90,710.75,2063,52322,37015626.00,
500041,BANNARI AMAN,A ,Q,1818.85,1846.00,1794.10,1803.00,1803.00,1802.25,39,69,124523.00,
500042,BASF INDIA  ,A ,Q,2645.00,2757.00,2645.00,2725.90,2725.90,2639.30,873,3836,10431030.00,
500043,BATA INDIA  ,A ,Q,1611.50,1611.50,1569.10,1574.05,1574.05,1588.15,1649,46138,73223077.00,
500048,BEML LTD    ,A ,Q,1332.00,1348.40,1319.00,1323.90,1323.90,1312.45,1586,27192,36237842.00,
500049,BHARAT ELECT,A ,Q,183.50,184.35,179.50,179.90,180.05,184.10,2033,224283,40708858.00,
500052,BHANSALI ENG,A ,Q,179.00,179.70,175.60,176.20,176.20,177.60,2822,170658,30470184.00,
500055,TATASTLBSL  ,B ,Q,89.10,90.20,88.60,88.90,88.90,89.05,2422,203170,18116434.00,
500058,BIHAR SPONGE,XT,Q,10.53,10.53,10.53,10.53,10.53,10.03,56,29149,306938.00,
500060,BIRLACABLE  ,T ,Q,114.90,116.00,108.80,110.70,111.75,113.40,384,20554,2270442.00,
500067,BLUE STAR   ,A ,Q,872.00,872.00,847.00,852.30,853.55,865.80,1069,5787,4978429.00,
500068,DISA INDIA  ,X ,Q,5300.00,5430.00,5255.00,5370.00,5370.00,5358.00,46,155,825117.00,
500069,BNK CAPITAL ,XT,Q,195.90,195.90,195.70,195.70,195.70,195.30,17,980,191859.00,
500074,BPL LTD.    ,B ,Q,39.25,41.35,38.90,39.15,39.05,40.65,513,20154,796171.00,
500078,OAL         ,B ,Q,875.20,899.00,861.95,873.45,873.45,880.10,622,4491,3958542.00,
500083,CENTURY EXT ,B ,Q,10.10,10.44,10.10,10.20,10.14,10.10,213,116535,1197635.00,
500084,CESC LTD.   ,A ,Q,857.80,859.50,828.00,830.10,830.10,852.60,1635,24763,20835333.00,
500085,CHAMBAL FERT,A ,Q,309.95,311.85,304.00,305.50,305.50,305.80,2667,117775,36336583.00,
500086,EXIDE IND.  ,A ,Q,184.15,184.70,182.40,182.95,183.00,184.15,1730,78091,14314254.00,
500087,CIPLA LTD.  ,A ,Q,977.65,980.85,972.00,973.35,973.35,977.00,1660,31507,30732361.00,
500089,DIC INDIA   ,B ,Q,491.60,494.10,484.50,493.10,492.45,493.80,86,442,216145.00,
500092,CRISIL LTD  ,A ,Q,2670.00,2712.05,2652.70,2696.65,2697.00,2676.10,1120,4128,11102124.00,
500093,CGPOWER     ,T ,Q,76.00,79.00,73.00,77.60,77.60,75.75,2052,261263,19621031.00,
500096,DABUR (I)   ,A ,Q,584.10,588.95,582.15,584.25,584.00,585.40,2203,49458,28884707.00,
500097,DALMIASUG   ,A ,Q,483.00,483.00,463.35,465.95,464.00,475.75,992,19628,9207019.00,
500101,ARVIND Ltd  ,A ,Q,108.30,110.95,106.55,108.70,108.70,107.40,8210,1098442,118943489.00,
500102,BALARPUR IND,Z ,Q,1.60,1.65,1.55,1.60,1.60,1.62,956,2462873,3909246.00,
500103,BHEL        ,A ,Q,65.90,66.10,64.75,64.95,64.95,65.85,3643,2676896,174904562.00,
500104,HIND.PETRO  ,A ,Q,270.15,271.70,266.10,267.00,267.00,270.05,2071,137391,36858127.00,
500106,IFCI LTD    ,A ,Q,14.36,14.50,13.80,13.93,13.93,14.21,5363,678140,9589937.00,
500108,MAHA.TELE   ,B ,Q,21.80,22.85,21.45,22.85,22.85,21.80,676,383374,8656055.00,
500109,MRPL        ,A ,Q,49.45,49.45,48.05,48.20,48.40,48.65,685,133304,6469039.00,
500110,CHENNAI PET.,A ,Q,130.00,135.55,130.00,133.20,133.20,134.65,2153,135595,18122888.00,
500111,REL.CAP.    ,B ,Q,20.80,20.85,19.80,20.05,20.05,20.60,1500,441788,8952257.00,
500112,STATE BANK  ,A ,Q,432.05,432.90,429.80,431.65,431.65,430.95,8302,464402,200402050.00,
500113,STEEL AUTH. ,A ,Q,124.80,127.40,124.40,126.15,126.15,124.55,33289,4256577,536818926.00,
500114,TITAN       ,A ,Q,1708.90,1716.15,1693.65,1702.30,1702.30,1711.10,4098,36734,62620340.00,
500116,IDBI BANK L ,A ,Q,38.35,38.40,37.85,37.95,37.95,38.25,2208,659497,25126708.00,
500117,DCW LTD.    ,B ,Q,42.00,42.15,40.30,40.45,40.45,41.50,1271,260505,10695384.00,
500119,DHAMPUR SUGA,A ,Q,375.40,375.95,365.55,368.05,368.05,373.40,1897,41833,15503909.00,
500120,DIAMINES&CHM,X ,Q,300.00,303.00,292.50,293.40,293.40,298.80,284,13102,3864403.00,
500123,ELANTAS     ,A ,Q,4319.00,4376.80,4120.05,4161.35,4150.00,4234.90,301,1275,5335896.00,
500124,DR.REDDY'S  ,A ,Q,5413.00,5438.55,5374.00,5394.90,5394.90,5391.60,2161,12847,69397000.00,
500125,E.I.D.PAR   ,A ,Q,406.50,409.95,403.55,404.80,404.80,406.60,1711,35511,14422665.00,
500126,PGHL        ,A ,Q,5720.10,5728.50,5650.00,5672.35,5681.50,5712.70,360,675,3829282.00,
500128,ELEC.CASTING,B ,Q,38.50,38.50,35.45,37.35,37.30,37.90,813,90775,3387979.00,
500133,ESAB INDIA  ,A ,Q,1916.50,1987.00,1916.50,1935.95,1928.10,1942.50,108,390,760623.00,
500135,EPL         ,A ,Q,257.80,262.10,255.00,256.35,256.35,260.00,1373,20845,5360706.00,
500136,ESTER INDUS.,B ,Q,148.45,148.75,143.40,143.85,143.85,147.85,1059,46480,6759890.00,
500143,P.H.CAPITAL ,X ,Q,51.00,51.00,51.00,51.00,51.00,48.60,10,2227,113577.00,
500144,FINOL. CABLE,A ,Q,549.35,549.35,532.40,537.15,537.15,545.65,1285,30134,16177591.00,
500147,COCKERILL   ,X ,Q,875.60,950.00,875.60,937.55,937.55,894.30,154,17962,16486720.00,
500148,UFLEX LTD   ,A ,Q,549.65,550.10,532.85,534.85,535.45,541.30,2576,46721,25135233.00,
500150,FOSECO INDIA,B ,Q,1556.65,1594.35,1532.60,1567.70,1567.70,1553.15,332,4388,6826860.00,
500151,GOLDEN TOB  ,T ,Q,46.50,48.00,46.50,47.10,47.10,48.20,18,2000,94757.00,
500153,GANESH BENZO,X ,Q,88.70,90.80,83.85,87.50,87.50,86.45,1733,277192,24207119.00,
500159,METROGLOBL  ,X ,Q,71.50,79.90,71.45,75.45,75.00,70.00,440,49827,3773229.00,
500160,GTL LTD.    ,B ,Q,25.15,25.15,22.85,23.00,22.85,24.05,1482,455084,10859442.00,
500163,GODFREY PH  ,A ,Q,1055.00,1076.95,1051.70,1057.15,1061.00,1056.80,1347,10392,11051905.00,
500164,GODREJ IND  ,A ,Q,566.00,566.00,554.50,558.45,560.10,556.20,591,9883,5529623.00,
500165,KANSAI NERO ,A ,Q,599.05,602.55,596.50,600.10,600.50,600.35,1127,13604,8157041.00,
500166,GOODRICKE   ,X ,Q,280.90,285.45,275.00,282.15,282.15,280.55,446,24353,6844277.00,
500168,GOODYEAR (I),A ,Q,1299.95,1330.30,1291.40,1305.70,1305.70,1278.05,1810,13454,17626306.00,
500170,GTN INDUS   ,X ,Q,21.00,21.00,19.20,20.05,19.55,20.05,142,35492,705163.00,
500171,GHCL LTD    ,A ,Q,320.00,320.00,307.00,309.20,310.25,307.95,899,29897,9313265.00,
500173,GFLLIMITED  ,A ,Q,68.85,68.90,67.40,67.75,67.70,67.40,334,9456,643709.00,
500174,GUJ.LEASE   ,B ,Q,2.80,2.80,2.74,2.74,2.74,2.79,7,2150,5975.00,
500179,HCL INFOSYS ,B ,Q,16.80,17.00,16.55,16.60,16.60,16.75,756,157969,2644218.00,
500180,HDFC BANK   ,A ,Q,1506.20,1526.60,1501.75,1520.50,1520.50,1498.35,5042,130830,198787183.00,
500182,HEROMOTOCO  ,A ,Q,2900.05,2910.00,2882.05,2885.35,2885.35,2901.05,3491,17003,49137544.00,
500183,HFCL        ,T ,Q,82.60,83.00,78.50,78.50,78.50,82.60,13146,1411086,111188096.00,
500184,HSCL        ,A ,Q,56.45,56.65,55.00,55.20,55.20,56.05,1969,402644,22438359.00,
500185,HIND.CONSTN.,A ,Q,14.28,14.28,13.50,13.55,13.55,14.13,960,807298,11132885.00,
500186,HIND.OIL EXP,A ,Q,117.00,117.50,114.50,114.70,114.90,116.80,654,37604,4346039.00,
500187,HSIL        ,B ,Q,250.05,255.00,248.30,252.35,252.20,251.95,1197,18846,4750544.00,
500188,HINDUS.ZI   ,A ,Q,339.40,350.80,334.70,347.40,346.70,335.20,3237,118381,40869260.00,
500189,NXTDIGITAL  ,B ,Q,512.45,518.15,487.10,491.05,491.05,510.20,367,2453,1213579.00,
500191,HMT LTD.    ,Z ,Q,36.50,37.00,34.60,35.75,35.70,36.40,106,9403,335356.00,
500192,PRAG BOSIMI ,XT,Q,2.95,3.09,2.81,2.94,2.82,2.95,63,41684,123536.00,
500193,HLVLTD      ,B ,Q,10.65,10.65,10.28,10.44,10.40,10.42,157,57080,597774.00,
500199,I.G.PETRO   ,B ,Q,682.00,693.50,675.70,682.50,680.40,682.80,1042,8697,5952957.00,
500201,IND.GLYCOLS ,A ,Q,717.10,758.75,716.05,731.10,731.10,714.05,2301,41224,30529017.00,
500206,MARGO FIN   ,X ,Q,16.44,16.44,16.44,16.44,16.44,15.66,7,1547,25432.00,
500207,INDO RAMA   ,T ,Q,61.35,61.35,58.80,59.00,58.80,58.45,247,51313,3092974.00,
500209,INFOSYS LTD ,A ,Q,1554.00,1597.25,1551.25,1580.30,1580.30,1576.90,14762,344456,544910549.00,
500210,INGERSOLL   ,A ,Q,982.45,995.00,970.00,979.55,970.55,974.90,307,2114,2080561.00,
500211,INSILCO LTD.,XT,Q,8.00,8.20,7.85,7.94,7.95,7.90,83,22956,183955.00,
500212,INTEG.FIN.SE,XT,Q,42.75,47.10,42.75,44.80,47.10,44.95,30,3574,156992.00,
500213,INTER.TRAVEL,XT,Q,89.95,89.95,85.50,87.30,87.25,88.45,49,3927,346161.00,
500214,ION EXCHANGE,A ,Q,2750.00,2750.00,2625.00,2697.20,2697.20,2727.25,2394,30190,81250295.00,
500215,AGRO TECH FO,A ,Q,955.50,964.75,940.95,947.15,942.10,960.00,55,213,202483.00,
500219,JAIN IRRIG  ,A ,Q,35.70,36.20,33.40,33.90,33.90,34.85,2404,543529,19062556.00,
500220,JASCH INDUST,X ,Q,143.50,146.00,143.00,144.25,144.40,139.90,864,41190,5950980.00,
500223,JCT LTD     ,X ,Q,2.99,2.99,2.83,2.96,2.96,2.85,6934,16301904,48391001.00,
500227,JINDAL POLYF,A ,Q,1016.15,1019.65,986.70,991.50,991.50,1013.00,1806,32458,32459838.00,
500228,JSWSL       ,A ,Q,704.00,707.95,696.35,698.95,698.95,700.35,3570,201697,141416450.00,
500231,UMANG DAIR  ,B ,Q,89.90,93.90,87.75,88.30,88.75,87.50,3132,246479,22454584.00,
500233,KAJARIA CER.,A ,Q,986.00,1009.55,985.00,997.65,996.70,989.20,466,3535,3529697.00,
500234,KAKATIYA CEM,B ,Q,256.40,258.90,252.00,252.80,253.05,257.30,271,1680,428674.00,
500235,KALYANI STEL,A ,Q,400.30,403.10,396.00,397.05,397.05,399.50,599,7550,3018572.00,
500236,KANELIND    ,XT,Q,4.09,4.09,3.90,4.09,4.09,3.90,44,18338,74914.00,
500238,WHIRLPOOL   ,A ,Q,2171.00,2217.70,2171.00,2200.00,2194.05,2199.35,764,5370,11810111.00,
500239,KG DENIM    ,XT,Q,46.80,49.20,45.05,49.20,49.20,46.90,197,44688,2176904.00,
500240,KINETIC ENG.,XT,Q,60.15,61.50,56.50,61.00,61.50,59.30,99,8862,527191.00,
500241,KIRL.BROS.  ,T ,Q,492.00,492.00,463.10,478.80,480.00,482.80,109,1784,858042.00,
500243,KIRL INDUS  ,B ,Q,1726.15,1749.00,1688.00,1695.15,1688.00,1698.35,185,636,1085819.00,
500245,KIRL.FERROUS,B ,Q,284.55,292.95,284.55,290.45,291.00,285.70,1047,23346,6774440.00,
500247,KOTAK MAH.BK,A ,Q,1755.95,1756.95,1740.00,1750.05,1750.05,1748.70,9687,132945,232523004.00,
500248,KRIFILIND   ,X ,Q,3.16,3.16,3.16,3.16,3.16,3.01,1,300,948.00,
500249,KSB         ,A ,Q,1096.00,1113.25,1057.05,1073.90,1073.90,1087.95,741,3417,3687177.00,
500250,L.G.BALKRISH,A ,Q,484.00,488.55,466.00,467.35,468.60,483.60,1017,14961,7055514.00,
500251,TRENT LTD.  ,A ,Q,922.00,927.55,899.30,901.85,905.15,917.60,1561,156763,142041621.00,
500252,LAXMIMACH   ,A ,Q,7710.00,7710.00,7510.00,7533.85,7525.00,7594.95,515,1244,9430408.00,
500253,LIC HOUS.FIN,A ,Q,475.60,475.60,468.40,469.65,469.65,471.60,3731,129979,61207929.00,
500257,LUPIN LTD.  ,A ,Q,1172.00,1177.80,1159.90,1161.90,1161.90,1172.05,3073,165148,192895834.00,
500259,LYKA LABS   ,T ,Q,58.80,60.50,58.80,59.40,59.10,59.85,55,7514,447414.00,
500260,RAMCOCEM    ,A ,Q,1112.50,1119.80,1101.85,1114.35,1112.55,1108.75,610,61313,67770039.00,
500264,MAFATLAL IND,X ,Q,187.95,187.95,175.00,177.95,176.10,174.50,123,8308,1496926.00,
500265,MAH.SEAMLESS,A ,Q,331.45,334.75,322.55,323.60,323.30,330.30,1411,23960,7855529.00,
500266,MAH.SCOOTER ,A ,Q,3801.70,3801.70,3725.05,3736.15,3732.40,3791.90,88,257,966966.00,
500267,MAJESTIC AUT,X ,Q,157.05,159.80,153.10,154.80,155.00,152.60,255,23738,3711621.00,
500268,MANALI PETRO,T ,Q,82.80,84.80,81.00,82.55,82.50,82.20,742,124033,10237888.00,
500271,MFSL        ,A ,Q,1076.50,1091.15,1055.00,1058.15,1062.95,1074.30,1524,33738,36316816.00,
500279,MIRC ELECT  ,B ,Q,22.50,23.10,21.85,21.90,21.90,22.95,551,163117,3638805.00,
500280,CENTURY ENKA,B ,Q,452.00,465.25,448.70,458.70,459.85,449.10,2145,46333,21292243.00,
500284,LORDS CHLORO,X ,Q,48.00,49.60,46.00,49.50,49.60,45.10,158,13995,679020.00,
500285,SPICEJET LTD,A ,Q,79.10,80.70,78.30,78.95,78.95,78.70,2822,393902,31363090.00,
500288,MOREPEN LAB.,A ,Q,67.95,69.60,66.80,67.20,67.40,67.85,1587,256495,17427386.00,
500290,MRF LTD.    ,A ,Q,82999.80,83200.10,81137.85,81526.50,81559.85,82800.10,321,426,34858274.00,
500292,HEIDEL CEM  ,A ,Q,265.15,266.75,264.05,264.70,264.70,263.85,474,11368,3016142.00,
500294,NCC         ,A ,Q,93.90,94.90,91.80,92.35,92.60,92.80,1273,181733,16928516.00,
500295,VEDL        ,A ,Q,271.40,273.20,268.40,269.60,269.60,271.60,2216,208621,56580809.00,
500296,NAHAR SPG.  ,B ,Q,295.00,300.00,282.00,292.85,293.10,290.05,913,23105,6792226.00,
500298,NAT.PEROXIDE,A ,Q,2218.90,2218.90,2166.80,2176.55,2176.55,2194.20,523,3567,7787534.00,
500300,GRASIM IND. ,A ,Q,1579.00,1579.35,1554.00,1557.95,1557.95,1567.75,1314,25167,39358660.00,
500302,PEL         ,A ,Q,2301.00,2330.55,2270.20,2278.55,2278.55,2291.45,4430,166501,382149754.00,
500304,NIIT LTD.   ,A ,Q,294.00,301.35,291.05,293.40,293.40,291.70,3339,118703,35201370.00,
500306,JAYKAY      ,X ,Q,40.90,42.50,40.90,42.50,42.50,40.50,125,33980,1439943.00,
500307,NIRLON      ,A ,Q,279.00,300.30,279.00,289.80,287.20,283.15,273,13711,4003188.00,
500312,ONGC CORPN  ,A ,Q,119.90,119.90,116.25,116.85,116.85,120.65,8032,1235220,144798889.00,
500313,OIL COUNTRY ,T ,Q,7.25,7.25,6.89,6.89,6.89,7.25,34,13380,92602.00,
500314,ORIENT HOTEL,B ,Q,38.40,38.40,37.55,37.70,37.80,38.05,414,17182,648515.00,
500317,OSWAL AGRO. ,B ,Q,19.95,19.95,18.60,18.90,18.90,19.37,616,75315,1441563.00,
500319,INDIAN SUCRO,X ,Q,68.50,68.50,68.35,68.35,68.35,71.90,268,129503,8859863.00,
500325,RELIANCE    ,A ,Q,2096.00,2096.00,2078.65,2083.25,2083.25,2086.00,11623,211763,441704600.00,
500327,PILITA      ,B ,Q,8.76,8.85,8.45,8.55,8.56,8.60,697,1040626,8935312.00,
500330,RAYMOND     ,A ,Q,451.50,451.50,440.35,442.05,442.05,447.75,2593,61353,27271185.00,
500331,PIDILITE    ,A ,Q,2249.00,2262.95,2242.60,2248.55,2248.55,2252.50,2324,13498,30347495.00,
500333,PIX TRANS   ,X ,Q,689.10,698.35,660.50,670.35,670.35,689.10,1352,37713,25313699.00,
500335,BIRLA CORPN.,A ,Q,1317.00,1361.25,1305.50,1350.05,1345.85,1311.45,2254,15091,20246755.00,
500336,SURYA ROSHNI,A ,Q,542.50,550.00,530.60,535.20,536.30,541.45,1288,21259,11498088.00,
500337,PRIME SECUR.,B ,Q,83.00,85.40,81.00,85.40,85.15,81.35,419,11231,939838.00,
500338,PRSMJOHNSN  ,A ,Q,141.70,144.45,138.00,139.25,139.90,140.85,1203,43977,6200018.00,
500339,RAIN        ,A ,Q,229.10,234.90,228.25,231.75,231.75,229.30,3492,442844,102813723.00,
500343,AMJLAND     ,B ,Q,34.70,37.15,33.30,36.15,35.40,34.00,449,33841,1214113.00,
500346,PUN.COMMUNI.,T ,Q,36.70,37.90,36.70,36.75,37.40,36.70,26,3306,123538.00,
500350,RSWM  LTD   ,B ,Q,340.60,343.85,333.80,335.70,335.00,334.85,387,4100,1384170.00,
500354,RAJSH.SUGAR ,T ,Q,32.80,34.50,32.80,32.80,32.80,34.50,89,11691,385489.00,
500355,RALLIS INDIA,A ,Q,322.10,338.40,319.10,334.65,334.65,319.70,5374,196333,65023350.00,
500356,RAMANEWS    ,B ,Q,22.20,22.70,20.60,20.75,20.75,21.90,677,170677,3683018.00,
500357,RAMA PAPER  ,XT,Q,23.05,23.85,23.00,23.85,23.85,22.75,141,20201,477824.00,
500358,RAMA PETRO  ,XT,Q,4.15,4.15,4.15,4.15,4.15,4.15,1,10,41.00,
500360,RAPICUT CARB,XT,Q,33.75,34.50,33.15,34.15,34.50,33.75,28,3645,124019.00,
500365,WELSPLSOL   ,X ,Q,23.40,24.10,22.35,22.55,22.55,22.85,1599,787269,18188447.00,
500366,ROLTA (I)   ,B ,Q,8.39,8.66,8.23,8.32,8.32,8.37,450,175552,1484484.00,
500367,RUBFILA INT.,X ,Q,100.95,102.00,99.00,100.05,100.40,99.65,969,77778,7776036.00,
500368,RUCHI SOYA  ,B ,Q,1127.85,1135.40,1109.95,1111.95,1113.95,1127.85,1030,6199,6943421.00,
500370,SALORA INT. ,XT,Q,42.45,42.55,40.60,40.60,40.60,40.55,20,3495,146569.00,
500378,JINDAL SAW  ,A ,Q,129.90,129.90,125.75,127.20,126.65,128.15,1108,130443,16547255.00,
500380,JK LAKSHMI  ,A ,Q,667.00,667.95,648.95,653.45,653.65,659.90,2221,39814,26123136.00,
500387,SHREE CEMENT,A ,Q,28749.00,28749.00,28282.00,28472.45,28386.10,28402.30,369,828,23556919.00,
500388,SHREE KRISHN,XT,Q,16.20,16.20,16.20,16.20,16.20,16.20,4,138,2235.00,
500390,REL INFRA   ,T ,Q,84.90,84.90,79.50,80.65,80.65,82.75,1337,987190,80506077.00,
500400,TATA POWER  ,A ,Q,125.05,126.45,124.15,124.40,124.40,124.60,19298,3076388,384829532.00,
500402,SPMLINFRA   ,T ,Q,11.90,12.20,11.50,12.00,12.00,12.09,41,14043,166461.00,
500403,SUNDARAM FAS,A ,Q,806.00,811.00,789.55,792.45,800.00,801.00,698,4829,3857765.00,
500404,SUNFLAG IRON,A ,Q,83.95,84.85,82.75,83.45,83.45,83.55,1244,122702,10236299.00,
500405,SUPREME PET ,T ,Q,760.00,760.00,752.30,754.35,755.05,752.20,630,11530,8719825.00,
500407,SWARAJ ENGIN,A ,Q,1787.05,1787.05,1756.95,1769.40,1769.40,1774.15,635,2017,3579011.00,
500408,TATA ELXSI  ,A ,Q,4449.70,4572.75,4408.75,4487.20,4487.20,4368.45,4142,30034,135083152.00,
500410,ACC LTD     ,A ,Q,2080.10,2126.00,2069.55,2111.90,2111.90,2080.10,1487,19123,40098693.00,
500411,THERMAX     ,A ,Q,1448.80,1456.65,1415.00,1418.10,1427.35,1422.75,628,2495,3572486.00,
500412,THIRUMALAI  ,A ,Q,159.80,166.05,156.95,161.40,161.40,157.75,8499,747451,121078593.00,
500413,THOMAS COOK ,A ,Q,64.00,64.20,62.00,62.35,62.35,63.75,2149,178490,11253637.00,
500414,TIMEX GROUP ,X ,Q,38.70,39.95,38.20,38.95,38.90,38.65,351,271705,10637678.00,
500418,TOKYO PLAST ,B ,Q,108.95,115.20,108.95,110.60,111.50,107.75,752,19443,2179017.00,
500420,TORRENT PHAR,A ,Q,3015.00,3044.35,2993.80,2999.25,2993.80,3010.25,365,1483,4483195.00,
500422,TRANSCHEM   ,X ,Q,29.95,30.90,29.30,29.50,30.45,29.60,47,3849,114610.00,
500425,AMBUJA CEME ,A ,Q,375.00,388.65,373.60,385.65,385.65,373.05,6263,310574,118343149.00,
500426,UTLINDS     ,X ,Q,9.81,10.30,9.70,9.85,10.30,10.21,79,16248,160031.00,
500429,UNIPHOS ENT.,B ,Q,143.00,143.85,135.15,137.10,137.10,141.65,454,9585,1350386.00,
500439,VARD HOLDNG ,B ,Q,3555.00,3591.00,3232.65,3282.05,3294.00,3485.65,340,1083,3634466.00,
500440,HINDALCO    ,A ,Q,391.85,402.95,390.25,401.40,401.50,391.50,5980,367674,146383147.00,
500444,WEST COAS PA,A ,Q,263.70,265.05,261.70,261.95,261.80,263.70,218,3865,1014523.00,
500449,HIND.ORG.CHM,B ,Q,37.70,38.25,37.10,37.35,37.35,38.00,608,90983,3415184.00,
500450,MPIL CORP L ,X ,Q,260.00,260.00,260.00,260.00,260.00,250.00,1,10,2600.00,
500456,PAS.ACRYLON ,X ,Q,31.80,31.85,29.80,30.10,30.10,31.35,938,352406,10681777.00,
500458,KORE        ,XT,Q,3.20,3.20,3.04,3.06,3.15,3.20,22,5454,17071.00,
500459,PROCTER &GAM,A ,Q,12992.80,12998.55,12903.70,12936.60,12942.00,12975.90,250,373,4825491.00,
500460,MUKAND LTD. ,T ,Q,138.00,139.95,133.90,136.00,134.00,133.90,100,15242,2068701.00,
500463,AGCNET      ,T ,Q,1199.00,1229.90,1180.00,1225.05,1198.00,1175.40,24,201,240953.00,
500464,UCAL FUEL   ,B ,Q,167.05,169.45,164.00,164.60,164.50,167.05,332,4365,726927.00,
500467,HARR.MALAYAL,B ,Q,225.35,228.85,219.95,221.25,223.00,226.30,1064,20206,4526374.00,
500469,FEDERAL BANK,A ,Q,90.25,90.25,87.65,88.40,88.40,89.85,3527,1584652,140380984.00,
500470,TATA STEEL  ,A ,Q,1249.00,1266.00,1237.90,1256.10,1256.10,1244.60,15952,583812,732491335.00,
500472,SKF INDIA   ,A ,Q,2599.00,2629.85,2579.30,2590.20,2585.90,2603.40,302,753,1958252.00,
500477,ASHOK LEYL. ,A ,Q,128.50,129.15,127.00,128.60,128.60,127.95,7811,912721,117392760.00,
500480,CUMMINS (I) ,A ,Q,863.70,885.40,863.70,873.80,873.00,859.60,1537,43616,38309377.00,
500483,TATA COMM   ,A ,Q,1405.00,1426.20,1383.30,1389.55,1391.80,1401.85,1224,15838,22232979.00,
500488,ABBOTT (I)  ,A ,Q,17550.00,17550.00,17233.00,17335.05,17303.65,17367.80,157,10222,177846795.00,
500490,BAJ HOLD INV,A ,Q,3900.35,3901.20,3874.90,3885.35,3887.00,3893.35,239,664,2582787.00,
500493,BHARAT FORGE,A ,Q,813.00,816.80,807.00,810.60,810.90,812.15,1548,44125,35850296.00,
500495,ESCORTS LTD.,A ,Q,1194.00,1205.20,1190.00,1200.00,1200.00,1194.55,3236,49330,59073815.00,
500500,HIND.MOTORS ,B ,Q,8.89,8.89,8.31,8.51,8.51,8.63,119,30975,262322.00,
500510,LARSEN & TOU,A ,Q,1550.00,1624.90,1548.50,1609.05,1609.05,1544.30,21910,478751,768760503.00,
500520,MAH & MAH   ,A ,Q,781.75,783.70,775.75,779.90,779.90,786.40,3814,71613,55870767.00,
500530,BOSCH LTD   ,A ,Q,15487.65,15501.00,15293.20,15342.35,15325.00,15366.20,379,908,13973897.00,
500540,PREMIER LTD ,T ,Q,3.92,3.92,3.80,3.83,3.89,3.94,15,3485,13536.00,
500547,BHARAT PET. ,A ,Q,450.00,450.70,445.00,447.00,447.00,448.70,3772,220153,98583757.00,
500550,SIEMENS LTD.,A ,Q,2012.15,2059.60,2005.70,2032.90,2032.90,2001.15,2957,38676,78944712.00,
500570,TATA MOTORS ,A ,Q,310.90,312.85,307.55,310.20,310.20,309.45,12484,1004468,311428003.00,
500575,VOLTAS LTD  ,A ,Q,1033.00,1048.45,1033.00,1042.45,1043.00,1030.45,1513,28114,29316160.00,
500620,GREAT EASTE ,A ,Q,392.00,392.00,383.25,385.10,385.10,379.05,1681,49303,19071962.00,
500645,DEEPAK FERT.,T ,Q,424.90,428.90,403.00,417.10,417.10,422.80,1986,43858,18230994.00,
500650,EXCEL INDUST,A ,Q,1218.50,1258.20,1218.50,1224.40,1226.05,1240.15,842,3437,4256123.00,
500655,GRWRHITECH  ,T ,Q,911.00,923.00,891.00,901.65,901.65,912.10,357,20565,18690453.00,
500660,GLAXOSMITH  ,A ,Q,1546.20,1554.55,1535.00,1544.90,1549.00,1544.85,1069,4734,7309449.00,
500670,GUJ.NARMADA ,A ,Q,361.50,361.90,355.35,356.10,356.10,358.85,2346,51849,18521146.00,
500672,NOVARTIS    ,A ,Q,1059.60,1059.60,1008.45,1013.30,1013.30,1045.55,766,5596,5751024.00,
500674,SANOFI      ,A ,Q,8046.05,8070.45,7872.00,7893.15,7893.15,7995.80,190,324,2569566.00,
500680,PFIZER LTD. ,A ,Q,5753.00,5768.50,5642.00,5652.45,5660.00,5759.15,1199,4033,22974295.00,
500690,GUJ.ST.FERT ,A ,Q,112.95,117.70,111.65,114.65,114.85,112.50,1649,131814,15140946.00,
500696,HIND UNI LT ,A ,Q,2415.80,2424.90,2402.15,2412.50,2412.50,2415.60,4981,36711,88468507.00,
500710,AKZOINDIA   ,A ,Q,2299.50,2299.50,2280.00,2290.70,2284.60,2294.80,116,245,561557.00,
500730,NOCIL LTD   ,A ,Q,260.30,264.55,255.65,262.00,262.00,262.35,2857,194150,50633311.00,
500770,TATA CHEM.  ,A ,Q,781.40,781.40,773.40,777.70,777.00,777.60,4352,95409,74138756.00,
500777,T.P.L.      ,B ,Q,119.50,119.50,117.50,118.30,118.05,117.70,875,28700,3392872.00,
500780,ZUARIGLOB   ,B ,Q,174.00,177.70,162.05,165.70,165.70,169.25,1632,100553,17419171.00,
500790,NESTLE (I)  ,A ,Q,17550.00,17650.00,17447.70,17618.80,17618.80,17535.55,420,1291,22713646.00,
500800,TATACONSUM  ,A ,Q,770.00,774.55,763.85,772.25,772.25,768.20,1411,42449,32569792.00,
500820,ASIAN PAINTS,A ,Q,3002.55,3009.15,2973.00,2982.75,2982.75,3002.00,4926,28713,85699194.00,
500825,BRITANIA IND,A ,Q,3491.10,3496.40,3455.00,3460.90,3461.45,3484.20,1573,10554,36591636.00,
500830,COLGATE PALM,A ,Q,1735.00,1752.85,1732.20,1750.85,1750.85,1729.10,1757,18436,32173909.00,
500840,EIH LTD.    ,A ,Q,117.35,120.80,116.35,117.05,117.05,116.65,1528,80572,9526902.00,
500850,INDIAN HOTEL,A ,Q,151.10,151.40,149.20,149.90,149.90,148.75,1519,105385,15856515.00,
500870,CASTROL     ,A ,Q,144.50,144.65,143.05,143.30,143.15,144.35,1002,31465,4517120.00,
500875,ITC LTD.    ,A ,Q,204.90,208.45,202.90,206.20,206.20,204.15,27217,2727252,562375713.00,
500877,APOLLO TYRES,A ,Q,237.80,237.80,230.55,231.10,231.10,240.45,2769,225823,52699484.00,
500878,CEAT LIMITED,A ,Q,1450.00,1460.95,1424.00,1437.10,1436.00,1423.40,2555,26605,38381852.00,
500890,MODI RUBBER ,T ,Q,73.85,73.85,72.00,72.90,72.90,72.20,11,392,28465.00,
500940,FINOLEX IND.,A ,Q,181.00,181.00,177.50,178.45,178.00,179.15,2478,46081,8231041.00,
501148,DALAL ST INV,XT,Q,274.00,275.85,274.00,275.85,275.85,275.90,3,13,3584.00,
501150,CENTRUM CAP ,B ,Q,49.95,51.00,49.15,49.50,49.50,49.15,1316,421961,21227294.00,
501151,KARTIK INV  ,XT,Q,682.50,682.50,682.50,682.50,682.50,650.00,1,1,682.00,
501242,TCI FINANCE ,B ,Q,5.80,5.81,5.80,5.81,5.81,5.70,4,950,5516.00,
501295,INDUS.INV.TR,B ,Q,69.05,69.45,69.00,69.05,69.05,68.50,24,250,17272.00,
501298,INDUS.&PRUD.,X ,Q,1623.60,1623.60,1567.00,1582.85,1580.20,1584.40,40,379,602183.00,
501301,TATA INVEST.,A ,Q,1163.90,1181.30,1158.35,1165.25,1165.25,1160.60,765,5439,6365826.00,
501314,PRISMX      ,X ,Q,92.50,96.50,92.10,94.80,96.45,91.95,1928,36890,3503771.00,
501343,MOTOR&GEN.FI,B ,Q,21.80,22.80,21.75,21.95,21.95,22.50,83,8692,195357.00,
501370,WALCHAND PF ,X ,Q,108.80,108.80,102.00,104.35,106.90,104.60,64,2095,216620.00,
501391,W.H.BRADY   ,X ,Q,174.00,176.40,161.25,174.00,174.00,168.00,47,1005,176333.00,
501423,SHA ENG PLA ,XT,Q,1675.00,1699.95,1650.00,1687.55,1670.00,1673.45,75,2102,3508800.00,
501425,BOM.BURMAH  ,A ,Q,1320.00,1326.00,1302.00,1307.90,1308.00,1316.80,1030,6666,8748223.00,
501430,BOM.CYCLE   ,X ,Q,698.95,698.95,678.05,684.80,684.80,694.55,23,198,136521.00,
501455,GREAVES COTT,A ,Q,177.85,177.85,171.45,172.10,172.10,176.55,4213,322545,55870953.00,
501477,MULLER & PHI,XT,Q,160.00,162.40,160.00,162.40,162.40,154.70,10,311,50458.00,
501622,AMALGAMATED ,XT,Q,14.10,14.10,13.40,13.40,13.40,14.10,2,12,167.00,
501700,INDIA NIVEH ,XT,Q,17.15,17.45,16.65,16.65,16.65,17.15,7,802,13742.00,
501831,COAST CORP  ,X ,Q,305.90,315.00,301.10,305.45,306.65,304.45,349,17432,5384040.00,
501833,CHOWGULE ST ,XT,Q,8.35,8.38,7.68,8.14,8.35,7.99,71,17202,141650.00,
501848,GLOBAL OFFS ,X ,Q,17.88,17.88,17.88,17.88,17.88,17.03,37,27791,496903.00,
501945,DHENUBUILD  ,X ,Q,1.75,1.75,1.75,1.75,1.75,1.78,6,5018,8781.00,
502015,ASIIL       ,XT,Q,27.55,28.50,27.00,27.05,27.90,28.05,154,29837,821467.00,
502090,SAGAR CEM.  ,A ,Q,1124.20,1165.00,1123.80,1134.40,1130.60,1115.85,1260,8162,9339575.00,
502137,DECAN CEMENT,B ,Q,685.00,702.00,677.70,691.60,691.60,685.15,2231,20644,14302272.00,
502157,MANGALAM CEM,A ,Q,389.00,394.50,388.80,393.80,393.80,387.70,588,8509,3338700.00,
502168,N C L IND.  ,A ,Q,241.30,243.50,233.95,240.40,240.40,236.80,1045,27700,6648440.00,
502175,SAURAS.CEM. ,X ,Q,99.30,99.30,95.10,96.40,97.00,98.75,800,101581,9880912.00,
502180,SRI DIGV CEM,B ,Q,88.95,89.35,88.00,88.30,88.30,87.95,753,58158,5162799.00,
502219,BORORENEW   ,T ,Q,299.30,299.35,288.00,291.85,291.00,287.05,1673,84028,24729344.00,
502250,LERTHAI     ,XT,Q,219.90,219.90,218.50,218.50,218.50,219.95,2,22,4809.00,
502271,RAASI REFRAC,X ,Q,13.59,13.99,12.95,12.96,12.96,13.59,20,2002,26816.00,
502281,TRIVENI GLAS,X ,Q,6.51,6.85,6.51,6.80,6.80,6.80,18,7534,51239.00,
502330,ANDPAPER    ,B ,Q,266.25,266.90,251.60,253.20,253.25,262.50,820,12527,3236347.00,
502355,BALKRISH IND,A ,Q,2299.50,2322.50,2290.00,2311.30,2310.95,2296.55,633,3626,8361675.00,
502420,ORIENT PAPER,B ,Q,30.65,30.85,29.80,30.05,30.05,30.55,620,126082,3815487.00,
502445,CITADEL     ,X ,Q,11.81,11.98,10.86,11.84,11.84,11.41,32,4275,48927.00,
502448,ROLLATAINER ,B ,Q,3.15,3.22,2.96,3.22,3.22,3.07,171,294441,945609.00,
502450,SESHA.PAPER ,A ,Q,230.00,230.00,214.30,215.50,215.50,223.75,1552,38803,8628810.00,
502460,SOLID CONT. ,X ,Q,34.00,34.00,34.00,34.00,34.00,34.00,1,100,3400.00,
502563,SH.BHAWANI  ,Z ,Q,2.00,2.20,2.00,2.00,2.00,2.10,10,4799,10116.00,
502587,NATHIND     ,X ,Q,99.25,114.50,99.25,110.45,110.45,101.75,924,96893,10639315.00,
502589,VAPI PAPER  ,XT,Q,34.00,34.00,34.00,34.00,34.00,32.40,4,102,3468.00,
502742,SINTEX IND. ,T ,Q,4.51,4.73,4.45,4.71,4.71,4.51,1169,1071361,5004031.00,
502820,DCM LTD.    ,T ,Q,40.65,42.80,40.20,40.25,40.25,41.05,25,1315,53273.00,
502865,FORBES & CO ,B ,Q,3185.00,3240.00,3011.00,3028.45,3028.45,3126.00,609,7006,21781284.00,
502873,H.P.COTTON  ,X ,Q,99.00,99.00,92.30,92.30,92.30,97.15,274,17783,1664408.00,
502893,UNITEDINT   ,XT,Q,34.50,34.50,32.80,32.80,32.80,34.50,2,131,4517.00,
502901,JAMSHRI     ,X ,Q,4274.35,4274.35,4274.35,4274.35,4274.35,4070.85,6,52,222266.00,
502937,KESORAM IND ,B ,Q,93.85,95.50,92.50,93.00,93.25,92.60,1552,197637,18484867.00,
502958,LAKSHMI MILL,X ,Q,3274.95,3275.00,3193.10,3232.00,3269.95,3249.85,21,99,319083.00,
502986,VARDH TEXT  ,A ,Q,1589.00,1659.85,1589.00,1608.50,1608.50,1589.10,2635,15656,25431023.00,
503031,PENLAND LTD ,T ,Q,14.30,15.08,14.25,15.08,15.08,14.37,508,420360,6321425.00,
503092,PASUPATI SPG,XT,Q,16.73,18.46,16.72,18.46,18.46,17.59,29,8594,146838.00,
503100,PHOENIX MILL,A ,Q,873.00,880.00,852.00,859.25,852.00,860.00,1120,10025,8619306.00,
503101,MARATHON NEX,B ,Q,75.05,81.50,74.25,79.30,79.85,77.20,772,61606,4833849.00,
503127,RAJA BAHADUR,XT,Q,9677.50,9677.50,9677.50,9677.50,9677.50,9216.70,9,29,280647.00,
503162,REL.CHEMOTX ,X ,Q,142.30,143.50,138.00,140.00,140.00,139.65,242,12177,1714204.00,
503169,RUBY MILLS  ,B ,Q,299.00,299.00,278.80,280.40,282.75,293.80,908,8279,2369768.00,
503310,SWAN ENG    ,A ,Q,142.70,148.25,142.05,144.45,143.60,143.65,3475,78542,11454197.00,
503349,VICTORIA MIL,X ,Q,2965.00,3100.00,2822.00,3050.20,3070.00,2961.55,82,467,1395066.00,
503624,SVARAJ TRAD ,XT,Q,6.12,6.12,6.12,6.12,6.12,5.83,24,27353,167400.00,
503641,ZODIAC VEN  ,XT,Q,18.00,18.00,16.80,17.45,17.85,17.65,61,31855,541279.00,
503657,VEER ENERGY ,X ,Q,15.00,15.20,12.60,13.71,14.00,14.87,304,53597,769073.00,
503659,SWIL        ,XT,Q,26.90,26.90,26.90,26.90,26.90,25.65,1,1,26.00,
503663,TILAK       ,XT,Q,3.40,3.47,3.16,3.47,3.47,3.31,88,41368,141465.00,
503669,KKFIN       ,X ,Q,8.65,8.65,7.84,7.84,7.84,8.25,6,529,4308.00,
503675,WAGEND      ,X ,Q,1.51,1.59,1.47,1.47,1.47,1.54,16,8643,12715.00,
503722,BANSW.SYNTEX,T ,Q,204.00,204.15,204.00,204.15,204.00,194.45,32,3535,721645.00,
503776,MODIPON     ,X ,Q,23.70,26.10,23.70,24.05,24.05,24.90,11,668,16001.00,
503804,SHRI DINESH ,X ,Q,540.00,553.00,540.00,551.40,551.40,537.95,68,7408,4058432.00,
503806,SRF LIMITED ,A ,Q,7588.50,7698.70,7587.10,7677.65,7683.95,7579.15,717,3143,24080591.00,
503811,SIYARAM SILK,B ,Q,422.20,424.95,405.05,407.65,407.65,420.10,904,8178,3372148.00,
503816,SWAD.POLYTEX,XT,Q,4.84,4.95,4.84,4.95,4.95,4.72,6,1212,5938.00,
503837,SHREE RAJSYN,XT,Q,3.57,3.57,3.57,3.57,3.57,3.40,2,1000,3570.00,
503960,BHARAT BIJLE,A ,Q,1423.50,1424.00,1387.00,1391.20,1394.50,1414.90,678,4458,6235158.00,
504000,ELPRO INTER ,X ,Q,56.00,58.50,55.00,57.35,57.35,54.70,1306,143036,8157180.00,
504008,EMCO LTD.   ,Z ,Q,2.42,2.65,2.42,2.42,2.42,2.54,33,19855,48052.00,
504028,GEE LTD     ,X ,Q,96.25,104.50,96.25,100.15,100.25,97.95,669,167096,16991918.00,
504036,HIND.RECT   ,B ,Q,170.15,172.00,168.05,168.70,168.05,167.65,405,7416,1262901.00,
504058,NIPPOBATRY  ,B ,Q,1107.45,1186.40,1056.95,1154.30,1154.30,1092.15,3840,37784,43176307.00,
504067,ZENSAR TECH.,A ,Q,342.80,364.80,340.05,352.60,352.60,338.35,12691,579340,206453637.00,
504076,JYOTI LTD.  ,X ,Q,13.25,13.25,12.53,12.75,12.75,12.72,14,1230,15939.00,
504080,JSL LTD.    ,XT,Q,160.00,168.45,152.65,168.45,168.45,160.50,17,291,47201.00,
504084,KAYCEE IND  ,X ,Q,4475.00,4520.00,4320.05,4400.00,4400.00,4474.95,6,11,48950.00,
504092,INDOKEM LTD.,X ,Q,53.00,53.40,49.00,49.15,49.50,51.55,278,41901,2120212.00,
504093,PANA ENERG  ,X ,Q,290.95,290.95,280.35,287.00,287.00,285.55,391,13890,3993068.00,
504112,NELCO LTD.  ,A ,Q,373.95,391.00,373.95,380.55,382.00,373.90,891,23333,8970108.00,
504132,PERM MAGNETS,X ,Q,352.30,364.80,352.30,355.55,357.00,355.95,115,3968,1414829.00,
504176,HIGH ENERGY ,X ,Q,2180.20,2180.20,2088.00,2180.20,2180.20,2076.40,968,14382,31089672.00,
504180,STD.BATTERY ,X ,Q,27.80,27.80,27.80,27.80,27.80,29.25,43,1233,34277.00,
504212,UNIV.CABLE  ,B ,Q,194.60,199.45,192.20,198.05,198.50,194.20,1236,30985,6100055.00,
504240,DELTON CABLE,XT,Q,53.90,55.90,52.25,52.80,52.80,54.95,46,3538,187893.00,
504258,LAKSHMI ELEC,X ,Q,428.00,429.95,415.50,427.80,425.05,415.70,85,2285,968108.00,
504273,MODULEX     ,XT,Q,23.60,23.60,21.40,21.40,21.40,22.50,746,817994,18531328.00,
504286,DELTAMAGNT  ,T ,Q,57.50,57.95,55.05,55.95,56.70,57.60,22,2173,121267.00,
504335,PAZEL       ,Z ,Q,0.53,0.53,0.53,0.53,0.53,0.55,1669,1747042,925932.00,
504340,CONFINT     ,X ,Q,3.16,3.28,3.16,3.28,3.28,3.22,4,5762,18208.00,
504341,RELTD       ,X ,Q,52.10,54.90,52.05,52.10,52.10,54.75,135,11322,593619.00,
504378,NYSSACORP   ,XT,Q,6.68,6.68,6.68,6.68,6.68,6.37,80,27473,183519.00,
504392,KRISHNA VEN ,XT,Q,11.65,11.65,10.83,11.50,11.50,11.40,17,9723,111598.00,
504605,UNI ABEX    ,X ,Q,613.20,646.00,601.00,615.05,615.00,612.10,197,4229,2619218.00,
504614,SARDA ENMIN ,T ,Q,653.00,655.00,630.00,647.40,650.00,641.50,137,6409,4093008.00,
504646,BHAGWATI AUT,X ,Q,168.00,168.00,155.30,164.50,164.90,162.05,15,618,98088.00,
504648,BOM.WIRE ROP,XT,Q,6.01,6.01,6.01,6.01,6.01,5.73,1,50,300.00,
504697,GALADA TELE.,Z ,Q,2.05,2.05,2.00,2.05,2.05,2.05,12,11204,22933.00,
504741,IND.HUME PIP,A ,Q,245.30,247.80,237.55,241.15,238.95,243.65,980,16072,3900273.00,
504746,IND.LINKCHAI,P ,Q,366.75,366.75,366.75,366.75,366.75,349.30,1,5,1833.00,
504786,INVEST &PREC,X ,Q,224.95,224.95,216.10,216.10,216.10,222.40,10,209,45659.00,
504810,INFORMEDTEC ,X ,Q,35.25,35.25,33.50,33.50,33.50,35.25,17,640,21492.00,
504840,KAIRA CAN CO,X ,Q,1446.10,1446.10,1446.10,1446.10,1446.10,1445.00,1,29,41936.00,
504879,ORIENT ABRAS,B ,Q,34.50,35.00,33.05,33.60,33.55,34.15,677,46925,1590921.00,
504882,NATIONAL STD,XT,Q,970.70,970.70,943.00,970.70,970.70,924.50,6,22,21216.00,
504908,DUNCANENG   ,X ,Q,215.00,225.55,212.00,225.55,225.55,205.05,115,9901,2214484.00,
504918,SANDUR MANG.,X ,Q,2064.95,2075.00,1950.00,1955.80,1960.00,2046.35,1214,10831,21548825.00,
504959,STOVAC IND. ,X ,Q,2705.00,2709.80,2671.05,2683.60,2681.00,2691.30,74,608,1636595.00,
504961,TATA YODOGAW,X ,Q,61.80,62.90,59.80,61.50,61.50,61.55,263,18933,1154360.00,
504966,TINPLATE    ,A ,Q,253.10,262.55,247.55,249.70,249.70,238.80,7269,417080,105454632.00,
504973,CHOLAHLDNG  ,A ,Q,643.05,644.05,635.55,636.50,635.65,640.70,157,716,457436.00,
504988,WELCAST     ,XT,Q,531.00,535.50,491.05,497.05,497.05,510.00,13,84,44089.00,
505010,AUTO AXLES  ,A ,Q,1300.05,1465.00,1300.05,1420.85,1420.85,1337.65,2032,12012,17051120.00,
505036,AUTO COR.GOA,X ,Q,498.95,498.95,475.50,476.30,479.45,485.00,146,2669,1290597.00,
505075,SETCO AUTO  ,B ,Q,22.60,22.80,21.60,22.15,22.05,22.15,143,34132,757068.00,
505141,SCOOTERS IND,T ,Q,40.65,42.05,39.10,41.20,41.55,40.65,84,6248,254840.00,
505160,TALBROS AUTO,B ,Q,334.90,334.90,317.10,322.05,317.85,325.25,1214,20494,6779749.00,
505163,ZF STEERING ,X ,Q,556.90,569.00,542.10,560.00,565.00,544.05,115,4589,2567656.00,
505192,SMLISUZU    ,A ,Q,621.30,630.00,607.00,613.40,613.40,616.20,460,4704,2914427.00,
505196,TIL LTD.    ,T ,Q,187.50,192.50,182.55,185.05,185.05,183.60,22,1001,186250.00,
505200,EICHER MOTOR,A ,Q,2713.00,2713.00,2654.00,2666.40,2666.40,2699.55,2074,15920,42477326.00,
505216,ALFRED HERB ,X ,Q,744.00,744.00,656.05,666.05,680.00,685.05,52,276,187832.00,
505232,VELJAN      ,X ,Q,1121.00,1244.40,1121.00,1201.45,1201.45,1155.00,146,2119,2537525.00,
505242,DYNAMAT.TECH,B ,Q,1602.50,1625.05,1580.00,1587.95,1588.85,1593.50,65,176,281589.00,
505250,G.G.DANDEKAR,X ,Q,55.10,55.10,52.20,52.50,52.20,53.50,7,776,41285.00,
505255,GMM PFAUDLER,A ,Q,4720.00,4755.00,4661.00,4688.50,4688.50,4702.85,725,2131,10022291.00,
505283,KIRLOSAR PN ,B ,Q,399.00,399.00,388.00,393.40,391.00,394.05,266,9250,3634801.00,
505299,KPT         ,X ,Q,154.00,156.00,149.00,150.25,151.95,151.50,93,4933,753923.00,
505302,LAXMI AUTOLM,X ,Q,572.00,572.00,540.00,559.95,559.95,566.20,25,88,48174.00,
505324,MANUGRAPH IN,T ,Q,14.14,15.17,14.14,15.17,15.17,14.45,4,1195,17981.00,
505355,NESCO LTD   ,A ,Q,652.20,653.80,635.30,638.75,638.75,647.50,477,7250,4656178.00,
505358,INTEGRA ENG ,X ,Q,45.70,46.95,44.65,45.25,45.25,44.80,117,25429,1166265.00,
505368,REVATHI EQU.,B ,Q,693.30,715.40,685.90,691.15,691.15,714.90,52,414,290160.00,
505400,TEXINFRA    ,B ,Q,67.90,68.20,66.00,66.95,66.70,67.80,299,7706,516760.00,
505412,WENDT(INDIA),B ,Q,4513.45,4600.00,4400.00,4434.45,4400.00,4536.75,147,205,922557.00,
505509,RESPON IND  ,A ,Q,137.90,139.95,137.00,137.70,137.00,136.90,239,4646,641684.00,
505523,MAHA CORP   ,X ,Q,0.60,0.60,0.59,0.60,0.60,0.58,466,4319946,2591874.00,
505526,DOLAT INV.  ,B ,Q,115.00,115.60,104.00,104.85,104.85,114.90,6287,352511,37981130.00,
505533,WESTLIFE DEV,A ,Q,547.00,547.35,532.55,534.95,539.90,545.80,1057,6884,3713030.00,
505537,ZEE ENTER   ,A ,Q,214.15,214.95,209.20,209.75,209.75,214.15,2421,229161,48427128.00,
505576,GOLDCORP    ,X ,Q,108.00,108.00,99.00,102.00,102.00,104.00,8,37,3789.00,
505590,SVPGLOB     ,B ,Q,108.45,112.50,101.05,103.90,103.90,108.45,2972,103076,11043906.00,
505650,SKYL MILLAR ,X ,Q,18.35,18.45,17.90,18.45,18.45,17.58,299,95457,1757197.00,
505681,BIMETAL BEAR,X ,Q,458.00,458.00,435.05,439.90,439.90,453.75,141,1970,870072.00,
505688,BHARAT GEARS,B ,Q,124.50,131.90,121.45,127.95,127.95,124.25,1545,38254,4876472.00,
505690,BRADY MORRIS,X ,Q,91.55,91.60,91.55,91.60,91.60,87.25,5,90,8243.00,
505693,LATIMMETAL  ,X ,Q,88.95,91.45,87.60,91.10,91.00,87.95,26,2387,213919.00,
505700,ELECON ENG  ,B ,Q,130.90,136.55,128.45,133.10,134.95,129.80,2427,616919,80350264.00,
505710,GRAUER& WEIL,X ,Q,72.60,73.00,70.50,70.90,70.90,71.80,3356,246923,17690308.00,
505711,GAJRA BEVEL ,XT,Q,2.77,2.77,2.51,2.70,2.70,2.64,28,5642,14838.00,
505712,HIMTEK      ,X ,Q,114.50,119.95,112.60,115.35,118.00,114.90,45,2249,261342.00,
505714,GABRIEL(I)  ,A ,Q,131.50,134.00,129.05,129.50,129.50,128.20,3082,177955,23419187.00,
505720,HERC.HOISTS ,B ,Q,170.90,175.00,166.15,168.80,168.50,169.35,2633,146025,25052707.00,
505725,HIND.EVEREST,XT,Q,354.00,354.45,322.00,344.40,344.40,338.50,29,1061,355902.00,
505726,IFB IND.LTD.,A ,Q,1049.25,1058.50,1032.90,1041.40,1041.40,1051.25,512,2600,2725038.00,
505729,SINGER INDIA,X ,Q,66.60,69.00,66.15,68.75,68.75,66.50,1013,180630,12347603.00,
505737,INTER.COMBUS,X ,Q,235.00,235.45,224.50,226.20,232.90,232.05,21,1026,235908.00,
505744,FED MOG GOE ,A ,Q,316.00,316.00,306.20,307.10,307.10,310.75,1264,22242,6883817.00,
505750,JOSTS ENG.  ,X ,Q,512.10,535.80,512.10,535.80,535.80,510.30,136,4228,2259826.00,
505790,SCHAEFFLER  ,A ,Q,5435.05,5500.00,5411.05,5422.40,5433.60,5408.55,107,152,827545.00,
505800,RANE HOLDIN ,A ,Q,711.60,714.30,694.00,698.55,698.55,707.60,890,7102,5011092.00,
505827,SNL BEARINGS,X ,Q,281.45,281.45,267.50,272.45,273.00,275.90,76,2580,709522.00,
505840,JAIPAN INDUS,XT,Q,11.00,11.56,11.00,11.56,11.56,11.01,15,13300,152769.00,
505850,MANCREDIT   ,X ,Q,60.05,61.50,59.10,60.00,60.15,60.25,92,21853,1312193.00,
505854,TRF LTD.    ,T ,Q,141.00,141.00,135.25,137.50,137.00,135.75,14,605,83310.00,
505872,WPIL LTD.   ,X ,Q,1003.00,1035.00,998.05,1025.70,1030.00,998.75,409,8712,8866266.00,
505890,KENNAMETAL  ,A ,Q,1211.00,1345.00,1211.00,1272.60,1266.00,1242.00,927,4301,5590167.00,
505893,HINDHARD    ,X ,Q,234.70,234.70,222.95,229.55,224.50,234.65,67,2305,523340.00,
505978,TRITON VALVE,X ,Q,1534.15,1562.80,1530.00,1532.45,1532.45,1538.25,122,1005,1545709.00,
506003,SUDAL INDUS ,XT,Q,6.60,6.60,6.01,6.59,6.59,6.31,8,783,5153.00,
506022,PRAKASH IND.,A ,Q,78.25,79.80,77.65,78.60,78.60,79.15,2013,132838,10444089.00,
506074,ARSHIYA     ,B ,Q,33.35,33.55,31.05,31.20,31.50,32.65,436,30279,968356.00,
506076,GRIND NORTON,A ,Q,1367.00,1367.00,1312.05,1320.05,1320.05,1349.50,1450,10406,13833577.00,
506079,LAKSHMI PREC,Z ,Q,5.74,5.75,5.30,5.31,5.31,5.48,52,21842,123350.00,
506105,STANROSE MAF,X ,Q,103.75,107.75,101.00,102.00,102.00,103.25,139,9245,943588.00,
506109,GENESYS INT.,B ,Q,179.70,179.70,179.70,179.70,179.70,171.15,14,1447,260025.00,
506122,PANKAJPIYUS ,X ,Q,85.25,85.25,85.25,85.25,85.25,85.25,1,2,170.00,
506128,PARNAXLAB   ,XT,Q,25.00,25.00,23.50,23.50,23.50,24.00,15,8323,200621.00,
506134,INTELL CAP  ,XT,Q,6.37,6.37,6.37,6.37,6.37,6.37,1,941,5994.00,
506146,VISAGAR POL ,T ,Q,0.97,0.99,0.96,0.99,0.99,0.95,199,307760,303031.00,
506184,KANANI IND  ,T ,Q,10.64,11.00,10.64,10.65,10.64,11.19,80,30671,326487.00,
506186,GCKL        ,XT,Q,14.86,14.86,14.12,14.12,14.12,14.86,7,552,7832.00,
506194,ARIH SUPER  ,T ,Q,92.00,92.00,90.00,91.90,92.00,92.00,34,2973,271904.00,
506197,BLISSGVS PH ,A ,Q,115.50,115.50,111.85,112.45,112.45,113.45,389,10779,1219137.00,
506222,INEOSSTYRO  ,B ,Q,1457.80,1457.80,1422.05,1425.70,1424.95,1445.50,391,1436,2061862.00,
506235,ALEMBIC LTD.,A ,Q,131.25,133.90,129.15,131.30,131.20,129.10,4415,335887,44473613.00,
506248,AMINES&PLAST,X ,Q,113.10,115.00,110.50,112.70,112.70,110.75,619,45520,5180146.00,
506260,ANUH PHARMA ,X ,Q,140.20,142.35,138.10,138.80,138.50,140.05,611,42293,5912046.00,
506261,MODISON MET.,B ,Q,90.00,90.65,87.15,88.75,88.75,88.45,1394,71938,6361390.00,
506285,BAYER CROP  ,A ,Q,5885.00,5948.00,5841.75,5917.55,5917.55,5826.35,468,1470,8699235.00,
506365,CHEMO PHARMA,XT,Q,24.70,25.70,24.70,25.55,25.55,25.85,15,1475,36934.00,
506390,CLARI CHEM  ,A ,Q,604.00,610.10,596.80,597.95,597.95,604.60,1058,9773,5893320.00,
506395,COROM INTER ,A ,Q,893.80,899.40,875.00,877.00,877.00,891.00,1162,26244,23233176.00,
506401,DEEPAK NITR.,A ,Q,1970.00,1970.65,1937.90,1946.60,1951.40,1957.85,2457,22779,44392492.00,
506405,DHARAMSI CHM,X ,Q,377.85,377.85,366.00,366.50,366.50,372.80,569,18218,6717273.00,
506414,FERMENTA    ,X ,Q,312.10,315.50,311.00,313.15,313.15,312.70,493,21037,6588931.00,
506480,GOCLCORP    ,B ,Q,287.70,287.70,269.25,270.75,271.20,269.40,230,3799,1031503.00,
506520,JAYSHRI CHEM,XT,Q,5.01,5.25,4.88,4.95,5.00,5.13,77,10919,54273.00,
506522,JL MORISON  ,X ,Q,1890.00,1999.95,1890.00,1982.90,1983.00,1993.80,12,31,61001.00,
506525,KANORIA CHEM,B ,Q,159.00,160.90,153.35,154.50,154.15,158.85,88,1931,304929.00,
506528,KELTECH EN. ,X ,Q,786.50,800.00,760.00,784.90,784.90,786.50,69,601,469019.00,
506532,NITTA GELA  ,X ,Q,258.00,260.00,248.90,253.10,254.00,254.75,297,14535,3675896.00,
506543,M.P.AGRO IND,XT,Q,4.62,4.62,4.28,4.62,4.62,4.50,44,3830,17562.00,
506579,ORIENT.CARB.,A ,Q,1084.75,1119.05,1066.55,1076.25,1079.70,1076.95,1467,9428,10395556.00,
506590,PHIL.CARBON ,A ,Q,242.55,244.45,238.20,242.50,242.50,241.65,1467,96193,23253350.00,
506597,AMAL PRODUCT,X ,Q,434.00,440.00,425.00,432.65,430.00,427.75,155,3966,1704692.00,
506605,POLYCHEM    ,X ,Q,678.40,678.40,634.20,639.45,639.45,656.95,44,348,226328.00,
506618,PUN.CHEM    ,B ,Q,1443.00,1469.65,1405.00,1424.00,1415.00,1440.50,1412,8289,11942639.00,
506640,GUJCHEM DIST,XT,Q,146.00,146.00,142.00,142.00,142.00,149.00,8,99,14158.00,
506642,SADHANA NITR,X ,Q,68.00,71.00,64.45,64.90,64.90,67.80,3652,407992,27297520.00,
506655,SUDARSH.CHEM,A ,Q,758.05,764.20,750.05,753.15,753.15,755.40,533,8385,6343727.00,
506685,ULTRAMARINE ,X ,Q,376.15,384.00,375.10,376.85,376.85,380.35,778,38759,14699861.00,
506687,TRANSPEK    ,X ,Q,1844.00,1899.00,1831.00,1885.90,1885.90,1826.50,550,7342,13764967.00,
506690,UNICHEM LAB ,A ,Q,326.10,337.85,326.10,335.40,334.05,334.00,995,22047,7371548.00,
506734,MYS PETRO   ,X ,Q,121.20,121.20,114.70,119.00,119.05,118.80,86,7153,848518.00,
506767,ALKYL AMINES,A ,Q,3776.85,3812.40,3747.40,3760.40,3774.95,3776.85,2476,8787,33131006.00,
506808,TUTIALKA    ,X ,Q,11.61,12.19,11.61,12.19,12.19,11.61,145,37636,456389.00,
506820,ASTRAZEN.PH.,A ,Q,3553.40,3569.85,3520.20,3524.35,3525.00,3553.40,411,1319,4668842.00,
506852,PUN.ALKALI  ,X ,Q,84.25,84.25,82.00,82.25,82.25,84.75,183,26240,2172965.00,
506854,TANFAC IND. ,X ,Q,276.10,280.00,272.25,274.20,275.80,274.70,140,10157,2796220.00,
506858,GUJ.PETRO   ,XT,Q,61.75,61.75,61.75,61.75,61.75,58.85,14,1779,109853.00,
506879,GUJ.THEMIS. ,X ,Q,384.95,389.00,378.00,385.25,386.70,380.70,229,12340,4741407.00,
506910,JAYSN DYEST ,X ,Q,74.90,74.90,63.00,72.70,72.70,69.45,36,2570,180084.00,
506919,MAKERS LAB. ,X ,Q,193.10,206.00,193.10,204.75,204.75,195.80,182,8249,1657673.00,
506935,CONT.CHEM   ,XT,Q,33.50,33.50,33.50,33.50,33.50,31.95,9,749,25091.00,
506943,J.B.CHEMICAL,A ,Q,1850.95,1850.95,1782.50,1807.95,1807.95,1811.30,1306,9496,17199385.00,
506975,RAJ.PETRO   ,P ,Q,3.30,3.30,3.30,3.30,3.30,3.30,1,100,330.00,
506981,BL.CHIP TEX ,X ,Q,97.00,102.00,97.00,101.80,101.80,97.35,47,2152,217522.00,
507155,JAGATJIT IND,XT,Q,83.70,83.70,78.80,80.25,80.95,80.05,69,3538,285805.00,
507180,KESAR ENT.  ,X ,Q,139.70,146.00,133.00,133.75,133.75,139.95,376,25311,3504799.00,
507205,TILAKNAG IND,B ,Q,44.75,45.95,43.00,44.15,44.10,45.45,805,44647,1995705.00,
507265,EMERALL     ,XT,Q,66.65,66.65,66.65,66.65,66.65,66.60,1,985,65650.00,
507300,RAVALGAON   ,XT,Q,2306.00,2306.00,2257.35,2258.35,2258.00,2375.00,8,24,54482.00,
507315,SAKTHI SUGAR,T ,Q,20.25,20.50,19.25,19.95,20.00,20.25,425,144134,2880105.00,
507410,WALCHANDNGR ,B ,Q,72.00,73.00,71.00,71.45,71.35,71.55,1216,94015,6773175.00,
507435,KHOD.INDIA  ,XT,Q,68.30,72.80,68.00,71.50,71.50,71.00,12,746,53229.00,
507438,IFB AGRO    ,B ,Q,605.00,614.95,594.00,597.40,597.40,615.75,883,4571,2762140.00,
507442,DHARANI SUG ,B ,Q,29.15,29.15,27.40,27.40,27.40,28.80,340,98946,2722707.00,
507474,KOTHARI FERM,X ,Q,80.45,82.70,79.25,80.65,80.80,80.60,67,3767,304219.00,
507486,CAPROLA.CHEM,XT,Q,79.50,79.50,79.50,79.50,79.50,83.65,37,3921,311719.00,
507488,G.M.BREWERI ,B ,Q,595.60,603.60,592.60,594.15,594.00,593.45,601,4162,2489212.00,
507490,RANA SUGARS ,B ,Q,34.45,35.80,34.10,34.10,34.10,35.85,1763,664691,22824675.00,
507498,PICCADILY SU,XT,Q,19.21,19.21,19.21,19.21,19.21,18.30,94,44087,846911.00,
507508,RIGA SUGAR  ,XT,Q,13.84,13.84,12.55,13.70,12.60,13.19,142,36888,507701.00,
507514,SOM DISTILL.,T ,Q,45.00,45.80,44.80,44.95,44.80,45.45,70,7447,335985.00,
507515,CJ GELATIN  ,XT,Q,20.95,21.65,19.80,20.40,20.40,20.80,48,10663,216007.00,
507525,AMRIT CORP  ,X ,Q,799.75,801.00,752.25,783.55,752.25,781.45,20,52,40231.00,
507526,ASSO.ALCOHOL,B ,Q,470.00,485.40,470.00,475.20,476.40,472.50,647,8359,4005222.00,
507552,FOODS & INNS,XT,Q,72.70,72.70,68.75,69.15,69.15,72.30,671,133685,9319057.00,
507580,IVP LIMITED ,B ,Q,148.05,151.60,148.05,151.60,151.60,144.40,30,1356,204972.00,
507598,KLRFM       ,X ,Q,71.40,71.95,69.30,69.90,69.40,70.15,55,2295,162260.00,
507621,MILKFOOD    ,X ,Q,359.40,370.00,357.10,363.65,364.95,359.40,106,2906,1052768.00,
507645,POLSON LTD. ,X ,Q,13799.95,13799.95,13550.00,13658.80,13658.80,13620.95,38,57,777481.00,
507685,WIPRO LTD.  ,A ,Q,562.80,579.75,559.00,575.75,575.75,561.60,22675,1162742,665689639.00,
507690,ORIENT BEVER,X ,Q,76.10,76.10,72.50,75.00,75.00,74.60,49,1465,109269.00,
507717,DHAN AGRI   ,A ,Q,1014.95,1014.95,980.00,992.30,989.05,999.60,927,6909,6834470.00,
507747,TTK HEALTHCA,B ,Q,765.00,805.00,764.10,766.90,764.15,767.85,521,2153,1667324.00,
507753,TGVSL       ,X ,Q,38.50,40.50,38.35,38.90,38.90,38.15,789,226454,8909589.00,
507759,LIME CHEM.  ,X ,Q,28.10,28.75,27.05,27.65,27.65,28.10,18,1747,47950.00,
507779,KANPUR PLAST,B ,Q,230.35,254.55,230.35,254.55,254.55,231.45,1829,61908,15451407.00,
507785,TAINWALA CH.,B ,Q,85.95,87.35,82.80,83.25,83.00,84.80,357,8270,711978.00,
507789,JAGSON PHAR ,B ,Q,177.10,177.10,170.15,170.65,170.50,171.10,474,7348,1259515.00,
507794,KHAITAN CHEM,B ,Q,64.85,64.85,59.50,60.05,60.55,62.15,974,48947,2997390.00,
507813,NATI. OXYGEN,X ,Q,46.05,47.30,43.75,47.05,47.05,45.05,78,2906,134031.00,
507815,GILLETTE (I),A ,Q,5984.40,5984.40,5855.85,5880.10,5866.55,5946.05,175,329,1940320.00,
507817,WIRES FABRIK,X ,Q,64.00,68.55,64.00,68.50,68.50,67.75,18,1425,97608.00,
507828,ANSALHSG    ,B ,Q,11.66,11.66,10.56,10.56,10.56,11.11,208,255171,2819296.00,
507836,MAC CHARLES ,X ,Q,529.95,529.95,505.45,525.00,525.00,521.00,40,2377,1240278.00,
507852,ADDI IND.   ,X ,Q,10.50,10.50,10.50,10.50,10.50,10.00,10,1912,20076.00,
507864,PION INVEST ,X ,Q,34.30,35.85,34.00,35.20,35.20,35.55,38,2830,97859.00,
507872,ASHNOOR TEX.,XT,Q,26.90,28.80,26.90,28.70,28.80,27.45,34,17431,496333.00,
507878,UNITECH LTD ,Z ,Q,2.08,2.08,2.08,2.08,2.08,2.18,901,2976764,6191669.00,
507880,VIP INDUS.  ,A ,Q,416.30,419.50,408.50,410.35,409.25,409.70,1124,46022,19138203.00,
507910,FIBERWB IN  ,X ,Q,53.50,55.90,52.55,52.90,52.95,55.20,787,138244,7421537.00,
507912,LKP FIN     ,X ,Q,109.00,119.70,105.00,112.85,114.75,109.55,518,59475,6897077.00,
507944,BAJAJ STEEL ,X ,Q,1385.00,1422.25,1356.00,1422.25,1422.25,1354.55,1577,24522,34660537.00,
507946,KIDUJA INDIA,X ,Q,21.00,21.00,20.25,20.25,20.25,20.90,2,1100,23025.00,
507948,KEY CORP.LTD,XT,Q,45.35,45.35,45.35,45.35,45.35,43.20,6,655,29704.00,
507960,GUJ.HOTELS  ,X ,Q,178.40,178.45,170.00,175.60,178.45,173.60,112,3745,650970.00,
507966,RAS RESORTS ,X ,Q,28.30,28.30,28.30,28.30,28.30,29.50,1,50,1415.00,
507970,PARA. COSMET,Z ,Q,23.40,23.40,22.35,22.35,22.35,23.50,24,6366,146070.00,
507981,JINDAL HOTL ,XT,Q,34.15,34.80,32.55,33.25,34.50,34.15,63,3323,111572.00,
507998,SIMMONDS-MAR,X ,Q,41.15,42.65,40.00,40.95,40.50,41.45,86,8227,342873.00,
508136,BNALTD      ,X ,Q,272.80,272.80,256.30,269.25,270.70,264.60,113,5729,1530687.00,
508306,LEDO TEA CO ,X ,Q,44.05,44.05,40.10,43.45,43.45,42.05,4,210,8457.00,
508486,HAWKINS COOK,A ,Q,6000.05,6000.05,5850.00,5891.00,5850.00,5952.20,242,720,4258946.00,
508494,WARREN TEA  ,X ,Q,98.00,98.00,93.70,95.00,95.00,96.10,91,5067,484941.00,
508664,BEST E.HOTEL,X ,Q,20.75,20.75,19.00,19.00,19.00,19.85,11,1205,24705.00,
508670,NEELAMALAI  ,X ,Q,2679.20,2760.00,2679.20,2718.05,2722.00,2677.55,48,355,966563.00,
508807,IST LTD.    ,X ,Q,550.00,609.80,530.50,582.50,582.50,554.65,162,3212,1858541.00,
508814,COSMO FILMS ,A ,Q,1070.00,1094.20,1067.80,1075.95,1082.00,1064.10,1170,6305,6797545.00,
508869,APOLLO HOSP.,A ,Q,3763.00,3797.90,3756.30,3761.65,3760.30,3754.95,1706,13533,51113891.00,
508875,NITINCAST   ,X ,Q,93.95,96.00,87.20,95.20,96.00,89.00,44,1180,109353.00,
508905,SMIFS CAPITA,X ,Q,41.60,41.60,40.00,40.00,40.00,39.65,16,3414,141834.00,
508906,EVEREST INDS,B ,Q,421.00,423.85,413.30,419.25,416.40,420.40,492,5095,2129326.00,
508918,IRONWOOD    ,XT,Q,30.75,30.75,29.30,30.75,30.75,29.30,5,55,1684.00,
508922,MSR INDIA   ,XT,Q,11.97,12.56,11.97,12.56,12.56,11.97,106,44063,549847.00,
508929,JOYREALTY   ,XT,Q,9.47,9.47,9.47,9.47,9.47,9.47,1,9,85.00,
508933,AYMSYNTEX   ,B ,Q,81.50,84.50,81.00,82.80,82.95,83.30,138,9731,803836.00,
508941,PANASON CAR ,X ,Q,600.00,600.00,590.00,592.30,590.00,591.55,242,4959,2946575.00,
508954,FINKURVE    ,X ,Q,46.60,46.70,46.15,46.15,46.15,48.55,32,755,34990.00,
508956,HB LEAS.PUB ,XT,Q,3.40,3.41,3.09,3.41,3.41,3.25,43,5256,17847.00,
508963,STERL.GUARA.,XT,Q,4.30,4.30,4.30,4.30,4.30,4.10,4,1721,7400.00,
508969,SULABH ENG. ,X ,Q,2.67,2.67,2.43,2.44,2.66,2.55,81,73411,186314.00,
508989,NAVNETEDUL  ,A ,Q,99.80,99.80,97.65,97.80,97.90,97.95,401,28673,2809348.00,
508996,SATPROP LTD ,Z ,Q,1.29,1.31,1.19,1.30,1.30,1.25,82,51847,65727.00,
509009,AUSOM ENT   ,B ,Q,93.75,108.50,85.10,103.40,101.65,93.05,1432,34084,3455229.00,
509020,RUCHI INFRA.,T ,Q,8.70,8.95,8.53,8.62,8.71,8.89,189,40879,355058.00,
509026,VJTFEDU     ,XT,Q,58.00,58.00,58.00,58.00,58.00,58.00,1,100,5800.00,
509038,VOLTAIR LEAS,X ,Q,20.15,20.15,20.15,20.15,20.15,20.15,2,3,60.00,
509040,NETLINK SOLU,X ,Q,27.10,27.10,27.10,27.10,27.10,28.50,21,2207,59809.00,
509048,LANCOR HOLDS,X ,Q,8.77,8.77,8.30,8.48,8.48,8.36,93,76774,655124.00,
509051,INDIAN INFO.,XT,Q,1.08,1.08,1.08,1.08,1.08,1.03,1145,2904593,3136960.00,
509053,BANAS FIN.  ,X ,Q,7.46,7.46,7.46,7.46,7.46,7.85,9,2496,18620.00,
509055,VISAKA IND. ,B ,Q,761.45,770.95,745.80,755.65,761.95,760.75,1107,14690,11179876.00,
509069,INFOMEDIA   ,B ,Q,4.22,4.43,4.22,4.43,4.43,4.22,8,9244,40530.00,
509073,HATHWAY BHAW,XT,Q,20.25,21.40,20.25,20.65,20.40,21.05,73,8499,176043.00,
509077,PRESSMN     ,B ,Q,36.50,36.60,34.50,35.35,35.35,35.80,568,38493,1373822.00,
509079,GUFIC BIO SC,B ,Q,184.60,187.45,183.00,183.40,183.50,183.20,518,8113,1499738.00,
509152,GRPLTD      ,B ,Q,984.75,989.00,970.20,989.00,989.00,980.10,36,680,663742.00,
509162,INDAG RUBBER,X ,Q,108.00,108.00,105.00,105.20,105.20,107.00,128,8665,921016.00,
509196,M.M.RUBBER  ,X ,Q,56.15,56.15,50.90,54.95,54.95,53.50,23,1446,75925.00,
509220,PTL LTD     ,B ,Q,50.40,51.30,49.80,50.85,50.85,49.65,319,9791,497563.00,
509243,TVS SRICHAKR,A ,Q,2328.85,2328.85,2267.25,2275.75,2286.95,2277.25,215,796,1817849.00,
509423,SEL         ,XT,Q,24.40,24.45,24.40,24.45,24.45,24.30,2,200,4885.00,
509438,BENARES HOT ,X ,Q,1734.70,1760.00,1620.00,1635.90,1650.00,1731.35,46,345,572922.00,
509449,BHAGWATI OXY,XT,Q,26.70,29.30,26.60,29.30,29.30,27.95,74,3820,108655.00,
509470,BOMOXY-B1   ,XT,Q,14210.00,14239.80,13774.00,14239.80,14239.80,14287.20,24,36,505240.00,
509472,CRAVATEX    ,X ,Q,389.00,408.95,340.00,349.00,349.00,360.20,190,6607,2453607.00,
509480,BERGE PAINT ,A ,Q,838.45,843.85,835.25,840.90,841.00,838.45,1280,57914,48545056.00,
509486,CAPRIHANS   ,X ,Q,162.10,165.95,158.25,159.75,159.75,163.35,225,18708,3020115.00,
509488,GRAPHITE IN.,A ,Q,640.00,673.70,640.00,670.90,670.90,639.55,7521,158508,105320632.00,
509496,ITDCEM      ,A ,Q,95.90,96.35,92.50,93.25,93.25,94.35,1650,115663,10947095.00,
509525,EMPIRE IND. ,X ,Q,899.40,930.00,880.00,907.35,907.35,888.60,105,3617,3268755.00,
509546,GRAVISS HOSP,X ,Q,16.25,16.25,16.25,16.25,16.25,15.48,10,4295,69793.00,
509557,GARFIBRES   ,A ,Q,3454.90,3463.20,3390.15,3399.50,3399.00,3442.95,157,304,1037593.00,
509563,GARWA.MARINE,X ,Q,6.00,6.18,6.00,6.18,6.18,5.89,13,30279,187111.00,
509567,GOA CARBON  ,T ,Q,405.00,408.90,393.50,394.05,394.05,400.00,66,1090,437195.00,
509597,HARDCASTLE  ,X ,Q,248.00,248.00,237.00,237.05,237.05,240.00,18,222,54213.00,
509631,HEG LIMITED ,A ,Q,2239.90,2324.00,2236.65,2261.20,2254.00,2222.55,3003,24882,56643960.00,
509635,HIND.COMPOSI,B ,Q,344.60,345.00,331.25,334.05,334.05,338.85,459,5402,1826768.00,
509675,HIL         ,A ,Q,4410.00,4410.00,4317.95,4352.35,4375.00,4349.65,453,1311,5699018.00,
509692,IND.CARD    ,B ,Q,204.60,215.30,198.25,207.50,209.60,210.10,552,9885,2061807.00,
509709,INT.CONVEYOR,X ,Q,68.50,69.60,64.75,65.25,65.25,68.50,2076,190272,12572189.00,
509715,JAYSHRE TEA ,B ,Q,118.00,118.50,113.35,113.85,114.50,117.80,1860,99219,11528080.00,
509820,HUHTAMAKI   ,A ,Q,318.00,320.80,310.95,315.80,314.05,309.25,920,20525,6480076.00,
509835,PREMIER SYN.,X ,Q,23.00,23.00,21.30,22.50,21.60,22.35,29,2392,52561.00,
509874,SHALIMAR PAI,B ,Q,115.00,118.00,112.05,114.55,114.55,114.20,4641,305861,35469549.00,
509895,HIND MILLS  ,X ,Q,351.05,370.00,351.05,356.80,365.00,350.75,76,1181,422465.00,
509930,SUPREM IND  ,A ,Q,2165.60,2165.60,2127.00,2134.50,2137.15,2148.70,818,2876,6159030.00,
509945,THACKER     ,XT,Q,291.90,306.45,291.90,306.45,306.45,291.90,15,149,45583.00,
509966,VST INDUS.  ,A ,Q,3625.00,3643.40,3602.95,3634.10,3640.00,3616.55,203,579,2096877.00,
510245,SWASTI VINAY,XT,Q,7.99,7.99,7.66,7.78,7.79,7.92,209,79213,620817.00,
511012,YAMINI INVES,XT,Q,1.69,1.69,1.69,1.69,1.69,1.61,253,267241,451637.00,
511016,PREMIER CAP.,X ,Q,15.15,15.15,15.15,15.15,15.15,15.90,39,5435,82340.00,
511034,JINDAL DRILL,B ,Q,125.00,127.00,123.40,123.55,123.50,126.15,319,5306,662286.00,
511066,SAKTHI FIN. ,X ,Q,23.50,24.95,22.50,24.00,24.00,24.25,75,11548,276052.00,
511076,SAT IND LTD ,X ,Q,28.25,28.75,27.65,28.55,28.55,27.70,462,270045,7683761.00,
511108,SHIVA TEXYAM,B ,Q,189.00,191.90,186.00,186.90,186.90,186.60,122,6205,1166729.00,
511110,V.B.DESAI   ,X ,Q,6.51,6.83,6.51,6.51,6.51,6.51,11,2897,18883.00,
511122,FIRST CUSTO.,XT,Q,34.00,34.00,34.00,34.00,34.00,34.00,2,138,4692.00,
511131,KAMAN HSG   ,XT,Q,6.90,7.61,6.90,7.53,7.60,7.25,26,8431,60907.00,
511144,ASYAINFO    ,XT,Q,5.90,6.35,5.75,6.23,6.23,6.05,62,11065,66849.00,
511147,WALL ST.FIN.,X ,Q,22.45,22.65,20.65,22.45,22.45,21.60,88,36990,833672.00,
511153,ANJANIFOODS ,XT,Q,275.00,281.90,259.20,259.20,259.20,272.80,165,5964,1555383.00,
511176,PARSHWANA   ,X ,Q,24.50,24.50,24.50,24.50,24.50,24.50,3,240,5880.00,
511187,MILLENNIUM  ,XT,Q,2.74,2.75,2.65,2.75,2.75,2.62,34,18830,51630.00,
511194,I.C.D.S.    ,T ,Q,21.90,21.90,21.90,21.90,21.90,20.90,1,50,1095.00,
511196,CANFIN HOMES,A ,Q,542.80,549.20,535.35,542.15,541.80,548.40,901,18513,10037325.00,
511208,IL & FS INVE,T ,Q,6.15,6.31,5.90,6.31,6.31,6.01,190,133720,833403.00,
511218,SHRIRAM TRAN,A ,Q,1411.00,1464.90,1411.00,1458.00,1456.20,1421.35,5094,212553,304685696.00,
511243,CHOLAFIN    ,A ,Q,514.00,519.10,512.00,513.90,513.90,513.55,2338,98347,50729902.00,
511333,VLS FINANCE ,B ,Q,247.00,248.20,234.85,236.00,236.00,241.40,1466,30904,7405909.00,
511355,IND CEM CAP ,XT,Q,6.80,7.15,6.80,6.80,6.80,7.10,58,17022,117940.00,
511359,AD-MANUM FIN,X ,Q,24.75,24.75,23.15,24.20,24.40,23.70,13,1671,40671.00,
511377,MEHTA I.FIN ,XT,Q,7.21,7.35,6.66,7.35,7.35,7.00,7,2113,14496.00,
511391,INTER GLOB F,X ,Q,16.00,16.80,16.00,16.80,16.80,16.00,9,1701,28560.00,
511411,SHRISTINFRA ,X ,Q,52.55,55.00,52.55,55.00,55.00,52.55,5,220,12075.00,
511413,CREST       ,B ,Q,133.40,144.00,132.00,139.65,140.25,134.80,634,23100,3222012.00,
511431,VAKRANGEE   ,A ,Q,39.40,39.80,38.50,38.70,38.70,38.95,2736,481501,18858979.00,
511441,GUJ.CREDIT  ,XT,Q,10.00,10.00,9.08,9.08,9.08,9.55,7,340,3132.00,
511447,SYLPH TECH  ,X ,Q,2.97,2.97,2.97,2.97,2.97,2.83,1,32,95.00,
511463,ALEXANDER   ,XT,Q,27.00,27.00,25.05,25.60,25.70,26.35,164,23967,611549.00,
511473,IND.BANK MER,B ,Q,34.85,37.25,33.10,36.30,36.45,33.90,2136,371748,13308099.00,
511501,BHARAT BHUSH,X ,Q,22.55,25.25,22.55,22.90,22.85,23.40,46,8753,204686.00,
511505,CAPITAL TRUS,B ,Q,110.70,111.50,105.00,106.20,105.00,111.00,130,2959,318879.00,
511507,USHAKIRAN FI,XT,Q,8.91,9.35,8.91,9.35,9.35,8.91,8,1218,11385.00,
511509,VIVO BIO TEC,X ,Q,88.00,88.00,85.20,86.20,86.35,85.95,128,9717,834301.00,
511523,VEERHEALTH  ,X ,Q,10.00,10.00,9.62,9.62,9.62,10.10,3,170,1673.00,
511525,PAN INDIA C ,XT,Q,1.07,1.07,1.07,1.07,1.07,1.02,110,83837,89705.00,
511533,SAHARA HOUSG,X ,Q,45.70,53.90,45.70,52.75,53.70,49.00,144,28124,1459999.00,
511543,GSB FINANCE ,XT,Q,8.49,8.49,8.49,8.49,8.49,8.09,11,1673,14203.00,
511549,MORARKA FIN.,X ,Q,63.00,63.10,58.00,62.95,61.40,60.10,97,2904,180406.00,
511551,MONARCH     ,X ,Q,128.55,128.55,119.00,122.05,122.00,125.25,239,78194,9441615.00,
511557,PRO FIN CAP.,X ,Q,36.75,37.00,32.00,35.10,35.00,35.35,71,18660,647159.00,
511559,TIMES GUARAN,B ,Q,55.70,55.70,53.70,53.85,54.25,54.40,82,3324,182293.00,
511571,SOMDATT FIN ,X ,Q,36.55,39.90,36.55,38.40,38.40,38.05,49,7138,269130.00,
511585,REGENCY TRUS,X ,Q,1.54,1.54,1.51,1.51,1.51,1.54,4,1501,2266.00,
511589,AVONMORE    ,X ,Q,38.05,38.95,37.00,37.40,37.40,38.20,150,34168,1285397.00,
511593,LIBORD FIN  ,X ,Q,7.55,7.55,7.50,7.50,7.50,7.20,4,850,6395.00,
511601,YASH MANAGE.,X ,Q,10.33,10.99,10.33,10.50,10.50,10.45,25,18081,193129.00,
511605,ARIHANT CAP.,B ,Q,150.90,164.95,150.85,161.50,160.50,149.40,541,23711,3741129.00,
511609,ISL CONSULT ,X ,Q,12.25,12.25,11.67,11.70,11.67,12.00,27,4633,54736.00,
511611,DCM FINANCIA,B ,Q,4.28,4.28,4.28,4.28,4.28,4.50,40,32098,137379.00,
511628,IMCAP       ,X ,Q,44.60,44.60,40.55,40.60,40.60,42.65,259,148743,6043166.00,
511630,SAMBHAAV MED,T ,Q,3.85,4.08,3.75,3.83,3.93,3.92,51,27261,103106.00,
511654,SUGAL DAM   ,X ,Q,8.50,8.50,8.50,8.50,8.50,8.17,1,130,1105.00,
511658,NETTLINX LTD,X ,Q,71.90,71.90,67.00,69.45,69.45,69.50,81,7219,503009.00,
511672,SCANSTL     ,XT,Q,42.60,43.35,40.35,40.50,40.40,42.45,628,198810,8092112.00,
511676,GIC HOUSING ,A ,Q,187.90,190.80,182.65,184.00,183.20,187.90,1456,57450,10765365.00,
511692,AJCON GLOBAL,X ,Q,39.30,39.35,36.15,39.35,39.35,37.50,31,1292,50107.00,
511696,CHARTERED CA,X ,Q,48.65,48.65,48.15,48.15,48.15,48.65,4,102,4961.00,
511702,PARSHARTI IN,X ,Q,5.24,5.25,5.24,5.25,5.25,5.00,11,3340,17533.00,
511710,CUBICAL FIN.,X ,Q,1.20,1.20,1.17,1.17,1.17,1.23,145,166774,198242.00,
511712,RELIC TECHNO,X ,Q,13.40,13.40,13.40,13.40,13.40,13.40,6,288,3859.00,
511716,ESCORT FINAN,XT,Q,5.06,5.06,4.66,4.86,4.86,4.86,21,5524,27155.00,
511724,BAID LEASING,X ,Q,45.70,45.95,42.20,43.50,43.50,44.40,30,2472,108030.00,
511726,VIPUL LTD   ,T ,Q,33.55,35.30,33.55,34.90,35.20,35.30,49,3604,124063.00,
511730,TRC FINAN.SE,X ,Q,11.11,11.66,11.11,11.66,11.66,11.11,8,400,4554.00,
511738,MEHTA SECUR.,XT,Q,19.20,19.20,19.20,19.20,19.20,19.20,1,30,576.00,
511742,UGROCAP     ,X ,Q,122.90,122.90,116.25,118.65,119.00,118.05,179,22615,2680221.00,
511754,SHALIB.FINAN,X ,Q,69.95,72.65,69.95,72.65,72.65,66.05,20,4386,318245.00,
511758,MANSI FINANC,XT,Q,30.00,30.70,30.00,30.70,30.70,30.70,4,840,25690.00,
511764,UPASANA FIN.,X ,Q,15.70,15.70,15.70,15.70,15.70,15.45,2,3,47.00,
511766,MUTHOOT CAP ,B ,Q,420.25,422.95,411.85,413.35,411.85,416.95,109,729,304701.00,
511768,MASTER TRUST,X ,Q,138.90,138.90,125.70,138.90,138.90,132.30,1168,169286,23025872.00,
512018,CNI RES LTD ,X ,Q,1.99,1.99,1.88,1.88,1.88,1.99,13,2228,4228.00,
512020,SARASW.COMM.,XT,Q,2670.00,2769.95,2645.00,2646.05,2646.00,2770.00,15,49,132080.00,
512047,ROYAL IND   ,XT,Q,2.01,2.05,2.01,2.05,2.05,1.96,86,50641,103675.00,
512048,LUHARUKA    ,X ,Q,0.65,0.70,0.65,0.69,0.69,0.68,26,29872,20231.00,
512068,DECCANGOLD  ,X ,Q,33.65,33.65,32.10,32.35,32.35,33.05,277,87822,2880613.00,
512070,UPL         ,A ,Q,825.00,839.15,819.40,836.80,836.80,819.90,4691,147650,122514257.00,
512093,CRANES SOFTW,XT,Q,5.11,5.11,4.63,4.63,4.63,4.87,938,1194906,5873893.00,
512103,NIDHI GRANIT,X ,Q,65.40,65.40,65.40,65.40,65.40,62.30,3,550,35970.00,
512109,AVIVA INDS  ,X ,Q,9.70,9.70,9.70,9.70,9.70,9.70,2,485,4704.00,
512131,SIGNET IND  ,B ,Q,55.40,55.40,52.40,52.85,52.40,53.65,404,15512,833018.00,
512161,SECURKLOUD  ,B ,Q,89.90,89.90,87.30,88.45,89.30,87.80,134,2653,234678.00,
512165,ABANSENT    ,X ,Q,141.00,166.95,141.00,166.50,166.50,139.15,514,26897,4294195.00,
512175,VAMA INDS   ,X ,Q,10.19,10.19,9.41,9.66,9.84,9.87,152,28099,272580.00,
512179,SUNTECK REAL,A ,Q,361.50,377.55,353.45,371.95,371.95,358.65,5823,143060,52003528.00,
512217,PRISM MEDI  ,X ,Q,7.70,7.70,7.00,7.28,7.48,7.35,298,54503,394139.00,
512229,VERITAS     ,XT,Q,154.05,154.05,148.05,154.05,154.05,151.05,256,47289,7213026.00,
512237,JAI CORP LTD,A ,Q,163.40,167.55,160.65,164.80,164.80,161.80,2857,265828,43535685.00,
512247,ASHIRWAD CAP,X ,Q,4.75,4.90,4.60,4.66,4.67,4.72,260,66858,313350.00,
512257,SVARTCORP   ,X ,Q,4.78,4.88,4.47,4.60,4.64,4.67,162,84355,388075.00,
512267,MEDIA MATRIX,X ,Q,7.70,7.70,7.00,7.25,7.32,7.63,336,745212,5368732.00,
512296,BHAGYA INL  ,B ,Q,47.85,52.70,47.65,51.55,50.50,47.95,220,19694,995200.00,
512297,SHANTAI     ,X ,Q,24.15,24.15,24.15,24.15,24.15,23.00,8,1888,45595.00,
512301,CHAMBAL BREW,XT,Q,2.90,2.90,2.90,2.90,2.90,2.77,6,2602,7545.00,
512329,KRL         ,XT,Q,175.65,175.65,175.65,175.65,175.65,175.65,3,53,9309.00,
512344,ARAVALI SEC.,X ,Q,3.88,3.88,3.70,3.88,3.88,3.70,38,21465,83077.00,
512359,SWORDEDGE   ,X ,Q,5.23,5.23,4.75,5.23,5.23,4.99,17,9884,51014.00,
512379,CRESSANDA SO,XT,Q,1.54,1.54,1.54,1.54,1.54,1.47,26,17389,26779.00,
512381,STARTECK    ,X ,Q,125.00,125.00,111.40,112.35,112.35,123.75,427,24724,2824783.00,
512393,SHARDUL SECU,X ,Q,68.20,68.20,68.20,68.20,68.20,68.00,3,200,13640.00,
512425,NIRAV COMMER,X ,Q,570.00,576.45,570.00,576.45,576.45,549.00,15,119,68530.00,
512437,APOLLO FIN I,XT,Q,605.00,605.00,550.00,562.05,560.00,576.25,101,1303,731457.00,
512441,ENBEE TRADG.,XT,Q,28.55,28.55,28.55,28.55,28.55,30.05,3,8,228.00,
512453,SHRI JAGDAMB,X ,Q,1211.00,1211.00,1164.00,1175.30,1172.00,1140.45,757,7306,8634137.00,
512455,LLOYDS MET E,XT,Q,52.15,55.75,50.50,54.70,55.00,53.15,604,419230,22293696.00,
512463,SHREE GLOBAL,X ,Q,7.59,7.60,7.45,7.51,7.56,7.48,623,260047,1957791.00,
512477,BETEX INDIA ,X ,Q,78.50,84.00,78.50,78.85,84.00,82.40,2,78,6150.00,
512481,POLYTEX(P)  ,Z ,Q,4.07,4.07,4.07,4.07,4.07,3.88,11,17612,71680.00,
512493,GARNET INTL ,XT,Q,24.50,24.75,23.50,23.50,23.50,24.30,17,1184,28191.00,
512499,SHALIMAR PRO,X ,Q,0.49,0.49,0.49,0.49,0.49,0.49,253,365470,179080.00,
512519,DONEAR IND. ,B ,Q,50.50,53.45,49.60,51.95,51.90,49.65,873,56738,2955484.00,
512527,SUPER SAL IN,X ,Q,700.00,702.50,680.00,691.15,700.00,693.00,84,1595,1102984.00,
512529,SEQUENT     ,A ,Q,280.00,293.00,275.70,288.00,288.00,267.80,11310,653181,187088753.00,
512531,STC INDIA   ,B ,Q,114.90,121.00,114.90,117.40,117.40,113.60,1960,91831,10815490.00,
512553,ZENITH EXP. ,T ,Q,88.00,88.20,84.00,84.00,84.00,84.00,14,671,58685.00,
512573,AVANTI FEEDS,A ,Q,642.60,651.00,635.15,639.20,639.20,640.10,3705,88952,57346817.00,
512587,ZODIAC JRD  ,T ,Q,32.90,34.00,32.00,33.95,33.95,32.80,9,269,8924.00,
512589,SITA ENTER. ,X ,Q,11.27,11.80,11.27,11.80,11.80,11.27,3,51,575.00,
512591,PULSAR INTL.,P ,Q,1.80,1.80,1.80,1.80,1.80,1.72,1,100,180.00,
512597,KEYFINSER   ,B ,Q,72.00,72.50,71.45,72.10,72.10,70.60,26,1304,93831.00,
512599,ADANI ENTER ,A ,Q,1402.00,1428.00,1394.25,1408.35,1408.35,1401.45,5502,160627,226024875.00,
512604,HARIA EXPORT,X ,Q,4.07,4.07,4.07,4.07,4.07,3.88,11,4364,17761.00,
512608,BHANDARI HOS,B ,Q,3.95,3.95,3.75,3.93,3.94,3.84,404,194165,759159.00,
512618,RLF LIMITED.,XT,Q,4.12,4.20,4.00,4.12,4.12,4.00,10,764,3130.00,
512624,REGENTRP    ,XT,Q,1.87,2.00,1.85,1.98,1.87,1.94,53,62667,122030.00,
512626,ORBIT EXPORT,B ,Q,78.75,79.00,71.90,74.55,74.25,75.30,289,4920,378172.00,
512634,SAVERA IND  ,X ,Q,47.35,49.85,47.35,48.15,48.00,48.30,40,1244,60229.00,
513005,VBC FERRO   ,XT,Q,22.50,22.50,22.00,22.00,22.00,22.55,2,330,7275.00,
513010,TATASTLLP   ,T ,Q,1140.00,1140.00,1090.00,1118.65,1115.00,1098.00,630,8684,9690668.00,
513023,NAV BHAR VEN,A ,Q,117.55,118.60,114.35,115.25,115.25,116.90,1451,65916,7683726.00,
513043,REMI EDEL   ,X ,Q,29.00,29.00,26.50,29.00,29.00,27.85,19,1180,32848.00,
513059,G.S.AUTO INT,XT,Q,13.87,14.50,13.87,13.87,13.87,14.60,169,96554,1345815.00,
513063,TRANSFREIGHT,XT,Q,12.00,12.00,11.26,11.94,11.95,11.46,26,5356,63613.00,
513097,SHIV.BIMETAL,B ,Q,121.00,121.80,118.60,119.40,120.00,120.95,238,9222,1104247.00,
513108,GANDHI SP.TU,B ,Q,454.00,467.00,454.00,457.55,457.55,452.20,1148,11777,5433766.00,
513117,AMFORGE IND.,X ,Q,4.05,4.09,3.77,4.09,4.09,3.90,44,7989,31692.00,
513121,ORICON ENT  ,B ,Q,31.90,32.40,30.05,30.15,30.05,31.60,458,87925,2698720.00,
513149,ACROW INDIA ,X ,Q,136.00,136.00,136.00,136.00,136.00,135.00,2,150,20400.00,
513173,STL STR INF ,XT,Q,14.23,14.23,14.23,14.23,14.23,13.56,11,2160,30736.00,
513179,NAT STL AGRO,T ,Q,3.98,4.17,3.79,3.99,3.99,3.98,18,7300,29871.00,
513216,UTTAM GALVA ,B ,Q,4.74,4.74,4.74,4.74,4.74,4.52,34,22037,104455.00,
513228,PENNAR STEEL,B ,Q,35.15,36.40,33.50,35.85,35.85,34.80,1625,426886,14907141.00,
513250,JYOTI STRUCT,Z ,Q,9.01,9.01,9.00,9.00,9.00,9.47,62,33465,301190.00,
513252,JAY USHIN   ,X ,Q,525.00,530.00,510.10,513.35,513.05,512.00,22,261,134863.00,
513262,ST.STR.WHEEL,B ,Q,1299.90,1299.90,1252.35,1259.60,1252.35,1279.50,1735,13745,17519055.00,
513269,MAN IND.(I) ,B ,Q,114.30,114.30,110.10,110.30,110.10,112.10,534,19151,2130241.00,
513295,IMEC        ,XT,Q,3.03,3.19,2.89,2.89,2.89,3.04,26,22650,70220.00,
513303,MODERN STEEL,X ,Q,4.48,4.48,4.15,4.35,4.35,4.28,7,4550,19905.00,
513305,TERRASCOPE  ,X ,Q,2.59,2.59,2.59,2.59,2.59,2.47,34,53660,138979.00,
513307,SYNTHIKO FOI,XT,Q,27.00,27.00,24.70,27.00,27.00,26.00,3,111,2994.00,
513309,GOLKONDA    ,Z ,Q,15.10,16.15,14.63,16.15,16.15,15.39,25,2977,47114.00,
513335,METALFORGE  ,Z ,Q,7.10,7.45,7.10,7.34,7.45,7.30,45,10257,74394.00,
513343,GRAND FOUND ,T ,Q,3.58,3.59,3.54,3.59,3.59,3.42,31,20078,71619.00,
513349,AJMERA      ,B ,Q,298.15,324.90,286.50,317.75,318.00,297.70,2253,65954,20239650.00,
513353,COCHIN MIN. ,X ,Q,151.75,151.75,147.70,148.25,149.60,148.55,111,9570,1417718.00,
513361,ISW LTD     ,XT,Q,2.47,2.47,2.47,2.47,2.47,2.36,73,130767,322994.00,
513369,RAJKUMAR FRG,X ,Q,61.00,63.90,52.60,62.45,63.00,57.60,205,41804,2575200.00,
513375,CARBORUNDUM ,A ,Q,642.50,662.00,636.75,655.15,658.00,640.65,1600,22530,14677743.00,
513377,MINERAL&METL,A ,Q,53.25,53.90,52.45,52.65,52.65,53.25,1350,368985,19600070.00,
513397,VALLABH STEL,X ,Q,8.00,8.00,8.00,8.00,8.00,7.92,1,3,24.00,
513401,ASHIANA ISP.,X ,Q,14.50,14.50,14.45,14.45,14.45,15.20,12,2071,29983.00,
513430,MAITRI      ,XT,Q,10.00,10.25,9.30,9.30,9.30,9.77,20,1785,16802.00,
513434,TATA METALIK,A ,Q,1284.60,1284.60,1247.65,1268.30,1267.30,1243.60,2664,38379,48380821.00,
513446,JSWISPL     ,T ,Q,41.00,42.00,40.10,41.35,41.00,41.00,648,269293,11036063.00,
513452,ELANGO INDUS,XT,Q,7.14,7.14,6.46,7.14,7.14,6.80,45,4750,33703.00,
513456,KANISHK ST. ,XT,Q,25.40,25.40,23.15,23.80,23.85,24.20,98,15219,374437.00,
513460,MAHALAXMI SM,Z ,Q,5.65,5.65,5.65,5.65,5.65,5.39,5,533,3011.00,
513472,SIMPLEX CAST,XT,Q,48.40,48.40,48.40,48.40,48.40,46.10,35,20067,971242.00,
513488,SH.STEEL WIR,X ,Q,29.00,29.25,25.60,27.45,27.45,27.20,108,27407,725927.00,
513498,SOUTH.MAGNES,XT,Q,19.10,20.05,19.10,20.05,20.05,19.10,8,469,9335.00,
513502,BARODA EXTR.,X ,Q,1.52,1.52,1.52,1.52,1.52,1.45,24,45676,69427.00,
513507,GUJ.CONTAIN.,P ,Q,34.00,34.00,34.00,34.00,34.00,32.40,7,1100,37400.00,
513509,KALYANI FORG,T ,Q,224.00,224.00,206.05,211.15,211.15,215.00,14,719,150662.00,
513511,PANCH.STEEL ,XT,Q,90.10,93.50,90.10,91.00,90.60,93.70,34,4738,431308.00,
513513,ADITYA ISPAT,X ,Q,10.71,10.71,10.71,10.71,10.71,10.20,21,6418,68736.00,
513515,S.R.INDUS.  ,X ,Q,2.77,2.97,2.77,2.95,2.95,2.98,8,3960,11351.00,
513517,STEELCAST   ,X ,Q,178.05,193.00,176.40,189.45,192.85,178.05,82,7819,1454549.00,
513519,PITTIENG    ,B ,Q,151.95,153.90,147.00,148.05,147.00,150.25,933,81326,12207627.00,
513528,GLITTEK GRAN,XT,Q,2.50,2.50,2.30,2.48,2.45,2.39,36,15581,38093.00,
513532,PRADEEP MET.,X ,Q,57.00,59.00,56.15,58.10,59.00,56.05,68,9551,550270.00,
513536,GNRL        ,X ,Q,13.04,13.04,12.70,12.86,12.71,12.92,65,7550,97505.00,
513540,T.N.STEEL TU,P ,Q,13.55,14.95,13.55,14.95,14.95,14.25,3,500,6915.00,
513548,SHARDA ISPAT,XT,Q,77.40,77.40,74.00,76.20,76.70,77.40,29,773,57624.00,
513554,MAHA STEEL  ,B ,Q,90.20,90.35,88.50,89.90,89.90,89.35,86,2514,225179.00,
513558,REAL STRIPS ,X ,Q,8.60,8.60,8.35,8.35,8.35,8.20,4,1110,9271.00,
513566,NOVA IRON&ST,XT,Q,18.45,18.65,16.95,18.50,18.50,17.80,65,11377,199176.00,
513579,FOUNDRY FUEL,Z ,Q,1.58,1.58,1.58,1.58,1.58,1.66,1,10,15.00,
513599,HIND.COPPER ,A ,Q,142.50,145.40,142.50,143.35,143.35,143.15,1807,159778,22981634.00,
513605,SRIPIPES    ,A ,Q,227.85,231.05,224.10,225.35,225.35,227.25,1014,23552,5342606.00,
513642,AXEL POLYMER,XT,Q,20.90,20.90,20.90,20.90,20.90,19.95,2,115,2403.00,
513683,NLCINDIA    ,A ,Q,60.15,62.40,60.05,60.25,60.25,60.45,1988,613758,37368732.00,
513687,SPECTRA IND.,XT,Q,4.14,4.32,3.93,4.13,3.93,4.12,13,771,3168.00,
513691,JMT AUTO LTD,B ,Q,3.39,3.39,3.25,3.32,3.30,3.32,12005,244535,809146.00,
513693,KIC METALIKS,X ,Q,60.70,60.70,58.55,60.70,60.70,57.85,529,641405,38860452.00,
513699,SOLID STONE ,X ,Q,26.00,26.00,24.00,24.50,24.10,25.00,16,1593,39810.00,
513709,SHILP GRAVUR,X ,Q,113.30,115.00,111.00,111.75,111.50,113.45,116,8076,909454.00,
513713,WHITEORG    ,XT,Q,8.57,8.57,7.90,8.02,8.15,8.26,335,91203,741828.00,
513729,ARO GRANITE ,B ,Q,75.70,75.70,70.75,71.05,71.55,73.15,482,23387,1696446.00,
514010,HIM.FIBRES  ,XT,Q,3.75,3.75,3.75,3.75,3.75,3.58,11,3855,14456.00,
514028,RAJKAMAL SYN,XT,Q,5.20,5.20,5.20,5.20,5.20,5.25,2,310,1612.00,
514030,DEEPAK SPINN,X ,Q,218.95,219.45,208.50,216.40,216.25,216.70,328,18597,4037768.00,
514034,JBF IND.LTD ,T ,Q,35.75,37.95,35.20,35.20,35.20,37.05,391,179019,6327814.00,
514036,LOY.TEX MILL,X ,Q,734.00,734.00,720.00,721.70,720.50,728.65,116,3503,2550947.00,
514043,HIMAT.SEIDE ,A ,Q,218.05,238.90,218.05,227.95,228.15,218.15,4419,124333,28648538.00,
514045,BSL LTD.    ,B ,Q,58.20,61.00,58.20,59.75,60.00,59.35,414,11797,707216.00,
514087,PBM POLYTEX ,X ,Q,99.45,99.45,95.15,98.35,98.35,96.20,60,8173,796877.00,
514113,ADHINATH TEX,XT,Q,8.35,8.61,8.35,8.61,8.61,8.20,26,2614,22298.00,
514128,KONARK SYN. ,XT,Q,11.00,11.03,11.00,11.03,11.03,10.51,4,300,3305.00,
514138,SURYALATA SP,X ,Q,325.90,333.65,325.00,333.65,333.65,317.80,90,8681,2881197.00,
514140,SURYAVA SPIN,X ,Q,19.08,19.08,19.08,19.08,19.08,20.08,21,7081,135105.00,
514142,TT LTD.     ,T ,Q,62.30,64.95,62.20,62.30,62.30,64.25,24,1757,110639.00,
514162,WELSPUN (I) ,A ,Q,121.40,129.80,121.35,125.50,125.50,122.70,11377,1377583,174217380.00,
514165,IND.ACRYLICS,X ,Q,19.68,20.19,18.45,18.70,18.70,19.67,2042,988283,18757380.00,
514167,GANESH ECOSP,B ,Q,509.85,517.45,503.00,504.90,503.00,506.65,225,989,501253.00,
514171,CEETA IND.  ,XT,Q,8.26,8.26,7.48,8.26,8.26,7.87,33,4636,37513.00,
514175,VARDHMAN POL,B ,Q,23.30,23.60,21.45,22.05,22.90,22.95,290,13402,309648.00,
514183,BLA ROS IND ,X ,Q,190.05,191.65,186.10,188.50,188.50,189.90,2449,103834,19665429.00,
514197,ST CORP     ,XT,Q,22.30,22.30,22.30,22.30,22.30,21.24,1,50,1115.00,
514211,SUMEET INDUS,T ,Q,11.72,11.72,11.72,11.72,11.72,11.17,124,148663,1742330.00,
514215,BINNY LTD.  ,X ,Q,174.40,177.25,165.00,168.20,169.00,168.85,368,38056,6432490.00,
514223,RAMGOPAL POL,XT,Q,3.37,3.37,3.37,3.37,3.37,3.21,9,2412,8128.00,
514234,SANGAM INDIA,B ,Q,148.55,152.80,138.75,138.75,138.75,146.05,243,17096,2453207.00,
514240,KUSHIND     ,X ,Q,3.30,3.30,3.20,3.20,3.20,3.30,15,5912,18939.00,
514248,SREECHEM RES,P ,Q,40.80,40.80,38.10,38.55,38.55,38.90,20,10000,392980.00,
514266,ZENITH FIBRE,XT,Q,58.25,58.25,58.25,58.25,58.25,55.50,93,15913,926932.00,
514272,BHILWARA SP.,X ,Q,18.15,18.15,17.00,17.80,17.80,17.30,30,2851,50167.00,
514274,AARVEE DENIM,T ,Q,23.20,23.35,22.50,23.30,23.30,22.25,62,16551,384800.00,
514286,ASHIMA LTD. ,T ,Q,19.90,20.35,19.15,19.60,19.15,19.65,122,20773,409840.00,
514300,PIONEER EMB ,B ,Q,61.50,62.25,56.95,58.55,58.55,61.00,1016,102564,6205397.00,
514302,VIPPY SPIN. ,X ,Q,63.35,69.00,61.00,65.45,65.00,63.35,81,11549,763202.00,
514312,JAY HIND SYN,XT,Q,9.35,9.76,9.00,9.76,9.76,9.32,46,20448,196107.00,
514316,RAGHUVIR SYN,X ,Q,198.50,199.50,191.05,199.50,199.50,190.00,23,728,143421.00,
514322,KAMADGIRI   ,X ,Q,47.40,55.95,42.50,51.50,51.50,46.90,466,43974,2219573.00,
514324,OMNITEX IND.,X ,Q,19.05,19.05,19.05,19.05,19.05,18.25,1,500,9525.00,
514326,PATSPIN INDI,T ,Q,7.61,8.30,7.61,8.09,8.09,8.00,14,2802,21983.00,
514330,ONEGLOBAL   ,X ,Q,17.51,17.51,17.51,17.51,17.51,16.68,14,2677,46874.00,
514354,PREMIER POLY,B ,Q,71.85,73.15,71.30,71.70,71.30,71.10,190,2270,163885.00,
514358,EVERLON SYN.,X ,Q,14.37,14.37,14.37,14.37,14.37,14.37,2,2,28.00,
514360,KRRAIL      ,X ,Q,32.15,32.15,29.55,31.50,30.05,30.65,150,24452,773746.00,
514386,GUJ COTEX   ,XT,Q,1.24,1.24,1.24,1.24,1.24,1.19,1,1000,1240.00,
514394,AJIL        ,Z ,Q,28.80,28.85,26.85,28.80,28.80,27.65,44,4998,142009.00,
514400,GARWARE SYN.,X ,Q,21.85,21.85,20.85,20.85,20.85,21.90,25,3284,69662.00,
514412,SARUPINDUS  ,XT,Q,22.80,23.90,22.80,23.90,23.90,23.95,2,1080,24712.00,
514418,MANORG      ,X ,Q,802.00,802.00,781.15,790.80,790.80,799.05,635,11685,9280944.00,
514428,HINDU.ADHESI,X ,Q,250.35,276.40,250.35,276.40,276.40,251.30,111,9346,2534618.00,
514442,SRI KPR IND ,X ,Q,17.35,18.25,17.30,17.70,17.80,16.80,31,6468,113757.00,
514448,JYOTI RESINS,X ,Q,791.10,817.90,781.00,814.00,810.00,799.75,182,1636,1310164.00,
514450,MAHA.RUBTECH,X ,Q,66.90,67.00,65.05,66.75,66.70,65.30,90,29650,1978567.00,
514454,SOUTH.LATEX ,XT,Q,9.00,9.00,9.00,9.00,9.00,8.82,11,854,7686.00,
514460,OSWAL YARNS ,XT,Q,6.80,6.80,6.20,6.50,6.50,6.50,10,1242,8013.00,
514470,WIMSOME TEXT,T ,Q,59.10,64.55,59.00,59.70,61.70,62.05,81,9180,560495.00,
515008,MOD.INSUL.  ,XT,Q,60.90,60.90,57.05,58.45,58.45,58.60,71,17685,1031936.00,
515030,ASAHI IN.GLA,A ,Q,379.10,380.75,374.90,379.15,379.15,378.05,339,6546,2472025.00,
515037,MURD.CERAM  ,B ,Q,30.80,32.70,30.70,31.65,31.65,30.75,960,80979,2559081.00,
515043,SAINT-GOBAIN,X ,Q,73.60,74.65,72.10,73.00,73.00,73.35,916,107245,7850402.00,
515055,ANANTRAJ    ,T ,Q,72.25,73.80,68.00,72.15,72.15,70.85,516,84900,5949823.00,
515059,MADHUS.IND. ,X ,Q,20.75,20.75,19.65,20.50,20.50,20.15,12,1055,20898.00,
515085,RESTILE CER.,XT,Q,3.25,3.25,3.00,3.08,3.08,3.10,45,34242,108922.00,
515093,MADHAV MARB.,B ,Q,65.80,70.45,63.15,67.95,67.95,65.30,688,27899,1853447.00,
515127,RAMASIGNS   ,XT,Q,3.60,3.66,3.33,3.65,3.60,3.50,31,29014,103734.00,
515145,HIND.NAT.GLS,T ,Q,50.80,50.80,48.25,48.60,48.25,50.45,52,9166,451748.00,
515147,HALDYN GLASS,XT,Q,41.40,41.40,39.50,40.00,40.20,40.35,303,85814,3438528.00,
516003,DUROPLY     ,X ,Q,109.25,109.25,101.80,103.20,103.20,107.15,78,9386,969436.00,
516016,SHREYANS IND,B ,Q,118.25,118.65,116.50,117.40,117.90,117.20,297,4390,514339.00,
516020,AGIO PAPER  ,XT,Q,2.98,2.98,2.98,2.98,2.98,2.84,14,12125,36132.00,
516022,STAR PAPER  ,B ,Q,163.85,163.85,159.55,160.05,159.60,163.10,438,10060,1628745.00,
516030,YASHPAKKA   ,X ,Q,89.50,89.80,86.30,87.05,87.15,89.15,296,43952,3878930.00,
516032,SARDA PAPERS,XT,Q,3.40,3.40,3.40,3.40,3.40,3.57,3,200,680.00,
516062,NAT.PLYWOOD ,Z ,Q,6.35,6.35,6.35,6.35,6.35,6.35,1,1,6.00,
516064,ARROWGREEN  ,T ,Q,159.90,162.00,147.60,153.20,152.10,154.55,63,2870,449902.00,
516072,VISHNU CHEM ,B ,Q,582.10,632.90,579.10,590.25,590.25,609.05,784,9547,5775744.00,
516078,JUMBO BAG   ,Z ,Q,16.02,16.99,16.02,16.39,16.12,16.86,19,2400,39149.00,
516082,N.R.AGARWAL ,B ,Q,257.30,261.00,246.85,252.20,249.80,256.50,969,14126,3581796.00,
516086,SH.RAJES.PAP,XT,Q,3.53,3.53,3.52,3.53,3.53,3.37,13,3021,10663.00,
516092,3PLAND      ,B ,Q,15.66,15.66,15.66,15.66,15.66,16.48,34,6280,98344.00,
516096,SANGAL PAPER,XT,Q,100.00,101.00,91.45,97.00,97.00,96.25,15,364,35635.00,
516106,SH.KARTHIK P,XT,Q,6.36,6.36,5.76,6.36,6.36,6.06,19,5716,36314.00,
516108,S.I.PAPER   ,X ,Q,149.00,157.00,145.00,152.65,151.15,148.65,293,36346,5594012.00,
516110,SCANDENT    ,X ,Q,23.00,23.20,22.00,22.10,22.10,22.55,29,5873,134093.00,
517015,VINDHYA TELE,A ,Q,1388.55,1389.20,1358.85,1362.80,1359.00,1375.50,743,3192,4381102.00,
517035,RUTTONSHA IN,X ,Q,72.00,72.00,67.00,70.55,70.85,68.60,106,7308,518628.00,
517041,ADORWELDING ,B ,Q,784.50,794.15,742.90,745.20,747.00,779.40,1860,48774,36997567.00,
517059,SALZER ELEC ,B ,Q,184.00,184.00,175.30,176.55,176.55,183.00,917,14409,2566964.00,
517063,JETINFOTRAN ,X ,Q,39.65,41.60,39.65,41.55,41.55,41.60,19,843,34492.00,
517096,APLAB LTD.  ,X ,Q,24.95,24.95,23.00,23.95,23.95,23.80,247,60288,1487363.00,
517119,PCS TECH    ,XT,Q,9.75,10.37,9.43,9.96,10.00,9.92,50,23846,236745.00,
517146,USHA MART.LT,A ,Q,56.45,56.75,54.80,55.30,55.30,55.35,1076,167062,9309418.00,
517166,SPEL SEMICON,XT,Q,23.69,23.69,23.69,23.69,23.69,22.57,396,533961,12649536.00,
517168,SUBROS LTD. ,A ,Q,322.60,333.15,322.60,331.55,332.00,329.45,727,7445,2461650.00,
517174,HONEYWELL   ,A ,Q,44210.15,44436.15,43074.75,44058.30,44001.00,44210.15,323,502,21914546.00,
517201,SWITCH.TECH.,XT,Q,40.15,40.15,36.35,40.10,40.10,38.25,20,2482,96696.00,
517206,LUMAX IND   ,B ,Q,1525.90,1536.65,1500.00,1507.70,1512.00,1522.00,121,1250,1891906.00,
517214,DIGISPICE   ,T ,Q,47.90,49.65,47.85,49.65,49.65,47.30,106,53033,2598132.00,
517230,PREM.AU.ELEC,Z ,Q,7.45,7.45,6.81,6.94,6.94,7.13,26,2044,14367.00,
517236,CALCOM VISIO,XT,Q,42.25,42.25,38.25,38.60,41.15,40.25,35,1375,54813.00,
517238,DYNAVISION  ,XT,Q,71.00,71.20,71.00,71.20,71.20,73.20,2,120,8524.00,
517246,BCC FUBA    ,XT,Q,20.31,20.35,19.80,19.84,19.80,19.39,113,29281,593626.00,
517258,PRECISION EL,XT,Q,34.00,36.50,33.10,33.10,33.10,34.80,17,6130,202979.00,
517264,FINELINE CI ,XT,Q,19.10,20.00,18.20,19.20,19.20,19.05,31,4446,85157.00,
517271,HBL P SYS   ,B ,Q,53.05,54.50,49.75,50.35,50.35,54.10,3099,312752,16333984.00,
517273,S&S POWER SW,T ,Q,20.80,21.00,20.80,20.80,20.80,21.85,13,1478,30747.00,
517288,GUJARATPOLY ,X ,Q,14.30,15.00,14.30,15.00,15.00,15.05,12,1103,15782.00,
517300,GUJ.IND.POW.,A ,Q,88.25,88.25,86.05,86.55,86.60,87.65,795,49183,4279879.00,
517330,CMI LTD.    ,B ,Q,60.90,60.90,55.35,55.90,55.90,59.15,1015,89832,5211974.00,
517334,MOTHERSON SS,A ,Q,243.05,247.25,241.45,242.25,242.25,244.15,2367,179012,43741748.00,
517344,MINDTECK (I),B ,Q,86.00,87.30,85.25,87.30,87.30,83.15,473,13835,1202275.00,
517354,HAVELLSINDIA,A ,Q,1025.00,1049.90,1023.00,1039.85,1039.85,1022.95,6997,133621,139067558.00,
517356,ACI INFOCOM ,XT,Q,0.74,0.80,0.74,0.80,0.80,0.77,89,99497,78570.00,
517370,INCAP LTD.  ,XT,Q,23.05,23.05,23.00,23.00,23.00,23.45,2,200,4605.00,
517372,GUJ.INTRUX  ,X ,Q,125.80,125.80,120.75,122.10,124.95,125.85,77,2694,333700.00,
517380,IGARSHI MOT ,A ,Q,552.80,562.35,543.00,549.35,546.30,542.45,984,15072,8279752.00,
517385,SYMPHONY    ,A ,Q,1077.00,1077.00,1058.55,1063.35,1067.90,1063.80,1218,7855,8370149.00,
517397,PAN ELECTR. ,XT,Q,39.55,39.55,39.55,39.55,39.55,37.70,29,800,31640.00,
517399,VXL INSTRUM.,XT,Q,7.28,7.28,7.28,7.28,7.28,6.95,3,30,218.00,
517415,LEE&NEE SOFT,XT,Q,4.75,4.87,4.75,4.87,4.87,4.64,94,69998,336843.00,
517417,PATEL AIRTEM,X ,Q,212.05,219.00,208.15,210.40,210.40,214.45,498,26913,5754548.00,
517421,BFLYGANDHI  ,T ,Q,793.00,793.00,756.05,773.35,772.00,789.20,268,4522,3486571.00,
517429,ATHENAGLO   ,XT,Q,69.00,69.00,62.60,64.05,62.60,65.85,23,4035,261858.00,
517437,DUTRON POLY.,XT,Q,239.00,241.50,222.00,241.40,226.00,230.00,43,1703,409251.00,
517447,R.S.SOFTWARE,T ,Q,35.90,36.90,34.60,36.55,36.85,35.40,130,20868,745473.00,
517449,MAGNA ELECTR,X ,Q,183.00,187.00,180.05,180.70,181.95,184.15,68,4039,736998.00,
517467,MARSONS     ,Z ,Q,9.60,10.00,9.20,9.20,9.20,9.60,14,1373,13211.00,
517477,ELNET TECH. ,X ,Q,186.00,186.00,177.10,182.20,180.10,178.85,109,7691,1403926.00,
517494,ACCEL       ,XT,Q,16.55,16.55,15.65,16.25,16.25,16.00,116,53756,864860.00,
517498,WEBELSOLAR  ,B ,Q,70.50,71.20,68.30,68.75,68.30,71.00,480,30617,2140806.00,
517500,ROTO PUMPS  ,X ,Q,205.00,206.50,201.05,202.85,203.00,204.15,366,24714,5052447.00,
517506,TTK PRESTIGE,A ,Q,9229.15,9377.55,9204.65,9333.35,9340.00,9178.60,470,960,8925999.00,
517514,DHINDIA     ,X ,Q,25.20,26.40,25.00,25.05,25.05,25.15,76,10150,259733.00,
517522,RAJ GLO WIR ,T ,Q,1649.00,1688.00,1620.05,1658.75,1679.95,1648.10,116,1120,1854412.00,
517530,SURANATP    ,B ,Q,7.50,7.50,7.06,7.06,7.06,7.43,171,59494,427649.00,
517536,ONWARD TECHN,T ,Q,234.10,245.70,224.10,245.70,245.70,234.00,406,45244,11037202.00,
517544,CENTUM ELEC ,B ,Q,497.95,508.00,486.80,500.85,500.85,489.35,422,2810,1408383.00,
517546,ALFA TRANSFO,X ,Q,10.35,10.82,10.35,10.66,10.66,10.52,14,1775,18837.00,
517548,STARLITE COM,Z ,Q,2.37,2.61,2.37,2.60,2.60,2.49,28,8651,21923.00,
517554,NHCFOODS    ,X ,Q,9.25,9.25,8.99,9.00,9.00,9.02,22,11516,104754.00,
517562,TRIGYN TECH ,B ,Q,129.75,141.05,129.75,141.05,141.05,128.25,1865,99905,13688022.00,
517569,KEI INDUST. ,A ,Q,717.20,727.60,704.25,710.85,708.00,717.85,1930,22268,15939133.00,
517571,IMPPOWERS   ,B ,Q,16.05,16.05,15.35,15.39,15.39,15.95,132,17908,280794.00,
518011,KEERTHI     ,XT,Q,139.00,145.00,136.00,143.80,143.80,139.00,28,1640,235519.00,
518029,GUJ.SIDH.CEM,B ,Q,51.70,52.40,51.05,51.30,51.45,52.10,498,22888,1184967.00,
518075,SURAJ PRODUC,Z ,Q,55.20,55.20,52.00,55.00,55.00,54.10,8,190,10109.00,
518091,ANJANI PORTL,B ,Q,395.50,412.00,386.65,400.25,402.50,392.15,1826,27980,11299213.00,
519003,MODINATURAL ,X ,Q,159.60,174.50,159.60,161.25,161.25,168.00,495,61216,9909592.00,
519091,TASTY BITE  ,A ,Q,19699.00,19699.00,18615.00,18828.50,18845.00,19120.05,145,211,4012751.00,
519097,RITESH INTER,XT,Q,38.25,38.25,34.70,37.50,36.90,36.50,139,7453,269441.00,
519105,AVT NATURAL ,B ,Q,80.60,81.70,76.60,77.45,77.80,80.10,2073,259603,20768058.00,
519126,HIND.FOODS  ,T ,Q,2013.15,2020.00,1975.00,1997.00,2018.00,2010.80,612,2191,4361470.00,
519136,NAHAR INDUST,B ,Q,100.60,103.60,98.45,102.90,102.50,98.70,513,22790,2323851.00,
519152,VADILAL ENT ,XT,Q,1500.05,1625.95,1500.05,1620.00,1620.00,1567.00,22,335,540859.00,
519156,VADILAL IND ,B ,Q,1012.25,1023.95,1001.70,1010.40,1012.65,1003.40,177,613,617624.00,
519174,ASHIANA AGRO,XT,Q,9.75,9.75,9.75,9.75,9.75,9.29,27,3004,29289.00,
519183,ADF FOODS LT,A ,Q,889.00,903.00,858.55,863.55,863.55,887.35,2433,13750,12041315.00,
519191,RGRL        ,X ,Q,28.15,29.70,27.30,28.55,28.60,28.10,157,24230,685268.00,
519214,WILLIAM.FIN.,XT,Q,5.12,5.12,5.12,5.12,5.12,5.37,1,201,1029.00,
519216,AJANTA SOYA ,X ,Q,112.55,112.90,108.10,109.25,109.70,110.40,621,62032,6834357.00,
519224,WILLIAM.MAGO,B ,Q,24.40,24.40,23.25,24.05,23.80,23.25,142,24779,595952.00,
519230,RICHIRICH   ,X ,Q,2.20,2.20,2.05,2.19,2.19,2.15,9,1321,2753.00,
519242,SARDA PROT. ,XT,Q,30.05,30.05,30.05,30.05,30.05,31.60,2,3,90.00,
519260,SANWARIA    ,Z ,Q,0.82,0.82,0.77,0.79,0.79,0.81,1088,2165342,1720236.00,
519262,PRIMA AGRO L,XT,Q,46.45,46.45,42.45,44.10,44.35,44.65,153,13728,601475.00,
519285,TARAI FOODS ,XT,Q,5.99,5.99,5.51,5.97,5.99,5.79,47,13673,78239.00,
519287,MODERN DAIRI,X ,Q,14.65,14.80,14.00,14.24,14.22,14.33,186,52775,758665.00,
519295,BAMBINO AGRO,X ,Q,265.00,265.00,260.00,264.45,265.00,261.45,140,10139,2676032.00,
519299,PRIME INDS. ,Z ,Q,8.32,8.32,7.90,8.32,8.32,7.93,58,14776,122323.00,
519307,VIKAS WSP   ,B ,Q,6.25,6.25,5.94,6.00,5.98,6.19,281,197333,1194998.00,
519319,JATALIA     ,XT,Q,4.20,4.20,3.83,4.10,4.10,4.00,22,4314,17339.00,
519331,VSF PROJ    ,XT,Q,9.00,9.50,8.88,9.50,9.50,9.34,46,38283,344799.00,
519353,BANSISONS TE,ZP,Q,3.61,3.61,3.61,3.61,3.61,3.80,7,1500,5415.00,
519359,POONA DAL   ,X ,Q,48.35,52.80,48.35,52.30,52.00,49.25,192,22460,1159005.00,
519367,TRANSGL.FOOD,X ,Q,154.95,154.95,145.15,145.15,145.15,145.00,15,372,55768.00,
519383,ANIK INDS   ,B ,Q,26.45,26.80,25.40,25.55,25.90,25.70,147,19988,521563.00,
519397,SHARAT INDUS,XT,Q,30.80,30.80,27.95,29.00,29.00,29.40,15,1062,29785.00,
519421,KSE LIMITED ,XT,Q,2591.05,2716.95,2560.00,2704.45,2680.05,2618.90,209,2973,7955321.00,
519455,NARBADA     ,X ,Q,30.40,31.90,30.40,31.90,31.90,30.40,7,705,21585.00,
519457,VIRAT CRANE ,X ,Q,37.70,37.95,36.30,37.75,37.90,36.15,104,13819,521814.00,
519463,IB INFOTECH ,XT,Q,16.00,16.00,16.00,16.00,16.00,16.00,2,55,880.00,
519475,CHORDIA FOOD,XT,Q,151.00,154.95,151.00,152.20,152.00,154.50,12,282,42787.00,
519477,CIANAGRO    ,XT,Q,45.35,45.35,42.10,45.35,45.35,43.20,62,15186,687475.00,
519483,TAI INDUST. ,X ,Q,27.15,27.15,27.15,27.15,27.15,25.90,17,9294,252332.00,
519500,BKV INDUSTRS,XT,Q,10.15,10.15,10.15,10.15,10.15,9.67,27,6176,62686.00,
519532,ASIAN TEA   ,X ,Q,23.50,23.50,21.10,21.30,21.10,22.20,95,17242,383612.00,
519552,HERITGFOOD  ,A ,Q,497.00,512.45,488.40,491.25,491.00,490.75,716,9536,4751494.00,
519566,SIMRAN FARMS,X ,Q,132.30,135.00,126.75,128.10,127.80,129.70,140,13158,1711257.00,
519588,DFM FOODS   ,A ,Q,392.00,402.00,383.10,396.15,396.15,387.00,1845,27342,10735059.00,
519600,CCL PRODUCTS,A ,Q,387.70,392.00,379.55,381.80,381.00,388.55,1344,22456,8660351.00,
519602,KELLTONTEC  ,B ,Q,58.45,66.70,57.25,63.55,63.55,56.80,4624,714708,45511173.00,
519612,MAHAAN FOODS,XT,Q,28.30,28.45,26.60,27.00,27.00,27.80,25,2997,83241.00,
520008,RICO AUTO   ,A ,Q,51.20,53.30,51.00,51.95,51.95,50.65,2165,317972,16713817.00,
520021,OMAX AUTOS. ,B ,Q,72.60,73.75,68.35,69.05,69.05,71.60,828,24929,1751500.00,
520043,MUNJAL SHOWA,B ,Q,147.30,153.45,145.45,151.00,151.00,144.85,908,20373,3078906.00,
520051,JAMNA AUTO  ,A ,Q,88.40,89.45,87.00,87.65,87.65,86.85,1170,63276,5567033.00,
520056,SUNDAR.CLAY ,A ,Q,3687.00,3730.00,3558.95,3599.55,3603.00,3717.80,310,626,2292325.00,
520057,JTEKTINDIA  ,A ,Q,107.65,120.45,107.65,115.60,114.75,107.05,5477,306811,35880860.00,
520059,MUNAUTO     ,B ,Q,67.00,68.10,66.60,66.80,66.80,67.25,380,17648,1188629.00,
520066,JAYBH.MARUTI,B ,Q,231.40,236.00,225.45,227.60,229.85,230.75,1333,18736,4308646.00,
520073,RACLGEAR    ,X ,Q,554.00,565.00,528.00,530.85,530.85,554.40,1252,31778,17225734.00,
520075,SAMKRG PIST.,X ,Q,210.00,212.75,205.55,208.40,208.40,208.55,241,5874,1224788.00,
520086,SICAL LOG   ,B ,Q,13.98,14.29,13.55,13.65,13.60,13.91,305,67594,932561.00,
520111,RATNAMNI MET,A ,Q,2060.00,2072.00,2056.00,2065.75,2065.35,2065.40,171,455,939736.00,
520113,VESUVIUS IND,A ,Q,1182.60,1183.85,1157.05,1177.40,1177.80,1181.40,193,464,543217.00,
520119,AUTOMOTIVE S,T ,Q,65.15,69.90,65.15,68.80,68.95,67.75,48,2249,153866.00,
520121,ARCEE INDUST,X ,Q,10.47,10.50,10.47,10.50,10.50,11.02,31,4669,48904.00,
520123,ABC INDIA   ,X ,Q,84.00,94.20,84.00,92.20,93.50,85.90,118,7813,681914.00,
520127,BALURGHAT TE,X ,Q,10.62,11.00,10.00,10.26,10.21,10.82,69,8553,88955.00,
520141,SIBAR AUTO  ,X ,Q,8.15,8.15,7.86,7.90,8.09,8.15,12,2905,23085.00,
520151,SHREY SH LOG,B ,Q,208.80,208.95,197.65,199.95,198.35,201.40,1166,23455,4798064.00,
520155,STARLOG     ,X ,Q,9.64,9.64,9.12,9.39,9.50,9.30,81,29606,278259.00,
521014,EUROTEX IND ,T ,Q,10.45,10.50,10.45,10.50,10.50,10.00,4,222,2326.00,
521016,INDO COUNT  ,A ,Q,208.00,208.30,198.05,199.15,200.75,206.15,1868,70036,14191725.00,
521018,MARAL OVERS ,B ,Q,57.10,61.40,55.30,55.30,55.30,55.85,267,13266,766117.00,
521034,SOMA TEXTILE,T ,Q,6.52,6.94,6.52,6.80,6.88,6.86,27,5877,40209.00,
521054,KAKATIYA TEX,XT,Q,1.40,1.40,1.40,1.40,1.40,1.34,2,65,91.00,
521062,OCTAVE      ,XT,Q,2.52,2.52,2.40,2.40,2.40,2.52,10,1288,3103.00,
521064,TRIDENT     ,A ,Q,18.05,18.25,17.55,17.65,17.65,17.95,3951,1671569,29779093.00,
521070,ALOK INDS.  ,B ,Q,28.50,29.25,27.95,28.10,28.10,28.35,2369,1034948,29375331.00,
521080,PASARI SPIN ,XT,Q,3.30,3.30,3.29,3.30,3.30,3.15,50,36328,119879.00,
521082,SPENTEX INDS,Z ,Q,1.18,1.18,1.18,1.18,1.18,1.13,36,62808,74113.00,
521097,AMARJOTHI SP,X ,Q,147.60,157.90,144.20,156.25,156.25,144.50,1063,127784,19612142.00,
521105,OLYMPIA IND.,XT,Q,33.80,34.70,31.45,32.90,32.90,33.10,21,1226,40083.00,
521109,NAGREEKA EXP,B ,Q,33.00,33.70,31.95,32.20,32.20,33.00,130,5497,181476.00,
521113,SUDITI IND. ,X ,Q,18.60,18.60,17.50,18.10,18.55,17.75,12,1365,24530.00,
521131,SBFL        ,XT,Q,10.00,10.00,9.97,10.00,10.00,9.53,11,5808,58053.00,
521133,GEM SPINNERS,P ,Q,1.80,1.80,1.80,1.80,1.80,1.72,1,100,180.00,
521141,ADITYA SPIN.,XT,Q,14.95,15.75,14.48,14.51,14.50,15.24,79,17451,254273.00,
521149,PRIME URBAN ,X ,Q,8.87,8.89,8.27,8.60,8.60,8.47,16,4355,37400.00,
521151,DHANLXMI FAB,X ,Q,19.85,21.50,19.85,21.05,21.50,20.80,5,276,5655.00,
521163,ZODIAC CLOTH,B ,Q,147.60,147.60,134.25,136.25,136.60,147.10,2227,73656,10293452.00,
521178,SRI RAMK.MIL,X ,Q,19.05,19.05,19.00,19.00,19.00,18.15,8,907,17236.00,
521180,SUPER SPIN. ,T ,Q,11.25,11.25,11.01,11.25,11.25,10.72,230,403526,4538240.00,
521182,SEASONS FUR.,XT,Q,3.33,3.33,3.33,3.33,3.33,3.18,1,100,333.00,
521188,UNITED TEXT.,XT,Q,6.20,6.52,5.90,6.52,6.52,6.21,34,2420,15194.00,
521194,SIL INVEST  ,B ,Q,328.55,338.00,321.10,333.80,333.00,323.15,286,7503,2484621.00,
521200,SURYLAK.COTT,T ,Q,66.00,66.00,62.60,64.05,64.05,64.25,49,10443,674673.00,
521206,SAMTEX FASH.,X ,Q,1.50,1.51,1.50,1.51,1.51,1.50,10,6368,9574.00,
521216,DHAN ROTO SP,X ,Q,54.90,54.90,51.15,53.00,52.15,52.30,69,6189,328361.00,
521220,DAMOINDUS   ,B ,Q,50.95,50.95,49.10,49.25,49.50,49.95,114,3470,172878.00,
521222,SANBLUE     ,X ,Q,17.25,17.25,17.25,17.25,17.25,17.08,7,842,14524.00,
521226,UNI ROYAL IN,XT,Q,13.68,13.68,12.40,13.26,13.49,13.05,53,7859,101254.00,
521228,TATIA GLOB  ,XT,Q,1.20,1.20,1.20,1.20,1.20,1.15,18,8199,9838.00,
521234,SRI NACHAMAI,XT,Q,45.60,45.60,45.60,45.60,45.60,43.45,9,862,39307.00,
521240,SAMBANDAM SP,XT,Q,219.00,219.00,218.50,219.00,219.00,208.60,70,10842,2374388.00,
521242,KANDAGIRI SP,X ,Q,13.95,13.95,13.95,13.95,13.95,13.29,1,10,139.00,
521244,CHITRA.SPIN.,XT,Q,12.75,13.70,12.40,12.70,13.00,13.05,8,510,6450.00,
521248,KITEX GARMEN,A ,Q,218.00,224.45,183.65,183.65,183.65,204.05,13859,732876,143837600.00,
522001,CRANEX LTD. ,X ,Q,13.75,13.90,13.68,13.68,13.68,14.40,11,4987,68280.00,
522004,BATLIBOI LTD,XT,Q,23.25,23.25,22.50,22.60,22.60,22.95,52,5339,121394.00,
522005,AUSTIN ENGG.,X ,Q,67.00,67.75,63.00,65.80,67.30,65.20,99,5803,383133.00,
522014,UNITED DRILL,B ,Q,330.05,337.00,326.05,327.40,327.40,328.60,125,3523,1158850.00,
522017,FLUIDOMAT   ,X ,Q,143.25,148.20,140.85,143.65,146.50,145.85,71,3662,531236.00,
522027,EMA INDIA   ,XT,Q,10.77,10.77,10.77,10.77,10.77,10.26,1,1,10.00,
522029,WINDSOR MACH,B ,Q,34.45,35.35,32.00,32.20,32.20,34.15,1914,143874,4765595.00,
522034,SHANTHI GEAR,B ,Q,154.75,154.80,148.30,149.30,149.30,152.30,209,3695,557924.00,
522036,MIVEN MACHIN,X ,Q,6.00,6.00,6.00,6.00,6.00,6.10,1,1100,6600.00,
522064,HONDAPOWER  ,A ,Q,1232.00,1237.00,1224.05,1228.80,1231.85,1229.25,399,1809,2226375.00,
522073,HITECHGEAR  ,B ,Q,312.55,317.85,307.05,310.55,309.00,309.80,226,2613,818862.00,
522074,ELGI EQUIP  ,A ,Q,218.85,219.80,210.65,212.25,212.45,218.45,1072,33573,7186771.00,
522091,UV DER HORST,X ,Q,46.05,46.05,46.05,46.05,46.05,43.90,17,2273,104671.00,
522101,KILBURN ENGG,XT,Q,32.45,32.45,32.40,32.45,32.45,30.95,63,41229,1337833.00,
522105,BIRLA PRETEC,XT,Q,15.70,15.90,14.90,15.00,15.00,15.15,156,58958,897384.00,
522108,YUKEN INDIA ,X ,Q,559.90,559.90,545.60,549.55,548.00,546.85,225,3468,1909919.00,
522113,TIMKEN (I)  ,A ,Q,1515.00,1535.45,1494.80,1510.75,1498.45,1517.35,213,841,1275564.00,
522122,VOITH PAPER ,X ,Q,1202.00,1215.00,1181.00,1196.00,1195.00,1189.25,46,927,1112717.00,
522134,ARTSON ENG  ,X ,Q,61.20,62.55,59.60,60.10,60.10,61.30,107,13058,799351.00,
522152,SOLITAIR MC ,X ,Q,43.00,44.45,40.65,41.40,41.40,41.80,94,11908,503064.00,
522163,DIAMONPOWER ,Z ,Q,0.93,0.93,0.91,0.93,0.93,0.91,9,10500,9757.00,
522165,INDSIL HYD  ,XT,Q,21.00,21.05,19.10,20.00,20.50,20.05,95,10744,218963.00,
522183,ITL INDUSTRS,X ,Q,169.00,172.00,158.65,161.40,164.45,167.15,335,11747,1905536.00,
522195,FRONTIER SPR,X ,Q,304.90,304.90,290.05,292.50,292.50,298.60,183,3128,925923.00,
522205,PRAJ IND.LTD,T ,Q,364.00,369.00,363.00,365.25,365.25,366.70,2317,80847,29557551.00,
522207,RASANDIK ENG,X ,Q,94.90,94.90,89.95,90.00,94.70,90.40,28,2817,259538.00,
522209,YOGI SUNGWON,XT,Q,3.95,4.10,3.95,3.95,3.95,4.15,5,330,1304.00,
522215,HLEGLAS     ,B ,Q,3548.95,3573.40,3440.00,3468.00,3447.00,3504.40,586,1321,4597062.00,
522217,GUJ APOIND  ,B ,Q,221.40,231.00,221.40,224.90,224.90,225.00,146,2217,500644.00,
522229,TANEJA AERO.,X ,Q,40.80,44.00,38.25,43.05,43.05,39.90,985,216275,9133513.00,
522231,CONART ENG. ,X ,Q,46.80,46.80,40.80,41.75,42.50,44.60,297,50700,2133708.00,
522241,M.M.FORGINGS,B ,Q,757.45,760.50,741.95,747.60,751.95,755.00,232,2002,1508564.00,
522249,MAYUR UNIQ. ,A ,Q,514.80,514.80,496.00,496.80,499.60,507.00,1420,18094,9076490.00,
522251,CENLUB INDUS,X ,Q,108.00,113.90,107.00,107.15,107.15,107.10,276,27833,3063529.00,
522257,RAJOO ENGIN.,X ,Q,34.80,34.85,33.00,33.85,33.85,32.95,979,348614,11946660.00,
522263,JMC PROJECTS,A ,Q,122.35,122.80,118.25,119.70,118.55,121.70,637,19538,2361379.00,
522267,VEEJAY LAKSH,XT,Q,40.45,40.45,40.35,40.35,40.35,42.45,5,430,17373.00,
522273,AHMED.STEEL ,X ,Q,15.85,17.45,15.85,16.00,16.00,16.50,26,1227,20398.00,
522275,GET&D       ,A ,Q,141.05,142.85,139.55,139.75,140.55,141.05,428,11864,1670684.00,
522281,RAM RAT.WIRE,X ,Q,138.00,140.95,136.30,139.70,139.85,138.80,247,22328,3095387.00,
522285,JAY NECO IND,T ,Q,26.25,27.05,25.05,25.40,25.40,26.15,198,62383,1629008.00,
522287,KALPA.POWER ,A ,Q,461.70,466.40,450.85,453.70,451.80,461.70,1546,31149,14351965.00,
522289,NMSRESRC    ,XT,Q,9.77,9.77,9.77,9.77,9.77,9.31,3,604,5901.00,
522292,CHANDNI TE  ,X ,Q,53.25,53.25,50.70,52.35,52.70,52.25,65,4383,226827.00,
522294,T & I GLOBAL,X ,Q,143.10,147.30,139.00,139.10,139.10,143.10,52,3263,459917.00,
522295,CONTROL PRNT,B ,Q,396.05,410.00,389.05,393.50,392.60,398.70,228,2555,1014922.00,
522650,BEMCO HYDRAU,X ,Q,345.95,345.95,320.00,337.80,337.80,330.30,13,188,61287.00,
523007,ANSAL BUILD.,X ,Q,89.95,89.95,82.70,82.70,82.70,87.05,93,8663,727170.00,
523011,WEIZMANN LTD,B ,Q,69.05,69.10,66.95,66.95,66.95,70.45,195,13198,894611.00,
523019,B.N.RATHI SE,X ,Q,39.00,41.00,36.20,40.15,40.40,37.30,499,106854,4266188.00,
523021,RISHITECH   ,X ,Q,28.40,29.00,28.00,28.65,28.95,27.70,25,3999,114070.00,
523023,SINCLAIR HOT,X ,Q,78.60,81.45,78.50,80.10,79.55,78.75,199,29018,2331558.00,
523025,SAFARI IND. ,A ,Q,772.20,800.55,769.00,781.45,780.00,769.30,338,1386,1084425.00,
523054,BIN.TEX.PR(P,XT,Q,738.65,738.65,738.65,738.65,738.65,703.50,4,325,240061.00,
523100,COSMO FERR. ,X ,Q,47.00,47.00,47.00,47.00,47.00,44.80,66,41480,1949560.00,
523113,FUTURA SEC. ,XT,Q,11.19,11.29,10.23,10.45,11.10,10.76,12,1084,12127.00,
523116,SANCO TRANS ,X ,Q,392.00,395.00,362.15,366.85,366.85,387.65,33,541,202631.00,
523120,ADOR MULTI. ,X ,Q,83.05,85.90,81.00,83.75,84.10,83.05,29,2771,230336.00,
523127,EIH ASSO.HOT,B ,Q,354.75,361.70,350.50,350.95,352.25,354.65,462,6378,2268312.00,
523144,MEDI CAPS   ,X ,Q,46.95,46.95,45.15,45.70,46.20,45.75,135,22060,1018731.00,
523151,OTCO INTERN.,X ,Q,6.31,6.31,6.31,6.31,6.31,6.01,10,3933,24817.00,
523160,MORGAN CRU  ,X ,Q,826.00,850.00,825.00,836.70,829.20,834.15,36,1056,889127.00,
523164,SIP INDUST. ,Z ,Q,2.46,2.46,2.46,2.46,2.46,2.58,3,950,2337.00,
523186,BA PACK     ,XT,Q,144.40,144.40,144.40,144.40,144.40,137.55,2,55,7942.00,
523204,ABAN OFFSHO ,T ,Q,42.05,42.60,40.75,41.05,41.40,42.05,263,20860,864350.00,
523207,KOKUYOCMLN  ,B ,Q,73.70,75.60,72.65,72.90,73.00,72.95,1516,126743,9318094.00,
523229,BHARAT SEATS,X ,Q,90.75,91.70,89.55,89.90,89.90,89.90,312,33078,2994620.00,
523232,CONT.PETRO  ,XT,Q,47.90,48.80,47.05,48.45,48.45,48.85,67,2206,105649.00,
523248,MACHINO PLAS,XT,Q,148.00,148.00,142.00,147.00,147.00,146.75,19,859,124671.00,
523260,PEARL POLYME,B ,Q,17.45,17.75,16.85,16.85,16.85,17.55,166,3784,65467.00,
523261,VENKEY'S (I),A ,Q,3600.00,3600.00,3400.95,3475.65,3475.00,3482.95,1086,5164,18023435.00,
523269,ADVANI HOTEL,B ,Q,67.40,68.05,66.50,66.70,66.50,67.65,46,1397,94062.00,
523277,G.V.FILMS   ,XT,Q,0.98,0.98,0.98,0.98,0.98,0.94,544,691540,677709.00,
523283,SUPER HOUSE ,B ,Q,164.00,165.80,162.10,162.45,162.10,162.70,513,10367,1700748.00,
523289,RAMA VISION ,X ,Q,16.63,16.63,16.60,16.63,16.63,15.84,31,8673,144213.00,
523301,TCPL PACK   ,B ,Q,541.80,544.00,531.50,533.90,534.50,531.60,249,7562,4042290.00,
523319,BALMER LAWRI,A ,Q,137.60,139.95,137.60,138.30,138.35,137.65,1188,60371,8385944.00,
523323,KOVAI MEDI. ,B ,Q,1397.40,1406.50,1370.00,1381.30,1381.30,1386.50,415,4056,5641268.00,
523329,ELDECO HOUS.,X ,Q,2721.10,2895.00,2721.10,2878.65,2878.65,2815.70,137,2095,5976154.00,
523367,DCMSHRIRAM  ,A ,Q,900.00,950.00,880.45,945.00,945.00,904.90,3499,54475,50770553.00,
523369,DCM SHR.IND ,X ,Q,464.00,472.00,449.00,450.50,450.00,453.85,684,27140,12423321.00,
523371,MAWANA SUGAR,T ,Q,117.40,117.40,106.65,106.65,106.65,112.25,512,52872,5740010.00,
523373,MINI DIAMOND,XT,Q,4.18,4.19,4.18,4.19,4.19,4.18,2,270,1131.00,
523384,MAH.RAS.APEX,T ,Q,112.50,121.50,112.50,114.25,114.25,115.95,20,5274,616666.00,
523385,NILKAMAL L  ,A ,Q,2545.00,2545.00,2483.25,2509.90,2518.30,2505.40,234,1010,2525851.00,
523391,NAHAR POLY  ,B ,Q,172.20,208.80,172.20,200.50,200.50,179.30,1660,47755,9303895.00,
523395,3M INDIA LTD,A ,Q,24370.30,24370.30,24200.00,24308.05,24357.95,24148.05,41,44,1069230.00,
523398,JCHAC       ,A ,Q,2252.95,2315.00,2242.10,2273.00,2268.60,2251.70,1060,4982,11351598.00,
523405,JM FINANCIAL,A ,Q,107.40,111.15,105.55,107.75,107.75,106.15,8557,898128,97673221.00,
523411,ADCINDIA    ,X ,Q,269.65,273.35,266.50,269.00,269.00,270.65,32,911,245749.00,
523419,TAMIL.TELE. ,T ,Q,10.81,10.81,10.81,10.81,10.81,10.30,34,3259,35229.00,
523425,SUNRAJ DIAM.,Z ,Q,3.69,3.69,3.60,3.69,3.69,3.52,49,5000,18284.00,
523445,REL INDL INF,A ,Q,795.00,798.25,772.10,776.25,776.25,793.85,1613,27265,21304508.00,
523449,SHARP INDIA ,X ,Q,36.55,36.55,35.30,36.35,36.35,37.00,28,4372,156371.00,
523457,LINDEINDIA  ,A ,Q,1730.00,1741.95,1683.15,1694.65,1694.65,1737.30,1248,7292,12550459.00,
523465,IND.BANK HSG,B ,Q,40.95,40.95,36.15,40.00,39.80,40.15,78,4156,165135.00,
523475,LOTUS CHOC  ,X ,Q,27.95,28.45,26.00,27.60,27.55,27.10,59,10921,298017.00,
523483,PACIFIC IND.,X ,Q,360.00,380.00,337.15,360.00,360.10,370.50,106,3097,1119066.00,
523489,CMM HOSPITAL,XT,Q,14.70,14.70,13.70,14.00,14.00,14.00,7,644,8867.00,
523519,UNI OFF AUTO,XT,Q,2.83,2.96,2.83,2.96,2.96,2.82,8,1799,5104.00,
523537,APM INDUS.  ,X ,Q,33.75,34.20,33.50,33.55,33.80,33.85,126,21025,709546.00,
523539,PRECISION WR,B ,Q,221.90,227.05,218.30,222.60,225.00,222.70,273,3243,722896.00,
523550,KRYPTON IND ,X ,Q,16.40,18.50,16.30,17.70,17.70,16.05,598,217824,3791465.00,
523566,MARTIN BURN ,X ,Q,34.85,42.40,34.85,40.40,40.40,38.65,21,427,16589.00,
523574,FEL         ,B ,Q,11.00,11.45,11.00,11.11,11.15,11.29,492,184457,2071722.00,
523586,IND.TONERS  ,X ,Q,188.00,190.05,186.00,186.55,186.00,186.10,78,3435,643822.00,
523594,KUNSTSTOFFE ,X ,Q,28.25,28.25,28.25,28.25,28.25,26.95,6,401,11328.00,
523598,SHIPP.CORPN ,A ,Q,116.40,117.35,113.45,113.70,113.70,115.25,4363,460393,53087248.00,
523606,SIKA INTER. ,X ,Q,500.00,500.00,482.00,484.15,482.00,498.90,135,3536,1733340.00,
523610,ITI LTD.    ,A ,Q,127.40,133.10,126.80,132.50,132.50,127.00,5138,222953,29183336.00,
523618,DREDGING COR,A ,Q,405.00,405.00,396.35,397.65,397.30,398.15,970,15693,6252684.00,
523620,PHARMASIA   ,XT,Q,33.00,35.00,32.15,32.50,32.50,33.60,17,854,29603.00,
523628,PODDAR      ,B ,Q,250.00,250.75,232.25,238.90,239.05,238.85,879,35970,8903245.00,
523630,NATIONAL FER,A ,Q,63.50,63.95,62.60,62.75,62.75,62.85,673,83771,5291189.00,
523638,IP RINGS LTD,X ,Q,168.60,168.60,155.10,163.00,166.00,163.10,198,12837,2024291.00,
523642,PI INDUS.LTD,A ,Q,2970.60,3017.70,2951.00,2958.45,2953.25,2962.00,781,4447,13229845.00,
523648,PLASTIBLEND ,B ,Q,290.00,295.65,285.60,289.40,289.40,285.95,1527,24476,7114876.00,
523650,REDEX PROTEC,XT,Q,6.88,6.88,6.88,6.88,6.88,6.87,2,600,4128.00,
523652,KKPLASTICK  ,XT,Q,6.18,6.18,6.18,6.18,6.18,5.89,1,50,309.00,
523660,WATERBASE   ,A ,Q,137.90,140.70,134.05,135.15,135.15,133.70,2490,114237,15713967.00,
523672,FLEX FOODS  ,X ,Q,126.00,128.00,118.10,120.25,120.00,124.00,356,27575,3425879.00,
523676,GOLKUNDA DIA,X ,Q,46.25,48.50,46.15,47.40,47.60,47.80,50,3865,181715.00,
523694,APCOTEX IND ,A ,Q,322.00,324.90,317.00,318.65,319.65,320.80,395,4479,1433695.00,
523696,FORTIS MLR  ,X ,Q,68.35,68.50,66.50,67.20,67.20,67.00,50,4596,309967.00,
523704,MASTEK LTD  ,A ,Q,2278.00,2470.85,2263.20,2436.40,2436.40,2245.85,9968,93475,222200356.00,
523708,EIMCO ELECON,B ,Q,477.05,480.30,468.65,470.35,471.00,473.70,333,2373,1123603.00,
523710,SAYAJI HOTEL,XT,Q,238.85,240.00,227.00,231.80,232.00,238.85,30,810,189448.00,
523716,ASHIANA HOU ,B ,Q,166.00,169.85,160.60,166.25,166.25,163.65,961,28280,4664570.00,
523722,SVAM SOFTWAR,XT,Q,3.65,3.65,3.65,3.65,3.65,3.48,42,17021,62126.00,
523736,DVL         ,B ,Q,304.30,304.55,294.80,296.40,296.00,302.45,1026,15610,4671243.00,
523752,IO SYSTEM   ,X ,Q,3.40,3.58,3.40,3.50,3.50,3.41,20,6649,22964.00,
523754,MAHEPC      ,B ,Q,174.15,175.00,169.20,170.65,170.00,173.45,896,32072,5541706.00,
523756,SREIINFRA   ,B ,Q,13.20,13.31,12.80,12.97,12.97,13.21,1019,350329,4529645.00,
523782,MITSHI      ,X ,Q,17.00,17.00,16.30,17.00,17.00,16.80,70,5698,95152.00,
523792,MAZDA LTD   ,B ,Q,623.30,626.50,611.75,612.00,612.00,613.50,67,466,287650.00,
523796,VICEROY HOTE,Z ,Q,4.38,4.38,4.03,4.03,4.03,4.24,63,29739,121673.00,
523826,SOVEREIGN DI,XT,Q,7.60,7.75,7.60,7.75,7.75,7.75,8,560,4338.00,
523828,MENON BEAR. ,B ,Q,80.00,80.55,77.10,77.80,78.50,80.00,611,20946,1652690.00,
523832,MUKAT PIPES ,X ,Q,3.04,3.04,3.04,3.04,3.04,3.20,2,2432,7393.00,
523836,GUJ.RAFFIA  ,T ,Q,55.30,55.30,55.30,55.30,55.30,58.20,4,641,35447.00,
523838,SIMPLX INFRA,B ,Q,52.95,53.00,50.50,50.95,50.50,51.45,772,49413,2552123.00,
523840,INN.TECH.PAC,X ,Q,21.00,21.95,20.25,20.80,20.95,21.15,57,24120,502985.00,
523842,SUPER TANNER,X ,Q,6.55,6.80,6.50,6.62,6.62,6.57,283,107489,715462.00,
523850,AXTEL INDUS.,X ,Q,345.70,354.35,345.00,346.70,346.70,351.15,141,4365,1520261.00,
523862,PIFL        ,XT,Q,7.86,7.86,7.86,7.86,7.86,7.49,1,50,393.00,
523896,APIL        ,XT,Q,21.55,21.55,21.55,21.55,21.55,20.55,1,1,21.00,
524000,MAGMA FIN   ,T ,Q,158.95,158.95,155.00,156.40,156.50,158.05,279,27741,4343028.00,
524013,HIND.FLUROCA,T ,Q,10.67,11.75,10.67,10.70,10.70,11.23,52,11011,119394.00,
524019,KINGFA      ,B ,Q,1215.25,1248.45,1205.05,1208.05,1223.70,1201.60,354,2064,2532284.00,
524031,PATIDAR     ,X ,Q,4.24,4.24,4.24,4.24,4.24,4.04,5,2030,8607.00,
524037,RAMA PHOSPH ,X ,Q,328.30,335.00,310.00,314.90,314.90,328.30,1699,82225,26224039.00,
524038,VENLON ENTR ,X ,Q,3.69,3.69,3.51,3.51,3.51,3.69,13,3226,11348.00,
524051,POLYPLEX    ,A ,Q,1535.00,1539.10,1501.50,1507.40,1509.95,1521.85,856,6855,10379023.00,
524075,ALBERT DAVID,B ,Q,563.70,568.80,539.05,542.70,542.70,558.90,2517,27786,15371582.00,
524080,HAR.LEATHER ,XT,Q,39.65,40.00,38.90,40.00,40.00,40.65,21,6795,269416.00,
524091,ACRYCIL LTD.,B ,Q,618.15,624.85,607.85,611.20,616.50,617.55,500,5096,3121567.00,
524109,KABRA EXTR  ,B ,Q,204.10,210.55,203.00,205.10,205.00,206.40,2212,40115,8310909.00,
524129,VINYL CHEM  ,B ,Q,163.00,164.50,158.00,159.10,159.10,162.10,1942,41939,6782523.00,
524136,PEE CEE COSM,X ,Q,170.00,175.40,170.00,170.60,170.00,172.75,62,3738,640818.00,
524156,T C M LTD.  ,X ,Q,71.90,71.90,60.30,65.35,65.35,66.60,41,1259,79604.00,
524164,IOL CHEM PH ,A ,Q,675.00,677.20,652.35,655.90,655.90,675.05,1956,37247,24651749.00,
524200,VINATI ORG. ,A ,Q,1950.00,1950.00,1907.45,1914.55,1918.00,1929.20,789,3581,6885635.00,
524202,LACTOSE(I)  ,X ,Q,32.95,33.00,31.60,31.90,31.90,32.05,43,12145,392721.00,
524208,AARTI INDUST,A ,Q,860.00,865.00,852.20,854.40,855.00,858.90,1775,41007,35165162.00,
524212,WANBURY LTD ,T ,Q,89.75,89.75,85.15,87.70,88.50,87.50,52,2435,212102.00,
524218,RESONANCE   ,X ,Q,149.00,171.90,149.00,164.10,164.00,148.40,1095,87512,14333246.00,
524226,GUJ AMB EXP ,A ,Q,192.00,193.20,186.45,187.60,187.70,190.60,902,39407,7512816.00,
524230,RASHTR.CHEM.,A ,Q,83.00,84.70,82.70,83.50,84.00,83.05,3102,533393,44612182.00,
524280,KOPRAN LTD. ,T ,Q,231.05,232.30,225.00,228.50,228.50,231.05,173,9602,2186750.00,
524288,AIMCO PESTI.,X ,Q,117.75,118.00,111.00,115.30,115.10,115.30,218,21399,2464782.00,
524314,GUJ.TERC LAB,X ,Q,9.43,9.80,9.43,9.43,9.43,9.92,6,341,3217.00,
524324,SEYAIND     ,B ,Q,64.65,65.45,64.05,64.65,65.35,64.30,273,3907,253048.00,
524330,JAYANT AGRO ,B ,Q,226.35,238.85,225.80,229.15,229.15,226.35,2041,44345,10357875.00,
524332,BCLIL       ,B ,Q,259.10,274.00,258.75,268.45,268.45,259.65,1955,41432,11113762.00,
524336,SH.HARI CHEM,X ,Q,71.00,72.40,70.40,70.50,70.40,70.40,52,3637,259329.00,
524342,INDOBORAXC  ,X ,Q,1573.90,1573.90,1545.00,1564.15,1564.15,1542.40,403,3858,6021056.00,
524348,AARTI DRUGS ,A ,Q,715.00,721.00,712.90,717.25,714.25,712.85,3564,39270,28151384.00,
524370,BODAL CHEM  ,A ,Q,119.30,124.90,119.30,121.40,121.40,120.05,3075,330392,40371435.00,
524372,ORCHIDPHAR  ,T ,Q,521.60,576.50,521.60,576.50,576.50,549.05,1817,140033,76767617.00,
524394,VIMTA LABS  ,B ,Q,309.00,314.50,299.00,302.30,303.10,311.30,1321,29402,8996353.00,
524396,BIOFIL CHEM ,B ,Q,84.85,87.70,83.45,87.70,87.70,79.75,821,154178,13420117.00,
524400,ISHITA DRUGS,X ,Q,36.80,36.80,36.80,36.80,36.80,35.05,24,19719,725659.00,
524404,MARKSANS    ,A ,Q,86.40,87.50,85.80,86.15,86.15,86.95,1232,229452,19845972.00,
524408,UNIV.STARCH ,XT,Q,141.00,141.00,133.00,134.85,139.80,135.55,36,1377,189513.00,
524412,AAREY DRUGS ,X ,Q,37.15,37.80,37.05,37.25,37.40,37.15,428,111530,4173002.00,
524414,NORRIS MEDI.,XT,Q,7.60,7.60,7.25,7.31,7.25,7.25,2,30,219.00,
524434,ASIAN PETRO ,XT,Q,5.95,6.24,5.95,6.24,6.24,5.95,5,900,5394.00,
524440,CAMEX LTD   ,X ,Q,31.35,31.35,29.55,29.70,29.70,30.75,54,3778,113199.00,
524444,EVEXIA      ,X ,Q,102.65,107.00,101.90,102.30,102.30,101.75,1639,172238,17756080.00,
524458,INDOEURO    ,XT,Q,14.62,14.62,14.50,14.62,14.62,13.93,19,2405,34916.00,
524470,SYNCOM FORM.,X ,Q,9.17,9.24,8.80,9.11,9.11,9.17,4204,2945392,26710535.00,
524480,RIDHI SIDHI ,XT,Q,350.05,360.00,350.00,350.10,350.00,359.20,47,1644,579232.00,
524488,SVCIND      ,XT,Q,2.45,2.45,2.39,2.45,2.45,2.34,230,189242,463004.00,
524494,IPCA LAB LTD,A ,Q,2154.00,2154.00,2090.65,2096.20,2096.20,2125.90,770,4356,9201999.00,
524500,KILITCH DRUG,T ,Q,147.20,154.70,141.50,154.70,154.70,147.35,25,1157,176094.00,
524506,CORAL LAB.  ,X ,Q,429.75,430.00,422.00,425.40,425.25,422.35,93,2798,1193783.00,
524518,KREBS BIOCHM,B ,Q,115.65,116.05,113.50,115.10,115.10,114.20,50,815,94147.00,
524520,KMC SHIL    ,X ,Q,40.40,40.40,39.30,39.55,39.55,39.75,468,38155,1514989.00,
524522,LAFFANS PETR,X ,Q,23.95,25.40,23.75,24.95,24.45,24.50,48,3455,84906.00,
524534,BHASKAR AGRO,XT,Q,46.70,48.00,45.75,48.00,48.00,45.75,45,3482,166683.00,
524542,SUKJIT STRCH,X ,Q,256.00,264.40,255.00,255.10,255.00,258.50,125,4849,1251865.00,
524558,NEULAND LAB.,T ,Q,2200.05,2263.95,2200.05,2215.40,2222.00,2217.65,126,1277,2836276.00,
524564,GAYATRI BIO ,XT,Q,15.72,15.72,15.72,15.72,15.72,16.54,4,658,10343.00,
524570,PODDAR PIGM.,B ,Q,317.50,317.50,308.00,310.70,308.00,314.05,252,4185,1309984.00,
524572,PHARMAIDS PH,XT,Q,15.25,15.25,15.25,15.25,15.25,14.55,32,4442,67740.00,
524576,VIVID IND   ,X ,Q,32.25,35.00,32.20,33.95,34.00,33.25,112,18070,615361.00,
524582,TIRUPATI STA,XT,Q,60.25,63.90,60.00,60.70,60.70,61.45,53,3877,238961.00,
524590,HEMORGANIC  ,X ,Q,13.38,13.38,13.38,13.38,13.38,13.38,1,1,13.00,
524592,JD ORGOCHEM ,X ,Q,4.40,4.45,4.40,4.45,4.45,4.24,3,105,462.00,
524594,ASHOK-ALCO  ,X ,Q,114.00,114.00,108.10,108.85,110.00,108.85,56,3736,409946.00,
524598,AKSHARCHEM I,B ,Q,442.55,468.85,442.55,456.80,457.00,450.55,1316,11148,5090841.00,
524606,BERYL DRUGS ,XT,Q,9.57,9.57,9.35,9.41,9.41,9.12,24,8655,82624.00,
524614,INDXTRA     ,XT,Q,22.94,22.94,22.94,22.94,22.94,21.85,5,549,12594.00,
524622,ISTRNETWK   ,XT,Q,2.07,2.07,2.07,2.07,2.07,1.98,3,1084,2243.00,
524624,GAGAN GASES ,X ,Q,13.00,13.00,13.00,13.00,13.00,13.65,29,9935,129155.00,
524628,PARKER AGRO.,X ,Q,6.03,6.03,6.00,6.03,6.03,5.75,6,290,1742.00,
524632,SHUKRAPHAR  ,XT,Q,65.00,70.00,63.80,63.80,63.80,67.10,14,186,12086.00,
524634,ALU FLUORIDE,X ,Q,259.90,269.65,259.00,263.30,264.85,254.90,465,31803,8334018.00,
524640,ARCHITORG   ,X ,Q,46.15,46.70,45.05,45.45,45.45,46.15,145,18800,859836.00,
524642,SIKOZY REAL ,XT,Q,1.32,1.32,1.32,1.32,1.32,1.26,9,3167,4180.00,
524648,INDO AMINES ,X ,Q,235.90,236.70,235.90,236.70,236.70,225.45,251,31695,7499254.00,
524654,NATURAL CAPS,X ,Q,150.15,180.00,149.80,178.95,178.95,150.00,1495,184879,31972252.00,
524661,WELCURE DRUG,X ,Q,4.63,4.63,4.63,4.63,4.63,4.41,6,2731,12644.00,
524663,BH.IMMUN&BIO,T ,Q,68.20,68.20,65.50,65.80,65.80,66.60,987,85981,5708218.00,
524667,SOTL        ,B ,Q,1540.00,1548.40,1503.10,1510.25,1510.00,1509.05,495,2350,3589630.00,
524669,HESTER BISC ,A ,Q,2594.00,2611.85,2500.45,2511.55,2500.60,2482.50,666,2751,7011820.00,
524675,KABSONS INDU,XT,Q,9.10,9.10,8.34,9.00,9.00,8.77,88,7883,69322.00,
524687,BASANT AGRO ,X ,Q,14.75,14.80,14.05,14.16,14.16,14.42,772,230752,3325782.00,
524703,SANDU PHARMA,X ,Q,56.05,57.80,55.00,55.95,56.50,55.65,209,15029,844685.00,
524709,NACLIND     ,B ,Q,80.35,83.50,79.65,81.40,81.25,78.95,840,29675,2424118.00,
524711,VISTA PHARMA,XT,Q,11.29,11.29,10.62,10.85,10.95,11.12,76,12049,131189.00,
524715,SUN PHARMA. ,A ,Q,687.90,688.20,681.60,683.50,682.90,685.80,1357,41947,28718103.00,
524717,TITAN BIOTEC,X ,Q,354.95,354.95,342.00,345.15,345.15,352.75,595,15206,5286846.00,
524727,SDL         ,X ,Q,12.99,12.99,12.51,12.97,12.97,12.38,10,1427,18103.00,
524731,JENBURKT PH.,X ,Q,529.45,529.45,500.00,506.75,506.75,521.35,139,2734,1383660.00,
524735,HIKAL LTD.  ,A ,Q,518.00,529.95,516.00,517.05,516.00,518.60,1843,33941,17692044.00,
524742,CAPLIN POINT,A ,Q,694.55,695.80,679.85,682.50,682.50,690.25,843,11602,7933946.00,
524748,LINK PHARMA ,X ,Q,40.70,40.70,37.55,38.00,38.00,39.40,69,7396,284871.00,
524752,DECIPHER    ,X ,Q,36.80,37.00,35.55,36.10,36.10,36.45,92,11882,428532.00,
524768,EMMESSAR BIO,X ,Q,50.80,53.30,48.30,48.30,48.30,50.80,222,20909,1037068.00,
524774,NGL FINE CHM,XT,Q,3048.00,3102.60,2811.00,3094.40,3094.40,2954.90,1217,11853,35861072.00,
524790,EVEREST ORG.,X ,Q,345.00,355.45,341.40,347.85,350.95,346.75,190,5484,1904225.00,
524804,AUROB.PHARMA,A ,Q,965.00,965.55,954.00,955.50,955.50,963.05,2011,40935,39211213.00,
524808,PHYTOCHEM I.,X ,Q,21.30,22.95,21.30,22.95,22.95,22.95,13,449,10221.00,
524816,NATCO PHARM ,A ,Q,1089.00,1108.50,1080.00,1106.25,1106.25,1089.00,876,10586,11595630.00,
524818,DYNAMIC IND.,XT,Q,89.40,89.40,89.30,89.30,89.30,93.95,18,2679,239245.00,
524820,PANAMA PETRO,B ,Q,264.90,266.30,257.35,257.80,257.80,261.80,617,10510,2750857.00,
524824,BAL PHARMA  ,T ,Q,97.90,97.90,96.50,97.15,97.75,97.95,74,6594,640883.00,
524828,BDH INDUS.  ,X ,Q,150.60,152.40,146.70,147.90,147.15,152.25,190,13811,2059331.00,
526001,JAUS POLYMER,X ,Q,5.70,5.72,5.70,5.70,5.70,5.45,8,1725,9836.00,
526027,CUBEX TUBING,T ,Q,29.90,31.35,29.10,30.50,30.50,29.90,36,6003,183990.00,
526043,POLYMECH.MCH,X ,Q,56.00,57.85,54.35,55.30,55.00,56.15,114,24304,1366410.00,
526073,GALAXY BEAR.,XT,Q,262.00,270.85,246.00,267.40,267.90,258.90,38,684,178376.00,
526081,SCAGRO      ,XT,Q,6.80,6.80,6.80,6.80,6.80,6.48,5,1580,10744.00,
526095,RAVILEELA GR,X ,Q,14.61,14.61,14.61,14.61,14.61,13.94,1,1,14.00,
526113,UNIROYAL MAR,XT,Q,10.55,10.56,10.55,10.56,10.56,11.10,4,2300,24283.00,
526115,KARAN WOO-SN,XT,Q,3.80,3.80,3.80,3.80,3.80,3.99,1,50,190.00,
526117,SHERVANI IND,X ,Q,303.00,309.95,302.50,304.70,304.70,307.55,35,647,197732.00,
526125,ARI.TOURNESO,XT,Q,7.98,8.35,7.98,8.35,8.35,7.98,3,31,251.00,
526133,SUPERTEX IND,X ,Q,8.25,8.25,7.86,8.25,8.25,7.86,30,30509,251580.00,
526137,SHETRON LTD ,X ,Q,36.80,36.80,34.50,34.50,34.50,34.95,48,9376,327500.00,
526139,TRANSGENE BI,XT,Q,4.25,4.29,3.90,4.25,4.29,4.09,145,87161,359208.00,
526143,MPL         ,XT,Q,8.20,8.20,7.55,7.99,8.00,7.81,34,4134,32805.00,
526159,NIKHIL ADHSV,X ,Q,859.95,889.00,849.10,857.65,855.00,893.75,972,12047,10344875.00,
526161,SPENTA INT. ,X ,Q,70.45,70.45,65.60,66.05,66.00,69.05,19,444,29615.00,
526169,MULTIBASE I ,X ,Q,269.20,288.50,269.20,277.65,278.00,273.25,135,9527,2691382.00,
526173,ANDREW YULE ,B ,Q,30.65,31.00,29.55,30.00,30.00,30.50,2123,607839,18301699.00,
526179,LUDOLOW JUTE,X ,Q,88.20,89.50,86.15,86.90,86.90,88.35,269,25995,2271210.00,
526187,ASHRAM ONLIN,XT,Q,5.60,5.78,5.40,5.50,5.50,5.51,14,2827,15352.00,
526193,ROYAL CUSHIO,XT,Q,8.57,8.57,7.98,7.98,7.98,8.33,8,254,2079.00,
526195,NEOGEM INDIA,XT,Q,4.75,4.75,4.70,4.70,4.70,4.78,2,1010,4747.00,
526217,HITECHCORP  ,B ,Q,234.10,236.00,229.80,233.05,233.00,233.70,79,3755,867044.00,
526227,FILATEX INDI,B ,Q,106.00,111.60,105.60,110.45,110.45,105.80,4633,257041,28032172.00,
526231,STD.SURFACT.,XT,Q,60.60,60.60,60.60,60.60,60.60,57.75,56,4021,243672.00,
526235,MERCATOR    ,T ,Q,2.83,2.83,2.83,2.83,2.83,2.70,467,1680110,4754711.00,
526237,MORGAN VENT ,XT,Q,11.90,13.12,11.90,13.12,13.12,12.50,25,7517,93101.00,
526241,AMRAPALI IND,XT,Q,7.27,7.27,7.27,7.27,7.27,6.93,13,6313,45895.00,
526247,PREMIER EXPL,B ,Q,212.80,215.70,212.50,215.70,215.70,205.45,36,6492,1397964.00,
526251,MID EAST POR,X ,Q,3.24,3.24,3.24,3.24,3.24,3.09,1,500,1620.00,
526263,MOLD-TEK TEC,B ,Q,99.00,99.80,95.90,96.80,96.20,98.85,646,24178,2372216.00,
526269,CRESTCHEM LT,XT,Q,52.35,52.35,52.35,52.35,52.35,55.10,12,345,18060.00,
526299,MPHASIS LTD ,A ,Q,2382.00,2406.50,2334.90,2390.10,2390.10,2374.30,3055,41030,97537315.00,
526301,MEDINOVA DIA,XT,Q,37.05,39.00,37.05,37.10,37.10,38.95,10,513,19473.00,
526315,DIVYA.GRANIT,X ,Q,64.45,68.40,61.00,67.00,67.00,64.10,85,11543,771259.00,
526325,ORIENT PRESS,B ,Q,90.80,90.80,86.90,87.50,87.15,86.90,126,5084,448945.00,
526335,SHREYAS INTE,XT,Q,5.72,5.84,5.72,5.74,5.72,6.02,27,2138,12294.00,
526355,DURO PACK   ,XT,Q,23.80,24.90,22.65,22.65,22.65,23.80,28,1717,40003.00,
526365,SWARNASA    ,X ,Q,17.00,17.85,16.15,16.60,16.60,17.40,121,37144,629062.00,
526367,GANESH HSG. ,T ,Q,124.00,125.75,121.10,124.70,124.70,119.80,166,10592,1321483.00,
526371,NMDC LTD    ,A ,Q,173.25,173.40,171.55,172.65,172.65,172.00,4156,575710,99455767.00,
526381,PAT INT LOG ,B ,Q,26.65,27.25,25.75,26.00,25.90,26.15,336,36617,970185.00,
526397,ALPHAGEO (I),B ,Q,317.35,317.90,298.90,304.10,304.10,311.80,521,6878,2092998.00,
526407,RIT PRO IND ,X ,Q,100.00,100.85,96.40,99.00,99.90,99.00,60,7842,779103.00,
526409,KKALPANAIND ,X ,Q,42.05,46.50,42.05,44.20,44.20,42.05,1784,443346,19704704.00,
526415,OK PLAY (I) ,XT,Q,24.00,24.50,22.80,23.75,23.80,23.95,95,23950,563515.00,
526423,KRITI INDUS.,X ,Q,122.05,122.05,116.10,118.45,118.45,122.05,257,19193,2287503.00,
526433,ASM TECHNOLO,X ,Q,306.85,306.85,277.65,277.65,277.65,292.25,931,69115,19708392.00,
526435,PERFECTPAC  ,X ,Q,153.30,156.00,145.20,152.40,146.25,148.70,25,2194,339226.00,
526441,VISIONCINE  ,XT,Q,1.30,1.30,1.30,1.30,1.30,1.24,53,26057,33874.00,
526445,INDRAYANI BI,XT,Q,8.67,9.07,8.67,8.78,8.75,9.07,65,40168,359061.00,
526468,EURO LEDAR F,XT,Q,14.50,14.50,13.78,13.83,13.78,14.50,13,3453,48859.00,
526471,WINSOME BREW,XT,Q,11.38,11.38,11.36,11.38,11.38,10.84,250,37210,423434.00,
526473,ELEGANT FLOR,XT,Q,4.04,4.04,3.80,3.80,3.80,3.85,29,4740,18588.00,
526477,S.A.ENTERPR.,XT,Q,23.00,24.10,21.85,24.10,24.10,23.00,7,2579,58728.00,
526479,SKY INDUST. ,X ,Q,77.55,81.00,77.15,78.00,78.00,77.55,15,789,62349.00,
526481,PHOENIX INT.,XT,Q,19.95,20.05,19.10,20.00,20.05,19.10,76,16693,331761.00,
526492,RISHIROOP   ,X ,Q,98.45,98.45,95.00,96.70,96.90,96.50,127,7546,727688.00,
526500,STR GRE WOO ,X ,Q,11.30,11.30,11.30,11.30,11.30,10.77,9,366,4135.00,
526504,DOLPHIN MEDI,XT,Q,2.80,3.08,2.80,3.08,3.08,2.94,206,173058,506157.00,
526506,SYSTAMATIX C,X ,Q,238.00,240.10,234.00,240.00,240.00,235.05,31,3354,793694.00,
526519,ALPINE HSG. ,X ,Q,18.25,21.90,17.60,21.60,21.60,18.25,520,139706,2890109.00,
526521,SANGHI IND. ,B ,Q,59.00,61.80,58.55,60.15,60.15,58.60,2391,375530,22720294.00,
526525,WWALUM      ,XT,Q,8.08,8.08,8.00,8.01,8.01,8.08,5,1000,8044.00,
526544,SCANP GEOM  ,X ,Q,21.80,22.80,20.50,20.65,20.50,21.60,173,34408,720841.00,
526546,CHOKSI LABOR,XT,Q,13.70,14.35,13.70,13.70,13.70,13.80,13,11707,162222.00,
526550,CCHHL       ,T ,Q,6.73,6.85,6.50,6.79,6.79,6.65,43,7693,51753.00,
526554,SALGUTI IND ,XT,Q,15.20,16.50,15.00,16.40,15.50,15.75,5,885,13400.00,
526568,LONGVIEW TEA,XT,Q,15.30,16.05,14.55,14.55,14.55,15.30,8,334,5056.00,
526570,MIDWEST GOLD,XT,Q,13.73,13.73,13.05,13.05,13.05,13.08,3,82,1073.00,
526574,ENTERPR.INTE,X ,Q,9.20,9.20,8.80,9.10,9.10,9.00,11,940,8474.00,
526576,TECHIN      ,T ,Q,5.45,5.45,5.18,5.18,5.18,5.45,11,574,3097.00,
526582,TPL PLAST   ,B ,Q,242.10,252.00,234.70,250.60,249.30,237.15,797,26986,6594314.00,
526586,WIM PLAST LT,X ,Q,605.10,614.90,600.50,601.70,601.00,605.20,541,10269,6203733.00,
526588,PHOTOQUIP(I),XT,Q,11.45,11.75,10.65,11.74,11.75,11.20,12,1756,20270.00,
526596,LIBERTY SHOE,B ,Q,172.40,174.15,169.40,169.80,169.40,171.75,1203,61467,10541643.00,
526604,LIPPI SYSTEM,XT,Q,11.53,12.73,11.53,12.73,12.73,12.13,16,3691,44918.00,
526608,ELECTROTHERM,B ,Q,161.15,164.45,154.55,155.00,155.90,158.35,243,5487,865210.00,
526612,BLUE DART EX,A ,Q,5924.05,5924.05,5790.85,5811.75,5809.90,5904.70,269,774,4535384.00,
526614,EXPO GAS    ,XT,Q,6.65,6.65,6.03,6.08,6.39,6.34,95,34073,215173.00,
526616,NAT.PLASTIC ,X ,Q,47.50,47.50,45.35,46.05,45.60,45.65,78,7750,356361.00,
526622,MFL INDIA   ,XT,Q,0.31,0.31,0.31,0.31,0.31,0.30,53,826282,256147.00,
526638,TEXEL INDUS.,X ,Q,98.70,98.70,89.30,98.70,98.70,94.00,150,8015,779337.00,
526640,ROYALE MANOR,XT,Q,27.90,27.90,25.95,26.55,27.30,27.00,53,8272,218874.00,
526642,MIRZA INTER ,B ,Q,55.70,56.30,54.75,55.20,55.20,55.40,876,117629,6530527.00,
526650,TOURISM FINA,B ,Q,78.05,78.95,76.10,76.55,76.75,78.40,1590,129356,10060655.00,
526654,THAKKERS DEV,X ,Q,72.00,74.10,72.00,74.10,74.10,70.60,2,150,10905.00,
526662,RAJDARSHAN  ,B ,Q,16.65,16.65,16.65,16.65,16.65,17.50,4,223,3712.00,
526666,BHARTIYA INT,T ,Q,242.05,254.00,242.00,247.30,244.15,249.50,29,1492,363693.00,
526668,KAMAT HOTELS,T ,Q,50.95,51.50,49.60,50.50,50.50,49.65,68,8036,407289.00,
526683,HOTEL RUGBY ,T ,Q,3.26,3.28,3.01,3.26,3.28,3.13,62,26314,82933.00,
526687,POLO HOTELS ,Z ,Q,5.23,5.23,5.23,5.23,5.23,5.50,2,318,1663.00,
526703,ECOPLAST LTD,X ,Q,103.50,105.00,102.00,103.90,102.60,104.45,40,5269,547382.00,
526705,ELEGANT MARB,XT,Q,128.00,128.00,128.00,128.00,128.00,128.00,3,554,70912.00,
526711,ADARSH PLANT,XT,Q,6.20,6.51,5.89,6.45,6.45,6.20,8,1511,9444.00,
526717,GOPALA POLY.,Z ,Q,66.00,66.00,66.00,66.00,66.00,62.90,2,58,3828.00,
526721,NICCO PARKS ,XT,Q,44.15,44.30,42.20,42.20,42.20,42.20,42,5790,250623.00,
526723,NTC INDUST  ,X ,Q,62.25,63.90,60.20,61.90,61.95,62.20,102,9120,567749.00,
526725,SANDESH LTD.,B ,Q,968.85,992.35,901.35,914.45,914.45,956.45,554,8880,8297939.00,
526727,GARNET CONST,X ,Q,33.45,33.45,31.95,32.10,32.00,32.65,150,30364,991838.00,
526729,GOLDIAM INT.,B ,Q,568.35,575.00,550.00,560.25,560.25,562.80,1852,24755,14036211.00,
526731,BRIGHT BROS.,X ,Q,186.00,189.00,179.05,181.80,181.80,182.35,477,43088,7910218.00,
526737,CORPOR COUR ,XT,Q,7.65,7.65,7.65,7.65,7.65,8.05,24,2825,21611.00,
526739,NARMADA GEL ,X ,Q,207.00,207.00,200.00,202.60,201.25,201.55,70,3341,675210.00,
526747,P.G.FOILS   ,X ,Q,165.80,167.00,161.05,163.20,162.70,165.15,163,13992,2302106.00,
526751,GRATEX INDS.,XT,Q,12.50,12.50,12.10,12.10,12.10,12.70,9,2900,35690.00,
526755,VELAN HOTELS,X ,Q,4.25,4.25,3.98,4.22,4.22,4.18,20,3723,14963.00,
526761,HOWARD HOTEL,XT,Q,6.39,6.62,6.39,6.62,6.62,6.31,14,6554,42421.00,
526775,VALIANT COMM,X ,Q,67.00,71.00,67.00,69.70,69.70,69.40,57,7204,502600.00,
526783,DR.AGAR.EYE ,X ,Q,454.00,470.00,440.20,452.30,452.30,452.00,30,749,347500.00,
526797,GREENPLY IND,A ,Q,200.80,202.45,199.00,199.55,200.20,201.75,930,21647,4335751.00,
526799,UNION QUALIT,XT,Q,16.15,16.15,16.15,16.15,16.15,17.00,4,148,2390.00,
526807,SEAMEC LTD  ,B ,Q,478.80,482.60,476.05,478.55,476.35,480.20,78,506,242264.00,
526813,RAGHUNATH IN,XT,Q,12.28,12.28,12.28,12.28,12.28,12.92,43,11355,139439.00,
526817,CHEVIOT CO. ,X ,Q,1600.00,1615.00,1510.00,1553.80,1553.80,1802.50,3587,37151,57638339.00,
526821,DAI-ICHI KAR,X ,Q,430.00,435.00,421.00,421.25,421.10,420.60,76,3242,1379001.00,
526823,RAJINFRA    ,X ,Q,7.80,7.80,7.30,7.30,7.30,7.68,14,316,2348.00,
526827,SPICE ISLAND,XT,Q,6.23,6.80,6.16,6.17,6.80,6.48,22,5203,32878.00,
526829,CONFI PETRO ,B ,Q,66.45,66.45,61.95,62.30,62.30,65.15,873,70502,4492818.00,
526847,ASHIRWAD STL,X ,Q,13.88,13.88,13.41,13.42,13.42,14.00,16,919,12389.00,
526849,BANARAS BEAD,B ,Q,58.95,69.00,57.40,69.00,69.00,57.50,1913,172282,11794354.00,
526851,AREX IND.   ,X ,Q,110.00,112.10,110.00,112.10,112.10,106.80,9,651,72747.00,
526853,BILCARE LTD.,X ,Q,93.15,93.50,90.20,93.50,93.50,89.05,622,129989,12121564.00,
526859,INTER ST.FIN,XT,Q,2.41,2.61,2.41,2.57,2.60,2.50,88,112999,284103.00,
526861,RISHI LASER ,X ,Q,17.10,17.10,15.80,16.40,16.65,16.45,37,4399,70981.00,
526865,JAINCO PROJ.,XT,Q,4.95,4.95,4.79,4.79,4.79,5.04,46,5784,27833.00,
526871,INTEC CAP   ,X ,Q,22.20,22.20,21.45,21.45,21.45,22.55,17,2489,53629.00,
526873,RAJ.GASES LT,Z ,Q,6.95,6.95,6.95,6.95,6.95,6.62,2,103,715.00,
526881,63MOONS     ,T ,Q,88.55,92.00,88.55,91.25,91.25,89.75,133,14664,1335115.00,
526885,SARLA PER F ,B ,Q,42.55,43.70,41.45,41.85,42.70,43.25,914,55580,2366225.00,
526899,HFIL        ,X ,Q,19.40,19.40,18.41,18.63,18.63,19.15,800,133080,2499873.00,
526901,SONAL ADHESI,X ,Q,5.90,6.51,5.90,6.51,6.51,6.21,6,488,3115.00,
526921,21ST CEN.MGM,B ,Q,24.45,24.45,23.55,23.55,23.55,24.00,23,1888,44684.00,
526931,HARIYANA SH.,X ,Q,105.50,115.00,105.50,111.00,111.00,107.40,293,24902,2769444.00,
526935,ARUNIS      ,X ,Q,22.35,23.80,22.35,22.35,22.35,22.30,6,51,1141.00,
526945,TYROON TEA  ,X ,Q,78.00,79.25,74.00,76.95,76.95,75.50,62,5612,429407.00,
526947,LA-OPALA RG ,A ,Q,276.90,280.90,272.10,272.90,272.70,275.60,257,4802,1327186.00,
526951,GOLDEN LAMIN,X ,Q,895.95,918.00,831.00,868.10,868.10,891.45,1156,29061,26085637.00,
526953,VENUS REMEDI,B ,Q,440.05,465.15,440.00,458.60,465.15,443.00,985,19419,8806337.00,
526961,TRANS FINANC,XT,Q,14.65,16.10,14.65,16.10,16.10,15.40,11,227,3336.00,
526965,GUJ.CRAFT IN,XT,Q,68.90,69.10,67.00,67.05,67.10,65.85,44,7738,530245.00,
526967,HEERA ISPAT ,Z ,Q,2.96,2.96,2.82,2.96,2.96,2.82,12,1459,4182.00,
526971,DHOOT I.FIN.,X ,Q,83.00,83.50,78.85,79.45,79.90,83.00,123,7705,622438.00,
526981,SHBAJRG     ,X ,Q,308.00,314.05,286.00,314.05,314.05,299.10,408,28807,8934356.00,
526987,URJA GLOBAL ,B ,Q,7.75,7.75,7.51,7.64,7.64,7.66,2968,983774,7538891.00,
527001,ASHAPURA LTD,T ,Q,149.95,153.90,142.50,143.90,144.70,150.00,446,74297,10656462.00,
527005,SH.PACETRON.,X ,Q,14.17,14.17,14.17,14.17,14.17,13.50,5,210,2975.00,
530001,GUJ.ALKALI  ,A ,Q,462.65,473.00,462.00,464.95,463.50,464.40,2174,49380,23000939.00,
530005,INDIA CEM.  ,A ,Q,194.70,194.85,191.55,192.15,192.50,192.95,1369,177571,34220950.00,
530007,JK TYRE IND ,A ,Q,148.20,148.20,143.60,144.25,144.25,147.15,2850,161733,23469661.00,
530011,MANGLR.CHEM ,B ,Q,88.00,92.95,87.45,90.60,91.20,87.05,3149,307303,27955232.00,
530017,STD.INDUST. ,T ,Q,16.65,17.50,16.60,17.00,17.00,17.00,35,5097,87502.00,
530019,JUBLPHARMA  ,A ,Q,751.90,751.90,700.00,705.80,705.80,751.65,10069,135670,97729612.00,
530023,THEINVEST   ,B ,Q,108.50,110.05,107.10,108.25,109.55,108.45,51,552,59828.00,
530025,SAMYAK INT  ,XT,Q,19.90,19.90,19.90,19.90,19.90,19.90,1,300,5970.00,
530035,SANTOSH FINE,XT,Q,8.82,8.82,8.82,8.82,8.82,9.28,1,5,44.00,
530043,ACKNIT IND  ,X ,Q,139.50,140.00,133.00,135.65,135.55,139.85,164,12263,1677464.00,
530045,TITAN SECUR.,X ,Q,25.60,25.60,25.60,25.60,25.60,24.40,59,37615,962944.00,
530047,MOHOTAIND   ,B ,Q,10.05,10.57,9.82,9.83,9.82,10.33,67,25525,254126.00,
530053,REALECO     ,XT,Q,11.90,12.49,11.90,12.49,12.49,11.90,4,105,1252.00,
530057,VIVANZA     ,X ,Q,117.00,117.00,116.80,116.80,116.80,122.90,6,141,16494.00,
530063,YASRAJ CONT.,X ,Q,2.54,2.58,2.36,2.55,2.55,2.59,21,9072,22879.00,
530065,LORDSHOTL   ,XT,Q,6.00,6.00,5.46,5.46,5.46,5.74,5,103,564.00,
530067,CSLFINANCE  ,X ,Q,369.90,388.80,365.05,384.30,378.50,366.10,629,14473,5529012.00,
530073,SANGHVI MOVE,B ,Q,209.50,212.15,206.35,208.30,208.05,208.50,948,19799,4138326.00,
530075,SELAN EXPLOR,B ,Q,154.05,154.75,151.00,151.35,151.20,154.45,559,10482,1598248.00,
530077,FRESHTROP FR,X ,Q,129.40,132.30,122.20,124.45,124.45,129.40,510,38530,4863040.00,
530079,FAZE THREE L,X ,Q,144.40,144.45,134.75,136.00,134.95,140.25,273,18489,2532732.00,
530095,PRADHIN     ,X ,Q,30.20,30.20,27.40,30.20,30.20,28.80,12,860,25216.00,
530109,ANUPAM      ,X ,Q,8.75,8.75,8.35,8.37,8.36,8.51,35,5167,43938.00,
530111,RAJ PACKAGIN,X ,Q,38.60,38.60,38.60,38.60,38.60,36.80,15,5255,202843.00,
530117,PRIVISCL    ,A ,Q,1400.50,1413.65,1360.20,1368.60,1371.90,1372.95,1104,6823,9481554.00,
530119,NATRAJ PROTE,XT,Q,52.00,55.40,52.00,52.75,52.75,52.85,55,3210,173615.00,
530125,SAMRAT PHARM,X ,Q,272.00,275.95,265.00,268.45,268.80,272.65,272,6844,1826125.00,
530127,NPR FINANCE ,X ,Q,20.80,20.80,18.10,18.90,18.90,17.55,23,4777,89392.00,
530129,NILE LTD.   ,X ,Q,557.00,564.00,552.00,555.75,555.75,560.45,176,4386,2453594.00,
530131,UDAIPUR CEME,X ,Q,36.85,36.90,35.00,35.20,35.20,36.50,3929,782539,28051999.00,
530133,AMCO INDIA L,X ,Q,37.40,40.60,37.40,40.60,40.60,38.70,28,1822,72535.00,
530135,OPTIEMUS    ,T ,Q,178.10,178.10,167.75,171.25,169.95,175.25,440,3885,667413.00,
530145,KISAN MOULD.,XT,Q,19.45,20.40,19.00,19.75,19.40,19.45,125,33098,662488.00,
530151,VIJAY TEXTIL,X ,Q,51.50,53.85,50.45,51.85,51.00,52.50,112,10726,553696.00,
530163,KERALA AYUR ,X ,Q,70.50,73.00,68.50,70.20,70.20,70.05,443,56924,4021371.00,
530167,MOONGIPA CAP,XT,Q,14.66,14.66,13.28,14.66,14.66,13.97,36,8991,130371.00,
530169,MOHIT PAPER ,XT,Q,11.05,11.05,10.02,10.65,10.65,10.54,23,6361,68107.00,
530171,DAULAT SEC. ,XT,Q,8.85,9.29,8.41,9.25,9.25,8.85,21,3970,35458.00,
530173,OSCAR GLOBAL,XT,Q,2.41,2.41,2.41,2.41,2.41,2.41,3,6,14.00,
530175,ODYSSEY TECH,XT,Q,54.80,54.80,51.60,53.05,52.90,53.75,179,22178,1174405.00,
530177,SPS INTL.   ,X ,Q,4.93,5.25,4.93,5.20,5.20,5.17,10,1015,5148.00,
530185,SURAT TEXT. ,X ,Q,10.64,10.72,9.80,10.72,10.72,10.21,3458,1643579,17413692.00,
530187,ATHARV ENT  ,XT,Q,1.79,1.79,1.79,1.79,1.79,1.71,115,47105,84317.00,
530197,FUNDVISER   ,XT,Q,11.97,11.97,10.83,11.97,11.97,11.40,8,33528,401004.00,
530199,THEMIS MEDIC,B ,Q,889.00,907.15,839.40,884.75,884.75,840.10,1277,15422,13453436.00,
530201,KALLAM      ,X ,Q,20.62,20.62,20.15,20.60,20.60,19.64,490,322990,6658324.00,
530207,BRAWN BIO   ,XT,Q,23.30,23.30,23.30,23.30,23.30,22.20,6,651,15168.00,
530213,FORTUNE INT.,XT,Q,34.55,34.55,34.55,34.55,34.55,32.95,3,41,1416.00,
530215,KINGSINFRA  ,X ,Q,34.60,36.00,34.10,34.25,34.60,34.20,204,43801,1527156.00,
530231,SUBHASH SILK,XT,Q,17.10,17.95,17.10,17.95,17.95,17.10,9,366,6561.00,
530233,AURO LAB.   ,X ,Q,181.00,185.00,173.05,178.90,180.00,179.85,266,11857,2124455.00,
530235,KJMC FIN.   ,XT,Q,28.00,29.00,27.00,28.85,28.85,28.00,9,1104,31381.00,
530239,SUVEN LIFE S,A ,Q,90.60,91.50,89.60,90.30,90.30,91.50,889,61401,5567349.00,
530245,ARYAMAN FIN.,X ,Q,41.00,41.00,41.00,41.00,41.00,40.00,1,3,123.00,
530249,BRIDGE SECUR,XT,Q,15.92,15.92,15.92,15.92,15.92,15.17,8,377,6001.00,
530259,INTER ST.OIL,X ,Q,17.06,17.06,17.04,17.04,17.04,17.93,11,1711,29159.00,
530263,GLOBAL CAP. ,Z ,Q,2.71,2.84,2.71,2.84,2.84,2.71,22,7633,21660.00,
530265,SAINIK FIN. ,X ,Q,19.10,19.10,19.00,19.00,19.00,19.65,4,327,6215.00,
530267,SABOO BROS. ,XT,Q,10.65,10.65,10.64,10.65,10.65,10.16,5,112,1192.00,
530271,RICH UNV    ,XT,Q,5.70,5.70,5.45,5.70,5.70,5.70,5,1020,5572.00,
530281,QUANTUM DIG.,XT,Q,4.04,4.04,4.04,4.04,4.04,3.85,1,5,20.00,
530289,SP CAPITAL  ,X ,Q,16.20,17.85,16.20,17.85,17.85,17.00,13,1557,27674.00,
530299,KOTHARI PROD,B ,Q,115.90,125.40,115.90,120.00,118.50,115.90,1460,44556,5446885.00,
530305,PICCADILY AG,X ,Q,22.45,22.45,20.90,20.95,20.90,22.00,632,156856,3335135.00,
530307,CHAMANLAL SE,B ,Q,154.90,154.90,141.90,145.20,145.00,150.30,1515,57290,8477202.00,
530309,CHANDRA PRAB,X ,Q,84.60,84.60,84.60,84.60,84.60,80.60,13,1541,130368.00,
530313,KIMIABL     ,X ,Q,47.75,48.85,46.35,47.60,47.50,47.75,49,5706,274133.00,
530315,HIND.TIN WRK,X ,Q,98.95,101.00,98.00,99.25,99.25,97.50,576,52070,5174784.00,
530317,GODAVARI DRU,X ,Q,72.30,77.00,72.30,75.75,75.90,77.65,296,20736,1559322.00,
530331,PREMCO GLOB.,X ,Q,480.00,480.00,460.00,465.05,465.05,469.05,55,8066,3837454.00,
530341,MUKESH BABU ,X ,Q,148.00,148.00,135.90,135.95,135.95,143.00,5,347,50940.00,
530343,GENUS POWER ,B ,Q,73.00,73.65,70.45,71.05,70.85,72.30,1811,255558,18641700.00,
530355,ASIANENE    ,X ,Q,133.80,135.00,131.00,133.60,133.60,132.60,504,59339,7908251.00,
530357,KBS INDIA   ,X ,Q,3.55,3.78,3.55,3.78,3.78,3.60,3,1177,4362.00,
530363,UGAR SUGAR  ,B ,Q,35.85,36.75,34.85,35.30,35.30,35.85,1184,138550,4935235.00,
530365,ORIENTBELL  ,B ,Q,333.00,333.95,321.25,324.70,321.25,332.45,193,992,326191.00,
530367,NRB BEARINGS,A ,Q,141.00,144.00,141.00,141.70,141.70,140.50,662,19662,2799158.00,
530369,VAMSHI RUBB.,X ,Q,18.70,19.60,18.70,19.60,19.60,18.70,9,5208,101941.00,
530377,NILA INFRA. ,B ,Q,6.50,6.90,6.29,6.81,6.85,6.28,341,229925,1545465.00,
530393,DB INT.ST.BR,T ,Q,14.35,15.40,14.35,15.00,15.00,15.00,5,720,10823.00,
530401,VINYOFLEX LT,XT,Q,27.95,29.90,27.95,29.50,29.50,29.00,21,1674,47970.00,
530405,JINDAL CAP. ,X ,Q,13.59,13.60,13.58,13.58,13.58,13.59,14,2684,36478.00,
530407,EPIC ENERGY ,XT,Q,4.01,4.32,3.95,4.32,4.32,4.12,26,12026,51509.00,
530419,SUMEDHA FISC,X ,Q,34.00,36.80,33.35,33.85,33.90,33.70,151,28215,970828.00,
530421,KUWER INDS. ,XT,Q,6.84,6.84,6.20,6.60,6.70,6.52,21,11572,74899.00,
530427,CHOKSI IMAG ,X ,Q,31.90,31.90,28.35,30.00,30.25,30.80,76,16650,494731.00,
530429,ASHISH POLY.,X ,Q,12.49,12.49,12.39,12.39,12.39,12.69,3,402,5020.00,
530431,ADOR FONTECH,X ,Q,78.50,80.45,72.20,77.95,77.95,77.45,5885,620773,47175458.00,
530433,SHIVA FERT. ,X ,Q,75.00,76.70,70.30,74.95,73.60,75.30,197,26574,2002102.00,
530439,SIDDHA VEN  ,X ,Q,2.58,2.58,2.58,2.58,2.58,2.46,11,11171,28821.00,
530445,SUMERU IND  ,XT,Q,1.03,1.03,0.97,1.02,1.02,1.02,15,12141,12315.00,
530449,RUNGTA IRRIG,XT,Q,24.05,24.05,22.80,23.00,23.00,24.00,7,1300,30147.00,
530459,VALSON INDUS,X ,Q,18.95,19.00,18.30,18.55,18.55,18.85,101,9924,183787.00,
530461,SABOO SODIUM,X ,Q,11.60,11.77,11.20,11.77,11.77,11.21,195,107254,1258629.00,
530469,GSL SECUR.  ,X ,Q,5.14,5.14,5.14,5.14,5.14,4.90,8,870,4471.00,
530475,TINNARUBR   ,X ,Q,90.95,93.90,86.45,86.45,86.45,90.95,40,9588,857705.00,
530477,VIKRAM THERM,X ,Q,230.10,263.40,230.10,252.20,252.00,228.10,4433,311772,78455108.00,
530495,STRATMONT   ,Z ,Q,19.50,20.50,19.50,20.50,20.50,20.50,4,35,707.00,
530499,A.K.CAPITAL ,X ,Q,496.90,505.00,481.10,485.45,493.95,488.05,71,1101,544621.00,
530517,RELAXO FOOT.,A ,Q,1175.00,1175.00,1164.00,1167.95,1172.00,1164.00,723,5904,6893297.00,
530521,VIRAT INDUS.,X ,Q,56.80,56.80,50.65,51.90,51.90,54.80,304,20579,1110100.00,
530525,SHEETAL DIAM,XT,Q,3.90,3.90,3.62,3.75,3.85,3.81,56,19721,73909.00,
530533,TERAI TEA CO,X ,Q,62.15,62.60,58.95,59.05,60.70,62.05,80,14877,884993.00,
530545,COSCO INDIA ,X ,Q,190.05,194.90,186.00,188.90,193.00,191.55,96,1453,273163.00,
530549,SHILPA MEDIC,A ,Q,587.00,615.35,584.00,604.10,604.10,574.70,3039,79806,48119717.00,
530555,PARAMOUNT CO,B ,Q,23.80,23.90,21.10,21.10,21.10,23.40,2119,581556,12707511.00,
530557,NCL RESEARCH,XT,Q,1.33,1.33,1.30,1.33,1.33,1.27,947,1149227,1527953.00,
530565,ARCHANA SOFT,X ,Q,4.12,4.12,3.74,3.74,3.74,3.93,5,707,2851.00,
530571,EXPLICIT FIN,X ,Q,3.79,3.79,3.79,3.79,3.79,3.80,5,90,341.00,
530577,LADDERUP FIN,X ,Q,16.50,16.50,15.30,15.95,15.95,16.00,19,5050,79030.00,
530579,UYFINCORP   ,X ,Q,6.23,6.23,5.71,5.94,5.94,5.94,364,361482,2158039.00,
530581,EKAM LEASING,X ,Q,3.55,3.91,3.55,3.91,3.91,3.73,3,590,2270.00,
530585,SWASTIK INV ,X ,Q,147.00,151.90,144.00,145.10,144.60,149.00,49,909,132977.00,
530589,PRIMA PLASTI,X ,Q,154.00,157.85,149.05,150.20,150.20,158.25,450,27742,4241024.00,
530595,TELECANOR   ,XT,Q,5.71,5.71,5.17,5.20,5.20,5.44,4,239,1344.00,
530601,JAGSON FIN. ,XT,Q,2.81,2.81,2.81,2.81,2.81,2.68,1,399,1121.00,
530609,CARNATION IN,XT,Q,5.00,5.14,5.00,5.14,5.14,4.90,8,3151,16189.00,
530615,GARG FURNACE,XT,Q,22.50,23.60,22.50,23.60,23.60,22.50,12,1258,28956.00,
530617,SAMPRE NUTRI,XT,Q,17.85,17.85,16.70,17.85,17.85,17.50,12,3216,54610.00,
530621,AAIL        ,XT,Q,27.00,27.00,25.05,25.60,25.55,26.35,45,13780,353432.00,
530627,VIPULORG    ,X ,Q,212.00,212.00,202.00,202.70,203.00,206.65,427,18558,3819693.00,
530643,ECORECO     ,X ,Q,65.50,72.00,64.20,67.80,67.80,63.75,772,210356,14014984.00,
530655,GOODLUCK    ,B ,Q,157.45,168.00,150.00,161.40,161.55,157.20,3536,184211,29521173.00,
530663,GOYAL ASSO. ,XT,Q,5.89,5.91,5.44,5.81,5.86,5.64,72,44489,255803.00,
530665,ZENITH HEALT,XT,Q,8.50,8.70,8.22,8.26,8.26,8.65,1064,206353,1713303.00,
530675,YORK EXPORTS,XT,Q,16.00,16.00,15.75,15.75,15.75,16.55,7,625,9850.00,
530677,SUPREME HO  ,X ,Q,20.20,20.20,19.30,19.80,20.00,19.85,109,12123,238147.00,
530689,LYKISLTD    ,X ,Q,33.45,33.90,32.65,33.90,33.90,32.30,118,25229,852575.00,
530695,PRIME PROP  ,XT,Q,13.50,14.33,13.50,14.33,14.33,13.65,15,6408,91524.00,
530697,ZENLABS     ,X ,Q,41.00,41.00,37.65,38.95,39.00,39.00,13,288,11377.00,
530699,RAJRAYON    ,Z ,Q,0.30,0.30,0.29,0.29,0.29,0.30,18,40007,11982.00,
530705,FLORA TEXTIL,P ,Q,7.15,7.15,7.15,7.15,7.15,7.15,1,100,715.00,
530709,GOWRA LEASNG,XT,Q,22.00,23.25,22.00,22.95,22.50,22.15,20,2233,50899.00,
530711,JAGAN LAMPS ,X ,Q,54.40,58.00,52.75,55.00,55.00,54.40,130,10643,583998.00,
530713,AJEL        ,Z ,Q,3.20,3.20,3.10,3.10,3.10,3.10,7,1240,3844.00,
530715,ALPS INDS.  ,T ,Q,2.83,2.97,2.80,2.97,2.97,2.83,6,1800,5264.00,
530723,ASIT C FIN  ,X ,Q,71.60,78.70,71.30,75.05,78.70,75.05,13,730,52912.00,
530733,NOVAPUBLIC  ,X ,Q,28.00,28.00,28.00,28.00,28.00,26.95,2,10,280.00,
530735,SUPER BAKERS,X ,Q,9.30,9.30,9.30,9.30,9.30,8.89,1,10,93.00,
530741,OVOBEL FOODS,P ,Q,41.85,41.85,41.85,41.85,41.85,39.90,3,500,20925.00,
530747,INDO ASN.FIN,X ,Q,7.00,7.00,7.00,7.00,7.00,7.00,1,2,14.00,
530755,CORAL NEWSPR,XT,Q,4.94,4.94,4.94,4.94,4.94,4.71,7,1686,8328.00,
530759,STERL.TOOLS ,B ,Q,194.70,199.40,193.70,198.10,198.50,193.80,353,8259,1621059.00,
530765,DEVKI LEAS. ,XT,Q,2.89,2.89,2.89,2.89,2.89,3.03,1,5,14.00,
530771,KLG CAPITAL ,X ,Q,11.99,11.99,11.99,11.99,11.99,11.99,1,100,1199.00,
530777,INFRA INDUS.,Z ,Q,6.40,6.40,6.40,6.40,6.40,6.40,1,200,1280.00,
530789,CEEJAY FINAN,X ,Q,86.20,90.50,86.20,88.25,89.80,88.10,27,3340,297218.00,
530797,SHREE GANES.,XT,Q,9.82,9.82,9.82,9.82,9.82,9.36,2,10,98.00,
530803,BHAGIL      ,B ,Q,291.80,296.80,288.95,289.80,290.00,286.40,842,11406,3342983.00,
530809,BNR UDYOG   ,X ,Q,14.61,15.38,14.00,15.18,15.18,14.65,12,2303,35119.00,
530813,KRBL LTD.   ,A ,Q,293.00,297.25,285.50,286.50,286.00,292.60,1505,80760,23458331.00,
530815,REFNOL RESIN,XT,Q,35.00,35.55,33.00,34.00,34.00,34.65,12,2354,79906.00,
530821,SSPDL LTD   ,X ,Q,14.65,15.30,14.65,15.00,15.00,14.50,7,820,12331.00,
530825,DAIKAFFIL CH,X ,Q,37.00,37.00,35.05,35.25,35.25,35.50,58,10218,367168.00,
530829,CIL SECURITS,X ,Q,19.10,20.75,19.10,20.60,20.75,19.80,57,8406,171529.00,
530839,CLIO INFOTEC,XT,Q,2.60,2.60,2.40,2.60,2.60,2.52,42,7841,20161.00,
530843,CUPID LTD   ,B ,Q,253.00,253.65,248.40,249.80,249.05,249.30,394,5671,1425340.00,
530845,SUNSHIELD CH,X ,Q,320.00,327.00,315.05,322.50,320.10,319.80,115,6955,2241729.00,
530871,CHEMBOND CHM,B ,Q,230.45,257.50,228.35,240.55,242.00,229.20,3945,68830,17049043.00,
530879,CIFL        ,X ,Q,117.20,123.00,117.05,117.95,117.05,121.25,86,2477,294284.00,
530881,ABVL        ,XT,Q,29.80,29.80,29.80,29.80,29.80,31.35,6,681,20293.00,
530883,SUPER CROP. ,X ,Q,9.29,9.29,8.70,8.90,8.90,8.94,125,35524,315506.00,
530889,ALKA INDIA  ,Z ,Q,0.66,0.69,0.63,0.63,0.65,0.66,808,831371,534540.00,
530897,N.G.IND.LTD.,X ,Q,52.50,53.40,49.00,49.80,51.80,50.90,31,1462,73949.00,
530899,ASIA PACK   ,X ,Q,23.85,23.85,23.65,23.65,23.65,22.75,7,276,6578.00,
530909,ERP SOFT SYS,XT,Q,37.80,37.80,35.95,37.80,37.80,37.80,4,30,1130.00,
530915,J.R.FOODS   ,XT,Q,5.25,5.25,4.75,5.20,5.20,5.00,27,3471,17019.00,
530919,REMSONS IND.,B ,Q,267.55,274.80,256.80,262.05,261.90,273.55,229,3149,833889.00,
530925,RAMSONS PROJ,XT,Q,13.04,13.04,13.04,13.04,13.04,12.42,7,362,4720.00,
530931,STANPACKS(I),XT,Q,5.82,6.11,5.53,5.53,5.53,5.82,8,2700,15801.00,
530951,RAMINFO     ,X ,Q,47.00,49.25,46.10,48.15,48.15,46.90,214,54154,2579769.00,
530953,SUNIL AGRO F,X ,Q,48.95,48.95,46.10,48.40,46.10,48.45,17,341,16509.00,
530959,DIANA TEA CO,X ,Q,25.00,25.15,24.25,24.60,24.75,24.90,84,13530,331700.00,
530961,VIKASECO    ,T ,Q,1.93,1.94,1.93,1.93,1.93,2.03,932,1982255,3826802.00,
530965,INDIAN OIL  ,A ,Q,107.10,107.25,106.10,106.30,106.30,107.10,2301,238798,25476432.00,
530973,ALFA ICA (I),XT,Q,30.55,31.60,30.55,30.90,30.90,31.90,7,1180,36644.00,
530977,SKCIL       ,X ,Q,39.25,40.70,38.65,40.00,40.00,40.00,27,6843,273041.00,
530979,INDIA HOME  ,X ,Q,49.60,54.00,48.00,53.30,52.00,50.60,95,39120,2071386.00,
530985,JPT SECUR.  ,XT,Q,8.94,9.41,8.94,8.94,8.94,9.41,7,2001,18828.00,
530991,ROOPA INDUS ,X ,Q,15.48,15.48,14.75,14.75,14.75,14.75,7,905,13426.00,
530997,UNIQUE ORGAN,X ,Q,14.89,14.89,12.83,13.99,13.99,14.20,14,1518,21491.00,
530999,BALAJI AMINE,A ,Q,2959.95,2959.95,2840.20,2874.25,2872.55,2887.65,2617,10897,31283158.00,
531017,ARIHANT SEC.,XT,Q,8.40,8.40,8.20,8.20,8.20,8.23,5,380,3116.00,
531025,VISAGAR FIN ,XT,Q,1.54,1.54,1.41,1.45,1.45,1.48,235,87534,127858.00,
531033,REGAL ENTERT,X ,Q,4.75,4.75,4.67,4.67,4.67,4.91,2,22,103.00,
531041,COMPETENT AU,X ,Q,199.00,209.00,193.00,197.45,196.95,203.90,59,2992,597545.00,
531067,CONTIL I LTD,X ,Q,17.45,17.45,16.60,16.60,16.60,17.40,13,2162,36990.00,
531069,VIJAY SOLVEX,XT,Q,3183.75,3183.75,3125.00,3183.75,3183.75,3032.15,237,771,2452074.00,
531080,SHRI KRISH  ,X ,Q,15.90,15.90,15.25,15.65,15.65,15.55,26,1730,26704.00,
531082,ALANKIT     ,B ,Q,19.10,20.30,18.70,18.85,18.85,19.70,1192,252060,4833828.00,
531083,NIHAR INFO  ,XT,Q,7.23,7.28,6.68,7.24,7.15,7.03,36,5916,39786.00,
531091,UNITED CRED.,X ,Q,15.70,15.72,14.31,15.65,15.65,14.98,10,756,11548.00,
531092,OMINFRAL    ,B ,Q,35.40,37.65,34.10,36.35,36.35,34.95,1132,106319,3876000.00,
531109,ISHAN DYES  ,X ,Q,77.00,79.90,75.00,77.45,77.45,76.35,1537,258564,20076815.00,
531111,GOTHI PLASCO,P ,Q,23.00,23.00,22.50,22.50,22.50,23.00,9,2000,45900.00,
531112,BALUFORGE   ,XT,Q,252.00,252.00,248.20,249.85,248.20,252.00,13,192,48039.00,
531119,CEENIK EXPO.,X ,Q,5.53,5.53,5.53,5.53,5.53,5.53,1,100,553.00,
531120,PATEL ENGG. ,A ,Q,19.20,19.55,19.00,19.30,19.30,19.05,671,140267,2706572.00,
531129,INANI MARBLE,X ,Q,33.65,33.65,33.65,33.65,33.65,30.60,322,120326,4048969.00,
531137,GEMSTONE INV,X ,Q,2.20,2.20,2.12,2.18,2.15,2.17,218,232655,506996.00,
531146,MEDICAMEN BI,X ,Q,620.00,626.75,600.10,608.55,601.15,622.90,177,5211,3190630.00,
531147,ALICON      ,B ,Q,825.00,829.00,782.00,785.25,782.00,815.30,1333,11972,9603717.00,
531153,DILIGENT    ,XT,Q,9.75,9.78,9.32,9.50,9.50,9.32,29,4104,39329.00,
531157,ORGANIC COAT,X ,Q,8.40,8.40,8.38,8.40,8.40,8.00,6,1541,12934.00,
531158,CATVISION   ,XT,Q,11.49,11.49,11.49,11.49,11.49,10.95,14,5255,60379.00,
531161,ABM KNOWLEDG,X ,Q,148.20,152.40,144.00,145.85,145.90,147.20,446,29003,4322044.00,
531162,EMAMI LTD.  ,A ,Q,570.05,575.00,565.40,567.80,567.70,572.10,788,11949,6812230.00,
531163,KEMISTAR    ,X ,Q,40.75,41.75,40.75,41.70,41.65,40.60,10,490,20439.00,
531169,SKP SECURE. ,XT,Q,65.00,66.95,64.60,64.60,64.60,67.95,9,202,13074.00,
531172,PRANAV.SPIN ,X ,Q,18.15,18.15,16.45,16.55,17.95,17.30,32,6274,106715.00,
531173,SYSCHEM (I) ,X ,Q,8.16,8.47,8.10,8.33,8.26,8.30,63,62719,521723.00,
531176,MEFCOM CAPIT,X ,Q,10.38,10.38,10.38,10.38,10.38,9.89,3,600,6228.00,
531178,HEMANG      ,X ,Q,4.80,4.80,4.80,4.80,4.80,4.80,1,1000,4800.00,
531179,ARMAN FIN   ,A ,Q,708.75,720.45,694.60,700.20,699.85,709.00,278,3926,2795428.00,
531192,MIDINFRA    ,Z ,Q,1.35,1.43,1.31,1.40,1.40,1.37,62,40968,55775.00,
531196,GAGAN POLYCO,XT,Q,2.38,2.40,2.30,2.30,2.30,2.32,44,23338,53891.00,
531198,DHANADACOL  ,XT,Q,7.00,7.25,6.83,7.25,7.25,6.91,11,322,2245.00,
531201,SHILCHAR TEC,X ,Q,205.60,205.60,199.00,202.20,204.85,202.60,21,575,117236.00,
531203,BRAND REAL  ,XT,Q,45.90,45.90,45.90,45.90,45.90,45.90,1,100,4590.00,
531205,KANSAL FIBRE,P ,Q,11.02,11.02,11.02,11.02,11.02,11.02,1,200,2204.00,
531209,NUCLE.SOFT E,A ,Q,695.00,724.40,690.00,711.55,711.55,690.50,1535,21833,15520498.00,
531210,COLINZ LABOR,XT,Q,20.40,20.40,20.40,20.40,20.40,21.45,44,3674,74949.00,
531211,WELLNESS    ,P ,Q,14.75,14.75,14.05,14.05,14.05,14.75,2,300,4355.00,
531212,NALIN LEASE ,X ,Q,26.15,27.35,25.05,27.00,27.00,26.15,19,7954,209130.00,
531213,MANAP FIN   ,A ,Q,185.55,189.90,185.55,188.75,188.50,185.95,1725,166154,31306001.00,
531215,RTS POWER CO,X ,Q,53.00,53.00,50.45,50.65,51.80,51.95,41,5347,272652.00,
531216,COMFORT INTE,X ,Q,17.75,17.80,16.70,17.25,17.30,17.40,184,62538,1059879.00,
531221,MAYUR FLOOR.,XT,Q,4.57,4.79,4.57,4.79,4.79,4.57,4,1055,4833.00,
531223,ANJANI SYNT.,X ,Q,32.35,32.35,29.35,31.15,30.90,31.60,108,18754,572117.00,
531225,XTGLOBAL    ,X ,Q,35.95,35.95,34.50,34.60,35.00,35.85,196,24444,853026.00,
531227,DECO-MICA   ,P ,Q,23.60,23.60,23.55,23.55,23.55,24.75,3,400,9430.00,
531228,RANDER CORP.,X ,Q,4.86,4.86,4.86,4.86,4.86,4.95,18,4814,23396.00,
531233,RASI ELECTRO,X ,Q,6.23,6.46,6.05,6.09,6.09,6.23,92,53163,329620.00,
531234,VICTORY PAPR,X ,Q,103.75,108.90,103.75,105.95,106.20,105.85,61,4235,448802.00,
531235,CITI PORT FN,XT,Q,19.25,19.25,19.25,19.25,19.25,19.25,1,10,192.00,
531237,DHRUVA CAP. ,X ,Q,5.47,5.47,5.47,5.47,5.47,5.47,1,638,3489.00,
531241,LINC PEN &PL,T ,Q,200.05,207.80,195.55,198.05,202.40,204.00,56,1514,300741.00,
531246,PRIMA IND.  ,XT,Q,27.80,27.80,26.05,27.50,27.50,26.50,30,2098,56579.00,
531252,ANERI       ,X ,Q,5.44,5.44,5.44,5.44,5.44,5.72,3,21,114.00,
531253,INDIA GELAT.,X ,Q,117.90,117.90,115.25,116.25,116.10,115.75,62,5074,590910.00,
531254,OPTIFIN     ,X ,Q,27.00,28.00,26.75,27.00,28.00,26.75,8,1130,30353.00,
531255,PARAGON FIN.,X ,Q,17.15,18.45,17.15,18.45,18.45,18.85,5,95,1734.00,
531257,PRATIKSHA CH,XT,Q,11.11,11.11,10.56,10.56,10.56,11.11,12,2676,28266.00,
531259,ESHAMEDIA   ,XT,Q,4.74,4.74,4.74,4.74,4.74,4.74,1,100,474.00,
531260,SUNEDISON   ,X ,Q,56.40,61.60,56.40,57.65,60.90,59.35,26,5775,327262.00,
531266,VST TILLERS ,A ,Q,2009.00,2015.95,1991.25,1998.15,2001.25,2010.45,423,1240,2480385.00,
531268,B2B SOFT.   ,XT,Q,45.35,45.35,41.05,45.35,45.35,43.20,468,53666,2390054.00,
531273,RADHE DEVLOP,X ,Q,10.71,11.44,10.50,11.44,11.44,10.40,120,49978,563744.00,
531274,KINETIC TRUS,XT,Q,5.60,5.60,5.60,5.60,5.60,5.60,1,1,5.00,
531278,ELIXIR      ,X ,Q,50.45,51.85,48.10,48.90,50.35,50.45,41,2066,103058.00,
531280,PANKAJ POLY.,X ,Q,4.20,4.20,4.18,4.18,4.18,4.40,4,2002,8398.00,
531281,P.G.IND.LTD.,XT,Q,5.00,5.00,4.70,4.90,4.90,4.90,31,4378,21063.00,
531287,NAT PLASTIC ,X ,Q,74.95,77.50,70.00,71.30,71.80,73.05,158,17369,1275531.00,
531289,NATFIT      ,XT,Q,61.00,62.00,59.20,59.55,59.55,62.30,57,17703,1058095.00,
531297,ARTEFACT PR ,X ,Q,37.20,38.85,36.30,37.80,36.50,37.15,50,10845,406084.00,
531300,AMIT INTNL. ,X ,Q,4.03,4.03,4.00,4.03,4.03,3.84,13,1243,4988.00,
531306,DHP INDIA LT,X ,Q,771.00,793.65,741.10,751.00,751.00,749.85,522,10083,7650901.00,
531307,RRIL        ,XT,Q,12.52,12.80,12.15,12.44,12.60,12.78,88,18656,234069.00,
531310,AVAILABLE FI,X ,Q,65.20,65.20,65.20,65.20,65.20,62.10,18,3976,259235.00,
531314,INTEGRA CAP.,X ,Q,18.57,18.57,18.57,18.57,18.57,17.69,9,244,4531.00,
531319,MARUTI SEC. ,X ,Q,2.23,2.23,2.23,2.23,2.23,2.23,4,1300,2899.00,
531322,HAVISHA     ,T ,Q,1.99,1.99,1.99,1.99,1.99,2.09,12,1085,2159.00,
531323,JAYIND      ,X ,Q,10.30,10.84,10.30,10.84,10.84,10.84,6,820,8585.00,
531328,KRETTOSYS   ,XT,Q,6.67,6.67,6.67,6.67,6.67,6.67,3,1789,11932.00,
531334,VIKALP SEC. ,XT,Q,7.24,7.24,7.24,7.24,7.24,6.90,2,150,1086.00,
531335,ZYDUS WELL  ,A ,Q,2164.00,2282.00,2164.00,2234.40,2234.40,2189.00,1812,11047,24546237.00,
531336,AUROMA COKE ,Z ,Q,9.30,9.89,8.98,9.03,9.87,9.45,28,5662,51504.00,
531337,JUMPNET     ,B ,Q,9.85,10.20,9.85,10.02,10.08,10.02,634,301217,3027795.00,
531338,MILE GLOBAL ,X ,Q,10.46,10.46,10.46,10.46,10.46,9.97,4,3000,31380.00,
531340,BERVIN INV. ,XT,Q,18.27,18.27,18.27,18.27,18.27,19.23,4,1700,31059.00,
531341,GUJ.INVESTA ,X ,Q,7.34,7.34,7.24,7.24,7.24,7.62,12,1025,7421.00,
531344,CONTAIN.CORP,A ,Q,678.15,681.20,667.30,669.70,669.70,676.45,3136,111182,74556269.00,
531346,EASTERN TRED,X ,Q,58.05,58.05,52.60,55.00,55.00,56.70,17,2936,165473.00,
531349,PANACEA BIOT,A ,Q,375.00,375.00,363.00,365.25,366.35,369.95,854,11536,4216115.00,
531352,PEETI SECURT,XT,Q,14.59,14.59,13.21,14.49,14.49,13.90,27,6620,92398.00,
531358,CHOICE INT. ,X ,Q,138.00,144.00,130.00,134.90,135.00,136.40,119,17681,2428721.00,
531359,SHRIRAM ASSE,X ,Q,92.00,92.00,84.05,88.40,88.40,88.40,13,8099,681372.00,
531360,GOLECHA GLOB,X ,Q,8.00,8.00,8.00,8.00,8.00,7.99,1,300,2400.00,
531364,PARAMONE    ,X ,Q,34.00,34.60,29.80,32.75,31.60,33.10,58,14350,458574.00,
531373,BYKE HOSP   ,T ,Q,29.65,30.40,29.40,30.20,30.05,29.70,72,11815,350678.00,
531380,CENTENIAL SU,X ,Q,59.00,59.00,58.20,58.35,58.35,58.35,6,249,14503.00,
531390,UPSURGE INV.,X ,Q,35.25,35.25,34.20,35.25,35.25,33.60,97,19260,676170.00,
531395,PADAM COTTON,XT,Q,8.40,8.40,8.40,8.40,8.40,8.40,1,1,8.00,
531396,WOMEN NETWOR,XT,Q,3.60,3.89,3.53,3.89,3.53,3.71,14,2328,9009.00,
531398,SOURCENTRL  ,X ,Q,176.45,176.50,162.10,162.95,162.10,169.75,41,615,102804.00,
531400,ALMONDZ GLO ,B ,Q,71.25,71.25,66.40,66.40,66.40,69.85,181,9898,674917.00,
531402,LWS KNITWEAR,XT,Q,12.75,13.38,12.12,13.38,13.38,12.75,32,4945,62595.00,
531406,ANS LTD     ,XT,Q,10.19,10.19,10.00,10.00,10.00,10.19,5,34,342.00,
531409,ALCH CORP   ,XT,Q,7.75,7.95,7.75,7.95,7.95,7.58,4,1655,13121.00,
531411,TUNI TEXTILE,Z ,Q,1.78,1.78,1.78,1.78,1.78,1.70,45,289271,514902.00,
531412,RADIX IND   ,XT,Q,38.05,38.05,38.00,38.00,38.00,38.05,2,69,2623.00,
531413,KIRAN PRINT ,X ,Q,3.55,3.55,3.55,3.55,3.55,3.39,1,3,10.00,
531416,NARENDRA PRO,X ,Q,14.55,14.55,14.55,14.55,14.55,13.90,6,1972,28692.00,
531417,MEGA CORPN. ,XT,Q,1.48,1.48,1.48,1.48,1.48,1.41,158,58462,86523.00,
531426,TAMIL.NEWSPR,A ,Q,155.10,155.15,150.80,151.25,151.90,153.85,1021,19607,2995938.00,
531429,ADVENT COMP.,Z ,Q,3.36,3.59,3.26,3.55,3.55,3.42,33,9262,32764.00,
531431,SHAKTI PUMPS,B ,Q,837.00,837.00,806.00,820.40,819.00,820.25,1346,17841,14613861.00,
531433,SUNGOLD CAP.,XT,Q,1.55,1.55,1.41,1.54,1.54,1.48,40,6456,9271.00,
531437,PWASML      ,X ,Q,31.40,31.40,28.60,28.80,29.40,30.10,83,11275,333075.00,
531439,GOLDSTONE EN,B ,Q,13.00,13.05,12.67,12.78,12.78,13.06,59,13361,170862.00,
531444,VARDHMAN    ,XT,Q,9.85,9.85,9.85,9.85,9.85,9.39,1,200,1970.00,
531449,GRM OVERSEAS,XT,Q,781.50,781.50,760.00,781.50,781.50,2235.10,161,2071,1616554.00,
531453,MOHIT INDUS.,T ,Q,16.60,16.60,15.25,15.40,15.85,16.05,51,7237,112024.00,
531454,POLYLINK POL,X ,Q,23.95,24.30,22.80,23.25,23.30,23.00,139,13265,308032.00,
531456,MINAXI TEXT.,XT,Q,1.45,1.45,1.39,1.45,1.45,1.39,232,249998,361404.00,
531460,CONTI.CONTRL,XT,Q,4.23,4.23,4.23,4.23,4.23,4.03,16,652,2757.00,
531471,DUKE OFFSHOR,XT,Q,14.00,14.60,13.30,14.60,14.60,13.95,74,14941,211320.00,
531489,CG-VAK SOFTW,X ,Q,184.30,192.95,180.00,188.45,188.45,178.65,459,27204,5069484.00,
531494,NAVKAR BUILD,XT,Q,28.10,28.10,28.10,28.10,28.10,26.80,87,20554,577567.00,
531495,BLUECOAST   ,B ,Q,6.46,6.46,5.86,5.86,5.86,6.16,13,4115,24179.00,
531497,MADHUCON PRJ,B ,Q,6.67,6.67,6.15,6.25,6.25,6.40,53,7373,46848.00,
531499,SYBLY INDS. ,XT,Q,5.85,6.28,5.70,5.77,5.85,5.99,46,10957,63556.00,
531500,RAJESH EXPO.,A ,Q,584.90,593.00,575.00,576.15,576.60,581.95,3704,240632,139210491.00,
531502,ESAAR (I)LTD,X ,Q,3.27,3.27,3.27,3.27,3.27,3.21,28,22719,74291.00,
531503,MARIS SPIN. ,XT,Q,64.50,64.50,58.40,64.50,64.50,61.45,1133,106120,6602117.00,
531508,EVEREADY (I),A ,Q,323.80,325.25,315.55,316.55,317.90,320.80,1270,39470,12576936.00,
531512,ORIENT TRADE,XT,Q,6.60,6.75,6.13,6.22,6.15,6.45,86,66176,440899.00,
531518,VIKASPROP   ,B ,Q,2.67,2.80,2.63,2.72,2.72,2.63,1165,1714392,4699243.00,
531525,ACE SOFTWARE,X ,Q,18.95,18.95,17.75,18.45,18.45,18.15,14,838,15011.00,
531531,HATSUN AGRO ,A ,Q,999.00,999.00,965.20,981.40,984.75,996.35,1710,14695,14333487.00,
531533,E.COM INFOTE,XT,Q,13.00,13.49,12.90,13.49,13.49,12.85,5,374,4926.00,
531539,RISHABH DIGH,X ,Q,23.95,23.95,23.30,23.30,23.30,23.65,2,12,286.00,
531540,MARUTI INFRA,X ,Q,35.15,37.70,28.80,32.70,32.70,34.15,433,39779,1402820.00,
531541,KOBO        ,Z ,Q,6.88,6.88,6.88,6.88,6.88,6.56,7,8406,57833.00,
531543,JINDAL WORLD,B ,Q,79.70,79.85,75.50,76.75,76.75,78.10,760,80461,6299401.00,
531548,SOMANY CRAM ,T ,Q,662.00,674.90,660.00,671.90,665.05,662.30,239,4016,2694251.00,
531552,RAGHUNATH TO,X ,Q,8.50,8.90,8.50,8.90,8.90,8.50,12,828,7038.00,
531556,CORAL (I)FIN,B ,Q,51.35,58.50,51.15,53.50,54.00,52.40,658,33699,1828302.00,
531569,SANJIVANI PA,X ,Q,27.00,27.30,25.05,25.05,25.05,26.35,124,17979,461785.00,
531578,KMF BUILDERS,X ,Q,3.51,3.51,3.51,3.51,3.51,3.69,3,1515,5317.00,
531582,BERYL SECUR.,XT,Q,8.63,8.63,8.63,8.63,8.63,8.33,5,500,4315.00,
531583,RAP MEDIA   ,XT,Q,14.25,14.25,14.25,14.25,14.25,15.00,4,1800,25650.00,
531585,DEVINE IMPE ,XT,Q,6.61,6.61,6.45,6.45,6.45,6.32,19,1906,12536.00,
531592,GENPHARMA   ,X ,Q,9.39,9.48,9.05,9.29,9.32,9.32,567,199657,1837297.00,
531594,INCON ENGG. ,XT,Q,5.76,5.76,5.76,5.76,5.76,5.49,1,1,5.00,
531595,CGCL        ,A ,Q,534.90,535.00,527.55,532.05,532.00,532.15,5623,101966,54151648.00,
531599,FDC LIMITED ,A ,Q,374.80,383.50,366.75,377.80,377.80,374.80,1564,27831,10400790.00,
531600,GOGIA CAP   ,XT,Q,66.50,66.50,63.20,63.20,63.20,66.50,2,105,6652.00,
531608,GORANI INDUS,XT,Q,19.55,20.50,19.55,20.50,20.50,19.55,14,544,11147.00,
531609,KG PETROCHEM,XT,Q,276.50,300.30,276.00,300.30,300.30,286.00,76,5282,1580569.00,
531613,MAL         ,XT,Q,1.58,1.58,1.58,1.58,1.58,1.51,10,14476,22872.00,
531616,STARCOM     ,XT,Q,223.55,234.70,213.05,234.70,234.70,223.55,48,809,188642.00,
531621,CENTERAC    ,XT,Q,1.83,1.83,1.83,1.83,1.83,1.92,2,501,916.00,
531624,COUNTRY COND,T ,Q,2.94,3.00,2.80,2.98,3.00,2.94,117,69609,204283.00,
531633,LINCOLN PHAR,A ,Q,377.60,377.60,365.00,366.05,366.05,373.10,2414,43725,16131360.00,
531635,SILVER OAK  ,XT,Q,31.15,31.15,30.20,30.20,30.20,31.75,15,480,14553.00,
531637,PRAVEG      ,X ,Q,91.75,94.00,90.00,91.85,92.00,90.75,325,20220,1849231.00,
531638,SURAJ LTD   ,XT,Q,60.45,60.50,57.85,60.45,60.50,57.70,13,2990,177208.00,
531642,MARICOLTD   ,A ,Q,538.20,549.50,530.75,533.95,533.95,532.85,6831,215136,115776757.00,
531644,TOKYO FINANC,X ,Q,10.95,10.95,10.95,10.95,10.95,10.55,1,200,2190.00,
531648,MAHAVIRIND  ,X ,Q,1.30,1.30,1.30,1.30,1.30,1.36,31,18620,24206.00,
531652,THIRDWAVE FI,XT,Q,33.25,35.00,33.25,33.25,33.25,35.00,5,58,1949.00,
531658,TRIJAL IND. ,XT,Q,6.13,6.13,5.62,5.64,5.90,5.84,20,10959,65296.00,
531667,RRMETAL     ,X ,Q,27.00,28.00,25.75,28.00,28.00,27.00,28,7694,203487.00,
531668,VISION CORPO,X ,Q,2.23,2.23,2.14,2.14,2.14,2.14,21,1944,4235.00,
531672,INANI SEC.  ,X ,Q,16.40,16.40,14.90,16.40,16.40,15.65,28,2115,32822.00,
531676,VAGHANI     ,X ,Q,11.30,11.30,10.25,10.25,10.25,10.78,4,220,2265.00,
531688,PRITHVIEXCH ,X ,Q,22.00,23.50,21.50,22.85,22.35,22.60,29,3577,80494.00,
531694,RAINBOW FOUN,X ,Q,15.85,17.25,15.85,17.15,17.15,16.60,4,322,5163.00,
531716,TRICOMFRU   ,X ,Q,3.26,3.26,3.26,3.26,3.26,3.43,5,1217,3967.00,
531717,VIDHIING    ,B ,Q,261.00,268.20,252.35,254.25,254.00,260.90,1114,14947,3866038.00,
531719,BHAGIRA.CHEM,X ,Q,700.00,703.55,666.95,697.30,681.00,693.15,220,31251,21821045.00,
531726,PANCHSHEEL O,X ,Q,101.00,108.90,100.00,103.50,103.50,99.55,378,39304,4080433.00,
531727,MENON PISTON,X ,Q,28.60,28.85,27.60,27.70,27.70,28.45,340,84595,2380472.00,
531735,PRISM FINANC,P ,Q,19.80,19.80,19.80,19.80,19.80,20.80,2,300,5940.00,
531737,GREENCREST  ,X ,Q,6.13,6.37,6.13,6.26,6.37,6.25,364,59892,375232.00,
531739,GENNEX LAB  ,X ,Q,11.00,11.18,10.45,10.45,10.45,10.99,2768,1376423,14691189.00,
531744,GINI SILK MI,X ,Q,61.40,61.45,56.25,59.05,59.05,58.75,37,2273,134931.00,
531746,PRAJAY ENGS.,B ,Q,18.55,19.10,17.64,17.65,17.75,18.56,243,54672,983899.00,
531752,BIOGEN      ,XT,Q,0.72,0.72,0.72,0.72,0.72,0.69,265,1822492,1312194.00,
531758,G.K.CONSULT.,X ,Q,2.86,2.86,2.86,2.86,2.86,2.73,2,285,815.00,
531761,APOLLOPIPES ,A ,Q,1008.85,1013.75,981.00,994.45,993.00,1007.70,839,4056,4046537.00,
531762,UNJHA FORMUL,X ,Q,10.25,10.65,10.25,10.65,10.65,10.36,14,4976,51646.00,
531768,POLY MEDICUR,A ,Q,992.00,992.15,975.00,979.80,975.00,984.65,216,1773,1746100.00,
531778,KACHCHHMIN  ,X ,Q,6.32,6.32,6.32,6.32,6.32,6.32,8,3396,21462.00,
531784,KCLINFRA    ,XT,Q,4.47,4.47,4.47,4.47,4.47,4.26,23,16921,75636.00,
531795,ATUL AUTO   ,B ,Q,221.40,229.45,220.55,222.50,224.00,221.25,3219,95553,21502322.00,
531802,PRERNA INFR ,X ,Q,17.90,19.25,17.05,18.35,18.30,17.50,120,36570,676640.00,
531810,METAL COATIN,X ,Q,44.90,44.90,40.35,41.20,41.30,42.50,50,4079,171958.00,
531812,SGN TELECOMS,XT,Q,0.58,0.58,0.58,0.58,0.58,0.56,53,160350,93003.00,
531813,GANGAPAPERS ,XT,Q,71.85,71.85,71.85,71.85,71.85,68.45,3,26,1868.00,
531814,TIRUPATI SAR,X ,Q,7.20,7.34,7.10,7.14,7.19,7.27,123,67280,482712.00,
531819,NUWAY ORGANI,XT,Q,8.04,8.04,8.04,8.04,8.04,7.66,1,106,852.00,
531822,RODIUM      ,X ,Q,61.00,64.90,61.00,64.85,61.30,62.00,15,1018,63768.00,
531832,NAGAR.AGRITE,XT,Q,6.00,6.00,6.00,6.00,6.00,5.72,15,13192,79152.00,
531834,NATURA HUE C,X ,Q,0.86,0.86,0.86,0.86,0.86,0.82,1,34,29.00,
531842,LAHOTI OVER.,X ,Q,28.75,28.75,27.50,27.60,27.95,27.95,103,25335,706282.00,
531845,ZENITHSTL   ,T ,Q,1.18,1.18,1.18,1.18,1.18,1.13,10,10652,12569.00,
531847,ASIAN STAR  ,B ,Q,905.00,947.80,899.85,945.00,945.00,902.75,27,128,116763.00,
531859,ORIRAIL     ,X ,Q,56.50,57.20,55.35,56.05,56.00,56.35,125,35454,1999425.00,
531861,JOINDRE CAPI,X ,Q,27.80,28.00,25.20,27.80,27.80,27.80,67,12602,343772.00,
531862,BHARATAGRI  ,X ,Q,165.00,165.00,160.00,160.50,160.05,162.90,32,1371,223811.00,
531867,UNITECH INTE,XT,Q,4.05,4.05,4.05,4.05,4.05,4.26,2,600,2430.00,
531869,SACHETA MET.,X ,Q,18.50,19.10,18.50,18.70,18.70,18.60,92,33741,629562.00,
531878,ANJANI FINL ,X ,Q,6.24,6.24,5.95,6.15,6.15,6.26,24,5044,30469.00,
531879,PIONEER DIS.,B ,Q,128.20,129.95,128.00,128.00,128.00,127.15,95,3019,387245.00,
531881,GMETCOAL    ,Z ,Q,20.00,20.00,18.20,19.00,19.00,19.15,8,840,16220.00,
531887,RAHUL MERCH.,X ,Q,8.79,8.79,8.79,8.79,8.79,9.25,1,1,8.00,
531888,REXNORD ELE.,X ,Q,62.00,64.00,60.00,60.90,60.90,62.65,213,9807,602971.00,
531892,KHANDWALA SE,B ,Q,18.00,18.00,16.65,16.70,16.70,17.50,10,184,3161.00,
531893,SAWACA BUSI ,X ,Q,2.60,2.86,2.60,2.86,2.86,2.73,196,131915,364652.00,
531900,CCL INTER   ,X ,Q,16.90,16.90,15.90,16.90,16.90,16.10,34,4027,67446.00,
531909,CROISSANCE  ,XT,Q,8.87,8.87,8.04,8.04,8.04,8.45,27,7650,61874.00,
531913,GOPAL IRON S,XT,Q,5.14,5.14,5.13,5.13,5.13,5.39,10,356,1826.00,
531917,TWINSTAR SOF,Z ,Q,2.97,2.97,2.97,2.97,2.97,2.83,47,31391,93231.00,
531921,AGAR IND COR,B ,Q,359.95,364.50,348.85,357.00,358.90,354.50,818,13866,4959157.00,
531923,DHAMPURE SGR,XT,Q,37.45,40.25,37.45,37.45,37.45,39.40,257,72903,2781385.00,
531925,SHANTANU SHE,XT,Q,1.62,1.62,1.62,1.62,1.62,1.55,71,115855,187685.00,
531928,GOLDEN CARPE,X ,Q,4.98,4.98,4.98,4.98,4.98,4.98,3,1000,4980.00,
531930,SARTHAK INDU,X ,Q,59.05,59.05,53.50,59.05,59.05,56.25,98,5442,318301.00,
531944,SERVOTEACH  ,XT,Q,2.99,2.99,2.99,2.99,2.99,2.99,4,104,310.00,
531950,VERTEX SEC. ,XT,Q,2.50,2.50,2.50,2.50,2.50,2.39,31,29070,72675.00,
531952,RIBA TEXTILS,X ,Q,58.40,62.45,55.00,60.05,60.05,55.75,602,394775,23483416.00,
531962,SHREMETAL   ,XT,Q,26.35,29.05,26.35,26.40,28.00,27.70,10,566,15726.00,
531968,IITL PROJ   ,XT,Q,23.90,23.90,23.90,23.90,23.90,23.90,1,1,23.00,
531972,TRIDENTTOOL ,Z ,Q,8.50,8.50,8.50,8.50,8.50,8.10,7,4794,40749.00,
531977,CHARTERLOGIS,XT,Q,5.25,5.30,5.05,5.20,5.25,5.19,212,44604,231283.00,
531978,AMBIKA COTTO,B ,Q,1391.00,1396.00,1356.00,1363.40,1362.00,1375.85,1976,13522,18579313.00,
531979,HIND ALUMIN ,X ,Q,41.25,42.30,40.45,40.90,40.55,41.25,60,2781,114201.00,
531982,SPECTR FOOD ,XT,Q,16.20,16.20,14.75,15.70,16.00,15.50,13,1336,21299.00,
531991,AMRAWOR AGRI,XT,Q,0.52,0.52,0.51,0.52,0.52,0.50,1264,2772096,1440813.00,
531996,ODYSSEY CORP,X ,Q,3.24,3.24,3.24,3.24,3.24,3.09,10,7322,23723.00,
532001,INDUCTO STL.,X ,Q,21.80,21.80,21.80,21.80,21.80,21.80,1,10,218.00,
532005,SAM INDUS.  ,X ,Q,22.40,22.45,20.50,22.35,20.95,21.40,54,7946,175942.00,
532007,SHREEVAT.FIN,XT,Q,4.73,4.79,4.73,4.79,4.79,4.57,8,4666,22300.00,
532011,POOJA ENT   ,XT,Q,130.30,130.30,118.00,130.30,130.30,124.10,155,10694,1360948.00,
532015,GRAVITY (I) ,XT,Q,5.02,5.02,4.56,4.87,5.02,4.79,90,28163,140679.00,
532019,LCC INFOTECH,T ,Q,1.99,2.00,1.87,1.92,1.96,1.94,61,125608,239350.00,
532022,FILAT FASH  ,X ,Q,3.27,3.27,2.97,3.07,3.07,3.12,198,230808,704774.00,
532029,SINDHU TRADE,XT,Q,98.50,98.50,98.50,98.50,98.50,98.50,1,10,985.00,
532035,UNISTAR MULT,XT,Q,8.45,8.45,8.45,8.45,8.45,8.05,26,38534,325612.00,
532039,ZENOTECH    ,X ,Q,52.50,52.55,50.50,51.80,51.80,50.05,594,147857,7721377.00,
532041,HINDUSTN BIO,XT,Q,3.41,3.72,3.41,3.72,3.72,3.55,61,15754,57930.00,
532042,FRONTL CORP ,XT,Q,9.98,9.98,9.98,9.98,9.98,9.51,5,429,4281.00,
532051,SWELECT     ,B ,Q,277.35,280.00,263.75,265.75,268.40,272.90,723,11478,3081237.00,
532053,WALLFORT FIN,X ,Q,53.45,54.90,52.75,53.00,53.00,54.50,26,2365,126085.00,
532054,KDDL LTD    ,T ,Q,340.00,346.50,338.00,345.50,338.00,330.00,27,686,235011.00,
532056,ADINATH EXIM,XT,Q,13.70,14.00,13.48,14.00,14.00,14.18,17,1030,14029.00,
532057,ABHINAV CAP ,XT,Q,30.60,30.60,30.60,30.60,30.60,30.60,4,600,18360.00,
532067,KILPEST (I) ,X ,Q,626.20,634.75,615.50,624.75,624.75,630.10,911,20551,12895661.00,
532070,SUPERB PAPER,X ,Q,15.75,15.85,15.15,15.15,15.15,15.15,28,36351,562275.00,
532078,MONIND      ,X ,Q,10.22,10.22,10.22,10.22,10.22,10.22,1,10,102.00,
532090,VANDANA     ,XT,Q,1.47,1.47,1.47,1.47,1.47,1.40,16,24266,35671.00,
532092,SAGARPROD   ,XT,Q,3.05,3.07,2.81,2.99,2.99,2.95,247,227778,678194.00,
532100,INDO-CITY IN,X ,Q,4.30,4.50,4.30,4.50,4.50,4.30,6,501,2254.00,
532102,SBEC SUGAR  ,XT,Q,38.05,38.05,38.05,38.05,38.05,36.25,32,4003,152314.00,
532113,BRIJLAXMI LE,X ,Q,2.08,2.08,1.95,2.08,2.08,1.99,28,9988,20748.00,
532114,AREALTY     ,Z ,Q,3.87,3.87,3.87,3.87,3.87,3.69,12,5751,22256.00,
532123,BSE  INFRA  ,B ,Q,1.62,1.62,1.62,1.62,1.62,1.55,64,98302,159249.00,
532124,RELIAB VEN  ,XT,Q,10.39,10.39,10.00,10.33,10.39,9.90,32,8381,86880.00,
532134,BANKBARODA  ,A ,Q,84.50,84.85,83.40,83.70,83.95,84.20,3120,2080484,175356497.00,
532140,MOHITE      ,X ,Q,17.45,18.88,17.45,18.74,18.88,18.27,29,4077,73849.00,
532141,ANDHRA CEMEN,T ,Q,24.30,24.30,22.00,24.30,24.30,23.15,1702,1990285,47724978.00,
532143,SKM EGG PROD,B ,Q,91.60,92.35,90.40,90.70,90.70,91.45,726,25447,2320236.00,
532144,WELCORP     ,A ,Q,157.65,159.65,153.00,153.75,153.75,156.80,2530,266274,41624109.00,
532145,H.S.(I) LTD.,XT,Q,6.50,6.76,6.43,6.47,6.46,6.44,50,15164,100024.00,
532149,BNK OF INDIA,A ,Q,75.90,76.30,75.05,75.35,75.35,75.80,659,119030,9005342.00,
532150,INDRAPRAST  ,B ,Q,86.85,87.05,85.00,85.50,85.50,86.85,837,46336,3972066.00,
532154,SUNSHINE    ,X ,Q,2.28,2.30,2.28,2.30,2.30,2.40,6,1139,2613.00,
532155,GAIL (I) LTD,A ,Q,148.50,148.80,144.00,144.45,144.45,147.85,5063,516667,75297037.00,
532156,VAIBHAVGBL  ,A ,Q,815.00,815.00,799.80,801.30,801.30,809.55,2189,13537,10879209.00,
532159,TRESCON     ,X ,Q,49.95,49.95,48.10,49.20,48.50,48.95,43,3015,149024.00,
532160,GUJ.STAT.FIN,T ,Q,6.00,6.13,5.80,6.13,6.13,5.84,101,26525,161113.00,
532162,JK PAPER    ,A ,Q,224.20,224.70,218.35,219.50,219.50,222.55,2884,176103,39022686.00,
532163,SAREGAMA (I),T ,Q,3544.45,3544.45,3350.00,3385.00,3370.00,3423.55,202,2702,9335089.00,
532164,MINOLTA FIN.,Z ,Q,1.25,1.25,1.19,1.19,1.19,1.25,11,13109,15628.00,
532173,CYBERTECH   ,B ,Q,170.00,194.35,168.80,188.70,188.70,168.20,6727,331615,61432592.00,
532174,ICICI BANK  ,A ,Q,661.55,669.50,661.10,667.30,667.30,664.10,3844,160133,106769968.00,
532175,CYIENT      ,A ,Q,886.00,995.00,882.05,947.45,947.45,873.10,7522,115806,109967246.00,
532178,ENGINRS.(I) ,A ,Q,77.00,79.15,77.00,77.80,77.80,77.00,2014,275789,21534848.00,
532180,DHANALAK.BNK,B ,Q,18.30,18.60,18.15,18.55,18.50,18.15,481,173670,3197800.00,
532181,GUJ.MINERAL ,A ,Q,68.60,68.95,67.90,68.10,68.05,68.55,465,44523,3045633.00,
532187,INDUSIND BNK,A ,Q,1057.00,1067.10,1050.20,1055.05,1055.00,1052.30,3643,107433,113593291.00,
532189,INDIA TOURIS,A ,Q,403.95,405.55,396.65,398.45,398.45,404.65,608,8371,3353477.00,
532209,J & K BANK  ,A ,Q,37.80,38.95,37.80,38.45,38.45,37.80,1490,442682,17033403.00,
532210,CITY UNION  ,A ,Q,162.95,164.70,161.40,161.85,161.85,162.35,781,52879,8606044.00,
532212,ARCHIES LTD ,B ,Q,21.90,21.90,20.80,21.00,20.95,21.20,262,35188,745233.00,
532215,AXIS BANK   ,A ,Q,772.00,778.10,766.35,774.20,774.00,769.95,3726,122636,94945987.00,
532216,HB STOCKHOL.,B ,Q,29.75,29.85,29.75,29.85,29.85,28.45,19,4143,123643.00,
532217,SIEL FINANCL,X ,Q,13.76,13.76,13.75,13.76,13.76,13.11,10,7125,98022.00,
532218,SOUTH IND.BK,A ,Q,12.51,12.55,12.34,12.36,12.36,12.47,41554,2734747,33998052.00,
532219,ENERGY DEV. ,B ,Q,12.97,12.97,12.10,12.16,12.16,12.37,149,54565,688288.00,
532221,SONATA SOFT.,A ,Q,767.00,812.70,766.20,785.75,785.75,766.15,2570,38221,30414538.00,
532230,BENGAL TEA &,X ,Q,53.50,55.00,51.50,54.45,54.50,53.10,66,13067,707038.00,
532234,NAT.ALUM    ,A ,Q,84.70,85.10,82.50,83.90,83.90,84.60,5249,2319811,194266287.00,
532240,INDIA NIPPON,B ,Q,380.05,439.95,373.85,376.10,376.30,375.05,204,1387,527319.00,
532256,NALWA SONS  ,B ,Q,1794.50,1794.50,1762.60,1771.15,1764.80,1798.00,21,92,163547.00,
532259,APAR INDUS. ,A ,Q,574.95,574.95,550.00,552.75,555.15,568.60,827,5902,3304226.00,
532262,TCI INDUS.  ,X ,Q,970.05,970.05,970.00,970.00,970.00,1020.90,2,15,14550.00,
532268,ACCELYA     ,A ,Q,1504.05,1505.75,1453.00,1460.05,1453.00,1483.85,1217,30009,43995488.00,
532271,ORCHASP     ,XT,Q,4.66,4.66,4.44,4.59,4.65,4.44,699,636442,2924584.00,
532281,HCL TECHNO  ,A ,Q,992.10,1052.25,991.20,1040.00,1040.00,989.50,51473,1232329,1269418176.00,
532282,CASTEXTECH  ,T ,Q,0.57,0.57,0.57,0.57,0.57,0.55,4,4050,2308.00,
532284,TCFC FINANCE,X ,Q,39.95,43.70,39.45,41.15,40.00,40.30,218,22793,938377.00,
532285,GEOJITFSL   ,B ,Q,90.00,92.10,88.50,89.15,89.15,88.30,2000,168450,15182578.00,
532286,JINDAL STE  ,A ,Q,397.85,401.05,394.40,397.05,397.05,396.35,6767,554162,220558790.00,
532290,BLB LTD.    ,B ,Q,9.22,9.55,9.00,9.32,9.39,9.40,45,14140,129875.00,
532296,GLENMARK PHA,A ,Q,661.00,665.95,654.60,655.70,655.70,664.00,1304,30162,19886086.00,
532300,WOCKHARDT   ,A ,Q,543.00,545.95,531.95,534.90,534.90,537.95,2500,53767,28953096.00,
532301,TATA COFFEE ,A ,Q,192.00,194.10,191.15,192.35,191.30,192.10,1771,132454,25537557.00,
532304,KJMCCORP    ,X ,Q,17.20,17.95,17.20,17.95,17.95,17.10,8,1101,18962.00,
532305,IND-SWIFT LA,B ,Q,105.00,109.80,104.65,105.50,105.50,108.55,6594,439266,46727208.00,
532307,MELSTAR INFO,Z ,Q,3.60,3.62,3.33,3.49,3.49,3.45,20,12551,43459.00,
532309,GEPIL       ,A ,Q,336.15,341.00,332.00,332.70,333.75,337.10,1183,20118,6744806.00,
532310,SHREE RAMA  ,B ,Q,12.63,13.22,12.20,12.54,12.55,12.73,272,35129,446471.00,
532313,MAHINDRALIFE,A ,Q,672.00,718.00,670.00,698.10,698.10,676.90,2186,26237,18110167.00,
532320,VAARAD      ,XT,Q,11.35,11.35,11.35,11.35,11.35,10.81,4,600,6810.00,
532321,CADILA HEALT,A ,Q,643.00,645.50,636.15,640.65,640.65,643.60,7375,240488,153987292.00,
532323,SHIVA CEMENT,X ,Q,38.50,38.50,37.40,37.70,37.80,38.50,796,275573,10396724.00,
532324,CINEVISTA   ,T ,Q,18.19,18.35,17.60,18.00,18.00,18.19,49,11646,207325.00,
532326,INTENS TECH ,B ,Q,76.75,77.00,74.60,74.80,74.65,74.85,315,10281,779074.00,
532329,DANLAW TECH.,X ,Q,276.00,281.00,256.15,278.65,281.00,268.15,88,4407,1195086.00,
532331,AJANTA PHARM,A ,Q,2149.60,2186.80,2139.10,2172.90,2168.20,2141.40,1600,7648,16550808.00,
532333,HB PORTFOLIO,XT,Q,33.90,34.40,32.15,32.70,34.25,32.80,75,8401,281947.00,
532334,HB ESTATE DE,XT,Q,13.68,13.68,13.05,13.05,13.05,13.73,5,106,1383.00,
532335,AMBICA AGAR.,B ,Q,20.65,20.90,20.20,20.30,20.25,20.75,84,9076,185031.00,
532339,COMPUCOM SOF,T ,Q,16.15,16.15,15.00,15.51,15.51,15.46,362,48622,753746.00,
532340,OMNI AX'S SO,XT,Q,2.31,2.31,2.25,2.31,2.31,2.20,57,21697,50116.00,
532341,IZMO        ,B ,Q,86.05,88.70,84.05,86.65,87.10,87.75,448,19521,1694163.00,
532343,TVS MOTOR L ,A ,Q,616.85,616.85,606.60,609.30,610.30,612.60,6527,171542,104849954.00,
532344,SOFTSOL (I) ,X ,Q,124.00,124.00,121.70,122.50,123.00,124.55,17,1100,135674.00,
532345,GATI LTD.   ,A ,Q,155.00,161.85,155.00,159.15,158.90,158.35,3674,241108,38691423.00,
532348,SUBEX LTX   ,B ,Q,70.00,72.00,69.35,69.90,69.90,70.05,8654,2087443,147170803.00,
532349,TRANSPORT CO,A ,Q,403.20,408.70,398.65,403.05,405.95,399.30,265,1792,722395.00,
532350,PADMALAYA TE,Z ,Q,2.56,2.68,2.44,2.50,2.68,2.56,23,1685,4207.00,
532351,AKSH OPTIFIB,T ,Q,13.55,13.55,12.30,12.80,12.80,12.91,1493,666250,8647981.00,
532356,TRIVENI ENGG,A ,Q,200.00,200.05,192.50,195.20,195.20,199.05,1211,58289,11497488.00,
532357,MUKTA ARTS  ,B ,Q,37.45,37.80,37.20,37.60,37.25,37.55,71,1451,54516.00,
532359,HITKIT GLOB ,XT,Q,0.61,0.64,0.58,0.64,0.64,0.61,60,16333,10173.00,
532362,NAGPUR POWER,X ,Q,39.70,39.70,38.05,38.05,38.05,38.70,16,23230,916074.00,
532365,DYNACONS SYS,B ,Q,156.95,157.40,151.40,153.20,152.90,154.95,327,3609,555732.00,
532366,PNB GILTS   ,B ,Q,73.00,73.70,72.55,73.00,73.20,72.55,739,37154,2708277.00,
532368,BCG         ,B ,Q,38.35,38.35,38.35,38.35,38.35,36.55,475,342686,13142008.00,
532369,RAMCO INDS. ,A ,Q,280.50,293.50,280.50,290.80,290.50,285.30,1295,23548,6840625.00,
532370,RAMCO  SYSTM,A ,Q,624.80,676.35,622.50,649.60,649.60,621.00,4095,66365,43634172.00,
532371,TATA TELESER,T ,Q,42.35,42.35,42.35,42.35,42.35,44.55,3347,265031,11224062.00,
532372,VIRINCHI    ,X ,Q,62.65,64.80,60.35,64.35,64.35,60.90,885,243518,15532625.00,
532373,WEPSOLN     ,X ,Q,22.95,22.95,22.00,22.50,22.50,22.55,36,9276,207759.00,
532374,STER TECH   ,A ,Q,296.95,305.00,296.25,300.50,300.50,294.10,3248,147810,44439257.00,
532375,TIPSINDUSTR ,T ,Q,1299.00,1324.00,1244.00,1308.10,1318.00,1283.30,131,2308,2970111.00,
532376,MRO-TEK     ,B ,Q,36.45,36.45,31.85,34.00,34.00,34.25,29,853,28719.00,
532378,UNIVERSAL A ,X ,Q,1.20,1.20,1.20,1.20,1.20,1.15,1,10,12.00,
532379,FIRSTOBJ    ,X ,Q,5.45,5.70,5.45,5.50,5.50,5.70,11,343,1901.00,
532380,BABA ARTS   ,XT,Q,18.30,19.95,18.30,19.55,19.75,19.25,148,14941,289449.00,
532382,BALAJI TELE.,A ,Q,66.95,71.10,66.85,68.90,68.90,66.75,3453,370830,25632787.00,
532384,TYCHE INDS  ,X ,Q,214.50,216.00,211.00,214.75,216.00,210.15,279,22104,4719779.00,
532386,CALIFORN.SOF,T ,Q,9.96,10.95,9.96,10.65,10.70,10.48,45,10889,112800.00,
532387,PRITISHN COM,T ,Q,42.00,42.00,40.00,40.10,40.80,41.35,89,16381,661356.00,
532388,INDIAN OVER.,A ,Q,25.70,26.00,25.15,25.30,25.30,25.50,2830,1251395,31937517.00,
532390,TAJ GVK HOTL,A ,Q,138.00,138.00,136.05,136.30,136.40,137.10,521,12761,1748093.00,
532391,OPTO CIRCUIT,T ,Q,4.54,4.69,4.50,4.55,4.55,4.55,143,140969,646563.00,
532392,CREATIVE EYE,B ,Q,2.90,2.90,2.81,2.81,2.81,2.95,8,11510,32433.00,
532395,AXISCADES   ,T ,Q,96.05,98.90,93.15,95.05,95.05,98.05,435,38374,3638987.00,
532397,KONNDOR     ,X ,Q,8.45,8.45,8.45,8.45,8.45,8.14,1,10,84.00,
532398,UMESL       ,T ,Q,4.50,4.51,4.10,4.47,4.50,4.30,22,9812,43632.00,
532400,BSOFT       ,A ,Q,390.55,423.00,390.55,419.55,419.55,390.65,16054,714118,294574126.00,
532402,USGTECH     ,XT,Q,4.55,4.58,4.16,4.16,4.16,4.37,182,41504,179299.00,
532403,FOURTH GEN. ,XT,Q,3.40,3.40,3.40,3.40,3.40,3.53,5,180,612.00,
532404,SAVEN TECHNO,X ,Q,28.80,28.80,27.80,28.30,28.30,28.20,82,12704,357851.00,
532406,AVANTEL LTD ,X ,Q,719.00,748.95,712.25,728.85,725.00,677.60,2694,75870,55546669.00,
532407,MOSCHIP     ,X ,Q,52.55,52.55,47.55,48.30,48.30,50.05,4074,1245100,61364540.00,
532408,MEGASOFT LTD,T ,Q,14.00,14.67,13.30,14.63,14.58,13.98,307,246062,3524764.00,
532410,TRANSCORP IN,XT,Q,16.12,16.13,15.00,16.13,16.13,15.37,32,14474,232491.00,
532413,CEREBRA INTE,B ,Q,59.35,60.55,57.65,58.60,58.00,59.05,2167,299274,17619972.00,
532416,MID-DAY MULT,B ,Q,5.80,5.80,5.79,5.79,5.79,5.80,6,728,4218.00,
532419,SMARTLINK   ,B ,Q,124.15,126.10,121.60,122.15,121.60,121.95,538,30236,3742321.00,
532424,GODREJ CONS ,A ,Q,939.00,949.65,939.00,948.30,948.30,939.95,976,19574,18520632.00,
532425,GENUSPRIME  ,XT,Q,5.70,5.70,5.60,5.60,5.60,5.89,12,1366,7701.00,
532430,BF UTILI    ,A ,Q,474.00,486.00,467.00,481.95,479.00,470.75,1248,29024,13837982.00,
532432,UNITD SPR   ,B ,Q,652.00,653.90,639.00,650.85,650.85,647.45,9643,57480,37129608.00,
532435,SANINFRA    ,X ,Q,138.00,142.00,136.00,141.60,141.60,137.35,192,17039,2367815.00,
532439,OLECTRA     ,T ,Q,251.00,251.00,240.00,242.75,244.95,246.40,845,39743,9660508.00,
532440,MPS LTD     ,B ,Q,655.00,664.40,639.00,656.55,656.55,646.75,466,4703,3067501.00,
532441,RNBOWDENIM  ,XT,Q,2.82,2.82,2.82,2.82,2.82,2.69,3,1529,4311.00,
532443,CERA SANITAR,A ,Q,4499.65,4500.00,4439.40,4455.60,4468.00,4488.40,138,242,1082792.00,
532444,T. SPIRITUAL,XT,Q,1.01,1.01,1.01,1.01,1.01,0.97,15,9790,9887.00,
532454,BHARTI ARTL ,A ,Q,533.50,533.50,525.00,525.55,525.55,530.00,6019,261038,137752822.00,
532455,SHALIMAR WIR,XT,Q,6.85,6.96,6.52,6.79,6.61,6.86,33,2635,18012.00,
532456,COMPUAGE INF,B ,Q,32.25,32.50,30.90,31.45,31.35,32.55,669,123771,3925599.00,
532457,GULSHAN POLY,T ,Q,230.80,231.85,227.50,231.85,231.85,220.85,364,33404,7741146.00,
532459,FAZE3AUTO   ,X ,Q,100.25,105.70,99.65,103.55,103.65,103.15,126,19876,2020860.00,
532460,PONNI SUG(ER,B ,Q,317.40,319.00,301.55,303.60,303.60,316.30,664,7035,2169079.00,
532461,PUNJAB NATIO,A ,Q,40.95,40.95,40.30,40.35,40.35,40.75,34290,3118711,126546228.00,
532466,ORACLE FIN  ,A ,Q,4160.00,4235.00,3983.10,4095.25,4090.45,4158.85,2858,15917,65503362.00,
532467,HAZ MUL PRO ,XT,Q,16.20,16.85,15.25,16.75,16.75,16.05,459,119600,1890642.00,
532468,KAMAHOLDING ,A ,Q,10350.00,10400.05,9798.90,9838.25,9838.25,10236.00,232,626,6244931.00,
532475,APTECH LTD  ,A ,Q,245.90,258.00,245.10,250.80,250.80,243.30,1900,54980,13932526.00,
532477,UNION BANK L,A ,Q,37.15,37.20,36.30,36.45,36.45,36.85,1170,537172,19723354.00,
532478,UNITED BREWA,A ,Q,1417.00,1426.00,1394.15,1395.90,1400.55,1421.15,1393,13201,18588029.00,
532479,ISMT LTD    ,T ,Q,24.95,26.50,24.90,24.90,24.90,26.20,123,47395,1200266.00,
532481,NOIDA-TOLL B,B ,Q,6.95,6.95,6.46,6.47,6.46,6.80,118,111283,731047.00,
532482,GRANULES (I),A ,Q,372.10,378.65,369.05,370.35,370.35,371.95,3759,658777,244525952.00,
532483,CANARA BANK ,A ,Q,152.65,152.65,149.30,150.60,150.60,151.65,5491,589038,88738394.00,
532485,BALMER LA.IN,B ,Q,491.35,492.00,479.00,481.75,483.90,487.75,523,12068,5835371.00,
532486,POKARNA LTD ,B ,Q,364.50,379.90,364.50,370.85,370.50,364.80,797,14587,5448286.00,
532488,DIVI'S LAB. ,A ,Q,4602.00,4652.50,4599.80,4606.90,4613.10,4623.15,638,3290,15223973.00,
532493,ASTRA MICRO ,A ,Q,180.40,187.40,178.35,182.25,182.25,178.90,5520,797662,146157746.00,
532497,RADICOKHAIT ,A ,Q,780.60,780.60,751.40,757.15,758.80,772.75,954,15794,12066728.00,
532498,SHRMCITYUN  ,A ,Q,1807.35,1832.80,1782.05,1790.10,1783.00,1811.20,655,2724,4904820.00,
532500,MARUTISUZUK ,A ,Q,7355.00,7359.00,7269.10,7307.05,7307.05,7328.25,3923,16077,117361734.00,
532503,RAJAPAMILLS ,X ,Q,890.00,920.00,870.00,891.20,899.00,882.10,267,4848,4360710.00,
532504,NAVIN FLUORI,A ,Q,3940.00,4000.00,3825.00,3849.40,3853.05,3891.35,1367,8049,31260966.00,
532505,UCOBANK     ,A ,Q,14.20,14.25,14.00,14.05,14.05,14.15,1253,536513,7565613.00,
532507,BAG FIL MED ,T ,Q,3.83,3.96,3.80,3.80,3.80,3.99,65,125992,482887.00,
532508,JSL         ,A ,Q,122.50,126.00,117.10,125.15,125.15,122.70,3998,332748,40555009.00,
532509,SUPRAJIT ENG,A ,Q,306.00,317.00,304.30,314.80,314.80,310.50,2126,45501,14165365.00,
532513,TVSELE      ,B ,Q,198.85,200.90,193.45,195.65,197.40,196.15,607,13442,2634565.00,
532514,INDRA GAS   ,A ,Q,562.00,565.15,558.95,560.25,560.25,560.35,2423,142838,80310474.00,
532515,TV TODAY    ,A ,Q,300.05,303.00,299.20,300.00,299.95,299.45,188,1800,542283.00,
532521,PALRED      ,B ,Q,113.60,116.95,111.40,111.80,111.55,112.15,232,5863,671843.00,
532522,PETRONET LNG,A ,Q,222.00,222.50,220.70,221.10,221.10,221.65,3762,146430,32434414.00,
532523,BIOCON LTD. ,A ,Q,401.90,404.10,395.20,403.15,403.15,399.30,2574,106252,42521496.00,
532524,PTC INDIA   ,A ,Q,103.70,104.85,102.25,103.35,102.50,101.95,3891,137346,14211358.00,
532525,BANK MAHA   ,A ,Q,24.55,24.55,23.90,24.15,24.15,24.45,2351,744059,17995342.00,
532527,RK FORGINGS ,A ,Q,737.00,764.35,736.30,749.55,748.00,736.55,527,23131,17202841.00,
532528,DATAM GLOB  ,B ,Q,181.15,219.10,181.15,219.10,219.10,182.60,6340,207602,43727791.00,
532529,NDTV        ,B ,Q,77.35,77.35,73.70,75.00,75.00,76.10,396,16431,1234951.00,
532531,STAR        ,A ,Q,780.00,795.00,776.95,781.30,782.40,788.65,853,15980,12489720.00,
532532,JAIPRA      ,T ,Q,13.12,13.12,12.58,12.70,12.70,12.83,1201,627373,7986295.00,
532538,ULTRATECH CM,A ,Q,7150.00,7220.00,7107.10,7191.45,7191.45,7117.45,2616,12080,86701322.00,
532539,MINDA IND   ,A ,Q,711.65,715.30,700.60,712.65,710.75,704.25,2349,31544,22364912.00,
532540,TCS LTD.    ,A ,Q,3233.00,3233.00,3194.90,3201.50,3201.50,3213.85,4755,87671,281171844.00,
532541,COFORGE     ,A ,Q,4526.00,4611.45,4491.20,4588.20,4580.70,4533.55,2275,12716,57943750.00,
532543,GULFPETRO   ,B ,Q,70.20,73.00,68.95,69.45,69.45,69.50,1059,30245,2135784.00,
532548,CENTURYPLY  ,A ,Q,411.35,424.40,408.65,410.80,410.00,420.30,882,6332,2633984.00,
532553,WELENT      ,A ,Q,109.55,114.50,109.55,110.60,110.40,109.65,1119,46673,5239294.00,
532555,NTPC LTD    ,A ,Q,121.40,121.40,119.30,120.35,120.35,120.70,2559,385680,46411130.00,
532604,SALSTEEL    ,T ,Q,10.48,10.48,10.48,10.48,10.48,9.99,116,135064,1415470.00,
532605,JBM AUTO    ,B ,Q,503.50,511.20,485.00,491.40,491.00,501.05,3819,75198,37688426.00,
532610,DWAR SUGAR  ,A ,Q,79.50,79.85,76.50,76.90,76.90,78.90,3110,365724,28494994.00,
532612,INDOCO REM  ,A ,Q,438.55,449.70,435.00,436.70,436.70,442.15,772,9158,4047769.00,
532613,VIPCLOTHNG  ,B ,Q,19.10,19.40,19.00,19.40,19.40,18.50,213,173364,3360550.00,
532616,XCHANGING   ,B ,Q,91.50,93.55,89.40,91.15,90.80,91.50,1759,131205,12078309.00,
532617,JETAIRWAYS  ,Z ,Q,75.85,75.85,75.85,75.85,75.85,79.80,546,36196,2745466.00,
532621,MORARJETEX  ,B ,Q,21.15,21.60,20.50,20.85,20.85,21.15,90,20898,442524.00,
532622,GATEWAY DIST,T ,Q,285.50,288.00,280.75,282.70,282.00,285.50,167,3267,928240.00,
532624,JINDALPH    ,T ,Q,73.75,75.50,72.00,72.00,72.00,72.00,16,2316,169370.00,
532626,PONDY OXIDES,X ,Q,339.95,344.95,331.05,335.50,336.00,340.70,523,14761,4967191.00,
532627,JPPOWER     ,B ,Q,6.16,6.26,5.86,6.00,6.00,6.16,14907,20667220,124147781.00,
532628,3I INFOTECH ,T ,Q,9.56,9.90,9.50,9.51,9.51,9.62,5451,2180474,20962136.00,
532629,MCNALLYB    ,T ,Q,11.90,11.92,11.50,11.92,11.92,11.36,121,96496,1149392.00,
532630,GOKALDAS    ,B ,Q,224.00,226.00,209.85,209.85,209.85,220.85,2598,150228,32073230.00,
532633,ALLSEC TECH ,B ,Q,537.00,555.00,526.60,540.65,535.05,537.70,893,10422,5660871.00,
532636,IIFL        ,T ,Q,273.90,275.80,265.10,266.70,266.00,270.35,247,11352,3069288.00,
532637,MAN DRUGORG ,B ,Q,164.20,172.70,164.20,166.95,168.15,166.65,1320,51996,8807637.00,
532638,SHOPPER STOP,A ,Q,252.00,254.15,247.30,248.00,247.85,250.55,374,7643,1917225.00,
532640,CYBER MEDIA ,B ,Q,13.56,14.00,13.46,13.89,13.90,13.78,28,7726,105750.00,
532641,NDL         ,T ,Q,60.45,60.45,57.95,60.35,60.45,57.60,72,24129,1458481.00,
532642,JSWHL       ,A ,Q,4885.55,4885.55,4692.05,4735.40,4715.05,4775.85,66,170,800842.00,
532644,JK CEMENT   ,A ,Q,3217.20,3254.20,3197.70,3219.05,3219.05,3219.55,703,2311,7463955.00,
532645,BEEYU OVERSE,XT,Q,0.95,0.95,0.93,0.93,0.93,0.97,4,7500,7075.00,
532648,YES BANK    ,A ,Q,13.09,13.87,13.03,13.54,13.54,13.01,25480,25839871,348682774.00,
532649,NECTAR LIFE ,B ,Q,42.85,43.40,40.90,41.15,41.15,42.85,991,115024,4786737.00,
532650,MSP STEEL   ,T ,Q,10.75,11.40,10.71,10.89,10.96,11.23,166,72708,792283.00,
532651,SPL INDS    ,B ,Q,53.45,54.15,50.40,51.55,51.25,51.90,802,45496,2407976.00,
532652,KARNATAKA BK,A ,Q,62.00,62.70,62.00,62.20,62.20,62.00,498,85936,5350124.00,
532654,MCLEOD RUSSE,T ,Q,33.55,34.90,33.50,33.80,33.90,34.25,231,32872,1110186.00,
532656,FACOR ALLOYS,X ,Q,5.70,5.70,5.70,5.70,5.70,5.43,219,390398,2225268.00,
532659,IDFC        ,A ,Q,55.70,55.70,52.90,53.45,53.45,55.35,1356,272498,14779745.00,
532660,VIVIMED LABS,T ,Q,24.55,25.70,24.55,24.85,24.85,25.20,371,54585,1356477.00,
532661,RANE MADRAS ,B ,Q,416.00,424.90,414.95,418.70,419.25,416.60,737,6072,2545663.00,
532662,HT MEDIA    ,B ,Q,26.95,27.05,26.30,26.60,26.60,26.75,289,16771,447733.00,
532663,SASKEN      ,A ,Q,1326.00,1373.90,1300.80,1323.95,1323.95,1321.65,3488,26167,34745315.00,
532666,FCS SOFTWARE,T ,Q,2.13,2.14,2.10,2.14,2.14,2.04,2000,3399029,7260946.00,
532667,SUZLONENERGY,A ,Q,7.93,8.32,7.85,8.25,8.25,7.93,45068,42709650,351096786.00,
532668,AURIONPRO SO,B ,Q,166.75,197.60,162.70,192.30,192.30,166.70,5016,148945,27960569.00,
532670,RENUKA SUGAR,T ,Q,34.80,36.50,34.80,34.95,34.95,36.60,10551,3416731,119818034.00,
532673,KM SUGARMILL,B ,Q,33.40,34.15,32.75,32.95,32.95,33.30,1031,167542,5568783.00,
532674,BANNARI AMMA,T ,Q,85.45,85.45,81.20,81.45,81.50,83.35,103,10115,838357.00,
532676,PBA INFRASTR,B ,Q,16.10,16.25,15.15,15.40,15.30,15.65,82,11561,179419.00,
532678,BOMBAY RAYON,T ,Q,10.95,10.95,10.41,10.56,10.64,10.75,151,33786,357599.00,
532679,SORILINFRA  ,B ,Q,142.55,144.00,141.55,142.10,142.95,143.90,123,2176,310986.00,
532683,AIAENGINEER ,A ,Q,2074.15,2081.95,2016.85,2026.00,2024.65,2067.60,647,2024,4135461.00,
532684,EVEREST KANT,T ,Q,96.75,100.60,96.75,100.60,100.60,95.85,255,30810,3084959.00,
532686,KERNEX MICRO,T ,Q,77.00,81.15,75.10,77.65,76.15,79.00,18,386,29793.00,
532687,REPRO INDIA ,B ,Q,368.35,368.35,360.80,361.40,361.25,363.95,113,242,87634.00,
532689,PVR LTD     ,A ,Q,1404.40,1404.40,1362.00,1367.80,1367.80,1390.85,1319,18628,25516038.00,
532692,RADHA MADHAV,Z ,Q,2.63,2.68,2.60,2.68,2.68,2.56,100,71550,190573.00,
532693,PUNJ LLOYD  ,Z ,Q,2.40,2.44,2.34,2.35,2.35,2.46,212,437610,1034530.00,
532694,BARTRONICSIN,Z ,Q,3.89,3.89,3.61,3.69,3.64,3.79,51,36923,135356.00,
532695,CELEBRITYFAS,B ,Q,8.70,8.92,8.31,8.92,8.92,8.50,37,13024,115392.00,
532696,EDUCOMP SOLN,Z ,Q,3.35,3.43,3.22,3.31,3.33,3.35,57,37671,125019.00,
532698,NITINSPINNER,B ,Q,164.50,168.25,163.20,164.30,165.05,161.75,1139,53347,8848050.00,
532699,ROYALORCH   ,B ,Q,86.00,89.10,84.55,86.10,85.50,84.60,324,8014,695695.00,
532700,ENT NETWORK ,B ,Q,191.00,194.50,189.00,190.20,189.60,193.85,817,18166,3475862.00,
532701,CELLA       ,Z ,Q,7.50,7.99,7.23,7.89,7.89,7.61,42,49269,365906.00,
532702,GUJ PETRONET,A ,Q,317.50,327.30,317.50,322.10,324.00,322.50,806,23822,7720602.00,
532705,JAGRAN PRAK ,A ,Q,68.70,70.05,66.70,67.10,67.00,68.20,863,94488,6412008.00,
532706,INOX LEISURE,A ,Q,314.95,318.00,312.00,313.45,313.45,314.35,1226,18290,5754435.00,
532707,DYNEMIC PRO ,B ,Q,538.60,538.60,522.00,524.60,524.10,533.45,344,2858,1506931.00,
532710,SADBHAV ENGG,A ,Q,81.30,82.70,78.95,79.60,79.60,82.00,1625,170040,13726623.00,
532712,REL COM LTD ,B ,Q,3.78,3.85,3.68,3.85,3.85,3.67,30662,32491139,123595965.00,
532713,SAKUMA EXPO ,B ,Q,14.05,14.50,13.80,14.41,14.41,13.91,482,253525,3612588.00,
532714,KEC INTERN  ,A ,Q,417.05,422.20,413.00,415.40,415.65,413.05,1859,41517,17346400.00,
532716,GILLA ARBUT ,B ,Q,59.80,63.35,59.05,60.45,59.90,62.40,167,7098,439280.00,
532717,INDOTECHTR  ,B ,Q,286.00,290.45,271.40,271.40,271.40,285.65,229,7169,1981051.00,
532719,BL KASHYAP  ,B ,Q,24.15,24.45,23.80,24.15,24.25,24.55,201,88030,2114592.00,
532720,M&M FINANSER,A ,Q,163.50,163.60,161.10,161.45,161.75,163.30,1009,138640,22541315.00,
532721,VISA STEEL  ,T ,Q,10.10,10.28,9.84,9.85,9.85,10.19,34,7507,75050.00,
532722,NITCO TILES ,B ,Q,27.85,28.00,27.25,27.55,27.55,27.65,159,7618,209817.00,
532723,MPDL        ,XT,Q,9.60,9.64,9.60,9.64,9.64,9.19,2,274,2630.00,
532725,SOLAR IND   ,A ,Q,1701.00,1706.25,1660.00,1665.95,1660.00,1656.30,1262,7747,13000409.00,
532726,GALLAN METAL,B ,Q,78.20,81.00,78.20,79.35,79.55,79.55,918,48371,3861789.00,
532728,MALU PAPER  ,B ,Q,38.30,38.40,36.55,36.65,36.80,37.95,366,15678,582285.00,
532729,UTTAM SUGAR ,T ,Q,232.00,234.95,219.75,223.85,221.05,229.15,285,9357,2095238.00,
532730,STL GLOBAL  ,B ,Q,14.90,15.00,14.70,14.92,14.92,14.70,98,19946,296988.00,
532732,KEWAL KIRAN ,B ,Q,943.00,958.00,921.95,930.95,930.00,943.40,90,678,635420.00,
532733,SUN TVNET   ,A ,Q,528.00,534.15,528.00,531.60,530.35,528.00,1422,65011,34546518.00,
532734,GODAWARI POW,T ,Q,1380.10,1423.95,1380.10,1406.40,1408.00,1411.95,455,6287,8820289.00,
532735,RSYSTEMINT  ,A ,Q,166.45,174.20,165.40,173.40,173.40,164.50,1789,66349,11409888.00,
532737,EMKAY GLOB F,B ,Q,116.00,130.55,112.90,123.00,123.00,108.80,5871,447659,56299218.00,
532738,TANTIA CONS ,Z ,Q,9.62,9.62,9.20,9.62,9.62,9.17,49,17079,164094.00,
532740,LOKESH MACH ,T ,Q,43.75,45.00,42.70,45.00,45.00,42.90,10,1522,68280.00,
532741,KAMDHENU    ,B ,Q,174.70,183.40,170.40,179.30,179.30,173.35,1430,26889,4811640.00,
532742,PAUSHAK LTD ,T ,Q,9250.00,9558.70,9225.00,9292.90,9300.00,9199.05,397,1458,13650294.00,
532744,GTN TEXTILE ,B ,Q,8.71,9.08,8.71,8.76,8.76,8.66,10,1878,16926.00,
532745,INDICAP     ,X ,Q,49.80,52.90,46.65,49.95,50.65,49.80,314,63346,3210974.00,
532748,PRIME FOCUS ,T ,Q,57.70,59.00,56.20,57.00,57.00,56.45,42,8441,492602.00,
532749,ALLCARGO    ,A ,Q,157.95,159.60,155.00,156.95,157.35,158.30,820,31163,4885973.00,
532751,EASUNREYRL  ,Z ,Q,2.99,2.99,2.76,2.79,2.80,2.90,19,14821,41744.00,
532754,GMR INFRASTR,A ,Q,31.45,31.45,30.65,30.85,30.85,31.10,4363,1620373,50045268.00,
532755,TECH MAH    ,A ,Q,1085.70,1119.60,1076.45,1112.15,1112.15,1078.40,8703,198703,219623640.00,
532756,MAHINDCIE   ,A ,Q,239.40,239.40,234.40,237.15,236.00,235.70,474,13422,3166194.00,
532757,VOLTAMP TRAN,A ,Q,1617.95,1618.10,1561.00,1594.95,1595.85,1607.65,471,2436,3865332.00,
532759,ATLANTA     ,T ,Q,18.00,19.35,17.76,18.00,18.00,18.50,55,5075,91524.00,
532760,DEEPENR     ,B ,Q,61.85,62.30,58.50,59.20,59.40,60.05,714,31062,1874724.00,
532761,HOV SERVICES,B ,Q,64.00,64.10,64.00,64.10,64.10,61.05,29,846,54173.00,
532762,ACTION CONST,A ,Q,230.00,234.55,228.00,228.65,228.65,231.00,2558,119736,27643783.00,
532764,GEECEE      ,B ,Q,164.00,169.10,161.90,163.35,163.55,162.80,137,1355,222168.00,
532766,RICHA IND   ,Z ,Q,2.35,2.35,2.35,2.35,2.35,2.24,11,2864,6730.00,
532767,GAYATRI PROJ,B ,Q,39.00,39.60,37.00,37.90,37.90,38.80,10000,3216918,121624837.00,
532768,FIEM INDS   ,B ,Q,790.00,791.75,774.00,775.60,775.60,785.30,497,3318,2594315.00,
532771,JHS SVEN    ,B ,Q,30.35,31.45,28.25,28.75,28.75,28.65,835,137287,4073919.00,
532772,DCBBANK     ,A ,Q,107.60,112.80,106.55,108.90,108.55,107.00,2652,224593,24663585.00,
532773,GLOBAL VECT ,B ,Q,57.40,61.95,55.60,61.00,61.00,56.35,1299,135520,8226428.00,
532774,INSPIRISYS  ,B ,Q,67.00,68.65,67.00,68.65,68.65,65.40,66,18615,1277438.00,
532775,GTL INFRAST ,B ,Q,3.31,3.34,3.25,3.34,3.34,3.19,6032,33179890,110590796.00,
532776,SHIVAM AUTO ,T ,Q,26.20,26.30,25.50,26.30,26.30,25.05,340,88879,2328510.00,
532777,INFO EDGE   ,A ,Q,5235.00,5274.00,5180.10,5210.60,5214.15,5203.85,1976,15627,81458412.00,
532779,TORNT POWER ,A ,Q,478.10,483.75,472.55,479.90,476.70,474.10,2168,73081,35038963.00,
532780,PARSVNATH   ,B ,Q,14.62,14.62,14.30,14.62,14.62,13.93,287,177817,2583205.00,
532782,SUTLEJ TEXT ,B ,Q,67.50,67.50,63.35,64.45,64.45,66.15,901,63192,4118191.00,
532783,DAAWAT      ,A ,Q,81.40,81.45,79.20,79.45,79.40,80.10,2918,293102,23421557.00,
532784,SOBHA       ,A ,Q,563.00,677.90,552.85,674.25,674.25,564.95,8371,259565,169472998.00,
532785,RUCHIRA PAP ,B ,Q,103.85,103.85,98.40,99.40,99.55,103.85,1013,40934,4094687.00,
532790,TANLA       ,T ,Q,949.00,961.00,925.00,951.65,951.65,947.90,1416,20769,19810739.00,
532794,ZEEMEDIA    ,B ,Q,13.20,13.20,12.70,12.84,12.76,13.01,1284,506850,6545203.00,
532795,SITINET     ,T ,Q,1.60,1.60,1.50,1.50,1.54,1.57,710,2664531,4021003.00,
532796,LUMAX TECH  ,B ,Q,165.90,166.80,160.00,160.95,161.30,164.90,992,20915,3433459.00,
532797,AUTOIND     ,T ,Q,49.15,50.00,46.65,48.55,49.00,48.35,122,17254,839105.00,
532798,NTWK MED INV,A ,Q,51.30,52.65,51.25,52.00,52.00,51.30,729,110789,5768132.00,
532799,HUBTOWN     ,T ,Q,27.75,28.20,26.50,26.65,26.50,27.40,88,16216,438519.00,
532800,TV18BRDCST  ,A ,Q,41.50,42.85,41.00,42.40,42.40,40.90,1700,898687,37617099.00,
532801,CAMBRIDGE   ,B ,Q,59.95,61.00,59.00,61.00,61.00,58.10,219,27110,1644958.00,
532804,TECHNOCRAFT ,B ,Q,609.70,660.25,585.95,633.80,633.80,592.80,2306,31930,19752622.00,
532805,REDINGTON   ,A ,Q,343.45,343.45,332.50,333.95,335.60,337.75,3654,66507,22339403.00,
532806,AI CHAMPDNY ,XT,Q,16.20,16.30,14.85,14.85,14.85,15.55,11,661,10741.00,
532807,CINELINE    ,B ,Q,51.00,51.70,49.20,49.50,49.50,50.90,344,21802,1092725.00,
532808,PGIL        ,B ,Q,269.85,276.20,265.40,272.55,272.70,277.20,258,6356,1717407.00,
532809,FSL         ,A ,Q,198.40,208.45,197.35,205.30,205.30,196.90,12319,1078146,220272584.00,
532810,POWER FINAN ,A ,Q,124.25,127.40,123.70,125.70,125.95,123.85,2745,408125,51578127.00,
532811,AHLUWALIA CO,A ,Q,388.85,409.25,384.50,398.25,398.25,385.80,710,5700,2250516.00,
532812,TRANSWARRANT,T ,Q,6.43,6.43,6.43,6.43,6.43,6.13,10,1763,11336.00,
532813,C & C CONSTR,Z ,Q,3.98,3.99,3.82,3.93,3.93,4.00,21,11517,45329.00,
532814,INDIAN BANK ,A ,Q,137.00,138.50,136.60,138.15,138.15,137.00,2860,185879,25579256.00,
532815,SMS PHARMACE,B ,Q,176.45,177.40,174.70,175.00,174.90,176.30,502,3945,694327.00,
532817,ORIENTAL    ,B ,Q,11.47,11.47,10.95,10.98,11.12,11.16,69,25031,279037.00,
532819,MINDTREE LTD,A ,Q,2701.95,2739.95,2673.45,2731.95,2736.30,2702.15,6473,86801,236073197.00,
532820,ELAND       ,XT,Q,4.66,4.66,4.66,4.66,4.66,4.44,15,8607,40108.00,
532822,IDEA        ,A ,Q,8.82,8.96,8.75,8.77,8.77,8.82,139286,31405990,276907250.00,
532825,JAGJANANI   ,X ,Q,1.95,1.95,1.95,1.95,1.95,1.86,13,4720,9204.00,
532826,RAJ TELE    ,B ,Q,53.55,53.65,52.30,52.70,53.05,53.80,193,2838,150005.00,
532827,PAGE INDUSTR,A ,Q,32962.90,33399.95,32932.45,33068.25,32943.00,32876.90,428,688,22818848.00,
532828,AMD INDUS   ,B ,Q,32.25,32.25,31.00,31.15,31.00,31.60,69,5489,171992.00,
532829,LEHAR       ,XT,Q,37.40,37.50,36.00,36.95,37.00,36.65,80,21453,794429.00,
532830,ASTRAL      ,A ,Q,2129.90,2130.00,2082.70,2103.40,2105.00,2097.85,1077,7947,16667076.00,
532832,INDBUL REAL ,A ,Q,133.40,142.45,132.10,140.85,140.85,132.20,10240,1580735,216676730.00,
532834,CAMLINFINE  ,A ,Q,219.05,224.60,215.10,222.05,222.05,218.85,3067,150159,33210720.00,
532835,ICRA        ,A ,Q,3633.15,3648.25,3559.55,3567.65,3577.95,3656.55,296,798,2870107.00,
532839,DISH TV     ,A ,Q,14.25,14.79,14.04,14.55,14.55,14.37,6863,1593129,22942877.00,
532841,SAHYA INDU  ,X ,Q,584.00,640.00,570.20,626.05,626.05,571.55,1440,66050,41171458.00,
532842,SREE RAYALA ,B ,Q,326.70,329.20,321.40,322.10,323.30,327.35,376,3309,1074908.00,
532843,FORTIS      ,A ,Q,241.90,242.75,236.75,238.35,236.85,239.20,2235,109080,26144109.00,
532845,TGBHOTELS   ,T ,Q,9.10,9.28,9.00,9.01,9.26,9.21,19,3210,29114.00,
532847,HILTON MET  ,T ,Q,11.56,12.00,11.56,11.76,11.66,11.82,10,3811,44841.00,
532848,DELTA CORP  ,A ,Q,185.10,187.45,182.65,183.60,183.60,185.30,1992,204987,37957093.00,
532851,INSECTCID   ,A ,Q,755.25,757.70,742.00,747.30,747.20,747.60,562,2189,1648826.00,
532852,MCD HOLDING ,T ,Q,53.85,57.80,53.85,57.45,57.80,55.10,81,8003,447831.00,
532853,ASAHI SONG  ,B ,Q,373.75,384.70,371.90,375.55,375.55,373.75,472,4534,1722635.00,
532854,NITIN FIRE  ,Z ,Q,2.31,2.31,2.31,2.31,2.31,2.20,90,519039,1198980.00,
532855,HARYA CAPFIN,X ,Q,38.60,42.55,38.60,40.00,40.00,40.55,14,1694,68119.00,
532856,TIME TECHNO ,A ,Q,83.90,86.20,83.65,84.05,84.20,85.25,1689,85246,7211253.00,
532859,HGSL        ,T ,Q,2968.25,2968.25,2959.00,2968.25,2968.25,2826.95,290,11489,34100463.00,
532864,NELCAST     ,B ,Q,87.75,90.35,86.95,88.10,88.10,85.90,1721,135339,12038335.00,
532867,V2RETAIL    ,B ,Q,137.05,138.85,130.00,130.70,130.70,134.35,385,4661,619190.00,
532868,DLF LIMITED ,A ,Q,312.00,323.80,310.40,322.25,322.25,311.80,5786,565151,179615351.00,
532869,TARMAT      ,B ,Q,65.50,74.75,64.20,72.35,72.50,67.00,1964,111110,7937328.00,
532870,ANKIT METAL ,T ,Q,1.88,1.88,1.74,1.83,1.85,1.80,47,31122,56787.00,
532872,SUNPHA ADV  ,A ,Q,253.00,259.60,249.30,250.95,250.60,255.40,2335,181407,46091890.00,
532873,HOUSING DEV ,Z ,Q,5.80,5.91,5.75,5.78,5.78,5.85,263,152579,884944.00,
532874,SURYACHAKRA ,Z ,Q,1.50,1.50,1.50,1.50,1.50,1.57,51,207556,311334.00,
532875,ALLIED DIGIT,B ,Q,69.15,71.00,67.75,68.60,68.65,67.75,689,55070,3842719.00,
532878,ALPA LAB    ,T ,Q,50.05,51.85,50.05,50.70,50.95,51.30,42,2381,120714.00,
532880,OMAXE LTD   ,A ,Q,91.95,98.05,90.70,94.45,94.15,91.45,799,18036,1715473.00,
532884,REFEX       ,B ,Q,140.40,141.50,139.00,139.65,139.65,140.60,1228,15756,2207224.00,
532885,CENTRAL BK  ,A ,Q,25.90,26.10,25.45,25.55,25.55,25.65,1928,897707,23088575.00,
532887,NTL         ,T ,Q,1.68,1.69,1.57,1.69,1.69,1.61,60,42112,70557.00,
532888,ASIAN GRANIT,A ,Q,188.00,188.70,183.00,183.40,183.80,187.50,960,45581,8460713.00,
532889,K.P.R. MILL ,A ,Q,1835.00,1854.00,1821.00,1830.75,1830.00,1821.30,1480,5429,9958260.00,
532890,TAKE SOLUT  ,A ,Q,64.90,67.40,64.35,65.45,65.20,64.30,2191,277327,18317952.00,
532891,PURAVANKARA ,B ,Q,110.00,114.75,104.10,113.25,113.25,108.40,2446,148599,16656340.00,
532892,MOTILALOFS  ,A ,Q,1012.90,1033.50,1004.55,1020.40,1024.00,1012.90,3703,61400,62649342.00,
532893,VTM LTD     ,X ,Q,35.10,37.45,35.10,36.95,36.95,36.30,292,89916,3290547.00,
532894,IWIND ENERGY,B ,Q,8.89,8.90,8.26,8.34,8.26,8.63,324,148204,1280475.00,
532895,NAGREKA CAP ,B ,Q,7.80,7.80,7.79,7.79,7.79,7.82,2,51,397.00,
532896,MAGNUM VENT ,T ,Q,9.30,10.23,9.30,10.23,10.23,9.75,16,15660,159271.00,
532898,POWER GRID  ,A ,Q,230.90,231.40,229.45,230.35,230.35,229.95,1519,73640,16988911.00,
532899,KAVERI SEED ,A ,Q,733.50,755.00,721.35,749.70,754.95,722.05,2221,245513,180720747.00,
532900,PAISALO     ,A ,Q,666.00,685.00,648.35,662.15,663.90,663.95,565,4531,3026649.00,
532902,CONSOL CONST,T ,Q,0.62,0.62,0.59,0.62,0.62,0.62,24,6696,4013.00,
532906,MAANALU     ,B ,Q,365.20,395.25,365.20,390.30,395.00,382.05,935,8429,3219699.00,
532907,ILFSENGG    ,Z ,Q,5.84,5.84,5.66,5.84,5.84,5.57,39,66014,384173.00,
532911,PARLEIND    ,X ,Q,9.46,9.50,9.40,9.48,9.48,9.46,672,80260,759699.00,
532915,RELIGARE ENT,A ,Q,141.50,142.25,139.10,139.70,139.70,140.45,1738,140406,19681297.00,
532916,BARAK VALL  ,T ,Q,23.00,23.05,22.80,22.80,22.80,23.05,11,1000,22939.00,
532918,RATHI BARS  ,X ,Q,26.45,26.50,25.50,26.35,26.50,26.00,72,16364,425357.00,
532921,ADANI PORTS ,A ,Q,700.00,706.45,695.70,699.10,699.10,697.25,5343,248576,173928345.00,
532922,EDELWEISS   ,A ,Q,90.50,93.45,89.90,90.00,90.00,94.60,10200,915331,83414914.00,
532923,RGL         ,B ,Q,559.35,564.50,547.90,556.20,559.50,552.75,1761,12250,6827855.00,
532924,KOLTEPATIL  ,A ,Q,233.95,246.50,231.80,243.65,243.65,233.95,4182,117230,28296019.00,
532925,KAUSHAL INFR,T ,Q,2.55,2.55,2.36,2.55,2.55,2.43,26,23409,59350.00,
532926,JYOTHYLAB   ,A ,Q,172.00,175.50,171.40,174.25,174.25,171.80,1953,80043,13912400.00,
532927,ECLERX      ,T ,Q,2189.95,2236.90,2150.00,2230.30,2236.90,2130.40,374,5896,13091631.00,
532928,TRIL        ,B ,Q,34.90,34.90,32.90,33.40,33.40,33.55,543,66371,2233310.00,
532929,BRIGADE     ,A ,Q,333.50,357.35,314.00,346.90,346.90,327.50,3007,74610,25275201.00,
532930,BGR ENERGY  ,B ,Q,65.95,71.00,64.05,69.80,69.80,65.45,1392,128311,8867094.00,
532931,BURNPUR     ,T ,Q,2.32,2.47,2.32,2.35,2.33,2.44,56,87524,207003.00,
532932,MANAKSIA LTD,B ,Q,72.00,72.65,70.00,71.30,71.30,68.70,735,57888,4128709.00,
532933,PORWAL AUTO ,X ,Q,31.60,31.60,29.10,29.70,29.75,29.85,128,25854,785654.00,
532934,PPAP        ,B ,Q,256.80,264.00,256.25,259.30,259.85,255.60,459,4991,1301020.00,
532935,ARIES AGRO  ,B ,Q,183.00,193.75,180.00,180.45,180.45,179.65,3559,134363,25112428.00,
532937,KUANTUM     ,B ,Q,82.00,82.30,78.55,79.85,79.85,81.05,338,10876,872252.00,
532939,RPOWER      ,T ,Q,13.79,13.79,12.90,13.12,13.12,13.41,11279,4097604,54363525.00,
532940,J KUMAR INFR,A ,Q,223.40,228.50,216.50,224.85,224.85,222.50,4741,181135,40416678.00,
532941,CORDS CABLE ,B ,Q,71.25,71.75,67.00,67.40,67.40,71.25,945,35472,2458689.00,
532942,KNR CONST   ,A ,Q,245.50,263.00,242.00,260.40,260.40,242.85,14805,534751,136960454.00,
532944,ONMOBILE    ,B ,Q,146.25,149.00,142.55,143.80,143.80,147.80,3330,136856,19952433.00,
532945,SHRIRAM EPC ,B ,Q,5.48,5.65,5.42,5.47,5.46,5.47,596,540667,2995916.00,
532946,BANG        ,B ,Q,49.00,52.05,48.95,49.95,50.10,51.85,175,8689,438555.00,
532947,IRB INFRA   ,A ,Q,183.00,185.00,178.05,183.15,183.15,180.05,1699,154392,28041560.00,
532951,GSS INFOTECH,B ,Q,70.80,78.75,70.80,73.25,74.40,69.90,2500,146613,11012350.00,
532952,NAHAR CAP   ,B ,Q,214.70,231.70,209.05,220.75,222.00,209.85,847,18097,3977049.00,
532953,V GUARD IND ,A ,Q,259.90,260.85,257.45,259.50,259.50,258.50,1388,33538,8700611.00,
532955,RECLTD      ,A ,Q,148.30,153.00,148.00,150.75,150.75,148.00,4526,555598,84061445.00,
532957,GOKAK TEXTI ,XT,Q,27.80,27.80,26.50,27.00,27.00,26.50,27,4264,117441.00,
532959,GAMMON INFRA,B ,Q,2.35,2.35,2.35,2.35,2.35,2.47,293,471310,1107578.00,
532960,DHANI       ,B ,Q,217.50,217.50,207.90,217.50,217.50,207.15,8054,3640346,771885275.00,
532966,TITAGARH WAG,A ,Q,72.55,74.80,72.55,73.95,73.80,73.05,1440,150705,11042897.00,
532967,KIRI DYES   ,A ,Q,611.75,611.80,599.10,601.20,602.65,607.70,1082,23824,14416451.00,
532972,SANKHYA INFO,XT,Q,7.79,7.79,7.79,7.79,7.79,8.20,40,10765,83859.00,
532974,ABML        ,B ,Q,87.90,88.50,81.20,82.20,82.20,86.15,3578,294898,24805408.00,
532975,AISHWARYA   ,Z ,Q,2.34,2.45,2.34,2.44,2.44,2.34,9,2045,5009.00,
532976,JAIBALA IND ,B ,Q,66.25,66.25,66.25,66.25,66.25,63.10,52,30086,1993197.00,
532977,BAJAJ AUTO  ,A ,Q,3951.00,3976.70,3931.25,3939.40,3939.40,3954.60,2484,13933,54952532.00,
532978,BAJAJ FINSE ,A ,Q,13000.00,13114.30,12921.30,12955.65,12982.00,12988.80,1801,9070,117846715.00,
532980,GOKUL REFOIL,B ,Q,32.35,33.30,31.50,31.65,31.80,32.35,341,21524,694463.00,
532983,RPG LIFESCI ,B ,Q,465.35,476.65,465.30,466.80,465.35,461.90,303,3070,1444126.00,
532985,KOTAK SENSEX,B ,Q,555.50,555.90,553.00,553.00,553.00,553.50,6,14,7752.00,
532986,NIRAJ CEMENT,B ,Q,52.00,52.00,49.00,49.50,49.40,50.60,228,10533,526710.00,
532987,RANE BRAKE  ,B ,Q,1065.00,1108.55,1054.65,1091.60,1091.60,1059.70,1450,9938,10765998.00,
532988,RANE ENGVL  ,B ,Q,352.00,355.10,336.65,342.85,342.15,347.90,311,3400,1162117.00,
532989,BAFNA PHARMA,B ,Q,140.00,149.50,133.30,149.50,149.50,135.95,262,9602,1423300.00,
532992,CHL LTD     ,XT,Q,10.14,10.64,10.14,10.14,10.14,10.14,16,996,10154.00,
532994,ARCHIDPLY IN,T ,Q,33.40,34.40,33.40,34.25,34.25,34.00,11,1403,47861.00,
532998,LEHIL       ,T ,Q,50.70,50.70,48.20,48.25,48.25,50.70,39,2308,111515.00,
533001,SOMI CONVEY ,B ,Q,64.30,64.30,59.50,60.05,59.70,61.25,244,8979,549667.00,
533007,LGB FORGE   ,T ,Q,8.50,8.50,7.80,7.91,7.81,8.20,166,96030,773275.00,
533012,LANDMRK PRO ,T ,Q,6.08,6.08,6.08,6.08,6.08,6.40,56,8984,54622.00,
533014,SICAGEN IND ,T ,Q,26.00,26.00,24.80,24.95,24.95,25.70,47,20545,517244.00,
533018,SIMPLEX MIL ,X ,Q,21.00,21.00,21.00,21.00,21.00,21.00,2,100,2100.00,
533019,SIMPLEX PAP ,X ,Q,5.10,5.10,5.10,5.10,5.10,4.86,1,25,127.00,
533022,20 MICRONS  ,B ,Q,63.00,66.30,63.00,64.75,64.80,64.55,597,46212,3030473.00,
533023,WABCO       ,A ,Q,7308.55,7389.00,7272.30,7352.40,7349.00,7308.55,108,200,1470216.00,
533029,ALKALI      ,B ,Q,75.05,88.80,74.40,87.80,86.50,74.00,2184,108259,9319440.00,
533033,ISGEC       ,A ,Q,801.00,811.35,793.00,795.75,795.75,804.40,1168,25293,20244263.00,
533047,INDIAN MET  ,B ,Q,648.85,669.30,632.45,637.90,634.70,641.50,656,5517,3567461.00,
533056,VEDAVAAG    ,X ,Q,41.90,42.50,40.15,41.95,42.25,41.15,136,37023,1556974.00,
533080,MOLDTKPACK  ,A ,Q,530.00,537.50,518.15,520.30,521.30,530.90,967,8734,4555309.00,
533088,MAH HOLIDAY ,A ,Q,334.40,334.40,315.50,319.35,319.35,335.65,3559,132336,43160837.00,
533090,EXCEL       ,T ,Q,3.90,3.90,3.71,3.77,3.85,3.90,184,67665,256160.00,
533093,RAJ OIL     ,B ,Q,82.90,82.90,80.00,80.95,81.40,81.15,129,2966,239403.00,
533095,BENGLA& ASM ,B ,Q,1720.05,1740.00,1691.00,1702.55,1700.00,1713.00,298,3848,6603534.00,
533096,ADANI POWER ,T ,Q,105.45,106.00,103.00,103.90,103.90,105.45,15630,732713,76065864.00,
533098,NHPC        ,A ,Q,26.20,26.20,26.00,26.10,26.05,26.00,510,99215,2589009.00,
533101,SURYAMBA SP ,X ,Q,132.00,132.00,119.70,121.05,120.00,126.00,99,5975,744398.00,
533104,GLOBUS SPR  ,T ,Q,699.95,699.95,675.10,683.05,685.00,695.60,827,14724,10109259.00,
533106,OIL INDIA   ,A ,Q,166.80,166.80,160.70,161.40,161.45,165.80,1063,70803,11524411.00,
533107,RNAVAL      ,Z ,Q,3.42,3.42,3.42,3.42,3.42,3.59,487,842619,2881756.00,
533108,BHILWRA TEC ,X ,Q,15.04,15.04,14.00,14.87,15.04,14.33,251,100481,1488272.00,
533110,SH PRECOTED ,X ,Q,6.14,6.14,6.14,6.14,6.14,5.85,6,108,663.00,
533121,EXPLEOSOL   ,B ,Q,1272.00,1384.00,1230.60,1331.25,1332.65,1258.80,3988,31770,42448792.00,
533122,RTNPOWER    ,T ,Q,7.21,7.70,7.14,7.27,7.27,7.51,5931,6141671,44369094.00,
533137,DEN NETWORK ,A ,Q,55.90,56.40,55.30,55.45,55.45,55.85,1873,1963243,109824702.00,
533138,ASTEC LIFE  ,A ,Q,1485.00,1488.05,1436.50,1468.20,1477.80,1467.55,607,2903,4264923.00,
533144,COX KINGS   ,Z ,Q,2.11,2.11,2.11,2.11,2.11,2.22,120,75000,158250.00,
533146,DLINK IND   ,B ,Q,161.10,164.15,158.80,159.65,159.65,159.80,4141,348553,56373133.00,
533148,JSW ENERGY  ,A ,Q,174.00,190.00,172.55,188.70,188.70,173.30,10947,1066610,194636058.00,
533150,GODREJ PROP ,A ,Q,1502.00,1561.00,1496.15,1555.00,1555.00,1500.95,3049,75476,114612543.00,
533151,D B CORP    ,A ,Q,115.00,115.00,111.05,111.50,111.50,114.25,2842,173285,19473619.00,
533152,MBL INFRA   ,B ,Q,24.10,24.55,23.50,24.35,23.85,24.10,128,12613,304356.00,
533155,JUBL FOOD   ,A ,Q,3164.00,3170.00,3100.00,3105.40,3105.40,3156.20,3343,18488,57763604.00,
533156,VASCON ENG  ,B ,Q,23.50,24.30,23.45,23.55,23.45,24.65,682,250547,5913053.00,
533158,THANGAMAYIL ,B ,Q,860.00,869.00,830.05,847.45,847.75,836.70,65,393,331974.00,
533160,D B REALTY  ,B ,Q,31.05,31.05,28.15,29.80,29.80,29.60,2425,703098,20903050.00,
533161,EMMBI       ,B ,Q,101.95,118.80,100.45,116.85,116.85,100.15,4002,133174,14938705.00,
533162,HATHWAY CAB ,A ,Q,27.75,27.80,27.00,27.10,27.10,27.60,2780,962287,26320797.00,
533163,ARSS INFRA  ,T ,Q,34.05,35.25,34.00,35.10,35.20,33.60,50,8329,289959.00,
533164,TEXMO PIPES ,B ,Q,54.25,54.25,52.40,53.25,53.25,53.05,357,18373,978521.00,
533166,SUNDARAMMUL ,T ,Q,2.33,2.45,2.33,2.34,2.33,2.45,144,134572,317555.00,
533167,CORO ENGG   ,XT,Q,41.00,42.45,38.50,41.35,41.50,40.45,83,38801,1616947.00,
533168,ROSSELL IND ,B ,Q,171.40,172.00,165.20,166.40,165.60,169.85,689,18154,3054175.00,
533169,MAN INFRA   ,B ,Q,60.00,62.00,57.15,57.60,57.60,59.55,3084,954022,55888153.00,
533170,TAMBOLI CAP ,X ,Q,56.35,57.95,55.10,55.45,55.40,56.65,62,7905,445093.00,
533172,IVZINGOLD   ,E ,Q,4349.00,4358.10,4349.00,4358.10,4358.10,4310.00,2,2,8707.00,
533177,IL&FS TRANS ,Z ,Q,5.58,5.58,5.58,5.58,5.58,5.32,57,46473,259319.00,
533178,PRADIPOVERS ,T ,Q,1.20,1.20,1.20,1.20,1.20,1.15,7,30500,36600.00,
533179,PERSISTENT  ,A ,Q,2830.00,2877.55,2811.85,2842.10,2842.90,2785.90,1717,11244,32013952.00,
533181,INTRASOFT   ,B ,Q,108.70,110.00,105.85,108.75,108.05,108.10,277,9573,1035446.00,
533189,GOENKA DIAM ,Z ,Q,1.34,1.34,1.30,1.34,1.34,1.33,73,167682,221893.00,
533192,KCP SUGAR IN,B ,Q,29.80,29.80,28.00,28.10,28.10,29.00,434,90793,2594598.00,
533193,KIRLOSKAR EL,T ,Q,20.15,20.15,19.65,19.95,20.00,19.20,207,83347,1669202.00,
533202,NEH         ,X ,Q,2.37,2.38,2.25,2.32,2.29,2.30,123,133665,309008.00,
533203,TARAPUR TRA ,T ,Q,5.30,5.30,5.13,5.27,5.27,5.34,19,5180,26873.00,
533206,SJVN        ,A ,Q,28.80,29.00,28.30,28.50,28.50,28.85,659,147276,4218543.00,
533207,JPINFRATEC  ,T ,Q,2.49,2.49,2.49,2.49,2.49,2.62,593,510472,1271075.00,
533208,EMAMI PAPER ,B ,Q,180.00,180.05,169.35,169.95,172.80,179.55,483,8367,1443695.00,
533210,KRITI NUTRI ,X ,Q,46.15,46.15,43.10,43.95,43.95,45.70,571,66569,2949193.00,
533212,GKB OPHTHA  ,XT,Q,101.80,101.80,94.95,94.95,94.95,99.90,78,3935,378853.00,
533217,HMVL        ,B ,Q,91.75,91.75,88.80,89.15,89.10,90.45,1082,50005,4491329.00,
533218,EMAMIREAL   ,B ,Q,78.00,82.95,72.75,82.10,82.10,75.95,1634,110638,8689091.00,
533221,ASIAN HTL W ,B ,Q,245.30,247.70,242.50,242.50,242.50,244.85,260,3720,914271.00,
533227,ASIAN HTL E ,B ,Q,186.65,186.65,176.55,176.65,176.55,181.15,67,929,166721.00,
533229,BAJAJCON    ,A ,Q,292.25,295.00,287.75,289.50,290.00,292.25,2562,85955,25011921.00,
533230,HDFCMFGETF  ,E ,Q,43.14,43.14,42.85,42.96,42.95,42.69,112,27163,1167045.00,
533239,PRAKASHSTL  ,T ,Q,1.21,1.33,1.21,1.33,1.33,1.27,81,325017,395886.00,
533244,ICICIGOLD   ,E ,Q,42.59,42.92,42.59,42.88,42.88,42.59,139,19137,819428.00,
533248,GPPL        ,A ,Q,109.65,110.65,108.70,109.40,109.05,109.80,1474,79782,8764866.00,
533252,WELSPUN INV ,B ,Q,467.00,483.15,453.95,468.35,454.10,472.80,88,1385,639967.00,
533257,INDOSOLAR   ,Z ,Q,2.95,3.05,2.89,2.93,2.90,3.04,286,195146,578124.00,
533259,SASTASUNDR  ,T ,Q,340.00,345.00,328.45,334.00,335.70,345.70,139,6581,2194090.00,
533260,CAREERP     ,B ,Q,140.90,144.15,139.65,139.80,139.65,141.40,234,4174,590891.00,
533261,EROS MEDIA  ,B ,Q,24.95,25.55,24.30,25.25,25.30,24.55,764,224245,5603893.00,
533262,RAMKY INFRA ,T ,Q,181.25,181.35,178.10,181.35,181.35,172.75,163,28919,5213485.00,
533263,GREENPOWER  ,B ,Q,3.60,3.60,3.60,3.60,3.60,3.43,126,272867,982321.00,
533265,GALLISPAT   ,B ,Q,58.50,58.50,56.20,57.00,56.55,57.60,572,27378,1568460.00,
533267,CANTABIL    ,B ,Q,421.00,452.00,421.00,433.25,430.85,446.30,1189,8522,3774606.00,
533268,SEATV       ,XT,Q,1.57,1.57,1.57,1.57,1.57,1.65,1,5011,7867.00,
533269,VATECH WABA ,A ,Q,371.50,374.05,362.35,362.90,364.95,367.95,798,20289,7455729.00,
533270,BEDMUTHA IN ,T ,Q,35.80,35.80,34.05,34.50,34.50,34.50,9,3927,137000.00,
533271,ASHOKA      ,A ,Q,110.50,111.50,107.25,107.75,108.35,109.85,1674,183302,20005415.00,
533272,CEBBCO      ,B ,Q,38.00,39.65,37.05,37.05,37.05,38.95,452,55787,2107606.00,
533273,OBEROI REAL ,A ,Q,687.60,729.00,671.40,714.60,714.60,686.45,3810,74908,52786477.00,
533274,PRESTIGE    ,A ,Q,304.00,326.05,300.95,318.00,318.00,300.30,8809,251972,79643778.00,
533275,GYSCOAL     ,T ,Q,2.40,2.58,2.40,2.50,2.52,2.50,98,149409,372901.00,
533278,COAL INDIA  ,A ,Q,148.45,148.50,145.70,146.75,146.75,148.10,1918,230529,33832313.00,
533282,GRAVITA     ,B ,Q,178.60,178.65,171.40,172.10,172.10,176.40,2454,82015,14241791.00,
533284,RPP INFRA   ,B ,Q,77.75,79.35,76.40,77.70,77.25,78.00,527,41501,3209566.00,
533285,RDB REALTY  ,X ,Q,29.80,31.60,29.55,30.95,31.00,30.25,43,7986,245008.00,
533286,MOIL LTD    ,A ,Q,190.85,191.30,187.50,188.20,187.90,189.80,846,37592,7125074.00,
533287,ZEE LEARN   ,B ,Q,16.00,16.00,15.60,15.65,15.65,15.90,250,133993,2120846.00,
533289,KESAR TERMI ,X ,Q,69.00,69.00,65.20,65.80,66.85,65.70,72,7525,500368.00,
533292,A2ZINFRA    ,T ,Q,5.81,6.10,5.80,5.86,5.90,6.05,279,198703,1171761.00,
533293,KIRLOIL ENG ,A ,Q,254.05,272.55,252.10,268.40,268.00,254.35,4091,128583,34310066.00,
533294,RAVI KUMAR  ,B ,Q,14.25,14.25,13.35,13.35,13.35,13.86,114,14223,197789.00,
533295,PUNJABNSIND ,B ,Q,20.20,20.40,20.05,20.20,20.20,20.25,566,51697,1048479.00,
533296,FMNL        ,B ,Q,19.05,19.35,18.65,18.85,18.65,18.95,51,1567,29787.00,
533298,SURANASOL   ,B ,Q,13.62,13.80,13.42,13.80,13.80,13.15,53,20598,283568.00,
533302,KALYANI INV ,B ,Q,2084.50,2086.85,2059.40,2074.70,2078.00,2076.65,17,37,76539.00,
533303,BF INVEST   ,A ,Q,385.80,396.00,382.50,392.50,392.50,383.85,877,13723,5369969.00,
533306,SUMMIT SECU ,B ,Q,658.55,664.55,651.30,654.90,653.00,649.85,101,529,349309.00,
533315,INNO INVEST ,XT,Q,10.40,10.69,10.10,10.33,10.21,10.19,50,20333,215920.00,
533316,STEL        ,B ,Q,111.35,113.20,108.90,110.30,109.00,111.00,289,14822,1638776.00,
533317,OMKAR SPC   ,B ,Q,9.83,9.83,9.83,9.83,9.83,9.37,20,7108,69871.00,
533320,JUBILNT IND ,B ,Q,369.30,376.00,356.80,363.80,364.00,367.65,579,10460,3801016.00,
533326,TEXMACO RAIL,A ,Q,39.50,39.70,38.65,38.90,38.80,38.80,530,66007,2583589.00,
533329,IND TERRAIN ,B ,Q,47.25,49.80,45.80,46.15,46.35,48.05,682,69546,3283834.00,
533333,FINEOTEX  CH,B ,Q,96.35,99.75,94.20,95.15,95.15,96.15,1650,121474,11713411.00,
533336,DHUNINV     ,B ,Q,624.30,624.30,593.50,613.85,613.85,615.45,121,1902,1148750.00,
533339,ZEN TECH    ,B ,Q,96.90,99.35,94.25,96.00,96.10,95.10,3217,285201,27676794.00,
533343,LOVABLE     ,T ,Q,122.00,122.90,118.20,119.00,121.50,124.10,231,11602,1392798.00,
533344,PTCFIN SER  ,A ,Q,19.90,22.40,19.80,21.30,21.30,19.75,4485,2299759,49988052.00,
533385,MON100      ,E ,Q,110.30,110.36,109.42,109.60,109.60,110.15,1440,99454,10928742.00,
533393,TCI DEVELP  ,B ,Q,404.00,413.60,398.00,402.30,404.00,409.00,80,1230,494576.00,
533398,MUTHOOT FIN ,A ,Q,1559.00,1582.00,1549.60,1567.90,1567.90,1547.75,3200,49566,77703260.00,
533400,FCONSUMER   ,A ,Q,9.28,9.40,9.10,9.13,9.13,9.17,1255,681341,6265309.00,
533407,CIL NOVA    ,X ,Q,21.40,21.40,19.85,19.85,19.85,20.85,52,9657,191964.00,
533408,BSLGOLDETF  ,E ,Q,4388.00,4444.00,4388.00,4440.00,4440.00,4381.25,41,71,313923.00,
533427,VMS INDUSTR ,X ,Q,17.75,17.75,15.65,16.45,16.25,17.18,191,58800,972122.00,
533451,KARMA ENERG ,T ,Q,17.55,18.60,17.55,18.50,18.60,17.75,24,2093,38868.00,
533452,EBIXFOREX   ,B ,Q,670.15,670.15,651.10,655.00,655.00,655.00,55,194,127964.00,
533470,RUSHIL DECOR,T ,Q,289.00,299.90,282.05,288.00,287.15,294.00,18,201,58057.00,
533477,ENKEI WHEEL ,X ,Q,427.00,427.00,400.10,405.65,404.50,413.85,57,1325,542369.00,
533482,KRIINFRA    ,T ,Q,6.54,6.75,6.35,6.45,6.45,6.62,37,22799,149923.00,
533506,INVENTURE   ,B ,Q,3.53,3.59,3.50,3.55,3.55,3.51,887,581151,2064862.00,
533519,LNT FH      ,A ,Q,95.45,95.60,94.40,95.10,95.10,94.60,2411,509638,48496382.00,
533520,YAARII      ,T ,Q,105.50,109.90,105.50,108.20,108.95,107.10,137,10942,1176681.00,
533540,TREE HOUSE  ,T ,Q,11.00,11.16,10.45,10.70,11.10,10.63,27,19611,215605.00,
533543,BROOKS LABS ,B ,Q,96.90,99.40,96.05,96.50,96.50,96.90,235,10898,1057349.00,
533552,RUPA & CO   ,A ,Q,486.35,493.30,481.65,485.45,483.80,486.35,662,16111,7821791.00,
533553,TD POWER    ,B ,Q,208.35,213.00,206.90,208.55,208.20,207.00,550,9000,1885152.00,
533570,AXISGOLD    ,E ,Q,41.65,41.88,41.13,41.83,41.86,41.58,327,51002,2125968.00,
533573,ALEM PHARMA ,A ,Q,969.95,970.50,961.00,965.65,965.65,967.45,676,11316,10925870.00,
533576,VASWANI IND ,B ,Q,13.85,15.00,13.85,14.61,14.58,14.50,63,8868,127754.00,
533581,PG ELECTRO  ,B ,Q,409.00,414.00,399.75,401.65,403.45,404.35,177,4041,1622554.00,
533602,LESHAIND    ,XT,Q,3.00,3.23,2.99,3.23,3.23,3.08,37,13818,43656.00,
533605,SETUINFRA   ,T ,Q,1.64,1.74,1.59,1.74,1.74,1.66,72,128608,221598.00,
533608,RDB RASAYAN ,X ,Q,82.00,84.35,82.00,83.25,83.25,82.35,132,11801,984222.00,
533629,TIJARIA PPL ,B ,Q,9.06,9.48,8.90,9.39,9.39,9.34,14,3143,28492.00,
533638,FLEXITUFF   ,T ,Q,23.65,25.35,23.65,25.35,25.35,24.80,6,435,10498.00,
533644,UJAAS       ,T ,Q,3.00,3.05,2.91,2.94,2.94,3.00,551,303235,895495.00,
533655,TRIVENITURB ,A ,Q,123.40,134.85,123.25,131.30,131.30,123.40,4490,278977,36485982.00,
533676,INDO THAI   ,T ,Q,56.10,59.50,56.10,59.40,59.40,59.00,16,1995,113522.00,
533704,ESSAR SHIP  ,T ,Q,11.70,12.00,11.66,11.69,11.66,11.68,70,9150,107767.00,
533719,IDBIGOLD    ,E ,Q,4450.00,4467.15,4450.00,4467.15,4467.15,4413.85,2,2,8917.00,
533758,APL APOLLO  ,A ,Q,1449.90,1525.00,1449.90,1518.15,1518.15,1449.90,1599,14054,20938742.00,
533761,GPT INFRA   ,B ,Q,83.70,94.85,83.50,93.90,93.90,83.80,2860,153285,14042458.00,
533896,FERVENTSYN  ,XT,Q,17.85,19.35,17.80,19.30,19.30,18.50,23,2427,44919.00,
533982,TERASOFTWARE,B ,Q,62.00,71.25,62.00,71.25,71.25,59.40,2486,231567,15984211.00,
534060,PMCFIN      ,X ,Q,2.36,2.36,2.25,2.36,2.36,2.25,1247,1420112,3345837.00,
534063,FUT SOL     ,XT,Q,27.00,27.00,27.00,27.00,27.00,27.00,2,2,54.00,
534076,ORIENT REF  ,A ,Q,332.45,334.05,323.75,328.35,328.00,330.80,791,11544,3803629.00,
534091,MCX LTD     ,A ,Q,1627.00,1711.05,1590.05,1699.20,1699.20,1605.25,7322,86920,145219396.00,
534139,SCHNEIDER   ,A ,Q,132.95,134.25,129.10,130.20,130.20,131.55,972,88286,11676150.00,
534190,OLYMPIC     ,X ,Q,2.95,2.95,2.95,2.95,2.95,2.81,5,424,1250.00,
534309,NBCC        ,A ,Q,54.00,54.25,53.15,53.25,53.25,53.95,1869,349604,18730388.00,
534312,MT EDUCARE  ,T ,Q,10.10,10.10,9.45,9.57,9.70,9.65,78,32425,315419.00,
534328,HEXATRADEX  ,B ,Q,143.00,149.95,142.95,142.95,142.95,150.45,223,70600,10105463.00,
534338,MAXHEIGHTS  ,X ,Q,14.00,14.00,13.30,14.00,14.00,14.00,5,160,2237.00,
534369,TBZ LTD     ,B ,Q,83.20,84.25,81.25,81.95,81.95,82.75,499,14083,1169658.00,
534392,VSSL        ,B ,Q,247.15,256.65,241.00,244.90,244.90,251.90,1379,41007,10160565.00,
534422,LOOKS       ,XT,Q,13.75,14.13,13.75,14.13,14.13,13.46,28,1048,14614.00,
534425,SPECIALITY R,B ,Q,69.80,73.30,69.80,71.90,71.30,69.75,627,20391,1465421.00,
534532,LYPSA GEMS  ,B ,Q,5.85,5.85,5.54,5.62,5.61,5.62,48,13167,74915.00,
534563,MAX ALERT   ,M ,Q,4.69,4.69,4.69,4.69,4.69,4.47,1,800,3752.00,
534597,RTNINDIA    ,T ,Q,50.30,50.30,48.10,50.30,50.30,47.95,2428,1063027,53334564.00,
534598,SEPOWER     ,T ,Q,8.09,8.49,8.09,8.49,8.49,8.09,145,79632,672139.00,
534600,JTL INFRA   ,X ,Q,514.95,521.95,501.00,520.30,521.50,510.20,115,3371,1735736.00,
534612,AMTL        ,X ,Q,13.50,14.00,13.09,13.83,13.90,13.71,45,9612,131257.00,
534615,NECC LTD    ,B ,Q,16.80,16.80,14.90,15.00,15.10,15.40,307,43618,675325.00,
534618,SAREL       ,XT,Q,153.90,159.10,148.00,158.50,158.50,151.65,420,83825,13000963.00,
534623,JUPITER INFO,X ,Q,26.45,26.45,24.05,24.90,24.90,25.85,87,8726,217045.00,
534674,DUCON       ,T ,Q,17.50,17.50,17.40,17.50,17.50,16.70,51,29305,512687.00,
534675,PROZONINTU  ,T ,Q,32.85,34.15,32.65,32.85,32.85,34.35,1844,192586,6351804.00,
534680,SRG HFL     ,X ,Q,169.00,187.90,169.00,175.10,175.00,177.80,36,1420,250028.00,
534691,COMFORT COM ,X ,Q,9.05,9.25,9.00,9.25,9.25,8.55,57,20569,188186.00,
534731,BRONZE INFRA,XT,Q,0.54,0.54,0.50,0.50,0.50,0.52,40,37609,19242.00,
534732,INTELL ADV  ,XT,Q,4.00,4.00,4.00,4.00,4.00,3.81,1,5,20.00,
534741,VIRTUAL GLO ,XT,Q,1.14,1.19,1.14,1.15,1.15,1.19,1219,1204101,1380765.00,
534742,ZUARI AGRO  ,B ,Q,157.40,157.40,151.75,152.75,152.95,154.55,1142,43040,6693324.00,
534748,STEEL EXCH  ,B ,Q,69.50,71.15,69.05,70.45,70.25,68.80,400,12041,845994.00,
534755,TRIO MERCAN ,X ,Q,3.33,3.33,3.05,3.17,3.20,3.13,149,121568,386406.00,
534758,CIGNITI TECH,A ,Q,640.00,664.60,634.30,651.20,646.50,635.25,3620,60439,39284775.00,
534804,CARERATING  ,A ,Q,705.00,727.15,705.00,709.10,707.70,708.90,1531,18060,12942317.00,
534809,PC JEWELLER ,A ,Q,27.60,28.35,27.10,27.70,27.70,27.25,2054,738069,20575929.00,
534816,INDUSTOWER  ,A ,Q,236.10,236.50,234.05,234.50,235.90,236.70,2058,70003,16473103.00,
534976,VMART       ,A ,Q,3435.00,3463.25,3300.00,3326.80,3327.95,3449.50,622,2530,8544663.00,
535136,NIBE        ,XT,Q,54.50,54.50,51.00,53.20,54.40,51.95,380,107466,5682135.00,
535204,MUKTA       ,XT,Q,2.80,2.80,2.66,2.66,2.79,2.80,37,2991,8033.00,
535205,MYSTICELE   ,XT,Q,3.54,3.54,3.22,3.53,3.53,3.38,33,9353,32124.00,
535267,COM FINCAP  ,X ,Q,17.75,17.80,16.25,16.50,16.50,17.10,34,2264,39012.00,
535276,SBISENSEX   ,B ,Q,557.99,558.40,555.05,557.85,558.00,555.86,140,4170,2322771.00,
535322,REPCO HOME  ,A ,Q,383.00,389.95,379.55,385.15,387.20,377.15,2013,40609,15614747.00,
535431,GCM SECU    ,M ,Q,2.16,2.16,1.99,1.99,1.99,2.06,31,105600,220656.00,
535458,NRB IND BEA ,T ,Q,18.65,18.65,17.25,17.80,17.60,18.15,39,3804,67039.00,
535566,KIFS FSL    ,X ,Q,39.00,39.25,38.70,38.90,38.90,38.20,12,1074,41876.00,
535601,SREELEATHER ,B ,Q,192.05,192.05,187.15,187.90,187.15,191.05,52,308,58344.00,
535602,SHARDA MOTOR,T ,Q,654.00,655.00,626.05,640.05,640.00,647.25,273,3802,2436601.00,
535620,BINNY MILLS ,X ,Q,102.95,102.95,98.60,100.00,99.00,100.55,21,1024,103418.00,
535621,SV GLOBAL   ,XT,Q,59.50,61.55,58.00,61.55,61.55,58.65,57,22644,1373000.00,
535648,JUSTDIAL    ,A ,Q,1078.00,1124.50,1061.15,1107.00,1107.00,1080.15,22284,526596,583425014.00,
535657,OONE        ,X ,Q,4.93,4.93,4.93,4.93,4.93,5.18,48,21623,106601.00,
535667,IFINSEC     ,XT,Q,12.07,12.67,11.60,11.60,11.60,12.07,8,362,4349.00,
535693,BRAHM INFRA ,X ,Q,17.95,18.90,17.55,17.85,17.80,17.85,42,27146,494598.00,
535719,QUEST SOFTEC,XT,Q,2.62,2.62,2.62,2.62,2.62,2.50,1,200,524.00,
535754,ORIENT CEM  ,A ,Q,144.65,148.95,144.65,146.15,146.00,143.75,1291,51061,7508641.00,
535755,ABFRL       ,A ,Q,227.70,228.90,222.65,223.70,223.70,227.70,3958,199864,45143239.00,
535789,IBUL HSG FIN,A ,Q,272.00,272.00,265.15,266.10,266.10,270.55,8684,633683,169765281.00,
535958,INTEGRA GAR ,T ,Q,3.85,3.85,3.85,3.85,3.85,3.67,8,39098,150527.00,
536170,KUSHAL      ,XT,Q,5.25,5.25,5.00,5.05,5.01,5.14,184,77928,396453.00,
536264,TIGER LOGS  ,X ,Q,62.75,62.75,57.00,59.90,60.70,60.80,213,20329,1203616.00,
536456,RJ BIOTECH  ,M ,Q,8.51,9.10,8.51,9.10,9.10,9.95,2,6000,52830.00,
536493,JKAGRI GEN  ,XT,Q,840.00,877.70,840.00,862.70,861.00,835.95,71,1890,1629941.00,
536507,FUTLIF FAS  ,A ,Q,75.05,75.05,72.60,72.90,72.90,73.65,557,20872,1535405.00,
536565,TRIMURTHI   ,XT,Q,7.84,8.23,7.55,8.23,8.23,7.84,18,2239,17492.00,
536659,PVVINFRA    ,XT,Q,8.31,8.31,7.54,8.31,8.31,7.92,82,20564,168117.00,
536672,VCU DATA    ,T ,Q,6.50,6.50,6.00,6.07,6.00,6.25,7,1900,12122.00,
536709,INDRENEW    ,X ,Q,13.25,13.25,13.25,13.25,13.25,13.94,17,1795,23783.00,
536751,FIVEXTRADE  ,XT,Q,0.99,1.09,0.99,1.05,1.09,1.04,116,73111,73066.00,
536846,YURANUS INFR,XT,Q,5.71,5.71,5.71,5.71,5.71,5.71,2,6,34.00,
536868,INTEGRA TELE,X ,Q,48.55,49.80,48.20,48.45,48.40,48.45,61,4116,199857.00,
536960,MOM100      ,B ,Q,29.32,29.38,28.99,29.19,29.14,29.06,391,19903,580067.00,
536965,BP CAPITAL  ,XT,Q,7.70,7.72,7.00,7.70,7.70,7.36,15,5207,39346.00,
536974,CAPTAIN POLY,X ,Q,36.00,36.50,34.95,35.00,35.00,36.05,2119,780752,27537417.00,
537007,ICICINIFTY  ,B ,Q,169.59,170.50,169.10,170.20,170.20,169.61,216,10464,1780940.00,
537008,ICICINF100  ,B ,Q,173.64,174.96,173.64,174.34,174.34,174.08,39,224,39147.00,
537069,ARNOLD HOLD ,X ,Q,19.20,19.25,18.70,18.80,19.25,18.60,19,11601,218365.00,
537253,SUNIL HEALTH,XT,Q,34.30,35.25,32.35,35.10,35.25,33.60,51,5392,186063.00,
537254,RCI IND     ,T ,Q,9.00,9.00,8.20,8.27,8.75,8.58,25,6250,53020.00,
537259,SUYOG TELE  ,B ,Q,429.55,429.55,411.00,417.00,417.00,417.00,82,1076,447651.00,
537291,NATH BIOGEN ,A ,Q,383.75,386.00,375.05,376.70,377.40,378.10,567,5070,1915693.00,
537292,AGRI TECH   ,B ,Q,45.00,46.15,44.80,44.90,44.90,45.45,75,6493,295170.00,
537326,CHEMTECH IND,T ,Q,10.70,10.92,10.70,10.92,10.92,10.40,10,1089,11655.00,
537392,TAAZAINT    ,X ,Q,3.83,3.83,3.83,3.83,3.83,3.65,1,50,191.00,
537483,NETFNIF100  ,B ,Q,166.83,166.83,166.81,166.82,166.82,165.00,9,409,68229.00,
537524,VIAANINDUS  ,XT,Q,1.17,1.17,1.17,1.17,1.17,1.12,61,139167,162825.00,
537536,DENIS CHEM  ,X ,Q,55.70,55.70,52.70,52.85,53.00,53.95,42,5396,286270.00,
537573,POLYMAC     ,M ,Q,10.75,11.20,10.75,11.09,11.20,10.75,7,6400,69880.00,
537708,KOTAKNIFTY  ,B ,Q,166.39,167.50,166.39,167.47,167.50,166.50,47,45450,7577130.00,
537750,KIRAN VYPAR ,X ,Q,158.90,158.90,152.00,153.00,154.00,153.00,77,5872,909422.00,
537766,BCP LTD     ,T ,Q,3.81,3.81,3.70,3.75,3.81,3.63,126,153657,583959.00,
537785,RACE        ,M ,Q,232.00,232.00,224.00,225.50,224.00,233.00,11,6875,1561937.00,
537800,MANGALAM IND,XT,Q,2.27,2.27,2.27,2.27,2.27,2.17,48,194083,440568.00,
537820,VFL         ,T ,Q,1.41,1.41,1.41,1.41,1.41,1.35,11,7442,10493.00,
537839,PHOENIX TN  ,X ,Q,15.55,16.00,14.80,14.80,14.80,15.55,10,1469,22141.00,
537840,RAUNAQEPC   ,XT,Q,28.80,28.80,28.50,28.50,28.50,28.80,3,12,345.00,
538019,OBI LTD     ,XT,Q,4.58,4.80,4.36,4.36,4.36,4.58,379,348440,1544945.00,
538057,CPSE ETF    ,B ,Q,26.49,26.49,26.08,26.10,26.10,26.40,944,307511,8047090.00,
538081,HARIA APL   ,XT,Q,1.44,1.51,1.37,1.50,1.50,1.44,10,17327,24338.00,
538092,JOONKTOLLEE ,X ,Q,126.45,132.75,122.70,126.10,126.10,126.45,9,535,69826.00,
538119,RNB DENIMS  ,T ,Q,74.45,80.00,74.45,79.75,79.75,78.35,13,542,40630.00,
538180,GOLD LINE   ,Z ,Q,0.24,0.24,0.24,0.24,0.24,0.23,131,957841,229881.00,
538212,SHARP INV   ,XT,Q,0.61,0.61,0.59,0.61,0.61,0.59,475,1331008,811278.00,
538268,WONDERLA    ,A ,Q,254.05,257.10,245.05,248.75,248.75,253.30,570,9994,2528202.00,
538319,GCM CAPI    ,M ,Q,3.11,3.11,3.11,3.11,3.11,2.97,6,7000,21770.00,
538351,AFEL        ,XT,Q,20.40,20.40,18.50,19.70,19.70,19.45,19,5765,114092.00,
538365,INCREDIBLE  ,B ,Q,34.50,38.45,34.50,37.30,37.40,38.15,358,14024,524568.00,
538395,NAM SEC     ,X ,Q,28.50,31.00,28.50,31.00,31.00,29.85,2,2,59.00,
538401,MAESTROS ELE,X ,Q,71.95,71.95,65.00,65.20,66.45,67.75,107,14528,956285.00,
538433,CLASSIC     ,XT,Q,0.39,0.39,0.39,0.39,0.39,0.39,4,1382,538.00,
538446,MONEYBOXX   ,T ,Q,65.10,67.00,65.10,66.80,66.00,65.45,8,364,24316.00,
538451,WORTH INV   ,XT,Q,17.30,17.30,17.30,17.30,17.30,17.30,1,150,2595.00,
538452,QUASAR      ,X ,Q,6.30,6.30,6.30,6.30,6.30,6.30,1,50,315.00,
538476,CTL         ,X ,Q,6.70,7.00,6.70,6.80,6.80,6.78,27,2963,20091.00,
538521,CROWNTOURS  ,X ,Q,23.65,23.65,21.55,22.35,22.60,23.15,30,6462,140850.00,
538537,OMANSH      ,XT,Q,1.19,1.19,1.19,1.19,1.19,1.14,12,7503,8928.00,
538539,JTAPARIA    ,X ,Q,1.67,1.67,1.67,1.67,1.67,1.75,5,1495,2496.00,
538540,RLFL        ,XT,Q,0.40,0.40,0.40,0.40,0.40,0.39,11,14309,5723.00,
538546,BANSAL ROOF ,M ,Q,32.40,32.40,32.40,32.40,32.40,34.10,1,12000,388800.00,
538562,SKIPPER     ,B ,Q,88.30,91.40,86.25,86.75,87.00,88.60,1711,225201,20212065.00,
538564,JAMESWARREN ,X ,Q,216.80,223.95,212.00,212.80,215.00,216.80,53,4127,887912.00,
538565,VISTARAMAR  ,X ,Q,74.45,74.45,68.90,70.15,69.25,72.45,62,4333,301882.00,
538566,APOLLOTRI   ,A ,Q,1411.00,1460.00,1396.00,1439.40,1439.40,1414.60,3459,59078,84804384.00,
538567,GULFOIL LUB ,A ,Q,673.95,691.00,668.30,672.05,691.00,669.80,659,5203,3504340.00,
538569,TRIVENI ENT ,X ,Q,14.20,14.70,13.55,13.55,13.55,14.20,8,1999,27483.00,
538596,QUANTBUILD  ,X ,Q,3.60,3.60,3.42,3.43,3.43,3.60,6,603,2143.00,
538597,TTIENT      ,X ,Q,3.74,3.74,3.74,3.74,3.74,3.57,2,1400,5236.00,
538598,VISHAL      ,B ,Q,90.00,94.30,90.00,93.75,93.75,89.85,1319,122956,11527689.00,
538607,TOYAMIND    ,X ,Q,2.64,2.64,2.64,2.64,2.64,2.52,29,113381,299325.00,
538610,UNISON      ,XT,Q,44.25,44.25,44.25,44.25,44.25,42.15,4,976,43188.00,
538611,RTFL        ,X ,Q,10.70,10.80,10.70,10.80,10.80,10.29,3,364,3904.00,
538634,VRL         ,X ,Q,115.00,118.35,112.00,114.35,114.00,115.95,98,4555,521105.00,
538635,SNOWMAN     ,A ,Q,53.85,54.15,52.90,53.05,53.05,53.55,891,130180,6969996.00,
538646,QGO         ,XT,Q,21.45,21.45,21.45,21.45,21.45,21.45,1,1,21.00,
538666,SHARDACROP  ,A ,Q,362.10,370.10,358.45,359.60,360.20,360.40,672,8494,3082296.00,
538668,NAYSAA      ,M ,Q,28.00,28.10,27.00,27.00,27.00,27.95,5,20000,552600.00,
538674,CITYONLINE  ,Z ,Q,2.39,2.39,2.39,2.39,2.39,2.28,1,100,239.00,
538683,NETFSENSEX  ,B ,Q,584.00,589.80,565.10,572.02,577.82,570.10,39,594,339757.00,
538685,SHEMAROO    ,T ,Q,149.45,149.45,149.45,149.45,149.45,142.35,22,1446,216104.00,
538706,ULTRACAB    ,B ,Q,161.95,161.95,159.00,159.30,159.30,159.05,53,6364,1016767.00,
538708,ETIL        ,X ,Q,6.25,6.25,5.99,5.99,5.99,5.99,11,3798,23150.00,
538713,ATISHAY     ,B ,Q,32.80,38.85,32.05,37.10,37.10,33.20,829,219674,8078221.00,
538714,SUCHITRA    ,X ,Q,69.00,69.45,66.00,69.00,69.00,66.15,26,2432,167385.00,
538715,DHABRIYA    ,B ,Q,66.05,68.75,66.05,66.60,66.50,68.50,53,3999,266504.00,
538730,PDSMFL      ,B ,Q,1040.05,1186.55,1038.00,1134.05,1139.00,1020.60,335,3647,4131424.00,
538731,HANMAN      ,M ,Q,2.25,2.25,2.25,2.25,2.25,2.21,1,4200,9450.00,
538732,VGCL        ,T ,Q,67.00,67.70,64.50,67.70,67.70,64.50,22,4762,320830.00,
538733,STARLIT     ,B ,Q,15.45,15.65,14.65,14.70,14.70,15.40,16,2641,39770.00,
538734,CEINSYSTECH ,B ,Q,130.15,162.90,130.10,157.85,155.00,136.05,324,23534,3425251.00,
538770,CRANE INFRA ,X ,Q,7.18,7.19,6.90,7.19,7.19,6.85,27,5052,36087.00,
538772,NIYOGIN     ,X ,Q,86.40,88.00,84.00,85.80,85.80,83.85,290,200238,17345601.00,
538778,AKASHDEEP   ,X ,Q,36.20,36.20,35.00,36.20,36.00,35.55,79,10319,370188.00,
538786,CIL         ,XT,Q,5.24,5.24,5.24,5.24,5.24,5.51,5,1151,6031.00,
538787,GBFL        ,XT,Q,6.89,6.89,6.89,6.89,6.89,6.57,6,575,3961.00,
538795,SAPPL       ,X ,Q,372.00,372.00,351.35,360.00,361.45,369.95,71,988,356350.00,
538812,AANCHALISP  ,XT,Q,5.71,5.71,5.43,5.53,5.60,5.46,40,8421,47103.00,
538833,ANUBHAV     ,XT,Q,5.97,5.97,5.42,5.50,5.50,5.69,30,6714,36801.00,
538834,MEL         ,XT,Q,4.70,4.90,4.50,4.90,4.90,4.70,23,2700,13195.00,
538835,INTELLECT   ,A ,Q,711.50,783.00,705.75,772.60,772.60,710.70,13423,240959,181567075.00,
538836,MONTECARLO  ,B ,Q,366.05,374.60,364.85,368.35,368.30,364.30,1222,25704,9502162.00,
538837,JSTL        ,X ,Q,92.00,92.00,84.65,87.85,87.85,89.10,273,31552,2802119.00,
538838,ICL         ,XT,Q,5.63,5.63,5.63,5.63,5.63,5.37,1,3,16.00,
538868,CSL         ,XT,Q,22.00,22.00,21.05,21.50,21.50,22.00,12,903,19818.00,
538874,NEXUSSURGL  ,X ,Q,2.85,2.85,2.85,2.85,2.85,3.00,3,100,285.00,
538882, EMERALD    ,X ,Q,18.95,20.70,18.95,20.00,20.00,19.90,27,3190,62748.00,
538890,MKEXIM      ,X ,Q,60.95,62.00,58.55,62.00,62.00,59.05,490,137241,8387579.00,
538891,MCLOUD      ,X ,Q,65.00,68.70,65.00,66.65,66.00,66.10,61,4981,335571.00,
538896,KANCHI      ,X ,Q,1029.00,1029.00,984.00,999.90,999.90,1021.40,688,8813,8843639.00,
538897,SHRINIWAS   ,X ,Q,8.99,8.99,8.99,8.99,8.99,8.57,1,1,8.00,
538902,DHUN TEAIND ,B ,Q,532.40,539.90,508.00,512.60,512.60,532.40,1002,7596,3964929.00,
538920,SPACEAGE    ,XT,Q,66.50,67.60,66.50,67.60,67.60,64.40,33,16920,1143117.00,
538922,COSYN       ,X ,Q,36.50,40.10,36.00,39.05,39.10,37.10,418,53050,2076383.00,
538928,KARNAVATI   ,B ,Q,16.55,17.35,15.75,15.80,15.75,16.55,6,70,1112.00,
538942,MERCANTILE  ,X ,Q,18.25,18.75,17.00,17.60,17.45,17.90,51,24780,452012.00,
538943,SONAL       ,X ,Q,22.20,23.00,21.40,21.95,21.50,22.50,21,682,15172.00,
538952,ALFL        ,XT,Q,1.05,1.05,0.95,1.00,1.00,1.00,103,178460,179410.00,
538961,GENUSPAPER  ,B ,Q,13.50,13.50,12.24,12.36,12.40,13.05,548,185753,2328916.00,
538962,MINDACORP   ,A ,Q,138.00,147.40,134.55,145.40,145.40,135.55,3427,240882,34346542.00,
538964,MERCURYLAB  ,X ,Q,775.00,775.00,711.15,725.30,711.15,749.90,39,129,95089.00,
538965,CONCORD     ,XT,Q,31.00,31.90,29.95,30.65,31.80,31.50,114,17416,533859.00,
538970,MANVIJAY    ,XT,Q,73.15,73.15,73.15,73.15,73.15,76.95,859,49245,3602271.00,
538975,SHREESEC    ,X ,Q,15.50,15.50,13.65,14.89,14.89,14.90,33,6184,87460.00,
538979,GRNLAM IND  ,B ,Q,1329.30,1365.20,1310.00,1324.00,1350.00,1352.10,211,1570,2081286.00,
538987,TALBROSENG  ,X ,Q,246.00,251.80,236.00,241.95,245.00,243.50,103,4918,1204957.00,
538993,PUROHITCON  ,XT,Q,6.00,6.00,6.00,6.00,6.00,6.00,2,200,1200.00,
539006,PTCIL       ,XT,Q,2386.35,2386.35,2275.00,2336.15,2347.00,2272.75,94,1780,4200225.00,
539009,GBLIL       ,XT,Q,4.36,4.36,4.36,4.36,4.36,4.16,46,5683,24777.00,
539013,GITARENEW   ,XT,Q,125.30,125.30,125.30,125.30,125.30,119.35,14,515,64529.00,
539016,NEIL        ,X ,Q,5.50,5.63,5.14,5.18,5.18,5.38,101,16820,88525.00,
539017,STARHFL     ,B ,Q,100.20,101.40,96.70,97.30,98.00,99.95,123,9517,938714.00,
539018,BEEKAY      ,X ,Q,377.55,381.95,371.95,379.35,379.90,373.95,81,5300,1998549.00,
539026,SSPNFIN     ,M ,Q,11.50,11.50,10.47,10.47,10.47,11.02,2,8000,87880.00,
539031,SETFBSE100  ,B ,Q,170.00,170.99,166.00,170.00,170.00,169.49,23,1038,176507.00,
539032,FRASER      ,X ,Q,8.91,8.91,8.75,8.75,8.75,8.49,20,19904,175008.00,
539041,SVPHOUSING  ,M ,Q,5.51,5.51,5.51,5.51,5.51,5.80,1,2500,13775.00,
539042,AGIIL       ,B ,Q,119.85,119.85,113.00,118.60,118.50,114.20,164,9783,1161142.00,
539043,BKMINDST    ,T ,Q,1.14,1.16,1.08,1.13,1.13,1.13,98,66888,73946.00,
539044,MANAKSTELTD ,B ,Q,32.75,32.75,32.75,32.75,32.75,29.80,196,64125,2100093.00,
539045,MNKALCOLTD  ,T ,Q,18.20,18.70,18.15,18.15,18.50,18.65,35,9745,178270.00,
539046,MNKCMILTD   ,B ,Q,14.30,15.00,14.30,14.35,14.30,14.45,92,11823,171636.00,
539056,IMAGICAA    ,T ,Q,8.15,8.31,7.81,8.28,8.16,7.92,132,140767,1153889.00,
539083,INOXWIND    ,B ,Q,99.80,116.85,99.60,108.50,108.50,98.95,7334,454843,49157272.00,
539096,AANANDALAK  ,X ,Q,3.41,3.41,3.24,3.24,3.24,3.41,16,2143,7087.00,
539097,HKG         ,M ,Q,65.00,67.70,64.10,67.70,67.70,64.00,3,7500,492000.00,
539111,SHESHAINDS  ,X ,Q,8.23,8.23,8.23,8.23,8.23,8.66,12,2837,23348.00,
539113,PML         ,X ,Q,1855.15,1924.70,1835.05,1844.45,1835.10,1875.00,34,178,332144.00,
539118,VRLLOG      ,A ,Q,317.15,323.80,311.50,320.05,320.00,315.05,1180,30829,9843735.00,
539122,BODHTREE    ,X ,Q,45.70,46.95,44.30,44.90,44.90,46.10,165,48823,2234832.00,
539126,MEP         ,B ,Q,25.60,28.00,25.60,26.85,26.90,26.30,1145,144708,3923594.00,
539132,VEGETABLE   ,XT,Q,3.79,3.79,3.61,3.79,3.79,3.61,33,8349,31209.00,
539141,UFO         ,B ,Q,102.00,106.50,102.00,103.65,103.65,101.15,4526,326135,34000476.00,
539142,NIFTYEES    ,B ,Q,19760.00,20718.63,19760.00,20718.63,20718.63,20700.00,3,3,61196.00,
539143,PANTH       ,X ,Q,9.06,9.99,9.06,9.26,9.25,9.53,31,6308,60931.00,
539148,SHIVALIK    ,X ,Q,940.00,954.00,932.00,940.25,943.50,928.65,507,11961,11283886.00,
539149,ICSL        ,X ,Q,3.51,3.51,3.51,3.51,3.51,3.69,20,11091,38929.00,
539150,PNCINFRA    ,A ,Q,297.80,304.60,297.80,302.70,303.30,296.00,1021,44481,13430590.00,
539151,ARFIN       ,XT,Q,67.85,71.50,67.75,67.90,69.75,71.30,44,4134,282158.00,
539174,HELPAGE     ,XT,Q,11.33,11.33,11.33,11.33,11.33,11.33,1,1,11.00,
539175,INDRAIND    ,X ,Q,6.40,6.40,6.40,6.40,6.40,6.45,5,372,2380.00,
539176,HAWAENG     ,XT,Q,41.00,41.00,38.85,39.85,39.85,40.85,14,1291,50736.00,
539177,AIIL        ,XT,Q,1085.50,1085.50,1085.50,1085.50,1085.50,1033.85,32,811,880340.00,
539195,POEL        ,X ,Q,48.50,51.85,44.80,49.10,49.50,48.50,73,6613,326976.00,
539196,AEL         ,X ,Q,24.50,24.70,23.85,24.70,24.70,23.55,60,8477,208863.00,
539197,DEVHARI     ,X ,Q,0.69,0.69,0.63,0.64,0.65,0.66,764,3454294,2272916.00,
539199,MOONGIPASEC ,XT,Q,2.78,2.78,2.78,2.78,2.78,2.65,1,1,2.00,
539201,SATIA       ,A ,Q,110.50,111.00,104.25,106.65,106.65,103.20,3625,224139,23997820.00,
539216,GARMNTMNTR  ,B ,Q,115.10,124.95,115.10,122.10,122.50,117.45,231,29145,3541501.00,
539217,SRESTHA     ,XT,Q,2.20,2.20,2.20,2.20,2.20,2.10,2,100,220.00,
539218,SAUMYA      ,X ,Q,66.25,66.25,64.00,64.00,64.00,63.10,3,486,32159.00,
539219,MUL         ,XT,Q,22.15,22.15,22.15,22.15,22.15,21.10,27,4147,91856.00,
539221,SPORTKING   ,XT,Q,2667.65,2667.65,2667.65,2667.65,2667.65,2540.65,196,4796,12794049.00,
539222,VMV         ,M ,Q,9.57,9.57,9.28,9.53,9.53,9.58,13,32500,306225.00,
539223,AMBITION    ,B ,Q,5.00,5.00,4.70,4.85,4.85,4.94,15,12202,59833.00,
539225,JIYAECO     ,Z ,Q,5.90,6.25,5.83,6.05,6.05,6.13,58,15774,93290.00,
539226,RUDRA       ,T ,Q,37.95,37.95,35.50,35.50,35.80,37.35,115,19624,699438.00,
539227,LOYAL       ,B ,Q,31.00,32.50,31.00,32.05,32.35,31.85,29,1907,61031.00,
539228,GGPL        ,B ,Q,35.55,35.80,32.15,32.85,33.15,33.50,37,1960,64696.00,
539229,MRSS        ,M ,Q,7.35,7.95,7.25,7.25,7.25,7.29,20,16800,124854.00,
539235,GPL         ,X ,Q,188.00,196.95,188.00,192.40,188.00,188.00,36,1467,279340.00,
539251,BALKRISHNA  ,B ,Q,24.80,24.85,24.50,24.85,24.85,23.70,39,3791,94138.00,
539252,SCFL        ,B ,Q,12.98,14.04,12.60,14.04,14.04,11.70,1362,890100,11995665.00,
539254,ADANITRANS  ,T ,Q,965.00,993.95,952.05,982.30,980.00,969.85,871,8878,8664977.00,
539255,STARDELTA   ,X ,Q,81.95,86.00,80.40,82.30,81.40,81.95,22,1935,162554.00,
539267,DRHABEEB    ,X ,Q,32.55,33.75,30.95,31.05,33.60,32.55,21,876,27572.00,
539268,SYNGENE     ,A ,Q,584.25,626.60,579.80,613.70,613.70,581.15,7222,163469,99835008.00,
539274,BLFL        ,Z ,Q,3.12,3.26,3.10,3.26,3.26,3.11,60,27852,89638.00,
539275,MSL         ,T ,Q,93.45,93.45,86.05,91.00,91.00,89.15,15,165,15075.00,
539276,KAYA        ,B ,Q,538.50,549.05,487.50,492.15,492.15,534.85,1600,20072,10314732.00,
539278,SYMBIOX     ,XT,Q,1.42,1.42,1.42,1.42,1.42,1.36,25,16526,23466.00,
539287,ORTINLAABS  ,B ,Q,36.50,37.00,36.00,36.10,36.15,36.30,474,24051,877996.00,
539288,AVI         ,XT,Q,42.60,42.65,42.60,42.60,42.60,40.65,58,4164,177386.00,
539289,MJCO        ,A ,Q,93.25,95.90,91.00,94.00,94.00,91.35,1198,100829,9516556.00,
539290,BINDALAGRO  ,B ,Q,33.95,34.15,31.40,32.05,31.70,33.75,604,87767,2858334.00,
539291,OZONEWORLD  ,X ,Q,16.00,16.00,15.25,15.60,15.60,15.95,317,74857,1168284.00,
539300,AKSPINTEX   ,X ,Q,25.90,25.90,24.45,24.45,24.45,24.70,7,50,1273.00,
539301,ARVSMART    ,B ,Q,122.05,136.00,122.05,132.10,132.10,126.95,2618,85181,11046337.00,
539302,POWERMECH   ,A ,Q,848.00,848.00,825.00,834.30,825.00,837.30,597,6819,5684172.00,
539304,CANOPYFIN   ,XT,Q,28.35,30.30,28.35,30.30,30.30,28.90,4,845,25601.00,
539309,RAMASTEEL   ,B ,Q,148.60,151.50,144.55,146.15,147.80,152.15,225,6340,923861.00,
539310,THINKINK    ,X ,Q,35.05,36.65,34.65,35.35,35.35,35.30,433,597366,21077565.00,
539312,UTISENSETF  ,B ,Q,555.00,557.91,552.17,557.70,557.70,555.00,11,26,14464.00,
539313,UTINIFTETF  ,B ,Q,1655.10,1677.99,1644.00,1677.99,1677.99,1665.00,32,236,391354.00,
539331,VETO        ,B ,Q,158.45,162.10,153.35,154.05,154.65,156.90,675,13779,2148679.00,
539332,NAVKARCORP  ,B ,Q,51.90,53.25,49.35,50.10,50.10,51.70,3865,540306,27790994.00,
539334,SHREEPUSHK  ,B ,Q,188.00,188.00,180.55,183.00,184.00,181.05,791,21885,4036311.00,
539336,GUJGAS      ,A ,Q,687.75,687.75,674.30,677.75,679.80,682.35,1826,45835,31148379.00,
539346,SADBHIN     ,B ,Q,34.60,35.20,33.50,33.75,33.80,34.65,1140,163295,5645442.00,
539353,SALAUTO     ,X ,Q,196.20,202.90,196.20,202.80,202.90,203.20,10,248,49465.00,
539354,POLYSPIN    ,X ,Q,79.50,79.50,76.85,78.85,79.20,78.45,130,12692,993750.00,
539359,PRITIKAUTO  ,X ,Q,19.85,19.95,19.50,19.50,19.70,19.65,420,146458,2885568.00,
539363,SKC         ,T ,Q,6.10,6.50,5.95,6.50,6.50,6.21,12,753,4683.00,
539383,MINFY       ,Z ,Q,3.59,3.59,3.59,3.59,3.59,3.77,2,51,183.00,
539384,KRISHNACAP  ,XT,Q,6.68,6.68,6.68,6.68,6.68,6.37,5,2162,14442.00,
539391,ACME        ,X ,Q,16.45,16.45,15.00,15.15,15.15,15.75,29,2318,36159.00,
539398,VISHALBL    ,T ,Q,34.45,35.35,33.00,33.70,33.70,34.05,37,4992,172597.00,
539399,BELLACASA   ,B ,Q,130.00,134.90,129.85,130.90,131.65,131.45,70,3884,511564.00,
539400,MALLCOM     ,X ,Q,647.95,647.95,622.00,625.20,625.05,639.85,86,1672,1050967.00,
539404,SATIN       ,A ,Q,89.45,92.30,88.40,89.25,89.20,89.85,708,64823,5853321.00,
539406,SWAGTAM     ,XT,Q,26.90,26.90,26.90,26.90,26.90,25.65,1,50,1345.00,
539407,GENCON      ,B ,Q,52.75,62.00,52.60,54.85,55.05,52.40,1893,212736,11919682.00,
539409,NEERAJ      ,XT,Q,13.64,13.65,13.64,13.65,13.65,13.65,3,114,1556.00,
539428,TEJNAKSH    ,B ,Q,72.85,76.50,67.20,74.70,72.95,77.10,379,33833,2536375.00,
539436,COFFEEDAY   ,B ,Q,45.60,46.00,43.60,43.90,43.90,45.30,1031,127483,5673032.00,
539437,IDFCFIRSTB  ,A ,Q,54.00,54.00,53.30,53.40,53.50,53.80,3073,697199,37296497.00,
539447,BEARDSELL   ,T ,Q,14.39,14.39,13.70,14.29,14.29,14.39,17,5321,73528.00,
539448,INDIGO      ,A ,Q,1820.15,1859.90,1817.55,1824.00,1824.00,1818.25,1775,23069,42412543.00,
539450,SHK         ,A ,Q,169.15,173.00,164.35,168.50,168.45,168.20,738,47256,7932484.00,
539469,PANORAMA    ,XT,Q,55.35,55.35,55.35,55.35,55.35,52.75,3,150,8302.00,
539470,SHREEGANES  ,X ,Q,118.00,118.95,117.25,118.00,118.00,117.40,49,16472,1943871.00,
539479,GTV         ,X ,Q,23.05,23.05,21.90,21.90,21.90,23.05,25,5355,117884.00,
539480,LICNETFN50  ,B ,Q,196.00,196.00,196.00,196.00,196.00,199.95,1,1,196.00,
539487,LICNETFSEN  ,B ,Q,565.41,565.41,560.10,560.20,560.20,565.41,8,21,11779.00,
539494,SMARTFIN    ,XT,Q,56.25,56.25,56.25,56.25,56.25,56.00,2,36,2025.00,
539495,RAJKOTINV   ,Z ,Q,12.35,12.35,12.35,12.35,12.35,13.00,1,100,1235.00,
539506,ADCON       ,XT,Q,8.99,9.46,8.99,9.46,9.46,9.46,8,41,385.00,
539515,QUINT       ,X ,Q,316.95,325.00,306.50,323.65,324.90,309.10,39,1916,597834.00,
539516,HDFCNIFETF  ,B ,Q,169.30,170.78,168.30,169.14,169.08,168.98,152,5247,888094.00,
539517,SXETF       ,B ,Q,567.00,568.41,561.70,565.35,565.30,566.50,48,598,337740.00,
539518,UDAYJEW     ,X ,Q,129.90,129.90,117.00,121.15,121.15,124.15,221,13471,1650788.00,
539519,MAYUKH      ,X ,Q,31.50,33.80,30.25,32.10,32.10,30.95,113,54522,1754135.00,
539523,ALKEM       ,A ,Q,3315.90,3340.00,3306.85,3327.75,3329.50,3315.60,356,1687,5605406.00,
539524,LALPATHLAB  ,A ,Q,3489.00,3489.00,3412.00,3423.80,3433.30,3459.40,621,4074,14015962.00,
539525,NAVKETAN    ,XT,Q,2.17,2.17,2.17,2.17,2.17,2.07,57,36078,78289.00,
539526,SCTL        ,B ,Q,0.76,0.76,0.73,0.74,0.74,0.76,2957,1724534,1282128.00,
539527,CREATIVE    ,X ,Q,339.00,356.00,339.00,353.00,353.00,355.80,8,138,48538.00,
539528,AAYUSH      ,X ,Q,29.85,29.85,28.65,29.40,29.40,29.90,22,1369,39813.00,
539542,LUXIND      ,A ,Q,3701.75,3716.35,3630.15,3647.55,3652.70,3681.50,844,2529,9258534.00,
539544,ABHIINFRA   ,XT,Q,4.63,4.63,4.19,4.61,4.19,4.41,31,3079,14243.00,
539546,BNL         ,X ,Q,5.26,5.63,5.26,5.63,5.63,5.41,9,589,3131.00,
539551,NH          ,A ,Q,530.00,530.00,512.30,515.50,515.50,528.10,1067,17371,9014999.00,
539561,REMLIFE     ,XT,Q,126.50,126.55,117.50,124.80,124.80,120.55,60,26689,3228827.00,
539562,AARNAV      ,X ,Q,70.00,71.50,67.00,69.75,70.00,68.75,51,2367,164240.00,
539570,ACEWIN      ,M ,Q,7.65,7.65,7.50,7.62,7.62,7.30,9,86400,655968.00,
539593,SHIVA       ,XT,Q,0.93,0.93,0.93,0.93,0.93,0.89,1,100,93.00,
539594,MISHTANN    ,XT,Q,6.39,6.39,6.39,6.39,6.39,6.09,184,153309,979644.00,
539596,DELTA       ,X ,Q,4.90,4.90,4.90,4.90,4.90,4.90,4,31,151.00,
539597,JSLHISAR    ,A ,Q,229.75,230.85,220.95,228.95,229.85,228.45,2022,82594,18677339.00,
539598,ORACLECR    ,XT,Q,28.40,28.40,28.40,28.40,28.40,27.05,2,350,9940.00,
539607,BLUECLOUDS  ,XT,Q,8.45,8.45,8.03,8.03,8.03,8.45,10,973,7867.00,
539620,AINFRA      ,X ,Q,29.00,30.45,28.25,30.15,30.45,29.15,33,3559,107139.00,
539621,BCLENTERPR  ,X ,Q,7.61,7.97,7.60,7.60,7.60,8.00,62,15391,117366.00,
539636,PRECAM      ,B ,Q,90.00,93.25,89.45,91.30,91.60,88.85,1282,46341,4218016.00,
539658,TEAMLEASE   ,A ,Q,3893.00,4006.00,3808.10,3824.00,3814.75,3842.15,172,569,2198303.00,
539660,BESTAGRO    ,B ,Q,456.00,474.45,438.00,453.75,453.75,456.75,897,23091,10599802.00,
539661,ACEMEN      ,XT,Q,40.00,40.00,38.00,38.00,38.00,38.85,22,4364,169915.00,
539662,BFLAFL      ,X ,Q,93.00,93.00,88.50,88.50,88.50,93.00,3,3,270.00,
539673,RCL         ,XT,Q,7.74,7.74,7.37,7.69,7.69,7.75,11,2177,16132.00,
539678,QUICKHEAL   ,A ,Q,315.45,317.10,308.00,308.85,309.20,313.15,2335,81304,25313293.00,
539679,KAPILRAJ    ,X ,Q,11.35,11.35,11.35,11.35,11.35,11.35,3,23,261.00,
539686,KPEL        ,B ,Q,85.55,88.00,83.40,85.50,85.90,86.65,251,9380,801759.00,
539692,IFINSER     ,X ,Q,6.81,6.81,6.81,6.81,6.81,7.16,10,10708,72921.00,
539697,HILIKS      ,XT,Q,15.50,15.50,14.10,14.50,14.50,14.80,24,1437,21037.00,
539725,GOKULAGRO   ,B ,Q,43.60,44.45,41.15,41.80,42.00,43.60,843,54006,2286835.00,
539730,FREDUN      ,X ,Q,428.55,440.00,420.05,430.10,431.50,428.55,66,1613,685686.00,
539742,SIMBHALS    ,T ,Q,41.45,41.45,38.50,38.50,38.50,40.50,67,26849,1048166.00,
539767,MNIL        ,X ,Q,8.75,9.00,8.25,8.60,8.35,8.62,84,8681,74628.00,
539770,DARJEELING  ,XT,Q,4.00,4.20,4.00,4.20,4.20,4.00,41,93125,390197.00,
539773,ADVIKCA     ,XT,Q,3.05,3.13,3.01,3.13,3.13,2.99,56,35771,111743.00,
539784,LICNFNHGP   ,B ,Q,164.00,164.14,163.53,164.14,164.14,164.65,3,31,5071.00,
539785,PDMJEPAPER  ,B ,Q,46.10,46.10,44.05,44.20,44.20,45.80,971,81287,3656594.00,
539787,HCG         ,A ,Q,244.80,246.50,235.00,237.95,237.95,243.00,417,6651,1610845.00,
539798,UMIYA       ,B ,Q,9.48,9.48,8.75,8.75,8.75,9.07,5,800,7073.00,
539799,BHARATWIRE  ,B ,Q,83.00,83.00,78.10,81.40,80.00,81.80,103,5318,428272.00,
539800,CHDCHEM     ,T ,Q,9.00,9.25,8.37,9.11,9.20,8.81,170,56780,514402.00,
539807,INFIBEAM    ,A ,Q,49.65,50.65,49.15,49.45,49.45,49.40,3106,752878,37608548.00,
539814,LELAVOIR    ,X ,Q,43.00,49.00,42.10,48.50,49.00,44.90,52,71468,3261459.00,
539833,SICLTD      ,X ,Q,0.36,0.36,0.36,0.36,0.36,0.35,146,769180,276904.00,
539835,SUPERIOR    ,X ,Q,185.45,192.00,185.45,190.35,189.75,185.20,178,3636,676897.00,
539837,RPEL        ,B ,Q,527.00,543.00,493.25,497.45,506.00,519.20,330,6579,3297901.00,
539841,LANCER      ,B ,Q,140.00,157.80,140.00,150.10,150.10,148.80,786,57473,8725510.00,
539844,EQUITAS     ,A ,Q,125.15,132.05,125.15,128.80,128.25,127.85,7064,272342,35007272.00,
539854,HALDER      ,X ,Q,311.00,311.00,311.00,311.00,311.00,296.20,6,110,34210.00,
539861,SKIL        ,T ,Q,3.85,3.90,3.65,3.72,3.85,3.74,107,126833,490772.00,
539871,THYROCARE   ,A ,Q,1343.00,1350.00,1336.40,1340.60,1340.60,1342.15,766,18079,24258296.00,
539872,BAJAJHCARE  ,B ,Q,932.75,945.00,919.05,935.90,935.90,932.75,2668,52642,49326524.00,
539874,UJJIVAN     ,A ,Q,237.20,245.10,236.00,241.70,241.70,237.20,1927,104938,25353938.00,
539876,CROMPTON    ,A ,Q,463.90,464.45,456.30,460.05,459.80,460.45,2240,267375,123612481.00,
539883,PILANIINVS  ,A ,Q,2003.65,2010.40,1980.30,1994.85,1995.05,1995.65,82,215,430072.00,
539884,DARSHANORNA ,T ,Q,41.00,41.00,37.10,38.00,38.00,39.05,20,1850,68656.00,
539889,PARAGMILK   ,A ,Q,143.00,147.40,141.35,141.90,142.40,140.45,2573,139509,20156943.00,
539894,MADHAVIPL   ,X ,Q,6.56,6.56,5.94,5.96,6.00,6.25,1848,2133618,13066756.00,
539910,KOCL        ,XT,Q,2.70,2.70,2.70,2.70,2.70,2.58,26,5558,15006.00,
539917,NAGARFERT   ,T ,Q,19.69,20.67,19.00,19.81,19.70,19.69,1821,765847,15259118.00,
539921,SEIL        ,T ,Q,155.00,155.00,155.00,155.00,155.00,156.00,1,25,3875.00,
539938,MIL         ,XT,Q,43.95,43.95,39.85,42.70,43.95,41.90,34,37848,1618394.00,
539939,YASHCHEM    ,B ,Q,40.05,41.90,40.00,41.30,41.00,41.30,90,10192,421558.00,
539940,MAXVIL      ,B ,Q,80.00,81.60,77.75,78.00,78.00,80.00,549,17211,1369983.00,
539945,ICICINV20   ,B ,Q,85.33,86.50,85.15,86.01,85.93,85.04,46,377,32326.00,
539947,JLL         ,XT,Q,11.16,11.16,10.62,10.62,10.62,11.16,2,547,6067.00,
539956,TAALENT     ,X ,Q,715.00,715.00,677.00,700.85,700.85,693.80,144,1738,1208559.00,
539957,MGL         ,A ,Q,1178.30,1178.30,1158.00,1161.35,1158.00,1169.20,766,10150,11873489.00,
539963,ZEAL        ,B ,Q,130.00,134.80,128.00,129.60,130.00,127.00,383,74119,9616827.00,
539978,QUESS       ,A ,Q,755.00,765.40,737.05,743.05,743.05,758.35,1658,17726,13294115.00,
539980,ICICIMCAP   ,B ,Q,96.40,96.58,95.90,95.94,95.90,96.07,86,1206,115774.00,
539982,ASYL        ,T ,Q,12.04,13.27,12.03,12.16,12.03,12.64,17,2900,35477.00,
539984,HUIL        ,X ,Q,3603.20,3799.40,3602.50,3750.65,3700.00,3733.95,23,111,410601.00,
539985,TITAANIUM   ,M ,Q,6.50,6.50,6.50,6.50,6.50,6.47,1,8000,52000.00,
539986,COMSYN      ,B ,Q,142.15,144.40,141.00,143.55,143.50,142.05,134,28376,4048894.00,
539992,LLOYDSTEEL  ,T ,Q,3.28,3.62,3.28,3.61,3.61,3.45,2864,3226735,11505134.00,
539997,KPL         ,M ,Q,183.60,183.60,180.00,180.75,180.00,185.15,8,30000,5467500.00,
540005,LTI         ,A ,Q,4263.00,4600.00,4250.00,4417.30,4417.30,4220.65,26225,174472,775343290.00,
540006,EASTWEST    ,X ,Q,8.19,8.19,7.73,7.96,7.96,7.93,114,50794,403622.00,
540008,BSLSENETFG  ,B ,Q,504.10,509.90,492.10,495.00,495.00,500.59,43,168,84519.00,
540023,COLORCHIPS  ,XT,Q,54.30,54.30,53.20,54.30,54.30,51.75,17,1116,60278.00,
540025,ADVENZYMES  ,A ,Q,415.00,421.50,410.75,412.45,413.00,415.80,2019,40051,16638590.00,
540026,LAHL        ,XT,Q,6.00,6.00,6.00,6.00,6.00,6.10,17,8247,49482.00,
540027,PTIL        ,T ,Q,416.55,416.90,414.20,416.90,416.90,416.80,28,5635,2340135.00,
540047,DBL         ,A ,Q,575.00,575.00,554.40,563.50,563.50,586.00,4937,117242,65826684.00,
540048,SPAL        ,B ,Q,287.95,304.00,281.00,289.40,289.40,284.70,1764,25413,7442624.00,
540061,BIGBLOC     ,B ,Q,112.05,115.00,112.00,112.35,112.00,111.95,120,1852,209975.00,
540062,GOLDENCREST ,X ,Q,35.15,36.50,35.15,36.50,36.50,35.15,3,20,704.00,
540063,ECS         ,XT,Q,4.05,4.24,3.84,3.85,3.84,4.04,34,8670,35150.00,
540064,FRETAIL     ,A ,Q,62.70,64.50,62.40,63.20,63.20,63.30,3442,540250,34237227.00,
540065,RBLBANK     ,A ,Q,216.90,218.15,212.00,215.00,215.00,218.80,6803,569915,122716317.00,
540072,SHIVAEXPO   ,M ,Q,3.05,3.05,3.05,3.05,3.05,3.05,1,10000,30500.00,
540073,BLS         ,B ,Q,134.35,144.65,132.60,138.30,138.30,133.60,4726,262149,36562025.00,
540078,MITSU       ,B ,Q,248.00,259.35,248.00,256.90,258.00,250.05,73,2343,595379.00,
540080,NARAYANI    ,T ,Q,35.30,35.30,34.00,34.10,34.00,34.10,74,1734,59887.00,
540081,GOVNOW      ,T ,Q,2.28,2.28,2.28,2.28,2.28,2.18,1,150,342.00,
540083,TVVISION    ,T ,Q,2.18,2.18,2.05,2.18,2.18,2.08,46,36165,78509.00,
540084,SPICY       ,M ,Q,3.71,3.71,3.71,3.71,3.71,3.70,1,10000,37100.00,
540108,TIAANC      ,X ,Q,48.45,48.45,48.45,48.45,48.45,53.80,218,27178,1316774.00,
540115,LTTS        ,A ,Q,3100.20,3492.25,3100.20,3465.65,3465.65,2910.25,16610,190157,640710040.00,
540124,GNA         ,B ,Q,501.55,549.00,496.20,542.05,542.05,497.60,3168,50225,26710556.00,
540125,RADHIKAJWE  ,M ,Q,40.05,41.00,40.05,40.45,40.80,40.50,17,27200,1104000.00,
540133,ICICIPRULI  ,A ,Q,635.00,635.00,620.90,622.55,624.30,631.75,1089,25774,16163600.00,
540134,IISL        ,X ,Q,4.45,4.45,4.15,4.15,4.15,4.45,12,9414,40849.00,
540135,ARCFIN      ,X ,Q,7.00,7.00,7.00,7.00,7.00,6.67,8,687,4809.00,
540136,HPL         ,B ,Q,88.15,88.15,81.15,81.45,81.45,85.40,862,65134,5356295.00,
540143,SAGARSOFT   ,X ,Q,288.35,288.35,288.35,288.35,288.35,274.65,48,7140,2058819.00,
540144,DRA         ,M ,Q,15.02,15.15,14.64,14.94,14.64,15.98,10,25000,374550.00,
540145,VALIANTORG  ,B ,Q,1457.55,1469.55,1438.60,1447.70,1449.00,1450.55,484,1957,2842909.00,
540146,ACML        ,M ,Q,52.80,52.80,52.80,52.80,52.80,50.30,10,19000,1003200.00,
540147,SHASHIJIT   ,T ,Q,26.00,26.25,26.00,26.20,26.00,26.50,3,800,20925.00,
540151,DIKSAT      ,M ,Q,109.00,109.00,109.00,109.00,109.00,104.00,1,1500,163500.00,
540152,IGRL        ,M ,Q,5.90,5.90,5.90,5.90,5.90,5.96,1,4000,23600.00,
540153,ENDURANCE   ,A ,Q,1653.00,1670.70,1611.80,1619.35,1623.95,1647.35,891,5053,8252149.00,
540159,PURPLE      ,X ,Q,32.85,32.85,32.85,32.85,32.85,34.55,2,6,197.00,
540168,SUPRAP      ,XT,Q,29.75,29.75,27.10,27.90,27.90,28.50,255,44266,1253860.00,
540173,PNBHOUSING  ,T ,Q,745.00,745.00,721.00,728.50,727.05,736.10,552,8664,6326634.00,
540174,SOUTHERNIN  ,XT,Q,21.90,21.90,19.95,20.65,20.65,20.95,46,1617,34073.00,
540175,REGENCY     ,X ,Q,13.85,14.84,13.85,14.33,14.84,13.96,48,12717,180531.00,
540180,VBL         ,A ,Q,784.90,798.65,780.20,796.45,796.25,779.20,3225,51181,40566792.00,
540190,FRANKLININD ,XT,Q,12.50,12.50,12.00,12.00,12.00,12.53,2,21,262.00,
540192,LKPSEC      ,X ,Q,13.49,14.65,13.29,13.74,13.80,13.28,416,290219,4080034.00,
540198,OSIAJEE     ,X ,Q,39.75,39.95,38.90,39.20,39.40,38.95,99,44284,1734522.00,
540203,SFL         ,A ,Q,2415.00,2419.00,2364.65,2381.65,2364.65,2412.45,151,389,932533.00,
540204,NIDL        ,XT,Q,77.30,77.30,77.30,77.30,77.30,73.65,10,1500,115950.00,
540205,AVL         ,B ,Q,960.45,960.45,950.00,960.45,960.45,914.75,719,19165,18405921.00,
540210,TMRVL       ,T ,Q,17.80,18.95,17.80,18.60,18.60,18.55,103,9424,173460.00,
540212,TCIEXP      ,A ,Q,1470.00,1495.00,1461.90,1487.55,1495.00,1475.40,436,2000,2951632.00,
540222,LAURUSLABS  ,A ,Q,661.75,677.20,657.85,672.50,672.50,658.05,4880,2232810,1485839110.00,
540243,NEWLIGHT    ,XT,Q,35.75,35.75,35.30,35.75,35.75,34.05,30,20738,740151.00,
540253,SNTCL       ,XT,Q,1.60,1.63,1.52,1.63,1.63,1.56,92,16104,25959.00,
540254,MTPL        ,X ,Q,6.30,6.30,5.99,5.99,5.99,6.30,3,60,373.00,
540259,SHANGAR     ,X ,Q,9.91,10.26,9.90,9.98,9.98,9.99,296,38963,388665.00,
540268,DHANVARSHA  ,X ,Q,790.00,795.00,775.50,779.65,780.00,778.50,121,32198,25157086.00,
540293,PRICOLLTD   ,A ,Q,103.90,105.35,102.20,103.60,103.60,101.55,2383,217806,22670536.00,
540311,JITFINFRA   ,T ,Q,19.40,20.00,19.00,19.50,19.50,20.00,81,10150,198473.00,
540358,RMC         ,M ,Q,22.35,23.50,22.35,22.95,23.50,24.60,2,4000,91700.00,
540359,PARMAX      ,XT,Q,58.65,58.65,56.05,58.65,58.65,55.90,19,842,48316.00,
540360,LLFICL      ,X ,Q,83.25,84.85,81.50,84.60,84.60,83.55,35,11275,939734.00,
540361,DANUBE      ,X ,Q,33.45,33.80,32.00,33.80,33.80,32.10,24,4411,147135.00,
540366,RADIOCITY   ,B ,Q,26.15,26.15,25.50,25.55,25.55,25.85,194,22500,580686.00,
540376,DMART       ,A ,Q,3311.00,3360.00,3310.00,3319.30,3319.30,3329.15,1502,8936,29819495.00,
540385,KDLL        ,XT,Q,10.78,11.88,10.77,11.40,11.40,11.33,23,7485,82387.00,
540386,ONTIC       ,XT,Q,4.81,4.81,4.37,4.75,4.81,4.59,90,275855,1323127.00,
540393,SMLT        ,M ,Q,60.10,60.10,60.10,60.10,60.10,60.00,1,2000,120200.00,
540395,CHEMCRUX    ,M ,Q,298.95,300.00,282.00,288.00,288.00,289.55,15,7500,2185775.00,
540396,MANOMAY     ,M ,Q,30.00,30.00,30.00,30.00,30.00,30.05,1,4000,120000.00,
540401,MAXIMUS     ,B ,Q,93.65,108.00,93.65,102.60,103.95,94.45,495,28655,2975792.00,
540403,CLEDUCATE   ,B ,Q,140.00,140.00,130.75,133.75,132.00,137.35,225,5474,735215.00,
540405,OCEANIC     ,T ,Q,59.35,65.45,59.30,60.10,59.30,62.35,30,2373,146280.00,
540416,OCTAWARE    ,M ,Q,90.00,90.00,90.00,90.00,90.00,88.40,1,9600,864000.00,
540425,SHANKARA    ,A ,Q,521.90,540.00,518.75,533.10,533.10,519.75,3713,95244,50215239.00,
540481,CLFL        ,X ,Q,17.98,17.98,17.97,17.97,17.97,17.13,3,112,2013.00,
540497,SCHAND      ,B ,Q,131.00,139.00,130.75,133.15,133.15,128.20,1576,79620,10758244.00,
540519,MEERA       ,M ,Q,91.10,91.10,91.00,91.00,91.00,90.60,2,2400,218520.00,
540526,IRBINVIT    ,IF,Q,55.60,56.00,55.45,55.55,55.55,55.46,31,90000,5009050.00,
540530,HUDCO       ,A ,Q,52.95,54.45,52.55,53.00,53.00,52.70,1947,478168,25546784.00,
540544,PSPPROJECT  ,A ,Q,469.25,471.00,458.50,460.55,459.70,468.50,1337,22055,10191422.00,
540545,BGJL        ,B ,Q,19.70,20.60,19.70,20.00,20.15,20.70,380,44627,886308.00,
540550,YUG         ,M ,Q,28.00,28.00,28.00,28.00,28.00,29.50,2,12000,336000.00,
540552,AXISAEGPG   ,B ,Q,14.71,16.18,14.71,15.40,15.40,15.99,24,6249,96013.00,
540565,INDIGRID    ,IF,Q,135.70,137.50,135.51,136.39,136.39,135.70,17,30618,4177502.00,
540570,VARIMAN     ,XT,Q,42.00,42.00,38.90,41.00,41.00,40.90,86,947,38084.00,
540575,STARCEMENT  ,A ,Q,109.55,111.00,109.20,109.40,109.20,110.00,582,33761,3712278.00,
540595,TEJASNET    ,T ,Q,188.00,190.00,185.00,187.15,185.05,186.45,222,13102,2448376.00,
540596,ERIS        ,A ,Q,770.25,776.00,756.00,766.25,767.60,766.25,1113,9854,7539976.00,
540602,GTPL        ,B ,Q,208.00,208.00,198.65,200.65,201.05,204.15,781,17027,3437805.00,
540611,AUBANK      ,A ,Q,1199.70,1259.40,1193.85,1249.10,1251.00,1191.80,3853,75102,92552838.00,
540612,ICICILOVOL  ,B ,Q,130.20,131.60,129.10,130.88,131.50,129.73,99,1160,151948.00,
540614,GGENG       ,B ,Q,26.00,26.45,25.40,25.50,25.50,25.95,1031,887828,22838451.00,
540615,7NR         ,B ,Q,6.75,7.20,6.75,6.90,6.90,6.86,84,22739,157990.00,
540621,BHAGYAPROP  ,B ,Q,30.65,30.95,30.10,30.50,30.95,30.55,203,13114,398649.00,
540642,SALASAR     ,B ,Q,350.55,353.00,347.40,351.50,350.30,352.40,648,5963,2088497.00,
540647,GANGESSEC   ,B ,Q,92.85,93.70,85.30,87.30,87.30,91.90,601,21671,1902353.00,
540648,PALASHSEC   ,T ,Q,78.50,78.50,71.75,78.25,78.25,75.10,4,203,14590.00,
540649,AVADHSUGAR  ,B ,Q,491.00,498.20,470.00,475.85,475.90,487.95,1097,21093,10159152.00,
540650,MAGADHSUGAR ,B ,Q,348.60,348.60,332.45,333.15,333.60,345.95,532,3147,1062957.00,
540653,SINTEXPLAST ,T ,Q,5.74,6.17,5.74,5.80,5.80,6.04,1025,776247,4565552.00,
540654,GSTL        ,B ,Q,68.50,69.00,63.50,67.00,67.00,66.65,501,53700,3633333.00,
540669,UTINEXT50   ,B ,Q,40.80,40.97,40.15,40.39,40.39,40.13,10,1964,79584.00,
540673,SIS         ,A ,Q,503.00,507.15,495.60,498.20,498.70,502.60,654,13688,6839210.00,
540678,COCHINSHIP  ,A ,Q,393.80,394.55,387.05,388.50,387.50,389.45,676,13421,5259068.00,
540679,SMSLIFE     ,B ,Q,745.15,753.85,742.05,749.35,749.00,744.05,68,292,218080.00,
540680,KIOCL       ,B ,Q,271.85,272.00,265.45,267.05,267.70,269.60,628,9110,2450160.00,
540681,CHOTHANI    ,M ,Q,8.00,8.00,8.00,8.00,8.00,7.99,1,20000,160000.00,
540686,SMRUTHIORG  ,X ,Q,399.40,399.40,399.40,399.40,399.40,380.40,95,9921,3962447.00,
540691,ABCAPITAL   ,A ,Q,122.65,122.65,118.65,119.00,119.00,120.80,3084,224593,26933053.00,
540692,APEX        ,A ,Q,392.00,410.15,391.00,392.10,391.80,386.20,1314,23865,9568833.00,
540693,SHISHIND    ,T ,Q,67.45,67.50,61.20,62.25,61.20,64.30,34,2726,174414.00,
540694,ANG         ,M ,Q,189.60,193.90,189.60,193.90,193.90,184.70,7,11200,2158080.00,
540697,AMFL        ,XT,Q,2.02,2.02,1.88,1.92,1.92,1.97,131,75057,144929.00,
540699,DIXON       ,A ,Q,4581.00,4670.00,4542.45,4645.30,4645.30,4595.60,5067,20086,92848802.00,
540700,BRNL        ,B ,Q,39.45,41.40,39.00,39.60,40.00,38.65,944,87674,3525034.00,
540701,DCAL        ,A ,Q,204.90,212.25,201.40,206.65,206.65,203.75,2555,89918,18810379.00,
540702,LASA        ,B ,Q,79.60,87.00,79.60,84.60,84.60,79.40,2028,163674,13763806.00,
540703,PROVESTSER  ,X ,Q,5.51,5.51,5.01,5.01,5.01,5.25,17,5447,28508.00,
540704,MATRIMONY   ,B ,Q,1095.20,1118.20,1069.05,1100.85,1104.55,1090.60,925,3788,4160590.00,
540709,RELHOME     ,T ,Q,5.00,5.00,4.71,4.80,4.82,4.95,1016,642691,3071493.00,
540710,CAPACITE    ,B ,Q,231.10,245.00,231.10,240.60,240.60,235.15,1809,37717,9088432.00,
540715,SAGAR       ,M ,Q,28.60,29.00,28.60,28.80,28.80,28.60,3,9000,259200.00,
540716,ICICIGI     ,A ,Q,1535.00,1551.25,1535.00,1547.50,1547.50,1530.45,840,15064,23283168.00,
540717,PQIF        ,X ,Q,6.01,6.01,6.01,6.01,6.01,5.73,1,10,60.00,
540719,SBILIFE     ,A ,Q,1055.00,1059.55,1049.70,1052.35,1054.00,1052.55,2300,26099,27505976.00,
540724,DIAMONDYD   ,A ,Q,796.65,796.70,760.80,770.40,770.00,794.35,1989,20121,15825656.00,
540725,SISL        ,B ,Q,481.90,492.45,472.70,485.85,485.85,479.60,763,10923,5255989.00,
540726,TTFL        ,T ,Q,38.00,38.00,36.10,37.40,37.40,37.80,25,1646,60308.00,
540727,POOJA       ,M ,Q,25.15,25.20,25.05,25.20,25.20,25.15,4,24000,603000.00,
540728,SAYAJIIND   ,X ,Q,249.00,249.00,249.00,249.00,249.00,249.10,1,50,12450.00,
540729,VANTABIO    ,M ,Q,142.05,147.00,140.25,147.00,147.00,150.00,5,3750,542437.00,
540730,MEHAI       ,B ,Q,60.20,60.20,52.00,54.95,54.95,54.80,100,4801,268343.00,
540735,IRIS        ,M ,Q,88.00,89.85,84.25,89.85,89.85,85.60,11,52000,4615400.00,
540737,SGRL        ,B ,Q,402.05,410.00,381.90,389.50,389.95,402.25,1290,34829,13625544.00,
540738,STL         ,M ,Q,43.50,43.50,43.50,43.50,43.50,43.50,12,120000,5220000.00,
540743,GODREJAGRO  ,A ,Q,665.30,667.25,654.70,660.65,662.35,660.50,2004,30814,20378957.00,
540744,MESCON      ,XT,Q,14.11,15.34,14.11,15.11,15.17,14.65,94,22607,338908.00,
540749,MASFIN      ,A ,Q,877.55,886.45,860.90,877.85,875.05,875.00,236,1184,1032125.00,
540750,IEX         ,A ,Q,418.90,421.90,406.30,409.20,409.20,413.90,4183,151976,63169369.00,
540755,GICRE       ,A ,Q,187.30,189.00,184.15,184.65,184.65,187.30,1241,45829,8511750.00,
540762,TIINDIA     ,A ,Q,1132.00,1162.00,1125.00,1135.95,1139.60,1143.05,1142,9832,11260039.00,
540767,NAM-INDIA   ,A ,Q,384.70,401.15,384.25,396.05,396.05,386.35,4469,170057,67075031.00,
540768,MAHLOG      ,A ,Q,584.70,593.35,578.20,582.80,579.85,582.40,407,4117,2411122.00,
540769,NIACL       ,A ,Q,171.00,171.00,165.10,165.80,165.60,166.25,602,13497,2242209.00,
540774,IFGLEXPOR   ,B ,Q,409.20,426.45,406.05,408.70,407.65,407.55,592,5907,2444181.00,
540775,KHADIM      ,B ,Q,308.10,309.15,299.70,302.15,302.35,305.95,471,4374,1330930.00,
540776,5PAISA      ,B ,Q,573.25,577.40,522.65,526.15,522.65,550.15,1442,16671,9149862.00,
540777,HDFCLIFE    ,A ,Q,691.50,699.65,688.75,693.80,693.80,688.40,2510,216021,149453331.00,
540782,SBRANDS     ,M ,Q,7.00,7.66,7.00,7.23,7.01,7.30,11,37000,278820.00,
540786,SHARIKA     ,B ,Q,26.90,26.95,24.90,25.25,25.30,24.75,504,36140,912893.00,
540787,ICICIB22    ,B ,Q,40.34,40.56,40.27,40.42,40.40,40.34,353,69474,2810864.00,
540788,ASPIRA      ,X ,Q,36.20,36.20,36.20,36.20,36.20,34.50,1,5000,181000.00,
540789,DNAMEDIA    ,B ,Q,2.58,2.58,2.58,2.58,2.58,2.46,14,15440,39835.00,
540795,DYNAMIC     ,B ,Q,46.00,46.00,43.65,44.00,44.00,44.60,213,36928,1643118.00,
540796,RATNABHUMI  ,B ,Q,84.95,84.95,70.05,75.75,76.75,71.85,93,3018,229684.00,
540797,SHALBY      ,B ,Q,197.40,197.40,191.85,192.40,191.90,191.40,1330,46730,9029792.00,
540798,FSC         ,T ,Q,91.20,94.00,90.00,92.00,92.75,92.35,154,9364,863428.00,
540809,MRCEXIM     ,M ,Q,6.21,6.32,6.21,6.27,6.32,6.22,2,16000,100240.00,
540811,DML         ,M ,Q,12.01,12.01,11.10,11.58,11.96,12.13,10,100000,1143400.00,
540823,VITESSE     ,XT,Q,26.60,27.90,26.60,27.80,27.80,26.60,46,4249,117790.00,
540824,ASTRON      ,B ,Q,71.70,71.70,67.00,67.55,67.25,71.40,2225,205908,14076861.00,
540829,CHANDRIMA   ,XT,Q,3.83,4.10,3.72,3.85,3.85,3.91,37,4583,17608.00,
540850,JFL         ,M ,Q,10.00,10.00,10.00,10.00,10.00,9.55,1,2000,20000.00,
540874,7SEAS       ,XT,Q,15.12,15.87,15.12,15.87,15.87,15.12,29,10025,157581.00,
540879,APOLLO      ,B ,Q,125.60,126.00,121.50,123.15,123.15,123.50,3326,156000,19324623.00,
540900,NEWGEN      ,T ,Q,719.00,733.80,671.00,708.30,710.00,698.90,1053,119149,84406935.00,
540901,PRAXIS      ,B ,Q,46.50,46.50,43.35,43.55,43.60,45.20,71,12175,540190.00,
540902,AMBER       ,A ,Q,3023.65,3050.00,3003.10,3034.70,3030.00,3021.85,565,2177,6592543.00,
540904,TIRUFOAM    ,X ,Q,86.45,86.45,86.45,86.45,86.45,90.95,1,39,3371.00,
540923,AML         ,M ,Q,5.25,5.25,5.25,5.25,5.25,5.00,1,6000,31500.00,
540935,GALAXYSURF  ,A ,Q,3265.50,3265.50,3125.00,3134.95,3125.00,3185.80,421,1242,3932349.00,
540936,GGL         ,B ,Q,15.00,15.25,14.10,14.25,14.15,14.80,421,65578,947992.00,
540947,IPRU3034    ,B ,Q,12.40,13.59,12.40,13.49,13.49,13.27,7,15200,199199.00,
540954,IWP         ,X ,Q,48.50,49.00,46.50,47.35,47.05,47.20,82,10741,512256.00,
540955,TDSL        ,B ,Q,29.15,30.60,27.40,28.15,28.15,31.90,1454,440412,12913452.00,
540956,BHATIA      ,T ,Q,65.00,70.60,65.00,69.00,69.00,68.00,15,1152,76631.00,
540961,SHIVAMILLS  ,B ,Q,94.40,94.50,90.60,92.20,90.60,92.10,252,10595,992690.00,
540975,ASTERDM     ,A ,Q,163.80,165.95,160.70,162.00,162.00,163.80,868,25200,4095797.00,
540980,YSL         ,XT,Q,20800.00,20800.00,20500.00,20500.00,20500.00,20200.00,6,7,145300.00,
541005,KANCOTEA    ,X ,Q,74.90,74.90,72.00,72.00,72.00,72.25,41,1974,143372.00,
541006,ANGEL       ,M ,Q,21.78,21.78,21.78,21.78,21.78,20.75,3,100000,2178000.00,
541019,HGINFRA     ,A ,Q,488.15,499.00,487.00,491.05,491.05,486.60,571,11144,5494209.00,
541083,INFLAME     ,M ,Q,249.00,260.40,249.00,252.00,252.00,248.00,11,11000,2789800.00,
541092,ABSLRIF6RG  ,B ,Q,10.36,10.36,10.20,10.20,10.20,10.09,10,373,3863.00,
541093,ABSLRIF6RD  ,B ,Q,10.24,10.24,10.24,10.24,10.24,10.25,2,50,512.00,
541096,BPLPHARMA   ,XT,Q,377.30,377.30,366.25,374.65,374.80,380.15,111,3300,1226316.00,
541097,LIQUIDETF   ,F ,Q,999.99,999.99,999.99,999.99,999.99,1000.00,7,310,309996.00,
541143,BDL         ,A ,Q,379.95,383.00,376.75,378.40,378.40,378.85,502,12694,4812450.00,
541152,ADVITIYA    ,M ,Q,47.05,50.30,47.05,50.30,50.30,48.20,3,6000,290800.00,
541153,BANDHANBNK  ,A ,Q,319.85,321.65,317.55,319.60,319.60,317.90,1731,592452,189742718.00,
541154,HAL         ,A ,Q,1105.40,1118.00,1091.00,1096.90,1096.90,1107.35,1805,67319,74083745.00,
541161,KARDA       ,T ,Q,185.00,185.80,183.00,185.80,185.80,182.55,1671,65132,12067473.00,
541163,SANDHAR     ,B ,Q,288.60,295.10,286.50,290.10,290.60,286.50,909,20269,5898950.00,
541167,YASHO       ,T ,Q,434.85,440.20,421.00,438.10,440.20,435.85,432,32448,14159576.00,
541178,BENARA      ,M ,Q,12.95,12.95,12.75,12.75,12.75,12.50,2,4000,51400.00,
541179,ISEC        ,A ,Q,712.70,733.40,708.90,726.20,726.20,707.20,4243,82157,59353701.00,
541195,MIDHANI     ,A ,Q,201.50,202.10,198.80,199.00,198.80,201.50,518,22304,4459007.00,
541233,LEMONTREE   ,A ,Q,43.70,43.70,42.05,42.10,42.10,43.10,1404,387596,16455531.00,
541269,CHEMFABALKA ,B ,Q,186.30,187.35,174.30,175.20,177.45,183.30,1189,39454,7246525.00,
541276,HARDWYN     ,M ,Q,52.35,52.35,52.30,52.35,52.30,58.95,2,5000,261625.00,
541299,DLCL        ,M ,Q,27.00,27.00,27.00,27.00,27.00,25.75,4,16000,432000.00,
541301,ORIENTELEC  ,A ,Q,312.10,312.70,307.30,311.05,311.00,310.30,1172,24697,7664142.00,
541302,DHRUV       ,M ,Q,25.25,25.25,25.25,25.25,25.25,26.90,1,2000,50500.00,
541303,AKSHAR      ,M ,Q,12.27,12.27,12.27,12.27,12.27,11.69,1,6000,73620.00,
541309,IPRU3095    ,B ,Q,13.45,13.55,13.45,13.55,13.55,13.35,7,32500,438375.00,
541313,ICICI500    ,B ,Q,225.50,226.40,224.00,225.08,224.00,225.00,16,58,13105.00,
541336,INDOSTAR    ,A ,Q,346.30,346.30,340.75,341.95,340.75,344.00,198,1259,434102.00,
541337,MILEFUR     ,M ,Q,28.85,29.05,28.05,28.85,28.50,27.70,39,117000,3364050.00,
541347,PARVATI     ,XT,Q,7.17,7.17,6.49,7.16,7.16,6.83,547,254600,1764705.00,
541352,MEGASTAR    ,M ,Q,39.00,39.00,39.00,39.00,39.00,37.20,1,2000,78000.00,
541353,INNOVATORS  ,M ,Q,39.10,39.10,38.00,39.00,39.00,37.60,5,8000,308960.00,
541400,ZIMLAB      ,X ,Q,143.15,154.75,143.10,146.30,148.85,149.95,88,2709,398052.00,
541402,AFFORDABLE  ,M ,Q,117.00,117.00,112.55,113.35,113.00,116.60,12,19200,2197280.00,
541403,DOLLAR      ,A ,Q,319.50,320.60,315.55,315.90,316.10,318.00,604,13500,4296674.00,
541444,PALMJEWELS  ,B ,Q,37.50,37.80,35.35,36.55,36.50,36.80,113,24242,890891.00,
541445,WAA         ,M ,Q,39.90,39.90,39.90,39.90,39.90,38.00,3,4800,191520.00,
541450,ADANIGREEN  ,T ,Q,953.00,1005.00,953.00,994.95,983.50,972.50,961,8561,8401945.00,
541503,UNICK       ,XT,Q,34.05,34.05,34.05,34.05,34.05,32.95,2,500,17025.00,
541540,SOLARA      ,A ,Q,1681.25,1690.70,1661.80,1664.75,1671.25,1669.50,785,3064,5122988.00,
541546,GAYAHWS     ,T ,Q,0.96,0.96,0.96,0.96,0.96,0.92,1,25,24.00,
541556,RITES       ,A ,Q,295.00,295.10,280.00,283.45,283.45,294.15,2606,126214,36352616.00,
541557,FINEORG     ,A ,Q,3032.65,3040.00,2995.35,3014.15,3020.45,3014.80,942,3099,9336146.00,
541578,VARROC      ,A ,Q,357.00,357.00,349.55,350.60,351.20,354.55,2474,22752,8008225.00,
541601,RAJNISH     ,M ,Q,22.25,23.15,22.15,22.80,23.15,22.05,10,14400,326160.00,
541627,HITECHWIND  ,XT,Q,5.24,5.24,4.95,5.16,5.18,5.16,38,13915,69759.00,
541634,RAWEDGE     ,B ,Q,31.95,33.20,31.15,33.20,33.20,30.20,34,15189,501682.00,
541700,TCNSBRANDS  ,A ,Q,598.75,604.00,593.40,598.10,600.00,597.05,472,3949,2359458.00,
541702,ASHNI       ,XT,Q,6.80,7.25,6.57,6.59,6.58,6.91,24,4407,30161.00,
541729,HDFCAMC     ,A ,Q,2962.10,3098.25,2955.35,3087.05,3087.05,2958.40,10570,63558,193599473.00,
541735,VIVANTA     ,X ,Q,13.38,13.38,13.37,13.38,13.38,12.75,14,2043,27323.00,
541742,TVF2D       ,B ,Q,13.31,13.31,12.35,12.35,12.35,13.41,12,2033,26006.00,
541744,TVF2G       ,B ,Q,12.85,12.85,12.79,12.79,12.79,12.67,5,47612,609661.00,
541770,CREDITACC   ,A ,Q,722.75,745.95,721.00,740.90,740.00,721.65,633,4603,3378563.00,
541771,AMINTAN     ,XT,Q,1.86,1.86,1.86,1.86,1.86,1.95,132,41488,77167.00,
541778,DEEP        ,B ,Q,117.35,117.90,110.00,116.55,117.40,116.55,463,121106,13771252.00,
541804,IPRU3168    ,B ,Q,12.30,12.30,12.30,12.30,12.30,12.40,1,12,147.00,
541809,ICICINXT50  ,B ,Q,39.67,39.98,39.40,39.79,39.79,39.75,103,2138,85018.00,
541865,ASRL        ,B ,Q,79.90,87.05,79.90,84.95,84.95,77.65,1110,162664,13606708.00,
541890,SPACEINCUBA ,X ,Q,1.56,1.63,1.56,1.57,1.57,1.64,41,31010,48963.00,
541929,SGIL        ,M ,Q,130.05,140.00,130.00,134.10,134.10,140.00,43,90000,11782700.00,
541946,ICICILIQ    ,F ,Q,1000.00,1000.00,1000.00,1000.00,1000.00,1000.00,5,682,682000.00,
541956,IRCON       ,A ,Q,46.80,47.40,46.40,46.75,46.75,46.50,2166,411049,19345578.00,
541972,SETFSN50    ,B ,Q,459.99,459.99,453.00,453.00,453.00,450.20,7,51,23354.00,
541974,MANORAMA    ,M ,Q,1825.00,1892.00,1799.00,1883.05,1872.25,1818.25,55,11400,21144352.00,
541983,INNOVATIVE  ,M ,Q,7.61,7.79,7.20,7.59,7.59,7.61,5,5000,37720.00,
541988,AAVAS       ,A ,Q,2911.65,2911.65,2816.10,2864.00,2862.60,2910.30,248,849,2436301.00,
541999,GENERAAGRI  ,X ,Q,2.32,2.43,2.32,2.43,2.43,2.32,19,9784,23167.00,
542011,GRSE        ,A ,Q,209.00,209.05,200.50,201.00,200.60,205.55,979,20384,4153844.00,
542012,AAL         ,M ,Q,161.00,161.00,159.00,159.85,159.85,160.00,5,10000,1599500.00,
542019,SHUBHAM     ,T ,Q,124.90,124.90,120.85,123.85,123.85,120.85,5,17042,2128131.00,
542025,SUNRETAIL   ,M ,Q,27.50,27.50,26.00,26.00,26.00,27.95,4,12000,320850.00,
542034,SMGOLD      ,B ,Q,104.95,107.15,104.95,107.10,107.15,103.55,377,42838,4568847.00,
542057,BCPL        ,B ,Q,58.05,63.40,58.00,61.10,61.10,58.90,2668,451598,27910610.00,
542066,ATGL        ,T ,Q,881.75,899.80,840.00,891.55,891.55,881.75,4953,61353,53331019.00,
542117,NETRIPPLES  ,X ,Q,6.60,6.60,6.60,6.60,6.60,6.30,9,556,3669.00,
542123,PHOSPHATE   ,XT,Q,84.50,84.50,84.25,84.25,84.25,84.25,5,228,19211.00,
542131,MAN50ETF    ,B ,Q,163.40,163.90,162.80,163.38,163.38,162.70,27,901,147279.00,
542135,H1246D43RG  ,F ,Q,10.00,10.00,10.00,10.00,10.00,0.00,1,10,100.00,
542141,TECHNOE     ,A ,Q,314.05,317.85,311.00,312.95,313.80,313.95,641,11198,3515610.00,
542145,RONI        ,M ,Q,71.00,71.00,71.00,71.00,71.00,71.00,1,3000,213000.00,
542155,DGL         ,M ,Q,4.65,4.65,4.65,4.65,4.65,4.43,3,6000,27900.00,
542158,IPRU3219    ,B ,Q,11.68,11.68,11.68,11.68,11.68,10.62,1,3000,35040.00,
542206,NIVAKA      ,X ,Q,7.35,7.71,7.35,7.70,7.70,7.35,7,465,3574.00,
542216,DALBHARAT   ,A ,Q,2187.40,2299.00,2187.35,2271.80,2271.80,2180.60,2617,50025,110665462.00,
542231,NILASPACES  ,T ,Q,2.12,2.16,2.02,2.10,2.10,2.12,182,251260,515353.00,
542232,SRD         ,B ,Q,72.15,80.10,69.00,72.85,72.85,75.05,240,8179,593820.00,
542233,TREJHARA    ,B ,Q,60.50,64.20,59.50,60.70,60.70,59.15,384,16956,1038670.00,
542248,DECCAN      ,M ,Q,30.75,31.00,30.50,30.95,30.95,30.45,8,9600,296040.00,
542285,AXITA       ,M ,Q,30.05,31.85,30.05,31.70,31.70,29.25,5,20000,625200.00,
542323,KPIGLOBAL   ,M ,Q,101.00,102.85,96.00,98.00,98.00,105.00,48,92800,9225680.00,
542333,RPSGVENT    ,A ,Q,593.30,609.40,589.85,594.30,593.85,589.30,1799,17839,10697738.00,
542337,SPENCER     ,A ,Q,88.90,99.45,87.80,94.90,94.90,88.35,9035,855255,81783448.00,
542351,GLOSTERLTD  ,X ,Q,1215.00,1258.00,1211.00,1241.90,1250.00,1240.65,178,3778,4658255.00,
542367,XELPMOC     ,B ,Q,473.00,480.10,436.50,444.15,448.00,473.00,2618,36390,16488189.00,
542383,RITCO       ,M ,Q,30.20,30.50,30.00,30.05,30.05,31.20,6,11200,337600.00,
542399,CHALET      ,A ,Q,190.25,190.45,184.20,184.85,184.85,187.20,547,15231,2861863.00,
542437,ANMOL       ,B ,Q,162.20,178.00,160.30,175.85,177.00,162.40,224,14944,2480178.00,
542446,JONJUA      ,M ,Q,16.25,16.25,16.25,16.25,16.25,17.10,4,11804,191815.00,
542459,KRANTI      ,M ,Q,27.05,27.05,27.00,27.05,27.00,27.00,3,10800,291960.00,
542460,ANUP        ,B ,Q,888.90,889.95,870.75,885.80,885.80,883.90,970,9090,7986918.00,
542484,ARVINDFASN  ,A ,Q,179.50,184.50,178.50,179.95,179.95,174.90,6967,420924,76433710.00,
542513,UTISXN50    ,B ,Q,46.00,46.00,43.91,45.74,45.74,44.89,19,1489,66992.00,
542579,AGOL        ,M ,Q,42.00,45.75,42.00,43.60,43.60,40.30,16,25600,1123440.00,
542580,AARTECH     ,M ,Q,33.80,33.80,33.80,33.80,33.80,33.80,1,4000,135200.00,
542592,HBEL        ,M ,Q,115.75,115.75,114.95,114.95,114.95,110.25,2,2000,230700.00,
542597,MSTC        ,A ,Q,313.50,322.00,313.15,314.75,314.75,313.05,3255,80380,25504230.00,
542602,EMBASSY     ,IF,Q,356.71,364.75,355.83,360.47,356.25,359.29,80,24600,8833642.00,
542628,NSL         ,M ,Q,28.50,30.90,28.50,30.30,30.90,27.95,6,27000,801600.00,
542649,RVNL        ,A ,Q,31.90,32.05,31.65,31.75,31.75,31.85,1726,749404,23851592.00,
542650,METROPOLIS  ,A ,Q,2817.00,2865.00,2800.00,2807.00,2812.80,2812.80,1609,11336,32031332.00,
542651,KPITTECH    ,A ,Q,253.70,270.50,251.00,257.55,257.55,249.45,8501,348013,90793768.00,
542652,POLYCAB     ,A ,Q,1910.00,1914.35,1891.30,1899.10,1899.10,1902.35,1805,10689,20336452.00,
542653,JINAAM      ,MT,Q,3.10,3.11,3.10,3.10,3.10,3.26,22,72000,223220.00,
542654,VRFILMS     ,M ,Q,109.55,110.00,109.55,109.55,109.55,109.55,4,6000,658200.00,
542655,VIKASLIFE   ,B ,Q,3.59,3.68,3.59,3.68,3.68,3.51,1991,5628403,20617788.00,
542665,NEOGEN      ,A ,Q,909.90,928.00,905.00,911.30,909.10,900.20,701,6204,5698845.00,
542666,GKP         ,M ,Q,52.00,52.00,52.00,52.00,52.00,51.95,1,4000,208000.00,
542667,WORL        ,B ,Q,192.35,192.35,192.35,192.35,192.35,183.20,6,4196,807100.00,
542668,EVANS       ,M ,Q,102.70,102.70,102.70,102.70,102.70,108.10,1,500,51350.00,
542669,BMW         ,XT,Q,38.00,40.50,38.00,38.30,38.00,39.15,134,5621,218714.00,
542670,ARTEMISELC  ,B ,Q,48.85,48.85,46.40,46.85,46.85,49.10,397,120239,5708865.00,
542677,MAHESH      ,X ,Q,4.90,4.95,4.90,4.95,4.95,4.73,14,37050,183178.00,
542679,DEL         ,X ,Q,13.90,13.90,13.65,13.78,13.78,13.35,12,3100,42680.00,
542682,HARISH      ,XT,Q,30.05,30.05,30.05,30.05,30.05,31.60,4,405,12170.00,
542684,PPL         ,B ,Q,173.00,178.00,171.25,174.95,174.95,171.85,1931,43709,7641654.00,
542721,ARL         ,M ,Q,33.85,34.35,33.85,34.35,34.35,34.35,4,16000,544400.00,
542724,EARUM       ,M ,Q,72.50,72.50,69.95,71.00,71.00,69.30,9,13500,965025.00,
542725,SBC         ,M ,Q,41.80,41.85,41.75,41.80,41.85,42.15,12,39000,1630050.00,
542726,INDIAMART   ,A ,Q,7380.00,7400.00,7280.15,7302.45,7323.80,7396.20,922,3111,22770258.00,
542729,DCMNVL      ,B ,Q,163.30,166.40,150.65,151.40,151.40,158.55,760,31348,4945643.00,
542730,ICICIBANKN  ,B ,Q,355.00,357.52,355.00,357.49,357.52,354.33,17,95,33912.00,
542747,NETFSNX150  ,B ,Q,53.18,53.18,53.18,53.18,53.18,53.18,2,2,106.00,
542752,AFFLE       ,T ,Q,4427.00,4427.00,4272.00,4389.45,4377.00,4405.55,2330,5693,24992434.00,
542753,SEACOAST    ,X ,Q,245.00,264.95,239.85,242.70,244.70,252.45,385,13702,3416191.00,
542758,ICICIBANKP  ,B ,Q,184.50,185.50,184.03,185.30,185.30,184.97,28,111,20583.00,
542759,SPANDANA    ,A ,Q,696.55,704.65,694.85,697.95,695.30,689.55,559,4417,3090034.00,
542760,SWSOLAR     ,A ,Q,285.00,288.30,277.25,279.65,279.65,284.00,3045,181341,51455941.00,
542770,ALPHALOGIC  ,MS,Q,145.50,150.00,145.50,147.60,147.60,161.40,4,8000,1180800.00,
542772,IIFLWAM     ,A ,Q,1285.35,1307.00,1266.55,1283.75,1283.75,1271.40,255,1048,1350178.00,
542773,IIFLSEC     ,A ,Q,112.50,117.15,111.85,113.80,113.50,110.90,4432,357510,41034549.00,
542774,APMFINVEST  ,X ,Q,41.45,41.50,39.00,40.80,40.80,42.35,1182,78341,3162847.00,
542802,GALACTICO   ,M ,Q,81.00,82.50,81.00,82.50,82.50,82.00,4,12000,984000.00,
542803,ELLORATRAD  ,XT,Q,18.50,18.50,18.50,18.50,18.50,17.65,14,586,10841.00,
542804,NIESSPJ     ,B ,Q,47.05,47.05,42.30,42.30,42.30,47.00,24,687,29710.00,
542808,NIESSPC     ,B ,Q,5.60,6.83,5.60,6.75,6.20,6.22,24,2484,14942.00,
542812,FLUOROCHEM  ,A ,Q,1437.00,1484.40,1437.00,1469.25,1469.25,1413.65,2798,26245,38466955.00,
542817,NIEHSPI     ,B ,Q,3.77,3.77,3.77,3.77,3.77,3.43,20,6911,26054.00,
542830,IRCTC       ,A ,Q,2270.00,2297.45,2252.00,2268.95,2270.00,2266.30,3461,55365,125940544.00,
542837,NIESSPE     ,B ,Q,3.06,3.67,3.01,3.01,3.01,3.34,26,7851,26262.00,
542839,NIEHSPD     ,B ,Q,1.18,1.18,1.18,1.18,1.18,1.08,14,27044,31911.00,
542843,NIEHSPG     ,B ,Q,5.79,6.87,5.78,6.06,6.75,6.42,27,1787,10751.00,
542844,NIEHSPH     ,B ,Q,2.85,2.94,2.50,2.76,2.76,2.68,31,3519,9694.00,
542845,NIEHSPJ     ,B ,Q,7.91,7.91,7.15,7.91,7.91,7.91,14,2324,18128.00,
542847,NIESSPL     ,B ,Q,2.29,2.51,2.29,2.48,2.36,2.29,103,27123,66874.00,
542848,NIESSPM     ,B ,Q,12.57,13.76,12.57,12.59,12.59,12.55,7,113,1515.00,
542850,GOBLIN      ,M ,Q,20.15,20.25,20.10,20.25,20.25,20.50,3,8000,161200.00,
542852,VISHWARAJ   ,B ,Q,144.00,145.65,141.70,143.80,143.80,143.10,699,27626,3965376.00,
542857,GREENPANEL  ,T ,Q,254.00,254.00,240.10,244.40,246.40,249.55,333,8108,1983674.00,
542862,SHAHLON     ,X ,Q,77.30,81.00,77.30,79.45,79.45,79.65,24,3728,293249.00,
542863,ABSLBANETF  ,B ,Q,356.00,360.00,347.10,356.00,356.00,356.00,13,35,12346.00,
542865,ANUROOP     ,M ,Q,9.30,10.00,9.30,10.00,10.00,10.00,3,30000,286000.00,
542867,CSBBANK     ,A ,Q,348.30,351.00,346.15,349.95,349.30,347.60,488,11913,4155850.00,
542871,ABCRSPRG    ,F ,Q,1.35,1.35,1.35,1.35,1.35,1.24,11,18266,24659.00,
542872,ABCRSPDG    ,F ,Q,3.86,3.86,3.48,3.48,3.48,3.86,21,2833,10114.00,
542904,UJJIVANSFB  ,A ,Q,31.30,31.30,30.55,30.60,30.60,30.85,2275,573124,17626101.00,
542905,SHIL        ,T ,Q,365.00,373.30,360.05,373.30,373.30,355.55,131,7568,2782752.00,
542907,PRINCEPIPE  ,A ,Q,715.95,727.00,711.10,714.70,715.00,706.35,4706,132735,95265314.00,
542909,EBBETF0430  ,F ,Q,1160.00,1160.00,1159.30,1159.31,1159.30,1157.39,4,136,157725.00,
542911,ASSAMENT    ,XT,Q,1268.05,1268.05,1268.05,1268.05,1268.05,1207.70,1,1,1268.00,
542918,GIANLIFE    ,M ,Q,39.00,39.00,39.00,39.00,39.00,36.00,1,24000,936000.00,
542919,ARTEMISMED  ,T ,Q,369.95,369.95,341.55,353.80,353.80,359.50,42,1988,697335.00,
542920,SUMICHEM    ,A ,Q,448.90,458.00,442.25,446.15,446.50,444.25,3226,87684,39490471.00,
542921,ICICIM150   ,B ,Q,106.50,106.90,105.01,106.10,106.10,106.10,33,922,98025.00,
542922,MANXT50ETF  ,B ,Q,387.50,390.00,387.50,389.50,389.50,386.00,13,267,103811.00,
542924,JANUSCORP   ,M ,Q,99.30,99.30,99.30,99.30,99.30,110.30,1,1500,148950.00,
542932,BIRLATYRES  ,B ,Q,29.15,29.15,28.15,28.45,28.45,28.70,1035,88586,2519186.00,
542933,UNIVPHOTO   ,B ,Q,303.90,303.90,290.20,292.65,291.65,300.35,97,1872,556316.00,
542934,CBPL        ,M ,Q,85.05,85.65,85.05,85.35,85.65,85.00,2,4000,341400.00,
542938,OCTAVIUSPL  ,Z ,Q,37.00,37.00,37.00,37.00,37.00,37.00,7,3110,115070.00,
542963,06AGG       ,F ,Q,5.75,6.67,5.75,6.12,5.99,6.38,14,619,3781.00,
542967,06ARD       ,F ,Q,53.55,53.55,53.55,53.55,53.55,59.49,4,220,11781.00,
542969,06GPG       ,F ,Q,15.12,16.89,14.31,15.38,15.38,15.77,102,17641,268907.00,
542981,UTIBFS1DGR  ,F ,Q,20.40,20.40,20.34,20.34,20.34,18.56,3,401,8156.00,
543055,UTDBFS1DGR  ,F ,Q,2.07,2.07,2.07,2.07,2.07,2.29,8,724,1498.00,
543064,SUVENPHAR   ,A ,Q,465.00,469.70,462.80,465.95,467.15,468.10,405,4136,1922538.00,
543066,SBICARD     ,A ,Q,993.30,998.20,976.00,978.60,978.60,986.80,3376,101341,99617062.00,
543079,07GPG       ,F ,Q,4.14,4.14,4.14,4.14,4.14,3.77,1,1,4.00,
543087,09AGG       ,F ,Q,44.07,44.08,42.49,42.49,42.49,40.08,10,201,8744.00,
543150,08GPG       ,B ,Q,5.12,5.98,5.12,5.88,5.95,5.66,42,2949,17170.00,
543153,08AGG       ,B ,Q,0.02,0.02,0.02,0.02,0.02,0.00,1,22,0.00,
543156,08DPD       ,B ,Q,0.03,0.03,0.03,0.03,0.03,0.02,1,500,15.00,
543165,10ARD       ,F ,Q,2.36,2.36,2.36,2.36,2.36,2.15,1,1,2.00,
543167,10GPG       ,F ,Q,4.80,4.80,3.96,4.04,3.96,4.40,13,3814,15647.00,
543171,ROJL        ,M ,Q,28.50,28.50,28.00,28.40,28.00,27.00,6,18000,511500.00,
543173,11DPR       ,B ,Q,4.55,4.55,4.55,4.55,4.55,4.14,1,352,1601.00,
543174,11GPG       ,B ,Q,2.85,3.08,2.81,2.95,2.91,2.91,105,31248,91922.00,
543175,11MPD       ,B ,Q,8.26,8.26,8.26,8.26,8.26,7.51,82,23892,197347.00,
543176,11MPR       ,B ,Q,4.14,4.14,4.14,4.14,4.14,3.77,1,50,207.00,
543181,11AGG       ,B ,Q,15.28,15.28,13.51,13.97,14.67,13.97,46,2181,31367.00,
543186,11DPD       ,B ,Q,4.55,5.51,4.55,5.44,5.44,5.01,102,13039,69559.00,
543187,POWERINDIA  ,A ,Q,1939.15,1960.00,1905.40,1934.30,1905.40,1911.10,280,1047,2032600.00,
543193,DJML        ,M ,Q,49.00,49.00,49.00,49.00,49.00,50.00,1,3000,147000.00,
543194,NIRMITEE    ,MS,Q,468.00,468.00,468.00,468.00,468.00,482.00,1,300,140400.00,
543209,BILLWIN     ,M ,Q,17.00,17.00,17.00,17.00,17.00,17.00,1,3000,51000.00,
543210,AARTISURF   ,B ,Q,1399.25,1404.00,1371.20,1386.00,1390.20,1391.20,212,405,561027.00,
543212,BOROLTD     ,B ,Q,233.90,234.75,224.75,226.05,226.95,230.00,1086,35996,8219886.00,
543213,ROSSARI     ,B ,Q,1195.05,1196.00,1158.30,1169.45,1169.45,1165.10,2105,19768,23203221.00,
543214,NDRAUTO     ,B ,Q,393.00,394.15,365.40,376.90,370.40,388.65,681,20638,7889771.00,
543215,EBBETF0425  ,F ,Q,1048.00,1048.00,1045.06,1048.00,1048.00,1045.75,3,3,3141.00,
543216,EBBETF0431  ,F ,Q,1040.00,1041.93,1040.00,1040.00,1040.00,1039.00,62,910,946434.00,
543217,MINDSPACE   ,IF,Q,283.00,284.00,280.60,281.81,280.60,281.90,73,20000,5639230.00,
543219,ICICIALPLV  ,B ,Q,161.20,162.70,160.60,161.23,161.65,161.15,45,426,68596.00,
543220,MAXHEALTH   ,B ,Q,273.85,273.85,264.80,266.30,266.25,268.45,1325,42503,11359682.00,
543221,ICICITECH   ,B ,Q,297.00,303.00,295.00,299.90,299.90,296.00,94,1059,318139.00,
543222,HIPPOCABS   ,MS,Q,25.35,25.35,23.00,25.18,25.18,24.15,15,18000,449472.00,
543223,MAXINDIA    ,B ,Q,75.80,76.75,74.10,74.30,74.30,74.90,726,50225,3784225.00,
543224,HBANKETF    ,B ,Q,355.50,358.69,353.10,357.35,356.00,355.85,58,511,182051.00,
543226,UTIBANKETF  ,B ,Q,35.89,36.29,35.30,36.29,36.29,35.70,23,1058,38360.00,
543227,HAPPSTMNDS  ,B ,Q,1320.00,1504.00,1319.25,1476.75,1476.75,1308.35,32392,607327,861296852.00,
543228,ROUTE       ,B ,Q,2166.00,2239.95,2114.45,2130.15,2130.15,2164.20,7009,63050,137323545.00,
543230,ADVAIT      ,M ,Q,57.15,58.95,55.00,57.95,58.95,58.00,20,64000,3622400.00,
543231,ADL         ,T ,Q,38.50,39.20,37.50,37.50,37.50,37.45,10,1119,42902.00,
543232,CAMS        ,B ,Q,3499.00,3741.70,3314.00,3356.25,3356.25,3452.00,19157,153925,542970279.00,
543233,CHEMCON     ,B ,Q,503.75,506.05,493.45,494.80,496.90,500.95,1464,28852,14380415.00,
543234,SECMARK     ,M ,Q,96.25,96.45,95.05,96.00,96.00,94.95,7,7000,670850.00,
543235,ANGELBRKG   ,B ,Q,1080.00,1124.05,996.60,1062.05,1062.05,1069.15,6359,83749,90177695.00,
543237,MAZDOCK     ,B ,Q,254.50,265.55,251.65,263.65,263.65,251.40,8619,403452,105267270.00,
543238,UTIAMC      ,B ,Q,845.65,865.15,841.75,856.70,856.70,845.00,1635,18461,15744009.00,
543240,LIKHITHA    ,B ,Q,430.00,432.00,418.00,424.10,424.10,422.60,1130,11265,4805837.00,
543242,HEMIPROP    ,B ,Q,153.35,154.75,149.20,153.40,153.40,150.50,3126,193650,29413065.00,
543243,EQUITASBNK  ,B ,Q,65.05,66.80,65.05,65.50,65.50,66.35,1940,199943,13150763.00,
543244,SHINEFASH   ,M ,Q,124.00,124.00,124.00,124.00,124.00,119.00,1,3000,372000.00,
543245,GLAND       ,B ,Q,3850.00,3907.20,3726.60,3742.10,3747.85,3837.35,3862,20166,76678392.00,
543246,MAESGETF    ,B ,Q,27.09,27.34,26.94,27.12,27.15,26.85,18,239,6470.00,
543248,BURGERKING  ,B ,Q,169.70,170.90,165.50,166.25,166.25,168.15,5671,372635,62683319.00,
543249,TARC        ,B ,Q,45.80,50.80,43.30,49.30,49.30,45.15,4147,1385274,66844267.00,
543251,RVHL        ,B ,Q,21.40,21.75,20.60,21.75,21.75,20.75,110,11018,236153.00,
543252,FAIRCHEMOR  ,B ,Q,1501.30,1515.90,1480.85,1496.50,1481.55,1488.95,256,1134,1696735.00,
543253,BECTORFOOD  ,B ,Q,423.00,437.80,419.75,431.20,431.20,419.70,2841,61135,26416585.00,
543254,AWHCL       ,B ,Q,370.00,370.00,346.55,348.60,348.55,365.40,2072,32753,11689446.00,
543255,INFRABEES   ,B ,Q,457.69,457.69,454.49,456.80,456.80,455.81,34,200,91310.00,
543257,IRFC        ,B ,Q,23.50,23.65,23.20,23.20,23.20,23.50,3903,1206995,28163003.00,
543258,INDIGOPNTS  ,B ,Q,2635.00,2657.65,2580.75,2594.45,2594.45,2618.50,508,2620,6849818.00,
543259,HOMEFIRST   ,B ,Q,600.00,603.15,577.45,582.80,582.80,591.20,2173,32293,19141630.00,
543260,STOVEKRAFT  ,B ,Q,759.30,775.90,753.00,759.70,759.70,755.45,2724,46651,35689856.00,
543261,BIRET       ,IF,Q,263.52,267.19,263.52,265.27,265.34,266.48,63,19600,5194494.00,
543262,MRP         ,M ,Q,27.20,27.25,27.20,27.20,27.20,27.15,7,24000,652950.00,
543263,SMCGLOBAL   ,B ,Q,92.40,94.85,91.80,92.70,92.70,92.40,1926,176863,16505064.00,
543264,NURECA      ,B ,Q,1636.65,1648.65,1610.00,1613.65,1629.95,1632.35,312,898,1452874.00,
543265,RAILTEL     ,B ,Q,149.10,150.50,146.10,148.10,148.10,149.00,1861,138602,20441459.00,
543266,HERANBA     ,B ,Q,722.00,725.45,714.00,717.45,715.60,716.25,649,17094,12323934.00,
543268,DRCSYSTEMS  ,T ,Q,285.85,285.85,272.25,278.00,278.00,280.00,6,68,18874.00,
543270,MTARTECH    ,B ,Q,1420.05,1533.75,1392.80,1484.60,1484.60,1410.60,11791,141683,208936632.00,
543271,JUBLINGREA  ,B ,Q,562.00,568.50,555.20,560.75,560.75,562.80,2826,73544,41438345.00,
543272,EASEMYTRIP  ,B ,Q,442.00,455.40,432.00,443.50,439.00,439.75,6553,245041,109731313.00,
543273,KMEW        ,M ,Q,50.50,50.50,50.50,50.50,50.50,51.00,1,3000,151500.00,
543274,RTL         ,M ,Q,666.00,666.05,644.00,644.70,644.00,674.60,16,9600,6218760.00,
543275,ANURAS      ,B ,Q,829.00,830.95,809.30,814.60,814.40,815.55,1944,33360,27304498.00,
543276,CRAFTSMAN   ,B ,Q,2100.00,2100.00,2021.25,2041.55,2041.55,2122.70,1769,10483,21452527.00,
543277,LXCHEM      ,B ,Q,273.75,273.75,265.00,266.80,266.80,268.75,2198,96000,25717509.00,
543278,KALYANKJIL  ,B ,Q,76.65,76.65,74.55,75.10,75.10,76.05,6495,719707,54396575.00,
543279,SURYODAY    ,B ,Q,216.95,217.00,210.00,210.10,210.10,215.40,916,11485,2458598.00,
543280,NAZARA      ,B ,Q,1809.00,1897.35,1809.00,1866.95,1866.95,1828.45,5654,51126,95159727.00,
543281,SUVIDHAA    ,B ,Q,26.50,27.00,26.20,26.60,26.20,26.10,115,10552,282002.00,
543283,BARBEQUE    ,B ,Q,922.70,927.00,899.00,901.90,903.65,909.20,1070,10461,9549539.00,
543284,EKI         ,M ,Q,968.25,968.25,968.25,968.25,968.25,922.15,1,1200,1161900.00,
543285,RCAN        ,M ,Q,20.20,20.90,20.20,20.85,20.85,20.20,6,48000,990300.00,
543286,JETMALL     ,M ,Q,17.50,17.50,17.25,17.30,17.30,17.40,3,18000,312300.00,
543287,LODHA       ,B ,Q,800.00,840.00,771.80,829.10,829.10,795.35,5596,1208421,947595485.00,
543288,DEEPIND     ,B ,Q,98.80,98.80,95.65,96.10,95.65,98.80,265,5869,568798.00,
543290,PGINVIT     ,IF,Q,114.82,116.00,114.22,115.97,115.90,114.51,184,45700,5274760.00,
543291,MAFANG      ,B ,Q,55.24,55.24,54.80,55.06,55.15,55.05,798,84416,4643465.00,
543292,ICICIPHARM  ,B ,Q,89.19,89.80,89.10,89.25,89.25,88.86,13,205,18340.00,
543297,IWEL        ,T ,Q,549.45,549.45,549.45,549.45,549.45,523.30,12,1902,1045053.00,
543298,VINEETLAB   ,B ,Q,97.70,106.30,97.70,97.70,97.70,102.80,1142,60952,6070856.00,
543299,SHYAMMETL   ,B ,Q,414.00,416.35,403.95,406.10,406.10,413.65,7211,179611,73489144.00,
543300,SONACOMS    ,B ,Q,402.00,409.00,392.55,394.40,394.40,401.95,4052,121733,48913175.00,
543305,NAVODAYENT  ,M ,Q,17.20,17.20,16.10,16.10,16.10,16.55,4,24000,400200.00,
543306,DODLA       ,B ,Q,630.00,630.00,602.10,605.10,605.10,620.75,2352,37327,22962535.00,
543308,KIMS        ,B ,Q,1275.00,1325.00,1264.30,1296.60,1296.60,1253.40,4137,57199,74178652.00,
543309,ADESHWAR    ,M ,Q,25.05,25.15,25.05,25.15,25.15,25.05,7,42000,1055100.00,
543310,TIMESGREEN  ,M ,Q,61.05,61.05,61.05,61.05,61.05,61.05,3,6000,366300.00,
543311,IPL         ,B ,Q,339.95,344.15,336.45,340.45,340.45,336.85,2385,55462,18842682.00,
543312,FOCUS       ,MT,Q,25.25,25.25,25.25,25.25,25.25,26.55,1,6000,151500.00,
555555,ICICISENSX  ,B ,Q,567.72,576.00,567.50,576.00,576.00,574.99,61,249,143169.00,
570001,TATAMTRTDVR ,A ,Q,145.65,145.90,143.55,144.80,144.80,144.70,3909,146821,21230213.00,
570002,FELDVR      ,B ,Q,14.25,14.30,13.90,14.13,14.13,14.20,54,11776,165983.00,
570004,JISLBNDVR   ,T ,Q,22.15,22.20,21.70,22.10,21.90,21.15,156,50948,1129345.00,
570005,SCAPDVR     ,B ,Q,2.33,2.33,2.33,2.33,2.33,2.45,31,19269,44896.00,
590003,KARUR VY(PS ,B ,Q,51.45,51.85,51.05,51.20,51.45,51.15,842,74627,3829275.00,
590005,TIDE WATE(PS,T ,Q,15107.90,15800.00,15107.90,15107.90,15107.90,15903.05,445,1363,20664006.00,
590006,AMRUTANJAN  ,B ,Q,713.00,720.25,710.35,712.15,712.00,712.95,706,5009,3588653.00,
590013,XPRO INDI(PS,T ,Q,242.15,242.15,242.15,242.15,242.15,230.65,63,9392,2274272.00,
590018,HISARMET(PS ,B ,Q,139.10,141.75,136.25,137.60,136.90,138.35,292,10811,1488301.00,
590021,BHARAT RA(PS,B ,Q,13749.95,14159.00,13450.00,13984.55,14027.00,13630.50,414,780,10706667.00,
590022,EASTER SI(PS,T ,Q,4.10,4.26,3.97,4.00,3.97,4.09,61,8654,34808.00,
590024,FERT CHE(PS ,B ,Q,139.50,141.00,136.10,137.60,138.50,139.25,1785,98360,13578072.00,
590025,GINNI FIL(PS,B ,Q,37.50,37.90,35.15,35.75,35.75,36.95,381,37573,1366485.00,
590030,SOUTH PET(PS,B ,Q,62.30,67.15,62.15,64.75,64.75,61.95,6544,1209022,78828790.00,
590031,DE NORA     ,B ,Q,379.70,388.10,372.65,375.50,375.00,376.50,1487,11704,4455171.00,
590051,SAKSOFT LTD ,B ,Q,720.00,734.35,692.40,700.55,700.55,683.05,3397,28702,20349542.00,
590056,SALONA COTSP,B ,Q,186.00,186.00,178.05,180.95,180.95,182.70,331,5527,1004346.00,
590057,PROSEED     ,B ,Q,11.28,11.28,11.28,11.28,11.28,10.75,10,1387,15645.00,
590062,ANDHRA SUGAR,B ,Q,541.25,564.90,541.25,557.25,557.25,552.10,883,10818,5986377.00,
590065,INDIA MOTOR ,B ,Q,799.00,799.00,762.80,771.65,771.70,772.35,72,754,578668.00,
590066,KCP LTD     ,B ,Q,151.60,167.35,150.20,156.95,156.95,151.05,2609,121052,19277419.00,
590071,SUNDARAM FIN,B ,Q,2655.95,2662.85,2654.00,2661.45,2662.85,2651.45,81,215,571922.00,
590072,SUNDARAM BRK,B ,Q,449.55,460.05,440.95,444.60,444.60,446.00,318,4640,2068592.00,
590073,WHEELS INDIA,B ,Q,679.95,701.15,674.55,693.50,693.50,661.75,1308,10085,6925514.00,
590075,LAMBODHARA T,B ,Q,108.85,110.65,105.05,105.45,105.25,107.90,691,20024,2135493.00,
590078,MAITHAN ALL ,B ,Q,1049.15,1062.35,1041.00,1044.45,1044.55,1051.25,502,3825,4010308.00,
590082,LOHIA SECURI,XT,Q,81.85,81.85,74.25,81.85,81.85,78.00,9,507,41170.00,
590086,ORISSA MINE ,B ,Q,3240.00,3302.80,3202.85,3235.95,3242.35,3214.45,379,1016,3312200.00,
590095,GOLDBEES    ,E ,Q,41.76,42.00,41.76,41.98,41.98,41.64,614,168247,7049779.00,
590096,LIQUIDBEES  ,F ,Q,999.99,1000.01,999.99,1000.00,1000.00,1000.00,553,85260,85259610.00,
590097,KOTAKGOLDETF,E ,Q,419.00,422.00,419.00,421.94,421.89,418.12,120,3470,1461337.00,
590098,SBI GOLD ETS,E ,Q,4300.00,4300.00,4281.00,4295.20,4298.99,4274.50,242,1212,5201900.00,
590099,QUANTUM GOLD,E ,Q,2161.00,2161.00,2074.56,2088.00,2088.00,2071.00,89,401,838642.00,
590101,UTI GOLD ETF,E ,Q,41.76,42.08,41.00,42.00,42.00,41.70,174,50606,2120169.00,
590103,NIFTYBEES   ,B ,Q,171.31,171.55,170.62,171.28,171.16,170.59,636,19305,3305221.00,
590104,JUNIORBEES  ,B ,Q,409.22,409.50,407.79,408.36,408.36,406.89,246,939,383617.00,
590106,BANKBEES    ,B ,Q,358.50,361.75,358.50,361.36,361.50,358.43,243,12867,4644897.00,
590107,KOTAK PSU BK,B ,Q,242.10,244.50,241.10,242.11,242.11,243.13,35,339,82318.00,
590108,PSUBNKBEES  ,B ,Q,27.22,27.25,26.95,27.06,27.05,27.21,502,38282,1037129.00,
590109,SHARIABEES  ,B ,Q,410.00,411.37,403.63,405.04,405.00,404.23,7,129,52280.00,
590110,QUANTUM INDX,B ,Q,1657.00,1657.00,1657.00,1657.00,1657.00,1639.00,1,1,1657.00,
590113,HNGSNGBEES  ,E ,Q,355.12,360.00,352.00,354.00,354.00,353.00,11,204,72520.00,
590115,MOM50       ,B ,Q,157.00,158.50,156.05,156.88,156.81,157.59,36,373,58720.00,
590122,ASHIKACR    ,X ,Q,48.95,51.00,48.00,50.60,48.00,48.60,163,35790,1758215.00,
590134,MADRASFERT  ,B ,Q,33.35,33.70,32.70,32.95,33.20,33.20,174,29803,986939.00,
715027,895LTFHL21  ,F ,P,102.75,103.09,102.75,103.09,103.09,102.75,4,4305,442508.00,
717503,ZEE NCPS    ,F ,P,1.99,2.00,1.98,2.00,2.00,1.99,35,753976,1500339.00,
800251,SGB20151    ,G ,B,4980.00,4980.00,4980.00,4980.00,4980.00,4850.00,4,10,49800.00,
800252,SGB2016I    ,G ,B,4710.00,4710.00,4710.00,4710.00,4710.00,4710.00,2,10,47100.00,
800253,SGB2016II   ,G ,B,4835.00,4835.00,4835.00,4835.00,4835.00,4739.00,2,2,9670.00,
800254,SGBAUG24    ,G ,B,4755.00,4755.00,4737.00,4755.00,4755.00,4770.00,7,15,71275.00,
800258,SGB2016IIA  ,G ,B,4800.00,4800.00,4799.00,4799.00,4799.00,4713.00,3,17,81593.00,
800265,SGB2016IV   ,G ,B,4700.00,4750.00,4700.00,4750.00,4750.00,4632.00,3,45,212505.00,
800269,SGBJULY25   ,G ,B,4675.05,4700.00,4675.05,4700.00,4700.00,4685.00,2,2,9375.00,
800270,SGBOCT25    ,G ,B,4921.00,4921.00,4921.00,4921.00,4921.00,4582.00,1,2,9842.00,
800289,SGBNOV26    ,G ,B,4700.00,4700.00,4700.00,4700.00,4700.00,4700.00,1,16,75200.00,
800297,SGBAUG27    ,G ,B,4702.00,4702.00,4701.00,4701.00,4701.00,4844.00,2,6,28210.00,
800315,SGBMAR28    ,G ,B,4710.00,4710.00,4710.00,4710.00,4710.00,4662.01,1,15,70650.00,
800318,SGBAPR28    ,G ,B,4691.00,4758.00,4685.00,4727.00,4727.00,4759.00,29,74,348956.00,
800320,SGBMAY28    ,G ,B,4698.00,4698.00,4696.00,4696.00,4696.00,4700.00,2,7,32878.00,
800324,SGBJULY28   ,G ,B,4680.10,4725.00,4680.10,4714.99,4714.99,4707.99,69,411,1935439.00,
800325,SGBAUG28    ,G ,B,4799.00,4800.00,4786.15,4800.00,4800.00,4785.09,26,150,719437.00,
800329,SGBNOV28    ,G ,B,4755.00,4770.00,4750.00,4770.00,4770.00,4744.53,6,8,38045.00,
800331,SGBJAN29    ,G ,B,4676.00,4788.00,4676.00,4747.50,4750.00,4721.00,12,26,122796.00,
800332,SGBJAN29A   ,G ,B,4705.00,4763.00,4703.00,4735.10,4735.10,4743.00,9,32,150875.00,
800333,SGBFEB29    ,G ,B,4725.00,4730.10,4717.00,4730.00,4730.00,4747.00,9,70,330588.00,
800339,SGBMAR29    ,G ,B,4709.00,4714.00,4700.00,4714.00,4714.00,4710.93,5,66,310659.00,
800340,SGBMAY29    ,G ,B,4700.10,4712.00,4700.10,4712.00,4712.00,4701.15,12,58,272830.00,
800341,SGBJUNE29   ,G ,B,4718.00,4720.00,4710.05,4712.59,4720.00,4718.00,8,22,103765.00,
800342,SGBJUN29A   ,G ,B,4706.00,4710.00,4706.00,4710.00,4710.00,4707.25,2,2,9416.00,
810666,711TNSDL29  ,G ,B,106.10,106.10,106.10,106.10,106.10,105.95,1,2000,212200.00,
810730,686MAHSDL32 ,G ,B,100.60,100.60,100.60,100.60,100.60,98.90,1,8000,804800.00,
810746,695MAHSDL32 ,G ,B,100.75,100.75,100.75,100.75,100.75,0.00,1,23700,2387775.00,
890145,DHANIPP     ,B ,Q,102.90,102.90,98.35,102.90,102.90,98.00,385,19428,1974067.00,
890147,RELIANCEPP  ,A ,Q,1456.05,1467.50,1451.35,1453.45,1453.45,1459.45,1484,8821,12849441.00,
890151,MOLDTEKPP   ,B ,Q,391.05,409.00,391.05,400.75,406.00,393.90,99,314,127343.00,
890152,URJAPP      ,T ,Q,2.81,2.95,2.75,2.80,2.80,2.89,138,38914,109856.00,
935321,990IFCI24F  ,F ,D,1094.00,1098.00,1089.00,1089.00,1089.00,1094.00,13,630,686584.00,
935351,940IFCI25   ,F ,D,1065.00,1065.00,1058.00,1058.00,1058.00,1058.19,8,1995,2111560.00,
935383,849NTPC25   ,F ,D,13.60,13.89,13.60,13.81,13.81,13.82,33,7436,102180.00,
935506,736PFC25    ,F ,D,1161.99,1161.99,1161.99,1161.99,1161.99,1150.00,1,5,5809.00,
935514,760PFC35    ,F ,D,1330.00,1330.00,1330.00,1330.00,1330.00,1345.88,1,69,91770.00,
935580,739NHAI26   ,F ,D,1122.40,1133.00,1116.11,1132.79,1132.79,1125.50,12,1013,1145965.00,
935584,76NHAI31    ,F ,D,1240.00,1240.00,1240.00,1240.00,1240.00,1240.00,2,1000,1240000.00,
935616,753IREDA26  ,F ,D,1125.81,1125.81,1125.81,1125.81,1125.81,1125.51,1,3,3377.00,
935636,702HUDCO26  ,F ,D,1135.00,1135.00,1134.90,1134.90,1134.90,1133.87,2,9,10214.00,
935640,727HUDCO26  ,F ,D,1135.00,1135.00,1130.00,1130.01,1130.01,1137.99,3,450,509502.00,
935662,729NHAI26   ,F ,D,1165.00,1165.00,1165.00,1165.00,1165.00,1168.50,1,20,23300.00,
935666,769NHAI31   ,F ,D,1267.20,1268.00,1267.20,1268.00,1268.00,1280.00,3,105,133060.00,
935672,729HUDCO26  ,F ,D,1135.51,1135.51,1135.51,1135.51,1135.51,1135.60,1,26,29523.00,
935678,735IRFC31   ,F ,D,1255.00,1255.00,1255.00,1255.00,1255.00,1265.50,1,351,440505.00,
935682,764IRFC31   ,F ,D,1267.00,1267.00,1267.00,1267.00,1267.00,1270.00,1,100,126700.00,
935690,764NABARD31 ,F ,D,1238.50,1238.50,1238.50,1238.50,1238.50,1244.97,1,3,3715.00,
935752,9MMFSL26    ,F ,D,1082.00,1086.00,1081.00,1086.00,1086.00,1094.00,12,4800,5199600.00,
935786,957EHFL26   ,F ,D,1098.95,1098.95,945.00,1009.99,1009.99,971.00,5,50,51666.00,
935788,10EHFL26    ,F ,D,950.00,968.00,950.00,955.00,955.00,955.00,8,255,244299.00,
935790,0EHFL26     ,F ,D,1271.00,1271.00,1271.00,1271.00,1271.00,1270.20,1,40,50840.00,
935802,893DHFL26B  ,F ,D,352.26,352.26,352.26,352.26,352.26,360.00,1,137,48259.00,
935898,10SEFL21    ,F ,D,469.00,470.00,469.00,469.00,469.00,455.08,8,221,103670.00,
935900,0SEFL21B    ,F ,D,415.10,415.10,415.00,415.00,415.00,380.00,2,40,16603.00,
935940,975SEFL22B  ,F ,D,350.68,350.68,350.68,350.68,350.68,350.00,1,30,10520.00,
936048,805MMFSL32  ,F ,D,1036.00,1036.00,1028.00,1031.53,1028.00,1035.00,4,162,167756.00,
936064,955SEFL27   ,F ,D,250.30,250.30,250.30,250.30,250.30,280.30,2,100,25030.00,
936112,9SEFL23B    ,F ,D,300.80,300.80,300.80,300.80,300.80,364.99,1,20,6016.00,
936130,888ERFL28   ,F ,D,925.50,925.80,925.50,925.80,925.80,924.86,3,30,27773.00,
936180,9SEFL23A    ,F ,D,311.80,311.80,310.00,310.00,310.00,350.00,6,500,155144.00,
936188,96SEFL28    ,F ,D,320.00,320.00,320.00,320.00,320.00,340.00,1,50,16000.00,
936216,925JMFCSL21 ,F ,D,1008.00,1008.00,1008.00,1008.00,1008.00,1008.00,1,21,21168.00,
936228,893STFCL23  ,F ,D,1015.25,1028.00,1015.00,1024.00,1024.00,1028.00,17,1049,1074088.00,
936234,93STFCL23   ,F ,D,1039.00,1046.80,1039.00,1046.80,1046.80,1039.00,9,300,312759.00,
936236,94STFCL28   ,F ,D,1065.00,1065.00,1061.00,1061.00,1061.00,1067.00,2,12,12776.00,
936242,0EFL21      ,F ,D,1379.00,1380.00,1379.00,1380.00,1380.00,1290.96,2,150,206950.00,
936246,925EFL23    ,F ,D,860.00,860.00,860.00,860.00,860.00,970.00,1,50,43000.00,
936248,0EFL23      ,F ,D,1172.00,1172.00,1172.00,1172.00,1172.00,1255.00,1,10,11720.00,
936250,965EFL23    ,F ,D,1065.00,1065.00,1065.00,1065.00,1065.00,1050.00,1,500,532500.00,
936252,943EFL28    ,F ,D,945.00,951.00,945.00,946.00,946.00,945.00,12,175,165532.00,
936254,985EFL28    ,F ,D,1019.75,1019.75,1019.75,1019.75,1019.75,1020.00,1,25,25493.00,
936262,ICC25SEP18B ,F ,D,1255.00,1255.00,1255.00,1255.00,1255.00,1250.00,1,5,6275.00,
936270,866ICCL23   ,F ,D,938.02,950.00,938.02,950.00,950.00,950.00,2,28,26276.00,
936274,9ICCL23     ,F ,D,1014.00,1014.00,1014.00,1014.00,1014.00,1015.00,1,10,10140.00,
936286,880TCFSL21  ,F ,D,1072.00,1072.00,1070.00,1070.00,1070.00,1070.60,4,715,766088.00,
936290,890TCFSL23  ,F ,D,1125.00,1125.00,1117.26,1118.00,1118.00,1120.00,9,312,349753.00,
936314,96AHFL21    ,F ,D,1070.00,1070.00,1070.00,1070.00,1070.00,1070.44,1,30,32100.00,
936316,925AHFL23   ,F ,D,1028.99,1028.99,1028.99,1028.99,1028.99,1025.00,2,10,10289.00,
936324,912STFCL23  ,F ,D,1050.00,1050.00,1050.00,1050.00,1050.00,1032.00,1,14,14700.00,
936336,STFCL21118A ,F ,D,1276.22,1276.22,1276.22,1276.22,1276.22,1329.99,1,100,127622.00,
936360,10MFL23     ,F ,D,1045.02,1045.02,1045.00,1045.00,1045.00,1060.00,2,100,104501.00,
936370,MFL29NOV18B ,F ,D,1280.00,1280.00,1280.00,1280.00,1280.00,1280.00,1,50,64000.00,
936376,10JMFCSL22  ,F ,D,1072.00,1072.50,1067.00,1072.50,1072.50,1072.00,8,245,262427.00,
936378,0JMFCSL22   ,F ,D,1290.00,1290.00,1290.00,1290.00,1290.00,1286.00,3,3,3870.00,
936394,1040EFL24   ,F ,D,973.31,1018.10,973.31,1018.05,1018.05,1040.40,6,300,300941.00,
936396,EFL4JAN19A  ,F ,D,1270.00,1270.00,1234.00,1234.00,1234.00,1268.00,2,130,164920.00,
936398,1015EFL29   ,F ,D,1007.00,1009.80,1001.01,1008.50,1008.50,1095.00,8,1287,1297937.00,
936404,905MMFSL22  ,F ,D,1036.99,1036.99,1036.69,1036.69,1036.70,1035.01,6,528,547382.00,
936412,93MMFSL27   ,F ,D,1121.00,1121.00,1120.00,1120.00,1120.00,1120.00,2,35,39205.00,
936430,105SEFL24   ,F ,D,312.00,312.00,312.00,312.00,312.00,375.00,1,10,3120.00,
936452,912STFCL24  ,F ,D,1041.80,1090.00,1041.00,1041.00,1041.00,1031.01,8,310,328624.00,
936458,95STFCL24   ,F ,D,1058.00,1065.00,1058.00,1065.00,1065.00,1108.00,2,50,52970.00,
936462,0STFCL22A   ,F ,D,1270.00,1270.00,1255.00,1255.00,1255.00,1252.00,2,52,66010.00,
936464,0STFCL24    ,F ,D,1273.10,1273.10,1273.10,1273.10,1273.10,1271.00,1,30,38193.00,
936468,96IFL22     ,F ,D,1042.25,1042.25,1032.62,1032.64,1032.64,1030.63,3,200,207488.00,
936472,975IFL24    ,F ,D,1027.00,1030.00,1024.90,1028.33,1029.80,1016.00,12,717,737233.00,
936484,975MFL22A   ,F ,D,1027.22,1044.47,1021.06,1044.47,1044.47,1022.42,8,995,1028769.00,
936488,0MFL22      ,F ,D,1231.02,1260.00,1231.02,1260.00,1260.00,1260.00,4,110,137066.00,
936492,0MFL26      ,F ,D,1405.00,1405.00,1405.00,1405.00,1405.00,1320.00,5,656,921680.00,
936508,0DLSL24     ,F ,D,1160.20,1160.20,1160.20,1160.20,1160.20,1227.90,2,10,11602.00,
936524,889LTFL24   ,F ,D,1070.98,1071.00,1060.01,1071.00,1071.00,1050.55,16,914,975969.00,
936602,975SCUF24   ,F ,D,1070.00,1070.00,1068.00,1068.00,1068.00,1062.00,4,120,128380.00,
936624,1025MFL22   ,F ,D,1050.00,1050.00,1050.00,1050.00,1050.00,1050.00,3,40,42000.00,
936642,975MHIL24   ,F ,D,1040.00,1040.00,1040.00,1040.00,1040.00,1040.00,1,100,104000.00,
936668,1025SEFL24A ,F ,D,414.00,414.00,390.00,390.00,390.00,345.00,4,14,5508.00,
936694,0SFL24      ,F ,D,950.00,1020.00,950.00,1019.90,1019.90,955.00,3,175,176749.00,
936718,104EFL24    ,F ,D,990.00,990.00,990.00,990.00,990.00,990.00,1,50,49500.00,
936722,995EFL29    ,F ,D,989.99,989.99,989.99,989.99,989.99,975.00,2,36,35639.00,
936730,975MFL24AA  ,F ,D,1059.99,1059.99,1059.99,1059.99,1059.99,1058.98,1,10,10599.00,
936744,0MFL26A     ,F ,D,1299.00,1299.00,1299.00,1299.00,1299.00,1299.00,1,27,35073.00,
936760,1061DLSL24  ,F ,D,899.20,899.20,899.20,899.20,899.20,826.00,1,50,44960.00,
936788,95STF23     ,F ,D,1096.00,1096.00,1095.00,1095.00,1095.00,1094.90,9,130,142405.00,
936794,0STF23      ,F ,D,1160.00,1205.00,1160.00,1205.00,1205.00,1199.00,6,170,200350.00,
936818,95IFL22A    ,F ,D,1001.03,1004.00,1001.03,1004.00,1004.00,1004.00,4,219,219581.00,
936826,0IFL25      ,F ,D,1105.40,1105.40,1105.40,1105.40,1105.40,1105.40,1,50,55270.00,
936858,10MMFL21    ,F ,D,996.01,996.01,996.01,996.01,996.01,1001.65,2,13,12948.00,
936876,97SCUF22    ,F ,D,1079.00,1079.00,1079.00,1079.00,1079.00,1065.60,1,25,26975.00,
936882,985SCUF24   ,F ,D,1120.00,1120.00,1120.00,1120.00,1120.00,1120.00,7,405,453600.00,
936908,BILNCD      ,F ,D,32.72,33.00,32.71,32.99,32.99,32.74,12,550,18001.00,
936928,95MFL23     ,F ,D,1011.00,1206.00,1010.00,1010.00,1010.00,1005.00,4,720,786301.00,
936930,975MFL24B   ,F ,D,1050.00,1050.00,1045.00,1045.00,1045.00,1048.05,2,200,209475.00,
936934,975MFL23    ,F ,D,1155.55,1155.55,1072.61,1072.61,1072.61,1070.05,2,20,22281.00,
936947,975MHFL22   ,F ,D,1018.10,1028.40,1018.10,1024.76,1028.40,1016.33,4,75,76590.00,
936951,0MHFL22     ,F ,D,1180.00,1180.00,1180.00,1180.00,1180.00,1161.40,1,20,23600.00,
936953,1025MHFL24  ,F ,D,1042.10,1055.00,1042.10,1055.00,1055.00,1050.00,2,85,89030.00,
936959,0MHFL26     ,F ,D,1180.00,1180.00,1180.00,1180.00,1180.00,1255.25,1,9,10620.00,
936961,99ECL21     ,F ,D,1054.00,1055.90,1052.50,1055.90,1055.90,1055.00,10,284,299184.00,
936963,0ECL21      ,F ,D,1139.20,1157.80,1139.20,1156.00,1156.00,1139.20,8,101,116446.00,
936965,102ECL23    ,F ,D,1030.00,1030.00,1030.00,1030.00,1030.00,1030.00,1,20,20600.00,
936975,995ECL29    ,F ,D,971.00,990.00,971.00,990.00,990.00,990.00,2,51,49540.00,
937017,865LTFL26   ,F ,D,1099.90,1105.01,1099.90,1105.01,1105.01,1065.00,2,20,22049.00,
937023,975MFL24BB  ,F ,D,1067.70,1067.70,1061.00,1061.00,1061.00,1066.00,2,77,81864.00,
937061,852STFCL23  ,F ,D,1000.80,1000.80,1000.80,1000.80,1000.80,974.00,1,5,5004.00,
937063,866STFCL25  ,F ,D,1049.95,1049.95,1049.95,1049.95,1049.95,1001.00,1,1,1049.00,
937085,98EFIL25    ,F ,D,990.00,990.00,990.00,990.00,990.00,994.77,1,100,99000.00,
937089,0EFIL25     ,F ,D,1090.00,1090.00,1090.00,1090.00,1090.00,1070.00,1,1,1090.00,
937107,10MFL25     ,F ,D,1001.05,1001.05,1001.05,1001.05,1001.05,1100.00,2,10,10010.00,
937121,10MMFL23    ,F ,D,1000.00,1000.00,1000.00,1000.00,1000.00,1003.00,1,400,400000.00,
937211,975MMFL22B  ,F ,D,962.00,995.00,962.00,995.00,995.00,989.00,2,4,3914.00,
937271,105MMFL25B  ,F ,D,1024.00,1024.00,1024.00,1024.00,1024.00,1000.00,1,9,9216.00,
937291,885MFL23    ,F ,D,981.00,981.00,960.00,960.00,960.00,1000.00,2,50,48105.00,
937297,925MFL23C   ,F ,D,1041.00,1064.99,1040.00,1064.99,1064.99,1041.40,4,35,36553.00,
937303,0MFL23C     ,F ,D,1052.00,1052.00,1052.00,1052.00,1052.00,1050.00,3,945,994140.00,
937309,MFLOI24     ,F ,D,985.01,985.01,985.01,985.01,985.01,990.00,1,250,246252.00,
937335,935EFSL24   ,F ,D,987.00,987.00,985.00,986.14,987.00,995.00,6,42,41435.00,
937337,0EFSL24     ,F ,D,980.00,980.00,980.00,980.00,980.00,975.00,3,80,78400.00,
937339,939EFSL26   ,F ,D,970.00,970.30,970.00,970.00,970.00,975.00,4,70,67905.00,
937345,953EFSL31   ,F ,D,995.55,995.55,995.55,995.55,995.55,999.00,1,10,9955.00,
937351,MFLII26     ,F ,D,985.00,985.00,985.00,985.00,985.00,985.00,2,30,29550.00,
937361,48PFCL24    ,F ,D,822.40,1000.00,805.10,1000.00,1000.00,1000.00,5,90,85348.00,
937365,58PFCL26    ,F ,D,999.95,1000.00,999.95,1000.00,1000.00,952.05,2,94,93997.00,
937373,7PFCL31     ,F ,D,1025.01,1025.01,1025.01,1025.01,1025.01,1039.00,1,5,5125.00,
937381,697PFCL36   ,F ,D,1039.99,1039.99,1039.99,1039.99,1039.99,1032.00,1,1,1039.00,
937385,715PFCL36   ,F ,D,1051.10,1053.50,1051.05,1051.30,1051.30,1053.50,5,550,579129.00,
937403,825MFL23    ,F ,D,975.11,975.11,975.11,975.11,975.11,980.00,1,25,24377.00,
937415,0MFL24D     ,F ,D,1025.00,1025.00,1025.00,1025.00,1025.00,1053.00,1,200,205000.00,
937419,0MFL27B     ,F ,D,1022.00,1022.00,1022.00,1022.00,1022.00,1020.00,1,100,102200.00,
937427,10MMFL24A   ,F ,D,1015.00,1015.00,1015.00,1015.00,1015.00,1020.00,2,95,96425.00,
937429,0MMFL26     ,F ,D,901.05,902.00,901.05,901.84,902.00,0.00,2,30,27055.00,
937439,875MFL26A   ,F ,D,990.00,990.00,990.00,990.00,990.00,970.00,1,20,19800.00,
937447,0MFL24VII   ,F ,D,1040.00,1040.00,1040.00,1040.00,1040.00,990.00,1,75,78000.00,
937453,10IFL28     ,F ,D,1000.00,1000.00,993.00,994.83,993.00,992.20,5,108,107690.00,
937455,96IFL28     ,F ,D,995.00,995.00,995.00,995.00,995.00,995.00,3,100,99500.00,
937467,MFLV26E     ,F ,D,995.00,1000.00,995.00,1000.00,1000.00,1000.00,4,120,119900.00,
937491,910EFSL24   ,F ,D,975.00,975.00,965.00,965.00,965.00,953.25,6,52,50580.00,
937493,0EFSL24A    ,F ,D,950.00,960.00,950.00,960.00,960.00,922.10,2,70,66850.00,
937505,9MMFL22     ,F ,D,980.00,980.00,980.00,980.00,980.00,990.00,1,10,9800.00,
937515,1025MMFL26A ,F ,D,1006.00,1006.00,1006.00,1006.00,1006.00,1018.00,1,1,1006.00,
937537,82IGT31     ,F ,D,1041.52,1042.00,1041.50,1041.50,1041.50,1041.75,44,128,133317.00,
937543,825MFCL23A  ,F ,D,994.00,994.00,990.00,990.00,990.00,987.00,2,3,2974.00,
937547,875MFCL26C  ,F ,D,965.00,981.00,835.20,981.00,981.00,975.00,8,176,168319.00,
937553,0MFCL23VI   ,F ,D,995.00,995.00,990.00,990.00,990.00,996.00,2,50,49745.00,
950495,843PFC22A   ,F ,D,10575.10,10575.10,10575.00,10575.00,10575.00,10573.00,2,2,21150.00,
956281,885HDFC99   ,F ,D,1050000.00,1050000.00,1050000.00,1050000.00,1050000.00,1040200.00,1,1,1050000.00,
957807,1015UPPCL25 ,F ,D,1034253.92,1034253.92,1029998.00,1029998.00,1029998.00,1032500.00,6,6,6184247.00,
957808,1015UPPCL26 ,F ,D,1042500.00,1042500.00,1042500.00,1042500.00,1042500.00,1040000.00,2,2,2085000.00,
957809,1015UPPCL27 ,F ,D,1050000.00,1050000.00,1050000.00,1050000.00,1050000.00,1046666.00,2,2,2100000.00,
957810,1015UPPCL28 ,F ,D,1062000.00,1062000.00,1062000.00,1062000.00,1062000.00,1065000.00,1,1,1062000.00,
958670,1175SIBL29  ,F ,D,106700.00,106700.00,106700.00,106700.00,106700.00,106865.00,1,10,1067000.00,
958959,875SBIPERA  ,F ,D,1111500.00,1111500.00,1110552.51,1110552.51,1110552.51,1118999.15,2,2,2222052.00,
959209,1375SIBLPER ,F ,D,106549.00,106549.00,106549.00,106549.00,106549.00,105000.00,1,10,1065490.00,
959800,85BOBPERP   ,F ,D,1029758.11,1029758.11,1029758.11,1029758.11,1029758.11,1013596.60,2,2,2059516.00,
960338,96TMFPERP   ,F ,D,1071000.00,1071000.00,1071000.00,1071000.00,1071000.00,1074111.00,1,1,1071000.00,
961715,PFCBT1S1    ,F ,B,5255.10,5255.10,5255.00,5255.00,5255.00,5255.00,2,4,21020.00,
961718,PFCBT1S4    ,F ,B,12200.50,12200.50,12200.00,12200.00,12200.00,12200.00,2,4,48800.00,
961719,IDFCFBLD1I  ,F ,B,5235.00,5235.00,5235.00,5235.00,5235.00,5232.75,1,4,20940.00,
961721,LTFL90122I  ,F ,B,1050.60,1052.00,1050.60,1052.00,1052.00,1050.60,5,90,94598.00,
961722,LTFL9122II  ,F ,B,2283.83,2286.00,2282.50,2286.00,2286.00,2282.52,7,61,139333.00,
961728,830NHAI27   ,F ,B,1254.11,1254.11,1254.11,1254.11,1254.11,1251.00,1,57,71484.00,
961729,820PFC2022  ,F ,B,1081.51,1084.95,1081.51,1084.95,1084.95,1081.00,2,50,54161.00,
961733,HUDCO050322 ,F ,B,1054.90,1054.99,1052.00,1054.99,1054.99,1052.00,13,801,844323.00,
961735,87IDFCBFBL  ,F ,B,5144.05,5144.05,5144.05,5144.05,5144.05,5132.00,1,2,10288.00,
961736,870IDFCFBL  ,F ,B,10900.00,10900.00,10900.00,10900.00,10900.00,10876.00,1,4,43600.00,
961737,870LTFL22A  ,F ,B,1030.70,1030.70,1030.60,1030.65,1030.65,1030.55,7,49,50501.00,
961738,870LTFL22B  ,F ,B,2182.50,2183.25,2182.50,2183.25,2183.25,2187.51,6,85,185560.00,
961739,89SEFL17A   ,F ,B,501.00,501.00,501.00,501.00,501.00,501.00,1,20,10020.00,
961743,793REC22    ,F ,B,1027.00,1029.99,1027.00,1029.99,1029.99,1024.64,25,2912,2997921.00,
961744,812REC27    ,F ,B,1224.90,1224.90,1173.52,1173.52,1173.52,1183.20,2,50,59960.00,
961756,734IRFC2028 ,F ,B,1210.00,1210.00,1210.00,1210.00,1210.00,1215.00,1,200,242000.00,
961773,704PFC2028  ,F ,B,1151.00,1151.00,1151.00,1151.00,1151.00,1165.00,1,200,230200.00,
961778,826REC23    ,F ,B,1120.10,1120.10,1120.10,1120.10,1120.10,1130.00,1,196,219539.00,
961786,874HUDCO33  ,F ,B,1406.80,1406.80,1406.80,1406.80,1406.80,1406.39,1,100,140680.00,
961794,826IIFCL23  ,F ,B,1139.39,1139.39,1139.39,1139.39,1139.39,1120.91,1,5,5696.00,
961803,879PFC28    ,F ,B,1288.71,1300.00,1288.71,1300.00,1300.00,1310.00,3,1240,1609919.00,
961804,892PFC33    ,F ,B,1438.00,1438.00,1438.00,1438.00,1438.00,1442.00,5,289,415582.00,
961814,876HUDCO24  ,F ,B,1138.00,1138.00,1138.00,1138.00,1138.00,1137.05,2,35,39830.00,
961816,901HUDCO34  ,F ,B,1450.00,1455.00,1450.00,1450.00,1450.00,1440.00,8,111,160955.00,
961820,866IIFCL24C ,F ,B,1122.88,1122.88,1122.88,1122.88,1122.88,1122.94,2,600,673728.00,
961826,875NHAI29   ,F ,B,1279.00,1279.00,1274.98,1274.99,1274.99,1275.25,13,925,1180460.00,
961830,865IRFC29   ,F ,B,1260.00,1260.00,1260.00,1260.00,1260.00,1261.55,9,700,882000.00,
961831,816IREDA24  ,F ,B,1900.00,1900.00,1900.00,1900.00,1900.00,1788.80,1,100,190000.00,
961849,861KPL24    ,F ,B,1101.00,1101.00,1101.00,1101.00,1101.00,1101.05,1,5,5505.00,
961879,819IRFC24   ,F ,B,1107.10,1108.60,1107.10,1107.45,1108.60,1025.10,2,100,110744.00,
961885,888IRFC29   ,F ,B,1298.00,1300.00,1298.00,1300.00,1300.00,1301.01,3,44,57192.00,
961895,880IIFCL29  ,F ,B,1264.00,1264.00,1264.00,1264.00,1264.00,1270.10,1,80,101120.00,
972657,IFCI010811D ,F ,B,10250.00,10300.00,10225.25,10275.00,10300.00,11075.00,10,100,1026482.00,
972691,IFCI311026D ,F ,B,11000.00,11000.00,11000.00,11000.00,11000.00,11000.00,1,10,110000.00,
972704,IFCI121211A ,F ,B,10835.00,10835.00,10835.00,10835.00,10835.00,10832.00,3,12,130020.00,
972705,IFCI121211B ,F ,B,5200.00,5225.00,5200.00,5200.00,5200.00,5200.52,4,10,52050.00,
972706,IFCI121211C ,F ,B,11110.00,11110.00,11110.00,11110.00,11110.00,11100.00,1,2,22220.00,
972713,IFCI150212A ,F ,B,9951.00,11260.60,9951.00,11260.60,11260.60,11300.00,16,84,940489.00,
972714,IFCI150212B ,F ,B,5180.00,5180.00,5180.00,5180.00,5180.00,5140.00,1,5,25900.00,
972719,IFCI310312A ,F ,B,10500.00,10550.01,10400.01,10532.00,10520.00,10500.00,10,20,210360.00,
972885,893PTCIF22A ,F ,B,11000.00,11099.99,10971.00,11000.00,11000.00,10967.30,7,32,352384.00,
973204,RSL280421   ,F ,B,100000.00,100000.00,100000.00,100000.00,100000.00,100000.00,1,10,1000000.00,
973232,91TMFLPERP  ,F ,B,1014890.98,1014897.00,1013800.00,1013800.00,1013800.00,1013111.00,4,4,4058475.00,
973236,688HDFC31   ,F ,B,1007548.27,1007548.27,1007548.27,1007548.27,1007548.27,1000000.00,1,1,1007548.00,
