SC_CODE,SC_NAME,SC_GROUP,SC_TYPE,OPEN,HIGH,LOW,CLOSE,LAST,PREVCLOSE,NO_TRADES,NO_OF_SHRS,NET_TURNOV,TDCLOINDI
500002,ABB LTD.    ,A ,Q,1430.00,1469.50,1415.50,1449.60,1457.05,1418.25,2009,30026,43449711.00,
500003,AEGIS LOGIS ,A ,Q,332.50,362.95,321.05,347.40,347.40,327.85,7770,342850,121098503.00,
500008,AMAR RAJA BA,A ,Q,775.90,787.15,775.90,784.80,784.80,772.50,3853,73738,57759800.00,
500009,A.SARABHAI  ,X ,Q,48.45,48.45,45.05,48.40,48.40,44.05,33728,10503617,506972988.00,
500010,HDFC        ,A ,Q,2505.00,2526.90,2487.50,2501.95,2500.00,2485.90,5668,90499,226618962.00,
500012,ANDHRA PETRO,X ,Q,77.40,78.40,75.25,76.10,76.10,75.90,1186,269827,20651707.00,
500013,ANSAL INFRAS,B ,Q,6.05,6.11,6.00,6.10,6.11,6.02,51,80967,491553.00,
500014,UTIQUE      ,X ,Q,2.55,2.68,2.44,2.65,2.65,2.56,58,20067,52967.00,
500016,ARUNAHTEL   ,XT,Q,8.23,8.23,8.23,8.23,8.23,7.84,5,925,7612.00,
500020,BOM DYEING  ,A ,Q,75.90,76.80,74.05,74.85,74.85,75.40,1025,185015,13988365.00,
500023,ASIANHOTNR  ,B ,Q,69.00,69.00,65.30,68.15,68.45,66.20,47,1580,104660.00,
500027,ATUL LTD.   ,A ,Q,8422.00,8477.85,8265.00,8459.65,8459.65,8309.80,583,1840,15425631.00,
500028,ATV PROJECTS,XT,Q,5.56,5.59,5.34,5.54,5.46,5.33,120,49312,273440.00,
500031,BAJAJ ELECT.,A ,Q,1193.00,1193.00,1126.00,1144.90,1144.90,1119.60,590,4256,4856303.00,
500032,BAJAJHIND   ,A ,Q,12.99,13.09,12.21,12.30,12.30,12.84,2503,1941838,24447075.00,
500033,FORCE MOTR  ,A ,Q,1220.00,1228.55,1193.30,1202.50,1204.05,1184.80,658,6029,7283626.00,
500034,BAJFINANCE  ,A ,Q,5490.00,5702.45,5490.00,5687.20,5687.20,5424.40,11271,132873,749347482.00,
500038,BALRAM.CHINI,A ,Q,316.30,319.00,306.00,312.35,312.35,314.10,2101,83210,25974920.00,
500039,BANCO PROD. ,B ,Q,150.40,152.05,149.90,150.85,151.35,148.95,188,3550,536548.00,
500040,CENTURY TEXT,A ,Q,485.85,496.00,482.95,490.00,490.00,480.75,1295,56265,27529742.00,
500041,BANNARI AMAN,A ,Q,1906.75,1906.75,1765.60,1845.70,1840.00,1876.30,138,844,1549415.00,
500042,BASF INDIA  ,A ,Q,2394.80,2505.00,2351.00,2497.90,2500.00,2399.95,1919,12084,29687223.00,
500043,BATA INDIA  ,A ,Q,1406.00,1458.60,1405.95,1451.05,1451.05,1405.20,2793,45556,65463777.00,
500048,BEML LTD    ,A ,Q,1305.10,1339.45,1303.00,1307.20,1308.50,1303.20,1273,29961,39636096.00,
500049,BHARAT ELECT,A ,Q,150.10,155.00,149.30,154.60,154.60,148.10,13069,1275145,193970607.00,
500052,BHANSALI ENG,A ,Q,162.00,163.00,158.75,159.15,159.50,158.90,878,70439,11310674.00,
500055,TATASTLBSL  ,B ,Q,105.50,106.70,102.00,103.40,103.40,100.05,11023,1095638,113995296.00,
500058,BIHAR SPONGE,XT,Q,5.01,5.21,5.01,5.21,5.21,5.11,272,179947,919070.00,
500060,BIRLACABLE  ,B ,Q,71.55,81.90,68.55,76.75,76.75,70.55,3620,221187,17054038.00,
500067,BLUE STAR   ,A ,Q,812.00,824.40,803.60,811.65,803.60,816.65,525,5636,4590942.00,
500068,DISA INDIA  ,X ,Q,4899.95,4899.95,4704.05,4880.00,4899.00,4720.95,67,560,2722391.00,
500069,BNK CAPITAL ,XT,Q,194.45,194.95,192.10,194.70,194.85,194.35,26,4010,778493.00,
500074,BPL LTD.    ,B ,Q,35.60,38.90,35.60,37.55,37.85,37.40,671,56492,2142737.00,
500078,OAL         ,B ,Q,786.00,796.00,778.10,779.35,783.00,786.45,546,6724,5260894.00,
500083,CENTURY EXT ,B ,Q,6.86,7.01,6.60,6.66,6.71,6.80,199,26227,178406.00,
500084,CESC LTD.   ,A ,Q,698.00,703.05,686.55,689.50,690.50,685.35,1320,35284,24537599.00,
500085,CHAMBAL FERT,A ,Q,286.90,287.55,276.50,280.90,281.90,281.10,3001,163477,45930460.00,
500086,EXIDE IND.  ,A ,Q,184.70,187.80,184.40,187.15,187.15,183.75,1898,146182,27234564.00,
500087,CIPLA LTD.  ,A ,Q,888.70,888.70,878.50,884.15,884.15,881.05,8780,235308,207743336.00,
500089,DIC INDIA   ,B ,Q,394.90,399.95,393.00,393.20,393.20,394.90,74,474,187054.00,
500092,CRISIL LTD  ,A ,Q,1940.00,1949.95,1921.55,1939.05,1930.00,1915.50,239,923,1786613.00,
500093,CGPOWER     ,B ,Q,85.50,87.85,85.50,86.55,86.70,84.95,2498,419512,36419435.00,
500096,DABUR (I)   ,A ,Q,539.90,539.90,529.75,530.95,531.50,533.50,1920,48526,25860331.00,
500097,DALMIASUG   ,A ,Q,333.00,338.15,320.00,327.40,327.40,333.05,1856,65831,21575276.00,
500101,ARVIND Ltd  ,A ,Q,75.00,76.20,73.85,74.70,74.30,74.95,880,85507,6398301.00,
500102,BALARPUR IND,Z ,Q,1.25,1.25,1.20,1.20,1.20,1.26,408,799473,970215.00,
500103,BHEL        ,A ,Q,75.00,75.00,70.90,71.75,71.75,71.20,12991,4593754,331263978.00,
500104,HIND.PETRO  ,A ,Q,254.80,266.35,253.40,265.25,265.25,252.15,4373,357240,93033009.00,
500106,IFCI LTD    ,A ,Q,11.41,11.80,11.22,11.31,11.31,11.41,13659,842225,9673068.00,
500108,MAHA.TELE   ,B ,Q,18.10,18.30,17.60,17.70,17.70,17.95,644,158867,2833170.00,
500109,MRPL        ,A ,Q,54.00,55.20,51.50,52.90,52.90,48.65,11980,2961551,156821097.00,
500110,CHENNAI PET.,A ,Q,118.75,120.30,117.45,117.70,117.70,115.95,824,44810,5300225.00,
500111,REL.CAP.    ,B ,Q,11.35,11.70,11.05,11.47,11.47,11.15,1189,749868,8626683.00,
500112,STATE BANK  ,A ,Q,389.00,392.50,380.00,382.35,382.35,383.40,58259,5210220,2006224038.00,
500113,STEEL AUTH. ,A ,Q,134.15,136.20,130.40,131.90,131.90,130.55,15491,4015449,535700937.00,
500114,TITAN       ,A ,Q,1475.80,1545.80,1475.80,1539.65,1539.65,1467.85,6287,138989,211160203.00,
500116,IDBI BANK L ,A ,Q,38.45,38.85,37.85,37.95,37.95,38.30,1874,660052,25301568.00,
500117,DCW LTD.    ,B ,Q,42.75,42.75,36.65,37.05,37.05,36.75,1888,727695,28417804.00,
500119,DHAMPUR SUGA,A ,Q,343.00,348.00,324.30,336.70,336.70,333.20,2221,105284,35598768.00,
500120,DIAMINES&CHM,X ,Q,353.80,356.00,300.60,309.95,309.95,349.70,2873,130449,41951043.00,
500123,ELANTAS     ,A ,Q,3525.05,3725.25,3525.00,3598.80,3630.00,3603.85,191,1246,4530125.00,
500124,DR.REDDY'S  ,A ,Q,5282.55,5305.00,5210.00,5215.30,5215.30,5251.25,8158,65497,344355347.00,
500125,E.I.D.PAR   ,A ,Q,426.00,432.55,415.00,418.65,418.65,425.65,1661,35181,14825547.00,
500126,PGHL        ,A ,Q,5899.00,5899.00,5810.00,5846.90,5845.00,5836.05,217,509,2976874.00,
500128,ELEC.CASTING,B ,Q,31.50,32.95,31.50,32.20,32.20,32.50,663,71257,2318773.00,
500133,ESAB INDIA  ,A ,Q,1793.00,1805.65,1784.90,1798.55,1794.25,1795.90,78,304,546115.00,
500135,EPL         ,A ,Q,242.10,247.00,241.00,242.50,242.65,241.45,1092,20192,4938394.00,
500136,ESTER INDUS.,B ,Q,154.90,157.20,150.00,151.45,151.10,153.25,1848,112654,17342363.00,
500142,FGP LTD.    ,X ,Q,1.39,1.39,1.39,1.39,1.39,1.37,3,206,286.00,
500143,P.H.CAPITAL ,X ,Q,28.15,28.20,28.15,28.15,28.15,26.90,8,1010,28474.00,
500144,FINOL. CABLE,A ,Q,365.00,383.00,364.30,381.75,381.75,367.70,1810,33639,12701704.00,
500147,COCKERILL   ,X ,Q,947.55,959.90,947.55,951.05,951.00,947.55,55,1561,1493138.00,
500148,UFLEX LTD   ,A ,Q,429.65,429.65,421.00,422.20,421.90,425.05,972,24947,10590399.00,
500150,FOSECO INDIA,B ,Q,1390.00,1393.95,1356.25,1363.60,1362.00,1384.85,130,377,517692.00,
500151,GOLDEN TOB  ,B ,Q,47.80,47.80,46.00,46.00,46.00,47.20,104,6744,315567.00,
500153,GANESH BENZO,X ,Q,67.45,70.00,67.45,68.80,68.80,68.30,339,44821,3088968.00,
500159,METROGLOBL  ,X ,Q,62.00,62.00,58.40,59.75,59.65,59.40,30,1336,79903.00,
500160,GTL LTD.    ,B ,Q,7.00,7.31,6.99,7.00,7.00,7.06,104,20033,141670.00,
500163,GODFREY PH  ,A ,Q,885.00,918.00,885.00,907.85,908.05,880.50,1031,19045,17286893.00,
500164,GODREJ IND  ,A ,Q,553.00,553.00,532.10,535.55,538.00,551.45,1571,33990,18312809.00,
500165,KANSAI NERO ,A ,Q,560.35,562.05,553.00,556.15,556.15,556.95,880,12125,6763022.00,
500166,GOODRICKE   ,X ,Q,257.30,262.95,251.50,253.90,251.50,255.20,181,9682,2498557.00,
500168,GOODYEAR (I),A ,Q,920.00,920.00,907.90,912.35,913.90,908.25,169,1408,1283303.00,
500170,GTN INDUS   ,X ,Q,11.00,11.00,10.90,10.90,10.90,11.01,9,2365,26002.00,
500171,GHCL LTD    ,A ,Q,256.40,264.80,255.35,262.95,262.95,254.65,1553,60147,15711574.00,
500173,GFLLIMITED  ,A ,Q,71.05,72.00,70.20,71.05,70.80,71.05,98,5627,399219.00,
500174,GUJ.LEASE   ,B ,Q,2.04,2.06,2.04,2.06,2.06,2.04,3,2600,5354.00,
500179,HCL INFOSYS ,B ,Q,9.70,9.81,9.23,9.28,9.28,9.58,526,150402,1412487.00,
500180,HDFC BANK   ,A ,Q,1459.45,1482.25,1455.00,1477.00,1477.00,1439.95,9832,251625,370149739.00,
500182,HEROMOTOCO  ,A ,Q,2893.75,2919.45,2855.50,2907.35,2914.95,2854.20,2043,27251,78948830.00,
500183,HFCL        ,A ,Q,44.20,44.20,40.55,41.55,41.55,42.60,16135,6145726,259455242.00,
500184,HSCL        ,A ,Q,51.75,52.00,50.20,50.40,50.40,51.15,2634,686594,35102677.00,
500185,HIND.CONSTN.,A ,Q,9.90,9.90,8.84,8.88,8.88,9.52,3224,3305470,30436245.00,
500186,HIND.OIL EXP,A ,Q,112.15,119.60,111.50,116.15,116.55,112.05,2094,156193,17889877.00,
500187,HSIL        ,B ,Q,200.05,212.00,200.05,204.50,205.40,208.00,1559,87846,18292350.00,
500188,HINDUS.ZI   ,A ,Q,319.50,350.00,319.50,345.45,345.45,315.70,47699,2082426,709284646.00,
500189,NXTDIGITAL  ,B ,Q,548.40,549.95,526.05,533.50,533.50,549.05,137,1755,943067.00,
500191,HMT LTD.    ,Z ,Q,27.70,29.10,27.00,29.05,29.00,27.75,36,5035,142992.00,
500192,PRAG BOSIMI ,XT,Q,1.65,1.73,1.60,1.70,1.70,1.65,19,4368,7412.00,
500193,HLVLTD      ,B ,Q,6.25,6.90,6.09,6.60,6.60,6.11,736,361593,2385950.00,
500199,I.G.PETRO   ,B ,Q,490.05,515.00,488.00,503.65,507.00,481.90,734,13069,6599003.00,
500201,IND.GLYCOLS ,A ,Q,497.40,502.50,491.40,495.00,494.00,491.20,616,16830,8358321.00,
500202,IND.LEAS.DEV,X ,Q,11.13,11.13,10.50,10.50,10.50,10.60,3,50,549.00,
500206,MARGO FIN   ,X ,Q,9.71,10.17,9.21,9.60,9.60,9.69,30,3327,31732.00,
500207,INDO RAMA   ,B ,Q,50.75,55.75,49.85,53.85,54.00,50.05,911,87221,4657991.00,
500209,INFOSYS LTD ,A ,Q,1336.00,1344.45,1330.00,1339.95,1339.95,1329.15,7316,310214,415655364.00,
500210,INGERSOLL   ,A ,Q,779.00,784.65,764.30,773.30,772.00,779.05,590,5634,4376064.00,
500211,INSILCO LTD.,X ,Q,8.15,8.15,7.00,7.23,7.23,7.90,207,141465,1063699.00,
500212,INTEG.FIN.SE,XT,Q,32.00,32.50,32.00,32.35,32.50,31.65,13,2870,92453.00,
500213,INTER.TRAVEL,X ,Q,63.25,64.60,61.00,63.20,63.40,63.05,79,9093,566254.00,
500214,ION EXCHANGE,A ,Q,1397.75,1397.75,1366.50,1377.20,1377.20,1380.35,650,8336,11542460.00,
500215,AGRO TECH FO,A ,Q,974.00,980.00,967.00,973.20,967.00,960.20,98,596,580552.00,
500219,JAIN IRRIG  ,A ,Q,20.90,21.40,20.50,21.00,21.00,20.40,1247,868631,18392530.00,
500220,JASCH INDUST,X ,Q,76.90,84.70,75.95,80.20,81.50,71.50,2259,152952,12224673.00,
500223,JCT LTD     ,X ,Q,1.34,1.35,1.25,1.35,1.35,1.29,1184,4371963,5810720.00,
500227,JINDAL POLYF,A ,Q,812.20,832.25,807.20,809.00,809.00,800.00,1028,14281,11596603.00,
500228,JSWSL       ,A ,Q,723.00,730.65,711.85,717.20,717.20,714.40,7037,363284,262301702.00,
500231,UMANG DAIR  ,B ,Q,93.80,93.80,80.35,80.75,80.75,89.25,4030,270253,22784698.00,
500233,KAJARIA CER.,A ,Q,895.00,909.95,892.00,904.80,902.45,887.65,1194,16341,14679525.00,
500234,KAKATIYA CEM,B ,Q,254.20,273.65,244.05,253.40,254.20,248.55,588,5767,1475505.00,
500235,KALYANI STEL,A ,Q,376.65,400.95,375.60,393.25,393.25,372.75,4092,91417,35475840.00,
500236,KANELIND    ,XT,Q,2.09,2.09,2.09,2.09,2.09,2.13,5,262,547.00,
500238,WHIRLPOOL   ,A ,Q,2091.85,2106.95,2073.10,2079.65,2079.65,2080.95,2034,12507,26070345.00,
500239,KG DENIM    ,X ,Q,40.75,41.50,38.30,40.40,40.80,39.75,219,28344,1127184.00,
500240,KINETIC ENG.,XT,Q,41.45,41.45,39.10,39.45,39.15,40.45,34,4191,166328.00,
500241,KIRL.BROS.  ,B ,Q,286.50,296.00,278.35,285.15,278.35,281.20,813,22299,6434765.00,
500243,KIRL INDUS  ,B ,Q,1544.00,1560.00,1472.00,1476.55,1498.00,1529.20,78,927,1413585.00,
500245,KIRL.FERROUS,B ,Q,257.05,259.75,252.20,253.35,253.35,253.55,1480,40066,10253405.00,
500246,ENVAIN ELECT,X ,Q,29.20,31.45,29.20,31.45,31.45,30.45,4,926,27042.00,
500247,KOTAK MAH.BK,A ,Q,1765.00,1770.15,1750.05,1754.60,1754.60,1744.00,12947,126971,223213217.00,
500248,KRIFILIND   ,XT,Q,3.40,3.40,3.14,3.14,3.14,3.30,2,107,337.00,
500249,KSB         ,A ,Q,926.20,935.80,908.55,914.45,914.45,924.50,407,3182,2922046.00,
500250,L.G.BALKRISH,A ,Q,313.95,314.00,301.55,304.30,307.40,308.95,191,2643,811518.00,
500251,TRENT LTD.  ,A ,Q,808.00,833.15,800.70,828.60,832.00,794.30,2684,74567,61021963.00,
500252,LAXMIMACH   ,A ,Q,6690.00,6832.75,6622.25,6658.95,6684.00,6658.55,763,2074,13934843.00,
500253,LIC HOUS.FIN,A ,Q,440.00,452.75,439.80,449.85,449.85,436.10,2667,130371,58319532.00,
500257,LUPIN LTD.  ,A ,Q,1205.00,1205.00,1183.00,1186.80,1186.80,1188.95,2088,61100,72624347.00,
500259,LYKA LABS   ,B ,Q,51.80,52.10,49.55,52.10,52.10,49.65,666,221937,11399734.00,
500260,RAMCOCEM    ,A ,Q,959.80,982.00,953.35,961.00,970.00,951.90,1851,61353,59186689.00,
500264,MAFATLAL IND,X ,Q,107.00,107.00,102.00,104.00,103.55,107.40,61,2629,276837.00,
500265,MAH.SEAMLESS,A ,Q,304.20,306.00,295.35,295.75,298.65,297.85,408,8159,2444717.00,
500266,MAH.SCOOTER ,A ,Q,3400.00,3569.95,3400.00,3537.30,3569.95,3404.30,380,963,3366696.00,
500267,MAJESTIC AUT,X ,Q,104.00,109.55,103.30,106.05,106.00,106.15,51,4905,520385.00,
500268,MANALI PETRO,B ,Q,83.00,83.00,80.15,80.50,80.50,81.65,968,79925,6549472.00,
500271,MFSL        ,A ,Q,827.20,905.25,827.20,890.25,886.45,898.30,585,13052,11684746.00,
500274,MESCO PHARMA,P ,Q,5.35,5.35,4.90,4.90,4.90,5.10,3,600,3165.00,
500279,MIRC ELECT  ,B ,Q,16.35,16.81,15.64,16.81,16.81,16.01,101,113251,1864697.00,
500280,CENTURY ENKA,B ,Q,289.95,304.90,287.65,299.30,299.30,288.10,3157,93972,27971129.00,
500284,LORDS CHLORO,X ,Q,33.70,38.00,33.70,36.95,36.95,36.45,25,4143,150916.00,
500285,SPICEJET LTD,A ,Q,72.00,77.40,71.35,76.40,76.40,70.30,6089,906703,67823180.00,
500288,MOREPEN LAB.,A ,Q,57.80,58.70,55.75,55.95,55.95,57.80,2611,558958,31762947.00,
500290,MRF LTD.    ,A ,Q,79100.00,79956.30,78466.20,79241.15,79175.20,78198.95,763,977,77420667.00,
500292,HEIDEL CEM  ,A ,Q,244.90,245.40,238.35,239.95,239.95,240.85,661,11874,2875080.00,
500294,NCC         ,A ,Q,79.85,82.00,79.60,80.30,80.30,79.15,1237,215766,17439478.00,
500295,VEDL        ,A ,Q,283.00,288.15,279.95,285.50,285.50,278.80,9024,899969,255957421.00,
500296,NAHAR SPG.  ,B ,Q,126.20,132.50,126.20,132.50,132.50,126.20,285,24553,3237408.00,
500298,NAT.PEROXIDE,A ,Q,2401.00,2424.00,2385.00,2393.05,2393.05,2383.00,467,3557,8547419.00,
500300,GRASIM IND. ,A ,Q,1405.00,1427.80,1385.75,1392.00,1393.00,1393.60,1215,29715,41623662.00,
500302,PEL         ,A ,Q,1653.10,1703.00,1653.10,1692.40,1692.40,1653.05,3394,55649,93914103.00,
500304,NIIT LTD.   ,A ,Q,184.00,184.75,179.45,183.90,183.90,180.25,926,30215,5524289.00,
500306,JAYKAY      ,X ,Q,33.50,33.50,33.25,33.25,33.30,33.90,129,84705,2817686.00,
500307,NIRLON      ,A ,Q,278.00,280.00,270.00,277.20,277.20,280.20,68,9953,2725723.00,
500312,ONGC CORPN  ,A ,Q,114.60,117.45,114.35,116.05,116.05,114.25,6969,1400252,162032434.00,
500314,ORIENT HOTEL,B ,Q,25.30,27.70,25.00,27.15,27.15,25.00,798,70503,1877485.00,
500317,OSWAL AGRO. ,B ,Q,9.70,9.70,9.04,9.18,9.14,9.21,188,7086,66052.00,
500319,INDIAN SUCRO,X ,Q,38.40,38.40,33.00,34.45,34.45,36.30,245,36028,1246530.00,
500325,RELIANCE    ,A ,Q,1978.00,2002.65,1972.10,1987.80,1987.80,1960.55,32444,578117,1149216999.00,
500327,PILITA      ,B ,Q,13.50,13.99,12.60,12.93,12.77,12.96,365,72283,946401.00,
500330,RAYMOND     ,A ,Q,362.00,364.20,355.25,360.95,360.95,357.65,2010,60224,21667429.00,
500331,PIDILITE    ,A ,Q,1893.15,1912.90,1876.45,1893.30,1894.00,1891.10,1169,15278,28913005.00,
500333,PIX TRANS   ,X ,Q,471.80,471.80,460.10,467.20,469.00,457.45,182,5889,2748550.00,
500335,BIRLA CORPN.,A ,Q,1129.80,1226.60,1113.30,1200.25,1200.25,1118.80,5533,83686,99304995.00,
500336,SURYA ROSHNI,A ,Q,424.00,446.80,421.15,432.15,431.60,417.95,1263,30296,13150883.00,
500337,PRIME SECUR.,B ,Q,40.15,42.25,40.00,40.80,40.80,41.05,36,2409,97155.00,
500338,PRSMJOHNSN  ,A ,Q,143.60,146.70,141.00,143.90,143.90,139.90,2546,142358,20486481.00,
500339,RAIN        ,A ,Q,169.80,178.80,169.05,176.70,176.70,167.90,9430,757065,132351215.00,
500343,AMJLAND     ,B ,Q,25.70,27.00,25.00,25.00,25.00,25.00,19,686,17346.00,
500346,PUN.COMMUNI.,B ,Q,22.75,25.00,22.40,22.60,22.60,22.70,21,1164,27168.00,
500350,RSWM  LTD   ,B ,Q,226.00,245.80,223.00,238.60,238.30,226.65,526,9821,2354098.00,
500354,RAJSH.SUGAR ,B ,Q,24.00,24.75,23.05,23.30,23.30,24.00,256,9099,213251.00,
500355,RALLIS INDIA,A ,Q,316.00,318.60,311.80,314.80,315.50,309.70,938,46876,14775165.00,
500356,RAMANEWS    ,B ,Q,16.32,16.50,16.17,16.29,16.23,16.25,178,12990,213689.00,
500357,RAMA PAPER  ,XT,Q,11.98,11.98,11.10,11.95,11.95,11.41,14,875,10412.00,
500358,RAMA PETRO  ,X ,Q,2.83,2.96,2.68,2.96,2.96,2.82,7,3701,10345.00,
500360,RAPICUT CARB,X ,Q,29.40,29.55,28.70,28.85,28.75,29.35,23,6919,199890.00,
500365,WELSPLSOL   ,X ,Q,15.30,15.30,14.55,14.65,14.60,14.90,141,46946,694621.00,
500366,ROLTA (I)   ,B ,Q,5.15,5.15,4.91,4.98,5.01,5.07,828,190129,951346.00,
500367,RUBFILA INT.,X ,Q,78.40,78.40,75.50,76.00,76.00,77.00,422,56979,4364371.00,
500368,RUCHI SOYA  ,B ,Q,795.00,820.00,771.00,811.75,811.75,776.70,2445,24751,19895472.00,
500370,SALORA INT. ,XT,Q,41.10,43.15,41.10,43.15,43.15,41.10,27,51346,2214804.00,
500378,JINDAL SAW  ,A ,Q,89.80,90.65,87.35,87.75,87.75,88.50,1005,171694,15294134.00,
500380,JK LAKSHMI  ,A ,Q,427.80,432.95,423.55,426.85,426.00,419.10,668,18044,7727898.00,
500387,SHREE CEMENT,A ,Q,27512.00,27620.00,27243.40,27481.90,27525.60,27322.00,399,1026,28172378.00,
500388,SHREE KRISHN,XT,Q,15.11,15.11,13.94,13.94,13.94,14.67,6,269,4056.00,
500390,REL INFRA   ,A ,Q,51.35,54.20,49.05,51.60,51.60,50.40,5178,1093059,56699334.00,
500400,TATA POWER  ,A ,Q,104.70,107.35,104.70,105.35,105.35,103.40,8795,2119058,224168770.00,
500402,SPMLINFRA   ,B ,Q,13.06,13.14,12.90,12.90,12.90,12.82,21,2578,33359.00,
500403,SUNDARAM FAS,A ,Q,748.00,774.00,742.55,752.75,752.75,742.75,3069,23984,18195059.00,
500404,SUNFLAG IRON,A ,Q,82.15,84.20,81.10,81.40,81.40,82.05,890,65199,5391167.00,
500405,SUPREME PET ,A ,Q,690.00,702.60,666.00,668.70,667.55,694.15,1145,16069,10843582.00,
500407,SWARAJ ENGIN,A ,Q,1605.00,1605.00,1557.80,1562.85,1562.85,1583.70,146,383,604587.00,
500408,TATA ELXSI  ,A ,Q,3630.20,3711.00,3630.20,3664.30,3665.10,3628.35,1483,16294,59931856.00,
500410,ACC LTD     ,A ,Q,1910.00,1951.55,1907.00,1938.90,1938.90,1904.20,2936,47911,92696893.00,
500411,THERMAX     ,A ,Q,1415.10,1460.00,1405.30,1438.80,1430.00,1417.20,314,1580,2258480.00,
500412,THIRUMALAI  ,A ,Q,121.00,122.90,115.20,116.20,116.20,115.95,4749,440650,52242523.00,
500413,THOMAS COOK ,A ,Q,48.65,50.05,48.10,50.05,50.05,47.70,802,106304,5245243.00,
500414,TIMEX GROUP ,X ,Q,33.10,33.80,32.40,32.95,32.95,33.75,105,37264,1227779.00,
500418,TOKYO PLAST ,B ,Q,72.40,84.60,72.25,77.05,77.45,71.65,751,29668,2400048.00,
500420,TORRENT PHAR,A ,Q,2755.00,2800.00,2715.70,2723.40,2731.45,2764.75,1231,11175,30671556.00,
500422,TRANSCHEM   ,X ,Q,25.50,25.50,22.30,24.00,24.00,24.60,32,3756,88214.00,
500425,AMBUJA CEME ,A ,Q,313.00,316.90,310.15,315.45,315.45,310.30,7500,341340,107158422.00,
500426,UTLINDS     ,X ,Q,10.00,10.97,10.00,10.62,10.62,10.45,51,7549,77715.00,
500429,UNIPHOS ENT.,B ,Q,106.50,106.50,100.00,100.85,100.85,104.40,162,5334,550094.00,
500439,VARD HOLDNG ,B ,Q,2026.00,2046.05,2001.00,2005.60,2005.60,2000.25,15,28,56710.00,
500440,HINDALCO    ,A ,Q,399.20,412.70,396.45,402.10,402.10,393.05,18407,1454392,589777173.00,
500444,WEST COAS PA,A ,Q,201.00,204.75,199.00,199.55,199.55,199.40,724,23408,4710928.00,
500449,HIND.ORG.CHM,B ,Q,43.25,44.50,41.10,41.10,41.10,43.25,937,339270,14192483.00,
500456,PAS.ACRYLON ,X ,Q,20.00,20.00,18.20,18.65,18.90,19.65,312,66650,1254571.00,
500458,KORE        ,XT,Q,2.15,2.25,2.05,2.25,2.25,2.15,25,6723,14072.00,
500459,PROCTER &GAM,A ,Q,13451.95,13451.95,13373.05,13404.85,13392.20,13404.85,49,74,992421.00,
500460,MUKAND LTD. ,T ,Q,114.10,120.00,114.10,119.10,120.00,116.35,251,28065,3314821.00,
500463,AGCNET      ,B ,Q,1360.00,1360.00,1236.85,1300.35,1290.00,1301.90,188,1329,1704225.00,
500464,UCAL FUEL   ,B ,Q,158.50,159.00,154.80,156.95,156.95,156.05,284,3997,629457.00,
500467,HARR.MALAYAL,B ,Q,176.25,176.25,165.20,165.80,165.80,172.95,1202,33977,5815829.00,
500469,FEDERAL BANK,A ,Q,84.00,86.40,83.15,84.35,84.35,81.65,16097,4502735,382454896.00,
500470,TATA STEEL  ,A ,Q,1172.00,1196.20,1157.05,1179.50,1179.50,1150.65,24041,1140612,1346948273.00,
500472,SKF INDIA   ,A ,Q,2373.00,2375.00,2313.55,2336.90,2341.95,2349.85,479,1857,4365729.00,
500477,ASHOK LEYL. ,A ,Q,115.90,123.35,115.90,122.90,122.90,115.45,24872,4210173,508976349.00,
500480,CUMMINS (I) ,A ,Q,808.05,852.00,808.05,836.60,836.60,805.55,1636,69081,57730481.00,
500483,TATA COMM   ,A ,Q,1085.00,1085.00,1067.40,1069.60,1069.60,1071.15,1468,16261,17476192.00,
500488,ABBOTT (I)  ,A ,Q,16050.05,16299.90,15919.45,16041.45,16041.45,16224.75,1136,2353,37936046.00,
500490,BAJ HOLD INV,A ,Q,3554.00,3609.65,3554.00,3601.45,3605.00,3554.95,297,1204,4327749.00,
500493,BHARAT FORGE,A ,Q,663.00,689.05,657.85,678.55,680.00,655.10,3247,158201,107191375.00,
500495,ESCORTS LTD.,A ,Q,1157.00,1181.90,1133.30,1176.85,1176.85,1141.40,5172,111876,130053480.00,
500500,HIND.MOTORS ,B ,Q,8.00,8.00,7.64,8.00,8.00,7.62,167,87742,696091.00,
500510,LARSEN & TOU,A ,Q,1403.00,1421.15,1396.55,1417.65,1417.65,1386.85,10792,206785,291627952.00,
500520,MAH & MAH   ,A ,Q,759.90,799.70,754.75,797.85,797.80,753.30,7006,239577,188245680.00,
500530,BOSCH LTD   ,A ,Q,14330.00,14513.00,14110.40,14453.45,14417.00,14226.20,1501,3502,50249631.00,
500540,PREMIER LTD ,B ,Q,3.23,3.23,3.22,3.23,3.23,3.08,26,15663,50586.00,
500547,BHARAT PET. ,A ,Q,445.10,452.30,442.90,448.35,448.35,443.65,3883,277049,124171971.00,
500550,SIEMENS LTD.,A ,Q,2053.05,2081.75,2024.00,2033.30,2028.20,2060.30,1354,16595,33999843.00,
500570,TATA MOTORS ,A ,Q,326.00,336.55,324.10,332.35,332.35,321.10,37495,4587490,1519241962.00,
500575,VOLTAS LTD  ,A ,Q,990.00,1012.45,986.00,1007.45,1008.10,983.15,1520,52943,52925382.00,
500620,GREAT EASTE ,A ,Q,400.70,411.85,397.05,400.20,400.20,409.45,1671,46924,18912295.00,
500645,DEEPAK FERT.,A ,Q,285.00,288.80,281.60,284.40,284.00,281.15,1391,47333,13512214.00,
500650,EXCEL INDUST,A ,Q,1194.00,1210.00,1150.00,1164.90,1164.90,1157.05,1048,10305,12202796.00,
500655,GRWRHITECH  ,X ,Q,768.00,770.00,750.00,756.70,760.00,761.95,296,13720,10476170.00,
500660,GLAXOSMITH  ,A ,Q,1518.00,1545.00,1505.95,1515.75,1515.75,1518.15,1077,6456,9863995.00,
500670,GUJ.NARMADA ,A ,Q,421.00,422.85,387.55,390.65,390.65,400.45,4444,226832,91406181.00,
500672,NOVARTIS    ,A ,Q,645.80,645.80,631.00,634.55,634.55,638.80,294,3705,2358513.00,
500674,SANOFI      ,A ,Q,7720.00,7783.00,7702.85,7746.70,7759.00,7720.80,317,937,7253424.00,
500680,PFIZER LTD. ,A ,Q,5293.00,5300.00,5195.00,5251.75,5260.00,5215.25,515,2463,12921732.00,
500690,GUJ.ST.FERT ,A ,Q,121.00,122.25,118.00,118.85,118.85,119.20,3300,366441,44039003.00,
500696,HIND UNI LT ,A ,Q,2383.00,2406.00,2368.10,2373.90,2373.90,2376.00,1483,15665,37363699.00,
500710,AKZOINDIA   ,A ,Q,2187.00,2232.70,2187.00,2224.95,2231.95,2196.60,321,1050,2325097.00,
500730,NOCIL LTD   ,A ,Q,204.95,213.40,199.60,210.00,210.00,199.95,4291,176297,36755398.00,
500770,TATA CHEM.  ,A ,Q,707.15,721.45,707.15,713.90,713.90,704.00,5627,207801,148822986.00,
500777,T.P.L.      ,B ,Q,93.15,98.95,91.50,92.40,93.00,92.85,4153,821743,78997964.00,
500780,ZUARIGLOB   ,B ,Q,96.00,96.45,91.50,92.15,93.40,95.25,419,32346,3024814.00,
500790,NESTLE (I)  ,A ,Q,17035.00,17248.60,17035.00,17173.85,17173.85,17037.00,646,1630,27923847.00,
500800,TATACONSUM  ,A ,Q,655.80,659.00,648.20,652.90,652.90,653.70,5081,246392,161063333.00,
500820,ASIAN PAINTS,A ,Q,2800.00,2844.75,2796.60,2821.35,2815.20,2782.75,3194,41249,116066776.00,
500825,BRITANIA IND,A ,Q,3520.00,3530.45,3481.00,3524.60,3524.60,3505.70,1765,14159,49722345.00,
500830,COLGATE PALM,A ,Q,1620.00,1624.30,1566.15,1580.50,1579.00,1596.00,2969,40647,64261500.00,
500840,EIH LTD.    ,A ,Q,93.00,99.45,93.00,97.05,97.05,92.85,1416,95505,9239537.00,
500850,INDIAN HOTEL,A ,Q,117.00,123.30,116.30,121.75,121.60,115.20,4102,447858,53575306.00,
500870,CASTROL     ,A ,Q,130.00,131.10,129.10,129.40,129.40,129.95,971,63937,8304494.00,
500875,ITC LTD.    ,A ,Q,214.00,214.65,209.65,210.05,210.05,212.55,10075,952823,201434752.00,
500877,APOLLO TYRES,A ,Q,212.00,217.00,212.00,214.55,214.50,210.15,2902,323157,69271003.00,
500878,CEAT LIMITED,A ,Q,1290.00,1297.10,1269.45,1280.50,1280.50,1281.25,1683,17963,23132990.00,
500890,MODI RUBBER ,T ,Q,75.95,77.00,74.25,76.00,76.00,74.75,14,660,50314.00,
500940,FINOLEX IND.,A ,Q,155.45,155.75,151.40,151.85,151.85,153.15,4295,132639,20252384.00,
501148,DALAL ST INV,XT,Q,264.00,264.00,254.00,263.00,263.00,259.00,21,157,41106.00,
501150,CENTRUM CAP ,B ,Q,34.60,38.20,34.40,36.90,36.90,34.40,2304,673833,24772683.00,
501242,TCI FINANCE ,B ,Q,5.46,5.46,5.21,5.45,5.45,5.20,10,10600,57720.00,
501295,INDUS.INV.TR,B ,Q,58.80,61.55,56.50,61.00,61.00,58.10,56,4064,241451.00,
501298,INDUS.&PRUD.,X ,Q,1175.00,1179.90,1155.00,1166.65,1165.00,1175.00,23,496,577292.00,
501301,TATA INVEST.,A ,Q,1078.30,1088.80,1063.70,1066.00,1066.00,1078.30,344,2766,2964223.00,
501311,JAYBH.CREDIT,XT,Q,5.08,5.08,5.08,5.08,5.08,5.08,1,500,2540.00,
501314,PRISMX      ,X ,Q,69.15,70.60,68.00,68.00,68.00,69.30,40,2244,153810.00,
501343,MOTOR&GEN.FI,B ,Q,21.05,21.05,20.40,20.90,20.90,20.30,8,183,3763.00,
501370,WALCHAND PF ,X ,Q,60.00,61.00,58.10,58.25,58.10,58.95,19,1450,86505.00,
501391,W.H.BRADY   ,X ,Q,139.80,139.90,129.00,137.00,137.00,134.00,5,62,8565.00,
501423,SHA ENG PLA ,X ,Q,1136.00,1194.80,1136.00,1159.30,1157.95,1150.85,148,1259,1461709.00,
501425,BOM.BURMAH  ,A ,Q,1200.00,1214.00,1191.10,1195.25,1193.80,1194.85,322,3045,3657657.00,
501430,BOM.CYCLE   ,X ,Q,606.05,609.00,590.00,595.00,595.00,606.10,18,220,131202.00,
501455,GREAVES COTT,A ,Q,130.40,134.10,129.35,133.15,133.10,128.85,2526,190247,25090307.00,
501477,MULLER & PHI,XT,Q,98.00,98.10,98.00,98.10,98.10,96.20,7,165,16185.00,
501622,AMALGAMATED ,XT,Q,16.50,16.50,15.70,16.35,15.70,16.50,4,45,740.00,
501700,INDIA NIVEH ,X ,Q,12.21,12.60,11.61,12.41,11.90,12.21,36,6063,74015.00,
501831,COAST CORP  ,X ,Q,171.00,172.00,169.00,170.25,170.90,170.95,358,46571,7938164.00,
501833,CHOWGULE ST ,XT,Q,5.77,5.77,5.24,5.77,5.24,5.50,9,2314,13348.00,
501848,GLOBAL OFFS ,X ,Q,7.12,7.29,6.93,6.93,6.98,7.29,45,22255,155083.00,
501945,DHENUBUILD  ,X ,Q,2.35,2.35,2.29,2.29,2.29,2.33,2,11,25.00,
502015,ASIIL       ,XT,Q,34.80,35.25,33.65,34.00,34.95,33.60,171,53995,1878822.00,
502090,SAGAR CEM.  ,A ,Q,801.15,827.95,792.50,805.25,804.25,786.30,928,8367,6795381.00,
502137,DECAN CEMENT,B ,Q,464.40,478.00,460.00,473.85,472.00,459.40,1130,21203,10003136.00,
502157,MANGALAM CEM,A ,Q,311.90,319.00,305.85,314.55,314.75,305.95,488,14491,4566959.00,
502168,N C L IND.  ,A ,Q,192.75,195.75,192.75,194.35,194.40,188.85,542,22370,4350487.00,
502175,SAURAS.CEM. ,X ,Q,72.45,72.50,70.10,70.80,70.55,70.95,587,115399,8216309.00,
502180,SRI DIGV CEM,B ,Q,78.50,79.95,76.95,78.10,78.10,76.45,1203,118320,9275717.00,
502219,BORORENEW   ,A ,Q,275.55,282.70,270.10,277.20,277.20,271.70,3648,148315,41101012.00,
502271,RAASI REFRAC,X ,Q,7.70,7.80,7.70,7.80,7.80,7.80,5,1000,7790.00,
502281,TRIVENI GLAS,X ,Q,5.89,5.89,5.52,5.66,5.66,5.89,17,3243,18456.00,
502294,NILACHAL REF,X ,Q,32.45,32.45,32.00,32.00,32.00,32.50,2,34,1088.00,
502330,ANDPAPER    ,B ,Q,222.35,229.00,222.35,228.20,228.75,227.30,124,1493,338467.00,
502355,BALKRISH IND,A ,Q,2093.10,2128.85,2073.25,2117.75,2095.35,2084.80,7320,82695,173888156.00,
502420,ORIENT PAPER,B ,Q,26.30,27.50,26.05,26.75,26.75,26.35,1089,221670,5969645.00,
502445,CITADEL     ,X ,Q,8.84,8.84,8.20,8.77,8.77,8.85,5,490,4297.00,
502448,ROLLATAINER ,B ,Q,3.18,3.18,3.07,3.07,3.07,3.23,22,7013,21676.00,
502450,SESHA.PAPER ,A ,Q,155.95,157.60,150.75,155.45,156.00,154.95,139,5014,780233.00,
502460,SOLID CONT. ,X ,Q,34.00,34.05,34.00,34.00,34.00,34.05,7,5408,183872.00,
502587,NATHIND     ,X ,Q,83.55,93.80,83.55,91.40,91.40,85.30,360,41881,3709675.00,
502742,SINTEX IND. ,B ,Q,3.86,3.86,3.71,3.77,3.77,3.74,693,722364,2721740.00,
502820,DCM LTD.    ,B ,Q,30.80,30.80,28.25,28.85,28.90,28.40,218,18082,536571.00,
502865,FORBES & CO ,B ,Q,1700.00,1705.00,1665.00,1696.90,1705.00,1695.30,84,1017,1714275.00,
502873,H.P.COTTON  ,X ,Q,50.50,50.50,47.30,49.95,49.95,50.45,38,2004,98319.00,
502893,UNITEDINT   ,XT,Q,20.50,20.50,20.50,20.50,20.50,20.90,5,287,5883.00,
502901,JAMSHRI     ,X ,Q,2415.00,2415.00,2315.00,2415.00,2415.00,2300.00,5,5,11775.00,
502933,KATARE SPG. ,XT,Q,14.33,14.33,14.22,14.22,14.22,14.22,4,1135,16150.00,
502937,KESORAM IND ,B ,Q,77.55,79.10,77.10,77.35,77.35,77.05,1597,139307,10857200.00,
502958,LAKSHMI MILL,X ,Q,2560.00,2639.00,2532.05,2634.35,2630.00,2520.00,56,286,740935.00,
502986,VARDH TEXT  ,A ,Q,1336.15,1347.60,1309.00,1331.60,1325.00,1334.65,324,1387,1844396.00,
503015,MODERN INDIA,X ,Q,45.50,45.75,45.50,45.50,45.50,45.35,12,9660,439530.00,
503031,PENLAND LTD ,T ,Q,7.00,7.21,6.95,6.97,7.08,7.10,97,55489,388054.00,
503092,PASUPATI SPG,X ,Q,6.28,6.28,6.28,6.28,6.28,5.99,4,660,4144.00,
503100,PHOENIX MILL,A ,Q,714.00,723.80,709.00,719.45,719.45,719.05,1216,10654,7636751.00,
503101,MARATHON NEX,B ,Q,51.40,51.65,50.40,51.40,51.40,50.70,194,2727,139542.00,
503127,RAJA BAHADUR,XT,Q,2962.30,2962.30,2900.00,2900.00,2900.00,2876.00,2,2,5862.00,
503162,REL.CHEMOTX ,X ,Q,92.10,92.10,86.60,90.30,89.70,88.80,214,10828,966202.00,
503169,RUBY MILLS  ,B ,Q,194.40,201.95,191.10,195.25,194.85,195.40,258,2378,468540.00,
503229,SIMPLEX REAL,X ,Q,48.25,49.30,48.25,49.30,49.30,50.70,15,623,30552.00,
503310,SWAN ENG    ,A ,Q,134.05,134.80,132.50,134.05,133.35,133.50,1747,69253,9233493.00,
503349,VICTORIA MIL,X ,Q,1860.85,1860.85,1805.00,1809.50,1805.00,1816.30,32,143,260528.00,
503624,SVARAJ TRAD ,XT,Q,4.25,4.25,4.00,4.12,4.12,4.13,53,81987,338106.00,
503641,ZODIAC VEN  ,XT,Q,9.25,9.25,9.10,9.24,9.23,9.07,26,3753,34587.00,
503657,VEER ENERGY ,X ,Q,8.71,8.94,8.52,8.60,8.60,8.71,76,9904,85509.00,
503663,TILAK       ,X ,Q,2.18,2.22,2.18,2.22,2.22,2.12,17,10664,23674.00,
503691,SAHARA ONE  ,X ,Q,37.80,37.80,37.75,37.75,37.75,37.80,2,10,377.00,
503722,BANSW.SYNTEX,B ,Q,125.60,128.00,122.55,124.90,122.55,125.30,22,1037,131867.00,
503776,MODIPON     ,X ,Q,23.10,23.10,23.10,23.10,23.10,22.00,4,143,3303.00,
503804,SHRI DINESH ,X ,Q,443.00,469.00,440.25,465.15,469.00,455.00,38,3185,1472381.00,
503806,SRF LIMITED ,A ,Q,6418.00,6485.00,6377.50,6426.20,6410.05,6359.10,717,4609,29624858.00,
503811,SIYARAM SILK,B ,Q,213.60,222.90,212.00,218.95,221.00,213.65,1592,33571,7356377.00,
503816,SWAD.POLYTEX,XT,Q,4.61,4.61,4.61,4.61,4.61,4.61,2,150,691.00,
503960,BHARAT BIJLE,A ,Q,1327.80,1327.80,1265.10,1269.50,1270.00,1303.50,387,2463,3170382.00,
504000,ELPRO INTER ,X ,Q,40.05,40.60,40.00,40.50,40.60,40.00,20,2066,82966.00,
504008,EMCO LTD.   ,Z ,Q,1.61,1.62,1.55,1.62,1.62,1.55,14,5788,9251.00,
504028,GEE LTD     ,X ,Q,51.30,51.30,49.05,49.30,49.20,49.30,161,29726,1479128.00,
504036,HIND.RECT   ,B ,Q,135.80,148.95,134.55,146.10,146.10,134.60,826,31524,4543900.00,
504058,NIPPOBATRY  ,B ,Q,779.00,800.10,777.00,784.90,784.90,783.35,115,1305,1022187.00,
504067,ZENSAR TECH.,A ,Q,287.00,293.00,281.40,284.95,284.95,283.00,1677,31410,8945808.00,
504076,JYOTI LTD.  ,X ,Q,12.25,12.29,11.75,12.29,12.29,11.71,36,14335,175357.00,
504080,JSL LTD.    ,XT,Q,128.55,132.30,126.00,132.25,132.30,126.00,18,553,71101.00,
504084,KAYCEE IND  ,X ,Q,3030.00,3030.00,3030.00,3030.00,3030.00,3030.00,1,1,3030.00,
504092,INDOKEM LTD.,X ,Q,38.60,38.60,35.45,37.10,37.55,36.85,26,2264,83776.00,
504093,PANA ENERG  ,X ,Q,226.10,233.50,219.60,220.00,220.00,226.50,368,35521,8015967.00,
504112,NELCO LTD.  ,A ,Q,206.70,209.35,203.05,203.60,203.45,204.30,177,5096,1049165.00,
504132,PERM MAGNETS,X ,Q,288.25,293.00,280.00,285.95,289.90,288.25,212,7430,2146792.00,
504176,HIGH ENERGY ,X ,Q,870.00,870.00,830.00,830.10,830.05,848.30,181,3591,3016453.00,
504180,STD.BATTERY ,X ,Q,31.80,31.80,31.80,31.80,31.80,32.40,59,1627,51738.00,
504212,UNIV.CABLE  ,B ,Q,157.75,167.00,151.60,159.75,159.75,154.20,1025,14821,2392911.00,
504220,W.S.INDUSTR.,T ,Q,5.21,5.67,5.14,5.49,5.58,5.41,34,7524,41266.00,
504240,DELTON CABLE,X ,Q,40.20,41.00,39.60,40.15,40.50,39.45,34,3410,137408.00,
504258,LAKSHMI ELEC,X ,Q,327.00,327.00,320.00,326.05,326.00,323.60,39,1030,333785.00,
504273,MODULEX     ,X ,Q,11.44,11.71,10.62,11.71,11.71,11.16,66,31740,366634.00,
504286,DELTAMAGNT  ,B ,Q,29.75,30.45,28.55,29.55,29.50,30.00,39,4384,128537.00,
504335,PAZEL       ,XT,Q,0.24,0.25,0.23,0.25,0.25,0.24,304,799897,195313.00,
504340,CONFINT     ,X ,Q,3.86,3.86,3.79,3.79,3.79,3.86,2,61,234.00,
504341,RELTD       ,X ,Q,33.80,35.00,32.25,33.45,33.00,32.70,20,1654,54623.00,
504378,NYSSACORP   ,XT,Q,4.74,4.74,4.74,4.74,4.74,4.83,97,16984,80504.00,
504380,FLOMIC      ,XT,Q,7.92,7.92,7.92,7.92,7.92,7.77,1,5,39.00,
504392,KRISHNA VEN ,XT,Q,11.02,11.02,11.02,11.02,11.02,11.60,1,42,462.00,
504605,UNI ABEX    ,X ,Q,450.00,450.00,402.00,439.90,439.90,433.80,23,279,121149.00,
504614,SARDA ENMIN ,B ,Q,555.45,561.00,522.55,529.70,528.05,542.35,931,16890,9066686.00,
504646,BHAGWATI AUT,X ,Q,138.30,147.00,138.30,145.85,146.50,141.20,25,1179,169097.00,
504648,BOM.WIRE ROP,XT,Q,2.27,2.27,2.27,2.27,2.27,2.17,1,5,11.00,
504697,GALADA TELE.,Z ,Q,1.13,1.13,1.13,1.13,1.13,1.13,2,11,12.00,
504741,IND.HUME PIP,A ,Q,175.90,179.90,173.00,174.20,173.75,174.25,224,5649,1000935.00,
504786,INVEST &PREC,X ,Q,228.05,232.95,213.25,223.40,223.40,227.20,44,2962,660612.00,
504810,INFORMEDTEC ,X ,Q,24.15,25.35,24.15,25.35,25.35,24.15,6,310,7857.00,
504840,KAIRA CAN CO,X ,Q,1179.80,1179.80,1169.95,1174.00,1174.00,1093.55,6,41,48114.00,
504879,ORIENT ABRAS,B ,Q,24.40,24.40,23.80,23.90,23.90,24.00,251,21146,507024.00,
504882,NATIONAL STD,X ,Q,655.00,721.45,655.00,666.55,666.55,687.10,22,116,80067.00,
504908,DUNCANENG   ,X ,Q,168.00,168.00,161.00,166.00,166.00,163.15,37,1322,216933.00,
504918,SANDUR MANG.,X ,Q,1582.00,1610.00,1530.00,1540.90,1550.00,1541.50,710,13522,21255231.00,
504959,STOVAC IND. ,X ,Q,2286.00,2360.00,2233.05,2280.00,2290.00,2306.20,182,1373,3161645.00,
504961,TATA YODOGAW,X ,Q,49.25,50.85,49.00,49.75,49.75,49.20,107,9586,473492.00,
504966,TINPLATE    ,A ,Q,217.90,219.05,211.90,214.05,214.05,214.90,2972,302505,65400736.00,
504973,CHOLAHLDNG  ,A ,Q,580.10,583.70,565.60,581.60,583.70,575.95,286,2478,1425395.00,
504988,WELCAST     ,X ,Q,565.00,565.00,544.30,561.80,561.80,555.25,20,163,89278.00,
505010,AUTO AXLES  ,A ,Q,1198.65,1210.80,1111.40,1148.35,1159.00,1198.65,1855,14253,16532487.00,
505036,AUTO COR.GOA,X ,Q,391.80,391.80,370.50,373.10,375.95,374.25,82,1458,554264.00,
505075,SETCO AUTO  ,B ,Q,17.60,18.60,17.50,17.70,17.65,18.40,331,88183,1571011.00,
505141,SCOOTERS IND,T ,Q,37.80,37.80,35.75,35.90,35.90,36.40,29,1308,47321.00,
505160,TALBROS AUTO,B ,Q,198.10,208.00,198.10,203.75,203.75,201.65,284,5146,1051982.00,
505163,ZF STEERING ,X ,Q,417.60,434.90,406.00,429.05,425.30,421.60,136,6237,2673673.00,
505192,SMLISUZU    ,A ,Q,451.10,455.00,446.00,451.20,451.35,445.25,227,2700,1216720.00,
505196,TIL LTD.    ,B ,Q,227.00,227.00,217.00,217.15,219.00,218.55,50,480,106008.00,
505200,EICHER MOTOR,A ,Q,2491.10,2584.00,2491.10,2570.55,2570.55,2483.40,3317,46428,118225777.00,
505216,ALFRED HERB ,X ,Q,670.00,670.00,635.55,642.30,649.00,643.70,8,35,22596.00,
505232,VELJAN      ,X ,Q,767.95,769.00,744.00,750.50,750.00,758.00,15,137,104690.00,
505242,DYNAMAT.TECH,B ,Q,1008.15,1034.30,1002.05,1024.10,1027.80,1008.05,147,741,756437.00,
505250,G.G.DANDEKAR,X ,Q,49.75,49.75,48.05,49.45,48.05,51.20,7,1000,49466.00,
505255,GMM PFAUDLER,A ,Q,4694.95,4983.85,4611.00,4869.15,4869.15,4575.60,5406,31396,152528432.00,
505283,KIRLOSAR PN ,X ,Q,366.00,366.00,350.00,351.50,354.00,355.80,240,17747,6289616.00,
505285,TULIVE      ,XT,Q,192.00,192.00,192.00,192.00,192.00,192.00,1,1,192.00,
505299,KPT         ,X ,Q,120.00,120.00,111.05,117.00,117.00,117.00,25,1026,120458.00,
505324,MANUGRAPH IN,B ,Q,13.50,13.70,12.46,13.00,13.00,13.05,41,1728,23147.00,
505355,NESCO LTD   ,A ,Q,516.20,529.60,508.55,515.00,515.00,507.85,2013,18678,9656407.00,
505358,INTEGRA ENG ,X ,Q,32.35,37.35,31.20,35.60,35.50,31.40,750,191710,6732884.00,
505368,REVATHI EQU.,B ,Q,580.65,589.30,573.40,580.05,580.05,583.30,95,1318,763025.00,
505400,TEXINFRA    ,B ,Q,70.60,70.80,70.45,70.60,70.45,70.45,189,1125,79297.00,
505412,WENDT(INDIA),B ,Q,3311.65,3385.20,3265.65,3339.50,3276.00,3408.70,43,133,444804.00,
505509,RESPON IND  ,A ,Q,158.85,163.95,157.05,158.10,157.50,157.40,121,10089,1601361.00,
505523,MAHA CORP   ,X ,Q,0.51,0.51,0.50,0.51,0.51,0.50,316,680119,343696.00,
505526,DOLAT INV.  ,B ,Q,77.00,78.65,72.15,73.65,73.65,75.05,2455,227976,17277522.00,
505533,WESTLIFE DEV,A ,Q,446.60,471.00,442.85,461.70,462.00,445.10,2027,27294,12489082.00,
505537,ZEE ENTER   ,A ,Q,190.00,195.00,189.70,190.35,190.35,188.25,11510,1362159,262151820.00,
505576,GOLDCORP    ,X ,Q,68.40,68.40,68.40,68.40,68.40,65.15,7,404,27633.00,
505590,SVPGLOB     ,X ,Q,83.00,84.50,81.00,83.40,83.40,82.65,315,58728,4866526.00,
505650,SKYL MILLAR ,X ,Q,8.54,8.54,7.76,8.00,8.00,8.16,57,13194,108270.00,
505681,BIMETAL BEAR,X ,Q,324.00,324.00,307.10,322.50,323.40,317.95,62,615,195148.00,
505688,BHARAT GEARS,B ,Q,88.80,89.05,87.00,87.25,87.65,87.45,59,4015,352489.00,
505690,BRADY MORRIS,X ,Q,86.05,90.50,86.05,90.50,90.50,90.50,2,25,2173.00,
505693,LATIMMETAL  ,X ,Q,78.00,78.00,76.00,78.00,78.00,74.30,63,4254,329471.00,
505700,ELECON ENG  ,B ,Q,92.05,93.65,90.00,90.75,90.75,91.85,700,56141,5165974.00,
505710,GRAUER& WEIL,X ,Q,54.00,54.90,51.15,51.60,51.60,52.40,3389,336836,17835339.00,
505711,GAJRA BEVEL ,XT,Q,1.81,1.82,1.81,1.81,1.81,1.81,3,167,302.00,
505712,HIMTEK      ,X ,Q,75.50,79.95,75.35,75.65,75.65,79.00,12,278,21316.00,
505714,GABRIEL(I)  ,A ,Q,107.20,115.45,106.75,111.90,111.90,106.05,1766,711075,76684830.00,
505720,HERC.HOISTS ,B ,Q,122.40,122.40,119.60,120.70,121.25,121.10,111,3457,417827.00,
505725,HIND.EVEREST,XT,Q,178.65,181.85,164.95,181.85,181.85,173.40,38,1741,309676.00,
505726,IFB IND.LTD.,A ,Q,923.00,977.00,923.00,967.20,972.00,925.90,1211,10828,10370474.00,
505729,SINGER INDIA,X ,Q,42.95,44.00,41.75,43.70,43.70,42.55,371,69826,3024299.00,
505737,INTER.COMBUS,X ,Q,195.00,195.00,185.65,187.70,187.70,192.40,52,3556,668722.00,
505744,FED MOG GOE ,A ,Q,290.45,291.50,286.60,290.80,290.80,288.30,612,11186,3238442.00,
505750,JOSTS ENG.  ,X ,Q,1144.00,1144.00,1040.00,1110.70,1110.70,1046.70,816,11301,12376662.00,
505790,SCHAEFFLER  ,A ,Q,5007.30,5009.95,4908.80,5002.70,5002.00,4977.00,167,343,1708616.00,
505800,RANE HOLDIN ,A ,Q,603.00,603.00,584.95,591.15,590.40,597.25,239,2014,1194780.00,
505827,SNL BEARINGS,X ,Q,200.95,200.95,187.60,196.80,196.95,195.00,30,598,115750.00,
505840,JAIPAN INDUS,XT,Q,8.85,8.85,8.50,8.50,8.50,8.46,9,1603,14185.00,
505850,MANCREDIT   ,X ,Q,58.00,59.50,57.75,59.00,59.00,57.80,116,23351,1365862.00,
505854,TRF LTD.    ,B ,Q,99.90,101.00,97.60,98.75,98.15,97.45,245,3280,324992.00,
505872,WPIL LTD.   ,X ,Q,679.95,689.90,675.00,687.00,687.90,670.15,136,3351,2284577.00,
505890,KENNAMETAL  ,A ,Q,1185.00,1210.00,1103.30,1126.00,1136.00,1171.35,330,1875,2180353.00,
505893,HINDHARD    ,X ,Q,157.50,164.00,156.00,163.95,163.95,164.00,10,82,12949.00,
505978,TRITON VALVE,X ,Q,929.90,929.90,870.00,911.55,910.00,901.15,59,456,414723.00,
506003,SUDAL INDUS ,XT,Q,4.28,4.28,4.28,4.28,4.28,4.50,2,34,145.00,
506022,PRAKASH IND.,A ,Q,94.05,95.45,91.50,92.15,92.15,93.35,1103,104990,9811144.00,
506074,ARSHIYA     ,B ,Q,30.10,30.35,29.25,29.80,29.55,29.55,98,14386,427973.00,
506076,GRIND NORTON,A ,Q,1240.00,1245.95,1214.00,1231.10,1231.10,1229.45,966,7507,9230354.00,
506105,STANROSE MAF,X ,Q,81.30,81.70,81.30,81.50,81.50,81.50,7,341,27788.00,
506109,GENESYS INT.,B ,Q,103.30,106.00,101.90,101.90,101.90,102.40,40,1897,194711.00,
506122,PANKAJPIYUS ,X ,Q,49.60,49.60,47.50,49.60,49.60,47.25,8,777,38537.00,
506128,PARNAXLAB   ,XT,Q,27.55,27.75,27.55,27.75,27.75,26.45,23,2396,66432.00,
506146,VISAGAR POL ,B ,Q,0.73,0.75,0.71,0.73,0.74,0.72,174,651226,474742.00,
506184,KANANI IND  ,B ,Q,4.49,4.49,4.21,4.21,4.21,4.14,2,8,34.00,
506194,ARIH SUPER  ,T ,Q,71.10,71.95,67.60,70.95,71.00,71.10,30,1680,117484.00,
506197,BLISSGVS PH ,A ,Q,107.30,114.70,107.00,109.60,109.80,106.25,4240,255958,28699700.00,
506222,INEOSSTYRO  ,B ,Q,1229.00,1297.45,1220.95,1287.25,1280.05,1228.15,1890,19057,24193266.00,
506235,ALEMBIC LTD.,A ,Q,124.10,125.00,121.00,121.15,121.15,121.65,887,39614,4846164.00,
506248,AMINES&PLAST,X ,Q,94.85,94.85,91.90,93.30,92.80,91.90,391,24428,2277015.00,
506260,ANUH PHARMA ,X ,Q,155.00,156.00,150.00,151.60,151.00,153.70,1089,75646,11568421.00,
506261,MODISON MET.,B ,Q,54.10,56.95,54.10,56.35,56.05,54.65,221,11384,633596.00,
506285,BAYER CROP  ,A ,Q,5404.15,5435.10,5160.00,5263.00,5263.00,5390.30,1099,3902,20703592.00,
506365,CHEMO PHARMA,XT,Q,27.85,28.15,26.85,26.85,26.85,26.85,16,487,13388.00,
506390,CLARI CHEM  ,A ,Q,485.00,509.75,473.15,505.15,505.15,480.85,2445,44009,21894592.00,
506395,COROM INTER ,A ,Q,779.95,779.95,765.50,773.25,772.00,772.60,1986,35235,27155702.00,
506401,DEEPAK NITR.,A ,Q,1751.00,1843.50,1730.05,1794.00,1794.00,1718.30,9692,160602,289982287.00,
506405,DHARAMSI CHM,X ,Q,332.95,337.00,322.40,323.50,324.90,327.30,378,15634,5095240.00,
506414,FERMENTA    ,X ,Q,321.80,321.80,314.00,314.95,315.00,315.65,337,13191,4168034.00,
506480,GOCLCORP    ,B ,Q,202.85,204.00,196.55,203.15,203.15,200.55,12,131,26356.00,
506520,JAYSHRI CHEM,X ,Q,5.28,5.28,4.96,5.00,5.07,5.22,95,19891,99406.00,
506522,JL MORISON  ,X ,Q,1950.00,1997.00,1932.05,1934.35,1932.10,2000.00,9,76,147092.00,
506525,KANORIA CHEM,B ,Q,139.00,139.40,128.90,130.45,130.35,133.35,285,23222,3095493.00,
506528,KELTECH EN. ,X ,Q,569.90,569.90,546.00,547.05,547.05,549.70,23,308,169660.00,
506532,NITTA GELA  ,X ,Q,183.00,187.00,182.00,184.25,184.25,183.00,149,13902,2577416.00,
506543,M.P.AGRO IND,XT,Q,3.45,3.45,3.45,3.45,3.45,3.35,3,23,79.00,
506579,ORIENT.CARB.,A ,Q,954.00,954.00,932.10,941.60,944.80,929.25,202,1286,1206596.00,
506590,PHIL.CARBON ,A ,Q,213.00,230.20,209.90,226.20,226.20,209.05,9169,426678,94627240.00,
506597,AMAL PRODUCT,X ,Q,340.00,352.90,340.00,344.70,344.70,341.60,88,1259,432816.00,
506605,POLYCHEM    ,X ,Q,495.00,497.90,476.25,480.10,480.00,494.95,18,108,52391.00,
506618,PUN.CHEM    ,B ,Q,1185.00,1196.50,1153.00,1165.15,1160.00,1167.15,756,4050,4775225.00,
506640,GUJCHEM DIST,XT,Q,73.45,81.10,73.45,81.10,81.10,77.25,4,27,2176.00,
506642,SADHANA NITR,X ,Q,44.50,44.50,44.50,44.50,44.50,45.40,104,38293,1704038.00,
506655,SUDARSH.CHEM,A ,Q,652.40,675.70,652.40,667.45,666.75,652.40,639,17942,11982035.00,
506685,ULTRAMARINE ,X ,Q,442.10,448.00,436.10,437.85,437.85,435.65,1009,51648,22838454.00,
506687,TRANSPEK    ,X ,Q,1365.00,1409.00,1341.20,1384.70,1384.70,1350.05,882,10156,14041310.00,
506690,UNICHEM LAB ,A ,Q,336.90,338.15,328.05,331.55,331.55,333.20,584,5577,1860693.00,
506734,MYS PETRO   ,X ,Q,75.30,76.65,75.00,75.15,75.00,75.30,29,2390,179833.00,
506767,ALKYL AMINES,A ,Q,3492.70,3592.00,3492.65,3555.70,3555.70,3497.70,1611,5840,20740470.00,
506808,TUTIALKA    ,X ,Q,12.00,12.33,11.43,11.77,12.00,11.76,67,18290,219289.00,
506820,ASTRAZEN.PH.,A ,Q,3802.00,3828.85,3778.10,3783.35,3789.95,3801.55,313,1335,5065308.00,
506852,PUN.ALKALI  ,X ,Q,98.00,98.00,94.00,95.95,96.10,95.20,151,27930,2688473.00,
506854,TANFAC IND. ,X ,Q,229.50,230.00,226.00,227.05,227.05,226.20,316,15628,3559446.00,
506858,GUJ.PETRO   ,XT,Q,37.85,37.85,37.85,37.85,37.85,37.15,6,165,6245.00,
506863,SWADESHI IND,X ,Q,0.94,0.94,0.93,0.94,0.94,0.94,4,1999,1878.00,
506879,GUJ.THEMIS. ,X ,Q,302.95,302.95,278.00,283.05,283.05,295.10,665,39297,11307994.00,
506910,JAYSN DYEST ,X ,Q,66.45,66.45,63.40,65.80,65.80,64.00,14,1532,99926.00,
506919,MAKERS LAB. ,X ,Q,234.00,234.00,225.15,232.70,232.00,228.40,49,2086,480529.00,
506943,J.B.CHEMICAL,A ,Q,1400.00,1400.00,1368.80,1379.50,1375.00,1374.55,477,4478,6171124.00,
506975,RAJ.PETRO   ,P ,Q,4.34,4.34,4.34,4.34,4.34,4.14,1,100,434.00,
506981,BL.CHIP TEX ,X ,Q,104.95,105.00,99.25,100.45,100.55,104.95,23,1716,176287.00,
507155,JAGATJIT IND,XT,Q,39.90,40.90,39.00,40.80,40.80,39.45,35,4934,198367.00,
507180,KESAR ENT.  ,X ,Q,63.05,66.70,62.55,65.05,64.10,65.00,48,5675,366325.00,
507205,TILAKNAG IND,B ,Q,41.35,42.55,41.20,41.30,41.60,41.35,277,22164,923428.00,
507265,EMERALL     ,XT,Q,135.00,138.90,134.75,138.90,138.90,132.30,10,195,26806.00,
507300,RAVALGAON   ,XT,Q,1900.00,2000.00,1900.00,1997.70,1997.70,2000.00,9,18,35407.00,
507315,SAKTHI SUGAR,B ,Q,14.50,14.50,13.65,13.70,13.75,14.23,466,113100,1555892.00,
507410,WALCHANDNGR ,B ,Q,67.90,72.75,67.15,70.65,70.65,67.65,1653,118416,8377856.00,
507435,KHOD.INDIA  ,XT,Q,61.10,65.50,59.50,65.50,65.50,62.50,9,840,52328.00,
507438,IFB AGRO    ,B ,Q,473.95,473.95,456.00,460.65,458.20,453.60,190,1061,491604.00,
507442,DHARANI SUG ,B ,Q,11.03,11.03,11.03,11.03,11.03,10.51,50,19421,214213.00,
507450,THIRU A.SUG.,Z ,Q,7.98,7.98,7.23,7.94,7.94,7.61,17,4211,32295.00,
507474,KOTHARI FERM,X ,Q,59.75,59.75,57.10,57.55,57.55,57.10,99,12316,717425.00,
507486,CAPROLA.CHEM,XT,Q,37.20,39.05,37.20,39.05,39.05,37.20,2,14,539.00,
507488,G.M.BREWERI ,B ,Q,408.95,408.95,403.85,406.50,406.50,405.85,106,1005,408341.00,
507490,RANA SUGARS ,B ,Q,17.30,17.30,16.20,16.40,16.40,16.87,818,313480,5197527.00,
507498,PICCADILY SU,XT,Q,7.50,8.11,7.36,7.76,7.77,7.73,110,25124,188637.00,
507508,RIGA SUGAR  ,X ,Q,6.00,6.10,5.85,5.85,5.85,5.89,19,5881,34915.00,
507514,SOM DISTILL.,B ,Q,39.45,40.75,37.25,39.20,39.35,39.85,852,95646,3735232.00,
507515,CJ GELATIN  ,XT,Q,18.55,20.45,18.55,20.45,20.45,19.50,23,3852,78415.00,
507522,MOUNTT SHIV.,Z ,Q,3.38,3.38,3.38,3.38,3.38,3.23,1,25,84.00,
507525,AMRIT CORP  ,X ,Q,700.15,714.90,681.10,714.90,714.90,717.00,9,109,75602.00,
507526,ASSO.ALCOHOL,B ,Q,437.50,446.00,434.90,443.20,443.20,433.30,911,23493,10351609.00,
507552,FOODS & INNS,X ,Q,51.70,51.80,50.05,50.95,51.00,50.75,243,21715,1101774.00,
507580,IVP LIMITED ,B ,Q,118.00,123.50,118.00,123.25,123.25,118.00,62,836,102713.00,
507598,KLRFM       ,X ,Q,54.00,56.60,52.30,55.50,55.50,54.05,51,3690,203508.00,
507621,MILKFOOD    ,X ,Q,343.95,380.00,330.00,354.25,354.00,337.95,143,1702,610826.00,
507645,POLSON LTD. ,X ,Q,9450.00,9700.00,9435.00,9628.55,9700.00,9435.00,19,31,296031.00,
507685,WIPRO LTD.  ,A ,Q,505.00,514.75,501.75,508.25,508.25,499.65,4118,233409,119019082.00,
507690,ORIENT BEVER,X ,Q,66.90,79.00,66.90,70.80,69.20,66.90,80,4361,311523.00,
507717,DHAN AGRI   ,A ,Q,925.00,929.00,901.00,907.15,907.15,907.20,652,8896,8112361.00,
507747,TTK HEALTHCA,B ,Q,575.25,586.75,574.95,575.65,577.55,570.60,218,1376,797665.00,
507753,TGVSL       ,X ,Q,34.30,35.00,33.40,34.05,34.00,33.90,423,134304,4607967.00,
507759,LIME CHEM.  ,X ,Q,20.00,21.90,20.00,21.50,21.50,20.10,63,71997,1472776.00,
507779,KANPUR PLAST,B ,Q,174.35,196.95,168.25,184.15,184.15,170.35,5203,106265,20124165.00,
507785,TAINWALA CH.,B ,Q,71.00,79.00,69.35,75.20,74.65,69.75,324,14808,1118953.00,
507789,JAGSON PHAR ,B ,Q,95.50,96.55,94.50,94.70,94.50,95.70,266,4494,428636.00,
507794,KHAITAN CHEM,B ,Q,29.60,34.60,29.60,33.60,33.30,30.55,2226,451514,15105192.00,
507815,GILLETTE (I),A ,Q,5492.00,5552.40,5480.00,5495.85,5502.40,5496.75,122,219,1206957.00,
507817,WIRES FABRIK,X ,Q,66.75,66.75,60.50,63.40,63.00,63.65,24,1326,82378.00,
507828,ANSALHSG    ,B ,Q,5.66,5.76,5.54,5.69,5.76,5.67,15,2532,14206.00,
507836,MAC CHARLES ,X ,Q,333.25,357.00,323.70,344.00,344.00,340.00,37,1098,378505.00,
507852,ADDI IND.   ,X ,Q,4.15,4.15,4.15,4.15,4.15,4.15,3,3,12.00,
507864,PION INVEST ,X ,Q,32.95,32.95,30.55,31.05,31.05,31.25,11,736,23062.00,
507872,ASHNOOR TEX.,XT,Q,20.00,20.51,18.60,20.51,20.51,19.54,47,11787,239590.00,
507878,UNITECH LTD ,Z ,Q,1.84,1.94,1.83,1.93,1.93,1.85,1238,9986275,19277843.00,
507880,VIP INDUS.  ,A ,Q,341.20,346.90,337.60,340.10,340.40,341.80,799,12352,4236206.00,
507910,FIBERWB IN  ,X ,Q,40.00,41.20,39.40,39.55,39.90,40.20,299,49423,1978455.00,
507912,LKP FIN     ,X ,Q,79.80,79.80,77.65,79.00,79.50,77.15,40,6338,494968.00,
507944,BAJAJ STEEL ,X ,Q,565.00,587.00,565.00,569.70,567.00,563.90,404,8916,5150836.00,
507948,KEY CORP.LTD,XT,Q,13.74,13.74,13.74,13.74,13.74,14.46,2,200,2748.00,
507960,GUJ.HOTELS  ,X ,Q,100.05,109.00,100.05,104.95,105.00,102.90,38,624,65584.00,
507966,RAS RESORTS ,X ,Q,21.10,21.10,21.10,21.10,21.10,21.15,1,26,548.00,
507970,PARA. COSMET,X ,Q,17.00,18.70,17.00,18.70,18.70,17.85,5,61,1064.00,
507981,JINDAL HOTL ,X ,Q,24.80,24.80,23.50,24.05,24.05,23.05,76,4890,118315.00,
507998,SIMMONDS-MAR,X ,Q,30.55,32.60,30.55,31.80,31.80,31.50,35,2866,88910.00,
508136,BNALTD      ,X ,Q,185.00,189.85,182.50,185.65,185.45,183.95,31,1165,215212.00,
508306,LEDO TEA CO ,X ,Q,43.70,43.70,43.70,43.70,43.70,45.95,1,1,43.00,
508486,HAWKINS COOK,A ,Q,5620.00,5678.85,5600.00,5601.35,5617.00,5600.85,131,615,3452861.00,
508494,WARREN TEA  ,X ,Q,55.55,55.80,54.30,54.85,54.50,55.55,22,1740,96041.00,
508670,NEELAMALAI  ,P ,Q,1574.00,1574.00,1574.00,1574.00,1574.00,1618.05,1,100,157400.00,
508807,IST LTD.    ,X ,Q,371.10,392.10,365.00,367.70,367.70,381.75,82,2953,1095955.00,
508814,COSMO FILMS ,A ,Q,749.90,774.30,749.90,763.40,767.95,742.95,575,7421,5678152.00,
508869,APOLLO HOSP.,A ,Q,3195.00,3195.00,3145.00,3162.30,3174.60,3151.05,1303,22295,70467746.00,
508875,NITINCAST   ,X ,Q,72.75,72.75,67.10,68.65,71.00,69.30,9,9,630.00,
508905,SMIFS CAPITA,X ,Q,35.00,35.00,35.00,35.00,35.00,34.80,1,400,14000.00,
508906,EVEREST INDS,B ,Q,364.00,365.00,357.75,359.90,360.50,358.90,947,17145,6180731.00,
508918,IRONWOOD    ,X ,Q,32.50,32.50,32.00,32.10,32.10,31.85,9,287,9249.00,
508922,MSR INDIA   ,XT,Q,12.10,12.10,10.99,11.50,11.50,11.56,56,6760,76701.00,
508929,JOYREALTY   ,XT,Q,9.47,9.47,9.47,9.47,9.47,9.47,4,478,4526.00,
508933,AYMSYNTEX   ,B ,Q,59.10,59.10,58.00,59.10,59.10,56.30,449,28582,1686745.00,
508941,PANASON CAR ,X ,Q,458.40,459.90,448.60,456.15,456.15,445.20,189,7837,3537931.00,
508954,FINKURVE    ,X ,Q,40.70,43.15,40.70,43.00,43.00,42.30,23,2128,90716.00,
508956,HB LEAS.PUB ,XT,Q,2.85,2.88,2.85,2.88,2.88,2.75,26,5916,16939.00,
508963,STERL.GUARA.,XT,Q,6.70,6.70,6.70,6.70,6.70,6.59,1,50,335.00,
508969,SULABH ENG. ,X ,Q,1.65,1.65,1.40,1.54,1.52,1.54,95,41684,64200.00,
508989,NAVNETEDUL  ,A ,Q,72.60,73.90,72.60,72.95,72.90,73.05,261,5523,404190.00,
508996,SATPROP LTD ,Z ,Q,0.95,0.96,0.94,0.96,0.96,0.94,22,23153,22001.00,
509009,AUSOM ENT   ,B ,Q,68.10,68.25,65.10,65.25,65.10,69.05,43,1222,81737.00,
509020,RUCHI INFRA.,T ,Q,7.18,7.25,6.69,7.25,7.25,6.91,367,163230,1167671.00,
509040,NETLINK SOLU,X ,Q,16.60,16.60,15.75,16.55,16.55,16.55,10,1341,21885.00,
509048,LANCOR HOLDS,X ,Q,5.84,5.84,5.52,5.60,5.60,5.68,19,464,2621.00,
509051,INDIAN INFO.,XT,Q,0.45,0.45,0.45,0.45,0.45,0.43,673,1585063,713278.00,
509053,BANAS FIN.  ,X ,Q,6.18,6.18,6.18,6.18,6.18,6.06,28,12747,78776.00,
509055,VISAKA IND. ,B ,Q,648.00,654.00,630.65,649.15,654.00,646.55,1408,16312,10521286.00,
509069,INFOMEDIA   ,B ,Q,3.95,4.04,3.80,3.98,3.98,3.90,44,13514,52913.00,
509073,HATHWAY BHAW,XT,Q,16.90,16.90,16.30,16.50,16.50,16.80,59,10017,165258.00,
509077,PRESSMN     ,B ,Q,25.90,25.90,25.35,25.55,25.60,25.40,289,10493,268106.00,
509079,GUFIC BIO SC,B ,Q,200.95,201.50,185.90,186.95,186.95,199.90,6022,215348,40785994.00,
509152,GRPLTD      ,B ,Q,1003.60,1134.00,978.00,1094.65,1112.10,992.30,164,836,911055.00,
509162,INDAG RUBBER,X ,Q,87.00,89.80,86.15,89.20,89.35,88.15,151,12380,1095261.00,
509196,M.M.RUBBER  ,X ,Q,62.00,66.20,62.00,66.20,66.20,63.05,11,956,61426.00,
509220,PTL LTD     ,B ,Q,42.60,42.85,42.00,42.15,42.15,42.40,282,25529,1087603.00,
509243,TVS SRICHAKR,A ,Q,1845.00,1926.75,1830.90,1874.15,1869.00,1823.85,893,3967,7493599.00,
509423,SEL         ,X ,Q,26.30,26.30,26.30,26.30,26.30,25.05,7,1565,41159.00,
509438,BENARES HOT ,XT,Q,1225.00,1225.00,1225.00,1225.00,1225.00,1224.00,4,96,117600.00,
509449,BHAGWATI OXY,XT,Q,30.35,30.35,30.35,30.35,30.35,29.80,5,475,14416.00,
509470,BOMOXY-B1   ,XT,Q,16381.00,16381.00,16381.00,16381.00,16381.00,16715.30,2,2,32762.00,
509472,CRAVATEX    ,X ,Q,270.00,285.00,267.05,272.00,284.00,275.05,10,1010,277627.00,
509480,BERGE PAINT ,A ,Q,774.00,783.85,765.00,780.85,780.85,768.70,3662,82176,63663158.00,
509486,CAPRIHANS   ,X ,Q,122.00,122.00,115.10,118.10,117.10,119.25,83,4861,578349.00,
509488,GRAPHITE IN.,A ,Q,760.00,762.70,743.00,747.45,747.00,741.20,4819,155189,116884666.00,
509496,ITDCEM      ,A ,Q,82.45,82.45,79.40,79.80,79.75,80.40,837,43652,3516035.00,
509525,EMPIRE IND. ,X ,Q,645.00,669.50,640.10,649.80,654.00,642.30,36,657,428631.00,
509546,GRAVISS HOSP,X ,Q,15.59,15.59,14.60,14.60,14.60,14.98,13,146,2246.00,
509557,GARFIBRES   ,A ,Q,2700.00,2866.00,2700.00,2767.30,2791.20,2720.00,408,2142,5972234.00,
509563,GARWA.MARINE,X ,Q,4.60,4.69,4.60,4.69,4.69,4.60,9,889,4155.00,
509567,GOA CARBON  ,B ,Q,316.00,328.65,313.00,325.35,328.65,313.00,246,3972,1269263.00,
509597,HARDCASTLE  ,X ,Q,209.00,216.90,209.00,214.60,210.00,215.55,5,87,18603.00,
509631,HEG LIMITED ,A ,Q,2232.00,2273.95,2227.70,2237.90,2233.00,2223.10,1269,23149,51983696.00,
509635,HIND.COMPOSI,B ,Q,289.00,295.00,285.00,288.70,294.00,288.10,120,1085,315397.00,
509675,HIL         ,A ,Q,4270.00,4336.60,4127.00,4146.20,4135.00,4157.90,969,3573,15142972.00,
509692,IND.CARD    ,B ,Q,161.30,161.50,154.00,155.90,155.90,159.00,210,7760,1207208.00,
509709,INT.CONVEYOR,X ,Q,47.00,47.00,44.05,44.85,44.95,45.05,58,15317,684193.00,
509715,JAYSHRE TEA ,B ,Q,103.50,104.85,98.60,99.35,99.35,99.55,1991,164651,16674683.00,
509820,HUHTAMAKI   ,A ,Q,266.20,266.50,262.25,264.45,265.60,263.75,549,8133,2153286.00,
509835,PREMIER SYN.,X ,Q,16.00,16.00,15.65,15.65,15.65,15.95,6,629,9931.00,
509874,SHALIMAR PAI,B ,Q,95.00,95.50,92.00,92.55,92.55,94.70,1025,31460,2944940.00,
509895,HIND MILLS  ,X ,Q,251.60,261.00,251.60,253.00,253.00,251.10,9,237,60231.00,
509930,SUPREM IND  ,A ,Q,2215.00,2275.55,2185.05,2266.05,2266.05,2160.65,3349,19957,44701064.00,
509945,THACKER     ,XT,Q,183.25,183.25,177.00,177.00,177.00,185.25,9,343,61016.00,
509966,VST INDUS.  ,A ,Q,3249.45,3266.20,3205.45,3222.40,3255.00,3245.35,231,633,2052873.00,
510245,SWASTI VINAY,X ,Q,6.57,6.84,6.27,6.27,6.27,6.60,384,221662,1391923.00,
511000,MADHUS.SEC  ,XT,Q,1.03,1.03,1.03,1.03,1.03,0.99,1,50,51.00,
511012,YAMINI INVES,XT,Q,0.40,0.40,0.40,0.40,0.40,0.39,37,49947,19978.00,
511016,PREMIER CAP.,XT,Q,54.25,54.25,54.25,54.25,54.25,52.25,1,10,542.00,
511034,JINDAL DRILL,B ,Q,108.00,116.05,108.00,114.80,114.80,110.15,542,25776,2925299.00,
511066,SAKTHI FIN. ,X ,Q,16.05,16.50,16.00,16.01,16.01,16.01,45,10644,172054.00,
511072,DEWAN H.FIN.,B ,Q,15.05,15.30,15.00,15.10,15.15,15.15,524,108605,1640751.00,
511076,SAT IND LTD ,X ,Q,19.30,19.90,18.00,18.50,18.50,19.30,37,5548,105121.00,
511108,SHIVA TEXYAM,B ,Q,208.70,208.70,184.15,186.15,185.75,204.70,194,5867,1138293.00,
511110,V.B.DESAI   ,X ,Q,4.09,4.09,4.09,4.09,4.09,3.90,1,1000,4090.00,
511116,QUADRANT    ,XT,Q,0.31,0.31,0.31,0.31,0.31,0.32,51,261198,80971.00,
511131,KAMAN HSG   ,X ,Q,5.10,5.63,5.10,5.51,5.51,5.28,10,3799,20145.00,
511144,ASYAINFO    ,X ,Q,4.07,4.09,3.88,4.00,4.00,4.07,39,2199,8805.00,
511147,WALL ST.FIN.,X ,Q,21.45,21.45,19.60,20.70,20.70,20.50,54,6572,136621.00,
511153,ANJANIFOODS ,XT,Q,215.00,223.35,215.00,223.00,223.00,212.75,60,7762,1721938.00,
511176,PARSHWANA   ,X ,Q,26.55,26.55,26.55,26.55,26.55,27.05,3,75,1991.00,
511187,MILLENNIUM  ,X ,Q,1.02,1.02,1.02,1.02,1.02,1.02,3,100,102.00,
511196,CANFIN HOMES,A ,Q,510.00,528.50,510.00,526.65,526.65,511.95,2983,65930,34206403.00,
511208,IL & FS INVE,B ,Q,6.68,6.74,6.06,6.32,6.32,6.45,259,127250,817824.00,
511218,SHRIRAM TRAN,A ,Q,1413.00,1465.00,1404.70,1450.55,1446.10,1389.00,3985,112291,161540255.00,
511243,CHOLAFIN    ,A ,Q,545.00,561.05,540.90,546.40,546.40,543.00,4872,202576,111895583.00,
511333,VLS FINANCE ,B ,Q,100.00,100.00,97.00,97.50,98.05,99.10,288,5286,518577.00,
511355,IND CEM CAP ,X ,Q,7.04,7.39,6.69,7.35,7.35,7.04,32,3198,22444.00,
511359,AD-MANUM FIN,X ,Q,18.95,18.95,18.50,18.95,18.95,18.05,9,1302,24672.00,
511377,MEHTA I.FIN ,XT,Q,6.48,6.48,6.24,6.45,6.48,6.36,11,1501,9612.00,
511389,VIDEOCON IND,Z ,Q,4.60,4.60,4.38,4.41,4.41,4.51,422,189378,841016.00,
511391,INTER GLOB F,X ,Q,10.52,10.52,9.70,9.70,9.70,10.02,7,1585,16647.00,
511401,MCLTD       ,X ,Q,2.52,2.52,2.52,2.52,2.52,2.52,2,150,378.00,
511411,SHRISTINFRA ,X ,Q,63.00,63.00,63.00,63.00,63.00,60.00,3,66,4158.00,
511413,CREST       ,B ,Q,88.40,94.00,85.60,89.60,91.60,87.15,139,3824,341901.00,
511431,VAKRANGEE   ,A ,Q,50.95,51.45,50.20,50.80,50.80,50.55,1157,149348,7601710.00,
511441,GUJ.CREDIT  ,XT,Q,5.12,5.12,5.00,5.00,5.00,4.88,3,141,717.00,
511451,DHARANI FIN.,X ,Q,5.10,5.10,5.10,5.10,5.10,5.10,2,89,453.00,
511463,ALEXANDER   ,X ,Q,14.65,15.40,14.05,15.00,15.10,14.65,83,9621,140758.00,
511473,IND.BANK MER,B ,Q,15.23,16.61,15.15,15.47,15.47,14.68,414,86272,1382058.00,
511501,BHARAT BHUSH,X ,Q,20.95,20.95,17.75,19.70,19.70,19.45,57,8593,169333.00,
511505,CAPITAL TRUS,B ,Q,88.85,90.00,88.00,89.00,89.00,88.00,34,562,49943.00,
511507,USHAKIRAN FI,XT,Q,3.68,3.70,3.68,3.70,3.70,3.76,6,12,44.00,
511509,VIVO BIO TEC,X ,Q,65.15,67.80,63.60,67.20,67.65,65.45,141,14747,970925.00,
511523,VEERHEALTH  ,X ,Q,9.36,9.36,9.05,9.05,9.05,8.61,9,2593,24209.00,
511525,PAN INDIA C ,XT,Q,0.37,0.37,0.36,0.37,0.37,0.36,42,55252,20417.00,
511533,SAHARA HOUSG,X ,Q,37.50,37.60,32.65,35.75,34.70,34.75,29,1108,40221.00,
511543,GSB FINANCE ,XT,Q,13.65,13.65,12.35,13.65,13.65,13.00,9,140,1846.00,
511549,MORARKA FIN.,X ,Q,51.50,51.50,47.60,48.70,48.70,49.45,62,1114,54631.00,
511551,MONARCH     ,X ,Q,61.65,66.70,61.65,64.50,65.00,63.55,74,19245,1252224.00,
511557,PRO FIN CAP.,X ,Q,30.00,34.00,30.00,33.80,34.00,33.05,30,1838,60226.00,
511559,TIMES GUARAN,B ,Q,45.00,46.10,44.20,45.30,45.30,46.35,36,5269,236500.00,
511571,SOMDATT FIN ,X ,Q,18.00,18.00,16.30,16.80,17.90,17.15,13,1443,23801.00,
511585,REGENCY TRUS,X ,Q,1.79,1.83,1.79,1.83,1.83,1.81,5,5020,8986.00,
511589,AVONMORE    ,X ,Q,26.55,27.50,23.10,24.60,24.60,25.60,447,118897,2942109.00,
511597,PALSOFT INFO,XT,Q,3.28,3.28,3.13,3.27,3.27,3.13,15,2585,8447.00,
511601,YASH MANAGE.,X ,Q,11.05,11.05,10.05,10.14,10.14,10.74,34,3737,38513.00,
511605,ARIHANT CAP.,X ,Q,84.00,85.00,82.20,84.45,84.85,82.85,142,17326,1456525.00,
511609,ISL CONSULT ,X ,Q,11.77,11.77,11.77,11.77,11.77,11.21,8,117,1377.00,
511611,DCM FINANCIA,B ,Q,1.91,1.91,1.90,1.90,1.90,1.87,3,570,1083.00,
511628,IMCAP       ,X ,Q,58.55,58.55,58.55,58.55,58.55,55.80,3,396,23185.00,
511630,SAMBHAAV MED,B ,Q,3.04,3.04,2.77,2.79,2.80,2.91,136,57729,167946.00,
511654,SUGAL DAM   ,X ,Q,9.71,9.71,9.70,9.70,9.70,9.25,7,553,5366.00,
511658,NETTLINX LTD,X ,Q,63.00,63.00,59.50,60.30,60.30,60.00,31,9688,582161.00,
511672,SCANSTL     ,XT,Q,28.50,28.55,28.50,28.50,28.50,29.05,16,1916,54608.00,
511676,GIC HOUSING ,A ,Q,123.05,126.95,123.05,124.35,124.35,123.15,382,18327,2295244.00,
511688,MATHEW EASOW,X ,Q,8.82,8.82,8.82,8.82,8.82,8.82,2,375,3307.00,
511692,AJCON GLOBAL,X ,Q,20.00,20.00,20.00,20.00,20.00,21.00,1,50,1000.00,
511696,CHARTERED CA,X ,Q,70.55,70.55,63.85,70.55,70.55,67.20,6,26,1827.00,
511710,CUBICAL FIN.,X ,Q,1.39,1.39,1.20,1.26,1.26,1.33,295,176550,217456.00,
511714,NIMBSPROJ   ,XT,Q,37.00,38.85,35.75,38.80,38.85,37.00,21,1105,41097.00,
511716,ESCORT FINAN,X ,Q,5.01,5.02,4.89,4.90,4.90,4.79,64,40297,199996.00,
511724,BAID LEASING,X ,Q,26.60,28.15,26.60,26.75,26.70,28.25,15,513,13922.00,
511726,VIPUL LTD   ,B ,Q,27.30,27.30,27.30,27.30,27.30,26.00,7,1010,27573.00,
511728,KZ LEAS FIN.,X ,Q,9.41,9.51,9.41,9.43,9.43,9.83,8,9188,86749.00,
511738,MEHTA SECUR.,XT,Q,11.43,11.43,11.43,11.43,11.43,10.89,1,1908,21808.00,
511742,UGROCAP     ,X ,Q,103.65,104.90,85.30,102.85,102.50,102.65,270,40978,4086134.00,
511754,SHALIB.FINAN,X ,Q,56.00,56.00,52.00,52.00,52.00,54.70,17,940,49340.00,
511756,ABIRAMI FIN.,Z ,Q,3.90,3.90,3.90,3.90,3.90,3.90,2,105,409.00,
511758,MANSI FINANC,XT,Q,30.65,30.65,30.65,30.65,30.65,30.80,1,1,30.00,
511764,UPASANA FIN.,X ,Q,14.70,14.70,13.01,14.26,14.10,14.03,35,578,8265.00,
511766,MUTHOOT CAP ,B ,Q,375.00,378.45,373.55,375.10,375.10,371.95,52,738,277794.00,
511768,MASTER TRUST,X ,Q,45.85,45.90,44.15,45.90,45.90,45.00,40,3989,177757.00,
512018,CNI RES LTD ,X ,Q,1.46,1.53,1.41,1.52,1.42,1.46,21,9297,14062.00,
512020,SARASW.COMM.,XT,Q,1906.00,1906.60,1906.00,1906.60,1906.60,1869.25,12,79,150620.00,
512047,ROYAL IND   ,X ,Q,0.82,0.82,0.82,0.82,0.82,0.79,19,905,742.00,
512048,LUHARUKA    ,X ,Q,0.52,0.52,0.52,0.52,0.52,0.51,2,91,47.00,
512064,VISVEN      ,XT,Q,94.70,94.70,85.75,89.90,89.90,90.25,19,363,32370.00,
512068,DECCANGOLD  ,X ,Q,30.65,30.65,27.75,29.55,29.90,29.20,1390,916390,27673962.00,
512070,UPL         ,A ,Q,777.95,779.40,759.20,769.10,769.10,770.55,8883,350107,268912485.00,
512093,CRANES SOFTW,X ,Q,1.91,1.91,1.91,1.91,1.91,1.88,53,81946,156516.00,
512109,AVIVA INDS  ,X ,Q,11.00,11.00,11.00,11.00,11.00,11.00,2,20,220.00,
512131,SIGNET IND  ,B ,Q,35.10,38.55,35.10,37.30,37.25,37.75,270,11398,431421.00,
512161,SECURKLOUD  ,B ,Q,83.35,84.10,81.90,82.95,82.95,82.05,44,1448,119848.00,
512165,ABANSENT    ,X ,Q,105.00,112.45,105.00,108.00,108.00,105.00,30,660,71384.00,
512169,CAPRICORN   ,XT,Q,6.84,6.84,6.84,6.84,6.84,7.20,10,3709,25369.00,
512175,VAMA INDS   ,X ,Q,10.08,10.08,8.30,9.00,9.00,8.97,247,31328,284704.00,
512179,SUNTECK REAL,A ,Q,256.20,258.65,252.10,253.50,253.50,256.05,889,40021,10167787.00,
512197,SILVEROAK   ,Z ,Q,3.16,3.16,3.16,3.16,3.16,3.32,3,36,113.00,
512217,PRISM MEDI  ,X ,Q,11.15,11.15,11.15,11.15,11.15,10.94,4,2021,22534.00,
512229,VERITAS     ,XT,Q,68.90,69.05,67.00,67.80,69.05,67.70,124,20871,1425603.00,
512237,JAI CORP LTD,A ,Q,93.00,96.20,92.50,94.10,94.10,92.45,1703,180218,17045228.00,
512247,ASHIRWAD CAP,X ,Q,3.95,3.95,3.82,3.84,3.84,3.90,150,25298,97370.00,
512257,SVARTCORP   ,X ,Q,3.33,3.33,3.10,3.18,3.16,3.15,67,31628,99158.00,
512267,MEDIA MATRIX,X ,Q,5.20,5.24,4.91,5.01,5.00,4.93,208,103379,526615.00,
512279,NNTL        ,Z ,Q,5.66,5.66,5.66,5.66,5.66,5.95,1,1,5.00,
512296,BHAGYA INL  ,B ,Q,50.20,55.00,50.20,54.95,54.30,52.40,227,28509,1555299.00,
512301,CHAMBAL BREW,X ,Q,1.73,1.73,1.73,1.73,1.73,1.65,11,8445,14609.00,
512329,KRL         ,XT,Q,125.00,125.00,124.00,124.00,124.00,124.00,2,52,6450.00,
512344,ARAVALI SEC.,X ,Q,1.83,1.83,1.83,1.83,1.83,1.75,1,1,1.00,
512359,SWORDEDGE   ,X ,Q,8.00,8.00,8.00,8.00,8.00,8.00,2,28,224.00,
512379,CRESSANDA SO,XT,Q,0.42,0.42,0.42,0.42,0.42,0.40,21,12079,5073.00,
512381,STARTECK    ,X ,Q,70.00,71.00,69.00,70.00,70.00,71.20,142,12019,839444.00,
512393,SHARDUL SECU,X ,Q,52.50,52.50,52.50,52.50,52.50,50.70,4,2300,120750.00,
512399,KAPASHI COMM,X ,Q,37.95,37.95,37.95,37.95,37.95,38.70,1,10,379.00,
512425,NIRAV COMMER,X ,Q,276.00,276.00,275.05,275.10,275.05,289.50,6,110,30264.00,
512437,APOLLO FIN I,X ,Q,367.00,390.20,365.00,386.90,390.00,367.10,120,3878,1489019.00,
512441,ENBEE TRADG.,XT,Q,43.50,43.50,43.50,43.50,43.50,43.50,1,8,348.00,
512453,SHRI JAGDAMB,X ,Q,586.00,597.00,575.10,584.20,589.00,574.50,154,1712,1008612.00,
512455,LLOYDS MET E,X ,Q,20.95,20.95,20.95,20.95,20.95,20.55,65,30936,648109.00,
512463,SHREE GLOBAL,X ,Q,4.65,4.79,4.65,4.77,4.77,4.70,201,159030,757278.00,
512477,BETEX INDIA ,X ,Q,53.65,54.70,53.65,54.70,54.70,53.65,11,357,19474.00,
512481,POLYTEX(P)  ,Z ,Q,1.12,1.12,1.12,1.12,1.12,1.10,2,2,2.00,
512493,GARNET INTL ,XT,Q,31.55,31.55,30.90,30.90,30.90,30.55,4,4,125.00,
512499,SHALIMAR PRO,X ,Q,0.49,0.49,0.49,0.49,0.49,0.49,75,45200,22148.00,
512519,DONEAR IND. ,B ,Q,36.85,37.35,35.60,36.20,36.40,36.45,243,16053,589201.00,
512527,SUPER SAL IN,X ,Q,601.20,630.00,601.20,611.10,610.00,620.00,20,226,139083.00,
512529,SEQUENT     ,A ,Q,269.05,281.90,269.05,276.35,274.95,268.30,2855,112482,31125414.00,
512531,STC INDIA   ,B ,Q,93.35,94.20,90.80,90.90,90.90,91.50,137,4101,377848.00,
512553,ZENITH EXP. ,B ,Q,64.10,68.00,64.05,67.00,67.00,68.50,14,890,57285.00,
512573,AVANTI FEEDS,A ,Q,548.00,548.00,529.30,544.35,544.00,541.65,1922,60619,32861577.00,
512587,ZODIAC JRD  ,B ,Q,27.15,28.00,26.65,27.45,27.45,26.85,32,743,20236.00,
512589,SITA ENTER. ,X ,Q,10.12,10.62,10.12,10.16,10.16,10.12,16,1809,18363.00,
512597,KEYFINSER   ,B ,Q,53.30,53.30,53.30,53.30,53.30,55.00,1,1,53.00,
512599,ADANI ENTER ,A ,Q,1318.00,1345.10,1301.80,1328.95,1328.95,1289.45,14985,465887,611498381.00,
512604,HARIA EXPORT,X ,Q,1.66,1.66,1.66,1.66,1.66,1.59,9,2654,4405.00,
512608,BHANDARI HOS,B ,Q,2.64,2.80,2.57,2.58,2.57,2.70,100,129345,341922.00,
512618,RLF LIMITED.,XT,Q,4.10,4.10,3.95,4.10,4.10,4.15,6,735,2953.00,
512626,ORBIT EXPORT,B ,Q,65.55,70.00,64.25,69.35,69.00,62.50,156,9606,654290.00,
512634,SAVERA IND  ,X ,Q,45.85,45.85,40.35,44.50,44.50,44.60,26,240,10535.00,
513005,VBC FERRO   ,XT,Q,22.29,22.29,22.29,22.29,22.29,21.23,6,2411,53741.00,
513010,TATASTLLP   ,A ,Q,997.00,1029.35,983.40,989.00,989.00,987.65,1437,20863,20847103.00,
513023,NAV BHAR VEN,A ,Q,98.85,98.85,95.75,96.65,96.45,96.80,728,36583,3547484.00,
513043,REMI EDEL   ,X ,Q,20.75,21.00,20.00,21.00,21.00,19.45,8,279,5803.00,
513059,G.S.AUTO INT,X ,Q,4.75,4.79,4.53,4.68,4.63,4.57,53,6099,28825.00,
513063,TRANSFREIGHT,XT,Q,10.10,10.40,9.60,10.40,10.40,10.10,16,2834,28442.00,
513097,SHIV.BIMETAL,X ,Q,97.95,102.00,95.15,99.95,101.00,96.05,1205,158242,15796812.00,
513108,GANDHI SP.TU,B ,Q,308.90,312.00,295.00,306.05,306.40,301.95,125,1287,394808.00,
513117,AMFORGE IND.,X ,Q,1.76,1.82,1.66,1.80,1.80,1.74,14,6674,11279.00,
513121,ORICON ENT  ,B ,Q,23.30,23.85,22.75,22.95,23.20,23.70,66,12467,290665.00,
513149,ACROW INDIA ,X ,Q,150.00,150.00,129.60,135.05,135.05,136.95,21,442,62606.00,
513173,STL STR INF ,X ,Q,4.91,5.36,4.91,5.36,5.36,5.11,9,860,4537.00,
513216,UTTAM GALVA ,B ,Q,9.00,9.26,8.47,8.72,8.51,8.91,885,311474,2785897.00,
513228,PENNAR STEEL,B ,Q,21.35,21.45,20.55,20.65,20.65,21.00,481,124200,2584191.00,
513250,JYOTI STRUCT,Z ,Q,4.70,5.00,4.67,4.91,5.00,4.88,11,6900,33290.00,
513252,JAY USHIN   ,X ,Q,428.00,448.00,428.00,440.00,440.00,443.00,5,75,33260.00,
513262,ST.STR.WHEEL,B ,Q,737.85,755.00,736.00,749.70,749.00,729.95,858,6210,4655291.00,
513269,MAN IND.(I) ,B ,Q,102.00,102.60,99.50,100.50,102.00,102.00,517,27805,2812225.00,
513295,IMEC        ,X ,Q,1.35,1.35,1.35,1.35,1.35,1.29,4,1920,2592.00,
513303,MODERN STEEL,X ,Q,4.02,4.19,4.02,4.08,4.08,4.00,6,10800,44056.00,
513305,TERRASCOPE  ,X ,Q,1.44,1.44,1.44,1.44,1.44,1.38,7,5916,8519.00,
513307,SYNTHIKO FOI,XT,Q,23.65,23.65,23.65,23.65,23.65,24.40,2,31,733.00,
513309,GOLKONDA    ,Z ,Q,19.15,19.15,19.15,19.15,19.15,18.80,33,4366,83608.00,
513335,METALFORGE  ,Z ,Q,6.60,6.64,6.60,6.64,6.64,6.33,37,11738,77842.00,
513343,GRAND FOUND ,B ,Q,2.45,2.45,2.45,2.45,2.45,2.34,4,808,1979.00,
513349,AJMERA      ,B ,Q,125.00,125.75,123.20,123.35,123.35,124.15,170,8856,1099027.00,
513353,COCHIN MIN. ,X ,Q,127.90,127.90,124.55,125.35,125.35,125.90,123,15094,1901808.00,
513361,ISW LTD     ,X ,Q,1.23,1.23,1.18,1.23,1.23,1.18,261,703967,860950.00,
513369,RAJKUMAR FRG,X ,Q,44.70,47.00,44.70,45.45,45.15,44.60,25,727,33078.00,
513375,CARBORUNDUM ,A ,Q,571.00,612.00,571.00,608.75,609.00,577.35,2219,40261,24290034.00,
513377,MINERAL&METL,A ,Q,56.15,58.10,54.55,54.90,54.90,55.40,5567,1757676,99402612.00,
513397,VALLABH STEL,X ,Q,9.75,9.75,9.27,9.31,9.27,9.75,43,9454,90803.00,
513401,ASHIANA ISP.,X ,Q,19.00,19.45,18.00,18.85,18.25,18.60,17,1290,24013.00,
513414,SMPL        ,Z ,Q,0.24,0.24,0.24,0.24,0.24,0.23,3,4000,960.00,
513418,SMFIL       ,X ,Q,0.81,0.81,0.80,0.81,0.81,0.80,21,9498,7646.00,
513430,MAITRI      ,XT,Q,8.16,8.16,8.16,8.16,8.16,7.78,7,1778,14508.00,
513434,TATA METALIK,A ,Q,1170.00,1182.65,1092.00,1098.15,1098.15,1144.25,4200,116400,133524563.00,
513446,JSWISPL     ,B ,Q,57.05,61.45,56.40,59.20,59.20,58.55,3009,1135908,68026025.00,
513452,ELANGO INDUS,XT,Q,4.33,4.33,4.33,4.33,4.33,4.13,9,626,2710.00,
513456,KANISHK ST. ,XT,Q,14.58,14.58,13.25,13.95,13.95,13.89,36,4500,62742.00,
513460,MAHALAXMI SM,Z ,Q,3.87,3.87,3.51,3.87,3.87,3.69,6,3505,13384.00,
513472,SIMPLEX CAST,X ,Q,14.47,15.49,14.47,14.95,15.00,14.25,89,25488,384454.00,
513488,SH.STEEL WIR,X ,Q,26.00,28.70,24.50,27.95,27.95,24.00,192,23170,636724.00,
513498,SOUTH.MAGNES,XT,Q,17.01,17.01,16.80,16.80,16.80,16.20,7,159,2671.00,
513502,BARODA EXTR.,X ,Q,0.80,0.80,0.80,0.80,0.80,0.79,37,36889,29511.00,
513509,KALYANI FORG,T ,Q,186.00,204.75,186.00,196.30,196.30,195.00,13,432,85021.00,
513511,PANCH.STEEL ,X ,Q,60.95,61.45,59.70,61.45,61.45,58.55,90,41525,2519886.00,
513513,ADITYA ISPAT,X ,Q,8.64,8.64,8.64,8.64,8.64,8.23,20,5958,51477.00,
513515,S.R.INDUS.  ,XT,Q,3.45,3.45,3.14,3.15,3.14,3.30,16,2083,6819.00,
513517,STEELCAST   ,X ,Q,131.35,142.60,131.35,137.85,137.70,136.95,24,687,94872.00,
513519,PITTIENG    ,B ,Q,69.10,69.55,67.40,68.15,68.15,68.55,701,112465,7695943.00,
513528,GLITTEK GRAN,X ,Q,1.65,1.65,1.65,1.65,1.65,1.58,4,2300,3795.00,
513532,PRADEEP MET.,X ,Q,42.70,43.85,40.30,42.60,42.60,41.45,49,15998,690958.00,
513536,GNRL        ,X ,Q,13.53,13.99,13.50,13.86,13.86,13.73,56,3323,45507.00,
513548,SHARDA ISPAT,XT,Q,80.90,80.90,74.25,80.90,80.90,77.05,91,3486,274351.00,
513554,MAHA STEEL  ,B ,Q,92.15,93.00,90.00,90.70,90.70,91.40,159,5942,543943.00,
513558,REAL STRIPS ,X ,Q,6.16,6.16,6.15,6.15,6.15,6.47,13,9795,60285.00,
513566,NOVA IRON&ST,XT,Q,15.65,15.65,15.05,15.65,15.65,15.35,58,11742,182711.00,
513599,HIND.COPPER ,A ,Q,174.95,186.50,174.00,178.80,178.80,170.15,5636,512947,93027191.00,
513605,SRIPIPES    ,A ,Q,190.00,194.95,190.00,192.55,192.05,189.25,644,12594,2430326.00,
513642,AXEL POLYMER,XT,Q,14.00,14.00,14.00,14.00,14.00,13.96,1,136,1904.00,
513683,NLCINDIA    ,A ,Q,62.90,63.60,60.90,61.20,61.20,62.00,2146,346949,21421112.00,
513687,SPECTRA IND.,XT,Q,2.82,2.82,2.82,2.82,2.82,2.96,2,50,141.00,
513691,JMT AUTO LTD,B ,Q,2.85,2.90,2.75,2.77,2.76,2.84,92,57911,163288.00,
513693,KIC METALIKS,X ,Q,40.50,43.00,39.50,42.40,42.85,39.10,159,36788,1513526.00,
513699,SOLID STONE ,X ,Q,22.50,22.50,22.50,22.50,22.50,23.65,7,6162,138645.00,
513709,SHILP GRAVUR,X ,Q,133.40,133.40,118.65,127.90,127.90,129.55,752,63944,8024845.00,
513713,WHITEORG    ,X ,Q,4.75,5.00,4.71,4.77,4.77,4.75,166,49954,240449.00,
513729,ARO GRANITE ,B ,Q,47.05,52.50,45.00,50.45,50.45,46.65,355,23161,1179239.00,
514010,HIM.FIBRES  ,X ,Q,1.96,2.05,1.96,2.05,2.05,1.96,9,3112,6334.00,
514028,RAJKAMAL SYN,XT,Q,5.80,5.80,5.80,5.80,5.80,5.80,1,90,522.00,
514030,DEEPAK SPINN,X ,Q,121.95,127.50,121.00,125.05,125.00,118.55,352,35185,4391341.00,
514034,JBF IND.LTD ,T ,Q,18.60,18.60,18.00,18.60,18.60,17.75,163,466553,8677307.00,
514036,LOY.TEX MILL,X ,Q,636.00,699.00,636.00,675.85,674.00,619.40,473,14094,9571927.00,
514043,HIMAT.SEIDE ,A ,Q,179.10,182.80,171.25,173.30,173.30,179.75,1678,48327,8482401.00,
514045,BSL LTD.    ,B ,Q,47.85,48.05,46.15,48.00,48.00,46.40,969,12413,593206.00,
514087,PBM POLYTEX ,X ,Q,56.60,56.60,50.80,52.90,52.90,51.90,25,818,42589.00,
514113,ADHINATH TEX,XT,Q,2.79,2.88,2.79,2.87,2.87,2.93,4,63,180.00,
514138,SURYALATA SP,X ,Q,181.80,181.80,181.80,181.80,181.80,173.15,30,3267,593940.00,
514140,SURYAVA SPIN,X ,Q,8.34,8.34,8.05,8.34,8.34,8.18,15,4762,39704.00,
514142,TT LTD.     ,B ,Q,52.00,55.50,51.00,52.30,52.45,50.35,452,21755,1157941.00,
514162,WELSPUN (I) ,A ,Q,99.85,100.30,97.00,97.30,97.30,98.30,4879,446732,43880055.00,
514165,IND.ACRYLICS,X ,Q,12.58,13.19,12.58,12.94,12.94,12.58,314,154175,1990415.00,
514167,GANESH ECOSP,B ,Q,595.00,597.05,585.80,590.05,590.05,589.95,190,1454,863406.00,
514175,VARDHMAN POL,B ,Q,18.85,19.15,18.80,18.85,18.85,18.80,164,2248,42489.00,
514183,BLA ROS IND ,X ,Q,175.00,177.40,174.20,175.50,175.90,173.95,1291,58487,10274206.00,
514197,ST CORP     ,XT,Q,5.35,5.35,5.35,5.35,5.35,5.63,3,91,486.00,
514211,SUMEET INDUS,T ,Q,5.06,5.06,4.85,4.90,4.90,4.85,43,10801,53381.00,
514215,BINNY LTD.  ,X ,Q,133.95,133.95,124.65,125.10,125.10,131.20,121,9111,1154568.00,
514223,RAMGOPAL POL,XT,Q,1.83,1.86,1.83,1.86,1.86,1.86,6,3560,6619.00,
514234,SANGAM INDIA,T ,Q,96.10,99.95,96.05,98.90,99.95,96.45,56,3921,381943.00,
514240,KUSHIND     ,X ,Q,1.41,1.41,1.41,1.41,1.41,1.35,12,302,425.00,
514248,SREECHEM RES,P ,Q,19.25,19.25,19.25,19.25,19.25,18.90,2,200,3850.00,
514264,SEASONS TEXT,X ,Q,6.15,6.40,6.10,6.40,6.40,6.10,8,1728,10640.00,
514266,ZENITH FIBRE,X ,Q,39.00,39.00,36.90,37.30,37.30,38.70,10,623,23493.00,
514272,BHILWARA SP.,X ,Q,15.00,15.20,14.50,15.00,15.00,15.20,8,374,5593.00,
514274,AARVEE DENIM,T ,Q,24.35,24.35,23.40,23.95,24.15,23.50,9,3588,85791.00,
514280,SANRHEA TECH,XT,Q,12.43,12.43,11.25,11.25,11.25,11.84,2,500,6097.00,
514286,ASHIMA LTD. ,B ,Q,20.90,20.90,19.20,20.00,20.30,20.10,107,18057,359067.00,
514300,PIONEER EMB ,B ,Q,54.00,56.90,53.00,55.20,55.20,52.45,1569,92736,5111718.00,
514302,VIPPY SPIN. ,X ,Q,66.50,66.50,61.20,63.50,64.00,65.50,60,7364,464002.00,
514312,JAY HIND SYN,XT,Q,6.01,6.12,5.88,6.05,6.11,6.00,29,7868,46893.00,
514316,RAGHUVIR SYN,X ,Q,220.00,220.00,199.50,199.50,199.50,210.00,5,71,15107.00,
514322,KAMADGIRI   ,X ,Q,29.05,29.05,25.50,28.80,28.10,28.45,35,1548,43005.00,
514326,PATSPIN INDI,B ,Q,5.94,6.12,5.80,5.92,6.10,5.83,15,2341,14042.00,
514330,ONEGLOBAL   ,X ,Q,6.27,6.27,6.27,6.27,6.27,6.16,1,250,1567.00,
514332,NEOINFRA    ,X ,Q,13.50,14.00,13.50,14.00,14.00,14.00,4,520,7180.00,
514354,PREMIER POLY,B ,Q,44.75,48.70,44.00,47.85,48.00,42.35,289,15374,720715.00,
514358,EVERLON SYN.,X ,Q,11.05,11.15,11.00,11.00,11.00,11.50,5,821,9042.00,
514360,KRRAIL      ,X ,Q,13.77,14.75,13.77,14.02,14.69,14.19,26,1715,24496.00,
514378,YARN SYNDICA,X ,Q,1.90,1.90,1.90,1.90,1.90,1.90,1,1,1.00,
514394,AJIL        ,X ,Q,23.50,25.85,22.20,25.85,25.85,23.50,205,53251,1328160.00,
514400,GARWARE SYN.,X ,Q,11.10,11.10,11.10,11.10,11.10,11.24,5,203,2253.00,
514412,SARUPINDUS  ,X ,Q,15.50,15.50,15.50,15.50,15.50,15.45,1,300,4650.00,
514418,MANORG      ,X ,Q,719.95,724.50,689.50,704.25,704.25,701.65,990,28652,20107073.00,
514428,HINDU.ADHESI,X ,Q,120.00,127.00,120.00,125.75,127.00,119.75,40,5587,697618.00,
514442,SRI KPR IND ,X ,Q,16.25,16.25,14.50,15.03,15.50,15.25,15,1495,22583.00,
514448,JYOTI RESINS,X ,Q,614.95,620.00,600.00,607.30,607.30,612.55,268,4796,2910949.00,
514450,MAHA.RUBTECH,X ,Q,45.00,48.90,43.40,46.05,46.05,44.25,68,11174,517425.00,
514454,SOUTH.LATEX ,XT,Q,7.23,7.45,7.23,7.45,7.45,7.45,3,119,882.00,
514460,OSWAL YARNS ,XT,Q,4.90,5.13,4.66,5.13,5.13,4.90,10,239,1224.00,
514470,WIMSOME TEXT,B ,Q,37.10,39.70,37.05,38.55,39.40,39.00,64,11926,450830.00,
514484,THAMBI MOD. ,X ,Q,7.60,7.60,7.60,7.60,7.60,8.00,2,100,760.00,
515008,MOD.INSUL.  ,XT,Q,41.00,41.95,39.75,40.85,40.00,40.40,79,23306,953663.00,
515030,ASAHI IN.GLA,A ,Q,304.75,308.50,301.25,302.15,301.55,304.60,268,2508,764958.00,
515037,MURD.CERAM  ,B ,Q,22.10,22.20,21.50,21.75,21.75,21.60,257,16582,361006.00,
515043,SAINT-GOBAIN,X ,Q,73.00,73.40,71.00,71.15,71.15,72.45,808,119703,8640000.00,
515055,ANANTRAJ    ,B ,Q,52.00,52.00,49.10,50.20,50.15,49.80,292,26571,1337333.00,
515059,MADHUS.IND. ,X ,Q,13.35,13.40,12.95,13.35,13.40,13.28,12,2600,34605.00,
515085,RESTILE CER.,X ,Q,2.08,2.08,2.01,2.05,2.05,2.00,10,1832,3770.00,
515093,MADHAV MARB.,B ,Q,51.20,54.00,48.25,51.45,51.45,50.05,119,7524,385440.00,
515127,RAMASIGNS   ,X ,Q,2.27,2.27,2.27,2.27,2.27,2.27,1,4,9.00,
515145,HIND.NAT.GLS,B ,Q,33.40,36.10,33.40,34.35,34.10,35.15,118,16423,576558.00,
515147,HALDYN GLASS,XT,Q,41.10,42.95,40.65,40.95,41.00,41.70,1043,192543,7997317.00,
516003,DUROPLY     ,X ,Q,51.00,55.00,51.00,54.35,53.70,51.90,54,13127,708750.00,
516007,MANGALAM TIM,B ,Q,11.18,11.50,10.85,11.16,11.16,10.96,20,1196,13492.00,
516016,SHREYANS IND,B ,Q,91.25,94.00,89.70,91.15,91.15,92.25,356,7534,685953.00,
516020,AGIO PAPER  ,X ,Q,2.08,2.08,1.90,2.08,2.08,1.99,6,1197,2487.00,
516022,STAR PAPER  ,B ,Q,129.10,129.10,123.50,123.70,124.00,125.05,266,8270,1032803.00,
516030,YASHPAKKA   ,X ,Q,99.00,104.10,99.00,100.35,100.00,97.95,1034,301512,30780129.00,
516062,NAT.PLYWOOD ,Z ,Q,6.36,6.36,6.36,6.36,6.36,6.06,2,101,642.00,
516064,ARROWGREEN  ,B ,Q,103.00,107.80,97.60,107.80,107.80,102.70,904,13113,1327140.00,
516072,VISHNU CHEM ,B ,Q,329.10,345.55,329.10,345.55,345.55,329.10,300,7213,2475508.00,
516078,JUMBO BAG   ,Z ,Q,9.78,10.26,9.78,10.00,10.00,9.78,19,5080,51842.00,
516082,N.R.AGARWAL ,B ,Q,239.00,261.00,234.10,236.90,236.90,230.95,142,1174,280136.00,
516086,SH.RAJES.PAP,XT,Q,1.58,1.58,1.58,1.58,1.58,1.51,1,100,158.00,
516092,3PLAND      ,B ,Q,14.98,14.98,14.15,14.50,14.50,14.43,54,4505,65313.00,
516096,SANGAL PAPER,XT,Q,72.25,79.80,72.25,72.70,72.70,76.05,7,128,9283.00,
516098,VENTURA TEXL,X ,Q,5.01,5.01,5.01,5.01,5.01,5.11,2,250,1252.00,
516106,SH.KARTHIK P,X ,Q,1.90,1.93,1.90,1.93,1.93,1.90,3,1000,1927.00,
516108,S.I.PAPER   ,X ,Q,81.55,83.00,81.55,81.75,81.75,81.55,31,3082,254377.00,
516110,SCANDENT    ,X ,Q,17.50,18.00,17.10,18.00,18.00,18.00,16,2682,46220.00,
517015,VINDHYA TELE,A ,Q,927.00,1045.75,924.30,980.80,980.80,920.20,2408,20567,20450766.00,
517035,RUTTONSHA IN,X ,Q,51.00,52.80,49.40,52.75,52.75,51.00,11,690,35026.00,
517041,ADORWELDING ,B ,Q,409.65,417.95,400.05,411.15,414.00,407.05,192,2041,840983.00,
517044,INT.DATA MAN,XT,Q,6.09,6.09,5.90,6.09,6.09,6.09,6,920,5583.00,
517059,SALZER ELEC ,B ,Q,134.00,135.50,130.70,131.65,131.65,129.20,672,16544,2197021.00,
517063,JETINFOTRAN ,X ,Q,38.10,38.10,37.00,37.95,37.95,36.40,10,243,9233.00,
517096,APLAB LTD.  ,X ,Q,17.75,17.75,16.05,17.00,17.00,18.00,23,2936,49010.00,
517119,PCS TECH    ,X ,Q,7.48,7.48,6.12,6.78,6.77,6.80,93,30627,201731.00,
517146,USHA MART.LT,A ,Q,53.75,55.00,51.75,54.45,54.45,53.20,1352,232663,12508191.00,
517166,SPEL SEMICON,XT,Q,12.03,12.03,11.67,12.03,12.03,11.46,111,29234,351105.00,
517168,SUBROS LTD. ,A ,Q,307.20,318.00,304.95,308.80,309.80,302.70,401,2405,744513.00,
517174,HONEYWELL   ,A ,Q,43300.00,43300.00,42267.35,42438.15,42438.15,42437.05,72,92,3924415.00,
517206,LUMAX IND   ,B ,Q,1600.50,1621.60,1557.95,1592.60,1594.35,1573.15,105,323,511624.00,
517214,DIGISPICE   ,B ,Q,40.90,41.30,40.85,41.30,41.30,39.35,166,48135,1985700.00,
517230,PREM.AU.ELEC,Z ,Q,9.29,9.32,9.29,9.32,9.32,8.88,37,13560,126094.00,
517236,CALCOM VISIO,XT,Q,30.15,30.15,28.00,28.10,30.10,28.75,42,6558,197097.00,
517238,DYNAVISION  ,XT,Q,67.30,67.30,67.30,67.30,67.30,64.10,9,663,44619.00,
517246,BCC FUBA    ,XT,Q,13.32,13.32,12.80,12.80,12.80,13.06,56,17475,229424.00,
517258,PRECISION EL,XT,Q,36.75,36.75,35.70,35.70,35.70,35.15,2,18,660.00,
517264,FINELINE CI ,XT,Q,25.80,25.80,25.80,25.80,25.80,24.70,1,19,490.00,
517271,HBL P SYS   ,B ,Q,42.40,42.40,40.00,40.20,40.20,41.25,1069,99178,4039852.00,
517273,S&S POWER SW,B ,Q,20.00,21.25,19.40,21.00,21.00,20.30,13,2397,46765.00,
517300,GUJ.IND.POW.,A ,Q,83.25,85.00,82.65,84.40,84.20,82.30,551,39038,3273568.00,
517330,CMI LTD.    ,B ,Q,46.80,47.15,45.55,45.75,45.75,44.95,195,8214,381473.00,
517334,MOTHERSON SS,A ,Q,243.95,248.45,240.60,242.15,242.15,240.10,6472,623242,152440104.00,
517344,MINDTECK (I),B ,Q,53.50,53.50,50.20,51.95,51.80,50.90,131,1596,82381.00,
517354,HAVELLSINDIA,A ,Q,1038.00,1074.35,1020.10,1071.65,1071.65,1031.35,8002,211425,222150412.00,
517356,ACI INFOCOM ,X ,Q,0.35,0.35,0.35,0.35,0.35,0.35,31,30044,10515.00,
517370,INCAP LTD.  ,XT,Q,19.00,20.10,18.25,20.10,20.10,19.15,9,831,15335.00,
517372,GUJ.INTRUX  ,X ,Q,106.00,106.00,101.00,102.25,101.50,100.55,17,561,57559.00,
517380,IGARSHI MOT ,A ,Q,480.35,483.00,459.80,461.80,461.80,467.40,218,2791,1308379.00,
517385,SYMPHONY    ,A ,Q,1075.00,1089.80,1074.00,1077.70,1077.70,1074.70,1270,8937,9635542.00,
517393,VINTRON INF.,X ,Q,0.53,0.53,0.51,0.53,0.53,0.53,7,22325,11830.00,
517397,PAN ELECTR. ,XT,Q,10.98,10.98,10.98,10.98,10.98,10.46,4,502,5511.00,
517399,VXL INSTRUM.,XT,Q,4.80,4.80,4.80,4.80,4.80,4.79,1,197,945.00,
517415,LEE&NEE SOFT,XT,Q,2.35,2.37,2.15,2.29,2.35,2.26,52,10094,23068.00,
517417,PATEL AIRTEM,X ,Q,158.00,158.00,151.25,154.85,155.00,154.60,160,8607,1325586.00,
517421,BFLYGANDHI  ,B ,Q,665.00,665.00,635.00,648.95,645.30,636.50,884,7230,4658237.00,
517429,ATHENAGLO   ,XT,Q,40.10,44.25,40.10,44.25,44.25,42.15,7,292,12889.00,
517437,DUTRON POLY.,XT,Q,158.95,158.95,158.95,158.95,158.95,151.95,1,1,158.00,
517447,R.S.SOFTWARE,B ,Q,29.50,30.05,28.35,28.75,28.70,29.25,326,16587,486983.00,
517449,MAGNA ELECTR,X ,Q,154.70,159.95,153.00,155.80,155.00,152.85,59,7348,1139903.00,
517477,ELNET TECH. ,X ,Q,144.50,144.50,140.30,141.10,141.10,142.70,37,1460,206499.00,
517494,ACCEL       ,X ,Q,14.10,14.29,13.51,13.73,13.51,13.97,76,14317,198121.00,
517498,WEBELSOLAR  ,B ,Q,42.00,44.85,42.00,43.70,43.55,42.05,475,38303,1679764.00,
517500,ROTO PUMPS  ,X ,Q,200.05,204.00,197.05,200.55,201.75,201.75,472,23143,4647237.00,
517506,TTK PRESTIGE,A ,Q,7092.05,7128.85,7050.00,7092.55,7086.95,6964.85,214,526,3732117.00,
517514,DHINDIA     ,X ,Q,17.55,18.50,17.55,17.75,17.75,17.40,14,1684,30261.00,
517522,RAJ GLO WIR ,B ,Q,1054.30,1060.50,1004.35,1031.65,1024.30,1040.15,301,2045,2107056.00,
517530,SURANATP    ,B ,Q,4.56,4.56,4.31,4.41,4.46,4.43,49,29033,128266.00,
517536,ONWARD TECHN,B ,Q,126.00,128.00,117.30,119.75,120.70,125.20,610,21378,2623508.00,
517544,CENTUM ELEC ,B ,Q,394.00,402.95,393.90,397.15,397.40,390.70,172,5699,2263652.00,
517546,ALFA TRANSFO,X ,Q,14.59,14.60,13.45,13.62,13.99,14.00,26,4263,59814.00,
517548,STARLITE COM,Z ,Q,3.10,3.25,2.95,3.01,2.95,3.10,22,5786,17674.00,
517554,NHCFOODS    ,X ,Q,7.10,7.49,7.00,7.15,7.15,7.19,14,9967,69939.00,
517562,TRIGYN TECH ,B ,Q,88.45,88.45,86.00,86.35,87.00,86.40,287,14873,1293495.00,
517569,KEI INDUST. ,A ,Q,534.00,615.30,530.85,602.20,602.20,527.60,10782,189214,109902123.00,
517571,IMPPOWERS   ,B ,Q,15.25,16.35,15.25,15.40,15.40,15.50,30,3832,59836.00,
518011,KEERTHI     ,XT,Q,123.50,123.50,123.50,123.50,123.50,117.65,34,5071,626268.00,
518029,GUJ.SIDH.CEM,B ,Q,38.75,40.00,38.05,39.35,39.35,38.20,737,79604,3097735.00,
518075,SURAJ PRODUC,Z ,Q,40.75,44.75,40.75,44.65,44.65,42.75,25,7824,321887.00,
518091,ANJANI PORTL,B ,Q,244.30,252.50,230.00,236.65,236.65,237.80,4259,86256,21044850.00,
519003,MODINATURAL ,X ,Q,121.15,121.15,113.00,113.55,114.80,110.15,126,17924,2050680.00,
519031,SHAH FOOD(P),X ,Q,19.00,19.00,19.00,19.00,19.00,20.00,1,15,285.00,
519064,KHANDEL. EXT,XT,Q,8.17,8.17,8.17,8.17,8.17,8.60,5,2540,20751.00,
519091,TASTY BITE  ,A ,Q,15598.10,15818.80,15521.00,15754.00,15775.00,15454.45,125,179,2807177.00,
519097,RITESH INTER,X ,Q,38.30,38.45,36.70,36.75,37.00,37.90,127,5568,207640.00,
519105,AVT NATURAL ,B ,Q,55.60,55.65,54.45,54.50,54.55,54.50,311,10597,583322.00,
519126,HIND.FOODS  ,B ,Q,2165.00,2166.00,2100.00,2135.05,2152.90,2146.50,383,1774,3800006.00,
519136,NAHAR INDUST,B ,Q,59.85,59.85,58.00,58.55,58.45,57.00,213,9365,553976.00,
519152,VADILAL ENT ,XT,Q,1817.90,1817.90,1817.90,1817.90,1817.90,1738.00,1,2,3635.00,
519156,VADILAL IND ,B ,Q,1035.65,1035.65,987.95,1003.35,1008.00,996.80,180,11133,11070632.00,
519174,ASHIANA AGRO,XT,Q,5.12,5.12,5.12,5.12,5.12,5.02,2,103,527.00,
519183,ADF FOODS LT,A ,Q,953.95,963.60,927.30,934.30,938.00,949.05,156,685,652000.00,
519191,RGRL        ,X ,Q,24.75,29.00,22.25,25.35,25.35,25.25,84,17135,433441.00,
519216,AJANTA SOYA ,X ,Q,119.25,127.00,118.80,121.30,121.30,120.10,357,30107,3670292.00,
519224,WILLIAM.MAGO,B ,Q,17.70,17.70,17.60,17.70,17.70,17.45,8,529,9352.00,
519230,RICHIRICH   ,X ,Q,2.63,2.63,2.63,2.63,2.63,2.73,3,500,1315.00,
519234,SIEL        ,XT,Q,21.80,21.80,21.80,21.80,21.80,21.80,1,10,218.00,
519242,SARDA PROT. ,XT,Q,27.40,27.40,27.40,27.40,27.40,26.10,1,200,5480.00,
519260,SANWARIA    ,Z ,Q,0.70,0.70,0.65,0.66,0.66,0.67,320,1084517,718504.00,
519262,PRIMA AGRO L,XT,Q,22.00,22.00,21.20,22.00,22.00,22.30,19,3266,71169.00,
519279,MADHUR IND  ,XT,Q,4.08,4.08,4.08,4.08,4.08,4.29,1,250,1020.00,
519285,TARAI FOODS ,XT,Q,4.68,4.68,4.28,4.49,4.49,4.49,21,1260,5842.00,
519287,MODERN DAIRI,X ,Q,9.23,9.23,8.67,8.81,8.95,8.97,118,22072,194884.00,
519295,BAMBINO AGRO,X ,Q,205.95,205.95,195.20,202.90,202.90,197.70,66,2042,413133.00,
519299,PRIME INDS. ,Z ,Q,8.42,8.42,8.30,8.42,8.42,8.26,11,4682,39253.00,
519307,VIKAS WSP   ,B ,Q,5.79,5.99,5.62,5.72,5.72,5.83,512,452077,2603986.00,
519319,JATALIA     ,XT,Q,4.80,4.80,4.71,4.71,4.71,4.95,6,256,1227.00,
519359,POONA DAL   ,X ,Q,38.05,42.95,38.05,42.85,42.50,41.10,82,5884,249039.00,
519367,TRANSGL.FOOD,X ,Q,164.95,178.60,155.50,177.75,177.75,165.85,29,788,136657.00,
519383,ANIK INDS   ,B ,Q,12.88,13.02,12.03,12.91,12.92,13.02,202,15667,200767.00,
519421,KSE LIMITED ,XT,Q,2123.95,2123.95,2090.00,2102.00,2105.50,2102.40,68,893,1878349.00,
519455,NARBADA     ,X ,Q,26.25,27.45,26.00,26.00,26.00,26.25,3,52,1353.00,
519457,VIRAT CRANE ,X ,Q,24.15,24.15,23.10,23.40,23.90,23.65,48,5187,122288.00,
519475,CHORDIA FOOD,X ,Q,198.00,198.00,170.00,173.45,173.45,186.80,287,22142,4125132.00,
519477,CIANAGRO    ,XT,Q,39.50,39.75,38.10,39.75,39.75,37.90,18,1218,48169.00,
519483,TAI INDUST. ,XT,Q,12.07,12.07,10.95,11.38,12.07,11.50,17,1626,18675.00,
519494,N K INDUST. ,T ,Q,24.90,24.90,23.75,24.90,24.90,25.00,7,649,15815.00,
519500,BKV INDUSTRS,XT,Q,6.87,6.87,6.87,6.87,6.87,6.74,8,1221,8388.00,
519506,NCC BLUE WAT,P ,Q,2.90,2.95,2.90,2.95,2.95,2.90,2,200,585.00,
519532,ASIAN TEA   ,X ,Q,16.85,16.85,15.85,16.05,16.65,16.30,35,2762,45513.00,
519552,HERITGFOOD  ,A ,Q,349.00,366.10,349.00,358.25,358.25,349.35,645,12630,4550157.00,
519566,SIMRAN FARMS,X ,Q,115.80,117.75,112.85,117.75,117.75,112.15,181,19269,2263243.00,
519588,DFM FOODS   ,A ,Q,340.20,342.60,338.00,339.90,340.00,337.40,152,2174,738821.00,
519600,CCL PRODUCTS,A ,Q,306.60,313.95,298.50,299.75,299.75,309.45,1403,27597,8394544.00,
519602,KELLTONTEC  ,B ,Q,64.40,64.95,63.20,63.30,63.45,63.55,512,37558,2384966.00,
519612,MAHAAN FOODS,X ,Q,19.90,19.90,18.10,18.45,18.45,19.50,39,6249,121366.00,
520008,RICO AUTO   ,A ,Q,40.45,40.75,39.80,40.00,39.85,40.00,451,51701,2082714.00,
520021,OMAX AUTOS. ,B ,Q,41.25,43.05,40.85,42.65,42.25,41.50,273,8660,363717.00,
520043,MUNJAL SHOWA,B ,Q,137.70,141.00,137.50,140.25,140.25,136.15,314,7620,1060259.00,
520051,JAMNA AUTO  ,A ,Q,69.50,69.65,68.20,69.00,69.10,68.90,335,42093,2904271.00,
520056,SUNDAR.CLAY ,A ,Q,3228.05,3228.05,3050.80,3057.40,3052.00,3094.15,58,117,363683.00,
520057,JTEKTINDIA  ,A ,Q,84.00,88.00,84.00,86.00,86.00,85.50,571,34791,3021306.00,
520059,MUNAUTO     ,B ,Q,58.00,58.65,57.50,57.65,57.90,56.90,115,8018,464192.00,
520066,JAYBH.MARUTI,B ,Q,320.15,323.00,312.00,313.40,315.00,315.05,381,6062,1913438.00,
520073,RACLGEAR    ,X ,Q,244.15,277.90,244.15,273.05,273.05,247.00,855,57597,15293357.00,
520075,SAMKRG PIST.,X ,Q,164.40,166.00,160.60,161.05,161.05,159.00,298,26414,4327017.00,
520086,SICAL LOG   ,B ,Q,11.53,12.10,11.30,12.09,12.09,11.53,283,92428,1095946.00,
520111,RATNAMNI MET,A ,Q,1909.75,1935.00,1900.10,1923.55,1930.95,1908.80,399,1630,3125213.00,
520113,VESUVIUS IND,A ,Q,1035.15,1076.05,1026.45,1028.90,1028.00,1032.60,165,410,430731.00,
520119,AUTOMOTIVE S,B ,Q,38.75,39.50,37.25,38.50,38.50,37.65,72,11305,439450.00,
520121,ARCEE INDUST,XT,Q,6.00,6.30,5.80,5.95,5.95,6.00,15,2593,15716.00,
520123,ABC INDIA   ,X ,Q,65.55,72.85,64.10,70.25,68.75,66.85,46,2224,154258.00,
520127,BALURGHAT TE,X ,Q,9.40,10.00,9.07,9.48,9.47,9.61,44,7541,70765.00,
520141,SIBAR AUTO  ,X ,Q,7.57,7.57,6.87,7.36,7.36,7.23,13,1898,13162.00,
520151,SHREY SH LOG,B ,Q,105.80,112.60,104.45,110.85,110.00,102.20,474,22803,2481050.00,
520155,STARLOG     ,X ,Q,14.75,14.75,14.00,14.05,14.05,13.70,14,2004,29000.00,
521016,INDO COUNT  ,A ,Q,153.60,153.60,147.70,152.40,152.40,154.75,1892,85690,12894836.00,
521018,MARAL OVERS ,B ,Q,39.50,39.60,38.00,38.95,38.90,37.90,71,11733,456655.00,
521034,SOMA TEXTILE,B ,Q,6.05,6.30,6.05,6.05,6.30,6.00,12,2864,17890.00,
521036,SOURCEIND   ,XT,Q,1.11,1.11,1.11,1.11,1.11,1.06,2,100,111.00,
521062,OCTAVE      ,XT,Q,2.25,2.25,2.25,2.25,2.25,2.15,3,447,1005.00,
521064,TRIDENT     ,A ,Q,16.10,16.90,16.04,16.90,16.90,16.10,8273,6615924,110583193.00,
521070,ALOK INDS.  ,B ,Q,20.25,21.25,20.00,20.90,20.90,20.15,2236,1433089,29429006.00,
521080,PASARI SPIN ,XT,Q,1.55,1.55,1.48,1.55,1.55,1.55,18,5139,7897.00,
521082,SPENTEX INDS,Z ,Q,0.88,0.88,0.88,0.88,0.88,0.84,4,300,264.00,
521097,AMARJOTHI SP,X ,Q,136.00,139.90,132.00,133.50,133.50,136.05,140,12644,1709458.00,
521105,OLYMPIA IND.,X ,Q,44.00,45.30,41.80,41.80,41.80,43.95,29,1933,82967.00,
521109,NAGREEKA EXP,B ,Q,20.85,21.25,20.40,20.40,20.40,20.55,8,2654,55118.00,
521113,SUDITI IND. ,X ,Q,13.02,13.50,13.02,13.03,13.03,13.02,7,487,6359.00,
521131,SBFL        ,X ,Q,5.61,5.61,5.61,5.61,5.61,5.90,2,210,1178.00,
521141,ADITYA SPIN.,XT,Q,8.28,8.28,8.00,8.00,8.00,7.89,25,2098,17341.00,
521151,DHANLXMI FAB,X ,Q,18.15,18.95,18.15,18.90,18.90,19.00,7,288,5331.00,
521163,ZODIAC CLOTH,B ,Q,96.95,98.00,94.10,97.45,97.45,95.55,310,32376,3126161.00,
521178,SRI RAMK.MIL,X ,Q,11.25,11.28,11.25,11.28,11.28,10.75,2,403,4545.00,
521180,SUPER SPIN. ,B ,Q,6.20,6.20,5.94,6.02,6.02,6.02,16,5606,33958.00,
521188,UNITED TEXT.,XT,Q,4.30,4.38,4.30,4.30,4.30,4.18,12,200,861.00,
521194,SIL INVEST  ,B ,Q,245.05,245.05,234.00,238.00,238.00,237.00,51,432,103717.00,
521200,SURYLAK.COTT,B ,Q,46.75,46.75,46.75,46.75,46.75,44.55,21,10105,472408.00,
521206,SAMTEX FASH.,X ,Q,1.28,1.28,1.16,1.16,1.16,1.22,24,25319,31150.00,
521210,CITYMAN     ,XT,Q,4.56,5.04,4.56,4.56,4.56,4.80,6,856,3951.00,
521216,DHAN ROTO SP,X ,Q,34.85,34.90,33.00,33.30,33.60,32.35,58,6287,211200.00,
521220,DAMOINDUS   ,B ,Q,30.05,30.90,29.75,30.00,30.45,29.45,55,6721,202928.00,
521226,UNI ROYAL IN,X ,Q,4.61,4.80,4.50,4.61,4.61,4.61,8,305,1410.00,
521228,TATIA GLOB  ,X ,Q,0.63,0.63,0.61,0.61,0.61,0.62,60,14478,9021.00,
521234,SRI NACHAMAI,X ,Q,13.89,13.89,13.50,13.50,13.50,13.23,8,909,12474.00,
521240,SAMBANDAM SP,X ,Q,127.95,127.95,127.95,127.95,127.95,121.90,52,16731,2140731.00,
521242,KANDAGIRI SP,X ,Q,7.01,7.01,7.01,7.01,7.01,7.00,1,150,1051.00,
521244,CHITRA.SPIN.,XT,Q,8.71,8.71,8.71,8.71,8.71,8.88,4,212,1846.00,
521248,KITEX GARMEN,A ,Q,104.40,104.40,101.35,101.95,101.70,101.80,183,6650,679349.00,
522001,CRANEX LTD. ,X ,Q,10.10,10.10,10.10,10.10,10.10,10.10,1,5,50.00,
522004,BATLIBOI LTD,X ,Q,17.30,17.30,16.55,17.25,17.25,17.05,54,8439,143605.00,
522005,AUSTIN ENGG.,X ,Q,51.90,51.90,46.30,49.00,49.00,48.80,35,5990,292443.00,
522014,UNITED DRILL,B ,Q,290.15,291.10,289.00,290.00,290.00,290.00,24,174,50522.00,
522017,FLUIDOMAT   ,X ,Q,102.80,102.80,96.40,98.85,98.10,96.80,28,2716,269519.00,
522027,EMA INDIA   ,XT,Q,12.03,12.03,11.79,11.79,11.79,12.03,6,343,4078.00,
522029,WINDSOR MACH,B ,Q,33.50,33.70,33.25,33.70,33.70,32.10,79,55747,1873434.00,
522034,SHANTHI GEAR,B ,Q,146.00,146.85,142.00,142.40,142.00,145.50,136,2681,384429.00,
522036,MIVEN MACHIN,X ,Q,7.00,7.00,7.00,7.00,7.00,7.00,1,1,7.00,
522064,HONDAPOWER  ,A ,Q,1039.70,1051.35,1031.10,1044.15,1032.00,1034.00,251,1072,1116670.00,
522073,HITECHGEAR  ,B ,Q,184.00,186.15,181.00,184.00,184.00,182.85,104,3526,645875.00,
522074,ELGI EQUIP  ,A ,Q,213.00,218.00,213.00,214.85,214.10,211.80,600,14416,3100710.00,
522091,UV DER HORST,X ,Q,20.00,20.00,19.05,19.05,19.05,19.05,2,1100,21905.00,
522101,KILBURN ENGG,X ,Q,24.60,24.60,23.35,23.75,24.25,23.20,50,7292,174224.00,
522105,BIRLA PRETEC,X ,Q,11.60,11.97,11.43,11.59,11.67,11.76,131,30029,348467.00,
522108,YUKEN INDIA ,X ,Q,455.00,460.00,448.00,453.90,453.90,457.85,87,2648,1197598.00,
522113,TIMKEN (I)  ,A ,Q,1259.00,1289.60,1240.00,1275.55,1282.00,1239.05,705,4217,5345427.00,
522122,VOITH PAPER ,X ,Q,1099.90,1100.00,1081.15,1082.00,1082.00,1085.30,29,463,505684.00,
522134,ARTSON ENG  ,X ,Q,48.80,48.80,47.50,48.30,48.30,47.55,55,9628,461455.00,
522152,SOLITAIR MC ,X ,Q,24.00,26.00,24.00,25.70,26.00,24.55,18,1245,31693.00,
522163,DIAMONPOWER ,Z ,Q,0.86,0.86,0.86,0.86,0.86,0.82,5,816,701.00,
522165,INDSIL HYD  ,X ,Q,14.30,14.30,14.01,14.16,14.02,14.34,33,2426,34294.00,
522183,ITL INDUSTRS,X ,Q,138.50,147.90,138.50,142.70,142.70,135.70,1472,166319,23853778.00,
522195,FRONTIER SPR,X ,Q,260.00,274.00,260.00,269.30,269.30,260.65,231,12978,3499719.00,
522205,PRAJ IND.LTD,A ,Q,335.75,371.75,330.00,364.85,364.85,329.70,8497,444579,157317620.00,
522207,RASANDIK ENG,X ,Q,65.95,65.95,60.40,61.85,61.55,63.00,9,318,19834.00,
522209,YOGI SUNGWON,X ,Q,4.29,4.29,3.89,4.29,4.29,4.09,59,39127,162452.00,
522215,HLEGLAS     ,B ,Q,3017.95,3054.30,2958.00,3031.55,3041.00,2978.60,586,3004,9077634.00,
522217,GUJ APOIND  ,B ,Q,214.00,250.00,214.00,237.25,232.50,209.40,3014,35157,8401347.00,
522229,TANEJA AERO.,X ,Q,34.75,34.75,33.15,33.45,33.30,34.05,124,20435,690227.00,
522231,CONART ENG. ,X ,Q,27.10,28.50,26.70,27.70,27.60,28.00,33,3753,101886.00,
522241,M.M.FORGINGS,B ,Q,480.00,495.40,475.50,486.45,486.45,478.55,183,4930,2385497.00,
522249,MAYUR UNIQ. ,A ,Q,445.00,445.00,429.00,430.50,432.50,430.00,184,2508,1083864.00,
522251,CENLUB INDUS,X ,Q,78.00,79.70,72.10,73.95,74.00,72.00,201,10863,809517.00,
522257,RAJOO ENGIN.,X ,Q,28.20,29.00,26.10,26.80,26.75,27.65,784,226677,6116118.00,
522263,JMC PROJECTS,A ,Q,96.75,101.65,96.55,99.55,99.55,95.70,673,26388,2615868.00,
522267,VEEJAY LAKSH,XT,Q,37.05,39.25,37.05,39.25,39.25,38.90,12,2140,79381.00,
522273,AHMED.STEEL ,X ,Q,14.40,15.10,14.40,14.55,14.55,14.40,17,2125,31509.00,
522275,GET&D       ,A ,Q,127.65,129.60,125.00,125.90,125.30,126.00,357,26737,3406781.00,
522281,RAM RAT.WIRE,X ,Q,86.00,88.75,85.55,86.85,86.85,86.60,122,10622,921664.00,
522285,JAY NECO IND,B ,Q,17.53,19.05,17.53,18.58,18.63,18.39,219,130969,2425223.00,
522287,KALPA.POWER ,A ,Q,382.00,391.00,382.00,389.60,390.00,383.60,543,11369,4410052.00,
522289,NMSRESRC    ,XT,Q,3.30,3.45,3.30,3.45,3.45,3.30,11,246,847.00,
522292,CHANDNI TE  ,X ,Q,54.10,54.10,48.05,52.50,52.15,53.00,222,32137,1615906.00,
522294,T & I GLOBAL,X ,Q,152.60,152.60,131.30,131.95,131.30,145.85,717,46611,6356872.00,
522295,CONTROL PRNT,B ,Q,322.10,322.10,310.05,317.65,319.55,316.20,151,3285,1039379.00,
522650,BEMCO HYDRAU,X ,Q,327.80,327.80,313.00,325.50,326.75,329.00,8,342,107744.00,
523007,ANSAL BUILD.,X ,Q,44.00,44.00,41.35,43.95,43.95,43.95,10,460,19317.00,
523011,WEIZMANN LTD,B ,Q,55.00,56.45,52.25,53.25,53.55,54.95,207,28068,1514419.00,
523019,B.N.RATHI SE,X ,Q,31.00,35.00,30.00,31.55,31.55,29.95,938,221888,7416204.00,
523021,RISHITECH   ,X ,Q,23.05,24.50,22.75,24.40,24.40,23.65,44,6290,144614.00,
523023,SINCLAIR HOT,X ,Q,48.95,51.25,48.50,50.90,51.00,48.70,242,62899,3144500.00,
523025,SAFARI IND. ,A ,Q,605.00,605.00,578.90,581.70,580.00,589.25,287,1697,997705.00,
523100,COSMO FERR. ,X ,Q,22.40,23.35,21.60,23.25,23.25,22.25,22,7031,162605.00,
523116,SANCO TRANS ,X ,Q,251.90,252.00,226.35,233.50,240.00,243.00,13,171,41314.00,
523120,ADOR MULTI. ,X ,Q,86.35,90.30,86.00,87.65,87.00,84.35,42,6965,609728.00,
523127,EIH ASSO.HOT,B ,Q,245.00,249.75,241.05,247.40,247.10,244.05,453,5361,1326720.00,
523144,MEDI CAPS   ,X ,Q,44.40,44.40,42.00,42.90,42.90,43.85,110,19057,820976.00,
523151,OTCO INTERN.,X ,Q,4.14,4.21,4.14,4.21,4.21,4.14,17,6096,25430.00,
523160,MORGAN CRU  ,X ,Q,859.40,880.00,859.40,867.20,872.00,860.30,41,454,395601.00,
523204,ABAN OFFSHO ,B ,Q,35.85,35.85,34.65,34.85,34.65,35.20,343,13086,459272.00,
523207,KOKUYOCMLN  ,B ,Q,56.80,57.35,56.00,56.35,56.35,56.75,308,13316,752352.00,
523229,BHARAT SEATS,X ,Q,73.20,74.00,71.00,71.35,71.25,73.15,354,64416,4664123.00,
523232,CONT.PETRO  ,XT,Q,55.00,56.55,54.50,56.55,56.55,53.90,135,15468,874216.00,
523248,MACHINO PLAS,X ,Q,90.80,90.80,87.40,87.40,87.40,89.15,8,350,30845.00,
523260,PEARL POLYME,B ,Q,15.50,16.50,14.85,15.35,14.85,15.05,206,10340,163771.00,
523261,VENKEY'S (I),A ,Q,2370.00,2487.00,2336.60,2380.85,2367.00,2382.40,4070,27341,65602117.00,
523269,ADVANI HOTEL,B ,Q,55.60,56.50,53.65,55.90,55.25,54.95,42,847,47317.00,
523277,G.V.FILMS   ,X ,Q,0.33,0.35,0.31,0.33,0.33,0.34,286,1007172,330266.00,
523283,SUPER HOUSE ,B ,Q,128.00,129.00,125.25,126.30,126.50,126.25,30,625,79494.00,
523289,RAMA VISION ,X ,Q,7.96,8.50,7.95,7.96,7.96,8.20,6,539,4342.00,
523301,TCPL PACK   ,B ,Q,465.50,467.55,455.75,465.60,467.15,457.55,22,148,68890.00,
523319,BALMER LAWRI,A ,Q,137.40,141.50,136.65,137.95,137.95,136.25,1189,95623,13267632.00,
523323,KOVAI MEDI. ,X ,Q,1305.00,1317.95,1258.35,1266.75,1266.75,1298.35,412,7890,10120062.00,
523329,ELDECO HOUS.,X ,Q,1800.00,1840.00,1711.00,1775.10,1775.10,1794.80,82,670,1192111.00,
523367,DCMSHRIRAM  ,A ,Q,693.00,693.00,661.35,672.35,675.00,679.70,1216,21781,14750531.00,
523369,DCM SHR.IND ,X ,Q,302.55,309.95,295.00,297.35,295.00,306.40,475,17172,5122769.00,
523371,MAWANA SUGAR,B ,Q,53.05,53.20,50.50,50.85,50.60,53.15,386,38870,1983082.00,
523384,MAH.RAS.APEX,T ,Q,89.85,91.75,86.10,90.00,90.00,87.75,20,2972,266867.00,
523385,NILKAMAL L  ,A ,Q,2199.00,2199.00,2131.00,2147.35,2155.00,2177.15,107,383,826874.00,
523391,NAHAR POLY  ,B ,Q,156.90,156.90,141.75,142.85,142.85,157.80,2010,87153,12727971.00,
523395,3M INDIA LTD,A ,Q,25535.15,26315.00,25424.15,26028.05,26100.00,25148.35,318,413,10673518.00,
523398,JCHAC       ,A ,Q,2223.00,2269.00,2223.00,2232.10,2244.00,2239.70,148,939,2103851.00,
523405,JM FINANCIAL,A ,Q,80.85,81.20,79.80,80.25,80.25,79.65,748,46879,3764104.00,
523411,ADCINDIA    ,X ,Q,199.00,205.95,199.00,205.90,205.90,203.40,20,545,110931.00,
523419,TAMIL.TELE. ,T ,Q,5.54,5.54,5.26,5.26,5.26,5.53,9,1106,5826.00,
523425,SUNRAJ DIAM.,Z ,Q,2.23,2.23,2.13,2.20,2.20,2.13,6,1200,2566.00,
523445,REL INDL INF,A ,Q,395.00,411.15,394.00,401.55,401.55,392.90,962,25081,10116152.00,
523449,SHARP INDIA ,X ,Q,27.50,27.90,26.80,27.35,27.90,27.50,18,2469,66926.00,
523457,LINDEINDIA  ,A ,Q,1715.00,1715.00,1650.00,1703.15,1703.15,1681.45,715,6669,11252864.00,
523465,IND.BANK HSG,B ,Q,30.90,31.00,29.70,30.80,30.80,30.25,14,187,5757.00,
523475,LOTUS CHOC  ,X ,Q,19.25,19.95,18.13,18.98,18.99,18.85,31,3049,56685.00,
523483,PACIFIC IND.,X ,Q,197.00,203.95,197.00,203.95,203.95,185.45,46,3159,642801.00,
523489,CMM HOSPITAL,X ,Q,16.25,16.80,16.17,16.77,16.78,16.49,21,4225,69574.00,
523519,UNI OFF AUTO,X ,Q,3.17,3.17,2.87,2.87,2.87,3.02,8,1159,3330.00,
523537,APM INDUS.  ,X ,Q,27.30,27.30,26.00,26.80,26.80,26.55,50,9387,250357.00,
523539,PRECISION WR,B ,Q,205.90,207.20,200.40,205.80,206.00,205.05,251,3545,726686.00,
523550,KRYPTON IND ,X ,Q,9.70,10.10,9.21,9.94,9.94,9.50,73,27295,266563.00,
523558,SWISSMLTRY  ,XT,Q,5.60,5.60,5.59,5.59,5.59,5.70,13,23500,131460.00,
523566,MARTIN BURN ,X ,Q,37.85,39.60,36.10,39.20,39.20,37.80,26,766,28892.00,
523574,FEL         ,B ,Q,9.18,9.18,9.00,9.05,9.09,9.09,336,64300,582772.00,
523586,IND.TONERS  ,X ,Q,212.40,212.65,197.00,203.80,203.80,195.90,1296,148461,30732112.00,
523594,KUNSTSTOFFE ,X ,Q,24.50,26.10,24.50,26.10,26.10,24.95,11,550,13758.00,
523598,SHIPP.CORPN ,A ,Q,111.00,114.25,111.00,112.15,112.40,110.65,2729,331093,37193160.00,
523606,SIKA INTER. ,X ,Q,290.50,296.00,286.25,290.50,290.50,290.45,58,2339,685313.00,
523610,ITI LTD.    ,A ,Q,118.65,119.10,117.50,117.80,117.80,117.85,306,13026,1540555.00,
523618,DREDGING COR,A ,Q,391.90,396.85,390.50,392.45,392.45,388.05,461,12510,4919670.00,
523620,PHARMASIA   ,XT,Q,40.70,40.70,38.70,38.80,38.80,40.70,20,852,33856.00,
523628,PODDAR      ,B ,Q,148.50,148.95,141.00,145.95,145.95,145.55,38,798,116625.00,
523630,NATIONAL FER,A ,Q,68.70,68.70,66.85,67.10,67.05,67.50,1849,267121,18131177.00,
523638,IP RINGS LTD,X ,Q,92.50,92.50,87.00,87.85,87.85,91.15,82,10536,937356.00,
523642,PI INDUS.LTD,A ,Q,2702.15,2768.00,2700.00,2740.90,2740.90,2699.45,1507,16120,44207003.00,
523648,PLASTIBLEND ,B ,Q,251.25,276.95,240.55,271.30,271.30,247.00,1648,25868,6916388.00,
523660,WATERBASE   ,A ,Q,123.80,123.80,120.00,120.30,120.25,123.20,736,12951,1573176.00,
523672,FLEX FOODS  ,X ,Q,80.00,80.90,78.30,79.20,79.50,79.85,139,12541,991822.00,
523676,GOLKUNDA DIA,X ,Q,22.00,22.00,21.00,21.85,21.85,21.55,28,2339,50174.00,
523694,APCOTEX IND ,A ,Q,328.00,340.00,318.40,339.65,339.65,318.65,1650,34741,11605220.00,
523696,FORTIS MLR  ,X ,Q,64.20,65.95,64.20,64.80,64.80,63.65,60,2311,149828.00,
523704,MASTEK LTD  ,A ,Q,1886.60,1920.95,1830.00,1850.30,1850.00,1876.45,1812,18640,34947060.00,
523708,EIMCO ELECON,B ,Q,349.00,362.00,344.30,354.30,354.25,356.35,236,1451,511209.00,
523710,SAYAJI HOTEL,XT,Q,199.30,199.30,191.10,199.30,199.30,189.85,59,602791,120133269.00,
523716,ASHIANA HOU ,B ,Q,116.55,117.95,111.60,112.85,111.60,115.25,181,8666,1003878.00,
523722,SVAM SOFTWAR,XT,Q,3.17,3.17,3.17,3.17,3.17,3.02,44,16070,50941.00,
523732,ECO BOARD IN,XT,Q,4.69,4.76,4.32,4.37,4.70,4.54,18,6639,30858.00,
523736,DVL         ,B ,Q,132.20,144.50,132.20,140.40,140.40,136.55,475,15025,2142961.00,
523754,MAHEPC      ,B ,Q,142.55,144.50,142.00,142.10,142.65,142.05,422,18061,2583140.00,
523756,SREIINFRA   ,B ,Q,7.14,7.21,6.98,7.02,7.02,7.09,397,610796,4320197.00,
523782,MITSHI      ,X ,Q,12.50,13.00,12.20,12.92,12.92,12.37,44,4455,56581.00,
523792,MAZDA LTD   ,B ,Q,461.65,471.95,458.00,462.45,460.55,463.40,162,903,419248.00,
523796,VICEROY HOTE,T ,Q,2.70,2.70,2.70,2.70,2.70,2.58,7,5420,14634.00,
523826,SOVEREIGN DI,X ,Q,5.96,5.96,5.94,5.94,5.94,5.97,4,129,768.00,
523828,MENON BEAR. ,B ,Q,60.00,61.00,58.25,58.85,60.45,59.45,240,17988,1082233.00,
523832,MUKAT PIPES ,X ,Q,4.02,4.02,4.02,4.02,4.02,3.95,2,100,402.00,
523836,GUJ.RAFFIA  ,T ,Q,49.90,49.90,49.90,49.90,49.90,47.55,2,134,6686.00,
523838,SIMPLX INFRA,B ,Q,30.80,31.05,30.00,30.55,30.60,30.45,288,15761,480378.00,
523840,INN.TECH.PAC,X ,Q,19.55,20.35,19.10,19.75,19.75,19.75,38,13235,259591.00,
523842,SUPER TANNER,X ,Q,3.00,3.16,2.90,3.00,3.00,2.90,123,135573,408019.00,
523850,AXTEL INDUS.,X ,Q,323.90,323.90,309.10,317.80,319.00,321.65,197,9379,2961948.00,
523862,PIFL        ,XT,Q,2.86,2.86,2.86,2.86,2.86,2.73,1,210,600.00,
523874,PRECI CONTNR,X ,Q,0.31,0.31,0.30,0.31,0.31,0.30,10,4099,1253.00,
523896,APIL        ,XT,Q,12.42,12.42,12.42,12.42,12.42,11.83,2,60,745.00,
524000,MAGMA FIN   ,A ,Q,134.85,137.80,131.60,133.80,134.55,133.65,1864,112774,15200973.00,
524013,HIND.FLUROCA,B ,Q,9.35,9.35,8.64,8.67,8.67,9.04,69,11163,97978.00,
524019,KINGFA      ,B ,Q,899.00,950.00,896.40,941.65,941.65,886.90,435,4620,4298504.00,
524031,PATIDAR     ,X ,Q,1.67,1.67,1.67,1.67,1.67,1.64,1,5,8.00,
524037,RAMA PHOSPH ,X ,Q,149.80,159.90,149.00,156.55,156.55,145.95,2174,278110,43518222.00,
524038,VENLON ENTR ,X ,Q,2.08,2.08,2.08,2.08,2.08,2.18,2,225,468.00,
524051,POLYPLEX    ,A ,Q,1118.95,1132.60,1112.10,1114.75,1114.75,1114.50,584,10112,11320513.00,
524075,ALBERT DAVID,B ,Q,442.75,447.05,433.35,438.35,436.05,440.45,164,2025,892638.00,
524080,HAR.LEATHER ,XT,Q,34.75,34.75,33.00,33.05,33.05,33.10,5,827,28181.00,
524091,ACRYCIL LTD.,B ,Q,343.00,345.00,328.70,340.95,340.95,323.30,738,20495,6931699.00,
524109,KABRA EXTR  ,B ,Q,193.90,199.50,184.25,193.60,193.60,191.60,1545,58153,11274130.00,
524129,VINYL CHEM  ,B ,Q,153.95,153.95,147.00,147.40,147.40,150.10,355,12517,1872053.00,
524136,PEE CEE COSM,X ,Q,128.50,131.65,123.00,127.85,127.85,129.85,54,2446,307744.00,
524156,T C M LTD.  ,X ,Q,61.95,61.95,61.80,61.90,61.90,61.95,4,301,18621.00,
524164,IOL CHEM PH ,A ,Q,608.50,631.85,608.50,619.40,619.40,613.40,2347,60148,37494992.00,
524200,VINATI ORG. ,A ,Q,1767.00,1816.00,1744.85,1810.10,1810.10,1733.65,2465,28430,51038426.00,
524202,LACTOSE(I)  ,X ,Q,30.50,30.50,29.40,29.60,29.70,29.75,31,1388,41385.00,
524208,AARTI INDUST,A ,Q,1770.00,1801.05,1731.80,1746.35,1746.35,1743.90,3955,80126,141989309.00,
524212,WANBURY LTD ,T ,Q,106.50,109.95,105.05,109.90,108.20,104.75,118,22659,2469119.00,
524218,RESONANCE   ,X ,Q,136.00,136.00,133.20,134.40,134.95,134.65,67,4407,593082.00,
524226,GUJ AMB EXP ,A ,Q,177.00,177.00,173.20,174.75,173.95,172.70,640,48276,8455818.00,
524230,RASHTR.CHEM.,A ,Q,83.40,84.60,82.05,82.50,82.50,82.45,3760,862623,72050409.00,
524280,KOPRAN LTD. ,B ,Q,185.60,200.00,185.10,185.35,185.35,194.80,6327,170644,32233017.00,
524288,AIMCO PESTI.,X ,Q,108.00,117.50,106.50,116.50,116.50,108.20,794,93597,10566534.00,
524314,GUJ.TERC LAB,X ,Q,9.87,10.20,9.87,10.20,10.20,10.38,10,12882,127247.00,
524322,KABRA DRUGS ,X ,Q,3.90,3.90,3.72,3.83,3.83,3.90,13,5146,19494.00,
524324,SEYAIND     ,B ,Q,54.35,56.00,54.00,55.30,55.40,54.80,291,7501,413709.00,
524330,JAYANT AGRO ,B ,Q,195.00,200.00,181.00,185.25,185.25,193.95,897,32415,6142863.00,
524332,BCLIL       ,B ,Q,141.90,151.05,140.85,146.50,146.25,140.50,547,30085,4397143.00,
524336,SH.HARI CHEM,X ,Q,64.25,64.25,60.60,64.00,64.00,62.00,27,474,29560.00,
524342,INDOBORAXC  ,X ,Q,838.00,838.00,806.70,812.20,812.20,817.35,220,3704,3038383.00,
524348,AARTI DRUGS ,A ,Q,754.10,782.05,741.00,758.35,758.35,752.00,2449,47883,36412034.00,
524370,BODAL CHEM  ,A ,Q,102.90,102.90,99.30,100.10,100.20,99.50,690,41648,4189119.00,
524372,ORCHIDPHAR  ,B ,Q,1436.00,1503.35,1420.00,1462.00,1459.00,1431.80,646,3459,5140426.00,
524394,VIMTA LABS  ,B ,Q,238.00,238.00,225.00,226.90,225.15,232.80,1599,22810,5313023.00,
524396,BIOFIL CHEM ,B ,Q,70.50,72.00,70.50,71.65,71.65,72.40,437,16302,1163220.00,
524400,ISHITA DRUGS,X ,Q,31.50,32.00,29.95,29.95,29.95,31.50,10,4213,126278.00,
524404,MARKSANS    ,A ,Q,72.10,76.10,72.10,75.50,75.50,72.00,2212,504914,37623888.00,
524408,UNIV.STARCH ,XT,Q,80.30,87.70,80.30,83.75,83.75,84.50,20,1243,101083.00,
524412,AAREY DRUGS ,X ,Q,34.90,34.90,32.55,33.10,33.40,33.90,794,133344,4518270.00,
524414,NORRIS MEDI.,XT,Q,10.00,10.00,10.00,10.00,10.00,10.00,8,942,9420.00,
524434,ASIAN PETRO ,XT,Q,3.45,3.45,3.45,3.45,3.45,3.45,5,201,693.00,
524440,CAMEX LTD   ,X ,Q,34.90,34.95,31.65,31.65,31.65,33.30,476,98500,3354424.00,
524444,EVEXIA      ,X ,Q,131.20,137.80,127.80,130.00,130.00,136.85,3363,327192,43157847.00,
524458,INDOEURO    ,XT,Q,7.20,7.20,7.19,7.19,7.19,7.33,8,2802,20148.00,
524470,SYNCOM FORM.,X ,Q,6.51,6.51,6.51,6.51,6.51,6.39,534,1166997,7597150.00,
524480,RIDHI SIDHI ,X ,Q,285.50,289.95,277.00,286.05,285.00,285.15,43,865,246653.00,
524488,SVCIND      ,XT,Q,1.06,1.06,0.96,1.02,1.00,1.01,110,67831,70562.00,
524494,IPCA LAB LTD,A ,Q,2179.00,2197.25,2147.30,2162.00,2160.00,2178.95,538,4916,10677400.00,
524500,KILITCH DRUG,B ,Q,177.00,179.75,162.65,165.80,165.80,171.20,942,50403,8692635.00,
524506,CORAL LAB.  ,X ,Q,399.00,412.00,399.00,405.15,407.20,404.10,87,2199,889416.00,
524518,KREBS BIOCHM,B ,Q,121.60,122.15,118.15,118.55,118.15,119.65,109,2708,325456.00,
524520,KMC SHIL    ,X ,Q,43.50,44.25,41.10,42.00,42.00,42.85,1316,149792,6424615.00,
524522,LAFFANS PETR,X ,Q,19.75,22.50,19.75,20.75,20.65,20.90,56,8136,173267.00,
524534,BHASKAR AGRO,XT,Q,38.00,38.00,38.00,38.00,38.00,38.75,9,241,9158.00,
524542,SUKJIT STRCH,X ,Q,244.75,244.75,228.05,233.85,235.00,234.20,67,2302,534631.00,
524558,NEULAND LAB.,A ,Q,2040.80,2115.55,2033.40,2115.55,2115.55,2014.85,667,6228,13071923.00,
524564,GAYATRI BIO ,XT,Q,6.79,7.12,6.79,7.12,7.12,6.79,25,1695,12058.00,
524570,PODDAR PIGM.,B ,Q,225.25,244.00,224.00,239.65,243.00,226.60,644,10149,2401225.00,
524572,PHARMAIDS PH,XT,Q,30.40,30.40,29.30,29.30,29.30,29.85,618,95501,2869353.00,
524576,VIVID IND   ,X ,Q,24.00,24.90,23.50,23.80,23.50,24.05,26,6701,159384.00,
524582,TIRUPATI STA,XT,Q,45.95,45.95,41.70,41.80,43.50,43.85,29,2767,116186.00,
524590,HEMORGANIC  ,X ,Q,11.00,11.55,10.50,11.44,11.55,11.00,20,1684,19002.00,
524592,JD ORGOCHEM ,X ,Q,2.87,3.01,2.87,3.01,3.01,2.87,4,2103,6315.00,
524594,ASHOK-ALCO  ,X ,Q,99.90,99.90,94.50,96.50,96.50,97.50,14,271,26418.00,
524598,AKSHARCHEM I,B ,Q,289.00,289.00,283.00,284.75,283.55,287.85,119,1201,343440.00,
524606,BERYL DRUGS ,X ,Q,9.26,9.26,9.00,9.26,9.26,8.82,59,14016,129752.00,
524622,ISTRNETWK   ,X ,Q,2.14,2.14,2.07,2.14,2.14,2.04,22,21456,45835.00,
524624,GAGAN GASES ,XT,Q,14.76,14.76,14.76,14.76,14.76,14.48,12,1472,21726.00,
524632,SHUKRAPHAR  ,XT,Q,81.75,81.75,81.75,81.75,81.75,83.40,3,14,1144.00,
524634,ALU FLUORIDE,X ,Q,235.20,246.80,235.00,243.30,246.00,235.05,404,21272,5174147.00,
524640,ARCHITORG   ,X ,Q,33.70,34.60,31.00,33.00,34.60,32.35,103,222119,7115603.00,
524642,SIKOZY REAL ,X ,Q,0.89,0.89,0.89,0.89,0.89,0.89,2,62,55.00,
524648,INDO AMINES ,X ,Q,121.00,121.00,116.25,118.15,118.15,118.40,249,22015,2611585.00,
524654,NATURAL CAPS,X ,Q,134.00,135.00,131.00,132.95,133.95,133.25,111,5408,715715.00,
524661,WELCURE DRUG,XT,Q,2.42,2.42,2.42,2.42,2.42,2.38,2,1648,3988.00,
524663,BH.IMMUN&BIO,T ,Q,57.20,57.20,57.20,57.20,57.20,56.10,141,24316,1390875.00,
524667,SOTL        ,B ,Q,1044.35,1088.50,1027.95,1037.90,1037.90,1054.15,2560,20615,21838410.00,
524669,HESTER BISC ,A ,Q,3180.00,3180.00,2705.65,2778.40,2778.40,2926.60,5758,38973,112050044.00,
524675,KABSONS INDU,XT,Q,8.65,8.65,8.65,8.65,8.65,8.82,36,4024,34807.00,
524687,BASANT AGRO ,X ,Q,10.30,10.60,9.62,10.09,10.09,9.88,2212,1560707,15881414.00,
524703,SANDU PHARMA,X ,Q,40.10,40.10,38.65,38.95,38.95,40.95,77,12052,473521.00,
524709,NACLIND     ,B ,Q,53.05,54.50,49.80,50.30,50.30,52.00,713,35635,1855148.00,
524711,VISTA PHARMA,XT,Q,12.30,12.64,11.70,12.26,12.29,12.05,119,26970,330303.00,
524715,SUN PHARMA. ,A ,Q,686.95,695.85,684.80,690.85,690.85,686.95,2845,122509,84640283.00,
524717,TITAN BIOTEC,X ,Q,312.00,313.95,307.00,308.60,308.20,306.15,534,16390,5069669.00,
524727,SDL         ,X ,Q,13.55,13.55,13.50,13.50,13.50,12.91,6,9369,126899.00,
524731,JENBURKT PH.,X ,Q,465.00,480.00,465.00,476.50,476.50,465.65,149,3984,1884080.00,
524735,HIKAL LTD.  ,A ,Q,352.85,352.85,340.00,343.75,343.00,345.90,1601,35919,12458027.00,
524742,CAPLIN POINT,A ,Q,635.45,638.00,612.00,624.30,621.50,630.45,3577,52834,32936905.00,
524748,LINK PHARMA ,X ,Q,33.90,34.50,32.00,33.00,33.00,33.10,85,4320,144414.00,
524752,DECIPHER    ,X ,Q,34.25,38.30,34.25,37.45,37.45,36.95,116,6924,254574.00,
524768,EMMESSAR BIO,X ,Q,22.60,22.60,21.65,21.70,21.70,21.60,18,1812,39587.00,
524774,NGL FINE CHM,X ,Q,1639.95,1665.00,1620.00,1652.80,1659.00,1618.20,84,1205,1983887.00,
524790,EVEREST ORG.,X ,Q,344.00,344.00,335.00,338.40,338.40,337.30,173,4935,1667131.00,
524804,AUROB.PHARMA,A ,Q,1011.55,1020.15,1000.00,1004.80,1002.60,1002.10,5876,234211,236423040.00,
524808,PHYTOCHEM I.,X ,Q,19.80,21.80,19.80,21.60,21.60,21.00,13,507,10780.00,
524816,NATCO PHARM ,A ,Q,923.00,934.75,922.10,930.65,929.15,920.55,1368,66405,61485591.00,
524818,DYNAMIC IND.,XT,Q,61.50,61.50,57.05,57.65,60.00,60.00,35,3943,230861.00,
524820,PANAMA PETRO,B ,Q,194.70,194.70,190.30,192.20,193.00,189.50,592,10214,1966073.00,
524824,BAL PHARMA  ,T ,Q,86.05,91.65,83.00,91.65,91.65,87.30,189,12644,1096670.00,
524828,BDH INDUS.  ,X ,Q,105.00,105.00,99.75,100.30,99.75,102.65,155,11717,1188811.00,
526001,JAUS POLYMER,X ,Q,4.47,4.70,4.47,4.70,4.70,4.69,8,2900,13515.00,
526025,GLOBUS CON  ,X ,Q,7.14,7.14,7.14,7.14,7.14,6.80,1,100,714.00,
526027,CUBEX TUBING,T ,Q,30.60,31.00,30.05,30.30,30.20,30.60,15,4409,135297.00,
526043,POLYMECH.MCH,X ,Q,33.65,36.05,33.55,34.10,34.10,34.40,14,1118,38743.00,
526073,GALAXY BEAR.,XT,Q,213.95,213.95,196.05,210.00,210.00,205.00,8,82,17143.00,
526095,RAVILEELA GR,X ,Q,12.58,12.58,12.58,12.58,12.58,13.24,1,2,25.00,
526117,SHERVANI IND,X ,Q,241.40,241.45,226.65,229.20,229.85,234.00,52,2944,674764.00,
526133,SUPERTEX IND,X ,Q,5.05,5.05,4.67,4.70,4.70,4.85,23,9724,45887.00,
526137,SHETRON LTD ,X ,Q,23.75,23.95,23.00,23.95,23.95,23.70,7,130,3044.00,
526139,TRANSGENE BI,XT,Q,4.10,4.12,4.09,4.09,4.09,4.17,47,47525,194391.00,
526143,MPL         ,XT,Q,8.44,8.44,8.44,8.44,8.44,8.04,35,21412,180717.00,
526159,NIKHIL ADHSV,X ,Q,444.00,448.75,430.00,448.75,448.75,427.40,58,3093,1374578.00,
526161,SPENTA INT. ,X ,Q,43.00,44.40,42.35,43.05,43.05,43.00,12,407,17622.00,
526169,MULTIBASE I ,X ,Q,194.90,194.90,184.00,186.40,185.00,186.95,115,5303,995095.00,
526173,ANDREW YULE ,B ,Q,23.50,25.20,23.50,23.95,23.95,23.20,2742,1693750,41074762.00,
526179,LUDOLOW JUTE,X ,Q,84.80,91.50,82.20,87.25,87.25,81.15,3582,474846,42078736.00,
526193,ROYAL CUSHIO,XT,Q,8.41,8.41,8.41,8.41,8.41,8.01,5,859,7224.00,
526217,HITECHCORP  ,B ,Q,168.00,178.80,155.00,169.40,170.20,164.05,197,8980,1507311.00,
526225,BLOOM DEKOR ,X ,Q,7.94,7.95,7.94,7.95,7.95,7.93,2,102,810.00,
526227,FILATEX INDI,B ,Q,102.00,114.00,101.90,105.25,105.25,101.30,3227,239387,25513464.00,
526231,STD.SURFACT.,XT,Q,35.00,35.00,34.20,34.20,34.20,36.00,12,736,25272.00,
526235,MERCATOR    ,B ,Q,1.20,1.20,1.16,1.20,1.20,1.15,178,876710,1047346.00,
526237,MORGAN VENT ,XT,Q,11.20,11.20,10.63,11.18,11.18,11.18,11,1761,19421.00,
526241,AMRAPALI IND,X ,Q,4.45,5.33,4.44,5.27,5.33,4.85,23,10620,55612.00,
526247,PREMIER EXPL,B ,Q,150.10,153.00,146.90,147.90,147.55,151.60,117,4750,708009.00,
526251,MID EAST POR,X ,Q,2.45,2.45,2.45,2.45,2.45,2.55,3,665,1629.00,
526263,MOLD-TEK TEC,B ,Q,43.00,45.90,43.00,43.75,43.75,43.00,171,4392,191828.00,
526269,CRESTCHEM LT,XT,Q,36.50,36.50,34.20,34.30,34.30,36.00,9,202,7117.00,
526299,MPHASIS LTD ,A ,Q,1771.60,1784.10,1746.00,1765.20,1763.05,1763.50,1352,15794,27807967.00,
526301,MEDINOVA DIA,XT,Q,29.60,31.05,28.30,31.05,31.05,29.60,27,4756,147366.00,
526315,DIVYA.GRANIT,X ,Q,48.90,48.90,47.00,47.80,47.80,48.65,20,1213,57627.00,
526325,ORIENT PRESS,B ,Q,82.40,82.40,80.00,80.15,80.00,82.00,4,6,487.00,
526335,SHREYAS INTE,XT,Q,5.73,5.90,5.42,5.45,5.42,5.70,28,4659,25887.00,
526355,DURO PACK   ,XT,Q,20.10,20.10,18.35,20.10,20.10,19.15,29,3314,65164.00,
526365,SWARNASA    ,X ,Q,13.32,13.49,12.52,12.94,13.15,12.94,39,9805,127471.00,
526367,GANESH HSG. ,B ,Q,67.45,67.50,64.60,64.80,64.60,65.75,63,5550,365015.00,
526371,NMDC LTD    ,A ,Q,193.00,194.50,185.10,187.50,187.50,186.55,15685,1620483,308383446.00,
526381,PAT INT LOG ,B ,Q,24.80,27.80,23.25,26.60,26.60,24.80,571,93598,2453583.00,
526397,ALPHAGEO (I),B ,Q,246.00,249.70,240.55,244.95,243.00,238.75,420,4963,1220464.00,
526407,RIT PRO IND ,X ,Q,57.65,67.80,57.65,63.80,64.50,63.20,104,12541,786018.00,
526409,KKALPANAIND ,X ,Q,30.50,30.50,29.25,30.00,30.00,29.85,149,26013,774007.00,
526415,OK PLAY (I) ,XT,Q,22.70,22.70,22.00,22.70,22.70,22.30,44,6477,146984.00,
526423,KRITI INDUS.,X ,Q,72.80,72.80,72.80,72.80,72.80,76.60,144,15073,1097314.00,
526433,ASM TECHNOLO,X ,Q,121.70,123.50,115.90,121.95,121.55,118.20,151,16763,2048770.00,
526435,PERFECTPAC  ,X ,Q,113.85,113.85,113.85,113.85,113.85,117.40,2,2,227.00,
526441,VISIONCINE  ,XT,Q,0.68,0.70,0.64,0.69,0.69,0.67,43,22358,14926.00,
526445,INDRAYANI BI,X ,Q,5.95,5.95,5.73,5.91,5.91,5.95,38,6994,41490.00,
526468,EURO LEDAR F,XT,Q,14.05,14.05,14.05,14.05,14.05,14.75,3,178,2500.00,
526471,WINSOME BREW,XT,Q,6.22,6.23,6.14,6.23,6.23,5.94,123,17501,108743.00,
526473,ELEGANT FLOR,X ,Q,1.68,1.70,1.68,1.68,1.68,1.76,17,2986,5019.00,
526479,SKY INDUST. ,X ,Q,99.00,100.00,90.70,98.80,99.00,95.45,175,35315,3472441.00,
526481,PHOENIX INT.,XT,Q,14.59,15.31,13.87,13.87,13.87,14.59,23,3264,47088.00,
526492,RISHIROOP   ,X ,Q,114.00,114.00,108.00,109.10,109.10,112.25,204,21638,2392051.00,
526504,DOLPHIN MEDI,XT,Q,3.58,3.58,3.45,3.58,3.58,3.51,62,16321,58420.00,
526506,SYSTAMATIX C,X ,Q,211.90,211.90,204.00,204.00,204.00,204.00,7,723,149052.00,
526519,ALPINE HSG. ,X ,Q,14.25,14.25,13.40,13.70,13.70,13.18,21,2009,27258.00,
526521,SANGHI IND. ,B ,Q,47.85,49.65,47.30,48.45,48.45,47.15,930,165079,8007132.00,
526544,SCANP GEOM  ,X ,Q,16.00,16.00,15.45,15.50,15.90,16.00,28,3141,48872.00,
526546,CHOKSI LABOR,XT,Q,9.50,9.87,9.38,9.50,9.50,9.87,13,2339,22108.00,
526550,CCHHL       ,B ,Q,5.11,5.78,5.11,5.43,5.43,5.45,155,56485,309870.00,
526554,SALGUTI IND ,XT,Q,9.09,9.09,9.09,9.09,9.09,8.66,7,113,1027.00,
526568,LONGVIEW TEA,XT,Q,16.15,16.17,15.45,16.17,16.17,15.40,5,191,3015.00,
526574,ENTERPR.INTE,X ,Q,8.72,9.15,8.40,9.15,9.15,8.72,11,1264,11146.00,
526576,TECHIN      ,B ,Q,5.17,5.17,4.76,5.17,5.17,4.93,41,25413,131208.00,
526582,TPL PLAST   ,B ,Q,233.10,236.55,224.20,232.15,229.60,229.40,339,11501,2686621.00,
526586,WIM PLAST LT,X ,Q,447.00,447.00,423.00,429.70,429.10,437.55,231,14859,6419126.00,
526588,PHOTOQUIP(I),X ,Q,8.20,8.20,8.20,8.20,8.20,8.15,4,500,4100.00,
526596,LIBERTY SHOE,B ,Q,133.40,137.50,132.10,134.85,134.85,132.55,363,9009,1208289.00,
526604,LIPPI SYSTEM,XT,Q,9.90,9.90,9.65,9.65,9.65,9.45,3,153,1514.00,
526608,ELECTROTHERM,B ,Q,120.30,125.85,117.90,124.30,124.00,117.25,285,12218,1470105.00,
526612,BLUE DART EX,A ,Q,5600.00,5842.75,5496.05,5771.95,5755.00,5490.55,1622,8914,51364494.00,
526614,EXPO GAS    ,XT,Q,5.97,6.26,5.68,5.75,5.71,5.97,71,8796,51877.00,
526616,NAT.PLASTIC ,X ,Q,32.00,33.90,30.00,30.85,30.85,31.25,182,24188,762955.00,
526622,MFL INDIA   ,X ,Q,0.18,0.18,0.18,0.18,0.18,0.18,118,563507,101431.00,
526638,TEXEL INDUS.,X ,Q,46.25,46.25,45.35,46.25,46.25,45.35,74,41323,1910613.00,
526640,ROYALE MANOR,XT,Q,15.85,16.00,15.50,15.80,15.80,15.50,18,2747,43507.00,
526642,MIRZA INTER ,B ,Q,49.25,49.25,47.40,48.55,48.55,47.00,302,19971,967856.00,
526650,TOURISM FINA,B ,Q,66.80,69.85,65.30,65.65,65.40,64.75,1845,213008,14398672.00,
526654,THAKKERS DEV,X ,Q,67.00,67.20,67.00,67.15,67.15,64.00,9,450,30210.00,
526666,BHARTIYA INT,T ,Q,207.25,211.00,200.50,206.40,205.00,204.95,58,3088,631790.00,
526668,KAMAT HOTELS,B ,Q,31.50,36.40,31.50,34.25,34.25,31.30,570,38435,1298569.00,
526677,DSJ COMM.LTD,T ,Q,0.95,0.95,0.95,0.95,0.95,1.00,1,200,190.00,
526687,POLO HOTELS ,Z ,Q,3.19,3.19,3.19,3.19,3.19,3.04,1,949,3027.00,
526703,ECOPLAST LTD,X ,Q,75.20,79.15,74.35,76.45,76.45,78.20,226,14715,1122157.00,
526705,ELEGANT MARB,X ,Q,120.00,126.75,116.25,126.75,126.75,120.75,4,2001,239395.00,
526717,GOPALA POLY.,Z ,Q,22.80,22.80,22.80,22.80,22.80,22.40,1,1,22.00,
526721,NICCO PARKS ,XT,Q,42.00,43.90,40.90,43.75,43.75,43.00,9,176,7483.00,
526723,NTC INDUST  ,X ,Q,64.10,64.10,59.05,59.80,59.80,61.35,137,14837,892051.00,
526725,SANDESH LTD.,B ,Q,721.00,758.55,717.00,738.00,738.00,724.00,201,2394,1761386.00,
526727,GARNET CONST,X ,Q,21.20,22.20,19.35,20.45,20.80,20.75,104,8759,182631.00,
526729,GOLDIAM INT.,B ,Q,412.70,417.85,407.80,412.50,412.35,404.60,480,6095,2513645.00,
526731,BRIGHT BROS.,X ,Q,85.00,85.00,82.20,82.95,82.95,84.90,50,1768,148856.00,
526737,CORPOR COUR ,XT,Q,4.10,4.28,3.91,3.95,3.95,4.09,44,5366,21985.00,
526739,NARMADA GEL ,X ,Q,178.90,178.90,173.50,176.65,177.00,175.05,56,2968,520748.00,
526747,P.G.FOILS   ,X ,Q,96.50,104.00,96.45,98.20,98.75,95.85,118,6853,688712.00,
526755,VELAN HOTELS,X ,Q,2.95,3.44,2.95,3.19,3.19,3.27,16,5614,17371.00,
526761,HOWARD HOTEL,X ,Q,4.75,4.75,4.75,4.75,4.75,4.75,3,80,380.00,
526775,VALIANT COMM,X ,Q,68.85,69.50,66.95,68.20,69.50,66.90,82,5989,408685.00,
526783,DR.AGAR.EYE ,X ,Q,376.00,377.35,362.20,372.00,372.00,377.05,39,3465,1299207.00,
526797,GREENPLY IND,A ,Q,202.30,210.80,199.00,209.55,209.75,197.45,1309,36689,7574284.00,
526799,UNION QUALIT,XT,Q,12.94,13.50,12.94,13.50,13.50,12.94,3,3,39.00,
526807,SEAMEC LTD  ,B ,Q,395.25,403.35,386.15,394.25,395.30,393.15,84,552,218582.00,
526813,RAGHUNATH IN,XT,Q,5.98,5.98,5.42,5.90,5.46,5.70,79,5051,29165.00,
526817,CHEVIOT CO. ,X ,Q,1147.65,1152.70,1110.00,1152.70,1152.70,960.60,6200,151115,173135581.00,
526821,DAI-ICHI KAR,X ,Q,368.90,384.80,360.55,376.90,376.30,362.65,354,21088,7912950.00,
526823,RAJINFRA    ,X ,Q,3.55,3.55,3.55,3.55,3.55,3.55,3,268,951.00,
526827,SPICE ISLAND,XT,Q,4.21,4.21,4.21,4.21,4.21,4.21,3,1000,4210.00,
526829,CONFI PETRO ,B ,Q,65.00,68.25,63.50,64.00,64.00,64.45,1649,261294,17173884.00,
526839,SHELTER     ,X ,Q,9.89,9.89,9.89,9.89,9.89,9.42,2,100,989.00,
526847,ASHIRWAD STL,X ,Q,14.00,15.35,13.30,14.73,14.94,14.26,65,13214,191367.00,
526849,BANARAS BEAD,B ,Q,48.85,51.55,48.85,50.55,50.55,49.85,46,3814,191228.00,
526851,AREX IND.   ,X ,Q,59.80,66.00,59.80,65.85,66.00,62.90,16,2102,135439.00,
526853,BILCARE LTD.,X ,Q,53.60,54.95,52.80,53.30,53.30,54.50,442,36555,1966593.00,
526859,INTER ST.FIN,X ,Q,1.72,1.72,1.72,1.72,1.72,1.75,24,17033,29296.00,
526861,RISHI LASER ,X ,Q,14.70,14.70,13.31,14.70,14.70,14.00,13,22386,328401.00,
526865,JAINCO PROJ.,XT,Q,2.39,2.39,2.39,2.39,2.39,2.39,10,553,1321.00,
526871,INTEC CAP   ,X ,Q,14.10,14.10,13.56,13.56,13.56,14.21,4,416,5696.00,
526881,63MOONS     ,T ,Q,87.60,88.40,87.05,87.35,87.40,87.40,92,4683,410887.00,
526885,SARLA PER F ,B ,Q,35.45,35.85,33.85,34.25,34.45,34.95,721,112169,3900090.00,
526899,HFIL        ,X ,Q,10.95,11.50,10.42,11.25,11.25,10.25,1096,524924,5829260.00,
526905,PADMAIND    ,X ,Q,5.85,5.85,5.85,5.85,5.85,5.86,1,75,438.00,
526921,21ST CEN.MGM,B ,Q,13.43,13.43,13.43,13.43,13.43,13.17,3,4,53.00,
526931,HARIYANA SH.,X ,Q,67.70,67.70,64.10,65.30,65.00,66.35,61,9354,615411.00,
526935,ARUNIS      ,X ,Q,29.40,32.85,29.40,30.25,32.85,30.30,5,123,3619.00,
526945,TYROON TEA  ,X ,Q,58.70,61.45,57.00,59.65,59.55,58.35,46,4151,246916.00,
526947,LA-OPALA RG ,A ,Q,220.80,225.70,219.10,223.30,223.30,216.35,394,3649,811585.00,
526951,GOLDEN LAMIN,X ,Q,873.95,873.95,851.50,870.95,863.35,868.85,199,29096,25333921.00,
526953,VENUS REMEDI,B ,Q,312.65,312.85,302.25,307.85,307.85,306.10,164,4311,1327212.00,
526965,GUJ.CRAFT IN,XT,Q,45.00,45.00,42.50,43.05,43.05,42.95,33,683,29825.00,
526967,HEERA ISPAT ,Z ,Q,0.98,0.98,0.98,0.98,0.98,0.97,1,1,0.00,
526971,DHOOT I.FIN.,X ,Q,43.65,43.65,39.30,40.90,41.90,40.70,73,3210,131301.00,
526981,SHBAJRG     ,X ,Q,161.90,162.00,151.30,156.40,157.90,157.60,174,13043,2061823.00,
526987,URJA GLOBAL ,B ,Q,6.85,6.91,6.51,6.68,6.68,6.82,4288,1419082,9479196.00,
527001,ASHAPURA LTD,B ,Q,162.00,167.60,158.60,159.90,159.60,162.55,741,23940,3882315.00,
530001,GUJ.ALKALI  ,A ,Q,421.60,442.25,421.60,434.15,433.05,416.65,2117,63216,27387691.00,
530005,INDIA CEM.  ,A ,Q,175.50,182.55,174.35,177.85,177.85,173.25,2401,307929,54949524.00,
530007,JK TYRE IND ,A ,Q,118.60,124.00,118.60,122.50,122.50,118.60,2681,125568,15304179.00,
530011,MANGLR.CHEM ,B ,Q,89.15,91.95,87.15,88.75,90.25,88.50,1834,155787,13861985.00,
530017,STD.INDUST. ,T ,Q,17.15,18.00,16.70,17.20,17.20,17.50,42,9985,171872.00,
530019,JUBLPHARMA  ,A ,Q,826.00,845.00,809.05,840.35,842.00,830.65,1505,17316,14295925.00,
530023,THEINVEST   ,B ,Q,97.00,99.00,92.30,93.95,93.60,94.20,90,5139,483321.00,
530025,SAMYAK INT  ,XT,Q,19.90,19.95,19.50,19.95,19.95,19.90,16,1900,37662.00,
530043,ACKNIT IND  ,X ,Q,104.00,115.00,104.00,112.05,111.00,105.10,329,34352,3778821.00,
530045,TITAN SECUR.,XT,Q,11.03,11.03,10.35,10.70,10.70,10.51,113,18663,200456.00,
530047,MOHOTAIND   ,B ,Q,7.48,7.69,7.03,7.45,7.45,7.33,39,3171,23218.00,
530057,VIVANZA     ,X ,Q,64.60,64.60,64.60,64.60,64.60,63.35,4,25,1615.00,
530063,YASRAJ CONT.,X ,Q,2.09,2.18,2.09,2.17,2.17,2.17,11,9637,20599.00,
530067,CSLFINANCE  ,X ,Q,232.05,241.00,231.00,235.10,235.10,231.00,37,2577,604823.00,
530073,SANGHVI MOVE,B ,Q,176.50,176.50,162.30,164.65,164.95,162.90,1090,43027,7091250.00,
530075,SELAN EXPLOR,B ,Q,136.70,148.25,136.00,143.75,143.45,134.00,848,28173,4035310.00,
530077,FRESHTROP FR,X ,Q,87.75,87.75,83.00,83.45,84.35,85.95,95,10736,904508.00,
530079,FAZE THREE L,X ,Q,95.35,95.35,86.00,93.00,93.40,89.00,126,17760,1628537.00,
530109,ANUPAM      ,X ,Q,8.99,8.99,8.30,8.52,8.52,8.56,157,60835,518811.00,
530111,RAJ PACKAGIN,X ,Q,20.25,20.25,20.20,20.20,20.20,21.25,8,7985,161498.00,
530117,PRIVISCL    ,A ,Q,1090.00,1101.10,1060.00,1069.65,1068.00,1075.70,1002,7280,7863765.00,
530119,NATRAJ PROTE,XT,Q,49.70,52.15,49.70,52.15,52.15,49.70,46,7166,372758.00,
530125,SAMRAT PHARM,X ,Q,232.00,232.00,224.60,227.65,228.40,230.10,262,4205,960708.00,
530127,NPR FINANCE ,X ,Q,11.00,12.40,11.00,11.95,12.40,11.78,16,3205,36935.00,
530129,NILE LTD.   ,X ,Q,387.50,407.95,387.50,394.90,395.00,386.95,109,3419,1358859.00,
530131,UDAIPUR CEME,X ,Q,27.20,27.20,25.80,25.85,25.85,26.70,2328,811878,21292017.00,
530133,AMCO INDIA L,X ,Q,29.95,29.95,28.40,29.95,29.95,29.85,29,3239,93018.00,
530135,OPTIEMUS    ,B ,Q,138.60,142.10,134.00,135.80,138.00,136.00,113,17092,2405423.00,
530145,KISAN MOULD.,X ,Q,15.55,16.00,14.91,15.67,15.68,15.24,62,16037,255709.00,
530151,VIJAY TEXTIL,X ,Q,38.55,38.55,36.50,37.40,37.80,37.75,37,4505,167811.00,
530163,KERALA AYUR ,X ,Q,53.75,55.85,52.20,53.30,53.30,52.95,166,28069,1511711.00,
530167,MOONGIPA CAP,XT,Q,3.29,3.29,3.25,3.28,3.25,3.14,2,600,1970.00,
530169,MOHIT PAPER ,X ,Q,5.62,5.62,5.62,5.62,5.62,5.36,5,575,3231.00,
530171,DAULAT SEC. ,XT,Q,5.83,5.83,5.83,5.83,5.83,5.56,6,600,3498.00,
530175,ODYSSEY TECH,XT,Q,53.95,53.95,51.00,51.95,51.95,51.95,186,17771,933877.00,
530185,SURAT TEXT. ,X ,Q,4.15,4.17,3.95,4.04,4.04,4.15,1027,619261,2481132.00,
530187,ATHARV ENT  ,XT,Q,0.97,0.97,0.93,0.95,0.95,0.93,31,38618,36235.00,
530199,THEMIS MEDIC,B ,Q,485.45,495.00,469.95,473.10,476.40,480.70,419,5264,2545346.00,
530201,KALLAM      ,X ,Q,11.35,11.45,10.90,10.97,10.90,11.23,40,9522,107366.00,
530207,BRAWN BIO   ,XT,Q,30.00,31.70,29.15,31.70,31.70,30.20,25,2684,82386.00,
530213,FORTUNE INT.,XT,Q,11.21,11.21,11.00,11.00,11.00,10.68,3,735,8232.00,
530215,KINGSINFRA  ,X ,Q,36.20,36.20,32.50,33.95,33.95,30.20,3474,755079,26379875.00,
530231,SUBHASH SILK,XT,Q,11.45,11.45,11.45,11.45,11.45,11.45,1,1,11.00,
530233,AURO LAB.   ,X ,Q,104.00,108.80,102.65,105.65,106.50,102.60,441,42964,4535809.00,
530235,KJMC FIN.   ,X ,Q,10.00,10.00,10.00,10.00,10.00,10.50,1,50,500.00,
530239,SUVEN LIFE S,A ,Q,95.25,96.00,94.25,94.45,94.35,94.80,636,36054,3417136.00,
530259,INTER ST.OIL,X ,Q,9.76,9.95,9.76,9.77,9.77,10.27,14,7569,73935.00,
530263,GLOBAL CAP. ,Z ,Q,1.60,1.60,1.55,1.55,1.55,1.55,5,357,558.00,
530265,SAINIK FIN. ,X ,Q,20.00,21.25,20.00,21.05,21.05,20.25,6,697,14498.00,
530267,SABOO BROS. ,XT,Q,8.50,8.54,8.50,8.54,8.54,8.14,6,2059,17539.00,
530271,RICH UNV    ,XT,Q,4.73,4.73,4.73,4.73,4.73,4.97,2,3,14.00,
530291,PAOS        ,X ,Q,12.00,12.00,12.00,12.00,12.00,11.50,1,100,1200.00,
530299,KOTHARI PROD,B ,Q,77.50,91.50,76.45,89.30,89.30,76.25,2209,116587,10311941.00,
530305,PICCADILY AG,X ,Q,15.60,15.94,14.90,15.26,15.26,15.24,909,164757,2525419.00,
530307,CHAMANLAL SE,B ,Q,138.70,138.80,132.00,133.45,133.45,134.15,1094,85682,11401098.00,
530309,CHANDRA PRAB,X ,Q,36.75,36.75,34.00,35.90,35.90,35.25,31,8365,292321.00,
530313,KIMIABL     ,X ,Q,42.50,45.45,42.45,43.15,43.05,43.60,32,2542,109722.00,
530315,HIND.TIN WRK,X ,Q,80.50,86.00,78.15,85.35,85.35,76.95,2250,507518,42415326.00,
530317,GODAVARI DRU,X ,Q,59.25,60.50,59.25,59.90,59.35,59.30,45,3464,206929.00,
530331,PREMCO GLOB.,X ,Q,384.45,384.45,366.15,375.70,375.20,366.15,135,7279,2737660.00,
530341,MUKESH BABU ,X ,Q,140.00,142.95,130.45,133.10,133.10,137.30,14,389,51644.00,
530343,GENUS POWER ,B ,Q,53.90,55.15,51.00,52.85,52.85,54.45,480,44133,2326644.00,
530355,ASIANENE    ,X ,Q,97.10,103.60,97.10,99.40,99.40,98.35,167,25787,2565076.00,
530357,KBS INDIA   ,X ,Q,3.80,3.80,3.80,3.80,3.80,3.80,6,881,3347.00,
530363,UGAR SUGAR  ,B ,Q,34.20,34.40,32.50,32.70,32.70,33.85,829,110752,3647841.00,
530365,ORIENTBELL  ,B ,Q,284.95,284.95,263.50,271.65,270.50,281.45,928,18731,5088361.00,
530367,NRB BEARINGS,A ,Q,109.80,113.00,109.80,111.20,111.20,110.15,832,21353,2385905.00,
530369,VAMSHI RUBB.,X ,Q,19.35,19.35,19.25,19.25,19.25,18.55,3,600,11600.00,
530377,NILA INFRA. ,B ,Q,4.96,5.00,4.94,4.95,4.94,4.96,44,53758,266621.00,
530393,DB INT.ST.BR,B ,Q,9.76,9.96,9.30,9.41,9.41,9.76,68,2173,20651.00,
530401,VINYOFLEX LT,XT,Q,31.50,31.50,28.65,30.90,30.95,30.00,10,1371,42172.00,
530405,JINDAL CAP. ,X ,Q,13.65,13.65,13.65,13.65,13.65,13.00,5,1121,15301.00,
530407,EPIC ENERGY ,X ,Q,3.12,3.12,2.84,2.84,2.84,3.14,29,22428,63799.00,
530419,SUMEDHA FISC,X ,Q,24.95,25.85,24.65,24.65,24.65,24.95,19,3435,85963.00,
530427,CHOKSI IMAG ,X ,Q,27.00,27.30,24.70,25.85,25.85,26.00,38,16624,424395.00,
530429,ASHISH POLY.,X ,Q,8.30,8.30,8.30,8.30,8.30,8.30,8,745,6183.00,
530431,ADOR FONTECH,X ,Q,41.40,41.40,40.00,41.00,41.15,40.95,126,17225,700439.00,
530433,SHIVA FERT. ,X ,Q,38.50,39.80,37.10,38.45,38.45,38.20,64,5226,200728.00,
530439,SIDDHA VEN  ,X ,Q,1.22,1.32,1.22,1.31,1.31,1.32,16,7582,9965.00,
530445,SUMERU IND  ,XT,Q,0.81,0.81,0.75,0.81,0.81,0.78,15,3688,2960.00,
530449,RUNGTA IRRIG,XT,Q,18.05,18.50,18.05,18.50,18.50,19.00,7,110,2030.00,
530457,CINERAD COMM,X ,Q,1.83,1.83,1.83,1.83,1.83,1.83,2,200,366.00,
530459,VALSON INDUS,X ,Q,21.95,22.00,20.60,21.00,21.00,21.50,178,10080,215725.00,
530461,SABOO SODIUM,X ,Q,7.41,7.65,7.36,7.37,7.37,7.51,36,23759,177598.00,
530469,GSL SECUR.  ,X ,Q,4.46,4.46,4.46,4.46,4.46,4.46,1,80,356.00,
530475,TINNARUBR   ,X ,Q,38.15,38.15,38.15,38.15,38.15,37.45,2,101,3853.00,
530477,VIKRAM THERM,X ,Q,204.95,204.95,192.00,195.75,194.50,198.30,132,8310,1635804.00,
530495,STRATMONT   ,Z ,Q,18.70,19.05,18.70,19.05,19.05,19.05,2,25,474.00,
530499,A.K.CAPITAL ,X ,Q,393.10,398.70,389.70,398.00,398.00,389.70,80,5661,2244113.00,
530517,RELAXO FOOT.,A ,Q,919.80,920.85,900.85,917.80,917.80,909.45,766,6393,5809733.00,
530521,VIRAT INDUS.,X ,Q,36.60,38.75,36.60,37.15,37.30,35.75,20,1027,38494.00,
530525,SHEETAL DIAM,XT,Q,2.64,2.64,2.64,2.64,2.64,2.59,2,114,300.00,
530533,TERAI TEA CO,X ,Q,43.90,43.90,40.65,41.30,41.00,42.75,37,7204,297279.00,
530545,COSCO INDIA ,X ,Q,123.00,125.95,120.50,122.20,122.00,120.25,38,2292,283777.00,
530549,SHILPA MEDIC,A ,Q,536.00,574.90,527.00,543.35,543.35,509.55,12052,296671,162181426.00,
530555,PARAMOUNT CO,B ,Q,9.86,10.46,9.53,10.05,10.10,9.66,266,117643,1187309.00,
530557,NCL RESEARCH,X ,Q,0.40,0.40,0.40,0.40,0.40,0.39,9,45019,18007.00,
530577,LADDERUP FIN,X ,Q,14.45,14.49,13.30,13.93,13.93,13.87,16,1348,18281.00,
530579,UYFINCORP   ,X ,Q,3.99,3.99,3.63,3.84,3.85,3.82,26,5198,19797.00,
530585,SWASTIK INV ,X ,Q,170.10,170.10,155.45,162.65,162.90,162.00,21,639,106117.00,
530589,PRIMA PLASTI,X ,Q,120.00,120.90,108.10,110.50,112.00,120.15,319,20939,2366123.00,
530601,JAGSON FIN. ,XT,Q,0.98,0.98,0.98,0.98,0.98,1.03,1,10,9.00,
530609,CARNATION IN,XT,Q,4.90,5.25,4.80,5.20,5.20,5.05,14,1681,8326.00,
530615,GARG FURNACE,XT,Q,27.80,27.80,27.80,27.80,27.80,26.50,7,1643,45675.00,
530617,SAMPRE NUTRI,XT,Q,16.20,17.70,16.20,17.70,17.70,16.90,14,1295,21938.00,
530621,AAIL        ,X ,Q,18.20,19.25,17.45,18.30,18.30,17.30,47,12209,224758.00,
530627,VIPULORG    ,X ,Q,185.10,190.00,180.25,182.85,183.00,185.10,394,27128,4979197.00,
530643,ECORECO     ,X ,Q,56.50,62.40,55.00,57.00,57.00,56.70,343,58114,3403777.00,
530655,GOODLUCK    ,B ,Q,100.05,105.15,100.05,100.65,101.15,102.65,1131,63153,6451652.00,
530663,GOYAL ASSO. ,XT,Q,3.57,3.57,3.57,3.57,3.57,3.64,21,55262,197285.00,
530665,ZENITH HEALT,XT,Q,7.97,7.97,7.67,7.97,7.97,7.82,739,144109,1146269.00,
530669,PREM SOMANI ,XT,Q,8.05,8.05,7.75,7.75,7.75,7.90,3,1025,8243.00,
530675,YORK EXPORTS,XT,Q,13.32,13.32,13.32,13.32,13.32,12.69,3,40,532.00,
530677,SUPREME HO  ,X ,Q,14.70,15.85,14.70,15.70,15.70,15.45,34,1022,15903.00,
530689,LYKISLTD    ,XT,Q,31.75,32.00,31.75,31.75,31.75,33.40,13,1065,33866.00,
530695,PRIME PROP  ,X ,Q,9.00,9.39,8.79,9.39,9.39,8.71,20,5514,48954.00,
530697,ZENLABS     ,X ,Q,23.05,25.25,23.05,24.70,24.80,24.05,44,5069,125586.00,
530699,RAJRAYON    ,Z ,Q,0.23,0.24,0.22,0.23,0.24,0.23,55,324366,72443.00,
530711,JAGAN LAMPS ,X ,Q,36.50,39.95,36.00,38.45,38.75,36.10,369,48558,1865369.00,
530713,AJEL        ,Z ,Q,2.53,2.53,2.53,2.53,2.53,2.53,7,779,1970.00,
530715,ALPS INDS.  ,B ,Q,1.75,1.91,1.75,1.90,1.91,1.82,25,17533,33138.00,
530723,ASIT C FIN  ,XT,Q,85.00,88.00,80.70,87.85,88.00,84.90,12,2600,220645.00,
530733,NOVAPUBLIC  ,X ,Q,31.50,31.50,31.50,31.50,31.50,31.50,1,5,157.00,
530735,SUPER BAKERS,X ,Q,9.75,9.75,9.75,9.75,9.75,9.50,1,1,9.00,
530747,INDO ASN.FIN,X ,Q,3.87,3.87,3.87,3.87,3.87,3.69,1,9,34.00,
530755,CORAL NEWSPR,XT,Q,2.81,2.81,2.80,2.80,2.80,2.81,14,1995,5586.00,
530759,STERL.TOOLS ,B ,Q,192.00,192.00,163.00,187.80,188.00,188.10,121,2933,538504.00,
530771,KLG CAPITAL ,X ,Q,9.31,9.31,9.31,9.31,9.31,9.80,3,20,186.00,
530777,INFRA INDUS.,Z ,Q,5.78,5.78,5.78,5.78,5.78,5.78,1,4,23.00,
530779,DYNAMIC PORT,XT,Q,4.23,4.25,4.23,4.25,4.25,4.45,2,30,127.00,
530789,CEEJAY FINAN,X ,Q,73.00,75.95,67.05,71.15,72.00,73.90,113,6956,495247.00,
530803,BHAGIL      ,B ,Q,194.90,198.80,190.00,191.10,191.00,191.95,323,12919,2478401.00,
530809,BNR UDYOG   ,X ,Q,10.15,10.15,10.15,10.15,10.15,10.15,2,134,1360.00,
530813,KRBL LTD.   ,A ,Q,228.00,230.95,225.00,226.45,225.00,225.95,1237,56310,12823396.00,
530815,REFNOL RESIN,XT,Q,38.55,38.60,38.00,38.30,38.30,37.00,16,9190,352677.00,
530821,SSPDL LTD   ,X ,Q,16.80,16.80,15.30,16.75,16.75,16.00,8,421,7028.00,
530825,DAIKAFFIL CH,X ,Q,30.00,30.00,28.70,29.70,29.70,29.25,16,1528,44776.00,
530829,CIL SECURITS,X ,Q,12.49,12.95,11.73,12.31,12.31,12.18,19,903,11096.00,
530839,CLIO INFOTEC,X ,Q,1.25,1.25,1.25,1.25,1.25,1.25,3,11,13.00,
530843,CUPID LTD   ,B ,Q,235.00,235.00,228.55,230.00,234.50,228.10,637,12940,2999562.00,
530845,SUNSHIELD CH,X ,Q,272.80,279.95,266.80,279.45,279.95,266.65,149,10994,3035207.00,
530853,HIPOLIN LTD.,X ,Q,33.45,34.75,33.45,34.75,34.75,34.10,2,200,6820.00,
530871,CHEMBOND CHM,B ,Q,204.50,206.00,198.00,200.65,200.05,201.95,482,13251,2674268.00,
530879,CIFL        ,X ,Q,107.60,112.00,106.00,109.35,110.55,107.60,34,1229,133426.00,
530881,ABVL        ,XT,Q,14.82,14.82,14.82,14.82,14.82,14.53,1,1,14.00,
530883,SUPER CROP. ,X ,Q,7.41,7.57,7.30,7.39,7.35,7.41,139,76982,569596.00,
530889,ALKA INDIA  ,XT,Q,0.50,0.50,0.50,0.50,0.50,0.48,82,256088,128044.00,
530897,N.G.IND.LTD.,X ,Q,47.00,48.50,45.20,46.45,46.50,47.45,20,695,32060.00,
530899,ASIA PACK   ,X ,Q,15.40,17.00,15.40,17.00,17.00,16.20,2,101,1557.00,
530915,J.R.FOODS   ,XT,Q,2.99,2.99,2.99,2.99,2.99,2.99,2,100,299.00,
530919,REMSONS IND.,B ,Q,164.50,164.50,158.05,160.55,160.55,162.30,42,6008,967114.00,
530931,STANPACKS(I),X ,Q,2.50,2.51,2.50,2.51,2.51,2.61,3,4,10.00,
530943,SRI ADHIKARI,T ,Q,2.18,2.18,2.18,2.18,2.18,2.18,1,200,436.00,
530951,RAMINFO     ,X ,Q,31.30,32.95,31.30,32.65,32.00,32.30,69,18685,607072.00,
530953,SUNIL AGRO F,X ,Q,35.05,35.05,33.30,33.90,33.80,35.05,22,1411,47834.00,
530959,DIANA TEA CO,X ,Q,22.90,23.10,21.75,22.10,22.10,22.75,93,11442,253134.00,
530961,VIKASECO    ,B ,Q,2.32,2.35,2.30,2.30,2.30,2.42,274,406837,938191.00,
530965,INDIAN OIL  ,A ,Q,103.00,105.85,102.45,105.55,105.55,102.00,7443,2038236,212846586.00,
530973,ALFA ICA (I),XT,Q,28.20,28.20,28.20,28.20,28.20,29.65,8,1067,30089.00,
530977,SKCIL       ,X ,Q,37.80,37.80,35.10,36.05,36.00,36.00,11,239,8641.00,
530979,INDIA HOME  ,X ,Q,49.90,49.90,47.00,48.20,49.00,48.65,85,13269,637938.00,
530991,ROOPA INDUS ,X ,Q,14.66,14.66,14.65,14.66,14.66,13.97,17,1582,23177.00,
530997,UNIQUE ORGAN,X ,Q,13.90,14.54,13.23,14.25,14.25,13.90,16,4473,61779.00,
530999,BALAJI AMINE,A ,Q,2517.00,2648.00,2499.15,2628.00,2628.00,2482.60,4441,37278,96355271.00,
531017,ARIHANT SEC.,X ,Q,3.60,3.78,3.60,3.78,3.78,3.60,2,103,372.00,
531025,VISAGAR FIN ,X ,Q,0.90,0.92,0.88,0.88,0.88,0.88,28,5026,4575.00,
531033,REGAL ENTERT,X ,Q,8.70,8.70,8.70,8.70,8.70,8.70,1,20,174.00,
531041,COMPETENT AU,X ,Q,163.00,163.00,153.40,154.20,153.40,164.80,25,800,124104.00,
531043,DHAN JEEVAN ,XT,Q,6.00,6.50,6.00,6.25,6.25,6.20,8,520,3267.00,
531051,VINTAGE SECU,XT,Q,6.95,6.95,6.95,6.95,6.95,7.31,2,900,6255.00,
531067,CONTIL I LTD,X ,Q,13.00,13.00,11.91,11.91,11.91,12.53,3,110,1321.00,
531069,VIJAY SOLVEX,XT,Q,2376.05,2376.05,2376.05,2376.05,2376.05,2329.50,72,707,1679867.00,
531080,SHRI KRISH  ,X ,Q,12.89,13.53,12.89,13.00,13.00,12.89,5,171,2295.00,
531082,ALANKIT     ,B ,Q,16.04,16.16,15.85,15.91,15.95,16.04,310,29395,469181.00,
531083,NIHAR INFO  ,XT,Q,4.35,4.36,4.15,4.36,4.36,4.16,21,5935,25857.00,
531091,UNITED CRED.,X ,Q,11.30,11.30,10.52,11.18,11.18,10.92,15,2357,25189.00,
531092,OMINFRAL    ,B ,Q,22.70,22.95,21.70,22.30,22.30,22.40,187,7235,160306.00,
531099,RUBRA MEDICA,X ,Q,2.65,2.65,2.52,2.52,2.52,2.65,13,12827,32337.00,
531109,ISHAN DYES  ,X ,Q,60.50,61.90,60.50,61.35,61.55,60.10,147,20528,1260389.00,
531111,GOTHI PLASCO,P ,Q,18.05,19.90,18.05,19.00,19.00,19.00,14,2400,46045.00,
531112,BALUFORGE   ,X ,Q,225.05,231.25,225.05,231.20,231.20,225.05,3,20,4593.00,
531120,PATEL ENGG. ,A ,Q,14.12,15.70,14.12,15.24,15.24,13.88,1005,338392,5166898.00,
531129,INANI MARBLE,X ,Q,16.40,16.40,15.90,16.40,16.40,16.40,12,1840,29918.00,
531137,GEMSTONE INV,X ,Q,1.35,1.35,1.28,1.30,1.34,1.30,108,56940,75902.00,
531146,MEDICAMEN BI,X ,Q,585.00,620.00,572.00,589.85,589.85,587.50,488,18207,11004585.00,
531147,ALICON      ,B ,Q,519.35,540.00,515.05,525.45,520.60,513.90,146,782,409034.00,
531153,DILIGENT    ,X ,Q,7.12,7.12,6.76,6.76,6.76,7.11,17,4462,30295.00,
531155,EPSOM PRO   ,X ,Q,3.60,3.60,3.60,3.60,3.60,3.43,3,101,363.00,
531157,ORGANIC COAT,X ,Q,6.20,6.20,6.20,6.20,6.20,6.22,1,100,620.00,
531158,CATVISION   ,XT,Q,6.84,7.55,6.84,7.10,7.10,7.20,21,2693,19313.00,
531161,ABM KNOWLEDG,X ,Q,109.85,111.00,108.50,109.65,109.95,108.35,83,7711,842792.00,
531162,EMAMI LTD.  ,A ,Q,513.00,521.00,501.65,510.35,510.35,507.60,689,5814,2946280.00,
531163,KEMISTAR    ,X ,Q,42.70,42.70,42.70,42.70,42.70,42.70,1,1,42.00,
531169,SKP SECURE. ,X ,Q,56.45,56.45,56.40,56.45,56.45,53.80,11,207,11685.00,
531173,SYSCHEM (I) ,X ,Q,7.16,7.59,7.01,7.54,7.59,7.37,62,26980,198794.00,
531179,ARMAN FIN   ,A ,Q,544.00,544.00,519.00,527.55,525.05,525.10,316,1636,863228.00,
531192,MIDINFRA    ,XT,Q,1.00,1.05,1.00,1.05,1.05,1.00,16,6961,7301.00,
531196,GAGAN POLYCO,X ,Q,1.65,1.65,1.65,1.65,1.65,1.58,12,4774,7877.00,
531198,DHANADACOL  ,XT,Q,5.08,5.08,4.98,4.98,4.98,5.08,8,1766,8921.00,
531199,GLANCE FIN. ,X ,Q,49.00,50.25,49.00,50.25,50.25,49.70,9,1305,65412.00,
531201,SHILCHAR TEC,X ,Q,223.20,223.20,204.00,223.20,223.20,223.20,26,764,162502.00,
531203,BRAND REAL  ,XT,Q,43.70,43.70,43.70,43.70,43.70,46.00,1,100,4370.00,
531209,NUCLE.SOFT E,A ,Q,598.00,616.30,575.50,592.45,592.45,558.95,1871,28983,17440289.00,
531210,COLINZ LABOR,XT,Q,14.97,14.97,14.68,14.68,14.68,14.97,15,338,4963.00,
531211,WELLNESS    ,P ,Q,7.72,7.72,7.72,7.72,7.72,7.36,1,100,772.00,
531212,NALIN LEASE ,X ,Q,22.00,22.25,21.20,22.00,22.25,21.20,19,2812,61804.00,
531213,MANAP FIN   ,A ,Q,156.00,162.15,155.95,160.20,160.20,154.85,4434,552668,88374474.00,
531215,RTS POWER CO,X ,Q,44.60,45.40,44.00,45.40,45.40,44.60,45,5179,231848.00,
531216,COMFORT INTE,X ,Q,11.85,11.85,11.50,11.84,11.85,11.29,62,17790,210648.00,
531223,ANJANI SYNT.,X ,Q,27.50,27.50,24.10,25.25,24.55,24.60,22,860,21413.00,
531225,XTGLOBAL    ,X ,Q,22.95,27.10,22.50,27.10,27.10,22.60,664,157666,4013764.00,
531228,RANDER CORP.,X ,Q,9.65,9.65,9.65,9.65,9.65,9.60,1,300,2895.00,
531233,RASI ELECTRO,X ,Q,4.28,4.28,3.95,4.10,4.10,4.03,61,32218,130432.00,
531234,VICTORY PAPR,X ,Q,102.00,103.45,100.15,102.30,103.45,103.65,52,3831,390810.00,
531241,LINC PEN &PL,B ,Q,152.00,158.50,150.05,156.00,156.00,148.45,95,3659,563231.00,
531246,PRIMA IND.  ,XT,Q,18.50,18.50,18.20,18.20,18.25,19.15,13,1461,26744.00,
531253,INDIA GELAT.,X ,Q,112.55,118.00,112.55,114.55,113.20,112.55,200,9244,1058906.00,
531254,OPTIFIN     ,X ,Q,21.85,21.85,19.95,21.50,21.50,20.95,6,86,1758.00,
531255,PARAGON FIN.,X ,Q,17.30,18.00,17.30,17.70,17.35,17.25,18,499,8878.00,
531257,PRATIKSHA CH,XT,Q,8.95,8.95,8.95,8.95,8.95,8.53,19,7475,66901.00,
531260,SUNEDISON   ,X ,Q,64.75,64.75,64.75,64.75,64.75,63.50,3,67,4338.00,
531265,PROGREXV    ,XT,Q,4.84,5.08,4.84,4.84,4.84,4.84,4,110,539.00,
531266,VST TILLERS ,A ,Q,1890.35,1999.00,1851.00,1866.60,1858.00,1857.55,424,3422,6456720.00,
531268,B2B SOFT.   ,XT,Q,30.60,30.60,28.50,28.50,28.50,30.00,84,9726,277550.00,
531272,NIKKI GLOBAL,X ,Q,4.77,4.77,4.77,4.77,4.77,4.77,4,65,310.00,
531273,RADHE DEVLOP,X ,Q,9.40,9.40,8.20,9.00,9.14,8.81,37,10312,88708.00,
531278,ELIXIR      ,X ,Q,36.35,36.35,28.60,30.25,29.65,30.30,32,1012,30295.00,
531280,PANKAJ POLY.,X ,Q,3.69,3.70,3.42,3.69,3.69,3.53,13,1702,6154.00,
531281,P.G.IND.LTD.,XT,Q,4.75,4.95,4.61,4.66,4.90,4.85,37,7546,35183.00,
531287,NAT PLASTIC ,X ,Q,42.00,42.00,39.05,40.40,39.35,41.55,54,4111,167194.00,
531288,LEAD FINANC ,XT,Q,4.00,4.20,4.00,4.20,4.20,4.21,2,226,926.00,
531289,NATFIT      ,X ,Q,42.90,42.90,40.50,40.70,40.50,41.00,12,1896,79155.00,
531297,ARTEFACT PR ,X ,Q,34.00,34.20,32.70,34.00,34.20,34.20,10,6324,215082.00,
531306,DHP INDIA LT,X ,Q,385.10,398.90,385.00,391.25,391.25,396.25,46,785,308908.00,
531307,RRIL        ,XT,Q,11.75,12.20,11.40,12.00,12.00,11.95,40,4910,57238.00,
531310,AVAILABLE FI,X ,Q,24.95,24.95,24.90,24.90,24.90,24.50,19,3294,82180.00,
531314,INTEGRA CAP.,X ,Q,10.50,11.55,10.45,10.70,10.70,11.00,37,9213,96758.00,
531322,HAVISHA     ,T ,Q,0.81,0.81,0.76,0.81,0.81,0.78,20,6252,5050.00,
531323,JAYIND      ,X ,Q,6.33,6.33,6.30,6.30,6.30,6.03,7,1305,8227.00,
531328,KRETTOSYS   ,XT,Q,6.93,7.27,6.93,7.27,7.27,6.93,41,2661,19308.00,
531334,VIKALP SEC. ,XT,Q,2.90,2.90,2.77,2.89,2.77,2.90,2,22,63.00,
531335,ZYDUS WELL  ,A ,Q,2115.90,2139.85,2115.90,2123.45,2126.95,2131.10,408,2728,5799807.00,
531336,AUROMA COKE ,XT,Q,4.09,4.09,3.90,3.90,3.90,3.90,4,70,274.00,
531337,JUMPNET     ,B ,Q,5.78,5.78,5.78,5.78,5.78,5.51,486,607400,3510772.00,
531338,MILE GLOBAL ,X ,Q,9.71,9.71,9.71,9.71,9.71,10.22,4,1555,15099.00,
531340,BERVIN INV. ,XT,Q,12.64,12.64,11.44,11.44,11.44,12.04,7,901,10428.00,
531344,CONTAIN.CORP,A ,Q,569.30,611.90,569.30,607.95,607.95,567.30,11870,467739,280470759.00,
531346,EASTERN TRED,X ,Q,57.75,57.75,52.95,54.95,54.95,55.05,23,1458,78773.00,
531349,PANACEA BIOT,A ,Q,389.00,393.15,370.80,373.40,373.40,384.90,2992,83950,31876792.00,
531352,PEETI SECURT,XT,Q,10.27,10.27,10.27,10.27,10.27,10.27,3,49,503.00,
531358,CHOICE INT. ,X ,Q,114.00,116.50,112.70,113.60,113.00,115.70,38,6493,747872.00,
531359,SHRIRAM ASSE,X ,Q,107.85,107.85,97.75,103.75,103.75,102.80,10,544,53316.00,
531360,GOLECHA GLOB,X ,Q,5.26,5.26,5.26,5.26,5.26,5.26,1,1,5.00,
531364,PARAMONE    ,X ,Q,30.45,32.05,30.05,30.05,30.05,31.10,14,1983,61629.00,
531373,BYKE HOSP   ,B ,Q,21.10,21.10,20.50,20.55,20.55,20.80,56,5640,117176.00,
531380,CENTENIAL SU,X ,Q,55.10,55.10,55.00,55.00,55.00,52.50,15,551,30308.00,
531381,ARIHANT FOUN,B ,Q,20.80,20.85,19.25,19.60,19.60,19.90,12,161,3195.00,
531387,HASTI FINANC,X ,Q,4.02,4.02,4.02,4.02,4.02,4.02,2,37,148.00,
531390,UPSURGE INV.,X ,Q,20.00,21.35,20.00,21.15,21.35,20.35,40,6775,144095.00,
531398,SOURCENTRL  ,X ,Q,160.00,161.00,153.10,157.60,158.00,159.35,55,438,69227.00,
531400,ALMONDZ GLO ,B ,Q,39.30,39.50,35.80,36.35,35.80,37.65,178,17336,650194.00,
531402,LWS KNITWEAR,XT,Q,7.52,7.52,7.52,7.52,7.52,7.38,6,4820,36246.00,
531406,ANS LTD     ,XT,Q,11.55,11.55,11.55,11.55,11.55,11.00,1,42,485.00,
531409,ALCH CORP   ,X ,Q,6.59,6.59,6.59,6.59,6.59,6.28,5,580,3822.00,
531411,TUNI TEXTILE,XT,Q,0.50,0.51,0.47,0.51,0.51,0.49,160,247189,120318.00,
531412,RADIX IND   ,XT,Q,35.15,38.50,35.15,37.00,37.00,36.70,12,411,15618.00,
531416,NARENDRA PRO,X ,Q,15.00,15.42,15.00,15.42,15.42,15.12,3,102,1530.00,
531417,MEGA CORPN. ,X ,Q,0.89,0.89,0.87,0.89,0.89,0.88,209,135906,119730.00,
531426,TAMIL.NEWSPR,A ,Q,139.60,140.70,138.95,139.45,139.25,138.20,227,2783,390553.00,
531429,ADVENT COMP.,XT,Q,1.80,1.80,1.80,1.80,1.80,1.80,13,991,1783.00,
531431,SHAKTI PUMPS,B ,Q,578.00,603.10,572.70,578.40,579.90,558.45,3815,78865,46138601.00,
531433,SUNGOLD CAP.,X ,Q,0.90,0.90,0.90,0.90,0.90,0.90,13,295,265.00,
531437,PWASML      ,X ,Q,23.85,27.00,23.85,26.25,26.25,23.80,33,4990,128270.00,
531439,GOLDSTONE EN,B ,Q,11.00,11.00,10.35,10.38,10.38,10.50,34,8409,87566.00,
531444,VARDHMAN    ,XT,Q,3.60,3.60,3.60,3.60,3.60,3.62,15,10000,36000.00,
531449,GRM OVERSEAS,X ,Q,2312.00,2312.85,2160.00,2312.85,2312.85,2202.75,378,4028,9169740.00,
531453,MOHIT INDUS.,B ,Q,7.30,7.85,7.30,7.50,7.50,7.51,4,821,6408.00,
531454,POLYLINK POL,X ,Q,15.75,15.75,15.11,15.24,15.15,15.14,66,11861,179970.00,
531456,MINAXI TEXT.,X ,Q,0.78,0.78,0.78,0.78,0.78,0.75,21,19270,15030.00,
531460,CONTI.CONTRL,XT,Q,3.44,3.44,3.44,3.44,3.44,3.28,3,59,202.00,
531471,DUKE OFFSHOR,X ,Q,9.80,10.66,9.51,10.55,10.66,9.80,87,13274,135333.00,
531472,CYBELE IND  ,X ,Q,7.78,7.78,7.78,7.78,7.78,7.41,1,54,420.00,
531489,CG-VAK SOFTW,X ,Q,92.90,93.80,90.05,92.75,93.20,89.90,90,5404,500681.00,
531494,NAVKAR BUILD,X ,Q,12.80,12.86,11.70,12.74,12.86,12.25,78,7554,94459.00,
531496,OMKAR OVERSE,X ,Q,1.67,1.67,1.67,1.67,1.67,1.70,1,10,16.00,
531497,MADHUCON PRJ,B ,Q,5.65,5.80,5.26,5.31,5.26,5.53,69,20087,107434.00,
531499,SYBLY INDS. ,XT,Q,5.00,5.00,4.75,5.00,5.00,5.00,14,2551,12361.00,
531500,RAJESH EXPO.,A ,Q,515.00,521.10,513.00,513.05,516.00,513.00,1776,143939,73989157.00,
531502,ESAAR (I)LTD,X ,Q,1.56,1.56,1.56,1.56,1.56,1.53,21,43839,68388.00,
531503,MARIS SPIN. ,X ,Q,26.90,27.00,25.50,27.00,27.00,26.15,16,1068,28577.00,
531508,EVEREADY (I),A ,Q,290.15,291.10,280.25,284.80,285.00,286.25,1020,23399,6685583.00,
531509,STEP TWO COR,XT,Q,5.53,5.54,5.53,5.53,5.53,5.82,3,101,558.00,
531512,ORIENT TRADE,XT,Q,4.37,4.37,4.31,4.37,4.37,4.37,26,3807,16617.00,
531515,MAHAN IND.  ,XT,Q,0.31,0.31,0.31,0.31,0.31,0.31,1,100,31.00,
531518,VIKASPROP   ,B ,Q,2.25,2.30,2.23,2.24,2.25,2.22,415,385430,869843.00,
531525,ACE SOFTWARE,X ,Q,13.60,14.74,13.00,13.70,13.70,13.40,49,5360,75086.00,
531531,HATSUN AGRO ,A ,Q,812.95,883.00,812.95,867.10,882.65,827.80,799,5800,4984895.00,
531533,E.COM INFOTE,XT,Q,9.94,10.14,9.18,10.14,10.14,9.66,15,962,8941.00,
531539,RISHABH DIGH,X ,Q,22.40,23.45,21.80,23.45,23.45,22.45,7,310,6804.00,
531540,MARUTI INFRA,X ,Q,29.85,29.85,27.35,29.60,29.60,29.45,31,1042,30542.00,
531541,KOBO        ,Z ,Q,6.37,6.37,6.25,6.36,6.36,6.37,13,3326,21174.00,
531543,JINDAL WORLD,B ,Q,53.90,55.65,53.50,53.70,54.15,54.25,293,76756,4178640.00,
531548,SOMANY CRAM ,A ,Q,455.00,460.00,430.95,436.80,436.80,436.90,167,1792,788151.00,
531550,JHAVERI CRED,X ,Q,2.71,2.71,2.71,2.71,2.71,2.59,1,500,1355.00,
531552,RAGHUNATH TO,X ,Q,4.85,4.95,4.75,4.95,4.95,4.75,17,2617,12530.00,
531553,DRL         ,XT,Q,10.00,10.01,10.00,10.00,10.00,10.00,10,410,4101.00,
531556,CORAL (I)FIN,B ,Q,26.80,27.00,25.60,26.15,26.10,26.60,182,9204,244849.00,
531568,ASHUTOSH PAP,XT,Q,1.00,1.00,1.00,1.00,1.00,1.00,2,86,86.00,
531574,VAS INFRA   ,X ,Q,3.72,3.72,3.72,3.72,3.72,3.72,4,200,744.00,
531578,KMF BUILDERS,X ,Q,3.72,3.72,3.72,3.72,3.72,3.55,5,1001,3723.00,
531583,RAP MEDIA   ,X ,Q,9.10,9.10,9.05,9.05,9.05,9.04,4,285,2591.00,
531585,DEVINE IMPE ,XT,Q,2.65,2.65,2.64,2.64,2.64,2.60,12,932,2460.00,
531591,BAMPSL SECUR,XT,Q,3.82,3.82,3.46,3.53,3.75,3.64,45,23258,82514.00,
531592,GENPHARMA   ,X ,Q,8.59,8.59,8.31,8.45,8.45,8.54,464,87186,735387.00,
531595,CGCL        ,A ,Q,460.00,468.80,460.00,460.15,460.25,462.65,566,49806,22998642.00,
531599,FDC LIMITED ,A ,Q,325.30,343.65,325.30,336.25,340.00,332.55,301,7868,2660199.00,
531608,GORANI INDUS,XT,Q,17.80,19.55,17.80,19.55,19.55,18.70,5,501,8919.00,
531609,KG PETROCHEM,XT,Q,297.00,308.00,297.00,299.00,299.00,306.80,5,82,24637.00,
531613,MAL         ,XT,Q,1.03,1.13,1.03,1.13,1.13,1.08,29,78190,80860.00,
531616,STARCOM     ,XT,Q,152.55,152.55,146.65,146.65,146.65,149.60,18,227,33690.00,
531621,CENTERAC    ,XT,Q,1.47,1.53,1.47,1.47,1.47,1.53,4,1183,1745.00,
531624,COUNTRY COND,B ,Q,2.10,2.20,2.10,2.11,2.10,2.12,41,71208,151811.00,
531633,LINCOLN PHAR,A ,Q,323.00,323.00,312.85,315.30,317.40,319.25,396,9889,3136210.00,
531635,SILVER OAK  ,XT,Q,20.00,21.20,19.20,21.20,21.20,20.20,41,1082,22180.00,
531637,PRAVEG      ,X ,Q,65.95,65.95,62.25,63.05,63.00,66.00,104,12913,819317.00,
531638,SURAJ LTD   ,X ,Q,47.20,47.30,43.20,45.80,45.80,45.15,46,1367,63739.00,
531642,MARICOLTD   ,A ,Q,476.50,480.80,469.00,472.30,470.95,475.00,3475,79680,37873703.00,
531648,MAHAVIRIND  ,XT,Q,0.70,0.70,0.70,0.70,0.70,0.69,26,18511,12957.00,
531652,THIRDWAVE FI,XT,Q,36.50,36.50,35.00,35.85,36.00,34.90,11,290,10348.00,
531658,TRIJAL IND. ,X ,Q,6.64,6.64,6.64,6.64,6.64,6.33,14,31960,212214.00,
531661,HITTCO TOOLS,XT,Q,3.04,3.04,3.04,3.04,3.04,2.90,1,100,304.00,
531668,VISION CORPO,X ,Q,2.47,2.47,2.25,2.29,2.30,2.36,149,53351,122598.00,
531672,INANI SEC.  ,XT,Q,16.70,16.70,16.70,16.70,16.70,15.95,2,33,551.00,
531676,VAGHANI     ,X ,Q,10.00,10.00,10.00,10.00,10.00,10.23,1,100,1000.00,
531688,PRITHVIEXCH ,X ,Q,16.85,18.70,16.85,18.00,18.35,17.95,16,518,9301.00,
531692,KHYATI MULTI,XT,Q,0.45,0.47,0.45,0.47,0.47,0.45,2,3,1.00,
531694,RAINBOW FOUN,X ,Q,12.82,12.82,12.82,12.82,12.82,12.21,8,357,4576.00,
531716,TRICOMFRU   ,X ,Q,4.06,4.06,4.06,4.06,4.06,4.06,1,1,4.00,
531717,VIDHIING    ,B ,Q,202.15,208.80,202.15,206.90,206.90,205.35,478,15677,3236219.00,
531719,BHAGIRA.CHEM,X ,Q,537.45,540.00,529.00,530.35,529.00,527.00,155,8527,4579660.00,
531726,PANCHSHEEL O,XT,Q,105.00,105.00,97.35,98.15,98.15,102.40,41,2183,220321.00,
531727,MENON PISTON,X ,Q,19.00,21.60,18.60,20.80,20.35,18.85,574,180762,3662910.00,
531737,GREENCREST  ,X ,Q,0.78,0.78,0.78,0.78,0.78,0.77,154,190800,148824.00,
531739,GENNEX LAB  ,X ,Q,6.82,7.11,6.66,6.86,7.01,6.91,2530,1807894,12528101.00,
531744,GINI SILK MI,X ,Q,59.00,59.00,59.00,59.00,59.00,61.80,1,17,1003.00,
531746,PRAJAY ENGS.,B ,Q,9.36,9.85,9.25,9.58,9.58,9.10,21,31819,305987.00,
531752,BIOGEN      ,XT,Q,0.23,0.24,0.22,0.22,0.22,0.23,1514,13894340,3152499.00,
531761,APOLLOPIPES ,A ,Q,1068.60,1076.00,1026.60,1036.30,1040.00,1048.95,597,3916,4125963.00,
531762,UNJHA FORMUL,X ,Q,9.43,9.43,8.69,8.69,8.69,8.99,35,8469,79753.00,
531768,POLY MEDICUR,A ,Q,1018.15,1034.10,1006.00,1011.25,1011.00,1001.10,352,3711,3781181.00,
531771,TOWA SOKKI  ,XT,Q,9.22,9.22,9.22,9.22,9.22,8.79,3,130,1198.00,
531778,KACHCHHMIN  ,X ,Q,4.51,4.51,4.51,4.51,4.51,4.60,5,657,2963.00,
531784,KCLINFRA    ,XT,Q,1.10,1.15,1.10,1.15,1.15,1.10,18,13595,15614.00,
531795,ATUL AUTO   ,B ,Q,179.85,192.25,178.30,187.25,190.00,176.75,984,50823,9433974.00,
531802,PRERNA INFR ,X ,Q,15.00,15.00,15.00,15.00,15.00,15.75,3,350,5250.00,
531810,METAL COATIN,X ,Q,27.05,28.20,27.05,28.20,28.20,27.05,3,118,3312.00,
531812,SGN TELECOMS,XT,Q,0.28,0.28,0.28,0.28,0.28,0.27,10,12101,3388.00,
531813,GANGAPAPERS ,XT,Q,34.30,34.30,34.30,34.30,34.30,32.70,1,1,34.00,
531814,TIRUPATI SAR,X ,Q,5.93,5.93,5.51,5.75,5.75,5.41,37,6165,35366.00,
531822,RODIUM      ,X ,Q,60.05,70.80,60.05,65.30,61.00,61.15,18,590,38135.00,
531832,NAGAR.AGRITE,X ,Q,4.90,4.90,4.75,4.75,4.75,5.00,9,2180,10358.00,
531841,INDUSFINL   ,X ,Q,8.40,8.40,8.40,8.40,8.40,8.40,2,721,6056.00,
531842,LAHOTI OVER.,X ,Q,20.35,21.40,18.60,19.16,19.15,20.40,377,71912,1386488.00,
531847,ASIAN STAR  ,B ,Q,693.10,693.10,693.10,693.10,693.10,660.10,6,34,23565.00,
531859,ORIRAIL     ,X ,Q,54.20,55.00,52.65,53.95,54.00,54.15,52,4395,237833.00,
531861,JOINDRE CAPI,X ,Q,18.90,18.90,17.60,18.00,18.40,18.25,27,2007,36582.00,
531862,BHARATAGRI  ,X ,Q,165.00,166.00,160.25,163.05,163.45,161.95,47,3620,592615.00,
531867,UNITECH INTE,X ,Q,4.07,4.07,3.87,3.87,3.87,4.07,8,1171,4541.00,
531869,SACHETA MET.,X ,Q,15.15,15.75,15.15,15.35,15.45,15.40,90,12103,185637.00,
531870,POPULAR EST ,Z ,Q,6.18,6.18,6.18,6.18,6.18,6.50,2,2,12.00,
531878,ANJANI FINL ,X ,Q,6.83,6.83,6.83,6.83,6.83,6.96,6,756,5163.00,
531879,PIONEER DIS.,B ,Q,110.45,113.45,110.45,111.75,111.75,111.00,21,483,53968.00,
531881,GMETCOAL    ,Z ,Q,13.46,13.46,13.46,13.46,13.46,12.82,5,204,2745.00,
531888,REXNORD ELE.,X ,Q,53.45,56.40,51.95,56.10,56.10,51.95,456,34153,1851730.00,
531892,KHANDWALA SE,B ,Q,14.90,14.90,14.55,14.89,14.89,13.91,4,150,2229.00,
531893,SAWACA BUSI ,X ,Q,2.78,2.78,2.78,2.78,2.78,2.73,15,22620,62883.00,
531900,CCL INTER   ,X ,Q,15.55,17.15,15.55,17.10,17.10,16.35,9,457,7157.00,
531902,GALLOPENT   ,X ,Q,3.99,3.99,3.99,3.99,3.99,4.20,2,11,43.00,
531909,SWAGRUHA    ,XT,Q,3.12,3.12,3.00,3.00,3.00,2.99,6,109,333.00,
531917,TWINSTAR SOF,Z ,Q,0.79,0.82,0.79,0.82,0.82,0.79,29,37540,30761.00,
531921,AGAR IND COR,B ,Q,203.10,208.00,201.85,204.15,208.00,200.20,65,1073,218412.00,
531923,DHAMPURE SGR,X ,Q,39.60,41.35,37.00,37.45,37.50,39.60,161,22634,866605.00,
531925,SHANTANU SHE,XT,Q,0.82,0.86,0.80,0.85,0.85,0.82,45,42709,36562.00,
531930,SARTHAK INDU,X ,Q,19.16,19.16,19.16,19.16,19.16,18.25,2,70,1341.00,
531950,VERTEX SEC. ,X ,Q,0.84,0.84,0.84,0.84,0.84,0.80,1,900,756.00,
531952,RIBA TEXTILS,X ,Q,58.90,58.90,55.75,55.95,55.75,56.35,440,61221,3431248.00,
531962,SHREMETAL   ,XT,Q,29.45,29.45,29.45,29.45,29.45,29.45,1,100,2945.00,
531977,CHARTERLOGIS,X ,Q,3.93,3.93,3.93,3.93,3.93,3.58,169,1032870,4059179.00,
531978,AMBIKA COTTO,B ,Q,1120.40,1156.95,1111.00,1120.85,1135.00,1111.40,425,2910,3275589.00,
531979,HIND ALUMIN ,X ,Q,39.00,39.95,38.75,38.85,38.75,38.90,85,8778,344532.00,
531982,SPECTR FOOD ,XT,Q,13.45,13.45,12.54,13.34,13.34,13.20,8,1153,14509.00,
531991,AMRAWOR AGRI,XT,Q,0.57,0.57,0.53,0.53,0.53,0.55,48,45810,24298.00,
531996,ODYSSEY CORP,X ,Q,1.65,1.65,1.56,1.65,1.65,1.64,11,33501,54126.00,
532005,SAM INDUS.  ,X ,Q,14.90,14.90,14.21,14.24,14.24,14.90,10,324,4782.00,
532007,SHREEVAT.FIN,XT,Q,3.67,3.67,3.51,3.53,3.53,3.50,5,123,448.00,
532011,POOJA ENT   ,XT,Q,66.30,69.50,63.60,65.30,68.50,66.45,71,1871,123646.00,
532015,GRAVITY (I) ,XT,Q,2.68,2.68,2.44,2.49,2.46,2.56,30,5688,14208.00,
532019,LCC INFOTECH,B ,Q,1.33,1.33,1.33,1.33,1.33,1.27,5,47501,63176.00,
532022,FILAT FASH  ,X ,Q,2.49,2.70,2.49,2.68,2.68,2.60,19,4117,11049.00,
532033,JAIN STUDIOS,Z ,Q,2.20,2.20,2.19,2.19,2.20,2.10,19,8009,17569.00,
532035,UNISTAR MULT,X ,Q,3.26,3.26,3.26,3.26,3.26,3.11,1,100,326.00,
532039,ZENOTECH    ,X ,Q,43.50,44.50,42.00,42.50,42.90,43.20,106,12565,542114.00,
532041,HINDUSTN BIO,XT,Q,3.88,3.88,3.70,3.81,3.81,3.89,58,8057,30302.00,
532051,SWELECT     ,B ,Q,213.45,216.10,210.70,214.10,213.90,211.10,278,2114,451758.00,
532053,WALLFORT FIN,X ,Q,40.20,41.90,39.90,40.50,40.50,41.35,33,3396,138254.00,
532054,KDDL LTD    ,B ,Q,310.05,310.05,294.65,298.95,304.45,303.55,33,595,179796.00,
532056,ADINATH EXIM,XT,Q,5.82,6.09,5.81,6.09,6.09,5.80,4,210,1276.00,
532057,ABHINAV CAP ,XT,Q,35.10,35.50,35.10,35.50,35.50,34.80,4,36,1270.00,
532067,KILPEST (I) ,X ,Q,417.45,424.90,410.60,421.15,421.00,411.80,613,25221,10574110.00,
532070,SUPERB PAPER,X ,Q,10.25,11.20,10.00,10.35,10.35,10.61,67,100031,1037852.00,
532092,SAGARPROD   ,X ,Q,3.02,3.02,3.02,3.02,3.02,2.88,6,756,2283.00,
532100,INDO-CITY IN,X ,Q,3.14,3.14,3.10,3.14,3.14,3.08,5,5355,16628.00,
532102,SBEC SUGAR  ,X ,Q,10.55,10.55,10.55,10.55,10.55,10.05,16,5471,57719.00,
532113,BRIJLAXMI LE,X ,Q,2.22,2.22,2.15,2.15,2.15,2.18,9,483,1038.00,
532114,AREALTY     ,XT,Q,2.13,2.13,2.13,2.13,2.13,2.03,7,1500,3195.00,
532123,BSE  INFRA  ,B ,Q,0.95,1.00,0.95,1.00,1.00,0.95,26,154173,149801.00,
532124,RELIAB VEN  ,X ,Q,6.69,6.69,6.69,6.69,6.69,7.04,3,251,1679.00,
532134,BANKBARODA  ,A ,Q,78.10,78.50,76.30,76.75,76.75,77.15,15301,4612019,357904892.00,
532140,MOHITE      ,X ,Q,13.25,13.65,12.35,13.60,13.60,13.00,10,1290,16295.00,
532141,ANDHRA CEMEN,B ,Q,6.50,6.74,6.30,6.36,6.36,6.35,172,80337,521293.00,
532143,SKM EGG PROD,B ,Q,70.05,70.45,65.00,66.10,65.90,71.05,1454,106022,7176965.00,
532144,WELCORP     ,A ,Q,145.65,145.65,141.70,142.10,142.10,142.70,1607,83864,11992992.00,
532145,H.S.(I) LTD.,X ,Q,5.00,5.00,4.96,4.96,4.96,5.22,7,537,2665.00,
532149,BNK OF INDIA,A ,Q,76.00,76.85,73.90,74.60,74.65,75.50,2099,472042,35427690.00,
532150,INDRAPRAST  ,B ,Q,76.30,87.30,75.00,84.80,84.80,76.30,6786,708390,59674522.00,
532155,GAIL (I) LTD,A ,Q,155.50,158.00,152.00,152.75,152.75,153.10,4999,692966,107248990.00,
532156,VAIBHAVGBL  ,A ,Q,889.00,892.90,850.00,856.80,859.00,867.80,1934,21372,18505304.00,
532159,TRESCON     ,X ,Q,57.25,57.45,56.00,57.00,57.00,56.00,11,1435,82211.00,
532160,GUJ.STAT.FIN,T ,Q,2.99,3.13,2.85,2.90,2.90,2.99,42,4886,14557.00,
532162,JK PAPER    ,A ,Q,150.00,151.40,147.50,148.15,148.15,149.65,2847,151935,22683970.00,
532163,SAREGAMA (I),A ,Q,2290.00,2391.60,2268.35,2387.35,2378.55,2174.20,1797,13412,31549224.00,
532164,MINOLTA FIN.,Z ,Q,1.34,1.34,1.27,1.30,1.30,1.33,4,636,843.00,
532167,OMKAR PHARM.,XT,Q,17.40,19.15,17.40,19.00,19.00,18.30,4,214,3746.00,
532172,ADROITINFO  ,B ,Q,8.55,8.55,8.55,8.55,8.55,8.63,1,1,8.00,
532173,CYBERTECH   ,B ,Q,135.00,139.85,135.00,137.45,137.00,135.75,1107,47030,6492725.00,
532174,ICICI BANK  ,A ,Q,627.05,635.50,626.35,633.10,633.10,623.60,9431,631543,399427387.00,
532175,CYIENT      ,A ,Q,775.00,810.00,775.00,803.50,804.70,774.60,1450,24272,19433060.00,
532178,ENGINRS.(I) ,A ,Q,83.25,83.40,80.50,80.95,80.95,82.00,1293,265095,21729389.00,
532180,DHANALAK.BNK,B ,Q,14.67,14.75,14.30,14.48,14.45,14.47,370,99498,1437269.00,
532181,GUJ.MINERAL ,A ,Q,79.95,80.60,75.35,75.60,75.60,78.60,3595,532442,41432297.00,
532183,GAYATRI SUGR,X ,Q,2.80,2.80,2.74,2.74,2.74,2.67,38,32787,91579.00,
532187,INDUSIND BNK,A ,Q,965.00,986.70,965.00,974.50,974.50,956.20,8460,293878,287316067.00,
532189,INDIA TOURIS,A ,Q,372.00,379.00,368.10,370.70,370.70,370.80,714,15255,5680867.00,
532209,J & K BANK  ,A ,Q,28.60,28.60,27.50,27.65,27.65,27.95,1307,312545,8713867.00,
532210,CITY UNION  ,A ,Q,170.40,171.75,168.35,170.80,170.20,169.20,985,106647,18163370.00,
532212,ARCHIES LTD ,B ,Q,12.39,12.70,12.10,12.30,12.31,12.36,51,7476,91839.00,
532215,AXIS BANK   ,A ,Q,718.00,726.20,708.55,711.90,711.90,709.25,9672,415913,298595549.00,
532216,HB STOCKHOL.,B ,Q,19.20,19.20,17.50,18.95,18.70,18.30,23,3089,55859.00,
532217,SIEL FINANCL,XT,Q,7.49,7.49,7.49,7.49,7.49,7.35,8,5596,41914.00,
532218,SOUTH IND.BK,A ,Q,11.01,11.10,10.66,10.70,10.70,10.90,12545,3071301,33288166.00,
532219,ENERGY DEV. ,B ,Q,10.20,10.40,9.90,10.05,10.04,9.94,85,16088,161750.00,
532221,SONATA SOFT.,A ,Q,578.55,593.25,575.10,579.75,578.45,574.75,950,14725,8619334.00,
532230,BENGAL TEA &,X ,Q,46.80,47.50,43.20,44.00,45.00,43.15,23,5776,256668.00,
532234,NAT.ALUM    ,A ,Q,78.00,78.85,75.30,76.15,76.15,76.00,6799,2962909,228528006.00,
532240,INDIA NIPPON,B ,Q,365.45,394.00,365.45,383.20,387.00,364.30,813,7971,3059087.00,
532256,NALWA SONS  ,B ,Q,1679.00,1719.00,1630.50,1667.25,1674.35,1609.00,12,37,61196.00,
532259,APAR INDUS. ,A ,Q,514.95,532.00,513.60,517.05,515.20,513.75,1008,11600,6071311.00,
532262,TCI INDUS.  ,X ,Q,1016.00,1016.00,921.55,921.55,921.55,969.95,4,18,17472.00,
532268,ACCELYA     ,A ,Q,899.90,924.00,877.95,902.20,899.10,886.65,38,288,259643.00,
532271,CYBERMATE   ,XT,Q,2.06,2.07,1.89,1.92,1.95,1.98,170,217565,429515.00,
532281,HCL TECHNO  ,A ,Q,930.00,939.40,924.75,931.55,931.55,921.90,7086,204422,190751938.00,
532282,CASTEXTECH  ,T ,Q,0.77,0.77,0.77,0.77,0.77,0.74,9,17560,13521.00,
532284,TCFC FINANCE,X ,Q,29.70,29.70,27.20,28.40,28.50,28.50,47,2745,76879.00,
532285,GEOJITFSL   ,B ,Q,73.35,73.35,67.40,67.95,68.10,69.85,1228,99516,6831456.00,
532286,JINDAL STE  ,A ,Q,444.00,456.20,434.70,439.55,439.55,436.55,17058,1054379,470445203.00,
532290,BLB LTD.    ,B ,Q,6.89,7.16,6.82,6.91,7.01,6.82,36,12559,86783.00,
532296,GLENMARK PHA,A ,Q,605.50,616.85,602.10,608.50,608.50,604.15,4010,144999,88205944.00,
532300,WOCKHARDT   ,A ,Q,647.70,647.70,625.75,629.20,630.00,638.85,2794,113521,72295835.00,
532301,TATA COFFEE ,A ,Q,167.00,168.70,160.20,161.85,161.85,165.95,3345,420949,69223995.00,
532304,KJMCCORP    ,X ,Q,12.06,12.06,12.06,12.06,12.06,12.50,1,65,783.00,
532305,IND-SWIFT LA,B ,Q,79.05,82.60,78.30,79.70,79.70,78.20,485,67572,5392995.00,
532307,MELSTAR INFO,Z ,Q,1.99,1.99,1.95,1.99,1.99,1.90,8,4554,8944.00,
532309,GEPIL       ,A ,Q,263.55,263.55,258.00,258.85,259.50,258.50,494,11759,3049754.00,
532310,SHREE RAMA  ,B ,Q,13.00,13.27,12.70,13.05,13.14,12.72,264,28979,378253.00,
532313,MAHINDRALIFE,A ,Q,532.00,545.25,525.00,531.60,530.00,523.90,884,9132,4884452.00,
532320,VAARAD      ,X ,Q,3.09,3.09,2.94,2.97,2.97,2.95,11,1843,5531.00,
532321,CADILA HEALT,A ,Q,611.60,619.40,601.60,604.45,604.45,611.60,17673,600799,365567622.00,
532323,SHIVA CEMENT,X ,Q,29.50,30.00,28.15,28.40,28.40,29.30,1333,704218,20402764.00,
532324,CINEVISTA   ,T ,Q,13.50,13.50,13.50,13.50,13.50,12.86,8,3640,49140.00,
532326,INTENS TECH ,B ,Q,46.50,54.90,46.50,54.90,54.90,45.75,1000,116471,6166429.00,
532329,DANLAW TECH.,X ,Q,344.00,345.55,335.00,345.55,345.55,329.10,73,5050,1739552.00,
532331,AJANTA PHARM,A ,Q,1993.00,1993.00,1876.65,1908.25,1908.25,1960.05,1520,8945,17321283.00,
532333,HB PORTFOLIO,X ,Q,23.55,25.45,23.50,24.20,23.95,24.95,47,4840,118335.00,
532334,HB ESTATE DE,X ,Q,9.71,10.68,9.71,9.74,10.43,10.18,21,1669,16404.00,
532335,AMBICA AGAR.,B ,Q,32.60,33.65,32.60,32.60,32.60,34.30,133,72837,2381151.00,
532339,COMPUCOM SOF,B ,Q,9.49,9.49,9.10,9.33,9.35,9.30,34,5633,52320.00,
532340,OMNI AX'S SO,X ,Q,1.45,1.52,1.45,1.52,1.52,1.52,2,103,156.00,
532341,IZMO        ,B ,Q,77.05,79.65,74.65,75.65,75.65,78.00,350,17440,1326014.00,
532343,TVS MOTOR L ,A ,Q,625.70,645.00,619.05,640.10,640.10,617.10,2956,128212,81586718.00,
532344,SOFTSOL (I) ,X ,Q,74.30,78.00,74.30,78.00,78.00,77.75,13,272,20675.00,
532345,GATI LTD.   ,A ,Q,104.30,125.75,104.30,125.75,125.75,104.80,4567,509533,62145422.00,
532348,SUBEX LTX   ,B ,Q,56.50,61.40,55.55,58.80,58.80,62.15,23118,5611159,330171969.00,
532349,TRANSPORT CO,A ,Q,287.95,309.90,272.55,299.35,300.00,281.30,1296,29260,8621486.00,
532350,PADMALAYA TE,XT,Q,2.45,2.46,2.30,2.30,2.30,2.42,36,16233,37979.00,
532351,AKSH OPTIFIB,B ,Q,8.11,8.24,7.46,7.58,7.58,8.11,474,390777,3043290.00,
532355,PICTURHOUSE ,X ,Q,1.14,1.14,1.14,1.14,1.14,1.14,5,3600,4104.00,
532356,TRIVENI ENGG,A ,Q,152.95,153.30,146.10,150.95,151.00,151.50,3403,109812,16461034.00,
532357,MUKTA ARTS  ,B ,Q,31.65,34.00,31.65,34.00,34.00,30.95,145,18769,633449.00,
532359,HITKIT GLOB ,X ,Q,0.45,0.45,0.45,0.45,0.45,0.43,5,4137,1861.00,
532362,NAGPUR POWER,X ,Q,30.50,33.10,30.50,31.00,31.00,31.55,10,567,17814.00,
532365,DYNACONS SYS,B ,Q,114.00,114.05,110.00,110.40,110.00,112.30,168,3907,441087.00,
532366,PNB GILTS   ,B ,Q,64.40,64.40,60.05,60.45,60.45,59.65,1798,289512,17903825.00,
532368,BCG         ,B ,Q,8.46,8.61,8.29,8.34,8.35,8.46,815,438432,3669068.00,
532369,RAMCO INDS. ,A ,Q,278.75,286.40,278.75,280.35,280.80,278.10,426,8638,2440171.00,
532370,RAMCO  SYSTM,A ,Q,530.35,563.60,530.00,559.20,559.20,526.45,2446,33064,18212100.00,
532371,TATA TELESER,B ,Q,12.86,13.01,12.70,12.85,12.85,12.81,1714,571394,7340347.00,
532372,VIRINCHI    ,X ,Q,64.95,64.95,58.50,59.05,59.45,60.95,1208,136523,8327185.00,
532373,WEPSOLN     ,X ,Q,17.75,18.85,17.50,18.85,18.85,17.15,103,48508,905863.00,
532374,STER TECH   ,A ,Q,229.30,244.80,229.30,240.40,240.40,229.30,2924,122911,29488105.00,
532375,TIPSINDUSTR ,B ,Q,896.80,896.80,896.80,896.80,896.80,854.10,165,13557,12157917.00,
532378,UNIVERSAL A ,X ,Q,0.82,0.82,0.76,0.76,0.76,0.79,10,7571,6207.00,
532379,FIRSTOBJ    ,X ,Q,5.26,5.80,5.26,5.80,5.80,5.53,7,311,1744.00,
532380,BABA ARTS   ,X ,Q,19.06,19.06,16.51,18.00,18.00,17.34,219,34597,623669.00,
532382,BALAJI TELE.,A ,Q,56.60,57.00,55.90,56.00,56.00,56.20,658,29575,1669511.00,
532384,TYCHE INDS  ,X ,Q,241.05,243.00,226.00,230.80,230.80,240.05,616,22178,5201835.00,
532386,CALIFORN.SOF,B ,Q,9.45,9.45,8.63,8.91,8.98,8.94,63,20343,181419.00,
532387,PRITISHN COM,T ,Q,39.30,40.60,38.20,40.00,40.00,40.00,160,15960,618770.00,
532388,INDIAN OVER.,A ,Q,16.70,16.70,16.15,16.25,16.25,16.45,1038,543512,8899719.00,
532390,TAJ GVK HOTL,A ,Q,119.25,126.70,118.80,124.65,124.65,116.35,1331,47338,5807789.00,
532391,OPTO CIRCUIT,T ,Q,4.42,4.58,4.37,4.40,4.38,4.60,255,180115,797461.00,
532392,CREATIVE EYE,B ,Q,2.99,3.10,2.98,3.10,3.10,2.99,9,5303,15853.00,
532395,AXISCADES   ,B ,Q,62.25,64.50,61.75,62.10,61.90,61.60,383,15071,946959.00,
532397,KONNDOR     ,X ,Q,4.30,4.38,4.30,4.38,4.38,4.18,2,37,159.00,
532398,UMESL       ,B ,Q,3.08,3.08,3.01,3.03,3.03,2.99,10,7540,22866.00,
532400,BSOFT       ,A ,Q,261.40,267.85,260.10,266.40,266.40,260.45,7526,144618,38272898.00,
532402,USGTECH     ,X ,Q,2.45,2.45,2.45,2.45,2.45,2.34,12,7359,18029.00,
532403,FOURTH GEN. ,XT,Q,3.79,3.79,3.79,3.79,3.79,3.79,1,10,37.00,
532404,SAVEN TECHNO,X ,Q,31.30,32.50,29.90,29.90,29.90,31.45,196,36573,1099436.00,
532406,AVANTEL LTD ,X ,Q,490.00,509.90,487.05,497.00,497.00,485.30,776,35062,17439091.00,
532407,MOSCHIP     ,X ,Q,30.45,30.75,29.00,29.55,29.55,29.50,284,97224,2911032.00,
532408,MEGASOFT LTD,T ,Q,11.60,12.24,11.57,11.74,11.95,12.00,88,26218,314525.00,
532410,TRANSCORP IN,X ,Q,11.45,11.79,10.32,11.23,11.21,11.22,37,4646,50989.00,
532413,CEREBRA INTE,B ,Q,51.20,51.75,49.35,49.55,49.35,51.00,202,11834,596759.00,
532416,MID-DAY MULT,B ,Q,4.20,4.39,4.20,4.39,4.39,4.20,5,340,1469.00,
532419,SMARTLINK   ,B ,Q,92.00,93.65,91.95,92.05,92.05,93.65,143,8641,802341.00,
532424,GODREJ CONS ,A ,Q,843.00,846.65,811.00,816.25,816.25,841.70,6630,167659,137665517.00,
532425,GENUSPRIME  ,X ,Q,6.21,6.21,6.21,6.21,6.21,6.09,5,341,2117.00,
532430,BF UTILI    ,A ,Q,300.15,343.25,293.05,324.70,324.70,299.95,8992,396389,128755402.00,
532432,UNITD SPR   ,B ,Q,571.00,577.35,568.35,573.45,573.45,566.55,4130,143023,81904654.00,
532435,SANINFRA    ,X ,Q,90.00,90.00,88.35,88.35,88.35,92.95,18,707,62628.00,
532439,OLECTRA     ,B ,Q,181.60,181.90,178.90,179.80,179.80,179.15,438,6884,1241862.00,
532440,MPS LTD     ,B ,Q,627.25,627.25,607.50,618.05,617.15,619.80,64,603,371550.00,
532441,RNBOWDENIM  ,X ,Q,1.22,1.22,1.22,1.22,1.22,1.17,1,3000,3660.00,
532443,CERA SANITAR,A ,Q,4020.00,4038.25,3948.30,3970.20,3963.05,3986.70,44,119,475543.00,
532444,T. SPIRITUAL,X ,Q,0.38,0.38,0.38,0.38,0.38,0.37,7,2846,1081.00,
532454,BHARTI ARTL ,A ,Q,547.50,552.85,534.65,536.30,536.30,549.55,19461,1194210,646224553.00,
532455,SHALIMAR WIR,X ,Q,6.89,6.89,6.89,6.89,6.89,6.57,22,3776,26016.00,
532456,COMPUAGE INF,B ,Q,21.30,22.75,21.00,22.10,22.10,21.20,1076,338284,7459874.00,
532457,GULSHAN POLY,B ,Q,174.85,177.00,161.50,170.20,170.20,168.05,1486,76124,12945411.00,
532459,FAZE3AUTO   ,X ,Q,95.95,99.90,90.65,93.90,93.95,92.80,98,3726,348965.00,
532460,PONNI SUG(ER,B ,Q,199.00,199.00,194.60,194.60,194.60,199.30,214,3004,588779.00,
532461,PUNJAB NATIO,A ,Q,38.25,38.35,37.20,37.35,37.35,37.65,8525,5438792,204996721.00,
532466,ORACLE FIN  ,A ,Q,3575.00,3594.40,3500.00,3539.55,3537.00,3523.90,1561,6807,24086479.00,
532467,HAZ MUL PRO ,XT,Q,6.25,6.27,6.22,6.27,6.27,5.98,31,10412,65175.00,
532468,KAMAHOLDING ,A ,Q,6831.00,7030.00,6827.00,6879.00,6850.00,6859.25,50,98,673260.00,
532470,MATHER & PLA,XT,Q,5.78,5.81,5.78,5.81,5.81,6.08,2,8,46.00,
532475,APTECH LTD  ,A ,Q,222.00,224.00,211.90,212.70,212.70,219.05,1569,64542,14076677.00,
532477,UNION BANK L,A ,Q,37.70,38.30,36.65,36.80,36.80,37.95,2521,1016027,37900145.00,
532478,UNITED BREWA,A ,Q,1229.00,1259.50,1227.20,1249.90,1249.65,1226.90,997,20772,25845069.00,
532479,ISMT LTD    ,B ,Q,18.75,18.75,18.75,18.75,18.75,17.86,75,37678,706462.00,
532481,NOIDA-TOLL B,B ,Q,6.10,6.25,6.05,6.05,6.05,6.03,26,5078,31105.00,
532482,GRANULES (I),A ,Q,323.55,332.40,323.40,326.70,327.45,321.90,2175,125719,41240058.00,
532483,CANARA BANK ,A ,Q,155.90,157.50,145.25,146.65,146.65,153.60,20734,2869936,436680381.00,
532485,BALMER LA.IN,B ,Q,486.55,499.00,482.10,485.15,485.15,492.20,258,7301,3596354.00,
532486,POKARNA LTD ,B ,Q,272.00,285.20,264.85,271.00,270.00,265.40,979,28012,7755771.00,
532488,DIVI'S LAB. ,A ,Q,4080.00,4080.00,3882.15,3997.50,3997.50,4043.20,759,7625,30723627.00,
532493,ASTRA MICRO ,A ,Q,126.80,127.85,122.40,123.00,123.00,125.60,1033,51376,6413093.00,
532497,RADICOKHAIT ,A ,Q,540.05,566.65,535.00,555.45,558.50,542.85,755,21372,11827376.00,
532498,SHRMCITYUN  ,A ,Q,1646.50,1665.00,1611.10,1645.20,1657.25,1616.55,364,1849,3025313.00,
532500,MARUTISUZUK ,A ,Q,6799.90,6862.50,6718.00,6810.75,6810.75,6723.50,5653,31384,213321486.00,
532503,RAJAPAMILLS ,X ,Q,747.50,757.75,720.00,739.75,735.70,729.35,183,4760,3522702.00,
532504,NAVIN FLUORI,A ,Q,3200.00,3251.95,3170.00,3177.25,3177.25,3176.00,2495,23573,75735350.00,
532505,UCOBANK     ,A ,Q,13.10,13.10,12.60,12.70,12.70,12.89,3338,784205,10041221.00,
532507,BAG FIL MED ,T ,Q,2.62,2.75,2.62,2.65,2.65,2.71,72,45684,122389.00,
532508,JSL         ,A ,Q,95.20,97.05,92.50,92.80,93.05,95.05,1534,156301,14710167.00,
532509,SUPRAJIT ENG,A ,Q,251.00,262.25,251.00,261.70,260.60,252.10,463,7530,1947459.00,
532513,TVSELE      ,B ,Q,135.70,142.55,133.30,142.55,142.55,135.80,494,30665,4328055.00,
532514,INDRA GAS   ,A ,Q,516.15,519.20,511.50,512.95,512.95,513.60,1602,46810,24097364.00,
532515,TV TODAY    ,A ,Q,283.00,288.65,283.00,286.20,286.95,283.20,277,4741,1357671.00,
532521,PALRED      ,B ,Q,145.00,145.00,140.00,141.00,141.00,143.15,149,3444,489762.00,
532522,PETRONET LNG,A ,Q,244.90,245.30,242.25,243.15,243.70,242.55,1950,134420,32777515.00,
532523,BIOCON LTD. ,A ,Q,390.00,390.00,384.10,384.95,385.25,385.70,1362,72496,27972535.00,
532524,PTC INDIA   ,A ,Q,98.20,101.05,96.30,97.40,97.40,97.25,2234,403673,39937270.00,
532525,BANK MAHA   ,A ,Q,25.60,25.90,24.90,25.10,25.10,25.50,1133,584549,14821717.00,
532527,RK FORGINGS ,A ,Q,651.00,655.00,629.45,634.50,634.50,658.85,2322,35512,22697993.00,
532528,DATAM GLOB  ,B ,Q,129.90,133.60,128.35,128.95,129.00,128.50,377,17586,2314165.00,
532529,NDTV        ,B ,Q,65.80,67.65,64.50,67.65,67.65,64.45,165,5132,343832.00,
532531,STAR        ,A ,Q,819.95,834.60,793.05,797.00,799.00,795.95,3318,105105,85576230.00,
532532,JAIPRA      ,A ,Q,8.13,8.32,8.00,8.02,8.02,7.99,1496,1965883,15923563.00,
532538,ULTRATECH CM,A ,Q,6570.00,6670.35,6570.00,6652.85,6626.40,6531.40,2070,16786,111098836.00,
532539,MINDA IND   ,A ,Q,534.90,578.95,532.60,571.40,576.65,530.00,1521,35736,20213710.00,
532540,TCS LTD.    ,A ,Q,3095.00,3123.00,3078.70,3089.35,3089.35,3069.80,7630,71234,220696994.00,
532541,COFORGE     ,A ,Q,3408.15,3514.00,3368.40,3433.20,3433.20,3363.05,2579,25432,87527418.00,
532543,GULFPETRO   ,B ,Q,45.00,47.35,45.00,45.85,45.80,45.25,650,17382,804085.00,
532548,CENTURYPLY  ,A ,Q,346.00,367.35,346.00,362.10,364.80,345.15,764,13157,4730723.00,
532553,WELENT      ,A ,Q,114.90,116.00,111.00,111.75,111.40,113.30,527,15688,1772887.00,
532555,NTPC LTD    ,A ,Q,112.15,114.20,111.70,112.05,112.05,111.55,4224,497913,56132248.00,
532604,SALSTEEL    ,T ,Q,4.55,4.75,4.53,4.65,4.65,4.75,53,11691,54097.00,
532605,JBM AUTO    ,B ,Q,461.95,479.55,440.20,444.30,444.30,453.65,1177,16886,7761560.00,
532610,DWAR SUGAR  ,A ,Q,56.00,56.20,53.00,54.70,54.70,55.35,3401,771494,42125785.00,
532612,INDOCO REM  ,A ,Q,345.50,360.85,345.20,348.05,347.30,350.35,366,7465,2601070.00,
532613,VIPCLOTHNG  ,B ,Q,14.80,14.80,14.25,14.43,14.36,14.52,92,20810,300945.00,
532614,IMPEX       ,T ,Q,1.00,1.00,0.93,0.93,0.93,0.97,16,54611,54288.00,
532616,XCHANGING   ,B ,Q,70.00,70.70,67.10,69.35,69.70,69.65,343,12567,873039.00,
532617,JETAIRWAYS  ,Z ,Q,89.00,90.45,88.00,89.35,89.50,89.25,719,39667,3528085.00,
532621,MORARJETEX  ,B ,Q,16.67,16.67,16.67,16.67,16.67,15.88,10,1645,27422.00,
532622,GATEWAY DIST,A ,Q,265.00,291.60,264.55,280.10,280.10,261.05,2707,304371,84860415.00,
532624,JINDALPH    ,T ,Q,51.00,54.00,51.00,53.45,53.45,52.00,16,1955,102448.00,
532626,PONDY OXIDES,X ,Q,253.90,256.35,242.50,244.65,244.65,245.65,219,8312,2067021.00,
532627,JPPOWER     ,B ,Q,3.96,3.96,3.68,3.70,3.70,3.87,12940,9979474,37576394.00,
532628,3I INFOTECH ,B ,Q,10.00,10.00,9.35,9.35,9.35,9.84,12208,23473011,222305359.00,
532629,MCNALLYB    ,T ,Q,7.70,7.70,7.32,7.32,7.32,7.70,25,6213,45715.00,
532630,GOKALDAS    ,B ,Q,128.75,129.60,117.75,120.35,121.90,125.80,4282,372138,45718051.00,
532633,ALLSEC TECH ,B ,Q,335.00,355.00,328.60,352.75,353.35,329.00,230,3579,1243446.00,
532636,IIFL        ,A ,Q,260.05,271.65,260.05,266.55,266.15,267.30,459,9662,2597061.00,
532637,MAN DRUGORG ,B ,Q,139.75,146.75,137.40,144.80,144.90,137.00,590,33006,4720591.00,
532638,SHOPPER STOP,A ,Q,202.25,208.00,202.25,204.35,205.20,202.30,172,4144,847396.00,
532640,CYBER MEDIA ,B ,Q,10.30,10.68,9.71,10.05,10.00,10.19,21,3222,32547.00,
532641,NDL         ,B ,Q,47.25,50.35,47.00,47.00,47.00,48.20,217,1651,80087.00,
532642,JSWHL       ,A ,Q,4300.00,4480.00,4300.00,4479.40,4480.00,4277.00,134,431,1921754.00,
532644,JK CEMENT   ,A ,Q,2731.00,2850.00,2731.00,2810.45,2822.05,2753.85,260,956,2664010.00,
532645,BEEYU OVERSE,X ,Q,0.72,0.78,0.72,0.78,0.78,0.75,14,2119,1541.00,
532648,YES BANK    ,A ,Q,13.45,13.48,13.27,13.33,13.33,13.35,8789,12574592,167809000.00,
532649,NECTAR LIFE ,B ,Q,30.25,30.25,27.50,28.10,27.90,29.05,980,112728,3215151.00,
532650,MSP STEEL   ,T ,Q,11.10,11.10,10.65,11.05,11.08,10.93,94,25278,276722.00,
532651,SPL INDS    ,B ,Q,39.25,40.50,38.30,39.30,38.55,39.50,369,10396,409475.00,
532652,KARNATAKA BK,A ,Q,67.10,68.75,65.65,66.75,66.75,67.10,818,245020,16510802.00,
532654,MCLEOD RUSSE,B ,Q,25.45,27.00,25.45,25.75,25.75,26.75,665,464752,11932812.00,
532656,FACOR ALLOYS,X ,Q,4.02,4.02,4.02,4.02,4.02,3.95,296,342124,1375338.00,
532659,IDFC        ,A ,Q,55.00,55.40,52.90,53.80,53.80,53.95,1291,250388,13542458.00,
532660,VIVIMED LABS,T ,Q,30.00,31.90,29.65,30.10,30.10,31.20,1654,298725,8960850.00,
532661,RANE MADRAS ,B ,Q,424.00,424.00,376.05,378.55,380.00,403.35,805,9045,3545612.00,
532662,HT MEDIA    ,B ,Q,22.35,24.20,21.55,22.30,22.60,21.95,329,4209,93366.00,
532663,SASKEN      ,A ,Q,965.00,965.00,935.55,947.55,947.00,927.40,258,1013,961375.00,
532666,FCS SOFTWARE,B ,Q,0.96,0.96,0.92,0.96,0.96,0.92,1231,5420382,5193493.00,
532667,SUZLONENERGY,A ,Q,5.64,5.64,5.51,5.56,5.56,5.57,6333,6834482,38031793.00,
532668,AURIONPRO SO,B ,Q,159.40,159.50,147.00,153.50,155.00,156.90,452,12127,1880348.00,
532670,RENUKA SUGAR,B ,Q,16.24,16.36,15.41,16.36,16.36,15.59,4489,9522140,154824653.00,
532673,KM SUGARMILL,B ,Q,20.10,20.30,19.25,19.60,19.55,20.05,852,136999,2690396.00,
532674,BANNARI AMMA,B ,Q,76.70,76.85,70.00,71.60,71.00,75.20,464,24839,1819516.00,
532678,BOMBAY RAYON,B ,Q,7.20,7.20,6.81,6.87,6.81,7.05,1768,129402,899062.00,
532679,SORILINFRA  ,B ,Q,127.00,133.95,127.00,132.15,133.00,129.30,232,5146,681557.00,
532683,AIAENGINEER ,A ,Q,1931.80,1955.00,1908.70,1927.90,1930.10,1925.05,648,2880,5565527.00,
532684,EVEREST KANT,B ,Q,102.95,106.15,96.50,106.15,106.15,101.10,7741,871407,90693608.00,
532686,KERNEX MICRO,T ,Q,45.75,47.90,45.75,47.90,47.90,45.65,29,3511,167678.00,
532687,REPRO INDIA ,B ,Q,348.00,352.40,340.95,352.20,352.40,349.70,102,996,349746.00,
532689,PVR LTD     ,A ,Q,1180.00,1230.50,1173.65,1194.55,1194.55,1156.65,4250,122994,148548319.00,
532690,RAMSARUP IND,Z ,Q,0.72,0.72,0.72,0.72,0.72,0.69,6,33400,24048.00,
532692,RADHA MADHAV,T ,Q,2.15,2.27,2.15,2.19,2.19,2.19,15,11400,25732.00,
532693,PUNJ LLOYD  ,Z ,Q,1.65,1.73,1.64,1.71,1.72,1.65,390,265882,449978.00,
532694,BARTRONICSIN,Z ,Q,2.55,2.63,2.55,2.62,2.63,2.52,57,19577,51152.00,
532695,CELEBRITYFAS,B ,Q,5.71,5.76,5.44,5.45,5.45,5.64,29,4259,23665.00,
532696,EDUCOMP SOLN,Z ,Q,2.92,3.12,2.92,3.07,3.09,3.03,46,49031,147960.00,
532698,NITINSPINNER,B ,Q,113.00,123.55,113.00,118.95,118.95,112.15,2018,311482,37176851.00,
532699,ROYALORCH   ,B ,Q,68.95,68.95,60.65,66.40,66.40,63.35,450,19208,1252368.00,
532700,ENT NETWORK ,B ,Q,150.00,150.70,147.55,147.80,147.55,151.15,250,4034,602162.00,
532701,CELLA       ,Z ,Q,6.00,6.00,5.65,5.87,5.94,5.92,20,6701,39984.00,
532702,GUJ PETRONET,A ,Q,275.00,279.05,273.50,277.70,276.00,273.25,769,35074,9684911.00,
532705,JAGRAN PRAK ,A ,Q,54.50,55.50,53.85,54.20,54.20,54.95,305,26362,1432690.00,
532706,INOX LEISURE,A ,Q,281.00,294.85,281.00,292.30,292.05,281.60,2361,51078,14816569.00,
532707,DYNEMIC PRO ,B ,Q,499.00,517.20,494.40,503.95,502.00,489.95,686,11809,6001228.00,
532710,SADBHAV ENGG,A ,Q,65.00,66.50,64.70,65.30,65.30,64.25,648,28644,1876629.00,
532712,REL COM LTD ,B ,Q,1.76,1.79,1.73,1.74,1.74,1.76,3368,7936269,13925688.00,
532713,SAKUMA EXPO ,B ,Q,6.30,6.30,6.09,6.13,6.10,6.14,196,79222,486890.00,
532714,KEC INTERN  ,A ,Q,409.40,409.40,394.05,400.05,400.05,390.60,883,25047,10018269.00,
532716,GILLA ARBUT ,B ,Q,41.80,42.80,41.20,41.20,41.20,41.80,5,685,29049.00,
532717,INDOTECHTR  ,B ,Q,99.50,103.00,99.50,99.60,99.50,98.60,87,800,80817.00,
532719,BL KASHYAP  ,B ,Q,17.60,17.65,17.05,17.50,17.50,17.30,123,23787,412870.00,
532720,M&M FINANSER,A ,Q,158.00,158.70,155.25,156.35,156.80,155.55,6686,759624,119362124.00,
532721,VISA STEEL  ,B ,Q,9.69,10.05,9.69,9.69,9.69,10.19,57,29557,287342.00,
532722,NITCO TILES ,B ,Q,21.25,21.50,21.00,21.05,21.15,20.95,142,4979,105517.00,
532725,SOLAR IND   ,A ,Q,1212.00,1252.00,1212.00,1242.35,1235.00,1220.60,359,2178,2684165.00,
532726,GALLAN METAL,B ,Q,65.80,65.85,62.20,62.95,62.95,65.55,403,18142,1155253.00,
532728,MALU PAPER  ,B ,Q,27.10,27.70,26.15,27.00,26.95,26.95,208,4370,118082.00,
532729,UTTAM SUGAR ,B ,Q,165.70,165.70,151.00,154.75,154.90,160.35,1497,66113,10243538.00,
532730,STL GLOBAL  ,B ,Q,9.66,9.70,9.50,9.61,9.61,9.56,32,2455,23611.00,
532731,ROHIT FERRO ,B ,Q,3.12,3.12,3.12,3.12,3.12,2.98,30,47581,148452.00,
532732,KEWAL KIRAN ,B ,Q,900.00,914.90,890.05,896.25,910.90,891.45,77,45710,41138896.00,
532733,SUN TVNET   ,A ,Q,530.00,532.80,521.05,524.40,524.40,523.30,944,45445,23951789.00,
532734,GODAWARI POW,A ,Q,985.25,1008.75,951.00,970.10,976.00,982.50,689,11474,11291582.00,
532735,RSYSTEMINT  ,A ,Q,132.65,132.65,129.55,131.00,131.00,128.80,234,3740,489258.00,
532737,EMKAY GLOB F,B ,Q,71.55,71.60,69.55,71.60,71.60,70.15,61,3591,253645.00,
532738,TANTIA CONS ,Z ,Q,9.90,9.92,9.76,9.92,9.92,9.45,71,19671,194906.00,
532740,LOKESH MACH ,T ,Q,45.75,46.50,43.50,44.70,44.70,45.50,40,5640,251505.00,
532741,KAMDHENU    ,B ,Q,153.15,154.60,150.00,150.35,150.45,150.50,510,14621,2230447.00,
532742,PAUSHAK LTD ,B ,Q,6900.90,7000.00,6710.00,6976.90,6976.90,6902.90,301,1103,7622574.00,
532744,GTN TEXTILE ,B ,Q,5.85,5.85,5.85,5.85,5.85,6.15,2,5383,31490.00,
532745,INDICAP     ,X ,Q,27.50,29.40,27.50,29.10,29.15,27.50,94,9314,266745.00,
532748,PRIME FOCUS ,T ,Q,63.00,63.80,61.10,61.80,62.50,63.65,93,8227,511225.00,
532749,ALLCARGO    ,A ,Q,128.00,142.05,127.50,136.45,136.45,127.75,3040,164341,22464393.00,
532751,EASUNREYRL  ,Z ,Q,2.60,2.60,2.38,2.53,2.53,2.50,10,3291,8350.00,
532754,GMR INFRASTR,A ,Q,26.35,26.60,25.95,26.25,26.25,26.30,2133,1026550,26974200.00,
532755,TECH MAH    ,A ,Q,962.00,978.75,957.65,968.65,968.65,953.65,4099,120415,116873385.00,
532756,MAHINDCIE   ,A ,Q,179.05,184.00,179.05,180.95,181.35,178.95,905,51833,9418605.00,
532757,VOLTAMP TRAN,A ,Q,1174.85,1186.25,1169.80,1180.10,1180.00,1171.00,99,2737,3230355.00,
532759,ATLANTA     ,B ,Q,9.70,10.01,9.34,9.34,9.34,9.83,62,11910,113446.00,
532760,DEEPENR     ,B ,Q,37.20,37.80,36.50,36.80,36.80,36.95,312,14178,523708.00,
532761,HOV SERVICES,B ,Q,46.70,49.95,46.70,49.35,49.60,47.70,134,9461,462972.00,
532762,ACTION CONST,A ,Q,144.60,154.75,142.95,152.85,154.30,142.70,1148,54861,8292538.00,
532764,GEECEE      ,B ,Q,104.95,107.40,103.25,106.05,106.05,104.40,43,926,97301.00,
532766,RICHA IND   ,Z ,Q,0.72,0.72,0.69,0.72,0.72,0.69,12,2985,2140.00,
532767,GAYATRI PROJ,B ,Q,30.10,30.10,29.20,29.60,29.55,29.25,311,24409,724039.00,
532768,FIEM INDS   ,B ,Q,597.25,607.00,585.30,589.15,586.60,599.50,137,1049,625424.00,
532771,JHS SVEN    ,B ,Q,22.25,22.95,21.10,21.50,21.55,22.20,225,18733,411591.00,
532772,DCBBANK     ,A ,Q,99.55,101.20,98.65,99.00,99.00,98.50,2532,194589,19418702.00,
532773,GLOBAL VECT ,B ,Q,44.10,44.70,42.75,43.40,42.75,43.50,65,5499,242707.00,
532774,INSPIRISYS  ,B ,Q,45.95,46.00,43.30,44.45,44.45,44.60,166,6084,270768.00,
532775,GTL INFRAST ,B ,Q,0.77,0.78,0.76,0.77,0.77,0.77,2415,8615956,6618356.00,
532776,SHIVAM AUTO ,B ,Q,19.40,20.45,19.00,20.30,19.55,19.00,271,43128,866550.00,
532777,INFO EDGE   ,A ,Q,4300.00,4490.45,4287.10,4448.05,4455.00,4255.85,4026,27875,122794421.00,
532779,TORNT POWER ,A ,Q,433.45,440.20,429.05,436.45,438.00,428.20,1318,69654,30291544.00,
532780,PARSVNATH   ,B ,Q,9.20,9.20,8.70,8.79,8.91,8.85,50,14320,127019.00,
532782,SUTLEJ TEXT ,B ,Q,51.60,51.60,46.60,47.20,47.25,49.90,487,48221,2364150.00,
532783,DAAWAT      ,A ,Q,87.35,88.50,85.45,86.05,86.05,84.80,1994,278407,24113473.00,
532784,SOBHA       ,A ,Q,453.45,454.05,445.85,449.30,450.50,449.95,395,5804,2608153.00,
532785,RUCHIRA PAP ,B ,Q,66.65,66.65,63.05,63.70,63.90,63.80,252,5823,374350.00,
532790,TANLA       ,B ,Q,922.00,957.65,866.50,880.45,880.45,912.05,4371,79763,73154013.00,
532794,ZEEMEDIA    ,B ,Q,9.43,9.43,9.05,9.43,9.43,8.99,1240,2474591,23284105.00,
532795,SITINET     ,B ,Q,1.20,1.21,1.17,1.21,1.21,1.16,945,7054419,8519653.00,
532796,LUMAX TECH  ,B ,Q,132.30,139.05,132.30,137.25,139.00,132.30,271,6637,899724.00,
532797,AUTOIND     ,B ,Q,35.05,35.75,35.00,35.00,35.00,34.90,12,439,15383.00,
532798,NTWK MED INV,A ,Q,38.15,39.75,38.15,39.40,39.40,38.80,672,76887,3029791.00,
532799,HUBTOWN     ,B ,Q,15.85,16.05,15.50,15.75,15.75,15.80,21,3529,56259.00,
532800,TV18BRDCST  ,A ,Q,36.25,37.40,36.25,36.50,36.50,36.10,1152,377625,13857184.00,
532801,CAMBRIDGE   ,B ,Q,30.85,31.25,29.95,30.40,30.40,30.65,14,654,19922.00,
532804,TECHNOCRAFT ,B ,Q,420.00,431.00,414.40,418.10,421.45,414.40,282,3192,1343768.00,
532805,REDINGTON   ,A ,Q,187.30,189.20,185.00,188.10,188.10,185.80,418,10893,2044452.00,
532806,AI CHAMPDNY ,XT,Q,12.20,12.60,11.82,12.50,12.50,12.00,24,3455,43175.00,
532807,CINELINE    ,B ,Q,36.45,37.00,35.40,36.15,36.20,34.65,265,19355,703676.00,
532808,PGIL        ,B ,Q,187.10,195.00,184.45,193.75,194.00,184.20,173,5887,1111217.00,
532809,FSL         ,A ,Q,128.60,135.80,128.05,129.65,129.65,127.00,3951,421312,55459696.00,
532810,POWER FINAN ,A ,Q,116.55,118.25,115.95,116.35,116.35,115.60,1186,186110,21782284.00,
532811,AHLUWALIA CO,A ,Q,292.55,292.55,289.00,289.85,289.80,289.10,54,760,220148.00,
532812,TRANSWARRANT,B ,Q,3.06,3.06,2.81,3.03,3.03,2.92,22,2892,8620.00,
532813,C & C CONSTR,Z ,Q,4.45,4.80,4.42,4.43,4.42,4.64,18,6711,30511.00,
532814,INDIAN BANK ,A ,Q,126.65,128.50,122.80,123.80,123.80,125.55,1319,95635,12037090.00,
532815,SMS PHARMACE,B ,Q,150.55,153.90,148.10,151.25,151.25,150.30,513,12550,1884751.00,
532817,ORIENTAL    ,B ,Q,9.21,9.21,8.60,8.81,8.81,8.85,71,13846,121232.00,
532819,MINDTREE LTD,A ,Q,2100.00,2131.75,2078.10,2090.05,2090.05,2078.60,2640,46463,97571970.00,
532820,ELAND       ,X ,Q,4.30,4.30,3.96,4.15,4.15,4.15,20,6013,24889.00,
532822,IDEA        ,A ,Q,8.60,8.68,8.51,8.57,8.57,8.56,66207,29901012,257115205.00,
532826,RAJ TELE    ,B ,Q,37.70,37.70,34.25,34.30,34.30,35.00,3,4,140.00,
532827,PAGE INDUSTR,A ,Q,28200.00,29350.00,28200.00,28922.25,28935.10,28191.40,760,1459,42323119.00,
532828,AMD INDUS   ,B ,Q,19.50,19.90,19.00,19.20,19.65,19.50,44,1831,35407.00,
532829,LEHAR       ,XT,Q,25.50,26.40,25.50,26.25,26.25,25.95,18,2518,64663.00,
532830,ASTRAL      ,A ,Q,1779.50,1819.55,1773.05,1798.20,1800.00,1765.10,4794,43088,77363441.00,
532832,INDBUL REAL ,A ,Q,84.20,86.40,82.90,83.50,83.50,82.80,2985,437061,36933974.00,
532834,CAMLINFINE  ,A ,Q,173.00,174.25,170.60,172.25,172.85,171.30,1596,51032,8810615.00,
532835,ICRA        ,A ,Q,3180.00,3254.80,3180.00,3234.10,3243.00,3193.00,34,88,285052.00,
532839,DISH TV     ,A ,Q,12.89,13.25,12.80,12.93,12.93,12.65,1983,705562,9173906.00,
532841,SAHYA INDU  ,X ,Q,395.00,403.95,377.70,394.00,394.00,391.05,1142,51789,20350389.00,
532842,SREE RAYALA ,B ,Q,300.00,322.20,300.00,313.15,313.90,296.05,1292,20490,6473768.00,
532843,FORTIS      ,A ,Q,223.90,226.00,221.90,222.85,222.85,223.90,1164,86947,19432153.00,
532845,TGBHOTELS   ,B ,Q,6.04,6.07,5.75,5.87,5.87,6.01,17,3111,18658.00,
532847,HILTON MET  ,T ,Q,12.00,12.00,11.30,11.66,11.66,11.69,19,1511,17463.00,
532848,DELTA CORP  ,A ,Q,153.00,161.00,151.95,159.40,159.40,150.00,3232,292145,45899214.00,
532850,MIC ELECTRON,T ,Q,1.15,1.20,1.15,1.16,1.20,1.15,22,28506,32977.00,
532851,INSECTCID   ,A ,Q,539.45,544.50,530.00,535.80,535.75,538.10,246,2707,1456475.00,
532852,MCD HOLDING ,B ,Q,41.70,42.55,40.50,40.60,40.60,41.05,177,6645,273666.00,
532853,ASAHI SONG  ,B ,Q,375.65,377.25,371.60,373.70,374.00,373.15,141,2155,803760.00,
532854,NITIN FIRE  ,Z ,Q,0.62,0.65,0.60,0.64,0.64,0.62,36,106551,67148.00,
532855,HARYA CAPFIN,X ,Q,32.00,34.50,32.00,34.50,34.50,33.00,3,38,1308.00,
532856,TIME TECHNO ,A ,Q,80.20,84.00,80.20,82.10,82.50,79.30,1747,149143,12340346.00,
532859,HGSL        ,A ,Q,1650.00,1685.00,1647.95,1665.50,1675.00,1668.90,180,1364,2284539.00,
532864,NELCAST     ,B ,Q,76.00,77.35,74.85,75.15,74.95,75.95,522,35913,2720559.00,
532867,V2RETAIL    ,B ,Q,107.95,110.50,106.95,109.55,109.00,106.85,274,4971,536517.00,
532868,DLF LIMITED ,A ,Q,261.70,265.45,260.90,261.85,261.85,259.25,2753,221386,58217361.00,
532869,TARMAT      ,B ,Q,49.35,52.85,47.65,50.95,50.55,48.75,332,14206,710518.00,
532870,ANKIT METAL ,B ,Q,1.30,1.42,1.30,1.42,1.42,1.36,68,81774,115982.00,
532872,SUNPHA ADV  ,A ,Q,229.00,231.00,217.15,221.55,222.25,227.00,4026,95592,21392175.00,
532873,HOUSING DEV ,Z ,Q,4.87,4.93,4.76,4.81,4.80,4.84,161,83211,402245.00,
532874,SURYACHAKRA ,Z ,Q,0.60,0.60,0.56,0.60,0.60,0.58,72,87256,51410.00,
532875,ALLIED DIGIT,B ,Q,62.00,62.00,56.05,57.00,57.00,59.10,971,101186,5876089.00,
532878,ALPA LAB    ,T ,Q,54.70,57.40,53.55,57.40,57.40,54.70,210,28144,1583124.00,
532879,SIR SHADI LA,X ,Q,55.00,57.50,53.05,56.00,56.00,56.00,8,1021,55243.00,
532880,OMAXE LTD   ,A ,Q,82.35,86.75,78.10,82.30,81.30,80.80,802,36191,2979774.00,
532884,REFEX       ,B ,Q,136.95,136.95,133.25,134.30,135.95,134.25,607,26361,3545474.00,
532885,CENTRAL BK  ,A ,Q,18.15,18.30,17.70,17.90,17.90,18.00,1228,466521,8366377.00,
532887,NTL         ,B ,Q,0.82,0.82,0.82,0.82,0.82,0.79,5,2512,2059.00,
532888,ASIAN GRANIT,A ,Q,165.00,170.70,164.75,168.85,168.90,163.95,673,30063,5072964.00,
532889,K.P.R. MILL ,A ,Q,1533.00,1533.00,1497.70,1505.70,1508.75,1494.75,404,1686,2548994.00,
532890,TAKE SOLUT  ,A ,Q,63.15,63.15,60.40,61.10,61.10,61.70,1219,177577,10918489.00,
532891,PURAVANKARA ,B ,Q,82.35,82.60,78.35,80.15,81.00,80.10,299,6272,504811.00,
532892,MOTILALOFS  ,A ,Q,719.00,769.00,719.00,738.60,738.60,728.15,1875,40314,30391603.00,
532893,VTM LTD     ,X ,Q,25.95,26.60,25.05,25.80,25.75,25.20,182,23875,617790.00,
532894,IWIND ENERGY,B ,Q,4.24,4.41,4.24,4.36,4.36,4.20,66,21506,93404.00,
532895,NAGREKA CAP ,B ,Q,6.72,6.72,6.72,6.72,6.72,6.73,7,893,6000.00,
532896,MAGNUM VENT ,B ,Q,4.55,4.80,4.55,4.63,4.63,4.71,6,1134,5419.00,
532898,POWER GRID  ,A ,Q,230.00,239.80,228.20,232.95,232.95,228.20,8011,902175,213272528.00,
532899,KAVERI SEED ,A ,Q,772.00,774.00,753.00,763.90,763.90,772.65,3090,98474,75242648.00,
532900,PAISALO     ,A ,Q,615.70,616.00,597.00,599.55,597.00,599.80,85,670,404920.00,
532906,MAANALU     ,B ,Q,204.75,206.00,195.50,197.60,198.50,202.55,437,14554,2930131.00,
532907,ILFSENGG    ,Z ,Q,3.57,3.57,3.40,3.57,3.57,3.40,18,28178,97230.00,
532911,PARLEIND    ,X ,Q,9.09,9.09,8.75,9.05,9.05,9.04,750,132853,1198320.00,
532915,RELIGARE ENT,A ,Q,93.75,95.60,92.35,94.25,95.00,92.85,1359,585101,54933483.00,
532916,BARAK VALL  ,T ,Q,20.35,20.35,20.30,20.35,20.35,19.40,26,2255,45866.00,
532918,RATHI BARS  ,X ,Q,20.35,21.85,20.35,20.55,20.55,20.70,150,33938,711171.00,
532921,ADANI PORTS ,A ,Q,766.80,780.00,757.25,775.55,775.55,754.05,6497,316332,243041586.00,
532922,EDELWEISS   ,A ,Q,61.50,62.15,60.75,60.90,61.00,61.40,891,89385,5479774.00,
532923,RGL         ,B ,Q,486.95,496.90,472.00,482.25,472.00,479.50,1042,7473,3598110.00,
532924,KOLTEPATIL  ,A ,Q,231.50,233.95,229.55,230.50,231.00,229.75,323,9174,2117085.00,
532925,KAUSHAL INFR,B ,Q,1.41,1.53,1.41,1.53,1.53,1.47,6,2001,2833.00,
532926,JYOTHYLAB   ,A ,Q,150.00,154.00,142.95,150.70,150.70,149.10,2773,170403,25628740.00,
532927,ECLERX      ,A ,Q,1193.10,1210.00,1185.00,1198.25,1196.95,1197.30,176,1819,2176422.00,
532928,TRIL        ,B ,Q,23.00,23.40,22.50,22.85,22.80,23.00,123,18711,429790.00,
532929,BRIGADE     ,A ,Q,247.60,252.75,246.25,249.30,249.30,246.35,254,6941,1740623.00,
532930,BGR ENERGY  ,B ,Q,60.30,61.45,57.50,57.80,57.80,59.95,844,83897,4957442.00,
532931,BURNPUR     ,B ,Q,2.96,3.00,2.84,3.00,2.98,2.87,307,98158,289995.00,
532932,MANAKSIA LTD,B ,Q,63.50,65.00,62.10,63.55,63.45,62.95,552,21040,1338158.00,
532933,PORWAL AUTO ,X ,Q,19.50,19.50,18.45,19.30,19.50,18.80,37,8228,157790.00,
532934,PPAP        ,B ,Q,197.30,202.75,195.90,200.70,201.95,194.60,358,7024,1397089.00,
532935,ARIES AGRO  ,B ,Q,119.00,119.15,110.90,112.15,111.30,116.25,555,10840,1238033.00,
532937,KUANTUM     ,B ,Q,66.65,67.00,65.50,66.05,66.05,66.50,238,1845,121757.00,
532939,RPOWER      ,A ,Q,6.63,6.93,6.45,6.93,6.93,6.60,6264,17239454,117670842.00,
532940,J KUMAR INFR,A ,Q,182.55,183.00,178.90,179.70,180.00,181.10,292,7774,1406985.00,
532941,CORDS CABLE ,B ,Q,44.15,45.80,43.80,44.70,45.10,43.70,264,6181,277732.00,
532942,KNR CONST   ,A ,Q,215.00,216.50,213.45,215.35,216.00,213.25,514,22069,4755429.00,
532944,ONMOBILE    ,B ,Q,103.20,108.50,102.10,106.15,106.15,101.90,3440,236276,25034307.00,
532945,SHRIRAM EPC ,B ,Q,5.99,5.99,5.49,5.49,5.49,6.09,607,494842,2755453.00,
532946,BANG        ,B ,Q,36.60,37.50,31.50,31.80,32.50,34.05,437,27519,953589.00,
532947,IRB INFRA   ,A ,Q,106.55,108.60,106.00,107.10,106.00,105.95,684,69620,7476853.00,
532951,GSS INFOTECH,B ,Q,68.25,72.85,67.80,71.25,71.25,68.20,328,16756,1188657.00,
532952,NAHAR CAP   ,B ,Q,128.60,133.00,121.05,122.35,122.25,128.75,318,22476,2856672.00,
532953,V GUARD IND ,A ,Q,221.45,228.00,221.40,225.60,226.00,221.50,1728,45760,10263108.00,
532955,RECLTD      ,A ,Q,144.00,144.35,141.25,142.20,142.20,141.55,772,103355,14729495.00,
532957,GOKAK TEXTI ,X ,Q,19.80,19.80,19.60,19.60,19.60,20.00,7,876,17199.00,
532959,GAMMON INFRA,B ,Q,1.21,1.21,1.21,1.21,1.21,1.10,347,2299509,2782405.00,
532960,DHANI       ,B ,Q,181.00,183.70,177.40,179.10,179.75,180.70,1054,243433,43954648.00,
532966,TITAGARH WAG,A ,Q,48.90,49.65,48.60,48.80,48.70,48.40,379,17351,850669.00,
532967,KIRI DYES   ,A ,Q,452.00,460.30,450.05,452.20,453.50,453.95,478,6583,2990290.00,
532972,SANKHYA INFO,XT,Q,3.50,3.74,3.50,3.65,3.65,3.57,64,58863,219426.00,
532974,ABML        ,B ,Q,44.05,45.65,43.90,44.45,44.45,44.35,552,30517,1364921.00,
532975,AISHWARYA   ,Z ,Q,2.43,2.43,2.39,2.39,2.39,2.32,22,15766,38269.00,
532976,JAIBALA IND ,B ,Q,50.50,51.20,50.10,50.65,50.10,48.80,47,4559,231415.00,
532977,BAJAJ AUTO  ,A ,Q,3885.35,4079.00,3865.80,4065.55,4065.55,3865.75,7965,110778,444854660.00,
532978,BAJAJ FINSE ,A ,Q,11398.00,11580.00,11302.25,11407.95,11335.00,11247.55,2500,14082,161335830.00,
532980,GOKUL REFOIL,B ,Q,25.80,28.90,25.50,28.65,28.65,24.10,1979,341901,9579166.00,
532983,RPG LIFESCI ,B ,Q,441.80,444.40,438.05,440.55,438.40,433.80,259,2764,1218641.00,
532985,KOTAK SENSEX,B ,Q,516.00,524.00,516.00,521.00,521.00,513.01,29,269,140261.00,
532986,NIRAJ CEMENT,B ,Q,40.25,41.05,39.55,40.25,40.25,40.40,6,67,2743.00,
532987,RANE BRAKE  ,B ,Q,903.00,916.90,869.40,888.95,884.60,891.45,1313,8099,7273258.00,
532988,RANE ENGVL  ,B ,Q,326.70,330.45,300.60,304.75,306.00,322.70,616,20631,6354817.00,
532989,BAFNA PHARMA,B ,Q,133.10,142.40,133.10,137.05,137.90,135.75,104,2196,298423.00,
532994,ARCHIDPLY IN,B ,Q,36.00,36.00,34.35,34.35,34.35,34.75,20,4268,149533.00,
532998,LEHIL       ,B ,Q,53.40,54.35,48.10,52.85,52.10,52.35,160,11545,604917.00,
533001,SOMI CONVEY ,B ,Q,47.00,50.20,45.50,50.20,50.20,47.85,286,18792,903732.00,
533007,LGB FORGE   ,B ,Q,4.94,4.94,4.94,4.94,4.94,4.71,48,37778,186623.00,
533012,LANDMRK PRO ,B ,Q,2.02,2.11,2.02,2.11,2.11,2.01,10,4879,10230.00,
533014,SICAGEN IND ,T ,Q,20.00,20.35,19.75,20.00,19.80,20.50,20,4336,87083.00,
533022,20 MICRONS  ,B ,Q,49.95,58.70,47.85,57.15,57.15,48.95,3058,474561,27046892.00,
533023,WABCO       ,A ,Q,6650.00,7255.55,6384.05,7127.80,7127.80,6723.20,917,2086,14083093.00,
533029,ALKALI      ,B ,Q,56.65,58.00,55.15,56.70,56.90,55.35,263,5276,300126.00,
533033,ISGEC       ,A ,Q,557.80,557.80,540.05,542.70,541.70,549.20,1030,17221,9414970.00,
533047,INDIAN MET  ,B ,Q,442.95,444.00,434.00,438.75,438.75,437.90,314,5548,2433428.00,
533048,GI ENGINERG ,B ,Q,2.75,2.77,2.75,2.77,2.77,2.64,8,2100,5815.00,
533056,VEDAVAAG    ,X ,Q,30.00,32.75,29.50,30.80,30.80,32.35,95,8570,263725.00,
533080,MOLDTKPACK  ,A ,Q,485.00,485.00,474.00,477.65,477.50,481.75,313,4581,2194041.00,
533088,MAH HOLIDAY ,A ,Q,211.25,220.60,211.25,213.00,213.00,209.85,788,19582,4239026.00,
533090,EXCEL       ,B ,Q,2.70,2.82,2.70,2.82,2.82,2.69,131,111060,312759.00,
533093,RAJ OIL     ,B ,Q,94.85,94.85,90.20,91.05,91.05,92.10,75,4410,402548.00,
533095,BENGLA& ASM ,B ,Q,1449.00,1515.00,1426.00,1439.70,1440.00,1422.55,252,6127,8990633.00,
533096,ADANI POWER ,A ,Q,98.00,101.85,97.15,101.85,101.85,97.00,7025,2995163,297697091.00,
533098,NHPC        ,A ,Q,25.85,25.90,25.55,25.60,25.60,25.60,1626,480911,12363185.00,
533101,SURYAMBA SP ,X ,Q,85.55,89.40,85.55,88.70,88.70,86.55,11,6287,544195.00,
533104,GLOBUS SPR  ,B ,Q,324.00,324.00,316.05,316.80,316.05,316.15,344,3902,1244846.00,
533106,OIL INDIA   ,A ,Q,131.80,135.35,131.80,134.05,134.00,131.55,1613,108104,14433590.00,
533107,RNAVAL      ,Z ,Q,2.93,2.96,2.85,2.87,2.92,2.91,621,531896,1542892.00,
533108,BHILWRA TEC ,X ,Q,6.40,6.40,5.91,6.14,6.05,6.17,85,20264,123632.00,
533121,EXPLEOSOL   ,B ,Q,718.70,720.00,690.65,694.95,695.00,715.05,203,2127,1487420.00,
533122,RTNPOWER    ,B ,Q,3.15,3.17,3.02,3.08,3.08,3.07,4744,3732525,11491959.00,
533137,DEN NETWORK ,A ,Q,44.00,44.50,43.90,44.00,44.05,44.00,565,56908,2514852.00,
533138,ASTEC LIFE  ,A ,Q,1289.00,1291.00,1237.00,1262.75,1261.55,1280.65,508,4784,6052747.00,
533144,COX KINGS   ,Z ,Q,1.15,1.19,1.13,1.18,1.18,1.15,148,264790,308183.00,
533146,DLINK IND   ,B ,Q,106.00,108.65,105.60,106.95,106.95,105.00,490,15272,1637655.00,
533148,JSW ENERGY  ,A ,Q,113.20,117.00,113.20,115.60,115.60,113.10,3449,224384,25976856.00,
533149,ESSAR SECU  ,X ,Q,3.01,3.24,3.01,3.23,3.23,3.09,14,1978,6229.00,
533150,GODREJ PROP ,A ,Q,1265.00,1269.90,1245.85,1253.15,1256.45,1248.50,1203,21677,27222258.00,
533151,D B CORP    ,A ,Q,87.00,92.00,87.00,89.75,89.75,86.80,1402,70200,6305870.00,
533152,MBL INFRA   ,B ,Q,19.15,19.65,18.80,18.90,18.90,18.85,284,22674,434204.00,
533155,JUBL FOOD   ,A ,Q,2848.00,2984.25,2817.10,2963.85,2965.00,2816.50,5469,63598,185989734.00,
533156,VASCON ENG  ,B ,Q,15.75,16.05,15.60,15.80,15.95,15.70,238,38428,608074.00,
533157,SYNCOM HEAL ,Z ,Q,2.94,3.06,2.94,2.98,3.04,2.96,99,80544,241877.00,
533158,THANGAMAYIL ,B ,Q,657.25,663.60,642.00,647.60,650.00,650.75,117,919,597644.00,
533160,D B REALTY  ,B ,Q,19.65,20.20,19.65,19.90,19.85,20.00,430,27427,545820.00,
533161,EMMBI       ,B ,Q,97.05,108.90,95.40,98.75,97.90,94.70,149,5433,545164.00,
533162,HATHWAY CAB ,A ,Q,23.30,23.60,22.80,23.05,23.05,23.00,1140,205054,4756762.00,
533163,ARSS INFRA  ,B ,Q,25.50,25.50,25.00,25.15,25.15,24.90,25,7811,196288.00,
533164,TEXMO PIPES ,B ,Q,30.50,30.65,30.00,30.45,30.40,30.25,130,11087,335999.00,
533166,SUNDARAMMUL ,B ,Q,1.40,1.41,1.40,1.41,1.41,1.29,96,293512,413524.00,
533167,CORO ENGG   ,X ,Q,26.75,28.00,26.75,27.50,27.50,26.35,47,19020,515542.00,
533168,ROSSELL IND ,B ,Q,126.00,126.20,120.15,121.65,122.80,122.35,841,44464,5483423.00,
533169,MAN INFRA   ,B ,Q,41.10,41.30,40.15,40.60,40.70,40.90,776,147597,6027508.00,
533170,TAMBOLI CAP ,X ,Q,48.30,49.30,48.00,49.30,49.30,48.30,12,766,37470.00,
533177,IL&FS TRANS ,Z ,Q,2.30,2.41,2.30,2.38,2.38,2.30,32,37820,89734.00,
533178,PRADIPOVERS ,T ,Q,0.97,0.97,0.93,0.93,0.93,0.97,3,3000,2792.00,
533179,PERSISTENT  ,A ,Q,2438.00,2438.00,2311.95,2329.05,2329.05,2404.15,1607,12767,30153711.00,
533181,INTRASOFT   ,B ,Q,92.45,92.45,84.30,85.55,86.00,88.35,221,15508,1346627.00,
533189,GOENKA DIAM ,Z ,Q,1.42,1.48,1.36,1.40,1.40,1.42,180,218274,311894.00,
533192,KCP SUGAR IN,B ,Q,24.20,24.20,22.50,22.85,22.85,23.25,422,44803,1020727.00,
533193,KIRLOSKAR EL,B ,Q,20.10,20.89,19.49,19.86,19.86,19.77,850,213340,4309509.00,
533202,NEH         ,X ,Q,1.95,1.96,1.84,1.90,1.90,1.88,44,29310,55712.00,
533203,TARAPUR TRA ,B ,Q,4.73,4.74,4.73,4.74,4.74,4.52,19,19718,93459.00,
533204,GBGLOBAL    ,B ,Q,8.97,8.97,8.97,8.97,8.97,8.55,3,50,448.00,
533206,SJVN        ,A ,Q,26.45,27.25,26.45,26.80,26.85,26.75,396,58675,1580654.00,
533207,JPINFRATEC  ,B ,Q,1.69,1.73,1.65,1.72,1.71,1.65,1520,2147085,3643866.00,
533208,EMAMI PAPER ,B ,Q,125.80,125.80,121.55,122.35,123.00,123.50,112,1062,130383.00,
533210,KRITI NUTRI ,X ,Q,45.00,46.95,43.30,44.05,44.50,44.20,891,107486,4827845.00,
533212,GKB OPHTHA  ,X ,Q,69.75,72.85,67.00,68.50,68.50,69.50,19,358,25063.00,
533217,HMVL        ,B ,Q,71.95,73.50,68.10,69.35,68.10,70.95,244,14144,997005.00,
533218,EMAMIREAL   ,B ,Q,46.15,47.50,46.00,46.25,46.00,46.20,190,9169,430278.00,
533221,ASIAN HTL W ,B ,Q,200.00,200.00,197.40,199.00,199.00,199.80,24,77,15330.00,
533227,ASIAN HTL E ,B ,Q,150.00,150.00,147.10,148.60,150.00,147.65,19,181,26833.00,
533229,BAJAJCON    ,A ,Q,285.90,285.90,278.55,280.95,280.95,280.25,1084,47756,13440216.00,
533230,HDFCMFGETF  ,E ,Q,43.10,43.35,43.05,43.17,43.10,42.84,135,40012,1726200.00,
533239,PRAKASHSTL  ,B ,Q,1.06,1.06,1.06,1.06,1.06,1.11,36,22411,23755.00,
533244,ICICIGOLD   ,E ,Q,42.78,43.49,42.65,43.08,43.07,42.79,272,45980,1978639.00,
533248,GPPL        ,A ,Q,100.00,107.00,99.90,101.95,101.95,97.90,3518,215246,22294625.00,
533252,WELSPUN INV ,B ,Q,385.40,391.90,385.40,391.90,391.90,393.25,3,4,1554.00,
533257,INDOSOLAR   ,Z ,Q,1.99,1.99,1.87,1.89,1.87,1.96,140,113954,216188.00,
533259,SASTASUNDR  ,B ,Q,199.10,200.00,189.80,191.00,193.05,197.20,672,12624,2461944.00,
533260,CAREERP     ,B ,Q,134.80,138.90,132.55,137.95,138.90,132.35,66,1613,216253.00,
533261,EROS MEDIA  ,B ,Q,23.90,23.90,22.65,22.90,22.65,23.40,301,30171,698733.00,
533262,RAMKY INFRA ,B ,Q,76.40,78.80,72.75,73.60,76.00,75.05,567,44588,3419025.00,
533263,GREENPOWER  ,B ,Q,2.50,2.50,2.50,2.50,2.50,2.39,76,234918,587295.00,
533265,GALLISPAT   ,B ,Q,53.15,53.40,52.25,52.55,52.65,53.15,277,3753,198581.00,
533267,CANTABIL    ,B ,Q,371.95,371.95,366.95,369.55,370.60,370.60,246,18470,6844986.00,
533269,VATECH WABA ,A ,Q,270.10,280.35,270.10,274.95,274.95,266.40,1298,53768,14865611.00,
533270,BEDMUTHA IN ,B ,Q,23.65,26.25,23.05,23.35,23.30,24.25,80,14972,365956.00,
533271,ASHOKA      ,A ,Q,85.25,86.60,84.50,84.70,84.65,85.20,875,72043,6151555.00,
533272,CEBBCO      ,B ,Q,20.05,20.05,20.05,20.05,20.05,19.10,13,5190,104059.00,
533273,OBEROI REAL ,A ,Q,555.00,555.00,536.50,547.50,551.00,526.50,1079,17765,9650943.00,
533274,PRESTIGE    ,A ,Q,274.50,274.50,269.00,269.45,270.00,270.80,1965,27269,7388578.00,
533275,GYSCOAL     ,B ,Q,3.53,3.53,3.46,3.52,3.52,3.37,119,137750,485136.00,
533278,COAL INDIA  ,A ,Q,148.30,149.75,146.15,146.45,146.45,148.25,6604,704795,104185641.00,
533282,GRAVITA     ,B ,Q,113.00,115.50,110.90,114.80,114.80,110.15,1078,39618,4503808.00,
533284,RPP INFRA   ,B ,Q,62.75,63.00,61.00,61.40,61.00,62.00,179,1270,78793.00,
533285,RDB REALTY  ,X ,Q,20.90,20.90,18.40,18.95,19.00,19.30,37,3707,71679.00,
533286,MOIL LTD    ,A ,Q,181.15,184.00,176.95,178.10,178.10,179.60,1124,54338,9850682.00,
533287,ZEE LEARN   ,B ,Q,11.39,11.66,11.25,11.30,11.29,11.28,331,164666,1876443.00,
533289,KESAR TERMI ,X ,Q,37.00,44.80,37.00,43.85,43.85,37.35,197,73403,3183060.00,
533292,A2ZINFRA    ,B ,Q,4.75,4.76,4.51,4.63,4.64,4.64,177,134480,621717.00,
533293,KIRLOIL ENG ,A ,Q,214.05,215.80,209.00,209.70,209.85,209.60,676,26214,5613033.00,
533294,RAVI KUMAR  ,B ,Q,9.50,9.50,8.42,9.01,9.14,9.19,22,2742,25392.00,
533295,PUNJABNSIND ,B ,Q,22.15,22.15,20.50,20.65,20.70,21.80,1122,385773,8201845.00,
533296,FMNL        ,B ,Q,14.60,14.80,14.20,14.50,14.50,14.45,17,1412,20352.00,
533298,SURANASOL   ,B ,Q,9.49,9.77,9.09,9.75,9.77,9.31,129,35823,344807.00,
533302,KALYANI INV ,B ,Q,1700.00,1710.00,1680.05,1697.70,1690.80,1682.80,18,97,164777.00,
533303,BF INVEST   ,A ,Q,308.80,343.70,305.70,337.00,337.00,305.95,2905,45302,14971260.00,
533306,SUMMIT SECU ,B ,Q,535.00,578.95,535.00,570.70,572.00,530.00,88,566,318769.00,
533315,INNO INVEST ,X ,Q,8.50,8.79,8.10,8.62,8.12,8.45,30,5102,43098.00,
533316,STEL        ,B ,Q,79.80,82.10,78.40,81.40,82.00,78.20,267,8438,683253.00,
533320,JUBILNT IND ,B ,Q,310.90,310.90,295.35,300.90,300.90,301.75,576,9223,2808472.00,
533326,TEXMACO RAIL,A ,Q,29.45,29.45,28.50,28.65,28.65,28.90,688,90526,2605162.00,
533329,IND TERRAIN ,B ,Q,29.80,30.65,29.45,30.65,30.65,29.20,445,28586,871328.00,
533333,FINEOTEX  CH,B ,Q,82.10,84.75,80.65,81.50,81.50,80.45,905,71163,5871161.00,
533336,DHUNINV     ,B ,Q,315.00,377.50,315.00,368.60,368.60,372.40,56,952,342016.00,
533339,ZEN TECH    ,B ,Q,72.50,73.10,65.00,72.10,72.20,72.20,738,59164,4194334.00,
533343,LOVABLE     ,B ,Q,96.00,96.75,93.60,93.90,93.60,92.60,215,9214,874455.00,
533344,PTCFIN SER  ,A ,Q,19.35,19.80,19.05,19.25,19.25,19.00,416,104606,2031439.00,
533385,N100        ,E ,Q,969.00,969.37,964.06,968.48,968.50,965.85,311,3469,3355000.00,
533393,TCI DEVELP  ,B ,Q,298.00,324.95,295.15,308.50,324.95,320.45,16,66,20380.00,
533398,MUTHOOT FIN ,A ,Q,1235.00,1276.70,1230.45,1267.90,1267.90,1221.35,2434,55483,69968734.00,
533400,FCONSUMER   ,A ,Q,6.76,6.83,6.72,6.74,6.74,6.76,1529,743142,5027807.00,
533407,CIL NOVA    ,X ,Q,17.16,17.16,15.54,16.95,16.95,16.35,30,2402,39698.00,
533408,BSLGOLDETF  ,E ,Q,4403.35,4439.50,4403.35,4433.00,4433.00,4416.00,22,56,247715.00,
533427,VMS INDUSTR ,X ,Q,8.12,8.50,8.12,8.42,8.50,8.10,18,4767,39685.00,
533451,KARMA ENERG ,B ,Q,15.28,15.28,14.08,15.25,15.25,14.56,24,838,12627.00,
533452,EBIXFOREX   ,B ,Q,690.00,740.00,662.65,687.00,687.00,645.40,1688,19651,13903722.00,
533470,RUSHIL DECOR,B ,Q,241.80,255.15,236.00,241.80,241.55,243.00,1726,37208,9402273.00,
533477,ENKEI WHEEL ,X ,Q,308.00,317.00,308.00,314.70,315.00,308.60,37,972,305391.00,
533482,KRIINFRA    ,B ,Q,4.30,4.35,3.93,4.11,4.25,4.07,128,34442,142433.00,
533506,INVENTURE   ,B ,Q,27.50,32.25,26.75,32.25,32.25,26.90,672,132372,4173602.00,
533519,LNT FH      ,A ,Q,89.10,90.80,88.60,89.40,89.40,88.45,3128,829197,74451550.00,
533520,YAARII      ,A ,Q,100.90,100.90,100.90,100.90,100.90,96.10,118,37302,3763771.00,
533540,TREE HOUSE  ,T ,Q,7.81,8.33,7.81,8.00,8.00,8.10,11,1730,14110.00,
533543,BROOKS LABS ,B ,Q,88.35,90.50,87.40,89.40,90.50,87.15,68,10099,903340.00,
533552,RUPA & CO   ,A ,Q,309.80,312.70,307.90,309.00,308.80,306.50,278,3834,1188405.00,
533553,TD POWER    ,B ,Q,223.40,231.80,213.50,229.65,229.65,219.65,814,17912,4052115.00,
533570,AXISGOLD    ,E ,Q,42.00,42.73,41.83,42.24,42.24,41.75,553,95808,4039914.00,
533573,ALEM PHARMA ,A ,Q,953.00,953.00,939.00,942.25,941.60,942.90,539,12077,11392667.00,
533576,VASWANI IND ,B ,Q,13.90,14.27,13.90,14.05,14.04,13.87,43,9055,127625.00,
533581,PG ELECTRO  ,B ,Q,307.00,319.90,307.00,313.35,315.00,319.65,362,7810,2446215.00,
533602,LESHAIND    ,X ,Q,1.65,1.65,1.65,1.65,1.65,1.58,4,1960,3234.00,
533605,SETUINFRA   ,B ,Q,0.82,0.82,0.82,0.82,0.82,0.79,1,100,82.00,
533608,RDB RASAYAN ,X ,Q,88.15,88.70,83.30,83.75,83.50,85.40,384,48665,4126133.00,
533632,ONELIFE CAP ,B ,Q,7.34,7.34,7.33,7.33,7.33,7.00,3,300,2201.00,
533638,FLEXITUFF   ,B ,Q,26.40,27.05,26.35,27.05,27.05,27.65,3,182,4817.00,
533644,UJAAS       ,B ,Q,2.92,2.92,2.78,2.78,2.78,2.92,452,658836,1833742.00,
533655,TRIVENITURB ,A ,Q,98.10,98.70,96.60,96.85,96.60,97.50,183,8772,854120.00,
533676,INDO THAI   ,T ,Q,55.50,55.50,52.65,55.00,55.00,53.25,4,174,9313.00,
533704,ESSAR SHIP  ,B ,Q,9.56,9.56,9.35,9.47,9.47,9.45,50,9994,94459.00,
533719,IDBIGOLD    ,E ,Q,4410.00,4460.00,4410.00,4425.00,4425.00,4410.00,12,19,84060.00,
533758,APL APOLLO  ,A ,Q,1271.00,1282.00,1224.00,1251.65,1251.65,1271.15,1202,12455,15531189.00,
533761,GPT INFRA   ,B ,Q,42.60,43.00,42.10,42.10,42.10,42.15,99,9884,420973.00,
533896,FERVENTSYN  ,X ,Q,16.40,16.75,14.80,16.36,16.50,15.10,65,8593,139566.00,
533982,TERASOFTWARE,B ,Q,41.70,41.70,39.40,41.45,41.70,39.95,185,4305,175512.00,
534060,PMCFIN      ,X ,Q,1.38,1.38,1.32,1.38,1.38,1.32,1872,3508828,4824200.00,
534064,AIML        ,XT,Q,15.50,15.50,15.50,15.50,15.50,15.50,6,50000,775000.00,
534076,ORIENT REF  ,A ,Q,314.90,337.00,306.15,330.90,330.90,309.05,1306,45455,14768378.00,
534091,MCX LTD     ,A ,Q,1575.00,1624.00,1555.25,1612.65,1612.65,1552.10,2331,28265,45258498.00,
534139,SCHNEIDER   ,A ,Q,97.05,110.65,97.05,107.05,107.05,97.85,7442,491467,52533091.00,
534190,OLYMPIC     ,X ,Q,3.07,3.07,2.95,2.95,2.95,2.93,6,1059,3250.00,
534309,NBCC        ,A ,Q,49.10,50.55,49.10,49.40,49.40,49.00,2882,582547,29086743.00,
534312,MT EDUCARE  ,B ,Q,7.51,7.51,7.34,7.43,7.36,7.34,85,21666,160941.00,
534328,HEXATRADEX  ,T ,Q,118.50,118.50,109.05,114.45,118.00,113.40,77,11220,1267510.00,
534338,MAXHEIGHTS  ,X ,Q,11.90,11.90,11.50,11.50,11.50,12.05,10,546,6297.00,
534369,TBZ LTD     ,B ,Q,71.60,72.05,70.55,71.35,71.45,70.80,640,25742,1835443.00,
534392,VSSL        ,B ,Q,199.45,209.40,196.00,204.20,204.20,198.55,2244,94756,19474054.00,
534422,LOOKS       ,T ,Q,9.99,9.99,9.98,9.98,9.98,9.99,6,671,6703.00,
534425,SPECIALITY R,B ,Q,41.25,43.55,40.70,42.30,42.30,40.55,287,7092,301282.00,
534532,LYPSA GEMS  ,B ,Q,4.16,4.19,4.04,4.10,4.10,4.04,9,628,2569.00,
534563,MAX ALERT   ,M ,Q,3.96,3.97,3.96,3.96,3.96,4.39,4,4800,19016.00,
534597,RTNINDIA    ,B ,Q,15.79,15.79,15.35,15.79,15.79,15.04,994,1471045,23103751.00,
534598,SEPOWER     ,B ,Q,5.54,5.54,5.33,5.40,5.40,5.28,64,21109,114777.00,
534600,JTL INFRA   ,X ,Q,511.70,514.00,500.00,503.85,503.85,506.95,117,5469,2768537.00,
534612,AMTL        ,X ,Q,12.22,12.22,11.21,11.24,11.21,11.79,29,4105,46493.00,
534615,NECC LTD    ,B ,Q,10.18,10.83,9.98,10.28,10.23,10.15,36,11585,118786.00,
534618,SAREL       ,XT,Q,86.00,86.00,83.15,84.60,83.15,87.50,141,26206,2205304.00,
534623,JUPITER INFO,X ,Q,28.05,28.05,26.80,27.00,27.00,26.80,134,10178,276031.00,
534639,VINAYAK POL ,X ,Q,8.03,8.03,8.03,8.03,8.03,7.65,1,6,48.00,
534674,DUCON       ,B ,Q,7.40,7.40,6.90,6.91,6.92,6.98,82,24597,171985.00,
534675,PROZONINTU  ,B ,Q,18.70,20.40,18.70,19.65,19.70,19.75,403,60315,1192692.00,
534680,SRG HFL     ,X ,Q,185.25,190.90,183.15,189.95,189.95,190.00,26,1144,212512.00,
534691,COMFORT COM ,B ,Q,8.25,8.85,8.01,8.01,8.01,8.43,46,37792,307239.00,
534707,ADITRI      ,XT,Q,1.29,1.29,1.17,1.18,1.18,1.23,25,5947,7253.00,
534731,BRONZE INFRA,XT,Q,0.34,0.34,0.33,0.34,0.34,0.34,25,29128,9640.00,
534732,INTELL ADV  ,XT,Q,3.23,3.23,3.23,3.23,3.23,3.23,1,54,174.00,
534741,VIRTUAL GLO ,X ,Q,0.69,0.69,0.69,0.69,0.69,0.66,62,256524,177001.00,
534742,ZUARI AGRO  ,B ,Q,98.40,100.80,96.95,97.65,97.65,97.75,1916,60027,5956263.00,
534748,STEEL EXCH  ,B ,Q,65.00,66.05,64.00,65.40,65.90,65.50,256,6483,422829.00,
534755,TRIO MERCAN ,X ,Q,3.98,3.99,3.89,3.98,3.98,3.80,237,178408,705953.00,
534758,CIGNITI TECH,A ,Q,398.25,405.00,391.65,395.05,395.05,393.20,232,2820,1126281.00,
534804,CARERATING  ,A ,Q,534.95,544.60,530.00,534.75,535.00,526.90,2295,38061,20460011.00,
534809,PC JEWELLER ,A ,Q,24.75,25.10,24.50,24.70,24.50,24.60,665,68390,1695273.00,
534816,INDUSTOWER  ,A ,Q,247.00,247.00,242.10,242.90,242.90,243.55,2289,161696,39507331.00,
534976,VMART       ,A ,Q,2572.05,2650.90,2560.00,2612.70,2575.00,2598.15,309,1245,3230598.00,
535136,NIBE        ,XT,Q,35.65,36.80,33.90,34.95,34.95,35.65,25,2430,83827.00,
535204,MUKTA       ,X ,Q,1.82,1.83,1.75,1.83,1.83,1.83,20,30952,54626.00,
535205,MYSTICELE   ,XT,Q,2.87,2.95,2.71,2.85,2.85,2.85,44,24902,69271.00,
535276,SBISENSEX   ,B ,Q,517.10,526.99,517.10,524.14,523.16,519.93,204,6239,3270283.00,
535322,REPCO HOME  ,A ,Q,337.90,341.10,330.10,339.90,340.00,335.35,551,3810,1285510.00,
535458,NRB IND BEA ,T ,Q,21.50,22.75,21.40,22.50,22.50,22.50,6,166,3733.00,
535566,KIFS FSL    ,X ,Q,40.00,40.00,40.00,40.00,40.00,39.50,3,65,2600.00,
535601,SREELEATHER ,B ,Q,149.00,149.00,139.75,145.60,145.00,142.80,45,1841,264742.00,
535602,SHARDA MOTOR,B ,Q,369.00,385.00,361.10,373.95,385.00,367.10,441,2412,895990.00,
535620,BINNY MILLS ,X ,Q,62.15,68.15,62.10,63.50,63.20,64.95,53,2561,167998.00,
535621,SV GLOBAL   ,X ,Q,46.90,46.90,44.00,46.40,46.75,44.70,39,8373,382619.00,
535648,JUSTDIAL    ,A ,Q,740.70,754.85,730.65,733.75,734.50,729.70,6202,184606,136446264.00,
535657,OONE        ,X ,Q,3.22,3.23,3.22,3.23,3.23,3.08,31,49463,159725.00,
535667,IFINSEC     ,XT,Q,15.98,15.98,15.98,15.98,15.98,16.30,1,32,511.00,
535693,BRAHM INFRA ,X ,Q,15.25,16.00,15.20,15.90,15.90,15.90,19,1753,27215.00,
535730,KHOOBSURAT  ,X ,Q,0.20,0.21,0.19,0.21,0.21,0.20,89,759245,157098.00,
535754,ORIENT CEM  ,A ,Q,133.70,133.70,125.05,125.85,125.85,121.65,6842,464591,59127198.00,
535755,ABFRL       ,A ,Q,189.25,194.10,187.40,189.15,189.15,188.90,1575,185192,35387488.00,
535789,IBUL HSG FIN,A ,Q,189.95,194.65,189.00,191.85,191.85,187.65,3778,544620,104744314.00,
536170,KUSHAL      ,XT,Q,4.92,4.92,4.74,4.74,4.74,4.83,260,78525,376901.00,
536264,TIGER LOGS  ,B ,Q,41.65,48.05,39.20,47.85,47.85,40.05,527,134588,6247232.00,
536493,JKAGRI GEN  ,X ,Q,815.65,815.65,780.25,786.70,790.00,799.65,141,2665,2117289.00,
536507,FUTLIF FAS  ,A ,Q,52.75,53.40,52.10,52.35,52.25,52.65,162,10548,555089.00,
536565,TRIMURTHI   ,XT,Q,9.92,9.92,9.92,9.92,9.92,10.12,22,6437,63855.00,
536659,PVVINFRA    ,XT,Q,5.15,5.15,4.86,5.13,5.13,5.10,58,10896,55531.00,
536709,INDRENEW    ,X ,Q,9.51,10.39,9.51,10.29,10.29,10.25,11,481,4660.00,
536751,FIVEXTRADE  ,XT,Q,0.79,0.79,0.79,0.79,0.79,0.80,13,4974,3929.00,
536846,YURANUS INFR,XT,Q,8.28,8.28,8.28,8.28,8.28,7.89,1,100,828.00,
536868,INTEGRA TELE,X ,Q,37.80,39.65,37.70,38.20,38.25,37.80,402,7419,286595.00,
536960,M100        ,B ,Q,26.00,26.75,25.61,26.36,26.39,25.96,279,33162,868508.00,
536965,BP CAPITAL  ,X ,Q,3.41,3.41,3.41,3.41,3.41,3.25,8,13754,46901.00,
536974,CAPTAIN POLY,B ,Q,51.80,51.80,42.50,43.35,43.35,50.85,847,350395,16687479.00,
537007,ICICINIFTY  ,B ,Q,159.50,160.79,158.64,160.55,160.37,158.47,170,19294,3093524.00,
537008,ICICINF100  ,B ,Q,163.00,165.00,163.00,165.00,165.00,162.00,15,134,22040.00,
537069,ARNOLD HOLD ,X ,Q,18.75,19.85,16.20,18.60,19.45,19.60,70,16200,304739.00,
537253,SUNIL HEALTH,XT,Q,31.35,32.90,31.35,32.90,32.90,31.35,30,1552,49972.00,
537254,RCI IND     ,B ,Q,11.20,11.48,10.43,11.48,11.48,10.94,91,50610,579071.00,
537259,SUYOG TELE  ,B ,Q,438.00,444.80,427.50,435.00,435.00,425.05,39,1001,434149.00,
537291,NATH BIOGEN ,A ,Q,445.00,445.00,416.85,419.30,419.30,433.60,437,7101,3015387.00,
537292,AGRI TECH   ,B ,Q,45.65,45.65,43.40,44.20,44.20,44.45,68,7726,341216.00,
537326,CHEMTECH IND,T ,Q,10.29,10.29,10.29,10.29,10.29,10.83,1,3,30.00,
537392,TAAZAINT    ,X ,Q,2.36,2.36,2.35,2.35,2.35,2.36,2,201,473.00,
537483,NETFNIF100  ,B ,Q,155.00,159.00,153.11,156.51,156.70,156.50,35,277,43033.00,
537524,VIAANINDUS  ,X ,Q,1.15,1.15,1.15,1.15,1.15,1.10,57,155812,179183.00,
537536,DENIS CHEM  ,X ,Q,51.60,56.90,51.60,55.45,55.45,54.30,146,22197,1234684.00,
537573,POLYMAC     ,M ,Q,9.40,10.56,9.40,9.98,10.56,8.80,2,1600,15968.00,
537707,ETT LTD     ,X ,Q,41.40,41.40,39.90,39.90,39.90,39.45,6,130,5195.00,
537708,KOTAKNIFTY  ,B ,Q,155.99,157.90,155.99,157.58,157.58,155.59,50,2980,469173.00,
537750,KIRAN VYPAR ,X ,Q,101.75,108.40,101.75,107.15,106.00,105.60,25,1325,140021.00,
537766,BCP LTD     ,B ,Q,3.70,3.70,3.45,3.47,3.45,3.60,99,40698,143026.00,
537785,RACE        ,M ,Q,230.50,230.50,224.00,224.00,224.00,230.20,4,3125,704062.00,
537800,MANGALAM IND,X ,Q,0.64,0.65,0.63,0.63,0.65,0.64,110,99820,62915.00,
537820,VFL         ,T ,Q,0.95,0.96,0.88,0.96,0.96,0.92,180,147173,134380.00,
537839,PHOENIX TN  ,X ,Q,12.67,12.67,11.47,12.65,12.65,12.07,8,217,2725.00,
537840,RAUNAQEPC   ,XT,Q,20.25,20.25,19.50,20.20,20.20,19.30,9,252,5003.00,
538019,OBI LTD     ,XT,Q,7.10,7.42,6.72,7.00,7.00,7.07,32,6295,43544.00,
538057,CPSE ETF    ,B ,Q,25.03,25.65,25.03,25.36,25.36,25.12,1571,760973,19377162.00,
538081,HARIA APL   ,X ,Q,1.43,1.51,1.43,1.51,1.51,1.44,11,1215,1821.00,
538092,JOONKTOLLEE ,X ,Q,119.00,119.00,118.65,118.65,118.65,119.00,3,218,25866.00,
538119,RNB DENIMS  ,T ,Q,59.00,59.00,54.15,55.00,55.00,57.00,11,2306,127568.00,
538180,GOLD LINE   ,Z ,Q,0.33,0.33,0.31,0.33,0.33,0.32,58,102198,33365.00,
538212,SHARP INV   ,X ,Q,0.35,0.36,0.34,0.35,0.35,0.35,101,313432,111214.00,
538268,WONDERLA    ,A ,Q,197.00,197.00,190.00,195.15,196.00,192.80,391,10833,2104900.00,
538351,AFEL        ,XT,Q,18.10,18.10,18.10,18.10,18.10,18.25,1,25,452.00,
538365,ADHUNIKIND  ,B ,Q,30.00,30.00,28.55,28.60,28.55,29.55,191,7485,219400.00,
538401,MAESTROS ELE,X ,Q,64.50,66.00,62.50,64.50,64.50,62.00,22,1052,67497.00,
538433,CLASSIC     ,XT,Q,0.34,0.35,0.33,0.34,0.35,0.34,40,49785,16960.00,
538446,MONEYBOXX   ,T ,Q,65.75,67.40,65.25,67.00,67.00,65.00,14,1749,115065.00,
538464,TPROJECT    ,X ,Q,1.51,1.52,1.40,1.40,1.40,1.45,12,9340,14040.00,
538476,CTL         ,X ,Q,5.33,5.45,5.11,5.40,5.40,5.33,43,9922,52391.00,
538521,CROWNTOURS  ,X ,Q,18.95,18.95,18.35,18.70,18.70,18.70,13,15527,287161.00,
538537,OMANSH      ,X ,Q,0.51,0.51,0.47,0.47,0.47,0.49,3,120,60.00,
538539,JTAPARIA    ,X ,Q,1.30,1.30,1.26,1.26,1.26,1.28,15,2156,2716.00,
538540,RLFL        ,X ,Q,0.31,0.31,0.31,0.31,0.31,0.30,49,52412,16247.00,
538542,GOLDCOINHF  ,X ,Q,3.74,3.74,3.70,3.74,3.74,3.57,7,6337,23500.00,
538546,BANSAL ROOF ,M ,Q,130.00,139.75,130.00,139.75,139.75,127.10,6,18000,2473200.00,
538562,SKIPPER     ,B ,Q,57.50,57.95,54.30,57.25,57.60,57.50,482,13665,781451.00,
538564,JAMESWARREN ,X ,Q,164.20,164.20,140.00,154.95,154.95,151.90,28,529,78900.00,
538565,VISTARAMAR  ,X ,Q,59.45,59.45,59.00,59.00,59.00,56.65,9,1005,59697.00,
538566,APOLLOTRI   ,A ,Q,1182.00,1201.90,1151.00,1192.55,1192.55,1177.95,1646,45248,53285997.00,
538567,GULFOIL LUB ,A ,Q,731.40,731.40,699.00,703.10,702.00,707.45,239,1520,1068652.00,
538569,TRIVENI ENT ,X ,Q,17.00,17.85,17.00,17.85,17.85,17.85,4,310,5278.00,
538597,TTIENT      ,X ,Q,1.97,1.98,1.86,1.97,1.98,1.89,56,23827,47040.00,
538598,VISHAL      ,B ,Q,44.85,44.85,42.00,43.10,43.60,43.95,241,42266,1814259.00,
538607,TOYAMIND    ,X ,Q,1.48,1.48,1.48,1.48,1.48,1.46,6,6179,9144.00,
538610,UNISON      ,XT,Q,24.70,24.70,24.70,24.70,24.70,24.70,1,50,1235.00,
538611,RTFL        ,X ,Q,5.36,5.36,5.36,5.36,5.36,5.58,2,500,2680.00,
538634,VRL         ,X ,Q,108.05,114.90,100.00,102.55,102.55,103.30,571,45168,4805975.00,
538635,SNOWMAN     ,A ,Q,49.85,55.30,49.80,54.00,54.00,49.85,3755,890447,47454971.00,
538646,QGO         ,XT,Q,19.00,19.00,19.00,19.00,19.00,19.95,2,2,38.00,
538647,PURSHOTTAM  ,X ,Q,7.00,7.00,7.00,7.00,7.00,7.26,1,1000,7000.00,
538666,SHARDACROP  ,A ,Q,343.90,349.00,335.55,342.75,342.75,338.55,1834,31728,10881019.00,
538683,NETFSENSEX  ,B ,Q,526.16,543.49,526.16,541.99,541.99,532.31,28,242,129726.00,
538685,SHEMAROO    ,B ,Q,98.05,104.00,96.90,102.50,102.50,97.70,1158,56835,5779724.00,
538706,ULTRACAB    ,B ,Q,142.00,142.00,131.00,131.05,131.95,129.90,100,8551,1146309.00,
538708,ETIL        ,X ,Q,2.87,2.87,2.87,2.87,2.87,2.82,4,1950,5596.00,
538713,ATISHAY     ,B ,Q,29.35,32.00,29.00,29.95,30.50,30.10,42,14028,421039.00,
538714,SUCHITRA    ,X ,Q,41.25,41.25,39.30,41.25,41.25,39.30,6,326,13437.00,
538715,DHABRIYA    ,B ,Q,63.90,68.75,63.90,68.00,68.00,65.75,85,7427,499825.00,
538730,PDSMFL      ,B ,Q,762.25,797.95,756.00,789.95,795.00,756.25,389,4007,3131746.00,
538731,HANMAN      ,M ,Q,1.80,1.80,1.80,1.80,1.80,2.00,2,8400,15120.00,
538732,VGCL        ,T ,Q,43.00,43.00,43.00,43.00,43.00,42.20,5,106,4558.00,
538733,STARLIT     ,B ,Q,15.11,15.80,15.11,15.45,15.45,15.11,8,587,9081.00,
538734,CEINSYSTECH ,B ,Q,137.25,149.20,137.25,143.50,145.00,144.60,14,2192,315709.00,
538742,PANACHE     ,X ,Q,15.40,15.40,15.40,15.40,15.40,14.70,6,571,8793.00,
538770,CRANE INFRA ,X ,Q,4.60,4.60,4.47,4.47,4.47,4.46,9,4433,20055.00,
538772,NIYOGIN     ,X ,Q,69.95,73.40,68.05,73.20,73.40,69.95,97,72081,5055685.00,
538778,AKASHDEEP   ,X ,Q,36.00,36.00,32.00,35.95,35.25,35.90,22,777,27763.00,
538786,CIL         ,XT,Q,4.59,4.59,4.59,4.59,4.59,4.38,10,595,2731.00,
538787,GBFL        ,X ,Q,3.15,3.17,2.90,3.06,2.90,3.02,59,14874,44939.00,
538795,SAPPL       ,X ,Q,325.00,325.00,279.00,280.25,282.00,288.85,162,4235,1204485.00,
538812,AANCHALISP  ,XT,Q,5.01,5.25,5.01,5.05,5.05,5.06,36,21335,107398.00,
538834,MEL         ,X ,Q,2.85,2.85,2.85,2.85,2.85,2.85,2,135,384.00,
538835,INTELLECT   ,A ,Q,714.00,732.00,710.25,719.35,720.00,719.40,879,17928,12927819.00,
538836,MONTECARLO  ,B ,Q,261.25,262.40,253.00,259.60,259.60,257.90,548,7573,1963240.00,
538837,JSTL        ,X ,Q,95.45,95.50,93.15,93.15,93.15,95.05,116,8655,809812.00,
538860,PANAFIC     ,XT,Q,0.20,0.22,0.20,0.22,0.22,0.21,38,53344,11688.00,
538868,CSL         ,XT,Q,18.90,18.95,18.90,18.95,18.95,18.95,2,110,2079.00,
538874,NEXUSSURGL  ,X ,Q,3.13,3.13,3.13,3.13,3.13,3.29,2,100,313.00,
538882, EMERALD    ,X ,Q,19.29,20.06,19.28,20.06,20.06,19.11,45,31418,624231.00,
538890,MKEXIM      ,X ,Q,30.00,31.95,30.00,30.65,31.45,30.35,22,4130,126809.00,
538891,MCLOUD      ,X ,Q,62.85,62.90,60.30,61.95,61.95,61.40,86,18603,1151502.00,
538896,KANCHI      ,X ,Q,1153.10,1171.10,1131.10,1141.10,1141.10,1151.30,672,7566,8683584.00,
538902,DHUN TEAIND ,B ,Q,315.00,316.95,309.30,309.95,310.40,310.00,82,1106,345687.00,
538918,VANICOM     ,X ,Q,1.81,1.81,1.81,1.81,1.81,1.80,2,617,1116.00,
538920,SPACEAGE    ,XT,Q,51.20,51.20,49.20,50.35,51.20,50.20,54,8067,411890.00,
538922,COSYN       ,X ,Q,20.75,20.75,19.70,19.95,20.30,20.05,65,19663,392887.00,
538928,KARNAVATI   ,B ,Q,17.26,18.55,17.26,18.25,18.25,18.16,6,95,1694.00,
538942,MERCANTILE  ,X ,Q,18.15,18.20,17.00,17.25,17.25,18.15,42,4638,81613.00,
538952,ALFL        ,X ,Q,0.74,0.74,0.68,0.68,0.68,0.74,18,3895,2852.00,
538961,GENUSPAPER  ,B ,Q,7.96,8.50,7.79,8.22,8.22,7.80,168,107476,885059.00,
538962,MINDACORP   ,A ,Q,110.00,111.80,107.60,110.50,110.50,107.20,1299,55323,6071854.00,
538964,MERCURYLAB  ,X ,Q,745.00,801.00,715.05,750.60,755.00,747.45,52,489,364503.00,
538965,CONCORD     ,XT,Q,33.45,36.55,33.45,33.85,34.00,35.20,95,14406,505618.00,
538970,MANVIJAY    ,X ,Q,76.50,76.50,72.60,73.25,73.25,75.65,789,59768,4442851.00,
538979,GRNLAM IND  ,B ,Q,1099.40,1135.90,1089.65,1100.80,1100.00,1093.50,85,359,398130.00,
538987,TALBROSENG  ,X ,Q,155.00,160.00,155.00,159.75,158.00,155.15,38,1780,281920.00,
538992,SAPL        ,X ,Q,255.00,255.00,254.00,254.00,254.00,260.00,4,9,2288.00,
539006,PTCIL       ,X ,Q,1531.00,1559.85,1530.10,1535.00,1535.00,1530.10,21,303,466843.00,
539009,GBLIL       ,XT,Q,2.05,2.05,2.01,2.01,2.01,2.05,17,1472,2962.00,
539011,CHENFERRO   ,XT,Q,6.16,6.16,6.12,6.16,6.16,6.44,9,273,1681.00,
539012,MEGRISOFT   ,XT,Q,25.00,25.00,24.15,24.15,24.15,25.35,2,5,122.00,
539013,GITARENEW   ,XT,Q,42.70,42.70,42.70,42.70,42.70,41.90,6,420,17934.00,
539017,ASHFL       ,B ,Q,94.70,94.80,89.80,92.80,92.85,94.45,98,22183,2062038.00,
539018,BEEKAY      ,X ,Q,369.00,369.00,351.00,359.05,361.00,356.10,71,4834,1754856.00,
539026,SSPNFIN     ,M ,Q,8.21,8.69,8.21,8.69,8.69,8.64,4,16000,133440.00,
539031,SETFBSE100  ,B ,Q,156.00,160.90,155.01,158.10,160.00,156.94,28,366,57569.00,
539032,FRASER      ,X ,Q,5.94,5.94,5.90,5.90,5.90,5.94,4,154,912.00,
539040,TTIL        ,X ,Q,3.20,3.24,3.09,3.24,3.24,3.09,23,4170,13411.00,
539042,AGIIL       ,B ,Q,73.00,73.00,70.00,70.90,71.90,72.00,85,21621,1551696.00,
539043,BKMINDST    ,B ,Q,0.91,0.93,0.90,0.93,0.93,0.91,28,26283,23904.00,
539044,MANAKSTELTD ,B ,Q,25.70,26.95,25.60,26.30,26.30,26.65,173,9486,249601.00,
539045,MNKALCOLTD  ,B ,Q,15.27,15.62,13.20,15.62,15.62,14.20,305,88010,1321058.00,
539046,MNKCMILTD   ,B ,Q,15.85,16.95,15.65,15.95,15.85,16.15,68,7570,123628.00,
539056,IMAGICAA    ,B ,Q,6.30,6.30,6.29,6.30,6.30,6.00,47,34726,218771.00,
539083,INOXWIND    ,B ,Q,76.00,78.00,75.25,77.55,77.55,76.45,332,10439,798112.00,
539096,AANANDALAK  ,X ,Q,4.75,4.84,4.75,4.84,4.84,4.84,6,403,1934.00,
539097,HKG         ,M ,Q,45.80,45.85,42.30,45.20,45.85,45.25,23,62500,2793375.00,
539110,NORTHLINK   ,X ,Q,20.65,20.65,20.65,20.65,20.65,19.70,2,2,41.00,
539111,SHESHAINDS  ,X ,Q,9.13,9.13,9.13,9.13,9.13,9.31,1,1,9.00,
539113,PML         ,X ,Q,1340.05,1340.05,1305.00,1338.10,1318.00,1352.60,39,301,400571.00,
539118,VRLLOG      ,A ,Q,228.70,264.00,226.90,259.00,259.00,228.70,4298,140892,35527120.00,
539122,BODHTREE    ,X ,Q,26.75,26.75,25.95,26.15,25.95,26.70,147,4398,115629.00,
539126,MEP         ,B ,Q,18.45,18.50,17.90,18.10,18.10,18.30,396,59777,1083675.00,
539132,VEGETABLE   ,X ,Q,3.48,3.50,3.21,3.44,3.50,3.34,72,16692,57825.00,
539141,UFO         ,B ,Q,75.20,75.55,74.40,74.95,75.20,73.20,355,11350,851509.00,
539143,PANTH       ,X ,Q,9.90,10.29,9.89,9.90,10.29,10.09,27,5773,57903.00,
539148,SHIVALIK    ,X ,Q,758.00,765.00,735.00,739.85,740.00,749.70,263,8439,6360233.00,
539149,ICSL        ,X ,Q,3.39,3.39,3.07,3.19,3.19,3.23,77,52208,170661.00,
539150,PNCINFRA    ,A ,Q,234.75,244.00,232.85,237.25,237.25,233.25,1381,57699,13808701.00,
539151,ARFIN       ,XT,Q,74.00,74.20,69.40,74.20,74.20,70.70,101,12962,957384.00,
539175,INDRAIND    ,X ,Q,9.49,9.49,9.49,9.49,9.49,9.49,1,1,9.00,
539176,HAWAENG     ,XT,Q,28.50,29.90,28.50,29.90,29.90,28.50,4,149,4386.00,
539177,AIIL        ,X ,Q,366.15,366.15,366.15,366.15,366.15,359.00,1,2,732.00,
539195,POEL        ,X ,Q,42.50,42.65,39.60,41.00,41.00,40.80,53,5235,218627.00,
539196,AEL         ,X ,Q,14.76,17.89,14.21,14.90,14.80,14.97,51,8078,123173.00,
539197,DEVHARI     ,X ,Q,0.70,0.70,0.64,0.68,0.67,0.67,119,90314,59451.00,
539201,SATIA       ,A ,Q,86.90,86.90,82.20,82.80,83.15,83.50,110,3946,330486.00,
539216,GARMNTMNTR  ,B ,Q,89.00,92.00,87.30,88.00,88.30,89.00,26,9898,887862.00,
539217,SRESTHA     ,X ,Q,1.99,2.08,1.99,2.08,2.08,1.99,9,11012,22597.00,
539219,MUL         ,X ,Q,16.55,16.55,15.56,16.53,16.55,15.77,135,27214,449135.00,
539221,SPORTKING   ,XT,Q,1967.95,1967.95,1816.00,1947.45,1946.00,1880.70,391,3785,7234003.00,
539222,VMV         ,M ,Q,8.75,8.77,8.31,8.64,8.58,8.72,10,65000,561600.00,
539223,AMBITION    ,B ,Q,5.10,5.10,5.10,5.10,5.10,5.10,7,470,2397.00,
539225,JIYAECO     ,XT,Q,5.24,5.24,4.80,5.04,5.05,5.02,58,23447,117338.00,
539226,RUDRA       ,T ,Q,28.05,29.45,28.05,29.45,29.45,28.05,5,90,2566.00,
539227,LOYAL       ,B ,Q,28.00,29.20,27.45,28.00,28.80,28.00,10,1055,29840.00,
539228,GGPL        ,B ,Q,28.65,31.70,28.60,29.20,29.20,30.25,52,1802,53876.00,
539229,MRSS        ,MT,Q,6.22,6.22,6.22,6.22,6.22,5.93,4,3000,18660.00,
539235,GPL         ,X ,Q,247.00,267.00,247.00,259.95,259.95,260.00,3,518,134441.00,
539251,BALKRISHNA  ,B ,Q,21.75,22.75,21.75,22.00,22.00,21.70,18,288,6446.00,
539252,SCFL        ,B ,Q,8.55,8.55,7.89,8.49,8.48,7.91,334,73726,614353.00,
539254,ADANITRANS  ,A ,Q,1218.00,1260.60,1210.00,1260.60,1260.60,1200.60,5039,177057,222586019.00,
539255,STARDELTA   ,X ,Q,80.60,88.95,80.60,88.95,88.95,84.80,8,659,56476.00,
539267,DRHABEEB    ,X ,Q,34.55,34.55,32.85,34.50,34.55,34.55,8,60,2058.00,
539268,SYNGENE     ,A ,Q,571.40,587.55,571.40,584.10,584.00,572.30,1618,30979,18034875.00,
539273,PECOS       ,M ,Q,20.95,21.50,20.95,21.50,21.50,21.00,3,3000,63950.00,
539274,BLFL        ,Z ,Q,3.57,3.57,3.56,3.56,3.56,3.40,3,38,135.00,
539275,MSL         ,T ,Q,72.00,73.95,72.00,73.95,73.95,70.45,17,4722,348994.00,
539276,KAYA        ,B ,Q,285.95,289.70,273.30,276.80,276.80,282.85,299,9064,2539221.00,
539278,SYMBIOX     ,X ,Q,0.79,0.82,0.79,0.80,0.80,0.79,14,4862,3904.00,
539287,ORTINLAABS  ,B ,Q,31.00,31.00,29.00,30.00,30.10,30.40,249,4204,126373.00,
539288,AVI         ,XT,Q,12.70,12.70,12.70,12.70,12.70,12.10,1,1,12.00,
539289,MJCO        ,A ,Q,75.05,76.85,75.05,76.30,76.30,75.65,917,62734,4783237.00,
539290,BINDALAGRO  ,B ,Q,17.90,18.25,17.40,17.60,17.75,17.75,143,25108,445171.00,
539291,OZONEWORLD  ,X ,Q,26.65,26.65,26.65,26.65,26.65,28.05,62,5823,155182.00,
539301,ARVSMART    ,B ,Q,93.95,96.40,92.45,92.95,93.00,93.45,310,9722,913538.00,
539302,POWERMECH   ,A ,Q,593.90,595.30,585.20,585.35,593.00,589.45,53,367,216700.00,
539309,RAMASTEEL   ,B ,Q,73.00,78.00,72.95,76.50,76.50,74.30,244,4221,323997.00,
539310,THINKINK    ,X ,Q,30.75,32.70,30.40,31.95,32.70,31.65,265,587408,18419393.00,
539312,UTISENSETF  ,B ,Q,515.00,522.50,514.01,522.50,522.50,513.76,34,120,61781.00,
539313,UTINIFTETF  ,B ,Q,1555.00,1585.00,1543.20,1578.67,1578.67,1608.05,54,260,404726.00,
539331,VETO        ,B ,Q,123.15,132.20,120.00,130.10,128.00,120.80,489,18192,2305438.00,
539332,NAVKARCORP  ,B ,Q,35.85,39.50,35.60,38.95,38.95,35.15,1474,270760,10184029.00,
539334,SHREEPUSHK  ,B ,Q,179.25,179.25,168.50,171.05,173.75,173.70,442,12016,2077385.00,
539336,GUJGAS      ,A ,Q,534.00,542.00,526.00,531.50,531.25,528.15,1761,66778,35680402.00,
539346,SADBHIN     ,B ,Q,21.35,22.15,21.25,21.45,21.45,21.30,492,19483,423533.00,
539353,SALAUTO     ,X ,Q,173.85,173.85,165.00,169.15,172.90,163.70,14,168,28594.00,
539354,POLYSPIN    ,X ,Q,54.55,54.55,51.40,52.25,52.25,53.05,19,2072,108713.00,
539359,PRITIKAUTO  ,X ,Q,15.24,15.95,14.79,14.89,15.20,15.24,151,13721,208066.00,
539363,SKC         ,T ,Q,4.69,4.69,4.50,4.50,4.50,4.69,9,913,4114.00,
539383,MINFY       ,Z ,Q,2.73,2.86,2.73,2.86,2.86,2.73,5,10110,28913.00,
539384,KRISHNACAP  ,XT,Q,4.70,4.70,4.70,4.70,4.70,4.80,4,15,70.00,
539391,ACME        ,X ,Q,14.70,14.70,14.50,14.50,14.50,14.50,13,636,9236.00,
539399,BELLACASA   ,B ,Q,111.00,116.60,110.60,113.85,113.85,114.90,27,769,87065.00,
539400,MALLCOM     ,X ,Q,624.25,637.95,593.55,611.85,608.00,608.65,121,2518,1556673.00,
539402,VAL         ,M ,Q,25.00,25.00,25.00,25.00,25.00,25.40,1,64000,1600000.00,
539403,ARAMBHAN    ,M ,Q,4.50,4.50,4.50,4.50,4.50,4.51,1,5000,22500.00,
539404,SATIN       ,A ,Q,85.15,86.50,83.85,84.00,84.45,84.65,374,19966,1698438.00,
539407,GENCON      ,B ,Q,45.55,46.70,45.00,46.20,46.20,45.50,15,1664,76236.00,
539408,KUBERJI     ,X ,Q,0.74,0.74,0.74,0.74,0.74,0.74,2,234,173.00,
539410,MUZALI      ,XT,Q,6.00,6.25,6.00,6.25,6.25,6.25,3,1000,6191.00,
539428,TEJNAKSH    ,B ,Q,66.00,66.00,63.85,64.00,64.00,64.10,32,2097,134355.00,
539436,COFFEEDAY   ,B ,Q,30.80,30.80,28.40,28.55,28.55,29.90,2702,420269,12164248.00,
539437,IDFCFIRSTB  ,A ,Q,56.00,57.35,55.50,56.00,56.00,55.80,4757,1247835,70394215.00,
539447,BEARDSELL   ,B ,Q,13.24,13.36,12.88,12.91,13.16,13.10,42,4656,61080.00,
539448,INDIGO      ,A ,Q,1705.00,1725.20,1693.25,1714.05,1711.70,1703.70,966,14745,25177859.00,
539449,IGCIL       ,X ,Q,33.45,33.45,33.45,33.45,33.45,35.20,3,12,401.00,
539450,SHK         ,A ,Q,144.60,150.40,144.60,148.85,148.85,147.60,665,43628,6490073.00,
539470,SHREEGANES  ,X ,Q,118.50,120.30,116.20,120.00,120.00,118.85,73,16328,1932804.00,
539479,GTV         ,X ,Q,24.50,24.60,24.50,24.60,24.60,24.95,3,1022,25041.00,
539480,LICNETFN50  ,B ,Q,180.85,186.20,176.00,186.00,186.00,186.44,8,79,14347.00,
539487,LICNETFSEN  ,B ,Q,536.20,575.00,532.00,568.10,550.00,540.00,40,370,204635.00,
539506,ADCON       ,XT,Q,6.13,6.13,6.13,6.13,6.13,6.13,1,1,6.00,
539515,QUINT       ,X ,Q,306.00,321.95,295.00,309.85,310.25,310.20,54,3893,1203950.00,
539516,HDFCNIFETF  ,B ,Q,159.37,161.90,159.35,159.91,159.91,157.77,53,1342,215963.00,
539517,SXETF       ,B ,Q,529.95,534.99,527.16,532.60,532.90,528.48,33,422,223821.00,
539518,UDAYJEW     ,X ,Q,109.00,115.00,105.00,109.50,109.50,106.75,40,494,53107.00,
539519,MAYUKH      ,X ,Q,15.20,15.50,14.15,15.40,15.50,14.70,340,117562,1773663.00,
539523,ALKEM       ,A ,Q,2980.00,3018.45,2940.00,2948.55,2948.55,2981.20,1049,6911,20586526.00,
539524,LALPATHLAB  ,A ,Q,2752.00,2820.00,2740.15,2795.70,2798.00,2755.75,2913,25264,70327333.00,
539525,NAVKETAN    ,XT,Q,0.61,0.63,0.61,0.63,0.63,0.60,38,26993,16944.00,
539526,SCTL        ,B ,Q,0.50,0.53,0.46,0.51,0.51,0.49,511,1543853,761954.00,
539528,AAYUSH      ,X ,Q,27.90,29.40,27.90,28.75,28.75,27.85,23,1396,40657.00,
539542,LUXIND      ,A ,Q,2099.00,2150.00,2039.65,2058.40,2070.00,2062.15,577,2659,5563437.00,
539546,BNL         ,X ,Q,5.34,5.34,5.34,5.34,5.34,5.09,5,93,496.00,
539551,NH          ,A ,Q,455.00,455.00,423.95,427.95,427.50,444.95,785,12314,5345585.00,
539561,REMLIFE     ,XT,Q,84.05,84.05,84.05,84.05,84.05,80.05,39,7935,666936.00,
539562,AARNAV      ,X ,Q,78.00,78.00,71.90,73.85,76.30,74.90,52,1124,84336.00,
539570,ACEWIN      ,M ,Q,8.97,8.97,8.23,8.97,8.97,8.55,15,144000,1275744.00,
539574,SCL         ,X ,Q,5.50,5.50,5.50,5.50,5.50,5.70,1,10,55.00,
539593,SHIVA       ,XT,Q,0.63,0.66,0.63,0.66,0.66,0.63,10,2898,1912.00,
539594,MISHTANN    ,X ,Q,4.56,4.60,4.36,4.47,4.55,4.47,161,78047,349508.00,
539596,DELTA       ,X ,Q,4.84,4.84,4.84,4.84,4.84,4.84,1,2,9.00,
539597,JSLHISAR    ,A ,Q,184.70,190.00,179.00,180.90,180.10,185.10,1372,85944,15795928.00,
539598,ORACLECR    ,X ,Q,9.09,9.09,9.09,9.09,9.09,8.66,1,1,9.00,
539620,AINFRA      ,X ,Q,24.65,24.70,24.00,24.25,24.00,24.65,16,834,20442.00,
539621,BCLENTERPR  ,XT,Q,8.30,8.30,7.52,7.52,7.52,7.91,25,6693,52029.00,
539636,PRECAM      ,B ,Q,45.50,47.95,45.50,45.80,45.80,45.60,233,21230,984167.00,
539658,TEAMLEASE   ,A ,Q,3304.00,3328.40,3290.00,3310.60,3313.20,3251.85,39,129,426488.00,
539659,VIDLI       ,M ,Q,10.60,10.60,10.60,10.60,10.60,9.65,1,1000,10600.00,
539660,BESTAGRO    ,B ,Q,244.10,244.10,219.70,219.90,220.50,244.10,1078,51241,11406940.00,
539661,ACEMEN      ,XT,Q,54.25,54.25,54.25,54.25,54.25,53.00,2,51,2766.00,
539673,RCL         ,XT,Q,9.10,9.10,8.40,8.45,8.45,8.70,16,27201,236568.00,
539678,QUICKHEAL   ,A ,Q,235.00,239.00,216.05,218.25,218.25,227.45,9399,306508,69142928.00,
539679,KAPILRAJ    ,X ,Q,9.65,10.00,9.65,9.80,9.80,9.51,5,709,7008.00,
539686,KPEL        ,B ,Q,62.40,62.50,58.50,60.20,62.00,62.50,96,4482,270015.00,
539692,IFINSER     ,X ,Q,8.59,8.59,8.59,8.59,8.59,8.59,4,91,781.00,
539697,HILIKS      ,XT,Q,8.32,8.50,8.32,8.46,8.46,8.32,12,2245,18991.00,
539725,GOKULAGRO   ,B ,Q,30.85,31.75,28.00,28.45,28.90,29.85,2047,375456,11132715.00,
539730,FREDUN      ,X ,Q,439.00,468.70,430.50,443.55,443.55,451.05,74,2555,1143342.00,
539742,SIMBHALS    ,B ,Q,14.12,14.12,14.12,14.12,14.12,13.45,39,30595,432001.00,
539767,MNIL        ,X ,Q,7.41,7.44,6.75,7.30,7.30,7.10,48,7294,50915.00,
539770,DARJEELING  ,XT,Q,4.10,4.10,3.82,3.83,3.83,4.02,18,3537,13638.00,
539773,ADVIKCA     ,X ,Q,2.42,2.42,2.42,2.42,2.42,2.31,7,854,2066.00,
539784,LICNFNHGP   ,B ,Q,155.00,170.99,153.10,161.96,161.96,153.15,51,429,71202.00,
539785,PDMJEPAPER  ,B ,Q,23.60,24.00,23.10,23.20,23.25,23.00,130,17151,405098.00,
539787,HCG         ,A ,Q,185.00,195.00,185.00,189.70,190.70,191.95,650,8565,1644705.00,
539798,UMIYA       ,X ,Q,7.49,7.49,6.80,7.40,7.40,7.15,5,1350,9975.00,
539799,BHARATWIRE  ,B ,Q,62.20,62.20,59.55,61.70,61.75,59.25,241,15993,989594.00,
539800,CHDCHEM     ,B ,Q,14.17,14.17,14.17,14.17,14.17,13.90,44,17978,254748.00,
539807,INFIBEAM    ,A ,Q,41.90,42.40,41.25,42.15,42.15,41.25,1420,624649,26058858.00,
539814,LELAVOIR    ,X ,Q,47.05,47.65,45.15,47.65,47.65,47.30,19,6008,278516.00,
539833,SICLTD      ,X ,Q,0.36,0.36,0.36,0.36,0.36,0.35,2,3100,1116.00,
539835,SUPERIOR    ,X ,Q,163.35,166.90,163.35,166.75,166.75,163.30,342,8002,1330403.00,
539837,RPEL        ,B ,Q,333.45,333.45,316.00,333.45,333.45,317.60,225,23338,7759511.00,
539841,LANCER      ,B ,Q,75.00,78.45,73.25,76.00,76.00,76.45,108,11832,891999.00,
539844,EQUITAS     ,A ,Q,88.50,89.75,87.60,87.95,87.95,88.05,1907,262869,23249026.00,
539854,HALDER      ,X ,Q,104.95,104.95,104.95,104.95,104.95,102.90,2,10,1049.00,
539861,SKIL        ,B ,Q,2.81,2.91,2.72,2.72,2.72,2.86,70,25760,70957.00,
539871,THYROCARE   ,A ,Q,1044.85,1051.95,1025.90,1028.00,1026.55,1039.35,561,6218,6443266.00,
539872,BAJAJHCARE  ,B ,Q,615.00,619.75,602.05,606.00,606.00,605.35,770,18430,11240409.00,
539874,UJJIVAN     ,A ,Q,216.50,222.00,215.00,216.45,216.50,216.40,832,38517,8387616.00,
539875,RSDFIN      ,X ,Q,34.65,34.65,34.65,34.65,34.65,33.00,7,78,2702.00,
539876,CROMPTON    ,A ,Q,377.95,378.90,371.25,376.55,376.55,375.05,2087,67214,25179245.00,
539883,PILANIINVS  ,A ,Q,1682.10,1692.85,1682.00,1688.75,1689.50,1688.75,39,155,261523.00,
539884,DARSHANORNA ,B ,Q,15.00,15.22,14.50,15.10,15.10,14.50,45,4220,63259.00,
539889,PARAGMILK   ,A ,Q,150.65,150.65,143.10,143.75,143.95,146.85,920,56199,8158861.00,
539894,MADHAVIPL   ,X ,Q,4.23,4.24,4.00,4.22,4.24,4.06,129,62179,259269.00,
539910,KOCL        ,XT,Q,0.80,0.80,0.80,0.80,0.80,0.80,14,15276,12220.00,
539917,NAGARFERT   ,B ,Q,9.42,9.42,9.42,9.42,9.42,8.98,195,167573,1578537.00,
539921,SEIL        ,T ,Q,154.65,154.65,154.65,154.65,154.65,154.90,1,50,7732.00,
539938,MIL         ,XT,Q,44.65,44.65,44.65,44.65,44.65,45.55,5,235,10492.00,
539939,YASHCHEM    ,B ,Q,42.00,42.90,40.35,41.95,41.95,40.50,83,12753,534008.00,
539940,MAXVIL      ,B ,Q,63.00,63.45,61.65,61.65,61.65,62.35,262,3130,195296.00,
539945,ICICINV20   ,B ,Q,80.00,81.40,80.00,80.23,80.23,79.66,31,2985,241726.00,
539956,TAALENT     ,X ,Q,637.00,645.80,620.00,643.90,645.80,615.05,121,4191,2683421.00,
539957,MGL         ,A ,Q,1116.75,1134.35,1110.75,1126.80,1130.50,1107.25,1397,22651,25401691.00,
539963,ZEAL        ,B ,Q,65.05,65.95,63.75,64.70,63.75,65.05,95,2442,158630.00,
539978,QUESS       ,A ,Q,628.00,644.95,626.60,636.00,634.30,629.90,166,1448,925004.00,
539980,ICICIMCAP   ,B ,Q,85.49,87.39,85.00,87.00,87.32,84.72,37,2974,257394.00,
539982,ASYL        ,T ,Q,15.10,15.30,14.17,14.95,14.95,14.80,26,6097,91069.00,
539984,HUIL        ,X ,Q,3090.00,3090.00,2891.00,3000.00,3000.00,3042.95,36,229,687137.00,
539986,COMSYN      ,B ,Q,90.00,95.95,88.00,93.00,93.00,92.40,141,19295,1755698.00,
539992,LLOYDSTEEL  ,B ,Q,2.11,2.13,2.03,2.03,2.03,2.13,1503,1371176,2801328.00,
539997,KPL         ,M ,Q,102.80,102.95,99.85,102.60,102.60,98.05,6,66000,6762900.00,
540005,LTI         ,A ,Q,3644.90,3660.00,3584.70,3635.80,3635.80,3585.50,5081,28418,102706134.00,
540006,EASTWEST    ,X ,Q,8.35,8.45,7.71,8.27,8.44,8.08,103,24568,201702.00,
540008,BSLSENETFG  ,B ,Q,539.59,553.00,491.50,537.59,544.99,550.00,91,1629,882847.00,
540023,COLORCHIPS  ,XT,Q,33.00,33.00,33.00,33.00,33.00,32.45,3,203,6699.00,
540025,ADVENZYMES  ,A ,Q,460.00,486.00,451.95,473.35,473.35,456.60,1650,56612,26703444.00,
540026,LAHL        ,XT,Q,2.70,2.70,2.70,2.70,2.70,2.58,3,101,272.00,
540027,PTIL        ,T ,Q,381.65,383.20,379.60,381.90,381.90,380.95,19,3793,1442381.00,
540047,DBL         ,A ,Q,540.95,559.35,538.00,544.95,544.55,536.45,1474,42108,23084837.00,
540048,SPAL        ,B ,Q,201.10,204.90,195.65,199.95,198.15,200.50,329,6178,1236034.00,
540061,BIGBLOC     ,B ,Q,81.95,86.20,81.95,85.85,86.20,82.60,42,1555,130280.00,
540062,GOLDENCREST ,X ,Q,27.55,27.55,27.55,27.55,27.55,27.55,2,4,110.00,
540063,ECS         ,X ,Q,2.38,2.38,2.27,2.38,2.38,2.38,13,3791,8760.00,
540064,FRETAIL     ,A ,Q,45.45,45.55,44.75,45.10,45.10,44.80,2688,150163,6757566.00,
540065,RBLBANK     ,A ,Q,201.70,202.80,198.25,199.25,199.25,196.95,4927,3468276,691103174.00,
540073,BLS         ,B ,Q,95.55,97.15,95.20,96.40,96.45,95.05,312,8454,814392.00,
540078,MITSU       ,B ,Q,238.45,238.45,234.10,238.25,237.00,233.80,75,5388,1282498.00,
540080,NARAYANI    ,B ,Q,32.95,33.05,32.10,32.35,32.35,32.00,385,49212,1607090.00,
540081,GOVNOW      ,T ,Q,1.38,1.38,1.38,1.38,1.38,1.32,3,149,205.00,
540083,TVVISION    ,T ,Q,2.70,2.70,2.70,2.70,2.70,2.80,1,100,270.00,
540097,VISCO       ,X ,Q,13.85,14.00,13.85,14.00,14.00,14.10,98,18538,258421.00,
540108,TIAANC      ,X ,Q,48.10,49.90,46.55,49.00,49.00,48.95,175,53307,2565110.00,
540115,LTTS        ,A ,Q,2560.65,2651.65,2560.65,2641.85,2639.45,2565.60,1046,12927,33777048.00,
540124,GNA         ,B ,Q,386.20,386.30,377.30,379.35,380.70,383.10,269,4868,1863849.00,
540125,RADHIKAJWE  ,M ,Q,16.40,16.40,16.40,16.40,16.40,17.40,1,1600,26240.00,
540133,ICICIPRULI  ,A ,Q,548.05,558.35,546.25,547.80,548.00,548.90,1911,58111,32057778.00,
540134,IISL        ,X ,Q,4.99,4.99,4.90,4.90,4.90,4.90,7,458,2274.00,
540135,ARCFIN      ,X ,Q,5.33,5.33,5.20,5.33,5.33,5.23,22,1213,6407.00,
540136,HPL         ,B ,Q,48.30,49.50,47.40,49.05,49.05,47.75,157,18149,883391.00,
540143,SAGARSOFT   ,X ,Q,113.95,113.95,105.05,109.80,109.80,108.05,221,16529,1790381.00,
540145,VALIANTORG  ,B ,Q,1789.05,1793.30,1725.00,1731.90,1725.00,1769.95,563,4045,7094652.00,
540146,ACML        ,M ,Q,48.80,48.80,48.80,48.80,48.80,46.50,9,11000,536800.00,
540151,DIKSAT      ,M ,Q,85.50,85.50,85.50,85.50,85.50,90.00,1,1500,128250.00,
540153,ENDURANCE   ,A ,Q,1330.00,1358.20,1312.55,1341.00,1341.00,1320.10,1100,8274,11084684.00,
540154,IDFSENSEXE  ,B ,Q,520.70,520.70,520.70,520.70,520.70,516.00,1,3,1562.00,
540173,PNBHOUSING  ,A ,Q,386.75,399.40,386.00,388.40,387.70,386.20,1485,34436,13529787.00,
540174,SOUTHERNIN  ,XT,Q,16.10,16.10,16.00,16.10,16.10,16.10,8,159,2553.00,
540175,REGENCY     ,X ,Q,11.15,13.00,11.15,12.90,12.90,11.98,27,32335,370394.00,
540180,VBL         ,A ,Q,970.20,981.90,970.20,979.75,978.10,973.45,442,5048,4937307.00,
540190,FRANKLININD ,XT,Q,9.47,10.44,9.46,9.46,9.46,9.95,5,1525,14464.00,
540192,LKPSEC      ,X ,Q,7.30,7.90,7.30,7.53,7.80,7.55,54,14840,111994.00,
540198,OSIAJEE     ,X ,Q,26.30,26.30,21.70,25.30,25.20,24.00,508,30020,747520.00,
540203,SFL         ,A ,Q,2021.80,2070.00,1985.10,2020.60,2020.00,2019.30,113,416,840011.00,
540204,NIDL        ,XT,Q,87.85,87.85,87.80,87.85,87.85,86.15,13,1555,136596.00,
540205,AVL         ,B ,Q,327.85,327.85,327.85,327.85,327.85,321.45,5,187,61307.00,
540210,TMRVL       ,B ,Q,11.70,11.71,10.91,11.71,11.71,11.16,87,22272,256389.00,
540212,TCIEXP      ,A ,Q,956.75,1144.35,945.10,1108.50,1108.50,953.65,2500,26299,28337533.00,
540222,LAURUSLABS  ,A ,Q,472.75,484.30,470.00,480.25,481.90,472.75,1874,51390,24649053.00,
540243,NEWLIGHT    ,XT,Q,24.90,24.95,23.75,23.75,23.75,24.95,6,795,19351.00,
540253,SNTCL       ,XT,Q,1.34,1.48,1.34,1.48,1.48,1.41,55,15598,21010.00,
540254,MTPL        ,X ,Q,4.75,4.98,4.53,4.53,4.53,4.75,7,293,1335.00,
540259,SHANGAR     ,X ,Q,11.25,11.45,11.00,11.25,11.25,11.26,711,194271,2175758.00,
540268,DHANVARSHA  ,X ,Q,715.10,720.00,690.00,699.70,699.70,715.20,198,67870,47870007.00,
540293,PRICOLLTD   ,A ,Q,82.00,85.50,80.15,84.65,84.65,80.00,2460,281061,23406157.00,
540311,JITFINFRA   ,T ,Q,10.91,11.93,10.91,11.92,11.93,11.37,35,9142,107593.00,
540359,PARMAX      ,XT,Q,54.10,54.10,54.10,54.10,54.10,55.20,7,552,29863.00,
540360,LLFICL      ,X ,Q,70.10,73.95,70.10,73.80,73.95,72.70,29,12326,896305.00,
540361,DANUBE      ,X ,Q,20.50,22.50,20.50,21.55,21.00,21.45,28,4001,86951.00,
540366,RADIOCITY   ,B ,Q,24.65,24.65,24.05,24.10,24.20,24.50,288,32371,783931.00,
540376,DMART       ,A ,Q,2915.00,3079.00,2913.50,3054.50,3054.50,2895.60,4284,44509,133529416.00,
540385,KDLL        ,XT,Q,17.15,17.15,15.95,16.00,16.00,16.35,9,1552,24803.00,
540393,SMLT        ,M ,Q,40.00,45.60,40.00,44.75,45.50,38.00,14,32000,1413000.00,
540395,CHEMCRUX    ,M ,Q,287.70,298.00,287.60,293.05,292.00,287.30,23,12000,3527025.00,
540401,MAXIMUS     ,B ,Q,82.45,97.80,82.30,94.70,93.05,90.60,27,26735,2539037.00,
540403,CLEDUCATE   ,B ,Q,92.40,94.65,85.65,86.35,85.65,90.15,155,7774,697372.00,
540405,OCEANIC     ,T ,Q,51.20,51.20,51.10,51.20,51.20,48.80,15,836,42802.00,
540425,SHANKARA    ,A ,Q,390.35,392.45,381.10,383.30,381.10,385.20,240,2973,1152200.00,
540481,CLFL        ,X ,Q,15.58,15.58,15.58,15.58,15.58,15.28,1,1,15.00,
540497,SCHAND      ,B ,Q,92.50,93.80,92.00,92.75,92.60,92.55,240,10023,929786.00,
540519,MEERA       ,M ,Q,73.95,74.85,73.95,74.85,74.85,68.05,2,2400,178560.00,
540526,IRBINVIT    ,IF,Q,55.01,56.04,54.65,55.76,55.76,55.26,49,137500,7589725.00,
540530,HUDCO       ,A ,Q,46.50,47.10,46.40,46.60,46.60,46.05,631,111813,5218919.00,
540544,PSPPROJECT  ,A ,Q,394.00,404.95,394.00,402.35,401.00,399.80,251,1907,767584.00,
540545,BGJL        ,B ,Q,22.35,22.35,22.35,22.35,22.35,22.80,71,13763,307603.00,
540552,AXISAEGPG   ,B ,Q,14.89,14.89,14.00,14.06,14.01,15.00,18,571,8056.00,
540565,INDIGRID    ,IF,Q,128.51,128.65,128.51,128.65,128.65,127.53,2,3402,437429.00,
540570,VARIMAN     ,XT,Q,34.25,36.00,34.25,34.55,34.55,35.35,10,1340,46211.00,
540575,STARCEMENT  ,A ,Q,103.60,108.50,101.30,107.05,107.05,101.75,4612,180001,19070565.00,
540593,HEOFRG1126  ,B ,Q,11.00,11.00,10.03,10.03,10.03,10.27,3,335,3588.00,
540595,TEJASNET    ,A ,Q,179.00,183.40,178.05,179.80,180.00,176.80,1080,50815,9148348.00,
540596,ERIS        ,A ,Q,710.90,726.00,692.00,721.45,721.45,711.30,3879,55694,39389426.00,
540602,GTPL        ,B ,Q,140.40,140.50,136.75,137.95,139.00,139.25,241,8969,1240466.00,
540611,AUBANK      ,A ,Q,945.15,990.00,945.15,986.35,986.35,942.10,2692,68221,66565847.00,
540612,ICICILOVOL  ,B ,Q,122.50,123.40,122.20,123.00,123.00,121.70,11,30,3683.00,
540614,GGENG       ,B ,Q,104.30,104.95,101.55,104.80,104.00,103.95,204,34814,3621270.00,
540615,7NR         ,B ,Q,6.50,7.10,6.30,6.53,6.50,6.48,101,14405,94798.00,
540621,BHAGYAPROP  ,B ,Q,29.30,29.30,28.50,28.60,28.60,28.60,80,10643,305338.00,
540642,SALASAR     ,B ,Q,544.00,544.00,527.30,530.25,529.30,534.30,319,6453,3434976.00,
540647,GANGESSEC   ,B ,Q,76.10,76.80,71.70,73.30,74.10,75.25,45,2240,165663.00,
540648,PALASHSEC   ,B ,Q,56.00,60.85,56.00,56.10,56.10,58.00,52,3173,182355.00,
540649,AVADHSUGAR  ,B ,Q,337.90,337.90,314.75,319.50,319.50,329.15,755,15284,4893964.00,
540650,MAGADHSUGAR ,B ,Q,197.50,197.50,177.05,180.45,178.60,185.65,729,31181,5707173.00,
540653,SINTEXPLAST ,B ,Q,4.23,4.23,3.95,3.98,3.98,4.14,801,1074648,4360712.00,
540654,GSTL        ,B ,Q,62.00,64.50,61.65,62.15,62.15,62.20,59,7715,484969.00,
540669,UTINEXT50   ,B ,Q,36.90,37.53,36.68,36.83,36.83,36.99,11,139,5188.00,
540673,SIS         ,A ,Q,412.35,413.00,396.50,398.35,400.15,405.30,670,13144,5297766.00,
540678,COCHINSHIP  ,A ,Q,386.85,396.65,383.80,385.65,387.00,393.25,1341,37241,14399114.00,
540679,SMSLIFE     ,B ,Q,623.85,627.10,611.90,613.70,613.70,619.40,89,511,317244.00,
540680,KIOCL       ,B ,Q,204.95,207.10,193.20,195.10,195.10,201.65,1122,35768,7116273.00,
540686,SMRUTHIORG  ,X ,Q,255.65,255.65,255.65,255.65,255.65,243.50,84,6139,1569435.00,
540691,ABCAPITAL   ,A ,Q,126.00,129.90,125.35,126.85,126.85,125.30,4348,755234,96369700.00,
540692,APEX        ,A ,Q,256.05,256.80,250.25,251.05,251.55,253.55,227,6139,1548962.00,
540693,SHISHIND    ,T ,Q,92.55,92.55,86.50,87.40,88.50,88.75,90,5422,484279.00,
540694,ANG         ,M ,Q,159.00,162.00,150.00,162.00,162.00,156.60,9,14400,2245920.00,
540696,KCDGROUP    ,XT,Q,33.40,36.85,33.40,36.85,36.85,35.15,6,217,7592.00,
540697,AMFL        ,XT,Q,1.80,1.80,1.64,1.77,1.77,1.72,118,61248,108592.00,
540699,DIXON       ,A ,Q,3979.00,3986.00,3909.95,3926.25,3930.70,3950.30,1404,5255,20676326.00,
540700,BRNL        ,B ,Q,29.70,30.55,29.50,30.30,30.30,29.40,212,17161,517401.00,
540701,DCAL        ,A ,Q,178.05,189.90,176.30,187.15,187.15,174.55,1890,112740,20634515.00,
540702,LASA        ,B ,Q,76.85,76.90,75.00,75.40,75.55,76.10,431,38083,2898187.00,
540703,PROVESTSER  ,X ,Q,6.95,6.95,6.29,6.29,6.29,6.62,5,1465,9215.00,
540704,MATRIMONY   ,B ,Q,851.00,899.00,851.00,862.05,860.00,865.90,472,3631,3145250.00,
540709,RELHOME     ,B ,Q,2.64,2.76,2.60,2.64,2.65,2.64,409,884847,2341877.00,
540710,CAPACITE    ,B ,Q,191.05,196.00,189.70,195.05,195.05,191.55,309,8745,1698676.00,
540715,SAGAR       ,M ,Q,17.45,17.45,16.50,16.50,16.50,16.50,2,6000,101850.00,
540716,ICICIGI     ,A ,Q,1474.15,1508.70,1473.35,1488.00,1493.75,1475.45,984,10153,15164074.00,
540717,PQIF        ,X ,Q,4.96,4.96,4.96,4.96,4.96,4.73,1,1,4.00,
540719,SBILIFE     ,A ,Q,969.65,975.95,965.00,968.45,968.45,963.85,2859,49777,48216458.00,
540724,DIAMONDYD   ,A ,Q,580.00,580.00,555.00,563.55,563.60,562.90,160,2306,1305372.00,
540725,SISL        ,B ,Q,435.00,448.50,432.50,440.60,439.65,433.35,811,13250,5826137.00,
540726,TTFL        ,T ,Q,29.70,31.15,28.60,30.65,31.00,29.70,63,15491,464555.00,
540728,SAYAJIIND   ,X ,Q,198.00,204.40,194.80,204.40,204.40,186.10,30,3953,783857.00,
540729,VANTABIO    ,M ,Q,163.00,163.00,163.00,163.00,163.00,160.25,1,750,122250.00,
540730,MEHAI       ,B ,Q,68.30,68.30,64.00,65.25,64.15,65.15,85,3614,235246.00,
540735,IRIS        ,M ,Q,62.40,67.50,62.40,66.00,66.10,63.95,24,96000,6314400.00,
540737,SGRL        ,B ,Q,315.00,318.00,301.05,316.05,312.85,308.90,245,6811,2131352.00,
540743,GODREJAGRO  ,A ,Q,548.50,558.45,545.00,548.15,548.00,545.05,1636,28852,15856326.00,
540744,MESCON      ,XT,Q,12.25,13.45,12.25,12.91,12.90,12.88,74,9780,127637.00,
540749,MASFIN      ,A ,Q,894.50,894.50,850.00,856.20,856.20,866.20,332,1697,1462982.00,
540750,IEX         ,A ,Q,380.00,380.00,373.10,376.80,376.80,371.60,3939,125704,47183026.00,
540755,GICRE       ,A ,Q,194.10,198.00,194.10,196.95,196.95,195.15,767,23490,4622555.00,
540757,SCPL        ,M ,Q,143.00,143.00,143.00,143.00,143.00,144.95,1,800,114400.00,
540762,TIINDIA     ,A ,Q,1170.00,1199.40,1168.50,1179.55,1179.50,1188.85,469,3346,3929722.00,
540767,NAM-INDIA   ,A ,Q,350.10,353.70,347.80,349.10,349.10,346.10,797,28492,9981631.00,
540768,MAHLOG      ,A ,Q,530.90,566.75,527.45,553.75,553.75,523.45,2078,40711,22504949.00,
540769,NIACL       ,A ,Q,153.40,153.40,151.75,152.75,152.75,151.05,525,24150,3680433.00,
540774,IFGLEXPOR   ,B ,Q,365.00,380.00,365.00,377.95,377.95,360.00,585,12397,4629397.00,
540775,KHADIM      ,B ,Q,153.65,161.10,151.45,158.30,160.00,153.65,445,6366,995689.00,
540776,5PAISA      ,B ,Q,364.50,365.00,356.00,359.90,359.90,353.60,153,3324,1197111.00,
540777,HDFCLIFE    ,A ,Q,670.00,672.85,666.00,667.05,667.05,666.35,5862,108555,72525305.00,
540787,ICICIB22    ,B ,Q,37.77,38.63,37.77,38.43,38.43,37.93,856,204623,7862006.00,
540789,DNAMEDIA    ,B ,Q,1.69,1.69,1.69,1.69,1.69,1.61,28,17604,29750.00,
540795,DYNAMIC     ,B ,Q,28.30,28.30,26.25,26.50,26.40,26.95,47,12994,345178.00,
540796,RATNABHUMI  ,M ,Q,56.25,56.80,56.25,56.70,56.80,54.10,8,24000,1357200.00,
540797,SHALBY      ,B ,Q,169.00,169.00,157.00,158.30,158.75,166.00,1214,38321,6132811.00,
540798,FSC         ,A ,Q,73.50,74.40,70.80,73.40,73.70,71.25,167,5657,409708.00,
540809,MRCEXIM     ,M ,Q,5.05,5.55,4.84,5.31,5.55,6.04,5,48000,248320.00,
540811,DML         ,M ,Q,11.00,11.00,10.50,10.50,10.50,10.05,2,20000,215000.00,
540821,SADHNA      ,X ,Q,11.17,11.17,11.17,11.17,11.17,11.17,2,3,33.00,
540823,VITESSE     ,XT,Q,25.50,25.60,24.15,24.90,24.90,25.40,19,1422,34977.00,
540824,ASTRON      ,B ,Q,43.50,43.50,40.00,40.45,40.45,40.15,76,3697,149546.00,
540829,CHANDRIMA   ,XT,Q,3.85,3.91,3.55,3.91,3.91,3.73,41,13690,52291.00,
540843,RITHWIKFMS  ,M ,Q,57.80,58.00,57.80,57.90,58.00,55.00,2,6000,347400.00,
540850,JFL         ,M ,Q,8.65,8.65,8.65,8.65,8.65,8.24,1,2000,17300.00,
540861,IPRU3018    ,B ,Q,13.41,13.41,13.16,13.22,13.22,13.40,6,53088,703885.00,
540879,APOLLO      ,B ,Q,106.80,108.00,105.90,106.20,105.90,105.85,467,6998,748325.00,
540900,NEWGEN      ,A ,Q,331.80,339.10,324.35,335.35,338.05,328.30,600,12569,4209840.00,
540901,PRAXIS      ,B ,Q,36.05,37.00,36.00,36.80,36.80,36.15,11,176,6404.00,
540902,AMBER       ,A ,Q,2961.05,3045.95,2953.70,2995.60,3009.00,2943.85,1437,5704,17125073.00,
540904,TIRUFOAM    ,X ,Q,55.15,55.15,55.15,55.15,55.15,58.00,1,1,55.00,
540923,AML         ,M ,Q,3.87,4.19,3.87,4.19,4.19,4.07,2,12000,48360.00,
540935,GALAXYSURF  ,A ,Q,3220.00,3350.00,3120.00,3141.00,3133.00,3132.95,2484,14158,45422926.00,
540936,GGL         ,B ,Q,16.55,16.55,16.55,16.55,16.55,16.85,23,1404,23236.00,
540938,GUJHYSPIN   ,M ,Q,6.41,7.95,6.40,6.94,6.94,8.00,12,120000,829800.00,
540947,IPRU3034    ,B ,Q,12.20,12.20,12.20,12.20,12.20,11.81,1,1000,12200.00,
540954,IWP         ,X ,Q,32.00,34.00,32.00,33.85,34.00,32.40,117,14190,471578.00,
540955,TDSL        ,B ,Q,27.25,27.25,25.00,25.15,25.85,26.10,142,59710,1548130.00,
540956,BHATIA      ,T ,Q,68.25,68.25,68.25,68.25,68.25,65.00,5,30,2047.00,
540961,SHIVAMILLS  ,B ,Q,58.50,60.90,58.50,58.85,58.80,58.00,599,18292,1111952.00,
540975,ASTERDM     ,A ,Q,159.00,159.00,153.20,153.85,154.10,153.15,366,18877,2910969.00,
540980,YSL         ,XT,Q,17750.00,17750.00,17101.10,17112.00,17112.00,17999.00,5,5,86187.00,
541005,KANCOTEA    ,X ,Q,59.05,62.80,59.05,62.80,62.80,59.85,19,1029,64432.00,
541019,HGINFRA     ,A ,Q,348.00,356.00,333.00,340.80,340.80,346.50,2042,40877,14186734.00,
541092,ABSLRIF6RG  ,B ,Q,9.30,9.30,9.26,9.26,9.26,9.30,4,5002,46318.00,
541096,BPLPHARMA   ,XT,Q,391.00,395.80,376.00,389.30,389.00,394.95,51,1140,447519.00,
541097,LIQUIDETF   ,F ,Q,999.99,1000.00,999.99,1000.00,1000.00,999.99,15,3344,3343989.00,
541143,BDL         ,A ,Q,349.00,349.85,342.50,344.05,344.05,345.45,841,11350,3930110.00,
541153,BANDHANBNK  ,A ,Q,289.00,295.95,287.70,291.05,291.05,284.40,13521,840887,245681659.00,
541154,HAL         ,A ,Q,1006.00,1020.15,1004.25,1007.95,1007.95,1001.95,2515,18808,18980434.00,
541161,KARDA       ,B ,Q,163.05,167.25,159.00,166.90,166.90,159.40,594,26721,4388711.00,
541163,SANDHAR     ,B ,Q,211.50,213.90,206.70,209.25,210.20,210.80,315,3285,694491.00,
541167,YASHO       ,T ,Q,452.00,457.55,440.00,454.30,454.30,435.80,594,25524,11564173.00,
541179,ISEC        ,A ,Q,514.60,540.05,514.60,523.15,523.15,510.45,2372,87628,46187580.00,
541195,MIDHANI     ,A ,Q,201.50,206.60,199.20,200.25,200.25,202.20,730,34921,7060184.00,
541228,TRL         ,M ,Q,6.57,6.57,6.57,6.57,6.57,8.21,2,8000,52560.00,
541233,LEMONTREE   ,A ,Q,38.70,40.95,38.35,39.90,39.90,38.25,2413,929609,37271319.00,
541252,ABSLRIF7RG  ,B ,Q,7.76,7.76,7.75,7.75,7.75,7.76,2,500,3875.00,
541269,CHEMFABALKA ,B ,Q,171.00,175.00,162.10,163.55,163.00,167.05,1209,41061,6978359.00,
541276,HARDWYN     ,M ,Q,61.95,62.05,61.95,62.00,62.05,60.30,2,5000,310000.00,
541299,DLCL        ,M ,Q,28.15,28.15,28.15,28.15,28.15,26.85,1,4000,112600.00,
541301,ORIENTELEC  ,A ,Q,285.65,288.00,281.95,284.20,283.95,283.55,1674,49210,14052830.00,
541304,INDOUS      ,M ,Q,35.00,35.00,35.00,35.00,35.00,35.50,2,2500,87500.00,
541309,IPRU3095    ,B ,Q,11.75,11.80,11.75,11.80,11.80,11.74,2,10100,118680.00,
541313,ICICI500    ,B ,Q,208.00,210.33,206.50,210.25,210.33,207.69,66,275,57544.00,
541336,INDOSTAR    ,A ,Q,304.35,307.00,300.75,303.20,303.35,302.30,242,2102,635956.00,
541347,PARVATI     ,X ,Q,3.70,3.70,3.70,3.70,3.70,3.53,4,2121,7847.00,
541352,MEGASTAR    ,M ,Q,30.80,30.80,30.80,30.80,30.80,27.50,2,4000,123200.00,
541353,INNOVATORS  ,M ,Q,35.05,36.80,35.05,36.70,36.70,36.10,6,9600,347280.00,
541400,ZIMLAB      ,X ,Q,87.60,89.85,87.00,87.95,88.90,90.15,68,2990,263495.00,
541401,ARIHANTINS  ,MT,Q,2.10,2.10,2.01,2.01,2.01,2.10,2,8000,16440.00,
541402,AFFORDABLE  ,M ,Q,105.75,106.85,103.55,104.50,104.50,101.80,29,46400,4893520.00,
541403,DOLLAR      ,A ,Q,251.70,252.25,245.15,249.55,249.35,249.05,66,1046,260999.00,
541418,NGIL        ,M ,Q,27.90,27.90,27.90,27.90,27.90,26.85,1,6500,181350.00,
541444,PALMJEWELS  ,B ,Q,77.15,78.90,75.00,76.65,76.65,75.55,630,146940,11246987.00,
541445,WAA         ,M ,Q,41.20,41.95,41.10,41.65,41.65,41.15,14,22400,929120.00,
541450,ADANIGREEN  ,A ,Q,1195.00,1199.65,1175.65,1198.95,1198.95,1142.55,5012,178494,213799161.00,
541503,UNICK       ,XT,Q,30.00,31.00,30.00,30.70,30.70,30.75,29,4216,129411.00,
541540,SOLARA      ,A ,Q,1725.00,1771.65,1720.15,1756.60,1756.60,1704.95,904,8691,15151504.00,
541546,GAYAHWS     ,B ,Q,0.70,0.70,0.70,0.70,0.70,0.67,3,27881,19516.00,
541556,RITES       ,A ,Q,249.95,251.40,247.35,248.15,249.55,247.70,912,23780,5932903.00,
541557,FINEORG     ,A ,Q,3200.10,3259.65,3192.25,3206.15,3204.65,3232.80,803,3249,10466750.00,
541578,VARROC      ,A ,Q,382.00,393.05,380.80,391.20,391.00,376.00,449,7094,2760164.00,
541601,RAJNISH     ,M ,Q,11.00,11.76,10.79,11.75,11.75,11.00,6,8400,95772.00,
541627,HITECHWIND  ,XT,Q,6.40,6.40,6.40,6.40,6.40,6.73,118,97523,624147.00,
541634,RAWEDGE     ,M ,Q,31.50,31.50,31.50,31.50,31.50,31.50,1,1600,50400.00,
541678,TVF1G       ,B ,Q,11.20,12.30,11.20,11.30,11.30,12.00,8,16777,192632.00,
541700,TCNSBRANDS  ,A ,Q,514.00,523.80,509.50,518.35,519.80,518.20,201,1820,943321.00,
541702,ASHNI       ,XT,Q,5.70,6.12,5.55,5.78,6.10,5.83,11,780,4706.00,
541725,IDFCEOS6RG  ,B ,Q,14.00,14.00,14.00,14.00,14.00,12.80,1,1,14.00,
541729,HDFCAMC     ,A ,Q,2834.50,2839.15,2816.55,2833.70,2828.20,2823.05,1827,14093,39872707.00,
541735,VIVANTA     ,X ,Q,10.76,10.76,9.74,10.76,10.76,10.25,7,149,1574.00,
541741,TINNATFL    ,X ,Q,17.74,17.74,17.64,17.64,17.64,16.97,2,83,1467.00,
541742,TVF2D       ,B ,Q,11.90,12.60,11.90,12.60,12.60,12.00,2,2,24.00,
541744,TVF2G       ,B ,Q,11.60,11.60,10.85,11.60,11.60,11.60,7,6087,66484.00,
541770,CREDITACC   ,A ,Q,587.00,610.00,587.00,607.90,609.00,592.70,1187,8360,5051209.00,
541771,AMINTAN     ,X ,Q,0.85,0.90,0.79,0.85,0.88,0.85,77,90457,77386.00,
541778,DEEP        ,B ,Q,84.40,86.80,80.50,82.30,81.00,84.15,179,27206,2251385.00,
541809,ICICINXT50  ,B ,Q,36.56,37.34,36.42,36.95,37.33,36.66,62,2898,107366.00,
541865,ASRL        ,B ,Q,54.90,54.90,51.50,53.55,53.50,51.25,27,7554,400350.00,
541890,SPACEINCUBA ,XT,Q,0.85,0.86,0.85,0.86,0.86,0.85,67,127424,109477.00,
541929,SGIL        ,M ,Q,92.00,92.00,92.00,92.00,92.00,90.00,1,2000,184000.00,
541946,ICICILIQ    ,F ,Q,1000.00,1000.00,1000.00,1000.00,1000.00,1000.00,6,4701,4701000.00,
541956,IRCON       ,A ,Q,102.00,102.00,95.05,98.15,98.15,100.80,6489,794164,79411953.00,
541972,SETFSN50    ,B ,Q,425.00,429.99,419.03,428.88,428.88,416.00,12,1558,667299.00,
541974,MANORAMA    ,M ,Q,963.90,1080.00,950.00,1060.90,1074.00,949.00,129,24300,24736260.00,
541983,INNOVATIVE  ,M ,Q,7.60,7.60,7.21,7.21,7.21,7.30,9,11000,80430.00,
541988,AAVAS       ,A ,Q,2265.55,2325.20,2265.55,2297.95,2298.75,2298.30,106,452,1042099.00,
541999,GENERAAGRI  ,X ,Q,2.24,2.24,2.10,2.10,2.10,2.14,10,148,324.00,
542002,DCL         ,M ,Q,9.20,9.20,9.20,9.20,9.20,11.50,1,3000,27600.00,
542011,GRSE        ,A ,Q,181.00,181.55,173.35,178.55,178.55,181.55,1012,29802,5320771.00,
542012,AAL         ,M ,Q,104.25,109.00,104.15,105.50,105.50,104.55,10,20000,2101600.00,
542013,DOLFIN      ,M ,Q,46.00,46.80,46.00,46.80,46.80,46.50,2,4000,185600.00,
542019,SHUBHAM     ,M ,Q,71.50,71.80,71.50,71.60,71.60,71.50,4,42000,3008700.00,
542025,SUNRETAIL   ,M ,Q,23.25,23.25,23.25,23.25,23.25,24.50,1,3000,69750.00,
542057,BCPL        ,B ,Q,45.75,46.00,44.50,45.75,45.90,44.80,316,72548,3307548.00,
542066,ATGL        ,A ,Q,1310.00,1350.90,1306.55,1341.65,1341.65,1291.25,10828,217249,288419002.00,
542131,MAN50ETF    ,B ,Q,153.00,155.00,153.00,154.40,154.40,152.80,91,6451,995670.00,
542141,TECHNOE     ,A ,Q,311.00,324.50,305.10,314.05,314.00,314.15,374,6673,2093433.00,
542216,DALBHARAT   ,A ,Q,1830.00,1836.90,1782.10,1821.15,1821.15,1781.90,1464,12062,21840463.00,
542231,NILASPACES  ,B ,Q,1.60,1.62,1.48,1.48,1.56,1.55,84,197762,305640.00,
542232,SRD         ,B ,Q,56.90,56.90,52.00,52.60,55.00,54.95,6,69,3765.00,
542233,TREJHARA    ,B ,Q,36.05,37.40,34.05,36.35,36.75,36.10,150,7604,271905.00,
542247,AXISCCGPG   ,B ,Q,13.79,13.79,12.11,12.11,12.11,12.59,6,1477,20202.00,
542248,DECCAN      ,M ,Q,32.00,33.00,32.00,32.10,32.10,31.60,4,4800,154920.00,
542323,KPIGLOBAL   ,M ,Q,52.50,52.50,51.30,51.60,51.60,57.00,9,14400,745040.00,
542333,RPSGVENT    ,A ,Q,392.00,399.00,387.05,391.50,391.45,384.30,268,6153,2408557.00,
542337,SPENCER     ,A ,Q,71.00,73.40,70.55,72.45,72.60,70.15,474,53251,3850794.00,
542351,GLOSTERLTD  ,X ,Q,781.00,825.00,765.00,783.30,782.00,747.40,907,20941,16757397.00,
542367,XELPMOC     ,B ,Q,304.00,304.00,293.50,296.40,297.30,300.10,293,4845,1456970.00,
542383,RITCO       ,M ,Q,21.85,21.85,20.15,21.85,21.85,20.85,9,14400,311840.00,
542399,CHALET      ,A ,Q,147.75,160.50,147.75,156.45,156.00,148.10,703,32057,4955498.00,
542446,JONJUA      ,M ,Q,59.00,59.00,59.00,59.00,59.00,59.90,1,7800,460200.00,
542459,KRANTI      ,M ,Q,20.00,22.25,19.30,21.15,19.30,19.25,6,18000,377400.00,
542460,ANUP        ,B ,Q,685.00,685.00,642.15,649.60,647.75,662.70,1168,13437,8758696.00,
542484,ARVINDFASN  ,A ,Q,141.60,144.10,140.55,141.25,141.65,140.55,579,23785,3377779.00,
542513,UTISXN50    ,B ,Q,40.70,41.10,40.02,40.09,40.09,40.21,14,78,3179.00,
542579,AGOL        ,M ,Q,41.45,41.45,40.95,41.00,41.00,40.50,46,100800,4144240.00,
542597,MSTC        ,A ,Q,261.80,274.60,259.40,265.95,265.95,258.55,1951,86293,22936501.00,
542602,EMBASSY     ,IF,Q,321.90,331.00,320.00,329.04,329.55,322.12,122,28400,9289090.00,
542627,CHANDNIMACH ,X ,Q,8.81,8.81,8.81,8.81,8.81,9.01,7,1000,8810.00,
542628,NSL         ,M ,Q,24.00,24.50,24.00,24.35,24.50,23.35,2,9000,219000.00,
542649,RVNL        ,A ,Q,29.35,29.70,29.15,29.30,29.30,29.30,1356,291837,8584890.00,
542650,METROPOLIS  ,A ,Q,2295.00,2365.00,2295.00,2355.00,2341.50,2306.75,615,3155,7391774.00,
542651,KPITTECH    ,A ,Q,240.15,244.10,232.10,239.30,239.30,237.65,2707,143075,34109260.00,
542652,POLYCAB     ,A ,Q,1689.85,1695.60,1646.35,1672.75,1672.75,1675.30,3168,39956,66385399.00,
542653,JINAAM      ,M ,Q,2.87,2.87,2.80,2.80,2.80,2.75,15,36000,101560.00,
542654,VRFILMS     ,M ,Q,79.00,79.00,79.00,79.00,79.00,77.00,1,1000,79000.00,
542655,VIKASLIFE   ,B ,Q,3.32,3.32,3.25,3.25,3.25,3.42,1334,1332111,4345497.00,
542665,NEOGEN      ,A ,Q,899.00,900.00,889.35,893.75,893.75,879.35,775,6180,5535747.00,
542666,GKP         ,M ,Q,30.00,30.00,30.00,30.00,30.00,27.10,1,4000,120000.00,
542667,WORL        ,M ,Q,34.30,34.30,34.30,34.30,34.30,34.40,1,2000,68600.00,
542669,BMW         ,X ,Q,29.40,29.90,28.75,28.95,28.95,28.95,87,2936,85995.00,
542670,ARTEMISELC  ,B ,Q,42.00,45.00,42.00,43.75,43.90,44.15,98,7338,318554.00,
542677,MAHESH      ,X ,Q,4.30,4.50,4.30,4.50,4.50,4.50,7,326,1436.00,
542679,DEL         ,X ,Q,12.71,12.71,12.71,12.71,12.71,12.11,2,582,7397.00,
542684,PPL         ,B ,Q,141.00,143.15,135.00,136.55,136.55,137.75,2131,79815,11075857.00,
542685,DGCONTENT   ,B ,Q,8.19,8.19,7.30,7.47,7.47,7.45,17,639,4869.00,
542725,SBC         ,M ,Q,42.60,42.65,42.55,42.55,42.55,42.95,11,36000,1532850.00,
542726,INDIAMART   ,A ,Q,7199.80,7800.00,7060.05,7669.75,7669.75,7038.60,5306,20781,154905477.00,
542727,CPML        ,M ,Q,19.35,19.35,19.35,19.35,19.35,18.90,1,4000,77400.00,
542729,DCMNVL      ,B ,Q,108.75,108.75,108.75,108.75,108.75,103.60,3,65,7068.00,
542730,ICICIBANKN  ,B ,Q,333.00,338.55,333.00,336.56,336.56,331.45,35,124,41763.00,
542752,AFFLE       ,A ,Q,5182.50,5282.45,5156.05,5199.35,5202.00,5182.50,1934,4416,22980022.00,
542753,SEACOAST    ,X ,Q,168.05,180.25,168.05,179.70,176.10,171.70,171,54462,9701012.00,
542758,ICICIBANKP  ,B ,Q,180.00,180.00,174.33,176.26,176.25,174.58,125,1440,255906.00,
542759,SPANDANA    ,A ,Q,592.00,594.00,572.45,579.75,581.45,587.10,378,3837,2226672.00,
542760,SWSOLAR     ,A ,Q,253.80,259.80,241.65,249.65,249.65,243.60,8125,409769,103119067.00,
542765,TRANSPACT   ,MS,Q,167.25,167.25,167.25,167.25,167.25,175.00,1,1000,167250.00,
542771,NOVATEOR    ,M ,Q,7.95,7.95,7.58,7.58,7.58,7.67,4,24000,185160.00,
542772,IIFLWAM     ,A ,Q,1167.65,1209.30,1063.65,1082.15,1082.15,1162.10,572,3446,3960081.00,
542773,IIFLSEC     ,A ,Q,60.35,64.30,60.25,61.95,61.95,60.35,1050,82032,5135839.00,
542774,APMFINVEST  ,X ,Q,23.15,24.00,23.15,23.50,23.50,23.55,14,1290,30229.00,
542801,MISQUITA    ,M ,Q,23.50,25.30,23.50,25.30,25.30,24.30,3,6000,144600.00,
542802,GALACTICO   ,M ,Q,56.50,57.50,56.50,57.50,57.50,58.50,4,12000,684000.00,
542803,ELLORATRAD  ,XT,Q,44.30,44.30,44.30,44.30,44.30,45.20,1,1,44.00,
542804,NIESSPJ     ,B ,Q,6.93,6.93,6.30,6.93,6.93,6.30,4,62,391.00,
542812,FLUOROCHEM  ,A ,Q,808.00,826.95,808.00,816.20,814.05,815.70,268,2199,1801532.00,
542817,NIEHSPI     ,B ,Q,0.26,0.26,0.26,0.26,0.26,0.24,1,1,0.00,
542830,IRCTC       ,A ,Q,1770.00,1840.00,1770.00,1834.35,1834.35,1763.55,17791,214335,389513504.00,
542837,NIESSPE     ,B ,Q,3.46,3.46,3.46,3.46,3.46,3.46,2,677,2342.00,
542839,NIEHSPD     ,B ,Q,0.83,0.91,0.81,0.88,0.89,0.83,61,33830,29945.00,
542843,NIEHSPG     ,B ,Q,12.05,12.05,9.88,9.88,9.88,10.97,4,957,10482.00,
542844,NIEHSPH     ,B ,Q,2.99,3.28,2.92,2.92,2.92,2.99,27,5505,16854.00,
542845,NIEHSPJ     ,B ,Q,8.82,9.90,8.82,9.89,9.89,9.78,15,995,9000.00,
542847,NIESSPL     ,B ,Q,1.27,1.47,1.25,1.37,1.28,1.34,40,28637,40255.00,
542848,NIESSPM     ,B ,Q,17.00,17.00,17.00,17.00,17.00,17.00,1,2,34.00,
542851,GENSOL      ,M ,Q,75.30,75.30,75.30,75.30,75.30,75.30,1,1600,120480.00,
542852,VISHWARAJ   ,B ,Q,134.80,139.85,131.80,138.00,137.00,132.45,652,16312,2230638.00,
542857,GREENPANEL  ,B ,Q,249.45,250.90,235.60,242.95,242.95,247.95,2817,58308,14155376.00,
542862,SHAHLON     ,X ,Q,82.50,86.00,82.35,86.00,86.00,82.50,47,18339,1546941.00,
542863,ABSLBANETF  ,B ,Q,330.00,338.00,330.00,331.95,331.00,332.00,13,31,10351.00,
542867,CSBBANK     ,A ,Q,272.00,296.00,272.00,287.30,287.30,273.00,2975,105625,30385705.00,
542904,UJJIVANSFB  ,A ,Q,30.85,31.10,30.35,30.60,30.60,30.15,900,273679,8380215.00,
542905,SHIL        ,A ,Q,314.45,324.20,314.45,324.20,324.20,308.80,141,4610,1487922.00,
542907,PRINCEPIPE  ,A ,Q,629.40,654.40,621.50,632.50,632.00,617.35,4773,113475,72201391.00,
542908,EBBETF0423  ,F ,Q,1128.00,1128.00,1128.00,1128.00,1128.00,1126.00,24,76,85728.00,
542909,EBBETF0430  ,F ,Q,1155.55,1158.00,1155.55,1157.58,1156.45,1153.00,21,136,157406.00,
542918,GIANLIFE    ,M ,Q,19.50,22.20,19.50,22.20,22.20,18.50,8,48000,1044600.00,
542919,ARTEMISMED  ,B ,Q,281.00,281.00,268.00,269.90,269.90,281.30,180,5180,1416177.00,
542920,SUMICHEM    ,A ,Q,317.50,320.65,311.65,314.20,314.20,315.15,1096,45086,14258182.00,
542921,ICICIM150   ,B ,Q,94.50,95.90,93.90,94.91,94.91,93.55,21,265,25217.00,
542922,MANXT50ETF  ,B ,Q,362.00,366.00,362.00,364.50,364.50,360.38,9,76,27702.00,
542932,BIRLATYRES  ,B ,Q,29.00,29.60,28.15,29.60,29.60,26.95,2429,626443,18336670.00,
542933,UNIVPHOTO   ,B ,Q,183.50,201.90,183.50,184.80,184.05,182.00,93,869,164537.00,
542963,06AGG       ,F ,Q,6.92,7.55,6.85,6.96,6.95,7.55,42,3587,25428.00,
542967,06ARD       ,F ,Q,9.72,9.72,9.72,9.72,9.72,8.84,8,1498,14560.00,
542969,06GPG       ,F ,Q,33.89,33.89,33.89,33.89,33.89,37.65,67,2224,75371.00,
543064,SUVENPHAR   ,A ,Q,530.00,538.00,528.30,535.45,536.95,529.80,564,4863,2589969.00,
543066,SBICARD     ,A ,Q,982.00,1008.75,982.00,992.55,992.55,980.50,10076,146726,146545676.00,
543079,07GPG       ,F ,Q,0.15,0.15,0.15,0.15,0.15,0.14,1,6,0.00,
543087,09AGG       ,F ,Q,108.90,119.00,108.90,119.00,119.00,121.00,9,29,3178.00,
543150,08GPG       ,B ,Q,10.61,10.61,10.61,10.61,10.61,9.65,33,8726,92582.00,
543167,10GPG       ,F ,Q,8.15,8.15,8.15,8.15,8.15,7.41,16,1643,13390.00,
543173,11DPR       ,B ,Q,0.15,0.15,0.15,0.15,0.15,0.14,1,5,0.00,
543174,11GPG       ,B ,Q,4.12,4.12,3.38,3.38,3.38,3.75,348,98251,375140.00,
543175,11MPD       ,B ,Q,2.20,2.42,2.15,2.22,2.30,2.20,48,35111,81377.00,
543176,11MPR       ,B ,Q,0.15,0.15,0.15,0.15,0.15,0.14,1,10,1.00,
543181,11AGG       ,B ,Q,16.50,16.50,15.01,16.07,16.50,15.10,53,8241,130451.00,
543186,11DPD       ,B ,Q,0.94,0.94,0.94,0.94,0.94,0.86,1,10,9.00,
543187,POWERINDIA  ,A ,Q,1690.65,1730.00,1690.65,1726.65,1730.00,1690.65,671,4751,8141128.00,
543194,NIRMITEE    ,MS,Q,366.00,366.00,366.00,366.00,366.00,365.75,1,300,109800.00,
543210,AARTISURF   ,B ,Q,1508.45,1520.15,1490.00,1500.65,1490.00,1503.10,154,518,782065.00,
543212,BOROLTD     ,B ,Q,224.10,230.95,216.50,222.35,223.50,222.30,998,33937,7619590.00,
543213,ROSSARI     ,B ,Q,1235.00,1250.65,1184.70,1193.20,1194.25,1222.95,2429,19046,23039371.00,
543214,NDRAUTO     ,B ,Q,195.00,195.00,187.00,193.75,194.00,194.05,72,856,164102.00,
543215,EBBETF0425  ,F ,Q,1047.00,1048.00,1043.76,1045.00,1045.00,1043.71,13,19,19879.00,
543216,EBBETF0431  ,F ,Q,1039.00,1039.29,1037.50,1039.29,1039.29,1036.01,13,301,312290.00,
543217,MINDSPACE   ,IF,Q,289.33,292.65,289.15,290.75,292.65,288.81,26,6400,1857444.00,
543218,SBGLP       ,M ,Q,68.00,68.00,66.00,66.00,66.00,67.00,2,6000,400000.00,
543219,ICICIALPLV  ,B ,Q,149.00,150.40,147.61,149.51,149.55,147.55,26,531,78751.00,
543220,MAXHEALTH   ,B ,Q,217.80,225.00,215.30,222.60,222.60,217.80,1248,98252,21588797.00,
543221,ICICITECH   ,B ,Q,258.50,262.64,258.50,260.96,261.58,256.80,44,337,87928.00,
543223,MAXINDIA    ,B ,Q,68.30,68.60,67.85,68.30,68.35,68.00,29,3057,208773.00,
543224,HBANKETF    ,B ,Q,335.35,340.00,335.35,337.84,337.84,332.00,32,234,78845.00,
543226,UTIBANKETF  ,B ,Q,33.49,34.28,33.07,33.58,33.51,33.20,29,795,26769.00,
543227,HAPPSTMNDS  ,B ,Q,755.00,765.75,746.00,748.15,748.15,744.90,4643,127749,96569481.00,
543228,ROUTE       ,B ,Q,1588.00,1589.70,1529.75,1554.20,1554.20,1535.15,2139,59213,92372355.00,
543231,ADL         ,T ,Q,30.60,32.00,30.60,31.70,31.95,31.00,25,723,22600.00,
543232,CAMS        ,B ,Q,2300.00,2336.75,2282.60,2323.45,2323.45,2282.25,702,6141,14149402.00,
543233,CHEMCON     ,B ,Q,438.25,445.60,436.00,436.75,437.25,438.75,615,9805,4317937.00,
543235,ANGELBRKG   ,B ,Q,652.00,663.90,645.70,652.15,652.15,659.05,2270,42369,27682160.00,
543237,MAZDOCK     ,B ,Q,209.30,209.40,203.45,205.70,206.00,208.05,1062,32547,6732285.00,
543238,UTIAMC      ,B ,Q,745.00,776.95,745.00,759.90,759.90,740.15,3087,52304,39795940.00,
543240,LIKHITHA    ,B ,Q,377.05,402.95,374.55,393.75,393.75,372.80,1967,40022,15732289.00,
543241,VGIL        ,M ,Q,52.00,52.00,52.00,52.00,52.00,53.00,1,4000,208000.00,
543242,HEMIPROP    ,B ,Q,132.95,136.55,131.75,132.30,132.20,132.40,841,54407,7277789.00,
543243,EQUITASBNK  ,B ,Q,56.80,56.80,55.35,55.50,55.45,55.60,473,23956,1336245.00,
543245,GLAND       ,B ,Q,2900.00,3134.60,2861.70,3063.85,3063.85,2792.85,8245,61258,186092758.00,
543246,MAESGETF    ,B ,Q,25.50,25.70,25.50,25.65,25.65,25.40,25,1784,45657.00,
543248,BURGERKING  ,B ,Q,130.00,146.65,130.00,142.60,142.60,130.45,7920,871262,121289904.00,
543249,TARC        ,B ,Q,27.20,27.20,26.40,26.55,26.50,26.90,262,14843,395525.00,
543251,RVHL        ,B ,Q,17.15,17.55,16.75,17.05,17.00,16.90,49,5871,99383.00,
543252,FAIRCHEMOR  ,B ,Q,835.00,839.75,822.00,836.40,830.00,830.95,83,449,374046.00,
543253,BECTORFOOD  ,B ,Q,395.00,421.00,393.00,410.80,410.80,393.25,8061,152399,62472148.00,
543254,AWHCL       ,B ,Q,296.10,306.00,296.10,303.40,306.00,300.70,535,26807,8139289.00,
543255,INFRABEES   ,B ,Q,435.00,436.00,434.00,435.05,435.05,430.00,21,214,92991.00,
543257,IRFC        ,B ,Q,23.10,23.25,22.90,23.10,23.10,23.10,7957,2169037,50016971.00,
543258,INDIGOPNTS  ,B ,Q,2398.00,2398.00,2312.70,2354.80,2363.45,2352.90,1720,8444,20020626.00,
543259,HOMEFIRST   ,B ,Q,502.50,515.45,499.80,512.85,505.80,504.90,525,7089,3601565.00,
543260,STOVEKRAFT  ,B ,Q,492.60,520.00,492.15,511.40,511.40,491.00,739,19790,9998084.00,
543261,BIRET       ,IF,Q,251.00,253.20,244.79,247.35,250.00,250.25,96,20000,4967568.00,
543263,SMCGLOBAL   ,B ,Q,77.00,77.00,73.60,73.65,73.60,73.20,15,857,63274.00,
543264,NURECA      ,B ,Q,1476.00,1615.95,1462.05,1615.95,1615.95,1539.00,2272,22644,34812552.00,
543265,RAILTEL     ,B ,Q,129.50,131.00,128.10,129.65,129.65,128.10,6889,605729,78418915.00,
543266,HERANBA     ,B ,Q,750.00,764.50,732.80,740.45,740.45,758.65,2400,56673,42340660.00,
543268,DRCSYSTEMS  ,T ,Q,277.00,289.00,261.60,289.00,289.00,275.25,117,7364,2113578.00,
543269,ADJIA       ,MS,Q,31.95,31.95,31.95,31.95,31.95,30.45,1,1600,51120.00,
543270,MTARTECH    ,B ,Q,947.50,947.50,920.00,923.30,923.30,933.20,428,3512,3267529.00,
543271,JUBLINGREA  ,B ,Q,430.00,432.15,418.40,422.20,421.35,423.40,758,26550,11242731.00,
543272,EASEMYTRIP  ,B ,Q,193.50,229.80,193.10,229.80,229.80,191.50,4757,331224,71296489.00,
543273,KMEW        ,M ,Q,37.75,37.75,37.50,37.50,37.50,38.00,4,12000,451650.00,
543274,RTL         ,M ,Q,443.95,443.95,421.05,436.50,436.00,430.00,19,11400,4925970.00,
543275,ANURAS      ,B ,Q,770.00,776.05,760.25,768.25,768.25,755.30,900,30635,23501092.00,
543276,CRAFTSMAN   ,B ,Q,1520.10,1545.00,1502.50,1509.45,1512.05,1518.65,627,5744,8701041.00,
543277,LXCHEM      ,B ,Q,218.00,223.30,218.00,219.85,219.85,217.75,2145,133008,29312204.00,
543278,KALYANKJIL  ,B ,Q,61.85,61.85,60.75,61.25,61.35,60.70,1023,103764,6343835.00,
543279,SURYODAY    ,B ,Q,240.00,241.85,239.00,240.10,240.30,239.20,805,10870,2612045.00,
543280,NAZARA      ,B ,Q,1675.00,1709.35,1664.15,1672.00,1672.00,1668.25,1408,13685,23032684.00,
543281,SUVIDHAA    ,B ,Q,20.55,21.90,20.15,20.20,20.15,21.20,690,81880,1666706.00,
543283,BARBEQUE    ,B ,Q,562.55,624.25,556.60,607.55,607.55,559.45,1450,47542,27251607.00,
543284,EKI         ,M ,Q,432.15,432.15,409.00,432.15,432.15,411.60,32,57600,24421440.00,
543286,JETMALL     ,M ,Q,19.00,19.00,18.65,18.65,18.65,19.05,2,18000,339900.00,
543287,LODHA       ,B ,Q,645.05,647.20,615.00,632.70,634.60,648.20,1965,31704,19908550.00,
543288,DEEPIND     ,B ,Q,63.75,63.75,59.55,60.20,60.10,60.70,98,12415,756468.00,
543289,KGES        ,TS,Q,23.25,23.25,22.50,22.95,22.95,22.50,5,30000,689400.00,
543290,PGINVIT     ,IF,Q,104.89,107.90,104.44,107.49,107.49,104.57,1224,483000,51356399.00,
543291,MAFANG      ,B ,Q,48.09,48.09,46.90,47.36,47.36,47.50,605,80287,3803556.00,
555555,ICICISENSX  ,B ,Q,535.90,543.00,531.00,538.57,538.57,530.98,38,367,196720.00,
570001,TATAMTRTDVR ,A ,Q,153.20,157.95,151.80,153.85,153.85,150.95,7799,508783,78582876.00,
570002,FELDVR      ,B ,Q,11.80,12.27,11.71,11.99,12.27,11.86,41,4151,49365.00,
570004,JISLBNDVR   ,B ,Q,13.50,13.91,13.28,13.65,13.55,13.34,131,56223,766629.00,
570005,SCAPDVR     ,B ,Q,2.25,2.26,2.06,2.24,2.26,2.16,52,22145,49523.00,
590003,KARUR VY(PS ,B ,Q,59.80,59.80,57.10,57.45,57.75,58.70,1060,119958,6988607.00,
590005,TIDE WATE(PS,B ,Q,4750.00,5272.45,4750.00,5049.40,5049.40,4740.75,839,2111,10599898.00,
590006,AMRUTANJAN  ,B ,Q,736.95,737.00,695.00,700.80,700.00,723.35,1722,25862,18562183.00,
590013,XPRO INDI(PS,T ,Q,115.20,126.15,115.20,121.50,121.50,120.15,72,6839,851693.00,
590018,HISARMET(PS ,B ,Q,115.00,120.00,115.00,116.70,117.00,115.55,319,5637,654365.00,
590021,BHARAT RA(PS,B ,Q,12870.00,13000.00,12700.00,12769.25,12769.25,12767.45,237,547,7034941.00,
590022,EASTER SI(PS,T ,Q,3.00,3.25,3.00,3.00,3.00,3.15,63,67128,202639.00,
590024,FERT CHE(PS ,B ,Q,126.90,133.50,126.90,128.25,128.25,130.55,1435,86597,11268220.00,
590025,GINNI FIL(PS,B ,Q,27.80,28.30,27.20,27.60,27.60,27.35,184,23809,663392.00,
590030,SOUTH PET(PS,B ,Q,44.30,44.50,42.60,43.30,43.30,43.35,1122,110937,4807233.00,
590031,DE NORA     ,B ,Q,278.00,310.00,275.00,298.55,296.25,276.65,1367,25794,7644271.00,
590051,SAKSOFT LTD ,B ,Q,500.00,507.00,489.60,490.85,492.10,500.20,786,10453,5153894.00,
590056,SALONA COTSP,B ,Q,111.95,115.00,101.05,112.75,112.75,110.20,36,573,62162.00,
590062,ANDHRA SUGAR,B ,Q,443.65,443.65,416.15,422.80,420.60,429.05,409,7617,3235907.00,
590065,INDIA MOTOR ,B ,Q,703.35,703.35,685.50,688.00,692.00,698.65,126,471,327517.00,
590066,KCP LTD     ,B ,Q,112.65,114.35,109.50,110.30,110.50,111.90,818,57122,6406109.00,
590070,RADAAN MEDIA,B ,Q,1.07,1.07,1.03,1.07,1.07,1.02,58,83480,88985.00,
590071,SUNDARAM FIN,B ,Q,2404.00,2449.30,2379.05,2421.45,2430.00,2372.60,54,105,252368.00,
590072,SUNDARAM BRK,B ,Q,359.00,362.00,340.60,351.00,350.75,359.00,79,580,203276.00,
590073,WHEELS INDIA,B ,Q,482.75,496.00,480.50,489.85,490.05,480.55,356,3789,1851786.00,
590075,LAMBODHARA T,B ,Q,63.35,64.00,61.00,61.50,61.95,63.70,151,9747,602331.00,
590078,MAITHAN ALL ,B ,Q,796.80,816.00,766.80,771.30,771.30,790.70,1363,31361,24692978.00,
590082,LOHIA SECURI,XT,Q,44.50,44.50,44.50,44.50,44.50,42.40,1,1,44.00,
590086,ORISSA MINE ,B ,Q,2590.00,2638.50,2505.65,2546.20,2546.20,2598.80,687,3531,9146480.00,
590095,GOLDBEES    ,E ,Q,42.11,42.33,42.01,42.10,42.10,41.83,733,200903,8464570.00,
590096,LIQUIDBEES  ,F ,Q,1000.01,1000.01,999.99,1000.01,1000.01,1000.00,220,68622,68622039.00,
590097,KOTAKGOLDETF,E ,Q,422.95,424.00,421.25,423.34,423.15,420.89,465,5392,2277408.00,
590098,SBI GOLD ETS,E ,Q,4327.30,4328.50,4305.01,4311.07,4311.07,4285.83,516,1673,7215823.00,
590099,QUANTUM GOLD,E ,Q,2090.00,2098.00,2088.10,2090.00,2090.00,2077.63,16,23,48143.00,
590101,UTI GOLD ETF,E ,Q,43.11,43.35,43.00,43.06,43.00,42.88,63,5411,233299.00,
590103,NIFTYBEES   ,B ,Q,160.00,161.60,160.00,161.34,161.34,159.45,838,50039,8068459.00,
590104,JUNIORBEES  ,B ,Q,378.48,385.00,378.48,382.58,382.58,378.40,1114,9235,3534699.00,
590106,BANKBEES    ,B ,Q,338.00,341.97,337.94,340.88,341.33,335.34,2029,110010,37478514.00,
590107,KOTAK PSU BK,B ,Q,223.70,228.00,219.03,223.39,219.27,222.82,236,9380,2095420.00,
590108,PSUBNKBEES  ,B ,Q,25.35,25.51,24.50,24.57,24.62,24.94,542,102003,2540162.00,
590109,SHARIABEES  ,B ,Q,371.00,371.00,371.00,371.00,371.00,366.00,1,19,7049.00,
590110,QUANTUM INDX,B ,Q,1555.00,1566.00,1555.00,1566.00,1566.00,1544.00,8,12,18763.00,
590113,HNGSNGBEES  ,E ,Q,360.00,366.15,360.00,363.68,363.68,362.36,92,1030,375317.00,
590115,M50 ETF     ,B ,Q,146.00,148.30,144.20,146.01,146.01,146.30,30,413,60189.00,
590122,ASHIKACR    ,X ,Q,43.50,44.05,40.00,43.45,44.05,42.60,162,20763,874744.00,
590134,MADRASFERT  ,B ,Q,29.95,30.40,29.10,29.25,29.45,29.50,146,13577,403049.00,
700087,MUKUND CRPS ,F ,P,5.85,5.85,5.85,5.85,5.85,5.75,3,126,737.00,
717503,ZEE NCPS    ,F ,P,1.94,1.95,1.93,1.94,1.94,1.94,23,36750,71303.00,
800251,SGB20151    ,G ,B,4850.00,4850.00,4850.00,4850.00,4850.00,4895.00,1,1,4850.00,
800253,SGB2016II   ,G ,B,4900.00,4900.00,4900.00,4900.00,4900.00,4780.60,1,1,4900.00,
800254,SGBAUG24    ,G ,B,4866.00,4866.00,4866.00,4866.00,4866.00,4865.50,1,1,4866.00,
800258,SGB2016IIA  ,G ,B,4800.00,4889.90,4800.00,4850.00,4850.00,4854.00,4,14,67339.00,
800265,SGB2016IV   ,G ,B,4784.31,4784.31,4784.31,4784.31,4784.31,4800.00,1,1,4784.00,
800267,795GOI2026  ,G ,B,107.40,107.40,107.40,107.40,107.40,106.05,1,8000,859200.00,
800269,SGBJULY25   ,G ,B,4800.00,4800.00,4800.00,4800.00,4800.00,4780.00,1,3,14400.00,
800270,SGBOCT25    ,G ,B,4726.00,4726.00,4725.00,4725.00,4725.00,4818.00,3,11,51985.00,
800297,SGBAUG27    ,G ,B,4810.00,4810.00,4751.00,4784.00,4784.00,4807.00,6,7,33575.00,
800301,SGBSEP27    ,G ,B,4815.00,4815.00,4815.00,4815.00,4815.00,4820.00,1,1,4815.00,
800302,SGBOCT27    ,G ,B,5050.00,5050.00,5050.00,5050.00,5050.00,5149.00,2,5,25250.00,
800312,SGBDEC27    ,G ,B,4800.00,4815.00,4800.00,4815.00,4815.00,4815.00,2,2,9615.00,
800313,SGBJAN28    ,G ,B,4726.03,4726.03,4726.03,4726.03,4726.03,4721.01,2,2,9452.00,
800318,SGBAPR28    ,G ,B,4975.00,4975.00,4725.00,4793.93,4798.00,4791.46,27,73,349097.00,
800320,SGBMAY28    ,G ,B,4746.01,4800.00,4746.00,4780.00,4780.00,4798.00,25,92,438441.00,
800322,SGBJUN28    ,G ,B,4755.10,4800.00,4755.05,4800.00,4800.00,4800.00,11,20,95862.00,
800324,SGBJULY28   ,G ,B,4785.00,4805.00,4771.00,4780.00,4780.00,4785.82,4,5,23926.00,
800325,SGBAUG28    ,G ,B,4831.00,4831.00,4800.00,4807.17,4804.00,4831.35,147,592,2848980.00,
800328,SGBOCT28    ,G ,B,4776.17,4828.95,4776.17,4780.00,4780.00,4770.01,4,13,62185.00,
800329,SGBNOV28    ,G ,B,4805.05,4805.05,4785.00,4790.00,4790.00,4802.00,15,27,129442.00,
800331,SGBJAN29    ,G ,B,4829.99,4829.99,4829.99,4829.99,4829.99,4787.00,1,2,9659.00,
800332,SGBJAN29A   ,G ,B,4790.00,4828.95,4790.00,4790.00,4790.00,4799.99,3,102,488618.00,
800333,SGBFEB29    ,G ,B,4780.05,4790.00,4780.00,4790.00,4790.00,4799.99,5,10,47810.00,
800334,676GOI2061  ,G ,B,103.60,103.60,98.50,103.60,103.60,103.60,8,400,39910.00,
800339,SGBMAR29    ,G ,B,4788.00,4788.00,4750.00,4750.00,4750.00,4758.09,23,162,770773.00,
890145,DHANIPP     ,B ,Q,78.10,80.35,78.10,78.60,79.00,78.80,455,8707,692618.00,
890148,ABFRLPP     ,A ,Q,154.55,155.25,147.25,149.80,151.00,150.05,266,2255,345545.00,
890149,SATINPP     ,B ,Q,60.75,62.35,58.00,59.20,61.30,59.45,65,3425,206840.00,
890151,MOLDTEKPP   ,B ,Q,347.60,363.65,347.60,349.80,349.80,334.45,39,44,15524.00,
890152,URJAPP      ,T ,Q,2.10,2.11,1.99,2.05,2.05,2.09,105,71080,144139.00,
935132,1015STFC21  ,F ,D,1095.01,1095.01,1095.00,1095.00,1095.00,1093.00,2,30,32850.00,
935351,940IFCI25   ,F ,D,1056.00,1056.00,1056.00,1056.00,1056.00,1075.00,1,200,211200.00,
935383,849NTPC25   ,F ,D,13.66,13.66,13.50,13.63,13.63,13.66,27,4242,57687.00,
935506,736PFC25    ,F ,D,1135.35,1136.21,1135.35,1136.21,1136.21,1150.00,2,2,2271.00,
935514,760PFC35    ,F ,D,1330.00,1330.00,1330.00,1330.00,1330.00,1349.58,1,110,146300.00,
935580,739NHAI26   ,F ,D,1135.00,1135.00,1129.00,1129.00,1129.00,1149.58,4,36,40794.00,
935616,753IREDA26  ,F ,D,1121.41,1121.41,1121.41,1121.41,1121.41,1121.01,1,11,12335.00,
935618,774IREDA31  ,F ,D,1270.45,1270.45,1270.45,1270.45,1270.45,1251.01,5,500,635225.00,
935666,769NHAI31   ,F ,D,1276.00,1276.00,1276.00,1276.00,1276.00,1276.00,1,10,12760.00,
935690,764NABARD31 ,F ,D,1242.00,1242.00,1242.00,1242.00,1242.00,1241.00,1,94,116748.00,
935788,10EHFL26    ,F ,D,990.21,1002.00,990.21,1002.00,1002.00,1009.00,3,42,41942.00,
935814,930DHFL26B  ,F ,D,350.00,380.00,350.00,350.00,350.00,357.00,3,299,110620.00,
935860,9IBHFL26B   ,F ,D,980.00,980.00,980.00,980.00,980.00,925.20,5,100,98000.00,
935864,879IBHFL26A ,F ,D,919.00,919.00,919.00,919.00,919.00,890.00,1,10,9190.00,
935900,0SEFL21B    ,F ,D,750.00,800.00,750.00,800.00,800.00,680.00,3,11,8300.00,
935908,905RHFL22B  ,F ,D,144.03,144.03,144.03,144.03,144.03,174.00,1,1,144.00,
935912,915RHFL27B  ,F ,D,180.00,180.00,180.00,180.00,180.00,185.00,1,30,5400.00,
935950,875MFL22A   ,F ,D,1013.40,1013.40,1013.40,1013.40,1013.40,995.00,1,7,7093.00,
935996,950SEFL22   ,F ,D,360.00,360.00,360.00,360.00,360.00,335.05,1,20,7200.00,
936010,900MFL22A   ,F ,D,1020.00,1020.00,1016.00,1019.00,1019.00,1020.00,4,255,259855.00,
936048,805MMFSL32  ,F ,D,1010.10,1010.10,1010.10,1010.10,1010.10,1010.00,1,24,24242.00,
936050,925SEFL22   ,F ,D,343.00,343.00,330.75,330.75,330.75,344.00,3,32,10951.00,
936062,950SEFL27   ,F ,D,290.00,290.00,290.00,290.00,290.00,325.00,1,1,290.00,
936110,865SEFL23   ,F ,D,360.00,383.98,360.00,383.98,383.98,320.00,3,103,37151.00,
936132,925ERFL28   ,F ,D,900.00,979.80,900.00,922.00,922.00,891.80,24,731,680657.00,
936142,875MFL21A   ,F ,D,1010.00,1010.00,1009.90,1009.90,1009.90,1007.43,3,255,257549.00,
936174,875SEFL21   ,F ,D,445.00,445.00,360.01,425.00,425.00,438.00,4,282,111221.00,
936178,0SEFL21     ,F ,D,700.00,700.00,700.00,700.00,700.00,699.99,1,1,700.00,
936180,9SEFL23A    ,F ,D,325.00,325.00,325.00,325.00,325.00,325.00,1,42,13650.00,
936182,935SEFL23   ,F ,D,330.00,330.00,325.01,327.92,325.01,332.00,2,60,19675.00,
936184,0SEFL23     ,F ,D,329.00,329.00,329.00,329.00,329.00,355.00,1,1,329.00,
936198,89DHFL21    ,F ,D,334.00,334.00,334.00,334.00,334.00,340.00,1,30,10020.00,
936218,0JMFCSL21   ,F ,D,1294.00,1294.00,1292.00,1292.00,1292.00,1292.00,8,360,465220.00,
936224,975JMFCSL28 ,F ,D,1160.00,1170.00,1160.00,1168.40,1168.00,1150.00,17,1039,1210055.00,
936228,893STFCL23  ,F ,D,1046.98,1046.98,1025.00,1025.00,1025.00,1025.00,5,101,104710.00,
936232,91STFCL21   ,F ,D,1076.00,1076.00,1076.00,1076.00,1076.00,1076.00,2,80,86080.00,
936234,93STFCL23   ,F ,D,1075.00,1090.00,1059.00,1085.05,1085.05,1088.01,24,1727,1857284.00,
936236,94STFCL28   ,F ,D,1109.00,1109.00,1109.00,1109.00,1109.00,1106.00,3,9,9981.00,
936238,0STFCL21F   ,F ,D,1284.25,1285.00,1284.25,1284.54,1285.00,1285.00,4,750,963406.00,
936242,0EFL21      ,F ,D,1260.00,1260.00,1260.00,1260.00,1260.00,1268.00,1,16,20160.00,
936246,925EFL23    ,F ,D,962.00,962.00,962.00,962.00,962.00,958.00,1,12,11544.00,
936252,943EFL28    ,F ,D,941.00,943.93,941.00,943.93,943.93,942.00,5,92,86732.00,
936254,985EFL28    ,F ,D,961.50,1000.00,961.50,980.00,980.00,964.00,9,451,435189.00,
936268,890ICCL21   ,F ,D,1044.80,1044.80,1042.80,1042.80,1042.80,1031.61,3,19,19831.00,
936270,866ICCL23   ,F ,D,950.00,950.00,945.00,945.00,945.00,915.00,2,210,198500.00,
936282,92ICCL28    ,F ,D,928.80,928.80,928.80,928.80,928.80,941.80,1,80,74304.00,
936286,880TCFSL21  ,F ,D,1063.95,1063.95,1060.00,1060.00,1060.00,1059.95,4,33,34989.00,
936290,890TCFSL23  ,F ,D,1107.00,1108.00,1107.00,1108.00,1108.00,1105.00,3,90,99710.00,
936294,910TCFSL28  ,F ,D,1200.00,1200.00,1200.00,1200.00,1200.00,1196.00,3,200,240000.00,
936316,925AHFL23   ,F ,D,1016.00,1016.00,1016.00,1016.00,1016.00,1016.00,4,20,20320.00,
936318,965AHFL23   ,F ,D,1060.00,1060.00,1060.00,1060.00,1060.00,1060.00,1,100,106000.00,
936334,STFCL21118  ,F ,D,1251.65,1251.65,1251.65,1251.65,1251.65,1250.00,1,150,187747.00,
936360,10MFL23     ,F ,D,1050.00,1050.00,1050.00,1050.00,1050.00,1059.00,1,35,36750.00,
936364,10MFL21A    ,F ,D,1047.30,1047.30,1047.30,1047.30,1047.30,1050.00,1,10,10473.00,
936378,0JMFCSL22   ,F ,D,1279.00,1279.00,1272.00,1272.00,1272.00,1272.00,4,110,140230.00,
936384,1025JFCSL28 ,F ,D,1090.00,1090.00,1083.00,1083.00,1083.00,1083.00,4,200,217250.00,
936392,995EFL24    ,F ,D,999.00,1009.95,999.00,999.00,999.00,993.00,4,107,107823.00,
936394,1040EFL24   ,F ,D,957.30,957.30,957.30,957.30,957.30,1000.01,1,5,4786.00,
936396,EFL4JAN19A  ,F ,D,1178.00,1187.00,1178.00,1187.00,1187.00,1250.00,2,180,212760.00,
936404,905MMFSL22  ,F ,D,1034.00,1034.00,1024.11,1025.72,1025.01,1030.00,6,180,184645.00,
936408,915MMFSL24  ,F ,D,1078.20,1078.20,1078.00,1078.00,1078.00,1087.00,4,160,172500.00,
936412,93MMFSL27   ,F ,D,1116.05,1120.90,1110.00,1115.67,1115.67,1121.01,21,842,938203.00,
936422,981SEFL22   ,F ,D,456.00,456.00,456.00,456.00,456.00,380.00,1,1,456.00,
936456,94STFCL22   ,F ,D,1026.51,1032.01,1015.05,1029.51,1029.51,1039.99,54,1911,1962679.00,
936460,97STFCL29   ,F ,D,1080.00,1080.00,1080.00,1080.00,1080.00,1049.90,1,15,16200.00,
936464,0STFCL24    ,F ,D,1245.00,1248.00,1211.00,1248.00,1248.00,1260.00,20,1007,1237999.00,
936470,96IFL22A    ,F ,D,1246.00,1246.00,1246.00,1246.00,1246.00,1227.65,1,30,37380.00,
936472,975IFL24    ,F ,D,1015.10,1029.30,1015.10,1029.30,1029.30,1025.00,2,25,25448.00,
936482,975MFL24    ,F ,D,1045.00,1045.00,1045.00,1045.00,1045.00,1045.00,1,10,10450.00,
936486,1015MFL24   ,F ,D,1060.00,1060.00,1060.00,1060.00,1060.00,1070.00,1,10,10600.00,
936498,1040DLSL22  ,F ,D,992.00,995.00,992.00,995.00,995.00,1000.00,4,108,107457.00,
936512,91LTFL22    ,F ,D,1032.00,1045.00,1032.00,1045.00,1045.00,1032.00,2,56,57922.00,
936520,925LTFL24   ,F ,D,1085.00,1085.00,1085.00,1085.00,1085.00,1070.11,1,10,10850.00,
936524,889LTFL24   ,F ,D,1139.99,1139.99,1061.55,1084.00,1084.00,1060.55,5,54,59374.00,
936574,905LTFL27   ,F ,D,1110.10,1112.00,1100.10,1105.01,1105.01,1144.00,10,215,237956.00,
936598,926SCUF22   ,F ,D,1010.00,1010.00,1009.00,1009.25,1009.00,1010.00,7,215,217103.00,
936600,0SCUF22     ,F ,D,1215.12,1215.12,1215.12,1215.12,1215.12,1219.99,1,25,30378.00,
936614,0KFL22AA    ,F ,D,1215.00,1222.00,1215.00,1222.00,1222.00,1150.00,6,670,815940.00,
936652,0MHIL22     ,F ,D,1186.50,1186.50,1186.50,1186.50,1186.50,1225.00,2,75,88987.00,
936664,1050SEFL22  ,F ,D,700.01,844.00,700.01,844.00,844.00,840.00,8,682,526240.00,
936670,1075SEFL24  ,F ,D,550.00,550.00,550.00,550.00,550.00,550.00,3,40,22000.00,
936700,1020JMFPL22 ,F ,D,1008.00,1008.00,1003.00,1003.45,1004.80,1009.61,9,69,69374.00,
936702,0JMFPL22A   ,F ,D,1212.00,1212.00,1210.00,1210.00,1210.00,1214.00,8,1509,1826290.00,
936704,1004JMFPL24 ,F ,D,1040.00,1040.00,1040.00,1040.00,1040.00,1040.00,2,50,52000.00,
936706,1050JMFPL24 ,F ,D,1040.00,1044.99,1040.00,1044.28,1044.99,1040.10,11,633,659857.00,
936712,102EFL22    ,F ,D,999.19,999.20,980.01,997.20,997.20,958.00,14,293,290142.00,
936716,995EFL24A   ,F ,D,968.40,968.40,968.40,968.40,968.40,971.00,1,25,24210.00,
936722,995EFL29    ,F ,D,950.00,970.00,932.00,965.87,965.87,940.00,37,1563,1495239.00,
936728,95MFL22     ,F ,D,1015.00,1022.98,1010.00,1022.98,1022.98,1055.00,12,154,155876.00,
936732,95MFL21A    ,F ,D,1086.00,1086.01,1086.00,1086.01,1086.01,1084.00,4,299,324715.00,
936734,975MFL22AA  ,F ,D,1093.76,1104.00,1093.75,1104.00,1104.00,1071.08,3,103,112687.00,
936738,0MFL21AA    ,F ,D,1192.20,1192.20,1192.20,1192.20,1192.20,1190.84,6,184,219364.00,
936806,85TCFS24    ,F ,D,1110.00,1110.00,1110.00,1110.00,1110.00,1149.70,1,100,111000.00,
936814,885TCFS29   ,F ,D,1174.00,1175.00,1174.00,1175.00,1175.00,1160.00,2,20,23490.00,
936908,BILNCD      ,F ,D,32.27,32.40,32.27,32.40,32.40,32.62,36,502,16240.00,
936936,10MFL24B    ,F ,D,1086.50,1086.50,1084.99,1084.99,1084.99,1085.00,4,200,217066.00,
936938,0MFL21C     ,F ,D,1155.00,1155.20,1155.00,1155.10,1155.10,1158.80,7,117,135140.00,
936947,975MHFL22   ,F ,D,1020.00,1020.00,1020.00,1020.00,1020.00,1020.00,2,13,13260.00,
936953,1025MHFL24  ,F ,D,1198.99,1198.99,1198.99,1198.99,1198.99,1040.00,1,94,112705.00,
936959,0MHFL26     ,F ,D,1145.11,1145.11,1145.11,1145.11,1145.11,1365.20,1,1,1145.00,
936961,99ECL21     ,F ,D,1024.00,1025.01,1024.00,1025.01,1025.01,1040.00,3,15,15370.00,
936963,0ECL21      ,F ,D,1123.20,1123.20,1123.20,1123.20,1123.20,1125.00,1,30,33696.00,
936965,102ECL23    ,F ,D,1002.80,1002.80,1002.80,1002.80,1002.80,998.00,1,10,10028.00,
936967,0ECL23      ,F ,D,1052.00,1052.00,1052.00,1052.00,1052.00,1050.10,1,25,26300.00,
936969,995ECL24    ,F ,D,996.99,997.00,980.00,980.00,980.00,980.00,3,60,59734.00,
936971,104ECL24    ,F ,D,1040.00,1044.00,1009.00,1015.86,1016.00,1014.70,9,271,279671.00,
936975,995ECL29    ,F ,D,957.10,990.00,957.10,984.00,984.00,950.00,5,1002,985109.00,
936991,1025KFL26B  ,F ,D,985.00,985.00,985.00,985.00,985.00,985.00,12,230,226550.00,
937013,829LTFL24   ,F ,D,1089.00,1089.00,1089.00,1089.00,1089.00,1074.00,2,25,27225.00,
937017,865LTFL26   ,F ,D,1115.00,1116.00,1100.00,1115.00,1115.00,1111.00,19,688,762945.00,
937021,95MFL23A    ,F ,D,1035.00,1035.00,1033.00,1033.00,1033.00,1025.00,3,50,51700.00,
937027,975MFL23A   ,F ,D,1086.74,1086.74,1086.74,1086.74,1086.74,1046.00,1,1,1086.00,
937031,0MFL21BB    ,F ,D,1172.99,1172.99,1172.99,1172.99,1172.99,1175.30,1,50,58649.00,
937049,83TCHF25    ,F ,D,1089.00,1089.00,1080.00,1080.00,1080.00,1077.10,4,35,38025.00,
937057,84TCHF28    ,F ,D,1120.55,1120.55,1120.55,1120.55,1120.55,1105.00,1,1,1120.00,
937067,885STFCL23  ,F ,D,1030.01,1039.00,1030.01,1030.01,1030.01,1031.00,8,570,588004.00,
937069,9STFCL25    ,F ,D,1040.00,1040.50,1040.00,1040.50,1040.50,1044.00,2,35,36410.00,
937077,97EFIL21    ,F ,D,1011.80,1014.00,1011.80,1014.00,1014.00,1011.80,3,20,20263.00,
937079,0EFIL21     ,F ,D,1119.80,1119.80,1112.00,1112.00,1112.00,1117.50,3,10,11162.00,
937081,10EFIL23    ,F ,D,981.80,985.50,981.80,985.50,985.50,995.00,2,15,14764.00,
937085,98EFIL25    ,F ,D,999.00,999.00,999.00,999.00,999.00,980.00,2,15,14985.00,
937091,98EFIL30    ,F ,D,900.85,1030.00,900.00,1030.00,1030.00,1009.00,5,152,143268.00,
937099,94MFL23     ,F ,D,1015.00,1015.00,1005.00,1005.00,1005.00,961.05,5,19,19145.00,
937257,0MFL23B     ,F ,D,1048.05,1089.00,1048.05,1089.00,1089.00,1097.00,4,80,86915.00,
937275,0KFL21F     ,F ,D,1049.80,1049.80,1049.80,1049.80,1049.80,1020.05,1,29,30444.00,
937291,885MFL23    ,F ,D,980.05,980.05,980.05,980.05,980.05,985.00,3,5,4900.00,
937295,915MFL25    ,F ,D,1020.00,1020.00,1020.00,1020.00,1020.00,1000.00,1,74,75480.00,
937305,0MFL23D     ,F ,D,1047.50,1047.50,1047.50,1047.50,1047.50,1048.00,1,5,5237.00,
937315,MFLOIV25    ,F ,D,1016.00,1016.00,1016.00,1016.00,1016.00,1016.00,3,56,56896.00,
937335,935EFSL24   ,F ,D,980.00,980.00,980.00,980.00,980.00,980.00,2,10,9800.00,
937337,0EFSL24     ,F ,D,933.00,985.00,812.20,945.00,945.00,970.00,18,355,315771.00,
937369,682PFCL31   ,F ,D,1015.00,1015.00,1014.99,1014.99,1014.99,1010.01,3,70,71049.00,
937377,683PFCL31   ,F ,D,1005.90,1005.90,1005.50,1005.90,1005.90,1006.00,9,515,518034.00,
937385,715PFCL36   ,F ,D,1043.99,1044.89,1043.10,1043.37,1043.10,1043.96,19,3088,3223446.00,
937403,825MFL23    ,F ,D,976.15,993.00,976.10,991.95,991.95,981.01,7,197,192746.00,
937407,875MFL26    ,F ,D,941.05,974.00,941.05,974.00,974.00,1001.00,3,10,9575.00,
937411,94MFL27     ,F ,D,975.00,975.00,975.00,975.00,975.00,990.00,1,10,9750.00,
937413,0MFL23E     ,F ,D,1000.00,1010.00,1000.00,1010.00,1010.00,1016.00,2,45,45200.00,
937419,0MFL27B     ,F ,D,1025.00,1025.00,1025.00,1025.00,1025.00,1025.00,3,119,121975.00,
937421,925MMFL22   ,F ,D,976.01,990.00,976.01,990.00,990.00,990.00,5,100,98650.00,
937427,10MMFL24A   ,F ,D,1000.00,1000.00,999.00,999.80,999.80,1000.00,6,100,99980.00,
937435,825MFL23A   ,F ,D,990.00,990.00,972.00,975.00,975.00,971.01,8,2168,2107776.00,
937447,0MFL24VII   ,F ,D,1008.00,1010.00,1006.00,1010.00,1010.00,1001.00,6,200,201705.00,
937453,10IFL28     ,F ,D,1010.00,1013.40,1000.00,1000.00,1000.00,1000.00,4,255,257994.00,
937455,96IFL28     ,F ,D,1004.98,1005.00,1004.98,1005.00,1005.00,1002.55,17,345,346721.00,
937457,0IFL28      ,F ,D,1040.00,1040.00,1040.00,1040.00,1040.00,1039.99,1,50,52000.00,
937469,MFLVI31F    ,F ,D,1006.62,1006.62,1006.43,1006.58,1006.43,1007.20,3,125,125822.00,
937471,MFLVII24G   ,F ,D,1000.00,1000.00,1000.00,1000.00,1000.00,0.00,1,25,25000.00,
937491,910EFSL24   ,F ,D,969.90,970.00,969.90,970.00,970.00,969.90,5,185,179444.00,
937493,0EFSL24A    ,F ,D,970.00,975.00,970.00,974.29,975.00,972.50,11,180,174750.00,
937495,916EFSL26   ,F ,D,991.00,1000.00,991.00,1000.00,1000.00,985.00,2,50,49856.00,
937497,955EFSL26   ,F ,D,961.00,995.00,812.20,970.00,970.00,983.01,7,119,115014.00,
937499,0EFSL26B    ,F ,D,950.01,950.01,950.01,950.01,950.01,999.00,1,1,950.00,
937503,970EFSL31   ,F ,D,965.00,965.00,960.00,960.00,960.00,969.00,3,14,13500.00,
937505,9MMFL22     ,F ,D,975.00,975.00,975.00,975.00,975.00,994.90,1,50,48750.00,
937533,769IGT28    ,F ,D,1015.00,1015.00,1010.00,1010.00,1010.00,1025.00,4,80,80940.00,
937537,82IGT31     ,F ,D,1027.90,1027.90,1026.36,1026.41,1026.36,1027.00,44,17291,17755582.00,
937541,797IGT31    ,F ,D,1026.00,1031.00,1025.50,1029.69,1029.69,1029.00,30,1998,2056333.00,
937543,825MFCL23A  ,F ,D,961.00,975.00,960.00,975.00,975.00,970.00,11,400,388230.00,
937547,875MFCL26C  ,F ,D,985.00,989.00,961.00,980.00,980.00,957.50,4,27,26374.00,
937551,975MFCL28E  ,F ,D,996.00,996.00,996.00,996.00,996.00,996.00,1,2,1992.00,
937553,0MFCL23VI   ,F ,D,995.00,1000.00,995.00,1000.00,1000.00,990.00,5,190,189250.00,
956281,885HDFC99   ,F ,D,1025000.00,1025000.00,1025000.00,1025000.00,1025000.00,1030000.00,1,1,1025000.00,
957380,985DCB28    ,F ,D,104275.00,104275.00,104275.00,104275.00,104275.00,105269.00,1,20,2085500.00,
957803,1015UPPCL22 ,F ,D,766666.00,766666.00,766666.00,766666.00,766666.00,760000.00,1,1,766666.00,
957808,1015UPPCL26 ,F ,D,1045534.47,1048234.00,1045534.47,1048234.00,1048234.00,1049000.00,3,3,3142002.00,
958517,95PCHFL22   ,F ,D,813429.10,813429.10,813429.10,813429.10,813429.10,810282.04,1,3,2440287.00,
958670,1175SIBL29  ,F ,D,103900.00,103900.00,103900.00,103900.00,103900.00,100999.71,1,10,1039000.00,
958959,875SBIPERA  ,F ,D,1098750.00,1098750.00,1098750.00,1098750.00,1098750.00,1085000.00,1,1,1098750.00,
959209,1375SIBLPER ,F ,D,104150.00,104150.00,104150.00,104150.00,104150.00,104000.00,2,20,2083000.00,
960393,SSF291220   ,F ,D,105947.00,105947.00,105947.00,105947.00,105947.00,102406.55,1,20,2118940.00,
961714,PFCBS4      ,F ,B,12235.11,12235.11,12235.10,12235.10,12235.10,12232.00,2,4,48940.00,
961716,PFCBT1S2    ,F ,B,10907.12,10907.12,10905.00,10907.00,10907.00,10901.00,6,13,141790.00,
961718,PFCBT1S4    ,F ,B,12050.00,12050.00,12050.00,12050.00,12050.00,12050.00,2,4,48200.00,
961721,LTFL90122I  ,F ,B,1041.10,1041.12,1040.52,1040.55,1040.55,1041.10,12,285,296690.00,
961722,LTFL9122II  ,F ,B,2260.50,2261.10,2260.50,2261.10,2261.10,2261.91,12,135,305236.00,
961727,820NHAI22   ,F ,B,1085.00,1099.00,1081.00,1082.54,1082.50,1080.00,12,442,479199.00,
961728,830NHAI27   ,F ,B,1262.40,1262.40,1262.00,1262.00,1262.00,1270.00,5,1605,2025606.00,
961729,820PFC2022  ,F ,B,1078.00,1078.00,1078.00,1078.00,1078.00,1077.00,2,60,64680.00,
961734,HUDCO050327 ,F ,B,1239.00,1240.00,1239.00,1240.00,1240.00,1234.00,10,1500,1859000.00,
961736,870IDFCFBL  ,F ,B,10774.01,10825.00,10774.01,10825.00,10825.00,10820.00,2,8,86396.00,
961738,870LTFL22B  ,F ,B,2170.01,2170.10,2170.00,2170.10,2170.10,2171.00,12,179,388439.00,
961743,793REC22    ,F ,B,1097.32,1097.32,1097.32,1097.32,1097.32,1104.25,1,10,10973.00,
961744,812REC27    ,F ,B,1252.20,1263.00,1252.20,1263.00,1263.00,1263.00,4,750,944550.00,
961752,719IIFCL23  ,F ,B,1057.50,1060.00,1057.50,1060.00,1060.00,1060.00,3,325,344462.00,
961755,718IRFC2023 ,F ,B,1085.00,1085.30,1085.00,1085.25,1085.25,1075.01,3,2474,2684788.00,
961764,734HUDCO23  ,F ,B,1148.90,1148.90,1148.90,1148.90,1148.90,1145.90,1,100,114890.00,
961765,751HUDCO28  ,F ,B,1201.15,1203.75,1191.39,1203.75,1203.75,1214.99,6,252,300565.00,
961778,826REC23    ,F ,B,1125.00,1125.00,1110.54,1124.61,1111.40,1179.77,3,72,80971.00,
961779,871REC28    ,F ,B,1285.00,1293.00,1285.00,1293.00,1293.00,1290.00,7,1074,1380719.00,
961784,839HUDCO23  ,F ,B,1159.69,1159.69,1125.16,1125.16,1125.16,1142.29,3,106,122581.00,
961792,892NHPC33   ,F ,B,1412.00,1412.00,1412.00,1412.00,1412.00,1422.00,1,100,141200.00,
961798,875IIFCL33  ,F ,B,1415.50,1419.99,1415.50,1419.99,1419.99,1420.00,4,455,645983.00,
961800,854PFC28    ,F ,B,1288.00,1292.00,1288.00,1292.00,1292.00,1276.00,3,121,155932.00,
961801,867PFC33    ,F ,B,1432.01,1432.01,1432.01,1432.01,1432.01,1449.00,1,324,463971.00,
961810,891NTPC33   ,F ,B,1463.88,1463.88,1450.00,1459.99,1459.99,1426.00,3,15,21894.00,
961814,876HUDCO24  ,F ,B,1150.00,1150.00,1148.00,1148.00,1148.00,1150.00,7,142,163052.00,
961816,901HUDCO34  ,F ,B,1455.00,1460.00,1454.90,1460.00,1460.00,1456.00,5,111,161529.00,
961817,841IIFCL24  ,F ,B,1125.00,1125.00,1125.00,1125.00,1125.00,1124.20,2,1000,1125000.00,
961820,866IIFCL24C ,F ,B,1200.00,1200.00,1200.00,1200.00,1200.00,1225.00,1,25,30000.00,
961822,891IIFCL34  ,F ,B,1427.00,1430.00,1427.00,1430.00,1430.00,1427.00,26,1250,1784450.00,
961826,875NHAI29   ,F ,B,1289.99,1289.99,1288.25,1288.25,1288.25,1293.50,4,80,103112.00,
961829,848IRFC24   ,F ,B,1200.00,1200.00,1200.00,1200.00,1200.00,1200.00,1,300,360000.00,
961837,841IREDA24  ,F ,B,1205.00,1205.00,1205.00,1205.00,1205.00,1115.00,1,10,12050.00,
961851,900KPL29    ,F ,B,1309.99,1309.99,1300.00,1309.00,1309.00,1314.00,5,22,28789.00,
961885,888IRFC29   ,F ,B,1343.85,1343.85,1343.85,1343.85,1343.85,1349.85,1,5,6719.00,
961912,HDFCW3      ,W ,B,773.50,773.50,770.90,770.90,770.90,790.95,3,1800,1389240.00,
972655,IFCI010811B ,F ,B,27250.00,27500.00,27250.00,27500.00,27500.00,27200.00,4,40,1093000.00,
972657,IFCI010811D ,F ,B,11125.00,11125.00,11125.00,11125.00,11125.00,11150.00,2,30,333750.00,
972704,IFCI121211A ,F ,B,10728.02,10768.00,10728.02,10768.00,10768.00,10755.00,5,12,128896.00,
972713,IFCI150212A ,F ,B,11210.00,11225.00,11167.01,11167.01,11167.01,11210.00,9,24,268859.00,
972773,990IFCI37D  ,F ,B,26000.00,26000.00,26000.00,26000.00,26000.00,25000.10,1,4,104000.00,
972885,893PTCIF22A ,F ,B,10800.10,10800.15,10800.10,10800.15,10800.15,10893.00,3,8,86401.00,
973078,975HLFL26A  ,F ,B,1021561.64,1021561.64,1021561.64,1021561.64,1021561.64,1009000.00,3,4,4086246.00,
973117,SCUF30321   ,F ,B,1014814.00,1014814.00,1014814.00,1014814.00,1014814.00,1003547.00,1,3,3044442.00,
973153,975HLFL28   ,F ,B,1000000.00,1000000.00,1000000.00,1000000.00,1000000.00,1002000.00,1,1,1000000.00,
