SC_CODE,SC_NAME,SC_GROUP,SC_TYPE,OPEN,HIGH,LOW,CLOSE,LAST,PREVCLOSE,NO_TRADES,NO_OF_SHRS,NET_TURNOV,TDCLOINDI
500002,ABB LTD.    ,B ,Q,901.00,920.00,897.20,898.80,898.00,901.15,756,10249,9213029.00,
500003,AEGIS LOGIS ,A ,Q,240.00,245.00,230.70,234.25,232.00,234.65,632,11111,2652132.00,
500008,AMAR RAJA BA,A ,Q,758.30,758.30,718.65,724.90,724.90,764.05,2065,44679,33248968.00,
500009,A.SARABHAI  ,X ,Q,20.20,20.20,18.80,18.90,18.90,19.75,203,47742,928409.00,
500010,HDFC        ,A ,Q,1715.10,1747.15,1702.35,1708.95,1709.25,1722.80,4964,56645,97666917.00,
500012,ANDHRA PETRO,XT,Q,33.50,34.00,31.00,31.85,32.50,32.50,355,108203,3514313.00,
500013,ANSAL INFRAS,B ,Q,4.01,4.01,3.90,3.96,3.96,4.05,43,21268,84696.00,
500014,UTIQUE      ,X ,Q,1.05,1.10,1.00,1.10,1.10,1.05,12,3761,3892.00,
500016,ARUNAHTEL   ,XT,Q,7.12,7.12,7.12,7.12,7.12,6.79,1,5,35.00,
500020,BOM DYEING  ,A ,Q,68.00,68.00,63.70,64.65,64.65,68.05,1822,152781,10078967.00,
500023,ASIANHOTNR  ,B ,Q,56.10,57.80,55.25,56.45,56.45,57.05,117,938,52660.00,
500027,ATUL LTD.   ,A ,Q,6794.65,6804.10,6236.25,6250.95,6261.55,6612.30,905,2438,15842255.00,
500028,ATV PROJECTS,XT,Q,3.95,4.10,3.76,3.78,3.78,3.95,40,13571,52161.00,
500029,AUTOLITE(I) ,B ,Q,20.00,20.20,19.15,19.35,19.15,19.75,68,3903,76170.00,
500031,BAJAJ ELECT.,A ,Q,493.00,503.55,467.50,473.30,472.00,492.80,587,7382,3572327.00,
500032,BAJAJHIND   ,B ,Q,5.47,5.47,5.14,5.20,5.20,5.38,1036,413702,2166329.00,
500033,FORCE MOTR  ,A ,Q,1164.60,1174.95,1100.00,1109.15,1109.15,1164.60,1084,7596,8583838.00,
500034,BAJFINANCE  ,A ,Q,3470.00,3470.00,3315.00,3327.95,3327.95,3475.45,22838,159913,540579100.00,
500038,BALRAM.CHINI,A ,Q,161.00,161.00,148.30,149.65,149.65,160.15,758,30645,4746613.00,
500039,BANCO PROD. ,B ,Q,94.00,94.00,86.25,87.65,87.70,90.35,219,11187,999696.00,
500040,CENTURY TEXT,A ,Q,367.90,371.95,341.00,343.65,343.40,369.80,1100,37899,13376839.00,
500041,BANNARI AMAN,B ,Q,1300.40,1306.40,1282.60,1300.25,1300.00,1300.15,26,1408,1830373.00,
500042,BASF INDIA  ,A ,Q,1513.00,1548.00,1448.90,1459.80,1456.10,1512.40,981,4606,6876363.00,
500043,BATA INDIA  ,A ,Q,1340.00,1352.50,1315.00,1322.80,1322.80,1334.40,2454,26089,34902991.00,
500048,BEML LTD    ,A ,Q,649.00,650.00,618.00,625.25,623.80,648.75,1326,27613,17515275.00,
500049,BHARAT ELECT,A ,Q,104.00,104.00,95.20,96.20,96.20,103.60,2540,356650,35231435.00,
500052,BHANSALI ENG,B ,Q,62.10,65.30,58.25,59.15,60.50,62.75,850,88203,5461747.00,
500055,TATASTLBSL  ,B ,Q,23.10,23.30,21.70,21.80,21.80,23.10,5762,227737,5042049.00,
500058,BIHAR SPONGE,XT,Q,0.58,0.58,0.58,0.58,0.58,0.56,6,6859,3978.00,
500060,BIRLACABLE  ,B ,Q,55.00,55.80,51.30,52.10,52.50,54.25,145,4701,251584.00,
500067,BLUE STAR   ,A ,Q,620.00,648.50,616.50,631.45,632.10,635.65,1446,16180,10246052.00,
500068,DISA INDIA  ,X ,Q,3505.00,3567.95,3430.00,3443.85,3430.00,3505.00,30,188,655691.00,
500069,BNK CAPITAL ,X ,Q,66.55,73.25,66.55,73.25,73.25,73.30,2,120,8455.00,
500074,BPL LTD.    ,B ,Q,18.85,19.05,18.10,18.20,18.30,18.75,80,9932,184041.00,
500078,OAL         ,B ,Q,410.00,411.00,370.20,373.05,370.95,411.30,620,5329,2062257.00,
500083,CENTURY EXT ,B ,Q,3.45,3.45,3.28,3.29,3.31,3.45,64,24456,80842.00,
500084,CESC LTD.   ,A ,Q,684.40,700.00,623.65,639.25,632.00,676.30,3131,48182,32822708.00,
500085,CHAMBAL FERT,A ,Q,156.30,156.80,151.15,152.40,152.40,156.80,10387,130659,20141199.00,
500086,EXIDE IND.  ,A ,Q,166.20,166.50,157.25,159.00,159.00,167.00,2329,255536,41675476.00,
500087,CIPLA LTD.  ,A ,Q,806.85,811.40,762.10,767.70,767.70,806.85,13306,506235,398734334.00,
500089,DIC INDIA   ,B ,Q,380.35,383.80,356.05,360.25,360.05,379.30,133,1231,460033.00,
500092,CRISIL LTD  ,A ,Q,1692.00,1763.00,1692.00,1738.65,1735.55,1730.85,403,1483,2564320.00,
500093,CGPOWER     ,B ,Q,25.00,25.50,24.15,24.15,24.15,25.40,1135,591922,14553042.00,
500096,DABUR (I)   ,A ,Q,510.00,510.70,487.55,490.80,490.80,507.85,2205,56863,28261294.00,
500097,DALMIASUG   ,B ,Q,133.20,133.90,127.85,128.40,128.40,135.00,429,14925,1933689.00,
500101,ARVIND Ltd  ,A ,Q,32.70,32.70,30.40,31.10,31.10,32.70,1871,857020,27094256.00,
500102,BALARPUR IND,T ,Q,1.49,1.49,1.35,1.36,1.35,1.42,429,1062309,1480071.00,
500103,BHEL        ,A ,Q,34.40,35.55,34.05,34.30,34.30,34.65,10225,3628042,125516002.00,
500104,HIND.PETRO  ,A ,Q,194.00,198.50,188.45,189.05,189.05,193.95,3148,295302,57234172.00,
500106,IFCI LTD    ,A ,Q,6.52,6.60,6.19,6.26,6.26,6.58,24396,485444,3085217.00,
500108,MAHA.TELE   ,B ,Q,9.40,9.40,8.55,8.69,8.69,9.19,11984,274201,2452841.00,
500109,MRPL        ,A ,Q,29.05,29.35,28.00,28.15,28.15,28.85,792,114053,3266508.00,
500110,CHENNAI PET.,A ,Q,76.00,76.10,71.65,72.45,72.45,76.20,624,44316,3261868.00,
500111,REL.CAP.    ,B ,Q,8.79,8.79,8.21,8.21,8.21,8.64,905,431091,3569584.00,
500112,STATE BANK  ,A ,Q,193.00,193.50,184.30,185.80,185.80,192.60,53052,4120225,777292604.00,
500113,STEEL AUTH. ,A ,Q,38.00,38.15,35.00,35.40,35.40,37.85,6574,1707383,62051273.00,
500114,TITAN       ,A ,Q,1168.00,1171.30,1115.05,1119.65,1119.65,1162.85,4925,101069,115465508.00,
500116,IDBI BANK L ,A ,Q,37.60,39.05,35.65,35.95,35.95,37.10,1661,383902,14437961.00,
500117,DCW LTD.    ,B ,Q,15.50,15.50,13.89,14.60,14.60,15.42,278,65011,949681.00,
500119,DHAMPUR SUGA,B ,Q,149.00,149.05,140.20,141.35,140.70,148.10,533,24432,3510610.00,
500120,DIAMINES&CHM,X ,Q,464.75,479.90,431.00,441.40,441.40,463.95,1047,38397,17773496.00,
500123,ELANTAS     ,B ,Q,2620.00,2650.00,2537.70,2548.90,2550.00,2628.10,85,480,1250644.00,
500124,DR.REDDY'S  ,A ,Q,5338.00,5514.65,5114.10,5139.20,5139.20,5326.70,27603,313292,1655193595.00,
500125,E.I.D.PAR   ,A ,Q,301.25,308.55,283.60,286.20,289.55,301.55,1345,21727,6415770.00,
500126,PGHL        ,A ,Q,5344.90,5344.90,5108.60,5141.80,5141.80,5271.15,382,1113,5819339.00,
500128,ELEC.CASTING,B ,Q,17.75,18.51,16.91,17.34,16.91,17.53,456,152114,2688782.00,
500133,ESAB INDIA  ,B ,Q,1378.90,1390.60,1370.00,1370.00,1370.00,1371.55,16,29,39855.00,
500135,ESSEL PROP  ,A ,Q,255.55,263.55,236.95,242.00,242.00,251.90,6338,248011,63126202.00,
500136,ESTER INDUS.,B ,Q,77.45,80.60,74.50,74.60,74.60,78.40,687,53749,4110848.00,
500142,FGP LTD.    ,X ,Q,1.05,1.05,1.05,1.05,1.05,1.10,9,1573,1651.00,
500144,FINOL. CABLE,A ,Q,298.80,299.90,284.00,285.50,284.00,294.15,521,7761,2263601.00,
500147,COCKERILL   ,X ,Q,808.00,808.00,710.30,731.25,730.00,807.90,151,1346,1010684.00,
500148,UFLEX LTD   ,A ,Q,334.95,343.00,320.05,323.15,322.00,334.30,418,7811,2595071.00,
500150,FOSECO INDIA,B ,Q,1276.75,1295.70,1240.10,1247.05,1241.10,1289.20,75,264,335559.00,
500151,GOLDEN TOB  ,B ,Q,21.80,22.15,21.80,21.80,21.80,22.35,23,990,21611.00,
500153,GANESH BENZO,X ,Q,59.00,59.90,54.50,55.00,55.00,57.10,974,288087,16762665.00,
500155,GARDEN SILK ,T ,Q,10.00,10.70,9.98,10.31,10.31,10.48,9,237,2370.00,
500159,METROGLOBL  ,X ,Q,49.00,49.00,47.60,48.20,48.50,47.60,16,1063,51408.00,
500160,GTL LTD.    ,B ,Q,2.20,2.20,2.20,2.20,2.20,2.10,5,1700,3740.00,
500163,GODFREY PH  ,A ,Q,931.00,950.00,908.00,913.85,913.85,949.15,1617,22020,20702368.00,
500164,GODREJ IND  ,A ,Q,409.70,414.60,394.25,397.65,397.55,407.85,354,1822,733730.00,
500165,KANSAI NERO ,A ,Q,502.05,513.45,491.05,493.55,491.05,510.40,541,5221,2612326.00,
500166,GOODRICKE   ,X ,Q,293.10,306.75,283.00,286.30,288.00,302.80,137,7879,2305647.00,
500168,GOODYEAR (I),B ,Q,926.00,936.95,885.00,892.40,892.40,921.65,329,5998,5393551.00,
500170,GTN INDUS   ,B ,Q,7.88,7.88,7.82,7.83,7.82,7.91,2,231,1809.00,
500171,GHCL LTD    ,A ,Q,164.00,167.05,160.60,161.35,160.85,163.90,734,13020,2135887.00,
500173,GFLLIMITED  ,B ,Q,86.65,87.00,83.75,83.85,83.75,86.55,135,2545,217291.00,
500174,GUJ.LEASE   ,B ,Q,2.20,2.20,2.20,2.20,2.20,2.10,1,10,22.00,
500179,HCL INFOSYS ,B ,Q,8.45,8.45,8.09,8.10,8.10,8.26,346,72057,591793.00,
500180,HDFC BANK   ,A ,Q,1052.00,1071.20,1041.15,1048.70,1048.70,1057.40,19510,495062,523913903.00,
500182,HEROMOTOCO  ,A ,Q,3114.25,3131.65,3035.50,3053.20,3053.20,3114.25,5003,59766,183080407.00,
500183,HFCL        ,A ,Q,14.70,15.30,14.00,14.15,14.15,14.60,1171,436879,6419959.00,
500184,HSCL        ,A ,Q,52.75,54.70,50.35,51.20,51.20,52.30,2018,247283,13034108.00,
500185,HIND.CONSTN.,B ,Q,5.74,5.74,5.21,5.27,5.27,5.57,2670,846520,4563247.00,
500186,HIND.OIL EXP,B ,Q,75.00,75.05,69.25,69.75,69.75,74.45,527,32695,2334942.00,
500187,HSIL        ,B ,Q,75.00,75.50,69.45,71.40,71.40,73.40,484,38932,2829599.00,
500188,HINDUS.ZI   ,A ,Q,212.15,216.30,205.00,206.20,206.20,213.55,2568,65175,13673564.00,
500189,NXTDIGITAL  ,B ,Q,679.00,680.90,639.60,644.10,640.00,678.85,233,617,410011.00,
500191,HMT LTD.    ,Z ,Q,16.90,16.90,16.75,16.75,16.75,16.90,5,329,5545.00,
500192,PRAG BOSIMI ,XT,Q,2.04,2.23,2.04,2.10,2.10,2.14,7,616,1345.00,
500193,HLVLTD      ,B ,Q,4.96,5.00,4.90,4.94,4.94,4.96,37,6202,30641.00,
500199,I.G.PETRO   ,B ,Q,255.00,272.00,254.70,265.60,261.10,259.00,1321,19910,5291707.00,
500201,IND.GLYCOLS ,B ,Q,292.30,296.20,278.00,278.45,278.45,288.90,459,8860,2538389.00,
500206,MARGO FIN   ,X ,Q,7.03,7.03,6.90,6.90,6.90,7.03,3,110,760.00,
500207,INDO RAMA   ,B ,Q,25.05,25.05,23.35,24.85,24.85,23.90,236,46266,1151700.00,
500209,INFOSYS LTD ,A ,Q,1000.00,1030.80,1000.00,1009.30,1009.30,1002.55,20070,478960,487870021.00,
500210,INGERSOLL   ,B ,Q,619.45,620.50,603.00,611.55,607.60,620.00,291,805,492171.00,
500211,INSILCO LTD.,X ,Q,9.19,9.19,8.50,8.88,8.83,8.80,31,2751,24608.00,
500212,INTEG.FIN.SE,XT,Q,25.50,25.50,25.50,25.50,25.50,24.30,1,1000,25500.00,
500213,INTER.TRAVEL,X ,Q,53.20,53.80,50.15,51.80,51.95,53.20,41,4238,221572.00,
500214,ION EXCHANGE,B ,Q,732.00,741.45,691.10,699.55,699.00,729.95,1269,22986,16398500.00,
500215,AGRO TECH FO,B ,Q,689.00,700.00,676.10,682.90,679.50,705.00,278,1829,1261620.00,
500219,JAIN IRRIG  ,B ,Q,15.63,15.83,15.21,15.21,15.21,16.01,592,558851,8543077.00,
500220,JASCH INDUST,X ,Q,27.40,27.40,25.05,25.20,25.15,26.10,35,5257,136872.00,
500223,JCT LTD     ,XT,Q,1.00,1.01,0.95,0.97,0.99,0.97,169,257400,254532.00,
500227,JINDAL POLYF,B ,Q,450.15,454.30,429.20,434.50,434.50,455.00,598,8431,3752666.00,
500228,JSWSL       ,A ,Q,287.70,290.05,270.15,271.35,270.25,287.60,4535,587835,166796942.00,
500231,UMANG DAIR  ,B ,Q,45.25,45.35,44.00,44.00,44.00,46.15,81,3785,168867.00,
500233,KAJARIA CER.,A ,Q,517.80,519.30,500.55,501.60,500.55,514.10,1031,33353,17025925.00,
500234,KAKATIYA CEM,B ,Q,153.05,154.10,147.00,147.05,148.70,154.75,54,600,89787.00,
500235,KALYANI STEL,B ,Q,211.65,214.80,200.00,208.95,208.95,210.80,963,17675,3716080.00,
500238,WHIRLPOOL   ,A ,Q,2105.80,2138.50,2070.00,2084.75,2095.00,2118.30,567,2547,5349213.00,
500239,KG DENIM    ,X ,Q,22.05,22.35,21.75,21.75,21.75,22.85,10,778,17215.00,
500240,KINETIC ENG.,XT,Q,22.30,22.90,20.80,20.85,22.00,21.85,51,5523,115061.00,
500241,KIRL.BROS.  ,B ,Q,115.40,116.75,108.00,109.35,109.90,115.90,579,15324,1706057.00,
500243,KIRL INDUS  ,B ,Q,640.10,644.90,598.80,608.00,606.10,645.00,107,348,215529.00,
500245,KIRL.FERROUS,B ,Q,84.10,85.00,83.00,83.80,83.00,85.60,231,6311,531543.00,
500246,ENVAIN ELECT,X ,Q,29.50,29.50,26.75,28.90,28.90,28.10,6,555,14969.00,
500247,KOTAK MAH.BK,A ,Q,1270.00,1318.85,1270.00,1289.35,1289.35,1278.30,16247,304951,396175554.00,
500249,KSB         ,B ,Q,525.65,527.00,506.85,507.70,510.45,527.35,320,1510,778415.00,
500250,L.G.BALKRISH,B ,Q,251.60,251.75,236.65,238.70,238.05,251.60,203,2002,493241.00,
500251,TRENT LTD.  ,A ,Q,685.00,693.10,642.40,649.30,642.55,683.70,2547,32798,21919137.00,
500252,LAXMIMACH   ,A ,Q,3740.00,3740.00,3522.05,3545.40,3527.00,3686.10,251,2279,8255201.00,
500253,LIC HOUS.FIN,A ,Q,302.00,303.00,288.25,291.30,291.30,302.90,1982,103866,30826591.00,
500254,UTTAMVALUE  ,B ,Q,0.47,0.49,0.47,0.49,0.49,0.47,1294,19862550,9652955.00,
500257,LUPIN LTD.  ,A ,Q,1094.95,1097.40,1031.05,1040.75,1039.50,1085.50,4884,117746,125349367.00,
500259,LYKA LABS   ,B ,Q,18.85,18.90,18.30,18.45,18.45,19.20,66,2643,49201.00,
500260,RAMCOCEM    ,A ,Q,742.00,754.40,710.25,721.25,710.50,741.90,1247,34493,25696891.00,
500264,MAFATLAL IND,X ,Q,80.20,80.50,77.60,77.85,77.60,80.55,21,418,33037.00,
500265,MAH.SEAMLESS,A ,Q,236.00,239.10,220.00,223.15,224.45,236.00,404,8016,1825986.00,
500266,MAH.SCOOTER ,A ,Q,3077.30,3083.00,3012.60,3019.95,3019.20,3053.90,80,313,946366.00,
500267,MAJESTIC AUT,X ,Q,99.50,99.50,88.70,90.30,90.30,94.30,15,533,48413.00,
500268,MANALI PETRO,B ,Q,28.00,28.85,25.50,25.80,25.80,27.50,483,146994,4023037.00,
500271,MFSL        ,A ,Q,610.00,621.00,591.20,600.05,597.95,609.95,2490,102862,62869685.00,
500279,MIRC ELECT  ,B ,Q,9.54,9.54,8.74,8.74,8.76,9.20,217,71712,649841.00,
500280,CENTURY ENKA,B ,Q,175.00,177.00,169.00,170.60,170.30,176.95,271,3861,664829.00,
500284,LORDS CHLORO,XT,Q,37.00,38.80,35.15,37.00,37.00,37.00,20,465,16501.00,
500285,SPICEJET LTD,A ,Q,51.50,52.00,49.30,49.80,49.30,51.50,1433,264967,13451512.00,
500288,MOREPEN LAB.,B ,Q,24.50,25.15,23.50,23.80,23.85,24.70,856,257249,6229474.00,
500290,MRF LTD.    ,A ,Q,59069.65,59069.65,57880.00,58134.25,58106.00,58829.75,321,419,24390949.00,
500292,HEIDEL CEM  ,A ,Q,189.00,189.75,180.00,185.80,185.80,189.30,1335,30315,5606865.00,
500294,NCC         ,A ,Q,32.10,33.20,30.95,31.35,31.35,32.80,2329,730425,23392568.00,
500295,VEDL        ,A ,Q,131.00,133.60,127.25,129.10,129.10,131.40,6944,682112,89250910.00,
500296,NAHAR SPG.  ,B ,Q,38.70,39.25,37.00,37.00,37.00,39.50,55,1860,70382.00,
500298,NAT.PEROXIDE,B ,Q,2178.00,2217.00,2011.20,2043.40,2044.95,2152.15,803,7469,15846401.00,
500300,GRASIM IND. ,A ,Q,750.00,750.40,710.80,715.85,710.80,745.00,2192,52142,38107525.00,
500302,PEL         ,A ,Q,1351.00,1354.00,1260.55,1273.65,1273.65,1350.20,2777,34857,45584174.00,
500304,NIIT LTD.   ,B ,Q,138.00,142.55,127.85,130.50,130.50,137.30,3976,202410,27713291.00,
500306,JAYKAY      ,X ,Q,3.56,3.60,3.56,3.58,3.58,3.58,12,2137,7672.00,
500307,NIRLON      ,B ,Q,251.15,254.70,240.00,240.70,240.70,251.15,75,12748,3075425.00,
500312,ONGC CORPN  ,A ,Q,74.25,74.25,70.90,71.15,71.15,74.25,2869,680907,49448304.00,
500313,OIL COUNTRY ,B ,Q,4.05,4.05,4.04,4.04,4.04,4.06,2,220,889.00,
500314,ORIENT HOTEL,B ,Q,21.70,22.00,20.50,20.60,20.55,21.55,45,16438,344513.00,
500317,OSWAL AGRO. ,B ,Q,10.54,10.54,10.39,10.54,10.54,10.04,235,187330,1973499.00,
500319,INDIAN SUCRO,X ,Q,24.35,24.35,21.70,22.85,22.60,23.25,37,4552,104763.00,
500325,RELIANCE    ,A ,Q,2305.00,2336.55,2248.00,2255.15,2255.15,2305.50,25843,501009,1150978451.00,
500327,PILITA      ,B ,Q,6.70,6.70,6.54,6.58,6.60,6.75,43,8306,54953.00,
500329,PENTAMED.G  ,XT,Q,0.34,0.36,0.34,0.34,0.34,0.35,44,42449,14541.00,
500330,RAYMOND     ,A ,Q,282.70,282.70,263.30,267.40,267.40,282.60,1542,41195,11209155.00,
500331,PIDILITE    ,A ,Q,1455.10,1458.35,1411.00,1446.10,1438.75,1453.90,2941,35985,51758288.00,
500333,PIX TRANS   ,X ,Q,140.85,140.85,129.55,130.45,130.45,135.45,155,6777,908152.00,
500335,BIRLA CORPN.,A ,Q,703.95,703.95,660.60,669.35,661.95,721.10,2014,22989,15588393.00,
500336,SURYA ROSHNI,B ,Q,203.05,214.00,193.65,196.45,196.45,201.60,1962,39480,8090790.00,
500337,PRIME SECUR.,B ,Q,45.55,45.55,44.05,44.10,44.05,45.35,25,111,4903.00,
500338,PRSMJOHNSN  ,A ,Q,61.80,61.80,56.55,57.55,57.05,59.25,696,86571,5005900.00,
500339,RAIN        ,A ,Q,104.15,107.20,101.30,102.45,102.00,104.10,692,43985,4606007.00,
500343,AMJLAND     ,B ,Q,17.80,18.10,17.50,17.85,17.85,18.10,581,12606,222688.00,
500346,PUN.COMMUNI.,T ,Q,33.40,33.40,33.40,33.40,33.40,34.05,8,2251,75183.00,
500350,RSWM  LTD   ,T ,Q,94.00,96.75,93.10,93.10,93.10,97.70,14,1521,144166.00,
500354,RAJSH.SUGAR ,B ,Q,13.23,13.54,12.96,13.49,13.49,13.64,8,957,12499.00,
500355,RALLIS INDIA,A ,Q,301.00,312.70,292.00,295.25,295.25,300.90,3499,64432,19515575.00,
500356,RAMANEWS    ,B ,Q,14.40,14.80,13.75,14.10,14.10,14.55,39,3891,55291.00,
500357,RAMA PAPER  ,X ,Q,6.60,6.89,6.60,6.89,6.89,6.60,7,1606,10918.00,
500358,RAMA PETRO  ,X ,Q,3.96,3.96,3.96,3.96,3.96,3.96,4,75,297.00,
500360,RAPICUT CARB,X ,Q,25.40,25.40,23.60,24.35,24.50,23.85,25,1134,27317.00,
500365,WELSPLSOL   ,X ,Q,9.01,9.59,9.01,9.27,9.30,9.27,47,30165,277983.00,
500366,ROLTA (I)   ,B ,Q,5.85,6.05,5.60,5.73,5.65,5.79,7965,64095,369692.00,
500367,RUBFILA INT.,X ,Q,40.80,40.80,38.00,38.55,38.05,40.35,122,22015,855160.00,
500368,RUCHI SOYA  ,T ,Q,519.90,522.00,493.40,493.85,493.85,519.35,776,8729,4342836.00,
500370,SALORA INT. ,XT,Q,15.05,16.35,15.00,16.35,16.35,15.65,3,605,9106.00,
500378,JINDAL SAW  ,A ,Q,67.20,67.80,63.10,63.45,63.45,67.35,855,113388,7401290.00,
500380,JK LAKSHMI  ,A ,Q,275.00,277.95,263.20,265.85,265.85,273.50,1517,33056,9015211.00,
500387,SHREE CEMENT,A ,Q,19515.00,19515.00,18724.90,18904.70,18904.70,19512.70,385,678,12986800.00,
500390,REL INFRA   ,A ,Q,25.95,25.95,24.35,24.35,24.35,25.60,580,167338,4101724.00,
500399,STEELCO GUJ.,Z ,Q,2.59,2.59,2.35,2.50,2.50,2.47,12,5095,12604.00,
500400,TATA POWER  ,A ,Q,56.00,56.50,52.50,52.95,52.95,56.15,2745,914383,49630683.00,
500402,SPMLINFRA   ,B ,Q,9.54,9.54,9.50,9.54,9.54,9.86,17,2965,28192.00,
500403,SUNDARAM FAS,A ,Q,411.00,431.95,405.40,423.45,418.30,417.35,1023,11347,4796806.00,
500404,SUNFLAG IRON,B ,Q,44.60,45.50,42.00,42.25,42.00,44.50,258,28431,1241712.00,
500405,SUPREME PET ,B ,Q,235.00,238.80,226.35,229.20,229.00,233.05,122,4601,1079014.00,
500407,SWARAJ ENGIN,B ,Q,1658.00,1658.00,1504.80,1549.85,1525.00,1630.00,294,1060,1679885.00,
500408,TATA ELXSI  ,A ,Q,1274.10,1313.00,1271.00,1284.60,1284.60,1271.30,2741,53586,69210952.00,
500410,ACC LTD     ,A ,Q,1431.80,1431.80,1367.10,1377.65,1377.65,1431.60,1455,19444,27393343.00,
500411,THERMAX     ,A ,Q,792.00,795.25,744.00,750.45,750.45,780.05,420,2482,1902630.00,
500412,THIRUMALAI  ,B ,Q,72.50,76.75,70.25,71.85,71.85,70.55,1592,160858,11916256.00,
500413,THOMAS COOK ,B ,Q,32.00,32.15,29.50,30.05,30.30,31.95,1002,72746,2240744.00,
500414,TIMEX GROUP ,X ,Q,26.65,27.50,25.60,26.05,26.00,27.25,150,71352,1893633.00,
500418,TOKYO PLAST ,B ,Q,52.20,66.00,52.20,59.00,60.00,64.20,120,8929,561966.00,
500420,TORRENT PHAR,A ,Q,2866.00,2889.15,2688.00,2704.20,2701.75,2873.60,2087,25436,71186674.00,
500422,TRANSCHEM   ,X ,Q,13.55,13.55,13.10,13.50,13.50,13.61,10,661,8763.00,
500425,AMBUJA CEME ,A ,Q,220.00,220.00,207.95,209.70,208.00,219.90,856,51467,10971581.00,
500426,UTLINDS     ,X ,Q,5.96,6.05,5.96,6.05,6.05,6.08,7,287,1710.00,
500429,UNIPHOS ENT.,B ,Q,67.70,67.70,65.05,65.05,66.60,66.75,73,2634,174838.00,
500439,VARD HOLDNG ,B ,Q,1320.00,1326.00,1291.00,1302.50,1310.00,1320.00,19,47,61180.00,
500440,HINDALCO    ,A ,Q,179.70,180.60,163.30,167.15,167.15,179.40,4895,679816,116280689.00,
500444,WEST COAS PA,B ,Q,180.05,182.00,172.60,173.85,173.40,180.95,203,3001,532092.00,
500449,HIND.ORG.CHM,B ,Q,14.27,14.27,13.30,13.39,13.39,13.84,205,65070,889639.00,
500450,MPIL CORP L ,X ,Q,220.00,220.00,220.00,220.00,220.00,220.00,1,25,5500.00,
500456,PAS.ACRYLON ,X ,Q,10.22,10.85,10.10,10.16,10.15,10.64,141,41298,431323.00,
500458,KORE        ,XT,Q,1.67,1.67,1.67,1.67,1.67,1.67,7,2005,3348.00,
500459,PROCTER &GAM,A ,Q,9927.00,9953.00,9760.00,9862.40,9868.05,9908.95,323,503,4945268.00,
500460,MUKAND LTD. ,B ,Q,51.50,51.50,46.60,46.70,46.70,49.05,286,71927,3614817.00,
500463,AGCNET      ,B ,Q,361.00,368.20,345.20,346.90,345.20,357.00,65,597,214199.00,
500464,UCAL FUEL   ,B ,Q,127.05,127.05,118.10,120.30,118.25,126.25,175,2098,258146.00,
500467,HARR.MALAYAL,B ,Q,96.00,96.00,91.15,91.50,91.50,94.15,96,5453,507762.00,
500469,FEDERAL BANK,A ,Q,51.90,52.00,49.50,49.75,49.75,51.90,12099,2285792,115772819.00,
500470,TATA STEEL  ,A ,Q,395.25,399.00,371.00,373.25,373.25,395.30,7916,503820,193049590.00,
500472,SKF INDIA   ,A ,Q,1550.00,1561.00,1504.70,1510.00,1534.95,1539.90,680,52246,78926184.00,
500477,ASHOK LEYL. ,A ,Q,80.00,80.90,73.70,74.50,74.50,79.70,14094,3081455,238905499.00,
500480,CUMMINS (I) ,A ,Q,485.00,485.00,462.00,467.75,466.45,481.40,959,17503,8247069.00,
500483,TATA COMM   ,B ,Q,843.00,863.00,811.35,815.55,815.55,854.05,2255,19373,15949267.00,
500488,ABBOTT (I)  ,A ,Q,16500.00,16678.00,15660.85,15891.45,15900.00,16512.90,1205,2333,37760612.00,
500490,BAJ HOLD INV,A ,Q,2560.00,2610.65,2489.05,2515.10,2520.00,2591.40,871,2629,6691445.00,
500493,BHARAT FORGE,A ,Q,480.55,483.40,451.50,454.90,454.30,479.25,2252,80847,37997643.00,
500495,ESCORTS LTD.,A ,Q,1237.50,1258.40,1199.75,1213.05,1211.25,1237.50,2607,49945,61342546.00,
500500,HIND.MOTORS ,B ,Q,5.75,5.75,5.50,5.53,5.54,5.70,41,14948,83926.00,
500510,LARSEN & TOU,A ,Q,900.20,904.30,874.55,881.90,881.90,900.20,11510,199708,177320816.00,
500520,MAH & MAH   ,A ,Q,658.00,666.35,615.50,622.35,622.35,654.45,12163,381860,246178249.00,
500530,BOSCH LTD   ,A ,Q,13040.00,13040.00,12783.70,12897.15,12800.05,13045.05,972,3803,49081613.00,
500540,PREMIER LTD ,T ,Q,3.57,3.57,3.57,3.57,3.57,3.75,1,400,1428.00,
500547,BHARAT PET. ,A ,Q,412.10,415.55,399.25,401.25,401.25,412.10,4732,202280,82458271.00,
500550,SIEMENS LTD.,A ,Q,1260.00,1260.00,1227.50,1243.25,1227.50,1256.55,937,9946,12420748.00,
500570,TATA MOTORS ,A ,Q,148.00,148.00,135.50,137.40,137.40,147.90,17680,3307721,467879728.00,
500575,VOLTAS LTD  ,A ,Q,678.00,689.45,661.25,670.60,665.00,679.05,1519,53779,36589325.00,
500620,GREAT EASTE ,A ,Q,250.00,257.80,244.05,245.00,244.50,249.50,501,6958,1751610.00,
500645,DEEPAK FERT.,A ,Q,164.50,164.90,154.90,155.60,155.60,164.80,2259,102463,16327899.00,
500650,EXCEL INDUST,B ,Q,994.00,994.00,891.05,907.55,907.55,957.85,2013,12895,12142986.00,
500655,GARWARE POLY,X ,Q,263.50,273.90,255.60,256.30,257.75,265.00,120,10716,2807993.00,
500660,GLAXOSMITH  ,A ,Q,1720.00,1765.00,1640.00,1694.45,1671.35,1698.95,1442,8056,13599761.00,
500670,GUJ.NARMADA ,A ,Q,225.05,232.00,207.75,209.40,209.40,223.35,4646,208136,46097796.00,
500672,NOVARTIS    ,B ,Q,655.00,661.00,630.00,631.90,631.90,654.95,390,10702,6902379.00,
500674,SANOFI      ,A ,Q,8526.15,8550.75,8407.05,8422.70,8407.05,8478.30,270,457,3867072.00,
500680,PFIZER LTD. ,A ,Q,4990.00,5089.50,4802.85,4858.35,4827.10,4986.05,992,3756,18549441.00,
500690,GUJ.ST.FERT ,A ,Q,59.65,61.50,58.00,58.20,58.20,60.50,865,81704,4850343.00,
500696,HIND UNI LT ,A ,Q,2099.00,2100.00,2022.95,2038.90,2038.90,2098.30,11075,159051,325540372.00,
500710,AKZOINDIA   ,A ,Q,2133.60,2140.95,2097.75,2102.00,2105.80,2152.15,192,679,1436210.00,
500730,NOCIL LTD   ,A ,Q,134.90,138.10,126.60,128.20,128.20,131.95,2305,198559,26468274.00,
500770,TATA CHEM.  ,A ,Q,288.05,295.00,285.05,286.65,286.65,290.55,15149,487606,141962559.00,
500777,T.P.L.      ,B ,Q,38.40,38.40,35.40,36.10,35.70,37.55,113,10562,389610.00,
500780,ZUARIGLOB   ,B ,Q,50.50,53.50,47.50,47.55,47.50,50.30,145,4875,250833.00,
500790,NESTLE (I)  ,A ,Q,16100.00,16100.00,15156.40,15418.90,15418.90,16098.90,5420,10864,169141446.00,
500800,TATACONSUM  ,A ,Q,542.80,542.80,502.60,507.95,507.95,540.15,4009,119153,62313442.00,
500820,ASIAN PAINTS,A ,Q,2040.00,2056.40,1963.45,1972.70,1972.70,2028.80,8012,98479,198076971.00,
500825,BRITANIA IND,A ,Q,3797.70,3798.00,3612.70,3629.35,3629.35,3797.05,2848,21210,78500784.00,
500830,COLGATE PALM,A ,Q,1372.95,1383.25,1353.00,1368.95,1368.95,1372.95,4760,114869,157054231.00,
500840,EIH LTD.    ,A ,Q,87.00,87.00,78.30,83.70,83.70,86.55,957,79744,6641522.00,
500850,INDIAN HOTEL,A ,Q,101.50,101.50,95.00,95.60,95.60,100.40,3859,165980,16200299.00,
500870,CASTROL     ,A ,Q,120.40,120.40,113.55,114.65,115.30,119.20,2767,128875,14980332.00,
500875,ITC LTD.    ,A ,Q,180.20,180.40,175.00,175.70,175.70,179.20,31706,2057685,364481340.00,
500877,APOLLO TYRES,A ,Q,132.00,133.10,123.00,124.35,124.35,130.70,7520,614737,79120084.00,
500878,CEAT LIMITED,A ,Q,970.00,970.00,906.50,913.00,911.80,957.90,529,9342,8782292.00,
500890,MODI RUBBER ,T ,Q,27.55,27.55,27.55,27.55,27.55,27.55,2,315,8678.00,
500940,FINOLEX IND.,A ,Q,540.00,552.55,512.05,515.80,518.00,542.45,473,6996,3681469.00,
501148,DALAL ST INV,XT,Q,235.00,235.00,230.30,230.30,230.30,235.00,8,29,6696.00,
501150,CENTRUM CAP ,A ,Q,16.00,17.05,14.70,15.20,15.10,16.45,257,35828,563436.00,
501295,INDUS.INV.TR,T ,Q,58.90,58.90,58.90,58.90,58.90,58.65,1,5,294.00,
501298,INDUS.&PRUD.,X ,Q,855.05,855.05,837.00,841.20,837.00,855.60,27,374,316247.00,
501301,TATA INVEST.,A ,Q,886.00,903.00,862.40,870.30,862.40,882.65,472,3030,2681430.00,
501314,PRISMX      ,X ,Q,13.63,13.63,13.63,13.63,13.63,13.90,3,17,231.00,
501370,WALCHAND PF ,X ,Q,58.05,58.05,58.00,58.00,58.00,60.70,7,1136,65905.00,
501391,W.H.BRADY   ,X ,Q,147.00,147.00,147.00,147.00,147.00,152.50,2,40,5880.00,
501421,TECHNVISN   ,XT,Q,114.95,114.95,114.95,114.95,114.95,121.00,2,20,2299.00,
501423,SHA ENG PLA ,X ,Q,627.00,634.00,606.70,608.40,606.70,638.60,155,3641,2234059.00,
501425,BOM.BURMAH  ,A ,Q,1400.00,1417.70,1343.55,1352.85,1360.00,1393.60,964,8174,11302747.00,
501430,BOM.CYCLE   ,X ,Q,724.90,724.90,631.00,632.90,631.00,700.00,16,90,58936.00,
501455,GREAVES COTT,A ,Q,77.40,78.20,74.35,75.10,74.60,78.20,1344,66107,5032542.00,
501700,INDIA NIVEH ,X ,Q,24.10,24.40,23.30,24.00,23.40,24.25,114,3359,81373.00,
501831,COAST CORP  ,X ,Q,197.00,197.00,190.40,191.20,190.40,196.70,44,1322,255372.00,
501833,CHOWGULE ST ,XT,Q,4.39,4.39,4.38,4.38,4.38,4.61,2,500,2191.00,
501848,GLOBAL OFFS ,T ,Q,5.90,6.19,5.61,6.19,6.19,5.90,18,3140,18293.00,
502015,ASIIL       ,X ,Q,13.30,13.55,12.75,13.04,12.75,13.34,43,27327,358844.00,
502090,SAGAR CEM.  ,B ,Q,519.80,524.00,495.80,500.60,500.00,524.95,261,2453,1251083.00,
502137,DECAN CEMENT,B ,Q,292.95,294.30,268.90,272.80,277.75,292.90,358,4572,1269300.00,
502157,MANGALAM CEM,B ,Q,189.35,190.20,172.00,181.70,181.70,187.10,267,8809,1621629.00,
502168,N C L IND.  ,B ,Q,113.10,113.10,104.00,104.30,104.00,112.80,956,29479,3126297.00,
502175,SAURAS.CEM. ,X ,Q,41.50,42.40,40.00,40.30,40.00,42.00,58,9720,395942.00,
502180,SRI DIGV CEM,B ,Q,50.05,50.85,46.55,47.20,47.20,50.30,781,87579,4276533.00,
502219,BORORENEW   ,B ,Q,74.55,75.00,72.40,72.70,72.55,74.30,280,19487,1434778.00,
502281,TRIVENI GLAS,XT,Q,9.00,9.00,8.40,8.40,8.40,8.84,29,20782,175412.00,
502330,ANDPAPER    ,B ,Q,206.00,207.00,198.00,199.50,198.65,206.05,181,3137,634757.00,
502355,BALKRISH IND,A ,Q,1395.70,1431.80,1303.45,1324.90,1303.45,1395.70,6997,83919,115941906.00,
502420,ORIENT PAPER,B ,Q,17.30,17.30,16.40,16.65,16.70,17.45,133,17103,287989.00,
502445,CITADEL     ,X ,Q,11.15,11.15,11.15,11.15,11.15,11.66,1,1,11.00,
502448,ROLLATAINER ,T ,Q,3.24,3.40,3.24,3.25,3.40,3.41,3,106,344.00,
502450,SESHA.PAPER ,B ,Q,143.45,143.85,138.00,138.40,138.50,143.00,239,3302,464046.00,
502587,NATHIND     ,X ,Q,76.70,76.70,68.00,69.50,69.50,70.60,41,2933,205854.00,
502589,VAPI PAPER  ,XT,Q,35.55,35.55,35.55,35.55,35.55,37.40,1,1,35.00,
502742,SINTEX IND. ,B ,Q,2.21,2.25,2.14,2.14,2.14,2.25,531,639046,1388078.00,
502761,BLUE BLEND  ,Z ,Q,1.02,1.02,1.02,1.02,1.02,1.02,1,258,263.00,
502820,DCM LTD.    ,B ,Q,20.25,20.25,19.80,19.80,19.80,20.40,11,823,16487.00,
502865,FORBES & CO ,B ,Q,1535.00,1535.00,1450.90,1450.90,1450.90,1527.25,129,1531,2256430.00,
502873,H.P.COTTON  ,X ,Q,24.45,24.45,22.15,22.15,22.15,23.30,15,2159,51224.00,
502901,JAMSHRI     ,X ,Q,2150.00,2150.00,2150.00,2150.00,2150.00,2222.00,1,1,2150.00,
502933,KATARE SPG. ,X ,Q,9.34,9.34,9.34,9.34,9.34,8.90,1,100,934.00,
502937,KESORAM IND ,B ,Q,39.75,39.80,37.00,37.60,38.15,39.20,129,9451,359813.00,
502958,LAKSHMI MILL,X ,Q,1601.05,1601.05,1562.00,1565.35,1566.40,1610.05,14,43,67951.00,
502986,VARDH TEXT  ,A ,Q,777.80,785.20,754.85,756.55,754.85,785.40,77,287,220376.00,
503015,MODERN INDIA,X ,Q,38.95,42.50,38.95,38.95,38.95,40.95,9,56,2198.00,
503031,PENLAND LTD ,B ,Q,4.55,4.56,4.35,4.35,4.35,4.57,39,26440,116914.00,
503100,PHOENIX MILL,A ,Q,643.00,643.00,579.95,595.80,593.40,641.35,1404,14122,8531928.00,
503101,MARATHON NEX,B ,Q,55.95,57.00,54.00,54.70,55.90,56.00,67,1746,96696.00,
503162,REL.CHEMOTX ,X ,Q,70.00,70.90,66.10,66.30,67.00,67.50,35,2565,175093.00,
503169,RUBY MILLS  ,B ,Q,171.00,171.00,170.00,170.00,170.00,173.00,11,70,11920.00,
503310,SWAN ENG    ,A ,Q,113.65,116.75,108.20,114.75,115.80,116.10,1961,106353,12178973.00,
503349,VICTORIA MIL,X ,Q,1894.00,1894.00,1826.05,1826.05,1826.05,1898.95,3,3,5614.00,
503624,SVARAJ TRAD ,XT,Q,8.49,8.49,8.49,8.49,8.49,8.50,1,750,6367.00,
503641,ZODIAC VEN  ,XT,Q,8.36,9.24,8.36,8.36,8.36,8.80,15,1286,10804.00,
503657,VEER ENERGY ,X ,Q,6.75,7.10,6.75,7.00,7.00,7.12,33,2167,15056.00,
503663,TILAK       ,X ,Q,1.40,1.54,1.40,1.54,1.54,1.47,9,710,1045.00,
503691,SAHARA ONE  ,X ,Q,14.70,14.70,14.70,14.70,14.70,14.00,1,20,294.00,
503722,BANSW.SYNTEX,B ,Q,72.00,72.00,71.30,71.30,71.30,71.35,154,1585,114046.00,
503804,SHRI DINESH ,X ,Q,120.30,120.30,118.40,118.45,118.40,124.00,6,250,30029.00,
503806,SRF LIMITED ,A ,Q,4334.50,4348.90,4135.50,4157.80,4157.80,4316.25,1276,5217,22184088.00,
503811,SIYARAM SILK,B ,Q,138.35,146.15,137.50,137.90,138.35,144.70,305,5620,789505.00,
503816,SWAD.POLYTEX,XT,Q,5.75,5.85,5.75,5.85,5.85,5.85,8,380,2212.00,
503831,FOMENTO HOTE,X ,Q,138.00,139.95,138.00,139.95,139.95,138.00,4,38,5257.00,
503960,BHARAT BIJLE,B ,Q,770.75,773.00,740.00,744.45,740.95,779.15,305,1049,793705.00,
504000,ELPRO INTER ,X ,Q,40.80,40.80,38.25,38.45,38.25,40.00,25,3353,131937.00,
504008,EMCO LTD.   ,Z ,Q,1.43,1.43,1.43,1.43,1.43,1.50,3,175,250.00,
504028,GEE LTD     ,X ,Q,25.15,27.15,25.15,27.15,27.15,27.00,14,2645,70466.00,
504036,HIND.RECT   ,B ,Q,129.10,132.00,124.70,124.80,124.70,128.00,101,1307,165627.00,
504058,NIPPOBATRY  ,B ,Q,581.00,581.00,556.20,557.90,558.00,592.50,26,150,86093.00,
504067,ZENSAR TECH.,A ,Q,187.50,194.70,182.60,186.10,186.10,186.20,581,19335,3691779.00,
504084,KAYCEE IND  ,X ,Q,2745.00,2950.00,2738.50,2800.00,2800.00,2880.00,7,8,22378.00,
504092,INDOKEM LTD.,X ,Q,10.83,11.92,10.83,11.75,11.75,11.36,21,6392,74979.00,
504093,PANA ENERG  ,X ,Q,184.00,192.00,168.10,187.10,187.10,175.25,295,13062,2430183.00,
504112,NELCO LTD.  ,B ,Q,212.00,213.55,197.30,198.45,198.45,208.60,913,10325,2148526.00,
504132,PERM MAGNETS,X ,Q,129.55,129.55,118.00,120.95,118.00,129.55,238,8281,1033486.00,
504176,HIGH ENERGY ,X ,Q,410.70,412.05,385.00,389.40,400.50,420.15,30,1057,421685.00,
504180,STD.BATTERY ,X ,Q,5.30,5.30,5.30,5.30,5.30,5.37,8,4186,22185.00,
504212,UNIV.CABLE  ,B ,Q,140.00,144.60,132.00,135.30,134.00,144.75,552,14844,2050819.00,
504220,W.S.INDUSTR.,T ,Q,4.63,4.63,4.27,4.33,4.33,4.41,70,37645,171013.00,
504240,DELTON CABLE,X ,Q,33.55,36.85,33.40,33.80,33.40,35.15,32,2431,84339.00,
504258,LAKSHMI ELEC,X ,Q,266.00,266.00,254.00,256.15,256.15,272.45,40,1016,265168.00,
504273,MODULEX     ,X ,Q,9.10,9.10,8.51,9.10,9.10,8.67,63,17142,154040.00,
504286,DELTAMAGNT  ,B ,Q,19.10,19.95,18.70,19.40,19.80,19.65,9,263,5119.00,
504335,PAZEL       ,X ,Q,0.35,0.35,0.34,0.34,0.34,0.35,12,3550,1207.00,
504340,CONFINT     ,X ,Q,1.50,1.50,1.50,1.50,1.50,1.48,1,10,15.00,
504341,RELTD       ,X ,Q,25.15,26.30,25.15,25.55,25.50,25.05,9,541,13740.00,
504351,EMPOWER     ,X ,Q,0.15,0.15,0.15,0.15,0.15,0.15,31,17520,2628.00,
504378,NYSSACORP   ,XT,Q,0.51,0.51,0.51,0.51,0.51,0.53,11,5458,2783.00,
504380,VINADITYA TR,XT,Q,0.86,0.86,0.86,0.86,0.86,0.85,3,10100,8686.00,
504392,KRISHNA VEN ,XT,Q,13.74,13.74,13.74,13.74,13.74,14.46,1,25,343.00,
504398,SJ CORP LTD ,X ,Q,12.30,12.30,12.30,12.30,12.30,12.30,1,50,615.00,
504605,UNI ABEX    ,X ,Q,362.00,362.00,358.00,358.00,358.00,356.00,9,224,80916.00,
504614,SARDA ENMIN ,B ,Q,245.15,245.15,218.00,222.70,219.55,241.95,727,15242,3485010.00,
504646,BHAGWATI AUT,X ,Q,100.35,100.35,100.35,100.35,100.35,103.25,1,50,5017.00,
504697,GALADA TELE.,XT,Q,1.30,1.30,1.30,1.30,1.30,1.36,5,5110,6643.00,
504741,IND.HUME PIP,B ,Q,179.55,179.55,170.00,170.95,172.50,180.00,367,8433,1469752.00,
504786,INVEST &PREC,X ,Q,155.05,155.25,152.15,154.80,152.15,162.35,18,1314,203689.00,
504840,KAIRA CAN CO,X ,Q,1214.25,1280.00,1214.25,1221.05,1221.05,1278.15,39,143,174934.00,
504879,ORIENT ABRAS,B ,Q,22.05,24.30,22.05,22.75,22.75,21.65,956,140069,3286314.00,
504882,NATIONAL STD,XT,Q,380.95,380.95,380.95,380.95,380.95,362.85,1,1,380.00,
504908,DUNCANENG   ,X ,Q,90.15,102.75,90.10,102.75,102.75,95.00,16,849,80214.00,
504918,SANDUR MANG.,X ,Q,685.00,700.00,677.25,681.45,677.25,708.85,146,5336,3664550.00,
504959,STOVAC IND. ,X ,Q,1959.00,1959.00,1870.00,1874.00,1874.00,1919.65,50,178,335164.00,
504961,TATA YODOGAW,X ,Q,28.70,29.45,28.50,28.75,28.75,29.00,50,6660,190336.00,
504966,TINPLATE    ,B ,Q,133.20,134.25,127.45,128.10,128.15,133.20,819,27054,3522634.00,
504973,CHOLAHLDNG  ,A ,Q,426.15,428.75,404.30,406.80,407.65,431.70,523,3673,1538232.00,
504988,WELCAST     ,X ,Q,362.00,362.00,340.00,340.00,340.00,346.50,4,94,32452.00,
505010,AUTO AXLES  ,B ,Q,778.00,791.00,733.05,744.10,755.40,768.25,291,1613,1225014.00,
505029,ATLAS CYCLES,T ,Q,44.25,44.25,44.00,44.05,44.00,45.50,9,700,30845.00,
505036,AUTO COR.GOA,X ,Q,325.00,333.00,318.50,319.55,320.00,325.65,28,339,109500.00,
505075,SETCO AUTO  ,T ,Q,10.80,11.00,10.45,10.50,10.50,11.00,28,12111,127433.00,
505141,SCOOTERS IND,T ,Q,39.00,39.00,37.05,37.05,37.05,39.00,40,3060,114258.00,
505160,TALBROS AUTO,B ,Q,109.25,113.80,104.00,107.45,107.75,112.30,162,3885,418986.00,
505163,ZF STEERING ,X ,Q,337.00,337.00,312.00,314.85,314.85,341.40,93,2278,743002.00,
505192,SMLISUZU    ,B ,Q,420.00,423.55,399.00,401.10,401.10,419.75,417,2590,1051808.00,
505196,TIL LTD.    ,B ,Q,150.00,150.00,144.10,145.30,145.30,154.95,48,801,117010.00,
505200,EICHER MOTOR,A ,Q,2156.50,2157.55,2089.00,2100.05,2100.05,2152.85,4044,36239,77042508.00,
505216,ALFRED HERB ,X ,Q,550.60,555.00,547.00,549.50,547.00,575.75,12,210,115500.00,
505230,CIMMCO      ,B ,Q,19.25,20.75,19.25,19.80,19.80,20.20,19,1315,26764.00,
505232,VELJAN      ,X ,Q,825.00,825.00,801.10,801.10,801.10,825.00,30,181,145653.00,
505242,DYNAMAT.TECH,B ,Q,727.45,729.05,699.20,700.85,699.20,735.85,252,1378,981493.00,
505250,G.G.DANDEKAR,X ,Q,43.25,43.25,41.10,41.10,41.10,43.25,9,1455,60053.00,
505255,GMM PFAUDLER,B ,Q,5299.00,5350.00,4994.05,5241.10,5241.10,5351.85,2919,9750,49977863.00,
505283,KIRLOSAR PN ,X ,Q,112.55,115.70,109.00,109.90,109.90,112.75,157,17966,2020653.00,
505299,KPT         ,X ,Q,68.80,71.65,65.60,67.00,67.00,68.85,26,852,57523.00,
505302,LAXMI AUTOLM,X ,Q,33.50,33.50,31.50,33.25,33.25,31.95,8,300,9733.00,
505324,MANUGRAPH IN,B ,Q,8.92,9.55,8.92,9.29,9.40,9.31,3,300,2787.00,
505355,NESCO LTD   ,A ,Q,591.00,609.00,557.00,563.30,560.00,596.25,1995,27807,16296214.00,
505358,INTEGRA ENG ,X ,Q,23.55,25.50,23.55,23.85,23.80,24.75,61,8780,212080.00,
505368,REVATHI EQU.,B ,Q,450.00,450.00,435.00,439.85,435.00,458.00,13,53,23414.00,
505400,TEXINFRA    ,B ,Q,37.60,37.60,35.00,35.35,35.00,37.55,44,828,30233.00,
505412,WENDT(INDIA),B ,Q,3359.85,3450.00,3300.00,3315.65,3300.00,3358.05,26,43,145584.00,
505509,RESPON IND  ,A ,Q,95.50,98.10,94.40,96.05,96.20,96.15,129,3667,354467.00,
505515,SHYAMKAM INV,XT,Q,9.45,9.50,9.45,9.50,9.50,9.50,3,3,28.00,
505523,MAHA CORP   ,XT,Q,0.26,0.27,0.26,0.26,0.26,0.26,50,42188,11156.00,
505526,DOLAT INV.  ,B ,Q,52.65,52.95,49.00,49.90,50.75,52.30,390,31302,1591894.00,
505533,WESTLIFE DEV,A ,Q,392.00,397.30,361.75,370.00,370.00,394.25,1372,15184,5885690.00,
505537,ZEE ENTER   ,A ,Q,222.00,224.80,204.45,210.55,210.55,220.10,7443,635355,136988293.00,
505576,GOLDCORP    ,X ,Q,68.00,68.00,68.00,68.00,68.00,68.00,1,100,6800.00,
505590,SVPGLOB     ,X ,Q,430.00,430.00,415.00,416.50,416.50,426.95,13,87,36525.00,
505681,BIMETAL BEAR,X ,Q,279.75,281.00,268.00,272.95,268.00,281.50,17,281,77051.00,
505688,BHARAT GEARS,B ,Q,48.95,48.95,48.00,48.10,48.10,50.00,35,626,30390.00,
505690,BRADY MORRIS,X ,Q,84.40,84.40,80.05,83.75,83.75,80.40,43,3057,255942.00,
505700,ELECON ENG  ,B ,Q,28.80,28.90,26.00,26.20,26.45,28.85,378,31285,853566.00,
505710,GRAUER& WEIL,X ,Q,39.80,40.35,35.50,36.20,36.50,39.45,965,267637,9964957.00,
505711,GAJRA BEVEL ,XT,Q,0.82,0.86,0.82,0.86,0.86,0.82,15,64182,55152.00,
505712,HIMTEK      ,X ,Q,54.00,54.00,51.55,51.55,51.55,52.05,8,380,20306.00,
505714,GABRIEL(I)  ,B ,Q,106.40,112.00,104.00,105.60,105.90,111.45,1070,22008,2357058.00,
505720,HERC.HOISTS ,B ,Q,92.70,103.05,92.70,96.65,95.55,93.40,4206,129745,12903949.00,
505726,IFB IND.LTD.,A ,Q,632.35,645.00,576.45,581.50,577.90,632.20,866,8258,4974533.00,
505729,SINGER INDIA,X ,Q,30.45,31.90,29.10,29.75,29.75,30.05,1091,456071,14134657.00,
505737,INTER.COMBUS,XT,Q,136.30,149.45,136.20,138.85,138.85,142.90,13,399,55950.00,
505744,FED MOG GOE ,B ,Q,375.00,375.00,361.00,369.25,370.45,378.00,30,144,52937.00,
505750,JOSTS ENG.  ,X ,Q,562.00,562.00,562.00,562.00,562.00,542.50,2,2,1124.00,
505790,SCHAEFFLER  ,A ,Q,3913.00,3929.55,3750.00,3790.15,3781.00,3843.45,76,137,528009.00,
505800,RANE HOLDIN ,B ,Q,489.00,490.25,465.20,468.70,470.40,489.45,248,1536,733882.00,
505827,SNL BEARINGS,X ,Q,132.95,139.65,128.00,128.10,128.10,134.70,18,1383,180331.00,
505840,JAIPAN INDUS,X ,Q,5.90,6.05,5.90,6.05,6.05,6.20,4,800,4825.00,
505850,MANCREDIT   ,X ,Q,45.25,45.25,44.00,44.85,44.85,44.35,27,6186,276960.00,
505854,TRF LTD.    ,B ,Q,84.75,85.00,82.65,82.65,82.65,87.00,29,2511,210365.00,
505872,WPIL LTD.   ,X ,Q,450.00,451.50,429.50,430.25,432.00,439.55,350,10166,4495778.00,
505890,KENNAMETAL  ,B ,Q,786.20,817.00,758.90,763.70,761.60,781.85,243,1217,966525.00,
505978,TRITON VALVE,X ,Q,735.00,794.95,730.00,742.30,743.90,758.05,50,444,328627.00,
506022,PRAKASH IND.,B ,Q,42.30,42.30,39.60,39.90,39.90,42.50,607,42943,1756862.00,
506074,ARSHIYA     ,B ,Q,12.89,12.89,12.14,12.73,12.51,12.28,87,22227,285689.00,
506076,GRIND NORTON,A ,Q,549.75,549.75,531.40,532.45,531.40,547.70,277,1255,679705.00,
506105,STANROSE MAF,X ,Q,83.50,83.50,77.25,79.00,79.00,81.30,37,769,59493.00,
506109,GENESYS INT.,T ,Q,60.00,60.00,56.80,56.80,56.80,59.00,3,76,4400.00,
506122,PANKAJPIYUS ,XT,Q,39.00,39.00,37.25,37.25,37.25,39.20,12,782,29184.00,
506128,PARNAXLAB   ,X ,Q,16.60,18.00,16.30,16.50,16.30,17.15,30,7337,127143.00,
506146,VISAGAR POL ,T ,Q,0.37,0.38,0.36,0.36,0.36,0.37,42,148074,55670.00,
506186,GCKL        ,X ,Q,12.75,14.00,12.75,13.60,13.85,13.35,32,8985,123161.00,
506197,BLISSGVS PH ,A ,Q,154.75,155.00,152.85,153.85,153.85,153.35,1939,136333,20998226.00,
506222,INEOSSTYRO  ,B ,Q,520.55,525.25,505.00,505.50,511.45,522.35,111,496,253698.00,
506235,ALEMBIC LTD.,B ,Q,120.00,120.50,107.00,109.00,109.00,117.90,1727,120195,13772599.00,
506248,AMINES&PLAST,X ,Q,55.50,57.35,53.00,53.05,54.90,55.75,129,11224,605677.00,
506260,ANUH PHARMA ,X ,Q,213.95,216.60,197.05,205.10,205.10,206.30,3068,195503,41622346.00,
506261,MODISON MET.,X ,Q,36.65,36.65,33.55,35.00,35.35,35.30,77,19912,698531.00,
506285,BAYER CROP  ,A ,Q,6368.75,6550.00,6021.00,6132.55,6132.55,6368.75,1969,5038,31715024.00,
506365,CHEMO PHARMA,XT,Q,16.31,16.31,16.31,16.31,16.31,15.54,4,65,1060.00,
506390,CLARI CHEM  ,B ,Q,356.30,357.10,345.00,345.90,345.90,354.35,220,1925,675209.00,
506395,COROM INTER ,A ,Q,816.95,819.00,790.00,799.45,799.45,810.55,2055,28674,22952451.00,
506401,DEEPAK NITR.,A ,Q,857.00,867.50,805.50,813.05,813.05,841.55,4621,79367,66400896.00,
506405,DHARAMSI CHM,XT,Q,161.50,163.90,156.30,157.90,157.75,162.25,77,4762,758965.00,
506414,FERMENTA    ,X ,Q,380.05,385.00,358.00,362.35,362.35,377.00,1503,72669,26806935.00,
506480,GOCLCORP    ,B ,Q,187.25,213.15,187.05,203.45,197.00,186.35,893,18508,3759526.00,
506520,JAYSHRI CHEM,X ,Q,4.40,4.70,4.28,4.32,4.30,4.50,27,8834,39086.00,
506522,JL MORISON  ,X ,Q,1847.70,1900.00,1847.70,1860.00,1860.00,1767.00,24,313,579314.00,
506525,KANORIA CHEM,B ,Q,39.90,43.85,38.10,39.85,39.20,36.55,958,63765,2670582.00,
506528,KELTECH EN. ,X ,Q,579.00,579.00,529.00,534.70,535.00,548.35,45,814,435043.00,
506532,NITTA GELA  ,X ,Q,158.00,163.00,153.00,156.90,155.05,161.00,35,2023,321225.00,
506579,ORIENT.CARB.,B ,Q,784.85,784.90,739.00,748.15,739.00,782.75,322,2433,1845104.00,
506590,PHIL.CARBON ,A ,Q,128.45,130.55,122.00,122.90,122.90,126.40,1410,78558,9948602.00,
506597,AMAL PRODUCT,X ,Q,180.20,186.00,175.00,177.90,176.05,181.20,264,15004,2712996.00,
506605,POLYCHEM    ,X ,Q,451.55,451.55,451.00,451.50,451.50,451.00,7,227,102478.00,
506618,PUN.CHEM    ,B ,Q,615.75,635.20,615.75,623.20,623.20,624.85,75,2316,1446189.00,
506640,GUJCHEM DIST,XT,Q,104.50,115.40,104.50,115.40,115.40,109.95,6,177,19587.00,
506642,SADHANA NITR,X ,Q,29.90,29.90,25.50,26.10,26.70,27.20,1031,207840,5922258.00,
506655,SUDARSH.CHEM,A ,Q,526.00,537.30,480.00,489.80,489.80,523.60,4403,85939,44086579.00,
506685,ULTRAMARINE ,X ,Q,265.00,269.90,251.00,253.10,253.10,264.65,528,39685,10404027.00,
506687,TRANSPEK    ,X ,Q,1870.00,1954.00,1766.50,1790.15,1790.15,1860.00,1187,41484,77229486.00,
506690,UNICHEM LAB ,B ,Q,262.90,262.90,248.25,251.40,254.20,258.45,704,15572,4026869.00,
506734,MYS PETRO   ,X ,Q,53.00,53.50,49.00,50.30,49.00,52.90,31,1620,83146.00,
506767,ALKYL AMINES,B ,Q,3305.00,3357.85,3097.00,3197.50,3197.50,3340.30,2651,9122,29482076.00,
506808,TUTICORIN.  ,XT,Q,7.90,7.96,7.50,7.96,7.96,7.89,16,1379,10380.00,
506820,ASTRAZEN.PH.,A ,Q,4400.00,4535.75,4300.00,4407.50,4407.50,4299.25,4524,20059,89069101.00,
506852,PUN.ALKALI  ,X ,Q,59.25,59.25,52.95,54.05,54.05,58.80,548,740914,39786531.00,
506854,TANFAC IND. ,X ,Q,180.00,203.60,180.00,182.05,182.05,174.95,1486,68575,13174066.00,
506863,SWADESHI IND,X ,Q,0.35,0.35,0.35,0.35,0.35,0.36,1,1,0.00,
506879,GUJ.THEMIS. ,X ,Q,217.30,219.60,200.00,205.50,205.50,217.30,421,22658,4814074.00,
506910,JAYSN DYEST ,X ,Q,41.85,41.85,38.10,38.25,40.00,40.10,9,583,22968.00,
506919,MAKERS LAB. ,XT,Q,90.60,91.00,84.55,84.55,84.55,89.00,38,3332,288324.00,
506943,J.B.CHEMICAL,A ,Q,1136.00,1150.00,1046.50,1079.35,1078.00,1129.55,7684,82823,91603666.00,
506981,BL.CHIP TEX ,X ,Q,83.00,93.70,83.00,87.65,90.00,90.70,29,749,64463.00,
507155,JAGATJIT IND,XT,Q,37.85,37.85,36.05,36.05,36.05,37.90,3,375,13563.00,
507180,KESAR ENT.  ,X ,Q,39.55,39.65,39.00,39.00,39.00,39.35,6,102,3997.00,
507205,TILAKNAG IND,B ,Q,16.95,17.40,16.60,16.95,17.15,17.20,37,3918,66608.00,
507265,EMERALL     ,XT,Q,94.50,94.50,94.50,94.50,94.50,99.20,1,90,8505.00,
507300,RAVALGAON   ,XT,Q,1801.00,1801.00,1801.00,1801.00,1801.00,1840.00,2,5,9005.00,
507315,SAKTHI SUGAR,B ,Q,8.31,8.62,8.25,8.25,8.25,8.43,23,4504,37269.00,
507410,WALCHANDNGR ,B ,Q,53.35,53.35,50.70,50.70,50.70,53.35,107,5307,273413.00,
507435,KHOD.INDIA  ,XT,Q,63.00,65.95,60.00,65.95,65.95,63.00,8,241,14759.00,
507438,IFB AGRO    ,B ,Q,360.15,360.15,321.45,329.55,328.85,344.70,98,352,121073.00,
507442,DHARANI SUG ,B ,Q,4.74,4.74,4.70,4.70,4.70,4.52,6,1275,6023.00,
507474,KOTHARI FERM,X ,Q,46.45,47.80,45.15,46.90,46.90,46.45,36,5182,240925.00,
507488,G.M.BREWERI ,B ,Q,400.05,401.60,386.00,388.85,386.00,395.80,414,3982,1564089.00,
507490,RANA SUGARS ,T ,Q,6.26,6.64,6.25,6.36,6.30,6.41,84,40176,257824.00,
507498,PICCADILY SU,X ,Q,4.45,4.45,4.25,4.25,4.25,4.45,12,2468,10514.00,
507508,RIGA SUGAR  ,XT,Q,4.33,4.34,3.94,4.30,4.30,4.14,25,17959,72201.00,
507514,SOM DISTILL.,B ,Q,54.40,54.65,51.75,51.80,51.75,54.45,216,9309,490246.00,
507525,AMRIT CORP  ,X ,Q,765.00,767.00,765.00,766.55,766.00,765.00,3,34,26041.00,
507526,ASSO.ALCOHOL,B ,Q,271.90,278.40,253.05,257.00,258.00,268.40,1507,31018,8309318.00,
507552,FOODS & INNS,X ,Q,50.10,51.60,47.50,48.90,48.90,49.85,300,35181,1727514.00,
507580,IVP LIMITED ,B ,Q,43.30,43.40,43.10,43.10,43.10,45.05,24,260,11252.00,
507598,KLRFM       ,X ,Q,40.00,40.90,39.00,40.00,40.00,40.05,20,1381,55705.00,
507621,MILKFOOD    ,X ,Q,386.00,403.95,385.00,387.00,387.00,395.00,33,499,194071.00,
507645,POLSON LTD. ,X ,Q,8613.00,8800.00,8500.00,8535.40,8650.00,8611.70,18,18,155342.00,
507685,WIPRO LTD.  ,A ,Q,316.45,324.55,310.05,311.95,311.95,316.50,16023,800163,254908720.00,
507690,ORIENT BEVER,X ,Q,61.70,61.70,55.85,56.30,56.30,61.70,28,468,27522.00,
507717,DHAN AGRI   ,B ,Q,828.00,838.40,772.05,787.65,788.95,824.65,845,9862,7991321.00,
507747,TTK HEALTHCA,B ,Q,481.40,483.00,445.00,449.95,448.00,482.85,128,1466,669783.00,
507753,TGVSL       ,X ,Q,23.45,23.75,22.00,22.30,22.30,23.40,503,97213,2229304.00,
507759,LIME CHEM.  ,XT,Q,16.00,16.00,15.55,15.55,15.55,16.35,5,327,5104.00,
507779,KANPUR PLAST,X ,Q,93.00,95.25,91.50,92.00,91.55,93.10,83,10508,973171.00,
507785,TAINWALA CH.,B ,Q,49.35,49.40,46.40,46.40,46.40,47.75,128,752,35774.00,
507789,JAGSON PHAR ,B ,Q,42.20,43.00,37.60,37.70,38.00,41.75,310,21316,844913.00,
507794,KHAITAN CHEM,X ,Q,19.40,19.45,17.75,17.95,18.00,18.55,371,170853,3249689.00,
507813,NATI. OXYGEN,XT,Q,43.80,45.70,43.00,44.70,45.70,43.55,16,609,27225.00,
507815,GILLETTE (I),A ,Q,5600.00,5600.00,5500.00,5526.00,5516.50,5554.65,117,396,2193095.00,
507817,WIRES FABRIK,X ,Q,46.75,46.75,46.75,46.75,46.75,49.00,1,50,2337.00,
507828,ANSALHSG    ,B ,Q,4.16,4.16,4.03,4.03,4.03,4.24,23,6996,28378.00,
507836,MAC CHARLES ,X ,Q,260.00,260.00,240.00,248.10,240.00,265.70,7,100,24809.00,
507864,PION INVEST ,X ,Q,36.00,36.55,35.10,35.80,35.90,34.60,29,7200,260777.00,
507872,ASHNOOR TEX.,XT,Q,12.80,14.10,12.80,12.80,12.80,13.47,4,318,4083.00,
507878,UNITECH LTD ,Z ,Q,1.55,1.58,1.48,1.49,1.49,1.55,747,1289823,1947072.00,
507880,VIP INDUS.  ,A ,Q,328.00,332.50,304.10,310.30,311.00,327.85,1750,53484,16869986.00,
507910,FIBERWB IN  ,X ,Q,31.50,31.90,30.00,30.10,30.10,31.40,335,40348,1243730.00,
507912,LKP FIN     ,X ,Q,59.95,65.00,49.00,58.10,56.75,57.65,32,788,46894.00,
507944,BAJAJ STEEL ,X ,Q,178.70,186.30,171.10,184.25,184.25,169.40,663,28948,5293853.00,
507960,GUJ.HOTELS  ,X ,Q,87.80,92.90,84.00,85.70,85.70,87.80,22,1693,145170.00,
507966,RAS RESORTS ,X ,Q,25.65,27.00,25.65,27.00,27.00,26.95,2,26,668.00,
507970,PARA. COSMET,XT,Q,15.00,16.40,14.95,14.95,14.95,15.70,6,748,11199.00,
507981,JINDAL HOTL ,XT,Q,24.00,24.05,22.40,22.50,22.50,23.55,47,560,12979.00,
507998,SIMMONDS-MAR,X ,Q,46.50,48.95,46.50,46.55,46.50,46.50,37,8057,379724.00,
508136,BNALTD      ,X ,Q,160.05,165.10,160.05,165.00,165.00,165.00,6,151,24878.00,
508486,HAWKINS COOK,B ,Q,5489.95,5499.95,5180.00,5231.45,5231.45,5435.05,446,1553,8352044.00,
508494,WARREN TEA  ,X ,Q,48.40,48.40,48.35,48.35,48.35,48.40,2,51,2465.00,
508664,BEST E.HOTEL,XT,Q,13.25,13.25,12.05,13.25,13.25,12.65,4,513,6785.00,
508807,IST LTD.    ,X ,Q,350.00,362.45,333.05,358.60,362.45,345.20,90,2459,879789.00,
508814,COSMO FILMS ,B ,Q,421.90,427.00,395.00,400.25,399.80,419.00,669,8701,3599803.00,
508869,APOLLO HOSP.,A ,Q,1828.00,1899.35,1812.00,1830.95,1825.00,1828.75,6270,80364,149250077.00,
508906,EVEREST INDS,B ,Q,217.00,217.75,203.60,206.50,206.85,217.25,515,7046,1476338.00,
508922,MSR INDIA   ,XT,Q,12.80,13.20,12.16,12.30,13.16,12.80,45,5531,68695.00,
508933,AYMSYNTEX   ,B ,Q,25.80,26.05,25.45,25.50,25.70,25.65,13,797,20504.00,
508941,PANASON CAR ,X ,Q,410.00,410.00,392.05,397.75,395.00,407.80,96,2976,1192848.00,
508954,FINKURVE    ,X ,Q,46.00,48.30,43.70,48.30,48.30,46.00,57,2919,137099.00,
508963,STERL.GUARA.,XT,Q,5.30,5.40,5.30,5.40,5.40,5.25,3,3,16.00,
508969,SULABH ENG. ,X ,Q,1.00,1.05,1.00,1.05,1.05,1.00,12,31631,33077.00,
508989,NAVNETEDUL  ,B ,Q,84.50,84.50,80.00,80.70,80.50,81.95,294,9073,738487.00,
509009,AUSOM ENT   ,B ,Q,43.05,44.00,41.90,41.90,41.90,43.00,30,1072,45643.00,
509020,RUCHI INFRA.,T ,Q,8.84,8.84,8.05,8.83,8.83,8.42,170,52025,455536.00,
509048,LANCOR HOLDS,XT,Q,4.36,4.39,3.99,3.99,3.99,4.19,21,15167,62021.00,
509051,INDIAN INFO.,X ,Q,0.21,0.21,0.20,0.20,0.20,0.20,163,2044059,417398.00,
509053,BANAS FIN.  ,X ,Q,3.45,3.45,3.45,3.45,3.45,3.39,3,311,1072.00,
509055,VISAKA IND. ,B ,Q,335.90,335.90,307.85,309.40,315.00,327.55,526,6338,1997095.00,
509073,HATHWAY BHAW,XT,Q,18.20,18.20,18.20,18.20,18.20,17.85,36,8454,153862.00,
509077,PRESSMN     ,B ,Q,18.00,18.60,17.40,17.40,17.40,18.10,42,3634,65079.00,
509079,GUFIC BIO SC,B ,Q,83.05,85.45,78.30,79.15,79.40,82.55,419,27725,2249313.00,
509148,GOVIND RUBB.,Z ,Q,3.04,3.04,3.04,3.04,3.04,3.04,2,201,611.00,
509152,GRPLTD      ,B ,Q,724.60,724.60,698.65,705.10,700.00,705.75,15,105,73912.00,
509162,INDAG RUBBER,X ,Q,68.50,71.45,66.10,70.45,71.25,67.05,117,9945,696598.00,
509196,M.M.RUBBER  ,X ,Q,29.90,32.00,29.85,32.00,32.00,31.40,9,1077,32391.00,
509220,PTL LTD     ,B ,Q,43.40,44.30,42.00,42.45,42.00,44.05,102,3793,163409.00,
509243,TVS SRICHAKR,A ,Q,1470.00,1479.75,1438.80,1442.60,1440.00,1480.45,148,762,1107530.00,
509423,SEL         ,X ,Q,9.95,9.95,9.95,9.95,9.95,10.47,2,2000,19900.00,
509438,BENARES HOT ,XT,Q,1249.95,1249.95,1240.00,1240.00,1240.00,1259.95,3,29,35979.00,
509449,BHAGWATI OXY,XT,Q,17.10,17.10,17.10,17.10,17.10,17.40,4,37,632.00,
509470,BOMOXY-B1   ,X ,Q,10450.00,10749.75,10421.00,10421.00,10421.05,10699.95,23,42,441065.00,
509472,CRAVATEX    ,X ,Q,287.10,292.05,285.30,285.35,285.30,300.00,10,168,48698.00,
509480,BERGE PAINT ,A ,Q,583.95,583.95,565.00,569.10,565.00,578.40,1327,28371,16293796.00,
509486,CAPRIHANS   ,X ,Q,59.90,59.90,53.60,54.30,54.30,58.00,35,2127,118924.00,
509488,GRAPHITE IN.,A ,Q,186.00,186.00,175.10,175.85,175.85,181.95,875,32965,5886545.00,
509496,ITDCEM      ,A ,Q,52.00,52.10,46.70,47.60,47.10,51.45,1048,106782,5159683.00,
509525,EMPIRE IND. ,X ,Q,625.00,625.00,582.55,587.35,593.00,637.75,61,686,414058.00,
509546,GRAVISS HOSP,X ,Q,13.05,13.05,12.35,12.35,12.35,12.95,9,789,9766.00,
509557,GARFIBRES   ,A ,Q,1984.30,2001.80,1916.00,1928.85,1928.55,1996.70,1157,4483,8713402.00,
509563,GARWA.MARINE,X ,Q,3.37,3.37,3.37,3.37,3.37,3.52,2,186,626.00,
509567,GOA CARBON  ,B ,Q,214.45,215.80,203.50,204.15,206.90,214.05,411,5478,1143495.00,
509597,HARDCASTLE  ,X ,Q,226.00,232.00,226.00,226.00,226.00,236.35,5,57,12912.00,
509631,HEG LIMITED ,A ,Q,759.00,768.95,724.05,732.00,732.00,759.95,2170,22653,16846535.00,
509635,HIND.COMPOSI,B ,Q,196.10,199.00,185.40,185.60,185.40,194.35,78,390,74954.00,
509675,HIL         ,B ,Q,1711.50,1732.00,1628.00,1665.15,1650.50,1718.90,479,2298,3915137.00,
509709,INT.CONVEYOR,X ,Q,29.85,30.00,28.65,28.65,28.65,28.65,7,353,10421.00,
509715,JAYSHRE TEA ,B ,Q,64.95,66.10,61.20,61.90,61.90,62.30,646,37911,2436795.00,
509820,PAPERPROD   ,B ,Q,289.20,292.50,271.70,272.90,271.70,287.20,371,5996,1685348.00,
509835,PREMIER SYN.,XT,Q,9.08,9.08,8.74,8.74,8.74,8.91,18,5914,53610.00,
509874,SHALIMAR PAI,B ,Q,70.05,70.85,65.15,66.45,66.45,70.30,523,20026,1354338.00,
509895,HIND MILLS  ,X ,Q,186.05,195.00,186.05,194.95,195.00,195.00,3,7,1338.00,
509930,SUPREM IND  ,A ,Q,1434.00,1472.15,1371.00,1450.00,1450.00,1420.95,777,3709,5287012.00,
509945,THACKER     ,XT,Q,108.05,119.35,108.05,111.50,111.50,113.70,18,425,47774.00,
509966,VST INDUS.  ,A ,Q,3589.15,3668.45,3550.00,3558.95,3557.20,3688.70,783,2672,9574259.00,
510245,SWASTI VINAY,X ,Q,4.84,5.31,4.46,5.31,5.31,4.43,538,999229,5127022.00,
511012,YAMINI INVES,XT,Q,0.20,0.20,0.19,0.19,0.19,0.20,19,44635,8481.00,
511034,JINDAL DRILL,B ,Q,69.00,70.45,68.10,68.15,68.15,70.50,129,12179,839781.00,
511066,SAKTHI FIN. ,X ,Q,15.55,17.20,15.05,16.05,16.05,15.60,23,1688,26019.00,
511072,DEWAN H.FIN.,A ,Q,13.54,13.72,12.98,13.02,13.02,13.54,888,177644,2348764.00,
511076,SAT IND LTD ,X ,Q,16.70,17.00,16.60,17.00,17.00,16.40,13,4317,72204.00,
511108,SHIVA TEXYAM,B ,Q,96.00,96.00,92.30,92.30,92.30,96.00,11,662,61639.00,
511116,QUADRANT    ,XT,Q,0.19,0.19,0.19,0.19,0.19,0.19,5,5084,965.00,
511131,KAMAN HSG   ,X ,Q,6.33,6.33,6.30,6.30,6.30,6.36,4,27,170.00,
511147,WALL ST.FIN.,X ,Q,15.40,15.40,14.10,14.20,14.10,14.80,22,1787,25300.00,
511153,ANJANIFOODS ,XT,Q,38.95,38.95,38.95,38.95,38.95,39.70,4,119,4635.00,
511196,CANFIN HOMES,A ,Q,421.50,423.70,415.15,418.40,418.40,420.60,1403,52625,22072542.00,
511208,IL & FS INVE,T ,Q,3.94,4.04,3.80,3.85,3.85,3.97,97,69839,273317.00,
511218,SHRIRAM TRAN,A ,Q,649.95,652.65,631.10,637.40,637.40,646.95,5349,156660,100585547.00,
511243,CHOLAFIN    ,A ,Q,241.15,242.15,228.85,231.30,231.30,240.90,3122,158961,37471605.00,
511333,VLS FINANCE ,B ,Q,61.80,61.80,55.50,56.00,56.05,58.95,181,6149,361202.00,
511355,IND CEM CAP ,XT,Q,3.10,3.10,3.10,3.10,3.10,3.09,5,187,579.00,
511377,MEHTA I.FIN ,XT,Q,4.95,4.95,4.95,4.95,4.95,4.86,2,40,198.00,
511389,VIDEOCON IND,Z ,Q,2.71,2.71,2.71,2.71,2.71,2.85,52,28415,77004.00,
511411,SHRISTINFRA ,X ,Q,50.00,50.00,50.00,50.00,50.00,50.75,2,201,10050.00,
511413,CREST       ,B ,Q,87.05,87.20,85.25,85.25,85.25,87.80,34,284,24401.00,
511431,VAKRANGEE   ,A ,Q,27.30,27.45,25.50,25.90,25.90,27.00,1378,276167,7362618.00,
511451,DHARANI FIN.,X ,Q,5.13,5.13,5.13,5.13,5.13,5.39,1,170,872.00,
511463,ALEXANDER   ,X ,Q,13.18,13.66,12.55,12.81,12.57,13.18,123,77959,992365.00,
511473,IND.BANK MER,B ,Q,11.20,11.20,10.80,10.80,10.80,11.36,46,12859,141002.00,
511501,BHARAT BHUSH,X ,Q,23.90,23.95,23.90,23.95,23.95,22.85,31,4139,99115.00,
511505,CAPITAL TRUS,B ,Q,62.75,63.30,61.00,62.70,62.70,63.30,40,791,49338.00,
511509,VIVO BIO TEC,X ,Q,42.40,42.40,38.25,38.55,38.25,40.15,35,2795,111844.00,
511523,VEERHEALTH  ,X ,Q,8.00,8.00,8.00,8.00,8.00,7.80,2,16,128.00,
511525,PAN INDIA C ,XT,Q,0.19,0.19,0.19,0.19,0.19,0.19,11,11095,2108.00,
511533,SAHARA HOUSG,X ,Q,36.30,38.20,36.25,36.25,36.25,36.75,11,135,4899.00,
511539,SUPRATRE    ,XT,Q,8.30,8.30,8.30,8.30,8.30,8.30,1,1,8.00,
511549,MORARKA FIN.,X ,Q,36.00,36.10,32.70,32.70,32.70,34.40,32,2835,101438.00,
511551,MONARCH     ,XT,Q,25.50,25.95,24.70,24.70,25.80,26.00,16,4821,119888.00,
511557,PRO FIN CAP.,X ,Q,21.50,21.50,21.50,21.50,21.50,21.55,8,4583,98534.00,
511585,REGENCY TRUS,XT,Q,2.02,2.02,2.02,2.02,2.02,2.06,1,100,202.00,
511589,AVONMORE    ,X ,Q,9.80,10.90,9.80,10.10,10.10,10.01,69,57863,584428.00,
511593,LIBORD FIN  ,X ,Q,1.85,1.85,1.85,1.85,1.85,1.94,1,33,61.00,
511597,PALSOFT INFO,XT,Q,2.97,2.97,2.97,2.97,2.97,2.83,2,51,151.00,
511601,YASH MANAGE.,XT,Q,13.12,13.12,13.12,13.12,13.12,12.50,27,89589,1175407.00,
511605,ARIHANT CAP.,X ,Q,58.00,59.70,52.35,55.10,54.80,57.90,63,5952,342530.00,
511609,ISL CONSULT ,X ,Q,10.00,10.00,10.00,10.00,10.00,10.00,4,286,2860.00,
511618,JIK INDUS.  ,T ,Q,0.48,0.48,0.46,0.46,0.46,0.48,4,10601,4886.00,
511628,IMCAP       ,X ,Q,40.20,42.20,40.20,42.20,42.20,40.20,6,371,15654.00,
511630,SAMBHAAV MED,B ,Q,2.10,2.11,2.02,2.11,2.11,2.11,26,7000,14660.00,
511658,NETTLINX LTD,X ,Q,49.00,49.00,47.60,48.50,48.50,48.55,92,11222,541816.00,
511664,BGIL FL TEC ,Z ,Q,1.20,1.32,1.20,1.20,1.20,1.26,16,30801,37228.00,
511672,SCANSTL     ,X ,Q,17.80,19.55,17.80,19.00,19.00,17.80,12,1647,31526.00,
511676,GIC HOUSING ,A ,Q,101.50,101.50,96.20,96.85,96.90,101.00,594,25251,2484508.00,
511692,AJCON GLOBAL,X ,Q,14.87,14.87,14.87,14.87,14.87,14.87,1,1,14.00,
511700,STD.CAP.MRKT,XT,Q,1.37,1.37,1.37,1.37,1.37,1.37,1,5,6.00,
511706,ACTION FIN. ,X ,Q,6.23,6.23,6.23,6.23,6.23,6.23,2,200,1246.00,
511712,RELIC TECHNO,X ,Q,16.25,17.60,16.24,17.60,17.60,16.77,12,5211,90205.00,
511714,NIMBSPROJ   ,XT,Q,23.50,23.50,23.50,23.50,23.50,23.50,1,1,23.00,
511716,ESCORT FINAN,XT,Q,3.12,3.18,3.12,3.13,3.15,3.12,26,55424,176035.00,
511724,BAID LEASING,X ,Q,26.50,26.50,25.25,25.50,25.50,26.50,10,621,15775.00,
511726,VIPUL LTD   ,B ,Q,13.40,14.30,13.40,13.40,13.40,13.80,13,514,7006.00,
511728,KZ LEAS FIN.,X ,Q,12.07,12.07,11.95,11.95,11.95,11.50,17,967,11583.00,
511736,USHDEV INTNL,X ,Q,0.19,0.19,0.19,0.19,0.19,0.19,3,40000,7600.00,
511742,UGROCAP     ,X ,Q,93.05,99.80,92.50,94.35,93.50,95.80,52,3148,297124.00,
511754,SHALIB.FINAN,X ,Q,70.70,70.70,70.70,70.70,70.70,70.70,5,2307,163104.00,
511756,ABIRAMI FIN.,Z ,Q,3.89,4.08,3.89,3.90,3.90,3.89,3,80,316.00,
511758,MANSI FINANC,XT,Q,33.70,33.70,33.70,33.70,33.70,35.45,1,2,67.00,
511764,UPASANA FIN.,X ,Q,15.25,16.50,15.25,15.65,15.65,15.75,9,21004,333962.00,
511766,MUTHOOT CAP ,B ,Q,401.05,410.80,378.00,382.75,388.65,404.45,579,5161,2025302.00,
511768,MASTER TRUST,X ,Q,15.60,15.60,15.60,15.60,15.60,16.40,1,1,15.00,
512018,CNI RES LTD ,X ,Q,1.53,1.65,1.48,1.51,1.51,1.58,17,9000,13948.00,
512020,SARASW.COMM.,XT,Q,687.70,687.70,687.70,687.70,687.70,723.85,12,24,16504.00,
512047,ROYAL IND   ,X ,Q,0.86,0.90,0.82,0.90,0.90,0.86,5,11122,9222.00,
512068,DECCANGOLD  ,X ,Q,14.65,14.75,14.00,14.10,14.05,14.65,223,84271,1192854.00,
512070,UPL         ,A ,Q,537.85,546.15,521.30,531.45,531.45,537.85,6880,184711,98989214.00,
512093,CRANES SOFTW,X ,Q,0.47,0.50,0.47,0.47,0.47,0.49,15,8299,3930.00,
512131,SIGNET IND  ,B ,Q,18.70,19.00,18.50,18.90,18.90,19.00,66,4096,76763.00,
512149,ADVANCE TECH,XT,Q,0.49,0.49,0.49,0.49,0.49,0.50,7,902,441.00,
512161,8KMILES     ,B ,Q,40.20,40.20,40.20,40.20,40.20,38.30,9,1371,55114.00,
512165,ABANSENT    ,X ,Q,167.70,167.70,152.10,158.95,157.00,159.80,27,287,45372.00,
512179,SUNTECK REAL,A ,Q,285.00,289.05,267.05,270.65,269.60,285.10,1135,32668,9091186.00,
512197,SILVEROAK   ,Z ,Q,3.30,3.30,3.30,3.30,3.30,3.30,1,1,3.00,
512215,STEPHANOTIS ,XT,Q,33.00,33.00,33.00,33.00,33.00,31.50,3,145,4785.00,
512217,PRISM MEDI  ,X ,Q,16.10,16.10,14.89,15.72,15.73,15.67,38,19831,302542.00,
512229,VERITAS     ,XT,Q,35.60,35.60,35.60,35.60,35.60,34.95,2,90,3204.00,
512237,JAI CORP LTD,A ,Q,89.15,89.60,83.25,84.40,84.40,88.40,824,48942,4238994.00,
512247,ASHIRWAD CAP,X ,Q,1.92,2.15,1.92,1.95,1.95,1.94,30,9722,19541.00,
512257,SVARTCORP   ,X ,Q,2.91,3.05,2.77,3.02,3.00,2.90,65,90495,264705.00,
512267,MEDIA MATRIX,X ,Q,4.89,4.92,4.49,4.57,4.79,4.72,39,35242,162041.00,
512279,NNTL        ,Z ,Q,6.23,6.23,6.23,6.23,6.23,6.55,1,200,1246.00,
512289,SHIRPUR GOLD,B ,Q,8.24,8.25,7.84,7.84,7.84,8.25,14,1412,11269.00,
512296,BHAGYA INL  ,B ,Q,18.55,18.55,17.15,17.70,17.70,17.70,7,3072,54252.00,
512344,ARAVALI SEC.,X ,Q,1.75,1.75,1.75,1.75,1.75,1.75,1,7,12.00,
512359,SWORDEDGE   ,X ,Q,8.21,8.21,8.21,8.21,8.21,8.21,1,1,8.00,
512381,STARTECK    ,X ,Q,48.50,51.75,48.50,49.35,49.35,49.30,876,12503,621509.00,
512393,SHARDUL SECU,X ,Q,49.00,49.15,48.45,48.80,49.15,46.85,37,2279,111514.00,
512425,NIRAV COMMER,X ,Q,163.00,163.00,163.00,163.00,163.00,170.00,3,8,1304.00,
512437,APOLLO FIN I,X ,Q,459.95,479.95,435.65,435.65,435.65,458.55,218,5338,2450511.00,
512453,SHRI JAGDAMB,X ,Q,277.00,288.00,271.10,278.35,275.00,277.55,88,2785,784759.00,
512455,LLOYDS MET E,X ,Q,11.00,11.36,10.55,10.65,10.65,10.82,154,82406,892139.00,
512463,SHREE GLOBAL,X ,Q,1.57,1.57,1.57,1.57,1.57,1.57,2,670,1051.00,
512477,BETEX INDIA ,X ,Q,19.40,19.40,17.60,17.60,17.60,18.50,2,10,185.00,
512493,GARNET INTL ,X ,Q,26.85,26.85,24.45,24.45,24.45,25.70,5,121,2960.00,
512499,SHALIMAR PRO,X ,Q,0.49,0.49,0.49,0.49,0.49,0.49,5,358,175.00,
512519,DONEAR IND. ,B ,Q,27.35,27.85,26.00,26.15,26.00,27.20,791,10373,282362.00,
512527,SUPER SAL IN,X ,Q,266.00,273.95,246.10,250.30,250.30,253.05,11,372,95802.00,
512529,SEQUENT     ,B ,Q,151.50,152.55,137.75,140.05,140.05,151.10,2476,669026,95994982.00,
512531,STC INDIA   ,B ,Q,58.65,60.30,56.10,56.10,56.10,59.05,145,3948,228787.00,
512553,ZENITH EXP. ,B ,Q,40.00,44.80,38.15,38.95,38.15,41.35,14,360,14038.00,
512559,KOHINORFOODS,Z ,Q,9.97,10.55,9.74,9.83,9.83,10.25,31,6033,60398.00,
512573,AVANTI FEEDS,A ,Q,520.95,524.95,494.10,499.10,499.10,520.05,1349,20035,10176877.00,
512589,SITA ENTER. ,X ,Q,9.00,9.00,9.00,9.00,9.00,9.00,1,198,1782.00,
512595,UNIMODE OVER,XT,Q,14.97,14.97,14.97,14.97,14.97,15.75,1,445,6661.00,
512597,KEYFINSER   ,B ,Q,39.50,39.60,39.50,39.60,39.60,36.00,25,225,8909.00,
512599,ADANI ENTER ,A ,Q,295.00,295.90,265.80,277.45,277.45,291.60,8064,482414,135845773.00,
512608,BHANDARI HOS,B ,Q,1.08,1.11,1.04,1.06,1.04,1.12,130,21452,22938.00,
512624,REGENTRP    ,X ,Q,2.54,2.54,2.54,2.54,2.54,2.54,1,1,2.00,
512626,ORBIT EXPORT,B ,Q,60.50,61.95,59.15,60.30,60.05,62.05,60,1114,67169.00,
512634,SAVERA IND  ,X ,Q,36.40,36.40,33.25,34.50,35.30,34.95,20,592,20252.00,
513005,VBC FERRO   ,XT,Q,21.35,21.35,21.35,21.35,21.35,20.40,1,1,21.00,
513010,TATASTLLP   ,B ,Q,335.00,344.00,311.80,317.70,315.50,337.60,351,3692,1217541.00,
513023,NAV BHAR VEN,A ,Q,60.60,60.60,57.40,57.50,57.60,59.95,323,22883,1338192.00,
513059,G.S.AUTO INT,X ,Q,3.98,3.98,3.98,3.98,3.98,4.18,2,404,1607.00,
513097,SHIV.BIMETAL,X ,Q,41.60,44.40,40.45,41.90,42.00,40.45,248,78693,3344439.00,
513108,GANDHI SP.TU,B ,Q,221.05,224.10,215.80,217.95,218.10,222.20,224,3835,848249.00,
513117,AMFORGE IND.,X ,Q,2.00,2.00,2.00,2.00,2.00,2.04,1,26,52.00,
513119,ABC GAS INT ,XT,Q,6.97,6.97,6.97,6.97,6.97,7.11,3,9,62.00,
513121,ORICON ENT  ,B ,Q,19.95,19.95,18.50,18.70,18.50,19.05,182,37474,705876.00,
513142,BALASORE    ,XT,Q,9.46,9.80,9.36,9.41,9.36,9.76,93,22111,210434.00,
513179,NAT STL AGRO,T ,Q,3.64,3.82,3.64,3.72,3.82,3.83,6,12103,44144.00,
513216,UTTAM GALVA ,B ,Q,6.00,6.16,5.93,6.00,6.00,5.89,95,28357,170438.00,
513228,PENNAR STEEL,B ,Q,16.75,16.75,15.80,16.00,16.40,16.60,189,28664,462840.00,
513250,JYOTI STRUCT,Z ,Q,2.71,2.71,2.71,2.71,2.71,2.59,16,12856,34839.00,
513252,JAY USHIN   ,X ,Q,490.00,508.85,490.00,493.00,493.00,509.00,5,96,47193.00,
513262,ST.STR.WHEEL,B ,Q,456.70,467.05,435.00,444.50,439.65,450.90,887,17332,7958704.00,
513269,MAN IND.(I) ,B ,Q,72.90,75.00,68.10,68.50,68.50,71.80,1349,101435,7249258.00,
513291,PREM PIPES  ,XT,Q,3.99,3.99,3.99,3.99,3.99,4.19,1,1,3.00,
513295,IMEC        ,X ,Q,1.54,1.54,1.47,1.47,1.47,1.54,4,1820,2676.00,
513303,MODERN STEEL,X ,Q,4.05,4.05,3.89,3.89,3.89,3.87,18,2873,11400.00,
513305,TERRASCOPE  ,X ,Q,3.65,3.65,3.64,3.64,3.64,3.83,10,3259,11867.00,
513307,SYNTHIKO FOI,XT,Q,21.10,23.05,21.10,21.10,21.10,22.20,5,102,2154.00,
513335,METALFORGE  ,T ,Q,5.00,5.00,4.75,5.00,5.00,5.00,4,710,3525.00,
513343,GRAND FOUND ,B ,Q,2.61,2.61,2.61,2.61,2.61,2.61,3,1450,3784.00,
513349,AJMERA      ,B ,Q,86.00,103.00,83.00,83.80,83.05,86.85,251,16833,1465151.00,
513353,COCHIN MIN. ,X ,Q,123.75,123.75,120.10,121.75,121.75,120.20,60,3877,472489.00,
513361,ISW LTD     ,X ,Q,0.40,0.40,0.38,0.38,0.39,0.39,35,45502,17656.00,
513369,RAJKUMAR FRG,X ,Q,26.60,29.40,26.60,26.90,26.90,28.00,13,1055,28386.00,
513375,CARBORUNDUM ,A ,Q,273.00,273.30,259.50,264.75,264.65,273.10,986,12042,3196999.00,
513377,MINERAL&METL,A ,Q,18.15,18.20,16.95,17.20,17.20,18.05,228,30617,534740.00,
513397,VALLABH STEL,XT,Q,8.61,8.61,8.61,8.61,8.61,8.61,2,34,292.00,
513401,ASHIANA ISP.,X ,Q,7.40,7.40,7.40,7.40,7.40,7.05,1,100,740.00,
513414,SMPL        ,Z ,Q,0.21,0.21,0.20,0.20,0.20,0.20,8,11200,2350.00,
513434,TATA METALIK,A ,Q,549.85,555.25,522.20,531.05,523.10,553.55,657,6264,3419108.00,
513446,MONNETISPA  ,B ,Q,19.40,20.05,18.40,18.40,18.40,19.35,171,80581,1541127.00,
513452,ELANGO INDUS,XT,Q,2.66,2.66,2.66,2.66,2.66,2.79,1,700,1862.00,
513456,KANISHK ST. ,XT,Q,6.52,7.19,6.52,7.19,7.19,6.85,5,81,570.00,
513472,SIMPLEX CAST,X ,Q,20.90,20.90,20.00,20.00,20.00,20.90,7,925,18724.00,
513488,SH.STEEL WIR,X ,Q,18.95,18.95,16.90,18.30,18.45,18.75,17,1250,21809.00,
513498,SOUTH.MAGNES,XT,Q,15.35,15.35,15.35,15.35,15.35,15.35,4,1598,24529.00,
513507,GUJ.CONTAIN.,P ,Q,10.00,10.67,10.00,10.67,10.67,10.17,2,200,2067.00,
513511,PANCH.STEEL ,X ,Q,28.30,30.75,28.30,28.45,28.40,29.40,24,6023,172341.00,
513513,ADITYA ISPAT,X ,Q,6.33,6.33,6.33,6.33,6.33,6.64,5,2001,12666.00,
513515,S.R.INDUS.  ,X ,Q,1.59,1.59,1.59,1.59,1.59,1.56,6,5700,9063.00,
513517,STEELCAST   ,X ,Q,105.00,107.50,102.00,102.75,102.00,105.30,36,8368,877984.00,
513519,PITTIENG    ,B ,Q,32.40,33.00,31.85,32.25,32.00,32.30,342,101073,3284935.00,
513528,GLITTEK GRAN,X ,Q,1.38,1.38,1.26,1.26,1.26,1.32,11,41832,52922.00,
513532,PRADEEP MET.,X ,Q,39.80,39.95,37.15,37.35,37.35,38.60,17,1111,43214.00,
513536,GNRL        ,X ,Q,10.80,11.45,10.38,10.38,10.38,10.92,21,2102,21934.00,
513548,SHARDA ISPAT,XT,Q,34.50,34.50,34.50,34.50,34.50,34.50,2,32,1104.00,
513554,MAHA STEEL  ,B ,Q,115.05,120.00,110.35,118.50,118.50,116.35,53,5762,679780.00,
513558,REAL STRIPS ,X ,Q,8.14,8.14,8.14,8.14,8.14,8.56,2,801,6520.00,
513566,NOVA IRON&ST,XT,Q,5.15,5.15,5.00,5.00,5.00,5.26,2,2,10.00,
513599,HIND.COPPER ,A ,Q,36.85,36.85,34.75,35.00,35.00,36.50,600,64068,2276483.00,
513605,SRIPIPES    ,B ,Q,176.15,180.40,166.15,167.55,167.55,176.10,323,8490,1453793.00,
513683,NLCINDIA    ,A ,Q,51.65,52.25,50.60,50.70,50.70,51.65,575,48857,2508167.00,
513691,JMT AUTO LTD,B ,Q,3.04,3.04,2.81,2.83,2.81,2.95,261,93633,268991.00,
513693,KIC METALIKS,X ,Q,29.00,29.00,27.30,27.60,27.60,29.50,7,5315,153694.00,
513709,SHILP GRAVUR,X ,Q,58.85,58.85,53.40,53.40,53.40,56.25,11,162,9068.00,
513713,WHITEORG    ,X ,Q,5.75,5.76,5.32,5.71,5.58,5.49,130,80074,452905.00,
513729,ARO GRANITE ,B ,Q,26.65,27.15,26.40,26.65,26.65,27.25,10,773,20483.00,
514010,HIM.FIBRES  ,XT,Q,1.42,1.49,1.35,1.49,1.49,1.42,7,2262,3313.00,
514030,DEEPAK SPINN,X ,Q,73.00,74.95,71.00,71.50,71.50,73.10,16,2321,168929.00,
514034,JBF IND.LTD ,B ,Q,8.81,8.81,8.26,8.26,8.26,8.69,238,14264,119226.00,
514036,LOY.TEX MILL,X ,Q,264.50,264.50,247.00,248.35,263.00,248.90,9,214,53065.00,
514043,HIMAT.SEIDE ,A ,Q,90.80,90.80,84.05,85.05,85.05,90.55,745,39593,3411248.00,
514045,BSL LTD.    ,B ,Q,25.00,25.75,23.60,23.60,23.60,25.05,62,4744,115545.00,
514087,PBM POLYTEX ,X ,Q,33.55,34.90,33.50,34.90,34.90,35.95,5,150,5095.00,
514128,KONARK SYN. ,X ,Q,9.77,9.77,9.77,9.77,9.77,9.31,4,8,78.00,
514138,SURYALATA SP,X ,Q,80.15,87.75,80.15,82.65,82.65,87.00,11,765,66653.00,
514142,TT LTD.     ,B ,Q,35.45,36.10,35.00,35.90,36.10,36.75,29,1337,47852.00,
514144,UNIWORTH LTD,XT,Q,0.55,0.55,0.54,0.54,0.54,0.56,2,51,27.00,
514162,WELSPUN (I) ,A ,Q,60.80,63.30,57.80,57.90,57.90,60.80,3042,253796,15444277.00,
514165,IND.ACRYLICS,X ,Q,9.19,9.57,8.80,8.93,8.99,9.19,289,84537,772967.00,
514167,GANESH ECOSP,B ,Q,271.85,273.35,254.70,259.80,262.50,274.30,285,3538,931936.00,
514175,VARDHMAN POL,B ,Q,8.10,8.20,7.71,7.71,7.71,8.11,11,5134,40617.00,
514183,BLA ROS IND ,X ,Q,135.30,135.75,129.10,130.00,130.00,134.30,1459,60948,8066030.00,
514211,SUMEET INDUS,B ,Q,2.02,2.15,1.99,2.01,1.99,2.05,22,18764,38879.00,
514215,BINNY LTD.  ,XT,Q,117.00,119.50,110.00,114.00,114.00,115.50,14,401,45603.00,
514223,RAMGOPAL POL,XT,Q,1.23,1.23,1.23,1.23,1.23,1.18,1,100,123.00,
514234,SANGAM INDIA,B ,Q,48.30,50.60,48.00,48.20,48.20,49.50,177,7833,387619.00,
514240,KUSHIND     ,X ,Q,0.70,0.70,0.67,0.67,0.67,0.70,5,2037,1364.00,
514264,SEASONS TEXT,X ,Q,4.71,4.72,4.71,4.72,4.72,4.93,2,2,9.00,
514266,ZENITH FIBRE,X ,Q,36.45,39.35,36.45,37.90,37.10,36.45,10,1147,43504.00,
514272,BHILWARA SP.,X ,Q,11.00,11.00,11.00,11.00,11.00,11.00,2,61,671.00,
514274,AARVEE DENIM,B ,Q,11.87,11.91,11.87,11.87,11.87,12.49,55,1336,15865.00,
514286,ASHIMA LTD. ,B ,Q,9.14,9.28,8.99,8.99,8.99,9.46,41,17300,156384.00,
514300,PIONEER EMB ,B ,Q,22.00,22.05,20.60,21.30,21.55,22.85,96,5796,123070.00,
514302,VIPPY SPIN. ,X ,Q,33.00,33.00,33.00,33.00,33.00,33.10,2,500,16500.00,
514316,RAGHUVIR SYN,X ,Q,271.00,271.00,267.00,267.00,267.00,267.00,11,795,213265.00,
514322,KAMADGIRI   ,X ,Q,32.30,35.10,29.90,33.55,33.55,32.30,53,4490,147421.00,
514332,NEOINFRA    ,X ,Q,13.00,13.00,13.00,13.00,13.00,13.00,1,10,130.00,
514354,PREMIER POLY,B ,Q,25.25,25.55,24.00,24.10,24.10,26.00,13,827,20618.00,
514358,EVERLON SYN.,X ,Q,9.60,9.60,9.60,9.60,9.60,9.75,2,405,3888.00,
514360,KRRAIL      ,XT,Q,26.60,26.60,26.60,26.60,26.60,25.35,2,301,8006.00,
514394,AJIL        ,X ,Q,64.15,64.20,61.70,61.70,61.70,62.95,61,6544,410825.00,
514412,SARUPINDUS  ,X ,Q,18.85,18.85,18.85,18.85,18.85,18.00,3,70,1319.00,
514418,MANORG      ,X ,Q,526.00,563.00,500.00,506.30,506.30,537.70,625,16018,8484635.00,
514428,HINDU.ADHESI,X ,Q,88.05,95.00,85.10,87.00,85.20,93.40,38,4586,410336.00,
514442,SRI KPR IND ,X ,Q,8.40,8.40,7.60,7.60,7.60,8.00,5,439,3576.00,
514448,JYOTI RESINS,X ,Q,215.95,220.00,207.00,209.60,214.00,213.00,97,4706,999330.00,
514450,MAHA.RUBTECH,X ,Q,30.00,31.75,28.95,31.15,31.00,31.20,19,3323,102998.00,
514470,WIMSOME TEXT,B ,Q,14.01,16.80,14.01,16.49,16.59,16.19,61,2337,37535.00,
515008,MOD.INSUL.  ,XT,Q,12.05,12.05,12.05,12.05,12.05,11.82,1,100,1205.00,
515030,ASAHI IN.GLA,B ,Q,223.45,225.55,214.80,215.25,214.95,224.90,400,3085,682214.00,
515037,MURD.CERAM  ,B ,Q,15.70,15.70,14.85,14.95,14.85,15.55,36,1343,20584.00,
515043,SAINT-GOBAIN,X ,Q,62.85,63.20,59.20,59.95,59.95,62.75,633,54573,3345620.00,
515055,ANANTRAJ    ,B ,Q,28.35,28.35,26.70,26.85,26.70,28.30,132,13121,359974.00,
515085,RESTILE CER.,X ,Q,2.04,2.12,1.92,2.02,2.02,2.04,7,154,300.00,
515093,MADHAV MARB.,B ,Q,26.55,27.00,26.30,27.00,27.00,27.45,17,522,13899.00,
515145,HIND.NAT.GLS,B ,Q,27.75,27.75,27.70,27.75,27.75,27.75,69,2743,76118.00,
515147,HALDYN GLASS,X ,Q,30.40,30.40,28.95,29.45,29.45,30.10,153,23298,687903.00,
516003,DUROPLY     ,X ,Q,34.00,35.10,32.00,32.85,32.80,34.80,80,16093,541866.00,
516007,MANGALAM TIM,B ,Q,6.66,7.23,6.66,7.00,7.00,6.89,3,151,1068.00,
516016,SHREYANS IND,B ,Q,79.60,80.20,75.85,76.30,76.30,79.65,125,3433,265417.00,
516020,AGIO PAPER  ,X ,Q,1.06,1.06,1.06,1.06,1.06,1.06,1,2,2.00,
516022,STAR PAPER  ,B ,Q,96.40,97.50,91.80,92.20,92.20,96.45,250,4147,389931.00,
516030,YASHPAKKA   ,X ,Q,59.25,60.65,55.25,58.30,58.30,59.25,690,280612,16138933.00,
516062,NAT.PLYWOOD ,X ,Q,7.02,8.20,7.02,7.34,7.34,7.69,9,529,3948.00,
516064,ARROWGREEN  ,B ,Q,52.10,52.10,49.05,49.65,49.05,49.65,144,4560,233193.00,
516072,VISHNU CHEM ,T ,Q,168.90,168.90,153.10,153.25,157.60,161.00,40,1771,280942.00,
516082,N.R.AGARWAL ,B ,Q,199.95,199.95,192.50,192.75,193.85,193.10,168,1686,330793.00,
516086,SH.RAJES.PAP,XT,Q,2.72,2.73,2.72,2.73,2.73,2.72,3,1501,4097.00,
516092,3PLAND      ,B ,Q,6.77,6.77,6.77,6.77,6.77,7.12,2,329,2227.00,
516108,S.I.PAPER   ,X ,Q,61.00,61.00,60.05,60.20,60.05,60.15,37,6991,422880.00,
516110,SCANDENT    ,X ,Q,7.75,7.77,7.04,7.68,7.71,7.40,13,1659,11707.00,
517015,VINDHYA TELE,B ,Q,845.00,845.00,805.00,811.50,810.00,850.95,133,467,383881.00,
517035,RUTTONSHA IN,X ,Q,36.50,36.50,31.15,32.00,32.00,33.35,13,822,26580.00,
517041,ADORWELDING ,B ,Q,267.25,274.00,253.30,257.25,255.85,274.85,339,5188,1388383.00,
517059,SALZER ELEC ,B ,Q,99.00,99.00,93.20,93.65,93.50,100.30,246,8468,802803.00,
517063,JETINFOTRAN ,X ,Q,31.00,31.00,29.50,29.50,29.50,29.90,3,202,5962.00,
517096,APLAB LTD.  ,XT,Q,17.07,17.07,17.05,17.07,17.07,16.74,10,3097,52863.00,
517119,PCS TECH    ,X ,Q,5.43,5.43,5.41,5.41,5.41,5.69,5,365,1974.00,
517146,USHA MART.LT,B ,Q,25.55,25.65,22.95,24.95,25.20,25.45,180,29468,712372.00,
517166,SPEL SEMICON,XT,Q,10.03,10.03,9.65,9.78,9.96,9.84,45,23000,223042.00,
517168,SUBROS LTD. ,B ,Q,253.35,256.50,235.80,248.75,248.20,256.15,645,9013,2210332.00,
517174,HONEYWELL   ,A ,Q,32998.95,33100.00,31032.95,31272.90,31272.90,32792.10,258,350,11181054.00,
517201,SWITCH.TECH.,X ,Q,24.10,24.10,24.10,24.10,24.10,25.35,4,251,6049.00,
517206,LUMAX IND   ,B ,Q,1466.10,1466.65,1411.00,1415.95,1415.95,1452.80,50,308,438843.00,
517214,DIGISPICE   ,B ,Q,7.70,8.30,7.70,8.21,8.21,8.02,15,5439,43730.00,
517224,SUJANA INDUS,T ,Q,0.29,0.29,0.29,0.29,0.29,0.28,2,3200,928.00,
517236,CALCOM VISIO,X ,Q,25.30,25.65,24.00,25.20,25.20,25.30,51,5573,140648.00,
517238,DYNAVISION  ,XT,Q,40.00,41.95,40.00,41.95,41.95,41.95,3,15,601.00,
517246,BCC FUBA    ,XT,Q,8.98,8.98,8.98,8.98,8.98,9.16,1,31,278.00,
517264,FINELINE CI ,XT,Q,34.50,34.50,31.35,31.35,31.35,32.95,2,12,410.00,
517271,HBL P SYS   ,B ,Q,16.10,16.50,15.50,15.55,15.55,16.30,112,18171,289353.00,
517288,GUJARATPOLY ,X ,Q,8.03,8.05,8.03,8.05,8.05,8.45,7,836,6722.00,
517300,GUJ.IND.POW.,B ,Q,74.00,74.00,70.25,70.70,70.70,73.15,215,9694,693046.00,
517330,CMI LTD.    ,B ,Q,37.50,38.00,36.50,36.55,36.50,38.05,73,3815,140860.00,
517334,MOTHERSON SS,A ,Q,122.75,123.10,113.00,114.15,114.15,122.70,8094,932145,110263537.00,
517344,MINDTECK (I),T ,Q,34.20,34.20,32.50,33.40,33.70,33.95,29,3217,105654.00,
517354,HAVELLSINDIA,A ,Q,670.00,688.15,665.00,667.65,666.70,674.45,1783,66747,45296875.00,
517356,ACI INFOCOM ,X ,Q,0.49,0.49,0.49,0.49,0.49,0.49,5,90,44.00,
517370,INCAP LTD.  ,XT,Q,26.35,26.35,26.35,26.35,26.35,25.40,1,98,2582.00,
517372,GUJ.INTRUX  ,X ,Q,88.75,90.00,85.00,85.05,85.05,86.60,17,2290,202139.00,
517380,IGARSHI MOT ,B ,Q,307.00,307.00,286.50,289.05,290.00,303.00,280,3209,944130.00,
517385,SYMPHONY    ,A ,Q,911.00,920.00,877.10,891.20,888.85,909.50,508,2604,2326779.00,
517393,VINTRON INF.,X ,Q,0.55,0.55,0.51,0.52,0.51,0.53,4,3100,1629.00,
517399,VXL INSTRUM.,X ,Q,3.31,3.47,3.31,3.47,3.47,3.31,3,1029,3570.00,
517415,LEE&NEE SOFT,X ,Q,1.48,1.48,1.48,1.48,1.48,1.41,8,5637,8342.00,
517417,PATEL AIRTEM,X ,Q,149.00,150.50,136.00,139.75,139.75,147.00,109,8186,1164805.00,
517421,BFLYGANDHI  ,T ,Q,280.00,280.00,261.65,263.80,263.80,275.40,173,7480,2022156.00,
517429,ATHENAGLO   ,X ,Q,31.05,31.05,29.50,29.50,29.50,31.05,10,790,24105.00,
517437,DUTRON POLY.,XT,Q,121.85,121.85,121.85,121.85,121.85,116.05,3,387,47155.00,
517447,R.S.SOFTWARE,B ,Q,23.15,23.75,22.55,22.85,22.90,23.55,45,5069,116709.00,
517449,MAGNA ELECTR,X ,Q,169.55,169.55,158.00,160.90,159.50,159.95,69,5561,892155.00,
517463,LINAKS MICRO,XT,Q,0.55,0.55,0.53,0.53,0.53,0.55,2,403,215.00,
517467,MARSONS     ,Z ,Q,6.99,6.99,6.99,6.99,6.99,7.13,1,100,699.00,
517477,ELNET TECH. ,X ,Q,125.45,125.45,113.55,114.40,113.65,121.10,30,917,108558.00,
517494,ACCEL       ,XT,Q,9.83,9.83,9.36,9.36,9.36,9.85,28,1879,17698.00,
517498,WEBELSOLAR  ,B ,Q,20.50,21.30,19.65,19.95,19.75,20.50,78,10820,220134.00,
517500,ROTO PUMPS  ,X ,Q,111.85,113.00,104.90,105.05,104.90,110.40,429,32986,3601684.00,
517506,TTK PRESTIGE,A ,Q,6278.15,6324.90,5875.05,5952.80,5891.00,6308.80,271,2046,12601549.00,
517514,DHINDIA     ,X ,Q,13.60,13.60,12.86,12.88,12.88,13.64,7,581,7492.00,
517522,RAJ GLO WIR ,B ,Q,318.00,335.00,318.00,319.30,319.00,317.60,93,2571,833150.00,
517530,SURANATP    ,B ,Q,3.84,4.00,3.79,3.94,3.94,3.95,14,10551,42039.00,
517536,ONWARD TECHN,B ,Q,64.70,72.00,63.70,67.05,66.70,63.20,301,11078,754328.00,
517544,CENTUM ELEC ,B ,Q,321.20,342.00,303.80,310.25,310.65,337.65,200,2828,926104.00,
517546,ALFA TRANSFO,X ,Q,14.15,14.85,14.15,14.85,14.85,14.89,2,220,3127.00,
517548,STARLITE COM,XT,Q,3.30,3.30,3.20,3.20,3.20,3.15,13,13101,42233.00,
517554,NHCFOODS    ,X ,Q,11.47,11.47,11.47,11.47,11.47,10.93,43,45747,524718.00,
517562,TRIGYN TECH ,B ,Q,49.15,49.25,46.30,46.70,46.70,47.85,123,6118,292378.00,
517569,KEI INDUST. ,A ,Q,379.00,379.00,361.25,362.75,362.75,372.20,624,5946,2189804.00,
517571,IMPPOWERS   ,B ,Q,16.40,16.40,16.40,16.40,16.40,17.25,1,1,16.00,
518011,KEERTHI     ,XT,Q,47.90,50.40,47.90,47.90,47.90,50.40,11,891,43749.00,
518029,GUJ.SIDH.CEM,B ,Q,28.60,28.60,27.30,27.45,27.35,28.60,151,8496,236916.00,
518075,SURAJ PRODUC,Z ,Q,17.60,17.60,17.60,17.60,17.60,17.95,1,100,1760.00,
518091,ANJANI PORTL,B ,Q,201.65,204.60,179.05,186.10,187.10,200.20,543,12644,2412166.00,
519003,MODINATURAL ,X ,Q,60.55,60.55,55.10,56.90,56.90,57.70,13,1722,101131.00,
519031,SHAH FOOD(P),X ,Q,17.40,17.40,17.40,17.40,17.40,18.30,1,100,1740.00,
519091,TASTY BITE  ,B ,Q,11400.00,11478.00,10800.00,10898.85,11000.05,11455.60,200,310,3437515.00,
519097,RITESH INTER,XT,Q,12.67,12.67,12.67,12.67,12.67,12.43,12,2925,37059.00,
519105,AVT NATURAL ,B ,Q,43.00,48.15,43.00,45.60,45.40,47.20,362,40350,1876636.00,
519126,HIND.FOODS  ,B ,Q,950.75,989.00,897.00,904.50,900.85,943.05,603,4754,4517949.00,
519136,NAHAR INDUST,B ,Q,25.55,25.55,25.40,25.40,25.40,25.75,8,149,3803.00,
519152,VADILAL ENT ,XT,Q,1594.30,1594.30,1594.30,1594.30,1594.30,1626.80,15,198,315671.00,
519156,VADILAL IND ,B ,Q,799.90,802.55,769.95,779.80,780.10,805.65,408,4024,3153506.00,
519174,ASHIANA AGRO,XT,Q,0.67,0.67,0.67,0.67,0.67,0.64,1,1,0.00,
519183,ADF FOODS LT,B ,Q,448.95,459.75,416.45,416.75,419.50,438.35,2266,43191,18779312.00,
519191,RGRL        ,X ,Q,11.40,11.40,11.40,11.40,11.40,11.45,1,4,45.00,
519214,WILLIAM.FIN.,X ,Q,3.95,3.95,3.76,3.76,3.76,3.95,4,3001,11473.00,
519216,AJANTA SOYA ,X ,Q,38.45,38.50,37.25,37.45,37.65,37.55,58,6074,230001.00,
519230,RICHIRICH   ,X ,Q,3.15,3.15,3.15,3.15,3.15,3.05,2,210,661.00,
519238,SAPTARISHI A,XT,Q,7.83,7.83,7.83,7.83,7.83,7.83,3,3614,28297.00,
519242,SARDA PROT. ,XT,Q,8.70,8.70,8.70,8.70,8.70,8.46,1,200,1740.00,
519260,SANWARIA    ,Z ,Q,1.74,1.74,1.66,1.71,1.72,1.74,392,1027852,1729337.00,
519262,PRIMA AGRO L,XT,Q,17.65,17.65,17.55,17.65,17.55,16.85,42,3871,68317.00,
519285,TARAI FOODS ,XT,Q,5.75,5.75,5.74,5.74,5.74,5.50,2,150,861.00,
519287,MODERN DAIRI,X ,Q,3.24,3.24,3.24,3.24,3.24,3.41,17,4204,13620.00,
519295,BAMBINO AGRO,X ,Q,213.40,213.40,196.10,196.15,196.15,210.05,52,3637,737371.00,
519307,VIKAS WSP   ,B ,Q,4.88,4.88,4.88,4.88,4.88,5.42,179,202041,985960.00,
519319,JATALIA     ,XT,Q,4.65,4.65,4.65,4.65,4.65,4.43,5,41,190.00,
519359,POONA DAL   ,X ,Q,34.10,35.30,33.20,33.95,34.10,34.65,24,2621,89450.00,
519367,TRANSGL.FOOD,X ,Q,177.60,177.60,177.60,177.60,177.60,174.15,3,105,18648.00,
519383,ANIK INDS   ,B ,Q,13.49,13.49,13.49,13.49,13.49,14.19,14,965,13017.00,
519397,SHARAT INDUS,XT,Q,27.50,27.50,27.50,27.50,27.50,27.50,2,2435,66962.00,
519421,KSE LIMITED ,XT,Q,2149.00,2190.00,2022.00,2044.00,2022.00,2089.60,275,3831,8158872.00,
519455,NARBADA     ,X ,Q,17.70,19.00,17.40,19.00,19.00,18.25,12,149618,2618075.00,
519457,VIRAT CRANE ,X ,Q,21.40,21.40,19.40,19.40,19.40,20.40,22,4714,91925.00,
519475,CHORDIA FOOD,X ,Q,93.05,96.00,93.00,93.00,93.00,96.00,10,338,31791.00,
519477,CIANAGRO    ,XT,Q,27.00,27.00,25.65,25.65,25.65,27.00,6,316,8106.00,
519483,TAI INDUST. ,XT,Q,8.32,8.32,8.32,8.32,8.32,8.75,3,64,532.00,
519532,ASIAN TEA   ,XT,Q,16.00,16.25,16.00,16.20,16.20,16.00,10,8750,141874.00,
519552,HERITGFOOD  ,A ,Q,342.05,346.90,334.25,335.85,336.40,346.00,385,3409,1159395.00,
519566,SIMRAN FARMS,XT,Q,44.50,44.50,41.05,41.90,41.60,43.10,21,2111,89206.00,
519588,DFM FOODS   ,B ,Q,369.00,386.10,349.40,352.00,352.20,367.75,1595,32103,11978169.00,
519600,CCL PRODUCTS,A ,Q,279.40,281.90,262.40,263.45,262.60,279.40,1113,23553,6309227.00,
519602,KELLTONTEC  ,B ,Q,50.90,51.20,46.85,50.70,49.35,49.20,997,179040,9009863.00,
519604,SURYO FOODS ,XT,Q,7.00,7.00,7.00,7.00,7.00,7.00,1,1,7.00,
519612,MAHAAN FOODS,X ,Q,17.60,18.60,17.60,18.60,18.60,17.75,9,1975,36606.00,
520008,RICO AUTO   ,B ,Q,31.80,31.80,29.00,29.50,29.50,31.75,560,65081,1979118.00,
520021,OMAX AUTOS. ,B ,Q,42.00,43.45,41.45,41.95,41.55,43.50,106,985,41690.00,
520043,MUNJAL SHOWA,B ,Q,133.40,133.40,126.00,126.00,126.00,132.60,288,5798,738963.00,
520051,JAMNA AUTO  ,A ,Q,51.75,51.80,49.00,49.60,49.60,50.85,1678,239923,12067490.00,
520056,SUNDAR.CLAY ,B ,Q,1705.00,1705.00,1625.00,1641.50,1644.20,1673.15,80,158,261617.00,
520057,JTEKTINDIA  ,B ,Q,82.20,82.20,76.00,76.35,76.85,81.75,129,7424,581347.00,
520059,MUNAUTO     ,B ,Q,58.00,58.25,53.95,54.50,54.05,58.10,537,30918,1720381.00,
520066,JAYBH.MARUTI,B ,Q,211.35,211.35,199.00,200.45,200.60,210.65,327,7172,1486804.00,
520073,RACLGEAR    ,X ,Q,119.00,125.00,112.00,116.95,116.95,115.70,799,70452,8486009.00,
520075,SAMKRG PIST.,X ,Q,119.70,121.00,113.70,114.05,114.00,117.25,59,4529,523941.00,
520086,SICAL LOG   ,B ,Q,11.21,11.73,11.01,11.36,11.39,11.19,183,47930,544994.00,
520111,RATNAMNI MET,A ,Q,1266.15,1280.30,1199.00,1222.10,1220.45,1259.80,540,5876,7350405.00,
520113,VESUVIUS IND,B ,Q,975.55,986.80,929.75,931.15,930.05,969.40,324,2033,1925637.00,
520119,AUTOMOTIVE S,B ,Q,21.85,22.50,21.75,21.80,21.75,22.15,6,24,530.00,
520123,ABC INDIA   ,X ,Q,53.45,53.45,46.00,46.55,46.55,50.10,23,738,35341.00,
520127,BALURGHAT TE,X ,Q,8.01,8.10,8.00,8.00,8.00,8.00,31,7826,62610.00,
520151,SHREY SH LOG,T ,Q,68.10,70.00,66.70,67.00,68.00,69.85,24,1312,88405.00,
520155,STARLOG     ,X ,Q,10.41,10.41,9.43,9.43,9.43,9.92,19,3107,29465.00,
521016,INDO COUNT  ,B ,Q,101.00,104.40,94.50,95.45,95.85,101.05,1649,50147,5079970.00,
521018,MARAL OVERS ,B ,Q,12.03,12.27,11.80,12.27,12.27,12.25,9,356,4238.00,
521034,SOMA TEXTILE,B ,Q,3.15,3.30,3.10,3.10,3.10,3.15,14,15003,49177.00,
521064,TRIDENT     ,A ,Q,6.90,6.90,6.45,6.64,6.64,6.85,11505,2043025,13882649.00,
521070,ALOK INDS.  ,B ,Q,27.15,27.15,27.15,27.15,27.15,28.55,3231,500746,13595253.00,
521080,PASARI SPIN ,XT,Q,1.67,1.75,1.64,1.64,1.64,1.67,9,20051,34215.00,
521082,SPENTEX INDS,Z ,Q,0.62,0.62,0.62,0.62,0.62,0.64,2,2300,1426.00,
521097,AMARJOTHI SP,X ,Q,53.80,53.80,51.00,51.70,51.95,52.25,39,2444,127479.00,
521109,NAGREEKA EXP,B ,Q,13.10,13.10,13.10,13.10,13.10,13.38,2,30,393.00,
521113,SUDITI IND. ,X ,Q,10.30,10.30,9.86,9.86,9.86,9.81,8,3702,37383.00,
521131,SBFL        ,X ,Q,4.03,4.03,4.03,4.03,4.03,3.84,3,500,2015.00,
521141,ADITYA SPIN.,XT,Q,7.88,7.88,7.58,7.58,7.58,7.73,37,25414,192741.00,
521151,DHANLXMI FAB,X ,Q,16.30,16.30,15.00,16.30,16.30,15.55,24,1684,27406.00,
521163,ZODIAC CLOTH,B ,Q,108.95,109.00,102.90,103.00,103.00,105.55,120,4367,460577.00,
521167,FRONT BUSS  ,XT,Q,1.85,1.88,1.82,1.87,1.87,1.85,12,425,793.00,
521180,SUPER SPIN. ,B ,Q,3.95,4.09,3.80,3.80,3.80,4.00,13,3824,14945.00,
521182,SEASONS FUR.,XT,Q,1.35,1.35,1.29,1.29,1.29,1.35,2,501,676.00,
521194,SIL INVEST  ,B ,Q,146.25,150.45,144.85,145.50,145.50,147.95,194,2333,344779.00,
521200,SURYLAK.COTT,B ,Q,16.45,17.95,16.45,17.55,17.55,17.25,16,2561,43540.00,
521206,SAMTEX FASH.,XT,Q,0.70,0.76,0.70,0.75,0.75,0.73,22,12537,9019.00,
521210,CITYMAN     ,XT,Q,1.92,1.92,1.92,1.92,1.92,1.83,1,100,192.00,
521216,DHAN ROTO SP,X ,Q,19.75,19.75,18.35,18.45,18.35,18.55,22,839,15461.00,
521220,DAMOINDUS   ,B ,Q,26.75,26.75,23.10,24.25,25.00,23.50,10,240,5829.00,
521222,SANBLUE     ,XT,Q,11.00,11.00,11.00,11.00,11.00,11.00,1,25,275.00,
521226,UNI ROYAL IN,X ,Q,5.21,5.21,5.21,5.21,5.21,5.46,1,10,52.00,
521228,TATIA GLOB  ,X ,Q,0.36,0.36,0.36,0.36,0.36,0.37,7,2997,1078.00,
521234,SRI NACHAMAI,X ,Q,11.26,11.28,11.26,11.28,11.28,11.28,2,2,22.00,
521240,SAMBANDAM SP,X ,Q,48.70,52.00,48.70,51.95,52.00,51.00,5,602,30602.00,
521242,KANDAGIRI SP,X ,Q,8.57,8.57,8.57,8.57,8.57,9.02,1,83,711.00,
521248,KITEX GARMEN,B ,Q,106.70,106.90,101.10,101.65,101.65,106.30,466,11276,1160182.00,
522001,CRANEX LTD. ,X ,Q,12.84,12.84,12.00,12.00,12.00,12.23,17,7815,99281.00,
522004,BATLIBOI LTD,X ,Q,8.02,8.42,7.91,7.97,7.91,8.03,42,10841,89029.00,
522005,AUSTIN ENGG.,X ,Q,36.40,36.40,33.70,33.70,33.70,33.65,12,1137,38415.00,
522014,UNITED DRILL,X ,Q,251.50,273.80,240.00,241.45,241.95,264.00,188,7244,1801790.00,
522017,FLUIDOMAT   ,X ,Q,91.00,96.00,90.00,90.00,90.00,94.60,19,952,86802.00,
522029,WINDSOR MACH,B ,Q,16.30,16.70,15.50,15.55,15.50,16.30,89,10343,164822.00,
522034,SHANTHI GEAR,B ,Q,105.05,105.05,100.00,100.35,100.00,104.65,182,1436,147900.00,
522064,HONDAPOWER  ,B ,Q,1058.20,1070.90,1013.15,1042.00,1013.15,1053.50,515,1474,1559656.00,
522073,HITECHGEAR  ,B ,Q,131.00,135.90,127.45,127.60,131.10,131.50,149,3273,430177.00,
522074,ELGI EQUIP  ,B ,Q,249.00,257.45,242.80,251.60,251.60,239.70,1509,17293,4347000.00,
522091,UV DER HORST,X ,Q,21.20,21.20,21.20,21.20,21.20,20.20,3,51,1081.00,
522101,KILBURN ENGG,X ,Q,17.25,18.25,17.25,18.00,18.00,17.60,9,1372,24337.00,
522105,BIRLA PRETEC,X ,Q,6.34,6.39,6.00,6.04,6.05,6.11,93,29867,187038.00,
522108,YUKEN INDIA ,X ,Q,486.00,486.00,456.25,458.65,474.00,486.85,142,1387,645675.00,
522113,TIMKEN (I)  ,A ,Q,1108.90,1115.05,1100.00,1106.40,1104.30,1099.25,200,1568,1734453.00,
522122,VOITH PAPER ,X ,Q,955.00,980.00,955.00,974.50,960.00,964.10,33,332,319499.00,
522134,ARTSON ENG  ,X ,Q,30.75,30.75,28.10,28.20,28.10,29.35,61,8610,250235.00,
522152,SOLITAIR MC ,X ,Q,19.60,21.65,19.30,20.00,20.00,20.35,53,9515,188429.00,
522163,DIAMONPOWER ,Z ,Q,0.75,0.80,0.75,0.75,0.75,0.78,7,6009,4556.00,
522165,INDSIL HYD  ,XT,Q,15.65,16.10,14.90,14.90,14.90,15.65,42,7156,111270.00,
522183,ITL INDUSTRS,X ,Q,68.00,72.80,68.00,68.00,68.00,69.20,38,1692,116543.00,
522195,FRONTIER SPR,X ,Q,354.95,354.95,325.00,333.75,333.75,346.35,372,12327,4219616.00,
522205,PRAJ IND.LTD,B ,Q,73.90,73.90,68.05,68.75,68.75,73.90,1087,83976,5930816.00,
522207,RASANDIK ENG,X ,Q,39.10,39.45,38.95,39.45,39.45,41.00,5,165,6466.00,
522209,YOGI SUNGWON,XT,Q,2.26,2.48,2.26,2.48,2.48,2.37,2,1001,2262.00,
522215,HLEGLAS     ,X ,Q,1779.90,1800.00,1663.60,1663.60,1663.60,1751.15,3582,24260,41571553.00,
522217,GUJ APOIND  ,B ,Q,239.30,243.10,228.00,236.70,236.70,233.35,334,8018,1909967.00,
522229,TANEJA AERO.,X ,Q,33.50,33.50,31.75,31.75,31.75,33.40,112,20796,672009.00,
522231,CONART ENG. ,X ,Q,20.00,20.00,20.00,20.00,20.00,20.05,1,1,20.00,
522241,M.M.FORGINGS,B ,Q,351.50,353.90,317.20,324.45,324.45,351.50,1045,29665,10155298.00,
522245,IYKOT HITEC ,Z ,Q,5.25,5.25,5.25,5.25,5.25,5.25,1,120,630.00,
522249,MAYUR UNIQ. ,B ,Q,277.55,278.30,263.45,264.90,265.30,275.20,337,5775,1570242.00,
522251,CENLUB INDUS,X ,Q,36.60,38.10,35.00,35.05,35.00,38.55,31,4227,151362.00,
522257,RAJOO ENGIN.,X ,Q,11.10,11.25,10.35,10.47,10.50,11.15,97,39921,430958.00,
522263,JMC PROJECTS,B ,Q,56.95,56.95,51.55,52.10,51.90,56.00,575,34483,1841276.00,
522267,VEEJAY LAKSH,XT,Q,26.00,26.25,26.00,26.25,26.25,25.00,15,2500,65600.00,
522275,GET&D       ,A ,Q,100.00,100.00,94.05,95.00,95.00,99.00,367,12393,1198163.00,
522281,RAM RAT.WIRE,X ,Q,78.10,78.15,74.10,75.80,75.80,78.65,40,3051,234214.00,
522285,JAY NECO IND,T ,Q,3.15,3.17,3.14,3.15,3.14,3.30,5,3500,11029.00,
522287,KALPA.POWER ,A ,Q,252.10,258.10,243.75,248.80,246.15,254.25,1980,23378,5838530.00,
522289,NMSRESRC    ,XT,Q,7.73,7.73,7.73,7.73,7.73,8.13,1,6,46.00,
522292,CHANDNI TE  ,X ,Q,52.00,54.90,51.40,51.85,51.85,54.00,49,3436,179392.00,
522294,T & I GLOBAL,X ,Q,107.95,107.95,90.15,91.90,91.90,103.85,267,20688,2003554.00,
522295,CONTROL PRNT,B ,Q,228.10,228.15,222.05,222.60,223.95,229.55,40,224,50671.00,
522650,BEMCO HYDRAU,X ,Q,67.50,74.00,67.50,74.00,74.00,71.00,7,595,42811.00,
523007,ANSAL BUILD.,X ,Q,21.35,23.90,21.35,23.35,23.35,22.15,28,1172,25577.00,
523011,WEIZMANN LTD,B ,Q,30.00,30.00,28.50,28.60,28.50,29.90,17,981,28905.00,
523019,B.N.RATHI SE,X ,Q,21.25,21.60,21.25,21.55,21.25,21.25,7,29,617.00,
523021,RISHITECH   ,X ,Q,14.65,15.00,14.65,15.00,15.00,15.01,3,33,492.00,
523023,SINCLAIR HOT,X ,Q,39.55,40.75,38.50,39.05,39.00,39.55,189,41269,1640483.00,
523025,SAFARI IND. ,B ,Q,398.00,400.25,371.80,376.55,374.50,398.15,636,5291,2062506.00,
523062,JJ FINANCE  ,XT,Q,7.96,7.96,7.96,7.96,7.96,8.37,1,5,39.00,
523116,SANCO TRANS ,X ,Q,114.50,114.50,114.00,114.25,114.00,114.00,2,100,11425.00,
523120,ADOR MULTI. ,XT,Q,58.60,58.60,55.00,58.60,58.60,55.85,11,4151,239555.00,
523127,EIH ASSO.HOT,B ,Q,238.00,238.00,230.35,230.45,230.35,237.75,22,151,35324.00,
523144,MEDI CAPS   ,XT,Q,21.35,21.35,21.35,21.35,21.35,20.95,26,12645,269970.00,
523160,MORGAN CRU  ,X ,Q,899.30,900.00,864.00,883.05,880.00,899.95,75,648,575917.00,
523204,ABAN OFFSHO ,B ,Q,24.45,25.00,23.80,23.90,23.90,24.80,108,8766,213185.00,
523207,KOKUYOCMLN  ,B ,Q,62.15,62.40,58.50,58.85,58.85,62.05,388,18235,1104344.00,
523229,BHARAT SEATS,XT,Q,64.10,66.95,62.30,62.30,62.30,65.55,162,13174,841924.00,
523232,CONT.PETRO  ,XT,Q,33.60,33.60,32.95,32.95,32.95,33.60,7,64,2110.00,
523248,MACHINO PLAS,X ,Q,59.95,59.95,56.50,56.50,56.50,59.45,25,1905,108478.00,
523260,PEARL POLYME,B ,Q,15.90,17.15,15.90,17.15,17.15,16.35,193,13224,225863.00,
523261,VENKEY'S (I),A ,Q,1458.55,1459.55,1370.00,1378.95,1378.95,1443.85,799,4810,6782028.00,
523269,ADVANI HOTEL,B ,Q,43.65,43.65,41.25,41.25,41.25,43.55,8,231,9667.00,
523277,G.V.FILMS   ,XT,Q,0.32,0.33,0.32,0.33,0.33,0.33,30,56139,18022.00,
523283,SUPER HOUSE ,B ,Q,91.50,92.10,85.80,86.15,86.05,92.00,187,7736,688657.00,
523289,RAMA VISION ,XT,Q,5.04,5.04,5.04,5.04,5.04,5.30,1,15,75.00,
523301,TCPL PACK   ,B ,Q,380.00,388.90,366.90,370.25,370.25,386.65,75,578,216445.00,
523319,BALMER LAWRI,A ,Q,111.85,111.90,106.30,106.80,106.65,112.50,795,31237,3400122.00,
523323,KOVAI MEDI. ,X ,Q,751.65,810.00,751.65,780.20,768.00,783.30,1404,20387,16131011.00,
523329,ELDECO HOUS.,X ,Q,1000.00,1054.95,991.00,1015.45,993.00,1000.00,20,108,109675.00,
523367,DCMSHRIRAM  ,A ,Q,394.00,394.05,369.30,371.70,373.55,389.90,328,3782,1430339.00,
523369,DCM SHR.IND ,X ,Q,164.95,170.50,161.00,162.75,162.45,158.25,590,40660,6800777.00,
523371,MAWANA SUGAR,B ,Q,26.35,27.25,25.20,25.20,25.20,26.50,119,13334,344444.00,
523373,MINI DIAMOND,XT,Q,2.10,2.10,2.10,2.10,2.10,2.10,1,1,2.00,
523384,MAH.RAS.APEX,T ,Q,52.50,52.50,49.00,49.85,50.00,50.00,13,2771,143712.00,
523385,NILKAMAL L  ,A ,Q,1300.00,1328.35,1295.70,1305.90,1305.00,1310.60,494,5552,7256835.00,
523391,NAHAR POLY  ,B ,Q,61.05,64.65,60.50,60.70,60.50,62.75,78,2174,133735.00,
523395,3M INDIA LTD,A ,Q,19247.00,19247.00,18170.00,18246.90,18465.00,18724.55,175,249,4592896.00,
523398,JCHAC       ,A ,Q,2296.30,2296.30,2160.00,2190.20,2176.85,2266.10,115,267,592525.00,
523405,JM FINANCIAL,A ,Q,83.00,83.00,79.25,79.60,79.75,81.95,143,10053,814994.00,
523411,ADCINDIA    ,X ,Q,187.50,189.70,185.00,188.90,188.90,189.70,16,1527,283808.00,
523419,TAMIL.TELE. ,T ,Q,1.42,1.42,1.42,1.42,1.42,1.36,2,110,156.00,
523445,REL INDL INF,B ,Q,402.00,403.00,383.70,386.25,386.25,401.35,850,14952,5880366.00,
523449,SHARP INDIA ,XT,Q,25.75,25.75,24.75,25.00,25.00,25.25,12,3209,80218.00,
523457,LINDEINDIA  ,A ,Q,828.95,838.55,759.00,766.25,766.25,816.20,1562,16689,13426959.00,
523465,IND.BANK HSG,B ,Q,21.20,26.25,19.60,21.30,21.50,21.90,60,5436,120800.00,
523475,LOTUS CHOC  ,X ,Q,18.45,18.45,15.90,16.20,16.85,17.60,21,1474,24055.00,
523483,PACIFIC IND.,X ,Q,113.60,113.60,110.00,110.05,110.10,113.55,18,5987,660697.00,
523489,CMM HOSPITAL,X ,Q,10.71,10.71,10.71,10.71,10.71,11.27,1,500,5355.00,
523519,UNI OFF AUTO,XT,Q,2.02,2.02,2.02,2.02,2.02,1.99,2,300,606.00,
523537,APM INDUS.  ,X ,Q,14.00,14.00,14.00,14.00,14.00,14.31,1,241,3374.00,
523539,PRECISION WR,B ,Q,120.00,122.05,118.00,120.00,120.00,123.15,51,1013,122314.00,
523550,KRYPTON IND ,X ,Q,8.21,8.79,8.21,8.62,8.71,8.78,13,1227,10639.00,
523558,NETWORK LTD.,XT,Q,4.89,4.89,4.89,4.89,4.89,4.98,2,15000,73350.00,
523574,FEL         ,B ,Q,14.20,14.30,13.65,13.65,13.65,14.35,1656,550879,7589227.00,
523586,IND.TONERS  ,X ,Q,97.75,100.30,88.25,93.25,94.25,97.75,188,11574,1090525.00,
523594,KUNSTSTOFFE ,X ,Q,15.60,15.60,15.00,15.00,15.00,15.30,5,2000,30300.00,
523598,SHIPP.CORPN ,A ,Q,56.50,57.50,53.05,54.40,54.40,57.80,900,88965,4946917.00,
523606,SIKA INTER. ,X ,Q,269.00,270.00,242.00,246.20,246.20,266.50,125,5553,1407853.00,
523610,ITI LTD.    ,A ,Q,131.15,131.40,123.50,124.95,124.95,130.20,886,46791,5947277.00,
523618,DREDGING COR,B ,Q,274.10,274.10,260.75,261.85,262.00,272.50,379,8812,2344652.00,
523620,PHARMASIA   ,XT,Q,27.50,28.80,26.50,27.50,28.80,27.45,24,1979,54675.00,
523628,PODDAR      ,B ,Q,170.40,171.60,164.00,164.40,164.00,170.05,9,175,29406.00,
523630,NATIONAL FER,B ,Q,35.15,35.90,33.60,33.80,34.00,35.40,879,177131,6123684.00,
523638,IP RINGS LTD,X ,Q,47.45,47.45,43.50,43.90,44.00,46.10,54,5642,251867.00,
523642,PI INDUS.LTD,A ,Q,2025.00,2051.00,1928.00,1944.75,1944.75,2037.60,2423,17349,34689100.00,
523648,PLASTIBLEND ,B ,Q,197.10,197.95,193.60,196.45,196.20,199.45,70,1157,227184.00,
523660,WATERBASE   ,B ,Q,105.00,106.55,98.00,101.50,101.50,104.90,1137,40064,4153059.00,
523672,FLEX FOODS  ,X ,Q,61.50,62.80,59.50,60.20,60.20,62.50,113,8595,520670.00,
523676,GOLKUNDA DIA,X ,Q,19.50,19.50,18.00,19.25,19.25,18.75,18,1531,29753.00,
523694,APCOTEX IND ,B ,Q,152.40,153.15,145.20,145.85,145.20,150.10,258,6158,912404.00,
523696,FORTIS MLR  ,X ,Q,50.05,50.05,48.00,49.90,50.00,48.10,13,709,35149.00,
523704,MASTEK LTD  ,B ,Q,852.60,922.55,808.20,824.25,824.25,871.20,4930,56855,49738646.00,
523708,EIMCO ELECON,B ,Q,339.90,341.45,331.50,331.50,331.50,349.00,25,154,52131.00,
523710,SAYAJI HOTEL,XT,Q,155.65,164.00,152.50,154.00,154.00,160.40,22,515,79432.00,
523716,ASHIANA HOU ,B ,Q,76.70,76.70,70.50,71.95,71.15,73.15,235,7501,551572.00,
523732,ECO BOARD IN,XT,Q,2.76,3.04,2.76,3.04,3.04,2.90,5,2055,5928.00,
523736,DVL         ,T ,Q,58.20,58.20,54.65,54.90,54.90,57.50,19,1506,82758.00,
523754,MAHEPC      ,B ,Q,158.60,160.15,152.00,152.50,153.25,158.80,962,20376,3170782.00,
523756,SREIINFRA   ,B ,Q,7.36,7.39,6.85,6.90,6.90,7.34,180,134873,943634.00,
523782,MITSHI      ,X ,Q,27.45,27.45,25.50,26.95,26.95,27.45,15,455,12078.00,
523792,MAZDA LTD   ,B ,Q,451.45,451.45,435.00,439.45,439.45,445.00,200,1522,672804.00,
523796,VICEROY HOTE,T ,Q,2.43,2.60,2.43,2.43,2.43,2.55,11,16754,43342.00,
523828,MENON BEAR. ,B ,Q,42.40,42.40,40.70,41.05,41.00,41.85,146,8507,349585.00,
523832,MUKAT PIPES ,X ,Q,0.81,0.81,0.81,0.81,0.81,0.81,1,252,204.00,
523836,GUJ.RAFFIA  ,T ,Q,12.90,12.90,12.90,12.90,12.90,13.50,3,358,4618.00,
523838,SIMPLX INFRA,B ,Q,28.80,29.40,27.95,28.05,28.05,29.40,385,34306,975584.00,
523840,INN.TECH.PAC,X ,Q,13.51,13.51,12.41,13.29,13.29,12.88,19,6668,83231.00,
523842,SUPER TANNER,X ,Q,2.70,2.80,2.63,2.78,2.80,2.76,37,18048,47855.00,
523850,AXTEL INDUS.,X ,Q,236.00,241.00,223.00,228.70,231.00,230.90,525,24506,5695761.00,
523896,APIL        ,XT,Q,17.60,17.60,17.60,17.60,17.60,16.80,5,268,4716.00,
524000,MAGMA FIN   ,A ,Q,38.75,38.75,34.25,35.15,34.95,37.40,318,49286,1752504.00,
524013,HIND.FLUROCA,T ,Q,7.87,7.87,7.13,7.50,7.50,7.50,9,880,6497.00,
524019,KINGFA      ,B ,Q,475.80,475.80,443.50,459.90,457.05,475.80,202,1685,771973.00,
524037,RAMA PHOSPH ,X ,Q,59.45,60.50,57.20,58.90,59.75,59.45,86,8827,518789.00,
524051,POLYPLEX    ,B ,Q,736.00,749.35,685.65,701.40,698.00,730.30,1494,13269,9592448.00,
524075,ALBERT DAVID,B ,Q,449.60,456.30,429.00,431.35,430.00,449.60,332,3582,1583239.00,
524080,HAR.LEATHER ,XT,Q,24.60,24.60,24.50,24.50,24.50,25.00,3,500,12251.00,
524091,ACRYCIL LTD.,X ,Q,113.25,113.25,107.65,107.75,107.75,113.30,519,45211,4979072.00,
524109,KABRA EXTR  ,B ,Q,63.15,63.60,60.00,60.00,60.00,62.45,63,3755,234635.00,
524129,VINYL CHEM  ,B ,Q,104.15,108.75,100.00,100.60,100.60,104.05,1041,31679,3324611.00,
524136,PEE CEE COSM,X ,Q,88.60,90.00,88.20,88.60,88.20,91.55,13,637,56654.00,
524164,IOL CHEM PH ,B ,Q,832.00,848.05,766.70,775.35,775.35,829.30,3259,69089,56008695.00,
524174,KESAR PETRO ,X ,Q,4.20,4.28,4.10,4.13,4.28,4.08,102,61337,259326.00,
524200,VINATI ORG. ,A ,Q,1330.00,1334.00,1250.00,1256.90,1256.90,1338.15,4478,32168,41356071.00,
524202,LACTOSE(I)  ,XT,Q,20.75,20.75,20.75,20.75,20.75,21.80,3,952,19754.00,
524208,AARTI INDUST,A ,Q,1079.00,1095.25,1025.00,1048.60,1048.95,1066.45,1182,13402,14227842.00,
524212,WANBURY LTD ,T ,Q,35.05,35.10,34.70,34.70,34.70,35.65,34,4800,167600.00,
524218,RESONANCE   ,X ,Q,60.55,60.55,54.95,54.95,54.95,57.80,182,28140,1573880.00,
524226,GUJ AMB EXP ,B ,Q,213.90,216.75,197.95,205.00,205.00,211.60,995,23829,4924317.00,
524230,RASHTR.CHEM.,A ,Q,47.55,47.55,44.70,44.90,44.90,46.90,925,96974,4454928.00,
524280,KOPRAN LTD. ,B ,Q,92.90,93.10,84.30,84.30,84.30,88.70,2826,402170,36804054.00,
524288,AIMCO PESTI.,X ,Q,114.05,114.05,103.25,103.60,103.30,108.65,740,127648,14174761.00,
524314,GUJ.TERC LAB,X ,Q,7.49,7.49,6.91,7.49,7.49,7.14,12,9331,68104.00,
524324,SEYAIND     ,B ,Q,74.50,74.50,69.25,70.15,70.05,72.50,90,4955,352433.00,
524330,JAYANT AGRO ,B ,Q,96.10,104.00,95.25,99.50,99.50,100.15,33,1085,107903.00,
524332,BCLIL       ,X ,Q,64.30,67.00,57.25,59.90,59.90,62.30,448,72053,4515402.00,
524336,SH.HARI CHEM,XT,Q,31.95,31.95,31.95,31.95,31.95,32.60,6,401,12811.00,
524342,INDOBORAXC  ,X ,Q,363.25,378.00,356.00,357.05,360.00,375.25,100,2507,913132.00,
524348,AARTI DRUGS ,B ,Q,2999.00,3010.00,2819.85,2843.15,2843.15,2968.25,7755,34469,100263041.00,
524370,BODAL CHEM  ,B ,Q,71.85,74.50,67.50,68.00,68.00,71.30,893,61066,4377432.00,
524394,VIMTA LABS  ,T ,Q,114.05,117.00,111.10,111.55,111.10,116.90,102,4687,533978.00,
524396,BIOFIL CHEM ,T ,Q,56.50,56.50,56.50,56.50,56.50,53.85,38,7205,407082.00,
524400,ISHITA DRUGS,X ,Q,21.80,21.80,21.80,21.80,21.80,20.80,9,1825,39785.00,
524404,MARKSANS    ,B ,Q,52.00,52.20,48.65,48.65,48.65,51.20,1950,324961,16170063.00,
524408,UNIV.STARCH ,XT,Q,47.95,47.95,46.20,46.20,46.20,47.10,12,831,38397.00,
524412,AAREY DRUGS ,X ,Q,30.10,30.70,28.60,28.70,28.60,30.10,299,57317,1682955.00,
524414,NORRIS MEDI.,X ,Q,5.00,5.00,5.00,5.00,5.00,5.00,1,60,300.00,
524440,CAMEX LTD   ,X ,Q,17.60,17.60,16.05,16.90,16.05,16.80,24,3752,66026.00,
524444,KAVITIND    ,X ,Q,153.10,157.00,132.00,148.80,148.00,153.00,243,96385,14319468.00,
524470,SYNCOM FORM.,X ,Q,1.69,1.70,1.59,1.60,1.60,1.67,968,1381823,2272162.00,
524480,RIDHI SIDHI ,X ,Q,252.10,252.10,236.00,240.05,236.00,247.85,38,480,116494.00,
524488,SVCIND      ,XT,Q,0.90,0.94,0.87,0.92,0.92,0.91,16,10028,9011.00,
524494,IPCA LAB LTD,A ,Q,2172.00,2177.00,2042.05,2082.80,2091.55,2172.85,2567,14236,29967968.00,
524500,KILITCH DRUG,B ,Q,90.55,90.55,86.05,86.05,86.05,90.55,104,2348,204805.00,
524506,CORAL LAB.  ,X ,Q,379.00,380.30,366.50,366.65,369.90,373.95,121,3694,1381423.00,
524516,BACIL PHARMA,XT,Q,3.57,3.57,3.57,3.57,3.57,3.40,1,500,1785.00,
524518,KREBS BIOCHM,B ,Q,88.35,88.95,87.05,87.05,87.05,88.40,30,581,51452.00,
524520,KMC SHIL    ,X ,Q,21.90,22.00,20.80,21.35,21.60,21.50,221,59999,1294252.00,
524522,LAFFANS PETR,X ,Q,15.20,15.20,15.20,15.20,15.20,16.00,1,200,3040.00,
524534,BHASKAR AGRO,XT,Q,16.30,16.50,16.30,16.50,16.50,16.27,15,1300,21330.00,
524542,SUKJIT STRCH,X ,Q,183.10,185.95,174.20,175.40,174.25,181.30,101,4373,781648.00,
524558,NEULAND LAB.,B ,Q,1202.90,1202.90,1097.40,1111.30,1111.30,1193.75,1492,16435,18657241.00,
524564,GAYATRI BIO ,XT,Q,6.14,6.14,6.14,6.14,6.14,6.02,3,502,3082.00,
524570,PODDAR PIGM.,B ,Q,211.35,212.00,191.90,193.20,193.20,211.40,739,11599,2352716.00,
524572,PHARMAIDS PH,XT,Q,5.42,5.42,5.42,5.42,5.42,5.17,12,711,3853.00,
524576,VIVID IND   ,X ,Q,21.15,22.15,20.10,20.10,20.10,21.15,28,3665,76992.00,
524582,TIRUPATI STA,XT,Q,35.60,39.05,35.60,35.70,37.00,37.45,41,2015,71785.00,
524594,ASHOK-ALCO  ,XT,Q,42.90,42.95,40.00,42.95,42.95,40.95,55,13808,592968.00,
524598,AKSHARCHEM I,B ,Q,248.90,248.90,227.50,232.40,227.50,239.55,452,5917,1398064.00,
524606,BERYL DRUGS ,X ,Q,6.72,6.72,6.08,6.71,6.71,6.40,5,162,1029.00,
524624,GAGAN GASES ,X ,Q,4.73,4.73,4.73,4.73,4.73,4.97,1,20,94.00,
524632,SHUKRAPHAR  ,X ,Q,51.85,51.85,51.85,51.85,51.85,49.60,1,5,259.00,
524634,ALU FLUORIDE,X ,Q,222.00,224.95,210.00,211.25,211.00,220.20,606,26153,5630304.00,
524640,ARCHITORG   ,X ,Q,12.82,12.82,12.82,12.82,12.82,12.57,20,17406,223144.00,
524648,INDO AMINES ,X ,Q,61.80,62.70,56.85,57.95,57.95,59.80,251,30600,1837513.00,
524652,IND.SWIFT LT,T ,Q,3.42,3.42,3.42,3.42,3.42,3.26,7,14301,48909.00,
524654,NATURAL CAPS,X ,Q,76.25,76.90,69.60,72.90,76.90,73.25,79,18606,1358152.00,
524663,BH.IMMUN&BIO,T ,Q,31.15,31.15,31.15,31.15,31.15,31.75,142,13995,435944.00,
524667,SOTL        ,B ,Q,710.50,721.15,682.00,686.35,689.00,694.85,141,1018,716151.00,
524669,HESTER BISC ,B ,Q,1789.90,1789.90,1685.10,1690.95,1688.60,1756.65,596,3201,5548690.00,
524687,BASANT AGRO ,X ,Q,6.00,6.00,5.25,5.37,5.31,5.55,111,72589,391085.00,
524703,SANDU PHARMA,X ,Q,21.95,23.00,21.95,23.00,23.00,23.00,8,1028,23505.00,
524709,NACLIND     ,B ,Q,40.25,40.50,39.00,39.45,39.35,40.05,146,12314,485159.00,
524711,VISTA PHARMA,X ,Q,8.85,9.17,8.42,8.51,8.51,8.80,24,7329,65184.00,
524715,SUN PHARMA. ,A ,Q,524.70,528.45,499.50,503.65,503.65,523.25,4515,198335,101777415.00,
524717,TITAN BIOTEC,X ,Q,154.70,154.70,144.30,144.60,144.30,151.85,629,39653,5855691.00,
524727,SDL         ,X ,Q,11.91,11.91,11.32,11.32,11.32,11.91,2,20,232.00,
524731,JENBURKT PH.,X ,Q,412.35,429.00,388.00,396.50,399.80,412.35,198,5830,2353218.00,
524735,HIKAL LTD.  ,B ,Q,186.30,191.05,168.25,170.25,170.25,189.70,3180,155126,27718428.00,
524742,CAPLIN POINT,A ,Q,605.00,615.00,547.20,566.60,566.60,593.75,2452,35570,20755688.00,
524743,FISCHER     ,XT,Q,31.90,33.10,31.90,33.10,33.10,33.55,6,860,28334.00,
524748,LINK PHARMA ,X ,Q,24.70,24.70,23.45,23.45,23.45,23.55,15,6703,158711.00,
524752,DECIPHER    ,X ,Q,21.05,21.05,21.05,21.05,21.05,22.00,1,307,6462.00,
524758,WINTAC LTD  ,X ,Q,201.00,209.00,200.95,205.00,209.00,200.95,9,846,172045.00,
524764,NUTRA       ,XT,Q,5.36,5.36,4.86,4.86,4.86,5.11,103,25353,125447.00,
524768,EMMESSAR BIO,XT,Q,15.70,15.70,15.05,15.10,15.10,15.70,9,722,10956.00,
524774,NGL FINE CHM,X ,Q,820.00,827.95,764.15,764.15,764.15,804.35,250,8006,6253795.00,
524790,EVEREST ORG.,X ,Q,289.95,289.95,266.15,266.60,266.15,280.15,220,10801,2950146.00,
524804,AUROB.PHARMA,A ,Q,833.00,857.00,785.55,791.00,791.00,828.40,14238,365438,302037767.00,
524808,PHYTOCHEM I.,X ,Q,20.80,22.90,20.80,22.90,22.90,21.85,3,802,16685.00,
524816,NATCO PHARM ,A ,Q,893.95,929.50,875.30,890.75,895.00,888.50,5790,102169,92498458.00,
524818,DYNAMIC IND.,X ,Q,41.65,42.45,40.20,40.75,41.05,42.45,25,6100,252514.00,
524820,PANAMA PETRO,B ,Q,56.30,57.00,51.90,53.80,53.90,54.55,241,23847,1318216.00,
524824,BAL PHARMA  ,B ,Q,47.45,48.00,44.70,45.25,45.25,46.95,251,10550,496756.00,
524828,BDH INDUS.  ,XT,Q,82.40,82.40,77.00,77.50,77.00,79.15,62,4866,381186.00,
526001,JAUS POLYMER,X ,Q,4.17,4.17,4.17,4.17,4.17,4.17,1,98,408.00,
526027,CUBEX TUBING,B ,Q,11.50,11.55,11.50,11.55,11.55,11.65,5,497,5725.00,
526043,POLYMECH.MCH,X ,Q,26.00,26.95,26.00,26.30,26.30,26.00,18,2072,54464.00,
526071,STELLANT    ,X ,Q,5.60,5.60,5.60,5.60,5.60,5.60,1,1,5.00,
526073,GALAXY BEAR.,XT,Q,161.05,169.10,161.05,169.10,169.10,161.05,2,101,17071.00,
526081,SCAGRO      ,XT,Q,1.00,1.00,0.95,0.95,0.95,1.00,5,102,97.00,
526093,SATVAH.ISPAT,T ,Q,2.37,2.37,2.37,2.37,2.37,2.37,2,300,711.00,
526095,RAVILEELA GR,X ,Q,7.68,7.68,7.68,7.68,7.68,8.08,1,10,76.00,
526117,SHERVANI IND,X ,Q,289.00,289.00,268.10,283.95,283.95,276.80,26,241,65308.00,
526133,SUPERTEX IND,X ,Q,1.43,1.47,1.43,1.47,1.47,1.50,5,249,365.00,
526137,SHETRON LTD ,X ,Q,18.05,19.30,18.05,19.30,19.30,18.40,21,1253,23271.00,
526139,TRANSGENE BI,XT,Q,4.74,4.84,4.51,4.62,4.69,4.74,48,13160,60269.00,
526143,MPL         ,XT,Q,3.32,3.33,3.29,3.33,3.33,3.46,9,5009,16572.00,
526159,NIKHIL ADHSV,X ,Q,164.95,164.95,154.00,157.10,158.70,165.00,80,3001,471933.00,
526161,SPENTA INT. ,X ,Q,58.00,58.00,55.10,55.15,55.15,58.00,8,207,11423.00,
526169,MULTIBASE I ,X ,Q,161.95,163.00,148.00,148.90,148.90,154.00,115,6468,1001628.00,
526173,ANDREW YULE ,B ,Q,14.50,14.55,13.47,13.52,13.50,14.34,324,48486,676918.00,
526179,LUDOLOW JUTE,X ,Q,85.35,86.90,83.50,83.85,83.85,85.90,251,15235,1290949.00,
526187,ASHRAM ONLIN,XT,Q,2.20,2.20,2.20,2.20,2.20,2.20,4,14,30.00,
526193,ROYAL CUSHIO,XT,Q,3.70,3.70,3.70,3.70,3.70,3.53,5,618,2286.00,
526217,HITECHCORP  ,T ,Q,92.30,92.30,92.15,92.15,92.15,96.95,6,121,11166.00,
526227,FILATEX INDI,B ,Q,28.10,28.10,26.50,26.65,26.60,28.05,174,19865,535189.00,
526231,STD.SURFACT.,XT,Q,17.10,17.10,16.50,16.50,16.50,16.80,6,1398,23641.00,
526235,MERCATOR    ,B ,Q,0.94,0.98,0.91,0.91,0.93,0.95,80,258825,239728.00,
526237,MORGAN VENT ,X ,Q,8.20,8.21,8.20,8.21,8.21,8.21,2,50,410.00,
526241,AMRAPALI IND,X ,Q,3.81,3.81,3.81,3.81,3.81,3.63,2,1500,5715.00,
526247,PREMIER EXPL,B ,Q,118.80,118.80,117.70,117.70,117.70,116.65,5,110,13031.00,
526263,MOLD-TEK TEC,B ,Q,43.80,44.75,41.50,41.90,41.90,42.70,117,12081,515675.00,
526269,CRESTCHEM LT,XT,Q,25.75,25.75,25.75,25.75,25.75,25.25,4,600,15450.00,
526299,MPHASIS LTD ,A ,Q,1397.55,1405.30,1365.00,1381.40,1370.10,1399.60,2216,16143,22385161.00,
526301,MEDINOVA DIA,XT,Q,14.44,14.44,14.44,14.44,14.44,14.40,2,150,2166.00,
526315,DIVYA.GRANIT,X ,Q,43.10,43.10,41.00,41.55,41.55,42.50,19,2947,122229.00,
526365,SWARNASA    ,X ,Q,6.20,6.20,5.80,5.85,5.85,6.10,17,1651,9852.00,
526367,GANESH HSG. ,B ,Q,26.00,26.40,25.35,25.50,26.40,26.40,23,2276,59262.00,
526371,NMDC LTD    ,A ,Q,87.05,87.35,82.55,83.25,83.25,86.95,5316,516470,43542356.00,
526381,PAT INT LOG ,B ,Q,24.00,24.00,23.00,23.00,23.00,23.95,14,779,18031.00,
526397,ALPHAGEO (I),B ,Q,164.15,164.25,157.65,158.15,159.50,164.80,212,1680,269040.00,
526407,RIT PRO IND ,X ,Q,17.17,17.17,17.17,17.17,17.17,16.36,24,11441,196441.00,
526409,KKALPANAIND ,X ,Q,19.45,19.45,18.60,18.90,18.90,19.55,56,21859,414236.00,
526415,OK PLAY (I) ,XT,Q,24.75,25.00,23.55,24.10,24.80,24.75,62,17978,431311.00,
526423,KRITI INDUS.,X ,Q,26.00,26.90,26.00,26.50,26.50,26.80,72,10815,287437.00,
526433,ASM TECHNOLO,X ,Q,149.40,149.45,149.40,149.45,149.45,146.55,20,3669,548328.00,
526443,DATASOFT APP,X ,Q,1.70,1.70,1.70,1.70,1.70,1.62,1,65,110.00,
526445,INDRAYANI BI,XT,Q,8.80,8.80,8.80,8.80,8.80,8.39,1,12,105.00,
526471,WINSOME BREW,XT,Q,5.00,5.24,4.76,4.76,4.76,5.00,52,2387,11496.00,
526473,ELEGANT FLOR,X ,Q,2.26,2.26,2.26,2.26,2.26,2.30,5,575,1299.00,
526479,SKY INDUST. ,X ,Q,20.00,20.00,20.00,20.00,20.00,20.00,3,230,4600.00,
526481,PHOENIX INT.,XT,Q,10.90,11.05,10.90,11.05,11.05,11.15,2,500,5495.00,
526492,RISHIROOP   ,X ,Q,33.00,33.00,33.00,33.00,33.00,34.30,4,700,23100.00,
526504,DOLPHIN MEDI,XT,Q,1.40,1.42,1.30,1.37,1.37,1.36,46,21710,30411.00,
526506,SYSTAMATIX C,X ,Q,36.95,36.95,36.95,36.95,36.95,36.95,1,1,36.00,
526519,ALPINE HSG. ,X ,Q,11.99,11.99,9.91,10.82,10.82,10.99,24,2612,26697.00,
526521,SANGHI IND. ,B ,Q,28.10,28.10,25.40,25.90,25.90,28.15,412,72626,1940714.00,
526525,WWALUM      ,XT,Q,10.35,10.35,10.35,10.35,10.35,10.35,3,51,527.00,
526532,SFPIL       ,X ,Q,10.70,10.70,10.70,10.70,10.70,11.25,3,210,2247.00,
526538,MAXIMAA SYST,XT,Q,3.00,3.00,2.86,2.86,2.86,3.01,2,9,25.00,
526544,SCANP GEOM  ,X ,Q,18.55,18.75,18.20,18.25,18.25,18.50,19,3293,60807.00,
526546,CHOKSI LABOR,X ,Q,10.85,10.85,9.91,9.91,9.91,10.86,7,664,6771.00,
526550,CCHHL       ,B ,Q,3.08,3.08,2.85,2.95,2.95,3.00,18,13771,39681.00,
526568,LONGVIEW TEA,XT,Q,10.60,10.60,10.04,10.04,10.04,10.56,2,2,20.00,
526570,MIDWEST GOLD,XT,Q,9.00,9.15,9.00,9.00,9.00,9.00,13,405,3673.00,
526574,ENTERPR.INTE,X ,Q,4.66,4.66,4.66,4.66,4.66,4.66,2,53,246.00,
526576,TECHIN      ,B ,Q,2.85,2.96,2.85,2.96,2.96,2.99,3,250,714.00,
526582,TPL PLAST   ,B ,Q,116.20,119.65,113.00,113.55,113.55,120.00,44,421,48930.00,
526586,WIM PLAST LT,X ,Q,386.00,386.00,365.05,367.10,369.90,381.45,215,3435,1293314.00,
526588,PHOTOQUIP(I),X ,Q,10.22,10.22,10.22,10.22,10.22,10.75,1,1,10.00,
526596,LIBERTY SHOE,B ,Q,150.00,150.00,139.80,141.00,141.00,150.50,1079,32510,4700686.00,
526604,LIPPI SYSTEM,XT,Q,8.02,8.42,8.02,8.42,8.42,8.02,5,1006,8467.00,
526608,ELECTROTHERM,B ,Q,108.30,108.35,104.60,105.35,105.35,109.75,150,5157,544566.00,
526612,BLUE DART EX,A ,Q,2770.00,2770.00,2558.55,2607.60,2605.90,2764.10,302,735,1961144.00,
526614,EXPO GAS    ,X ,Q,2.65,2.85,2.62,2.79,2.79,2.75,24,2877,7625.00,
526616,NAT.PLASTIC ,X ,Q,18.35,20.25,18.35,19.00,18.85,19.85,74,13098,248701.00,
526622,MFL INDIA   ,X ,Q,0.19,0.19,0.19,0.19,0.19,0.19,8,22198,4217.00,
526638,TEXEL INDUS.,XT,Q,3.48,3.48,3.48,3.48,3.48,3.32,1,5,17.00,
526640,ROYALE MANOR,Z ,Q,12.80,13.15,12.16,12.16,12.16,12.80,14,976,11911.00,
526642,MIRZA INTER ,B ,Q,52.05,53.50,49.85,50.40,50.40,52.90,626,43304,2232062.00,
526650,TOURISM FINA,B ,Q,37.15,37.90,34.65,35.05,34.95,37.55,328,24589,889536.00,
526666,BHARTIYA INT,T ,Q,162.50,163.40,162.50,163.40,163.40,163.60,2,11,1796.00,
526668,KAMAT HOTELS,B ,Q,30.25,30.70,29.90,30.05,29.90,30.65,82,5841,176395.00,
526683,HOTEL RUGBY ,B ,Q,1.56,1.56,1.56,1.56,1.56,1.49,1,2,3.00,
526689,FENOPLAS.LTD,XT,Q,17.00,17.00,17.00,17.00,17.00,17.05,7,1879,31943.00,
526703,ECOPLAST LTD,X ,Q,82.00,82.90,82.00,82.55,82.15,85.00,7,403,33279.00,
526705,ELEGANT MARB,X ,Q,63.50,63.50,63.50,63.50,63.50,66.75,3,54,3429.00,
526707,ALCHEMIST LT,B ,Q,5.10,5.31,5.10,5.10,5.10,5.36,54,14925,76522.00,
526711,ADARSH PLANT,XT,Q,4.62,4.62,4.62,4.62,4.62,4.40,5,400,1848.00,
526717,GOPALA POLY.,Z ,Q,3.32,3.32,3.16,3.16,3.16,3.32,6,3125,10307.00,
526721,NICCO PARKS ,XT,Q,50.40,50.40,50.40,50.40,50.40,48.05,34,13244,667497.00,
526723,NTC INDUST  ,X ,Q,31.05,31.60,29.30,29.50,29.45,31.05,54,2193,65253.00,
526725,SANDESH LTD.,B ,Q,506.80,543.30,506.80,521.15,521.00,527.00,564,4048,2133685.00,
526727,GARNET CONST,X ,Q,13.99,13.99,13.99,13.99,13.99,13.33,13,2901,40584.00,
526729,GOLDIAM INT.,B ,Q,132.15,132.50,120.80,122.20,122.50,133.90,405,7302,922241.00,
526731,BRIGHT BROS.,X ,Q,58.00,64.90,58.00,61.65,60.80,62.00,15,1513,92887.00,
526737,CORPOR COUR ,X ,Q,2.05,2.05,2.05,2.05,2.05,2.05,6,1001,2052.00,
526739,NARMADA GEL ,X ,Q,183.00,189.45,173.00,177.15,177.15,187.55,110,7027,1281486.00,
526747,P.G.FOILS   ,X ,Q,78.00,78.40,70.00,74.95,74.95,77.90,38,3522,263903.00,
526755,VELAN HOTELS,XT,Q,2.83,2.97,2.83,2.97,2.97,2.97,3,608,1735.00,
526761,HOWARD HOTEL,X ,Q,4.63,4.63,4.63,4.63,4.63,4.87,3,301,1393.00,
526775,VALIANT COMM,X ,Q,44.95,44.95,44.95,44.95,44.95,45.85,8,898,40365.00,
526783,DR.AGAR.EYE ,X ,Q,257.00,257.00,233.10,239.30,235.00,245.45,48,2754,655751.00,
526797,GREENPLY IND,B ,Q,91.95,92.50,86.50,87.65,88.00,91.40,338,18208,1617533.00,
526799,UNION QUALIT,XT,Q,20.11,20.11,20.11,20.11,20.11,20.11,1,5,100.00,
526801,PSL LTD     ,T ,Q,0.56,0.60,0.56,0.60,0.60,0.58,83,312359,175634.00,
526807,SEAMEC LTD  ,B ,Q,408.00,421.60,401.20,403.25,401.20,400.40,271,7176,2925603.00,
526813,RAGHUNATH IN,XT,Q,1.90,1.90,1.90,1.90,1.90,1.81,1,100,190.00,
526817,CHEVIOT CO. ,X ,Q,700.00,700.00,655.20,662.65,665.00,700.05,257,3067,2074915.00,
526821,DAI-ICHI KAR,X ,Q,281.25,301.20,281.25,293.35,299.80,296.00,53,3080,908169.00,
526827,SPICE ISLAND,X ,Q,5.56,5.56,5.56,5.56,5.56,5.85,1,36,200.00,
526829,CONFI PETRO ,B ,Q,20.55,21.15,19.70,20.55,20.55,20.70,406,92312,1882200.00,
526839,SHELTER     ,X ,Q,14.00,14.00,14.00,14.00,14.00,13.35,1,25,350.00,
526849,BANARAS BEAD,B ,Q,53.90,56.90,53.75,54.25,53.75,54.00,73,3409,184427.00,
526853,BILCARE LTD.,XT,Q,44.50,44.50,41.25,42.05,42.25,43.40,139,12410,521150.00,
526859,INTER ST.FIN,XT,Q,0.74,0.75,0.74,0.75,0.75,0.74,6,1843,1380.00,
526861,RISHI LASER ,X ,Q,6.23,6.24,6.23,6.24,6.24,6.55,3,139,867.00,
526881,63MOONS     ,B ,Q,75.80,77.90,72.65,73.25,73.95,75.80,367,8492,641040.00,
526885,SARLA PER F ,B ,Q,21.25,21.60,17.60,17.80,18.30,21.25,516,85804,1619063.00,
526899,HFIL        ,X ,Q,8.25,8.25,7.95,8.03,8.00,8.25,122,14893,120879.00,
526905,PADMAIND    ,XT,Q,8.16,8.16,8.16,8.16,8.16,8.58,4,1005,8200.00,
526921,21ST CEN.MGM,B ,Q,10.25,10.34,10.10,10.34,10.34,10.25,7,1350,13718.00,
526931,HARIYANA SH.,X ,Q,28.50,30.60,28.50,28.50,28.50,28.10,13,303,8757.00,
526947,LA-OPALA RG ,A ,Q,225.00,227.60,210.00,211.90,214.60,224.00,1262,24377,5362866.00,
526951,GOLDEN LAMIN,XT,Q,753.95,753.95,685.20,685.20,685.20,721.25,147,6822,4881115.00,
526953,VENUS REMEDI,T ,Q,140.00,140.35,140.00,140.35,140.35,133.70,106,16979,2380002.00,
526957,UDL         ,Z ,Q,4.10,4.24,3.93,3.94,3.93,4.13,30,33016,132524.00,
526965,GUJ.CRAFT IN,XT,Q,39.00,39.40,38.60,39.40,39.40,38.45,10,595,23220.00,
526971,DHOOT I.FIN.,X ,Q,28.00,28.00,28.00,28.00,28.00,28.00,1,50,1400.00,
526981,SHBAJRG     ,X ,Q,49.60,49.60,49.60,49.60,49.60,50.60,1,100,4960.00,
526987,URJA GLOBAL ,B ,Q,2.85,2.91,2.78,2.78,2.78,2.92,2965,1426774,4045408.00,
527001,ASHAPURA LTD,B ,Q,91.15,91.15,83.10,89.20,89.20,86.85,1630,126474,11339887.00,
527005,SH.PACETRON.,X ,Q,12.00,12.00,12.00,12.00,12.00,11.75,2,53,636.00,
530001,GUJ.ALKALI  ,A ,Q,350.85,355.00,336.00,337.90,337.90,349.90,617,7640,2641648.00,
530005,INDIA CEM.  ,A ,Q,123.00,124.60,112.75,114.65,114.65,122.60,1402,186327,22274826.00,
530007,JK TYRE IND ,A ,Q,61.60,61.60,57.45,58.20,58.20,61.60,1416,93982,5621747.00,
530011,MANGLR.CHEM ,B ,Q,32.30,32.65,30.30,30.90,30.90,32.25,236,28108,881724.00,
530017,STD.INDUST. ,T ,Q,10.17,10.17,9.50,9.67,10.09,9.75,4,56,551.00,
530019,JUBILANT    ,A ,Q,798.80,804.25,762.30,769.00,769.55,798.90,1045,16211,12675321.00,
530023,THEINVEST   ,B ,Q,135.00,142.00,134.00,142.00,142.00,139.05,7,105,14273.00,
530043,ACKNIT IND  ,X ,Q,72.00,72.00,69.20,69.45,69.45,72.00,7,600,41926.00,
530045,TITAN SECUR.,X ,Q,7.45,7.45,7.31,7.31,7.31,7.45,15,447,3304.00,
530055,HARMONY CAP.,X ,Q,5.18,5.18,4.94,4.94,4.94,4.94,5,6,29.00,
530065,LORDSHOTL   ,XT,Q,6.86,6.86,6.52,6.52,6.52,6.86,2,2,13.00,
530067,CSLFINANCE  ,X ,Q,216.05,224.95,216.00,216.00,216.00,221.05,9,2284,493487.00,
530073,SANGHVI MOVE,B ,Q,76.55,76.75,72.00,73.80,73.80,76.70,288,11292,835544.00,
530075,SELAN EXPLOR,B ,Q,115.65,116.90,107.00,109.30,108.75,114.45,295,5351,595820.00,
530077,FRESHTROP FR,X ,Q,66.00,66.20,61.10,61.35,61.25,62.70,192,17857,1157126.00,
530079,FAZE THREE L,X ,Q,45.75,45.75,41.50,43.75,43.75,43.30,23,1235,53222.00,
530109,ANUPAM      ,X ,Q,9.35,9.35,8.54,8.99,9.00,8.98,85,26669,231908.00,
530111,RAJ PACKAGIN,X ,Q,14.90,14.90,14.90,14.90,14.90,15.60,3,750,11175.00,
530117,FAIRCHEM    ,B ,Q,583.15,587.85,555.70,561.80,560.00,577.70,313,1322,751508.00,
530119,NATRAJ PROTE,XT,Q,17.10,17.10,17.10,17.10,17.10,17.10,2,220,3762.00,
530125,SAMRAT PHARM,X ,Q,115.00,126.00,115.00,116.30,116.30,117.40,252,14894,1810590.00,
530129,NILE LTD.   ,X ,Q,278.45,278.50,261.00,261.70,261.70,272.40,51,1287,344680.00,
530131,UDAIPUR CEME,X ,Q,11.35,11.35,10.90,11.03,11.06,11.21,126,75849,844395.00,
530133,AMCO INDIA L,X ,Q,23.80,23.80,22.70,23.55,23.55,22.70,5,553,12774.00,
530135,OPTIEMUS    ,B ,Q,54.25,54.25,54.25,54.25,54.25,57.10,8,170,9222.00,
530145,KISAN MOULD.,X ,Q,9.50,9.50,8.94,9.00,9.00,9.41,59,22690,204919.00,
530151,VIJAY TEXTIL,XT,Q,41.95,43.95,41.95,42.20,42.20,44.15,20,4420,187530.00,
530163,KERALA AYUR ,X ,Q,53.05,57.05,49.00,52.30,52.00,54.85,130,13271,721311.00,
530173,OSCAR GLOBAL,XT,Q,6.15,6.15,6.15,6.15,6.15,6.15,1,5,30.00,
530175,ODYSSEY TECH,X ,Q,30.80,30.80,29.50,29.65,29.50,29.50,18,2296,67990.00,
530177,SPS INTL.   ,X ,Q,7.23,7.23,7.23,7.23,7.23,6.90,1,5,36.00,
530185,SURAT TEXT. ,X ,Q,2.42,2.42,2.14,2.19,2.19,2.37,459,138600,315223.00,
530187,ATHARV ENT  ,XT,Q,0.97,0.97,0.91,0.91,0.91,0.95,7,14023,12766.00,
530191,CHROMATIC IN,T ,Q,0.75,0.75,0.69,0.72,0.73,0.72,12,22153,15845.00,
530197,FUNDVISER   ,XT,Q,7.25,7.25,7.25,7.25,7.25,7.25,1,100,725.00,
530199,THEMIS MEDIC,B ,Q,332.10,348.65,326.00,330.85,330.50,339.55,621,6577,2232523.00,
530201,KALLAM      ,XT,Q,6.81,7.29,6.81,6.81,6.81,7.16,14,6348,43253.00,
530207,BRAWN BIO   ,XT,Q,24.65,24.65,23.50,23.50,23.50,24.60,13,1881,44422.00,
530213,FORTUNE INT.,XT,Q,9.00,9.00,9.00,9.00,9.00,9.00,2,51,459.00,
530215,KINGSINFRA  ,X ,Q,24.90,25.00,24.50,24.60,24.50,24.90,27,7854,193294.00,
530233,AURO LAB.   ,X ,Q,58.80,58.80,55.10,55.20,55.10,57.25,121,14647,824663.00,
530239,SUVEN LIFE S,B ,Q,56.35,57.70,50.85,50.95,50.95,56.45,3907,340016,18049310.00,
530245,ARYAMAN FIN.,X ,Q,49.65,49.65,49.65,49.65,49.65,52.25,1,20000,993000.00,
530253,RAJ.TUBE MFG,X ,Q,11.50,11.50,11.50,11.50,11.50,11.50,1,1,11.00,
530259,INTER ST.OIL,X ,Q,7.41,7.41,7.04,7.04,7.04,7.41,2,2,14.00,
530263,GLOBAL CAP. ,XT,Q,0.95,0.95,0.95,0.95,0.95,0.95,3,750,712.00,
530265,SAINIK FIN. ,X ,Q,20.90,21.90,20.90,21.90,21.90,21.95,3,120,2528.00,
530267,SABOO BROS. ,XT,Q,16.30,16.30,16.25,16.25,16.25,17.10,2,2,32.00,
530271,RICH UNV    ,XT,Q,6.55,6.55,6.55,6.55,6.55,6.55,3,609,3988.00,
530299,KOTHARI PROD,B ,Q,61.40,61.45,59.00,59.00,59.00,62.00,73,3039,180292.00,
530305,PICCADILY AG,X ,Q,10.99,10.99,9.99,10.06,10.06,10.70,202,82453,859443.00,
530307,CHAMANLAL SE,X ,Q,98.00,98.00,92.00,92.75,92.00,93.80,600,86077,8175283.00,
530309,CHANDRA PRAB,X ,Q,16.75,16.75,15.55,15.60,16.50,16.35,18,5159,80585.00,
530313,KIMIABL     ,XT,Q,32.75,32.75,32.70,32.70,32.70,34.40,26,8183,267594.00,
530315,HIND.TIN WRK,X ,Q,46.00,46.00,41.30,42.25,42.00,45.10,139,11308,488919.00,
530317,GODAVARI DRU,X ,Q,34.60,36.00,34.30,34.30,34.30,36.10,28,3323,116359.00,
530331,PREMCO GLOB.,X ,Q,90.00,90.00,84.25,85.10,89.50,88.50,11,1004,85087.00,
530341,MUKESH BABU ,X ,Q,115.90,115.90,115.90,115.90,115.90,115.95,4,5,579.00,
530343,GENUS POWER ,B ,Q,27.40,28.80,26.75,26.95,26.75,29.00,144,24594,681144.00,
530355,ASIAN OILFIE,X ,Q,110.65,111.90,103.00,104.55,104.55,110.65,588,109814,11719976.00,
530363,UGAR SUGAR  ,B ,Q,16.00,16.10,14.82,14.87,14.85,15.62,245,54817,846781.00,
530365,ORIENTBELL  ,B ,Q,106.95,106.95,101.10,102.90,105.00,107.60,364,13243,1373831.00,
530367,NRB BEARINGS,B ,Q,84.45,84.45,75.65,76.30,75.65,79.45,688,22549,1756777.00,
530369,VAMSHI RUBB.,X ,Q,18.00,19.00,16.40,17.15,17.15,18.20,24,2563,44703.00,
530377,NILA INFRA. ,B ,Q,4.90,5.01,4.80,4.82,4.85,4.99,131,106408,516068.00,
530405,JINDAL CAP. ,X ,Q,5.16,5.16,5.00,5.00,5.00,5.16,3,299,1503.00,
530419,SUMEDHA FISC,X ,Q,19.00,19.00,18.85,18.85,18.85,19.00,5,401,7588.00,
530427,CHOKSI IMAG ,XT,Q,15.50,15.50,15.50,15.50,15.50,15.95,2,10,155.00,
530431,ADOR FONTECH,X ,Q,37.50,38.05,35.05,35.55,35.50,36.75,90,15646,574800.00,
530433,SHIVA FERT. ,X ,Q,39.00,40.25,37.85,38.10,38.00,38.95,80,6336,244477.00,
530439,SIDDHA VEN  ,X ,Q,1.64,1.64,1.64,1.64,1.64,1.67,4,578,947.00,
530445,SUMERU IND  ,XT,Q,0.74,0.74,0.74,0.74,0.74,0.74,2,24,17.00,
530459,VALSON INDUS,X ,Q,18.50,18.50,14.95,15.40,15.40,15.85,9,553,8319.00,
530461,SABOO SODIUM,XT,Q,4.27,4.71,4.27,4.71,4.71,4.49,5,3500,16484.00,
530477,VIKRAM THERM,X ,Q,183.70,195.00,178.95,185.30,186.00,178.95,925,65324,12323772.00,
530499,A.K.CAPITAL ,X ,Q,276.00,276.00,236.00,266.10,266.00,274.65,35,849,224813.00,
530517,RELAXO FOOT.,A ,Q,675.85,675.85,642.60,653.00,653.00,674.75,3825,35616,23376349.00,
530521,VIRAT INDUS.,X ,Q,29.25,30.80,29.25,30.75,30.80,30.65,4,102,3137.00,
530533,TERAI TEA CO,X ,Q,32.55,33.85,30.75,32.45,32.45,32.35,27,1685,53715.00,
530543,MARG LTD    ,Z ,Q,6.70,6.70,6.37,6.37,6.37,6.70,22,13707,87496.00,
530545,COSCO INDIA ,X ,Q,92.00,92.00,88.00,92.00,92.00,92.75,12,763,67789.00,
530549,SHILPA MEDIC,A ,Q,602.10,623.40,558.05,565.05,565.05,595.15,4122,86908,51576469.00,
530555,PARAMOUNT CO,B ,Q,7.34,7.34,7.11,7.14,7.14,7.31,45,12228,87821.00,
530557,NCL RESEARCH,X ,Q,0.23,0.24,0.23,0.24,0.24,0.24,8,6600,1524.00,
530565,ARCHANA SOFT,X ,Q,1.63,1.63,1.63,1.63,1.63,1.71,1,400,652.00,
530571,EXPLICIT FIN,X ,Q,1.72,1.72,1.72,1.72,1.72,1.72,1,1,1.00,
530579,UYFINCORP   ,X ,Q,2.53,2.74,2.32,2.57,2.57,2.53,31,18409,47028.00,
530581,EKAM LEASING,X ,Q,4.26,4.26,4.26,4.26,4.26,4.26,1,100,426.00,
530585,SWASTIK INV ,X ,Q,79.00,79.00,67.10,68.05,68.00,73.70,9,49,3346.00,
530589,PRIMA PLASTI,X ,Q,48.10,49.00,45.00,45.45,45.45,48.00,133,14764,691661.00,
530609,CARNATION IN,XT,Q,4.60,4.83,4.37,4.83,4.83,4.60,6,440,1956.00,
530617,SAMPRE NUTRI,XT,Q,11.25,11.25,11.25,11.25,11.25,11.25,1,1,11.00,
530621,AAIL        ,X ,Q,16.60,16.85,15.55,15.85,15.90,16.80,24,10488,166365.00,
530627,VIPULORG    ,X ,Q,115.00,115.00,103.90,108.10,104.00,113.95,88,5151,567205.00,
530643,ECORECO     ,X ,Q,41.50,43.50,41.05,41.10,41.05,42.85,35,4445,187659.00,
530655,GOODLUCK    ,B ,Q,41.65,41.65,38.90,39.00,39.00,42.10,146,12354,493485.00,
530663,GOYAL ASSO. ,X ,Q,0.81,0.83,0.81,0.81,0.81,0.82,28,991450,803079.00,
530665,ZENITH HEALT,XT,Q,3.99,3.99,3.99,3.99,3.99,4.07,1032,233463,931517.00,
530677,SUPREME HO  ,X ,Q,20.30,20.30,18.50,18.95,18.95,19.45,37,4785,91822.00,
530689,LYKISLTD    ,X ,Q,21.30,21.30,20.25,20.25,20.25,21.30,24,4488,91965.00,
530695,PRIME PROP  ,X ,Q,9.50,9.98,9.50,9.98,9.98,9.78,7,300,2897.00,
530697,ZENLABS     ,X ,Q,23.00,26.85,22.20,26.05,23.40,24.55,34,5054,121223.00,
530709,GOWRA LEASNG,XT,Q,13.15,13.15,13.15,13.15,13.15,13.80,1,2,26.00,
530711,JAGAN LAMPS ,X ,Q,17.60,17.60,16.70,16.95,16.70,16.70,9,663,11507.00,
530715,ALPS INDS.  ,B ,Q,1.24,1.24,1.24,1.24,1.24,1.30,3,3964,4915.00,
530741,OVOBEL FOODS,P ,Q,32.65,32.65,31.10,31.10,31.10,31.10,26,5700,184395.00,
530755,CORAL NEWSPR,X ,Q,5.00,5.00,4.85,4.85,4.85,5.05,2,10,48.00,
530759,STERL.TOOLS ,B ,Q,190.00,190.00,174.30,174.95,174.30,185.05,356,8375,1518923.00,
530779,DYNAMIC PORT,X ,Q,3.30,3.30,3.30,3.30,3.30,3.15,3,760,2508.00,
530789,CEEJAY FINAN,X ,Q,151.90,152.85,139.00,152.00,152.00,145.60,93,6392,967155.00,
530803,BHAGIL      ,B ,Q,139.00,139.95,129.05,131.60,129.05,138.55,395,7590,1029347.00,
530813,KRBL LTD.   ,A ,Q,283.00,283.65,259.60,264.15,264.15,278.60,613,10860,2925138.00,
530821,SSPDL LTD   ,X ,Q,11.54,11.54,10.61,11.48,11.48,11.00,7,1807,19987.00,
530825,DAIKAFFIL CH,XT,Q,31.85,31.85,28.85,28.85,28.85,30.35,20,2692,78072.00,
530829,CIL SECURITS,X ,Q,10.39,10.39,9.88,10.39,10.39,10.39,6,1046,10358.00,
530839,CLIO INFOTEC,X ,Q,0.90,0.90,0.90,0.90,0.90,0.90,1,1,0.00,
530843,CUPID LTD   ,B ,Q,229.00,229.10,216.00,219.15,223.20,227.15,330,5686,1262037.00,
530845,SUNSHIELD CH,XT,Q,140.00,143.00,131.00,132.05,131.00,137.50,46,2667,355633.00,
530871,CHEMBOND CHM,B ,Q,155.00,163.60,151.30,152.00,152.55,156.55,83,912,144048.00,
530879,CIFL        ,X ,Q,108.00,109.00,101.60,104.10,104.10,107.40,14,293,30527.00,
530883,SUPER CROP. ,X ,Q,8.01,8.19,7.85,7.93,7.87,8.21,58,20945,168309.00,
530889,ALKA INDIA  ,XT,Q,0.19,0.20,0.19,0.19,0.19,0.19,54,26146,4973.00,
530897,N.G.IND.LTD.,X ,Q,49.95,49.95,47.75,48.20,48.00,48.85,10,446,21711.00,
530915,J.R.FOODS   ,XT,Q,2.89,2.95,2.75,2.75,2.75,2.89,11,990,2744.00,
530919,REMSONS IND.,B ,Q,87.15,87.60,86.00,86.00,86.00,90.00,8,121,10441.00,
530943,SRI ADHIKARI,B ,Q,1.41,1.41,1.30,1.30,1.30,1.35,19,39930,55910.00,
530951,RAMINFO     ,X ,Q,14.73,14.89,14.02,14.02,14.02,14.73,11,537,7757.00,
530953,SUNIL AGRO F,X ,Q,40.00,42.75,40.00,42.75,42.75,40.75,17,1113,47374.00,
530959,DIANA TEA CO,XT,Q,11.85,11.85,11.01,11.12,11.12,11.39,14,1762,19881.00,
530961,VIKASECO    ,T ,Q,5.85,5.85,5.58,5.85,5.85,5.58,193,230454,1342754.00,
530965,INDIAN OIL  ,A ,Q,81.10,81.10,77.00,77.65,77.65,80.65,3770,785722,61839385.00,
530973,ALFA ICA (I),XT,Q,23.00,25.05,23.00,25.05,25.05,23.90,14,964,24105.00,
530977,SKCIL       ,X ,Q,28.55,28.65,28.55,28.60,28.55,30.00,5,800,22875.00,
530979,INDIA HOME  ,X ,Q,45.00,45.00,41.00,41.80,43.20,42.90,68,1543,64553.00,
530997,UNIQUE ORGAN,XT,Q,10.76,10.76,10.76,10.76,10.76,10.55,9,7446,80118.00,
530999,BALAJI AMINE,B ,Q,893.50,929.00,825.00,835.45,830.25,893.50,3894,33241,28788721.00,
531027,LIBORD SEC  ,X ,Q,6.09,6.09,6.09,6.09,6.09,5.80,1,1,6.00,
531041,COMPETENT AU,X ,Q,131.80,131.80,122.00,122.00,122.00,128.10,14,200,25352.00,
531043,DHAN JEEVAN ,XT,Q,6.70,6.70,6.70,6.70,6.70,7.05,1,1000,6700.00,
531067,CONTIL I LTD,X ,Q,10.00,10.11,10.00,10.10,10.10,9.64,6,400,4031.00,
531069,VIJAY SOLVEX,XT,Q,360.90,360.90,360.90,360.90,360.90,343.75,8,175,63157.00,
531080,SHRI KRISH  ,X ,Q,26.25,26.25,26.25,26.25,26.25,25.00,1,1,26.00,
531082,ALANKIT     ,B ,Q,18.60,18.60,16.60,16.80,16.80,17.40,113,32201,547311.00,
531083,NIHAR INFO  ,X ,Q,3.90,3.95,3.90,3.90,3.90,3.80,9,2525,9848.00,
531091,UNITED CRED.,X ,Q,9.90,10.27,9.46,10.23,10.22,9.95,17,2407,22879.00,
531092,OM MET INFRA,B ,Q,18.00,18.20,17.20,17.35,17.35,17.65,134,25625,458496.00,
531099,RUBRA MEDICA,XT,Q,2.00,2.00,2.00,2.00,2.00,2.00,5,271,542.00,
531109,ISHAN DYES  ,X ,Q,38.50,38.50,36.10,36.10,36.10,38.00,36,4051,148984.00,
531111,GOTHI PLASCO,P ,Q,13.60,14.28,13.60,13.81,13.81,13.60,25,5500,78331.00,
531112,AMAZEENT    ,XT,Q,126.65,126.65,126.65,126.65,126.65,124.20,4,115,14564.00,
531119,CEENIK EXPO.,X ,Q,6.50,6.50,6.50,6.50,6.50,6.50,1,40,260.00,
531120,PATEL ENGG. ,B ,Q,12.62,13.00,11.80,11.98,11.98,12.62,318,82181,1031333.00,
531129,INANI MARBLE,X ,Q,11.09,11.30,11.09,11.25,11.25,11.67,5,1201,13514.00,
531137,GEMSTONE INV,X ,Q,1.27,1.27,1.27,1.27,1.27,1.33,24,9129,11593.00,
531146,MEDICAMEN BI,X ,Q,408.50,424.00,400.00,401.65,404.00,400.20,201,13177,5368499.00,
531147,ALICON      ,B ,Q,345.60,346.00,335.30,340.00,340.00,339.20,42,209,71754.00,
531158,CATVISION   ,X ,Q,6.11,6.11,5.53,5.95,6.00,5.82,20,12949,77130.00,
531161,ABM KNOWLEDG,X ,Q,105.70,105.70,99.00,101.85,101.85,100.70,453,85712,8970086.00,
531162,EMAMI LTD.  ,A ,Q,380.00,380.00,360.15,362.15,365.85,369.90,556,8326,3051786.00,
531172,PRANAV.SPIN ,X ,Q,10.49,10.49,10.49,10.49,10.49,10.00,1,1,10.00,
531173,SYSCHEM (I) ,XT,Q,5.95,6.10,5.54,6.10,6.10,5.83,21,4125,23795.00,
531179,ARMAN FIN   ,B ,Q,559.05,559.05,531.50,531.50,531.50,559.45,441,2963,1616033.00,
531192,MIDINFRA    ,XT,Q,1.00,1.00,1.00,1.00,1.00,0.99,5,2031,2031.00,
531196,GAGAN POLYCO,X ,Q,2.24,2.24,2.24,2.24,2.24,2.24,4,681,1525.00,
531198,DHANADACOL  ,XT,Q,3.24,3.24,3.22,3.22,3.22,3.24,3,200,646.00,
531199,GLANCE FIN. ,X ,Q,48.75,48.75,48.75,48.75,48.75,49.00,1,1,48.00,
531201,SHILCHAR TEC,X ,Q,160.00,168.90,156.00,164.80,167.70,162.25,12,244,38488.00,
531209,NUCLE.SOFT E,B ,Q,629.50,664.70,616.00,643.05,643.05,604.30,2657,62634,40875856.00,
531210,COLINZ LABOR,XT,Q,5.80,5.80,5.80,5.80,5.80,5.97,1,1,5.00,
531213,MANAP FIN   ,A ,Q,162.00,165.45,155.00,156.20,156.20,161.75,6498,674614,108191164.00,
531215,RTS POWER CO,X ,Q,33.30,33.30,29.55,29.90,29.90,30.55,36,7407,222017.00,
531216,COMFORT INTE,X ,Q,4.70,4.90,4.44,4.90,4.90,4.67,21,2558,12338.00,
531223,ANJANI SYNT.,X ,Q,11.60,12.22,11.23,11.81,11.40,11.64,9,1241,14352.00,
531225,XTGLOBAL    ,XT,Q,23.40,23.80,21.80,21.80,21.80,22.90,104,29509,659425.00,
531233,RASI ELECTRO,X ,Q,3.09,3.09,2.70,2.85,2.85,2.84,29,7986,21750.00,
531234,VICTORY PAPR,XT,Q,102.00,103.00,98.50,100.65,100.65,102.20,28,3514,358087.00,
531237,DHRUVA CAP. ,X ,Q,3.42,3.42,3.42,3.42,3.42,3.60,2,500,1710.00,
531241,LINC PEN &PL,B ,Q,165.05,165.05,160.00,160.05,160.00,166.95,19,229,36990.00,
531246,PRIMA IND.  ,XT,Q,10.26,11.34,10.26,11.34,11.34,10.80,11,2379,26911.00,
531253,INDIA GELAT.,X ,Q,103.25,103.40,96.05,97.50,97.30,99.45,43,2538,254279.00,
531254,OPTIFIN     ,X ,Q,24.40,24.40,24.40,24.40,24.40,23.25,1,100,2440.00,
531255,PARAGON FIN.,X ,Q,13.65,13.65,13.65,13.65,13.65,13.00,4,230,3139.00,
531257,PRATIKSHA CH,XT,Q,7.13,7.50,7.13,7.50,7.50,7.50,4,450,3227.00,
531260,SUNEDISON   ,XT,Q,13.23,13.23,13.23,13.23,13.23,12.60,1,100,1323.00,
531266,VST TILLERS ,B ,Q,1902.00,1949.30,1820.15,1834.05,1844.00,1860.75,974,4902,9220290.00,
531268,B2B SOFT.   ,XT,Q,11.40,11.40,10.99,11.00,11.00,11.14,13,734,8162.00,
531273,RADHE DEVLOP,X ,Q,9.60,9.69,9.59,9.63,9.63,9.96,7,578,5551.00,
531278,ELIXIR      ,X ,Q,27.60,28.00,27.00,27.00,27.00,27.50,6,92,2515.00,
531280,PANKAJ POLY.,X ,Q,4.29,4.29,3.89,3.89,3.89,4.09,3,201,822.00,
531281,P.G.IND.LTD.,X ,Q,2.41,2.41,2.41,2.41,2.41,2.30,2,2900,6989.00,
531283,CINDRELLA FI,XT,Q,2.90,2.90,2.90,2.90,2.90,3.00,1,3,8.00,
531289,NATFIT      ,X ,Q,28.00,28.00,26.00,27.70,28.00,27.75,44,9691,263830.00,
531297,ARTEFACT PR ,X ,Q,29.95,30.60,28.60,30.15,30.00,29.90,27,1795,54062.00,
531301,HIGH STREET ,X ,Q,11.75,11.75,11.75,11.75,11.75,11.80,1,25,293.00,
531306,DHP INDIA LT,X ,Q,335.05,348.00,332.10,332.25,332.25,340.05,12,338,113876.00,
531307,RRIL        ,X ,Q,3.42,3.42,3.42,3.42,3.42,3.26,29,35680,122025.00,
531310,AVAILABLE FI,X ,Q,7.73,7.73,7.01,7.01,7.01,7.37,5,3700,26941.00,
531327,CHARMS INDUS,X ,Q,2.36,2.36,2.36,2.36,2.36,2.36,1,50,118.00,
531328,KRETTOSYS   ,XT,Q,5.78,5.78,5.78,5.78,5.78,5.89,1,200,1156.00,
531335,ZYDUS WELL  ,A ,Q,1922.00,1950.00,1728.50,1778.20,1764.50,1902.20,1336,7709,14101148.00,
531336,AUROMA COKE ,XT,Q,5.70,5.70,5.70,5.70,5.70,6.00,2,185,1054.00,
531337,JUMPNET     ,B ,Q,98.20,99.00,96.10,96.35,96.35,95.80,359,236491,22989301.00,
531339,JAIHIND PROJ,Z ,Q,0.91,0.91,0.91,0.91,0.91,0.95,1,500,455.00,
531340,BERVIN INV. ,XT,Q,9.60,9.60,9.60,9.60,9.60,9.89,1,100,960.00,
531343,INDINFRA    ,X ,Q,1.45,1.45,1.45,1.45,1.45,1.52,1,10,14.00,
531344,CONTAIN.CORP,A ,Q,382.20,387.00,372.05,378.60,378.60,389.40,3561,80998,30904815.00,
531346,EASTERN TRED,X ,Q,41.55,41.55,39.50,39.50,39.50,41.55,11,495,19573.00,
531349,PANACEA BIOT,T ,Q,190.30,199.80,182.05,195.30,195.90,207.05,365,21969,4251266.00,
531358,CHOICE INT. ,X ,Q,112.50,113.05,111.00,111.00,111.00,111.60,43,7868,883236.00,
531359,SHRIRAM ASSE,X ,Q,67.00,67.00,63.95,63.95,63.95,67.30,8,1362,87224.00,
531370,SPARC SYSTEM,X ,Q,3.60,3.60,3.60,3.60,3.60,3.78,2,900,3240.00,
531373,BYKE HOSP   ,B ,Q,14.15,14.20,13.00,13.52,13.13,14.23,64,5121,70538.00,
531381,ARIHANT FOUN,B ,Q,15.95,15.95,15.95,15.95,15.95,15.95,1,1,15.00,
531398,SOURCENTRL  ,XT,Q,141.60,141.60,141.60,141.60,141.60,144.45,3,125,17700.00,
531400,ALMONDZ GLO ,B ,Q,13.05,13.05,13.05,13.05,13.05,13.05,2,64,835.00,
531404,ZICOM ELECTR,B ,Q,3.14,3.20,3.10,3.20,3.20,3.05,94,50704,161942.00,
531409,ALCH CORP   ,X ,Q,4.90,4.90,4.90,4.90,4.90,5.15,6,786,3851.00,
531411,TUNI TEXTILE,XT,Q,0.46,0.46,0.42,0.46,0.46,0.44,85,362378,166661.00,
531412,RADIX IND   ,XT,Q,64.55,64.55,59.00,62.95,59.00,61.50,18,1485,95360.00,
531416,NARENDRA PRO,X ,Q,9.20,9.20,9.20,9.20,9.20,9.04,1,20,184.00,
531417,MEGA CORPN. ,X ,Q,0.47,0.47,0.45,0.45,0.45,0.47,12,1639,748.00,
531426,TAMIL.NEWSPR,A ,Q,110.95,111.10,104.65,105.30,105.60,110.55,1239,55291,5923531.00,
531429,ADVENT COMP.,X ,Q,1.21,1.33,1.21,1.21,1.21,1.27,6,462,561.00,
531431,SHAKTI PUMPS,B ,Q,184.00,186.25,175.45,177.95,178.00,184.65,258,4829,872687.00,
531437,PWASML      ,X ,Q,20.90,21.85,20.00,20.05,20.05,20.90,9,2547,51990.00,
531439,GOLDSTONE EN,T ,Q,9.24,9.25,9.02,9.21,9.21,9.49,33,2962,26971.00,
531449,GRM OVERSEAS,XT,Q,324.90,335.85,306.00,314.35,320.00,319.90,144,11764,3799676.00,
531453,MOHIT INDUS.,B ,Q,3.25,3.25,3.25,3.25,3.25,3.28,1,20,65.00,
531454,POLYLINK POL,X ,Q,10.37,11.25,10.37,10.55,10.55,10.77,16,2336,25272.00,
531471,DUKE OFFSHOR,XT,Q,9.20,9.65,8.76,8.76,8.76,9.22,21,943,8299.00,
531472,CYBELE IND  ,XT,Q,8.90,8.91,8.90,8.90,8.90,8.49,12,1951,17376.00,
531489,CG-VAK SOFTW,X ,Q,71.30,76.95,70.50,71.95,71.95,73.85,64,10087,749815.00,
531494,NAVKAR BUILD,XT,Q,10.70,10.70,10.26,10.26,10.26,10.26,6,263,2730.00,
531496,OMKAR OVERSE,X ,Q,1.03,1.03,1.03,1.03,1.03,0.99,3,2500,2575.00,
531497,MADHUCON PRJ,B ,Q,2.60,2.62,2.50,2.60,2.50,2.50,55,9469,24647.00,
531499,SYBLY INDS. ,X ,Q,1.80,1.80,1.80,1.80,1.80,1.80,1,1,1.00,
531500,RAJESH EXPO.,A ,Q,512.90,536.95,474.35,482.05,482.05,508.30,2863,37243,19062167.00,
531502,ESAAR (I)LTD,X ,Q,1.24,1.24,1.24,1.24,1.24,1.22,11,3325,4123.00,
531503,MARIS SPIN. ,XT,Q,19.74,19.74,19.74,19.74,19.74,19.36,3,80,1579.00,
531508,EVEREADY (I),B ,Q,150.00,150.00,141.60,142.70,142.00,146.65,330,9905,1432520.00,
531512,ORIENT TRADE,XT,Q,2.15,2.15,2.09,2.09,2.09,2.13,16,10441,21927.00,
531518,VIKASPROP   ,B ,Q,3.14,3.14,3.14,3.14,3.14,3.30,475,318609,1000432.00,
531525,ACE SOFTWARE,X ,Q,13.10,14.30,13.10,14.25,14.30,13.65,14,1242,17096.00,
531531,HATSUN AGRO ,A ,Q,840.00,849.00,807.05,813.55,807.05,835.80,1008,13505,11240291.00,
531539,RISHABH DIGH,X ,Q,22.10,23.45,22.00,23.45,23.40,23.40,14,653,14416.00,
531540,MARUTI INFRA,X ,Q,18.00,18.00,15.75,16.00,15.80,17.50,92,13320,223077.00,
531541,AVONLIFE    ,Z ,Q,7.64,7.69,7.64,7.69,7.69,7.54,21,5648,43283.00,
531543,JINDAL WORLD,B ,Q,50.00,50.85,48.40,49.00,48.50,49.70,383,20872,1029790.00,
531548,SOMANY CRAM ,A ,Q,191.00,198.50,178.15,185.15,185.15,185.40,1315,34007,6502044.00,
531556,CORAL (I)FIN,B ,Q,21.45,21.70,20.80,21.25,21.25,21.85,18,1689,35468.00,
531557,AMIT SECUR. ,X ,Q,2.02,2.02,2.02,2.02,2.02,2.12,1,10,20.00,
531569,SANJIVANI PA,XT,Q,8.43,9.31,8.43,9.31,9.31,8.87,20,15000,135558.00,
531583,RAP MEDIA   ,X ,Q,8.90,8.90,8.90,8.90,8.90,8.48,3,38,338.00,
531591,BAMPSL SECUR,XT,Q,0.75,0.76,0.75,0.76,0.76,0.78,7,6912,5197.00,
531592,GENPHARMA   ,X ,Q,11.35,11.59,11.19,11.24,11.25,11.35,96,8128,91483.00,
531595,CGCL        ,A ,Q,242.70,251.60,223.90,227.30,226.75,230.70,1330,55863,13321204.00,
531599,FDC LIMITED ,A ,Q,360.00,364.75,322.20,330.40,330.40,357.75,1499,38832,13395217.00,
531609,KG PETROCHEM,XT,Q,96.00,96.00,95.05,95.05,95.05,99.55,4,102,9699.00,
531613,MAL         ,XT,Q,0.84,0.84,0.84,0.84,0.84,0.84,1,500,420.00,
531624,COUNTRY COND,B ,Q,1.22,1.25,1.18,1.19,1.18,1.24,8,7499,9013.00,
531633,LINCOLN PHAR,B ,Q,263.95,283.00,261.25,263.65,263.65,259.35,2708,60096,16239990.00,
531637,PRAVEG      ,X ,Q,73.20,73.20,73.20,73.20,73.20,74.65,17,8039,588454.00,
531642,MARICOLTD   ,A ,Q,362.95,362.95,348.00,350.00,350.00,362.50,3351,74737,26458415.00,
531652,THIRDWAVE FI,XT,Q,28.15,28.15,28.15,28.15,28.15,28.55,2,12,337.00,
531661,HITTCO TOOLS,X ,Q,4.70,4.70,4.70,4.70,4.70,4.70,2,25,117.00,
531663,YUVRAAJHPL  ,XT,Q,0.63,0.67,0.61,0.64,0.66,0.64,15,55304,36268.00,
531668,VISION CORPO,X ,Q,0.69,0.69,0.69,0.69,0.69,0.72,4,2301,1587.00,
531672,INANI SEC.  ,XT,Q,19.65,19.65,19.65,19.65,19.65,18.74,6,401,7879.00,
531673,ANKA INDIA  ,X ,Q,8.07,8.07,7.55,7.55,7.55,7.70,4,300,2395.00,
531680,MAYUR LEATHR,XT,Q,5.35,5.35,5.35,5.35,5.35,5.35,5,37,197.00,
531687,KARUTURI GLO,Z ,Q,0.31,0.31,0.31,0.31,0.31,0.32,28,80022,24806.00,
531717,VIDHIING    ,B ,Q,103.00,107.75,96.55,98.15,98.15,101.55,1191,41307,4251324.00,
531719,BHAGIRA.CHEM,X ,Q,338.00,338.00,317.00,320.00,320.00,321.30,113,11716,3777194.00,
531723,STAMPEDE CAP,T ,Q,0.58,0.58,0.58,0.58,0.58,0.58,5,665,385.00,
531726,PANCHSHEEL O,X ,Q,68.10,69.95,67.25,67.25,67.25,68.60,32,1905,130514.00,
531727,MENON PISTON,X ,Q,12.59,12.59,11.51,11.78,12.04,12.21,140,36644,444878.00,
531737,GREENCREST  ,X ,Q,0.49,0.49,0.49,0.49,0.49,0.49,5,3257,1595.00,
531739,GENNEX LAB  ,X ,Q,4.44,4.44,4.15,4.16,4.16,4.29,488,147312,632558.00,
531746,PRAJAY ENGS.,B ,Q,6.00,6.00,5.79,5.79,5.79,5.89,2,100,589.00,
531752,SUN TECHNO  ,XT,Q,0.22,0.24,0.22,0.22,0.22,0.23,27,18209,4030.00,
531758,G.K.CONSULT.,X ,Q,2.55,2.55,2.55,2.55,2.55,2.66,1,100,255.00,
531761,APOLLOPIPES ,B ,Q,391.75,418.90,384.00,396.25,392.70,387.20,981,9060,3644037.00,
531768,POLY MEDICUR,B ,Q,502.50,507.00,478.00,487.95,488.10,496.00,1635,21252,10450027.00,
531771,TOWA SOKKI  ,XT,Q,4.72,4.72,4.72,4.72,4.72,4.95,1,50,236.00,
531784,KCLINFRA    ,XT,Q,0.73,0.73,0.73,0.73,0.73,0.70,4,31,22.00,
531795,ATUL AUTO   ,B ,Q,183.85,183.85,172.35,173.05,173.00,178.95,536,15237,2700510.00,
531802,PRERNA INFR ,X ,Q,15.80,15.81,14.75,14.75,14.75,15.06,3,3340,52487.00,
531813,GANGAPAPERS ,XT,Q,31.00,31.00,29.00,29.00,29.00,29.55,3,2000,60200.00,
531814,TIRUPATI SAR,X ,Q,5.49,5.59,5.15,5.36,5.36,5.49,11,3491,18724.00,
531822,RODIUM      ,X ,Q,74.00,74.20,74.00,74.20,74.20,75.00,11,1510,111891.00,
531832,NAGAR.AGRITE,X ,Q,3.11,3.11,3.11,3.11,3.11,3.17,2,51,158.00,
531834,NATURA HUE C,X ,Q,0.79,0.79,0.79,0.79,0.79,0.76,1,600,474.00,
531842,LAHOTI OVER.,X ,Q,10.05,10.89,9.57,9.70,10.32,10.02,14,1397,13508.00,
531845,ZENITHSTL   ,T ,Q,1.00,1.05,0.95,0.95,0.95,1.00,12,14880,14523.00,
531846,TRINITYLEA  ,XT,Q,9.64,9.64,9.64,9.64,9.64,10.13,1,50,482.00,
531859,ORIENTAL VEN,X ,Q,39.00,39.60,37.50,38.10,38.00,39.05,19,2906,111030.00,
531861,JOINDRE CAPI,X ,Q,18.25,18.85,16.55,17.20,17.20,18.65,48,725,12860.00,
531862,BHARATAGRI  ,X ,Q,155.00,155.00,149.00,153.00,154.90,151.25,14,1362,210325.00,
531867,UNITECH INTE,X ,Q,5.29,5.29,5.00,5.24,5.24,5.06,13,1485,7781.00,
531869,SACHETA MET.,X ,Q,18.00,18.20,17.31,17.88,18.20,18.50,64,13647,245480.00,
531870,POPULAR EST ,XT,Q,11.34,11.34,11.34,11.34,11.34,11.93,1,1,11.00,
531879,PIONEER DIS.,B ,Q,104.00,106.25,102.45,102.65,102.65,105.55,66,1837,190651.00,
531881,GMETCOAL    ,Z ,Q,8.66,9.40,8.66,9.40,9.40,9.10,2,21,190.00,
531882,KWALITYLTD  ,B ,Q,2.96,3.00,2.89,2.91,2.89,2.97,183,114102,336949.00,
531888,REXNORD ELE.,X ,Q,26.85,26.85,24.00,24.10,24.00,26.65,68,9935,250341.00,
531889,INTEG.TECH. ,XT,Q,0.67,0.67,0.67,0.67,0.67,0.64,1,10,6.00,
531892,KHANDWALA SE,B ,Q,8.97,9.86,8.97,9.25,9.25,9.27,31,915,8606.00,
531900,CCL INTER   ,X ,Q,13.98,13.98,13.50,13.50,13.50,13.71,7,803,10841.00,
531917,TWINSTAR SOF,Z ,Q,0.91,0.91,0.86,0.86,0.86,0.90,4,2125,1881.00,
531921,AGAR IND COR,B ,Q,101.95,102.00,98.00,98.05,98.00,99.15,81,1374,136226.00,
531923,DHAMPURE SGR,X ,Q,16.89,16.89,16.89,16.89,16.89,17.77,3,101,1705.00,
531925,SHANTANU SHE,XT,Q,0.56,0.56,0.56,0.56,0.56,0.57,4,1500,840.00,
531929,INNOCORP L  ,XT,Q,2.00,2.00,2.00,2.00,2.00,2.03,1,1,2.00,
531930,SARTHAK INDU,X ,Q,8.00,8.00,8.00,8.00,8.00,7.65,1,5,40.00,
531936,BLUE CHIP(I),T ,Q,0.34,0.34,0.34,0.34,0.34,0.34,7,10000,3400.00,
531950,VERTEX SEC. ,X ,Q,0.91,0.92,0.91,0.92,0.92,0.91,2,49,44.00,
531952,RIBA TEXTILS,X ,Q,34.00,34.00,32.15,33.70,33.50,34.00,20,1384,46400.00,
531972,TRIDENTTOOL ,Z ,Q,6.78,6.78,6.78,6.78,6.78,7.13,1,200,1356.00,
531977,CHARTERLOGIS,X ,Q,2.95,3.00,2.70,2.77,2.88,3.00,90,38401,108603.00,
531978,AMBIKA COTTO,B ,Q,710.00,710.00,675.00,676.85,676.00,695.95,277,1859,1267792.00,
531979,HIND ALUMIN ,X ,Q,42.55,46.00,38.10,39.60,39.60,41.80,38,2039,82363.00,
531996,ODYSSEY CORP,X ,Q,0.76,0.76,0.76,0.76,0.76,0.80,1,119,90.00,
532007,SHREEVAT.FIN,XT,Q,3.39,3.39,3.07,3.07,3.07,3.23,2,308,1041.00,
532011,POOJA ENT   ,XT,Q,37.80,37.80,37.80,37.80,37.80,37.10,12,2205,83349.00,
532015,GRAVITY (I) ,XT,Q,1.24,1.30,1.20,1.24,1.20,1.24,8,1581,1950.00,
532022,FILAT FASH  ,XT,Q,2.55,2.78,2.55,2.78,2.78,2.68,21,11313,29366.00,
532029,SINDHU TRADE,XT,Q,48.10,48.10,48.10,48.10,48.10,49.65,1,1,48.00,
532033,JAIN STUDIOS,Z ,Q,2.99,2.99,2.90,2.90,2.90,3.00,2,1025,2974.00,
532035,UNISTAR MULT,X ,Q,0.76,0.82,0.76,0.82,0.82,0.79,4,2025,1659.00,
532039,ZENOTECH    ,X ,Q,34.55,34.55,34.55,34.55,34.55,32.95,168,91584,3164227.00,
532041,HINDUSTN BIO,XT,Q,3.21,3.21,3.21,3.21,3.21,3.15,23,9937,31897.00,
532051,SWELECT     ,T ,Q,133.20,133.25,132.05,132.05,132.05,138.95,20,709,93881.00,
532053,WALLFORT FIN,XT,Q,20.90,21.00,20.90,20.90,20.90,20.95,6,1883,39374.00,
532054,KDDL LTD    ,B ,Q,197.00,197.00,178.75,178.75,178.75,188.15,14,415,77098.00,
532056,ADINATH EXIM,XT,Q,6.47,6.47,5.90,6.00,6.00,6.17,11,2918,17513.00,
532067,KILPEST (I) ,XT,Q,296.35,296.35,296.35,296.35,296.35,302.35,198,15153,4490591.00,
532070,SUPERB PAPER,X ,Q,10.75,10.75,10.00,10.70,10.70,10.45,5,4352,45281.00,
532081,KSERASERA   ,T ,Q,0.25,0.26,0.25,0.25,0.25,0.26,73,330269,82739.00,
532090,VANDANA     ,XT,Q,0.36,0.36,0.34,0.34,0.34,0.35,6,2142,750.00,
532092,SAGARPROD   ,X ,Q,7.80,7.99,6.75,7.14,7.44,7.44,130,264584,1937380.00,
532097,MUKAND ENGG.,B ,Q,10.46,10.46,10.46,10.46,10.46,11.01,6,963,10072.00,
532113,BRIJLAXMI LE,X ,Q,1.07,1.07,1.07,1.07,1.07,1.02,4,525,561.00,
532114,AREALTY     ,X ,Q,1.01,1.01,1.01,1.01,1.01,0.97,2,130,131.00,
532123,BSE  INFRA  ,B ,Q,1.01,1.04,1.00,1.01,1.00,1.00,16,10666,10759.00,
532124,RELIAB VEN  ,X ,Q,8.18,8.89,7.38,8.55,8.55,8.18,12,1014,8222.00,
532129,HEXAWARE TEC,A ,Q,460.00,460.95,456.50,457.10,457.05,458.35,735,18627,8526892.00,
532134,BANKBARODA  ,A ,Q,45.10,45.30,42.50,42.85,42.85,45.05,7453,1517364,66389028.00,
532141,ANDHRA CEMEN,B ,Q,4.95,5.00,4.80,4.83,4.80,4.96,228,56281,275253.00,
532143,SKM EGG PROD,B ,Q,43.85,43.95,40.00,40.20,40.00,43.30,322,14345,593926.00,
532144,WELCORP     ,A ,Q,111.60,115.00,109.65,109.65,109.65,115.40,1815,103719,11547330.00,
532145,H.S.(I) LTD.,X ,Q,5.00,5.00,5.00,5.00,5.00,5.00,2,9,45.00,
532149,BNK OF INDIA,A ,Q,44.30,44.90,41.55,42.10,42.10,44.35,3187,1064840,46758905.00,
532150,INDRAPRAST  ,B ,Q,50.15,50.15,46.05,46.95,47.25,50.30,507,27547,1321485.00,
532155,GAIL (I) LTD,A ,Q,91.90,92.30,87.50,88.15,88.15,91.90,3657,1474443,133321188.00,
532156,VAIBHAVGBL  ,A ,Q,1885.00,1940.00,1765.55,1790.40,1830.00,1889.70,1921,8219,15396952.00,
532159,TRESCON     ,X ,Q,82.50,84.45,77.45,78.50,77.45,80.40,58,10182,806179.00,
532160,GUJ.STAT.FIN,T ,Q,2.10,2.10,1.90,2.10,2.10,2.00,10,5089,10657.00,
532162,JK PAPER    ,B ,Q,96.80,98.95,91.65,93.00,93.00,96.95,1914,118104,11220117.00,
532163,SAREGAMA (I),B ,Q,535.00,562.35,535.00,549.40,549.00,557.40,473,2935,1614544.00,
532173,CYBERTECH   ,B ,Q,62.30,63.40,58.95,60.60,61.90,62.25,182,10403,634589.00,
532174,ICICI BANK  ,A ,Q,366.25,368.65,349.25,350.85,350.85,369.90,30227,1148246,411092823.00,
532175,CYIENT      ,A ,Q,428.00,442.00,393.65,407.75,408.20,422.20,1823,48350,20507245.00,
532178,ENGINRS.(I) ,A ,Q,68.75,68.95,66.20,67.05,67.05,68.95,2569,297644,20094480.00,
532180,DHANALAK.BNK,B ,Q,13.51,13.65,12.99,13.07,13.07,13.57,445,100414,1331645.00,
532181,GUJ.MINERAL ,A ,Q,45.05,45.45,42.60,43.00,43.05,45.45,944,113448,4992914.00,
532183,GAYATRI SUGR,XT,Q,2.00,2.00,1.82,1.83,1.83,1.91,5,4000,7827.00,
532187,INDUSIND BNK,A ,Q,609.00,617.20,554.30,560.20,560.20,613.35,30314,967448,563319086.00,
532189,INDIA TOURIS,A ,Q,258.15,259.50,240.10,245.65,243.30,258.55,347,3346,828529.00,
532209,J & K BANK  ,A ,Q,16.90,16.90,15.55,15.70,15.70,16.35,873,266602,4300121.00,
532210,CITY UNION  ,A ,Q,143.00,143.90,136.35,138.65,137.65,143.80,816,29095,4053048.00,
532212,ARCHIES LTD ,B ,Q,12.34,12.34,11.90,11.99,11.99,12.16,20,302215,3647606.00,
532215,AXIS BANK   ,A ,Q,444.30,444.30,420.60,423.25,423.25,443.30,8588,469149,202115257.00,
532216,HB STOCKHOL.,B ,Q,5.71,6.15,5.70,5.70,5.70,6.00,11,1707,9766.00,
532218,SOUTH IND.BK,A ,Q,6.99,7.00,6.79,6.81,6.81,6.95,67459,2504421,17228218.00,
532219,ENERGY DEV. ,B ,Q,6.02,6.11,5.91,5.91,5.91,6.22,39,8079,47956.00,
532221,SONATA SOFT.,A ,Q,339.00,345.45,321.25,329.25,329.25,336.45,3199,72899,24670318.00,
532234,NAT.ALUM    ,A ,Q,35.30,35.30,32.90,33.10,33.10,34.85,1234,584172,19837507.00,
532240,INDIA NIPPON,B ,Q,344.95,344.95,330.00,330.80,330.00,344.10,135,1213,407483.00,
532256,NALWA SONS  ,B ,Q,707.95,766.10,707.95,741.00,741.00,728.00,28,215,160566.00,
532259,APAR INDUS. ,B ,Q,313.35,313.55,297.05,301.10,300.50,314.75,543,6427,1951603.00,
532268,ACCELYA     ,B ,Q,1033.15,1033.20,1024.00,1025.35,1027.95,1033.15,43,520,534020.00,
532271,CYBERMATE   ,X ,Q,1.00,1.00,0.93,0.96,0.97,1.00,72,100546,95162.00,
532281,HCL TECHNO  ,A ,Q,822.60,849.70,794.05,802.30,802.30,811.10,17520,712919,591486030.00,
532284,TCFC FINANCE,X ,Q,17.50,17.50,17.50,17.50,17.50,17.30,1,2,35.00,
532285,GEOJITFSL   ,B ,Q,40.95,41.55,37.50,38.60,38.00,40.95,850,83037,3342850.00,
532286,JINDAL STE  ,A ,Q,199.70,199.70,168.70,175.30,175.30,198.45,24221,2560804,464772115.00,
532290,BLB LTD.    ,T ,Q,6.07,6.07,5.70,5.70,5.70,5.99,6,237,1351.00,
532296,GLENMARK PHA,A ,Q,509.00,513.75,461.75,473.15,473.15,508.65,10378,324176,159009612.00,
532300,WOCKHARDT   ,A ,Q,304.70,308.00,290.25,291.60,291.00,305.35,1038,25206,7500371.00,
532301,TATA COFFEE ,A ,Q,111.55,112.40,105.00,105.95,105.95,111.65,937,55590,6016375.00,
532305,IND-SWIFT LA,B ,Q,45.50,45.50,41.30,44.25,44.25,43.35,257,31361,1409026.00,
532307,MELSTAR INFO,Z ,Q,2.30,2.35,2.14,2.14,2.14,2.25,9,805,1765.00,
532309,GEPIL       ,A ,Q,468.05,468.80,439.65,444.75,449.40,463.80,617,3864,1766101.00,
532310,SHREE RAMA  ,B ,Q,8.55,8.91,8.13,8.13,8.13,8.55,123,33604,279197.00,
532313,MAHINDRALIFE,A ,Q,240.00,243.85,224.00,232.45,231.55,243.15,596,6869,1590817.00,
532320,VAARAD      ,X ,Q,4.93,5.16,4.69,4.91,4.91,4.93,14,5179,26058.00,
532321,CADILA HEALT,A ,Q,416.85,416.95,390.50,396.10,394.60,409.15,4291,213198,86599776.00,
532323,SHIVA CEMENT,X ,Q,10.70,11.00,10.27,10.36,10.36,10.99,265,130195,1381409.00,
532324,CINEVISTA   ,T ,Q,6.25,6.50,6.05,6.50,6.50,6.35,4,221,1363.00,
532326,INTENS TECH ,B ,Q,32.95,33.30,32.25,32.25,32.25,32.45,25,4178,135955.00,
532329,DANLAW TECH.,XT,Q,70.80,70.80,65.10,65.10,65.10,68.20,10,286,18854.00,
532330,BIOPAC INDIA,XT,Q,4.18,4.20,4.18,4.18,4.18,4.40,11,3312,13844.00,
532331,AJANTA PHARM,A ,Q,1625.00,1655.00,1505.00,1588.55,1562.75,1615.45,3185,24567,39045016.00,
532333,HB PORTFOLIO,X ,Q,15.60,16.45,14.75,15.35,14.75,16.50,28,2961,46189.00,
532334,HB ESTATE DE,X ,Q,9.10,9.10,9.06,9.06,9.06,9.53,5,73,661.00,
532336,BARON INFO. ,XT,Q,0.23,0.23,0.23,0.23,0.23,0.22,1,2,0.00,
532339,COMPUCOM SOF,B ,Q,7.70,8.00,7.70,7.71,7.75,7.90,72,22235,173673.00,
532341,IZMO        ,B ,Q,35.55,37.40,33.90,34.10,33.90,35.65,318,17475,632665.00,
532343,TVS MOTOR L ,A ,Q,460.00,460.00,447.90,453.00,447.90,456.70,1110,36017,16334334.00,
532344,SOFTSOL (I) ,X ,Q,58.80,58.80,58.80,58.80,58.80,59.95,4,153,8996.00,
532345,GATI LTD.   ,B ,Q,51.70,51.70,46.40,46.80,46.80,49.90,674,63602,3131128.00,
532348,SUBEX LTX   ,B ,Q,10.94,10.94,10.12,10.19,10.25,10.58,304,329910,3447982.00,
532349,TRANSPORT CO,B ,Q,236.40,238.70,234.95,235.40,235.30,238.30,157,4661,1103920.00,
532350,PADMALAYA TE,XT,Q,1.81,1.98,1.81,1.92,1.81,1.90,22,3197,5983.00,
532351,AKSH OPTIFIB,B ,Q,6.12,6.12,5.89,5.92,5.92,6.19,102,41179,245298.00,
532354,VIRGOGLOB   ,Z ,Q,0.49,0.49,0.49,0.49,0.49,0.51,5,1950,955.00,
532356,TRIVENI ENGG,B ,Q,76.90,77.50,69.00,72.25,72.25,77.05,757,69670,5207014.00,
532357,MUKTA ARTS  ,B ,Q,27.25,27.25,26.35,26.85,26.85,27.70,16,824,22084.00,
532362,NAGPUR POWER,X ,Q,27.80,27.80,25.60,25.60,25.60,26.90,5,260,6706.00,
532365,DYNACONS SYS,B ,Q,29.80,31.35,29.00,29.40,29.50,29.85,156,19285,589258.00,
532366,PNB GILTS   ,B ,Q,42.30,43.25,42.25,42.65,42.65,42.10,720,43834,1873082.00,
532368,BCG         ,B ,Q,7.08,7.45,6.99,7.10,7.10,7.31,657,3305351,23662033.00,
532369,RAMCO INDS. ,B ,Q,185.55,192.40,184.10,185.15,184.95,189.00,229,8945,1675605.00,
532370,RAMCO  SYSTM,B ,Q,394.95,396.95,361.05,393.60,393.60,378.05,2580,110322,43343127.00,
532371,TATA TELESER,B ,Q,3.21,3.21,2.91,2.96,2.96,3.15,815,448795,1369313.00,
532372,VIRINCHI    ,X ,Q,37.50,38.45,36.50,37.10,36.50,38.25,213,89921,3384738.00,
532373,WEPSOLN     ,X ,Q,19.50,20.50,18.25,18.60,18.55,19.55,16,3956,73664.00,
532374,STER TECH   ,A ,Q,155.00,158.55,148.00,149.20,149.20,156.40,3638,233864,35510795.00,
532375,TIPSINDUSTR ,B ,Q,258.20,266.00,233.55,239.75,245.55,257.35,350,3660,911074.00,
532376,MRO-TEK     ,B ,Q,25.80,25.80,25.00,25.25,25.00,25.70,6,409,10387.00,
532378,UNIVERSAL A ,X ,Q,0.70,0.70,0.70,0.70,0.70,0.72,1,400,280.00,
532379,FIRSTOBJ    ,XT,Q,6.76,6.89,6.76,6.89,6.89,6.76,3,525,3563.00,
532380,BABA ARTS   ,X ,Q,7.66,7.66,7.40,7.40,7.40,7.30,9,4571,33877.00,
532382,BALAJI TELE.,B ,Q,77.90,77.90,71.95,72.35,72.45,75.40,352,16841,1238352.00,
532384,TYCHE INDS  ,X ,Q,294.40,298.35,280.55,286.65,286.65,284.15,1280,94965,28060059.00,
532387,PRITISHN COM,B ,Q,14.10,14.30,13.85,13.95,13.95,14.45,9,717,10024.00,
532388,INDIAN OVER.,A ,Q,10.06,10.10,9.50,9.62,9.62,10.07,1153,401905,3923354.00,
532390,TAJ GVK HOTL,B ,Q,137.20,137.95,130.20,130.80,130.85,137.20,576,9623,1281677.00,
532391,OPTO CIRCUIT,B ,Q,5.80,5.96,5.68,5.68,5.68,5.97,542,333290,1909340.00,
532392,CREATIVE EYE,T ,Q,3.74,3.74,3.74,3.74,3.74,3.57,23,56551,211500.00,
532395,AXISCADES   ,B ,Q,57.80,57.80,52.60,52.95,52.65,55.35,351,27054,1497768.00,
532398,UMESL       ,B ,Q,1.42,1.42,1.42,1.42,1.42,1.49,1,7062,10028.00,
532400,BSOFT       ,A ,Q,195.50,203.50,188.50,189.95,189.95,195.20,3073,169420,33400121.00,
532404,SAVEN TECHNO,X ,Q,15.85,15.85,14.40,14.50,14.50,14.35,13,470,6895.00,
532406,AVANTEL LTD ,X ,Q,416.00,437.70,401.00,413.05,415.00,405.55,600,24284,10233281.00,
532407,MOSCHIP     ,X ,Q,12.12,12.25,11.65,11.88,11.71,11.98,72,103706,1254200.00,
532408,MEGASOFT LTD,T ,Q,7.74,8.20,7.55,8.15,8.15,7.84,70,10090,78941.00,
532410,TRANSCORP IN,X ,Q,8.60,8.60,8.17,8.17,8.17,8.60,23,4784,39115.00,
532413,CEREBRA INTE,B ,Q,29.20,29.85,29.15,29.50,29.50,29.65,44,17006,501180.00,
532419,SMARTLINK   ,B ,Q,71.00,74.05,70.90,70.90,70.90,70.00,416,19835,1444626.00,
532424,GODREJ CONS ,A ,Q,710.00,716.15,680.00,687.60,687.60,714.10,2725,44740,31339293.00,
532425,GENUSPRIME  ,X ,Q,1.29,1.29,1.29,1.29,1.29,1.29,1,2,2.00,
532430,BF UTILI    ,B ,Q,248.00,251.50,233.90,235.10,233.90,249.25,738,15585,3779305.00,
532432,UNITD SPR   ,B ,Q,546.00,546.00,511.25,521.85,521.85,543.70,7577,151817,80471068.00,
532435,SANINFRA    ,XT,Q,146.00,153.30,139.00,147.95,147.95,146.00,34,730,103918.00,
532439,OLECTRA     ,B ,Q,67.15,70.90,63.00,64.25,64.25,70.00,427,22163,1451875.00,
532440,MPS LTD     ,B ,Q,435.00,435.00,411.95,416.20,428.00,433.60,191,2752,1169227.00,
532443,CERA SANITAR,A ,Q,2470.60,2470.60,2350.00,2364.80,2350.00,2424.20,37,93,221570.00,
532444,T. SPIRITUAL,XT,Q,0.25,0.25,0.25,0.25,0.25,0.26,4,3100,775.00,
532454,BHARTI ARTL ,A ,Q,496.40,496.40,461.35,467.85,467.85,496.70,28735,1021403,486802209.00,
532455,SHALIMAR WIR,X ,Q,4.10,4.28,4.10,4.10,4.10,4.10,5,960,3937.00,
532456,COMPUAGE INF,B ,Q,15.11,16.49,14.68,14.75,14.68,15.17,429,105951,1631564.00,
532457,GULSHAN POLY,B ,Q,59.55,60.30,58.30,58.45,58.45,61.35,176,8405,497630.00,
532459,FAZE3AUTO   ,X ,Q,28.55,30.80,28.55,30.20,30.20,30.05,8,940,28335.00,
532460,PONNI SUG(ER,B ,Q,160.80,160.80,159.10,159.10,159.10,162.00,10,194,31032.00,
532461,PUNJAB NATIO,A ,Q,32.60,32.60,30.40,30.65,30.65,32.60,14519,2267475,71539770.00,
532466,ORACLE FIN  ,A ,Q,2990.70,3185.55,2990.70,3044.40,3032.00,2988.35,1958,9865,30555398.00,
532467,HAZ MUL PRO ,X ,Q,0.63,0.63,0.63,0.63,0.63,0.60,3,919,578.00,
532468,KAMAHOLDING ,B ,Q,5049.00,5049.00,4820.55,4849.00,4939.90,4949.00,20,31,151484.00,
532470,MATHER & PLA,XT,Q,6.74,6.74,6.74,6.74,6.74,6.42,2,4,26.00,
532475,APTECH LTD  ,B ,Q,130.00,130.00,117.45,118.05,117.90,125.00,631,24222,2948572.00,
532477,UNION BANK L,A ,Q,26.70,27.90,25.65,26.05,26.05,26.85,2589,796316,21238879.00,
532478,UNITED BREWA,A ,Q,1020.05,1020.50,970.90,982.15,982.15,1018.65,1280,13880,13812401.00,
532479,ISMT LTD    ,T ,Q,12.87,12.87,12.87,12.87,12.87,12.26,120,168312,2166175.00,
532481,NOIDA-TOLL B,B ,Q,3.52,3.52,3.20,3.20,3.20,3.36,55,31469,108454.00,
532482,GRANULES (I),A ,Q,370.00,373.25,355.05,360.25,360.25,365.20,5871,229456,83640822.00,
532483,CANARA BANK ,A ,Q,98.60,98.95,95.05,95.60,95.60,98.60,2252,297517,29124678.00,
532485,BALMER LA.IN,B ,Q,345.65,357.00,342.35,353.70,353.70,354.60,1070,37587,13199237.00,
532486,POKARNA LTD ,B ,Q,140.25,149.40,136.95,136.95,136.95,144.15,565,17416,2462315.00,
532488,DIVI'S LAB. ,A ,Q,3355.50,3374.00,3122.95,3159.50,3159.50,3347.20,6755,86418,282611271.00,
532493,ASTRA MICRO ,B ,Q,120.10,126.00,120.10,121.35,121.00,122.70,1378,74881,9255262.00,
532497,RADICOKHAIT ,A ,Q,456.60,456.60,416.00,420.85,420.85,451.85,1779,39575,17088195.00,
532498,SHRMCITYUN  ,A ,Q,972.50,972.50,885.00,894.20,892.00,971.45,430,2023,1847672.00,
532500,MARUTISUZUK ,A ,Q,6971.00,6985.00,6589.50,6622.35,6622.35,6963.30,6562,38469,260037485.00,
532503,RAJAPAMILLS ,X ,Q,600.00,600.00,590.00,590.00,590.00,590.10,25,93,55111.00,
532504,NAVIN FLUORI,A ,Q,2080.00,2089.00,2027.20,2050.30,2053.10,2048.30,3080,12726,26215796.00,
532505,UCOBANK     ,A ,Q,13.10,13.15,12.50,12.68,12.68,13.11,1118,312209,3993311.00,
532507,BAG FIL MED ,B ,Q,2.56,2.59,2.49,2.55,2.55,2.57,41,43493,110535.00,
532508,JSL         ,A ,Q,43.95,44.90,43.00,43.20,43.05,44.00,305,32640,1422016.00,
532509,SUPRAJIT ENG,A ,Q,178.90,180.15,175.65,176.45,176.00,180.00,416,57086,10103359.00,
532513,TVSELE      ,B ,Q,100.35,100.35,94.80,95.30,95.30,99.75,146,4001,388788.00,
532514,INDRA GAS   ,A ,Q,417.30,429.05,412.20,414.85,414.00,419.45,3398,109840,46537793.00,
532515,TV TODAY    ,A ,Q,231.50,232.00,214.60,215.95,214.60,223.55,503,10843,2415465.00,
532521,PALRED      ,T ,Q,24.70,26.35,24.70,26.35,26.35,26.00,21,1987,49462.00,
532522,PETRONET LNG,A ,Q,226.50,228.45,222.60,224.50,223.05,228.00,1346,57196,12919356.00,
532523,BIOCON LTD. ,A ,Q,454.25,454.25,425.80,428.85,428.85,453.80,3641,185814,81343872.00,
532524,PTC INDIA   ,A ,Q,50.60,50.70,46.00,46.45,46.45,50.70,2785,451289,21779330.00,
532525,BANK MAHA   ,A ,Q,12.59,12.59,11.50,11.64,11.64,12.26,1159,316546,3776509.00,
532527,RK FORGINGS ,B ,Q,287.45,309.00,266.90,285.75,280.15,291.35,818,32312,9276285.00,
532528,DATAM GLOB  ,B ,Q,86.90,87.50,81.35,81.35,81.35,85.60,423,14455,1215947.00,
532529,NDTV        ,B ,Q,34.55,34.65,33.55,34.40,34.40,34.55,42,827,28356.00,
532531,STAR        ,A ,Q,712.60,720.00,654.95,659.10,659.10,712.60,3207,157519,109058267.00,
532532,JAIPRA      ,B ,Q,3.35,3.36,3.17,3.17,3.17,3.33,4231,2074048,6666395.00,
532538,ULTRATECH CM,A ,Q,4000.00,4003.15,3851.10,3888.95,3888.95,4004.70,4549,36318,141368309.00,
532539,MINDA IND   ,A ,Q,355.00,355.00,334.10,336.35,334.25,351.45,609,8727,2970891.00,
532540,TCS LTD.    ,A ,Q,2460.00,2505.00,2453.60,2464.60,2464.60,2450.75,10871,127699,317164077.00,
532541,COFORGE     ,A ,Q,2212.40,2270.40,2085.50,2096.95,2098.15,2192.20,1719,14467,31867854.00,
532543,GULFPETRO   ,B ,Q,41.00,41.75,39.50,39.60,39.50,41.35,73,4215,167753.00,
532548,CENTURYPLY  ,A ,Q,184.00,186.00,168.00,169.95,169.95,184.00,1338,36415,6476063.00,
532553,WELENT      ,B ,Q,66.55,67.50,63.00,63.60,63.70,66.80,579,10062,653749.00,
532555,NTPC LTD    ,A ,Q,91.30,91.30,87.40,88.30,88.30,90.50,1748,336986,30057579.00,
532604,SALSTEEL    ,B ,Q,2.91,3.01,2.84,2.92,2.92,2.91,12,4398,12597.00,
532605,JBM AUTO    ,B ,Q,231.55,232.90,218.45,218.75,218.75,228.75,132,1173,265080.00,
532610,DWAR SUGAR  ,B ,Q,29.70,29.75,28.40,28.55,28.55,29.70,157,32250,933258.00,
532612,INDOCO REM  ,B ,Q,265.00,272.65,254.20,258.10,258.20,269.90,1139,18478,4831040.00,
532613,VIPCLOTHNG  ,B ,Q,10.20,10.21,9.84,9.84,9.84,10.35,66,34029,338131.00,
532616,XCHANGING   ,B ,Q,83.50,86.20,80.00,82.10,82.95,84.30,347,15669,1311287.00,
532617,JETAIRWAYS  ,Z ,Q,26.80,27.00,25.55,26.30,26.30,26.80,423,29320,767790.00,
532622,GATEWAY DIST,A ,Q,91.00,91.10,87.50,88.40,88.90,89.45,231,5586,496639.00,
532624,JINDALPH    ,B ,Q,12.55,12.55,12.55,12.55,12.55,12.66,1,25,313.00,
532626,PONDY OXIDES,X ,Q,255.00,268.00,244.30,248.30,247.00,253.80,528,21800,5587628.00,
532627,JPPOWER     ,B ,Q,2.52,2.52,2.34,2.34,2.34,2.46,1127,6369598,15168962.00,
532628,3I INFOTECH ,B ,Q,3.41,3.41,3.21,3.23,3.23,3.37,1241,2152685,7027641.00,
532629,MCNALLYB    ,T ,Q,5.20,5.20,5.00,5.12,5.00,5.15,14,103235,526552.00,
532630,GOKALDAS    ,B ,Q,64.50,65.15,59.90,60.30,60.30,63.70,164,10760,663342.00,
532633,ALLSEC TECH ,B ,Q,257.35,260.40,244.05,246.10,248.45,256.15,33,856,214894.00,
532636,IIFL        ,A ,Q,86.45,87.85,81.65,83.60,83.00,87.25,1585,114132,9599557.00,
532637,MAN DRUGORG ,B ,Q,143.90,150.95,136.85,137.30,137.30,144.05,793,48663,6865708.00,
532638,SHOPPER STOP,A ,Q,170.00,171.00,167.60,168.50,169.00,169.75,582,15653,2643609.00,
532642,JSWHL       ,B ,Q,2337.05,2337.05,2319.00,2326.50,2326.50,2357.35,7,21,48993.00,
532644,JK CEMENT   ,A ,Q,1599.00,1599.00,1520.60,1526.00,1520.60,1555.10,319,1160,1798226.00,
532645,BEEYU OVERSE,X ,Q,0.39,0.39,0.39,0.39,0.39,0.38,2,950,370.00,
532646,UNIPLY IND  ,Z ,Q,4.75,4.75,4.49,4.54,4.60,4.72,231,82800,378850.00,
532648,YES BANK    ,A ,Q,14.03,14.03,13.50,13.57,13.57,14.03,33511,20065941,275815828.00,
532649,NECTAR LIFE ,B ,Q,21.55,23.60,20.80,21.00,21.00,22.40,1268,273214,6099498.00,
532650,MSP STEEL   ,B ,Q,6.81,6.81,6.81,6.81,6.81,6.90,1,250,1702.00,
532651,SPL INDS    ,B ,Q,29.60,29.60,28.30,28.30,28.30,29.50,48,6855,197447.00,
532652,KARNATAKA BK,A ,Q,42.85,43.30,41.55,41.75,41.75,42.75,1087,137850,5852034.00,
532654,MCLEOD RUSSE,T ,Q,17.55,18.00,17.55,17.55,17.55,18.45,79,21660,380625.00,
532656,FACOR ALLOYS,X ,Q,1.24,1.28,1.20,1.24,1.24,1.26,67,158820,197674.00,
532658,EON ELECT   ,Z ,Q,6.65,6.65,6.32,6.32,6.32,6.65,10,1126,7119.00,
532659,IDFC        ,A ,Q,32.85,32.90,30.90,31.30,31.30,32.10,916,336020,10676993.00,
532660,VIVIMED LABS,B ,Q,20.95,21.35,19.65,19.85,19.75,20.35,403,153677,3213622.00,
532661,RANE MADRAS ,B ,Q,211.35,211.60,208.00,210.75,210.75,216.35,9,249,51922.00,
532662,HT MEDIA    ,T ,Q,13.50,14.75,13.50,14.60,14.60,14.10,38,9570,137161.00,
532663,SASKEN      ,B ,Q,603.25,682.90,601.15,637.80,644.80,588.75,3772,33557,21981876.00,
532666,FCS SOFTWARE,B ,Q,0.43,0.44,0.42,0.42,0.42,0.42,193,380142,162186.00,
532667,SUZLONENERGY,A ,Q,3.09,3.25,3.02,3.13,3.13,3.11,44746,6104414,19279657.00,
532668,AURIONPRO SO,B ,Q,79.50,79.50,75.75,79.05,79.05,75.75,410,52573,4160215.00,
532670,RENUKA SUGAR,B ,Q,9.52,9.52,8.84,8.86,8.86,9.30,322,186770,1690079.00,
532673,KM SUGARMILL,B ,Q,10.94,11.05,10.23,10.43,10.48,10.95,161,48787,521258.00,
532674,BANNARI AMMA,B ,Q,91.55,91.60,91.55,91.60,91.60,90.85,2,15,1373.00,
532678,BOMBAY RAYON,T ,Q,11.49,11.49,10.92,10.92,10.92,11.49,32,5332,58288.00,
532679,SORILINFRA  ,B ,Q,70.35,70.35,67.45,67.45,67.45,71.00,85,6490,444501.00,
532683,AIAENGINEER ,A ,Q,1910.00,1941.45,1769.10,1794.40,1794.05,1878.75,1080,6244,11437617.00,
532684,EVEREST KANT,T ,Q,28.50,29.50,27.25,28.00,28.40,28.35,75,12553,359362.00,
532686,KERNEX MICRO,T ,Q,19.05,19.05,19.05,19.05,19.05,19.15,1,10,190.00,
532687,REPRO INDIA ,B ,Q,400.00,413.25,388.60,400.30,399.40,409.85,104,718,288971.00,
532689,PVR LTD     ,A ,Q,1205.00,1211.35,1103.00,1115.45,1115.45,1203.80,7037,112406,130702261.00,
532690,RAMSARUP IND,Z ,Q,0.35,0.36,0.35,0.35,0.35,0.35,7,1250,442.00,
532692,RADHA MADHAV,T ,Q,3.23,3.25,3.03,3.06,3.21,3.12,15,9980,31376.00,
532693,PUNJ LLOYD  ,Z ,Q,1.45,1.49,1.41,1.44,1.43,1.46,52,60271,87339.00,
532694,BARTRONICSIN,Z ,Q,2.05,2.22,2.05,2.05,2.05,2.15,13,6705,13882.00,
532696,EDUCOMP SOLN,Z ,Q,3.18,3.18,2.93,3.05,3.05,3.08,40,22088,65204.00,
532698,NITINSPINNER,B ,Q,38.05,39.70,38.00,38.55,38.30,39.50,23,2151,82868.00,
532699,ROYALORCH   ,T ,Q,68.10,69.20,65.30,65.35,65.30,68.70,147,6690,442377.00,
532700,ENT NETWORK ,B ,Q,162.75,165.00,154.50,157.35,159.10,162.50,124,2293,367988.00,
532701,CELLA       ,Z ,Q,4.37,4.59,4.18,4.58,4.58,4.39,18,4893,20922.00,
532702,GUJ PETRONET,A ,Q,215.00,215.00,201.85,203.85,202.10,209.70,677,15774,3277532.00,
532705,JAGRAN PRAK ,A ,Q,38.80,39.20,37.00,37.85,37.00,38.45,710,63408,2431350.00,
532706,INOX LEISURE,A ,Q,286.00,290.00,272.20,275.70,275.70,286.95,4006,51937,14646186.00,
532707,DYNEMIC PRO ,B ,Q,238.00,263.20,236.00,242.50,242.50,228.40,4167,95493,23784943.00,
532708,GVK POWERINF,B ,Q,3.41,3.49,3.32,3.32,3.32,3.49,603,1367877,4558823.00,
532710,SADBHAV ENGG,A ,Q,55.50,55.50,52.60,52.60,52.60,55.35,671,40309,2154346.00,
532712,REL COM LTD ,T ,Q,2.26,2.30,2.15,2.15,2.15,2.26,2289,1947498,4251970.00,
532713,SAKUMA EXPO ,B ,Q,6.06,6.30,5.99,6.02,6.02,6.19,180,61406,377321.00,
532714,KEC INTERN  ,A ,Q,350.90,350.90,323.00,324.75,324.20,341.00,1591,21800,7243518.00,
532716,GILLA ARBUT ,B ,Q,28.50,28.50,28.35,28.40,28.35,29.80,11,366,10401.00,
532717,INDOTECHTR  ,B ,Q,96.00,96.60,94.50,94.70,94.50,97.40,26,1098,105328.00,
532719,BL KASHYAP  ,T ,Q,6.81,7.29,6.80,6.80,6.80,7.15,32,25125,172056.00,
532720,M&M FINANSER,A ,Q,133.95,133.95,125.00,125.80,125.80,133.20,8079,475930,61046874.00,
532721,VISA STEEL  ,B ,Q,6.98,7.21,6.98,7.00,6.99,6.94,37,72849,510018.00,
532722,NITCO TILES ,B ,Q,18.30,18.75,17.90,18.05,18.25,18.70,91,6036,109145.00,
532723,MPDL        ,X ,Q,6.79,6.79,6.79,6.79,6.79,6.66,2,200,1358.00,
532725,SOLAR IND   ,A ,Q,1081.20,1088.00,1056.35,1064.35,1064.35,1079.40,154,598,641729.00,
532726,GALLAN METAL,B ,Q,31.45,31.60,30.80,31.00,31.00,32.00,55,2348,72883.00,
532728,MALU PAPER  ,B ,Q,26.35,26.35,25.10,25.40,25.10,26.45,27,1167,30085.00,
532729,UTTAM SUGAR ,B ,Q,88.50,88.50,83.95,84.70,84.75,88.40,167,4717,409382.00,
532730,STL GLOBAL  ,B ,Q,8.54,9.00,8.39,8.45,8.45,8.80,32,2711,23179.00,
532731,ROHIT FERRO ,T ,Q,1.14,1.14,1.14,1.14,1.14,1.19,1,1,1.00,
532732,KEWAL KIRAN ,B ,Q,780.00,781.15,769.95,769.95,769.95,782.15,9,26,20221.00,
532733,SUN TVNET   ,A ,Q,487.00,506.55,470.15,475.55,473.00,484.35,4015,167231,82410453.00,
532734,GODAWARI POW,B ,Q,297.80,298.60,283.70,283.70,283.70,298.60,343,6065,1759169.00,
532735,RSYSTEMINT  ,B ,Q,107.20,112.95,105.00,105.60,105.00,113.45,172,5193,569520.00,
532737,EMKAY GLOB F,B ,Q,58.20,58.20,52.50,54.15,53.95,58.10,58,2713,150932.00,
532740,LOKESH MACH ,B ,Q,22.30,22.45,20.45,20.80,20.75,21.85,169,3548,74142.00,
532741,KAMDHENU    ,B ,Q,73.00,76.90,70.30,70.30,70.30,74.00,113,3770,274970.00,
532742,PAUSHAK LTD ,X ,Q,4261.00,4375.00,3860.00,4067.60,4100.00,4253.75,489,3876,16429227.00,
532744,GTN TEXTILE ,B ,Q,5.79,5.79,5.27,5.27,5.27,5.54,4,420,2239.00,
532745,INDICAP     ,X ,Q,26.70,28.00,26.70,26.95,26.80,27.90,26,5075,137945.00,
532748,PRIME FOCUS ,B ,Q,40.20,40.60,37.30,37.85,37.80,40.20,121,6253,245913.00,
532749,ALLCARGO    ,A ,Q,119.00,120.80,116.40,116.85,118.00,119.45,337,11900,1418128.00,
532754,GMR INFRASTR,A ,Q,23.95,24.25,22.80,23.00,23.00,23.95,1440,846147,19974234.00,
532755,TECH MAH    ,A ,Q,805.00,829.95,784.45,787.15,787.15,805.00,8881,285065,232655318.00,
532756,MAHINDCIE   ,A ,Q,122.85,126.15,121.30,121.80,121.65,122.85,867,19625,2429998.00,
532757,VOLTAMP TRAN,B ,Q,1015.00,1019.95,987.00,990.65,990.65,998.55,220,977,978584.00,
532759,ATLANTA     ,B ,Q,7.30,7.34,7.00,7.00,7.00,7.36,52,8005,56674.00,
532760,DEEP INDS   ,B ,Q,71.75,73.15,69.00,69.95,70.35,71.95,115,3881,276544.00,
532761,HOV SERVICES,B ,Q,41.60,42.00,39.00,39.85,39.85,41.00,24,254,10225.00,
532762,ACTION CONST,B ,Q,66.70,68.90,65.30,66.15,66.60,68.50,549,40246,2696694.00,
532764,GEECEE      ,B ,Q,70.00,76.00,67.40,70.85,70.85,69.25,383,11626,853706.00,
532766,RICHA IND   ,Z ,Q,0.87,0.87,0.86,0.86,0.86,0.87,3,374,322.00,
532767,GAYATRI PROJ,B ,Q,18.40,19.00,17.50,17.50,17.50,18.40,164,91898,1632625.00,
532768,FIEM INDS   ,B ,Q,626.00,655.00,586.05,594.45,590.65,621.45,788,7738,4799894.00,
532771,JHS SVEN    ,T ,Q,22.60,22.60,21.95,21.95,21.95,23.10,101,49850,1094339.00,
532772,DCBBANK     ,A ,Q,92.85,93.00,85.00,85.60,85.45,92.65,1069,124978,11013576.00,
532773,GLOBAL VECT ,B ,Q,53.75,54.00,47.00,48.50,48.50,53.95,77,5811,282769.00,
532774,INSPIRISYS  ,B ,Q,31.85,31.85,29.00,29.00,29.00,30.50,16,2996,90531.00,
532775,GTL INFRAST ,B ,Q,0.69,0.70,0.66,0.66,0.66,0.69,298,3714225,2523488.00,
532776,SHIVAM AUTO ,B ,Q,17.25,17.75,16.30,16.50,16.50,17.10,51,5851,98283.00,
532777,INFO EDGE   ,A ,Q,3468.00,3581.00,3365.85,3401.70,3401.70,3488.45,3158,19235,67142174.00,
532779,TORNT POWER ,A ,Q,330.00,333.60,316.40,330.60,323.45,325.35,1358,49869,16326925.00,
532780,PARSVNATH   ,B ,Q,2.79,2.79,2.66,2.66,2.66,2.79,19,3677,9976.00,
532782,SUTLEJ TEXT ,B ,Q,26.55,26.55,23.35,25.50,25.50,26.95,140,7294,186168.00,
532783,DAAWAT      ,B ,Q,54.50,54.85,51.30,52.00,52.00,54.15,1518,157302,8293986.00,
532784,SOBHA       ,A ,Q,254.10,254.10,230.55,237.95,237.95,256.40,1749,28332,6856626.00,
532785,RUCHIRA PAP ,B ,Q,54.65,54.65,51.60,51.70,51.60,54.15,54,2586,135926.00,
532790,TANLA       ,B ,Q,265.20,275.35,251.85,252.70,251.85,265.10,2090,70092,18423402.00,
532794,ZEEMEDIA    ,T ,Q,6.58,6.60,6.13,6.16,6.16,6.45,517,308164,1943728.00,
532795,SITINET     ,B ,Q,1.98,1.98,1.84,1.84,1.84,1.93,60,26721,50212.00,
532796,LUMAX TECH  ,B ,Q,98.65,99.15,94.70,97.00,97.15,98.95,322,10130,985364.00,
532797,AUTOIND     ,B ,Q,31.10,32.45,29.85,29.85,29.85,31.05,56,1836,56149.00,
532798,NTWK MED INV,A ,Q,37.80,37.80,34.95,34.95,34.95,36.75,339,94717,3331607.00,
532799,HUBTOWN     ,B ,Q,10.78,10.97,10.55,10.55,10.55,10.76,25,5850,62663.00,
532800,TV18BRDCST  ,A ,Q,32.50,32.50,29.65,30.10,30.10,32.20,1597,514794,15924650.00,
532801,CAMBRIDGE   ,B ,Q,24.05,24.90,23.50,24.85,24.85,23.75,166,10333,255753.00,
532804,TECHNOCRAFT ,B ,Q,362.20,362.55,345.55,346.80,348.55,364.60,123,2301,812386.00,
532805,REDINGTON   ,A ,Q,119.35,120.15,112.00,114.25,112.05,118.80,275,11584,1369167.00,
532806,AI CHAMPDNY ,XT,Q,7.49,7.49,6.80,6.80,6.80,7.15,5,22,163.00,
532807,CINELINE    ,B ,Q,28.00,28.25,27.20,27.30,27.20,28.20,73,4049,112160.00,
532808,PGIL        ,B ,Q,149.05,149.85,143.95,144.00,143.95,149.85,103,2131,314459.00,
532809,FSL         ,A ,Q,74.10,76.20,68.50,71.50,71.50,74.15,1752,363200,26452002.00,
532810,POWER FINAN ,A ,Q,92.30,94.05,87.90,88.35,88.35,93.35,1106,168253,15202600.00,
532811,AHLUWALIA CO,B ,Q,257.00,260.50,248.00,249.95,249.60,255.80,260,2917,749220.00,
532813,C & C CONSTR,Z ,Q,2.54,2.54,2.54,2.54,2.54,2.42,1,500,1270.00,
532814,INDIAN BANK ,A ,Q,61.00,61.00,57.30,57.95,57.95,60.50,1523,115037,6742761.00,
532815,SMS PHARMACE,B ,Q,99.85,99.95,90.10,92.75,92.10,97.85,652,46167,4414551.00,
532817,ORIENTAL    ,B ,Q,10.45,10.45,9.61,9.94,9.61,9.96,87,5830,59733.00,
532819,MINDTREE LTD,A ,Q,1280.00,1322.70,1263.00,1270.35,1270.35,1273.75,7044,142414,185348765.00,
532820,ELAND       ,XT,Q,5.18,5.72,5.18,5.72,5.72,5.45,15,10829,59956.00,
532822,IDEA        ,A ,Q,11.25,11.36,10.30,10.39,10.39,11.27,181230,70619086,760823523.00,
532823,EURO CERAMIC,Z ,Q,2.73,2.73,2.47,2.73,2.73,2.60,61,49296,130583.00,
532825,JAGJANANI   ,X ,Q,0.48,0.48,0.48,0.48,0.48,0.46,2,2,0.00,
532826,RAJ TELE    ,B ,Q,35.85,36.30,35.00,35.00,35.00,36.70,9,105,3680.00,
532827,PAGE INDUSTR,A ,Q,19000.00,19000.00,18171.70,18279.25,18189.95,18660.70,322,556,10306458.00,
532828,AMD INDUS   ,B ,Q,16.80,16.80,15.60,15.95,15.95,16.60,21,1072,16976.00,
532829,LEHAR       ,X ,Q,19.75,19.75,18.10,18.95,19.20,18.80,50,5139,97077.00,
532830,ASTRAL POLY ,A ,Q,1120.10,1147.20,1073.65,1102.20,1107.00,1125.95,503,2743,3044668.00,
532832,INDBUL REAL ,A ,Q,61.65,61.65,54.35,54.35,54.35,60.35,981,160536,9042729.00,
532834,CAMLINFINE  ,B ,Q,92.25,97.05,91.00,93.60,93.45,92.45,1376,166915,15906415.00,
532835,ICRA        ,B ,Q,2765.30,2768.10,2711.35,2714.20,2714.05,2791.05,44,146,401405.00,
532839,DISH TV     ,A ,Q,15.34,15.34,14.00,14.00,14.00,14.73,2557,2120156,30866467.00,
532841,SAHYA INDU  ,X ,Q,209.50,212.00,199.05,199.05,199.05,209.50,145,10739,2188168.00,
532842,SREE RAYALA ,B ,Q,184.15,186.30,175.15,176.35,176.35,184.00,246,10525,1896005.00,
532843,FORTIS      ,A ,Q,131.35,134.70,130.35,131.25,131.20,133.25,518,24431,3219835.00,
532845,TGBHOTELS   ,B ,Q,5.54,5.54,5.51,5.51,5.51,5.80,3,105,581.00,
532848,DELTA CORP  ,A ,Q,114.00,117.80,107.80,109.25,109.25,113.75,1373,100625,11369468.00,
532850,MIC ELECTRON,T ,Q,0.60,0.65,0.60,0.60,0.60,0.63,13,18546,11342.00,
532851,INSECTCID   ,B ,Q,508.00,510.00,485.00,488.00,490.00,495.25,504,11797,5803000.00,
532852,MCD HOLDING ,B ,Q,26.55,28.00,26.25,26.75,26.25,27.40,313,59238,1635297.00,
532853,ASAHI SONG  ,B ,Q,218.20,223.00,206.65,208.50,210.90,215.60,654,13112,2832520.00,
532854,NITIN FIRE  ,Z ,Q,0.67,0.70,0.67,0.70,0.70,0.70,17,26259,17763.00,
532855,HARYA CAPFIN,X ,Q,28.05,28.05,28.05,28.05,28.05,29.50,4,1200,33660.00,
532856,TIME TECHNO ,A ,Q,40.00,40.00,37.75,37.90,37.90,39.85,509,52982,2043862.00,
532859,HGSL        ,B ,Q,745.60,773.50,719.20,723.40,720.50,739.30,726,5767,4359021.00,
532864,NELCAST     ,B ,Q,62.90,62.90,59.00,59.30,59.50,62.20,308,21311,1287305.00,
532865,MEGHMANI    ,A ,Q,83.90,85.00,77.25,78.30,78.30,83.05,3768,520414,42332763.00,
532867,V2RETAIL    ,B ,Q,52.95,54.35,50.40,50.60,50.40,53.05,261,8775,457108.00,
532868,DLF LIMITED ,A ,Q,163.40,163.40,150.05,152.20,152.20,161.05,6374,1150226,182423061.00,
532869,TARMAT      ,B ,Q,40.70,41.00,38.20,38.70,38.20,40.05,130,4956,197482.00,
532870,ANKIT METAL ,T ,Q,0.91,0.91,0.83,0.91,0.91,0.87,23,57830,52543.00,
532872,SUNPHA ADV  ,A ,Q,180.50,181.80,168.05,168.90,168.90,179.50,1733,72861,12668049.00,
532873,HOUSING DEV ,Z ,Q,4.50,4.65,4.43,4.43,4.43,4.66,201,161695,718761.00,
532874,SURYACHAKRA ,Z ,Q,0.33,0.33,0.32,0.32,0.33,0.33,13,13539,4435.00,
532875,ALLIED DIGIT,B ,Q,24.85,25.00,23.90,24.25,24.25,24.45,106,16227,400527.00,
532878,ALPA LAB    ,B ,Q,31.30,31.35,28.45,28.50,28.45,29.90,292,41138,1217914.00,
532879,SIR SHADI LA,X ,Q,48.00,48.00,45.60,45.75,47.00,46.00,5,59,2704.00,
532880,OMAXE LTD   ,A ,Q,67.40,68.05,66.65,67.20,67.25,67.35,3703,90706,6103106.00,
532884,REFEX       ,B ,Q,48.55,49.20,45.20,45.70,45.20,48.30,333,22803,1070448.00,
532885,CENTRAL BK  ,A ,Q,15.25,15.85,14.90,15.05,15.05,15.80,872,189442,2889416.00,
532886,SEL MANUF   ,Z ,Q,1.94,1.94,1.78,1.87,1.85,1.85,132,297623,564925.00,
532887,NTL         ,B ,Q,1.10,1.10,1.10,1.10,1.10,1.05,1,1500,1650.00,
532888,ASIAN GRANIT,B ,Q,318.00,318.00,296.00,298.15,298.70,306.15,2963,62566,19025731.00,
532889,K.P.R. MILL ,A ,Q,653.00,654.05,592.00,606.10,606.10,637.00,679,8273,5197403.00,
532890,TAKE SOLUT  ,A ,Q,46.80,47.50,44.80,45.20,44.95,46.80,425,40665,1863553.00,
532891,PURAVANKARA ,B ,Q,45.65,45.65,43.90,44.45,44.50,45.45,135,6860,305516.00,
532892,MOTILALOFS  ,A ,Q,658.00,665.35,618.00,622.90,625.00,649.05,944,8892,5607419.00,
532893,VTM LTD     ,X ,Q,21.00,21.85,20.20,21.40,21.40,21.75,22,1162,24553.00,
532894,IWIND ENERGY,B ,Q,2.90,2.90,2.84,2.90,2.90,2.82,15,9677,28015.00,
532895,NAGREKA CAP ,B ,Q,6.63,6.63,6.63,6.63,6.63,6.34,1,1,6.00,
532896,MAGNUM VENT ,B ,Q,4.13,4.21,4.09,4.21,4.21,4.30,5,1585,6595.00,
532898,POWER GRID  ,A ,Q,172.00,172.00,167.75,170.30,170.30,171.80,1390,115575,19615498.00,
532899,KAVERI SEED ,B ,Q,581.00,585.00,550.00,554.45,560.00,582.20,1312,21687,12189639.00,
532900,PAISALO     ,B ,Q,432.45,432.50,348.00,404.95,432.40,432.50,208,3146,1205918.00,
532902,CONSOL CONST,T ,Q,0.28,0.28,0.28,0.28,0.28,0.29,2,2500,700.00,
532904,SUPREME INFR,Z ,Q,9.13,9.18,9.13,9.18,9.18,9.60,5,1505,13803.00,
532906,MAANALU     ,B ,Q,68.70,68.70,66.00,66.15,66.00,69.20,29,2102,140273.00,
532911,PARLEIND    ,X ,Q,11.20,11.39,10.62,10.73,10.70,11.17,522,169313,1830293.00,
532914,ARCOTECH LTD,T ,Q,2.24,2.41,2.22,2.38,2.38,2.33,13,13252,30327.00,
532915,RELIGARE ENT,B ,Q,48.25,48.45,42.25,43.10,42.50,45.65,477,53583,2476783.00,
532918,RATHI BARS  ,X ,Q,10.32,11.89,10.32,10.90,10.90,10.72,39,17402,195581.00,
532921,ADANI PORTS ,A ,Q,358.70,358.70,344.10,347.40,346.30,357.65,1437,60479,21338293.00,
532922,EDELWEISS   ,A ,Q,68.70,68.70,64.35,64.35,64.35,67.70,1921,116254,7570387.00,
532923,RGL         ,B ,Q,255.20,255.20,255.20,255.20,255.20,260.80,5,50,12760.00,
532924,KOLTEPATIL  ,B ,Q,167.00,167.00,161.30,162.90,161.30,166.45,108,1932,316906.00,
532925,KAUSHAL INFR,T ,Q,1.87,1.90,1.87,1.90,1.90,1.81,2,479,899.00,
532926,JYOTHYLAB   ,A ,Q,153.50,155.40,146.60,147.70,147.90,153.40,546,16533,2461227.00,
532927,ECLERX      ,A ,Q,778.00,783.80,729.35,735.05,740.35,774.75,1537,14959,11364702.00,
532928,TRIL        ,B ,Q,9.39,9.53,9.20,9.22,9.21,9.39,51,7374,68276.00,
532929,BRIGADE     ,A ,Q,176.00,177.75,163.15,169.45,166.80,174.85,367,4787,817423.00,
532930,BGR ENERGY  ,B ,Q,37.15,37.25,35.30,35.30,35.30,37.15,191,25540,930231.00,
532931,BURNPUR     ,B ,Q,1.59,1.59,1.52,1.53,1.55,1.60,42,26242,40550.00,
532932,MANAKSIA LTD,B ,Q,41.50,41.60,39.15,40.25,40.25,41.25,146,8979,368012.00,
532933,PORWAL AUTO ,XT,Q,12.95,12.95,12.52,12.52,12.52,13.17,13,2568,32274.00,
532934,PPAP        ,B ,Q,224.95,224.95,211.00,213.85,217.20,223.30,242,3980,869505.00,
532935,ARIES AGRO  ,B ,Q,81.95,83.20,77.10,77.55,77.65,80.75,150,5300,426137.00,
532937,KUANTUM     ,B ,Q,43.00,44.40,41.50,42.10,42.10,43.45,90,3160,134929.00,
532939,RPOWER      ,A ,Q,3.04,3.04,2.69,2.73,2.73,2.98,12591,7186529,20419373.00,
532940,J KUMAR INFR,B ,Q,110.60,111.00,104.15,107.20,107.50,110.30,221,5054,545691.00,
532941,CORDS CABLE ,B ,Q,40.95,41.65,39.15,39.25,39.15,40.95,46,2168,87698.00,
532942,KNR CONST   ,A ,Q,275.00,275.00,252.20,255.00,260.00,269.25,386,5128,1330639.00,
532944,ONMOBILE    ,B ,Q,49.45,49.45,45.00,45.05,45.00,47.35,504,60511,2804652.00,
532945,SHRIRAM EPC ,B ,Q,3.65,3.76,3.64,3.67,3.71,3.74,55,27517,101512.00,
532947,IRB INFRA   ,A ,Q,115.70,119.20,111.40,114.90,114.50,116.40,1811,110253,12690930.00,
532951,GSS INFOTECH,B ,Q,34.65,34.65,31.10,31.95,31.25,33.65,124,10392,342405.00,
532952,NAHAR CAP   ,B ,Q,65.20,65.20,64.00,64.00,64.00,66.70,3,101,6465.00,
532953,V GUARD IND ,A ,Q,172.70,177.55,169.00,169.90,170.50,172.70,620,20398,3535065.00,
532955,RECLTD      ,A ,Q,107.85,107.85,102.05,102.50,102.50,108.00,2418,171838,17955261.00,
532957,GOKAK TEXTI ,X ,Q,11.15,11.15,11.15,11.15,11.15,11.09,4,1178,13134.00,
532959,GAMMON INFRA,B ,Q,0.67,0.68,0.66,0.66,0.66,0.66,52,144339,95599.00,
532960,IBVENTURES  ,B ,Q,226.40,227.00,215.00,218.60,215.00,226.35,1086,37493,8272382.00,
532966,TITAGARH WAG,B ,Q,43.70,43.90,40.80,41.10,41.25,43.70,532,25850,1082505.00,
532967,KIRI DYES   ,B ,Q,534.90,556.15,525.00,532.95,532.95,527.75,929,11530,6252643.00,
532972,SANKHYA INFO,XT,Q,3.68,3.86,3.67,3.86,3.86,3.86,21,5184,19092.00,
532974,ABML        ,B ,Q,42.25,43.05,39.60,40.25,40.05,43.40,886,66445,2762687.00,
532976,JAIBALA IND ,B ,Q,18.00,19.50,17.85,18.45,19.00,18.70,114,14523,265134.00,
532977,BAJAJ AUTO  ,A ,Q,3044.00,3045.00,2965.65,2984.45,2984.45,3048.70,2045,20948,62834738.00,
532978,BAJAJ FINSE ,A ,Q,5880.00,5930.00,5630.75,5707.50,5707.50,5891.25,9112,34435,199004985.00,
532980,GOKUL REFOIL,B ,Q,15.95,15.95,14.75,15.60,15.65,15.60,28,7140,109510.00,
532983,RPG LIFESCI ,B ,Q,413.95,429.35,386.35,392.35,392.35,404.25,1682,24108,9941124.00,
532985,KOTAK SENSEX,B ,Q,403.00,404.00,401.00,403.81,401.00,404.00,4,17,6864.00,
532986,NIRAJ CEMENT,X ,Q,32.35,34.90,32.35,32.50,32.50,33.95,29,4658,156955.00,
532987,RANE BRAKE  ,B ,Q,582.25,584.90,551.90,556.15,553.00,584.25,353,2498,1430197.00,
532988,RANE ENGVL  ,B ,Q,199.05,204.75,188.05,190.85,188.05,198.20,26,218,42852.00,
532993,SEZALGLASS  ,Z ,Q,3.87,3.87,3.85,3.87,3.87,3.69,11,12588,48685.00,
532994,ARCHIDPLY IN,B ,Q,26.95,27.15,26.00,26.00,26.00,27.00,62,5825,156149.00,
532997,KSK ENERGY  ,B ,Q,0.44,0.46,0.42,0.43,0.43,0.44,44,139900,60414.00,
532998,LEHIL       ,B ,Q,29.80,29.80,28.40,28.40,28.40,29.15,9,404,11817.00,
533001,SOMI CONVEY ,B ,Q,23.90,23.90,22.60,22.60,22.60,23.75,63,3787,87714.00,
533006,BIRLA COTSYN,Z ,Q,0.13,0.13,0.13,0.13,0.13,0.13,3,106000,13780.00,
533007,LGB FORGE   ,B ,Q,2.78,2.80,2.71,2.80,2.80,2.67,63,163840,457320.00,
533008,OCL IRON&ST ,B ,Q,3.36,3.46,3.34,3.34,3.34,3.51,10,2686,9043.00,
533012,LANDMRK PRO ,T ,Q,2.43,2.43,2.42,2.42,2.42,2.42,7,5000,12125.00,
533014,SICAGEN IND ,B ,Q,11.45,11.80,11.05,11.05,11.05,11.31,8,1657,18388.00,
533022,20 MICRONS  ,B ,Q,28.85,29.10,28.20,28.25,28.20,29.15,105,5288,151249.00,
533023,WABCO       ,A ,Q,6014.00,6030.05,5700.00,5763.20,5711.00,5990.80,318,3714,21659276.00,
533029,ALKALI      ,B ,Q,50.35,51.00,46.30,48.05,49.10,51.25,243,7548,367013.00,
533033,ISGEC       ,B ,Q,272.35,278.05,260.30,262.35,262.35,272.55,649,41952,11373485.00,
533047,INDIAN MET  ,B ,Q,250.00,250.00,231.05,232.05,233.95,244.15,785,10213,2483195.00,
533056,VEDAVAAG    ,X ,Q,28.00,28.00,25.15,25.45,25.15,27.50,48,4083,105759.00,
533080,MOLDTKPACK  ,B ,Q,293.40,296.00,280.00,283.60,285.15,288.25,735,11123,3228308.00,
533088,MAH HOLIDAY ,A ,Q,180.60,181.55,168.00,168.90,169.50,179.30,546,6128,1064886.00,
533095,BENGLA& ASM ,B ,Q,1191.00,1200.00,1175.00,1175.30,1189.95,1194.80,42,275,325658.00,
533096,ADANI POWER ,A ,Q,37.80,37.80,36.80,36.95,36.95,37.40,1611,320694,11934472.00,
533098,NHPC        ,A ,Q,21.10,21.25,20.35,20.40,20.40,21.25,983,217118,4496218.00,
533101,SURYAMBA SP ,X ,Q,43.90,50.40,43.90,50.40,50.40,47.15,6,481,22828.00,
533104,GLOBUS SPR  ,B ,Q,279.90,279.90,257.00,277.65,277.65,266.60,2107,117051,32555833.00,
533106,OIL INDIA   ,A ,Q,96.65,96.65,91.50,92.40,92.40,96.35,669,45189,4208726.00,
533107,RNAVAL      ,B ,Q,3.50,3.55,3.23,3.23,3.23,3.39,616,1154094,3985199.00,
533108,BHILWRA TEC ,X ,Q,4.26,4.30,4.05,4.05,4.30,4.26,18,2133,8723.00,
533110,SH PRECOTED ,X ,Q,3.01,3.16,3.00,3.16,3.16,3.01,9,380,1142.00,
533121,EXPLEOSOL   ,B ,Q,539.00,539.90,506.35,508.30,517.15,532.95,181,3270,1691672.00,
533122,RTNPOWER    ,B ,Q,2.84,2.86,2.70,2.70,2.70,2.84,380,1040946,2821925.00,
533137,DEN NETWORK ,B ,Q,74.00,74.00,71.00,71.20,72.10,74.50,127,3603,260681.00,
533138,ASTEC LIFE  ,B ,Q,1251.00,1261.35,1165.50,1177.20,1186.00,1245.15,739,5644,6798829.00,
533144,COX KINGS   ,Z ,Q,1.35,1.44,1.34,1.37,1.39,1.41,250,251388,341102.00,
533146,DLINK IND   ,B ,Q,107.50,109.60,101.00,102.20,101.80,106.65,449,15651,1637599.00,
533148,JSW ENERGY  ,A ,Q,60.90,60.90,56.50,57.30,57.30,60.90,1023,118922,6958055.00,
533150,GODREJ PROP ,A ,Q,925.00,925.00,851.05,859.40,855.95,915.20,1033,11745,10367479.00,
533151,D B CORP    ,A ,Q,78.65,79.45,75.75,77.10,77.10,77.35,1545,30068,2337971.00,
533152,MBL INFRA   ,B ,Q,8.30,8.30,7.68,7.80,7.80,8.08,42,15286,120044.00,
533155,JUBL FOOD   ,A ,Q,2359.00,2363.05,2292.00,2310.45,2300.00,2360.10,1367,14513,33816128.00,
533156,VASCON ENG  ,B ,Q,9.59,9.59,8.71,9.31,9.29,9.66,168,50723,462680.00,
533157,SYNCOM HEAL ,B ,Q,1.71,1.71,1.61,1.63,1.65,1.69,45,50839,84802.00,
533158,THANGAMAYIL ,B ,Q,377.35,377.35,350.00,353.30,354.40,372.40,118,1282,458804.00,
533160,D B REALTY  ,B ,Q,6.90,6.90,6.55,6.64,6.66,6.81,181,34239,229951.00,
533161,EMMBI       ,B ,Q,78.55,78.75,77.50,77.90,78.15,81.40,45,1779,138763.00,
533162,HATHWAY CAB ,T ,Q,32.70,33.40,31.35,31.35,31.35,33.00,1280,102574,3259456.00,
533163,ARSS INFRA  ,B ,Q,14.05,14.20,13.55,13.55,13.55,14.25,26,3702,50432.00,
533164,TEXMO PIPES ,B ,Q,14.34,15.00,14.00,14.02,14.11,14.47,43,18177,267580.00,
533166,SUNDARAMMUL ,B ,Q,1.20,1.24,1.16,1.19,1.16,1.22,66,161189,195091.00,
533168,ROSSELL IND ,B ,Q,169.60,178.10,161.20,169.75,169.75,169.65,575,21140,3538282.00,
533169,MAN INFRA   ,B ,Q,27.60,27.65,26.50,26.95,26.65,27.05,492,60792,1637727.00,
533170,TAMBOLI CAP ,X ,Q,31.70,31.70,31.70,31.70,31.70,30.25,1,96,3043.00,
533172,IVZINGOLD   ,E ,Q,4700.00,4715.00,4700.00,4715.00,4715.00,4697.50,2,2,9415.00,
533176,DQ ENT      ,B ,Q,1.43,1.50,1.41,1.41,1.41,1.48,10,8290,11870.00,
533177,IL&FS TRANS ,Z ,Q,1.39,1.44,1.33,1.33,1.33,1.39,28,49394,67915.00,
533178,PRADIPOVERS ,B ,Q,0.67,0.67,0.67,0.67,0.67,0.70,9,9300,6231.00,
533179,PERSISTENT  ,A ,Q,1195.00,1201.05,1147.25,1156.30,1166.15,1182.30,1217,12737,15049714.00,
533181,INTRASOFT   ,B ,Q,90.00,92.90,88.00,90.30,89.00,90.00,40,2018,184152.00,
533189,GOENKA DIAM ,Z ,Q,0.65,0.65,0.62,0.62,0.62,0.65,21,25468,16421.00,
533192,KCP SUGAR IN,B ,Q,15.05,15.15,14.30,14.45,14.45,15.25,136,18044,265882.00,
533193,KIRLOSKAR EL,B ,Q,11.60,11.60,10.66,10.71,10.71,11.19,64,15430,169068.00,
533202,NEH         ,X ,Q,1.41,1.53,1.40,1.41,1.41,1.46,28,35428,50469.00,
533206,SJVN        ,A ,Q,23.35,23.35,22.70,22.85,22.85,23.50,499,88681,2040262.00,
533207,JPINFRATEC  ,B ,Q,1.26,1.27,1.21,1.22,1.23,1.26,228,492944,610916.00,
533208,EMAMI PAPER ,B ,Q,70.15,70.15,65.00,69.10,70.00,70.15,55,1137,78056.00,
533210,KRITI NUTRI ,X ,Q,35.30,36.35,34.00,34.75,35.20,35.40,432,87626,3088052.00,
533211,PARAB DRUGS ,Z ,Q,2.60,2.60,2.55,2.59,2.60,2.68,9,2701,6937.00,
533212,GKB OPHTHA  ,X ,Q,52.05,52.05,52.05,52.05,52.05,52.30,2,2,104.00,
533216,TECHNOFAB   ,T ,Q,10.34,10.34,10.34,10.34,10.34,10.88,1,25,258.00,
533217,HMVL        ,B ,Q,51.50,51.50,49.15,50.20,49.75,51.85,104,4060,204086.00,
533218,EMAMIREAL   ,T ,Q,46.35,49.40,45.60,45.60,45.60,48.00,36,2119,99209.00,
533221,ASIAN HTL W ,B ,Q,279.30,290.00,273.85,273.85,273.85,267.90,7,27,7577.00,
533227,ASIAN HTL E ,B ,Q,144.25,149.50,144.20,149.50,149.50,149.85,6,117,17130.00,
533229,BAJAJCON    ,A ,Q,190.00,191.70,175.75,180.25,180.25,190.30,2562,94540,17259219.00,
533230,HDFCMFGETF  ,E ,Q,4656.50,4656.50,4575.01,4592.58,4599.99,4639.00,184,930,4298889.00,
533239,PRAKASHSTL  ,B ,Q,0.75,0.75,0.72,0.75,0.75,0.72,26,33502,24821.00,
533244,ICICIGOLD   ,E ,Q,46.20,46.50,45.54,45.86,45.90,46.33,208,16815,775359.00,
533248,GPPL        ,A ,Q,90.10,94.70,85.35,87.60,87.60,89.95,2752,124835,11333320.00,
533252,WELSPUN INV ,B ,Q,226.60,246.95,226.60,227.75,226.60,238.50,24,176,40085.00,
533257,INDOSOLAR   ,Z ,Q,1.35,1.35,1.24,1.24,1.24,1.30,34,27122,34264.00,
533259,SASTASUNDR  ,B ,Q,90.75,92.40,88.00,88.00,88.00,90.75,120,2622,235082.00,
533260,CAREERP     ,B ,Q,173.35,183.00,168.95,172.40,172.40,169.70,1792,45519,8112180.00,
533261,EROS MEDIA  ,T ,Q,21.60,21.90,20.70,20.80,20.90,21.50,85,25297,533151.00,
533262,RAMKY INFRA ,B ,Q,31.20,31.20,30.10,30.25,30.50,31.10,190,5393,165004.00,
533263,GREENPOWER  ,B ,Q,1.86,1.92,1.83,1.83,1.83,1.92,734,1653060,3061370.00,
533265,GALLISPAT   ,B ,Q,27.70,28.00,27.70,28.00,28.00,28.00,4,2016,56443.00,
533267,CANTABIL    ,B ,Q,329.20,334.00,315.25,318.60,327.45,328.85,657,28189,9216590.00,
533269,VATECH WABA ,A ,Q,209.75,211.95,191.20,194.50,194.50,210.30,2460,84302,16864620.00,
533270,BEDMUTHA IN ,B ,Q,18.65,18.70,18.65,18.70,18.70,19.15,2,401,7498.00,
533271,ASHOKA      ,A ,Q,70.25,72.80,67.25,68.00,67.80,71.85,755,56938,3941933.00,
533272,CEBBCO      ,B ,Q,15.75,15.75,15.65,15.75,15.75,15.80,11,900,14151.00,
533273,OBEROI REAL ,A ,Q,435.00,435.00,407.00,411.75,411.75,429.40,887,9944,4168134.00,
533274,PRESTIGE    ,A ,Q,257.75,258.95,236.00,243.15,242.55,254.20,809,24113,6075606.00,
533275,GYSCOAL     ,B ,Q,3.69,3.90,3.63,3.63,3.63,3.82,56,38978,147979.00,
533278,COAL INDIA  ,A ,Q,123.35,124.00,121.20,121.70,121.70,123.60,3530,344558,42270109.00,
533282,GRAVITA     ,B ,Q,49.00,49.35,46.00,46.35,46.85,49.55,187,12196,588350.00,
533284,RPP INFRA   ,B ,Q,52.75,52.75,51.00,51.65,51.65,55.65,20,1402,72179.00,
533285,RDB REALTY  ,X ,Q,15.40,15.70,14.22,15.37,15.38,14.96,29,6392,96890.00,
533286,MOIL LTD    ,A ,Q,147.55,148.35,144.10,144.90,145.20,148.50,720,18137,2633022.00,
533287,ZEE LEARN   ,B ,Q,13.99,13.99,13.10,13.21,13.21,13.98,666,145699,1969412.00,
533289,KESAR TERMI ,X ,Q,29.50,29.50,28.10,28.20,28.20,28.60,42,9468,270124.00,
533292,A2ZINFRA    ,B ,Q,4.30,4.31,4.15,4.16,4.16,4.30,66,39662,168153.00,
533293,KIRLOIL ENG ,B ,Q,115.85,117.30,106.85,109.05,109.05,115.30,523,15828,1761364.00,
533294,RAVI KUMAR  ,B ,Q,7.05,7.16,7.04,7.16,7.16,7.04,4,312,2204.00,
533295,PUNJABNSIND ,B ,Q,12.01,12.13,11.60,11.66,11.60,11.96,191,57607,684592.00,
533296,FMNL        ,B ,Q,21.85,23.40,21.85,21.85,21.85,22.95,48,4890,109821.00,
533298,SURANASOL   ,B ,Q,7.55,7.80,7.41,7.51,7.41,7.50,60,3342,25409.00,
533301,SHEKHAWATI  ,T ,Q,0.36,0.36,0.36,0.36,0.36,0.35,5,5874,2114.00,
533302,KALYANI INV ,B ,Q,1311.10,1329.95,1290.00,1290.00,1290.00,1330.20,7,43,56245.00,
533303,BF INVEST   ,B ,Q,296.85,300.55,280.55,284.60,280.55,296.05,809,20531,6073632.00,
533306,SUMMIT SECU ,B ,Q,390.00,395.50,390.00,390.00,390.00,396.00,12,301,117858.00,
533310,MIDVAL ENT  ,Z ,Q,0.31,0.31,0.31,0.31,0.31,0.31,1,100,31.00,
533315,INNO INVEST ,X ,Q,4.35,4.35,3.95,3.95,3.95,4.15,31,33691,133918.00,
533316,STEL        ,B ,Q,59.00,62.00,56.75,57.50,58.35,59.45,172,12585,731021.00,
533317,OMKAR SPC   ,B ,Q,8.16,8.16,7.40,7.41,7.46,7.78,115,45228,357328.00,
533320,JUBILNT IND ,B ,Q,138.00,143.00,134.85,136.85,136.85,142.10,110,2324,320745.00,
533321,BIL ENERGY  ,B ,Q,0.87,0.88,0.85,0.86,0.85,0.87,31,192639,166157.00,
533326,TEXMACO RAIL,B ,Q,27.45,27.65,26.00,26.15,26.00,27.45,665,78454,2091058.00,
533329,IND TERRAIN ,B ,Q,32.40,32.80,30.15,30.50,30.50,32.40,670,61766,1931663.00,
533333,FINEOTEX  CH,B ,Q,33.85,33.85,31.10,31.30,31.25,32.75,419,66619,2139081.00,
533336,DHUNINV     ,B ,Q,229.15,229.15,220.05,220.05,220.05,229.95,27,612,136470.00,
533339,ZEN TECH    ,B ,Q,81.00,84.00,74.50,77.25,77.25,81.90,2034,116989,9370787.00,
533343,LOVABLE     ,B ,Q,59.05,59.10,54.45,55.15,56.10,59.00,193,9652,538841.00,
533344,PTCFIN SER  ,B ,Q,18.10,18.50,17.55,17.70,17.60,18.00,473,180124,3251101.00,
533385,N100        ,E ,Q,797.50,800.02,770.50,777.88,784.00,803.49,1946,17389,13664081.00,
533393,TCI DEVELP  ,B ,Q,300.00,300.00,294.10,297.00,297.00,297.05,7,21,6246.00,
533398,MUTHOOT FIN ,A ,Q,1116.00,1118.95,1035.05,1042.05,1042.05,1105.40,8459,92778,99404446.00,
533400,FCONSUMER   ,A ,Q,9.58,9.58,9.09,9.11,9.11,9.56,1642,1244032,11444221.00,
533408,BSLGOLDETF  ,E ,Q,4760.00,4775.00,4700.01,4726.25,4740.00,4799.00,17,27,128040.00,
533411,SANGH FORG  ,T ,Q,20.30,20.35,20.30,20.35,20.35,20.35,4,1000,20341.00,
533427,VMS INDUSTR ,X ,Q,7.95,7.95,7.56,7.94,7.94,7.95,20,2958,23099.00,
533451,KARMA ENERG ,B ,Q,10.00,10.66,9.77,9.77,9.77,10.28,101,1604,16125.00,
533452,EBIXFOREX   ,B ,Q,470.00,486.95,440.00,453.60,459.50,444.55,98,1142,521415.00,
533470,RUSHIL DECOR,B ,Q,86.85,88.25,84.20,86.30,86.25,85.45,199,4965,431646.00,
533477,ENKEI WHEEL ,X ,Q,292.90,292.90,280.00,280.00,280.00,279.75,17,242,68465.00,
533482,KRIINFRA    ,B ,Q,3.04,3.04,2.85,2.90,2.90,2.95,16,12002,34684.00,
533506,INVENTURE   ,B ,Q,17.40,17.70,16.90,17.00,17.00,17.05,48,7293,125339.00,
533519,LNT FH      ,A ,Q,63.90,63.90,60.30,60.65,60.65,63.55,4433,1216944,75849483.00,
533520,IBULISL     ,A ,Q,46.20,46.20,43.50,43.50,43.50,45.75,427,46328,2032359.00,
533540,TREE HOUSE  ,B ,Q,7.71,7.91,7.69,7.90,7.81,7.54,33,7878,61409.00,
533543,BROOKS LABS ,B ,Q,51.60,51.60,48.00,51.55,50.70,49.15,228,19876,1015667.00,
533552,RUPA & CO   ,B ,Q,203.60,206.00,189.75,192.20,189.75,201.20,225,3710,739256.00,
533553,TD POWER    ,B ,Q,116.20,116.20,108.65,111.55,108.65,113.30,110,2614,291547.00,
533570,AXISGOLD    ,E ,Q,45.99,45.99,44.51,44.76,44.95,45.00,64,2469,110835.00,
533573,ALEM PHARMA ,A ,Q,968.90,974.90,907.70,918.65,918.65,961.70,1463,20935,19788402.00,
533581,PG ELECTRO  ,B ,Q,73.65,76.30,72.80,72.80,72.80,76.60,181,16043,1179860.00,
533602,LESHAIND    ,XT,Q,1.20,1.20,1.20,1.20,1.20,1.15,6,10000,12000.00,
533605,SETUINFRA   ,B ,Q,0.76,0.80,0.76,0.76,0.76,0.79,25,18390,14117.00,
533608,RDB RASAYAN ,X ,Q,39.90,39.90,37.15,37.90,37.90,38.50,90,10728,413758.00,
533629,TIJARIA PPL ,B ,Q,5.80,5.93,5.80,5.91,5.93,5.70,3,10,59.00,
533638,FLEXITUFF   ,T ,Q,12.76,12.76,12.76,12.76,12.76,13.43,2,102,1301.00,
533644,UJAAS       ,B ,Q,4.18,4.18,4.00,4.00,4.00,4.21,182,258863,1041702.00,
533655,TRIVENITURB ,A ,Q,74.10,75.25,69.10,69.65,69.70,73.20,348,14464,1038762.00,
533676,INDO THAI   ,B ,Q,18.45,19.20,18.00,18.00,18.00,18.30,6,430,7929.00,
533704,ESSAR SHIP  ,T ,Q,9.15,9.15,8.75,8.80,8.80,8.78,16,2115,18710.00,
533719,IDBIGOLD    ,E ,Q,4740.00,4740.00,4681.00,4681.01,4681.01,4715.73,17,39,183602.00,
533758,APL APOLLO  ,A ,Q,2671.00,2729.00,2660.05,2678.20,2686.50,2703.25,678,3372,9064746.00,
533761,GPT INFRA   ,B ,Q,28.00,28.00,27.10,27.10,27.10,28.15,14,1024,27971.00,
533896,FERVENTSYN  ,X ,Q,9.85,9.85,9.31,9.72,9.76,9.85,7,720,6811.00,
533941,TSIL        ,T ,Q,5.61,5.61,5.61,5.61,5.61,5.90,1,500,2805.00,
533982,TERASOFTWARE,B ,Q,27.00,27.00,26.00,26.05,26.05,26.55,74,5645,150051.00,
534060,PMCFIN      ,X ,Q,0.40,0.41,0.36,0.37,0.38,0.38,552,2693070,1064602.00,
534064,AIML        ,XT,Q,14.00,14.00,14.00,14.00,14.00,13.50,1,1000,14000.00,
534076,ORIENT REF  ,B ,Q,195.90,200.20,189.55,190.70,189.55,194.55,682,14044,2764275.00,
534091,MCX LTD     ,A ,Q,1769.00,1769.00,1612.70,1627.05,1627.05,1741.80,2066,33252,56141037.00,
534139,SCHNEIDER   ,B ,Q,79.50,80.60,78.15,79.35,79.45,79.45,623,50947,4046754.00,
534309,NBCC        ,A ,Q,25.90,26.15,24.45,24.80,24.80,25.75,3818,935048,23593357.00,
534312,MT EDUCARE  ,B ,Q,11.93,11.94,10.98,11.11,11.19,11.78,72,11696,134281.00,
534328,HEXATRADEX  ,T ,Q,30.25,30.25,29.70,29.70,29.70,31.25,5,1938,58108.00,
534338,MAXHEIGHTS  ,X ,Q,11.80,11.85,10.93,11.85,11.85,11.50,9,186,2137.00,
534369,TBZ LTD     ,B ,Q,36.50,36.65,35.20,35.40,35.45,36.90,181,7693,276314.00,
534392,VSSL        ,B ,Q,79.95,80.85,78.00,79.40,79.40,77.00,110,5802,465683.00,
534425,SPECIALITY R,B ,Q,35.40,35.70,33.25,33.65,33.25,35.50,206,12491,425537.00,
534532,LYPSA GEMS  ,B ,Q,3.31,3.35,3.19,3.19,3.19,3.31,11,1485,4821.00,
534535,BIOGRPAPER  ,X ,Q,1.71,1.71,1.71,1.71,1.71,1.71,1,40,68.00,
534597,RTNINFRA    ,B ,Q,6.45,6.65,6.33,6.33,6.33,6.66,194,277146,1764041.00,
534598,SEPOWER     ,B ,Q,2.45,2.45,2.45,2.45,2.45,2.46,2,36,88.00,
534600,JTL INFRA   ,X ,Q,126.00,126.00,120.00,123.30,123.90,120.00,18,3775,457204.00,
534612,AMTL        ,X ,Q,7.85,8.24,7.66,8.24,8.24,7.85,26,2700,21840.00,
534615,NECC LTD    ,B ,Q,8.77,8.77,8.65,8.65,8.65,8.65,8,2249,19490.00,
534618,SAREL       ,XT,Q,16.95,17.00,16.70,16.95,16.95,16.70,11,25100,425437.00,
534623,JUPITER INFO,X ,Q,31.95,31.95,26.25,28.00,28.00,29.15,6,500,14189.00,
534674,DUCON       ,B ,Q,3.96,3.96,3.80,3.81,3.80,3.99,37,18941,73508.00,
534675,PROZONINTU  ,B ,Q,16.80,17.35,16.35,16.55,16.55,16.80,182,25214,422224.00,
534680,SRG HFL     ,X ,Q,128.70,129.40,121.10,122.25,122.10,126.80,15,655,80464.00,
534690,LAKSHMIVILAS,A ,Q,22.55,22.70,20.35,20.55,20.50,22.15,359,61517,1296196.00,
534691,COMFORT COM ,B ,Q,2.10,2.10,2.10,2.10,2.10,2.00,4,1911,4013.00,
534707,ADITRI      ,X ,Q,0.41,0.41,0.41,0.41,0.41,0.43,9,1773,726.00,
534731,BRONZE INFRA,XT,Q,0.30,0.31,0.30,0.31,0.31,0.30,2,2250,682.00,
534733,SUPREMEX    ,XT,Q,1.90,1.90,1.81,1.81,1.81,1.90,3,50,92.00,
534734,RMCHEM      ,XT,Q,0.49,0.49,0.49,0.49,0.49,0.49,14,17013,8336.00,
534742,ZUARI AGRO  ,B ,Q,85.55,85.55,83.70,83.85,83.85,85.95,19,265,22241.00,
534748,STEEL EXCH  ,B ,Q,39.95,39.95,38.15,38.70,39.15,39.95,49,5334,207360.00,
534755,TRIO MERCAN ,X ,Q,34.90,35.10,33.60,34.95,34.95,34.90,54,5986,208516.00,
534758,CIGNITI TECH,B ,Q,359.50,410.00,359.00,383.55,385.00,354.95,2741,42973,16634005.00,
534796,CDG         ,X ,Q,25.10,26.40,25.10,25.10,25.10,26.40,5,343,8613.00,
534804,CARERATING  ,A ,Q,383.05,387.20,375.00,375.55,375.55,382.85,945,7609,2878901.00,
534809,PC JEWELLER ,A ,Q,15.40,15.40,13.90,14.30,14.30,15.15,1434,745676,10840359.00,
534816,BH INFRATEL ,A ,Q,199.20,199.20,186.85,188.40,188.40,199.20,2497,197962,38144426.00,
534976,VMART       ,A ,Q,2131.90,2147.00,2045.00,2057.50,2075.75,2136.05,287,874,1828033.00,
535136,NIBE        ,T ,Q,13.14,13.14,11.95,11.95,11.95,12.52,4,100,1235.00,
535204,MUKTA       ,X ,Q,2.80,2.80,2.60,2.60,2.60,2.80,12,2030,5580.00,
535205,MYSTICELE   ,X ,Q,2.03,2.20,2.03,2.03,2.03,2.25,3,1025,2081.00,
535276,SBISENSEX   ,B ,Q,419.00,419.00,409.00,410.49,409.00,418.22,168,8109,3345168.00,
535322,REPCO HOME  ,A ,Q,166.00,166.00,158.65,158.65,158.65,167.00,1526,42050,6744284.00,
535601,SREELEATHER ,B ,Q,148.60,148.60,135.80,135.80,135.80,145.00,98,22906,3336124.00,
535602,SHARDA MOTOR,B ,Q,854.00,874.90,854.00,864.85,864.85,883.25,98,899,775594.00,
535620,BINNY MILLS ,X ,Q,60.95,60.95,60.95,60.95,60.95,62.15,1,15,914.00,
535621,SV GLOBAL   ,X ,Q,36.65,36.65,35.15,36.50,36.65,34.95,60,23439,858681.00,
535648,JUSTDIAL    ,A ,Q,378.15,382.50,362.90,365.15,364.55,379.40,1653,44823,16619117.00,
535657,OONE        ,X ,Q,2.69,2.69,2.69,2.69,2.69,2.64,1,50,134.00,
535667,IFINSEC     ,T ,Q,13.90,13.91,12.61,13.91,13.91,13.25,19,1104,15351.00,
535693,BRAHM INFRA ,XT,Q,12.90,14.20,12.90,12.90,12.90,13.55,9,15179,196324.00,
535754,ORIENT CEM  ,A ,Q,62.25,62.25,59.50,59.55,59.50,62.40,186,9818,596614.00,
535755,ABFRL       ,A ,Q,135.00,135.00,123.70,126.80,127.95,133.00,3993,116854,15119571.00,
535789,IBUL HSG FIN,A ,Q,180.20,181.95,151.80,154.90,154.90,178.55,26549,2718858,440028089.00,
536170,KUSHAL      ,T ,Q,3.90,3.90,3.60,3.78,3.88,3.72,53,7317,27791.00,
536264,TIGER LOGS  ,B ,Q,42.95,46.35,40.30,45.60,45.60,43.00,742,146026,6383007.00,
536493,JKAGRI GEN  ,X ,Q,720.60,730.00,692.00,701.20,692.00,720.60,72,1507,1076260.00,
536507,FUTLIF FAS  ,A ,Q,103.45,103.45,98.40,98.40,98.40,103.55,1613,88622,8862152.00,
536565,TRIMURTHI   ,XT,Q,3.61,3.75,3.61,3.75,3.75,3.68,3,211,789.00,
536659,PVVINFRA    ,X ,Q,4.63,4.63,4.20,4.63,4.63,4.41,17,80484,370246.00,
536709,INDRENEW    ,X ,Q,9.50,9.50,9.01,9.01,9.01,9.08,5,501,4690.00,
536751,FIVEXTRADE  ,X ,Q,0.40,0.40,0.40,0.40,0.40,0.39,2,4,1.00,
536846,YURANUS INFR,X ,Q,12.26,12.26,12.26,12.26,12.26,12.90,1,8,98.00,
536960,M100        ,B ,Q,18.70,18.80,17.90,18.10,18.15,18.57,102,11919,216328.00,
536974,CAPTAIN POLY,B ,Q,31.05,31.45,29.90,30.10,29.90,30.80,139,60996,1875109.00,
537007,ICICINIFTY  ,B ,Q,121.55,121.91,119.11,119.35,119.28,121.79,261,2935,353816.00,
537008,ICICINF100  ,B ,Q,126.00,126.00,124.00,124.00,124.00,124.12,7,21,2632.00,
537069,ARNOLD HOLD ,X ,Q,29.50,29.50,29.50,29.50,29.50,29.35,3,122,3599.00,
537092,MODEX INT   ,Z ,Q,6.20,6.20,5.90,5.90,5.90,6.18,5,82,484.00,
537253,SUNIL HEALTH,XT,Q,25.95,27.00,25.15,26.95,26.95,25.95,14,803,21205.00,
537254,RCI IND     ,T ,Q,9.99,10.98,9.99,10.95,10.95,10.51,18,2182,21950.00,
537259,SUYOG TELE  ,B ,Q,399.90,410.00,392.00,394.50,402.90,391.75,62,1218,491289.00,
537291,NATH BIOGEN ,B ,Q,271.00,285.00,271.00,276.15,272.65,278.15,481,35866,9940449.00,
537292,AGRI TECH   ,B ,Q,30.20,31.70,30.00,30.10,30.10,30.20,102,2335,72865.00,
537326,CHEMTECH IND,T ,Q,11.95,12.54,11.95,12.54,12.54,11.95,15,6558,82080.00,
537483,NETFNIF100  ,B ,Q,118.00,119.90,116.00,116.15,116.00,122.00,9,202,23488.00,
537524,VIAANINDUS  ,X ,Q,0.74,0.77,0.73,0.73,0.76,0.74,117,315327,236822.00,
537536,DENIS CHEM  ,X ,Q,45.00,45.00,37.25,38.75,39.80,41.05,63,3134,125169.00,
537708,KOTAKNIFTY  ,B ,Q,119.76,119.99,116.80,117.46,116.99,119.76,166,4763,563140.00,
537750,KIRAN VYPAR ,XT,Q,70.00,72.50,69.40,70.05,70.05,72.95,15,485,34161.00,
537766,BCP LTD     ,B ,Q,5.25,5.25,4.80,4.84,4.86,5.01,69,9513,46508.00,
537785,ANISHA IMPEX,M ,Q,100.00,100.00,100.00,100.00,100.00,100.15,1,2500,250000.00,
537800,MANGALAM IND,XT,Q,0.34,0.34,0.33,0.33,0.33,0.33,22,3747,1255.00,
537820,VFL         ,B ,Q,0.54,0.56,0.53,0.53,0.53,0.54,5,9565,5344.00,
537840,RAUNAQEPC   ,XT,Q,23.00,23.00,21.95,21.95,21.95,23.00,2,115,2629.00,
538019,OBI LTD     ,T ,Q,8.10,8.10,7.36,7.50,7.50,7.73,25,5438,41576.00,
538057,CPSE ETF    ,B ,Q,17.36,17.36,16.95,17.01,16.95,17.40,1703,108014,1852659.00,
538081,HARIA APL   ,XT,Q,0.95,0.95,0.91,0.91,0.91,0.95,6,1050,987.00,
538092,JOONKTOLLEE ,X ,Q,108.95,108.95,100.10,107.75,108.50,105.30,5,32,3467.00,
538180,GOLD LINE   ,Z ,Q,0.31,0.31,0.31,0.31,0.31,0.32,3,16040,4972.00,
538212,SHARP INV   ,X ,Q,0.21,0.21,0.20,0.20,0.20,0.21,14,1762,357.00,
538268,WONDERLA    ,B ,Q,165.00,170.30,156.60,159.40,158.25,166.40,747,11597,1878783.00,
538365,ADHUNIKIND  ,B ,Q,19.15,19.90,19.00,19.25,19.05,19.70,36,5595,106986.00,
538395,NAM SEC     ,X ,Q,31.10,31.10,31.10,31.10,31.10,31.10,2,50,1555.00,
538401,MAESTROS ELE,X ,Q,105.25,106.90,103.25,105.45,103.25,104.85,61,9494,1013406.00,
538433,CLASSIC     ,XT,Q,0.23,0.24,0.23,0.24,0.24,0.23,8,7020,1643.00,
538446,MONEYBOXX   ,T ,Q,52.00,54.10,50.05,53.90,53.90,52.00,25,27054,1391729.00,
538452,QUASAR      ,X ,Q,8.67,8.67,8.67,8.67,8.67,8.26,2,35,303.00,
538476,CTL         ,X ,Q,4.90,5.29,4.80,5.20,5.20,5.06,62,42762,220203.00,
538496,TARINI      ,M ,Q,3.72,3.72,3.72,3.72,3.72,3.55,10,300000,1116000.00,
538521,CROWNTOURS  ,X ,Q,19.30,19.30,18.80,18.90,19.00,19.50,30,11804,227417.00,
538537,OMANSH      ,X ,Q,0.34,0.34,0.33,0.33,0.33,0.34,13,338,111.00,
538540,RLFL        ,XT,Q,0.19,0.20,0.19,0.20,0.20,0.19,6,8949,1775.00,
538557,SAIBABA     ,X ,Q,2.48,2.48,2.48,2.48,2.48,2.44,16,648,1607.00,
538562,SKIPPER     ,B ,Q,52.00,52.00,49.60,49.60,49.60,52.00,129,6810,344404.00,
538564,JAMESWARREN ,X ,Q,110.10,114.90,107.00,107.00,107.00,110.10,9,203,22277.00,
538566,APOLLOTRI   ,B ,Q,586.00,600.00,565.00,568.00,568.00,585.95,592,38755,22561933.00,
538567,GULFOIL LUB ,A ,Q,661.00,665.00,636.00,650.05,647.90,658.35,270,2377,1552137.00,
538569,TRIVENI ENT ,X ,Q,58.80,58.80,58.80,58.80,58.80,56.00,4,5,294.00,
538598,VISHAL      ,B ,Q,306.05,309.35,306.05,309.10,308.95,305.10,2252,107752,33161116.00,
538607,TOYAMIND    ,XT,Q,3.56,3.92,3.56,3.90,3.90,3.74,255,1518076,5459249.00,
538611,RTFL        ,X ,Q,7.79,7.79,7.79,7.79,7.79,8.19,2,30,233.00,
538634,VRL         ,X ,Q,67.00,71.15,65.40,65.40,65.40,67.80,17,1735,117872.00,
538635,SNOWMAN     ,B ,Q,33.75,34.60,32.95,33.30,33.05,33.10,915,78523,2657678.00,
538647,PURSHOTTAM  ,X ,Q,9.25,9.25,9.25,9.25,9.25,8.95,1,10,92.00,
538653,EML         ,XT,Q,0.50,0.50,0.48,0.48,0.48,0.50,5,79,39.00,
538666,SHARDACROP  ,B ,Q,277.05,281.75,267.00,269.25,267.20,270.85,188,2323,635927.00,
538683,NETFSENSEX  ,B ,Q,415.10,415.10,408.11,409.11,408.11,415.11,11,23,9419.00,
538685,SHEMAROO    ,B ,Q,61.15,61.50,57.15,57.15,57.15,60.15,349,22658,1331277.00,
538706,ULTRACAB    ,B ,Q,57.55,61.90,57.55,60.75,60.75,59.00,8,1814,106177.00,
538707,RCCL        ,X ,Q,16.05,16.05,14.75,14.75,14.75,15.30,2,30,468.00,
538708,ETIL        ,X ,Q,4.86,4.86,4.86,4.86,4.86,4.95,1,13820,67165.00,
538715,DHABRIYA    ,B ,Q,33.40,33.40,29.00,30.50,29.00,28.40,22,2297,71179.00,
538730,PDSMFL      ,B ,Q,303.00,315.00,303.00,309.75,303.00,303.00,139,2882,895333.00,
538732,VGCL        ,T ,Q,18.50,18.50,18.50,18.50,18.50,18.50,2,1000,18500.00,
538734,CEINSYSTECH ,T ,Q,113.00,116.90,110.00,113.05,116.90,112.60,21,994,112651.00,
538742,PANACHE     ,X ,Q,25.60,25.60,25.35,25.35,25.35,26.65,15,2104,53646.00,
538770,CRANE INFRA ,X ,Q,3.34,3.34,3.34,3.34,3.34,3.34,1,235,784.00,
538772,NIYOGIN     ,X ,Q,58.70,61.00,58.70,61.00,61.00,59.85,33,18576,1131911.00,
538787,GBFL        ,X ,Q,2.27,2.27,2.27,2.27,2.27,2.17,9,2010,4562.00,
538788,GILADAFINS  ,X ,Q,13.30,13.30,13.30,13.30,13.30,14.00,7,792,10533.00,
538795,SAPPL       ,X ,Q,145.00,155.85,145.00,150.05,150.05,151.05,12,332,50385.00,
538812,AANCHALISP  ,T ,Q,5.00,5.00,4.79,4.86,4.86,5.03,25,20077,97244.00,
538835,INTELLECT   ,A ,Q,213.55,217.60,203.25,207.30,207.00,213.90,1492,48054,10085336.00,
538836,MONTECARLO  ,B ,Q,181.05,181.55,172.85,173.65,173.40,180.75,91,679,118968.00,
538837,JSTL        ,X ,Q,21.50,22.20,20.50,21.40,22.20,21.15,55,9087,195267.00,
538868,CSL         ,XT,Q,10.20,10.20,10.15,10.15,10.15,10.20,5,5600,56990.00,
538882, EMERALD    ,X ,Q,12.84,12.84,12.50,12.50,12.50,12.28,2,210,2693.00,
538890,MKEXIM      ,X ,Q,17.15,19.90,17.10,17.15,17.10,18.60,8,356,6936.00,
538891,MCLOUD      ,X ,Q,60.50,60.60,59.25,59.75,59.75,59.95,243,35794,2146012.00,
538896,KANCHI      ,X ,Q,398.25,421.00,385.20,390.55,395.75,411.95,229,8424,3405207.00,
538897,SHRINIWAS   ,X ,Q,10.44,10.44,10.44,10.44,10.44,10.65,1,25,261.00,
538902,DHUN TEAIND ,B ,Q,260.50,260.50,245.60,250.00,250.00,259.65,86,1760,447602.00,
538918,VANICOM     ,X ,Q,3.45,3.45,3.45,3.45,3.45,3.45,1,1,3.00,
538922,COSYN       ,X ,Q,21.10,22.70,21.00,21.10,21.00,22.60,15,917,19404.00,
538926,NAPL        ,X ,Q,130.00,130.00,130.00,130.00,130.00,130.50,1,1,130.00,
538928,KARNAVATI   ,B ,Q,17.45,17.45,17.45,17.45,17.45,17.45,1,5,87.00,
538942,MERCANTILE  ,X ,Q,7.15,7.50,7.15,7.17,7.17,7.50,13,1556,11151.00,
538952,ALFL        ,X ,Q,0.76,0.76,0.73,0.73,0.73,0.76,4,2600,1901.00,
538961,GENUSPAPER  ,B ,Q,4.94,5.05,4.80,4.82,4.81,4.97,70,34797,170931.00,
538962,MINDACORP   ,A ,Q,74.50,74.50,69.00,69.35,69.20,72.35,472,31436,2217236.00,
538964,MERCURYLAB  ,X ,Q,416.00,416.00,396.00,397.00,397.00,416.00,4,6,2438.00,
538965,CONCORD     ,XT,Q,18.00,18.00,17.10,17.25,17.80,17.30,18,889,15345.00,
538970,MANVIJAY    ,XT,Q,220.00,220.00,220.00,220.00,220.00,219.30,2,10,2200.00,
538979,GRNLAM IND  ,B ,Q,730.45,734.95,727.50,728.95,730.00,740.50,106,738,538917.00,
538987,TALBROSENG  ,X ,Q,79.00,90.00,79.00,84.25,84.20,88.70,17,246,21631.00,
538992,SAPL        ,X ,Q,235.05,259.75,235.05,255.95,255.95,247.40,10,70,16662.00,
539006,PTCIL       ,XT,Q,970.00,976.95,920.05,924.20,920.10,968.45,55,1145,1072120.00,
539009,GBLIL       ,XT,Q,2.53,2.53,2.49,2.53,2.53,2.49,32,11470,28941.00,
539016,NEIL        ,X ,Q,12.60,12.60,12.60,12.60,12.60,13.25,1,5,63.00,
539017,ASHFL       ,B ,Q,87.70,88.00,86.10,86.50,86.50,87.70,33,3288,286015.00,
539018,BEEKAY      ,X ,Q,226.90,226.90,211.00,212.10,211.00,217.20,20,1516,322528.00,
539026,SSPNFIN     ,M ,Q,41.50,41.60,41.50,41.60,41.60,41.90,2,16000,664800.00,
539031,SETFBSE100  ,B ,Q,120.00,122.99,120.00,122.96,122.96,118.00,7,44,5407.00,
539032,FRASER      ,X ,Q,2.92,3.17,2.92,2.95,2.95,3.03,8,542,1584.00,
539040,TTIL        ,XT,Q,3.25,3.25,3.25,3.25,3.25,3.31,2,35,113.00,
539042,AGIIL       ,B ,Q,57.25,57.25,52.05,56.95,56.95,54.55,10,1046,55676.00,
539043,BKMINDST    ,B ,Q,1.00,1.01,0.95,1.00,1.01,0.99,7,1647,1641.00,
539044,MANAKSTELTD ,B ,Q,12.62,12.62,12.15,12.62,12.62,12.02,249,98911,1244566.00,
539045,MNKALCOLTD  ,B ,Q,8.11,8.11,7.96,7.96,7.96,8.12,4,187,1492.00,
539046,MNKCMILTD   ,B ,Q,4.00,4.00,3.99,3.99,3.99,4.07,6,1636,6532.00,
539056,IMAGICAA    ,B ,Q,4.04,4.26,4.04,4.07,4.04,4.25,484,40334,165771.00,
539083,INOXWIND    ,A ,Q,45.35,45.35,40.60,40.85,40.85,42.80,188,36372,1558554.00,
539113,PML         ,X ,Q,1400.00,1446.95,1276.05,1299.00,1286.15,1403.90,54,250,328956.00,
539117,SUJALA      ,X ,Q,9.03,9.03,9.03,9.03,9.03,9.50,1,300,2709.00,
539118,VRLLOG      ,A ,Q,167.50,168.00,156.50,161.65,161.50,166.90,1108,22780,3699223.00,
539122,BODHTREE    ,X ,Q,49.95,49.95,42.20,47.65,47.90,48.05,411,17294,826181.00,
539126,MEP         ,B ,Q,16.25,16.30,14.90,15.00,15.00,15.65,76,47124,710319.00,
539132,VEGETABLE   ,X ,Q,2.20,2.20,2.20,2.20,2.20,2.20,5,1207,2655.00,
539141,UFO         ,B ,Q,77.15,77.15,71.35,72.05,72.05,76.75,186,7195,528745.00,
539142,NIFTYEES    ,B ,Q,14700.00,14700.00,14700.00,14700.00,14700.00,14975.00,1,1,14700.00,
539143,PANTH       ,X ,Q,6.26,6.26,6.26,6.26,6.26,6.38,13,1811,11336.00,
539148,SHIVALIK    ,X ,Q,463.90,475.00,430.10,440.30,440.30,455.40,718,33287,15286738.00,
539150,PNCINFRA    ,A ,Q,171.00,171.85,157.00,160.05,158.60,169.10,570,14821,2450182.00,
539151,ARFIN       ,X ,Q,35.50,38.80,35.50,35.70,35.70,38.30,18,407,14609.00,
539174,HELPAGE     ,XT,Q,10.82,10.82,10.82,10.82,10.82,11.32,2,501,5420.00,
539176,HAWAENG     ,XT,Q,21.70,21.70,21.70,21.70,21.70,22.80,4,425,9222.00,
539177,AIIL        ,X ,Q,152.00,152.00,144.05,144.05,144.05,150.70,4,451,68472.00,
539195,POEL        ,X ,Q,20.95,20.95,20.00,20.00,20.15,19.90,18,599,12342.00,
539196,AEL         ,X ,Q,9.33,9.99,9.31,9.31,9.31,10.12,28,3177,30448.00,
539201,SATIA       ,B ,Q,120.00,122.00,104.50,108.45,108.45,117.00,767,28963,3285252.00,
539216,GARMNTMNTR  ,M ,Q,49.50,49.75,49.50,49.75,49.75,48.90,3,9000,446550.00,
539217,SRESTHA     ,X ,Q,5.21,5.21,5.21,5.21,5.21,5.23,1,1,5.00,
539219,MUL         ,X ,Q,10.35,10.77,10.35,10.37,10.36,10.56,65,8327,87618.00,
539221,SPORTKING   ,XT,Q,316.90,316.90,290.00,290.10,290.00,303.00,23,457,137132.00,
539222,VMV         ,M ,Q,42.50,42.50,40.50,41.35,41.80,41.10,14,85000,3538000.00,
539223,AMBITION    ,B ,Q,5.50,5.50,5.50,5.50,5.50,5.45,1,1000,5500.00,
539225,JIYAECO     ,B ,Q,9.77,9.93,9.00,9.24,9.36,9.46,47,9246,87647.00,
539227,LOYAL       ,T ,Q,33.00,34.95,32.50,34.95,34.95,33.85,5,1318,43133.00,
539228,GGPL        ,T ,Q,53.10,53.50,52.60,53.15,53.50,55.30,12,620,32842.00,
539229,MRSS        ,MT,Q,5.85,6.25,5.85,5.86,5.86,6.11,8,5400,32316.00,
539235,GPL         ,X ,Q,261.75,289.00,261.75,270.00,270.00,275.50,4,9,2391.00,
539251,BALKRISHNA  ,B ,Q,13.18,13.18,12.71,12.71,12.71,13.19,8,100,1295.00,
539252,SCFL        ,B ,Q,4.47,4.68,4.47,4.47,4.47,4.70,8,1335,6072.00,
539254,ADANITRANS  ,A ,Q,258.15,260.00,240.05,245.35,245.35,258.10,2358,61537,15504420.00,
539267,DRHABEEB    ,XT,Q,52.55,52.55,52.55,52.55,52.55,53.60,1,1,52.00,
539268,SYNGENE     ,A ,Q,573.00,574.00,547.35,559.05,561.00,567.75,2330,43899,24671617.00,
539275,MSL         ,T ,Q,64.95,66.00,62.05,62.20,62.20,64.85,48,43630,2835100.00,
539276,KAYA        ,B ,Q,232.95,232.95,219.65,221.40,220.95,229.15,133,3190,712914.00,
539278,SYMBIOX     ,X ,Q,0.94,0.94,0.93,0.94,0.94,0.94,8,805,756.00,
539287,ORTINLAABS  ,B ,Q,20.70,21.00,19.40,19.50,19.50,20.00,62,6086,122649.00,
539289,MJCO        ,B ,Q,760.40,778.00,755.60,763.75,763.75,756.40,435,4884,3738296.00,
539290,BINDALAGRO  ,B ,Q,12.80,13.15,12.73,12.73,12.73,13.40,55,11662,149841.00,
539300,AKSPINTEX   ,X ,Q,22.05,22.05,22.05,22.05,22.05,21.00,3,12,264.00,
539301,ARVSMART    ,B ,Q,91.00,92.85,87.50,88.00,87.50,91.95,346,10993,991563.00,
539302,POWERMECH   ,B ,Q,432.60,433.60,410.15,413.75,410.20,434.15,758,5316,2227934.00,
539309,RAMASTEEL   ,T ,Q,40.50,40.50,40.50,40.50,40.50,41.80,1,6000,243000.00,
539310,THINKINK    ,B ,Q,22.00,22.65,20.50,21.65,22.20,22.30,100,144046,3128923.00,
539312,UTISENSETF  ,B ,Q,410.00,411.50,405.02,406.53,405.05,414.00,47,1248,511303.00,
539313,UTINIFTETF  ,B ,Q,1220.00,1220.00,1200.00,1203.93,1200.00,1231.40,9,19,22901.00,
539331,VETO        ,B ,Q,48.95,48.95,45.00,46.20,46.85,46.35,292,12390,580823.00,
539332,NAVKARCORP  ,B ,Q,27.60,27.95,25.00,25.30,25.30,27.55,286,35034,920857.00,
539334,SHREEPUSHK  ,B ,Q,120.20,120.20,113.20,113.20,113.20,119.15,100,2484,288448.00,
539336,GUJGAS      ,A ,Q,316.25,318.70,303.65,308.60,308.05,318.45,2858,67004,20943697.00,
539346,SADBHIN     ,B ,Q,18.10,18.70,17.50,17.65,17.80,18.70,201,30370,547089.00,
539351,PRABHAT     ,B ,Q,65.90,69.50,65.90,67.05,67.00,65.85,277,6859,464769.00,
539353,SALAUTO     ,X ,Q,156.95,156.95,141.00,142.10,141.20,146.25,23,181,26187.00,
539354,POLYSPIN    ,X ,Q,39.70,42.05,39.70,41.70,39.90,40.05,42,8923,371463.00,
539359,PRITIKAUTO  ,X ,Q,89.50,89.60,79.00,83.75,83.30,86.70,83,11686,996287.00,
539363,SKC         ,T ,Q,3.35,3.35,3.35,3.35,3.35,3.41,11,2119,7098.00,
539391,ACME        ,X ,Q,9.83,9.83,9.64,9.64,9.64,9.64,4,11,107.00,
539399,BELLACASA   ,B ,Q,62.40,65.50,62.40,65.45,65.45,62.40,14,813,52584.00,
539400,MALLCOM     ,X ,Q,240.50,252.50,236.00,238.70,240.00,240.50,99,4333,1075667.00,
539402,VAL         ,M ,Q,17.50,17.50,17.50,17.50,17.50,18.50,8,144000,2520000.00,
539404,SATIN       ,B ,Q,63.60,64.00,57.80,58.80,58.80,63.20,1102,55425,3337527.00,
539407,GENCON      ,X ,Q,52.50,52.50,50.00,50.85,50.00,51.55,56,15864,809858.00,
539408,KUBERJI     ,X ,Q,0.58,0.58,0.58,0.58,0.58,0.56,6,1154,669.00,
539410,WELCON      ,X ,Q,7.00,7.00,6.86,6.86,6.86,7.00,5,1951,13524.00,
539428,TEJNAKSH    ,T ,Q,34.00,34.00,32.70,33.00,33.00,34.40,21,996,33277.00,
539437,IDFCFIRSTB  ,A ,Q,31.10,31.20,29.10,29.45,29.45,31.10,23485,4607339,139712805.00,
539447,BEARDSELL   ,T ,Q,9.40,9.40,8.55,8.60,9.00,9.00,14,1278,11675.00,
539448,INDIGO      ,A ,Q,1320.00,1350.00,1286.15,1296.55,1288.75,1313.65,3384,56187,74435418.00,
539450,SHK         ,A ,Q,86.50,87.75,80.95,81.60,81.60,86.30,1275,59999,5062413.00,
539455,ARYAVAN     ,X ,Q,8.08,8.80,8.08,8.80,8.80,8.50,4,2111,17136.00,
539469,PANORAMA    ,XT,Q,61.00,61.00,61.00,61.00,61.00,61.00,2,25,1525.00,
539470,SHREEGANES  ,X ,Q,107.50,110.40,107.00,109.55,109.00,110.90,33,8050,876422.00,
539479,GTV         ,X ,Q,35.00,35.00,34.00,34.00,34.00,33.40,2,3,104.00,
539480,LICNETFN50  ,B ,Q,117.00,117.00,115.05,115.13,115.13,116.30,7,30,3456.00,
539487,LICNETFSEN  ,B ,Q,401.00,422.62,391.10,395.21,394.00,410.69,12,52,20571.00,
539506,ADCON       ,XT,Q,8.60,8.60,8.60,8.60,8.60,8.60,1,1,8.00,
539516,HDFCNIFETF  ,B ,Q,1212.81,1214.65,1186.21,1186.21,1186.21,1200.54,8,30,36322.00,
539517,SXETF       ,B ,Q,4133.74,4133.74,4055.00,4091.00,4091.00,4133.77,16,25,102790.00,
539518,UDAYJEW     ,X ,Q,109.50,110.15,104.50,109.65,109.65,110.00,58,7142,771375.00,
539519,MAYUKH      ,XT,Q,10.51,10.52,10.51,10.52,10.52,10.53,14,45000,473250.00,
539523,ALKEM       ,A ,Q,2911.00,2911.00,2835.75,2864.75,2860.05,2856.80,1991,22261,63769119.00,
539524,LALPATHLAB  ,A ,Q,2000.00,2000.00,1815.80,1884.65,1876.00,1989.50,1952,9329,17862509.00,
539525,NAVKETAN    ,XT,Q,0.24,0.24,0.24,0.24,0.24,0.23,1,1,0.00,
539526,SCTL        ,B ,Q,1.18,1.18,0.93,0.95,0.97,1.10,274,981103,946699.00,
539527,CREATIVE    ,X ,Q,343.05,343.05,343.05,343.05,343.05,361.00,1,5,1715.00,
539528,AAYUSH      ,X ,Q,36.00,36.00,34.60,35.80,34.60,35.30,34,1535,54395.00,
539542,LUXIND      ,A ,Q,1404.60,1422.20,1350.00,1353.85,1350.00,1405.30,178,1650,2260874.00,
539545,APOORVA     ,X ,Q,13.49,13.49,12.25,13.44,13.47,12.85,14,1039,13435.00,
539551,NH          ,A ,Q,337.20,343.00,328.65,331.85,332.00,337.15,864,8817,2931235.00,
539561,ROXY        ,XT,Q,31.65,31.65,28.65,29.70,29.05,30.15,30,5026,153475.00,
539562,AARNAV      ,X ,Q,47.95,47.95,46.20,46.25,47.95,47.95,7,552,25526.00,
539587,IPRU2745    ,F ,Q,10.00,10.00,10.00,10.00,10.00,0.00,2,49990,499900.00,
539593,SHIVA       ,X ,Q,0.61,0.61,0.60,0.60,0.60,0.59,5,7579,4613.00,
539594,MISHTANN    ,XT,Q,9.50,9.50,9.50,9.50,9.50,9.69,48,21779,206900.00,
539596,DELTA       ,X ,Q,2.01,2.01,2.01,2.01,2.01,2.01,1,100,201.00,
539597,JSLHISAR    ,A ,Q,90.00,92.10,84.00,86.40,86.00,91.45,1481,45159,3983279.00,
539598,ORACLECR    ,X ,Q,8.00,8.00,8.00,8.00,8.00,8.00,1,6,48.00,
539621,BCLENTERPR  ,X ,Q,19.55,19.85,19.55,19.70,19.70,20.00,20,4684,91745.00,
539636,PRECAM      ,B ,Q,36.50,36.50,33.60,33.80,34.15,35.65,425,33843,1171066.00,
539658,TEAMLEASE   ,A ,Q,2585.00,2585.00,2230.75,2278.60,2230.75,2374.70,193,473,1104434.00,
539660,BESTAGRO    ,X ,Q,710.90,714.80,687.50,689.55,690.00,701.30,230,63190,44149451.00,
539661,ACEMEN      ,XT,Q,21.40,22.00,20.50,20.80,22.00,21.50,13,5001,104621.00,
539673,RCL         ,XT,Q,17.70,17.70,17.70,17.70,17.70,16.95,2,16,283.00,
539678,QUICKHEAL   ,B ,Q,158.70,161.55,144.55,148.50,148.50,153.80,2299,76614,11823947.00,
539679,KAPILRAJ    ,X ,Q,7.48,7.50,7.48,7.50,7.50,7.48,6,30000,224700.00,
539686,KPEL        ,B ,Q,70.50,76.80,70.50,72.00,72.00,74.00,6,7,504.00,
539692,IFINSER     ,XT,Q,13.35,13.35,13.35,13.35,13.35,14.05,8,877,11707.00,
539725,GOKULAGRO   ,B ,Q,14.50,14.50,13.80,13.95,14.40,14.50,89,6773,96535.00,
539730,FREDUN      ,X ,Q,220.05,235.05,220.05,222.70,222.00,232.05,80,6476,1486518.00,
539742,SIMBHALS    ,B ,Q,6.85,6.90,6.51,6.65,6.66,6.80,25,1496,9948.00,
539767,MNIL        ,X ,Q,15.23,15.90,15.01,15.63,15.63,15.20,297,37393,582013.00,
539770,DARJEELING  ,X ,Q,3.59,3.59,3.59,3.59,3.59,3.66,8,1047,3758.00,
539784,LICNFNHGP   ,B ,Q,120.90,120.90,118.00,119.40,118.00,120.00,3,3,359.00,
539785,PDMJEPAPER  ,B ,Q,14.20,14.85,14.20,14.30,14.30,14.27,54,7969,115722.00,
539787,HCG         ,B ,Q,123.55,124.95,120.95,122.05,124.95,122.40,211,5331,660987.00,
539799,BHARATWIRE  ,B ,Q,26.70,26.70,25.40,25.40,25.40,26.70,94,8175,210578.00,
539800,CHDCHEM     ,B ,Q,58.00,58.20,58.00,58.20,58.20,57.10,1073,390497,22720972.00,
539807,INFIBEAM    ,A ,Q,77.00,80.45,76.40,77.45,77.45,77.65,1687,374014,29502152.00,
539835,SUPERIOR    ,XT,Q,96.35,96.60,96.30,96.45,96.35,96.25,79,1995,192405.00,
539837,RPEL        ,T ,Q,114.90,115.00,107.50,107.50,107.50,110.00,4,1172,134462.00,
539841,LANCER      ,B ,Q,55.00,57.85,55.00,57.80,57.85,56.15,20,2595,148033.00,
539844,EQUITAS     ,A ,Q,55.00,55.40,51.50,52.20,52.20,54.80,2113,271040,14420156.00,
539854,HALDER      ,X ,Q,35.85,35.85,35.85,35.85,35.85,34.15,1,1,35.00,
539861,SKIL        ,B ,Q,3.31,3.31,3.01,3.31,3.31,3.16,99,65359,212101.00,
539871,THYROCARE   ,A ,Q,806.00,815.00,751.50,776.90,785.25,806.80,1564,16549,12994742.00,
539872,BAJAJHCARE  ,B ,Q,470.00,477.50,425.00,444.70,444.70,468.75,886,34796,15920691.00,
539874,UJJIVAN     ,A ,Q,223.10,225.70,212.45,215.40,215.40,223.80,2184,90525,19736202.00,
539876,CROMPTON    ,A ,Q,285.00,285.00,267.80,269.75,268.05,279.65,677,12976,3552128.00,
539883,PILANIINVS  ,B ,Q,1600.15,1640.75,1600.00,1614.20,1610.00,1602.15,32,70,113531.00,
539884,DARSHANORNA ,B ,Q,9.03,9.03,9.03,9.03,9.03,9.50,14,7150,64564.00,
539889,PARAGMILK   ,A ,Q,100.00,102.35,96.00,97.70,97.55,101.35,1513,61000,6048542.00,
539894,MADHAVIPL   ,X ,Q,5.37,5.37,5.00,5.07,5.11,5.14,100,19850,100778.00,
539910,KOCL        ,X ,Q,0.45,0.45,0.45,0.45,0.45,0.43,1,20000,9000.00,
539911,SNIM        ,X ,Q,2.74,2.74,2.74,2.74,2.74,2.61,17,7674,21026.00,
539917,NAGARFERT   ,B ,Q,4.30,4.36,4.10,4.14,4.14,4.31,170,67672,281806.00,
539921,SEIL        ,T ,Q,114.00,114.00,114.00,114.00,114.00,109.00,1,1,114.00,
539938,MIL         ,XT,Q,52.00,52.00,51.00,51.00,51.00,52.00,4,1024,52274.00,
539939,YASHCHEM    ,B ,Q,57.85,57.90,56.65,57.30,57.00,56.65,26,5497,315458.00,
539940,MAXVIL      ,B ,Q,38.45,39.35,35.65,35.90,36.00,37.70,191,15047,551710.00,
539945,ICICINV20   ,B ,Q,59.06,59.30,58.10,58.18,58.10,59.22,31,177,10391.00,
539956,TAALENT     ,X ,Q,254.95,274.40,235.05,239.00,239.00,256.55,547,30118,7851976.00,
539957,MGL         ,A ,Q,920.50,940.90,879.15,884.90,884.90,920.25,8895,109868,100465394.00,
539963,ZEAL        ,B ,Q,75.40,75.40,62.10,71.55,69.60,63.30,385,14714,1020342.00,
539978,QUESS       ,A ,Q,426.85,436.30,401.20,408.05,408.05,426.85,1792,21573,9008017.00,
539979,DIGJAMLTD   ,Z ,Q,2.68,2.70,2.52,2.57,2.69,2.58,53,47215,125004.00,
539980,ICICIMCAP   ,B ,Q,64.17,65.54,62.55,63.32,64.12,65.60,50,1701,109148.00,
539982,ASYL        ,T ,Q,7.85,8.67,7.85,8.67,8.67,8.26,5,570,4840.00,
539984,HUIL        ,X ,Q,839.90,839.90,830.30,830.85,830.30,825.00,11,180,149927.00,
539985,TITAANIUM   ,M ,Q,6.15,6.20,6.05,6.05,6.05,6.00,5,40000,244400.00,
539986,COMSYN      ,B ,Q,59.00,61.00,58.00,60.45,61.00,60.00,72,28360,1670836.00,
539992,LLOYDSTEEL  ,B ,Q,0.76,0.76,0.73,0.73,0.73,0.74,104,283679,208960.00,
540005,LTI         ,A ,Q,2763.95,2763.95,2615.00,2649.25,2615.00,2705.85,1201,12402,33364390.00,
540006,EASTWEST    ,X ,Q,53.30,53.40,45.50,50.15,50.95,52.30,67,9841,501257.00,
540008,BSLSENETFG  ,B ,Q,427.00,427.00,425.00,425.00,425.00,399.90,6,14,5954.00,
540024,ASHARI      ,XT,Q,8.50,8.50,8.50,8.50,8.50,8.50,1,10,85.00,
540025,ADVENZYMES  ,A ,Q,253.50,257.00,231.05,234.20,234.20,250.95,1976,49962,12342192.00,
540026,LAHL        ,XT,Q,4.26,4.26,4.26,4.26,4.26,4.06,3,100,426.00,
540027,PTIL        ,B ,Q,352.00,352.85,346.65,347.30,346.65,352.10,36,2262,796544.00,
540047,DBL         ,A ,Q,368.85,368.85,351.55,354.65,352.50,357.05,496,10695,3815319.00,
540048,SPAL        ,B ,Q,122.15,129.55,119.00,120.05,120.05,122.15,1119,31762,3939785.00,
540061,BIGBLOC     ,T ,Q,50.00,52.50,50.00,51.00,51.00,50.50,9,1153,58052.00,
540064,FRETAIL     ,A ,Q,97.50,99.90,95.40,95.40,95.40,100.40,13291,860690,83480104.00,
540065,RBLBANK     ,A ,Q,181.40,182.20,168.05,169.10,169.10,180.65,10319,879404,153868103.00,
540073,BLS         ,B ,Q,103.55,103.55,95.60,96.75,95.60,100.55,82,2491,242897.00,
540078,MITSU       ,B ,Q,100.00,101.25,98.00,98.10,98.00,102.00,23,10052,1008454.00,
540108,TAHL        ,X ,Q,24.55,28.55,24.55,25.50,25.20,26.50,56,6461,167405.00,
540115,LTTS        ,A ,Q,1668.05,1684.40,1661.70,1663.55,1662.00,1672.55,723,26916,45072506.00,
540124,GNA         ,B ,Q,232.55,239.30,220.00,222.75,222.75,240.25,764,10746,2438334.00,
540125,RADHIKAJWE  ,M ,Q,15.00,15.00,14.50,14.50,14.50,17.20,2,3200,47200.00,
540133,ICICIPRULI  ,A ,Q,422.05,422.40,408.50,412.85,412.85,422.05,3226,59178,24650041.00,
540134,IISL        ,XT,Q,7.09,7.09,7.09,7.09,7.09,7.23,1,1,7.00,
540135,ARCFIN      ,X ,Q,0.88,0.88,0.88,0.88,0.88,0.88,1,2,1.00,
540136,HPL         ,B ,Q,34.50,34.50,33.10,33.50,33.50,34.35,129,5915,199788.00,
540143,SAGARSOFT   ,X ,Q,54.00,54.00,50.65,51.05,51.00,53.00,86,9111,474327.00,
540145,VALIANTORG  ,B ,Q,2824.40,2995.00,2800.00,2854.10,2854.10,2764.80,2706,101120,288284436.00,
540146,ACML        ,M ,Q,10.25,10.25,10.25,10.25,10.25,11.30,1,1000,10250.00,
540147,SHASHIJIT   ,B ,Q,23.65,27.95,23.65,27.00,27.00,28.80,8,6000,159567.00,
540150,MHEL        ,M ,Q,36.00,36.10,36.00,36.05,36.10,36.45,3,9000,324600.00,
540153,ENDURANCE   ,A ,Q,1150.00,1166.00,1079.15,1086.90,1088.80,1143.80,588,5821,6534024.00,
540173,PNBHOUSING  ,A ,Q,336.35,336.50,306.45,314.60,314.60,335.35,2891,89909,28823612.00,
540174,SOUTHERNIN  ,XT,Q,10.71,10.71,10.71,10.71,10.71,10.92,3,101,1081.00,
540175,REGENCY     ,X ,Q,29.00,29.25,27.90,28.40,28.85,28.45,161,25171,719216.00,
540180,VBL         ,A ,Q,708.00,708.00,685.80,691.55,690.20,699.85,379,2987,2072395.00,
540190,FRANKLININD ,X ,Q,9.82,9.83,9.82,9.83,9.83,9.84,6,17618,173128.00,
540192,LKPSEC      ,X ,Q,5.76,5.76,5.76,5.76,5.76,5.24,68,75720,436147.00,
540198,OSIAJEE     ,X ,Q,39.00,39.00,28.80,31.40,31.40,36.00,172,14980,490554.00,
540203,SFL         ,A ,Q,1550.00,1550.00,1450.65,1456.40,1456.40,1530.85,618,4915,7292801.00,
540210,TMRVL       ,B ,Q,9.29,9.66,8.94,8.96,8.99,9.41,63,5692,53047.00,
540212,TCIEXP      ,A ,Q,860.60,860.60,800.50,805.60,800.55,866.35,570,2079,1713221.00,
540222,LAURUSLABS  ,A ,Q,1503.00,1549.80,1391.45,1426.55,1426.55,1493.60,24840,278966,413276161.00,
540252,VSL         ,M ,Q,45.00,45.00,45.00,45.00,45.00,45.00,1,3510,157950.00,
540253,SNTCL       ,XT,Q,1.32,1.32,1.32,1.32,1.32,1.26,1,300,396.00,
540259,SHANGAR     ,XT,Q,104.90,104.90,104.90,104.90,104.90,107.00,1,1,104.00,
540266,GLCL        ,XT,Q,11.70,11.70,11.70,11.70,11.70,11.15,1,250,2925.00,
540268,DHANVARSHA  ,XT,Q,301.05,303.90,289.70,300.05,300.00,304.90,363,28853,8599387.00,
540293,PRICOLLTD   ,B ,Q,50.50,50.50,48.00,48.30,48.30,50.50,254,5014,246337.00,
540311,JITFINFRA   ,T ,Q,7.15,7.33,7.01,7.02,7.05,7.37,26,4543,32322.00,
540359,PARMAX      ,XT,Q,45.00,45.00,45.00,45.00,45.00,45.00,1,1,45.00,
540360,LLFICL      ,X ,Q,34.90,34.90,34.90,34.90,34.90,34.00,1,1,34.00,
540366,RADIOCITY   ,B ,Q,19.75,21.50,18.75,19.00,19.00,19.25,827,229054,4628633.00,
540376,DMART       ,A ,Q,2170.00,2175.00,2055.15,2093.35,2093.35,2149.50,7047,44934,94677606.00,
540377,IFL         ,M ,Q,19.50,19.50,19.50,19.50,19.50,18.75,2,12000,234000.00,
540386,ONTIC       ,X ,Q,6.20,6.25,6.20,6.25,6.25,6.50,3,6925,43041.00,
540393,SMLT        ,M ,Q,24.25,24.25,24.25,24.25,24.25,24.05,2,20000,485000.00,
540401,MAXIMUS     ,B ,Q,98.00,102.00,97.00,101.15,101.15,97.75,29,11124,1109502.00,
540403,CLEDUCATE   ,B ,Q,72.50,73.90,70.30,70.30,70.30,72.05,112,4958,353968.00,
540405,OCEANIC     ,T ,Q,40.00,42.00,38.50,41.70,41.70,40.00,14,3922,152806.00,
540425,SHANKARA    ,A ,Q,360.00,360.00,340.00,343.15,343.15,360.80,232,2061,717163.00,
540469,IPRU2933    ,B ,Q,9.75,9.75,9.75,9.75,9.75,9.40,1,2700,26325.00,
540481,CLFL        ,XT,Q,6.56,6.56,6.56,6.56,6.56,6.44,1,1,6.00,
540497,SCHAND      ,B ,Q,72.70,74.50,70.90,71.05,70.90,72.30,46,1386,99884.00,
540515,KANUNGO     ,X ,Q,12.90,12.90,12.90,12.90,12.90,12.90,1,2000,25800.00,
540519,MEERA       ,M ,Q,36.10,39.95,35.10,37.50,37.50,38.00,8,9600,354720.00,
540526,IRBINVIT    ,IF,Q,34.70,35.00,34.70,34.80,34.70,35.00,4,10000,347750.00,
540530,HUDCO       ,A ,Q,32.80,33.35,31.45,31.60,31.60,32.85,1401,180401,5780685.00,
540544,PSPPROJECT  ,B ,Q,426.00,431.75,411.05,415.80,413.00,430.40,328,3392,1424793.00,
540545,BGJL        ,B ,Q,56.10,58.85,56.10,56.25,56.25,56.05,14,1011,56744.00,
540550,YUG         ,M ,Q,27.00,27.00,27.00,27.00,27.00,23.50,3,12000,324000.00,
540565,INDIGRID    ,IF,Q,104.49,104.49,103.35,104.38,104.40,103.70,32,156492,16315787.00,
540575,STARCEMENT  ,A ,Q,88.70,91.45,85.50,85.75,85.75,88.70,466,18688,1661917.00,
540595,TEJASNET    ,B ,Q,80.00,82.00,76.00,76.00,76.00,80.00,953,53936,4226125.00,
540596,ERIS        ,A ,Q,557.00,557.00,512.25,514.45,514.00,538.80,438,4060,2111171.00,
540597,CONTAINER   ,XT,Q,3.88,3.88,3.88,3.88,3.88,3.88,1,1,3.00,
540602,GTPL        ,B ,Q,94.10,94.15,88.00,89.60,90.05,93.25,100,2635,238460.00,
540611,AUBANK      ,A ,Q,722.70,733.30,689.00,696.00,693.10,726.70,2334,33232,23481918.00,
540612,ICICILOVOL  ,B ,Q,97.92,97.92,95.35,95.82,95.35,97.29,5,15,1442.00,
540614,GGENG       ,B ,Q,70.25,71.00,68.00,68.95,69.00,69.60,202,42539,2932255.00,
540615,7NR         ,B ,Q,7.79,7.94,7.64,7.70,7.90,7.79,96,19104,150030.00,
540621,BHAGYAPROP  ,B ,Q,22.00,22.75,22.00,22.00,22.00,21.90,11,720,16207.00,
540642,SALASAR     ,B ,Q,186.85,190.15,183.00,189.90,189.90,181.10,164,3730,704846.00,
540647,GANGESSEC   ,B ,Q,39.10,39.10,38.00,38.20,38.00,39.45,15,758,28966.00,
540648,PALASHSEC   ,B ,Q,31.75,34.45,31.75,34.00,34.45,32.85,7,610,20494.00,
540649,AVADHSUGAR  ,B ,Q,192.50,192.50,182.90,183.25,183.00,191.45,118,5628,1058089.00,
540650,MAGADHSUGAR ,B ,Q,125.00,125.00,116.50,118.00,118.00,124.85,159,4579,548989.00,
540653,SINTEXPLAST ,B ,Q,2.39,2.40,2.29,2.31,2.31,2.37,192,344783,805733.00,
540654,GSTL        ,T ,Q,76.20,81.00,76.15,76.15,76.15,80.15,86,8797,677700.00,
540669,UTINEXT50   ,B ,Q,290.00,290.00,275.75,285.00,285.00,280.75,12,244,69318.00,
540673,SIS         ,A ,Q,389.25,395.00,373.00,375.10,373.50,382.10,1117,15695,6066678.00,
540678,COCHINSHIP  ,A ,Q,334.90,334.95,326.35,328.80,329.00,344.20,516,10978,3638379.00,
540679,SMSLIFE     ,B ,Q,659.00,666.60,604.00,654.70,654.70,634.90,1250,34049,22268713.00,
540680,KIOCL       ,B ,Q,123.55,125.00,117.40,117.60,117.40,123.55,172,2234,269807.00,
540686,SMRUTHIORG  ,X ,Q,281.50,291.00,281.50,286.00,286.00,278.00,34,2265,648211.00,
540691,ABCAPITAL   ,A ,Q,69.85,70.40,64.25,64.55,64.55,69.85,2832,274010,18249742.00,
540692,APEX        ,B ,Q,273.00,273.00,253.80,256.45,257.95,265.00,800,16636,4360502.00,
540694,ANG         ,M ,Q,48.00,50.00,48.00,50.00,50.00,47.50,14,35200,1729120.00,
540697,AMFL        ,B ,Q,2.97,2.97,2.90,2.90,2.90,2.95,39,28158,81658.00,
540699,DIXON       ,A ,Q,9500.00,9689.10,8506.00,8826.35,8826.35,9398.00,1802,4787,43472039.00,
540700,BRNL        ,B ,Q,31.80,31.80,31.05,31.25,31.05,32.00,38,1516,47842.00,
540701,DCAL        ,A ,Q,165.00,168.00,155.40,155.65,155.40,163.55,716,32368,5190718.00,
540702,LASA        ,B ,Q,70.00,72.70,66.30,66.75,66.75,69.70,219,21296,1457532.00,
540704,MATRIMONY   ,B ,Q,602.00,603.60,558.90,572.95,572.95,599.40,154,1278,747028.00,
540709,RELHOME     ,B ,Q,1.94,1.94,1.85,1.85,1.87,1.94,245,496420,932570.00,
540710,CAPACITE    ,B ,Q,134.40,134.75,124.25,125.70,125.00,133.00,436,7532,976628.00,
540715,SAGAR       ,M ,Q,6.65,6.65,6.65,6.65,6.65,6.43,2,6000,39900.00,
540716,ICICIGI     ,A ,Q,1301.05,1307.95,1260.55,1275.80,1273.00,1299.75,1793,15914,20328035.00,
540717,PQIF        ,X ,Q,9.42,9.42,9.42,9.42,9.42,9.91,1,1,9.00,
540719,SBILIFE     ,A ,Q,850.00,852.25,836.05,840.55,840.55,847.90,1223,35157,29680153.00,
540724,DIAMONDYD   ,B ,Q,630.45,630.45,592.40,600.95,597.80,626.80,35,98,59959.00,
540725,SISL        ,B ,Q,114.70,119.20,108.00,109.65,109.00,105.00,755,40014,4542160.00,
540728,SAYAJIIND   ,X ,Q,105.05,105.05,105.05,105.05,105.05,110.00,2,51,5357.00,
540729,VANTABIO    ,M ,Q,165.00,170.10,160.00,160.00,160.00,167.30,11,11250,1863450.00,
540730,MEHAI       ,B ,Q,23.65,25.05,22.80,22.90,22.90,23.95,46,22675,541021.00,
540735,IRIS        ,M ,Q,30.00,30.00,28.50,28.50,28.50,30.00,6,24000,708200.00,
540737,SGRL        ,M ,Q,144.00,144.00,140.00,140.00,140.00,148.00,2,3000,426000.00,
540743,GODREJAGRO  ,A ,Q,533.35,533.35,500.00,503.35,501.40,528.40,465,4603,2355867.00,
540744,MESCON      ,XT,Q,4.97,5.09,4.73,5.06,5.06,4.94,12,177,868.00,
540749,MASFIN      ,A ,Q,870.00,876.10,820.00,834.25,834.25,859.05,541,3477,2941238.00,
540750,IEX         ,A ,Q,208.80,210.00,190.20,195.05,195.05,206.95,6107,252450,50835388.00,
540755,GICRE       ,A ,Q,129.60,129.60,124.00,125.05,125.05,129.15,1378,38908,4941107.00,
540756,KAARYAFSL   ,M ,Q,5.71,5.71,5.14,5.14,5.14,5.71,2,6000,32550.00,
540757,SCPL        ,M ,Q,171.40,173.10,170.00,170.00,170.00,176.70,10,11200,1912160.00,
540762,TIINDIA     ,A ,Q,638.00,638.00,620.75,621.45,622.20,640.90,463,2393,1494729.00,
540767,NAM-INDIA   ,A ,Q,277.85,279.00,270.55,272.25,272.25,279.60,1209,33478,9173702.00,
540768,MAHLOG      ,A ,Q,342.00,348.00,322.00,325.80,325.80,345.05,607,4218,1420978.00,
540769,NIACL       ,A ,Q,114.00,114.80,107.45,107.90,107.90,113.30,490,12681,1392343.00,
540774,IFGLEXPOR   ,B ,Q,155.00,159.00,152.90,153.50,153.95,158.40,60,1073,166804.00,
540775,KHADIM      ,B ,Q,114.30,115.20,109.00,111.45,110.00,114.30,261,4885,547060.00,
540776,5PAISA      ,T ,Q,391.65,391.65,362.05,363.80,364.90,380.10,68,958,351332.00,
540777,HDFCLIFE    ,A ,Q,586.50,589.65,577.20,579.15,579.15,585.10,5996,103462,60283505.00,
540782,SBRANDS     ,M ,Q,3.76,3.76,3.62,3.65,3.65,3.69,15,17000,63250.00,
540786,SHARIKA     ,M ,Q,24.50,24.50,24.50,24.50,24.50,25.00,1,3000,73500.00,
540787,ICICIB22    ,B ,Q,25.52,25.52,24.80,24.91,24.83,25.49,269,46093,1157510.00,
540789,DNAMEDIA    ,B ,Q,0.51,0.51,0.49,0.49,0.49,0.49,9,887,443.00,
540791,HHOF1140DG  ,B ,Q,9.85,9.85,9.85,9.85,9.85,9.80,1,1,9.00,
540793,HHOF1140RG  ,B ,Q,7.68,7.68,7.22,7.22,7.22,7.28,10,27012,199415.00,
540794,HHOF1140RD  ,B ,Q,7.20,7.20,7.03,7.03,7.03,7.20,2,1010,7270.00,
540795,DYNAMIC     ,M ,Q,25.00,25.05,25.00,25.05,25.05,24.55,2,6000,150150.00,
540796,RATNABHUMI  ,M ,Q,45.95,45.95,45.85,45.85,45.85,45.50,3,50000,2295000.00,
540797,SHALBY      ,B ,Q,81.45,82.70,75.10,75.90,78.50,80.90,446,12698,1010741.00,
540798,FSC         ,B ,Q,116.25,119.45,114.30,114.30,114.30,120.30,1808,63803,7434365.00,
540799,DACEFRG     ,B ,Q,10.01,10.10,10.01,10.05,10.04,10.00,5,4600,46141.00,
540809,MRCEXIM     ,M ,Q,5.50,5.50,5.50,5.50,5.50,5.70,1,8000,44000.00,
540823,VITESSE     ,XT,Q,66.00,66.00,59.80,59.80,59.80,62.90,5,313,18785.00,
540824,ASTRON      ,B ,Q,45.00,45.00,42.00,42.35,42.30,44.65,140,10523,448079.00,
540829,CHANDRIMA   ,XT,Q,35.50,35.70,35.50,35.70,35.70,35.35,7,2160,76980.00,
540862,IPRU3019    ,B ,Q,8.00,8.00,8.00,8.00,8.00,7.72,1,1500,12000.00,
540879,APOLLO      ,B ,Q,126.00,129.40,116.00,117.50,117.00,126.95,593,11207,1358134.00,
540900,NEWGEN      ,B ,Q,220.90,247.35,212.00,220.25,218.00,220.70,2285,40239,9374708.00,
540901,PRAXIS      ,T ,Q,40.40,40.40,40.40,40.40,40.40,42.50,13,1632,65932.00,
540902,AMBER       ,A ,Q,2069.90,2084.50,1960.05,1993.30,1980.00,2044.20,3870,22322,45400801.00,
540935,GALAXYSURF  ,A ,Q,1994.00,1995.00,1873.00,1892.30,1892.35,1989.60,1347,5022,9649597.00,
540936,GGL         ,M ,Q,30.10,34.80,30.10,34.80,34.80,37.20,29,52200,1588140.00,
540937,MEDICO      ,M ,Q,77.90,78.00,77.90,78.00,78.00,75.00,2,2400,187080.00,
540945,FSSPL       ,MT,Q,1.36,1.36,1.36,1.36,1.36,1.43,1,4000,5440.00,
540947,IPRU3034    ,B ,Q,8.15,8.15,8.15,8.15,8.15,7.42,3,2000,16300.00,
540954,IWP         ,X ,Q,26.50,26.50,25.05,25.50,25.15,25.80,71,4262,108994.00,
540955,TDSL        ,B ,Q,28.75,29.35,26.75,26.75,26.75,29.70,129,33550,914196.00,
540956,BHATIA      ,B ,Q,76.85,79.85,75.50,75.50,75.50,76.85,10,657,49680.00,
540975,ASTERDM     ,A ,Q,146.00,146.00,127.25,134.00,134.00,145.60,735,28635,3968390.00,
540980,YSL         ,XT,Q,8440.05,8750.05,8440.05,8750.05,8750.05,8876.00,4,7,60630.00,
540981,KTKIND4RG   ,B ,Q,10.60,10.60,10.50,10.50,10.50,10.15,2,15000,157600.00,
541005,KANCOTEA    ,X ,Q,34.15,34.15,34.15,34.15,34.15,32.55,5,452,15435.00,
541019,HGINFRA     ,B ,Q,198.65,206.20,183.00,194.10,196.15,205.65,479,9345,1857886.00,
541053,EIS         ,M ,Q,1004.00,1004.00,1004.00,1004.00,1004.00,1004.00,1,160,160640.00,
541083,INFLAME     ,M ,Q,102.05,102.30,102.00,102.15,102.00,112.50,4,4000,408400.00,
541096,BPLPHARMA   ,XT,Q,441.00,446.00,418.00,420.40,420.25,439.70,136,3277,1402017.00,
541097,LIQUIDETF   ,F ,Q,999.99,1000.01,999.99,1000.00,999.99,999.99,1236,1317,1316999.00,
541143,BDL         ,A ,Q,318.00,320.90,300.00,302.25,302.25,318.50,4208,74580,23109838.00,
541153,BANDHANBNK  ,A ,Q,298.00,298.00,273.30,277.25,277.25,298.70,7169,553657,157826000.00,
541154,HAL         ,A ,Q,846.00,849.35,793.10,798.75,798.75,841.85,2319,25112,20560270.00,
541161,KARDA       ,T ,Q,105.65,105.65,101.05,101.95,102.00,100.65,39,4103,431842.00,
541163,SANDHAR     ,B ,Q,242.90,242.90,230.00,230.80,232.20,241.85,168,790,185875.00,
541178,BENARA      ,M ,Q,8.89,9.49,8.89,9.44,9.44,9.31,4,8000,74580.00,
541179,ISEC        ,A ,Q,475.00,485.20,466.00,468.85,466.00,478.70,508,9840,4686442.00,
541195,MIDHANI     ,A ,Q,205.00,206.15,197.20,198.20,198.20,205.70,2173,46376,9308156.00,
541233,LEMONTREE   ,A ,Q,28.35,28.40,26.90,26.95,26.90,28.30,1523,206772,5676790.00,
541256,IPRU3081    ,F ,Q,9.40,9.40,9.40,9.40,9.40,8.55,7,10005,94047.00,
541257,IPRU3082    ,F ,Q,9.60,9.60,9.60,9.60,9.60,8.80,5,24792,238003.00,
541269,CHEMFABALKA ,B ,Q,144.75,150.90,135.00,137.85,137.85,144.30,111,4026,560923.00,
541301,ORIENTELEC  ,A ,Q,210.95,210.95,188.45,190.80,192.90,203.90,838,17112,3364606.00,
541303,AKSHAR      ,M ,Q,11.62,11.62,11.62,11.62,11.62,11.07,1,3000,34860.00,
541304,INDOUS      ,M ,Q,50.00,59.00,49.00,50.00,50.00,49.50,26,71250,3570625.00,
541309,IPRU3095    ,B ,Q,9.58,9.58,9.58,9.58,9.58,9.58,3,10000,95800.00,
541313,ICICI500    ,B ,Q,156.00,156.90,154.40,154.48,154.40,157.19,30,2225,345092.00,
541336,INDOSTAR    ,A ,Q,295.10,304.95,292.65,295.05,296.00,303.45,352,2578,765244.00,
541347,PARVATI     ,XT,Q,2.46,2.46,2.46,2.46,2.46,2.35,7,8879,21842.00,
541352,MEGASTAR    ,M ,Q,30.20,31.00,28.85,28.85,28.85,29.05,9,22000,654700.00,
541353,INNOVATORS  ,M ,Q,21.60,22.60,21.00,22.20,22.60,21.55,6,9600,209120.00,
541400,ZIMLAB      ,XT,Q,95.00,96.80,89.15,89.15,89.15,93.45,42,4662,440530.00,
541401,ARIHANTINS  ,M ,Q,2.37,2.37,2.37,2.37,2.37,2.49,4,16000,37920.00,
541402,AFFORDABLE  ,M ,Q,37.10,40.05,37.10,40.05,40.05,38.95,3,4800,182800.00,
541403,DOLLAR      ,B ,Q,144.00,144.80,139.15,139.90,139.50,142.60,150,2805,398544.00,
541445,WAA         ,M ,Q,35.35,35.35,35.35,35.35,35.35,33.70,6,4800,169680.00,
541450,ADANIGREEN  ,A ,Q,682.95,686.00,645.90,651.85,651.85,664.60,5308,71338,47727249.00,
541540,SOLARA      ,B ,Q,1050.05,1089.80,970.70,987.40,987.40,1058.45,3514,34815,36145775.00,
541546,GAYAHWS     ,T ,Q,0.38,0.42,0.38,0.41,0.41,0.40,21,153953,64063.00,
541556,RITES       ,A ,Q,256.40,256.40,245.25,246.60,246.60,255.25,1594,54686,13775025.00,
541557,FINEORG     ,A ,Q,2890.60,2963.15,2659.15,2679.60,2679.95,2860.95,1389,5953,16501256.00,
541578,VARROC      ,A ,Q,314.50,329.40,300.00,306.10,306.10,318.25,3763,43245,13673137.00,
541627,HITECHWIND  ,X ,Q,10.40,10.91,9.88,9.90,9.90,10.40,138,136931,1378576.00,
541678,TVF1G       ,B ,Q,8.90,9.00,8.75,8.80,8.75,8.80,19,27340,241557.00,
541700,TCNSBRANDS  ,A ,Q,393.05,395.30,381.60,384.40,384.30,395.00,380,3935,1532606.00,
541701,SUPERSHAKT  ,M ,Q,310.00,310.00,309.00,309.00,309.00,310.00,3,3000,929100.00,
541725,IDFCEOS6RG  ,B ,Q,10.15,10.25,10.15,10.25,10.25,10.15,2,2000,20400.00,
541729,HDFCAMC     ,A ,Q,2199.00,2207.35,2160.05,2165.55,2165.55,2211.55,3592,79385,173271028.00,
541735,VIVANTA     ,XT,Q,3.15,3.15,3.15,3.15,3.15,3.10,2,23,72.00,
541744,TVF2G       ,B ,Q,8.63,8.63,8.63,8.63,8.63,8.75,2,3600,31068.00,
541745,TVF2GZ      ,B ,Q,23.40,23.40,23.40,23.40,23.40,23.40,1,1,23.00,
541770,CREDITACC   ,A ,Q,725.00,725.00,685.30,695.05,699.15,725.40,1319,12951,9106984.00,
541804,IPRU3168    ,B ,Q,8.47,8.60,8.47,8.60,8.60,8.83,2,6000,50950.00,
541809,ICICINXT50  ,B ,Q,27.92,27.95,26.85,26.85,26.85,27.58,8,3572,99829.00,
541865,ASRL        ,M ,Q,39.50,39.50,38.50,39.00,39.00,38.00,3,21000,819000.00,
541879,KTKIND7RG   ,B ,Q,9.00,9.00,8.73,8.73,8.73,9.70,3,500,4448.00,
541890,SPACEINCUBA ,X ,Q,0.52,0.52,0.52,0.52,0.52,0.52,1,100,52.00,
541946,ICICILIQ    ,F ,Q,1000.00,1000.01,1000.00,1000.00,1000.00,1000.00,1267,8290,8290006.00,
541956,IRCON       ,A ,Q,89.00,89.15,84.40,84.60,84.60,89.10,1641,73739,6352792.00,
541972,SETFSN50    ,B ,Q,318.00,318.00,292.00,294.01,292.00,314.99,10,70,22146.00,
541974,MANORAMA    ,M ,Q,819.00,820.00,760.00,776.35,770.00,820.00,21,12600,10061460.00,
541983,INNOVATIVE  ,M ,Q,7.49,7.52,7.20,7.41,7.52,7.49,10,11000,81640.00,
541988,AAVAS       ,A ,Q,1397.00,1428.70,1315.00,1341.65,1326.40,1397.30,351,2735,3766627.00,
541999,GENERAAGRI  ,XT,Q,1.66,1.66,1.66,1.66,1.66,1.59,2,312,517.00,
542011,GRSE        ,B ,Q,182.60,184.70,173.00,174.75,177.55,182.15,805,17327,3099818.00,
542012,AAL         ,M ,Q,65.50,65.95,65.50,65.75,65.95,65.70,3,6000,394400.00,
542066,ADANIGAS    ,A ,Q,194.65,196.50,182.60,186.10,186.10,193.45,4338,230658,43962536.00,
542131,MAN50ETF    ,B ,Q,117.50,117.50,114.50,114.80,114.80,117.00,55,5020,579340.00,
542141,TECHNOE     ,B ,Q,209.75,215.90,187.00,190.90,189.70,207.90,719,9543,1884791.00,
542156,IPRU3218    ,B ,Q,10.15,10.15,10.15,10.15,10.15,10.15,1,200,2030.00,
542206,NIVAKA      ,X ,Q,8.37,9.30,8.37,9.30,9.30,9.30,6,78000,709892.00,
542216,DALBHARAT   ,A ,Q,776.80,788.40,752.00,755.85,755.85,768.30,506,4530,3500021.00,
542230,ABSLNN50ET  ,B ,Q,277.00,277.00,270.75,273.00,273.00,304.90,6,20,5452.00,
542231,NILASPACES  ,B ,Q,1.12,1.21,1.12,1.21,1.21,1.16,32,49797,59438.00,
542233,TREJHARA    ,B ,Q,13.85,14.01,13.85,14.01,14.01,13.35,32,16860,235987.00,
542248,DECCAN      ,M ,Q,40.00,40.70,39.60,40.60,40.70,41.60,14,20400,820800.00,
542285,AXITA       ,M ,Q,40.20,40.20,39.50,40.10,40.20,41.20,4,16000,639400.00,
542323,KPIGLOBAL   ,M ,Q,66.75,69.80,66.75,67.75,66.75,70.00,11,17600,1181680.00,
542333,CESCVENTURE ,B ,Q,253.95,259.20,237.15,240.45,245.00,254.35,713,12553,3159215.00,
542337,SPENCER     ,B ,Q,84.80,84.80,79.95,80.55,80.75,84.60,679,75902,6173486.00,
542351,GLOSTERLTD  ,X ,Q,475.15,491.90,455.00,463.75,465.00,477.05,30,717,339936.00,
542367,XELPMOC     ,T ,Q,212.10,212.10,198.00,206.55,205.00,202.00,143,14619,3049889.00,
542383,RITCO       ,M ,Q,17.25,17.25,17.05,17.05,17.05,17.85,2,3200,54880.00,
542399,CHALET      ,B ,Q,156.50,156.90,146.00,149.10,148.45,157.20,1163,83806,12881756.00,
542460,ANUP        ,B ,Q,580.00,584.95,560.00,566.65,562.60,581.85,245,3656,2115353.00,
542484,ARVINDFASN  ,A ,Q,133.65,134.55,125.75,126.40,126.55,132.35,1554,39983,5164403.00,
542503,MAHIP       ,MT,Q,3.71,3.71,3.71,3.71,3.71,3.90,1,4000,14840.00,
542513,UTISXN50    ,B ,Q,325.00,325.00,302.00,302.00,302.00,316.07,2,2,627.00,
542597,MSTC        ,B ,Q,173.00,186.55,165.45,170.15,170.15,171.95,5193,202141,35847855.00,
542602,EMBASSY     ,IF,Q,359.20,368.22,358.00,365.05,366.00,357.60,89,19000,6933562.00,
542627,CHANDNIMACH ,XT,Q,9.13,9.13,9.00,9.13,9.13,8.96,10,5009,45667.00,
542628,NSL         ,M ,Q,23.00,23.00,22.50,22.50,22.50,24.95,2,6000,136500.00,
542649,RVNL        ,A ,Q,21.05,21.50,20.30,20.40,20.40,21.35,2757,528332,10989735.00,
542650,METROPOLIS  ,A ,Q,1869.35,1909.00,1767.50,1786.05,1767.50,1869.35,1519,6334,11669836.00,
542651,KPITTECH    ,A ,Q,107.60,118.90,102.50,104.30,104.30,107.80,6290,322793,36224653.00,
542652,POLYCAB     ,A ,Q,881.75,884.75,841.50,847.80,847.80,877.30,990,9204,7861702.00,
542653,JINAAM      ,M ,Q,5.60,6.25,5.60,5.70,5.70,5.50,5,10000,59000.00,
542655,VIKASMCORP  ,B ,Q,9.85,9.85,9.85,9.85,9.85,10.35,373,95805,943679.00,
542665,NEOGEN      ,B ,Q,700.55,708.85,668.60,673.60,673.60,701.00,748,5839,4030490.00,
542670,ARTEMISELC  ,B ,Q,72.00,75.60,70.55,71.00,71.00,72.00,28,16692,1190396.00,
542677,MAHESH      ,XT,Q,4.78,4.78,4.69,4.69,4.69,4.78,4,251,1181.00,
542678,CHCL        ,M ,Q,14.50,14.50,14.50,14.50,14.50,14.80,1,2000,29000.00,
542682,HARISH      ,X ,Q,26.00,26.00,26.00,26.00,26.00,25.30,1,10,260.00,
542683,SUICH       ,MT,Q,7.64,8.38,7.64,8.37,8.37,8.04,5,8000,64528.00,
542684,PPL         ,B ,Q,70.55,71.00,65.00,66.25,66.95,69.55,306,7063,478887.00,
542685,DGCONTENT   ,B ,Q,12.98,13.01,12.98,12.98,12.98,13.66,59,11688,151711.00,
542721,ARL         ,M ,Q,30.65,30.65,30.65,30.65,30.65,32.65,1,4000,122600.00,
542724,EARUM       ,M ,Q,73.00,73.00,73.00,73.00,73.00,69.75,1,3000,219000.00,
542725,SBC         ,M ,Q,41.10,41.10,40.90,41.05,41.10,37.75,8,48000,1968600.00,
542726,INDIAMART   ,B ,Q,5069.90,5069.90,4506.00,4763.05,4763.05,5005.90,6753,21999,105863671.00,
542727,CPML        ,M ,Q,10.00,10.00,10.00,10.00,10.00,10.85,1,4000,40000.00,
542729,DCMNVL      ,B ,Q,25.80,25.80,24.20,24.70,24.70,25.50,28,1325,32739.00,
542730,ICICIBANKN  ,B ,Q,219.50,219.90,212.01,212.67,218.00,220.50,97,684,147897.00,
542747,NETFSNX150  ,B ,Q,35.29,36.60,34.55,36.60,36.60,35.29,12,80,2852.00,
542752,AFFLE       ,B ,Q,3054.60,3061.20,2893.00,2951.05,2951.05,3034.10,1337,3902,11620029.00,
542753,SEACOAST    ,X ,Q,53.80,53.80,53.80,53.80,53.80,51.25,4,650,34970.00,
542758,ICICIBANKP  ,B ,Q,120.00,121.03,116.35,116.57,116.35,120.68,13,72,8568.00,
542759,SPANDANA    ,B ,Q,571.50,571.50,554.85,556.10,554.85,569.25,420,2772,1555466.00,
542760,SWSOLAR     ,B ,Q,223.00,224.35,205.10,208.35,208.00,219.65,1374,25052,5328916.00,
542771,NOVATEOR    ,M ,Q,3.42,3.76,3.42,3.76,3.76,3.59,2,12000,43080.00,
542772,IIFLWAM     ,B ,Q,990.00,1025.70,932.55,980.05,1001.00,973.55,200,1208,1202647.00,
542773,IIFLSEC     ,B ,Q,39.80,45.80,39.75,41.60,41.60,39.35,1353,178100,7701093.00,
542774,APMFINVEST  ,X ,Q,17.00,17.50,17.00,17.50,17.50,17.50,10,2006,34914.00,
542812,FLUOROCHEM  ,B ,Q,540.00,543.70,520.40,521.45,520.40,531.95,187,1426,760484.00,
542830,IRCTC       ,B ,Q,1429.00,1429.00,1380.15,1396.95,1396.95,1403.85,3998,59644,83794006.00,
542837,NIESSPE     ,B ,Q,2.88,2.88,2.88,2.88,2.88,3.20,6,1891,5446.00,
542839,NIEHSPD     ,B ,Q,1.45,1.50,1.31,1.31,1.38,1.45,101,43287,57873.00,
542847,NIESSPL     ,B ,Q,2.41,2.41,2.41,2.41,2.41,2.41,2,2,4.00,
542852,VISHWARAJ   ,B ,Q,97.85,100.90,86.35,99.20,100.90,96.00,239,21544,2080410.00,
542857,GREENPANEL  ,B ,Q,47.65,48.80,45.60,46.20,46.25,47.90,164,15145,711536.00,
542862,SHAHLON     ,XT,Q,73.00,75.40,69.20,73.25,73.45,72.05,81,14909,1066101.00,
542863,ABSLBANETF  ,B ,Q,230.00,230.00,185.00,185.00,185.00,215.40,6,9,1976.00,
542865,ANUROOP     ,M ,Q,14.00,14.00,14.00,14.00,14.00,14.00,2,20000,280000.00,
542867,CSBBANK     ,B ,Q,223.30,229.50,205.00,218.45,220.00,223.55,969,21176,4763099.00,
542904,UJJIVANSFB  ,B ,Q,33.20,34.45,33.00,33.15,33.25,34.30,1568,131041,4389097.00,
542905,SHIL        ,B ,Q,87.60,88.50,83.75,85.15,85.10,86.90,178,5214,450405.00,
542907,PRINCEPIPE  ,B ,Q,225.30,243.00,225.25,229.70,229.70,225.80,2677,91941,21545341.00,
542908,EBBETF0423  ,F ,Q,1080.00,1084.99,1080.00,1082.07,1082.08,1084.89,28,984,1063436.00,
542909,EBBETF0430  ,F ,Q,1104.00,1104.00,1099.15,1100.00,1100.00,1099.60,8,119,130934.00,
542919,ARTEMISMED  ,B ,Q,155.00,159.70,144.50,145.75,155.85,159.25,56,848,129699.00,
542920,SUMICHEM    ,B ,Q,304.40,311.80,302.40,303.15,303.15,300.00,4530,112241,34285579.00,
542921,ICICIM150   ,B ,Q,67.00,67.09,64.55,65.02,65.17,67.40,26,458,30269.00,
542922,MANXT50ETF  ,B ,Q,276.00,276.00,267.70,268.83,268.90,277.80,10,173,47315.00,
542923,TRANWAY     ,MS,Q,6.49,6.49,6.49,6.49,6.49,6.50,1,10000,64900.00,
542932,BIRLATYRES  ,B ,Q,21.95,21.95,20.85,21.00,21.00,21.90,313,59596,1256918.00,
542933,UNIVPHOTO   ,T ,Q,242.40,242.40,227.10,227.10,227.10,231.20,31,1006,241829.00,
542963,06AGG       ,F ,Q,1.49,1.49,1.49,1.49,1.49,1.36,1,10,14.00,
542969,06GPG       ,F ,Q,0.18,0.18,0.18,0.18,0.18,0.17,1,115,20.00,
543064,SUVENPHAR   ,B ,Q,754.00,804.00,745.10,758.15,760.60,774.50,4497,60633,46887751.00,
543065,SMAUTO      ,M ,Q,12.10,12.10,12.10,12.10,12.10,12.10,7,56000,677600.00,
543066,SBICARD     ,B ,Q,851.50,857.70,811.35,818.45,818.45,845.10,5302,71435,59833897.00,
543092,09GPG       ,F ,Q,0.02,0.02,0.02,0.02,0.02,0.00,1,49,0.00,
543167,10GPG       ,F ,Q,0.07,0.07,0.07,0.07,0.07,0.06,1,165,11.00,
543171,ROJL        ,M ,Q,33.00,33.00,33.00,33.00,33.00,33.00,6,18000,594000.00,
543174,11GPG       ,B ,Q,4.55,4.55,3.84,3.94,3.84,4.17,20,3169,13015.00,
543181,11AGG       ,B ,Q,12.60,12.60,12.60,12.60,12.60,13.95,4,449,5657.00,
543187,POWERINDIA  ,B ,Q,952.50,952.50,923.55,927.45,927.45,947.20,505,3380,3154978.00,
543194,NIRMITEE    ,MS,Q,280.00,280.00,280.00,280.00,280.00,268.10,2,6000,1680000.00,
543209,BILLWIN     ,M ,Q,37.50,37.50,37.50,37.50,37.50,38.00,4,12000,450000.00,
543210,AARTISURF   ,T ,Q,514.00,529.90,491.00,508.05,502.20,512.95,401,4838,2475710.00,
543212,BOROLTD     ,T ,Q,156.00,158.00,147.30,150.00,148.15,153.25,57,3554,540275.00,
543213,ROSSARI     ,B ,Q,830.00,830.00,771.00,781.15,781.15,825.85,1230,14233,11371233.00,
543214,NDRAUTO     ,B ,Q,168.00,168.00,161.05,161.05,161.05,169.50,176,1989,322170.00,
543215,EBBETF0425  ,F ,Q,996.00,996.00,990.05,995.00,995.00,991.25,6,27,26765.00,
543216,EBBETF0431  ,F ,Q,996.00,997.90,991.01,994.99,994.99,997.80,7,15,14921.00,
543217,MINDSPACE   ,IF,Q,300.00,301.80,300.00,300.82,300.85,301.10,85,120200,36201048.00,
543218,SBGLP       ,M ,Q,17.00,17.00,16.90,17.00,17.00,16.00,5,40000,677600.00,
543219,ICICIALPLV  ,B ,Q,122.10,123.98,119.34,119.43,119.37,123.19,34,725,87688.00,
543220,MAXHEALTH   ,B ,Q,119.45,119.45,108.05,111.10,111.10,116.85,2607,143438,16229781.00,
543221,ICICITECH   ,B ,Q,201.00,204.00,197.05,198.50,199.08,199.89,29,212,42565.00,
543222,HIPPOCABS   ,MS,Q,57.50,57.50,57.50,57.50,57.50,63.85,2,2400,138000.00,
543223,MAXINDIA    ,B ,Q,58.75,61.35,56.60,57.65,57.65,58.00,778,70566,4180087.00,
543224,HBANKETF    ,B ,Q,219.80,220.49,213.61,215.19,213.70,222.69,106,1308,283799.00,
543226,UTIBANKETF  ,B ,Q,224.00,227.99,203.00,203.00,203.00,215.81,18,35,7657.00,
543227,HAPPSTMNDS  ,B ,Q,355.90,374.40,330.30,349.60,349.60,358.45,26747,974869,343457601.00,
543228,ROUTE       ,B ,Q,708.00,735.00,625.00,651.10,651.10,0.00,125424,2726932,1867822108.00,
555555,ICICISENSX  ,B ,Q,419.34,420.53,407.21,410.56,411.79,418.00,17,75,31223.00,
570001,TATAMTRTDVR ,A ,Q,66.55,66.55,60.20,60.95,60.95,65.75,4259,661446,41479910.00,
570002,FELDVR      ,B ,Q,15.65,15.65,15.00,15.10,15.10,15.65,46,13445,204231.00,
570004,JISLBNDVR   ,B ,Q,12.21,12.25,11.71,11.71,11.71,12.32,54,6845,80874.00,
570005,SCAPDVR     ,T ,Q,1.59,1.59,1.45,1.59,1.59,1.52,40,126218,200616.00,
590003,KARUR VY(PS ,B ,Q,35.45,36.00,32.75,33.45,33.45,35.45,820,253530,8649249.00,
590005,TIDE WATE(PS,B ,Q,4385.00,4385.00,4250.00,4286.95,4286.95,4315.40,66,108,466870.00,
590006,AMRUTANJAN  ,B ,Q,463.00,473.65,440.10,443.20,441.10,467.00,1249,11976,5407956.00,
590013,XPRO INDI(PS,B ,Q,21.40,22.95,21.40,21.40,21.40,22.25,3,8,172.00,
590018,HISARMET(PS ,B ,Q,84.00,84.20,81.50,82.45,82.50,82.60,267,8454,704399.00,
590021,BHARAT RA(PS,B ,Q,9849.50,9849.50,9200.00,9330.00,9320.00,9838.40,341,852,8086242.00,
590022,EASTER SI(PS,B ,Q,1.21,1.21,1.15,1.15,1.15,1.19,4,4401,5061.00,
590024,FERT CHE(PS ,B ,Q,46.30,46.30,44.40,44.50,44.55,45.95,49,2779,126876.00,
590025,GINNI FIL(PS,B ,Q,11.76,12.04,11.50,11.59,11.59,11.86,31,6368,73835.00,
590030,SOUTH PET(PS,B ,Q,19.30,19.30,17.90,18.05,17.90,19.15,189,25574,472517.00,
590031,DE NORA     ,B ,Q,218.50,218.50,212.45,212.90,212.90,220.00,90,518,112083.00,
590043,HARITA SEAT ,B ,Q,413.00,419.95,411.00,411.00,411.00,423.70,19,154,63740.00,
590051,SAKSOFT LTD ,B ,Q,392.00,447.00,385.00,401.00,401.00,382.25,7150,106653,44361284.00,
590056,SALONA COTSP,B ,Q,55.50,60.00,55.50,59.75,59.75,61.25,4,1050,60624.00,
590062,ANDHRA SUGAR,B ,Q,306.00,307.45,298.00,300.55,301.30,306.90,148,2630,794291.00,
590066,KCP LTD     ,B ,Q,61.00,62.00,58.20,58.80,58.50,61.05,265,13030,782833.00,
590071,SUNDARAM FIN,B ,Q,1333.00,1333.00,1300.05,1312.30,1310.25,1305.45,158,584,764873.00,
590072,SUNDARAM BRK,B ,Q,235.70,235.70,227.00,228.10,231.00,240.00,21,126,28990.00,
590073,WHEELS INDIA,B ,Q,420.40,420.40,404.30,406.35,410.10,414.05,34,342,139393.00,
590075,LAMBODHARA T,B ,Q,29.45,30.55,28.00,28.30,28.00,30.00,23,992,28827.00,
590078,MAITHAN ALL ,B ,Q,525.00,536.75,512.50,515.35,512.50,537.70,968,6161,3241386.00,
590086,ORISSA MINE ,B ,Q,2210.25,2293.65,2073.60,2098.60,2098.60,2275.40,483,1371,2968035.00,
590095,GOLDBEES    ,E ,Q,45.94,45.94,44.92,45.00,45.00,45.28,362,162794,7364157.00,
590096,LIQUIDBEES  ,F ,Q,999.75,1000.01,999.25,999.99,999.99,1000.00,617,151965,151964353.00,
590097,KOTAKGOLDETF,E ,Q,460.10,462.70,450.30,453.67,453.00,463.51,340,10615,4840379.00,
590098,SBI GOLD ETS,E ,Q,4644.95,4644.95,4590.00,4595.27,4597.99,4633.00,198,733,3383509.00,
590099,QUANTUM GOLD,E ,Q,2249.00,2253.00,2233.50,2235.08,2237.00,2247.07,53,126,282843.00,
590101,UTI GOLD ETF,E ,Q,4700.00,4720.00,4650.00,4672.10,4650.00,4693.01,92,417,1957621.00,
590103,NIFTYBEES   ,B ,Q,122.70,122.85,117.26,119.94,119.94,122.72,3130,170769,20624448.00,
590104,JUNIORBEES  ,B ,Q,288.10,288.10,279.00,280.66,280.00,288.64,460,5269,1490178.00,
590106,BANKBEES    ,B ,Q,221.32,221.80,214.10,215.25,215.25,221.53,3246,131102,28509532.00,
590107,KOTAK PSU BK,B ,Q,137.10,137.10,129.00,131.13,130.00,137.53,108,2773,367317.00,
590108,PSUBNKBEES  ,B ,Q,15.24,15.35,14.58,14.64,14.75,15.14,48,6411,94704.00,
590109,SHARIABEES  ,B ,Q,298.00,299.00,288.55,293.00,293.00,291.00,10,10,2949.00,
590110,QUANTUM INDX,B ,Q,1170.00,1170.00,1158.24,1158.24,1158.24,1179.00,15,19,22118.00,
590113,HNGSNGBEES  ,E ,Q,332.95,332.95,330.00,331.11,330.00,333.00,27,54,17951.00,
590115,M50 ETF     ,B ,Q,113.38,113.50,110.50,110.51,110.50,112.57,10,161,18105.00,
590122,ASHIKACR    ,X ,Q,23.00,23.40,23.00,23.00,23.00,23.00,22,7194,167162.00,
590134,MADRASFERT  ,B ,Q,17.50,17.85,17.00,17.25,17.55,17.70,79,16694,295638.00,
715027,895LTFHL21  ,F ,P,104.75,104.75,104.75,104.75,104.75,104.75,1,3,314.00,
717503,ZEE NCPS    ,F ,P,3.55,3.59,3.55,3.58,3.56,3.55,22,262140,935157.00,
750645,RUSHIL-RE   ,R ,Q,30.10,49.80,30.10,34.95,35.00,0.00,448,23423,942120.00,
800251,SGB20151    ,G ,B,5350.00,5350.00,5323.90,5323.90,5323.90,5061.00,2,10,53473.00,
800252,SGB2016I    ,G ,B,5080.00,5080.00,5050.00,5050.00,5050.00,5005.25,3,54,272820.00,
800254,SGBAUG24    ,G ,B,5005.50,5100.00,5005.50,5011.50,5011.50,5135.00,5,29,147091.00,
800265,SGB2016IV   ,G ,B,5000.00,5000.00,5000.00,5000.00,5000.00,4951.00,3,5,25000.00,
800271,SGBOCT25A   ,G ,B,4850.00,4850.00,4850.00,4850.00,4850.00,5675.91,1,1,4850.00,
800276,SGBNOV25B   ,G ,B,4800.00,4910.00,4800.00,4890.00,4880.00,5190.00,6,76,367540.00,
800297,SGBAUG27    ,G ,B,5499.00,5499.00,5499.00,5499.00,5499.00,4975.00,1,1,5499.00,
800312,SGBDEC27    ,G ,B,4850.00,4990.00,4850.00,4890.00,4890.00,5118.00,4,28,137360.00,
800318,SGBAPR28    ,G ,B,4918.00,4955.00,4860.00,4860.00,4860.00,4910.00,28,113,553557.00,
800322,SGBJUN28    ,G ,B,4965.00,4965.00,4831.00,4841.21,4837.00,4884.50,27,115,558609.00,
800324,SGBJULY28   ,G ,B,4886.00,4976.00,4851.00,4858.53,4880.00,4886.20,96,328,1597592.00,
800325,SGBAUG28    ,G ,B,4875.00,4910.00,4852.00,4870.18,4865.01,4895.00,139,13540,66324831.00,
890144,TATASTEELPP ,A ,Q,57.50,58.90,54.00,54.45,54.45,57.85,476,44247,2461045.00,
890145,IBVENTUREPP ,B ,Q,114.50,116.80,96.20,99.30,99.30,114.30,1073,64535,6787343.00,
890147,RELIANCEPP  ,A ,Q,1407.00,1439.40,1358.35,1366.10,1366.10,1409.45,5736,82644,115585630.00,
890148,ABFRLPP     ,A ,Q,76.00,77.60,72.80,73.60,73.00,76.00,247,11457,862560.00,
890149,SATINPP     ,B ,Q,24.75,25.10,22.20,22.65,22.95,24.60,163,21204,488907.00,
934917,1075STF20   ,F ,D,1056.40,1056.40,1056.40,1056.40,1056.40,1056.40,3,20,21128.00,
935132,1015STFC21  ,F ,D,1023.00,1023.00,1023.00,1023.00,1023.00,1025.00,2,30,30690.00,
935142,0STFC2021   ,F ,D,1946.05,1946.05,1946.05,1946.05,1946.05,1949.05,1,10,19460.00,
935248,12MFL20D    ,F ,D,1011.45,1011.45,1011.45,1011.45,1011.45,1010.00,1,200,202290.00,
935351,940IFCI25   ,F ,D,1051.02,1051.02,1051.02,1051.02,1051.02,1063.55,2,35,36785.00,
935383,849NTPC25   ,F ,D,14.00,14.15,14.00,14.12,14.12,14.11,22,2945,41624.00,
935506,736PFC25    ,F ,D,1170.00,1175.01,1170.00,1175.01,1175.01,1157.00,2,22,25750.00,
935514,760PFC35    ,F ,D,1355.00,1355.00,1355.00,1355.00,1355.00,1356.50,1,10,13550.00,
935522,10MFL20A    ,F ,D,991.00,991.00,991.00,991.00,991.00,999.90,2,260,257660.00,
935574,753IRFC30   ,F ,D,1283.00,1283.00,1283.00,1283.00,1283.00,1275.00,4,230,295090.00,
935576,750IRFC35   ,F ,D,1350.00,1350.00,1350.00,1350.00,1350.00,1335.21,2,1152,1555200.00,
935584,76NHAI31    ,F ,D,1257.50,1257.50,1256.80,1257.42,1257.50,1258.25,7,418,525535.00,
935642,764HUDCO31  ,F ,D,1266.00,1266.00,1266.00,1266.00,1266.00,1270.70,3,300,379800.00,
935662,729NHAI26   ,F ,D,1150.00,1219.00,1150.00,1150.00,1150.00,1150.00,3,3,3519.00,
935666,769NHAI31   ,F ,D,1227.11,1228.90,1227.00,1227.00,1227.00,1230.00,9,270,331334.00,
935672,729HUDCO26  ,F ,D,1145.10,1162.00,1145.10,1162.00,1162.00,1169.00,3,53,61128.00,
935674,769HUDCO31  ,F ,D,1292.00,1292.00,1290.00,1291.00,1291.00,1295.00,6,564,728220.00,
935752,9MMFSL26    ,F ,D,1076.10,1076.10,1076.10,1076.10,1076.10,1082.00,1,200,215220.00,
935786,957EHFL26   ,F ,D,900.00,900.00,895.00,895.00,895.00,900.00,2,75,67375.00,
935788,10EHFL26    ,F ,D,781.00,802.00,781.00,801.13,802.00,800.00,23,3562,2850399.00,
935836,915DHFL21B  ,F ,D,300.00,300.00,300.00,300.00,300.00,360.00,3,40,12000.00,
935840,925DHFL23B  ,F ,D,300.00,300.00,300.00,300.00,300.00,315.00,2,33,9900.00,
935854,0IBHFL21    ,F ,D,1295.00,1295.00,1295.00,1295.00,1295.00,1260.00,1,25,32375.00,
935860,9IBHFL26B   ,F ,D,760.00,760.00,735.00,735.00,735.00,740.00,4,131,96885.00,
935868,915IBHFL26B ,F ,D,710.00,710.00,710.00,710.00,710.00,750.00,1,10,7100.00,
935896,960SEFL21   ,F ,D,1000.00,1000.00,910.00,910.00,910.00,905.00,6,200,186041.00,
935898,10SEFL21    ,F ,D,942.50,942.50,942.50,942.50,942.50,950.00,1,50,47125.00,
935900,0SEFL21B    ,F ,D,1358.00,1358.00,1358.00,1358.00,1358.00,1325.00,1,16,21728.00,
935936,935SEFL22B  ,F ,D,904.00,904.00,904.00,904.00,904.00,912.50,1,50,45200.00,
935956,9MFL22A     ,F ,D,1058.60,1058.60,1058.60,1058.60,1058.60,1058.60,1,200,211720.00,
935994,912SEFL22   ,F ,D,905.00,905.00,905.00,905.00,905.00,905.80,2,25,22625.00,
935996,950SEFL22   ,F ,D,900.00,900.00,900.00,900.00,900.00,921.00,1,50,45000.00,
936004,875MFL22    ,F ,D,999.10,999.10,999.00,999.01,999.00,1015.00,2,100,99900.00,
936050,925SEFL22   ,F ,D,900.00,900.00,900.00,900.00,900.00,909.00,2,100,90000.00,
936060,0SEFL24     ,F ,D,695.56,695.56,695.56,695.56,695.56,579.64,1,1,695.00,
936062,950SEFL27   ,F ,D,850.01,850.01,840.00,840.10,840.00,875.00,4,91,76845.00,
936064,955SEFL27   ,F ,D,800.00,800.00,800.00,800.00,800.00,800.00,1,5,4000.00,
936080,10KFL22A    ,F ,D,980.00,980.00,980.00,980.00,980.00,990.00,1,25,24500.00,
936110,865SEFL23   ,F ,D,900.00,900.00,900.00,900.00,900.00,950.00,1,50,45000.00,
936122,842ERFL21   ,F ,D,1000.00,1000.00,1000.00,1000.00,1000.00,980.00,2,50,50000.00,
936124,875ERFL21   ,F ,D,1013.65,1013.65,1013.65,1013.65,1013.65,1013.84,1,14,14191.00,
936128,9ERFL23     ,F ,D,888.00,888.00,888.00,888.00,888.00,850.00,1,15,13320.00,
936132,925ERFL28   ,F ,D,825.00,825.00,800.00,800.00,800.00,800.00,4,85,69809.00,
936138,875MFL23    ,F ,D,999.00,999.00,999.00,999.00,999.00,1008.05,1,50,49950.00,
936144,9MFL23      ,F ,D,1045.00,1045.00,1043.70,1043.70,1043.70,1050.00,2,420,438380.00,
936166,10KFL23     ,F ,D,985.00,985.00,985.00,985.00,985.00,985.00,1,100,98500.00,
936174,875SEFL21   ,F ,D,960.00,960.00,960.00,960.00,960.00,960.00,1,10,9600.00,
936178,0SEFL21     ,F ,D,1125.01,1125.01,1125.00,1125.00,1125.00,1131.00,2,20,22500.00,
936196,865DHFL23   ,F ,D,315.00,317.80,315.00,317.80,317.80,315.00,3,113,35679.00,
936198,89DHFL21    ,F ,D,285.00,315.00,280.50,315.00,315.00,325.00,9,191,59692.00,
936214,9DHFL23     ,F ,D,290.00,290.00,290.00,290.00,290.00,290.00,4,200,58000.00,
936216,925JMFCSL21 ,F ,D,1020.00,1023.00,1018.00,1018.00,1018.00,1018.00,3,110,112465.00,
936220,95JMFCSL23  ,F ,D,1005.00,1005.00,1005.00,1005.00,1005.00,1003.00,1,40,40200.00,
936224,975JMFCSL28 ,F ,D,1015.00,1015.00,1002.00,1002.00,1002.00,1003.10,4,163,163708.00,
936228,893STFCL23  ,F ,D,921.05,979.67,910.11,976.90,976.90,979.68,17,357,332486.00,
936230,903STFCL28  ,F ,D,987.50,987.50,987.50,987.50,987.50,982.00,1,5,4937.00,
936232,91STFCL21   ,F ,D,996.99,999.00,996.99,999.00,999.00,997.00,7,720,718689.00,
936234,93STFCL23   ,F ,D,959.40,959.50,943.01,946.36,943.01,946.17,20,1010,956943.00,
936242,0EFL21      ,F ,D,1167.00,1179.99,1167.00,1169.91,1179.99,1180.00,7,417,487851.00,
936244,945EFL21    ,F ,D,970.01,988.00,970.01,982.05,982.00,986.00,18,667,652570.00,
936246,925EFL23    ,F ,D,915.00,915.00,915.00,915.00,915.00,905.00,1,50,45750.00,
936264,ICC25SEP18C ,F ,D,1056.10,1056.10,1056.10,1056.10,1056.10,1134.00,1,10,10561.00,
936270,866ICCL23   ,F ,D,865.00,865.00,865.00,865.00,865.00,879.00,1,1,865.00,
936286,880TCFSL21  ,F ,D,1024.37,1025.00,1022.50,1022.98,1022.50,1022.05,27,1548,1585384.00,
936290,890TCFSL23  ,F ,D,1058.00,1058.05,1052.05,1054.22,1052.05,1059.00,10,325,343103.00,
936320,935AHFL28   ,F ,D,910.00,985.00,910.00,981.67,980.00,985.00,7,148,143305.00,
936322,975AHFL28   ,F ,D,988.00,988.00,988.00,988.00,988.00,990.00,1,150,148200.00,
936330,950STFCL23  ,F ,D,1050.00,1074.90,1050.00,1060.01,1060.01,1045.46,11,374,398265.00,
936332,970STFCL28  ,F ,D,1059.00,1089.90,1059.00,1087.75,1089.00,1036.00,6,170,183647.00,
936334,STFCL21118  ,F ,D,1165.00,1165.00,1165.00,1165.00,1165.00,1165.00,1,200,233000.00,
936344,12KAFL23    ,F ,D,1020.00,1020.00,1020.00,1020.00,1020.00,1020.00,2,60,61200.00,
936358,96MFL21     ,F ,D,1003.11,1015.00,1003.00,1005.00,1005.00,1002.50,10,40,40180.00,
936360,10MFL23     ,F ,D,1020.00,1045.00,1020.00,1041.25,1040.00,1045.00,11,84,86185.00,
936364,10MFL21A    ,F ,D,1052.10,1052.10,1052.00,1052.00,1052.00,1052.00,2,50,52601.00,
936366,1040MFL23   ,F ,D,1090.00,1090.00,1090.00,1090.00,1090.00,1105.00,6,500,545000.00,
936370,MFL29NOV18B ,F ,D,1189.00,1190.00,1189.00,1190.00,1190.00,1189.00,2,18,21405.00,
936380,101JMFCSL23 ,F ,D,1070.00,1070.00,1066.00,1066.00,1066.00,1070.00,3,150,160200.00,
936382,967JMFCSL23 ,F ,D,996.00,996.00,995.00,996.00,996.00,996.83,7,173,172301.00,
936384,1025JFCSL28 ,F ,D,1075.00,1075.00,1075.00,1075.00,1075.00,1005.00,1,50,53750.00,
936388,1020EFL22   ,F ,D,980.00,991.10,980.00,991.05,991.00,1006.67,8,460,453010.00,
936396,EFL4JAN19A  ,F ,D,1000.00,1000.00,1000.00,1000.00,1000.00,1100.00,1,21,21000.00,
936398,1015EFL29   ,F ,D,950.00,950.00,950.00,950.00,950.00,950.00,1,50,47500.00,
936404,905MMFSL22  ,F ,D,1062.00,1065.00,1062.00,1062.00,1062.00,1064.20,6,80,85050.00,
936424,1025SEFL22  ,F ,D,905.00,920.00,900.00,920.00,920.00,923.00,6,142,128889.00,
936428,1005SEFL24  ,F ,D,890.00,890.00,880.00,880.00,880.00,895.00,6,120,105900.00,
936440,10KFLSRIII  ,F ,D,985.00,985.00,985.00,985.00,985.00,985.00,5,250,246250.00,
936452,912STFCL24  ,F ,D,978.01,978.01,978.01,978.01,978.01,1000.00,1,3,2934.00,
936456,94STFCL22   ,F ,D,1015.00,1020.00,1015.00,1018.01,1018.01,1020.25,3,55,55955.00,
936462,0STFCL22A   ,F ,D,1125.00,1125.00,1125.00,1125.00,1125.00,1131.00,1,10,11250.00,
936464,0STFCL24    ,F ,D,1140.00,1140.00,1140.00,1140.00,1140.00,1140.00,2,150,171000.00,
936472,975IFL24    ,F ,D,1022.20,1022.20,1022.20,1022.20,1022.20,1021.35,1,1,1022.00,
936482,975MFL24    ,F ,D,1020.02,1020.02,1020.02,1020.02,1020.02,1032.00,1,10,10200.00,
936492,0MFL26      ,F ,D,1198.00,1198.00,1175.00,1175.00,1175.00,1167.00,4,32,37805.00,
936494,1075DLSL21  ,F ,D,998.00,998.00,997.00,998.00,998.00,990.00,10,80,79829.00,
936496,0DLSL21A    ,F ,D,1086.10,1125.00,1086.10,1125.00,1125.00,1091.10,4,88,97807.00,
936498,1040DLSL22  ,F ,D,955.00,961.25,955.00,961.25,961.25,980.00,2,50,47900.00,
936504,1050DLSL24  ,F ,D,986.00,986.00,980.00,980.00,980.00,989.00,3,163,160355.00,
936520,925LTFL24   ,F ,D,1110.00,1110.00,1110.00,1110.00,1110.00,1103.00,3,270,299700.00,
936538,975MFL24A   ,F ,D,1069.00,1069.00,1069.00,1069.00,1069.00,1050.00,1,92,98348.00,
936542,975MFL22B   ,F ,D,1058.60,1058.60,1058.60,1058.60,1058.60,1025.25,1,400,423440.00,
936548,0MFL22A     ,F ,D,1115.05,1115.05,1110.00,1110.00,1110.00,1117.33,4,55,61137.00,
936592,955SCUF21   ,F ,D,1027.00,1027.00,1027.00,1027.00,1027.00,1031.85,1,50,51350.00,
936600,0SCUF22     ,F ,D,1110.00,1110.00,1110.00,1110.00,1110.00,1096.00,2,12,13320.00,
936602,975SCUF24   ,F ,D,1010.15,1010.15,1005.25,1009.89,1005.25,1200.00,8,259,261562.00,
936606,0SCUF24     ,F ,D,1065.00,1065.05,1065.00,1065.05,1065.05,1065.00,2,20,21300.00,
936614,0KFL22AA    ,F ,D,1080.00,1130.00,1080.00,1105.00,1130.00,1130.00,4,80,88400.00,
936640,95MHIL22    ,F ,D,983.01,983.01,983.01,983.01,983.01,981.38,1,200,196602.00,
936642,975MHIL24   ,F ,D,1013.80,1013.80,1010.00,1010.00,1010.00,1010.00,2,384,389272.00,
936644,95MHIL21    ,F ,D,1022.00,1022.00,1022.00,1022.00,1022.00,1010.11,1,20,20440.00,
936648,10MHIL24    ,F ,D,1040.00,1040.00,1040.00,1040.00,1040.00,1035.00,1,10,10400.00,
936650,0MHIL21     ,F ,D,1109.00,1114.00,1109.00,1111.03,1110.01,1105.00,6,260,288562.00,
936656,0MHIL26     ,F ,D,1100.00,1100.00,1100.00,1100.00,1100.00,1100.00,1,100,110000.00,
936704,1004JMFPL24 ,F ,D,1013.40,1013.40,1013.40,1013.40,1013.40,1016.00,1,20,20268.00,
936706,1050JMFPL24 ,F ,D,1049.00,1049.00,1049.00,1049.00,1049.00,1045.00,1,50,52450.00,
936708,99EFL21     ,F ,D,1000.00,1039.00,1000.00,1039.00,1039.00,1047.98,2,98,98039.00,
936716,995EFL24A   ,F ,D,949.99,950.01,923.01,923.01,923.01,950.00,7,31,28910.00,
936718,104EFL24    ,F ,D,970.00,970.00,970.00,970.00,970.00,915.00,1,90,87300.00,
936720,0EFL24      ,F ,D,1000.00,1000.00,1000.00,1000.00,1000.00,1100.00,2,5,5000.00,
936722,995EFL29    ,F ,D,881.00,881.00,851.25,854.30,854.30,876.00,3,11,9396.00,
936728,95MFL22     ,F ,D,1010.00,1011.00,1000.00,1000.00,1000.00,1019.90,5,253,255033.00,
936730,975MFL24AA  ,F ,D,1035.00,1035.00,1035.00,1035.00,1035.00,1035.00,2,25,25875.00,
936734,975MFL22AA  ,F ,D,1043.70,1043.70,1043.70,1043.70,1043.70,1006.00,1,1900,1983030.00,
936736,10MFL24A    ,F ,D,1081.00,1081.00,1081.00,1081.00,1081.00,1064.70,1,25,27025.00,
936740,0MFL22AA    ,F ,D,1101.05,1110.00,1086.00,1108.28,1110.00,1085.15,4,145,160330.00,
936758,1013DLSL24  ,F ,D,970.00,970.00,970.00,970.00,970.00,960.00,1,1,970.00,
936768,10KFL22AA   ,F ,D,985.00,985.00,985.00,985.00,985.00,985.00,7,179,176315.00,
936782,922STF24    ,F ,D,990.00,990.00,990.00,990.00,990.00,984.50,2,24,23760.00,
936802,845TCFS22   ,F ,D,1030.05,1030.05,1030.00,1030.00,1030.00,1030.10,10,360,370812.00,
936810,865TCFS27   ,F ,D,1070.10,1070.10,1070.10,1070.10,1070.10,1088.00,2,8,8560.00,
936828,0DLSL20     ,F ,D,1090.00,1090.00,1090.00,1090.00,1090.00,1070.00,1,9,9810.00,
936908,BILNCD      ,F ,D,31.01,31.89,31.01,31.62,31.62,31.65,16,852,26896.00,
936920,925MFL20    ,F ,D,1080.00,1080.07,1080.00,1080.07,1080.07,1080.00,8,110,118804.00,
936922,95MFL21C    ,F ,D,1054.46,1054.46,1054.46,1054.46,1054.46,1082.50,1,10,10544.00,
936924,10MFL22A    ,F ,D,1080.00,1091.00,1068.10,1080.00,1080.00,1080.00,4,95,103136.00,
936926,925MFL21D   ,F ,D,1007.00,1007.00,980.01,980.01,980.01,1006.00,6,550,542414.00,
936930,975MFL24B   ,F ,D,1035.26,1035.26,1035.26,1035.26,1035.26,1035.26,1,18,18634.00,
936947,975MHFL22   ,F ,D,1010.00,1010.00,986.30,986.30,986.30,1010.00,4,121,121949.00,
936949,10MHFL22    ,F ,D,1060.02,1060.02,1060.02,1060.02,1060.02,1046.00,1,150,159003.00,
936953,1025MHFL24  ,F ,D,1016.00,1016.00,1016.00,1016.00,1016.00,1015.50,2,60,60960.00,
936961,99ECL21     ,F ,D,1015.01,1050.00,1015.01,1050.00,1050.00,1050.00,2,21,21350.00,
936963,0ECL21      ,F ,D,1021.00,1021.00,1021.00,1021.00,1021.00,1021.00,1,10,10210.00,
936965,102ECL23    ,F ,D,956.01,957.10,956.01,957.10,957.10,955.11,2,110,105172.00,
936971,104ECL24    ,F ,D,936.00,945.00,936.00,945.00,945.00,977.14,2,83,77985.00,
936975,995ECL29    ,F ,D,914.00,914.00,890.00,894.98,890.00,883.71,4,581,521432.00,
936981,975KFL21B   ,F ,D,989.80,989.80,989.80,989.80,989.80,989.80,1,4,3959.00,
936997,845LTFL22   ,F ,D,1075.00,1075.00,1075.00,1075.00,1075.00,1078.50,6,300,322500.00,
937005,815LTFL22   ,F ,D,1006.05,1006.05,1006.05,1006.05,1006.05,1000.05,1,1,1006.00,
937009,86LTFL24    ,F ,D,1120.00,1120.00,1091.10,1091.10,1091.10,1095.00,14,385,423318.00,
937017,865LTFL26   ,F ,D,1114.00,1114.00,1108.00,1108.00,1108.00,1114.99,16,636,705934.00,
937025,95MFL21AA   ,F ,D,1052.34,1052.34,1052.34,1052.34,1052.34,1061.00,1,30,31570.00,
937027,975MFL23A   ,F ,D,1065.00,1065.00,1045.00,1045.00,1045.00,1040.00,2,500,523000.00,
937033,0MFL23AA    ,F ,D,1031.06,1031.06,1031.06,1031.06,1031.06,1040.06,1,50,51553.00,
937035,0MFL24BB    ,F ,D,1021.05,1060.00,1021.05,1035.00,1035.00,1010.00,11,1060,1121706.00,
937077,97EFIL21    ,F ,D,1010.11,1010.11,1010.11,1010.11,1010.11,1015.01,2,100,101011.00,
937079,0EFIL21     ,F ,D,1060.00,1060.00,1060.00,1060.00,1060.00,1016.00,1,5,5300.00,
937081,10EFIL23    ,F ,D,999.00,999.00,999.00,999.00,999.00,999.90,3,52,51948.00,
937085,98EFIL25    ,F ,D,999.00,999.00,955.00,957.00,955.00,965.00,5,193,186506.00,
937087,1025EFIL25  ,F ,D,999.00,999.00,999.00,999.00,999.00,950.01,4,99,98901.00,
937095,9MFL21      ,F ,D,991.00,991.00,990.02,990.02,990.02,973.36,3,70,69311.00,
937097,925MFL22    ,F ,D,983.00,983.00,983.00,983.00,983.00,990.00,2,190,186770.00,
937109,0MFL21CC    ,F ,D,1043.01,1043.01,1030.01,1030.01,1030.01,1043.01,3,62,64185.00,
937111,0MFL22CC    ,F ,D,1025.00,1025.00,1020.00,1020.00,1020.00,1045.00,5,200,204050.00,
937117,94MMFL21    ,F ,D,956.15,956.15,956.10,956.10,956.10,971.00,5,390,372884.00,
937149,957JFPL30   ,F ,D,1000.00,1000.00,1000.00,1000.00,1000.00,995.00,2,44,44000.00,
937193,KFL29MAY20  ,F ,D,825.20,982.00,825.20,834.94,982.00,1020.00,4,320,267180.00,
937243,9MFL22      ,F ,D,991.00,991.00,991.00,991.00,991.00,991.00,9,1000,991000.00,
947146,TATA18MAR11 ,F ,D,1035000.00,1035000.00,1035000.00,1035000.00,1035000.00,1035000.00,1,1,1035000.00,
947841,IFCI121211D ,F ,D,5100.00,5100.00,5100.00,5100.00,5100.00,5100.00,1,4,20400.00,
956222,EELD9D702B  ,F ,D,142372.00,142372.00,142372.00,142372.00,142372.00,0.00,2,15,2135580.00,
957808,1015UPPCL26 ,F ,D,1010000.00,1010000.00,1010000.00,1010000.00,1010000.00,1000000.00,2,2,2020000.00,
957809,1015UPPCL27 ,F ,D,1020750.00,1020750.00,1020750.00,1020750.00,1020750.00,1015045.63,1,1,1020750.00,
957810,1015UPPCL28 ,F ,D,1018950.00,1018950.00,1012500.00,1013750.00,1012500.00,1018850.00,3,3,3046450.00,
958511,1025STFL24  ,F ,D,894000.00,894000.00,894000.00,894000.00,894000.00,894133.33,1,1,894000.00,
961693,SBIBONDSII  ,F ,B,10816.55,10817.00,10815.00,10815.00,10815.00,10828.62,4,27,292051.00,
961695,IDFCFBLD1B  ,F ,B,10600.00,10600.00,10600.00,10600.00,10600.00,10600.01,1,20,212000.00,
961700,IDFCFBLD1F  ,F ,B,10350.00,10350.00,10350.00,10350.00,10350.00,10305.06,2,5,51750.00,
961703,SBIBIVR     ,F ,B,11052.50,11085.00,11052.50,11084.86,11084.90,11064.00,14,91,1008502.00,
961706,IIFCLBDIS2  ,F ,B,2090.55,2099.00,2090.55,2099.00,2099.00,2060.09,6,143,299464.00,
961712,PFCBS2      ,F ,B,10570.00,10590.00,10570.00,10590.00,10590.00,10570.00,5,18,190344.00,
961714,PFCBS4      ,F ,B,11400.00,11400.00,11400.00,11400.00,11400.00,11051.11,1,2,22800.00,
961715,PFCBT1S1    ,F ,B,5304.00,5304.00,5304.00,5304.00,5304.00,5311.00,1,4,21216.00,
961716,PFCBT1S2    ,F ,B,10251.50,10251.55,10250.00,10250.00,10250.00,10251.25,4,8,82010.00,
961720,IDFCFBLD1J  ,F ,B,10538.00,10538.00,10538.00,10538.00,10538.00,10501.00,2,5,52690.00,
961721,LTINF90122I ,F ,B,1053.00,1055.50,1052.00,1055.50,1055.50,1059.00,6,65,68436.00,
961722,LTINF9122II ,F ,B,2110.00,2115.00,2110.00,2115.00,2115.00,2113.00,24,341,720215.00,
961727,820NHAI22   ,F ,B,1051.80,1051.80,1049.00,1051.42,1051.45,1051.80,12,1205,1266083.00,
961728,830NHAI27   ,F ,B,1207.72,1215.00,1207.72,1212.92,1210.00,1200.35,6,801,971552.00,
961731,8IRFC230222 ,F ,B,1126.00,1133.00,1126.00,1132.00,1132.00,1121.00,5,322,364344.00,
961732,810IRFC2327 ,F ,B,1260.00,1260.00,1260.00,1260.00,1260.00,1284.00,2,500,630000.00,
961733,HUDCO050322 ,F ,B,1095.00,1095.00,1090.00,1092.10,1092.10,1099.00,5,1120,1221197.00,
961734,HUDCO050327 ,F ,B,1240.00,1240.00,1239.00,1239.94,1240.00,1240.15,10,2207,2736553.00,
961735,87IDFCBFBL  ,F ,B,5130.00,5130.00,5130.00,5130.00,5130.00,5130.00,1,2,10260.00,
961737,870LNT22A   ,F ,B,1042.00,1049.00,1042.00,1043.43,1042.90,1042.52,4,40,41778.00,
961738,870LNT22B   ,F ,B,2025.00,2025.00,2023.01,2025.00,2025.00,2025.11,17,238,481804.00,
961740,89SEFL17B   ,F ,B,1691.00,1691.00,1691.00,1691.00,1691.00,1690.00,1,20,33820.00,
961743,793REC22    ,F ,B,1064.00,1064.00,1064.00,1064.00,1064.00,1084.00,1,1,1064.00,
961750,719PFC2023  ,F ,B,1095.00,1103.99,1095.00,1098.00,1098.00,1114.61,9,450,493799.00,
961752,719IIFCL23  ,F ,B,1112.00,1112.80,1112.00,1112.80,1112.80,1112.34,2,70,77880.00,
961776,846REC28    ,F ,B,1300.00,1300.00,1300.00,1300.00,1300.00,1335.00,1,20,26000.00,
961779,871REC28    ,F ,B,1317.50,1317.50,1317.50,1317.50,1317.50,1313.23,1,5,6587.00,
961786,874HUDCO33  ,F ,B,1430.00,1430.00,1430.00,1430.00,1430.00,1600.00,4,900,1287000.00,
961808,866NTPC23   ,F ,B,1190.00,1202.40,1190.00,1192.00,1192.00,1186.00,5,485,578492.00,
961810,891NTPC33   ,F ,B,1458.00,1458.00,1458.00,1458.00,1458.00,1469.49,1,65,94770.00,
961816,901HUDCO34  ,F ,B,1470.01,1470.01,1470.00,1470.00,1470.00,1470.00,10,845,1242150.00,
961820,866IIFCL24C ,F ,B,1400.00,1400.00,1350.00,1350.00,1350.00,1310.00,5,140,189725.00,
961824,852NHAI24   ,F ,B,1261.00,1261.00,1261.00,1261.00,1261.00,1261.00,1,50,63050.00,
961828,840IRFC29   ,F ,B,1299.65,1299.65,1299.65,1299.65,1299.65,1305.29,1,5000,6498250.00,
961829,848IRFC24   ,F ,B,1170.00,1170.00,1170.00,1170.00,1170.00,1168.00,1,5,5850.00,
961830,865IRFC29   ,F ,B,1335.00,1335.00,1295.00,1307.10,1307.00,1324.00,6,497,649492.00,
961837,841IREDA24  ,F ,B,1170.00,1195.00,1170.00,1195.00,1195.00,1170.00,4,41,47995.00,
961841,880IREDA34  ,F ,B,1440.00,1440.00,1440.00,1440.00,1440.00,1440.00,1,39,56160.00,
961851,900KPL29    ,F ,B,1324.50,1324.50,1324.50,1324.50,1324.50,1347.85,1,10,13245.00,
961863,898HUDCO29  ,F ,B,1350.00,1350.00,1340.00,1340.00,1340.00,1340.00,4,80,107470.00,
961875,888REC29    ,F ,B,1348.00,1348.00,1348.00,1348.00,1348.00,1356.01,1,30,40440.00,
961885,888IRFC29   ,F ,B,1370.00,1370.00,1370.00,1370.00,1370.00,1359.00,1,3,4110.00,
961895,880IIFCL29  ,F ,B,1290.66,1295.00,1290.66,1295.00,1295.00,1300.00,2,155,200291.00,
961906,736NTPC25D  ,F ,B,1140.00,1140.00,1140.00,1140.00,1140.00,1111.00,1,2,2280.00,
961912,HDFCW3      ,W ,B,315.00,315.00,310.00,310.00,310.00,320.00,2,51000,16062000.00,
972657,IFCI010811D ,F ,B,10579.99,10600.00,10579.99,10600.00,10600.00,10500.00,8,230,2437799.00,
972660,IFCI310111A ,F ,B,5199.90,5199.90,5175.15,5175.15,5175.15,5190.66,2,12,62299.00,
972661,IFCI310111B ,F ,B,10370.00,10373.10,10370.00,10373.10,10373.10,10371.11,14,44,456374.00,
972688,IFCI311011A ,F ,B,23200.00,23750.00,23200.00,23750.00,23750.00,23990.00,2,30,707000.00,
972704,IFCI121211A ,F ,B,9800.00,9850.00,9800.00,9850.00,9850.00,9808.34,7,22,216250.00,
972713,IFCI150212A ,F ,B,10201.00,10250.00,10201.00,10201.05,10201.05,10205.00,15,42,429062.00,
972719,IFCI310312A ,F ,B,9084.01,9249.00,9084.01,9249.00,9249.00,9283.67,6,14,128150.00,
972721,IFCI310312C ,F ,B,9700.00,9707.00,9700.00,9707.00,9707.00,9700.10,3,10,97014.00,
972881,825PTCIF21  ,F ,B,5100.00,5100.00,5100.00,5100.00,5100.00,5055.01,1,2,10200.00,
972885,893PTCIF22A ,F ,B,10185.00,10300.00,10179.00,10181.00,10181.00,10175.01,4,10,101925.00,
972895,830PTCIF21A ,F ,B,9600.00,9600.00,9600.00,9600.00,9600.00,9559.00,2,8,76800.00,
