SC_CODE,SC_NAME,SC_GROUP,SC_TYPE,OPEN,HIGH,LOW,CLOSE,LAST,PREVCLOSE,NO_TRADES,NO_OF_SHRS,NET_TURNOV,TDCLOINDI
500002,ABB LTD.    ,A ,Q,4335.95,4390.00,4319.00,4335.95,4335.95,4301.85,720,4179,18213621.00,
500003,AEGIS LOGIS ,A ,Q,376.10,382.15,369.50,374.90,373.90,378.30,1588,33885,12662378.00,
500008,AMAR RAJA BA,A ,Q,632.00,632.00,623.30,624.80,624.80,626.00,3757,56758,35652789.00,
500009,A.SARABHAI  ,X ,Q,28.19,33.31,27.78,33.31,33.31,27.76,3490,2585497,84659977.00,
500012,ANDHRA PETRO,X ,Q,66.80,68.95,66.80,67.22,67.28,67.32,695,124092,8435461.00,
500013,ANSAL INFRAS,T ,Q,9.10,9.15,8.80,8.92,8.92,9.10,26,9785,88404.00,
500014,UTIQUE      ,X ,Q,5.88,5.88,5.56,5.71,5.71,5.62,197,54339,306891.00,
500016,ARUNAHTEL   ,XT,Q,21.20,21.20,19.42,20.09,20.30,20.20,59,27915,568813.00,
500020,BOM DYEING  ,A ,Q,138.05,141.70,136.25,139.35,139.35,138.70,3637,314100,43828689.00,
500023,ASIANHOTNR  ,T ,Q,145.90,152.35,145.90,152.35,152.35,145.10,5,106,15852.00,
500027,ATUL LTD.   ,A ,Q,6800.00,6914.85,6800.00,6888.75,6893.95,6808.40,640,1714,11784017.00,
500028,ATV PROJECTS,XT,Q,14.64,14.64,14.64,14.64,14.64,14.93,23,2040,29865.00,
500031,BAJAJ ELECT.,A ,Q,1157.75,1157.75,1116.25,1121.90,1121.90,1135.15,477,1761,1994122.00,
500032,BAJAJHIND   ,A ,Q,22.04,25.35,21.70,25.04,25.04,21.92,16721,9052405,219557845.00,
500033,FORCE MOTR  ,B ,Q,3454.95,3573.45,3422.95,3573.45,3573.45,3403.30,602,8842,31409186.00,
500034,BAJFINANCE  ,A ,Q,7145.00,7183.90,7121.05,7134.60,7134.60,7118.45,4552,31109,222538444.00,
500038,BALRAM.CHINI,A ,Q,390.55,400.00,388.65,393.20,393.60,390.45,1707,87600,34571620.00,
500039,BANCO PROD. ,B ,Q,518.30,522.30,498.55,511.50,513.30,518.30,2736,39054,19839688.00,
500040,CENTURY TEXT,A ,Q,1019.75,1023.40,981.20,984.35,982.05,1012.10,1084,11763,11715563.00,
500041,BANNARI AMAN,B ,Q,2784.60,2820.70,2777.15,2801.30,2820.70,2780.25,44,106,296947.00,
500042,BASF INDIA  ,A ,Q,2504.95,2523.55,2494.60,2507.10,2523.55,2494.20,164,1252,3137893.00,
500043,BATA INDIA  ,A ,Q,1733.65,1741.70,1704.05,1709.25,1709.25,1727.85,1152,9261,15988947.00,
500048,BEML LTD    ,A ,Q,2208.95,2208.95,2165.00,2187.70,2187.70,2166.20,2837,31111,68034102.00,
500049,BHARAT ELECT,A ,Q,135.55,135.55,133.60,134.30,134.30,133.45,8976,840841,113104867.00,
500052,BHANSALI ENG,B ,Q,87.60,88.45,87.16,87.47,87.58,87.47,1001,18419,1618770.00,
500058,BIHAR SPONGE,XT,Q,8.58,8.75,8.50,8.66,8.53,8.49,138,41311,356706.00,
500059,BINANI IND. ,T ,Q,14.05,14.25,14.05,14.05,14.05,14.25,14,2325,32667.00,
500060,BIRLACABLE  ,B ,Q,317.05,323.15,291.15,297.15,298.15,312.90,4571,87821,26536175.00,
500067,BLUE STAR   ,A ,Q,738.15,743.25,726.00,729.30,730.00,738.15,768,6139,4497125.00,
500068,DISA INDIA  ,B ,Q,14010.05,14394.95,13651.55,13741.15,13660.00,14126.25,67,148,2059576.00,
500069,QUESTCAP    ,X ,Q,269.00,277.85,269.00,274.50,275.00,277.65,22,1654,449339.00,
500074,BPL LTD.    ,B ,Q,66.50,66.70,64.50,64.71,64.71,66.42,270,19401,1266490.00,
500078,OAL         ,B ,Q,405.65,410.00,395.70,399.70,396.15,400.10,237,2105,850079.00,
500083,CENTURY EXT ,B ,Q,10.75,10.92,10.70,10.79,10.74,10.73,182,20412,221504.00,
500084,CESC LTD.   ,A ,Q,84.70,85.15,81.86,82.09,82.09,83.85,4105,650782,54363470.00,
500085,CHAMBAL FERT,A ,Q,272.85,274.95,270.55,272.25,272.25,269.90,2730,144863,39576354.00,
500086,EXIDE IND.  ,A ,Q,268.45,270.95,264.00,265.10,265.10,268.10,4039,130491,34944382.00,
500087,CIPLA LTD.  ,A ,Q,1232.95,1239.40,1218.00,1219.35,1220.60,1230.55,1119,16183,19855203.00,
500089,DIC INDIA   ,B ,Q,457.00,465.00,446.60,451.95,453.65,455.80,28,50,22866.00,
500092,CRISIL LTD  ,A ,Q,4039.80,4062.90,3952.05,4003.05,4012.60,4026.90,145,344,1381674.00,
500093,CGPOWER     ,A ,Q,417.60,420.10,411.95,414.55,412.05,417.10,2374,75001,31122384.00,
500096,DABUR (I)   ,A ,Q,574.00,574.00,563.95,564.75,564.75,566.85,642,9156,5190899.00,
500097,DALMIASUG   ,B ,Q,358.05,372.85,357.45,367.05,366.05,357.85,371,4638,1695812.00,
500101,ARVIND Ltd  ,A ,Q,175.00,175.00,169.15,172.10,172.00,173.45,1602,78044,13397782.00,
500103,BHEL        ,A ,Q,111.90,113.00,107.05,107.60,107.60,109.55,20603,3945494,434880233.00,
500104,HIND.PETRO  ,A ,Q,260.05,266.50,260.05,264.85,264.85,260.00,3788,167045,44192887.00,
500106,IFCI LTD    ,A ,Q,14.85,14.94,14.31,14.40,14.40,14.65,2911,3544753,51756946.00,
500108,MAHA.TELE   ,A ,Q,21.40,22.87,21.40,22.47,22.47,21.22,2939,1640652,36373974.00,
500109,MRPL        ,A ,Q,91.00,95.16,91.00,92.41,92.41,91.24,4635,886969,82810709.00,
500110,CHENNAI PET.,A ,Q,368.30,380.20,368.30,374.20,374.20,368.75,1951,61651,23159447.00,
500112,STATE BANK  ,A ,Q,577.60,581.80,575.55,576.70,576.70,576.90,14060,638959,369777634.00,
500113,STEEL AUTH. ,A ,Q,86.76,88.44,86.40,86.59,86.59,86.11,7184,2064014,180637008.00,
500114,TITAN       ,A ,Q,3079.95,3099.00,3057.00,3059.50,3061.40,3068.00,1314,11882,36618094.00,
500116,IDBI BANK L ,A ,Q,62.99,63.25,61.30,61.54,61.54,62.31,2474,725451,45114708.00,
500117,DCW LTD.    ,A ,Q,48.76,50.55,48.45,49.08,49.08,48.75,1541,381568,18809166.00,
500119,DHAMPUR SUGA,A ,Q,256.60,265.85,254.85,262.35,262.50,255.75,1172,27080,7091424.00,
500120,DIAMINES&CHM,X ,Q,476.95,479.80,468.00,469.45,469.45,472.20,456,15866,7508544.00,
500123,ELANTAS     ,B ,Q,7661.05,7661.05,7450.00,7468.50,7543.85,7566.35,152,496,3741211.00,
500124,DR.REDDY'S  ,A ,Q,5975.00,5986.20,5891.80,5903.00,5931.40,5954.00,8629,35629,211990479.00,
500125,E.I.D.PAR   ,A ,Q,465.00,482.95,465.00,478.65,478.65,464.80,3474,72969,34721984.00,
500126,PGHL        ,A ,Q,5211.60,5211.60,5040.00,5088.15,5105.00,5333.80,735,1883,9607929.00,
500128,ELEC.CASTING,A ,Q,60.34,60.60,59.41,59.57,59.80,59.45,390,77440,4632172.00,
500133,ESAB INDIA  ,A ,Q,5778.95,5830.60,5466.25,5552.25,5589.70,5749.20,528,1394,7941939.00,
500135,EPL         ,A ,Q,201.75,202.95,197.70,198.90,197.70,199.70,985,39512,7875581.00,
500136,ESTER INDUS.,B ,Q,95.60,95.80,93.60,93.80,94.20,95.05,437,16984,1605774.00,
500142,FGP LTD.    ,X ,Q,5.71,6.54,5.71,5.71,5.71,5.68,31,19478,119648.00,
500143,P.H.CAPITAL ,XT,Q,71.50,74.85,71.00,71.02,71.00,72.94,27,792,56837.00,
500144,FINOL. CABLE,A ,Q,1092.15,1098.80,1060.80,1076.45,1078.95,1092.15,834,11160,12038401.00,
500147,COCKERILL   ,X ,Q,2700.00,2740.00,2663.05,2735.80,2739.90,2650.20,213,2738,7414414.00,
500148,UFLEX LTD   ,A ,Q,377.10,378.15,375.60,376.90,376.55,372.15,229,3829,1444368.00,
500150,FOSECO INDIA,B ,Q,3668.00,3682.65,3595.90,3621.90,3626.85,3608.50,338,1554,5672521.00,
500151,GOLDEN TOB  ,Z ,Q,53.90,56.49,53.90,54.20,54.20,53.94,77,5463,297890.00,
500153,GANESH BENZO,B ,Q,175.00,175.00,172.50,172.95,173.15,172.45,147,4918,854098.00,
500159,METROGLOBL  ,X ,Q,93.40,95.90,92.10,92.36,92.36,92.10,117,3789,353115.00,
500160,GTL LTD.    ,B ,Q,6.93,7.18,6.93,7.07,7.08,6.94,198,161454,1145217.00,
500163,GODFREY PH  ,A ,Q,2177.90,2243.35,2166.20,2191.50,2190.10,2177.90,1724,13959,30836335.00,
500164,GODREJ IND  ,A ,Q,548.00,557.50,530.80,535.70,535.70,531.05,3327,97130,53074776.00,
500165,KANSAI NERO ,A ,Q,324.95,324.95,321.05,323.85,323.85,321.75,911,17859,5770198.00,
500166,GOODRICKE   ,X ,Q,201.00,218.00,200.00,208.80,208.80,200.00,642,65624,13920686.00,
500168,GOODYEAR (I),B ,Q,1390.00,1412.05,1381.75,1390.40,1389.60,1388.95,368,2652,3691927.00,
500170,GTN INDUS   ,XT,Q,33.00,33.50,31.80,33.27,33.27,32.92,75,6628,216162.00,
500171,GHCL LTD    ,A ,Q,513.10,522.05,513.10,516.30,516.10,513.05,399,7159,3703208.00,
500173,GFLLIMITED  ,B ,Q,71.66,72.55,71.35,71.64,71.64,71.65,262,17023,1225491.00,
500174,GUJ.LEASE   ,B ,Q,3.27,3.27,3.03,3.25,3.25,2.98,12,10712,34845.00,
500179,HCL INFOSYS ,T ,Q,17.31,18.25,17.31,18.12,18.12,17.58,592,203267,3630486.00,
500180,HDFC BANK   ,A ,Q,1593.20,1595.80,1575.95,1578.80,1578.80,1586.45,15291,451590,714493212.00,
500182,HEROMOTOCO  ,A ,Q,2955.80,2970.00,2922.80,2926.40,2930.80,2950.95,778,5495,16166354.00,
500183,HFCL        ,A ,Q,67.56,70.24,67.35,69.08,69.08,67.30,3490,721642,49658892.00,
500184,HSCL        ,A ,Q,190.00,194.15,188.55,190.55,190.55,187.80,7310,587272,112163341.00,
500185,HIND.CONSTN.,A ,Q,26.41,27.45,26.21,26.84,26.84,26.32,5163,4594027,123544113.00,
500186,HIND.OIL EXP,A ,Q,166.85,166.85,155.50,156.60,156.60,164.40,5341,126528,20269841.00,
500187,AGI         ,A ,Q,746.00,751.35,712.85,722.75,719.00,745.40,2051,25946,18813899.00,
500188,HINDUS.ZI   ,A ,Q,314.00,316.80,314.00,315.95,316.10,314.05,601,13833,4364246.00,
500189,NDLVENTURE  ,T ,Q,132.85,132.85,132.85,132.85,132.85,135.55,4,60,7971.00,
500191,HMT LTD.    ,Z ,Q,31.00,31.00,30.15,30.45,30.45,30.74,51,10486,319969.00,
500192,PRAG BOSIMI ,X ,Q,2.77,2.94,2.70,2.89,2.89,2.84,51,25155,71342.00,
500193,HLVLTD      ,B ,Q,13.80,14.07,13.60,13.63,13.60,13.92,344,103517,1431318.00,
500199,I.G.PETRO   ,B ,Q,483.45,487.00,471.10,477.75,478.65,474.55,732,9156,4414178.00,
500201,IND.GLYCOLS ,A ,Q,775.95,780.30,760.25,764.50,764.50,769.65,1344,17511,13454247.00,
500202,IND.LEAS.DEV,XT,Q,6.20,6.20,6.00,6.20,6.20,5.91,6,900,5546.00,
500206,MARGO FIN   ,X ,Q,31.44,31.44,28.40,29.72,29.72,29.52,31,3098,90898.00,
500207,INDO RAMA   ,B ,Q,50.00,50.00,47.21,47.52,47.52,48.92,330,31804,1529913.00,
500209,INFOSYS LTD ,A ,Q,1418.65,1425.25,1414.40,1424.50,1424.50,1407.70,10135,254317,361428520.00,
500210,INGERSOLL   ,A ,Q,3324.85,3325.60,3207.35,3224.75,3224.75,3308.80,540,1812,5911577.00,
500213,INTER.TRAVEL,X ,Q,325.40,332.00,325.15,326.00,326.00,328.30,192,9228,3021789.00,
500214,ION EXCHANGE,A ,Q,472.95,475.20,456.80,466.85,471.50,464.55,1262,14947,6938456.00,
500215,AGRO TECH FO,B ,Q,823.55,829.30,818.00,822.45,829.30,820.25,24,57,46947.00,
500219,JAIN IRRIG  ,A ,Q,64.19,68.80,62.50,67.15,67.15,63.25,7129,1531471,101194702.00,
500220,JASCH INDUST,X ,Q,216.00,216.00,206.15,209.70,209.70,212.00,298,15846,3342224.00,
500223,JCT LTD     ,X ,Q,1.89,1.90,1.86,1.88,1.89,1.88,580,589471,1109147.00,
500227,JINDAL POLYF,A ,Q,646.05,658.00,638.35,641.20,642.55,640.40,325,2248,1457501.00,
500228,JSWSL       ,A ,Q,797.35,806.25,786.25,787.80,787.80,797.30,1321,34050,27092984.00,
500231,UMANG DAIR  ,B ,Q,79.06,80.24,74.45,74.64,74.45,79.07,244,10439,806722.00,
500233,KAJARIA CER.,A ,Q,1485.40,1490.40,1455.00,1458.30,1460.55,1476.65,600,3129,4608306.00,
500234,KAKATIYA CEM,B ,Q,203.50,209.70,203.50,209.25,209.70,201.60,65,1550,322652.00,
500235,KALYANI STEL,B ,Q,496.15,508.40,476.75,483.75,483.75,499.85,653,17049,8324510.00,
500236,KANELIND    ,XT,Q,1.62,1.62,1.48,1.49,1.60,1.55,37,15198,22895.00,
500238,WHIRLPOOL   ,A ,Q,1602.90,1651.95,1602.90,1648.15,1650.00,1624.55,657,4140,6808390.00,
500239,KG DENIM    ,X ,Q,30.98,30.98,28.50,28.88,28.60,28.78,35,7837,226282.00,
500240,KINETIC ENG.,X ,Q,121.60,122.90,120.00,120.40,120.40,122.25,201,16203,1962290.00,
500241,KIRL.BROS.  ,B ,Q,872.60,878.90,867.00,875.60,877.00,865.40,1154,7778,6797024.00,
500243,KIRL INDUS  ,B ,Q,3558.05,3558.05,3512.05,3517.90,3521.00,3556.80,14,31,109513.00,
500245,KIRL.FERROUS,A ,Q,473.90,481.75,473.25,479.05,480.00,477.70,752,11195,5346407.00,
500246,ENVAIN ELECT,XT,Q,153.42,153.42,153.42,153.42,153.42,146.12,20,3911,600025.00,
500247,KOTAK MAH.BK,A ,Q,1782.05,1799.00,1776.00,1779.95,1779.95,1779.90,2624,32730,58480799.00,
500248,KRIFILIND   ,XT,Q,3.49,3.50,3.49,3.49,3.49,3.67,11,3105,10836.00,
500249,KSB         ,A ,Q,2675.05,2680.45,2616.00,2628.60,2632.35,2665.15,921,2765,7324618.00,
500250,L.G.BALKRISH,A ,Q,1018.90,1018.90,991.75,996.05,994.10,1000.15,223,1109,1111101.00,
500251,TRENT LTD.  ,A ,Q,2090.95,2090.95,2038.70,2069.55,2069.50,2050.30,1040,12716,26143670.00,
500252,LAXMIMACH   ,A ,Q,13768.95,13780.00,13473.50,13511.45,13520.00,13568.25,144,264,3587920.00,
500253,LIC HOUS.FIN,A ,Q,425.00,426.60,419.85,421.00,421.00,423.15,1685,59374,25120024.00,
500257,LUPIN LTD.  ,A ,Q,1082.10,1099.80,1082.10,1088.60,1088.80,1093.65,819,13275,14520181.00,
500259,LYKA LABS   ,B ,Q,115.50,117.05,115.30,115.90,115.90,113.55,87,2916,339015.00,
500260,RAMCOCEM    ,A ,Q,854.70,866.25,852.40,856.90,853.40,850.65,691,6301,5420031.00,
500262,HYBRIDFIN   ,T ,Q,7.86,8.24,7.55,7.65,7.65,7.85,14,2465,19256.00,
500264,MAFATLAL IND,X ,Q,111.00,113.90,108.00,108.61,108.61,108.78,964,189405,21057960.00,
500265,MAH.SEAMLESS,A ,Q,509.95,528.15,505.65,522.35,522.35,499.95,1364,24953,13026068.00,
500266,MAH.SCOOTER ,A ,Q,6093.50,6274.20,6093.50,6243.75,6226.40,6082.25,174,421,2616677.00,
500267,MAJESTIC AUT,X ,Q,186.75,189.80,183.50,188.20,188.20,184.80,215,19063,3566043.00,
500268,MANALI PETRO,B ,Q,62.21,63.53,62.21,62.73,62.73,62.90,793,24836,1565219.00,
500270,BARODA RAYON,XT,Q,163.75,167.05,163.75,164.00,164.00,167.05,53,1415,234211.00,
500271,MFSL        ,A ,Q,915.05,937.50,899.55,904.80,906.25,881.65,5318,11443787,9999224313.00,
500277,MID INDIA IN,XT,Q,9.19,9.19,8.74,8.74,8.74,9.20,15,1957,17263.00,
500279,MIRC ELECT  ,T ,Q,20.31,20.31,20.31,20.31,20.31,19.92,34,18855,382945.00,
500280,CENTURY ENKA,B ,Q,435.35,439.50,427.60,430.45,433.50,433.45,287,3315,1441286.00,
500284,LORDS CHLORO,X ,Q,147.70,154.75,144.75,153.05,153.05,147.70,289,27404,4160294.00,
500285,SPICEJET LTD,B ,Q,31.67,32.17,31.25,31.46,31.46,31.67,5158,1314597,41788274.00,
500288,MOREPEN LAB.,A ,Q,38.66,39.50,38.35,38.79,38.79,38.65,3124,962978,37426818.00,
500290,MRF LTD.    ,A ,Q,109050.00,109116.20,108088.90,108551.70,108412.40,108783.70,118,131,14219224.00,
500292,HEIDEL CEM  ,A ,Q,186.00,191.75,186.00,188.15,188.45,186.60,1371,55149,10449880.00,
500294,NCC         ,A ,Q,153.60,156.00,153.00,154.95,154.95,153.55,3582,302849,46728272.00,
500295,VEDL        ,A ,Q,238.40,240.85,237.30,237.55,237.55,238.10,18488,820466,195972879.00,
500296,NAHAR SPG.  ,B ,Q,271.50,271.85,266.60,268.35,268.75,267.30,121,2225,596891.00,
500298,NAT.PEROXIDE,X ,Q,1467.05,1479.00,1450.00,1452.25,1450.15,1467.05,197,4637,6769076.00,
500300,GRASIM IND. ,A ,Q,1800.05,1813.10,1772.20,1777.20,1779.90,1796.30,917,7290,13065015.00,
500302,PEL         ,A ,Q,1080.00,1087.10,1053.00,1055.65,1055.65,1075.95,5132,118605,126813679.00,
500304,NIIT LTD.   ,A ,Q,80.84,80.95,79.60,80.28,80.28,80.08,326,30146,2421746.00,
500306,JAYKAY      ,XT,Q,68.55,70.50,68.55,69.12,69.74,69.02,144,29778,2074069.00,
500307,NIRLON      ,B ,Q,416.00,475.05,415.95,444.75,444.75,416.35,2407,105798,47631992.00,
500312,ONGC CORPN  ,A ,Q,175.50,176.70,172.80,173.00,173.00,175.50,6234,703480,122643529.00,
500313,OIL COUNTRY ,T ,Q,22.85,22.94,20.76,21.70,21.50,21.85,148,33890,755887.00,
500314,ORIENT HOTEL,B ,Q,83.20,84.45,82.60,83.06,83.06,83.25,609,84757,7065723.00,
500317,OSWAL AGRO. ,B ,Q,29.58,29.63,29.08,29.08,29.08,29.00,84,8963,263076.00,
500319,INDIAN SUCRO,X ,Q,78.00,80.65,76.06,77.43,77.43,76.39,161,16220,1270318.00,
500325,RELIANCE    ,A ,Q,2542.00,2542.00,2471.60,2478.65,2478.65,2523.15,27085,302604,758106823.00,
500327,PILITA      ,T ,Q,11.00,11.76,10.70,11.51,11.68,11.20,465,665482,7358705.00,
500330,RAYMOND     ,A ,Q,1989.95,1997.00,1956.05,1965.90,1961.00,1979.10,345,2405,4764991.00,
500331,PIDILITE    ,A ,Q,2529.95,2543.00,2517.00,2521.25,2521.25,2509.05,2699,23439,59293511.00,
500333,PIX TRANS   ,B ,Q,1197.95,1199.65,1160.05,1161.65,1165.00,1183.20,692,4136,4862735.00,
500335,BIRLA CORPN.,A ,Q,1150.00,1157.40,1135.30,1142.15,1141.90,1140.45,335,2878,3291664.00,
500336,SURYA ROSHNI,A ,Q,835.70,841.00,822.40,836.05,836.05,830.45,502,5425,4497558.00,
500337,PRIME SECUR.,B ,Q,146.35,149.15,146.35,148.25,149.05,146.75,63,2512,370710.00,
500338,PRSMJOHNSN  ,A ,Q,130.90,132.70,130.25,131.85,131.85,130.30,734,24386,3212167.00,
500339,RAIN        ,A ,Q,158.55,160.00,156.50,156.95,156.95,158.05,638,48649,7683239.00,
500343,AMJLAND     ,B ,Q,30.94,31.85,30.59,31.24,31.24,30.76,155,63450,1981348.00,
500346,PUN.COMMUNI.,B ,Q,36.89,36.89,33.29,34.11,34.11,34.89,39,2406,82497.00,
500350,RSWM  LTD   ,B ,Q,204.00,204.00,197.20,197.20,197.30,200.45,202,4518,905645.00,
500354,RAJSH.SUGAR ,B ,Q,52.56,57.95,52.56,56.84,56.86,52.77,1508,93725,5290526.00,
500355,RALLIS INDIA,A ,Q,215.60,233.00,215.60,230.15,230.15,217.75,3346,184641,42293315.00,
500356,RAMANEWS    ,B ,Q,13.47,13.53,13.18,13.27,13.28,13.20,39,6655,89290.00,
500357,RAMA PAPER  ,XT,Q,24.70,24.70,22.50,23.99,22.50,23.63,23,2934,71145.00,
500358,RAMA PETRO  ,X ,Q,3.75,3.75,3.75,3.75,3.75,3.75,5,800,3000.00,
500360,RAPICUT CARB,XT,Q,63.33,68.46,63.31,66.93,63.91,66.29,22,5871,384061.00,
500365,WELSPLSOL   ,XT,Q,35.85,36.50,35.50,35.80,35.80,35.24,520,184437,6661398.00,
500367,RUBFILA INT.,X ,Q,75.60,75.60,74.30,74.70,74.74,74.45,232,28334,2121825.00,
500368,PATANJALI   ,T ,Q,1280.45,1288.00,1251.00,1260.10,1260.10,1280.45,658,15250,19370331.00,
500370,SALORA INT. ,XT,Q,51.00,52.94,50.00,51.58,51.50,51.35,26,2411,122532.00,
500378,JINDAL SAW  ,A ,Q,310.20,322.00,310.20,317.05,317.05,306.00,2902,87592,27807993.00,
500380,JK LAKSHMI  ,A ,Q,669.90,672.80,660.85,665.30,665.40,667.40,369,3871,2581749.00,
500387,SHREE CEMENT,A ,Q,23655.50,23911.95,23578.80,23851.50,23754.20,23667.75,302,534,12704930.00,
500390,REL INFRA   ,T ,Q,181.90,185.85,172.00,177.15,177.15,178.65,1359,141368,25361956.00,
500400,TATA POWER  ,A ,Q,246.05,252.75,246.05,249.55,249.55,245.40,14527,1509092,378019067.00,
500402,SPMLINFRA   ,T ,Q,33.23,34.57,33.23,34.57,34.57,33.90,24,14159,471571.00,
500403,SUNDARAM FAS,A ,Q,1256.05,1257.00,1224.00,1232.60,1224.00,1252.90,575,3052,3791230.00,
500404,SUNFLAG IRON,B ,Q,205.15,208.00,200.15,201.55,202.10,203.35,1153,63321,12906280.00,
500405,SUPREME PET ,A ,Q,450.80,450.80,440.50,446.40,441.90,447.10,483,4536,2015113.00,
500407,SWARAJ ENGIN,B ,Q,2042.00,2052.00,2018.00,2021.00,2026.60,2034.05,114,408,828211.00,
500408,TATA ELXSI  ,A ,Q,7244.95,7290.00,7203.25,7278.55,7278.55,7110.50,5114,27919,202736769.00,
500410,ACC LTD     ,A ,Q,1968.00,2007.35,1965.05,1990.95,1990.05,1964.60,903,9544,19023529.00,
500411,THERMAX     ,A ,Q,2769.95,2782.30,2737.50,2764.60,2756.55,2737.45,285,753,2077412.00,
500412,THIRUMALAI  ,A ,Q,204.95,229.20,204.95,217.50,217.50,204.40,10628,391293,86484082.00,
500413,THOMAS COOK ,T ,Q,113.00,117.45,112.45,115.49,115.00,112.92,209,32921,3799241.00,
500414,TIMEX GROUP ,B ,Q,166.05,168.00,165.10,165.75,165.50,165.85,214,17486,2906792.00,
500418,TOKYO PLAST ,B ,Q,98.15,98.15,96.55,97.22,96.60,98.17,25,93,9069.00,
500420,TORRENT PHAR,A ,Q,1960.05,1978.45,1945.10,1960.50,1960.10,1935.05,1236,8973,17600051.00,
500422,TRANSCHEM   ,X ,Q,25.50,26.00,24.35,25.33,25.35,24.82,60,7463,189357.00,
500425,AMBUJA CEME ,A ,Q,453.05,462.00,447.00,449.00,449.00,452.90,2239,95277,43318339.00,
500426,UTLINDS     ,X ,Q,1.71,1.77,1.71,1.71,1.71,1.78,42,16399,28642.00,
500429,UNIPHOS ENT.,B ,Q,164.85,165.70,161.05,161.50,162.20,162.90,181,3388,552576.00,
500439,VARD HOLDNG ,B ,Q,2850.00,2910.00,2850.00,2886.00,2886.00,2832.40,15,21,60515.00,
500440,HINDALCO    ,A ,Q,464.95,465.90,454.00,456.45,455.50,461.10,2182,80601,36929287.00,
500444,WEST COAS PA,A ,Q,584.05,631.55,584.05,622.90,622.90,586.00,3279,81023,49752630.00,
500449,HIND.ORG.CHM,B ,Q,29.00,29.50,28.90,28.94,28.99,28.94,183,46283,1353254.00,
500450,MPIL CORP L ,XT,Q,570.25,570.25,570.25,570.25,570.25,543.10,3,103,58735.00,
500456,PAS.ACRYLON ,B ,Q,30.92,30.99,30.17,30.29,30.20,30.72,166,33264,1014576.00,
500458,KORE        ,XT,Q,6.60,7.00,6.60,6.77,6.99,6.87,31,3618,24534.00,
500459,PROCTER &GAM,A ,Q,15412.65,15640.00,15412.65,15598.70,15600.60,15617.35,89,173,2686850.00,
500460,MUKAND LTD. ,B ,Q,154.40,174.90,154.40,172.55,172.55,156.00,1993,109171,18458145.00,
500463,BBOX        ,B ,Q,207.05,208.90,202.40,204.35,204.80,207.90,902,21184,4346328.00,
500464,UCAL        ,T ,Q,138.05,141.25,136.20,137.50,137.50,141.25,38,2932,406263.00,
500467,HARR.MALAYAL,B ,Q,140.45,140.45,136.90,137.75,138.35,138.00,140,3643,505291.00,
500469,FEDERAL BANK,A ,Q,143.10,143.60,139.45,140.50,140.50,141.65,10513,864342,122290131.00,
500470,TATA STEEL  ,A ,Q,119.40,120.05,118.10,118.25,118.25,118.90,6930,1109452,131907900.00,
500472,SKF INDIA   ,A ,Q,5165.00,5165.00,5057.70,5149.60,5137.15,5096.25,197,1659,8526215.00,
500477,ASHOK LEYL. ,A ,Q,187.75,189.05,185.20,185.85,185.85,187.70,7409,516011,96330629.00,
500480,CUMMINS (I) ,A ,Q,1753.50,1756.95,1714.50,1720.55,1715.00,1737.55,691,6993,12138287.00,
500483,TATA COMM   ,A ,Q,1821.30,1858.00,1800.85,1829.65,1825.10,1820.00,4234,50412,92245943.00,
500488,ABBOTT (I)  ,A ,Q,23232.00,23454.30,23139.40,23155.00,23197.55,23232.75,153,275,6414564.00,
500490,BAJ HOLD INV,A ,Q,7087.05,7185.00,7080.00,7150.60,7167.05,7063.30,130,373,2666624.00,
500493,BHARAT FORGE,A ,Q,1035.10,1052.00,1027.00,1041.75,1042.50,1035.05,2124,252847,260375056.00,
500495,ESCORTS     ,A ,Q,2901.00,3005.00,2901.00,2991.40,2991.40,2903.10,2762,27250,80904876.00,
500500,HIND.MOTORS ,B ,Q,14.73,15.14,14.70,14.71,14.70,14.99,305,50222,745596.00,
500510,LARSEN & TOU,A ,Q,2754.00,2767.00,2680.90,2687.50,2687.50,2717.45,5201,65314,178217270.00,
500520,MAH & MAH   ,A ,Q,1559.85,1559.85,1528.60,1542.60,1542.75,1542.25,1865,32208,49625792.00,
500530,BOSCH LTD   ,A ,Q,18342.95,18450.00,18291.35,18322.50,18320.05,18367.55,140,241,4427552.00,
500540,PREMIER LTD ,T ,Q,2.25,2.25,2.06,2.15,2.15,2.15,20,9735,21107.00,
500547,BHARAT PET. ,A ,Q,345.75,352.80,345.75,351.10,351.10,344.70,2202,106149,37172001.00,
500550,SIEMENS LTD.,A ,Q,3700.15,3847.00,3700.15,3800.45,3793.65,3717.55,1555,11620,44210292.00,
500570,TATA MOTORS ,A ,Q,618.00,619.00,609.70,610.85,610.85,613.60,8970,392136,240891729.00,
500575,VOLTAS LTD  ,A ,Q,835.00,840.55,830.05,832.45,832.45,836.95,2660,36367,30392360.00,
500620,GREAT EASTE ,A ,Q,786.40,790.00,763.95,767.10,767.85,780.40,1265,19272,15002815.00,
500645,DEEPAK FERT.,A ,Q,575.55,581.95,567.05,571.00,571.00,573.35,1107,17292,9945255.00,
500650,EXCEL INDUST,B ,Q,941.70,942.55,923.80,925.95,925.00,926.35,167,749,698841.00,
500655,GRWRHITECH  ,B ,Q,1134.85,1136.05,1094.05,1107.30,1111.80,1106.35,1013,9745,10878586.00,
500660,GLAXOSMITH  ,A ,Q,1424.40,1433.15,1405.75,1412.15,1411.40,1420.25,220,1786,2534104.00,
500670,GUJ.NARMADA ,A ,Q,564.95,569.05,561.20,564.95,564.95,557.75,2818,94849,53625780.00,
500672,NOVARTIS    ,B ,Q,728.80,732.55,721.15,723.75,730.30,728.50,161,978,708463.00,
500674,SANOFI      ,A ,Q,7158.00,7169.80,7142.45,7158.40,7150.15,7159.40,193,698,4995447.00,
500680,PFIZER LTD. ,A ,Q,3880.00,3901.00,3842.75,3850.55,3850.55,3880.60,170,522,2023549.00,
500690,GUJ.ST.FERT ,A ,Q,165.00,167.70,164.80,165.50,165.50,163.60,1678,122079,20283556.00,
500696,HIND UNI LT ,A ,Q,2580.00,2591.00,2567.00,2579.70,2579.70,2573.55,3604,22196,57276988.00,
500710,AKZOINDIA   ,A ,Q,2786.00,2840.00,2755.05,2773.85,2772.90,2785.45,151,716,1990491.00,
500730,NOCIL LTD   ,A ,Q,221.75,222.25,215.50,215.85,215.85,217.95,772,29175,6361253.00,
500770,TATA CHEM.  ,A ,Q,1010.00,1017.90,1004.45,1016.25,1016.25,1004.45,2745,38894,39428560.00,
500777,T.P.L.      ,B ,Q,79.75,81.40,79.50,79.72,79.87,79.09,248,10577,848715.00,
500780,ZUARIIND    ,B ,Q,145.40,145.45,143.20,143.90,143.75,144.00,148,2847,410807.00,
500790,NESTLE (I)  ,A ,Q,22200.10,22287.35,22147.30,22239.35,22275.90,22188.60,442,973,21637385.00,
500800,TATACONSUM  ,A ,Q,840.10,855.25,840.10,843.50,845.70,844.25,1084,28453,24155841.00,
500820,ASIAN PAINTS,A ,Q,3180.15,3234.00,3172.00,3226.25,3222.00,3168.70,5982,100993,325176914.00,
500825,BRITANIA IND,A ,Q,4515.05,4559.85,4515.05,4544.20,4559.85,4509.05,2710,22220,100648985.00,
500830,COLGATE PALM,A ,Q,1946.65,1990.00,1946.65,1974.30,1978.00,1945.85,1406,10798,21344295.00,
500840,EIH LTD.    ,A ,Q,240.05,241.40,235.40,237.40,238.05,239.65,1038,39987,9522588.00,
500850,INDIAN HOTEL,A ,Q,401.35,407.00,401.25,401.85,401.85,401.10,3231,124823,50421631.00,
500870,CASTROL     ,A ,Q,144.35,145.40,141.55,141.80,142.00,144.30,2453,120535,17233222.00,
500875,ITC LTD.    ,A ,Q,453.80,453.80,449.30,450.75,450.75,450.40,3891,139617,62979308.00,
500877,APOLLO TYRES,A ,Q,395.05,399.70,393.10,395.15,395.15,393.40,3342,126020,50048618.00,
500878,CEAT LIMITED,A ,Q,2385.10,2424.40,2368.00,2377.75,2373.55,2387.80,692,5520,13195614.00,
500890,MODI RUBBER ,T ,Q,75.95,75.95,70.55,74.85,74.85,73.00,8,369,26136.00,
500940,FINOLEX IND.,A ,Q,215.05,219.40,214.90,216.50,215.50,215.45,1993,71590,15590648.00,
501148,DALAL ST INV,XT,Q,283.00,283.15,272.05,272.05,272.05,277.60,16,115,31406.00,
501150,CENTRUM CAP ,B ,Q,24.82,25.50,24.08,24.28,24.28,24.81,487,83127,2066073.00,
501295,INDUS.INV.TR,T ,Q,106.55,106.55,102.50,105.00,105.00,106.55,6,141,14952.00,
501298,INDUS.&PRUD.,X ,Q,2780.00,2780.00,2663.10,2710.20,2718.45,2775.45,44,314,853397.00,
501301,TATA INVEST.,A ,Q,2449.00,2449.65,2420.00,2423.45,2423.45,2431.35,1174,6447,15643007.00,
501314,PRISMX      ,XT,Q,1.86,1.90,1.79,1.82,1.85,1.88,768,926368,1704567.00,
501343,MOTOR&GEN.FI,T ,Q,38.90,39.00,37.41,39.00,39.00,38.83,6,414,15868.00,
501370,WALCHAND PF ,X ,Q,209.90,224.60,192.10,218.70,221.00,209.90,865,41041,8652832.00,
501391,W.H.BRADY   ,X ,Q,370.00,371.00,355.50,362.85,360.00,362.55,36,920,332159.00,
501421,TECHNVISN   ,XT,Q,198.00,198.00,198.00,198.00,198.00,199.00,2,2,396.00,
501423,SHA ENG PLA ,B ,Q,1748.00,1827.35,1660.00,1696.75,1701.20,1786.45,394,1694,2960902.00,
501425,BOM.BURMAH  ,A ,Q,1004.10,1030.70,995.00,1022.40,1021.00,997.65,1379,8670,8801131.00,
501430,BOM.CYCLE   ,X ,Q,740.00,825.00,740.00,814.85,825.00,730.30,492,7843,6234654.00,
501455,GREAVES COTT,A ,Q,137.00,137.00,134.40,135.05,135.05,136.00,1403,61444,8322381.00,
501477,MULLER & PHI,XT,Q,168.20,178.20,168.20,178.20,178.20,177.05,3,60,10192.00,
501622,AMALGAMATED ,XT,Q,32.68,32.68,32.04,32.04,32.04,32.68,4,119,3815.00,
501700,INDIA NIVEH ,XT,Q,39.00,40.00,37.60,38.09,39.95,39.44,27,3785,148402.00,
501831,COAST CORP  ,B ,Q,297.95,299.95,280.00,285.85,282.00,296.75,471,3354,974739.00,
501833,CHOWGULE ST ,XT,Q,14.25,15.40,14.25,14.99,14.99,14.97,17,3829,56876.00,
501848,GLOBAL OFFS ,XT,Q,35.05,37.00,34.85,36.25,36.40,35.77,179,56500,2036441.00,
502015,ASIIL       ,X ,Q,16.99,17.05,16.41,16.73,16.73,16.71,103,111100,1866743.00,
502090,SAGAR CEM.  ,B ,Q,240.95,244.20,229.10,231.65,231.65,239.85,947,23684,5606442.00,
502133,HEMADRI CEM ,XT,Q,38.13,38.13,38.13,38.13,38.13,38.90,63,4090,155951.00,
502137,DECAN CEMENT,B ,Q,526.10,532.00,522.45,526.65,528.20,520.75,53,307,161463.00,
502157,MANGALAM CEM,B ,Q,341.00,353.80,338.30,345.20,347.50,336.20,956,18912,6583756.00,
502168,N C L IND.  ,B ,Q,224.25,239.90,224.25,238.55,238.55,227.95,3631,95394,22378831.00,
502175,SAURAS.CEM. ,X ,Q,75.00,75.40,72.35,72.50,72.50,74.61,682,131785,9679996.00,
502180,SRI DIGV CEM,B ,Q,99.49,99.49,95.05,95.56,96.00,97.92,1653,131800,12767687.00,
502219,BORORENEW   ,A ,Q,427.05,455.00,427.05,447.50,447.50,430.60,5585,122365,54731165.00,
502250,LERTHAI     ,XT,Q,253.65,271.00,253.65,271.00,271.00,266.95,11,80,20656.00,
502281,TRIVENI GLAS,XT,Q,17.98,18.00,17.01,17.50,17.62,17.63,157,18005,314961.00,
502294,NILACHAL REF,X ,Q,43.60,43.79,40.79,41.09,41.09,40.65,21,1857,78675.00,
502330,ANDPAPER    ,B ,Q,447.00,457.20,446.95,453.55,453.70,443.15,852,17827,8066680.00,
502355,BALKRISH IND,A ,Q,2387.10,2396.85,2370.15,2383.45,2388.90,2380.20,381,2540,6056285.00,
502420,ORIENT PAPER,B ,Q,50.01,51.49,49.90,50.11,50.50,49.98,1334,349924,17696862.00,
502445,CITADEL     ,XT,Q,29.55,31.99,29.55,31.62,31.99,30.73,24,3887,117934.00,
502448,ROLLATAINER ,T ,Q,1.30,1.30,1.30,1.30,1.30,1.32,20,21823,28369.00,
502450,SESHA.PAPER ,B ,Q,313.95,315.90,309.00,314.00,313.10,306.60,2157,54519,17083149.00,
502587,NATHIND     ,X ,Q,57.99,57.99,56.51,57.89,57.89,56.05,41,2973,169735.00,
502589,VAPI PAPER  ,XT,Q,93.60,98.00,88.91,97.49,97.49,93.58,31,445,39875.00,
502820,DCM LTD.    ,B ,Q,73.65,74.10,73.25,74.05,74.05,74.40,16,410,30208.00,
502865,FORBES & CO ,X ,Q,666.20,666.20,660.90,664.25,665.00,672.25,101,780,517756.00,
502873,H.P.COTTON  ,X ,Q,92.00,94.90,91.20,92.31,92.31,91.80,69,6986,652062.00,
502901,JAMSHRI     ,X ,Q,4079.25,4079.25,4079.25,4079.25,4079.25,3885.00,2,6,24475.00,
502933,KATARE SPG. ,X ,Q,281.00,291.85,276.00,287.90,287.90,291.85,24,549,155822.00,
502937,KESORAM IND ,T ,Q,88.79,88.79,84.20,85.06,85.40,86.83,155,63034,5335377.00,
502958,LAKSHMI MILL,X ,Q,3871.00,3900.00,3871.00,3889.00,3890.00,3843.00,12,49,190070.00,
502986,VARDH TEXT  ,A ,Q,371.25,372.10,368.20,371.20,370.70,370.00,228,2992,1107280.00,
503031,PENLAND LTD ,B ,Q,35.56,36.80,34.60,35.58,35.64,36.19,895,82025,2926013.00,
503092,PASUPATI SPG,XT,Q,26.09,27.44,26.07,26.07,26.07,27.44,16,1410,37015.00,
503100,PHOENIX MILL,A ,Q,1722.05,1787.25,1722.05,1758.40,1755.00,1763.85,795,5145,9091266.00,
503101,MARATHON NEX,B ,Q,369.00,372.00,365.70,368.50,365.70,367.50,37,378,139115.00,
503127,RAJA BAHADUR,XT,Q,3870.00,3870.00,3870.00,3870.00,3870.00,3690.00,1,1,3870.00,
503162,REL.CHEMOTX ,B ,Q,184.60,184.60,177.45,180.15,180.60,184.20,282,2178,398535.00,
503169,RUBY MILLS  ,B ,Q,245.35,248.85,240.00,240.70,240.00,244.70,348,8054,1969154.00,
503229,SIMPLEX REAL,X ,Q,106.63,119.00,106.00,114.89,109.20,106.63,39,2244,254769.00,
503310,SWAN ENG    ,A ,Q,289.75,306.40,283.00,301.55,305.00,283.10,3654,184129,54849278.00,
503349,VICTORIA MIL,X ,Q,3739.00,3740.00,3605.00,3630.45,3640.00,3629.50,41,96,351427.00,
503624,SVARAJ TRAD ,X ,Q,5.81,5.91,5.61,5.90,5.90,5.70,27,8257,47151.00,
503641,ZODIAC VEN  ,X ,Q,16.00,16.45,15.14,16.44,16.40,15.72,98,17736,287612.00,
503657,VEER ENERGY ,X ,Q,15.00,15.47,15.00,15.31,15.40,15.22,175,87532,1342082.00,
503663,TILAK       ,XT,Q,5.73,5.73,5.73,5.73,5.73,6.03,1020,304473,1744630.00,
503669,KKFIN       ,XT,Q,22.84,22.84,21.28,21.28,21.28,22.39,5,9,193.00,
503675,WAGEND      ,X ,Q,0.66,0.70,0.66,0.70,0.70,0.72,37,45723,30949.00,
503685,MEDIA ONE   ,XT,Q,58.73,58.73,53.16,57.95,57.95,55.94,22,1681,95395.00,
503722,BANSW.SYNTEX,B ,Q,153.65,155.35,151.75,153.45,152.00,153.50,426,12854,1976593.00,
503772,MODELLA WOOL,X ,Q,73.25,73.25,73.19,73.19,73.19,75.99,6,332,24315.00,
503776,MODIPON     ,X ,Q,43.00,43.00,40.50,41.00,41.00,41.00,5,117,4817.00,
503804,SHRI DINESH ,X ,Q,528.40,528.40,515.00,518.15,518.70,524.40,73,1394,724604.00,
503806,SRF LIMITED ,A ,Q,2320.00,2334.00,2304.35,2309.60,2311.00,2312.10,2303,16081,37372388.00,
503811,SIYARAM SILK,B ,Q,543.85,543.85,533.05,534.25,535.40,535.75,478,5778,3099565.00,
503816,SWAD.POLYTEX,XT,Q,40.89,41.10,40.40,40.40,40.40,40.89,81,9820,400985.00,
503863,SHREE MFG CO,XT,Q,10.38,10.38,10.18,10.19,10.38,10.18,5,142,1446.00,
503960,BHARAT BIJLE,A ,Q,3800.00,3827.75,3721.10,3731.05,3725.00,3805.40,412,1806,6816054.00,
504000,ELPRO INTER ,B ,Q,71.99,71.99,68.02,69.06,69.06,70.42,273,46841,3272288.00,
504028,GEE LTD     ,X ,Q,86.01,94.90,85.50,89.40,89.40,84.75,1446,548710,50133720.00,
504036,HIND.RECT   ,T ,Q,362.20,368.95,362.20,368.95,368.95,355.50,2,34,12375.00,
504058,NIPPOBATRY  ,T ,Q,455.10,455.10,435.00,435.70,435.00,433.45,50,2156,959801.00,
504067,ZENSAR TECH.,A ,Q,517.95,521.00,514.85,516.10,516.10,514.00,922,27082,14011710.00,
504076,JYOTI LTD.  ,XT,Q,37.90,37.90,35.00,35.73,35.80,36.59,127,23110,817408.00,
504080,JSL LTD.    ,XT,Q,480.00,497.00,455.00,460.00,460.00,478.75,14,63,30371.00,
504084,KAYCEE IND  ,XT,Q,11401.00,11401.00,10775.00,11199.95,11199.95,10911.50,13,18,199079.00,
504092,INDOKEM LTD.,X ,Q,91.35,92.84,87.10,90.61,90.88,91.35,82,8608,775450.00,
504093,PANA ENERG  ,XT,Q,344.00,344.80,333.35,336.45,336.40,338.75,168,5079,1709948.00,
504112,NELCO LTD.  ,A ,Q,858.75,869.75,816.65,821.45,821.45,850.10,1559,25380,21420817.00,
504132,PERM MAGNETS,X ,Q,1674.00,1721.00,1530.10,1551.20,1551.20,1659.95,2041,32582,51757209.00,
504176,HIGH ENERGY ,XT,Q,543.80,543.80,538.00,538.00,538.00,543.90,94,2833,1534433.00,
504180,STD.BATTERY ,X ,Q,31.60,32.05,30.85,31.26,31.75,31.27,87,3422,108420.00,
504212,UNIV.CABLE  ,B ,Q,429.60,437.75,417.30,420.40,422.60,425.55,512,8953,3816394.00,
504220,W.S.INDUSTR.,T ,Q,102.10,102.10,102.10,102.10,102.10,104.15,39,6808,695096.00,
504240,DELTON CABLE,XT,Q,119.70,120.00,114.00,115.95,117.00,117.85,65,7769,903672.00,
504258,LAKSHMI ELEC,XT,Q,1528.10,1528.10,1519.00,1528.10,1528.10,1498.15,93,9438,14418635.00,
504273,MODULEX     ,Z ,Q,13.15,13.15,11.92,12.93,13.00,12.54,110,259022,3345600.00,
504286,DELTAMAGNT  ,B ,Q,80.40,81.60,79.75,80.84,80.84,79.80,44,3681,295952.00,
504340,CONFINT     ,XT,Q,5.25,5.25,5.25,5.25,5.25,5.15,2,10250,53812.00,
504341,RELTD       ,X ,Q,45.50,46.00,45.00,45.84,45.05,45.11,72,4594,209445.00,
504351,EMPOWER     ,XT,Q,0.73,0.73,0.73,0.73,0.73,0.72,43,423345,309041.00,
504356,MULTI-PURPOS,XT,Q,9.61,9.61,8.71,8.98,9.50,9.16,15,4100,37711.00,
504378,NYSSACORP   ,X ,Q,5.95,6.00,5.51,5.61,5.61,5.77,245,97589,556208.00,
504380,FLOMIC      ,X ,Q,84.50,87.00,83.04,86.47,86.50,86.17,70,2844,245175.00,
504392,KRISHNA VEN ,X ,Q,85.99,85.99,82.62,83.77,84.70,83.26,66,4363,367049.00,
504397,GANESH HOLDI,XT,Q,37.14,37.14,37.14,37.14,37.14,35.38,8,840,31197.00,
504398,SJ CORP LTD ,XT,Q,32.00,32.00,32.00,32.00,32.00,32.00,2,150,4800.00,
504605,UNI ABEX    ,XT,Q,1730.20,1799.00,1730.20,1799.00,1799.00,1764.30,34,423,752316.00,
504614,SARDA ENMIN ,B ,Q,211.90,213.75,204.00,205.75,207.00,209.80,4197,170804,35452132.00,
504646,BHAGWATI AUT,X ,Q,440.00,458.80,418.20,424.60,424.60,427.70,112,3160,1360997.00,
504648,BOM.WIRE ROP,XT,Q,24.60,25.04,24.60,25.04,25.04,23.85,105,16761,418852.00,
504697,GALADA TELE.,Z ,Q,2.71,2.71,2.71,2.71,2.71,2.59,10,14567,39476.00,
504731,I BRIGHT ST ,XT,Q,18.00,18.00,18.00,18.00,18.00,18.00,3,225,4050.00,
504741,IND.HUME PIP,B ,Q,286.45,290.20,275.70,278.40,278.70,285.90,415,9681,2714269.00,
504746,IND.LINKCHAI,P ,Q,1364.25,1364.25,1364.25,1364.25,1364.25,1299.30,4,40,54570.00,
504786,INVEST &PREC,X ,Q,445.80,446.00,425.10,433.55,434.80,435.30,39,941,407787.00,
504810,INFORMEDTEC ,X ,Q,51.18,53.00,49.10,49.19,49.19,49.01,37,1639,84464.00,
504840,KAIRA CAN CO,X ,Q,2399.95,2432.95,2385.00,2385.00,2385.00,2368.55,6,25,60025.00,
504879,ORIENTCER   ,T ,Q,32.70,32.70,31.80,31.84,31.85,32.04,57,9658,309757.00,
504882,NATIONAL STD,B ,Q,5655.00,6396.10,5411.05,5676.75,5583.00,5330.10,738,2136,12495046.00,
504903,RATHI ST    ,XT,Q,13.48,13.48,13.48,13.48,13.48,13.22,22,20293,273549.00,
504908,DUNCANENG   ,XT,Q,460.00,470.00,442.10,450.10,450.00,460.00,67,1154,520975.00,
504918,SANDUMA     ,A ,Q,1330.00,1369.00,1310.25,1320.60,1325.00,1317.55,1661,36012,48145697.00,
504959,STOVAC IND. ,X ,Q,2326.00,2390.00,2326.00,2359.95,2345.20,2311.65,157,1400,3309943.00,
504966,TINPLATE    ,A ,Q,370.60,372.35,365.35,367.50,366.15,368.70,332,4753,1750310.00,
504973,CHOLAHLDNG  ,A ,Q,906.00,920.50,906.00,907.05,907.05,905.40,265,2493,2275902.00,
504988,WELCAST     ,XT,Q,815.00,815.95,785.00,797.85,785.00,780.25,5,34,27286.00,
505010,AUTO AXLES  ,B ,Q,2192.45,2197.00,2143.55,2161.90,2182.05,2181.15,182,956,2079716.00,
505036,AUTO COR.GOA,X ,Q,1570.00,1595.15,1550.00,1552.20,1552.20,1568.75,168,2160,3372708.00,
505075,SETCO AUTO  ,T ,Q,6.66,6.80,6.46,6.57,6.79,6.70,77,27787,184443.00,
505141,SCOOTERS IND,T ,Q,29.17,30.40,29.17,29.50,29.50,29.70,39,2121,62732.00,
505160,TALBROS AUTO,B ,Q,1110.90,1110.90,1040.75,1060.30,1050.00,1079.80,1308,10031,10645145.00,
505163,ZF STEERING ,X ,Q,844.35,844.35,800.00,808.90,807.15,820.50,109,2651,2163479.00,
505192,SMLISUZU    ,B ,Q,1399.85,1400.00,1347.95,1367.90,1367.90,1381.95,296,1692,2322863.00,
505196,TIL LTD.    ,Z ,Q,292.20,292.20,292.20,292.20,292.20,286.50,13,2281,666508.00,
505200,EICHER MOTOR,A ,Q,3360.00,3366.25,3321.55,3334.95,3329.35,3356.00,799,5686,19076550.00,
505212,JAINEX      ,XT,Q,164.00,164.00,158.25,161.45,161.45,164.05,16,725,118170.00,
505216,ALFRED HERB ,X ,Q,810.00,859.00,780.00,780.00,780.00,787.70,9,89,72231.00,
505232,VELJAN      ,X ,Q,1675.00,1725.00,1675.00,1692.30,1692.30,1670.70,41,346,588624.00,
505242,DYNAMAT.TECH,B ,Q,3865.70,3958.05,3835.00,3838.65,3837.65,3837.80,344,1112,4323917.00,
505250,G.G.DANDEKAR,X ,Q,60.55,60.55,58.79,58.79,58.79,59.99,7,61,3671.00,
505255,GMM PFAUDLER,A ,Q,1559.95,1581.25,1544.65,1557.55,1557.55,1550.25,1649,17902,28052004.00,
505283,KIRLOSAR PN ,A ,Q,654.85,662.95,646.00,649.85,646.00,649.45,1386,17955,11781706.00,
505299,KPT         ,X ,Q,399.95,399.95,372.20,380.25,380.25,395.80,160,3328,1281169.00,
505302,LAXMI AUTOLM,X ,Q,990.05,1014.00,990.05,1008.75,1014.00,1013.00,19,145,145442.00,
505324,MANUGRAPH IN,B ,Q,22.00,22.00,19.80,20.66,20.74,20.18,179,10573,215989.00,
505343,MONOTYPE IND,Z ,Q,0.24,0.24,0.24,0.24,0.24,0.23,3,54928,13182.00,
505355,NESCO LTD   ,A ,Q,691.40,694.00,678.10,686.25,686.25,673.50,381,3477,2387858.00,
505358,INTEGRA ENG ,X ,Q,240.00,247.05,236.50,238.20,238.20,239.60,577,39669,9532907.00,
505368,REVATHI EQU.,T ,Q,1657.00,1690.05,1657.00,1690.05,1690.05,1620.60,9,35,58524.00,
505400,TEXINFRA    ,B ,Q,82.45,84.00,80.65,81.61,81.61,80.69,463,30882,2543203.00,
505412,WENDT(INDIA),B ,Q,13554.70,13554.70,13015.00,13139.55,13015.00,13422.00,27,46,610999.00,
505509,RESPON IND  ,B ,Q,230.30,234.90,226.85,232.85,233.00,229.10,755,67820,15753335.00,
505515,SHYAMKAM INV,X ,Q,3.59,3.59,3.50,3.58,3.58,3.59,25,14922,52476.00,
505523,MAHA CORP   ,XT,Q,1.13,1.13,1.09,1.10,1.10,1.12,308,247410,273085.00,
505526,DOLATALGO   ,B ,Q,43.55,44.59,43.55,44.14,44.06,43.84,184,12250,541593.00,
505533,WESTLIFE    ,A ,Q,926.00,926.00,895.95,900.55,900.55,923.70,1118,7388,6682448.00,
505537,ZEE ENTER   ,A ,Q,276.10,280.50,270.50,272.30,272.30,273.95,8301,972670,267973267.00,
505590,SVPGLOB     ,T ,Q,9.10,9.10,8.90,8.94,8.95,9.00,49,17380,156160.00,
505650,SKYL MILLAR ,X ,Q,10.45,11.30,10.45,10.59,10.94,10.41,53,9881,106781.00,
505681,BIMETAL BEAR,X ,Q,581.00,595.00,572.15,583.05,583.80,584.95,62,1226,711179.00,
505688,BHARAT GEARS,B ,Q,122.90,125.75,122.25,122.50,122.50,122.50,82,2929,360526.00,
505690,BRADY MORRIS,XT,Q,382.00,400.00,382.00,397.95,397.95,385.30,17,287,110357.00,
505693,LATIMMETAL  ,XT,Q,13.59,13.66,12.40,12.84,12.84,13.01,301,341868,4376303.00,
505700,ELECON ENG  ,A ,Q,852.00,857.30,844.85,848.85,846.80,848.10,755,12583,10702939.00,
505703,DECCAN BEAR.,XT,Q,50.96,50.96,50.96,50.96,50.96,52.00,2,81,4127.00,
505710,GRAUER& WEIL,B ,Q,133.95,135.85,131.50,132.00,132.40,131.70,655,25506,3384459.00,
505712,HIMTEK      ,XT,Q,128.75,130.00,122.50,124.00,124.00,127.80,125,20392,2556800.00,
505714,GABRIEL(I)  ,A ,Q,279.45,284.35,277.05,279.65,280.30,276.80,3593,225081,63100960.00,
505720,HERC.HOISTS ,B ,Q,325.85,328.90,318.05,318.90,318.90,321.30,238,4997,1621442.00,
505725,AQFINTECH   ,X ,Q,621.00,664.90,601.60,630.05,630.05,646.85,192,9326,5937368.00,
505726,IFB IND.LTD.,A ,Q,902.00,948.15,895.00,937.00,935.70,895.50,2412,20285,18894035.00,
505729,SINGER INDIA,X ,Q,82.50,84.50,82.50,83.85,84.03,82.81,636,152351,12729691.00,
505737,INTER.COMBUS,XT,Q,940.00,940.00,925.00,925.00,925.00,940.00,28,1593,1476636.00,
505744,FED MOG GOE ,B ,Q,366.00,369.00,364.40,365.20,364.75,365.95,266,6866,2519633.00,
505750,JOSTS ENG.  ,XT,Q,399.50,405.00,391.30,399.25,400.00,399.80,54,1734,690687.00,
505790,SCHAEFFLER  ,A ,Q,3006.05,3050.00,3006.05,3033.25,3033.25,3028.95,677,2112,6417572.00,
505797,MIPCO SEAM. ,XT,Q,10.34,10.75,10.34,10.75,10.75,10.55,3,193,2028.00,
505800,RANE HOLDIN ,B ,Q,1003.95,1003.95,975.95,979.35,984.05,999.85,79,166,164560.00,
505807,ROLCON ENGG.,P ,Q,423.20,460.00,423.20,430.00,430.00,444.30,6,350,155515.00,
505827,SNL BEARINGS,X ,Q,345.90,354.25,336.25,346.95,345.10,345.25,251,7106,2473620.00,
505840,JAIPAN INDUS,XT,Q,38.85,38.85,37.16,38.60,38.00,37.00,29,15159,585946.00,
505850,MANCREDIT   ,X ,Q,105.50,105.50,101.50,101.69,101.50,101.24,39,10977,1129014.00,
505854,TRF LTD.    ,B ,Q,241.60,252.30,230.40,231.85,232.00,239.35,1667,57527,13706940.00,
505872,WPIL LTD.   ,B ,Q,3145.00,3250.30,3145.00,3185.30,3194.85,3145.50,573,5605,17977463.00,
505890,KENNAMETAL  ,A ,Q,2700.50,2733.85,2690.15,2698.05,2690.15,2688.75,100,295,799278.00,
505893,HINDHARD    ,XT,Q,425.00,425.00,406.35,419.95,419.95,423.85,13,805,331660.00,
505978,TRITON VALVE,X ,Q,1883.00,1883.00,1760.00,1790.75,1800.00,1800.30,59,266,477986.00,
506003,SUDAL INDUS ,X ,Q,6.97,6.97,6.97,6.97,6.97,6.64,4,5395,37603.00,
506022,PRAKASH IND.,B ,Q,107.00,124.90,106.80,117.31,117.31,104.99,5975,575490,66482862.00,
506074,ARSHIYA     ,T ,Q,3.86,3.92,3.86,3.92,3.92,3.86,29,21411,83326.00,
506076,GRIND NORTON,A ,Q,2277.75,2317.80,2246.00,2270.75,2260.00,2268.90,574,2206,5048884.00,
506079,LAKSHMI PREC,Z ,Q,5.11,5.11,5.10,5.10,5.10,5.11,4,1120,5712.00,
506105,STANROSE MAF,X ,Q,83.00,83.00,81.07,81.26,81.26,82.31,11,680,56149.00,
506109,GENESYS INT.,B ,Q,297.00,333.00,296.00,328.60,328.60,297.25,2652,41933,13141991.00,
506122,PANKAJPIYUS ,XT,Q,97.10,107.15,97.10,102.10,102.10,102.05,3,32,3363.00,
506128,PARNAXLAB   ,XT,Q,94.75,94.75,88.30,90.14,92.70,91.10,84,6687,611404.00,
506134,INTELL CAP  ,XT,Q,55.93,55.93,55.93,55.93,55.93,54.84,104,632644,35383778.00,
506146,VISAGAR POL ,B ,Q,0.91,1.08,0.90,1.08,1.08,0.90,602,2425449,2502007.00,
506180,EMERGENT    ,XT,Q,95.55,95.55,95.55,95.55,95.55,95.55,1,2,191.00,
506184,KANANI IND  ,T ,Q,7.15,7.45,7.15,7.33,7.33,7.18,27,7572,54696.00,
506186,GCKL        ,X ,Q,11.50,11.50,10.67,11.00,11.00,11.00,33,3424,37089.00,
506194,ARIH SUPER  ,B ,Q,170.05,172.00,169.05,171.30,171.95,169.90,222,39173,6686665.00,
506197,BLISSGVS PH ,B ,Q,93.31,99.08,92.93,96.37,96.30,92.82,1128,92131,8890150.00,
506222,STYRENIX    ,B ,Q,1098.85,1109.90,1082.20,1092.95,1100.00,1088.05,256,1548,1701601.00,
506235,ALEMBIC LTD.,B ,Q,80.12,80.80,79.65,79.77,79.76,80.23,530,27365,2198130.00,
506248,AMINES&PLAST,X ,Q,104.25,107.20,104.25,106.60,107.20,105.91,180,53414,5627575.00,
506260,ANUH PHARMA ,X ,Q,133.90,135.40,133.55,134.00,134.00,133.70,336,26904,3616282.00,
506261,MODISONLTD  ,T ,Q,78.90,78.90,75.40,78.00,78.00,78.95,29,3830,295129.00,
506285,BAYER CROP  ,A ,Q,4707.45,4747.55,4690.05,4696.85,4694.00,4681.15,83,243,1146496.00,
506390,HEUBACHIND  ,B ,Q,432.45,445.00,430.05,435.60,430.50,432.50,306,5455,2392819.00,
506395,COROM INTER ,A ,Q,1062.10,1115.40,1062.10,1095.05,1095.05,1066.75,2268,21003,23043406.00,
506401,DEEPAK NITR.,A ,Q,1999.90,2043.00,1999.85,2026.80,2026.80,1995.30,4352,45611,92458668.00,
506405,DMCC        ,B ,Q,325.70,337.75,311.20,328.75,328.35,321.15,506,7574,2444164.00,
506414,FERMENTA    ,X ,Q,149.50,150.95,147.15,147.90,147.15,148.60,153,7684,1147379.00,
506480,GOCLCORP    ,B ,Q,444.40,451.20,430.70,433.35,434.30,437.30,1706,26921,11891781.00,
506520,JAYSHRI CHEM,X ,Q,7.00,7.40,6.53,6.95,6.98,6.99,183,28941,203497.00,
506525,KANORIA CHEM,B ,Q,116.30,119.00,114.60,115.20,115.20,116.50,100,2086,242306.00,
506528,KELTECH EN. ,XT,Q,1610.00,1640.00,1580.05,1596.20,1625.00,1614.40,61,561,900907.00,
506530,KEMP & CO.  ,X ,Q,940.00,952.20,929.00,930.00,930.00,906.90,8,26,24244.00,
506532,NITTA GELA  ,X ,Q,919.95,919.95,875.00,894.00,894.00,875.00,494,13265,11954807.00,
506543,M.P.AGRO IND,X ,Q,5.70,5.70,5.70,5.70,5.70,5.70,2,30,171.00,
506579,ORIENT.CARB.,B ,Q,902.25,904.10,876.65,884.65,881.00,890.45,211,1979,1752565.00,
506590,PCBL        ,A ,Q,158.35,160.30,155.85,157.75,157.75,158.30,912,46080,7310006.00,
506597,AMAL PRODUCT,X ,Q,290.00,292.95,271.70,278.70,278.70,289.45,194,6167,1730623.00,
506605,POLYCHEM    ,XT,Q,1688.00,1688.00,1688.00,1688.00,1688.00,1656.45,1,4,6752.00,
506618,PUN.CHEM    ,B ,Q,1215.05,1234.45,1165.10,1173.65,1172.50,1210.05,1755,6886,8301508.00,
506640,GUJCHEM DIST,XT,Q,63.00,63.00,63.00,63.00,63.00,63.00,1,20,1260.00,
506642,SADHANA NITR,B ,Q,78.26,79.70,74.85,75.31,75.76,79.10,1188,74255,5691911.00,
506655,SUDARSH.CHEM,A ,Q,503.15,511.45,502.50,504.75,505.10,505.00,702,11429,5797999.00,
506680,TECIL CHEM. ,T ,Q,16.81,17.65,16.81,17.65,17.65,16.81,4,216,3798.00,
506685,ULTRAMARINE ,X ,Q,412.40,415.00,397.00,399.30,399.30,412.40,1150,71060,28625145.00,
506687,TRANSPEK    ,X ,Q,1850.00,1869.00,1823.00,1828.60,1828.00,1848.25,334,3050,5629708.00,
506690,UNICHEM LAB ,A ,Q,412.25,415.95,411.05,414.90,415.95,415.15,409,12808,5284016.00,
506734,MYS PETRO   ,X ,Q,146.80,152.45,146.00,149.60,149.00,146.05,210,13055,1955913.00,
506767,ALKYL AMINES,A ,Q,2332.00,2337.30,2310.85,2313.35,2315.65,2317.80,240,975,2259518.00,
506808,TUTIALKA    ,X ,Q,58.16,59.00,56.30,57.85,57.85,57.24,231,23609,1356656.00,
506820,ASTRAZEN.PH.,A ,Q,4234.95,4283.35,4050.30,4121.25,4109.95,4168.05,546,52059,217452966.00,
506852,PRIMO       ,A ,Q,59.30,60.08,58.00,58.43,58.43,59.11,979,165119,9703880.00,
506854,TANFAC IND. ,B ,Q,1957.00,1978.00,1845.00,1849.85,1849.85,1913.90,866,6868,12962107.00,
506858,GUJ.PETRO   ,XT,Q,35.10,35.95,35.10,35.95,35.95,34.24,47,6979,249892.00,
506879,GUJ.THEMIS. ,B ,Q,816.00,816.00,791.70,800.60,802.95,803.70,690,12228,9823469.00,
506906,SCBL        ,XT,Q,2.35,2.35,2.35,2.35,2.35,2.39,7,678,1593.00,
506910,JAYSN DYEST ,X ,Q,79.85,82.25,78.00,79.95,79.00,78.75,92,7215,581138.00,
506919,MAKERS LAB. ,X ,Q,113.90,116.00,108.55,109.05,109.05,111.40,73,2932,325919.00,
506935,CONT.CHEM   ,XT,Q,61.20,63.00,61.20,63.00,63.00,60.00,15,532,33244.00,
506943,J.B.CHEMICAL,A ,Q,2809.90,2809.90,2753.00,2765.40,2768.00,2813.90,728,4055,11225770.00,
506979,APT PACK    ,XT,Q,27.16,27.16,27.16,27.16,27.16,26.62,2,20,543.00,
506981,BL.CHIP TEX ,X ,Q,142.90,143.00,138.60,139.00,139.00,139.10,29,2016,281676.00,
507155,JAGATJIT IND,XT,Q,134.70,134.70,126.10,128.30,129.90,132.60,368,49216,6299499.00,
507180,KESAR ENT.  ,X ,Q,78.00,82.89,78.00,79.34,79.34,78.50,30,1699,134263.00,
507205,TILAKNAG IND,B ,Q,221.90,221.90,212.00,214.10,214.30,216.30,1143,39184,8440696.00,
507265,EMERALL     ,XT,Q,162.50,162.50,162.50,162.50,162.50,162.50,1,50,8125.00,
507315,SAKTHI SUGAR,B ,Q,25.50,26.63,25.50,25.85,25.85,25.55,472,133214,3467570.00,
507410,WALCHANDNGR ,T ,Q,101.00,101.00,99.90,99.90,99.90,101.90,425,104047,10430851.00,
507438,IFB AGRO    ,B ,Q,520.55,526.00,510.05,514.95,520.00,515.60,191,1126,584904.00,
507474,KOTHARI FERM,X ,Q,57.00,58.50,54.71,55.33,55.00,56.00,97,10788,603888.00,
507486,CAPROLA.CHEM,XT,Q,64.10,67.20,62.00,62.56,62.00,64.00,32,2911,193518.00,
507488,G.M.BREWERI ,B ,Q,587.00,597.00,584.60,588.05,584.60,588.15,374,4167,2462315.00,
507490,RANA SUGARS ,B ,Q,24.95,26.29,24.80,25.53,25.53,24.98,1518,543383,13993440.00,
507498,PICCADILY SU,X ,Q,20.03,21.80,20.03,20.98,20.98,20.02,221,49132,1038847.00,
507514,SOM DISTILL.,B ,Q,325.40,327.00,317.80,319.55,319.55,324.45,919,11894,3826321.00,
507515,CJ GELATIN  ,XT,Q,24.35,24.69,23.07,24.69,24.69,23.90,13,212,5162.00,
507526,ASSO.ALCOHOL,B ,Q,444.95,449.10,433.05,435.85,434.55,438.40,1722,37468,16494576.00,
507552,FOODS & INNS,B ,Q,177.80,177.80,173.50,173.70,173.55,172.40,433,11968,2095957.00,
507580,IVP LIMITED ,B ,Q,145.90,146.00,141.10,142.05,141.10,141.25,83,3681,530504.00,
507598,KLRFM       ,X ,Q,140.75,145.85,138.80,140.10,140.05,140.75,53,1531,214751.00,
507609,OLYMPIC OIL ,X ,Q,19.00,19.00,19.00,19.00,19.00,19.50,2,194,3686.00,
507621,MILKFOOD    ,X ,Q,592.00,601.50,582.50,590.00,590.00,595.80,33,317,186976.00,
507645,POLSON LTD. ,X ,Q,12449.00,12800.00,12400.00,12400.00,12400.00,12449.00,29,50,627948.00,
507685,WIPRO LTD.  ,A ,Q,417.45,420.00,412.05,412.50,412.50,415.20,2660,126762,52776486.00,
507690,ORIENT BEVER,X ,Q,159.90,160.00,155.10,156.50,158.85,158.05,132,4870,766381.00,
507717,DHAN AGRI   ,B ,Q,785.00,794.30,776.55,788.85,786.65,788.30,431,2717,2139633.00,
507747,TTK HEALTHCA,B ,Q,1208.40,1210.55,1191.25,1193.90,1191.25,1202.65,72,237,284638.00,
507753,TGVSL       ,A ,Q,88.02,88.50,87.61,87.89,87.89,87.76,1823,213231,18770295.00,
507759,LIME CHEM.  ,X ,Q,21.50,21.75,20.75,21.00,21.00,21.13,24,2471,52391.00,
507779,KANPUR PLAST,B ,Q,123.40,124.10,120.00,121.30,120.25,123.20,106,2646,321642.00,
507785,TAINWALA CH.,B ,Q,128.75,131.50,126.85,129.00,126.85,128.05,31,435,56242.00,
507789,JAGSON PHAR ,B ,Q,445.40,448.00,436.60,440.70,436.80,443.10,133,1304,575720.00,
507794,KHAITAN CHEM,B ,Q,62.01,64.46,61.95,62.46,62.40,61.99,115,6403,406266.00,
507813,NATI. OXYGEN,X ,Q,130.10,134.00,121.27,124.13,125.00,134.74,391,8989,1146017.00,
507815,GILLETTE (I),A ,Q,5542.85,5559.50,5452.60,5465.40,5474.60,5500.60,84,155,851853.00,
507817,WIRES FABRIK,XT,Q,175.65,175.65,160.00,167.50,167.50,167.40,21,1101,177190.00,
507828,ANSALHSG    ,X ,Q,4.35,4.48,4.26,4.39,4.39,4.41,120,89293,388237.00,
507833,COMPUTER PNT,X ,Q,2.54,2.54,2.43,2.45,2.52,2.45,55,8358,20743.00,
507836,MAC CHARLES ,X ,Q,436.00,439.95,421.10,424.75,424.75,430.10,54,982,421701.00,
507852,ADDI IND.   ,X ,Q,42.99,42.99,39.61,39.93,39.80,39.65,65,2210,89837.00,
507864,PION INVEST ,X ,Q,28.60,30.00,28.60,29.90,29.90,29.90,14,671,19768.00,
507872,ASHNOOR TEX.,XT,Q,42.75,42.77,40.01,41.02,41.02,40.74,80,18644,783807.00,
507878,UNITECH LTD ,Z ,Q,1.77,1.77,1.69,1.77,1.77,1.69,1599,12400117,21824016.00,
507880,VIP INDUS.  ,A ,Q,693.40,709.00,687.70,694.00,696.90,693.40,1496,31836,22175498.00,
507910,FIBERWB IN  ,B ,Q,30.70,30.79,29.86,30.01,29.99,30.83,116,13712,412557.00,
507912,LKP FIN     ,XT,Q,96.60,98.00,95.10,97.35,97.95,97.10,37,2351,226961.00,
507944,BAJAJ STEEL ,X ,Q,1130.00,1140.00,1090.00,1097.05,1097.05,1117.80,335,6936,7746300.00,
507946,KIDUJA INDIA,X ,Q,79.01,79.01,79.01,79.01,79.01,83.00,4,98,7742.00,
507948,KEY CORP.LTD,XT,Q,58.00,59.85,55.50,56.20,56.20,58.00,21,970,54961.00,
507960,GUJ.HOTELS  ,X ,Q,156.80,158.00,156.10,156.95,158.00,156.85,17,580,91005.00,
507966,RAS RESORTS ,XT,Q,45.01,45.01,45.01,45.01,45.01,45.92,1,70,3150.00,
507970,PARA. COSMET,X ,Q,35.05,39.00,35.05,37.00,37.00,37.06,42,1681,62159.00,
507981,JINDAL HOTL ,X ,Q,42.70,42.70,40.77,41.91,41.91,41.61,13,1527,63413.00,
507998,SIMMONDS-MAR,XT,Q,51.60,51.60,50.60,50.83,51.25,50.59,23,5694,290917.00,
508136,BNALTD      ,X ,Q,292.85,292.85,280.05,285.00,284.95,280.00,10,741,211240.00,
508486,HAWKINS COOK,A ,Q,6848.95,6848.95,6725.00,6803.90,6810.00,6741.15,145,742,5016730.00,
508494,WARREN TEA  ,X ,Q,51.30,51.84,50.56,51.45,51.45,51.00,26,1118,57297.00,
508571,COCHIN MALA ,XT,Q,92.51,94.00,92.51,94.00,94.00,90.70,16,85,7945.00,
508664,BEST E.HOTEL,XT,Q,31.22,31.22,31.22,31.22,31.22,31.85,18,5489,171366.00,
508670,NEELAMALAI  ,X ,Q,3399.95,3399.95,3380.05,3380.05,3380.05,3366.00,2,6,20300.00,
508807,IST LTD.    ,X ,Q,689.95,693.90,682.50,683.35,683.10,674.45,91,1825,1252647.00,
508814,COSMOFIRST  ,A ,Q,636.00,654.90,636.00,640.95,639.60,636.30,537,8106,5217232.00,
508869,APOLLO HOSP.,A ,Q,4949.95,4984.65,4902.10,4918.95,4918.95,4946.00,1409,6848,33812868.00,
508875,NITINCAST   ,XT,Q,525.00,525.00,492.00,517.85,517.85,510.15,41,903,459174.00,
508906,EVEREST INDS,B ,Q,1099.85,1191.00,1088.90,1182.15,1182.15,1086.75,804,9424,10905829.00,
508918,IRONWOOD    ,X ,Q,21.91,23.44,21.91,23.11,23.11,21.91,18,2531,58139.00,
508922,MSR INDIA   ,X ,Q,10.50,10.52,10.23,10.52,10.52,10.02,298,126780,1325556.00,
508933,AYMSYNTEX   ,B ,Q,71.15,71.15,68.46,68.89,69.00,69.14,56,2033,140672.00,
508941,PANASON CAR ,X ,Q,455.00,462.65,442.60,446.05,446.95,455.75,198,6249,2802435.00,
508954,FINKURVE    ,X ,Q,74.95,77.44,72.66,76.08,75.56,73.74,69,9176,697671.00,
508956,HB LEAS.PUB ,XT,Q,8.86,8.86,8.86,8.86,8.86,9.04,61,18052,159940.00,
508969,SULABH ENG. ,X ,Q,3.78,3.79,3.67,3.70,3.71,3.71,99,24497,90587.00,
508980,FRONTCAP    ,Z ,Q,3.53,3.60,3.53,3.60,3.60,3.53,8,2660,9574.00,
508989,NAVNETEDUL  ,A ,Q,153.20,161.15,153.20,159.80,160.60,153.25,1910,102475,16243786.00,
508996,SATPROP LTD ,Z ,Q,1.00,1.03,0.95,0.95,0.95,0.99,25,8649,8318.00,
509009,AUSOM ENT   ,B ,Q,79.00,80.20,77.00,77.76,77.03,79.17,118,7089,558975.00,
509020,RUCHI INFRA.,T ,Q,8.87,9.14,8.66,9.04,9.00,9.05,46,18770,166906.00,
509026,VJTFEDU     ,XT,Q,49.31,54.49,49.31,54.25,54.25,51.90,10,327,16998.00,
509038,VOLTAIR LEAS,X ,Q,12.21,12.21,11.98,12.00,12.00,11.98,16,3059,37348.00,
509040,NETLINK SOLU,XT,Q,76.80,76.80,76.80,76.80,76.80,78.36,36,1386,106444.00,
509048,LANCOR HOLDS,XT,Q,37.00,38.76,35.93,36.13,36.13,37.82,385,96926,3568914.00,
509051,INDIAN INFO.,XT,Q,1.86,1.86,1.81,1.84,1.85,1.83,3565,2172492,3984511.00,
509053,BANAS FIN.  ,XT,Q,15.78,16.20,15.50,15.93,16.03,15.78,195,30670,485961.00,
509055,VISAKA IND. ,B ,Q,85.46,86.17,82.90,83.05,83.12,85.23,450,22765,1910465.00,
509069,INFOMEDIA   ,B ,Q,5.00,5.01,4.89,4.93,4.89,4.95,27,5667,28263.00,
509073,HATHWAY BHAW,XT,Q,19.00,19.00,17.82,18.85,18.85,18.69,52,5149,95183.00,
509077,PRESSMN     ,T ,Q,230.35,230.35,230.35,230.35,230.35,225.85,29,2960,681836.00,
509079,GUFIC BIO SC,B ,Q,286.70,299.00,281.00,284.65,287.60,288.35,2151,70311,20393082.00,
509084,PHOTON CAP  ,XT,Q,47.50,47.50,47.50,47.50,47.50,47.50,1,1,47.00,
509152,GRPLTD      ,T ,Q,3600.00,3600.00,3600.00,3600.00,3600.00,3600.00,1,10,36000.00,
509162,INDAG RUBBER,X ,Q,157.95,160.00,154.00,158.30,158.30,155.70,228,17485,2749922.00,
509196,M.M.RUBBER  ,X ,Q,126.55,126.55,124.00,124.50,124.50,124.05,17,1114,138433.00,
509220,PTL LTD     ,B ,Q,33.69,33.99,33.50,33.53,33.50,33.43,96,5098,171315.00,
509243,TVS SRICHAKR,A ,Q,2813.60,2818.70,2763.00,2778.15,2778.15,2792.45,97,505,1413556.00,
509423,SEL         ,XT,Q,19.26,19.26,19.26,19.26,19.26,19.26,5,105,2022.00,
509438,BENARES HOT ,X ,Q,5174.00,5175.00,5092.30,5102.00,5102.00,5088.15,16,95,485115.00,
509449,BHAGWATI OXY,XT,Q,36.00,36.89,35.60,36.89,36.89,36.90,25,560,20101.00,
509470,BOMOXY-B1   ,X ,Q,12050.00,12050.00,11852.00,11890.00,11890.00,11957.00,15,19,227392.00,
509472,CRAVATEX    ,X ,Q,398.00,408.50,398.00,407.00,406.20,404.90,29,697,283114.00,
509480,BERGE PAINT ,A ,Q,707.00,715.00,703.70,713.00,713.00,702.75,879,13485,9570184.00,
509486,CAPRIHANS   ,XT,Q,214.00,214.00,214.00,214.00,214.00,209.85,35,5361,1147254.00,
509488,GRAPHITE IN.,A ,Q,466.00,468.25,457.30,458.65,458.65,464.50,2413,58109,26849147.00,
509496,ITDCEM      ,A ,Q,207.80,219.75,206.00,216.65,216.65,206.05,5314,310959,66724931.00,
509525,EMPIRE IND. ,X ,Q,867.25,867.25,833.00,849.95,850.00,847.75,201,6550,5579355.00,
509546,GRAVISS HOSP,X ,Q,27.30,27.95,26.00,27.02,27.02,26.48,73,13877,377696.00,
509557,GARFIBRES   ,A ,Q,3228.90,3228.95,3181.00,3188.00,3188.05,3213.25,129,268,855875.00,
509563,GARWA.MARINE,X ,Q,8.00,8.60,8.00,8.16,8.16,7.86,16,3914,32433.00,
509567,GOA CARBON  ,B ,Q,533.50,535.10,523.00,526.40,526.00,532.50,1522,40129,21339060.00,
509631,HEG LIMITED ,A ,Q,1758.05,1778.20,1746.05,1758.25,1758.25,1782.60,467,4958,8736344.00,
509635,HIND.COMPOSI,B ,Q,410.05,411.60,404.90,406.75,411.60,405.50,42,669,272547.00,
509675,HIL         ,A ,Q,3090.00,3156.00,3035.00,3041.40,3050.05,3089.95,399,1156,3554000.00,
509692,IND.CARD    ,B ,Q,219.95,219.95,211.05,214.05,214.10,214.75,176,1137,242778.00,
509709,INT.CONVEYOR,B ,Q,76.76,83.00,76.00,81.38,82.00,75.25,1019,127076,10202792.00,
509715,JAYSHRE TEA ,B ,Q,99.89,100.00,97.32,97.52,97.50,97.11,308,18621,1832382.00,
509760,MODERN SHARE,X ,Q,19.34,19.34,18.17,18.50,18.50,18.96,18,1278,24479.00,
509820,HUHTAMAKI   ,B ,Q,258.55,259.95,252.60,253.65,255.00,256.70,305,4664,1189149.00,
509835,PREMIER SYN.,XT,Q,13.04,14.28,13.04,13.37,13.37,13.61,9,1125,15355.00,
509874,SHALIMAR PAI,B ,Q,162.00,162.20,157.95,159.95,159.95,160.40,290,16350,2614732.00,
509895,HIND MILLS  ,X ,Q,226.60,226.60,218.55,221.45,221.45,225.60,23,210,46958.00,
509930,SUPREM IND  ,A ,Q,4490.00,4540.00,4419.80,4445.50,4467.75,4431.75,1916,10518,46995092.00,
509945,THACKER     ,XT,Q,454.30,454.30,411.10,411.30,411.30,432.70,12,68,28212.00,
509960,U.P.HOTELS  ,XT,Q,1032.00,1032.00,1031.95,1032.00,1032.00,982.90,30,504,520127.00,
509966,VST INDUS.  ,A ,Q,3480.05,3507.00,3445.10,3503.15,3497.40,3487.50,102,499,1738021.00,
510245,SWASTI VINAY,X ,Q,5.75,5.98,5.67,5.71,5.75,5.75,229,56233,322137.00,
511000,MADHUS.SEC  ,XT,Q,9.58,9.58,9.01,9.43,9.43,9.13,24,4045,38183.00,
511012,YAMINI INVES,XT,Q,0.76,0.76,0.73,0.76,0.76,0.73,980,2258515,1711620.00,
511016,PREMIER CAP.,X ,Q,3.66,4.19,3.46,3.63,3.63,3.51,40,37345,136940.00,
511018,MILGREY FIN ,XT,Q,24.50,24.50,22.40,23.77,23.55,23.50,27,12570,282307.00,
511034,JINDAL DRILL,B ,Q,469.65,474.00,455.05,456.20,455.80,463.90,478,7111,3307489.00,
511066,SAKTHI FIN. ,X ,Q,32.95,33.92,32.00,32.08,32.00,32.58,96,9943,326414.00,
511076,SAT IND LTD ,B ,Q,138.99,138.99,130.81,131.51,131.50,134.87,1906,94569,12618931.00,
511092,JMDVL       ,XT,Q,28.16,28.16,27.63,27.64,27.64,27.61,93,14031,388388.00,
511108,SHIVA TEXYAM,B ,Q,149.90,150.40,142.55,146.00,146.10,147.15,56,3176,460686.00,
511110,V.B.DESAI   ,XT,Q,10.00,10.00,9.52,9.52,9.52,10.00,2,57,546.00,
511116,QUADRANT    ,X ,Q,0.89,0.90,0.87,0.88,0.89,0.89,318,492871,432584.00,
511131,KAMAN HSG   ,X ,Q,9.89,9.89,9.01,9.54,9.50,9.50,26,4959,46177.00,
511147,WSFX        ,XT,Q,54.86,54.86,54.86,54.86,54.86,57.74,33,7658,420117.00,
511153,ANJANIFOODS ,XT,Q,25.80,27.75,25.71,27.67,27.67,26.86,42,8084,221501.00,
511176,PARSHWANA   ,XT,Q,47.12,47.12,44.77,44.77,44.77,47.12,5,194,8847.00,
511187,MILLENNIUM  ,XT,Q,1.88,1.88,1.85,1.87,1.87,1.88,30,17671,33217.00,
511196,CANFIN HOMES,A ,Q,758.00,760.65,746.25,747.75,747.05,747.25,954,19789,14898444.00,
511200,MUNOTH CAP. ,XT,Q,88.35,88.35,88.35,88.35,88.35,88.35,1,1,88.00,
511208,IL & FS INVE,T ,Q,7.35,7.60,7.35,7.47,7.46,7.30,109,17307,129990.00,
511218,SHRIRAM TRAN,A ,Q,1854.15,1931.30,1854.15,1875.55,1875.55,1852.50,4556,101874,193022293.00,
511243,CHOLAFIN    ,A ,Q,1102.65,1105.00,1081.65,1084.60,1084.60,1087.00,2639,42487,46572665.00,
511246,BOMTALKIES  ,XT,Q,5.49,5.50,5.49,5.50,5.50,5.60,9,1299,7132.00,
511333,VLS FINANCE ,B ,Q,213.00,222.50,212.20,216.40,215.90,210.95,511,11010,2399356.00,
511355,IND CEM CAP ,XT,Q,11.80,11.80,11.80,11.80,11.80,11.80,14,1668,19682.00,
511359,AD-MANUM FIN,X ,Q,44.00,44.00,44.00,44.00,44.00,43.85,4,855,37620.00,
511377,MEHTA I.FIN ,XT,Q,19.92,19.92,19.92,19.92,19.92,19.92,1,3,59.00,
511391,INTER GLOB F,X ,Q,29.25,30.70,28.50,30.11,30.70,30.00,19,898,26658.00,
511401,MCLTD       ,XT,Q,11.02,11.02,11.02,11.02,11.02,10.50,5,223,2457.00,
511411,SHRISTINFRA ,X ,Q,22.45,23.20,22.40,22.86,22.86,21.96,10,778,17745.00,
511413,CREST       ,B ,Q,247.75,248.90,238.10,239.25,239.25,245.30,328,2611,630082.00,
511431,VAKRANGEE   ,A ,Q,15.98,16.03,15.75,15.83,15.83,15.92,2393,1725940,27426886.00,
511441,GUJ.CREDIT  ,XT,Q,20.64,21.68,19.75,21.68,21.68,20.65,23,5505,118547.00,
511447,SYLPH TECH  ,X ,Q,3.51,3.51,3.40,3.45,3.44,3.45,344,1218483,4242951.00,
511451,DHARANI FIN.,X ,Q,5.22,5.50,5.22,5.50,5.50,5.35,8,520,2744.00,
511463,ALEXANDER   ,X ,Q,16.48,18.30,16.26,17.71,17.99,16.47,313,162804,2853818.00,
511473,IND.BANK MER,B ,Q,31.57,32.29,31.41,31.53,31.46,31.46,406,54253,1724467.00,
511493,SHRYDUS     ,XT,Q,30.88,31.50,29.94,31.02,31.40,31.51,20,3396,104386.00,
511501,BHARAT BHUSH,X ,Q,28.72,30.95,28.04,29.01,29.01,28.72,91,8434,250917.00,
511505,CAPITAL TRUS,B ,Q,102.00,102.38,97.00,98.32,98.32,101.07,135,5568,550028.00,
511507,USHAKIRAN FI,XT,Q,22.00,22.00,22.00,22.00,22.00,22.85,2,69,1518.00,
511509,VIVO BIO TEC,X ,Q,28.46,28.60,27.00,28.29,28.29,27.90,91,7035,197589.00,
511523,VEERHEALTH  ,XT,Q,43.50,43.50,42.00,42.81,42.40,42.31,287,32883,1411143.00,
511525,PAN INDIA C ,XT,Q,2.20,2.20,2.04,2.12,2.13,2.14,263,136989,288947.00,
511533,SAHARA HOUSG,XT,Q,93.45,93.45,93.45,93.45,93.45,95.35,5,364,34015.00,
511535,NDA SECURIT.,X ,Q,16.07,16.07,16.07,16.07,16.07,15.31,6,1470,23622.00,
511543,GSB FINANCE ,X ,Q,10.95,10.95,10.95,10.95,10.95,11.52,3,311,3405.00,
511549,MORARKA FIN.,X ,Q,139.00,139.00,136.30,137.95,137.95,137.15,68,3520,483097.00,
511551,MONARCH     ,B ,Q,334.75,343.55,327.70,334.25,333.00,332.40,443,11001,3673115.00,
511557,PRO FIN CAP.,X ,Q,1.09,1.09,1.04,1.07,1.07,1.05,242,639385,682762.00,
511559,TIMES GUARAN,B ,Q,57.07,62.03,55.05,59.42,59.42,58.05,275,13480,793008.00,
511571,SOMDATT FIN ,XT,Q,135.50,140.00,135.50,135.50,135.50,142.60,125,23829,3230308.00,
511585,REGENCY TRUS,X ,Q,1.67,1.73,1.67,1.73,1.73,1.70,5,55,95.00,
511589,AVONMORE    ,T ,Q,81.30,81.30,78.00,78.67,78.00,79.00,60,7306,577458.00,
511593,LIBORD FIN  ,X ,Q,5.47,5.69,5.21,5.69,5.69,5.48,9,5426,29824.00,
511601,YASH MANAGE.,X ,Q,13.65,13.65,12.67,12.90,12.90,13.14,45,3884,49903.00,
511605,ARIHANT CAP.,B ,Q,55.66,57.06,55.30,56.20,56.20,56.22,116,5982,337978.00,
511609,ISL CONSULT ,X ,Q,26.85,27.00,24.30,26.99,26.99,27.00,23,4476,119547.00,
511611,DCM FINANCIA,T ,Q,4.10,4.12,3.93,4.08,3.98,4.09,22,8860,35365.00,
511626,R R FINANCE.,XT,Q,9.19,9.64,9.19,9.25,9.25,9.19,5,40758,392566.00,
511628,IMCAP       ,XT,Q,560.00,564.95,540.00,560.65,560.00,538.05,113,5092,2867879.00,
511630,SAMBHAAV MED,T ,Q,3.19,3.19,3.10,3.18,3.18,3.19,19,10412,32309.00,
511644,OMEGA INTERA,XT,Q,106.55,111.80,101.30,111.75,111.75,106.55,11,286,30831.00,
511654,SUGAL DAM   ,X ,Q,19.16,19.16,19.16,19.16,19.16,18.25,12,3296,63151.00,
511658,NETTLINX LTD,XT,Q,90.00,90.00,89.00,89.00,89.00,90.36,15,2291,205629.00,
511672,SCANSTL     ,X ,Q,36.62,37.95,36.32,36.65,36.61,36.98,103,9737,361345.00,
511676,GIC HOUSING ,B ,Q,184.05,184.30,182.30,183.05,183.05,182.40,412,21296,3897351.00,
511688,MATHEW EASOW,X ,Q,7.21,7.21,7.15,7.15,7.15,6.88,8,87,624.00,
511692,AJCON GLOBAL,XT,Q,29.05,29.05,29.04,29.05,29.05,27.67,8,857,24894.00,
511696,CHARTERED CA,X ,Q,148.35,148.35,148.35,148.35,148.35,155.90,1,1,148.00,
511700,STD.CAP.MRKT,XT,Q,35.54,35.54,35.54,35.54,35.54,36.26,24,4173,148308.00,
511702,YOGI        ,XT,Q,31.22,31.22,30.01,30.01,30.01,30.62,5,1117,34520.00,
511710,CUBICAL FIN.,X ,Q,1.50,1.50,1.41,1.41,1.41,1.50,44,54039,77015.00,
511712,RELIC TECHNO,X ,Q,17.71,17.71,16.50,17.69,17.69,16.87,15,1639,28995.00,
511714,NIMBSPROJ   ,X ,Q,38.50,38.50,32.08,36.49,36.49,35.22,6,285,10169.00,
511724,BAIDFIN     ,B ,Q,40.15,40.15,39.00,39.11,39.11,39.86,69,104467,4180892.00,
511726,VIPUL LTD   ,B ,Q,15.89,15.89,15.01,15.17,15.54,15.64,158,30454,465384.00,
511728,KZ LEAS FIN.,X ,Q,23.40,23.40,23.40,23.40,23.40,22.29,7,2450,57330.00,
511736,USHDEV INTNL,XT,Q,1.55,1.71,1.55,1.71,1.71,1.63,210,408403,662513.00,
511742,UGROCAP     ,B ,Q,308.30,316.45,304.30,307.00,309.40,311.10,754,23756,7378081.00,
511754,SHALIB.FINAN,XT,Q,292.55,297.00,287.10,293.35,296.50,287.95,124,20993,6121764.00,
511756,ABIRAMI FIN.,Z ,Q,27.00,27.00,26.00,26.00,26.00,27.36,9,750,19740.00,
511760,SEVENHILL   ,X ,Q,0.67,0.70,0.64,0.64,0.64,0.67,808,748604,493529.00,
511764,AASTAFIN    ,XT,Q,47.58,47.58,47.58,47.58,47.58,48.55,19,2327,110718.00,
511766,MUTHOOT CAP ,B ,Q,383.95,385.60,373.45,376.45,374.50,383.25,309,4790,1824571.00,
511768,MASTER TRUST,X ,Q,303.10,310.90,297.00,300.25,300.25,306.65,124,9779,2954148.00,
512008,EFCIL       ,X ,Q,228.00,235.50,218.00,232.75,230.15,224.30,209,37867,8761295.00,
512014,SOBHAGH.MERC,XT,Q,12.76,12.76,12.76,12.76,12.76,12.16,2,250,3190.00,
512018,CNI RES LTD ,XT,Q,1.95,2.03,1.95,1.99,2.00,1.99,229,106087,209410.00,
512020,SARASW.COMM.,X ,Q,2632.00,2738.00,2600.00,2648.95,2600.00,2655.35,26,35,93140.00,
512036,KAPIL COTEX ,XT,Q,106.67,106.67,106.67,106.67,106.67,106.67,1,1,106.00,
512038,TCC         ,XT,Q,45.13,45.13,45.13,45.13,45.13,44.25,1,1,45.00,
512047,ROYAL IND   ,XT,Q,2.71,2.71,2.71,2.71,2.71,2.76,27,2711,7346.00,
512048,LUHARUKA    ,X ,Q,3.36,3.36,3.26,3.30,3.30,3.31,358,154754,513420.00,
512064,VISVEN      ,X ,Q,100.00,104.96,100.00,100.00,100.00,99.97,12,407,42255.00,
512068,DECCANGOLD  ,XT,Q,86.43,89.40,85.28,87.32,88.00,86.58,600,177691,15582343.00,
512070,UPL         ,A ,Q,588.95,594.00,585.25,586.40,586.40,585.60,2225,57207,33720874.00,
512093,CRANES SOFTW,XT,Q,3.66,3.66,3.35,3.36,3.40,3.49,183,157352,540034.00,
512097,SAICOM      ,X ,Q,0.52,0.52,0.49,0.51,0.51,0.51,1507,1372256,694850.00,
512131,SIGNET IND  ,T ,Q,49.00,50.00,48.00,48.17,48.15,48.86,25,7559,364847.00,
512149,ADVANCE TECH,XT,Q,1.53,1.53,1.53,1.53,1.53,1.56,538,276533,423095.00,
512161,SECURKLOUD  ,B ,Q,41.05,41.80,40.20,41.05,40.80,41.46,110,6861,281708.00,
512165,ABANSENT    ,X ,Q,182.55,182.55,177.50,180.00,180.00,182.55,22,2437,442624.00,
512175,VAMA INDS   ,XT,Q,4.67,4.67,4.45,4.51,4.50,4.52,113,39906,181348.00,
512179,SUNTECK REAL,A ,Q,362.35,366.70,358.75,360.75,360.75,364.25,368,17810,6486924.00,
512197,SILVEROAK   ,Z ,Q,2.70,2.87,2.70,2.80,2.80,2.74,7,168,477.00,
512215,STEPHANOTIS ,X ,Q,26.39,26.39,25.50,25.75,25.75,25.14,12,902,23746.00,
512217,PRISM MEDI  ,XT,Q,25.80,25.80,25.34,25.34,25.34,25.85,9,2484,63174.00,
512229,VERITAS     ,XT,Q,243.00,248.00,239.90,244.00,248.00,244.75,114,18296,4406233.00,
512237,JAI CORP LTD,A ,Q,232.75,234.50,217.35,232.40,232.40,230.60,5801,189394,43512041.00,
512247,ASHIRWAD CAP,XT,Q,3.75,3.77,3.75,3.77,3.77,3.70,62,16847,63374.00,
512257,SVARTCORP   ,X ,Q,2.80,2.84,2.74,2.77,2.80,2.80,292,105642,294103.00,
512267,MEDIA MATRIX,B ,Q,20.20,21.65,19.77,20.00,20.00,19.77,2142,1634212,33633223.00,
512279,NNTL        ,Z ,Q,8.07,8.07,8.07,8.07,8.07,8.07,1,1,8.00,
512296,BHAGYA INL  ,B ,Q,66.50,69.00,66.50,68.08,68.10,67.35,189,10245,696971.00,
512329,KRL         ,XT,Q,3581.40,3581.40,3581.40,3581.40,3581.40,3511.20,5,121,433349.00,
512344,ARAVALI SEC.,X ,Q,3.50,3.60,3.50,3.60,3.60,3.60,2,5003,17510.00,
512379,CRESSANDA SO,A ,Q,24.35,25.80,23.00,23.87,23.87,23.85,3516,4657387,113768095.00,
512381,STARTECK    ,T ,Q,157.95,157.95,157.00,157.00,157.00,162.50,2,515,81330.00,
512393,SHARDUL SECU,X ,Q,103.24,110.84,103.20,103.39,103.20,108.63,58,4758,496508.00,
512399,SERA        ,XT,Q,13.10,13.10,12.23,12.58,12.58,12.84,182,61194,769921.00,
512425,NIRAV COMMER,X ,Q,439.00,439.00,409.00,426.15,430.00,429.00,21,51,21267.00,
512437,APOLLO FIN I,X ,Q,493.75,493.75,480.00,483.15,483.15,482.45,46,915,440476.00,
512441,ENBEE TRADG.,X ,Q,17.00,17.00,16.36,16.54,16.60,17.02,103,52338,869669.00,
512443,GANONPRO    ,X ,Q,14.50,14.88,14.11,14.57,14.88,14.85,20,5050,73527.00,
512453,SHRI JAGDAMB,X ,Q,630.00,635.00,610.00,614.90,615.00,620.25,196,5758,3535859.00,
512455,LLOYDS MET E,A ,Q,573.00,577.95,549.80,551.80,551.80,562.65,2327,82764,46444318.00,
512463,SHREE GLOBAL,XT,Q,31.76,32.78,30.60,31.29,31.29,31.76,1781,878873,28080552.00,
512477,BETEX INDIA ,XT,Q,141.40,141.40,138.60,138.60,138.60,141.40,8,293,40713.00,
512479,VIRYA       ,XT,Q,612.60,612.60,612.60,612.60,612.60,586.50,1,10,6126.00,
512481,POLYTEX(P)  ,X ,Q,2.75,2.88,2.70,2.70,2.70,2.75,22,4348,12049.00,
512485,DHANAL.COTEX,XT,Q,94.54,94.54,94.54,94.54,94.54,94.54,1,5,472.00,
512489,OASIS SECUR.,XT,Q,106.85,109.80,102.70,109.80,109.80,107.00,10,1121,116119.00,
512493,GARNET INTL ,X ,Q,46.80,47.50,44.60,45.48,45.48,46.03,76,12492,574469.00,
512499,SHALIMAR PRO,X ,Q,0.49,0.50,0.49,0.49,0.49,0.49,725,2492878,1222794.00,
512519,DONEAR IND. ,B ,Q,94.45,96.80,94.15,95.33,95.33,94.18,282,14694,1400012.00,
512527,SUPER SAL IN,XT,Q,1120.00,1120.00,1075.00,1095.00,1095.00,1120.10,9,201,217395.00,
512529,SEQUENT     ,A ,Q,92.51,93.70,90.84,91.16,91.16,91.84,1254,144896,13320967.00,
512531,STC INDIA   ,B ,Q,99.39,107.45,97.40,105.44,105.90,98.57,1103,58443,6118778.00,
512553,ZENITH EXP. ,T ,Q,101.00,108.00,100.70,100.70,100.70,106.00,14,91,9347.00,
512559,KOHINORFOODS,T ,Q,35.50,36.85,35.50,36.50,36.50,36.01,154,23247,841311.00,
512565,R.T.EXPORTS ,XT,Q,38.80,38.80,35.15,35.50,38.80,37.00,4,12,429.00,
512573,AVANTI FEEDS,A ,Q,423.00,437.00,422.50,424.60,424.60,422.30,2997,79315,34059664.00,
512587,ZODIAC JRD  ,X ,Q,38.14,38.14,36.55,37.14,37.15,38.20,42,5334,196905.00,
512589,SITA ENTER. ,XT,Q,25.38,25.38,25.38,25.38,25.38,25.89,4,87,2208.00,
512591,PULSAR INTL.,XT,Q,78.70,78.70,73.00,76.52,78.00,75.52,28,630,48967.00,
512595,UNIMODE OVER,XT,Q,121.60,121.60,121.60,121.60,121.60,128.00,1,3,364.00,
512597,KEYFINSER   ,B ,Q,129.89,138.22,127.60,136.10,135.99,115.19,3296,118777,16054008.00,
512599,ADANI ENTER ,A ,Q,2587.95,2613.80,2532.00,2539.25,2539.25,2530.10,10718,220925,569304836.00,
512600,MACINTR     ,XT,Q,26.39,26.39,26.39,26.39,26.39,25.14,16,6401,168922.00,
512604,HARIA EXPORT,X ,Q,4.74,4.74,4.45,4.64,4.64,4.50,14,1896,8632.00,
512608,BHANDARI HOS,B ,Q,6.24,6.85,6.10,6.54,6.54,6.18,878,557725,3676622.00,
512618,RLF LIMITED.,XT,Q,6.49,6.49,6.08,6.48,6.48,6.39,9,455,2952.00,
512624,REGENTRP    ,X ,Q,3.67,3.70,3.38,3.40,3.50,3.50,122,38802,136767.00,
512626,ORBIT EXPORT,T ,Q,176.00,180.95,172.65,177.70,177.70,177.45,23,864,152763.00,
512634,SAVERA IND  ,XT,Q,83.99,83.99,78.55,79.66,79.55,81.00,21,2670,215172.00,
513005,VBC FERRO   ,XT,Q,46.15,48.74,46.15,48.73,48.73,48.49,7,202,9714.00,
513010,TATASTLLP   ,B ,Q,720.00,753.40,720.00,745.40,747.40,744.50,633,11344,8526846.00,
513023,NAVA        ,A ,Q,390.40,392.25,384.15,386.20,388.45,385.40,443,15726,6098872.00,
513043,REMI EDEL   ,X ,Q,46.45,46.45,41.65,42.32,42.30,44.98,43,1733,75047.00,
513059,G.S.AUTO INT,X ,Q,20.04,20.99,19.75,20.00,20.00,20.04,60,10321,207993.00,
513063,TRANSFREIGHT,XT,Q,21.88,21.88,20.95,21.70,21.70,21.88,23,1757,38068.00,
513097,SHIV.BIMETAL,A ,Q,555.50,569.30,545.65,561.00,561.00,545.30,1195,19891,11123383.00,
513108,GANDHI SP.TU,B ,Q,700.35,726.00,679.00,681.95,687.65,697.15,443,3197,2238609.00,
513117,AMFORGE IND.,X ,Q,6.51,6.54,6.40,6.50,6.50,6.31,51,5494,35637.00,
513119,ABC GAS INT ,XT,Q,39.50,40.00,38.80,39.46,39.46,40.75,33,1925,75182.00,
513121,ORICON ENT  ,T ,Q,24.00,24.60,23.53,24.50,24.50,23.77,93,30840,750811.00,
513149,ACROW INDIA ,XT,Q,930.00,945.00,890.00,925.00,925.00,930.70,7,116,108750.00,
513173,STL STR INF ,XT,Q,24.50,26.12,24.10,24.72,24.40,24.90,39,3237,82170.00,
513228,PENNAR STEEL,B ,Q,108.01,109.00,103.00,104.86,104.86,108.44,3271,139274,14767650.00,
513250,JYOTI STRUCT,T ,Q,11.34,11.34,10.90,10.90,10.90,11.12,154,986995,10926435.00,
513252,JAY USHIN   ,X ,Q,829.95,878.00,810.00,826.15,826.15,788.70,137,1633,1377496.00,
513262,ST.STR.WHEEL,B ,Q,228.95,231.10,224.50,226.05,226.00,226.40,971,28867,6578727.00,
513269,MAN IND.(I) ,B ,Q,154.10,154.20,149.15,150.95,150.30,152.65,634,22581,3421901.00,
513303,MODERN STEEL,X ,Q,14.48,15.02,14.48,14.88,14.95,14.88,49,5570,82598.00,
513307,SYNTHIKO FOI,XT,Q,88.00,92.60,88.00,88.00,88.00,92.60,65,2314,206513.00,
513309,GOLKONDA    ,Z ,Q,13.31,14.30,13.31,13.40,13.40,14.00,17,739,9927.00,
513335,METALFORGE  ,Z ,Q,3.53,3.54,3.25,3.35,3.35,3.38,26,6799,23578.00,
513337,GUJ.TOOLROOM,XT,Q,13.85,13.85,13.58,13.58,13.58,13.85,24,1826,24918.00,
513349,AJMERA      ,B ,Q,360.00,365.00,350.00,351.10,351.10,359.95,706,5973,2116378.00,
513353,COCHIN MIN. ,X ,Q,242.00,242.90,234.00,235.40,234.15,239.60,553,23616,5620233.00,
513361,ISW LTD     ,XT,Q,2.09,2.14,2.09,2.09,2.09,2.20,259,145354,303789.00,
513369,KVFORGE     ,XT,Q,70.00,71.96,66.30,68.19,68.10,69.52,41,1465,100935.00,
513375,CARBORUNDUM ,A ,Q,1147.00,1150.00,1130.20,1139.60,1138.70,1142.30,908,7271,8306330.00,
513377,MINERAL&METL,A ,Q,44.19,44.20,42.27,42.43,42.43,43.48,1939,799700,34469849.00,
513397,VALLABH STEL,X ,Q,5.37,5.37,5.37,5.37,5.37,5.12,3,18,96.00,
513401,ASHIANA ISP.,X ,Q,28.17,29.00,26.40,27.49,27.49,28.17,151,26628,743380.00,
513403,PM TELELINN ,X ,Q,5.75,5.91,5.65,5.91,5.91,5.92,21,19161,109991.00,
513418,SMFIL       ,X ,Q,3.95,3.95,3.78,3.86,3.86,3.80,69,7375,28453.00,
513422,BLOOM INDUST,X ,Q,24.83,24.83,22.30,23.70,23.70,24.34,23,825,19162.00,
513430,MAITRI      ,XT,Q,23.50,23.67,23.45,23.67,23.67,22.55,6,925,21740.00,
513434,TATA METALIK,A ,Q,880.00,889.65,875.00,878.50,878.80,880.50,313,2648,2330511.00,
513436,SHAH ALLOYS ,B ,Q,55.00,58.20,55.00,57.18,57.20,56.64,300,12746,723698.00,
513452,ELANGO INDUS,XT,Q,7.49,7.49,7.49,7.49,7.49,7.14,6,2102,15743.00,
513456,KANISHK ST. ,X ,Q,27.51,28.98,27.51,27.97,28.59,27.51,30,5543,156466.00,
513460,MAHALAXMI SM,Z ,Q,7.65,7.65,7.14,7.14,7.14,7.50,12,1577,11904.00,
513472,SIMPLEX CAST,XT,Q,65.00,65.00,60.05,60.61,61.00,62.69,60,9398,574456.00,
513488,SH.STEEL WIR,X ,Q,33.90,34.50,32.45,32.77,32.46,33.20,32,6944,234020.00,
513498,SOUTH.MAGNES,XT,Q,121.25,121.25,121.25,121.25,121.25,118.88,19,3572,433105.00,
513502,BARODA EXTR.,XT,Q,2.56,2.67,2.51,2.58,2.63,2.63,57,29554,76503.00,
513507,GUJ.CONTAIN.,P ,Q,186.30,189.00,186.30,189.00,189.00,194.10,7,2300,429650.00,
513509,KALYANI FORG,T ,Q,330.40,330.40,330.40,330.40,330.40,314.70,30,965,318836.00,
513511,PANCH.STEEL ,X ,Q,128.95,128.95,116.55,119.15,119.00,126.95,115,8388,1036902.00,
513513,ADITYA ISPAT,X ,Q,8.90,8.90,8.25,8.45,8.45,8.54,20,932,7884.00,
513515,S.R.INDUS.  ,XT,Q,1.23,1.34,1.23,1.34,1.34,1.29,14,3023,3834.00,
513517,STEELCAST   ,B ,Q,607.15,625.50,606.90,623.15,625.00,608.80,618,6397,3933432.00,
513519,PITTIENG    ,B ,Q,578.95,584.10,573.90,576.05,577.50,568.25,1190,16405,9510568.00,
513528,GLITTEK GRAN,X ,Q,2.66,3.08,2.66,3.07,3.07,2.86,14,15269,46298.00,
513532,PRADEEP MET.,X ,Q,165.35,167.95,163.10,164.60,164.10,165.35,96,2803,462582.00,
513536,GNRL        ,X ,Q,13.85,14.10,13.62,13.92,13.80,13.98,91,23565,327806.00,
513540,T.N.STEEL TU,P ,Q,16.44,16.44,16.44,16.44,16.44,15.66,3,300,4932.00,
513548,SHARDA ISPAT,XT,Q,104.34,108.99,99.13,108.10,108.10,104.34,55,6414,659955.00,
513554,MAHA STEEL  ,T ,Q,66.99,67.00,64.14,66.24,66.00,64.40,11,830,54517.00,
513566,NOVA IRON&ST,XT,Q,15.60,16.20,14.81,14.95,14.95,15.49,46,4634,70313.00,
513575,STERPOW     ,XT,Q,18.69,18.69,17.80,18.60,18.60,18.69,13,755,14019.00,
513599,HIND.COPPER ,A ,Q,149.40,150.95,145.20,146.35,146.35,148.35,5272,604402,89850495.00,
513629,TULSYAN NEC ,XT,Q,62.90,64.00,60.10,62.01,62.01,62.00,43,6180,386575.00,
513642,AXEL POLYMER,XT,Q,53.00,55.00,51.53,53.45,53.75,52.67,29,4002,212173.00,
513683,NLCINDIA    ,A ,Q,132.25,134.25,130.05,131.90,131.90,132.20,1822,198183,26106052.00,
513693,KIC METALIKS,X ,Q,49.85,49.85,47.00,47.03,47.00,48.60,148,30434,1448399.00,
513699,SOLID STONE ,XT,Q,27.00,27.00,25.76,26.82,26.82,27.05,11,117,3128.00,
513709,SHILP GRAVUR,X ,Q,128.65,129.00,122.05,123.75,123.75,125.85,340,26237,3312591.00,
513713,WHITEORG    ,X ,Q,7.08,7.14,6.90,7.03,7.03,7.01,263,75246,527421.00,
513721,MFSINTRCRP  ,Z ,Q,13.80,14.12,13.70,14.12,14.12,13.85,21,22375,312685.00,
513723,HGIND       ,XT,Q,208.00,208.00,195.00,199.65,207.75,203.05,6,98,20135.00,
513729,ARO GRANITE ,B ,Q,49.05,49.10,48.10,48.47,48.39,48.94,95,5684,275659.00,
514010,HIM.FIBRES  ,XT,Q,7.06,7.06,7.06,7.06,7.06,6.93,24,83920,592475.00,
514028,RAJKAMAL SYN,X ,Q,27.44,27.44,26.25,26.91,27.00,26.48,22,3986,106821.00,
514030,DEEPAK SPINN,X ,Q,243.95,248.40,243.95,245.20,245.00,246.65,158,8362,2058738.00,
514036,LOY.TEX MILL,B ,Q,657.25,684.70,642.10,643.55,642.10,652.75,49,663,438671.00,
514043,HIMAT.SEIDE ,B ,Q,155.50,159.80,154.00,155.75,155.75,154.70,1022,43693,6835932.00,
514045,BSL LTD.    ,T ,Q,164.70,166.85,162.00,166.80,166.85,158.95,28,763,125311.00,
514087,PBM POLYTEX ,X ,Q,88.50,91.00,88.50,88.55,88.55,89.73,32,1575,139822.00,
514113,ADHINATH TEX,XT,Q,25.05,25.10,24.50,24.53,24.54,24.53,41,3123,78155.00,
514138,SURYALATA SP,XT,Q,608.75,608.75,608.75,608.75,608.75,640.75,193,4508,2744245.00,
514140,SURYAVA SPIN,X ,Q,22.20,26.05,22.20,26.05,26.05,21.71,90,15383,391055.00,
514142,TT LTD.     ,B ,Q,85.52,85.52,84.05,84.12,84.11,85.52,16,274,23146.00,
514162,WELSPUN (I) ,A ,Q,126.70,126.70,121.45,122.65,122.65,125.70,3107,267719,33091676.00,
514165,IND.ACRYLICS,XT,Q,11.05,11.40,11.05,11.14,11.14,11.20,261,146460,1637384.00,
514167,GANESH ECOSP,B ,Q,1049.20,1057.35,1032.00,1037.80,1036.70,1050.95,441,1840,1923200.00,
514171,CEETA IND.  ,XT,Q,29.50,30.25,28.03,29.00,29.00,29.50,19,2301,66662.00,
514175,VARDHMAN POL,T ,Q,68.43,68.43,68.43,68.43,68.43,69.82,14,4006,274130.00,
514183,BLACKROSE   ,X ,Q,138.00,138.50,136.60,137.80,137.50,137.40,471,13445,1850763.00,
514197,ST CORP     ,XT,Q,27.88,27.88,27.88,27.88,27.88,28.44,55,13199,367988.00,
514215,BINNY LTD.  ,X ,Q,241.95,242.00,236.45,237.45,239.45,237.70,201,9658,2307776.00,
514223,RAMGOPAL POL,XT,Q,6.40,6.40,5.81,5.97,6.00,6.11,25,6799,41816.00,
514234,SANGAM INDIA,B ,Q,329.20,329.40,321.35,326.95,329.40,325.10,2070,47976,15584284.00,
514238,MKVENTURES  ,X ,Q,1124.00,1124.00,1085.00,1093.75,1101.95,1102.20,126,912,1008072.00,
514240,KUSHIND     ,X ,Q,4.75,5.08,4.75,4.90,4.90,5.19,19,7058,33986.00,
514248,SREECHEM RES,P ,Q,41.90,42.00,39.05,39.05,39.05,40.00,5,600,24785.00,
514264,SEASONS TEXT,X ,Q,14.20,14.21,13.40,14.19,14.19,13.81,9,335,4693.00,
514266,ZENITH FIBRE,X ,Q,63.80,64.47,62.60,62.60,62.60,63.99,37,1096,69944.00,
514272,BHILWARA SP.,X ,Q,54.94,54.94,52.30,53.37,53.37,52.20,25,2077,108890.00,
514274,AARVEE DENIM,B ,Q,25.40,25.40,23.60,23.92,23.97,23.71,67,6426,152948.00,
514280,SANRHEA TECH,XT,Q,68.75,68.75,64.00,67.00,67.00,66.95,19,716,47300.00,
514286,ASHIMA LTD. ,B ,Q,14.06,14.20,13.25,13.50,13.50,14.19,299,57432,786563.00,
514300,PIONEER EMB ,B ,Q,57.25,57.25,53.75,53.95,53.80,56.95,409,58876,3284123.00,
514302,VIPPY SPIN. ,X ,Q,147.40,153.40,147.05,148.55,148.55,151.70,24,1620,242022.00,
514312,JAY HIND SYN,XT,Q,19.05,20.00,19.05,20.00,20.00,19.05,3,70,1387.00,
514316,RAGHUVIR SYN,XT,Q,121.00,125.75,119.00,122.40,122.30,120.25,43,2354,290029.00,
514318,JATTAINDUS  ,P ,Q,15.06,15.06,15.06,15.06,15.06,14.35,1,2100,31626.00,
514322,KAMADGIRI   ,X ,Q,115.00,127.50,115.00,123.10,123.10,115.95,77,5541,686545.00,
514326,PATSPIN INDI,X ,Q,11.34,11.34,10.80,11.07,11.16,11.29,35,4463,49098.00,
514330,ONEGLOBAL   ,X ,Q,37.75,43.99,37.75,41.06,40.02,38.98,177,8378,333442.00,
514332,NEOINFRA    ,X ,Q,10.49,10.49,10.49,10.49,10.49,10.02,4,1062,11140.00,
514354,PREMIER POLY,T ,Q,114.80,114.80,114.80,114.80,114.80,117.10,29,1506,172888.00,
514358,EVERFIN     ,XT,Q,63.25,65.79,63.25,65.70,65.70,64.50,10,541,34809.00,
514360,KRRAIL      ,X ,Q,599.95,599.95,585.00,595.55,596.80,591.95,88,1695,1007788.00,
514378,YARN SYNDICA,XT,Q,35.00,35.01,35.00,35.00,35.00,35.70,17,13713,479956.00,
514386,GUJ COTEX   ,X ,Q,2.74,2.95,2.74,2.85,2.85,2.72,34,12412,36314.00,
514400,GARWARE SYN.,XT,Q,12.07,12.07,12.07,12.07,12.07,11.50,3,250,3017.00,
514412,SARUPINDUS  ,X ,Q,21.50,21.50,21.50,21.50,21.50,21.90,1,99,2128.00,
514418,MANORG      ,B ,Q,424.00,424.00,413.00,416.95,417.50,419.55,149,1054,440749.00,
514428,HINDU.ADHESI,X ,Q,294.00,303.00,288.30,290.15,290.15,293.05,214,7096,2073568.00,
514442,SRI KPR IND ,X ,Q,16.37,17.00,16.37,16.83,16.87,16.45,55,3976,66635.00,
514448,JYOTI RESINS,A ,Q,1490.00,1518.80,1480.00,1482.55,1486.50,1486.05,893,8540,12760927.00,
514454,SOUTH.LATEX ,XT,Q,17.00,17.85,17.00,17.85,17.85,17.85,8,236,4199.00,
514470,WIMSOME TEXT,B ,Q,64.33,67.50,64.33,65.96,66.00,64.33,185,19922,1317300.00,
515008,MOD.INSUL.  ,XT,Q,60.00,60.00,57.63,59.91,59.93,59.04,105,14196,836705.00,
515018,REG.CERAMIC ,T ,Q,28.85,28.85,28.84,28.85,28.85,27.48,28,9761,281551.00,
515030,ASAHI IN.GLA,A ,Q,503.10,516.90,503.10,510.45,510.45,502.90,1287,15828,8098092.00,
515037,MURD.CERAM  ,T ,Q,39.06,41.40,39.00,39.20,39.94,40.06,56,4506,178593.00,
515043,SAINT-GOBAIN,X ,Q,104.25,106.85,103.80,104.70,104.70,104.25,707,93774,9861605.00,
515055,ANANTRAJ    ,A ,Q,205.40,207.65,203.25,206.20,205.00,204.00,510,23111,4765571.00,
515059,MADHUS.IND. ,XT,Q,42.28,42.28,42.28,42.28,42.28,41.46,8,832,35176.00,
515085,RESTILE CER.,X ,Q,4.32,4.65,4.29,4.51,4.56,4.45,53,18073,80738.00,
515093,MADHAV MARB.,B ,Q,42.93,48.66,42.91,47.90,47.05,43.79,628,36453,1703076.00,
515127,RAMASIGNS   ,X ,Q,2.85,2.91,2.84,2.90,2.90,2.85,15,4593,13152.00,
515147,HALDYN GLASS,X ,Q,99.45,99.90,96.00,96.89,96.89,97.68,948,129273,12586924.00,
516003,DUROPLY     ,XT,Q,196.50,198.50,185.75,185.75,188.00,195.50,115,7313,1395694.00,
516016,SHREYANS IND,T ,Q,221.90,222.00,220.50,220.50,220.50,219.00,45,5102,1128735.00,
516020,AGIO PAPER  ,X ,Q,3.51,3.51,3.34,3.51,3.51,3.51,6,389,1348.00,
516022,STAR PAPER  ,B ,Q,199.50,215.55,199.50,211.20,211.20,203.10,1288,22312,4702406.00,
516030,PAKKA       ,B ,Q,184.00,197.50,180.00,187.25,186.25,182.65,3569,198726,37971645.00,
516062,NAT.PLYWOOD ,Z ,Q,4.89,4.89,4.51,4.51,4.51,4.66,2,7,32.00,
516064,ARROWGREEN  ,T ,Q,318.05,319.80,308.50,309.05,308.50,318.05,75,3162,982336.00,
516072,VISHNU CHEM ,B ,Q,317.75,319.60,313.20,314.10,314.25,313.80,564,11974,3787754.00,
516078,JUMBO BAG   ,XT,Q,27.65,27.65,26.01,26.38,26.02,27.20,24,3845,101200.00,
516082,N.R.AGARWAL ,B ,Q,321.00,335.85,321.00,326.65,326.65,324.65,176,1643,541530.00,
516092,3PLAND      ,T ,Q,20.11,21.11,20.11,21.11,21.11,20.11,18,2379,50009.00,
516096,SANGAL PAPER,XT,Q,154.10,156.80,151.60,151.60,151.60,151.50,15,1157,178717.00,
516106,SH.KARTHIK P,X ,Q,7.27,7.70,7.19,7.32,7.40,7.39,51,21755,158870.00,
516108,S.I.PAPER   ,X ,Q,120.00,122.70,116.95,117.00,117.00,119.00,79,17740,2118457.00,
516110,FAMILYCARE  ,XT,Q,6.92,6.92,6.70,6.84,6.87,6.87,578,287307,1952332.00,
517015,VINDHYA TELE,B ,Q,2066.55,2116.35,1993.60,2005.70,2007.05,2044.80,339,1554,3164146.00,
517035,RIR         ,XT,Q,719.45,719.45,719.45,719.45,719.45,734.10,57,1805,1298607.00,
517041,ADORWELDING ,B ,Q,1181.90,1192.25,1164.75,1175.65,1172.90,1171.10,425,2259,2656112.00,
517044,INT.DATA MAN,XT,Q,12.09,12.09,12.09,12.09,12.09,12.09,1,1,12.00,
517059,SALZER ELEC ,B ,Q,405.10,410.00,395.50,400.30,403.45,402.90,1105,20712,8319216.00,
517063,JETINFOTRAN ,X ,Q,50.00,50.00,48.20,49.03,48.20,49.00,29,4218,207043.00,
517077,INDAGIV COMM,XT,Q,27.57,27.57,27.57,27.57,27.57,27.57,1,49,1350.00,
517096,APLAB LTD.  ,XT,Q,53.55,53.55,53.00,53.55,53.55,52.50,16,3846,205809.00,
517119,PCS TECH    ,X ,Q,15.05,15.48,14.83,14.84,14.84,15.03,57,7916,119079.00,
517146,USHA MART.LT,A ,Q,339.25,352.45,339.25,350.65,351.90,344.70,751,18410,6428100.00,
517166,SPEL SEMICON,XT,Q,52.50,52.50,51.48,51.48,51.48,52.53,306,38989,2012780.00,
517168,SUBROS LTD. ,B ,Q,393.55,393.55,378.00,379.70,378.00,383.15,1158,12966,4947540.00,
517170,EDVENSWA    ,X ,Q,41.50,41.50,40.59,40.76,40.98,41.01,159,22635,927481.00,
517174,HONEYWELL   ,A ,Q,40346.00,40897.00,40346.00,40766.55,40710.00,40206.25,54,66,2686095.00,
517201,SWITCH.TECH.,XT,Q,52.08,52.08,49.85,49.85,49.85,49.60,14,1013,52529.00,
517206,LUMAX IND   ,B ,Q,2167.95,2248.00,2148.00,2240.50,2245.55,2158.85,571,2593,5683654.00,
517214,DIGISPICE   ,T ,Q,47.64,47.64,43.12,43.12,43.12,45.38,345,127558,5755271.00,
517236,CALCOM VISIO,X ,Q,153.00,158.00,153.00,153.95,154.00,152.70,120,7433,1155660.00,
517238,DYNAVISION  ,XT,Q,143.85,144.80,139.00,141.05,140.00,139.10,32,3406,481807.00,
517246,BCC FUBA    ,XT,Q,54.83,54.83,54.83,54.83,54.83,55.94,37,5297,290434.00,
517258,PRECISION EL,XT,Q,48.00,50.40,46.14,49.00,49.00,48.00,25,3204,158995.00,
517264,FINELINE CI ,X ,Q,50.55,53.34,49.00,50.11,52.00,50.88,41,3952,196906.00,
517271,HBL P SYS   ,A ,Q,287.95,294.90,283.25,288.60,288.60,286.10,7297,399686,115630027.00,
517273,S&S POWER SW,T ,Q,62.70,64.67,62.70,64.00,64.00,65.99,11,1507,94688.00,
517288,GUJARATPOLY ,XT,Q,47.34,48.30,47.34,47.50,47.50,48.30,36,12813,608264.00,
517300,GUJ.IND.POW.,B ,Q,120.95,123.80,118.05,118.75,118.75,119.60,1997,192108,23378170.00,
517334,MOTHERSON   ,A ,Q,94.71,95.55,94.71,94.85,95.00,94.58,1427,232665,22116398.00,
517344,MINDTECK (I),T ,Q,131.00,131.00,128.45,128.45,128.45,131.05,29,1846,237294.00,
517354,HAVELLSINDIA,A ,Q,1341.00,1350.40,1330.20,1334.90,1334.90,1339.55,797,9782,13118424.00,
517356,ACI INFOCOM ,XT,Q,1.81,1.81,1.81,1.81,1.81,1.73,396,459734,832118.00,
517360,SBEC SYSTEMS,XT,Q,20.59,20.59,19.10,20.57,20.57,19.61,58,4803,95023.00,
517370,INCAP LTD.  ,XT,Q,37.90,39.75,36.04,38.64,38.64,37.93,17,2977,108775.00,
517372,GUJ.INTRUX  ,X ,Q,219.90,219.90,210.05,210.75,210.75,217.00,72,2294,487629.00,
517380,IGARSHI MOT ,B ,Q,529.50,530.40,514.55,515.60,516.45,525.00,234,2661,1385009.00,
517385,SYMPHONY    ,A ,Q,884.95,890.15,878.45,887.35,889.45,879.95,220,1827,1616022.00,
517393,VINTRON INF.,XT,Q,4.86,5.08,4.62,4.74,4.72,4.86,242,167957,793875.00,
517397,PAN ELECTR. ,X ,Q,30.39,30.39,28.00,30.00,30.00,28.95,11,742,21924.00,
517399,VXL INSTRUM.,XT,Q,6.85,6.85,6.85,6.85,6.85,6.98,4,2001,13706.00,
517411,SHYAM TELEC.,B ,Q,6.51,6.51,6.51,6.51,6.51,6.51,1,10,65.00,
517415,LEE&NEE SOFT,X ,Q,7.80,8.10,7.02,7.86,7.80,7.93,206,63721,487295.00,
517417,PATEL AIRTEM,X ,Q,294.40,302.35,294.40,299.65,299.65,296.90,120,5462,1635015.00,
517421,BFLYGANDHI  ,B ,Q,1279.80,1279.80,1245.40,1249.95,1255.60,1253.45,95,339,427480.00,
517429,ATHENAGLO   ,X ,Q,55.85,55.85,51.75,53.98,53.98,54.00,25,1276,67635.00,
517431,NARMADA MACP,XT,Q,8.47,8.47,8.47,8.47,8.47,8.46,1,1,8.00,
517437,DUTRON POLY.,XT,Q,137.40,143.90,132.50,133.30,133.30,137.40,14,104,14118.00,
517447,R.S.SOFTWARE,T ,Q,50.37,52.70,50.37,51.00,51.00,51.12,55,7341,375660.00,
517449,MAGNA ELECTR,XT,Q,485.00,505.15,481.20,489.45,504.00,481.10,108,3914,1954614.00,
517467,MARSONS     ,Z ,Q,6.55,6.57,6.05,6.50,6.53,6.27,59,37336,234097.00,
517477,ELNET TECH. ,XT,Q,283.90,283.90,272.25,276.70,279.90,284.00,46,1187,326591.00,
517494,ACCEL       ,XT,Q,22.75,22.95,21.75,22.37,22.37,22.09,154,41286,910613.00,
517498,WEBELSOLAR  ,B ,Q,129.85,129.85,120.90,122.10,122.40,125.20,609,25562,3149587.00,
517500,ROTO PUMPS  ,B ,Q,356.65,358.00,352.10,353.50,356.65,354.75,417,8909,3168149.00,
517506,TTK PRESTIGE,A ,Q,783.00,783.00,764.00,772.35,770.00,766.40,1494,9805,7521826.00,
517514,DHINDIA     ,X ,Q,59.01,60.40,58.80,59.93,60.00,59.56,92,6495,387702.00,
517522,RAJ GLO WIR ,A ,Q,749.00,758.20,730.40,734.90,734.90,736.55,1292,11414,8500048.00,
517530,SURANATP    ,B ,Q,12.90,13.40,12.51,12.81,13.00,12.45,1260,405994,5290769.00,
517536,ONWARD TECHN,B ,Q,561.15,574.25,555.00,559.85,562.60,568.05,808,8509,4834913.00,
517544,CENTUM ELEC ,B ,Q,1800.00,1970.00,1738.75,1765.35,1765.35,1645.80,6600,54848,99650280.00,
517546,ALFA TRANSFO,XT,Q,50.55,51.00,49.54,49.54,49.54,50.55,87,26871,1344671.00,
517548,STARLITE COM,Z ,Q,2.02,2.22,2.02,2.22,2.22,2.12,17,9403,20597.00,
517554,NHCFOODS    ,XT,Q,46.50,47.30,46.00,46.15,46.05,46.40,72,10243,478915.00,
517556,PVP VENT LTD,T ,Q,10.20,10.20,10.16,10.16,10.16,10.36,42,14915,151616.00,
517562,TRIGYN TECH ,B ,Q,120.05,124.10,116.30,117.85,117.85,120.20,960,43466,5211902.00,
517569,KEI INDUST. ,A ,Q,2585.00,2626.00,2585.00,2618.45,2614.10,2576.80,619,3471,9057849.00,
517571,IMPPOWERS   ,Z ,Q,4.73,4.73,4.71,4.73,4.73,4.51,20,30207,142879.00,
518011,KEERTHI     ,XT,Q,140.00,140.00,132.55,133.10,136.35,138.50,19,2026,270330.00,
518017,BHEEMA CEM  ,XT,Q,31.75,31.75,29.40,30.99,31.00,30.93,136,21133,648195.00,
518075,SURAJ PRODUC,Z ,Q,262.20,265.00,262.20,262.20,262.20,267.55,127,59990,15764248.00,
518091,ANJANI PORTL,B ,Q,188.15,189.15,187.45,187.45,187.45,187.15,16,69,12983.00,
519003,MODINATURAL ,X ,Q,242.70,242.70,235.00,235.20,235.05,237.05,53,2693,636667.00,
519014,PRASANT IND.,XT,Q,8.49,8.49,8.48,8.48,8.48,8.49,3,67,568.00,
519031,SHAH FOOD(P),XT,Q,165.10,165.10,165.10,165.10,165.10,162.00,3,48,7924.00,
519064,KHANDEL. EXT,XT,Q,60.10,60.10,60.10,60.10,60.10,58.93,6,206,12380.00,
519091,TASTY BITE  ,B ,Q,17917.50,17917.50,17589.55,17641.25,17665.30,17773.00,126,271,4811138.00,
519097,RITESH INTER,XT,Q,36.86,36.86,35.81,36.30,36.51,36.78,106,7984,288863.00,
519105,AVT NATURAL ,B ,Q,78.60,79.88,78.40,78.61,78.61,78.79,417,21307,1681240.00,
519126,HIND.FOODS  ,A ,Q,538.05,544.95,535.90,540.00,542.00,538.75,1337,13424,7246034.00,
519136,NAHAR INDUST,B ,Q,113.40,114.70,111.65,112.00,111.65,112.15,63,2482,280063.00,
519152,VADILAL ENT ,XT,Q,3900.00,4000.05,3820.00,3990.00,3990.00,4000.00,29,168,660461.00,
519156,VADILAL IND ,B ,Q,2783.95,2794.60,2688.55,2701.40,2688.55,2774.35,209,316,866663.00,
519174,ASHIANA AGRO,XT,Q,5.45,5.45,5.30,5.30,5.30,5.30,7,205,1110.00,
519183,ADF FOODS LT,B ,Q,1084.75,1084.80,1047.10,1049.80,1050.00,1065.05,461,3913,4139123.00,
519191,RGRL        ,X ,Q,8.25,8.25,8.10,8.25,8.25,8.25,21,4209,34434.00,
519214,WILLIAM.FIN.,XT,Q,3.94,3.94,3.94,3.94,3.94,3.76,11,5258,20716.00,
519216,AJANTA SOYA ,X ,Q,26.80,27.60,26.50,27.42,27.50,26.42,790,154811,4218305.00,
519224,WILLIAM.MAGO,T ,Q,21.10,21.10,20.30,20.94,20.94,21.17,9,913,18884.00,
519238,SAPTARISHI A,XT,Q,16.00,16.30,15.10,15.77,15.77,15.78,18,921,14302.00,
519242,SARDA PROT. ,XT,Q,43.00,43.05,43.00,43.05,43.05,41.00,13,1203,51776.00,
519260,SANWARIA    ,Z ,Q,0.54,0.54,0.53,0.54,0.54,0.53,136,389839,210470.00,
519262,PRIMA AGRO L,XT,Q,25.50,25.50,24.00,24.55,24.55,25.00,15,8466,207861.00,
519279,MADHUR IND  ,XT,Q,5.26,5.26,5.03,5.26,5.03,5.01,17,10370,54542.00,
519285,TARAI FOODS ,Z ,Q,4.70,4.90,4.70,4.78,4.90,4.68,28,4640,22414.00,
519287,MODERN DAIRI,X ,Q,19.87,19.99,19.70,19.90,19.95,19.68,187,32104,639050.00,
519295,BAMBINO AGRO,X ,Q,329.45,329.45,316.25,321.30,321.95,321.95,27,1972,629339.00,
519299,PRIME INDS. ,Z ,Q,138.25,139.50,134.00,135.00,137.95,137.70,48,5846,788930.00,
519307,VIKAS WSP   ,Z ,Q,1.31,1.33,1.25,1.31,1.33,1.28,119,163043,208375.00,
519331,VSF PROJ    ,X ,Q,44.19,46.85,44.18,44.18,44.18,46.50,11,1010,44624.00,
519359,POONA DAL   ,X ,Q,53.95,53.97,52.31,53.41,52.50,53.96,23,976,52035.00,
519367,TRANSGL.FOOD,XT,Q,72.00,72.00,71.30,71.30,71.30,75.05,9,205,14655.00,
519383,ANIK INDS   ,T ,Q,37.50,37.50,36.16,36.84,36.50,36.99,14,603,22262.00,
519397,SHARAT INDUS,XT,Q,53.37,56.20,52.00,52.00,52.00,54.46,51,12390,655654.00,
519421,KSE LIMITED ,XT,Q,1649.95,1649.95,1585.50,1585.50,1585.50,1635.00,54,844,1347509.00,
519455,NARBADA     ,X ,Q,56.45,56.45,52.62,54.68,54.68,54.00,29,905,48953.00,
519457,VIRAT CRANE ,X ,Q,37.60,39.11,37.55,38.00,38.10,38.05,83,14266,541522.00,
519463,IB INFOTECH ,XT,Q,92.85,92.85,91.00,91.00,91.00,91.00,4,66,6011.00,
519471,AMBARPIL    ,XT,Q,200.00,203.80,199.00,200.00,200.00,204.00,17,164,32817.00,
519475,CHORDIA FOOD,XT,Q,105.00,105.06,105.00,105.06,105.06,103.00,7,320,33612.00,
519477,CIANAGRO    ,X ,Q,46.30,46.30,42.77,46.30,46.30,44.10,24,1733,78638.00,
519483,TAI INDUST. ,X ,Q,37.20,38.70,37.20,38.61,38.64,37.74,26,730,27797.00,
519494,N K INDUST. ,B ,Q,38.70,38.75,38.62,38.75,38.75,38.00,3,201,7762.00,
519500,BKV INDUSTRS,XT,Q,10.00,10.07,9.21,9.90,9.90,9.63,62,8804,85906.00,
519506,NCC BLUE WAT,P ,Q,6.20,6.20,6.20,6.20,6.20,6.20,1,100,620.00,
519528,NORBEN TEA  ,T ,Q,7.60,7.60,7.31,7.31,7.31,7.53,2,100,732.00,
519532,ASIAN TEA   ,X ,Q,11.90,12.17,11.90,11.97,11.97,12.02,56,7251,87287.00,
519552,HERITGFOOD  ,B ,Q,250.05,255.20,245.95,247.70,247.70,252.00,249,5520,1377967.00,
519566,SIMRAN FARMS,XT,Q,132.00,132.00,128.00,129.70,131.45,130.00,50,4153,538998.00,
519600,CCL PRODUCTS,A ,Q,615.60,617.85,609.10,610.85,611.50,610.00,227,2541,1556240.00,
519602,KELLTONTEC  ,B ,Q,80.11,85.78,80.11,81.82,82.20,79.66,1314,82999,6896975.00,
519604,SURYO FOODS ,XT,Q,8.51,8.51,8.51,8.51,8.51,8.51,1,393,3344.00,
519606,INTEG.PROEIN,XT,Q,11.32,12.49,11.31,12.49,12.49,11.90,9,831,10038.00,
520008,RICO AUTO   ,B ,Q,84.30,85.89,82.55,82.86,83.00,84.71,546,59037,4928035.00,
520021,OMAX AUTOS. ,B ,Q,55.05,55.05,52.70,52.88,53.30,54.67,95,8353,445056.00,
520043,MUNJAL SHOWA,B ,Q,145.00,145.00,141.05,141.65,142.20,143.80,118,3728,533979.00,
520051,JAMNA AUTO  ,A ,Q,109.35,109.60,107.20,107.60,108.05,108.30,1813,122465,13289761.00,
520056,TVSHLTD     ,T ,Q,4870.00,5109.00,4626.50,5095.70,5109.00,5873.15,240,1716,8345193.00,
520057,JTEKTINDIA  ,B ,Q,138.10,138.95,133.95,134.70,134.95,138.10,368,16313,2232425.00,
520059,MUNAUTO     ,B ,Q,64.95,64.95,62.05,62.66,62.69,63.88,335,21503,1361348.00,
520066,JAYBH.MARUTI,B ,Q,289.60,293.70,284.85,287.10,284.85,288.35,194,3853,1111683.00,
520073,RACLGEAR    ,X ,Q,1381.00,1430.00,1310.00,1340.45,1340.45,1391.65,613,6278,8595564.00,
520075,SAMKRG PIST.,X ,Q,141.60,144.35,141.50,141.60,142.00,142.40,86,5351,760918.00,
520111,RATNAMNI MET,A ,Q,2600.35,2612.15,2515.45,2548.20,2537.05,2600.35,358,801,2055209.00,
520113,VESUVIUS IND,A ,Q,3607.15,3720.00,3532.85,3560.95,3600.70,3595.50,716,1620,5908706.00,
520119,AUTOMOTIVE S,B ,Q,400.55,401.00,393.30,394.45,394.45,397.90,184,2734,1083044.00,
520121,ARCEE INDUST,X ,Q,5.81,6.33,5.81,5.84,5.84,6.04,9,379,2259.00,
520123,ABC INDIA   ,XT,Q,99.95,101.95,92.75,93.85,93.85,97.55,39,1751,168241.00,
520127,BALURGHAT TE,X ,Q,18.01,19.00,18.01,18.70,18.64,18.49,168,97862,1840228.00,
520131,COASTAL ROAD,P ,Q,27.44,30.32,27.44,27.44,27.44,28.88,5,600,17041.00,
520141,SIBAR AUTO  ,X ,Q,7.51,7.87,7.51,7.87,7.87,7.50,36,2550,19940.00,
520151,SHREY SH LOG,B ,Q,347.35,350.60,340.25,345.20,344.65,345.75,341,3813,1318462.00,
520155,STARLOG     ,XT,Q,28.02,28.58,27.46,28.58,28.58,28.02,13,1865,52109.00,
521003,SHIV.SUIT   ,P ,Q,19.77,19.77,19.77,19.77,19.77,18.83,1,100,1977.00,
521005,TITANIN     ,XT,Q,43.74,43.74,43.74,43.74,43.74,44.63,49,7560,330674.00,
521014,EUROTEX IND ,T ,Q,11.31,11.31,11.31,11.31,11.31,11.90,1,50,565.00,
521016,INDO COUNT  ,A ,Q,246.05,250.10,245.90,247.90,248.50,246.00,1018,44710,11077335.00,
521018,MARAL OVERS ,B ,Q,53.77,54.39,53.60,53.61,53.60,53.98,40,458,24750.00,
521034,SOMA TEXTILE,T ,Q,21.34,22.44,20.75,21.80,21.80,21.52,32,2596,56828.00,
521048,ADV LIFESTY ,XT,Q,72.50,72.80,72.50,72.50,72.50,72.51,5,385,27927.00,
521054,KAKATIYA TEX,XT,Q,30.41,31.03,30.41,30.42,30.42,31.03,17,1410,42985.00,
521062,OCTAVE      ,X ,Q,1.90,1.96,1.90,1.94,1.94,1.90,15,7667,14648.00,
521064,TRIDENT     ,A ,Q,36.92,38.09,36.71,36.93,36.93,36.59,17415,7394591,275958119.00,
521068,HISAR SPIN. ,P ,Q,39.00,39.00,39.00,39.00,39.00,37.75,1,1800,70200.00,
521070,ALOK INDS.  ,A ,Q,18.55,18.75,17.33,17.55,17.55,18.40,8051,5366209,95801339.00,
521080,PASARI SPIN ,X ,Q,7.18,7.18,6.52,6.91,6.91,7.20,5,532,3679.00,
521082,SPENTEX INDS,Z ,Q,2.75,2.75,2.75,2.75,2.75,2.80,2,75,206.00,
521097,AMARJOTHI SP,X ,Q,172.00,174.40,170.65,173.65,173.00,169.65,66,2877,498644.00,
521105,OLYMPIA IND.,X ,Q,95.89,95.89,84.55,86.71,88.30,84.93,63,7319,623051.00,
521109,NAGREEKA EXP,T ,Q,44.10,44.36,42.15,42.21,42.15,44.36,19,1216,52765.00,
521113,SUDITI IND. ,X ,Q,14.40,14.49,13.57,14.38,14.38,14.20,32,5294,74545.00,
521131,SBFL        ,X ,Q,20.75,20.75,18.15,18.85,18.72,20.17,207,22861,448060.00,
521137,EUREKA IND. ,XT,Q,3.87,3.87,3.65,3.81,3.81,3.69,102,20483,76384.00,
521141,ADITYA SPIN.,XT,Q,21.85,22.00,21.00,21.04,21.85,21.76,33,3128,67907.00,
521149,PRIME URBAN ,XT,Q,7.90,8.00,7.51,8.00,8.00,7.90,8,799,6285.00,
521151,DHANLXMI FAB,XT,Q,46.60,48.00,46.60,46.60,46.60,47.55,16,1313,61188.00,
521161,SRI LAK.SAR.,X ,Q,39.00,39.00,38.47,38.95,38.95,37.72,6,19,732.00,
521163,ZODIAC CLOTH,B ,Q,112.75,112.90,109.45,110.80,110.45,112.40,142,1217,135146.00,
521178,SRI RAMK.MIL,XT,Q,31.95,31.95,29.92,31.25,31.25,31.49,20,4955,148572.00,
521180,SUPER SPIN. ,B ,Q,8.91,9.03,8.51,8.69,8.75,8.80,199,22001,192718.00,
521188,UNITED TEXT.,XT,Q,11.50,12.60,11.50,12.59,12.59,12.00,10,876,10652.00,
521194,SIL INVEST  ,B ,Q,320.40,320.40,319.45,319.45,319.45,316.00,2,2,639.00,
521200,SURYLAK.COTT,B ,Q,62.00,64.35,61.95,62.49,62.40,63.05,302,18923,1177936.00,
521206,SAMTEX FASH.,X ,Q,1.99,2.05,1.95,2.01,2.00,1.99,71,16355,32592.00,
521210,CITYMAN     ,XT,Q,20.99,20.99,20.00,20.00,20.00,20.00,10,431,8797.00,
521216,DHAN ROTO SP,XT,Q,119.00,119.00,111.00,112.20,112.20,116.40,48,2265,257746.00,
521220,DAMOINDUS   ,B ,Q,50.70,51.35,48.56,48.58,48.60,50.91,154,9287,459450.00,
521222,SANBLUE     ,X ,Q,25.85,26.00,25.10,25.41,25.10,25.11,16,1644,42417.00,
521226,UNI ROYAL IN,X ,Q,14.75,14.99,14.25,14.32,14.32,14.63,13,763,11252.00,
521228,TATIA GLOB  ,XT,Q,2.42,2.42,2.42,2.42,2.42,2.38,694,2633847,6373909.00,
521232,SUNIL INDUS.,P ,Q,46.69,46.74,44.95,46.74,46.74,45.85,3,500,22828.00,
521234,SRI NACHAMAI,X ,Q,33.20,33.20,33.09,33.09,33.09,32.00,14,1599,53003.00,
521240,SAMBANDAM SP,X ,Q,194.85,199.60,190.00,198.15,199.00,200.65,99,11139,2160616.00,
521242,KANDAGIRI SP,X ,Q,14.33,14.33,14.30,14.30,14.30,13.65,3,101,1444.00,
521246,PARAS PETRO ,T ,Q,1.06,1.06,1.06,1.06,1.06,1.04,18,3692,3913.00,
521248,KITEX GARMEN,B ,Q,191.90,193.05,188.45,189.15,189.60,189.75,230,4855,926090.00,
522001,CRANEX LTD. ,XT,Q,44.00,44.35,42.50,43.64,43.65,42.62,77,11266,485940.00,
522004,BATLIBOI LTD,X ,Q,73.99,75.70,73.05,73.28,74.20,72.92,107,16517,1227670.00,
522005,AUSTIN ENGG.,X ,Q,174.70,178.00,170.10,170.20,171.00,171.95,79,4603,798668.00,
522014,UNITED DRILL,B ,Q,227.25,227.25,222.30,223.70,224.00,225.10,111,1362,306533.00,
522017,FLUIDOMAT   ,XT,Q,330.00,344.50,330.00,344.50,344.50,328.10,184,13418,4574757.00,
522027,EMA INDIA   ,X ,Q,20.10,20.10,20.10,20.10,20.10,21.00,1,40,804.00,
522029,WINDSOR MACH,T ,Q,61.80,61.80,61.80,61.80,61.80,60.59,48,33176,2050276.00,
522034,SHANTHI GEAR,B ,Q,462.95,463.00,452.35,456.20,456.50,456.85,250,1690,771007.00,
522036,MIVEN MACHIN,XT,Q,16.30,16.30,16.30,16.30,16.30,16.34,1,500,8150.00,
522064,HONDAPOWER  ,B ,Q,2510.15,2591.80,2510.15,2547.30,2530.70,2507.10,417,2249,5729303.00,
522073,HITECHGEAR  ,B ,Q,390.70,402.70,388.15,391.10,391.10,395.65,184,2011,789640.00,
522074,ELGI EQUIP  ,A ,Q,470.70,474.75,468.45,470.05,470.05,470.30,980,16340,7695251.00,
522091,UV DER HORST,XT,Q,161.90,161.90,161.90,161.90,161.90,158.75,6,643,104101.00,
522101,KILBURN ENGG,XT,Q,154.85,154.85,153.00,153.00,153.00,151.85,90,31106,4787444.00,
522105,BIRLA PRETEC,X ,Q,44.85,44.85,41.82,42.06,42.06,43.18,481,71761,3081392.00,
522108,YUKEN INDIA ,B ,Q,751.15,754.95,713.50,716.55,714.25,743.55,376,3524,2554890.00,
522113,TIMKEN (I)  ,A ,Q,3249.95,3262.15,3200.05,3206.45,3206.45,3233.90,385,1283,4138120.00,
522122,VOITH PAPER ,X ,Q,1626.00,1644.90,1585.00,1598.35,1590.10,1612.10,59,1741,2795849.00,
522134,ARTSON ENG  ,XT,Q,147.65,147.65,147.65,147.65,147.65,150.65,119,10368,1530835.00,
522152,SOLITAIR MC ,XT,Q,62.90,65.41,60.50,65.35,65.40,62.30,53,9256,584425.00,
522165,INDSIL HYD  ,X ,Q,41.40,41.70,39.75,40.13,40.13,40.76,152,28049,1134634.00,
522183,ITL INDUSTRS,X ,Q,232.85,232.85,225.10,225.90,225.90,228.60,66,2256,512008.00,
522195,FRONTIER SPR,XT,Q,710.60,735.65,705.00,708.70,719.00,701.40,86,1945,1393658.00,
522205,PRAJ IND.LTD,A ,Q,485.25,494.45,484.20,486.45,487.20,484.55,1205,35676,17430998.00,
522207,RASANDIK ENG,X ,Q,72.65,80.00,72.62,77.63,78.00,72.56,42,4228,323860.00,
522209,YOGI SUNGWON,X ,Q,3.65,3.65,3.47,3.55,3.55,3.55,7,2452,8699.00,
522215,HLEGLAS     ,A ,Q,578.95,579.95,572.00,574.60,575.35,574.15,812,5695,3274258.00,
522217,GUJ APOIND  ,T ,Q,229.90,230.45,220.00,227.90,220.25,229.95,36,1205,268933.00,
522229,TANEJA AERO.,X ,Q,302.90,306.00,285.00,287.05,287.05,294.25,2629,118619,35044581.00,
522231,CONART ENG. ,X ,Q,51.25,54.85,51.01,51.52,52.00,52.01,82,8387,435667.00,
522235,MINAL IND   ,XT,Q,3.00,3.00,3.00,3.00,3.00,2.95,4,8835,26505.00,
522237,SHIVAGRICO  ,XT,Q,19.50,21.00,19.50,19.50,19.50,20.25,3,103,2011.00,
522241,M.M.FORGINGS,B ,Q,969.70,969.70,928.00,939.85,938.65,958.25,595,4295,4049369.00,
522249,MAYUR UNIQ. ,B ,Q,550.80,571.10,550.80,559.25,560.50,559.75,1356,21410,12032832.00,
522251,CENLUB INDUS,XT,Q,276.15,276.15,276.15,276.15,276.15,281.75,209,5499,1518548.00,
522257,RAJOO ENGIN.,XT,Q,61.00,61.90,59.25,61.38,61.38,60.41,469,120513,7345610.00,
522261,DOLPHIN OFF.,T ,Q,132.47,132.47,132.47,132.47,132.47,126.17,5,13,1722.00,
522267,VEEJAY LAKSH,X ,Q,34.05,34.90,33.55,34.85,34.85,34.00,8,137,4675.00,
522273,AHMED.STEEL ,X ,Q,23.62,23.62,23.10,23.62,23.62,22.50,13,3066,72184.00,
522275,GET&D       ,B ,Q,349.05,355.00,347.10,350.15,349.55,344.40,536,6362,2238053.00,
522281,RAM RAT.WIRE,B ,Q,280.05,288.00,280.05,283.95,283.95,282.35,462,9026,2574847.00,
522285,JAY NECO IND,B ,Q,28.95,30.95,28.80,29.70,29.70,28.67,424,76817,2289099.00,
522287,KPIL        ,A ,Q,644.80,644.80,614.00,633.00,632.65,635.15,989,14461,9078708.00,
522289,NMSRESRC    ,XT,Q,21.63,21.63,21.63,21.63,21.63,20.60,9,789,17066.00,
522292,CANDOUR     ,XT,Q,37.99,39.37,37.25,38.52,37.60,37.51,106,11744,453257.00,
522294,T & I GLOBAL,XT,Q,194.90,200.00,189.90,191.85,193.10,193.25,39,2215,434847.00,
522295,CONTROL PRNT,B ,Q,747.20,757.20,732.15,737.90,736.50,745.80,357,1995,1484217.00,
522650,BEMCO HYDRAU,X ,Q,708.70,708.70,668.00,684.10,684.00,680.25,60,840,576308.00,
523007,ANSAL BUILD.,X ,Q,77.00,77.96,75.50,75.95,75.50,77.23,34,5450,419470.00,
523011,WEIZMANN LTD,T ,Q,93.00,96.71,93.00,96.71,96.71,92.11,10,1278,121459.00,
523019,B.N.RATHI SE,X ,Q,42.77,43.00,41.94,42.14,42.39,42.43,102,18631,789824.00,
523021,RISHITECH   ,X ,Q,27.25,27.25,26.51,26.76,26.51,27.00,18,3760,101300.00,
523023,SINCLAIR HOT,X ,Q,164.30,164.30,160.45,161.95,161.95,162.30,323,34636,5612423.00,
523025,SAFARI IND. ,A ,Q,3600.05,3613.40,3453.10,3509.90,3509.90,3590.35,624,2305,8116588.00,
523062,JJ FINANCE  ,XT,Q,13.79,13.79,13.79,13.79,13.79,13.14,6,2092,28848.00,
523100,COSMO FERR. ,X ,Q,217.95,217.95,208.10,212.95,213.95,214.10,58,6178,1303489.00,
523116,SANCO TRANS ,X ,Q,675.00,692.90,672.50,685.00,685.00,686.90,17,78,52756.00,
523120,ADOR MULTI. ,XT,Q,33.90,34.00,33.90,34.00,34.00,33.50,9,954,32381.00,
523127,EIH ASSO.HOT,B ,Q,485.00,485.70,475.80,478.85,480.45,481.65,326,3983,1910192.00,
523144,MEDI CAPS   ,X ,Q,38.95,38.95,37.35,37.67,37.35,38.29,111,7245,276024.00,
523151,OTCO INTERN.,X ,Q,4.72,5.20,4.72,5.20,5.20,5.24,13,2559,12136.00,
523160,MORGAN CRU  ,X ,Q,1385.60,1417.05,1370.00,1386.90,1371.00,1385.05,188,3256,4544996.00,
523186,BA PACK     ,XT,Q,190.00,193.95,186.00,186.00,186.00,190.00,17,118,22044.00,
523204,ABAN OFFSHO ,B ,Q,46.51,46.60,44.50,44.66,44.66,45.83,905,111196,5087457.00,
523207,KOKUYOCMLN  ,T ,Q,147.60,152.00,145.45,150.40,150.40,147.95,134,16424,2451928.00,
523222,SRM ENERGY  ,XT,Q,4.59,4.59,4.59,4.59,4.59,4.50,1,1,4.00,
523229,BHARAT SEATS,XT,Q,127.40,127.45,122.00,123.20,124.40,123.60,210,25119,3138029.00,
523232,CONT.PETRO  ,XT,Q,47.20,49.99,47.20,49.84,49.84,48.47,29,1994,96992.00,
523242,NB FOOT WEAR,P ,Q,3.25,3.25,2.95,2.95,2.95,3.10,21,20900,61814.00,
523248,MACHINO PLAS,XT,Q,146.10,153.00,146.00,146.50,146.00,146.10,34,895,135138.00,
523260,PEARL POLYME,B ,Q,24.40,25.15,24.00,24.81,24.91,24.11,219,39267,970398.00,
523261,VENKEY'S (I),A ,Q,1899.95,1937.05,1865.00,1905.40,1907.10,1863.00,915,6257,11883543.00,
523269,ADVANI HOTEL,B ,Q,84.00,86.40,84.00,84.47,84.47,84.02,83,2424,205402.00,
523277,G.V.FILMS   ,X ,Q,0.42,0.43,0.41,0.42,0.42,0.42,6181,3496666,1469603.00,
523283,SUPER HOUSE ,B ,Q,202.70,202.70,199.30,200.95,202.25,200.50,81,853,171237.00,
523289,RAMA VISION ,XT,Q,53.11,56.90,52.30,54.96,54.45,55.00,62,13303,713606.00,
523301,TCPL PACK   ,B ,Q,1800.00,1812.60,1770.55,1782.80,1770.55,1792.75,158,516,926388.00,
523309,SHRIGANG IND,XT,Q,111.05,111.05,110.25,110.25,110.25,112.50,32,20929,2310789.00,
523319,BALMER LAWRI,B ,Q,148.00,152.00,147.60,150.30,150.30,146.70,1508,74368,11169229.00,
523323,KOVAI MEDI. ,B ,Q,2762.40,2762.40,2651.40,2669.95,2660.00,2731.40,214,1024,2762334.00,
523329,ELDECO HOUS.,B ,Q,694.00,695.00,690.75,694.90,695.00,694.15,16,48,33314.00,
523367,DCMSHRIRAM  ,A ,Q,905.00,909.50,895.85,898.05,898.10,902.50,216,1208,1087615.00,
523369,DCM SHR.IND ,B ,Q,129.80,130.75,122.75,124.20,124.20,129.30,3651,135705,17176020.00,
523371,MAWANA SUGAR,B ,Q,99.05,102.10,98.15,99.25,99.25,98.20,343,13183,1317017.00,
523373,MINI DIAMOND,XT,Q,18.10,18.69,18.10,18.11,18.11,18.70,6,206,3729.00,
523384,MAH.RAS.APEX,T ,Q,148.95,148.95,140.00,144.70,144.70,142.15,4,216,30323.00,
523385,NILKAMAL L  ,B ,Q,2372.05,2417.20,2353.20,2366.00,2371.30,2372.05,160,525,1252006.00,
523391,NAHAR POLY  ,B ,Q,239.50,242.00,236.55,236.75,236.75,237.05,280,2171,518184.00,
523395,3M INDIA LTD,A ,Q,30100.05,30627.55,30100.05,30521.30,30487.00,30268.20,209,406,12364349.00,
523398,JCHAC       ,A ,Q,1269.05,1291.40,1263.00,1268.10,1266.25,1259.20,481,3166,4041473.00,
523405,JM FINANCIAL,A ,Q,77.91,80.45,77.68,77.98,77.98,77.80,1328,238757,18855596.00,
523411,ADCINDIA    ,X ,Q,781.95,784.00,760.00,767.15,762.30,787.75,144,2561,1970735.00,
523419,TAMIL.TELE. ,T ,Q,7.14,7.14,6.80,7.14,7.14,6.80,46,18443,130578.00,
523425,SUNRAJ DIAM.,XT,Q,7.85,7.85,7.11,7.71,7.71,7.48,24,1080,8315.00,
523445,REL INDL INF,A ,Q,1049.00,1049.00,1020.25,1027.85,1027.85,1034.20,917,16462,16984297.00,
523449,SHARP INDIA ,X ,Q,56.91,56.91,53.18,55.00,55.00,55.47,41,2888,157479.00,
523457,LINDEINDIA  ,A ,Q,5999.95,5999.95,5711.35,5794.85,5790.00,5948.55,2374,9270,53795141.00,
523465,IND.BANK HSG,B ,Q,32.55,33.45,32.00,33.01,33.00,32.13,30,1475,48979.00,
523467,JAIMATA GLAS,XT,Q,1.65,1.75,1.65,1.66,1.68,1.73,423,418239,700489.00,
523475,LOTUS CHOC  ,XT,Q,311.85,311.85,311.85,311.85,311.85,305.75,69,2613,814864.00,
523483,PACIFIC IND.,XT,Q,136.70,139.00,136.70,139.00,139.00,139.45,27,1463,200902.00,
523489,CMM HOSPITAL,X ,Q,31.00,31.00,26.76,28.09,28.09,28.54,135,19876,570138.00,
523519,UNI OFF AUTO,XT,Q,4.00,4.09,4.00,4.09,4.09,3.90,10,1818,7357.00,
523537,APM INDUS.  ,X ,Q,49.55,49.55,47.01,47.99,48.20,48.39,84,12739,613324.00,
523539,PRECISION WR,B ,Q,91.30,94.00,90.10,90.78,90.62,91.03,206,15487,1412720.00,
523550,KRYPTON IND ,X ,Q,24.49,24.50,23.44,23.54,24.00,24.05,67,3663,87595.00,
523558,SWISSMLTRY  ,X ,Q,17.35,17.75,16.80,16.99,16.99,17.26,1062,647697,11305319.00,
523566,MARTIN BURN ,X ,Q,37.12,38.00,37.12,37.39,37.20,39.25,28,1135,42530.00,
523586,IND.TONERS  ,X ,Q,276.90,314.00,276.90,299.20,299.20,274.45,922,51895,15443909.00,
523594,KUNSTSTOFFE ,X ,Q,24.08,25.50,24.08,25.50,25.50,25.00,2,16,399.00,
523598,SHIPP.CORPN ,A ,Q,130.05,130.30,126.45,127.80,127.65,129.05,4942,595703,76460876.00,
523606,SIKA INTER. ,XT,Q,1217.20,1217.20,1217.20,1217.20,1217.20,1159.25,159,10232,12454390.00,
523610,ITI LTD.    ,A ,Q,121.55,123.10,117.65,118.30,118.25,118.20,1516,79186,9510452.00,
523618,DREDGING COR,B ,Q,535.25,540.05,506.10,510.60,510.60,535.20,1875,56371,29393538.00,
523620,PHARMASIA   ,XT,Q,25.25,25.52,25.25,25.30,25.30,26.17,8,625,15879.00,
523628,PODDAR      ,T ,Q,88.62,90.86,88.62,90.86,90.86,92.13,5,162,14715.00,
523630,NATIONAL FER,A ,Q,69.39,70.00,68.47,68.77,68.77,68.48,1159,228739,15822921.00,
523638,IP RINGS LTD,XT,Q,141.00,145.15,141.00,144.90,144.90,142.35,18,1673,240209.00,
523642,PI INDUS.LTD,A ,Q,3690.00,3729.15,3673.35,3685.40,3673.35,3687.70,573,2600,9631254.00,
523648,PLASTIBLEND ,B ,Q,244.20,244.50,236.50,237.30,237.65,248.40,595,10222,2450568.00,
523650,YASHINNO    ,XT,Q,31.10,32.50,30.00,32.50,32.50,31.14,56,53059,1681104.00,
523652,KKPLASTICK  ,XT,Q,16.85,16.85,16.52,16.52,16.52,16.85,4,183,3031.00,
523660,WATERBASE   ,B ,Q,82.35,91.17,82.00,87.64,87.64,81.61,1917,93615,8195115.00,
523672,FLEX FOODS  ,X ,Q,95.17,99.00,95.17,96.54,97.79,96.50,92,13591,1312997.00,
523676,GOLKUNDA DIA,X ,Q,102.00,104.50,100.65,101.65,102.50,102.85,49,1926,195327.00,
523694,APCOTEX IND ,A ,Q,523.00,528.90,520.55,521.65,521.65,525.65,773,7831,4103658.00,
523696,FORTIS MLR  ,X ,Q,56.50,58.00,55.00,55.67,55.67,56.18,40,3879,215056.00,
523704,MASTEK LTD  ,A ,Q,2155.00,2250.00,2155.00,2199.50,2195.05,2150.40,1942,12005,26315270.00,
523708,EIMCO ELECON,T ,Q,733.00,745.00,733.00,733.00,733.00,733.00,9,2102,1564766.00,
523710,SAYAJI HOTEL,XT,Q,375.80,375.80,351.10,375.80,375.80,357.95,48,3287,1233383.00,
523716,ASHIANA HOU ,B ,Q,212.95,213.55,208.75,209.95,209.70,210.50,232,7019,1487837.00,
523732,ECO BOARD IN,X ,Q,26.59,26.89,24.00,25.24,25.24,24.49,852,174858,4490889.00,
523736,DVL         ,B ,Q,252.90,254.05,251.00,251.90,252.15,252.10,84,1689,426394.00,
523752,TIHIL       ,XT,Q,18.26,19.29,17.75,18.50,18.50,18.41,17,3924,72296.00,
523754,MAHEPC      ,B ,Q,129.95,130.70,124.90,125.15,125.15,127.70,410,8384,1066186.00,
523782,MITSHI      ,XT,Q,22.05,22.25,21.95,21.98,21.96,22.01,26,15706,345924.00,
523792,MAZDA LTD   ,T ,Q,889.50,944.80,889.50,944.50,944.80,905.00,8,110,103399.00,
523796,VICEROY HOTE,Z ,Q,2.24,2.24,2.23,2.24,2.24,2.24,10,4739,10583.00,
523826,SOVEREIGN DI,X ,Q,23.70,23.70,22.50,22.93,22.94,23.63,57,11103,254864.00,
523828,MENON BEAR. ,B ,Q,139.90,141.00,135.75,136.95,136.60,138.75,175,7915,1091247.00,
523832,MUKAT PIPES ,X ,Q,6.30,6.32,6.30,6.32,6.32,6.61,9,3300,20826.00,
523836,GUJ.RAFFIA  ,T ,Q,29.55,29.79,29.00,29.43,29.49,29.77,18,1157,34261.00,
523838,SIMPLX INFRA,T ,Q,54.41,57.98,52.53,52.55,53.00,55.29,151,49601,2630309.00,
523840,INN.TECH.PAC,X ,Q,22.75,23.00,20.00,21.75,21.97,22.36,137,41519,908183.00,
523842,SUPER TANNER,X ,Q,7.60,7.60,7.10,7.18,7.20,7.22,98,45192,324041.00,
523844,CONSTRONIC  ,XT,Q,12.50,12.50,12.50,12.50,12.50,12.75,1,30,375.00,
523850,AXTEL INDUS.,X ,Q,411.00,475.00,411.00,437.90,437.90,410.90,532,24680,10697926.00,
523862,PIFL        ,XT,Q,6.76,6.76,6.76,6.76,6.76,6.76,3,50,338.00,
523874,PRECI CONTNR,XT,Q,1.35,1.35,1.35,1.35,1.35,1.29,10,22773,30743.00,
523896,APIL        ,XT,Q,28.90,31.92,28.90,29.29,29.00,30.40,20,1518,44052.00,
524000,POONAWALLA  ,A ,Q,436.05,449.00,436.05,441.65,441.65,435.05,2828,119846,53266392.00,
524013,HIND.FLUROCA,T ,Q,16.00,16.00,15.00,15.80,15.80,15.24,101,37012,588010.00,
524019,KINGFA      ,B ,Q,2344.05,2369.90,2301.90,2325.75,2332.65,2311.45,186,578,1338998.00,
524031,PATIDAR     ,XT,Q,6.25,6.25,6.25,6.25,6.25,6.25,2,35,218.00,
524037,RAMA PHOSPH ,B ,Q,250.55,260.00,249.35,259.00,259.00,252.85,386,5281,1347869.00,
524038,VENLON ENTR ,X ,Q,4.49,4.49,4.10,4.40,4.40,4.28,33,4730,19867.00,
524051,POLYPLEX    ,A ,Q,1128.00,1134.00,1117.45,1119.15,1119.00,1120.20,410,3402,3812259.00,
524075,ALBERT DAVID,B ,Q,777.80,780.50,765.00,768.90,773.85,771.60,96,730,562604.00,
524080,HAR.LEATHER ,XT,Q,47.97,47.97,44.54,47.00,47.00,46.46,25,1156,53111.00,
524091,CARYSIL     ,A ,Q,625.05,649.75,625.05,643.75,644.60,627.00,376,3521,2254459.00,
524109,KABRA EXTR  ,B ,Q,434.00,442.70,430.00,433.60,436.10,436.55,628,12501,5454379.00,
524129,VINYL CHEM  ,B ,Q,427.05,433.30,427.05,429.45,429.45,428.60,173,2760,1186030.00,
524136,PEE CEE COSM,XT,Q,289.40,289.40,289.40,289.40,289.40,283.75,21,3763,1089012.00,
524156,T C M LTD.  ,X ,Q,40.50,44.39,40.50,41.03,41.03,40.43,320,61135,2586760.00,
524164,IOL CHEM PH ,A ,Q,374.95,374.95,367.20,367.90,368.00,371.85,1256,23524,8694829.00,
524174,KESAR PETRO ,XT,Q,5.73,5.76,5.56,5.66,5.57,5.73,69,24088,136842.00,
524200,VINATI ORG. ,A ,Q,1799.90,1815.25,1791.00,1806.30,1806.30,1793.15,1007,3852,6940354.00,
524202,LACTOSE(I)  ,XT,Q,67.35,69.42,65.01,69.12,69.42,66.12,104,18122,1246589.00,
524204,TEESTA AGRO ,XT,Q,97.25,97.25,97.20,97.25,97.25,95.35,3,213,20709.00,
524208,AARTI INDUST,A ,Q,460.05,464.00,458.10,459.10,459.80,460.90,1096,27215,12560738.00,
524210,PENTOKEY ORG,XT,Q,40.00,42.55,39.11,42.27,42.34,41.11,24,1967,79866.00,
524212,WANBURY LTD ,T ,Q,54.89,54.89,53.39,53.39,53.39,54.47,5,606,32358.00,
524218,RESONANCE   ,X ,Q,86.65,86.65,82.40,85.30,85.20,84.95,96,6097,519708.00,
524226,GUJ AMB EXP ,A ,Q,240.05,264.55,240.05,257.50,258.60,245.05,2625,99282,25643426.00,
524230,RASHTR.CHEM.,A ,Q,121.00,124.95,120.35,121.75,121.75,120.15,13618,1806101,221771756.00,
524238,GUJINJK     ,XT,Q,8.50,8.55,8.49,8.49,8.49,8.25,18,1511,12832.00,
524280,KOPRAN LTD. ,B ,Q,192.10,228.45,192.10,227.60,227.60,190.40,8626,470511,102807810.00,
524288,AIMCO PESTI.,X ,Q,118.50,121.00,117.35,117.55,117.55,118.60,60,3289,391222.00,
524314,GUJ.TERC LAB,XT,Q,19.63,21.67,19.63,21.67,21.67,20.64,16,2818,60602.00,
524322,KABRA DRUGS ,XT,Q,4.77,4.77,4.35,4.35,4.35,4.55,6,253,1185.00,
524324,SEYAIND     ,T ,Q,23.00,23.00,21.02,21.02,21.02,22.00,54,14227,311638.00,
524330,JAYANT AGRO ,B ,Q,204.30,209.35,204.00,204.65,205.80,205.00,136,1705,352835.00,
524332,BCLIL       ,B ,Q,479.40,481.35,472.00,474.10,475.00,471.50,549,7027,3346200.00,
524336,SH.HARI CHEM,X ,Q,44.95,47.70,43.05,45.10,45.10,45.52,68,4418,198233.00,
524342,INDOBORAXC  ,T ,Q,173.20,178.85,173.20,173.80,174.00,172.20,235,11155,1957772.00,
524348,AARTI DRUGS ,A ,Q,568.00,572.70,557.00,560.35,560.35,571.75,1640,29440,16639214.00,
524370,BODAL CHEM  ,B ,Q,72.91,75.75,72.91,73.49,73.95,73.20,610,39194,2910462.00,
524372,ORCHIDPHAR  ,T ,Q,576.05,587.00,568.00,568.65,568.00,583.05,119,2323,1333307.00,
524394,VIMTA LABS  ,B ,Q,578.15,606.50,573.05,602.85,602.85,570.55,1501,26159,15556575.00,
524396,BIOFIL CHEM ,B ,Q,46.59,48.85,46.05,47.30,47.25,45.86,528,51637,2479817.00,
524400,ISHITA DRUGS,XT,Q,67.21,67.50,67.21,67.50,67.50,67.20,7,148,9964.00,
524404,MARKSANS    ,A ,Q,114.95,114.95,111.50,112.10,112.10,113.45,3013,162543,18280492.00,
524408,UNIV.STARCH ,XT,Q,186.45,187.00,181.15,187.00,187.00,178.10,122,14886,2779057.00,
524412,AAREY DRUGS ,T ,Q,47.10,48.79,45.80,45.86,46.99,47.71,66,7844,370426.00,
524414,NORRIS MEDI.,X ,Q,11.71,12.35,11.49,12.25,12.25,11.79,31,1082,13020.00,
524434,ASIAN PETRO ,XT,Q,21.96,23.94,21.96,21.96,21.96,23.11,60,5300,116400.00,
524440,CAMEX LTD   ,X ,Q,28.95,28.95,27.50,28.22,28.50,28.24,37,4071,113655.00,
524444,EVEXIA      ,XT,Q,1.75,1.75,1.66,1.69,1.69,1.71,1249,1653886,2814120.00,
524458,INDOEURO    ,XT,Q,14.46,14.46,13.40,14.03,14.03,14.05,82,18929,264792.00,
524470,SYNCOM FORM.,B ,Q,9.01,9.15,7.56,8.85,8.85,8.98,1428,984811,8697124.00,
524480,RIDHI SIDHI ,X ,Q,451.00,455.00,418.00,436.35,436.35,453.30,85,2305,1018339.00,
524488,SVCIND      ,XT,Q,2.74,2.75,2.60,2.70,2.70,2.67,139,34159,91930.00,
524494,IPCA LAB LTD,A ,Q,876.90,918.80,876.90,883.50,886.15,876.70,2623,42754,38519171.00,
524500,KILITCH DRUG,T ,Q,189.70,189.70,189.70,189.70,189.70,186.00,1,2,379.00,
524502,RAAJMEDISAFE,P ,Q,34.01,34.01,34.01,34.01,34.01,34.99,1,100,3401.00,
524506,CORAL LAB.  ,X ,Q,262.75,279.50,256.10,266.70,268.95,260.25,57,4397,1179662.00,
524518,KREBS BIOCHM,T ,Q,75.40,75.40,75.40,75.40,75.40,76.93,3,301,22695.00,
524520,KMC SHIL    ,B ,Q,72.80,73.99,72.80,73.60,73.50,73.09,579,92746,6790352.00,
524522,LAFFANS PETR,X ,Q,40.00,41.00,40.00,41.00,41.00,40.00,13,2017,82262.00,
524534,BHASKAR AGRO,XT,Q,41.27,44.99,41.27,41.27,41.27,43.44,74,3766,156155.00,
524542,SUKJIT STRCH,B ,Q,404.95,407.45,398.20,400.10,399.95,402.80,130,1764,708403.00,
524558,NEULAND LAB.,A ,Q,3964.40,4120.45,3964.40,4023.20,4023.20,3963.65,847,3548,14441585.00,
524564,GAYATRI BIO ,XT,Q,11.27,11.27,10.65,10.70,10.74,11.06,51,12821,138353.00,
524570,PODDAR PIGM.,B ,Q,348.90,353.20,334.95,341.60,341.60,338.65,223,4051,1389337.00,
524572,PHARMAIDS PH,XT,Q,35.84,39.57,35.83,39.45,39.45,37.69,56,4512,173155.00,
524576,VIVID IND   ,X ,Q,18.51,19.75,18.51,18.90,18.90,19.24,83,9371,176772.00,
524582,TIRUPATI STA,XT,Q,88.44,88.44,81.00,83.06,84.00,84.62,18,711,59446.00,
524592,JD ORGOCHEM ,X ,Q,6.08,6.38,6.08,6.38,6.38,6.08,4,504,3214.00,
524594,ASHOK-ALCO  ,X ,Q,115.05,119.90,108.65,114.85,114.85,118.25,94,3369,390411.00,
524598,AKSHARCHEM I,B ,Q,235.40,237.15,233.00,234.00,237.15,234.75,186,1957,458355.00,
524606,BERYL DRUGS ,XT,Q,19.31,20.99,19.31,20.75,20.75,20.19,15,1040,20972.00,
524614,INDXTRA     ,XT,Q,158.40,166.95,158.40,164.95,164.95,162.50,10,256,42064.00,
524622,ISTRNETWK   ,XT,Q,2.90,2.90,2.90,2.90,2.90,3.00,2,71,205.00,
524624,GAGAN GASES ,X ,Q,13.02,14.79,13.02,13.65,13.65,13.51,30,6936,99766.00,
524628,PARKER AGRO.,X ,Q,12.49,12.49,11.78,12.48,12.48,12.39,8,3104,38697.00,
524632,SHUKRAPHAR  ,XT,Q,115.25,121.95,115.25,121.50,121.50,116.65,32,1125,134539.00,
524634,ALU FLUORIDE,X ,Q,434.60,434.60,421.25,423.55,423.55,427.35,259,8269,3515532.00,
524636,OXYGENTAPH  ,XT,Q,35.85,37.39,34.50,35.02,34.80,35.84,16,1983,69983.00,
524640,ARCHITORG   ,X ,Q,51.90,52.49,51.00,51.75,51.75,51.89,168,24212,1255490.00,
524642,SIKOZY REAL ,X ,Q,0.88,0.91,0.84,0.84,0.84,0.88,26,40605,34296.00,
524648,INDO AMINES ,B ,Q,114.60,115.90,113.50,113.60,113.55,114.15,176,5857,672740.00,
524652,IND.SWIFT LT,T ,Q,18.12,18.84,18.12,18.84,18.84,18.48,132,159622,2912311.00,
524654,NATURAL CAPS,X ,Q,361.50,368.00,361.00,362.65,362.20,361.05,213,11395,4159079.00,
524661,WELCURE DRUG,X ,Q,3.83,3.99,3.83,3.98,3.98,3.90,46,9525,37661.00,
524663,BH.IMMUN&BIO,B ,Q,23.49,23.60,23.11,23.18,23.24,23.26,201,55249,1289630.00,
524667,SOTL        ,B ,Q,328.70,328.70,320.45,324.00,324.00,327.10,337,7201,2333559.00,
524669,HESTER BISC ,B ,Q,1700.00,1708.75,1692.55,1694.90,1696.60,1696.20,113,263,446126.00,
524675,KABSONS INDU,XT,Q,11.45,11.78,11.23,11.23,11.23,11.23,59,6522,74042.00,
524687,BASANT AGRO ,X ,Q,22.99,23.15,22.70,22.78,22.84,22.79,625,188305,4301301.00,
524703,SANDU PHARMA,X ,Q,55.13,59.89,55.13,56.73,56.73,56.14,71,4710,266552.00,
524709,NACLIND     ,B ,Q,80.00,82.04,80.00,81.47,81.47,79.45,49,1711,139342.00,
524711,VISTA PHARMA,X ,Q,13.00,13.00,12.53,12.74,12.96,12.95,142,52107,667058.00,
524715,SUN PHARMA. ,A ,Q,1129.75,1132.90,1113.15,1117.10,1118.00,1122.85,5656,44043,49530667.00,
524717,TITAN BIOTEC,XT,Q,365.45,373.95,351.50,355.35,357.95,365.45,264,6956,2533225.00,
524727,SDL         ,XT,Q,10.20,10.20,10.20,10.20,10.20,10.20,1,9,91.00,
524731,JENBURKT PH.,X ,Q,710.00,711.75,702.05,706.00,705.00,711.75,55,637,451542.00,
524735,HIKAL LTD.  ,A ,Q,297.00,297.00,288.90,289.90,289.35,291.85,765,15689,4574487.00,
524742,CAPLIN POINT,A ,Q,1037.90,1041.80,1018.00,1024.25,1024.25,1028.65,324,5062,5223004.00,
524748,LINK PHARMA ,XT,Q,54.50,54.55,49.51,53.80,53.80,51.96,89,11908,630269.00,
524752,DECIPHER    ,XT,Q,15.80,16.10,15.80,15.81,15.80,15.83,116,8965,142629.00,
524768,EMMESSAR BIO,X ,Q,23.85,25.00,23.73,24.61,24.85,24.50,22,928,23059.00,
524774,NGL FINE CHM,B ,Q,2425.10,2425.10,2191.15,2286.80,2286.80,2392.35,1375,6603,14990882.00,
524790,EVEREST ORG.,X ,Q,119.90,119.90,114.00,115.40,116.50,118.00,71,1272,147860.00,
524804,AUROB.PHARMA,A ,Q,838.55,846.75,831.90,833.70,833.70,838.50,1143,32076,26934323.00,
524808,PHYTOCHEM I.,XT,Q,41.51,45.00,41.51,44.49,44.79,43.69,34,4501,197454.00,
524816,NATCO PHARM ,A ,Q,890.05,904.25,890.00,891.50,890.60,889.70,808,15643,14038449.00,
524818,DYNAMIC IND.,X ,Q,62.00,65.49,62.00,65.39,65.39,64.38,14,635,40806.00,
524820,PANAMA PETRO,B ,Q,294.00,295.50,291.85,293.80,293.80,292.95,365,10527,3095648.00,
524824,BAL PHARMA  ,B ,Q,95.04,95.04,94.05,94.05,94.05,94.22,20,432,40752.00,
524828,BDH INDUS.  ,XT,Q,198.50,205.95,198.50,201.65,202.00,205.95,77,4441,892507.00,
526001,JAUS POLYMER,X ,Q,4.02,4.02,4.02,4.02,4.02,4.02,1,50,201.00,
526025,GLOBUS CON  ,XT,Q,15.00,15.15,14.70,14.70,14.70,15.00,22,4255,63164.00,
526027,CUBEX TUBING,T ,Q,37.50,37.50,36.50,37.16,37.20,36.00,21,1966,72896.00,
526043,POLYMECH.MCH,X ,Q,58.00,58.00,56.57,57.41,57.39,57.14,30,3021,172371.00,
526073,GALAXY BEAR.,XT,Q,1540.00,1540.00,1481.00,1490.15,1511.90,1524.20,216,1242,1866079.00,
526081,SCAGRO      ,XT,Q,12.17,13.45,12.17,13.35,13.35,12.81,44,3734,47527.00,
526095,RAVILEELA GR,X ,Q,31.99,31.99,29.52,29.85,29.85,30.17,13,1132,34051.00,
526113,UNIROYAL MAR,XT,Q,11.40,11.48,11.40,11.45,11.45,11.18,5,246,2812.00,
526117,SHERVANI IND,X ,Q,500.00,524.00,500.00,507.00,506.90,505.80,176,3522,1792770.00,
526133,SUPERTEX IND,X ,Q,9.50,9.94,9.06,9.40,9.40,9.30,36,14365,135395.00,
526137,SHETRON LTD ,X ,Q,92.50,93.88,88.60,90.71,90.71,92.39,141,15869,1453280.00,
526139,TRANSGENE BI,XT,Q,4.30,4.51,4.30,4.43,4.45,4.30,105,54017,241576.00,
526143,MPL         ,X ,Q,16.01,17.45,15.80,16.99,16.99,16.01,225,48436,810889.00,
526159,NIKHIL ADHSV,X ,Q,116.50,120.90,115.15,118.40,117.70,115.00,596,41773,4918218.00,
526161,SPENTA INT. ,XT,Q,125.60,131.85,125.60,126.00,126.00,125.60,14,709,91071.00,
526169,MULTIBASE I ,X ,Q,247.95,247.95,240.00,241.70,241.70,244.30,143,5254,1278504.00,
526173,ANDREW YULE ,B ,Q,28.00,28.00,27.00,27.08,27.07,27.56,370,48545,1332410.00,
526179,LUDOLOW JUTE,X ,Q,82.55,83.34,81.35,82.84,83.00,82.52,98,7118,587660.00,
526187,ASHRAM ONLIN,XT,Q,4.28,4.30,4.22,4.22,4.22,4.10,14,1339,5681.00,
526193,ROYAL CUSHIO,XT,Q,15.73,15.75,15.25,15.75,15.75,15.00,17,2001,31482.00,
526211,SURAJ INDUS.,X ,Q,115.65,135.95,113.45,129.15,129.15,116.80,253,23934,2990575.00,
526217,HITECHCORP  ,T ,Q,245.05,250.00,243.00,243.00,243.00,240.00,22,1148,285050.00,
526225,BLOOM DEKOR ,X ,Q,11.50,11.50,11.50,11.50,11.50,10.99,4,62,713.00,
526227,FILATEX INDI,B ,Q,40.25,44.85,39.85,44.06,44.06,39.80,3213,687226,29655271.00,
526231,STD.SURFACT.,XT,Q,56.99,56.99,54.11,54.65,54.53,56.13,15,256,13994.00,
526237,MORGAN VENT ,X ,Q,33.00,34.50,32.01,33.32,34.00,33.39,45,5553,182643.00,
526241,AMRAPALI IND,X ,Q,11.03,11.58,11.03,11.06,11.10,11.03,25,2913,32390.00,
526247,PREMIER EXPL,T ,Q,1160.00,1184.95,1113.00,1162.05,1133.15,1136.30,202,2582,2988368.00,
526251,MID EAST POR,X ,Q,4.30,4.30,4.30,4.30,4.30,4.10,1,50,215.00,
526263,MOLD-TEK TEC,B ,Q,382.00,392.80,362.50,372.60,372.60,381.55,1308,33784,12801392.00,
526269,CRESTCHEM LT,XT,Q,59.02,64.50,59.02,62.00,62.00,62.12,45,3966,247062.00,
526299,MPHASIS LTD ,A ,Q,2377.95,2471.20,2359.95,2462.45,2462.45,2354.35,5593,59302,144632929.00,
526301,MEDINOVA DIA,XT,Q,26.14,26.89,24.60,26.21,26.21,25.63,41,2249,58414.00,
526315,DIVSHKT     ,X ,Q,69.80,71.00,66.75,70.97,70.00,69.32,42,4701,328443.00,
526325,ORIENT PRESS,B ,Q,68.30,73.00,67.55,69.67,70.00,68.38,127,8141,574332.00,
526335,SHREYAS INTE,XT,Q,8.20,8.50,8.20,8.20,8.50,8.26,12,5183,42501.00,
526345,PANJON LTD. ,X ,Q,14.24,14.89,13.81,14.08,14.08,13.81,73,21587,310340.00,
526355,DURO PACK   ,XT,Q,100.55,100.55,97.10,99.00,99.00,100.55,81,1580,155204.00,
526365,SWARNASA    ,X ,Q,27.99,30.00,27.80,28.45,28.21,27.89,259,114189,3308270.00,
526367,GANESH HSG. ,B ,Q,434.30,442.30,430.60,431.30,430.60,433.10,375,6015,2620648.00,
526371,NMDC LTD    ,A ,Q,123.95,123.95,120.55,121.00,121.00,122.35,5804,965945,117518158.00,
526373,CINDRELLA HT,X ,Q,51.00,51.00,47.55,48.99,48.99,47.50,38,5512,268995.00,
526381,PAT INT LOG ,T ,Q,17.11,17.79,17.11,17.27,17.39,17.31,52,18768,328091.00,
526397,ALPHAGEO (I),B ,Q,293.25,298.00,291.05,294.20,295.00,290.30,551,3882,1144686.00,
526407,RIT PRO IND ,B ,Q,41.50,42.69,40.11,41.23,41.20,41.13,32,20959,864285.00,
526409,KKALPANAIND ,XT,Q,11.55,12.21,11.55,11.85,11.97,11.90,69,8235,97173.00,
526415,OK PLAY (I) ,XT,Q,116.50,117.95,115.20,116.00,116.00,112.35,438,103087,12067934.00,
526423,KRITI INDUS.,B ,Q,105.40,105.90,103.45,103.95,104.00,104.60,257,14285,1486807.00,
526431,WELTERMAN I.,XT,Q,11.59,11.65,10.55,11.60,11.60,11.10,33,2993,33226.00,
526433,ASM TECHNOLO,X ,Q,491.00,498.50,471.30,475.35,475.35,489.55,370,7977,3881817.00,
526435,PERFECTPAC  ,XT,Q,88.80,88.80,85.00,86.76,85.00,84.95,13,499,43296.00,
526439,AMBITIOUS PL,XT,Q,5.39,5.65,5.13,5.17,5.17,5.39,20,2853,15250.00,
526441,VISIONCINE  ,XT,Q,1.09,1.12,1.07,1.07,1.10,1.07,58,32521,35210.00,
526445,INDRAYANI BI,XT,Q,55.00,55.00,53.20,54.42,54.05,53.51,98,36995,1977384.00,
526468,EURO LEDAR F,XT,Q,18.04,19.45,18.04,18.87,18.99,18.98,18,1154,20974.00,
526471,WINSOME BREW,XT,Q,10.00,10.65,10.00,10.32,10.21,10.21,62,7840,80946.00,
526473,ELEGANT FLOR,X ,Q,6.18,6.18,6.02,6.04,6.04,6.07,157,46653,282387.00,
526479,SKY INDUST. ,X ,Q,60.32,61.50,57.90,60.30,59.99,60.34,113,8368,494199.00,
526481,PHOENIX INT.,XT,Q,25.25,26.99,25.25,26.64,26.64,26.02,20,5050,133504.00,
526490,PRATIK PANEL,XT,Q,6.50,6.50,6.50,6.50,6.50,6.47,4,785,5102.00,
526492,RISHIROOP   ,X ,Q,143.90,143.90,137.00,139.25,139.05,139.75,185,18921,2667803.00,
526494,PROMACT     ,XT,Q,8.58,8.58,8.58,8.58,8.58,8.75,4,303,2599.00,
526500,STR GRE WOO ,XT,Q,40.20,41.10,38.51,38.65,40.49,39.15,22,1611,64691.00,
526506,SYSTAMATIX C,X ,Q,300.00,320.00,293.25,305.45,305.00,291.05,48,2171,664921.00,
526519,ALPINE HSG. ,X ,Q,144.35,144.35,140.00,142.95,142.95,142.90,29,2050,291279.00,
526521,SANGHI IND. ,T ,Q,109.10,111.20,109.00,110.82,110.70,109.48,260,58457,6438098.00,
526525,WWALUM      ,XT,Q,16.10,16.10,14.62,16.08,16.10,15.35,11,1148,18402.00,
526532,SFPIL       ,XT,Q,7.21,7.21,7.00,7.00,7.00,6.87,28,4769,33505.00,
526544,SCANP GEOM  ,X ,Q,9.74,9.75,9.55,9.69,9.64,9.41,44,11593,112452.00,
526546,CHOKSI LABOR,XT,Q,52.92,56.29,52.25,54.75,54.75,54.00,27,5172,273757.00,
526550,CCHHL       ,B ,Q,10.10,10.35,9.48,9.59,9.70,9.84,201,62581,617908.00,
526568,LONGVIEW TEA,XT,Q,25.50,26.50,24.42,25.25,24.46,25.70,37,3006,77295.00,
526574,ENTERPR.INTE,X ,Q,19.59,21.83,19.59,21.09,21.50,19.99,28,2365,48886.00,
526576,TECHIN      ,T ,Q,14.04,14.74,13.75,14.74,14.74,14.04,48,13715,196764.00,
526582,TPL PLAST   ,T ,Q,40.65,41.80,40.60,41.25,41.25,41.67,52,5836,240295.00,
526586,WIM PLAST LT,X ,Q,613.10,613.10,595.00,599.55,599.00,610.70,226,11967,7209457.00,
526588,PHOTOQUIP(I),X ,Q,21.40,22.42,21.35,21.35,21.35,22.44,13,1774,37912.00,
526596,LIBERTY SHOE,B ,Q,264.95,264.95,252.00,253.30,252.00,261.65,1373,31066,7954200.00,
526604,LIPPI SYSTEM,XT,Q,14.33,14.33,13.50,13.50,13.50,13.65,10,1073,15289.00,
526608,ELECTROTHERM,T ,Q,121.68,121.68,121.68,121.68,121.68,119.30,23,3101,377329.00,
526612,BLUE DART EX,A ,Q,6440.05,6499.15,6422.95,6473.40,6464.45,6452.85,120,452,2931153.00,
526614,EXPO GAS    ,X ,Q,10.85,10.99,10.56,10.70,10.70,10.77,53,3794,40716.00,
526616,NAT.PLASTIC ,X ,Q,53.00,54.39,52.60,52.77,53.05,53.16,101,12033,639759.00,
526622,MFL INDIA   ,X ,Q,0.69,0.70,0.67,0.67,0.67,0.69,1508,1234012,835610.00,
526628,AJWA FUN WOR,P ,Q,17.50,17.50,17.50,17.50,17.50,16.81,2,200,3500.00,
526638,TEXEL INDUS.,XT,Q,63.05,63.05,61.25,61.29,61.25,64.47,44,10340,640064.00,
526640,ROYALE MANOR,XT,Q,31.00,31.46,30.50,30.80,30.60,31.08,37,8039,247781.00,
526642,MIRZA INTER ,A ,Q,46.16,46.55,44.97,45.12,45.12,46.15,1269,85355,3888513.00,
526650,TOURISM FINA,B ,Q,103.99,105.66,100.30,100.69,101.00,103.76,1501,240205,24805706.00,
526654,THAKKERS DEV,X ,Q,126.90,132.80,121.60,127.35,127.35,126.35,20,319,40805.00,
526662,RAJDARSHAN  ,T ,Q,32.85,32.85,32.85,32.85,32.85,32.85,7,1555,51081.00,
526666,BHARTIYA INT,T ,Q,203.40,203.90,199.00,199.00,199.00,194.40,5,260,52478.00,
526668,KAMAT HOTELS,T ,Q,218.80,218.80,213.00,216.85,216.85,213.50,19,355,76286.00,
526675,TIRTH PLAST ,XT,Q,4.30,4.30,4.30,4.30,4.30,4.22,1,1,4.00,
526677,KEEPLEARN   ,T ,Q,2.90,3.00,2.90,2.90,2.90,2.90,8,1527,4430.00,
526683,UNIVAFOODS  ,T ,Q,4.33,4.33,4.33,4.33,4.33,4.32,2,15,64.00,
526687,POLO HOTELS ,XT,Q,9.15,9.15,8.74,8.75,8.75,9.20,29,16922,149175.00,
526703,ECOPLAST LTD,XT,Q,150.45,150.45,148.50,148.50,148.50,147.50,12,716,107166.00,
526705,ELEGANT MARB,XT,Q,167.00,170.00,156.35,167.10,167.45,162.00,26,1284,212268.00,
526711,ADARSH PLANT,X ,Q,19.25,19.25,18.75,19.09,19.01,18.69,20,1824,34719.00,
526721,NICCO PARKS ,X ,Q,135.00,136.00,132.50,134.55,136.00,134.50,158,5897,790871.00,
526723,NTC INDUST  ,X ,Q,82.95,86.94,82.88,86.70,86.73,81.47,233,74822,6451983.00,
526725,SANDESH LTD.,B ,Q,1015.00,1050.00,1012.00,1021.05,1016.75,1031.10,58,275,281793.00,
526727,GARNET CONST,X ,Q,14.40,14.40,13.01,13.37,13.37,13.92,32,4732,64381.00,
526729,GOLDIAM INT.,B ,Q,127.95,127.95,126.00,126.35,126.35,126.15,555,17842,2256525.00,
526731,BRIGHT BROS.,X ,Q,173.05,175.00,167.10,170.20,170.20,172.45,80,4067,695901.00,
526739,NARMADA GEL ,X ,Q,454.95,458.00,438.00,440.70,440.70,451.75,406,16197,7204894.00,
526747,P.G.FOILS   ,XT,Q,264.00,264.00,252.05,252.25,252.50,252.80,116,11249,2878128.00,
526755,VELAN HOTELS,X ,Q,5.50,5.60,5.05,5.56,5.56,5.34,88,19180,103104.00,
526761,HOWARD HOTEL,XT,Q,16.00,16.00,15.93,15.93,15.93,16.25,5,353,5647.00,
526773,PRESSURE SEN,XT,Q,6.90,6.90,6.90,6.90,6.90,6.77,83,52672,363436.00,
526775,VALIANT COMM,XT,Q,259.80,266.05,257.00,266.00,266.05,253.40,143,12498,3298044.00,
526783,DR.AGAR.EYE ,X ,Q,2054.00,2140.00,2025.00,2129.60,2140.00,2079.85,194,2481,5181285.00,
526795,MAHASAGAR TR,ZP,Q,3.79,3.79,3.79,3.79,3.79,3.61,1,300,1137.00,
526797,GREENPLY IND,B ,Q,166.80,168.05,165.45,166.00,166.85,166.70,144,5790,965929.00,
526799,UNION QUALIT,XT,Q,9.93,9.93,9.90,9.90,9.90,9.46,3,101,1000.00,
526807,SEAMEC LTD  ,B ,Q,662.70,662.75,634.10,642.60,643.00,654.65,394,2944,1900738.00,
526813,RAGHUNATH IN,XT,Q,9.50,10.04,9.50,9.56,9.99,9.93,30,3675,35592.00,
526817,CHEVIOT CO. ,B ,Q,1207.05,1235.25,1207.05,1220.95,1221.00,1221.95,23,122,149441.00,
526821,DAI-ICHI KAR,X ,Q,398.95,414.90,384.00,409.95,409.95,388.35,736,72299,29086381.00,
526823,RAJINFRA    ,XT,Q,4.25,4.45,4.25,4.45,4.45,4.25,8,505,2245.00,
526827,SPICE ISLAND,XT,Q,18.05,18.85,17.15,17.20,17.20,18.05,17,6646,114223.00,
526829,CONFI PETRO ,A ,Q,85.11,86.70,82.90,83.07,84.00,84.51,857,88995,7523364.00,
526839,SHELTER     ,XT,Q,7.44,7.65,7.44,7.65,7.65,7.29,11,798,6040.00,
526847,ASHIRWAD STL,XT,Q,29.05,29.05,26.60,28.99,28.99,28.00,77,7461,210362.00,
526849,BANARAS BEAD,B ,Q,80.10,85.35,80.10,84.16,84.16,84.13,25,1071,90740.00,
526851,AREX IND.   ,X ,Q,124.30,124.30,120.00,120.00,120.00,124.30,4,29,3492.00,
526853,BILCARE LTD.,XT,Q,81.60,81.60,81.60,81.60,81.60,83.26,37,7686,627177.00,
526859,INTER ST.FIN,X ,Q,1.69,1.99,1.61,1.77,1.80,1.66,449,412576,720381.00,
526861,RISHI LASER ,XT,Q,51.95,51.95,51.95,51.95,51.95,50.94,41,11478,596282.00,
526865,JAINCO PROJ.,X ,Q,3.51,3.72,3.51,3.72,3.72,3.55,5,424,1527.00,
526869,KUMBHAT FIN.,XT,Q,14.34,14.34,14.34,14.34,14.34,13.66,6,6800,97512.00,
526871,INTEC CAP   ,X ,Q,17.28,17.49,16.42,17.40,17.40,17.28,8,1525,25920.00,
526873,RAJ.GASES LT,X ,Q,7.20,7.99,7.20,7.99,7.99,7.90,13,1422,11061.00,
526881,63MOONS     ,B ,Q,332.10,339.00,323.80,326.70,326.75,330.70,2220,49290,16191053.00,
526885,SARLA PER F ,B ,Q,43.10,48.60,43.10,46.47,46.54,46.29,254,14839,699918.00,
526891,MARKET CREAT,X ,Q,8.57,9.55,8.57,9.29,9.29,8.85,4,190,1780.00,
526899,HFIL        ,X ,Q,24.15,24.25,23.10,23.21,23.21,23.92,350,71876,1698441.00,
526901,SONAL ADHESI,XT,Q,57.80,57.80,56.65,57.80,57.80,57.80,20,1165,66747.00,
526905,PADMAIND    ,X ,Q,2.80,2.80,2.80,2.80,2.80,2.80,3,278,778.00,
526921,21ST CEN.MGM,B ,Q,19.94,19.94,19.38,19.42,19.38,19.77,301,3006,58429.00,
526931,HARIYANA SH.,X ,Q,87.75,87.75,80.00,80.08,81.66,82.91,154,17078,1386179.00,
526945,TYROON TEA  ,X ,Q,89.40,97.40,89.40,94.95,95.00,89.40,15,889,83221.00,
526947,LA-OPALA RG ,A ,Q,430.25,439.00,425.25,426.70,426.70,430.10,853,9305,4012521.00,
526951,GOLDEN LAMIN,A ,Q,1603.25,1604.40,1587.30,1593.70,1597.50,1594.85,95,382,609740.00,
526953,VENUS REMEDI,T ,Q,248.80,251.05,242.80,243.50,243.50,239.10,54,6348,1580488.00,
526961,LASTMILE    ,XT,Q,236.30,236.30,236.30,236.30,236.30,241.10,2,10,2363.00,
526965,GUJ.CRAFT IN,X ,Q,81.00,81.00,77.26,78.10,78.10,80.50,33,2581,204701.00,
526967,HEERA ISPAT ,Z ,Q,9.69,9.69,9.17,9.17,9.17,9.50,9,1627,15367.00,
526971,DHOOT I.FIN.,XT,Q,99.10,101.75,98.50,98.55,101.30,100.95,28,1782,177497.00,
526981,SHBAJRG     ,XT,Q,242.50,242.50,233.35,240.05,240.00,233.95,44,3043,723273.00,
526987,URJA GLOBAL ,B ,Q,10.12,10.23,9.96,10.00,10.00,10.08,2815,1529457,15357220.00,
527001,ASHAPURA LTD,B ,Q,223.60,234.90,223.60,229.25,229.25,222.80,2186,74429,17218197.00,
527005,SH.PACETRON.,XT,Q,253.00,258.05,253.00,258.05,258.05,253.00,20,2178,561491.00,
530001,GUJ.ALKALI  ,A ,Q,660.00,667.00,655.60,656.55,656.40,659.45,316,3558,2356590.00,
530005,INDIA CEM.  ,A ,Q,242.95,242.95,235.25,235.85,235.85,238.55,1099,70639,16814130.00,
530007,JK TYRE IND ,A ,Q,268.90,272.50,265.00,265.95,266.80,267.95,1693,73770,19813491.00,
530011,MANGLR.CHEM ,B ,Q,106.20,114.25,106.15,112.55,112.55,105.65,2651,193606,21494555.00,
530017,STD.INDUST. ,T ,Q,22.74,23.50,22.74,23.24,23.15,22.73,156,31885,741542.00,
530019,JUBLPHARMA  ,A ,Q,462.00,474.55,448.10,450.00,449.50,462.35,2101,46641,21655083.00,
530023,THEINVEST   ,B ,Q,78.70,78.70,75.01,75.09,77.03,76.50,65,2350,178590.00,
530025,SAMYAK INT  ,XT,Q,20.30,20.50,19.86,20.07,19.86,20.90,6,150,3067.00,
530027,AADI INDUS L,X ,Q,3.38,3.38,3.21,3.21,3.21,3.30,13,2508,8124.00,
530035,SANTOSH FINE,XT,Q,26.42,26.42,26.42,26.42,26.42,26.95,1,1,26.00,
530043,ACKNIT IND  ,XT,Q,220.00,229.00,212.25,219.65,220.00,220.10,22,1618,360389.00,
530045,TITAN SECUR.,X ,Q,23.09,23.09,22.10,22.70,22.41,22.49,261,14764,333953.00,
530053,REALECO     ,X ,Q,27.00,27.00,27.00,27.00,27.00,27.00,8,690,18630.00,
530055,HARMONY CAP.,XT,Q,25.95,25.95,25.95,25.95,25.95,25.45,1,200,5190.00,
530057,VIVANZA     ,XT,Q,10.78,10.78,10.78,10.78,10.78,11.00,18,1038,11189.00,
530063,YASRAJ CONT.,X ,Q,12.44,12.45,12.00,12.35,12.36,12.35,27,3258,39913.00,
530065,LORDSHOTL   ,XT,Q,10.20,10.20,10.10,10.10,10.10,10.55,5,2558,25935.00,
530067,CSLFINANCE  ,B ,Q,339.25,347.75,326.50,332.50,330.85,339.15,279,4383,1481921.00,
530073,SANGHVI MOVE,B ,Q,661.85,684.00,661.85,671.05,669.40,675.35,706,14693,9904516.00,
530075,SELAN EXPLOR,B ,Q,350.55,352.00,345.75,349.10,349.40,348.20,791,13919,4846820.00,
530077,FRESHTROP FR,XT,Q,183.15,187.60,183.15,187.60,187.60,183.95,142,52777,9803421.00,
530079,FAZE THREE L,B ,Q,405.00,405.00,392.00,393.05,393.65,392.95,235,1559,620236.00,
530095,PRADHIN     ,XT,Q,45.15,45.15,45.15,45.15,45.15,44.27,1,2,90.00,
530109,ANUPAM      ,X ,Q,1.57,1.59,1.52,1.55,1.56,1.55,291,251778,391856.00,
530111,RAJ PACKAGIN,X ,Q,36.29,36.29,34.00,35.89,35.89,35.89,16,2643,92349.00,
530117,PRIVISCL    ,A ,Q,1056.25,1074.00,1055.70,1072.90,1074.00,1054.25,74,280,297870.00,
530119,NATRAJ PROTE,XT,Q,47.60,47.60,45.00,46.07,46.86,46.71,24,5345,242900.00,
530125,SAMRAT PHARM,X ,Q,428.65,428.65,400.95,412.05,412.05,418.15,276,7955,3276860.00,
530127,NPR FINANCE ,X ,Q,12.83,12.83,12.83,12.83,12.83,13.50,6,1150,14754.00,
530129,NILE LTD.   ,X ,Q,671.00,678.40,665.05,667.90,669.00,665.05,140,2678,1794552.00,
530131,UDAIPUR CEME,B ,Q,33.14,33.39,31.70,31.85,31.85,32.82,818,140497,4546942.00,
530133,AMCO INDIA L,X ,Q,57.98,57.98,54.02,56.99,56.99,54.66,21,1464,81738.00,
530135,OPTIEMUS    ,B ,Q,254.90,281.70,252.05,267.95,267.95,252.75,4694,169704,45756328.00,
530139,KREON FIN   ,XT,Q,44.80,46.69,42.58,46.20,46.20,44.80,26,2233,100840.00,
530145,KISAN MOULD.,XT,Q,13.07,13.07,13.07,13.07,13.07,12.82,34,21225,277410.00,
530151,VIJAY TEXTIL,X ,Q,25.95,25.98,25.30,25.65,25.50,25.79,25,770,19849.00,
530163,KERALA AYUR ,X ,Q,120.80,120.80,115.40,116.05,116.05,118.70,131,5812,685337.00,
530167,MOONGIPA CAP,X ,Q,27.02,27.02,26.34,26.40,27.02,27.71,4,111,2931.00,
530169,MOHIT PAPER ,XT,Q,25.00,25.35,23.98,24.57,24.89,25.24,41,6703,163484.00,
530171,DAULAT SEC. ,X ,Q,20.50,21.00,20.01,20.42,20.42,20.44,36,2459,51311.00,
530173,OSCAR GLOBAL,X ,Q,8.01,8.40,7.61,7.61,7.61,8.01,6,19,151.00,
530175,ODYSSEY TECH,XT,Q,61.91,63.14,61.91,63.11,63.11,61.91,30,5110,322018.00,
530185,SURAT TEXT. ,X ,Q,8.60,8.64,8.35,8.43,8.40,8.52,810,260007,2203728.00,
530187,ATHARV ENT  ,X ,Q,2.49,2.60,2.49,2.50,2.50,2.48,8,2072,5199.00,
530197,FUNDVISER   ,XT,Q,14.16,14.16,13.00,14.15,14.15,13.49,27,5287,74620.00,
530199,THEMIS MEDIC,B ,Q,1660.00,1664.75,1624.05,1629.20,1624.05,1657.65,67,24156,39929270.00,
530201,KALLAM      ,X ,Q,9.29,9.45,8.91,8.99,8.94,9.11,204,65302,596979.00,
530213,FORTUNE INT.,XT,Q,32.07,33.43,32.05,32.27,32.50,32.08,32,3399,110520.00,
530215,KINGSINFRA  ,XT,Q,134.00,134.00,130.00,130.95,132.70,131.80,182,20117,2651556.00,
530217,SWOJAS ENRGY,XT,Q,7.17,7.17,7.17,7.17,7.17,7.31,17,671,4811.00,
530233,AURO LAB.   ,X ,Q,84.79,94.75,84.79,91.29,90.75,82.70,1299,173921,16006880.00,
530235,KJMC FIN.   ,X ,Q,36.55,36.55,36.55,36.55,36.55,36.55,1,100,3655.00,
530239,SUVEN LIFE S,B ,Q,65.00,66.48,64.52,65.44,65.44,65.65,196,8176,538228.00,
530245,ARYAMAN FIN.,XT,Q,149.00,149.00,149.00,149.00,149.00,149.50,1,5,745.00,
530249,BRIDGE SECUR,XT,Q,12.00,12.35,11.93,11.93,11.93,12.41,39,17249,207038.00,
530251,RISA INTL   ,X ,Q,0.57,0.58,0.54,0.56,0.56,0.56,161,245810,136557.00,
530253,RAJ.TUBE MFG,XT,Q,23.50,23.50,23.30,23.30,23.30,24.50,6,280,6544.00,
530255,KAY POW PAP ,X ,Q,5.80,5.80,5.80,5.80,5.80,6.00,8,2227,12916.00,
530259,INTER ST.OIL,X ,Q,44.00,44.80,40.01,41.60,42.15,44.45,268,85881,3613817.00,
530263,GLOBAL CAP. ,XT,Q,0.80,0.80,0.80,0.80,0.80,0.81,236,259484,207587.00,
530265,SAINIK FIN. ,X ,Q,28.10,29.00,28.10,29.00,29.00,29.45,5,32,923.00,
530271,RICH UNV    ,XT,Q,10.90,10.90,10.90,10.90,10.90,11.12,2,10,109.00,
530281,QUANTUM DIG.,XT,Q,15.38,15.38,14.91,15.37,15.38,14.65,7,697,10716.00,
530289,SP CAPITAL  ,X ,Q,22.90,22.91,21.90,22.20,22.00,21.56,202,37074,834033.00,
530291,PAOS        ,X ,Q,12.50,12.50,11.88,12.40,12.40,12.50,5,113,1351.00,
530299,KOTHARI PROD,B ,Q,128.80,129.20,124.30,125.35,124.30,127.90,83,1138,144728.00,
530305,PICCADILY AG,X ,Q,105.22,115.25,105.10,109.50,109.50,103.16,3325,471003,51725577.00,
530307,CHAMANLAL SE,B ,Q,214.70,217.50,208.85,211.30,212.10,213.10,1108,29418,6262324.00,
530309,CHANDRA PRAB,X ,Q,24.29,24.29,23.00,23.26,23.44,23.53,156,25007,585264.00,
530313,KIMIABL     ,X ,Q,34.53,36.37,34.53,36.33,36.33,36.00,9,618,22159.00,
530315,HIND.TIN WRK,X ,Q,116.90,124.95,114.30,121.65,121.50,114.90,823,65317,7875854.00,
530317,GODAVARI DRU,X ,Q,96.10,100.00,94.10,96.65,96.05,98.45,304,33734,3266595.00,
530331,PREMCO GLOB.,X ,Q,430.00,433.50,420.00,422.25,425.00,430.75,118,2292,974408.00,
530341,MUKESH BABU ,XT,Q,135.30,135.30,122.50,130.00,130.00,128.90,30,3360,436469.00,
530343,GENUS POWER ,B ,Q,236.85,239.65,226.55,236.45,236.45,231.70,3656,152231,35521527.00,
530355,ASIANENE    ,T ,Q,145.00,150.00,137.05,143.30,146.00,143.10,84,7267,1044622.00,
530357,KBS INDIA   ,XT,Q,9.95,10.30,9.90,10.19,10.19,9.95,127,12926,129497.00,
530361,PRABHHANS   ,X ,Q,53.02,57.98,52.99,52.99,52.99,55.72,15,712,38517.00,
530363,UGAR SUGAR  ,B ,Q,107.90,110.60,107.10,107.35,107.40,108.25,1279,66426,7222749.00,
530365,ORIENTBELL  ,B ,Q,482.00,482.00,467.95,473.25,472.10,476.15,104,626,296579.00,
530367,NRB BEARINGS,B ,Q,246.70,249.70,242.45,247.65,247.15,246.70,1668,38849,9567646.00,
530369,VAMSHI RUBB.,X ,Q,24.00,24.40,24.00,24.39,24.39,24.45,17,3143,75852.00,
530377,NILA INFRA. ,B ,Q,5.64,5.75,5.31,5.34,5.36,5.47,273,138032,764737.00,
530393,DB INT.ST.BR,B ,Q,27.18,27.50,26.67,27.23,27.50,26.88,117,2745,74482.00,
530401,VINYOFLEX LT,XT,Q,86.60,86.60,82.75,83.05,83.00,83.25,90,2005,169593.00,
530405,JINDAL CAP. ,X ,Q,22.39,22.39,21.50,21.71,21.50,21.99,73,8252,179263.00,
530407,EPIC ENERGY ,X ,Q,6.97,6.97,6.95,6.95,6.95,6.97,9,369,2565.00,
530419,SUMEDHA FISC,XT,Q,38.00,38.98,37.80,38.00,38.00,37.98,157,24713,948424.00,
530427,CHOKSI IMAG ,X ,Q,51.00,51.00,46.60,49.77,47.90,48.51,33,1052,52216.00,
530429,ASHISH POLY.,X ,Q,19.20,19.20,18.00,18.01,18.01,17.50,12,1260,22766.00,
530431,ADOR FONTECH,X ,Q,115.00,116.00,114.65,115.60,116.00,114.65,198,19078,2204057.00,
530433,SHIVA FERT. ,X ,Q,64.99,65.50,64.21,64.97,64.55,64.15,55,4496,291334.00,
530439,SIDDHA VEN  ,XT,Q,7.27,7.27,7.27,7.27,7.27,7.41,44,2870,20864.00,
530443,KIRAN SYNTEX,XT,Q,15.04,15.04,15.04,15.04,15.04,14.75,12,2704,40668.00,
530445,SUMERU IND  ,XT,Q,1.58,1.59,1.58,1.58,1.58,1.55,20,2448,3868.00,
530449,RUNGTA IRRIG,XT,Q,54.08,54.08,54.08,54.08,54.08,53.02,19,6729,363904.00,
530457,CINERAD COMM,XT,Q,5.55,5.66,5.44,5.66,5.66,5.55,5,135,741.00,
530459,VALSON INDUS,X ,Q,23.50,24.74,22.75,24.64,24.65,22.96,67,8837,214384.00,
530461,SABOO SODIUM,XT,Q,21.55,22.75,21.00,22.44,22.72,21.94,262,96012,2093190.00,
530475,TINNARUBR   ,X ,Q,780.00,790.00,780.00,782.05,781.25,781.50,367,7125,5591235.00,
530477,VIKRAM THERM,XT,Q,111.00,118.50,107.30,118.50,118.50,112.90,742,65095,7195344.00,
530499,A.K.CAPITAL ,X ,Q,513.00,527.95,513.00,520.35,518.65,521.55,21,621,322711.00,
530517,RELAXO FOOT.,A ,Q,922.15,933.75,922.15,927.15,925.20,928.70,370,2948,2740257.00,
530521,VIRAT INDUS.,X ,Q,229.50,230.00,226.30,229.95,226.30,229.85,10,148,34019.00,
530525,SHEETAL DIAM,XT,Q,34.58,34.58,34.58,34.58,34.58,33.91,47,15157,524129.00,
530533,TERAI TEA CO,X ,Q,74.23,76.00,72.06,75.00,75.00,75.74,43,4423,331003.00,
530537,MANRAJ HSG.F,Z ,Q,27.45,27.45,26.10,26.10,26.10,27.45,6,450,11880.00,
530545,COSCO INDIA ,XT,Q,219.95,224.00,216.60,218.05,220.00,220.05,36,1402,309798.00,
530549,SHILPA MEDIC,A ,Q,366.05,370.50,364.15,365.60,365.60,365.65,554,10853,3986681.00,
530555,PARAMOUNT CO,T ,Q,55.90,56.60,53.50,53.70,53.70,55.15,611,128127,7007908.00,
530557,NCL RESEARCH,X ,Q,0.78,0.80,0.74,0.74,0.74,0.77,12778,62892056,48431532.00,
530565,ARCHANA SOFT,XT,Q,10.50,10.64,10.50,10.64,10.64,10.44,15,1784,18939.00,
530577,LADDERUP FIN,X ,Q,21.49,21.49,20.00,20.30,20.30,21.49,48,23348,471119.00,
530579,UYFINCORP   ,Z ,Q,30.69,30.70,28.28,28.38,28.95,29.48,196,98553,2873756.00,
530581,EKAM LEASING,X ,Q,6.43,6.43,5.84,6.35,6.35,6.14,21,2191,13539.00,
530585,SWASTIK INV ,X ,Q,218.20,225.00,211.00,214.85,220.85,218.20,126,2358,515966.00,
530589,PRIMA PLASTI,XT,Q,146.00,149.00,142.00,144.15,143.00,147.80,136,15062,2184950.00,
530595,TELECANOR   ,X ,Q,5.32,5.64,5.31,5.60,5.60,5.45,10,611,3339.00,
530609,CARNATION IN,XT,Q,4.55,4.73,4.55,4.73,4.73,4.51,9,1850,8645.00,
530611,STURDY INDS ,XT,Q,0.43,0.45,0.42,0.45,0.45,0.43,430,1117560,498960.00,
530615,GARG FURNACE,XT,Q,131.40,131.40,131.40,131.40,131.40,128.85,12,4913,645568.00,
530617,SAMPRE NUTRI,XT,Q,54.99,54.99,52.60,54.80,54.80,52.51,61,5907,317206.00,
530621,AAIL        ,XT,Q,94.00,94.00,90.05,91.51,91.50,91.39,62,15406,1418885.00,
530627,VIPULORG    ,X ,Q,135.00,138.80,131.90,133.10,133.10,132.75,213,18365,2491012.00,
530643,ECORECO     ,XT,Q,183.00,183.95,176.50,178.40,181.00,177.85,162,9176,1649424.00,
530655,GOODLUCK    ,B ,Q,590.05,604.40,568.00,577.60,587.60,594.75,1601,35615,20838893.00,
530663,GOYAL ASSO. ,XT,Q,1.75,1.75,1.65,1.70,1.72,1.69,140,70776,118676.00,
530665,ZENITH HEALT,XT,Q,4.00,4.00,3.78,3.95,3.95,3.95,185,36667,142413.00,
530669,ACEENGITEC  ,XT,Q,14.50,14.50,14.08,14.50,14.50,14.50,4,36,521.00,
530675,YORK EXPORTS,XT,Q,48.10,49.00,45.00,47.70,47.70,47.16,22,1671,77201.00,
530677,SUPREME HO  ,X ,Q,85.99,88.00,81.85,82.99,83.99,83.51,164,14508,1224208.00,
530689,LYKISLTD    ,XT,Q,74.99,74.99,74.99,74.99,74.99,71.42,36,9152,686308.00,
530695,PRIME PROP  ,XT,Q,15.88,16.52,15.88,16.00,16.00,16.20,6,792,12700.00,
530697,ZENLABS     ,X ,Q,42.00,42.00,39.35,40.48,41.00,41.72,36,4765,192185.00,
530699,RAJRAYON    ,T ,Q,46.40,47.89,46.03,47.32,47.84,46.96,262,192002,9090753.00,
530709,GOWRA LEASNG,XT,Q,22.30,23.88,22.30,23.60,23.62,22.82,14,864,19932.00,
530711,JAGAN LAMPS ,XT,Q,64.95,65.70,62.81,64.43,64.95,64.95,57,3349,215452.00,
530713,AJEL        ,Z ,Q,16.54,16.54,16.54,16.54,16.54,15.76,29,7132,117963.00,
530715,ALPS INDS.  ,T ,Q,1.75,1.80,1.75,1.79,1.79,1.80,16,11908,21293.00,
530723,ASIT C FIN  ,X ,Q,126.00,131.55,126.00,130.00,130.00,126.00,13,2450,316597.00,
530733,ENCODE      ,X ,Q,7.98,7.98,7.22,7.22,7.22,7.60,8,835,6259.00,
530735,SUPER BAKERS,X ,Q,20.94,20.94,18.96,18.96,18.96,19.95,8,530,10107.00,
530741,OVOBEL FOODS,XT,Q,297.65,297.65,297.65,297.65,297.65,303.70,90,2888,859613.00,
530747,INDO ASN.FIN,X ,Q,11.65,12.49,11.21,12.34,12.34,11.70,27,6465,76182.00,
530755,CORAL NEWSPR,XT,Q,9.95,9.95,9.10,9.62,9.63,9.49,52,3160,29621.00,
530759,STERL.TOOLS ,B ,Q,349.40,351.75,344.15,347.95,346.00,345.50,109,1530,531647.00,
530765,AGARWAL     ,XT,Q,22.04,22.04,22.03,22.04,22.04,21.61,13,4207,92722.00,
530777,INFRA INDUS.,Z ,Q,7.69,7.69,7.33,7.33,7.33,7.33,3,31,231.00,
530779,DYNAMIC PORT,XT,Q,63.81,63.81,63.81,63.81,63.81,63.82,1,15,957.00,
530789,CEEJAY FINAN,X ,Q,164.00,164.00,157.50,157.50,157.50,160.90,17,449,72077.00,
530795,SUNCITY SYNT,XT,Q,8.06,8.06,7.90,7.90,7.90,7.90,13,2589,20453.00,
530797,SHREE GANES.,XT,Q,13.62,13.62,13.62,13.62,13.62,13.62,1,5,68.00,
530799,ANNA INFRA  ,X ,Q,10.00,10.00,10.00,10.00,10.00,10.23,2,93,930.00,
530803,BHAGIL      ,B ,Q,157.15,163.75,153.30,161.25,161.00,158.05,418,13621,2157227.00,
530809,BNR UDYOG   ,X ,Q,39.49,39.49,37.88,38.96,39.48,38.36,20,915,36044.00,
530813,KRBL LTD.   ,A ,Q,412.90,416.00,412.00,413.60,413.60,411.75,1835,52349,21669801.00,
530815,REFNOL RESIN,X ,Q,87.90,87.90,80.50,81.20,81.00,82.04,21,1784,145971.00,
530821,SSPDL LTD   ,X ,Q,13.70,14.24,13.26,14.24,14.24,13.70,26,2349,31960.00,
530825,DAIKAFFIL CH,X ,Q,26.50,30.50,26.50,30.05,30.35,27.95,131,20229,587876.00,
530829,CIL SECURITS,X ,Q,25.25,26.39,25.25,26.01,26.19,26.41,44,1195,30962.00,
530839,CLIO INFOTEC,X ,Q,3.93,4.13,3.93,4.13,4.13,4.11,14,3875,15562.00,
530843,CUPID LTD   ,B ,Q,349.70,350.00,336.20,339.15,340.35,342.40,1534,33820,11532652.00,
530845,SUNSHIELD CH,XT,Q,859.00,859.00,821.00,835.85,825.00,837.40,59,2330,1946975.00,
530853,HIPOLIN LTD.,XT,Q,82.74,82.74,78.61,80.22,80.22,82.74,69,3575,283709.00,
530871,CHEMBOND CHM,B ,Q,388.80,393.80,386.50,387.15,387.15,387.75,94,203,79307.00,
530879,CIFL        ,X ,Q,123.90,123.90,118.00,119.00,119.00,118.95,41,8066,961468.00,
530881,ABVL        ,XT,Q,139.30,142.10,139.30,139.30,139.30,142.10,5,441,61434.00,
530883,SUPER CROP. ,XT,Q,8.98,9.05,8.40,8.46,8.41,8.71,157,93411,808065.00,
530897,N.G.IND.LTD.,XT,Q,110.35,112.90,110.35,110.35,110.35,112.60,20,3091,341767.00,
530899,ASIA PACK   ,X ,Q,32.90,32.90,32.90,32.90,32.90,33.32,1,17,559.00,
530909,ERP SOFT SYS,XT,Q,78.00,78.00,74.75,74.75,74.75,75.00,2,6,451.00,
530919,REMSONS IND.,T ,Q,380.50,405.00,380.50,405.00,405.00,391.00,15,937,373261.00,
530951,RAMINFO     ,X ,Q,99.90,101.00,97.20,98.15,98.00,97.65,60,2896,288093.00,
530953,SUNIL AGRO F,X ,Q,226.00,240.00,225.10,233.85,237.40,219.80,109,4536,1049938.00,
530959,DIANA TEA CO,X ,Q,26.60,26.60,25.55,26.00,26.00,25.78,43,6340,164518.00,
530961,VIKASECO    ,B ,Q,2.91,2.92,2.85,2.88,2.88,2.90,2652,6356367,18296229.00,
530965,INDIAN OIL  ,A ,Q,91.70,93.24,91.55,92.26,92.26,91.26,2446,579665,53529358.00,
530973,ALFA ICA (I),XT,Q,53.02,53.02,51.00,52.30,53.00,50.50,37,3033,159042.00,
530977,SKCIL       ,X ,Q,143.00,164.45,143.00,148.55,148.55,143.50,214,15011,2298910.00,
530979,INDIA HOME  ,X ,Q,27.95,27.95,26.40,27.07,27.47,26.65,41,5184,138613.00,
530991,ROOPA INDUS ,XT,Q,39.73,39.73,39.73,39.73,39.73,38.96,5,249,9892.00,
530997,UNIQUE ORGAN,X ,Q,47.02,56.70,47.02,52.93,52.93,47.73,839,151476,8106592.00,
530999,BALAJI AMINE,A ,Q,2080.05,2125.00,2080.05,2113.15,2113.15,2091.30,1717,11126,23474690.00,
531003,SWARNA SECUR,XT,Q,40.72,42.86,40.72,42.80,42.80,42.86,9,41,1719.00,
531017,ARIHANT SEC.,X ,Q,14.23,15.50,14.23,14.91,15.30,14.51,69,18851,279517.00,
531025,VISAGAR FIN ,X ,Q,0.90,0.98,0.90,0.97,0.97,0.94,17735,28677890,27199953.00,
531035,JRELTD      ,XT,Q,13.98,13.98,13.98,13.98,13.98,13.32,1,10,139.00,
531041,COMPETENT AU,XT,Q,342.00,351.00,336.25,338.00,336.25,345.80,67,3491,1195530.00,
531043,DHAN JEEVAN ,XT,Q,12.80,12.80,12.80,12.80,12.80,12.20,3,9,115.00,
531049,NEELKANTH RO,Z ,Q,9.69,9.69,9.69,9.69,9.69,9.23,3,21,203.00,
531067,CONTIL I LTD,X ,Q,89.00,92.00,87.00,91.80,91.80,87.18,52,2133,194113.00,
531069,VIJAY SOLVEX,XT,Q,850.00,850.00,825.00,841.40,842.50,842.00,107,2505,2105493.00,
531080,SHRI KRISH  ,XT,Q,31.20,31.77,30.90,31.45,31.45,30.50,6,985,30639.00,
531082,ALANKIT     ,B ,Q,10.83,11.02,10.35,10.45,10.57,10.81,644,145284,1553607.00,
531083,NIHAR INFO  ,X ,Q,5.75,6.18,5.75,5.90,5.90,6.30,5,426,2509.00,
531091,UNITED CRED.,X ,Q,16.89,17.56,16.00,16.83,16.85,16.74,18,1447,24453.00,
531092,OMINFRAL    ,T ,Q,58.44,58.44,58.44,58.44,58.44,57.30,43,14584,852288.00,
531099,CHECKPOINT  ,X ,Q,4.57,4.57,4.15,4.15,4.15,4.36,16,1573,6610.00,
531109,ISHAN DYES  ,X ,Q,55.70,63.43,52.50,63.43,63.43,52.86,595,154485,9375480.00,
531111,GOTHI PLASCO,P ,Q,33.60,33.60,31.25,32.05,32.05,32.00,5,600,19220.00,
531112,BALUFORGE   ,X ,Q,181.90,184.45,178.15,181.50,181.50,181.90,711,202661,36875699.00,
531120,PATEL ENGG. ,B ,Q,58.01,58.40,54.35,54.74,54.74,56.55,6586,1272635,71166748.00,
531126,VIRTUALSOFT.,XT,Q,4.24,4.24,4.24,4.24,4.24,4.24,2,7,29.00,
531127,MENAMANI    ,XT,Q,4.79,4.79,4.79,4.79,4.79,4.70,6,12502,59884.00,
531129,INANI MARBLE,X ,Q,20.69,20.75,19.95,20.50,20.50,20.69,21,5309,107094.00,
531137,GEMSTONE INV,XT,Q,0.79,0.82,0.79,0.82,0.82,0.82,210,132747,106995.00,
531144,EL FORGE LTD,XT,Q,10.60,10.65,9.74,10.36,10.36,10.15,49,16201,171586.00,
531146,MEDICAMEN BI,B ,Q,739.05,741.50,725.00,727.35,736.95,737.65,312,3515,2568254.00,
531147,ALICON      ,B ,Q,843.35,844.25,831.10,835.70,834.65,843.95,123,589,493586.00,
531153,DILIGENT    ,X ,Q,11.60,11.97,11.30,11.50,11.50,11.73,199,578698,6685622.00,
531155,EPSOM PRO   ,XT,Q,5.60,5.60,5.60,5.60,5.60,5.65,2,154,862.00,
531156,ALFAVISON.OV,XT,Q,23.48,23.48,22.00,22.79,23.13,23.08,60,4424,99100.00,
531157,ORGANIC COAT,X ,Q,7.76,8.00,7.76,8.00,8.00,8.13,6,330,2565.00,
531158,CATVISION   ,X ,Q,13.49,13.49,12.80,13.00,13.00,13.08,12,1836,23655.00,
531161,ABM KNOWLEDG,X ,Q,105.85,106.00,100.00,100.35,100.00,102.30,97,6196,631608.00,
531162,EMAMI LTD.  ,A ,Q,539.95,540.00,513.85,516.10,516.10,535.40,1474,24940,13107203.00,
531163,KEMISTAR    ,X ,Q,39.21,39.21,36.40,37.13,37.13,39.15,51,1669,62725.00,
531168,ASSOC.CERAMI,XT,Q,146.45,146.45,146.45,146.45,146.45,143.60,1,2,292.00,
531169,SKP SECURE. ,X ,Q,68.50,68.50,62.21,65.97,65.97,66.50,51,1616,102672.00,
531173,SYSCHEM (I) ,X ,Q,54.01,57.40,52.75,53.03,53.42,55.02,704,147599,8001008.00,
531175,BLS INFOTE  ,X ,Q,1.78,1.84,1.78,1.79,1.78,1.81,751,371502,670718.00,
531176,MEFCOM CAPIT,XT,Q,20.42,20.44,20.42,20.44,20.44,19.47,331,244370,4994189.00,
531178,HEMANG      ,XT,Q,39.00,39.00,37.11,38.35,38.81,37.67,70,6880,265146.00,
531179,ARMAN FIN   ,B ,Q,2389.95,2396.95,2306.90,2322.50,2329.65,2361.15,215,814,1903629.00,
531199,GLANCE FIN. ,X ,Q,56.00,56.00,53.00,54.58,54.95,54.91,19,537,28592.00,
531201,SHILCHAR TEC,X ,Q,3150.00,3150.00,2835.00,2916.80,2950.00,3070.20,1897,12835,37544420.00,
531205,TINEAGRO    ,XT,Q,16.57,16.57,16.57,16.57,16.57,15.79,29,217,3595.00,
531209,NUCLE.SOFT E,B ,Q,1040.95,1040.95,994.95,1004.60,1008.45,1017.30,768,12586,12675354.00,
531210,COLINZ LABOR,XT,Q,37.00,39.37,37.00,39.35,39.36,37.50,52,4772,186545.00,
531212,NLFL        ,X ,Q,33.62,34.88,31.50,34.64,34.87,34.78,46,6491,215179.00,
531213,MANAP FIN   ,A ,Q,143.40,144.70,140.00,142.25,142.25,146.10,92698,109663338,15458653144.00,
531215,RTS POWER CO,X ,Q,140.90,142.90,132.50,134.30,134.25,138.10,320,35502,4933760.00,
531216,COMFORT INTE,XT,Q,4.66,4.71,4.56,4.59,4.59,4.67,1010,505932,2343732.00,
531219,SHYAMAINFO  ,P ,Q,4.41,4.41,4.41,4.41,4.41,4.64,1,100,441.00,
531221,MAYUR FLOOR.,XT,Q,10.78,10.78,10.75,10.75,10.75,10.75,2,72,774.00,
531223,ANJANI SYNT.,X ,Q,29.98,29.99,29.21,29.27,29.25,29.73,21,1241,36385.00,
531225,XTGLOBAL    ,X ,Q,40.74,40.74,39.22,40.19,40.19,39.94,129,36872,1481208.00,
531227,DECO-MICA   ,XT,Q,72.52,72.52,65.72,69.01,69.01,69.07,15,1463,104403.00,
531228,RANDER CORP.,X ,Q,5.89,6.00,5.89,6.00,6.00,5.89,10,1951,11638.00,
531233,RASI ELECTRO,X ,Q,16.50,18.45,16.50,17.18,17.18,16.43,376,170174,2983643.00,
531234,SCOOBEEDAY  ,X ,Q,85.00,86.80,82.75,84.80,84.50,83.25,64,3976,338700.00,
531235,CITI PORT FN,XT,Q,13.98,13.98,13.98,13.98,13.98,13.98,1,1,13.00,
531240,SHAMROCK IND,XT,Q,4.14,4.22,4.14,4.22,4.22,4.14,4,341,1423.00,
531241,LINC        ,B ,Q,614.80,627.65,610.55,613.65,611.00,616.05,381,4231,2609676.00,
531246,PRIMA IND.  ,XT,Q,14.26,15.75,14.26,14.37,14.37,15.00,4,410,5881.00,
531253,INDIA GELAT.,XT,Q,380.95,385.15,380.95,385.15,385.15,377.60,42,4947,1903098.00,
531254,OPTIFIN     ,XT,Q,76.00,83.45,75.51,83.01,79.45,79.48,30,2319,181027.00,
531255,PARAGON FIN.,XT,Q,32.00,33.61,32.00,33.60,33.60,32.02,12,777,25156.00,
531257,PRATIKSHA CH,X ,Q,21.50,22.44,21.50,21.50,21.50,20.88,25,1559,34368.00,
531259,ESHAMEDIA   ,XT,Q,3.68,3.68,3.68,3.68,3.68,3.68,6,501,1843.00,
531260,REFEXRENEW  ,X ,Q,390.00,390.00,379.00,387.55,388.95,390.20,23,224,86287.00,
531266,VST TILLERS ,B ,Q,3184.95,3351.00,3116.10,3334.45,3334.45,3135.30,1216,7382,24126665.00,
531268,B2B SOFT.   ,XT,Q,25.75,26.45,25.31,25.57,25.45,26.10,64,6119,156637.00,
531273,RADHE DEVLOP,XT,Q,3.24,3.24,3.10,3.16,3.17,3.16,474,328498,1037470.00,
531278,ELIXIR      ,X ,Q,44.90,45.00,43.26,44.89,44.95,44.14,42,1039,46005.00,
531279,TRISHAKTI EL,XT,Q,38.42,38.42,38.42,38.42,38.42,39.20,2,102,3918.00,
531280,PANKAJ POLY.,X ,Q,6.40,6.40,6.35,6.35,6.35,6.48,2,11,69.00,
531281,MARBLE      ,XT,Q,16.75,17.25,15.92,16.67,16.60,16.75,28,5703,93510.00,
531283,CINDRELLA FI,XT,Q,9.42,9.89,8.95,9.89,9.89,9.42,17,841,8108.00,
531287,NAT PLASTIC ,XT,Q,186.35,186.35,179.05,179.05,179.05,182.70,28,12358,2255145.00,
531288,LEAD FINANC ,XT,Q,10.92,10.92,10.92,10.92,10.92,10.92,2,900,9828.00,
531289,NATFIT      ,X ,Q,122.00,122.00,114.99,116.57,116.98,119.40,92,2456,290961.00,
531297,ARTEFACT PR ,XT,Q,49.90,50.00,47.96,49.88,49.70,47.96,62,12377,609667.00,
531300,AMIT INTNL. ,Z ,Q,3.08,3.08,3.08,3.08,3.08,2.94,6,456,1404.00,
531301,HIGH STREET ,X ,Q,31.35,31.35,31.34,31.35,31.35,29.86,7,81,2538.00,
531304,NUTECH GLOBA,XT,Q,36.95,36.95,36.80,36.80,36.80,36.80,2,1300,47885.00,
531306,DHP INDIA LT,X ,Q,815.00,815.00,798.00,803.85,809.50,803.85,50,694,557655.00,
531307,RRIL        ,XT,Q,21.19,21.29,20.00,20.14,20.50,20.82,297,47604,967684.00,
531310,AVAILABLE FI,X ,Q,136.00,136.00,130.50,134.00,134.00,135.00,69,4616,613925.00,
531319,MARUTI SEC. ,X ,Q,6.76,6.76,6.76,6.76,6.76,6.44,9,8632,58352.00,
531322,HAVISHA     ,T ,Q,1.70,1.75,1.70,1.72,1.71,1.76,26,16053,27743.00,
531323,JAYIND      ,XT,Q,9.55,9.55,8.72,9.25,9.55,9.10,11,1482,13736.00,
531327,CHARMS INDUS,XT,Q,2.84,3.11,2.84,3.11,3.11,2.97,5,3541,10997.00,
531328,KRETTOSYS   ,X ,Q,0.54,0.63,0.53,0.59,0.60,0.53,1637,4197313,2483321.00,
531334,VIKALP SEC. ,XT,Q,9.61,9.61,9.61,9.61,9.61,9.61,6,1336,12838.00,
531335,ZYDUS WELL  ,A ,Q,1620.00,1652.15,1607.95,1644.95,1639.70,1589.60,883,6822,11176279.00,
531337,WINPRO      ,T ,Q,3.84,3.86,3.70,3.74,3.75,3.76,205,182977,686909.00,
531338,MILE GLOBAL ,X ,Q,16.90,16.90,16.90,16.90,16.90,16.88,4,238,4022.00,
531340,BERVIN INV. ,XT,Q,39.99,39.99,36.31,36.31,36.31,38.22,15,1258,45939.00,
531341,GUJ.INVESTA ,XT,Q,13.49,13.49,13.49,13.49,13.49,13.49,1,1,13.00,
531344,CONTAIN.CORP,A ,Q,665.95,667.50,660.95,664.75,664.75,661.70,883,22757,15127117.00,
531346,EASTERN TRED,XT,Q,41.40,41.40,38.10,41.00,41.00,40.05,33,2194,86455.00,
531349,PANACEA BIOT,B ,Q,140.00,144.50,136.50,137.25,137.25,139.20,3391,51767,7257959.00,
531352,PEETI SECURT,XT,Q,17.25,18.40,16.73,18.34,18.34,17.61,34,4454,76610.00,
531357,MERCURYEV   ,XT,Q,31.25,32.79,31.25,32.79,32.79,31.23,338,125340,4092662.00,
531358,CHOICE INT. ,A ,Q,371.05,373.55,363.05,365.45,365.50,370.80,298,8771,3207820.00,
531359,SHRIRAM ASSE,XT,Q,220.00,220.15,209.70,215.05,213.30,209.70,160,14619,3201286.00,
531360,GOLECHA GLOB,XT,Q,12.63,12.70,12.63,12.70,12.70,12.88,9,5712,72542.00,
531364,EKANSH      ,X ,Q,72.41,72.41,67.55,68.20,68.20,67.55,26,2819,191782.00,
531370,SPAR        ,XT,Q,30.25,30.65,30.25,30.65,30.65,30.05,6,540,16547.00,
531373,BYKE HOSP   ,B ,Q,36.70,36.70,35.81,35.82,35.82,35.89,35,3944,142956.00,
531380,CENTENIAL SU,X ,Q,84.80,84.80,74.50,77.55,78.94,79.10,83,1870,144173.00,
531381,ARIHANT FOUN,XT,Q,57.70,57.70,52.51,54.48,54.48,55.00,124,23834,1278156.00,
531387,HASTI FINANC,X ,Q,5.00,5.00,5.00,5.00,5.00,5.00,1,1,5.00,
531390,UPSURGE INV.,X ,Q,40.01,40.01,38.13,38.28,38.30,39.74,34,1141,43924.00,
531396,WOMEN NETWOR,XT,Q,3.52,3.52,3.20,3.27,3.27,3.36,13,1489,5021.00,
531397,POLYCON INT.,X ,Q,15.00,15.00,15.00,15.00,15.00,14.75,1,1,15.00,
531398,SOURCENTRL  ,X ,Q,92.80,99.65,87.15,88.20,88.20,89.70,126,10271,928043.00,
531399,G.G.AUTOMATI,XT,Q,58.34,58.34,56.06,56.06,56.06,57.20,20,7570,434762.00,
531400,ALMONDZ GLO ,B ,Q,93.99,96.50,93.05,94.08,94.08,93.10,142,12823,1217311.00,
531402,LWS KNITWEAR,XT,Q,15.29,15.29,15.00,15.14,15.14,15.00,5,840,12764.00,
531406,ANS LTD     ,XT,Q,6.50,6.76,6.50,6.75,6.51,6.84,6,77,519.00,
531409,ALCH CORP   ,X ,Q,14.61,14.61,13.88,14.55,14.55,14.61,14,2166,30910.00,
531411,TUNI TEXTILE,X ,Q,1.61,1.61,1.55,1.56,1.58,1.58,305,161116,251656.00,
531412,RADIX IND   ,XT,Q,117.85,117.85,114.00,114.00,114.00,112.32,5,62,7229.00,
531413,KIRAN PRINT ,XT,Q,8.37,8.37,8.00,8.00,8.00,8.00,6,264,2149.00,
531416,NARENDRA PRO,XT,Q,28.35,28.35,27.25,27.25,27.25,27.80,25,1588,44192.00,
531417,MEGA CORPN. ,XT,Q,2.56,2.74,2.56,2.74,2.74,2.61,117,322090,880309.00,
531426,TAMIL.NEWSPR,A ,Q,268.55,274.70,263.15,264.10,264.10,264.60,1447,92959,24996138.00,
531431,SHAKTI PUMPS,B ,Q,722.40,726.40,706.00,712.40,710.90,711.50,345,4534,3245926.00,
531433,SUNGOLD CAP.,X ,Q,2.84,2.87,2.62,2.80,2.80,2.75,30,9378,26464.00,
531437,PWASML      ,X ,Q,28.24,28.24,27.20,27.50,27.50,27.50,60,8629,239242.00,
531439,GOLDSTONE EN,T ,Q,99.90,99.90,99.90,99.90,99.90,95.15,32,1817,181518.00,
531444,VARDHMAN    ,XT,Q,7.70,7.70,7.70,7.70,7.70,7.72,7,649,4997.00,
531449,GRM OVERSEAS,B ,Q,193.00,197.20,189.25,193.00,193.00,187.30,1937,63184,12186124.00,
531453,MOHIT INDUS.,B ,Q,15.00,15.38,14.90,15.16,15.24,14.91,22,2773,42022.00,
531454,POLYLINK POL,X ,Q,23.05,23.05,22.25,22.98,22.74,23.04,53,25549,586884.00,
531456,MINAXI TEXT.,X ,Q,1.50,1.50,1.42,1.50,1.50,1.50,39,63444,94536.00,
531460,CONTI.CONTRL,X ,Q,4.04,4.24,3.85,4.24,4.24,4.04,6,645,2524.00,
531465,NOUVEAU     ,X ,Q,0.49,0.49,0.49,0.49,0.49,0.49,29,4448,2179.00,
531471,DUKE OFFSHOR,XT,Q,8.43,8.43,8.00,8.41,8.41,8.03,10,2696,21757.00,
531472,CYBELE IND  ,XT,Q,22.00,22.00,20.75,21.35,21.35,21.45,12,925,19366.00,
531489,CG-VAK SOFTW,XT,Q,523.00,538.10,511.00,523.70,517.05,522.60,200,4338,2286127.00,
531494,NAVKAR      ,X ,Q,7.09,7.12,6.70,6.82,6.82,6.85,78,25077,173036.00,
531497,MADHUCON PRJ,T ,Q,5.45,5.45,5.10,5.25,5.25,5.23,11,1602,8302.00,
531499,SYBLY INDS. ,X ,Q,4.91,4.92,4.70,4.90,4.92,4.80,28,1796,8746.00,
531500,RAJESH EXPO.,A ,Q,518.10,523.95,514.40,515.85,516.00,517.65,4920,111115,57531909.00,
531502,ESAAR (I)LTD,X ,Q,4.72,4.72,4.54,4.69,4.69,4.63,16,12873,58764.00,
531503,MARIS SPIN. ,X ,Q,39.00,39.00,36.60,38.40,38.00,38.42,20,1124,43437.00,
531505,INDERGIRI FN,XT,Q,29.88,29.88,29.88,29.88,29.88,29.30,1,1,29.00,
531508,EVEREADY (I),A ,Q,422.25,422.25,402.25,409.85,409.90,413.95,967,19044,7782356.00,
531509,STEP TWO COR,X ,Q,16.49,16.50,16.49,16.50,16.50,15.75,8,2857,47135.00,
531512,ORIENT TRADE,X ,Q,9.20,9.66,9.20,9.45,9.45,9.48,41,8990,85233.00,
531518,VIKASPROP   ,Z ,Q,0.57,0.58,0.57,0.57,0.57,0.56,314,674388,390023.00,
531525,ACE SOFTWARE,X ,Q,21.52,21.52,19.62,19.73,19.73,20.50,16,4282,91184.00,
531529,SOFTRAK VENT,XT,Q,5.76,5.85,5.38,5.78,5.71,5.65,70,8318,46560.00,
531531,HATSUN AGRO ,A ,Q,1166.40,1181.65,1166.40,1178.40,1179.00,1166.60,232,1093,1284797.00,
531533,ACCEDERE    ,XT,Q,66.00,66.00,59.85,65.90,65.90,63.00,16,521,31846.00,
531539,RISHABH DIGH,X ,Q,16.89,17.45,16.00,17.45,17.45,16.89,14,2239,38023.00,
531540,MARUTI INFRA,XT,Q,118.85,126.00,118.10,121.35,119.00,121.90,45,20092,2485167.00,
531541,KOBO        ,Z ,Q,3.30,3.30,3.14,3.14,3.14,3.30,16,5532,17432.00,
531543,JINDAL WORLD,B ,Q,414.60,414.60,393.50,396.75,396.75,407.90,1140,36111,14587976.00,
531548,SOMANY CRAM ,B ,Q,689.05,694.00,685.00,692.10,690.45,686.05,711,6634,4570911.00,
531550,JHAVERI CRED,XT,Q,139.60,139.60,137.95,137.95,137.95,136.90,33,5114,709351.00,
531552,RAGHUNATH TO,X ,Q,19.00,19.29,18.16,18.54,18.90,19.37,49,3088,58192.00,
531553,DRL         ,XT,Q,9.38,9.38,9.01,9.26,9.26,8.96,50,26292,243837.00,
531556,CORAL (I)FIN,B ,Q,39.54,41.00,38.75,38.81,38.81,39.02,339,20842,822077.00,
531569,SANJIVANI PA,XT,Q,87.55,87.55,87.55,87.55,87.55,85.84,22,14032,1228501.00,
531574,VAS INFRA   ,X ,Q,3.54,3.79,3.54,3.69,3.69,3.65,10,9021,32056.00,
531578,KMF BUILDERS,X ,Q,4.63,4.63,4.63,4.63,4.63,4.41,4,303,1402.00,
531582,BERYL SECUR.,XT,Q,23.26,23.50,21.66,21.66,21.66,22.80,13,684,15367.00,
531583,RAP MEDIA   ,X ,Q,23.58,23.58,23.58,23.58,23.58,24.82,1,33,778.00,
531591,BAMPSL SECUR,XT,Q,10.19,10.19,9.51,9.90,9.90,9.99,31,8116,78255.00,
531592,GENPHARMA   ,X ,Q,3.52,3.56,3.50,3.50,3.51,3.51,358,271864,954317.00,
531594,INCON ENGG. ,XT,Q,15.89,15.89,14.40,14.40,14.40,15.15,16,2060,30061.00,
531595,CGCL        ,A ,Q,787.90,803.30,783.65,789.95,794.00,787.35,768,62575,49587558.00,
531599,FDC LIMITED ,A ,Q,392.00,394.40,384.55,385.20,385.20,390.70,1503,34423,13361280.00,
531600,GOGIA CAP   ,XT,Q,89.00,89.00,89.00,89.00,89.00,90.80,6,167,14863.00,
531608,GORANI INDUS,X ,Q,135.50,135.50,126.75,129.75,128.00,132.00,50,1154,150062.00,
531609,KG PETROCHEM,X ,Q,203.50,212.90,202.05,211.90,211.90,202.05,9,357,73217.00,
531613,MAL         ,XT,Q,1.89,1.89,1.75,1.85,1.85,1.80,36,9879,18625.00,
531624,COUNTRY COND,B ,Q,4.10,4.14,4.08,4.11,4.12,4.12,35,24352,99943.00,
531626,OROSMITHS   ,XT,Q,4.54,4.76,4.35,4.69,4.69,4.54,57,18064,82947.00,
531628,TEJASSVI    ,XT,Q,11.76,11.76,11.76,11.76,11.76,11.20,1,1,11.00,
531633,LINCOLN PHAR,B ,Q,474.40,503.35,470.00,488.20,488.20,463.25,2721,49188,24062112.00,
531637,PRAVEG      ,X ,Q,479.45,480.00,472.00,474.90,474.90,479.15,330,20594,9785028.00,
531638,SURAJ LTD   ,XT,Q,138.95,138.95,138.95,138.95,138.95,141.75,10,923,128250.00,
531642,MARICOLTD   ,A ,Q,553.10,564.75,553.10,563.50,563.20,552.70,2146,64799,36328318.00,
531651,NATIONAL GEN,XT,Q,77.80,77.80,74.00,77.80,77.80,77.80,31,5708,442222.00,
531661,HITTCO TOOLS,X ,Q,10.65,11.89,10.30,10.41,10.41,10.55,29,6527,67566.00,
531667,RRMETAL     ,X ,Q,41.50,42.19,41.00,41.00,41.01,40.19,41,5431,228924.00,
531668,VISION CORPO,X ,Q,2.19,2.19,2.08,2.10,2.10,2.18,124,71404,154195.00,
531671,BISIL PLAST ,XT,Q,1.92,1.92,1.92,1.92,1.92,1.95,125,80807,155149.00,
531672,INANI SEC.  ,XT,Q,16.85,18.54,16.85,18.48,18.49,17.70,14,1278,23260.00,
531681,AMERISE     ,X ,Q,0.63,0.68,0.63,0.68,0.68,0.65,70,126903,84725.00,
531688,PRITHVIEXCH ,XT,Q,71.02,71.02,71.02,71.02,71.02,72.46,16,1438,102126.00,
531694,RAINBOW FOUN,X ,Q,10.31,11.00,10.31,10.60,10.60,10.26,32,11857,127043.00,
531716,TRICOMFRU   ,X ,Q,1.41,1.48,1.41,1.42,1.42,1.41,15,4640,6816.00,
531717,VIDHIING    ,B ,Q,439.00,442.05,424.60,425.75,424.75,436.50,240,2175,935090.00,
531719,BHAGIRA.CHEM,B ,Q,1249.95,1256.15,1200.00,1209.40,1232.70,1199.60,282,1219,1502123.00,
531726,PANCHSHEEL O,X ,Q,190.50,199.50,187.00,198.10,198.10,190.50,509,69601,13634002.00,
531727,MENON PISTON,X ,Q,70.00,70.44,69.00,69.31,69.45,69.91,487,75810,5277202.00,
531737,GREENCREST  ,XT,Q,0.66,0.66,0.64,0.65,0.66,0.65,702,1360176,876764.00,
531739,GENNEX LAB  ,X ,Q,8.45,8.55,8.22,8.24,8.24,8.34,565,276103,2317219.00,
531744,GINI SILK MI,XT,Q,45.00,45.00,42.51,44.50,44.50,43.97,13,471,21134.00,
531746,PRAJAY ENGS.,B ,Q,15.42,15.54,14.72,15.00,14.91,14.73,388,41157,622547.00,
531752,BIOGEN      ,XT,Q,0.80,0.80,0.78,0.79,0.79,0.79,1533,1244773,982022.00,
531761,APOLLOPIPES ,B ,Q,704.95,705.00,687.00,690.60,697.80,697.25,356,4252,2959180.00,
531762,UNJHA FORMUL,X ,Q,13.01,14.38,13.01,14.04,14.04,13.25,34,23581,334501.00,
531768,POLY MEDICUR,A ,Q,1410.05,1445.80,1407.05,1421.60,1410.00,1409.80,521,4091,5829466.00,
531771,SHRADDHA    ,XT,Q,44.88,44.88,44.88,44.88,44.88,44.00,12,9786,439195.00,
531778,KACHCHHMIN  ,X ,Q,21.50,21.50,20.54,20.85,21.00,20.54,8,755,15744.00,
531779,PADMANABH AL,XT,Q,24.25,25.20,23.83,23.95,23.95,25.08,10,1618,38789.00,
531780,KACL        ,XT,Q,21.60,21.80,20.60,21.15,21.60,21.68,324,48172,1020875.00,
531784,KCLINFRA    ,XT,Q,1.91,1.91,1.91,1.91,1.91,1.94,83,66170,126384.00,
531795,ATUL AUTO   ,B ,Q,457.15,458.30,439.80,444.00,444.00,439.55,4244,150263,67187719.00,
531802,PRERNA INFR ,X ,Q,24.54,24.89,24.20,24.72,24.75,24.53,157,60564,1489226.00,
531810,METAL COATIN,X ,Q,102.40,105.00,97.60,102.56,102.80,100.36,51,2595,264225.00,
531812,SGN TELECOMS,XT,Q,0.61,0.61,0.58,0.60,0.60,0.59,109,88984,52785.00,
531813,GANGAPAPERS ,X ,Q,76.00,76.00,72.65,75.10,75.94,75.46,14,456,34226.00,
531814,TIRUPATI SAR,X ,Q,10.37,10.79,10.36,10.63,10.63,10.37,107,38621,411938.00,
531821,MUNOTH FIN. ,XT,Q,87.20,91.85,83.13,83.13,83.13,87.50,10,291,24724.00,
531822,RODIUM      ,X ,Q,63.00,64.00,62.00,62.42,62.00,62.00,9,508,32022.00,
531834,NATURA HUE C,X ,Q,4.28,4.28,4.28,4.28,4.28,4.50,2,1000,4280.00,
531841,INDUSFINL   ,XT,Q,17.15,17.40,17.15,17.40,17.40,17.50,5,417,7230.00,
531842,LAHOTI OVER.,X ,Q,29.70,30.09,28.26,28.48,28.48,28.96,160,75279,2193053.00,
531845,ZENITHSTL   ,T ,Q,4.02,4.24,4.00,4.08,4.07,4.10,32,8716,35696.00,
531847,ASIAN STAR  ,B ,Q,754.90,778.00,750.00,753.20,752.70,758.25,24,110,83622.00,
531859,ORIRAIL     ,XT,Q,64.00,64.00,62.95,62.95,62.95,62.79,129,66304,4202610.00,
531861,JOINDRE CAPI,X ,Q,32.01,33.50,31.80,32.26,32.26,32.38,72,6349,207410.00,
531862,BHARATAGRI  ,X ,Q,114.20,115.70,112.50,114.55,114.50,114.20,259,60153,6845447.00,
531867,UNITECH INTE,X ,Q,6.84,6.84,5.65,5.65,5.65,6.00,28,17982,104364.00,
531869,SACHETA MET.,X ,Q,18.66,19.60,18.66,18.86,18.72,19.06,140,18895,360072.00,
531870,POPULAR EST ,XT,Q,26.09,26.09,26.09,26.09,26.09,26.62,2,125,3261.00,
531878,ANJANI FINL ,X ,Q,7.58,8.39,7.58,7.79,7.79,7.57,17,5534,42922.00,
531881,GMETCOAL    ,Z ,Q,27.70,30.45,27.60,29.25,29.25,29.00,22,9347,261335.00,
531888,REXNORD ELE.,X ,Q,128.00,131.75,128.00,129.50,129.50,129.60,94,4848,624944.00,
531889,IIL         ,XT,Q,211.40,211.40,211.40,211.40,211.40,207.30,14,4655,984067.00,
531892,KHANDWALA SE,T ,Q,26.99,27.00,25.95,26.00,26.00,27.30,20,14906,388576.00,
531893,SAWACA BUSI ,XT,Q,0.88,0.92,0.87,0.89,0.90,0.88,552,522425,472815.00,
531900,CCL INTER   ,XT,Q,20.50,21.00,19.51,20.03,20.03,20.03,28,3113,63474.00,
531902,GALLOPENT   ,XT,Q,18.92,18.92,18.92,18.92,18.92,18.56,1,1,18.00,
531909,CROISSANCE  ,X ,Q,4.55,4.65,4.40,4.55,4.55,4.47,99,39083,176479.00,
531910,MADHUVEER   ,XT,Q,29.00,30.00,29.00,29.99,30.00,30.00,13,1162,34454.00,
531913,GOPAL IRON S,XT,Q,9.92,9.92,9.50,9.88,9.90,9.92,221,163327,1614724.00,
531921,AGAR IND COR,B ,Q,905.25,916.60,882.00,887.50,888.00,902.85,1205,10727,9643906.00,
531923,DHAMPURE SGR,XT,Q,43.70,45.49,43.54,44.50,44.50,43.76,59,7788,349793.00,
531925,SHANTANU SHE,XT,Q,1.21,1.23,1.16,1.21,1.21,1.21,50,10904,13233.00,
531929,INNOCORP L  ,X ,Q,5.50,5.78,5.50,5.61,5.61,5.60,32,988,5549.00,
531930,SARTHAK INDU,XT,Q,26.99,27.00,25.61,26.82,26.82,26.88,46,4508,120260.00,
531931,SAI CAPITAL ,XT,Q,125.00,128.00,125.00,128.00,128.00,125.00,8,167,21157.00,
531936,BLUE CHIP(I),T ,Q,0.66,0.66,0.66,0.66,0.66,0.65,4,6500,4290.00,
531944,SERVOTEACH  ,XT,Q,11.78,11.79,11.76,11.76,11.76,12.00,14,1654,19496.00,
531950,VERTEX SEC. ,X ,Q,2.94,3.10,2.89,2.95,2.90,2.94,124,30906,92534.00,
531952,RIBA TEXTILS,XT,Q,48.47,48.96,47.27,48.90,48.90,48.05,43,10539,508423.00,
531959,NEWINFRA    ,XT,Q,14.15,14.15,14.15,14.15,14.15,14.15,2,149,2108.00,
531960,KASHYAP     ,XT,Q,2.07,2.07,1.90,1.90,2.00,1.98,33,15105,28743.00,
531962,SHREMETAL   ,XT,Q,31.00,32.00,31.00,32.00,32.00,32.40,4,558,17505.00,
531968,IITL PROJ   ,X ,Q,17.10,17.10,17.10,17.10,17.10,17.10,2,36,615.00,
531977,CHARTERLOGIS,X ,Q,4.91,4.99,4.83,4.92,4.92,4.91,117,45816,226043.00,
531978,AMBIKA COTTO,B ,Q,1508.95,1509.00,1482.15,1489.10,1487.85,1497.25,209,769,1148917.00,
531979,HIND ALUMIN ,X ,Q,37.50,42.00,37.10,37.88,37.88,37.76,114,13344,517498.00,
531982,SPECTR FOOD ,XT,Q,51.69,51.69,47.50,51.50,51.50,49.23,28,5253,269350.00,
531991,AMRAWOR AGRI,X ,Q,0.77,0.80,0.76,0.77,0.77,0.76,607,694850,539798.00,
531996,ODYSSEY CORP,X ,Q,7.21,7.21,6.95,7.14,7.14,7.02,112,30598,217870.00,
532001,INDUCTO STL.,X ,Q,38.00,38.10,35.05,37.24,37.09,37.19,8,273,10255.00,
532005,SAM INDUS.  ,XT,Q,74.05,75.30,69.00,69.00,69.00,72.57,81,6820,483970.00,
532007,SHREEVAT.FIN,XT,Q,18.10,18.90,17.20,18.10,18.10,18.10,15,1554,28330.00,
532011,POOJA ENT   ,XT,Q,185.00,185.00,178.00,183.05,183.45,186.00,9,542,100071.00,
532015,GRAVITY (I) ,X ,Q,3.79,3.80,3.79,3.80,3.80,3.80,11,827,3134.00,
532016,ESPIRE      ,Z ,Q,17.33,17.33,17.33,17.33,17.33,16.51,8,9096,157633.00,
532019,LCC INFOTECH,T ,Q,1.70,1.75,1.70,1.73,1.73,1.70,40,51303,89273.00,
532022,FILAT FASH  ,X ,Q,13.95,14.00,13.10,13.35,13.35,13.53,621,349366,4792611.00,
532029,SINDHU TRADE,T ,Q,25.70,26.20,24.90,25.98,25.90,25.60,68,20775,530331.00,
532035,UNISTAR MULT,XT,Q,19.99,19.99,18.79,19.23,19.23,19.77,136,125764,2383591.00,
532039,ZENOTECH    ,X ,Q,52.70,53.70,52.70,53.18,53.18,52.79,124,13493,717168.00,
532041,HINDUSTN BIO,XT,Q,6.10,6.10,6.08,6.08,6.08,6.20,25,4017,24428.00,
532042,FRONTL CORP ,X ,Q,30.00,30.00,30.00,30.00,30.00,30.00,3,100,3000.00,
532051,SWELECT     ,B ,Q,562.55,566.90,543.10,548.10,549.40,556.65,311,2836,1580690.00,
532053,WALLFORT FIN,X ,Q,71.05,85.00,71.05,74.36,74.75,71.04,111,7271,565608.00,
532054,KDDL LTD    ,B ,Q,1995.95,2008.70,1905.00,1941.25,1927.00,1962.75,212,814,1598236.00,
532056,ADINATH EXIM,XT,Q,17.40,17.40,16.60,16.70,16.70,17.00,21,1073,17854.00,
532057,ABHINAV CAP ,XT,Q,131.00,144.25,130.53,138.94,144.25,137.39,89,2723,367142.00,
532067,KILPEST (I) ,X ,Q,604.10,615.05,586.15,603.55,611.00,619.50,559,28183,17030029.00,
532070,SUMUKA      ,X ,Q,152.30,158.05,147.30,152.60,154.00,147.35,387,99160,15190740.00,
532090,VANDANA     ,XT,Q,2.04,2.14,2.04,2.13,2.13,2.04,16,19366,40848.00,
532092,SAGARPROD   ,XT,Q,2.04,2.04,2.04,2.04,2.04,2.14,1,5000,10200.00,
532100,INDO-CITY IN,X ,Q,7.80,8.68,7.80,8.68,8.68,7.75,27,39947,345437.00,
532102,SBEC SUGAR  ,XT,Q,34.61,35.50,34.61,35.01,34.72,34.61,56,6316,221113.00,
532113,BRIJLAXMI LE,X ,Q,4.23,4.23,4.23,4.23,4.23,4.45,5,442,1869.00,
532123,BSE  INFRA  ,XT,Q,11.84,11.84,11.84,11.84,11.84,11.61,107,76149,901604.00,
532124,RELIAB VEN  ,X ,Q,10.97,10.97,10.22,10.35,10.35,10.48,42,4114,42915.00,
532134,BANKBARODA  ,A ,Q,193.40,194.90,190.70,191.85,191.85,193.35,8007,629479,121597669.00,
532140,MOHITE      ,XT,Q,26.00,26.00,26.00,26.00,26.00,25.95,3,41,1066.00,
532141,ACL         ,T ,Q,105.00,108.00,105.00,105.00,105.00,106.20,65,4346,460906.00,
532143,SKM EGG PROD,B ,Q,397.90,398.40,365.30,378.80,376.40,381.15,1988,36086,13843097.00,
532144,WELCORP     ,A ,Q,321.15,328.95,319.95,324.35,324.35,319.70,2014,56591,18395175.00,
532145,H.S.(I) LTD.,X ,Q,11.72,11.72,11.21,11.29,11.21,11.78,36,2414,27715.00,
532149,BNK OF INDIA,A ,Q,89.83,90.76,86.84,87.57,87.57,89.53,2920,545623,48572757.00,
532150,INDRAPRAST  ,T ,Q,165.75,173.00,165.00,169.25,169.25,173.40,566,42663,7211586.00,
532154,JOHNPHARMA  ,X ,Q,0.49,0.51,0.49,0.49,0.50,0.49,1821,1633229,809708.00,
532155,GAIL (I) LTD,A ,Q,118.85,119.20,117.50,118.00,118.00,117.80,27467,1891661,224117686.00,
532156,VAIBHAVGBL  ,A ,Q,388.05,392.95,382.25,385.35,385.35,386.20,1694,33618,13013916.00,
532159,TRESCON     ,XT,Q,14.53,14.53,14.25,14.25,14.25,14.25,22,319101,4549737.00,
532160,GUJ.STAT.FIN,T ,Q,11.27,11.27,11.27,11.27,11.27,10.74,42,21920,247038.00,
532162,JK PAPER    ,A ,Q,370.45,383.50,366.15,380.05,380.05,364.40,6867,333859,126426070.00,
532163,SAREGAMA (I),A ,Q,395.60,398.65,387.00,389.05,391.00,395.60,1456,29380,11482211.00,
532167,OMKAR PHARM.,XT,Q,20.18,20.38,19.18,20.38,20.38,20.18,10,574,11198.00,
532172,ADROITINFO  ,T ,Q,21.50,21.95,20.71,21.64,21.70,21.14,29,7497,161195.00,
532173,CYBERTECH   ,T ,Q,123.50,126.90,122.00,122.45,122.00,125.00,96,3770,469298.00,
532174,ICICI BANK  ,A ,Q,970.40,982.45,966.80,968.95,968.95,966.25,5841,272953,265903731.00,
532175,CYIENT      ,A ,Q,1550.05,1597.00,1550.05,1584.75,1587.40,1545.60,986,10682,16925074.00,
532178,ENGINRS.(I) ,A ,Q,165.05,166.55,160.15,161.45,161.45,164.25,4025,389294,63374340.00,
532180,DHANALAK.BNK,B ,Q,25.40,25.86,24.16,24.26,24.49,24.75,1738,864576,21658634.00,
532181,GUJ.MINERAL ,A ,Q,221.30,223.80,212.95,213.35,213.35,221.10,7663,745082,162062229.00,
532183,GAYATRI SUGR,XT,Q,14.20,14.20,14.20,14.20,14.20,13.93,65,38752,550278.00,
532187,INDUSIND BNK,A ,Q,1406.00,1435.00,1405.00,1424.70,1424.70,1400.65,2499,54054,76899369.00,
532189,INDIA TOURIS,B ,Q,380.15,400.00,380.15,389.50,390.20,383.65,587,10500,4110197.00,
532209,J & K BANK  ,A ,Q,92.99,92.99,89.55,90.12,90.12,91.51,4728,683189,62129877.00,
532210,CITY UNION  ,A ,Q,127.95,127.95,124.40,124.70,124.70,126.30,3448,306562,38620082.00,
532212,ARCHIES LTD ,T ,Q,26.00,26.00,25.20,25.76,25.90,25.78,28,3043,77543.00,
532215,AXIS BANK   ,A ,Q,983.70,994.55,979.25,981.65,981.65,978.80,4971,142356,140534714.00,
532216,HB STOCKHOL.,B ,Q,58.20,58.30,56.80,57.17,56.80,58.77,68,3149,180556.00,
532217,SIEL FINANCL,X ,Q,9.66,10.37,9.66,10.09,10.10,10.20,11,2442,24463.00,
532218,SOUTH IND.BK,A ,Q,24.90,25.35,23.75,23.97,23.97,24.66,13311,11551401,282706554.00,
532219,ENERGY DEV. ,B ,Q,16.00,16.29,15.85,16.03,16.12,16.20,151,33377,535745.00,
532221,SONATA SOFT.,A ,Q,1025.05,1033.95,1024.00,1031.35,1031.70,1020.35,410,3426,3524223.00,
532230,BENGAL TEA &,X ,Q,82.30,83.95,82.05,83.21,83.21,82.73,56,5606,468575.00,
532234,NAT.ALUM    ,A ,Q,90.57,91.05,89.50,89.70,89.70,90.08,2123,274625,24770919.00,
532240,INDIA NIPPON,B ,Q,467.60,478.00,458.05,459.90,458.80,462.85,472,7554,3541495.00,
532256,NALWA SONS  ,B ,Q,2592.00,2638.10,2579.35,2586.40,2600.00,2578.05,336,1597,4163587.00,
532259,APAR INDUS. ,A ,Q,4900.00,4963.95,4714.00,4894.60,4894.60,4852.05,1278,5915,28772088.00,
532262,TCI INDUS.  ,X ,Q,1211.00,1211.00,1111.00,1127.50,1127.50,1160.10,8,45,51482.00,
532268,ACCELYA     ,B ,Q,1575.00,1600.00,1560.65,1598.55,1600.00,1565.70,1525,8832,13948687.00,
532271,ORCHASP     ,XT,Q,2.59,2.60,2.36,2.48,2.49,2.48,233,257337,638203.00,
532281,HCL TECHNO  ,A ,Q,1190.00,1190.00,1169.00,1171.25,1171.25,1182.15,2071,22509,26566491.00,
532284,TCFC FINANCE,X ,Q,36.50,37.95,35.30,35.87,35.87,37.45,84,13241,479694.00,
532285,GEOJITFSL   ,B ,Q,52.50,53.00,51.55,51.66,51.60,51.62,312,24226,1270602.00,
532286,JINDAL STE  ,A ,Q,650.35,668.60,646.65,649.00,649.00,659.80,3418,93221,61192287.00,
532290,BLB LTD.    ,B ,Q,21.74,21.90,20.55,20.80,20.75,21.28,268,39306,823470.00,
532296,GLENMARK PHA,A ,Q,753.05,762.80,746.30,749.70,749.70,758.00,1309,21629,16378751.00,
532300,WOCKHARDT   ,A ,Q,231.25,238.95,231.25,236.00,236.00,231.85,1647,85415,20175052.00,
532301,TATA COFFEE ,A ,Q,249.95,249.95,246.40,246.90,246.40,245.55,449,9242,2290711.00,
532304,KJMCCORP    ,XT,Q,39.75,41.00,38.21,38.21,38.21,39.14,4,750,29651.00,
532305,IND-SWIFT LA,B ,Q,90.02,91.70,89.13,89.70,89.85,88.76,223,7658,691964.00,
532307,MELSTAR INFO,Z ,Q,1.91,2.07,1.91,2.07,2.07,1.98,5,473,936.00,
532309,GEPIL       ,B ,Q,165.05,166.70,161.80,163.40,164.45,162.45,456,22091,3619302.00,
532310,SHREE RAMA  ,T ,Q,18.49,18.49,18.25,18.35,18.35,18.15,33,17082,314627.00,
532313,MAHINDRALIFE,A ,Q,531.50,536.60,521.70,528.15,525.85,525.20,569,6251,3300493.00,
532315,TELESYS SOFT,X ,Q,8.82,9.07,8.56,8.76,9.00,9.00,45,25407,224138.00,
532320,VAARAD      ,XT,Q,17.99,17.99,17.10,17.89,17.89,17.99,31,2889,50309.00,
532321,ZYDUSLIFE   ,A ,Q,647.05,652.00,639.35,640.80,641.25,645.30,1208,18505,11952075.00,
532323,SHIVA CEMENT,B ,Q,46.90,47.50,46.26,46.74,46.74,46.81,367,121089,5667484.00,
532324,CINEVISTA   ,B ,Q,14.83,15.13,14.66,14.78,14.78,15.13,277,14675,219497.00,
532326,INTENS TECH ,B ,Q,79.31,81.00,77.95,78.21,78.21,79.58,301,14672,1158734.00,
532329,DANLAW TECH.,XT,Q,829.80,833.00,790.00,813.85,810.00,829.80,122,3451,2826069.00,
532331,AJANTA PHARM,A ,Q,1765.20,1769.15,1707.35,1719.55,1720.00,1765.15,561,2803,4844728.00,
532333,HB PORTFOLIO,X ,Q,56.30,59.25,55.05,56.74,56.74,58.45,149,9080,511811.00,
532334,HB ESTATE DE,X ,Q,39.15,41.11,39.15,40.90,41.10,40.84,37,13355,538045.00,
532335,AMBICA AGAR.,T ,Q,37.39,37.39,36.33,37.20,37.20,37.39,9,279,10413.00,
532339,COMPUCOM SOF,B ,Q,20.89,20.93,20.43,20.44,20.44,20.60,185,5753,118918.00,
532340,OMNI AX'S SO,XT,Q,3.98,4.03,3.70,4.03,4.03,3.84,89,170650,646108.00,
532341,IZMO        ,T ,Q,165.85,165.85,165.85,165.85,165.85,162.60,7,59,9785.00,
532343,TVS MOTOR L ,A ,Q,1365.00,1382.90,1354.20,1362.90,1357.55,1355.45,2300,42740,58460478.00,
532344,SOFTSOL (I) ,XT,Q,201.95,201.95,201.95,201.95,201.95,206.05,12,272,54930.00,
532345,GATI LTD.   ,A ,Q,155.50,156.25,151.00,151.65,151.30,154.35,911,38324,5876081.00,
532348,SUBEX LTX   ,A ,Q,33.00,36.09,33.00,35.44,35.44,32.76,10996,5507242,194635033.00,
532349,TRANSPORT CO,A ,Q,793.95,805.00,785.25,795.85,792.80,793.85,202,1634,1301710.00,
532350,PADMALAYA TE,Z ,Q,2.06,2.19,2.05,2.06,2.06,2.14,17,28512,58673.00,
532351,AKSH OPTIFIB,B ,Q,12.19,12.40,11.67,11.78,11.78,11.93,369,118896,1425774.00,
532354,VIRGOGLOB   ,XT,Q,8.09,8.09,8.09,8.09,8.09,8.25,55,10818,87517.00,
532355,PICTURHOUSE ,X ,Q,5.67,5.67,5.18,5.67,5.67,5.40,48,21081,115032.00,
532356,TRIVENI ENGG,A ,Q,308.05,314.10,304.15,306.95,306.95,306.30,2455,117972,36526129.00,
532357,MUKTA ARTS  ,B ,Q,58.00,58.75,58.00,58.07,58.25,58.10,86,3481,202655.00,
532359,HITKIT GLOB ,XT,Q,0.93,0.93,0.85,0.87,0.85,0.89,107,181551,164884.00,
532362,NAGPUR POWER,X ,Q,75.00,76.00,72.50,73.07,73.70,74.41,93,7195,529527.00,
532365,DYNACONS SYS,B ,Q,677.95,680.00,639.25,644.40,644.40,672.85,1379,15222,10041789.00,
532366,PNB GILTS   ,B ,Q,62.30,63.62,62.30,62.73,62.52,62.75,177,13841,874792.00,
532368,BCG         ,B ,Q,21.84,21.84,21.84,21.84,21.84,22.98,1921,3678632,80341322.00,
532369,RAMCO INDS. ,B ,Q,173.65,183.30,173.65,180.45,180.00,173.55,354,13545,2402694.00,
532370,RAMCO  SYSTM,B ,Q,293.00,296.25,283.00,285.05,285.15,293.85,458,10582,3058839.00,
532371,TATA TELESER,A ,Q,82.61,83.40,81.25,82.25,82.25,82.46,6817,1092510,89969588.00,
532372,VIRINCHI    ,T ,Q,34.20,34.77,34.20,34.22,34.22,34.20,41,21773,747632.00,
532373,WEPSOLN     ,XT,Q,21.62,22.00,21.62,22.00,22.00,21.62,25,5751,124623.00,
532374,STER TECH   ,A ,Q,155.90,158.60,154.45,155.30,155.00,154.85,1380,110079,17175647.00,
532375,TIPSINDUSTR ,B ,Q,303.50,315.55,303.50,312.00,313.20,308.95,278,4721,1475019.00,
532376,MRO-TEK     ,B ,Q,58.96,58.96,57.85,58.41,58.63,58.32,79,1764,102573.00,
532379,FIRSTFIN    ,X ,Q,4.80,4.80,4.42,4.79,4.79,4.65,11,3390,15689.00,
532380,BABA ARTS   ,X ,Q,15.19,16.79,15.19,15.38,15.38,15.77,537,140846,2216362.00,
532382,BALAJI TELE.,B ,Q,63.16,66.78,63.16,64.26,63.58,63.72,1241,42408,2764694.00,
532384,TYCHE INDS  ,X ,Q,171.00,177.00,171.00,174.60,174.95,170.70,164,9245,1613011.00,
532386,CALIFORN.SOF,B ,Q,14.89,14.89,14.20,14.20,14.20,14.20,56,3708,53110.00,
532387,PRITISHN COM,B ,Q,37.25,37.55,37.00,37.05,37.41,36.56,46,377,14073.00,
532388,INDIAN OVER.,A ,Q,31.86,33.44,31.51,31.76,31.76,31.66,8536,7672836,249950305.00,
532390,TAJ GVK HOTL,B ,Q,236.90,237.00,232.15,233.45,234.85,234.50,450,12458,2920700.00,
532392,CREATIVE EYE,B ,Q,3.40,3.40,3.32,3.32,3.32,3.40,7,4036,13717.00,
532395,AXISCADES   ,T ,Q,552.00,564.85,540.00,547.45,541.10,552.45,144,4950,2720455.00,
532397,KONNDOR     ,X ,Q,7.01,7.01,6.81,6.91,6.91,7.16,14,5377,37045.00,
532398,UMESL       ,B ,Q,4.76,4.87,4.25,4.35,4.41,4.26,110,16519,74563.00,
532400,BSOFT       ,A ,Q,465.45,479.00,465.45,474.90,474.90,465.40,1728,83523,39746154.00,
532402,USGTECH     ,X ,Q,3.75,3.75,3.50,3.52,3.51,3.64,42,4452,15886.00,
532403,FOURTH GEN. ,XT,Q,3.52,3.70,3.52,3.70,3.70,3.70,5,737,2650.00,
532404,SAVEN TECHNO,X ,Q,39.91,40.70,39.22,40.55,40.70,39.92,99,6340,254953.00,
532406,AVANTEL LTD ,X ,Q,241.00,259.95,241.00,252.05,252.05,235.10,11650,861593,218112713.00,
532407,MOSCHIP     ,B ,Q,96.19,96.49,94.26,94.56,94.56,94.78,2027,508093,48445679.00,
532408,MEGASOFT LTD,T ,Q,45.02,49.47,44.77,47.93,47.75,47.12,530,88881,4189469.00,
532410,TRANSCORP IN,X ,Q,31.00,31.00,29.60,29.63,29.86,30.00,71,8495,256501.00,
532411,VISESH INFO.,B ,Q,0.50,0.50,0.44,0.44,0.44,0.50,2522,18031349,8329516.00,
532413,CEREBRA INTE,T ,Q,4.72,4.72,4.72,4.72,4.72,4.81,64,31345,147948.00,
532416,MID-DAY MULT,B ,Q,5.05,5.05,4.90,5.05,5.05,5.05,41,4404,22101.00,
532419,SMARTLINK   ,B ,Q,176.60,182.95,173.30,178.55,178.00,173.95,199,4181,756667.00,
532424,GODREJ CONS ,A ,Q,1022.35,1047.40,1022.35,1041.45,1041.45,1023.10,1320,13619,14140612.00,
532425,GENUSPRIME  ,X ,Q,16.50,16.75,15.21,15.95,16.25,16.01,45,3892,60870.00,
532430,BF UTILI    ,B ,Q,644.95,652.55,625.00,629.75,625.00,640.65,1851,12772,8130264.00,
532432,UNITD SPR   ,A ,Q,1016.05,1030.15,1016.05,1019.40,1019.50,1013.35,1226,19860,20289980.00,
532435,SANINFRA    ,B ,Q,77.00,78.00,74.00,76.23,75.80,76.31,578,124363,9502158.00,
532439,OLECTRA     ,A ,Q,1206.05,1216.40,1185.90,1189.50,1189.50,1205.50,2078,22517,27002223.00,
532440,MPS LTD     ,B ,Q,1571.00,1616.00,1528.00,1571.80,1610.00,1568.55,199,1023,1595679.00,
532443,CERA SANITAR,A ,Q,8898.00,8999.95,8782.85,8846.30,8818.05,8845.60,203,364,3214843.00,
532444,T. SPIRITUAL,X ,Q,1.21,1.24,1.21,1.23,1.24,1.19,41,12859,15761.00,
532454,BHARTI ARTL ,A ,Q,868.05,875.20,864.45,869.45,869.75,868.00,3352,35155,30554538.00,
532455,SHALIMAR WIR,XT,Q,20.40,20.40,19.00,19.80,19.80,20.00,73,19330,373035.00,
532456,COMPUAGE INF,B ,Q,13.37,13.90,13.03,13.45,13.45,13.00,676,164813,2224074.00,
532457,GULSHAN POLY,B ,Q,225.05,236.35,225.05,231.60,231.60,223.70,2310,81518,18852529.00,
532459,FAZE3AUTO   ,XT,Q,71.50,73.50,71.50,72.75,72.16,73.18,49,22026,1593390.00,
532460,PONNI SUG(ER,B ,Q,396.50,414.10,396.50,403.50,402.75,394.40,242,2544,1041264.00,
532461,PUNJAB NATIO,A ,Q,63.56,64.15,62.40,62.81,62.81,63.36,9500,4043307,256741745.00,
532466,ORACLE FIN  ,A ,Q,3950.15,4036.70,3950.15,4013.50,4007.85,3955.20,428,1816,7269936.00,
532467,HAZ MUL PRO ,XT,Q,129.15,134.50,128.00,129.70,130.35,131.40,309,51657,6737861.00,
532468,KAMAHOLDING ,A ,Q,12340.00,12450.00,12300.00,12326.70,12438.40,12314.05,147,1280,15824400.00,
532475,APTECH LTD  ,B ,Q,319.40,321.85,313.15,316.10,316.10,318.95,350,11477,3636880.00,
532477,UNION BANK L,A ,Q,93.49,93.79,91.00,91.29,91.29,92.33,2450,458768,42298085.00,
532478,UNITED BREWA,A ,Q,1511.05,1538.15,1511.05,1532.60,1535.20,1531.05,249,1906,2923222.00,
532479,ISMT LTD    ,B ,Q,84.75,84.75,79.48,80.30,80.20,79.60,366,26500,2136564.00,
532481,NOIDA-TOLL B,B ,Q,6.97,7.04,6.88,6.90,6.89,6.97,184,33634,234004.00,
532482,GRANULES (I),A ,Q,295.05,299.50,294.00,294.80,295.20,294.55,746,26361,7834891.00,
532483,CANARA BANK ,A ,Q,335.75,337.50,330.70,331.80,331.80,332.50,2189,197716,66085476.00,
532485,BALMER LA.IN,B ,Q,441.00,442.00,438.10,438.75,438.75,439.00,1195,70977,31241409.00,
532486,POKARNA LTD ,B ,Q,462.15,479.50,459.15,461.15,461.15,466.15,785,11610,5421186.00,
532488,DIVI'S LAB. ,A ,Q,3705.25,3738.10,3644.00,3657.55,3657.55,3705.20,2353,14561,53650617.00,
532493,ASTRA MICRO ,A ,Q,372.55,377.20,367.15,370.00,367.15,367.50,1380,27844,10333248.00,
532497,RADICOKHAIT ,A ,Q,1215.65,1238.45,1204.00,1222.60,1222.60,1220.25,2785,32300,39422098.00,
532500,MARUTISUZUK ,A ,Q,9640.00,9657.00,9552.00,9570.20,9568.00,9597.75,4232,27124,260344097.00,
532503,RAJAPAMILLS ,X ,Q,748.20,748.20,715.00,724.10,722.90,738.70,88,3047,2224921.00,
532504,NAVIN FLUORI,A ,Q,4509.05,4566.45,4509.05,4534.75,4546.20,4513.60,431,1825,8287598.00,
532505,UCOBANK     ,A ,Q,33.59,34.31,32.50,32.96,32.74,33.19,5229,3244981,108187589.00,
532507,BAG FIL MED ,T ,Q,5.69,5.80,5.52,5.57,5.57,5.77,137,45003,253839.00,
532508,JSL         ,A ,Q,426.55,437.70,424.00,426.70,427.15,431.25,745,9963,4270150.00,
532509,SUPRAJIT ENG,A ,Q,389.05,394.55,385.05,388.30,388.15,389.15,1144,16525,6426257.00,
532513,TVSELE      ,B ,Q,362.55,370.00,358.95,360.00,361.45,363.60,525,7796,2832923.00,
532514,INDRA GAS   ,A ,Q,447.95,447.95,442.65,444.05,443.75,445.20,651,12350,5498250.00,
532515,TV TODAY    ,B ,Q,210.00,214.00,209.55,210.35,211.00,211.25,611,16450,3490985.00,
532521,PALRED      ,B ,Q,158.00,163.15,155.40,159.00,159.00,155.65,521,15320,2453364.00,
532522,PETRONET LNG,A ,Q,222.70,222.70,220.40,220.90,220.85,221.00,667,33724,7468385.00,
532523,BIOCON LTD. ,A ,Q,260.95,263.90,259.50,260.35,260.35,260.35,2552,123566,32398173.00,
532524,PTC INDIA   ,A ,Q,126.05,126.90,125.75,126.50,126.50,125.55,630,45545,5751033.00,
532525,BANK MAHA   ,A ,Q,39.90,40.40,39.31,39.42,39.42,39.65,7845,3934057,156353095.00,
532527,RK FORGINGS ,A ,Q,661.10,680.45,659.95,669.60,669.60,652.85,2898,61789,41438529.00,
532528,DATAM GLOB  ,B ,Q,554.00,559.60,541.80,545.50,545.50,552.55,594,6342,3501785.00,
532529,NDTV        ,A ,Q,221.05,226.35,221.05,223.95,224.00,223.30,411,14223,3200877.00,
532531,STAR        ,A ,Q,425.25,439.25,425.25,437.90,439.15,427.40,724,11088,4827925.00,
532532,JAIPRA      ,A ,Q,8.36,8.44,8.06,8.09,8.09,8.30,2090,3175783,26038913.00,
532538,ULTRATECH CM,A ,Q,8159.20,8322.95,8159.20,8211.95,8211.95,8159.15,933,20539,168922407.00,
532539,UNOMINDA    ,A ,Q,622.05,629.70,602.60,605.05,608.00,619.00,1175,19231,11720916.00,
532540,TCS LTD.    ,A ,Q,3405.00,3413.55,3378.35,3388.80,3388.80,3399.45,10422,101202,343278515.00,
532541,COFORGE     ,A ,Q,4790.00,5403.85,4710.00,5390.90,5390.90,4911.60,24230,492794,2440453586.00,
532543,GULFPETRO   ,B ,Q,44.25,44.85,43.29,43.51,43.60,44.18,248,16107,708266.00,
532548,CENTURYPLY  ,A ,Q,642.55,642.55,621.00,635.15,634.35,635.20,1338,12598,7964313.00,
532553,WELENT      ,A ,Q,303.75,308.70,301.25,302.80,301.90,303.75,481,11075,3371997.00,
532555,NTPC LTD    ,A ,Q,221.70,222.35,219.70,220.75,220.75,221.50,5898,597629,131897419.00,
532604,SALSTEEL    ,T ,Q,16.01,16.20,15.95,16.05,16.05,16.26,90,17178,275404.00,
532605,JBM AUTO    ,A ,Q,1522.85,1525.00,1487.85,1499.55,1507.00,1512.95,946,8621,12977327.00,
532610,DWAR SUGAR  ,A ,Q,90.64,93.13,89.80,90.18,90.18,89.75,5701,676075,61991751.00,
532612,INDOCO REM  ,A ,Q,328.50,336.30,327.90,329.75,329.95,331.05,791,10233,3381859.00,
532613,VIPCLOTHNG  ,T ,Q,42.61,45.00,42.61,43.77,43.90,43.12,271,137977,6093103.00,
532614,IMPEX       ,T ,Q,2.90,2.90,2.85,2.85,2.85,2.90,22,26087,74388.00,
532616,XCHANGING   ,B ,Q,90.34,93.75,89.30,92.87,93.00,90.01,1065,78369,7196336.00,
532617,JETAIRWAYS  ,Z ,Q,75.29,75.29,72.35,72.35,72.35,73.82,212,101525,7535172.00,
532621,MORARJETEX  ,B ,Q,22.35,22.35,21.33,21.51,21.82,22.35,91,9555,209516.00,
532624,JINDALPH    ,B ,Q,354.40,380.50,350.00,359.00,359.00,336.50,766,12320,4529390.00,
532626,POCL        ,B ,Q,446.65,449.00,431.95,435.40,435.20,442.45,369,5053,2214740.00,
532627,JPPOWER     ,A ,Q,7.72,7.79,7.31,7.36,7.36,7.66,23493,29934568,225141025.00,
532628,3I INFOTECH ,B ,Q,32.56,33.25,32.56,32.81,32.81,32.66,973,117106,3857137.00,
532630,GOKALDAS    ,A ,Q,609.00,618.00,592.30,595.90,593.10,603.30,1872,31324,18978401.00,
532633,ALLSEC TECH ,B ,Q,598.00,644.35,598.00,621.75,618.00,599.30,639,6852,4299017.00,
532636,IIFL        ,A ,Q,587.00,596.55,582.70,583.40,584.00,583.50,930,14226,8392123.00,
532637,MAN DRUGORG ,B ,Q,104.00,104.55,102.25,102.45,102.25,102.95,118,3732,387865.00,
532638,SHOPPER STOP,A ,Q,791.55,818.00,791.55,811.45,802.75,801.70,410,3908,3175777.00,
532640,CYBER MEDIA ,B ,Q,16.68,17.25,16.68,16.79,16.78,17.02,92,4182,70485.00,
532641,NDL         ,B ,Q,20.77,21.30,20.73,21.10,20.80,20.68,252,81253,1702292.00,
532642,JSWHL       ,B ,Q,4494.95,4501.80,4400.05,4412.55,4415.90,4458.85,49,105,465189.00,
532644,JK CEMENT   ,A ,Q,3090.10,3181.35,3087.20,3140.85,3159.45,3092.95,730,31335,97759643.00,
532645,BEEYU OVERSE,X ,Q,1.83,1.83,1.76,1.81,1.81,1.83,24,4133,7455.00,
532648,YES BANK    ,A ,Q,17.06,17.19,16.91,16.94,16.94,17.01,14859,13872675,235833698.00,
532649,NECTAR LIFE ,B ,Q,25.56,27.43,25.56,25.79,25.74,25.51,681,157074,4168319.00,
532650,MSP STEEL   ,T ,Q,12.49,12.49,12.49,12.49,12.49,12.74,34,12788,159722.00,
532651,SPL INDS    ,B ,Q,63.50,63.83,62.45,62.89,63.00,63.11,95,4224,266719.00,
532652,KARNATAKA BK,A ,Q,230.95,231.60,226.25,227.50,227.50,229.05,2462,117406,26808434.00,
532654,MCLEOD RUSSE,B ,Q,19.46,22.75,19.30,22.31,22.31,19.42,2053,632828,13736596.00,
532656,FACOR ALLOYS,X ,Q,6.80,6.82,6.70,6.75,6.75,6.72,601,257524,1744146.00,
532659,IDFC        ,A ,Q,126.45,126.45,122.35,122.60,122.60,124.45,6518,690442,85651662.00,
532661,RANE MADRAS ,B ,Q,647.60,661.70,645.15,647.30,646.35,650.90,111,1476,960790.00,
532662,HT MEDIA    ,B ,Q,23.94,24.34,23.50,23.58,23.53,23.94,383,58945,1414758.00,
532663,SASKEN      ,B ,Q,944.05,965.45,931.65,959.50,965.45,938.50,152,1189,1132620.00,
532666,FCS SOFTWARE,B ,Q,2.32,2.35,2.30,2.33,2.33,2.32,1184,1552357,3603740.00,
532667,SUZLONENERGY,A ,Q,22.70,22.86,21.26,21.49,21.49,21.93,42394,46482505,1034880066.00,
532668,AURIONPRO SO,B ,Q,1024.10,1024.95,975.15,981.85,979.65,1000.40,525,4838,4824115.00,
532670,RENUKA SUGAR,A ,Q,45.01,47.14,44.85,46.80,46.80,44.86,8983,2997046,139013509.00,
532673,KM SUGARMILL,B ,Q,30.51,32.75,30.51,32.14,32.14,30.90,1379,498639,16012213.00,
532674,BANNARI AMMA,B ,Q,50.05,50.05,48.11,48.29,48.11,49.67,95,3091,150347.00,
532676,PBA INFRASTR,B ,Q,7.99,7.99,7.50,7.56,7.56,7.72,71,8241,62689.00,
532683,AIAENGINEER ,A ,Q,3639.00,3675.50,3606.35,3651.30,3645.00,3644.90,533,2102,7641810.00,
532684,EVEREST KANT,B ,Q,115.25,117.35,113.75,114.20,114.15,114.25,546,39813,4596970.00,
532686,KERNEX MICRO,T ,Q,432.20,432.20,432.20,432.20,432.20,411.65,12,804,347488.00,
532687,REPRO INDIA ,B ,Q,852.45,861.15,831.05,835.65,834.00,858.25,724,4595,3908868.00,
532689,PVRINOX     ,A ,Q,1695.30,1737.00,1695.30,1733.50,1733.50,1708.15,2424,28483,49213454.00,
532692,RADHA MADHAV,Z ,Q,2.50,2.50,2.31,2.49,2.50,2.39,147,231749,566112.00,
532694,BARTRONICSIN,Z ,Q,10.90,10.90,10.90,10.90,10.90,10.69,9,7700,83930.00,
532695,CELEBRITYFAS,B ,Q,16.24,17.00,16.24,16.48,16.48,16.43,376,79553,1324069.00,
532698,NITINSPINNER,B ,Q,278.70,294.00,274.35,289.20,286.00,279.60,1292,305107,87713882.00,
532699,ROYALORCH   ,B ,Q,307.00,307.00,296.15,297.65,296.15,297.80,184,1525,456095.00,
532700,ENT NETWORK ,B ,Q,152.25,154.95,150.00,151.90,151.90,149.95,52,1713,261941.00,
532701,CELLA       ,Z ,Q,8.87,9.13,8.27,8.30,8.30,8.70,72,12641,108232.00,
532702,GUJ PETRONET,A ,Q,276.00,280.45,276.00,278.05,277.70,276.90,957,21876,6096718.00,
532705,JAGRAN PRAK ,B ,Q,116.85,117.80,108.40,109.70,109.70,113.40,1227,56199,6319748.00,
532707,DYNEMIC PRO ,B ,Q,353.10,363.85,343.00,362.00,362.45,346.00,711,6898,2451395.00,
532708,GVK POWERINF,B ,Q,4.64,4.64,4.64,4.64,4.64,4.88,332,258450,1199208.00,
532710,SADBHAV ENGG,T ,Q,12.85,12.85,12.85,12.85,12.85,12.60,47,26558,341270.00,
532712,REL COM LTD ,T ,Q,1.27,1.28,1.25,1.26,1.26,1.27,689,789763,998146.00,
532713,SAKUMA EXPO ,B ,Q,15.48,15.78,15.25,15.26,15.26,15.28,237,28665,442198.00,
532714,KEC INTERN  ,A ,Q,650.40,660.00,650.40,656.60,656.80,648.95,669,16108,10572107.00,
532716,GILLA ARBUT ,B ,Q,70.35,70.64,69.50,69.62,69.70,70.21,35,411,28685.00,
532717,INDOTECHTR  ,T ,Q,446.15,446.15,446.15,446.15,446.15,424.95,19,3521,1570894.00,
532719,BL KASHYAP  ,B ,Q,50.18,51.35,49.15,51.22,51.30,49.63,339,32795,1641806.00,
532720,M&M FINANSER,A ,Q,298.15,305.90,298.15,304.10,304.10,298.10,4616,257142,78020532.00,
532722,NITCO TILES ,B ,Q,18.33,18.42,17.70,18.10,18.19,18.32,290,128849,2321986.00,
532723,MPDL        ,X ,Q,22.99,22.99,21.85,22.04,22.04,22.99,27,8972,197841.00,
532725,SOLAR IND   ,A ,Q,4375.00,4515.50,4375.00,4503.35,4485.30,4373.35,1932,9115,40654948.00,
532726,GALLANTT    ,B ,Q,88.01,92.10,88.01,90.49,90.25,89.56,224,18070,1645893.00,
532728,MALU PAPER  ,B ,Q,36.54,37.81,36.16,36.25,36.25,36.50,127,4700,173029.00,
532729,UTTAM SUGAR ,B ,Q,357.95,367.45,354.80,360.85,360.50,353.25,513,7260,2621506.00,
532730,STL GLOBAL  ,B ,Q,14.64,15.30,13.85,14.81,14.80,14.42,158,14067,205733.00,
532732,KEWAL KIRAN ,B ,Q,722.50,722.50,686.10,695.90,700.00,719.05,547,5000,3527584.00,
532733,SUN TVNET   ,A ,Q,573.75,586.00,563.85,582.25,582.25,568.35,4858,142262,82208494.00,
532734,GODAWARI POW,A ,Q,598.80,604.95,595.65,602.00,603.90,592.45,1176,24307,14586228.00,
532735,RSYSTEMINT  ,B ,Q,486.65,508.15,486.65,498.90,499.00,495.65,728,9369,4708360.00,
532737,EMKAY GLOB F,B ,Q,87.00,87.00,84.10,85.00,85.00,85.17,149,2096,179811.00,
532740,LOKESH MACH ,T ,Q,183.70,184.95,180.10,180.45,180.10,183.05,64,2777,504766.00,
532741,KAMDHENU    ,B ,Q,300.65,326.40,300.35,312.40,312.40,299.80,1211,27229,8565945.00,
532742,PAUSHAKLTD  ,A ,Q,6565.00,6711.00,6499.00,6533.55,6533.55,6571.55,612,2806,18464197.00,
532744,GTN TEXTILE ,X ,Q,11.98,11.98,11.01,11.07,11.30,11.37,24,2487,27500.00,
532745,INDICAP     ,XT,Q,55.00,55.00,53.17,53.77,53.65,55.95,42,7183,387779.00,
532748,PRIME FOCUS ,B ,Q,89.35,91.10,88.00,88.65,88.00,88.75,215,5146,460317.00,
532749,ALLCARGO    ,A ,Q,276.55,276.55,270.50,273.00,274.00,274.05,1309,33284,9073114.00,
532754,GMRINFRA    ,A ,Q,59.89,66.50,59.70,64.83,64.83,59.32,17287,7928267,512091011.00,
532755,TECH MAH    ,A ,Q,1205.00,1216.25,1196.10,1198.55,1198.55,1200.90,1542,34582,41695877.00,
532756,CIEINDIA    ,A ,Q,524.75,524.75,512.00,517.20,517.20,513.60,2088,35208,18250985.00,
532757,VOLTAMP TRAN,A ,Q,5765.05,5958.75,5656.45,5681.85,5715.00,5870.90,1154,3836,22169673.00,
532759,ATLANTA     ,T ,Q,13.90,14.30,13.70,14.00,14.00,13.65,33,27562,386574.00,
532760,DEEPENR     ,T ,Q,126.00,126.05,126.00,126.05,126.05,120.05,5,1624,204679.00,
532761,HOV SERVICES,T ,Q,47.62,49.00,47.50,48.05,48.05,49.00,18,2209,105878.00,
532762,ACTION CONST,A ,Q,774.30,791.40,768.10,784.05,779.00,774.15,671,9932,7750055.00,
532764,GEECEE      ,B ,Q,187.10,205.00,187.10,191.00,191.20,190.30,119,1984,382761.00,
532766,RICHA IND   ,Z ,Q,1.27,1.39,1.27,1.30,1.30,1.33,14,2703,3621.00,
532768,FIEM INDS   ,A ,Q,1849.00,1877.80,1849.00,1851.25,1849.00,1844.65,521,3334,6202396.00,
532771,JHS SVEN    ,T ,Q,26.81,26.81,26.81,26.81,26.81,27.35,21,8820,236464.00,
532772,DCBBANK     ,A ,Q,116.00,117.80,116.00,116.45,116.45,115.95,1896,67272,7868052.00,
532773,GLOBAL VECT ,T ,Q,78.45,78.45,76.09,76.22,76.22,76.65,6,1590,121524.00,
532774,INSPIRISYS  ,T ,Q,72.52,72.53,72.52,72.52,72.52,73.99,14,1769,128287.00,
532775,GTL INFRAST ,A ,Q,0.76,0.78,0.75,0.75,0.75,0.76,17447,32070883,24307870.00,
532776,SHIVAM AUTO ,B ,Q,31.69,32.13,30.16,30.55,30.63,30.91,451,92732,2890960.00,
532777,INFO EDGE   ,A ,Q,4160.50,4277.60,4157.00,4248.55,4242.90,4152.55,2882,16687,70645439.00,
532779,TORNT POWER ,A ,Q,660.00,674.05,660.00,664.20,663.55,658.85,783,11179,7456799.00,
532780,PARSVNATH   ,B ,Q,9.77,10.19,9.66,9.81,9.85,9.77,295,93203,922955.00,
532782,SUTLEJ TEXT ,B ,Q,48.50,49.45,48.50,48.59,48.63,48.70,214,15164,742740.00,
532783,DAAWAT      ,A ,Q,174.55,180.00,173.90,176.25,176.25,173.75,4719,124043,22032792.00,
532784,SOBHA       ,A ,Q,583.15,587.50,580.05,585.85,586.30,582.05,1157,25040,14632522.00,
532785,RUCHIRA PAP ,B ,Q,136.10,148.00,136.10,143.60,143.60,139.20,2615,83799,12164462.00,
532790,TANLA       ,A ,Q,1035.05,1048.00,985.00,990.35,990.35,1032.45,10053,145319,145800306.00,
532794,ZEEMEDIA    ,B ,Q,12.29,13.10,11.91,12.16,12.16,12.06,2629,3061675,38467539.00,
532795,SITINET     ,T ,Q,0.87,0.87,0.87,0.87,0.87,0.88,74,212659,185013.00,
532796,LUMAX TECH  ,B ,Q,381.70,393.00,377.10,380.80,380.80,380.20,573,10684,4134163.00,
532797,AUTOIND     ,B ,Q,99.90,103.30,99.01,99.29,99.03,99.64,758,54316,5471295.00,
532798,NTWK MED INV,A ,Q,69.00,69.00,66.00,66.99,66.99,67.76,540,92455,6222059.00,
532799,HUBTOWN     ,T ,Q,44.50,45.89,43.26,44.50,44.50,44.44,127,19134,856091.00,
532800,TV18BRDCST  ,A ,Q,47.55,47.91,46.06,46.27,46.27,46.97,1744,514861,24085392.00,
532801,CAMBRIDGE   ,T ,Q,57.00,57.50,56.95,57.00,57.00,57.00,24,1726,98600.00,
532804,TECHNOCRAFT ,B ,Q,1999.95,2153.00,1956.40,2122.15,2119.00,1984.60,1476,5763,11991193.00,
532805,REDINGTON   ,A ,Q,152.85,154.90,152.80,154.00,154.00,152.80,2159,130294,20062036.00,
532806,AI CHAMPDNY ,XT,Q,36.96,39.77,36.06,37.03,36.11,37.90,24,3057,116981.00,
532807,CINELINE    ,B ,Q,117.69,118.20,108.80,108.86,108.90,115.48,96,4979,557465.00,
532808,PGIL        ,B ,Q,711.65,714.50,693.95,695.90,697.55,698.45,147,1744,1219291.00,
532809,FSL         ,A ,Q,157.70,161.75,155.90,156.45,156.45,156.95,3902,285447,45263052.00,
532810,POWER FINAN ,A ,Q,275.05,276.55,270.25,270.70,270.70,273.35,8229,635642,173710858.00,
532811,AHLUWALIA CO,B ,Q,734.10,745.15,722.60,728.95,731.80,725.70,269,3850,2822322.00,
532812,TRANSWARRANT,B ,Q,10.40,10.42,9.96,10.40,10.41,10.40,24,2854,29304.00,
532814,INDIAN BANK ,A ,Q,403.10,410.95,395.85,402.75,402.75,408.40,1186,48714,19700468.00,
532815,SMS PHARMACE,B ,Q,132.00,139.75,132.00,134.65,135.00,130.00,1277,54670,7433605.00,
532817,ORIENTAL    ,B ,Q,7.55,7.94,7.50,7.53,7.50,7.59,51,12204,93024.00,
532820,ELAND       ,X ,Q,6.80,6.80,6.21,6.44,6.50,6.54,59,13769,88436.00,
532822,IDEA        ,A ,Q,7.85,8.03,7.84,7.95,7.95,7.82,73183,23660185,186985710.00,
532826,RAJ TELE    ,B ,Q,48.85,49.80,48.00,48.00,48.00,47.73,98,7860,382257.00,
532827,PAGE INDUSTR,A ,Q,39986.00,40125.00,39900.05,39983.00,39950.10,39936.70,80,137,5483384.00,
532828,AMD INDUS   ,T ,Q,54.95,56.49,54.95,55.55,55.55,55.10,11,415,23054.00,
532829,LEHAR       ,XT,Q,172.05,174.70,166.00,170.30,171.00,172.05,253,32927,5602225.00,
532830,ASTRAL      ,A ,Q,2040.00,2050.95,1985.00,1992.80,1989.00,2017.95,1732,17052,34394220.00,
532832,INDBUL REAL ,A ,Q,63.39,69.78,63.08,69.22,69.22,62.75,13657,3919900,265311191.00,
532834,CAMLINFINE  ,A ,Q,154.50,154.80,151.80,152.15,152.20,154.00,315,17369,2659754.00,
532835,ICRA        ,A ,Q,6049.15,6114.25,5952.65,5972.25,5974.85,6082.10,97,286,1724183.00,
532839,DISH TV     ,A ,Q,19.50,19.64,18.91,19.00,19.04,19.24,1924,1449921,27858091.00,
532841,SAHYA INDU  ,B ,Q,415.05,434.00,414.85,432.95,432.95,414.65,437,2981,1263832.00,
532842,SREE RAYALA ,B ,Q,596.35,596.40,566.50,574.25,576.60,591.40,726,8024,4630258.00,
532843,FORTIS      ,A ,Q,324.05,331.50,323.05,328.65,328.90,323.10,1241,32008,10512285.00,
532845,TGBHOTELS   ,B ,Q,9.73,9.90,9.65,9.85,9.86,9.72,49,7316,71473.00,
532847,HILTON MET  ,T ,Q,145.00,148.80,138.25,139.85,142.65,145.50,219,19894,2811520.00,
532848,DELTA CORP  ,A ,Q,182.20,182.95,180.40,180.75,180.75,181.25,880,81766,14837538.00,
532850,MIC ELECTRON,T ,Q,31.06,31.06,29.86,29.86,29.86,30.46,111,47050,1452469.00,
532851,INSECTCID   ,B ,Q,534.25,540.05,526.65,531.35,530.75,527.00,399,2527,1347682.00,
532853,ASAHI SONG  ,B ,Q,231.70,232.40,227.55,232.20,232.40,228.75,18,57,13199.00,
532855,HARYA CAPFIN,X ,Q,68.00,69.73,65.00,66.93,67.00,65.30,19,1340,90605.00,
532856,TIME TECHNO ,A ,Q,148.10,150.90,141.90,142.55,142.55,146.70,2825,255189,37117168.00,
532859,HGSL        ,A ,Q,1031.05,1039.00,1021.25,1024.50,1024.80,1029.45,148,784,806844.00,
532864,NELCAST     ,B ,Q,127.85,127.85,123.25,125.25,125.65,126.90,970,48811,6111074.00,
532867,V2RETAIL    ,T ,Q,149.85,149.85,149.85,149.85,149.85,146.95,21,2912,436363.00,
532868,DLF LIMITED ,A ,Q,484.90,490.60,482.65,483.65,483.65,480.75,3034,126705,61654137.00,
532869,TARMAT      ,B ,Q,59.73,66.00,59.73,65.04,65.04,59.12,1055,81477,5192952.00,
532872,SUNPHA ADV  ,A ,Q,223.90,227.20,222.00,223.00,223.00,223.35,811,17912,4022173.00,
532875,ALLIED DIGIT,B ,Q,132.60,133.50,127.65,128.10,128.75,131.95,1134,55182,7178408.00,
532878,ALPA LAB    ,B ,Q,71.40,74.15,71.15,72.88,72.88,70.33,154,7239,530368.00,
532879,SIR SHADI LA,X ,Q,129.45,149.00,126.05,128.00,128.00,126.00,166,16279,2171415.00,
532880,OMAXE LTD   ,B ,Q,47.77,47.77,45.74,45.91,45.80,46.36,526,96718,4472764.00,
532884,REFEX       ,B ,Q,707.05,728.00,702.00,704.05,704.05,714.15,650,7142,5065055.00,
532885,CENTRAL BK  ,A ,Q,35.76,37.04,35.60,35.82,35.82,35.74,3436,1741552,63094650.00,
532886,SEL MANUF   ,T ,Q,121.10,121.10,121.00,121.10,121.10,118.75,47,576,69750.00,
532888,ASIAN GRANIT,B ,Q,55.00,55.79,53.46,53.69,53.69,55.02,624,93347,5110128.00,
532889,K.P.R. MILL ,A ,Q,719.00,726.75,704.45,708.35,708.35,718.40,2310,36410,26040359.00,
532890,TAKE SOLUT  ,B ,Q,18.95,19.00,18.25,18.32,18.44,18.75,521,54864,1019036.00,
532891,PURAVANKARA ,B ,Q,106.90,115.00,106.90,109.15,109.15,105.85,2124,122748,13663431.00,
532892,MOTILALOFS  ,A ,Q,890.05,908.65,890.05,892.05,893.05,897.80,235,2247,2015815.00,
532893,VTM LTD     ,X ,Q,57.52,58.00,56.15,56.81,56.81,57.52,132,13647,781053.00,
532894,IWIND ENERGY,T ,Q,13.01,13.47,13.00,13.35,13.47,13.09,120,31323,413271.00,
532895,NAGREKA CAP ,T ,Q,17.80,17.80,16.20,16.25,16.25,17.00,15,454,7543.00,
532896,MAGNUM VENT ,T ,Q,37.13,37.13,37.13,37.13,37.13,36.41,10,971,36053.00,
532898,POWER GRID  ,A ,Q,250.00,252.60,245.80,246.30,246.30,249.60,6078,378368,94532289.00,
532899,KAVERI SEED ,A ,Q,553.40,559.00,542.00,544.10,543.25,545.90,641,7706,4248264.00,
532900,PAISALO     ,A ,Q,62.51,63.94,61.20,61.88,61.88,62.55,940,59323,3724558.00,
532904,SUPREME INFR,T ,Q,21.94,23.03,21.60,22.31,22.50,21.94,68,36951,837919.00,
532906,MAANALU     ,T ,Q,65.57,65.57,65.57,65.57,65.57,66.90,98,25610,1679247.00,
532907,ILFSENGG    ,Z ,Q,18.00,18.00,16.85,17.80,17.80,17.37,21,6990,121856.00,
532911,PARLEIND    ,X ,Q,6.95,7.01,6.90,6.98,7.00,6.95,378,65795,457019.00,
532915,RELIGARE ENT,A ,Q,229.00,243.60,224.80,240.95,240.95,224.70,2815,123998,29445891.00,
532916,BARAK VALL  ,T ,Q,37.00,39.15,37.00,37.54,37.51,37.74,21,2559,98371.00,
532918,RATHI BARS  ,X ,Q,24.75,25.00,24.11,24.80,24.96,24.44,64,7602,188479.00,
532921,ADANI PORTS ,A ,Q,833.20,844.40,820.40,822.55,822.55,826.40,10100,306942,255814887.00,
532922,EDELWEISS   ,A ,Q,51.20,52.15,50.15,50.49,50.35,51.21,1749,187992,9619115.00,
532923,RGL         ,B ,Q,96.95,96.95,94.00,94.70,94.15,95.85,311,19823,1890414.00,
532924,KOLTEPATIL  ,B ,Q,458.40,465.70,449.95,454.10,449.95,455.00,733,19581,8987725.00,
532925,KAUSHAL INFR,T ,Q,5.10,5.15,5.00,5.06,5.15,5.10,37,27961,141712.00,
532926,JYOTHYLAB   ,A ,Q,334.30,334.30,323.55,327.75,327.70,329.55,924,31733,10395964.00,
532927,ECLERX      ,A ,Q,1630.05,1650.00,1597.65,1601.30,1601.30,1608.85,528,37308,60088936.00,
532928,TRIL        ,B ,Q,118.59,124.65,116.45,120.86,120.86,118.59,5084,350261,42592209.00,
532929,BRIGADE     ,A ,Q,595.95,600.00,577.00,583.35,583.40,595.90,371,3903,2291795.00,
532930,BGR ENERGY  ,B ,Q,63.60,67.27,63.40,65.41,65.41,64.17,1303,97415,6389525.00,
532931,BURNPUR     ,B ,Q,4.90,4.90,4.77,4.85,4.85,4.82,295,69356,335442.00,
532932,MANAKSIA LTD,B ,Q,140.55,142.50,136.00,136.40,136.65,137.20,523,34287,4772902.00,
532933,PORWAL AUTO ,X ,Q,30.87,32.41,30.10,32.28,32.29,30.87,342,110867,3553082.00,
532934,PPAP        ,B ,Q,230.00,234.65,221.65,222.95,222.95,232.75,401,3254,744146.00,
532935,ARIES AGRO  ,B ,Q,175.10,190.00,175.10,189.45,189.45,174.10,1435,37451,6998418.00,
532937,KUANTUM     ,B ,Q,219.00,225.45,208.95,221.15,221.15,213.30,1923,76094,16584781.00,
532939,RPOWER      ,A ,Q,17.50,17.65,17.21,17.31,17.31,17.32,11170,20775418,361623631.00,
532940,J KUMAR INFR,A ,Q,403.95,414.25,402.05,407.50,407.40,403.15,1203,35922,14679619.00,
532941,CORDS CABLE ,T ,Q,94.40,95.00,93.00,93.00,93.00,92.49,25,832,77985.00,
532942,KNR CONST   ,A ,Q,274.20,275.05,265.00,265.80,265.80,272.45,3960,130783,35063587.00,
532944,ONMOBILE    ,B ,Q,110.59,111.40,106.45,106.76,106.76,109.23,2121,170010,18495914.00,
532945,SEPC        ,B ,Q,15.04,15.54,14.68,14.81,14.81,15.02,1903,1198454,17918822.00,
532946,BANG        ,B ,Q,47.31,48.79,47.31,48.08,48.30,48.26,63,3838,184673.00,
532947,IRB INFRA   ,A ,Q,27.51,28.37,27.37,27.53,27.53,27.20,4040,2611344,72723134.00,
532951,GSS INFOTECH,B ,Q,198.85,199.90,192.00,194.30,199.90,197.20,70,8366,1623475.00,
532952,NAHAR CAP   ,B ,Q,289.90,289.90,277.10,283.10,284.20,281.65,161,1535,434978.00,
532953,V GUARD IND ,A ,Q,314.00,320.00,311.20,315.40,313.45,311.05,1063,32129,10171326.00,
532955,RECLTD      ,A ,Q,242.35,245.85,240.70,243.40,243.40,240.05,11184,1039860,254040031.00,
532957,GOKAK TEXTI ,XT,Q,36.84,36.84,36.84,36.84,36.84,35.09,30,2279,83958.00,
532960,DHANI       ,T ,Q,41.05,42.10,40.80,41.04,41.04,41.05,644,110973,4592125.00,
532966,TITAGARH    ,A ,Q,721.50,813.00,721.50,794.45,794.45,721.45,6975,195873,152894676.00,
532967,KIRI DYES   ,A ,Q,273.65,274.00,268.90,269.45,269.15,269.75,246,3274,884295.00,
532974,ABML        ,B ,Q,68.74,68.90,66.00,66.65,66.99,68.20,608,45319,3030666.00,
532976,JAIBALA IND ,T ,Q,209.00,221.60,200.55,219.50,221.60,211.05,549,228731,46808672.00,
532977,BAJAJ AUTO  ,A ,Q,4658.30,4726.00,4593.65,4624.30,4624.30,4658.25,813,4669,21874524.00,
532978,BAJAJ FINSE ,A ,Q,1475.05,1492.50,1465.00,1469.10,1469.10,1470.05,1828,26858,39788342.00,
532980,GOKUL REFOIL,B ,Q,30.70,30.70,29.95,30.25,30.35,30.68,387,54205,1635348.00,
532983,RPG LIFESCI ,B ,Q,1188.75,1213.15,1181.35,1188.90,1191.50,1188.80,580,2825,3384825.00,
532985,KOTAK SENSEX,A ,Q,70.35,70.35,69.09,69.65,69.41,69.71,72,1181,82287.00,
532986,NIRAJ CEMENT,T ,Q,37.50,38.97,36.20,38.05,38.05,37.12,53,8934,340420.00,
532987,RANE BRAKE  ,B ,Q,786.35,797.90,770.95,775.55,779.10,777.60,112,655,511119.00,
532988,RANE ENGVL  ,T ,Q,310.00,310.00,300.00,307.00,307.00,307.95,12,498,151664.00,
532992,CHL LTD     ,XT,Q,24.70,25.30,24.20,24.23,24.20,24.19,19,2225,55234.00,
532993,SEJAL       ,T ,Q,226.60,232.95,226.60,232.95,232.95,230.00,7,113,26133.00,
532994,ARCHIDPLY IN,T ,Q,68.50,69.97,67.80,69.42,69.42,69.45,57,5357,367850.00,
532998,LEHIL       ,T ,Q,79.10,84.00,79.10,81.20,81.15,82.00,33,5687,464127.00,
533001,SOMI CONVEY ,T ,Q,58.99,59.76,57.49,59.76,59.76,56.92,89,23783,1415303.00,
533007,LGB FORGE   ,B ,Q,8.87,8.95,8.68,8.72,8.68,8.76,75,58567,511658.00,
533012,LANDMRK PRO ,B ,Q,6.25,6.25,5.98,6.14,5.98,6.14,101,4438,27374.00,
533014,SICAGEN IND ,XT,Q,40.98,40.98,39.90,40.42,40.42,40.34,94,14570,588802.00,
533018,SIMPLEX MIL ,XT,Q,2521.00,2521.00,2521.00,2521.00,2521.00,2638.20,1,1,2521.00,
533019,SIMPLEX PAP ,XT,Q,1030.95,1051.55,1010.35,1048.80,1048.80,1030.95,15,100,104921.00,
533022,20 MICRONS  ,T ,Q,110.80,112.00,110.80,112.00,112.00,110.00,31,11618,1291444.00,
533023,ZFCVINDIA   ,A ,Q,13339.90,13382.10,13061.00,13189.35,13273.80,13376.15,102,177,2340407.00,
533029,ALKALI      ,B ,Q,106.35,109.60,105.90,106.95,106.90,105.60,197,4024,429879.00,
533033,ISGEC       ,A ,Q,708.65,719.00,706.85,711.90,711.90,704.85,1123,13473,9644098.00,
533047,INDIAN MET  ,B ,Q,391.90,391.90,373.65,377.70,378.10,381.20,1018,18072,6864188.00,
533048,GI ENGINERG ,T ,Q,12.19,12.43,11.90,11.95,11.95,11.84,1366,1551641,18898584.00,
533056,VEDAVAAG    ,X ,Q,52.33,52.33,50.80,51.02,51.19,51.36,196,35412,1825467.00,
533080,MOLDTKPACK  ,A ,Q,988.10,1008.70,986.00,993.85,995.10,985.45,255,2612,2601187.00,
533088,MAH HOLIDAY ,A ,Q,369.05,398.00,369.05,396.35,396.35,376.25,1464,41401,16233462.00,
533090,EXCEL       ,T ,Q,0.37,0.37,0.36,0.37,0.37,0.37,537,3000656,1096174.00,
533093,RAJ OIL     ,B ,Q,43.00,44.00,43.00,43.89,43.94,43.78,22,1028,45148.00,
533095,BENGLA& ASM ,A ,Q,4870.05,4930.00,4870.00,4915.50,4900.00,4851.45,64,543,2659729.00,
533096,ADANI POWER ,A ,Q,328.05,339.90,323.00,328.85,328.85,322.75,21440,1786200,595560181.00,
533098,NHPC        ,A ,Q,50.95,51.78,50.12,50.51,50.55,50.53,3125,1044486,53279196.00,
533101,SURYAMBA SP ,XT,Q,188.85,188.85,180.00,181.10,180.10,183.75,59,2851,518393.00,
533104,GLOBUS SPR  ,A ,Q,946.90,956.05,900.10,918.90,918.90,946.90,2739,34416,32267795.00,
533106,OIL INDIA   ,A ,Q,294.95,294.95,287.50,289.00,289.95,290.95,1616,52151,15169537.00,
533108,BHILWRA TEC ,X ,Q,22.84,25.00,22.50,24.07,24.07,22.62,876,361719,8588655.00,
533110,SH PRECOTED ,X ,Q,12.60,12.94,12.60,12.60,12.60,12.80,6,420,5302.00,
533121,EXPLEOSOL   ,B ,Q,1400.90,1425.40,1377.40,1388.60,1387.05,1385.60,296,1218,1709848.00,
533122,RTNPOWER    ,A ,Q,5.85,5.88,5.36,5.46,5.46,5.46,6731,25331709,141655645.00,
533137,DEN NETWORK ,B ,Q,43.06,43.90,42.29,42.49,42.57,43.57,1106,192340,8259114.00,
533138,ASTEC LIFE  ,A ,Q,1333.90,1338.35,1320.00,1325.75,1332.60,1331.55,93,529,703632.00,
533146,DLINK IND   ,B ,Q,335.05,348.70,335.05,340.40,341.55,333.95,2544,85617,29391248.00,
533148,JSW ENERGY  ,A ,Q,358.00,359.55,348.10,351.15,351.15,357.95,4227,112597,39869344.00,
533149,ESSAR SECU  ,XT,Q,9.09,9.45,9.09,9.45,9.45,9.27,47,39916,375293.00,
533150,GODREJ PROP ,A ,Q,1614.95,1643.00,1600.15,1613.90,1613.25,1595.45,3316,55248,89822612.00,
533151,D B CORP    ,B ,Q,257.65,257.65,235.65,238.75,238.75,255.05,2281,48635,11888755.00,
533152,MBLINFRA    ,T ,Q,24.17,24.17,24.17,24.17,24.17,23.70,19,15641,378042.00,
533155,JUBL FOOD   ,A ,Q,494.95,494.95,485.60,486.70,486.70,492.90,4012,109628,53568980.00,
533156,VASCON ENG  ,B ,Q,64.31,65.57,61.46,61.92,61.92,60.16,5020,1453295,91793522.00,
533158,THANGAMAYIL ,B ,Q,1301.20,1320.00,1263.90,1296.35,1280.00,1287.75,1405,9746,12579820.00,
533160,D B REALTY  ,A ,Q,149.79,159.80,147.34,158.14,158.14,148.67,11035,449274,69265801.00,
533161,EMMBI       ,B ,Q,87.76,89.30,87.20,88.55,88.55,87.76,97,3212,282355.00,
533162,HATHWAY CAB ,B ,Q,17.09,17.16,16.60,16.72,16.72,16.91,1594,832860,13979264.00,
533163,ARSS INFRA  ,T ,Q,19.40,20.20,19.40,19.50,19.50,19.40,13,2755,54303.00,
533164,TEXMO PIPES ,T ,Q,78.72,80.00,76.32,78.28,78.28,80.33,208,25585,1987102.00,
533166,SUNDARAMMUL ,B ,Q,2.14,2.30,2.14,2.27,2.27,2.16,385,869080,1923603.00,
533167,CORO ENGG   ,XT,Q,44.00,44.00,42.12,42.12,42.12,44.33,21,6036,256177.00,
533168,ROSSELL IND ,B ,Q,422.40,425.40,409.30,410.20,409.30,417.70,99,1904,793622.00,
533169,MAN INFRA   ,B ,Q,136.15,139.80,135.75,139.10,139.10,136.30,1878,217318,29934292.00,
533170,TAMBOLI CAP ,X ,Q,144.00,144.00,141.00,142.15,143.00,142.10,53,21659,3095919.00,
533177,IL&FS TRANS ,Z ,Q,2.99,3.00,2.82,2.90,2.90,2.87,14,7840,23399.00,
533179,PERSISTENT  ,A ,Q,5025.00,5150.00,5020.50,5118.20,5114.20,5006.40,3337,23003,117261104.00,
533181,INTRASOFT   ,B ,Q,132.80,133.65,130.45,130.70,131.15,130.90,92,2991,393463.00,
533189,GOENKA DIAM ,Z ,Q,0.85,0.87,0.81,0.83,0.83,0.85,84,111221,91439.00,
533192,KCP SUGAR IN,B ,Q,30.31,33.20,30.31,32.03,32.03,30.85,1319,288119,9291836.00,
533193,KIRLOSKAR EL,B ,Q,116.20,119.45,114.30,115.45,115.10,117.65,905,34981,4050454.00,
533202,SATCH       ,XT,Q,2.73,2.73,2.53,2.60,2.64,2.65,71,128724,333264.00,
533203,TARAPUR TRA ,T ,Q,4.59,4.59,4.45,4.50,4.50,4.50,17,10250,46565.00,
533206,SJVN        ,A ,Q,58.56,59.78,58.31,58.56,58.56,58.35,4977,1587309,93725409.00,
533208,EMAMI PAPER ,B ,Q,131.80,136.00,131.05,132.45,132.45,130.60,437,11926,1602218.00,
533210,KRITI NUTRI ,T ,Q,82.40,82.40,79.55,80.75,81.00,81.80,87,9141,743570.00,
533212,GKB OPHTHA  ,X ,Q,95.25,95.25,86.99,87.59,87.59,90.52,84,4856,432296.00,
533217,HMVL        ,T ,Q,72.09,72.09,70.63,71.00,71.00,72.06,19,2635,186637.00,
533218,EMAMIREAL   ,B ,Q,80.77,82.82,77.97,81.06,80.00,75.61,810,49049,3935145.00,
533227,ASIAN HTL E ,B ,Q,128.85,129.85,126.95,126.95,126.95,128.30,108,1505,192834.00,
533229,BAJAJCON    ,A ,Q,252.85,255.85,248.95,253.70,253.30,250.80,1376,35821,9070521.00,
533230,HDFCGOLD    ,E ,Q,51.79,51.79,51.32,51.54,51.57,51.30,155,24497,1261677.00,
533239,PRAKASHSTL  ,T ,Q,5.83,6.00,5.70,5.77,5.78,5.83,360,176158,1032533.00,
533244,ICICIGOLD   ,E ,Q,51.33,51.57,51.33,51.53,51.55,51.33,259,11166,574561.00,
533248,GPPL        ,A ,Q,119.35,119.35,117.35,118.00,117.70,117.75,886,44206,5217518.00,
533252,WELSPUN INV ,T ,Q,437.85,437.85,434.00,434.05,434.00,417.00,5,145,63366.00,
533259,SASTASUNDR  ,B ,Q,298.20,307.95,298.20,298.40,299.50,294.70,324,1990,606099.00,
533260,CAREERP     ,T ,Q,212.10,214.00,206.00,210.60,210.90,212.65,54,3321,689247.00,
533261,EROS MEDIA  ,B ,Q,18.20,18.68,17.97,18.18,18.18,17.96,610,200245,3647247.00,
533262,RAMKY INFRA ,B ,Q,547.95,564.50,535.05,560.30,557.70,533.55,1336,18808,10411188.00,
533263,GREENPOWER  ,T ,Q,14.70,14.70,14.20,14.32,14.32,14.55,2261,669935,9657160.00,
533267,CANTABIL    ,B ,Q,1021.60,1021.60,1000.00,1008.30,1012.80,1006.15,87,448,452174.00,
533269,VATECH WABA ,A ,Q,486.05,494.55,482.40,484.10,484.10,485.65,1262,28889,14071325.00,
533270,BEDMUTHA IN ,B ,Q,68.26,71.00,63.00,70.52,70.50,69.14,167,10518,730385.00,
533271,ASHOKA      ,A ,Q,102.76,104.31,101.80,102.35,101.80,102.30,906,103709,10698462.00,
533272,JWL         ,B ,Q,322.95,329.30,318.00,329.30,329.30,313.65,9923,572032,187020942.00,
533273,OBEROI REAL ,A ,Q,1100.80,1108.75,1093.40,1097.80,1100.55,1096.00,566,5404,5958681.00,
533274,PRESTIGE    ,A ,Q,568.05,574.00,568.05,570.20,571.50,570.25,245,3912,2235591.00,
533275,SHAH        ,B ,Q,2.83,2.83,2.75,2.79,2.79,2.80,297,466721,1299129.00,
533278,COAL INDIA  ,A ,Q,231.55,232.65,228.60,229.35,229.35,230.85,3403,213975,49355428.00,
533282,GRAVITA     ,A ,Q,751.00,751.55,742.10,747.65,747.65,743.25,869,16541,12363430.00,
533284,RPP INFRA   ,T ,Q,64.31,66.10,64.30,65.52,65.94,64.51,88,11807,773402.00,
533285,RDB REALTY  ,XT,Q,52.60,52.60,50.00,50.30,50.00,50.73,33,4467,227896.00,
533286,MOIL LTD    ,A ,Q,218.70,222.60,217.00,217.70,217.35,217.35,997,46315,10161726.00,
533287,ZEE LEARN   ,T ,Q,4.12,4.12,4.12,4.12,4.12,4.04,91,157775,650033.00,
533289,KESAR TERMI ,X ,Q,48.12,48.12,48.12,48.12,48.12,45.83,32,13679,658233.00,
533292,A2ZINFRA    ,B ,Q,9.94,9.97,9.70,9.94,9.96,9.50,337,333994,3323528.00,
533293,KIRLOIL ENG ,A ,Q,470.25,476.70,461.25,464.65,467.00,468.55,1853,50888,23844978.00,
533294,RAVI KUMAR  ,T ,Q,19.20,19.81,19.20,19.81,19.81,18.87,99,28725,568245.00,
533295,PUNJABNSIND ,B ,Q,37.94,37.94,36.12,36.27,36.27,37.13,1947,423161,15645680.00,
533296,FMNL        ,B ,Q,6.20,6.20,5.82,5.94,5.94,6.12,89,23557,140212.00,
533298,SURANASOL   ,T ,Q,24.35,25.20,24.31,24.59,24.45,24.69,136,22953,570496.00,
533302,KALYANI INV ,B ,Q,2486.00,2546.60,2423.55,2445.55,2450.00,2506.50,249,914,2259665.00,
533303,BF INVEST   ,B ,Q,480.00,487.50,462.00,464.75,464.75,480.85,684,8834,4182906.00,
533306,SUMMIT SECU ,B ,Q,923.70,923.70,912.05,914.20,914.35,916.10,42,220,202097.00,
533315,INNO INVEST ,XT,Q,24.00,24.40,23.60,24.20,24.20,24.00,12,12210,293334.00,
533316,STEL        ,T ,Q,212.00,215.80,208.00,214.00,214.05,210.60,24,2073,445262.00,
533320,JUBILNT IND ,B ,Q,644.00,648.25,638.85,642.85,642.85,629.90,105,554,355930.00,
533326,TEXMACO RAIL,A ,Q,121.00,126.80,120.05,124.20,124.20,120.85,2816,218740,27172998.00,
533329,IND TERRAIN ,B ,Q,52.61,54.14,52.61,53.20,53.20,53.81,126,6194,331222.00,
533333,FINEOTEX  CH,A ,Q,285.50,287.95,282.40,283.25,283.40,284.15,797,21159,6019420.00,
533336,DHUNINV     ,B ,Q,711.95,714.40,702.00,710.75,711.30,697.15,88,536,379476.00,
533339,ZEN TECH    ,T ,Q,841.50,850.00,803.00,809.60,809.60,834.95,3299,51763,42623205.00,
533343,LOVABLE     ,B ,Q,138.25,140.35,137.20,138.30,138.35,137.25,157,3830,529805.00,
533344,PTCFIN SER  ,B ,Q,27.20,27.34,25.90,26.03,26.03,26.79,1534,122432,3233877.00,
533385,MON100      ,E ,Q,122.12,122.96,121.82,122.69,122.71,120.57,381,29637,3633544.00,
533398,MUTHOOT FIN ,A ,Q,1270.00,1272.15,1259.00,1264.10,1259.00,1263.40,446,5047,6388483.00,
533400,FCONSUMER   ,T ,Q,0.77,0.77,0.77,0.77,0.77,0.78,281,306590,236074.00,
533407,CIL NOVA    ,XT,Q,21.75,21.75,20.00,21.37,20.01,20.80,22,1889,40307.00,
533408,BSLGOLDETF  ,E ,Q,52.65,53.24,52.53,52.98,52.98,52.80,36,1297,68701.00,
533427,VMS INDUSTR ,X ,Q,21.88,22.30,20.85,21.06,21.30,21.34,171,53111,1136029.00,
533451,KARMA ENERG ,T ,Q,40.43,40.43,40.43,40.43,40.43,41.00,1,100,4043.00,
533452,DELPHIFX    ,B ,Q,387.05,388.75,380.20,382.00,382.00,384.45,36,176,67857.00,
533470,RUSHIL DECOR,B ,Q,271.75,272.95,267.70,270.90,270.95,269.00,243,3243,879229.00,
533477,ENKEI WHEEL ,X ,Q,540.00,550.00,537.00,547.80,550.00,539.95,99,5088,2753548.00,
533482,KRIINFRA    ,T ,Q,2.10,2.12,2.08,2.12,2.12,2.12,17,2726,5711.00,
533506,INVENTURE   ,B ,Q,1.88,1.89,1.84,1.85,1.85,1.88,5918,1661791,3099676.00,
533519,LNT FH      ,A ,Q,126.85,127.90,125.60,125.90,125.90,125.25,4608,497858,63015733.00,
533520,YAARI       ,T ,Q,10.81,10.87,10.66,10.87,10.87,10.87,110,90523,980513.00,
533540,TREE HOUSE  ,B ,Q,15.92,16.33,15.86,16.17,16.15,16.01,60,1621,26108.00,
533543,BROOKS LABS ,T ,Q,98.00,98.00,97.00,97.00,97.00,97.74,21,9601,940111.00,
533552,RUPA & CO   ,B ,Q,260.30,264.65,260.00,260.20,260.90,262.15,955,23557,6166401.00,
533553,TD POWER    ,A ,Q,250.50,256.00,248.30,253.05,253.05,254.15,868,23549,5936622.00,
533570,AXISGOLD    ,E ,Q,50.15,50.27,50.14,50.27,50.27,49.99,77,1480,74381.00,
533573,ALEM PHARMA ,A ,Q,758.00,770.35,743.50,748.85,748.35,765.10,969,8128,6150694.00,
533576,VASWANI IND ,B ,Q,23.22,23.22,22.08,22.15,22.39,23.05,195,41704,946465.00,
533581,PG ELECTRO  ,B ,Q,1635.05,1667.20,1632.80,1649.60,1652.20,1634.25,196,658,1086501.00,
533602,LESHAIND    ,XT,Q,3.94,3.94,3.94,3.94,3.94,4.02,235,94022,370446.00,
533608,RDB RASAYAN ,X ,Q,109.95,111.90,104.80,106.75,106.75,107.85,212,13444,1449749.00,
533629,TIJARIA PPL ,T ,Q,5.75,5.75,5.49,5.69,5.69,5.58,26,5477,30826.00,
533632,ONELIFE CAP ,B ,Q,12.48,12.49,12.18,12.36,12.36,12.50,43,3600,44316.00,
533638,FLEXITUFF   ,T ,Q,38.01,38.01,37.98,37.98,37.98,39.97,18,1301,49414.00,
533644,UJAAS       ,T ,Q,2.05,2.07,2.00,2.04,2.04,2.01,165,102216,207218.00,
533655,TRIVENITURB ,A ,Q,374.00,390.95,374.00,387.50,387.50,373.80,1488,36733,14181214.00,
533676,INDO THAI   ,T ,Q,216.00,231.70,216.00,225.00,225.00,222.85,17,315,69520.00,
533704,ESSAR SHIP  ,T ,Q,13.40,13.82,13.30,13.82,13.82,13.17,351,222498,3040916.00,
533719,LICMFGOLD   ,E ,Q,5394.00,5394.00,5365.00,5365.00,5365.00,5350.10,3,26,139626.00,
533758,APL APOLLO  ,A ,Q,1590.00,1663.05,1590.00,1655.90,1655.90,1588.55,1947,40639,66921736.00,
533761,GPT INFRA   ,T ,Q,79.98,81.40,79.98,81.40,81.40,81.61,41,22479,1808152.00,
533896,FERVENTSYN  ,X ,Q,18.50,18.50,17.50,18.45,18.45,18.50,11,200,3609.00,
533941,TSIL        ,T ,Q,67.37,67.37,67.37,67.37,67.37,66.05,1,400,26948.00,
533982,TERASOFTWARE,T ,Q,41.20,41.30,41.00,41.00,41.00,41.25,31,1938,79736.00,
534060,PMCFIN      ,X ,Q,1.74,1.95,1.74,1.89,1.90,1.71,2447,5167870,9579424.00,
534063,FUT SOL     ,XT,Q,47.90,47.90,47.90,47.90,47.90,47.90,8,209,10011.00,
534064,AIML        ,XT,Q,36.19,36.19,34.14,34.99,34.42,35.93,233,494634,17132376.00,
534076,RHIM        ,A ,Q,714.40,715.65,697.40,701.30,703.60,707.80,676,6966,4931185.00,
534091,MCX LTD     ,A ,Q,1590.00,1603.80,1585.00,1590.20,1589.60,1582.65,519,4896,7808363.00,
534139,SCHNEIDER   ,A ,Q,343.55,343.55,333.25,335.45,335.45,337.30,1385,33425,11291318.00,
534309,NBCC        ,A ,Q,51.00,51.45,50.20,50.73,50.73,50.62,2633,945815,48066034.00,
534312,MT EDUCARE  ,T ,Q,4.25,4.25,4.05,4.07,4.05,4.20,32,14637,60914.00,
534328,HEXATRADEX  ,B ,Q,142.10,147.45,142.05,146.40,146.40,145.55,31,703,101671.00,
534338,MAXHEIGHTS  ,XT,Q,47.33,50.40,47.33,47.98,47.98,48.30,6,653,31338.00,
534369,TBZ LTD     ,B ,Q,115.00,116.00,113.12,113.97,114.00,114.18,327,32689,3725903.00,
534392,VSSL        ,B ,Q,218.05,218.05,209.05,211.85,211.75,218.40,470,11518,2445192.00,
534422,LOOKS       ,X ,Q,4.90,4.90,4.75,4.80,4.80,4.90,25,4879,23474.00,
534425,SPECIALITY R,B ,Q,205.95,206.20,204.55,204.75,204.55,204.05,94,1011,207959.00,
534532,LYPSA GEMS  ,T ,Q,5.92,6.05,5.60,5.93,5.93,5.78,24,4544,26474.00,
534597,RTNINDIA    ,A ,Q,51.74,55.12,51.27,53.32,53.32,51.16,6420,1352387,72476623.00,
534598,SAMPANN     ,T ,Q,17.40,17.50,16.21,16.90,16.90,16.92,33,4571,77891.00,
534600,JTLIND      ,B ,Q,399.90,404.60,392.90,396.95,396.95,395.85,497,9994,3968932.00,
534612,AMTL        ,XT,Q,27.86,27.87,27.86,27.86,27.86,28.42,28,4050,112834.00,
534615,NECC LTD    ,B ,Q,19.51,19.85,19.45,19.54,19.60,19.25,58,10568,208028.00,
534618,WAAREERTL   ,B ,Q,1308.10,1325.00,1301.20,1312.40,1314.25,1310.90,1051,17063,22356202.00,
534623,JUPITER INFO,X ,Q,22.02,22.03,20.75,20.99,21.48,21.71,176,27325,573677.00,
534639,VINAYAK POL ,XT,Q,24.00,24.00,24.00,24.00,24.00,24.50,2,500,12000.00,
534674,DUCON       ,T ,Q,5.97,5.97,5.92,5.92,5.92,6.04,96,42205,250570.00,
534675,PROZONER    ,B ,Q,29.00,30.05,28.55,28.78,28.78,29.00,416,101278,2984298.00,
534680,SRG HFL     ,B ,Q,279.95,279.95,242.55,244.10,243.65,245.00,265,2147,540494.00,
534691,COMFORT COM ,X ,Q,17.50,17.50,16.52,16.95,17.00,16.99,70,7341,123858.00,
534708,SHANTIGURU  ,M ,Q,11.72,11.72,11.00,11.00,11.00,11.35,3,9000,102210.00,
534732,CASPIAN     ,XT,Q,25.59,25.59,23.41,23.64,24.00,24.64,43,15227,359684.00,
534733,AERPACE     ,XT,Q,9.45,9.70,8.80,8.88,8.88,9.26,186,92700,831635.00,
534741,VIRTUAL GLO ,X ,Q,0.81,0.82,0.81,0.81,0.81,0.80,584,1020666,829134.00,
534742,ZUARI AGRO  ,B ,Q,158.85,160.20,158.00,158.70,158.15,157.70,202,7696,1225006.00,
534748,STEEL EXCH  ,B ,Q,11.19,11.40,11.05,11.21,11.30,11.19,581,241927,2701722.00,
534755,TRIO MERCAN ,XT,Q,0.74,0.74,0.74,0.74,0.74,0.73,26,36856,27273.00,
534758,CIGNITI TECH,A ,Q,776.70,780.00,759.80,766.35,771.00,772.55,549,8573,6598834.00,
534796,CDG         ,X ,Q,14.10,14.77,13.40,13.40,13.40,14.10,4,12,164.00,
534804,CARERATING  ,A ,Q,808.95,824.50,805.20,821.30,821.30,804.00,911,11276,9233017.00,
534809,PC JEWELLER ,B ,Q,26.51,27.48,26.51,27.13,27.13,26.99,443,111665,3040857.00,
534816,INDUSTOWER  ,A ,Q,163.10,167.40,163.10,163.55,163.55,162.70,3213,209899,34703886.00,
534976,VMART       ,A ,Q,2175.35,2228.65,2175.35,2193.10,2193.10,2190.80,247,659,1451452.00,
535136,NIBE        ,XT,Q,495.65,495.65,488.00,495.00,495.00,485.95,187,43970,21597353.00,
535204,MUKTA       ,X ,Q,3.04,3.22,3.02,3.15,3.15,3.04,31,12275,37478.00,
535205,MYSTICELE   ,XT,Q,3.08,3.08,3.08,3.08,3.08,3.14,12,4492,13835.00,
535267,COM FINCAP  ,XT,Q,7.00,7.00,6.95,7.00,7.00,7.00,55,45500,318159.00,
535276,SBISENSEX   ,A ,Q,706.15,711.00,705.55,706.02,705.72,705.59,145,22108,15652239.00,
535279,BOTHRA MET  ,M ,Q,8.85,8.85,8.49,8.49,8.49,8.82,2,8000,69360.00,
535322,REPCO HOME  ,A ,Q,398.95,400.00,388.00,389.20,390.30,393.95,626,10318,4061070.00,
535431,GCM SECU    ,B ,Q,1.60,1.60,1.60,1.60,1.60,1.68,339,447298,715676.00,
535458,NRB IND BEA ,T ,Q,23.53,23.55,23.53,23.55,23.55,23.09,5,1480,34852.00,
535566,KIFS FSL    ,XT,Q,149.50,158.50,149.50,158.50,158.50,156.00,3,4,607.00,
535601,SREELEATHER ,B ,Q,223.15,224.40,217.35,220.55,220.55,222.60,146,3010,660552.00,
535602,SHARDA MOTOR,B ,Q,834.05,840.40,807.50,809.45,808.20,832.15,335,2311,1893241.00,
535621,SV GLOBAL   ,XT,Q,63.10,69.30,62.70,68.98,68.00,66.00,27,1648,110456.00,
535648,JUSTDIAL    ,A ,Q,768.95,794.75,761.25,767.55,767.55,759.70,1323,14809,11501341.00,
535657,OONE        ,X ,Q,16.60,17.30,16.60,16.89,17.30,17.37,29,3595,60979.00,
535667,IFINSEC     ,XT,Q,29.35,29.35,29.35,29.35,29.35,29.90,5,42,1232.00,
535693,BRAHM INFRA ,XT,Q,46.50,47.50,44.73,44.81,44.73,47.08,149,45037,2036924.00,
535719,QUEST SOFTEC,XT,Q,46.00,50.70,46.00,50.70,50.70,48.29,64,12148,613060.00,
535730,KHOOBSURAT  ,X ,Q,1.15,1.15,1.10,1.13,1.14,1.14,474,265694,300590.00,
535754,ORIENT CEM  ,A ,Q,192.35,194.50,186.25,186.95,187.55,187.85,1419,86972,16591136.00,
535755,ABFRL       ,A ,Q,218.75,223.00,218.45,219.60,219.00,218.75,1029,70269,15483249.00,
535789,IBUL HSG FIN,A ,Q,155.35,159.95,154.15,158.70,158.70,153.00,11476,1534926,242630136.00,
535910,MMLF        ,M ,Q,46.94,46.94,46.94,46.94,46.94,44.71,1,5000,234700.00,
535916,ALSL        ,M ,Q,11.00,13.90,11.00,13.00,13.00,11.73,15,120000,1498480.00,
535917,GCMCOMM     ,M ,Q,5.39,5.39,5.39,5.39,5.39,5.14,1,6000,32340.00,
535958,ESSENTIA    ,T ,Q,5.38,5.38,5.30,5.30,5.30,5.38,138,144073,770967.00,
536073,SILINFRA    ,XT,Q,13.23,13.23,13.23,13.23,13.23,12.60,1,85,1124.00,
536264,TIGER LOGS  ,X ,Q,353.00,358.45,353.00,355.00,355.00,357.70,107,4593,1634221.00,
536493,JKAGRI GEN  ,X ,Q,486.50,489.40,470.05,480.15,486.00,474.15,50,1129,537386.00,
536659,PVVINFRA    ,X ,Q,13.26,13.26,12.70,13.04,13.04,13.00,28,8988,116584.00,
536672,VCU DATA    ,XT,Q,5.95,6.19,5.95,6.07,6.00,5.99,124,27276,165013.00,
536709,INDRENEW    ,XT,Q,20.82,21.85,20.82,21.80,21.80,20.82,28,10935,237086.00,
536773,JIN POLY INV,B ,Q,470.60,500.00,470.60,486.65,483.15,468.85,552,6635,3274707.00,
536868,INTEGRA TELE,X ,Q,11.18,11.18,10.50,10.95,10.95,11.07,118,24041,260126.00,
536960,MOM100      ,B ,Q,41.24,41.59,41.22,41.50,41.50,41.27,407,59900,2483346.00,
536974,CAPTAIN POLY,X ,Q,26.28,26.79,25.50,25.62,25.62,26.27,602,73248,1902021.00,
537007,ICICINIFTY  ,B ,Q,213.00,214.67,212.11,212.37,212.38,212.93,289,12700,2713711.00,
537008,ICICINF100  ,B ,Q,213.00,213.00,211.98,211.98,211.98,212.20,54,4204,893244.00,
537069,ARNOLD HOLD ,X ,Q,18.78,18.78,17.90,18.24,18.20,18.40,55,9937,182668.00,
537253,SUNIL HEALTH,X ,Q,54.50,54.80,53.05,53.83,54.10,54.44,30,1497,80187.00,
537254,RCI IND     ,Z ,Q,3.20,3.20,3.00,3.00,3.00,3.10,8,2490,7731.00,
537259,SUYOG TELE  ,X ,Q,614.80,620.00,596.00,600.50,601.00,600.25,166,19704,11861830.00,
537291,NATH BIOGEN ,B ,Q,222.35,222.40,213.00,214.55,214.85,215.05,35,111,23812.00,
537292,AGRI TECH   ,T ,Q,199.90,199.90,196.00,199.00,199.00,199.90,64,3427,674007.00,
537326,CHEMTECH IND,XT,Q,35.01,35.65,35.01,35.65,35.65,34.96,20,20959,736948.00,
537392,TAAZAINT    ,X ,Q,15.19,15.73,14.27,14.29,14.30,15.02,27,7044,101446.00,
537483,NIF100BEES  ,B ,Q,203.00,204.19,201.78,201.84,202.00,202.85,43,120,24329.00,
537524,VIAANINDUS  ,Z ,Q,0.61,0.64,0.58,0.59,0.60,0.61,106,124242,76444.00,
537536,DENIS CHEM  ,XT,Q,125.90,125.90,121.01,123.09,123.00,122.75,116,8228,1017068.00,
537573,POLYMAC     ,M ,Q,32.40,32.90,32.30,32.30,32.30,32.34,7,6400,208640.00,
537582,UNISHIRE    ,M ,Q,1.62,1.85,1.62,1.85,1.85,1.79,2,20000,34700.00,
537707,ETT LTD     ,XT,Q,23.20,23.31,22.02,22.41,22.79,22.85,76,16108,359340.00,
537708,KOTAKNIFTY  ,B ,Q,208.61,210.24,207.81,208.14,208.29,208.93,80,4418,922815.00,
537709,HANSUGAR    ,X ,Q,5.33,5.33,5.15,5.27,5.27,5.20,163,26437,138770.00,
537750,KIRAN VYPAR ,X ,Q,142.35,144.50,139.55,140.55,140.55,144.45,133,10796,1526377.00,
537766,BCP LTD     ,B ,Q,3.96,3.96,3.90,3.92,3.93,3.88,254,154649,608333.00,
537785,RACE        ,B ,Q,273.20,273.20,264.35,271.15,272.70,269.85,133,4173,1115714.00,
537800,MANGALAM IND,X ,Q,3.16,3.29,3.16,3.20,3.21,3.15,1287,1505741,4839416.00,
537820,VFL         ,T ,Q,2.30,2.44,2.22,2.22,2.22,2.33,190,75340,170669.00,
537839,PHOENIX TN  ,X ,Q,78.99,79.07,73.30,76.00,76.00,75.31,46,5916,457239.00,
537985,INFRONICS SY,X ,Q,46.66,46.66,43.30,45.00,44.59,44.44,47,6421,292997.00,
538057,CPSE ETF    ,A ,Q,48.21,48.50,47.89,47.95,47.95,48.26,879,93557,4506015.00,
538081,HARIA APL   ,XT,Q,3.80,3.89,3.69,3.72,3.70,3.77,83,12206,45869.00,
538092,VASUPRADA   ,X ,Q,72.40,74.90,71.75,73.01,73.24,74.29,10,139,10071.00,
538119,RNB DENIMS  ,T ,Q,29.65,31.50,29.33,31.49,31.10,30.00,99,53986,1679293.00,
538180,GOLD LINE   ,Z ,Q,0.49,0.49,0.47,0.49,0.49,0.49,778,921036,446191.00,
538212,SHARP INV   ,XT,Q,0.76,0.76,0.74,0.76,0.76,0.73,459,919257,698591.00,
538268,WONDERLA    ,B ,Q,628.00,641.50,624.70,636.75,633.80,626.65,284,4640,2960283.00,
538319,GCM CAPI    ,M ,Q,4.50,4.69,4.36,4.69,4.69,4.25,10,29000,133130.00,
538351,AFEL        ,XT,Q,7.30,7.30,6.65,6.77,6.87,7.00,212,88939,592875.00,
538365,INCREDIBLE  ,B ,Q,29.85,31.08,29.07,30.29,30.24,28.36,148,22147,676368.00,
538382,WEST LEIRES ,XT,Q,166.10,166.10,166.10,166.10,166.10,169.45,2,10,1661.00,
538401,MAESTROS ELE,XT,Q,107.00,112.35,104.00,109.37,111.50,107.00,203,22480,2454112.00,
538402,SPS         ,T ,Q,88.20,90.00,85.50,85.50,85.50,90.00,7,113,9750.00,
538446,MONEYBOXX   ,B ,Q,164.95,164.95,159.70,162.50,162.50,160.60,53,2548,408635.00,
538452,QUASAR      ,XT,Q,20.16,20.16,20.16,20.16,20.16,20.57,6,1276,25724.00,
538464,TPROJECT    ,X ,Q,2.54,2.72,2.54,2.70,2.70,2.66,6,1861,5004.00,
538465,AMARSEC     ,XT,Q,33.06,33.06,30.10,30.30,30.30,31.59,12,2020,61235.00,
538476,CTL         ,XT,Q,27.44,29.00,27.44,27.67,27.67,28.00,57,10748,303563.00,
538496,TARINI      ,M ,Q,6.20,6.20,6.07,6.09,6.07,6.07,6,18000,110220.00,
538521,YAANENT     ,X ,Q,23.50,23.50,23.25,23.25,23.25,23.97,2,1250,29312.00,
538539,JTAPARIA    ,XT,Q,29.60,29.60,29.60,29.60,29.60,29.02,27,636561,18842205.00,
538540,RLFL        ,X ,Q,0.71,0.73,0.71,0.73,0.73,0.73,42,21908,15701.00,
538542,GOLDCOINHF  ,X ,Q,6.07,6.07,6.07,6.07,6.07,6.10,2,5,30.00,
538546,BANSAL ROOF ,T ,Q,109.00,109.00,105.01,106.26,106.95,105.71,170,6781,722916.00,
538562,SKIPPER     ,B ,Q,194.35,203.90,194.35,200.55,201.05,198.30,696,23709,4741204.00,
538564,JAMESWARREN ,X ,Q,245.20,252.80,245.00,251.40,252.00,248.60,27,1996,497327.00,
538565,VISTARAMAR  ,X ,Q,290.00,290.00,276.10,277.65,277.00,279.40,139,4182,1177166.00,
538567,GULFOIL LUB ,B ,Q,639.00,640.00,623.80,626.50,626.50,632.80,1355,27333,17234285.00,
538568,FRUTION     ,XT,Q,36.88,36.88,36.87,36.87,36.87,36.88,3,101,3724.00,
538569,TRIVENI ENT ,X ,Q,2.56,2.66,2.56,2.63,2.60,2.62,177,44181,115738.00,
538596,QUANTBUILD  ,X ,Q,2.80,2.80,2.80,2.80,2.80,2.80,6,358,1002.00,
538597,TTIENT      ,X ,Q,11.50,12.08,11.21,11.68,11.90,11.45,117,45949,541874.00,
538598,VISHAL      ,B ,Q,15.58,16.45,15.58,16.12,16.12,15.89,368,100301,1619814.00,
538607,TOYAMSL     ,X ,Q,10.07,10.07,10.07,10.07,10.07,10.60,495,601235,6054436.00,
538609,GAJANANSEC  ,XT,Q,38.94,38.94,38.50,38.50,38.50,38.95,2,215,8365.00,
538610,UNISON      ,X ,Q,22.70,23.50,22.40,22.53,22.75,22.70,101,44562,1013613.00,
538611,RTFL        ,Z ,Q,27.80,28.00,27.25,28.00,28.00,27.80,10,3592,99395.00,
538634,VRL         ,X ,Q,227.00,227.00,210.00,214.85,219.60,222.25,248,8740,1929415.00,
538635,SNOWMAN     ,B ,Q,54.95,56.24,52.00,52.87,52.87,53.48,1219,244070,13311658.00,
538646,QGO         ,X ,Q,46.00,46.00,44.90,44.90,44.90,44.98,21,1249,56640.00,
538666,SHARDACROP  ,A ,Q,440.00,443.50,429.90,432.05,432.55,437.30,411,5865,2561767.00,
538667,SIROHIA     ,MT,Q,6.75,6.75,6.75,6.75,6.75,7.10,1,10000,67500.00,
538668,NAYSAA      ,B ,Q,163.00,170.35,161.50,165.00,170.25,162.25,127,27517,4492714.00,
538683,SENSEXBEES  ,A ,Q,733.98,733.98,727.26,727.74,727.70,726.25,108,1544,1127308.00,
538685,SHEMAROO    ,T ,Q,139.75,145.60,139.75,143.00,143.00,142.55,48,1712,244958.00,
538706,ULTRACAB    ,X ,Q,15.77,15.79,14.50,14.82,14.82,15.46,949,387458,5830351.00,
538707,RCCL        ,X ,Q,37.50,38.51,37.50,37.79,37.79,37.28,13,428,16081.00,
538708,ETIL        ,X ,Q,8.67,8.67,8.25,8.61,8.61,8.67,13,979,8302.00,
538713,ATISHAY     ,X ,Q,31.51,35.00,31.51,34.70,34.50,32.10,174,43795,1485465.00,
538714,SANGAMFIN   ,XT,Q,83.85,83.85,77.00,82.50,82.00,80.40,22,1368,110891.00,
538715,DHABRIYA    ,XT,Q,322.50,322.50,322.50,322.50,322.50,316.20,28,3878,1250655.00,
538730,PDSL        ,B ,Q,325.30,327.00,318.65,319.55,319.55,324.95,534,5301,1709715.00,
538732,VGCL        ,X ,Q,72.00,75.70,65.00,65.29,65.00,66.24,113,11035,761235.00,
538733,STARLIT     ,XT,Q,5.15,5.15,4.90,5.00,5.00,5.15,25,4583,23378.00,
538734,CEINSYSTECH ,XT,Q,210.20,218.00,210.00,211.60,211.60,209.85,973,197930,42359540.00,
538765,JSHL        ,M ,Q,3.46,3.46,3.46,3.46,3.46,3.84,1,5000,17300.00,
538770,CRANE INFRA ,XT,Q,29.29,29.29,28.00,29.29,29.29,27.90,296,52370,1531196.00,
538772,NIYOGIN     ,X ,Q,87.61,91.70,84.10,85.21,85.21,87.57,836,323027,28413412.00,
538778,KALYANCAP   ,X ,Q,16.55,17.19,16.51,17.05,16.90,16.72,129,44545,756011.00,
538786,CIL         ,XT,Q,22.57,22.57,22.00,22.57,22.57,21.50,28,4433,99960.00,
538787,GBFL        ,X ,Q,5.76,5.84,5.76,5.84,5.84,5.60,26,12479,72606.00,
538788,GILADAFINS  ,X ,Q,11.35,11.65,10.75,11.35,11.55,11.11,74,7234,80203.00,
538794,JETINFRA    ,M ,Q,10.02,10.75,10.01,10.11,10.01,11.10,12,48000,486480.00,
538795,SAPPL       ,X ,Q,281.00,288.90,277.50,284.70,284.70,282.00,45,7577,2144763.00,
538812,AANCHALISP  ,X ,Q,11.90,12.00,11.42,11.47,11.43,11.67,233,81074,944441.00,
538817,CAPPIPES    ,B ,Q,25.90,25.90,25.04,25.27,25.27,25.04,374,294518,7424170.00,
538833,ANUBHAV     ,XT,Q,11.46,11.46,11.46,11.46,11.46,11.69,1,200,2292.00,
538834,JMJFIN      ,X ,Q,29.45,29.45,27.15,29.45,29.45,26.78,590,151493,4419112.00,
538835,INTELLECT   ,A ,Q,695.30,719.45,689.30,692.40,691.85,697.45,1609,39826,28128665.00,
538836,MONTECARLO  ,B ,Q,754.95,770.95,752.75,766.40,770.00,774.90,230,1583,1209869.00,
538837,JSTL        ,X ,Q,65.00,65.00,62.30,63.37,63.15,63.38,55,12201,774652.00,
538838,ICL         ,XT,Q,41.65,45.00,41.64,44.89,44.97,43.83,36,3623,157033.00,
538857,SCC         ,X ,Q,4.24,4.24,3.85,4.24,4.24,4.04,3,543,2107.00,
538860,PANAFIC     ,XT,Q,1.15,1.15,1.09,1.14,1.15,1.12,275,261055,295663.00,
538868,CSL         ,X ,Q,6.12,6.12,5.90,6.01,6.04,5.99,56,60298,364787.00,
538874,NEXUSSURGL  ,X ,Q,9.27,9.49,9.27,9.48,9.48,9.15,31,5595,52933.00,
538875,SELLWIN     ,XT,Q,10.81,10.85,10.81,10.81,10.81,11.03,32,24371,263550.00,
538881,GALADAFIN   ,X ,Q,12.44,12.44,11.27,11.27,11.27,11.86,4,312,3523.00,
538882,EMERALD     ,X ,Q,20.92,21.35,19.85,20.69,20.87,20.36,101,19224,390085.00,
538890,MKEXIM      ,X ,Q,100.00,104.30,98.00,98.73,98.73,101.64,670,92404,9212919.00,
538891,MCLOUD      ,B ,Q,358.15,371.50,350.00,368.35,368.35,358.20,4345,498894,180118928.00,
538894,OCTAL       ,X ,Q,19.20,19.20,17.61,18.53,18.53,18.53,10,223,3966.00,
538895,MIHIKA      ,XT,Q,24.00,25.00,24.00,24.00,24.00,24.00,30,88765,2130790.00,
538896,KANCHI      ,X ,Q,417.05,424.65,417.05,422.00,420.00,421.00,125,2102,886502.00,
538902,DHUN TEAIND ,B ,Q,206.55,209.15,206.00,209.00,209.00,206.95,85,1305,270538.00,
538918,VANICOM     ,XT,Q,12.80,12.80,12.64,12.64,12.64,12.90,7,119,1505.00,
538920,VINCOFE     ,XT,Q,25.27,25.27,25.27,25.27,25.27,24.07,61,56427,1425910.00,
538922,COSYN       ,XT,Q,31.00,31.89,31.00,31.75,31.75,31.35,13,1877,58356.00,
538923,SOFCOM      ,XT,Q,64.29,64.29,64.00,64.00,64.00,64.30,4,853,54722.00,
538926,NAPL        ,XT,Q,103.06,103.06,103.06,103.06,103.06,101.04,6,9188,946915.00,
538928,KARNAVATI   ,XT,Q,3.32,3.37,3.05,3.05,3.05,3.21,341,291749,919502.00,
538935,ABHIFIN     ,XT,Q,29.33,29.33,27.94,27.94,27.94,27.94,2,11,321.00,
538942,MERCANTILE  ,X ,Q,24.95,24.95,22.40,22.79,22.79,24.48,217,23054,533887.00,
538943,SONAL       ,X ,Q,75.00,78.99,73.01,75.07,76.39,72.55,44,772,58120.00,
538952,ALFL        ,XT,Q,2.05,2.05,1.99,1.99,1.99,2.09,57,16048,32332.00,
538961,GENUSPAPER  ,B ,Q,18.70,19.57,18.70,18.86,18.86,18.98,300,41810,797609.00,
538962,MINDACORP   ,A ,Q,318.85,325.00,314.15,317.30,317.65,314.80,1081,44768,14340614.00,
538964,MERCURYLAB  ,X ,Q,778.00,844.40,778.00,795.75,797.00,776.05,54,1235,993384.00,
538965,CONCORD     ,X ,Q,37.55,38.00,35.43,36.14,36.06,37.62,201,45913,1662051.00,
538970,WARDINMOBI  ,A ,Q,44.40,45.49,43.20,44.58,44.58,44.03,7322,1562315,69651385.00,
538975,SHREESEC    ,XT,Q,0.39,0.39,0.37,0.39,0.39,0.38,351,964377,370121.00,
538979,GRNLAM IND  ,A ,Q,464.35,466.50,455.45,456.85,459.45,460.45,69,538,248917.00,
538987,TALBROSENG  ,XT,Q,761.10,771.00,740.00,749.20,757.00,759.50,154,3830,2894124.00,
538992,SAPL        ,X ,Q,1170.55,1170.55,1170.55,1170.55,1170.55,1170.65,1,1,1170.00,
539005,JAYATMA     ,XT,Q,15.97,15.97,15.22,15.22,15.22,15.21,2,25,388.00,
539006,PTCIL       ,A ,Q,6000.00,6015.00,5857.15,5899.65,5880.00,5886.40,347,832,4962359.00,
539011,CHENFERRO   ,X ,Q,138.00,142.10,138.00,139.60,139.05,140.85,109,3893,543632.00,
539012,MEGRISOFT   ,X ,Q,102.75,102.75,97.00,98.19,98.00,102.81,28,894,87766.00,
539013,GITARENEW   ,XT,Q,139.75,140.80,130.00,136.30,138.75,136.00,232,9028,1239632.00,
539015,ORTEL       ,Z ,Q,0.87,0.87,0.83,0.83,0.83,0.83,5,4000,3441.00,
539016,NEIL        ,X ,Q,12.24,12.24,11.56,12.24,12.24,11.13,32,13100,160183.00,
539017,STARHFL     ,X ,Q,61.25,61.70,60.00,60.96,60.99,60.43,1188,1056061,63969066.00,
539018,BEEKAY      ,X ,Q,605.90,614.00,605.00,608.35,611.05,600.90,276,11625,7084570.00,
539026,SSPNFIN     ,M ,Q,5.70,5.70,5.70,5.70,5.70,5.70,1,4000,22800.00,
539031,SETFBSE100  ,A ,Q,214.00,216.50,214.00,214.25,214.25,214.00,17,336,71940.00,
539032,FRASER      ,X ,Q,5.89,5.89,5.58,5.74,5.74,5.79,40,11253,65389.00,
539040,TTIL        ,XT,Q,34.58,34.58,34.58,34.58,34.58,35.28,77,3718,128568.00,
539041,SVPHOUSING  ,M ,Q,73.99,73.99,69.70,71.25,71.25,72.89,28,75000,5366150.00,
539042,AGIIL       ,X ,Q,602.00,602.00,552.15,569.90,576.80,593.70,183,8170,4682334.00,
539043,BKMINDST    ,Z ,Q,0.68,0.72,0.68,0.70,0.70,0.69,34,32840,23463.00,
539044,MANAKSTELTD ,B ,Q,47.15,47.55,46.25,46.49,46.49,46.09,177,21570,1011400.00,
539045,MNKALCOLTD  ,B ,Q,24.98,24.98,24.58,24.74,24.58,24.58,106,2886,71630.00,
539046,MNKCMILTD   ,B ,Q,19.59,20.00,19.01,19.02,19.02,19.24,75,16401,319400.00,
539056,IMAGICAA    ,B ,Q,56.51,58.50,56.51,56.83,56.83,57.16,1251,170244,9767599.00,
539083,INOXWIND    ,A ,Q,204.05,205.60,202.00,202.85,202.00,203.30,746,22114,4518962.00,
539096,AANANDALAK  ,X ,Q,12.39,12.39,11.27,11.38,11.28,11.85,54,5362,61430.00,
539097,URSUGAR     ,B ,Q,12.69,12.98,12.26,12.52,12.52,12.44,97,50240,627388.00,
539098,FILTRA      ,M ,Q,41.05,41.05,41.05,41.05,41.05,41.51,2,6000,246300.00,
539111,SHESHAINDS  ,X ,Q,13.73,13.73,13.10,13.49,13.49,13.60,15,5615,75677.00,
539112,SAB         ,X ,Q,117.50,117.50,111.25,115.00,115.00,115.60,18,232,26843.00,
539113,PML         ,XT,Q,1980.35,2011.55,1941.00,1969.35,1951.00,1980.35,114,1034,2036805.00,
539115,ALAN SCOTT  ,XT,Q,47.39,47.39,47.39,47.39,47.39,48.35,13,2446,115915.00,
539117,SUJALA      ,X ,Q,18.05,19.85,18.05,19.19,19.19,18.05,41,9904,189830.00,
539118,VRLLOG      ,A ,Q,685.00,692.00,668.45,673.55,672.60,685.85,1694,21022,14300152.00,
539121,PALCO       ,X ,Q,57.00,60.00,56.00,58.00,58.00,55.77,30,969,56366.00,
539122,BODHTREE    ,XT,Q,5.90,6.03,5.66,5.99,5.99,5.90,47,12995,75900.00,
539123,VBIND       ,XT,Q,4.00,4.00,3.87,4.00,4.00,3.93,8,2097,8387.00,
539124,SARVOTTAM   ,XT,Q,30.01,30.01,29.29,30.00,30.00,30.01,13,3131,92487.00,
539126,MEP         ,B ,Q,11.06,11.42,11.06,11.35,11.35,11.25,196,92954,1046122.00,
539132,WARDWIZFBL  ,X ,Q,48.94,49.80,46.52,46.88,47.00,48.24,376,46899,2266318.00,
539141,UFO         ,T ,Q,114.50,114.50,106.00,108.22,108.22,110.14,195,28447,3117405.00,
539143,PANTH       ,XT,Q,8.62,8.62,8.21,8.36,8.60,8.21,3595,1841419,15773409.00,
539148,SHIVALIK    ,B ,Q,785.00,795.00,765.00,774.20,780.90,785.75,442,3213,2513286.00,
539149,ICSL        ,X ,Q,4.08,4.15,3.71,4.06,4.08,4.00,61,7782,31118.00,
539150,PNCINFRA    ,A ,Q,328.65,332.40,324.25,325.75,324.25,328.65,1052,24084,7929020.00,
539151,ARFIN       ,XT,Q,42.39,44.50,42.39,43.94,44.50,42.39,227,75467,3314612.00,
539176,HAWAENG     ,XT,Q,96.85,105.00,96.70,102.05,102.05,101.75,27,1359,138576.00,
539177,AIIL        ,A ,Q,493.70,493.70,440.40,468.30,468.30,481.05,583,159634,71706254.00,
539190,DFL         ,XT,Q,13.47,13.70,12.72,12.82,12.72,13.15,29,3352,44324.00,
539195,POEL        ,X ,Q,202.00,202.00,186.05,188.10,188.00,192.65,252,20874,3953987.00,
539196,AEL         ,XT,Q,89.40,92.50,85.13,87.73,86.05,88.66,155,16606,1459494.00,
539198,CAPFIN      ,XT,Q,55.67,55.67,55.67,55.67,55.67,54.58,1,52,2894.00,
539199,SGFIN       ,T ,Q,567.75,567.75,552.00,554.75,553.00,558.90,386,26077,14488361.00,
539201,SATIA       ,B ,Q,133.75,136.15,131.30,132.00,132.00,133.60,1101,98531,13171236.00,
539206,GVBL        ,XT,Q,23.10,23.10,22.50,22.50,22.50,22.50,4,1000,22680.00,
539216,GARMNTMNTR  ,B ,Q,4.51,4.51,4.44,4.48,4.48,4.50,79,20430,91594.00,
539217,SRESTHA     ,X ,Q,1.18,1.20,1.11,1.12,1.12,1.18,164,130027,149279.00,
539218,SAUMYA      ,X ,Q,81.67,81.67,81.66,81.66,81.66,81.67,4,49,4001.00,
539219,MUL         ,XT,Q,11.52,11.52,10.98,11.52,11.52,10.98,345,581634,6694291.00,
539220,MISHKA      ,XT,Q,32.39,32.39,30.50,30.50,30.50,31.75,121,13710,418356.00,
539221,SPORTKING   ,B ,Q,844.15,844.25,815.05,821.60,817.05,834.55,377,3025,2500440.00,
539222,GROWINGTON  ,M ,Q,184.05,191.60,184.05,191.45,191.60,189.60,29,58900,11157287.00,
539226,RUDRA       ,XT,Q,105.65,105.65,102.00,104.35,104.00,105.25,181,16439,1706552.00,
539227,LOYAL       ,T ,Q,140.25,140.25,135.20,140.20,140.25,133.60,160,27547,3859551.00,
539228,GGPL        ,XT,Q,5.89,6.16,5.80,5.87,5.90,6.01,570,214800,1270894.00,
539251,BALKRISHNA  ,B ,Q,29.30,29.63,28.76,29.15,29.20,28.71,86,5724,167328.00,
539252,SCFL        ,B ,Q,19.77,20.05,19.13,19.33,19.39,19.38,166,58739,1155166.00,
539254,ADANIENSOL  ,A ,Q,910.00,929.60,893.00,895.90,895.90,886.30,4874,76261,69524871.00,
539255,STARDELTA   ,XT,Q,345.95,345.95,333.20,343.70,343.70,340.00,23,2269,779838.00,
539267,SAMSRITA    ,X ,Q,16.98,17.00,15.80,16.65,16.70,16.50,41,4967,82181.00,
539268,SYNGENE     ,A ,Q,807.00,814.80,794.60,796.95,796.95,804.20,418,5142,4144231.00,
539275,MSL         ,T ,Q,215.00,225.00,212.00,214.55,214.55,219.00,105,4436,962685.00,
539276,KAYA        ,B ,Q,378.65,381.75,371.00,371.85,371.50,374.45,93,1843,692288.00,
539277,ALSTONE     ,XT,Q,0.71,0.71,0.71,0.71,0.71,0.72,3965,3926832,2788050.00,
539278,SYMBIOX     ,XT,Q,3.08,3.09,2.91,2.98,2.98,3.05,190,64758,195755.00,
539287,ORTINLAABS  ,T ,Q,19.80,19.80,19.20,19.25,19.25,19.88,6,561,10885.00,
539288,AVI         ,XT,Q,12.87,13.40,12.80,13.37,13.38,12.90,47,4084,53691.00,
539289,AURUM       ,B ,Q,136.30,139.75,135.30,135.80,135.55,138.05,383,12721,1740761.00,
539290,OSWALGREEN  ,B ,Q,27.79,28.70,27.19,27.36,27.99,27.52,173,30401,846352.00,
539300,AKSPINTEX   ,X ,Q,128.35,130.50,126.00,128.30,128.95,128.35,122,5167,658785.00,
539301,ARVSMART    ,B ,Q,359.40,359.45,351.95,352.65,352.65,356.40,135,1093,386514.00,
539302,POWERMECH   ,A ,Q,3990.05,4030.45,3934.50,3956.70,3956.70,3997.80,348,1363,5445855.00,
539304,CANOPYFIN   ,XT,Q,68.07,68.07,68.07,68.07,68.07,69.45,3,17,1157.00,
539309,RAMASTEEL   ,B ,Q,39.66,39.66,38.36,38.55,38.55,39.09,618,66172,2561738.00,
539310,THINKINK    ,B ,Q,91.50,93.84,90.90,92.98,93.08,91.42,1347,1011810,93787318.00,
539312,UTISENSETF  ,A ,Q,703.00,708.44,700.00,700.00,700.00,704.22,31,163,114748.00,
539313,UTINIFTETF  ,B ,Q,2100.00,2150.00,2050.00,2139.52,2050.00,2084.50,22,36,76121.00,
539314,UNIAUTO     ,B ,Q,170.25,193.40,170.25,193.40,193.40,161.20,278,2201207,366962399.00,
539331,VETO        ,B ,Q,134.00,144.20,133.10,141.15,141.20,133.00,3517,246689,34777527.00,
539332,NAVKARCORP  ,B ,Q,61.00,61.58,59.40,59.54,59.54,61.02,823,85363,5133337.00,
539334,SHREEPUSHK  ,B ,Q,212.90,215.00,206.90,210.00,210.20,210.70,491,13807,2909596.00,
539336,GUJGAS      ,A ,Q,455.05,460.80,455.00,456.25,456.15,454.20,1436,42057,19238081.00,
539337,WAAREE      ,M ,Q,377.90,377.90,365.00,367.00,367.00,373.10,6,4200,1557780.00,
539346,SADBHIN     ,T ,Q,4.18,4.18,4.18,4.18,4.18,4.26,19,39802,166372.00,
539353,SALAUTO     ,XT,Q,461.55,461.55,458.00,461.55,461.55,439.60,66,3265,1506890.00,
539354,POLYSPIN    ,X ,Q,49.22,49.94,48.00,49.94,49.94,50.05,18,1324,64336.00,
539359,PRITIKAUTO  ,T ,Q,23.08,23.65,21.93,21.99,22.00,23.08,260,67606,1522437.00,
539378,SML         ,XT,Q,23.48,23.48,23.48,23.48,23.48,23.48,2,12,281.00,
539383,MINFY       ,Z ,Q,7.73,7.73,7.73,7.73,7.73,7.58,1,101,780.00,
539384,KRISHNACAP  ,XT,Q,22.95,23.62,21.38,21.40,21.40,22.50,22,1696,36340.00,
539391,ACME        ,Z ,Q,25.23,25.23,23.51,23.61,23.51,24.74,51,1402,33504.00,
539398,VISHALBL    ,B ,Q,187.90,191.75,185.00,191.75,191.75,182.65,405,20902,3995856.00,
539399,BELLACASA   ,X ,Q,171.00,171.95,161.30,163.15,161.30,163.95,39,1848,309344.00,
539400,MALLCOM     ,B ,Q,1048.95,1093.65,1034.80,1087.80,1092.00,1048.45,229,785,845950.00,
539402,VAL         ,B ,Q,17.50,17.50,16.40,16.43,16.40,16.48,65,9444,155937.00,
539404,SATIN       ,B ,Q,215.00,215.00,211.20,212.10,212.50,213.25,451,20909,4461506.00,
539405,DITCO       ,X ,Q,13.54,13.54,12.87,12.87,12.87,13.54,23,2666,34312.00,
539406,SWAGTAM     ,XT,Q,36.83,36.83,33.50,35.58,33.50,35.23,4,37,1322.00,
539407,GENCON      ,T ,Q,53.46,53.46,48.40,51.00,51.00,50.92,49,7009,359724.00,
539408,KUBERJI     ,XT,Q,3.73,3.73,3.73,3.73,3.73,3.66,1,1,3.00,
539409,NEERAJ      ,XT,Q,15.73,15.73,14.73,15.65,15.65,14.99,9,164,2525.00,
539410,MUZALI      ,Z ,Q,1.60,1.60,1.52,1.54,1.54,1.58,34,35551,56150.00,
539428,TEJNAKSH    ,B ,Q,33.69,34.71,33.43,34.35,34.35,33.69,232,150654,5156036.00,
539436,COFFEEDAY   ,A ,Q,44.68,44.68,43.01,43.17,43.17,43.37,807,120600,5249721.00,
539437,IDFCFIRSTB  ,A ,Q,93.24,93.54,90.95,91.51,91.51,92.27,14081,3486503,321652481.00,
539447,BEARDSELL   ,T ,Q,26.80,27.38,26.70,27.38,27.38,26.85,32,11284,307707.00,
539448,INDIGO      ,A ,Q,2505.45,2516.05,2475.00,2483.05,2483.05,2497.80,1887,17812,44342129.00,
539450,SHK         ,B ,Q,158.85,162.80,156.25,158.60,158.10,160.15,2312,123570,19738790.00,
539469,PANORAMA    ,XT,Q,228.00,228.00,212.20,216.60,216.60,219.00,32,738,161211.00,
539470,SHREEGANES  ,X ,Q,1.05,1.06,1.04,1.04,1.04,1.04,986,1095094,1149534.00,
539479,GTV         ,X ,Q,350.00,354.40,330.00,339.45,336.05,349.90,61,1071,367624.00,
539480,LICNETFN50  ,B ,Q,212.00,212.50,210.23,210.34,210.23,210.93,23,164,34682.00,
539487,LICNETFSEN  ,A ,Q,720.00,720.40,717.08,717.08,717.08,720.00,5,5,3595.00,
539492,GARBIFIN    ,XT,Q,26.60,27.00,25.61,26.34,26.90,26.60,35,6332,169125.00,
539494,SMARTFIN    ,X ,Q,7.48,7.49,7.20,7.44,7.44,7.36,155,20015,146815.00,
539495,RAJKOTINV   ,XT,Q,34.65,34.65,34.65,34.65,34.65,34.65,7,853,29556.00,
539506,ADCON       ,XT,Q,1.80,1.87,1.71,1.81,1.81,1.79,342,177702,321191.00,
539515,QUINT       ,X ,Q,147.80,151.00,147.05,149.80,150.00,147.80,97,13152,1965016.00,
539516,HDFCNIFTY   ,B ,Q,212.30,214.10,211.50,211.58,211.50,212.30,96,409,87241.00,
539517,HDFCSENSEX  ,A ,Q,713.00,725.00,713.00,716.58,718.27,720.32,56,349,251874.00,
539518,UDAYJEW     ,X ,Q,126.00,135.90,126.00,134.65,130.25,131.60,390,40799,5339243.00,
539519,MAYUKH      ,XT,Q,12.15,12.15,11.79,11.79,11.79,12.15,15,5449,64303.00,
539523,ALKEM       ,A ,Q,3759.00,3788.85,3701.35,3711.85,3703.10,3759.50,448,1425,5328445.00,
539524,LALPATHLAB  ,A ,Q,2235.20,2252.30,2203.05,2210.95,2209.75,2234.85,434,2614,5825842.00,
539526,SCTL        ,T ,Q,0.86,0.86,0.86,0.86,0.86,0.85,132,248293,213531.00,
539527,CREATIVE    ,X ,Q,590.00,600.00,575.00,594.55,582.20,584.45,63,816,481309.00,
539528,AAYUSH      ,X ,Q,25.93,25.93,23.57,25.93,25.93,24.70,23,970,25145.00,
539542,LUXIND      ,B ,Q,1487.05,1492.95,1466.00,1469.45,1468.05,1480.10,235,1101,1627942.00,
539544,ABHIINFRA   ,XT,Q,5.28,5.28,5.02,5.28,5.28,5.28,19,1886,9542.00,
539546,BNL         ,X ,Q,61.50,62.50,55.65,59.77,59.77,61.21,419,283855,17197410.00,
539551,NH          ,A ,Q,1000.00,1035.00,999.95,1018.40,1018.40,998.20,1481,16627,16919317.00,
539559,DDIL        ,XT,Q,5.85,5.90,5.56,5.69,5.56,5.85,579,190332,1103524.00,
539561,REMLIFE     ,X ,Q,1644.00,1644.00,1602.80,1615.10,1620.00,1616.90,222,6135,9931867.00,
539562,AARNAV      ,X ,Q,29.51,29.80,29.11,29.45,29.45,29.60,404,29338,863489.00,
539574,SCL         ,XT,Q,35.85,38.38,35.83,36.59,36.59,37.71,101,58835,2119835.00,
539584,SIPTL       ,X ,Q,0.84,0.88,0.82,0.86,0.86,0.83,154,147810,125753.00,
539593,SHIVA       ,XT,Q,5.33,5.33,5.07,5.07,5.07,5.33,10,2442,12387.00,
539594,MISHTANN    ,X ,Q,13.14,13.29,12.31,12.73,12.73,13.02,13752,10191191,129135452.00,
539596,DELTA       ,XT,Q,13.18,13.18,13.18,13.18,13.18,13.18,3,126,1660.00,
539598,CGFL        ,XT,Q,137.00,140.75,135.00,138.00,138.00,137.95,89,7669,1050145.00,
539599,KEL         ,X ,Q,13.69,13.69,13.69,13.69,13.69,13.69,1,1,13.00,
539607,BLUECLOUDS  ,XT,Q,71.10,73.90,71.00,72.45,73.50,70.46,114,7422,543832.00,
539620,KEIL        ,X ,Q,22.49,22.49,21.26,21.75,21.95,21.92,145,42187,908816.00,
539621,BCLENTERPR  ,X ,Q,1.07,1.09,1.06,1.09,1.09,1.07,540,303861,329036.00,
539636,PRECAM      ,B ,Q,237.95,238.20,232.10,233.50,233.00,235.40,873,16583,3892487.00,
539658,TEAMLEASE   ,A ,Q,2318.10,2333.10,2297.95,2318.00,2305.50,2312.60,297,915,2122543.00,
539659,VIDLI       ,T ,Q,78.40,78.40,75.46,75.50,75.50,77.00,10,585,44905.00,
539660,BESTAGRO    ,B ,Q,1231.30,1239.00,1201.00,1208.20,1208.20,1219.00,1993,37182,45231579.00,
539661,ACEMEN      ,XT,Q,51.50,52.20,49.00,51.75,51.75,49.77,30,274,13874.00,
539662,BFLAFL      ,XT,Q,13.56,13.83,13.56,13.82,13.82,13.56,36,4870,67171.00,
539673,RCL         ,Z ,Q,1.59,1.59,1.47,1.59,1.59,1.52,28,9714,15402.00,
539678,QUICKHEAL   ,B ,Q,189.80,194.15,188.00,188.70,188.35,192.00,355,11807,2255194.00,
539679,KAPILRAJ    ,X ,Q,21.50,22.55,21.01,21.04,21.01,21.55,98,126205,2767488.00,
539680,GANGAPHARM  ,M ,Q,10.70,10.70,10.70,10.70,10.70,10.74,1,40000,428000.00,
539686,KPEL        ,B ,Q,407.05,407.05,389.35,395.30,395.30,387.70,1836,156262,62330515.00,
539692,IFINSER     ,X ,Q,21.52,21.52,21.52,21.52,21.52,20.50,17,12118,260779.00,
539697,HILIKS      ,XT,Q,13.62,13.62,13.10,13.10,13.10,13.36,8,6776,92248.00,
539724,HYPERSOFT   ,XT,Q,9.00,9.00,9.00,9.00,9.00,8.90,1,1000,9000.00,
539725,GOKULAGRO   ,B ,Q,112.00,113.35,109.00,109.50,109.75,111.75,768,24882,2739943.00,
539730,FREDUN      ,XT,Q,980.00,999.75,956.00,965.05,974.70,972.25,218,2788,2715310.00,
539742,SIMBHALS    ,B ,Q,26.60,27.51,26.60,26.70,26.65,26.73,81,9454,255778.00,
539760,RELICAB     ,B ,Q,91.00,95.95,89.00,90.66,90.30,91.78,123,85917,7774599.00,
539761,VKAL        ,XT,Q,150.50,154.80,147.25,151.50,151.50,155.00,28,1131,167828.00,
539767,MNIL        ,XT,Q,13.39,13.39,12.41,12.49,12.43,12.95,12,1251,16095.00,
539773,ADVIKCA     ,XT,Q,2.20,2.20,2.10,2.14,2.16,2.17,341,423740,908696.00,
539784,LICNFNHGP   ,B ,Q,208.40,208.40,206.60,206.75,206.61,208.40,13,17,3524.00,
539785,PDMJEPAPER  ,B ,Q,49.07,51.40,49.07,49.74,50.24,50.06,550,41472,2095840.00,
539787,HCG         ,B ,Q,340.55,342.15,338.00,341.20,341.80,340.00,143,2271,773833.00,
539798,UMIYA       ,B ,Q,6.16,6.69,6.16,6.69,6.69,6.40,12,4761,30497.00,
539799,BHARATWIRE  ,B ,Q,208.20,209.35,205.00,206.00,205.25,205.85,344,15292,3149188.00,
539800,CHDCHEM     ,B ,Q,4.95,4.95,4.81,4.81,4.81,4.95,20,3402,16652.00,
539807,INFIBEAM    ,A ,Q,14.26,14.39,13.98,14.06,14.06,14.18,1602,850937,12059681.00,
539814,LELAVOIR    ,XT,Q,89.90,89.90,82.34,83.10,84.90,86.00,36,3670,306794.00,
539834,BALGOPAL    ,X ,Q,21.98,21.98,20.16,20.17,20.16,21.22,19,5437,112079.00,
539835,SUPERIOR    ,XT,Q,1.44,1.44,1.37,1.40,1.40,1.44,14,7972,11217.00,
539837,RPEL        ,B ,Q,545.00,547.95,515.05,522.45,522.45,538.00,929,18904,10058882.00,
539841,LANCER      ,B ,Q,236.45,249.90,235.95,239.15,239.15,234.75,4684,1103300,266565144.00,
539843,NINSYS      ,T ,Q,370.00,379.95,356.00,358.95,358.95,374.35,280,2438,880689.00,
539854,HALDER      ,X ,Q,315.90,315.90,298.00,305.45,313.00,309.25,28,334,101662.00,
539871,THYROCARE   ,A ,Q,559.05,559.05,543.00,544.90,544.90,553.45,631,6595,3634436.00,
539872,BAJAJHCARE  ,B ,Q,317.05,317.05,307.40,309.30,310.00,309.50,766,21304,6593032.00,
539874,UJJIVAN     ,A ,Q,510.55,516.30,493.65,496.35,496.85,510.00,2226,80601,40620508.00,
539875,RSDFIN      ,X ,Q,76.00,86.00,76.00,83.52,83.99,82.00,20,927,76993.00,
539876,CROMPTON    ,A ,Q,309.10,311.15,305.00,305.70,305.65,308.60,1603,74387,22944105.00,
539883,PILANIINVS  ,B ,Q,2023.25,2023.25,2002.00,2002.40,2002.00,2012.45,31,82,164869.00,
539884,DARSHANORNA ,B ,Q,3.02,3.02,2.87,2.88,2.87,2.96,97,35905,104288.00,
539889,PARAGMILK   ,B ,Q,177.80,181.05,175.05,175.65,175.65,175.90,1706,113108,20068570.00,
539894,MADHAVIPL   ,XT,Q,5.95,5.95,5.88,5.88,5.88,6.00,252,230147,1355763.00,
539910,KOCL        ,XT,Q,2.11,2.11,1.97,2.06,2.06,2.01,41,13185,26450.00,
539911,SNIM        ,XT,Q,21.42,21.42,21.41,21.41,21.41,21.42,7,341,7303.00,
539917,NAGARFERT   ,B ,Q,7.81,8.35,7.81,8.00,8.00,8.22,2102,4211873,33377338.00,
539921,SEIL        ,B ,Q,67.70,70.00,66.40,67.04,67.02,67.78,50,3525,237903.00,
539938,MIL         ,X ,Q,78.00,80.99,77.05,77.50,77.50,78.00,48,6299,498082.00,
539939,YASHCHEM    ,B ,Q,77.55,79.44,74.16,75.09,75.09,77.78,343,48185,3660944.00,
539945,ICICINV20   ,B ,Q,112.48,112.48,110.75,111.05,111.05,110.96,35,659,73571.00,
539946,BAZELINTER  ,XT,Q,37.50,37.50,37.50,37.50,37.50,37.94,1,10,375.00,
539947,JLL         ,XT,Q,30.00,30.00,30.00,30.00,30.00,30.00,1,15,450.00,
539956,TAALENT     ,X ,Q,2028.95,2028.95,1960.00,1987.50,1985.00,2004.75,179,7944,15758479.00,
539957,MGL         ,A ,Q,996.95,1006.00,992.40,997.90,999.40,990.20,3310,80332,80337776.00,
539963,ZEAL        ,B ,Q,7.01,7.06,6.97,7.00,7.00,7.00,313,80336,562771.00,
539978,QUESS       ,A ,Q,426.95,429.65,419.70,427.95,427.95,420.95,1171,25357,10760319.00,
539979,DIGJAMLTD   ,T ,Q,79.95,82.75,79.95,81.07,81.10,81.05,13,411,33237.00,
539980,ICICIMCAP   ,B ,Q,117.59,118.37,117.16,117.54,117.16,117.21,25,900,106069.00,
539984,HUIL        ,XT,Q,2351.10,2351.10,2305.00,2305.00,2305.00,2305.00,5,6,14008.00,
539986,COMSYN      ,B ,Q,59.00,61.80,57.80,59.67,59.60,59.28,259,53948,3191749.00,
539991,CFEL        ,XT,Q,138.50,138.50,131.45,132.10,131.45,138.35,79,7697,1035248.00,
539992,LLOYDSTEEL  ,T ,Q,45.99,46.49,43.70,44.05,44.05,44.97,3479,1011664,45740197.00,
539997,KPL         ,B ,Q,381.05,389.70,375.20,380.50,381.95,380.00,283,10032,3816923.00,
540005,LTIM        ,A ,Q,5201.05,5230.00,5120.25,5170.20,5170.20,5173.15,1340,6773,35086913.00,
540006,EASTWEST    ,X ,Q,5.45,5.45,4.62,4.79,4.79,5.30,472,289797,1420295.00,
540008,BSLSENETFG  ,A ,Q,64.28,64.44,63.52,63.78,63.52,63.78,28,170,10893.00,
540023,COLORCHIPS  ,XT,Q,6.16,6.16,6.16,6.16,6.16,6.48,350,192592,1186366.00,
540025,ADVENZYMES  ,B ,Q,327.45,334.25,324.60,327.15,328.90,327.45,1100,16673,5495981.00,
540026,LAHL        ,XT,Q,5.72,6.00,5.44,5.74,5.74,5.72,75,8474,48602.00,
540027,PTIL        ,T ,Q,231.00,231.00,230.00,230.00,230.00,231.00,2,2,461.00,
540047,DBL         ,A ,Q,312.50,315.95,300.00,304.05,304.05,309.40,1974,71802,22269247.00,
540048,SPAL        ,B ,Q,525.00,534.00,523.00,529.85,534.00,524.55,130,665,351362.00,
540061,BIGBLOC     ,B ,Q,147.30,148.75,144.55,145.65,147.40,148.45,113,2587,377501.00,
540062,GOLDENCREST ,XT,Q,69.18,69.18,69.18,69.18,69.18,69.18,1,9,622.00,
540063,ECS         ,XT,Q,7.20,7.54,7.00,7.50,7.50,7.20,38,4907,35291.00,
540065,RBLBANK     ,A ,Q,230.90,237.35,227.70,229.30,229.30,230.25,17112,12143917,2800272915.00,
540073,BLS         ,A ,Q,277.20,282.45,274.70,280.15,280.05,275.85,1046,77653,21748885.00,
540078,MITSU       ,B ,Q,177.90,186.15,176.00,180.05,179.05,175.60,309,19200,3449064.00,
540079,SPRAYKING   ,B ,Q,194.00,198.65,192.00,192.40,192.40,190.15,202,17100,3326215.00,
540081,GOVNOW      ,T ,Q,3.65,3.65,3.65,3.65,3.65,3.65,4,2843,10376.00,
540097,VISCO       ,X ,Q,103.99,103.99,97.50,100.05,100.04,100.28,33,5917,593717.00,
540108,TIAANC      ,X ,Q,3.33,3.55,2.89,3.22,3.22,3.14,47,40610,135045.00,
540115,LTTS        ,A ,Q,4394.00,4427.20,4367.95,4397.20,4380.00,4365.50,988,6272,27575489.00,
540124,GNA         ,B ,Q,1035.05,1047.00,1021.00,1026.45,1028.80,1041.50,1030,11717,12036629.00,
540125,RADHIKAJWE  ,B ,Q,35.35,35.74,34.76,35.04,35.00,35.38,410,64797,2273345.00,
540133,ICICIPRULI  ,A ,Q,556.95,556.95,543.10,544.40,543.35,549.20,1345,22355,12306129.00,
540134,IISL        ,XT,Q,3.50,3.64,3.47,3.47,3.47,3.65,12,16332,56833.00,
540135,ARCFIN      ,XT,Q,0.77,0.78,0.73,0.75,0.75,0.76,2551,3152058,2333563.00,
540136,HPL         ,B ,Q,214.00,222.00,213.00,213.45,214.25,213.65,1309,43788,9496972.00,
540143,SAGARSOFT   ,X ,Q,156.90,156.90,140.50,143.60,144.95,144.15,49,1593,229885.00,
540144,DRA         ,M ,Q,33.70,33.70,29.90,30.00,30.00,30.73,9,22500,691750.00,
540145,VALIANTORG  ,A ,Q,464.95,474.20,459.90,461.50,463.00,458.90,1877,25143,11785094.00,
540146,ACML        ,M ,Q,67.44,67.44,64.99,64.99,64.99,62.05,3,3000,197430.00,
540147,SHASHIJIT   ,B ,Q,33.94,34.38,33.00,33.86,33.86,32.90,56,18882,644729.00,
540153,ENDURANCE   ,A ,Q,1634.95,1660.75,1624.25,1652.45,1651.15,1633.80,485,2124,3491663.00,
540154,IDFSENSEXE  ,A ,Q,710.00,714.00,696.25,697.45,697.45,698.35,8,26,18484.00,
540159,PURPLE      ,XT,Q,2.69,2.74,2.69,2.74,2.74,2.69,7,8619,23185.00,
540168,SUPRAPFSL   ,X ,Q,20.00,20.98,20.00,20.01,20.01,20.00,9,1215,24406.00,
540173,PNBHOUSING  ,A ,Q,650.05,654.85,644.00,648.35,646.75,644.95,512,9606,6237290.00,
540174,SOUTHERNIN  ,XT,Q,15.22,15.22,14.31,15.19,15.19,15.00,18,1167,17407.00,
540175,REGENCY     ,X ,Q,10.77,10.78,10.01,10.26,10.42,10.39,96,25818,265829.00,
540180,VBL         ,A ,Q,889.00,892.90,875.80,883.65,883.65,886.55,3350,64979,57400451.00,
540181,SALEM       ,X ,Q,42.00,42.01,41.99,42.00,42.00,42.00,6,1012,42500.00,
540190,FRANKLININD ,XT,Q,26.46,26.46,26.46,26.46,26.46,25.20,5,676,17886.00,
540192,LKPSEC      ,X ,Q,12.65,12.95,12.54,12.65,12.74,12.45,125,23369,297501.00,
540198,OSIAJEE     ,XT,Q,45.00,45.00,43.50,44.52,44.75,43.10,81,14396,638532.00,
540203,SFL         ,A ,Q,1130.35,1130.70,1105.00,1110.95,1105.00,1121.75,347,2272,2541802.00,
540204,EIKO        ,X ,Q,60.81,60.84,59.00,60.68,60.54,60.24,88,7698,461458.00,
540205,AVL         ,B ,Q,2379.65,2398.00,2283.05,2301.00,2309.95,2339.60,1283,42743,101206717.00,
540210,HEADSUP     ,B ,Q,11.91,12.20,11.85,11.89,11.85,11.94,428,6752,80502.00,
540212,TCIEXP      ,A ,Q,1411.65,1411.70,1398.60,1399.25,1398.60,1402.50,204,874,1224938.00,
540222,LAURUSLABS  ,A ,Q,399.95,399.95,389.00,390.00,393.00,395.15,812,34713,13643616.00,
540243,NEWLIGHT    ,X ,Q,19.99,19.99,19.25,19.25,19.25,20.00,7,1294,25618.00,
540252,VSL         ,T ,Q,8.55,8.55,8.31,8.36,8.35,8.31,225,35106,295724.00,
540254,MTPL        ,XT,Q,18.90,18.90,18.90,18.90,18.90,18.90,2,2920,55188.00,
540259,SHANGAR     ,X ,Q,4.25,4.40,4.03,4.13,4.13,4.20,126,37590,156136.00,
540266,GLCL        ,Z ,Q,30.97,30.97,28.35,29.44,29.44,29.84,15,917,26224.00,
540268,TRU         ,B ,Q,54.57,60.70,54.55,56.96,56.96,55.68,1669,1117910,62743548.00,
540293,PRICOLLTD   ,A ,Q,314.95,324.15,308.50,309.80,309.00,311.35,2440,63201,19938840.00,
540310,CFL         ,XT,Q,39.42,39.42,39.37,39.37,39.37,39.42,5,5,196.00,
540311,JITFINFRA   ,T ,Q,510.00,516.90,497.55,509.50,511.00,511.50,33,1517,774088.00,
540332,TANVI       ,M ,Q,95.00,95.49,95.00,95.49,95.49,90.95,3,8000,760980.00,
540358,RMC         ,M ,Q,715.00,722.00,706.00,720.85,721.00,697.35,10,5000,3585900.00,
540359,PARMAX      ,X ,Q,29.18,29.80,28.87,29.78,29.80,29.18,17,166,4831.00,
540360,LLFICL      ,XT,Q,2.61,2.61,2.52,2.61,2.61,2.49,96,118950,309108.00,
540361,DANUBE      ,XT,Q,19.33,19.33,19.33,19.33,19.33,19.72,268,78311,1513751.00,
540366,RADIOCITY   ,T ,Q,13.50,13.69,12.86,13.16,13.20,13.27,66,34155,454698.00,
540376,DMART       ,A ,Q,3540.05,3570.00,3540.05,3560.90,3560.90,3538.95,797,4176,14859309.00,
540377,IFL         ,B ,Q,14.25,14.70,14.20,14.30,14.30,14.29,1132,790754,11318608.00,
540386,ONTIC       ,XT,Q,0.57,0.58,0.56,0.57,0.57,0.57,97,118349,67374.00,
540393,SMLT        ,T ,Q,266.65,266.65,245.00,257.90,257.90,256.25,68,2407,601334.00,
540395,CHEMCRUX    ,B ,Q,314.00,314.00,308.00,310.00,310.25,309.40,521,6581,2041860.00,
540396,MANOMAY     ,B ,Q,134.50,134.50,124.30,127.60,125.70,130.25,107,60194,7645683.00,
540401,MAXIMUS     ,B ,Q,16.00,16.50,15.63,16.02,16.00,15.94,573,63414,1012158.00,
540403,CLEDUCATE   ,B ,Q,77.95,79.00,77.15,77.55,77.65,77.11,62,4280,333689.00,
540404,PRIMEFRESH  ,M ,Q,260.00,260.00,260.00,260.00,260.00,268.10,1,750,195000.00,
540425,SHANKARA    ,B ,Q,882.70,885.10,858.00,862.15,863.55,879.30,385,4037,3514670.00,
540481,CLFL        ,XT,Q,12.88,12.88,12.88,12.88,12.88,13.55,4,71,914.00,
540492,STARLENT    ,B ,Q,102.60,107.50,102.60,106.65,107.00,105.25,200,64499,6754904.00,
540497,SCHAND      ,B ,Q,204.80,240.80,204.30,234.30,234.30,201.05,5731,176354,41126483.00,
540515,KANUNGO     ,XT,Q,4.85,5.04,4.57,5.03,5.03,4.81,33,5071,23426.00,
540519,MEERA       ,B ,Q,42.99,47.00,42.00,43.33,42.90,42.18,118,16563,730720.00,
540526,IRBINVIT    ,IF,Q,69.80,69.99,69.61,69.72,69.70,69.80,215,20962,1461615.00,
540530,HUDCO       ,A ,Q,75.09,76.46,72.80,73.40,73.40,75.08,4422,1004342,74673329.00,
540544,PSPPROJECT  ,A ,Q,818.50,829.25,806.00,809.95,813.00,820.65,2792,33847,27646345.00,
540545,BGJL        ,B ,Q,12.01,12.45,11.95,12.01,12.27,12.01,95,11071,134178.00,
540550,YUG         ,M ,Q,109.60,110.50,109.60,109.60,109.60,109.50,4,8000,878600.00,
540565,INDIGRID    ,IF,Q,136.20,136.50,136.20,136.20,136.20,136.20,78,2907,396133.00,
540570,VARIMAN     ,X ,Q,13.29,13.29,12.61,13.00,13.00,12.92,180,301311,3915950.00,
540575,STARCEMENT  ,A ,Q,158.35,162.55,157.25,158.15,158.15,161.35,1025,35737,5700245.00,
540590,RIDDHICORP  ,T ,Q,189.70,198.45,185.00,193.95,193.95,189.70,43,1459,282111.00,
540595,TEJASNET    ,A ,Q,858.95,859.90,830.95,841.10,841.10,849.20,1746,34421,29211756.00,
540596,ERIS        ,A ,Q,840.65,840.65,818.00,825.00,833.90,837.70,802,7153,5916732.00,
540602,GTPL        ,B ,Q,156.30,158.40,153.20,153.65,154.30,154.10,447,15133,2363036.00,
540611,AUBANK      ,A ,Q,735.95,748.80,729.05,745.35,743.35,729.90,2137,36601,27169881.00,
540612,ICICILOVOL  ,B ,Q,161.70,162.50,158.82,161.51,162.06,162.07,90,1284,207743.00,
540614,GGENG       ,T ,Q,1.37,1.38,1.28,1.30,1.30,1.34,14540,26929193,35203695.00,
540615,7NR         ,B ,Q,0.67,0.67,0.65,0.67,0.66,0.66,423,829453,551304.00,
540642,SALASAR     ,B ,Q,54.49,55.25,53.39,53.78,53.78,53.69,804,642023,34554374.00,
540647,GANGESSEC   ,B ,Q,125.90,125.90,114.20,114.25,114.20,115.85,10,72,8356.00,
540648,PALASHSEC   ,T ,Q,100.00,106.95,97.20,106.00,106.00,102.25,8,39,3967.00,
540649,AVADHSUGAR  ,B ,Q,529.25,544.90,527.20,536.60,536.60,525.25,636,8500,4567954.00,
540650,MAGADHSUGAR ,B ,Q,493.05,502.65,479.85,480.55,479.85,492.20,519,6019,2944148.00,
540653,SINTEXPLAST ,T ,Q,1.20,1.21,1.14,1.18,1.18,1.20,667,1510448,1787183.00,
540654,GSTL        ,B ,Q,37.00,37.00,35.58,35.63,35.63,35.88,92,10916,395995.00,
540669,UTINEXT50   ,B ,Q,47.03,47.30,46.63,47.03,46.63,47.05,246,3646,171849.00,
540673,SIS         ,A ,Q,460.45,460.50,448.75,451.00,450.25,457.50,109,732,332064.00,
540678,COCHINSHIP  ,A ,Q,870.05,877.55,843.10,848.45,848.45,867.60,5875,130905,111964293.00,
540679,SMSLIFE     ,B ,Q,507.65,507.70,500.80,502.40,502.40,503.00,24,77,38727.00,
540680,KIOCL       ,A ,Q,227.20,228.00,220.50,221.05,222.00,224.95,293,6857,1542523.00,
540686,SMRUTHIORG  ,X ,Q,162.00,165.00,158.60,159.25,159.00,163.10,120,6329,1022267.00,
540691,ABCAPITAL   ,A ,Q,185.60,188.40,183.50,183.95,183.95,186.60,942,92915,17304977.00,
540692,APEX        ,B ,Q,215.10,233.90,215.10,228.20,227.00,219.60,1146,25172,5721596.00,
540693,SHISHIND    ,T ,Q,116.40,118.00,114.00,116.95,117.20,112.90,357,12361,1448717.00,
540694,ANG         ,B ,Q,76.50,76.91,73.10,73.94,73.94,76.78,185,25686,1931279.00,
540696,KCDGROUP    ,XT,Q,28.40,29.60,27.67,27.99,29.35,29.12,43,5074,145257.00,
540699,DIXON       ,A ,Q,5000.00,5049.80,4935.45,4945.60,4945.60,4996.90,3419,21287,106111015.00,
540700,BRNL        ,B ,Q,32.20,33.66,32.20,33.41,33.24,32.86,206,14620,485655.00,
540701,DCAL        ,B ,Q,155.85,157.00,152.90,153.55,153.55,154.70,595,23438,3645015.00,
540702,LASA        ,B ,Q,29.24,29.24,26.67,26.69,26.69,28.67,637,88230,2428789.00,
540703,PROCLB      ,XT,Q,6.62,6.62,6.31,6.31,6.31,6.31,3,1002,6632.00,
540704,MATRIMONY   ,B ,Q,651.05,658.70,636.80,647.95,647.60,654.45,156,2149,1400704.00,
540709,RELHOME     ,T ,Q,2.21,2.21,2.11,2.20,2.20,2.12,1866,5069025,10972199.00,
540710,CAPACITE    ,B ,Q,203.85,206.50,201.75,202.05,201.85,203.90,1168,63153,12908661.00,
540716,ICICIGI     ,A ,Q,1319.20,1344.75,1319.20,1334.35,1329.10,1318.50,768,6176,8248392.00,
540717,PQIF        ,B ,Q,40.00,40.50,39.00,39.66,39.80,39.56,46,2177,86819.00,
540718,AKM         ,M ,Q,38.60,38.60,38.60,38.60,38.60,42.88,2,6000,231600.00,
540719,SBILIFE     ,A ,Q,1320.95,1320.95,1290.50,1294.05,1293.90,1299.80,765,8244,10737906.00,
540724,DIAMONDYD   ,B ,Q,885.25,920.00,879.45,902.65,894.00,878.35,199,1819,1618081.00,
540725,SISL        ,A ,Q,1302.40,1335.40,1301.55,1321.70,1325.00,1297.05,152,1450,1905596.00,
540726,TTFL        ,B ,Q,62.45,62.90,60.00,60.17,60.17,60.54,135,6718,408373.00,
540727,POOJA       ,B ,Q,31.64,31.70,30.80,31.46,31.70,30.71,63,5227,164355.00,
540728,SAYAJIIND   ,X ,Q,199.90,199.90,179.10,179.20,179.20,184.15,8,42,7543.00,
540730,MEHAI       ,T ,Q,18.55,18.55,18.55,18.55,18.55,17.67,29,24624,456775.00,
540735,IRIS        ,T ,Q,115.59,116.55,107.99,108.03,107.99,113.67,82,11408,1238595.00,
540737,SGRL        ,B ,Q,441.00,441.00,431.00,434.70,435.00,432.70,154,3126,1365875.00,
540738,STL         ,B ,Q,64.77,65.90,63.55,64.36,64.36,64.14,143,35850,2322884.00,
540743,GODREJAGRO  ,A ,Q,485.05,494.80,485.00,487.65,488.65,484.70,549,15090,7416953.00,
540749,MASFIN      ,A ,Q,840.00,840.00,815.00,817.00,818.15,823.10,157,1120,919989.00,
540750,IEX         ,A ,Q,125.55,126.95,124.50,124.75,124.75,125.05,9743,687164,86490634.00,
540755,GICRE       ,A ,Q,217.90,224.40,215.75,217.90,217.90,216.60,3835,201576,44424072.00,
540757,SCPL        ,T ,Q,413.95,413.95,407.50,408.00,408.00,403.80,9,140,57093.00,
540762,TIINDIA     ,A ,Q,2792.90,2800.45,2752.30,2770.50,2779.40,2788.10,551,3792,10501779.00,
540767,NAM-INDIA   ,A ,Q,315.00,318.00,311.75,313.85,314.25,310.70,897,24939,7868297.00,
540768,MAHLOG      ,A ,Q,383.30,389.10,380.25,381.55,382.50,382.00,406,7655,2953288.00,
540769,NIACL       ,A ,Q,132.45,134.90,130.10,131.00,131.00,131.10,2269,163203,21548096.00,
540774,IFGLEXPOR   ,B ,Q,487.05,490.40,481.00,486.40,482.60,487.80,2581,83731,40714830.00,
540775,KHADIM      ,B ,Q,278.95,281.30,268.70,275.40,277.95,277.30,845,10983,3010112.00,
540776,5PAISA      ,B ,Q,463.85,466.35,453.40,459.90,463.00,459.85,298,3553,1630600.00,
540777,HDFCLIFE    ,A ,Q,632.55,637.20,628.80,630.55,630.55,632.80,1149,26336,16699798.00,
540786,SHARIKA     ,T ,Q,6.39,6.39,6.00,6.20,6.07,6.14,87,34716,213825.00,
540787,ICICIB22    ,A ,Q,69.91,71.50,69.91,70.84,70.80,70.83,414,28078,1995649.00,
540788,ASPIRA      ,X ,Q,43.00,47.91,38.00,47.91,47.91,39.93,411,80372,3538253.00,
540789,DNAMEDIA    ,B ,Q,3.11,3.11,3.00,3.02,3.01,3.01,20,4475,13448.00,
540795,DYNAMIC     ,T ,Q,483.00,489.50,469.00,477.00,473.00,483.05,321,6869,3284701.00,
540797,SHALBY      ,B ,Q,218.90,227.55,213.95,216.10,215.70,216.45,1703,54323,11927469.00,
540798,FSC         ,Z ,Q,9.50,9.60,9.20,9.45,9.45,9.50,35,2292,21519.00,
540809,MRCAGRO     ,T ,Q,16.85,16.85,16.85,16.85,16.85,16.05,287,83497,1406924.00,
540811,DML         ,M ,Q,23.68,23.68,23.68,23.68,23.68,21.78,1,10000,236800.00,
540821,SADHNA      ,XT,Q,4.74,4.86,4.52,4.65,4.68,4.63,489,158171,741069.00,
540823,VITESSE     ,Z ,Q,15.90,15.95,15.00,15.34,15.09,15.55,34,1846,28778.00,
540824,ASTRON      ,B ,Q,30.33,31.24,30.00,30.01,30.03,29.83,369,34847,1059145.00,
540829,CHANDRIMA   ,XT,Q,6.39,6.39,6.39,6.39,6.39,6.39,3,101,645.00,
540874,7SEAS       ,XT,Q,30.00,30.34,28.01,29.99,30.00,28.90,138,129654,3900536.00,
540879,APOLLO      ,B ,Q,57.74,58.71,56.79,56.95,56.95,56.76,1372,183833,10551821.00,
540900,NEWGEN      ,A ,Q,955.00,957.45,917.75,923.75,922.05,943.75,1186,8516,7929328.00,
540901,PRAXIS      ,T ,Q,23.79,23.79,23.79,23.79,23.79,23.33,35,27165,646255.00,
540902,AMBER       ,A ,Q,2884.95,2986.05,2790.30,2815.30,2815.30,2855.25,2953,18477,53618714.00,
540904,TIRUFOAM    ,X ,Q,85.01,85.01,85.01,85.01,85.01,85.58,4,486,41314.00,
540914,SRUSTEELS   ,XT,Q,15.13,15.13,15.13,15.13,15.13,15.43,156,24190,365994.00,
540923,ASHOKAMET   ,T ,Q,19.45,19.70,19.00,19.02,19.42,19.45,39,14907,284134.00,
540935,GALAXYSURF  ,A ,Q,2692.85,2707.05,2660.00,2671.95,2690.95,2681.25,225,652,1742804.00,
540936,GGL         ,B ,Q,11.28,11.59,11.28,11.33,11.40,11.34,197,19594,223172.00,
540937,MEDICO      ,B ,Q,82.11,82.11,78.50,80.17,79.45,80.17,45,1605,128096.00,
540952,LAL         ,T ,Q,220.35,220.35,215.50,215.50,215.50,209.90,4,251,55283.00,
540953,KENVI       ,T ,Q,9.35,9.78,9.05,9.35,9.35,9.32,2882,2100815,20098808.00,
540954,IWP         ,X ,Q,32.82,32.82,31.30,32.46,32.82,31.26,331,97599,3161373.00,
540955,TDSL        ,B ,Q,12.74,12.75,12.31,12.42,12.44,12.38,131,23623,297664.00,
540956,BHATIA      ,B ,Q,18.50,18.50,17.95,18.26,18.43,18.00,462,83912,1534239.00,
540961,SHIVAMILLS  ,B ,Q,71.50,71.50,70.85,70.98,70.85,71.13,17,185,13154.00,
540975,ASTERDM     ,A ,Q,315.40,323.75,311.85,319.95,321.85,314.90,2109,45112,14405826.00,
540980,YSL         ,X ,Q,17850.00,17850.00,17600.00,17600.00,17600.00,17301.10,10,38,672550.00,
541005,KANCOTEA    ,X ,Q,77.97,77.97,74.10,76.30,76.30,76.19,40,1200,90315.00,
541019,HGINFRA     ,A ,Q,935.00,940.60,909.00,916.50,913.30,932.15,743,8165,7522678.00,
541083,INFLAME     ,M ,Q,660.20,676.00,631.10,648.70,670.00,667.70,80,20500,13182075.00,
541096,BPLPHARMA   ,XT,Q,538.50,566.00,538.50,559.70,560.00,566.05,49,2852,1599583.00,
541097,LIQUIDETF   ,F ,Q,1000.00,1000.01,999.99,1000.00,1000.00,1000.00,34,16369,16368976.00,
541143,BDL         ,A ,Q,1171.95,1179.95,1145.05,1150.75,1151.00,1162.10,1837,25371,29400087.00,
541144,ACTIVE      ,T ,Q,48.00,49.00,44.85,48.00,48.00,47.08,29,7413,349282.00,
541152,GOYALALUM   ,T ,Q,8.87,8.87,8.87,8.87,8.87,9.05,108,37670,334132.00,
541153,BANDHANBNK  ,A ,Q,238.05,240.70,234.00,234.90,234.90,237.05,4156,343170,81585458.00,
541154,HAL         ,A ,Q,4138.80,4138.80,3956.25,3965.65,3965.65,4030.00,7961,99853,402933141.00,
541161,KBCGLOBAL   ,T ,Q,2.62,2.67,2.62,2.64,2.63,2.64,136,266131,703831.00,
541163,SANDHAR     ,B ,Q,391.10,422.00,385.35,389.80,389.80,376.70,5714,134539,54716760.00,
541167,YASHO       ,B ,Q,1791.35,1830.00,1756.65,1814.75,1823.85,1800.95,803,4417,7953491.00,
541178,BENARA      ,M ,Q,13.60,13.60,13.05,13.05,13.05,13.50,2,4000,53300.00,
541179,ISEC        ,A ,Q,622.10,631.25,621.95,623.95,623.40,620.65,368,5195,3250129.00,
541195,MIDHANI     ,A ,Q,418.95,426.20,394.20,397.85,397.85,408.20,6382,256933,105997025.00,
541206,OBCL        ,B ,Q,49.00,49.59,48.45,48.87,49.00,49.08,115,4031,197973.00,
541228,TRL         ,M ,Q,605.00,632.00,602.05,607.00,610.00,630.65,14,11200,6835080.00,
541233,LEMONTREE   ,A ,Q,107.80,111.10,106.63,108.57,108.57,107.44,6481,996017,108472945.00,
541269,CHEMFABALKA ,B ,Q,341.00,343.50,335.95,340.15,341.35,334.50,223,1458,495369.00,
541276,HARDWYN     ,B ,Q,39.55,40.30,39.45,39.68,39.75,39.76,424,28742,1141766.00,
541299,DLCL        ,M ,Q,22.80,25.15,22.80,25.10,25.10,24.00,3,12000,292200.00,
541301,ORIENTELEC  ,A ,Q,240.00,240.00,234.00,234.85,234.05,237.85,940,26577,6302091.00,
541302,DHRUV       ,B ,Q,50.23,51.35,50.22,50.62,50.59,50.78,53,3991,202654.00,
541303,AKSHAR      ,T ,Q,7.70,7.90,7.55,7.86,7.86,7.69,18,6663,51431.00,
541304,INDOUS      ,M ,Q,585.00,585.00,513.50,552.00,550.00,570.40,43,23500,12805775.00,
541313,ICICI500    ,A ,Q,28.42,28.65,28.42,28.57,28.56,28.34,50,580,16584.00,
541336,INDOSTAR    ,T ,Q,179.90,184.95,174.00,174.65,174.65,178.80,89,14497,2578441.00,
541338,UHZAVERI    ,T ,Q,50.10,50.10,45.51,49.90,49.90,47.90,19,1475,69409.00,
541347,PARVATI     ,XT,Q,9.61,9.61,9.61,9.61,9.61,9.80,32,22812,219223.00,
541352,MEGASTAR    ,T ,Q,271.60,271.65,267.05,271.65,271.65,271.85,39,3439,923857.00,
541353,INNOVATORS  ,M ,Q,220.00,223.95,205.60,206.40,205.60,216.40,53,84800,17826480.00,
541400,ZIMLAB      ,B ,Q,128.10,129.05,122.60,124.00,124.05,126.15,655,27817,3518022.00,
541402,AFFORDABLE  ,M ,Q,774.90,792.15,761.80,791.75,791.75,754.45,160,83600,65540960.00,
541403,DOLLAR      ,B ,Q,426.35,429.25,412.95,413.60,413.00,420.15,336,3017,1272570.00,
541418,NGIL        ,T ,Q,44.00,44.00,43.40,43.99,43.99,44.07,8,1377,60433.00,
541444,PALMJEWELS  ,B ,Q,13.04,13.46,12.80,13.25,13.25,13.15,58,7043,92309.00,
541445,WAA         ,M ,Q,78.90,83.00,78.00,78.94,78.94,78.85,42,80000,6434784.00,
541450,ADANIGREEN  ,A ,Q,980.50,1002.00,980.25,983.85,983.85,971.30,4440,77119,76272651.00,
541503,UNICK       ,XT,Q,55.02,55.02,55.02,55.02,55.02,56.85,2,200,11004.00,
541540,SOLARA      ,B ,Q,374.20,374.20,367.30,367.90,368.40,373.05,1036,10175,3750899.00,
541546,GAYAHWS     ,T ,Q,0.75,0.75,0.75,0.75,0.75,0.74,22,15532,11649.00,
541556,RITES       ,A ,Q,474.95,478.75,464.00,467.85,467.20,472.05,1152,36486,17157005.00,
541557,FINEORG     ,A ,Q,4530.05,4584.40,4530.05,4538.75,4536.00,4552.55,229,736,3350749.00,
541578,VARROC      ,A ,Q,418.30,430.55,406.65,416.45,415.30,418.25,1726,49585,20721950.00,
541601,RAJNISH     ,B ,Q,12.94,13.25,12.41,12.80,12.80,12.74,1177,2013771,25805599.00,
541634,RAWEDGE     ,B ,Q,48.00,48.00,45.25,45.27,45.27,46.62,15,1062,49330.00,
541700,TCNSBRANDS  ,A ,Q,424.00,426.75,413.55,414.80,417.20,423.95,970,16792,7022473.00,
541702,ASHNI       ,XT,Q,23.17,23.69,22.55,22.93,22.93,22.73,3557,840729,19553034.00,
541703,GFIL        ,M ,Q,22.92,22.92,22.91,22.91,22.91,24.11,4,6400,146656.00,
541729,HDFCAMC     ,A ,Q,2545.00,2564.45,2477.00,2491.55,2491.55,2532.30,2200,22141,55879502.00,
541735,VIVANTA     ,XT,Q,6.26,6.27,6.10,6.27,6.27,5.98,4364,2048967,12806009.00,
541741,TINNATFL    ,X ,Q,26.25,26.50,25.61,25.73,25.72,25.77,23,8905,230604.00,
541770,CREDITACC   ,A ,Q,1362.05,1410.45,1362.05,1395.55,1398.10,1373.80,1179,10405,14537501.00,
541771,AMINTAN     ,X ,Q,2.55,2.60,2.41,2.43,2.42,2.48,110,57988,145145.00,
541778,DEEP        ,B ,Q,94.90,95.80,92.00,92.45,93.00,94.22,280,34655,3231621.00,
541809,ICICINXT50  ,B ,Q,45.25,46.59,45.25,46.04,46.00,45.87,51,1137,52422.00,
541865,ASRL        ,B ,Q,38.68,39.18,38.58,38.71,38.71,38.68,527,49882,1933276.00,
541890,SPACEINCUBA ,X ,Q,1.90,1.99,1.90,1.99,1.99,1.66,185,229187,453552.00,
541929,SGIL        ,T ,Q,199.25,199.95,197.30,199.25,199.95,197.75,21,1602,318118.00,
541946,ICICILIQ    ,F ,Q,1000.00,1000.25,1000.00,1000.00,1000.00,1000.02,49,301439,301439004.00,
541956,IRCON       ,A ,Q,110.49,114.40,109.97,110.47,110.47,109.46,4064,657239,73543249.00,
541967,SKYGOLD     ,T ,Q,285.25,285.25,282.00,282.00,282.00,285.20,72,23124,6533265.00,
541972,SETFSN50    ,A ,Q,588.00,590.00,587.00,587.87,587.00,586.33,9,102,60043.00,
541973,MACH        ,M ,Q,32.10,35.00,32.10,35.00,35.00,34.00,3,4500,153150.00,
541974,MANORAMA    ,B ,Q,1855.05,1905.00,1855.00,1887.20,1888.55,1855.30,44,293,552859.00,
541983,INNOVATIVE  ,M ,Q,8.76,8.76,8.70,8.76,8.76,8.35,51,160000,1401520.00,
541988,AAVAS       ,A ,Q,1609.95,1609.95,1574.05,1580.95,1588.90,1586.20,1120,5646,8978223.00,
542011,GRSE        ,A ,Q,804.95,806.65,780.00,784.90,784.90,798.60,3131,66413,52397179.00,
542012,AAL         ,B ,Q,384.00,384.00,383.25,383.95,384.00,384.00,87,25515,9792158.00,
542013,DOLFIN      ,B ,Q,127.50,127.50,123.00,124.25,125.00,125.00,57,946,117319.00,
542019,SHUBHAM     ,T ,Q,19.50,19.50,18.90,18.98,19.00,19.06,86,3849,73115.00,
542020,AKI         ,T ,Q,16.06,16.13,15.95,16.07,16.13,15.37,255,67291,1081807.00,
542025,SUNRETAIL   ,M ,Q,0.49,0.51,0.49,0.50,0.50,0.48,12,624000,312000.00,
542034,SMGOLD      ,T ,Q,14.10,14.30,13.75,14.19,14.24,14.11,188,31334,440291.00,
542046,VIVIDM      ,T ,Q,53.14,54.25,53.10,54.19,54.00,52.10,10,1055,56628.00,
542057,BCPL        ,T ,Q,55.53,57.40,55.53,55.94,56.10,56.89,346,29248,1644550.00,
542066,ATGL        ,A ,Q,664.40,668.55,659.05,661.80,661.80,653.45,1979,37640,24972615.00,
542123,PHOSPHATE   ,X ,Q,131.00,131.00,131.00,131.00,131.00,131.00,3,15,1965.00,
542131,MAN50ETF    ,B ,Q,205.00,206.00,204.33,204.47,204.33,205.32,101,3207,657930.00,
542141,TECHNOE     ,A ,Q,504.85,507.65,492.00,498.05,500.50,502.90,4126,46784,23322209.00,
542155,DGL         ,M ,Q,3.04,3.12,2.89,2.89,2.89,3.04,24,50000,148180.00,
542206,NIVAKA      ,XT,Q,2.36,2.36,2.17,2.35,2.35,2.25,15,1707,3859.00,
542216,DALBHARAT   ,A ,Q,1999.25,2021.00,1978.70,1995.70,1994.10,1987.00,350,2066,4142302.00,
542230,ABSLNN50ET  ,B ,Q,46.00,46.12,45.76,45.76,45.76,45.78,24,652,30022.00,
542231,NILASPACES  ,T ,Q,2.96,3.15,2.96,3.10,3.10,3.07,82,51940,159778.00,
542232,SRD         ,B ,Q,106.10,107.50,106.00,106.35,106.00,106.15,338,6356,677688.00,
542233,TREJHARA    ,T ,Q,84.28,84.28,84.28,84.28,84.28,82.63,15,3183,268263.00,
542248,DECCAN      ,B ,Q,26.90,26.90,24.50,25.96,26.40,25.26,125,58881,1499849.00,
542285,AXITA       ,T ,Q,26.45,27.32,26.25,26.51,26.50,26.02,644,239153,6395671.00,
542323,KPIGREEN    ,A ,Q,865.05,873.50,861.60,866.25,869.75,860.05,338,2236,1938040.00,
542333,RPSGVENT    ,B ,Q,625.70,630.00,602.85,608.35,610.90,619.85,414,5336,3280966.00,
542337,SPENCER     ,B ,Q,59.00,61.00,59.00,59.80,59.75,59.92,479,15409,932548.00,
542351,GLOSTERLTD  ,X ,Q,724.00,724.25,718.35,721.85,722.00,722.55,86,1468,1059350.00,
542367,XELPMOC     ,B ,Q,88.01,88.70,87.50,87.70,87.95,88.09,123,6799,599272.00,
542383,RITCO       ,T ,Q,239.00,239.50,227.05,229.45,231.00,239.00,104,4971,1153194.00,
542399,CHALET      ,A ,Q,525.00,533.70,517.70,521.65,528.95,521.10,1475,16716,8823444.00,
542437,ANMOL       ,T ,Q,48.12,49.00,48.12,48.90,48.90,49.10,94,44430,2171512.00,
542446,JONJUA      ,M ,Q,10.30,10.30,10.30,10.30,10.30,10.33,1,6920,71276.00,
542459,KRANTI      ,B ,Q,99.00,101.70,97.00,97.09,97.00,99.09,271,14690,1453605.00,
542460,ANUP        ,B ,Q,2219.50,2232.60,2185.00,2215.10,2212.50,2203.80,395,1841,4070540.00,
542484,ARVINDFASN  ,A ,Q,307.20,309.45,298.00,300.50,300.50,304.80,610,8795,2658601.00,
542513,UTISXN50    ,A ,Q,58.35,59.00,58.35,58.41,58.35,59.33,33,546,32004.00,
542579,AGOL        ,B ,Q,10.51,10.61,10.50,10.52,10.55,10.54,182,771692,8126257.00,
542580,AARTECH     ,T ,Q,140.75,147.90,136.60,137.20,137.15,143.60,44,1897,261516.00,
542592,HBEL        ,M ,Q,538.55,538.55,538.55,538.55,538.55,489.60,1,500,269275.00,
542597,MSTC        ,A ,Q,381.90,407.60,380.30,391.40,391.40,377.40,3622,104721,41650352.00,
542602,EMBASSY     ,IF,Q,306.00,306.50,303.10,304.21,304.21,306.54,289,9561,2915622.00,
542627,CHANDNIMACH ,XT,Q,14.71,14.71,14.71,14.71,14.71,14.43,23,6236,91731.00,
542628,NSL         ,M ,Q,424.70,424.70,424.70,424.70,424.70,447.05,7,4000,1698800.00,
542649,RVNL        ,A ,Q,125.05,128.75,124.50,124.85,124.85,124.60,24214,2643573,334814227.00,
542650,METROPOLIS  ,A ,Q,1335.00,1339.25,1306.30,1314.10,1314.10,1325.20,1783,17509,23192538.00,
542651,KPITTECH    ,A ,Q,1189.90,1196.05,1168.45,1174.00,1174.00,1177.10,1472,43514,51229197.00,
542652,POLYCAB     ,A ,Q,5150.30,5162.90,4986.20,5028.90,5030.30,5132.40,3958,30030,151552489.00,
542655,VIKASLIFE   ,B ,Q,3.51,3.57,3.42,3.48,3.48,3.56,3153,3871455,13478776.00,
542665,NEOGEN      ,A ,Q,1574.75,1575.30,1555.15,1558.35,1563.55,1560.95,95,409,640137.00,
542666,GKP         ,T ,Q,11.80,11.80,11.35,11.45,11.50,11.70,173,19336,221603.00,
542667,WORL        ,T ,Q,5.85,5.85,5.85,5.85,5.85,5.96,125,62303,364472.00,
542668,EVANS       ,M ,Q,113.00,125.95,110.60,124.95,124.95,116.65,28,36000,4264800.00,
542669,BMW         ,X ,Q,44.67,45.85,44.00,44.37,44.30,44.60,472,146479,6581296.00,
542670,AEPL        ,T ,Q,16.30,16.30,16.30,16.30,16.30,16.63,105,15149,246928.00,
542677,MAHESH      ,X ,Q,10.17,10.17,10.17,10.17,10.17,10.17,6,1700,17289.00,
542678,CHCL        ,M ,Q,26.38,26.50,26.38,26.50,26.50,25.82,3,6000,158540.00,
542679,DEL         ,XT,Q,39.10,40.85,39.00,39.00,39.00,39.00,17,1070,42124.00,
542682,HARISH      ,XT,Q,47.15,50.27,46.05,49.16,50.27,48.00,14,1117,54188.00,
542684,PPL         ,B ,Q,274.55,280.65,269.90,270.80,271.00,275.70,469,4695,1294643.00,
542685,DGCONTENT   ,B ,Q,18.51,19.84,18.51,19.84,19.84,18.90,45,12626,247342.00,
542694,PARSHVA     ,B ,Q,175.00,190.00,175.00,182.10,182.10,181.45,17,187,34336.00,
542721,ARL         ,B ,Q,40.50,40.50,37.00,39.46,39.60,40.93,83,8562,336304.00,
542724,EARUM       ,T ,Q,1.17,1.19,1.09,1.09,1.09,1.14,2244,5622974,6321981.00,
542725,SBC         ,T ,Q,22.12,22.45,21.35,21.61,21.90,22.11,164,28753,627384.00,
542726,INDIAMART   ,A ,Q,3137.95,3163.95,3119.00,3132.60,3132.60,3111.50,1443,5463,17142123.00,
542729,DCMNVL      ,B ,Q,165.80,169.00,164.05,164.10,164.05,164.20,76,1674,277047.00,
542730,ICICIBANKN  ,B ,Q,45.00,45.30,44.82,44.85,44.86,44.86,82,6257,282084.00,
542747,SNXT50BEES  ,A ,Q,57.35,58.38,57.35,57.67,57.68,57.35,63,1429,82719.00,
542752,AFFLE       ,A ,Q,1088.05,1102.45,1082.90,1100.30,1101.00,1083.95,712,5808,6365153.00,
542753,SEACOAST    ,XT,Q,3.45,3.45,3.45,3.45,3.45,3.52,570,302843,1044808.00,
542758,ICICIBANKP  ,B ,Q,231.00,232.55,230.60,230.60,230.60,230.29,44,256,59418.00,
542759,SPANDANA    ,B ,Q,828.90,836.25,805.50,809.60,808.00,818.95,1102,16214,13244737.00,
542760,SWSOLAR     ,T ,Q,390.00,393.00,375.10,381.70,381.70,381.85,2190,76169,29436079.00,
542765,TRANSPACT   ,MS,Q,140.00,140.00,127.20,127.20,127.20,133.35,5,5000,677150.00,
542770,ALPHALOGIC  ,T ,Q,47.47,48.40,45.01,46.32,47.00,46.50,85,6536,308186.00,
542771,NOVATEOR    ,M ,Q,31.50,31.50,31.50,31.50,31.50,27.90,1,6000,189000.00,
542772,360ONE      ,A ,Q,512.10,516.00,508.90,511.75,511.00,512.70,279,9280,4778233.00,
542773,IIFLSEC     ,B ,Q,73.19,75.44,72.79,73.01,72.79,73.18,505,43811,3263413.00,
542774,MUFIN       ,X ,Q,42.15,43.40,42.15,42.53,42.50,42.54,169,21009,898167.00,
542802,GALACTICO   ,T ,Q,5.82,5.82,5.55,5.69,5.70,5.68,1062,355892,2022148.00,
542803,VEL         ,XT,Q,18.60,19.20,17.64,18.00,18.24,18.56,88,39464,722435.00,
542804,NIESSPJ     ,B ,Q,23.25,23.25,23.14,23.14,23.14,21.15,2,501,11593.00,
542808,NIESSPC     ,B ,Q,4.91,5.99,4.91,5.99,5.99,5.45,2,35,198.00,
542812,FLUOROCHEM  ,A ,Q,2860.00,2924.95,2849.70,2908.95,2911.50,2849.40,1494,9293,26996960.00,
542817,NIEHSPI     ,B ,Q,1.45,1.45,1.45,1.45,1.45,1.55,1,1,1.00,
542830,IRCTC       ,A ,Q,651.05,664.35,651.05,659.70,659.70,649.40,6105,189707,125139427.00,
542837,NIESSPE     ,B ,Q,3.01,3.01,3.01,3.01,3.01,3.01,1,20,60.00,
542839,NIEHSPD     ,B ,Q,1.05,1.05,0.87,0.97,0.97,0.96,21,33862,30387.00,
542841,NIEHSPE     ,B ,Q,1.25,1.25,1.05,1.17,1.17,1.15,11,3414,3751.00,
542843,NIEHSPG     ,B ,Q,3.50,3.76,3.39,3.76,3.76,3.76,11,3807,12959.00,
542844,NIEHSPH     ,B ,Q,1.60,1.60,1.60,1.60,1.60,1.62,2,2050,3280.00,
542846,NIEHSPL     ,B ,Q,1.02,1.02,1.02,1.02,1.02,1.02,3,16,16.00,
542847,NIESSPL     ,B ,Q,0.64,0.64,0.58,0.58,0.58,0.64,22,78265,46220.00,
542848,NIESSPM     ,B ,Q,1.72,1.72,1.70,1.70,1.70,1.72,4,136,231.00,
542851,GENSOL      ,B ,Q,1770.75,1799.00,1737.15,1740.25,1737.15,1747.75,489,3158,5583479.00,
542852,VISHWARAJ   ,B ,Q,16.69,18.50,16.45,18.13,18.13,16.49,2412,1514769,26607155.00,
542857,GREENPANEL  ,A ,Q,345.15,359.80,345.15,356.95,356.95,345.25,1500,36143,12786723.00,
542862,SHAHLON     ,X ,Q,13.46,13.46,13.10,13.22,13.22,13.38,28,3703,49111.00,
542863,ABSLBANETF  ,B ,Q,44.60,45.25,44.60,44.94,44.85,44.97,91,14401,649643.00,
542864,MOUNT       ,XT,Q,30.06,30.06,30.06,30.06,30.06,30.06,1,40,1202.00,
542865,ANUROOP     ,B ,Q,21.73,22.80,21.13,22.03,22.03,21.73,29,12799,279916.00,
542866,COLABCLOUD  ,X ,Q,49.50,49.50,45.60,47.86,45.60,48.89,13,306,14929.00,
542867,CSBBANK     ,A ,Q,324.50,329.00,323.40,328.35,327.20,327.75,1139,21279,6954772.00,
542904,UJJIVANSFB  ,A ,Q,50.61,51.35,49.04,49.29,49.29,49.91,5557,1730852,86549823.00,
542905,HINDWAREAP  ,A ,Q,555.00,569.40,553.20,558.30,558.30,549.25,1229,16168,9120498.00,
542907,PRINCEPIPE  ,A ,Q,682.05,697.20,681.05,684.45,684.50,692.70,479,2974,2044430.00,
542909,EBBETF0430  ,F ,Q,1287.16,1291.70,1285.55,1288.43,1287.80,1287.16,29,421,542840.00,
542918,GIANLIFE    ,B ,Q,22.28,22.28,20.17,20.65,20.65,21.15,119,22299,470863.00,
542919,ARTEMISMED  ,B ,Q,120.35,125.55,120.20,125.10,125.10,120.80,756,21922,2717893.00,
542920,SUMICHEM    ,A ,Q,405.00,410.00,404.45,405.65,405.15,406.20,1496,24564,9982663.00,
542921,ICICIM150   ,B ,Q,149.00,149.79,148.76,149.38,149.45,148.57,48,1197,178562.00,
542922,MANXT50ETF  ,B ,Q,450.00,454.67,450.00,450.10,450.10,467.00,30,199,89969.00,
542924,JANUSCORP   ,M ,Q,3.98,4.09,3.98,4.00,4.00,4.12,12,105000,420315.00,
542932,BIRLATYRES  ,T ,Q,5.52,5.52,5.52,5.52,5.52,5.26,191,580025,3201738.00,
542933,UNIVPHOTO   ,B ,Q,403.80,407.95,399.50,399.50,399.50,403.80,16,231,93432.00,
542934,CBPL        ,M ,Q,148.50,148.50,136.00,136.00,136.00,133.00,3,16000,2313500.00,
542938,OCTAVIUSPL  ,X ,Q,42.94,42.94,41.00,41.00,41.00,40.95,14,3047,129159.00,
543064,SUVENPHAR   ,A ,Q,522.55,525.20,498.00,508.75,508.75,521.55,1708,24383,12519338.00,
543065,SMAUTO      ,M ,Q,42.20,42.20,42.20,42.20,42.20,42.00,1,4000,168800.00,
543066,SBICARD     ,A ,Q,838.00,842.50,828.00,830.50,830.50,840.40,5677,117822,98399974.00,
543071,07AGG       ,F ,Q,5.62,5.63,5.62,5.62,5.62,5.12,15,11377,63938.00,
543079,07GPG       ,F ,Q,1.03,1.14,1.03,1.14,1.14,1.14,3,611,630.00,
543087,09AGG       ,F ,Q,63.08,63.08,63.08,63.08,63.08,63.07,1,30,1892.00,
543092,09GPG       ,F ,Q,2.47,2.47,2.43,2.43,2.43,2.25,2,2,4.00,
543144,08MPD       ,B ,Q,2.62,2.62,2.23,2.23,2.23,2.39,21,8382,19766.00,
543150,08GPG       ,B ,Q,0.89,0.92,0.83,0.87,0.90,0.87,31,24795,22461.00,
543161,10AGG       ,F ,Q,14.05,14.05,14.05,14.05,14.05,12.78,5,275,3863.00,
543165,10ARD       ,F ,Q,42.60,46.00,38.36,39.73,39.73,42.60,11,97,3862.00,
543167,10GPG       ,F ,Q,0.79,0.79,0.73,0.79,0.79,0.75,11,3141,2343.00,
543171,ROJL        ,T ,Q,5.40,5.49,5.00,5.49,5.49,5.23,1490,1467887,8024332.00,
543172,COSPOWER    ,M ,Q,292.00,341.80,292.00,341.80,341.80,284.85,53,29500,9595675.00,
543174,11GPG       ,B ,Q,0.91,0.91,0.85,0.91,0.91,0.85,27,42298,37408.00,
543175,11MPD       ,B ,Q,1.20,1.20,1.05,1.08,1.08,1.13,39,49686,53077.00,
543176,11MPR       ,B ,Q,8.18,8.18,7.37,7.37,7.37,8.18,9,33,244.00,
543177,11QPD       ,B ,Q,2.81,3.09,2.55,3.08,3.08,2.81,6,2980,8447.00,
543181,11AGG       ,B ,Q,7.60,8.40,7.40,8.07,8.40,7.68,17,1066,8134.00,
543182,11AMD       ,B ,Q,11.72,12.89,11.72,12.89,12.89,11.72,4,974,11476.00,
543186,11DPD       ,B ,Q,2.00,2.00,1.73,1.89,1.89,1.91,6,470,857.00,
543187,POWERINDIA  ,A ,Q,4630.05,4660.40,4510.00,4551.35,4551.35,4647.40,828,3048,13932268.00,
543193,DJML        ,B ,Q,156.30,156.75,155.05,156.75,156.75,159.70,41,1235,193468.00,
543207,NATURAL     ,XT,Q,10.35,10.37,9.50,10.37,10.37,9.88,103,69694,720996.00,
543208,REGIS       ,XT,Q,107.00,113.37,102.60,105.98,104.00,107.99,14,171,17966.00,
543210,AARTISURF   ,B ,Q,606.95,608.60,601.00,603.40,603.55,601.20,192,1565,945591.00,
543211,BONLON      ,T ,Q,30.79,30.85,29.00,30.85,30.85,29.39,34,7074,217011.00,
543212,BOROLTD     ,A ,Q,427.00,438.50,427.00,429.45,430.90,430.90,2623,44751,19409603.00,
543213,ROSSARI     ,A ,Q,802.75,811.05,800.15,802.55,800.50,802.75,667,4378,3526123.00,
543214,NDRAUTO     ,T ,Q,459.65,473.00,456.00,467.75,472.00,463.25,122,1961,914668.00,
543215,EBBETF0425  ,F ,Q,1145.34,1145.34,1145.34,1145.34,1145.34,1143.54,1,24,27488.00,
543216,EBBETF0431  ,F ,Q,1149.96,1152.52,1149.96,1149.97,1149.96,1151.88,22,625,719000.00,
543217,MINDSPACE   ,IF,Q,306.34,308.23,304.90,305.33,305.33,309.01,514,4959,1518474.00,
543218,SBGLP       ,B ,Q,289.05,290.40,273.95,283.10,278.00,288.05,365,8456,2417768.00,
543219,ICICIALPLV  ,B ,Q,199.50,199.90,198.27,198.79,198.27,198.38,14,155,30942.00,
543220,MAXHEALTH   ,A ,Q,581.10,591.00,560.45,563.35,563.35,581.00,4568,93871,53754515.00,
543221,ICICITECH   ,B ,Q,33.17,33.17,32.48,32.62,32.59,32.40,56,3312,107820.00,
543223,MAXINDIA    ,B ,Q,153.50,159.30,153.50,156.55,156.65,156.70,469,16313,2570183.00,
543224,HDFCNIFBAN  ,B ,Q,451.29,454.60,449.61,449.61,449.61,451.18,27,187,84687.00,
543226,UTIBANKETF  ,B ,Q,45.29,45.75,45.28,45.36,45.36,45.04,22,354,16166.00,
543227,HAPPSTMNDS  ,A ,Q,920.05,928.50,914.45,917.30,917.80,916.30,865,9713,8956058.00,
543228,ROUTE       ,A ,Q,1557.00,1563.00,1543.50,1547.95,1549.40,1557.25,489,4347,6747370.00,
543229,SAMRATFORG  ,XT,Q,294.00,294.00,293.95,293.95,293.95,295.00,10,269,79084.00,
543230,ADVAIT      ,B ,Q,447.95,447.95,425.00,428.15,428.15,437.70,940,18801,8187649.00,
543232,CAMS        ,A ,Q,2491.30,2518.65,2430.20,2436.70,2440.90,2491.25,754,4317,10662215.00,
543233,CHEMCON     ,B ,Q,252.10,269.65,252.10,267.95,267.75,254.65,665,8361,2228733.00,
543234,SECMARK     ,M ,Q,88.90,88.90,88.00,88.00,88.00,88.90,2,2500,221125.00,
543235,ANGELONE    ,A ,Q,1754.05,1762.60,1705.00,1710.20,1717.90,1753.05,1625,15225,26259309.00,
543236,ATAM        ,B ,Q,215.70,215.70,202.90,204.30,203.70,209.85,195,1957,399684.00,
543237,MAZDOCK     ,A ,Q,1890.55,1895.00,1850.40,1857.95,1857.95,1874.30,4483,77545,145195415.00,
543238,UTIAMC      ,A ,Q,751.05,764.60,751.05,757.60,758.50,750.10,463,4333,3290483.00,
543239,GMPL        ,M ,Q,117.00,123.00,117.00,123.00,123.00,120.00,2,2800,336000.00,
543240,LIKHITHA    ,B ,Q,288.35,294.45,285.25,286.55,285.90,291.45,701,16310,4727375.00,
543241,VGIL        ,M ,Q,125.00,125.00,115.20,115.20,115.20,128.00,4,4400,522940.00,
543242,HEMIPROP    ,A ,Q,121.50,122.75,118.30,118.60,118.60,120.75,1773,136488,16367511.00,
543243,EQUITASBNK  ,A ,Q,84.71,86.10,83.65,85.06,85.06,84.70,3211,483320,41086856.00,
543244,SHINEFASH   ,M ,Q,59.00,59.00,59.00,59.00,59.00,62.00,1,2000,118000.00,
543245,GLAND       ,A ,Q,1590.05,1627.45,1564.00,1574.20,1574.20,1581.35,2737,27121,43343856.00,
543246,MAESGETF    ,B ,Q,31.62,31.80,31.55,31.55,31.55,31.52,20,448,14175.00,
543248,RBA         ,A ,Q,116.85,118.60,116.05,117.90,117.90,116.25,1387,85921,10077478.00,
543249,TARC        ,B ,Q,98.99,98.99,87.50,88.37,87.50,91.98,1373,436221,39105537.00,
543250,MOGSEC      ,F ,Q,52.60,52.60,52.60,52.60,52.60,52.49,1,1,52.00,
543251,RVHL        ,B ,Q,31.44,32.24,29.70,31.65,31.46,31.16,243,41982,1323392.00,
543252,FAIRCHEMOR  ,A ,Q,1101.80,1101.80,1081.40,1090.80,1091.50,1101.00,83,470,512770.00,
543253,BECTORFOOD  ,A ,Q,1034.35,1084.95,1034.35,1076.65,1080.00,1034.30,779,4996,5332926.00,
543254,AWHCL       ,B ,Q,343.95,348.75,332.75,335.60,336.50,342.90,533,9775,3317191.00,
543255,INFRABEES   ,B ,Q,627.19,631.00,623.50,623.82,623.59,627.13,77,303,190209.00,
543256,RFLL        ,X ,Q,26.00,26.00,24.00,25.85,25.85,26.00,8,353,8868.00,
543257,IRFC        ,A ,Q,47.95,50.25,47.90,48.58,48.58,47.74,17192,6727974,330698947.00,
543258,INDIGOPNTS  ,A ,Q,1515.05,1545.30,1515.05,1531.00,1532.35,1529.90,363,2128,3256956.00,
543259,HOMEFIRST   ,A ,Q,877.25,879.60,859.20,865.55,864.75,863.45,387,3366,2908045.00,
543260,STOVEKRAFT  ,A ,Q,535.35,559.00,529.10,546.45,545.00,526.20,713,11469,6282007.00,
543261,BIRET       ,IF,Q,248.00,249.00,247.00,248.78,248.78,248.87,336,7341,1825460.00,
543263,SMCGLOBAL   ,B ,Q,77.57,79.99,75.50,77.90,77.90,79.15,81,5570,437598.00,
543264,NURECA      ,T ,Q,332.85,332.85,325.00,326.35,328.00,331.25,198,3212,1053246.00,
543265,RAILTEL     ,A ,Q,169.75,172.15,167.40,168.55,168.55,168.00,1859,314827,53416671.00,
543266,HERANBA     ,B ,Q,340.55,361.55,338.65,353.45,354.10,340.45,1330,19070,6708417.00,
543267,DAVANGERE   ,X ,Q,105.30,109.00,102.00,108.86,109.00,104.61,163,29042,3087351.00,
543268,DRCSYSTEMS  ,B ,Q,40.51,40.51,39.76,40.44,40.44,40.50,36,3496,140270.00,
543269,ADJIA       ,MS,Q,33.00,35.00,33.00,35.00,35.00,34.00,2,3200,108800.00,
543270,MTARTECH    ,A ,Q,2405.00,2450.00,2294.15,2305.70,2305.70,2220.75,14574,184496,437890486.00,
543271,JUBLINGREA  ,A ,Q,477.05,495.00,477.05,484.15,484.15,476.15,6315,200189,97878844.00,
543272,EASEMYTRIP  ,A ,Q,39.10,41.04,39.10,39.78,39.78,39.09,7172,2223454,88945182.00,
543273,KMEW        ,M ,Q,1710.00,1717.00,1630.00,1690.40,1668.00,1677.90,221,30500,51367900.00,
543274,SUUMAYA     ,M ,Q,6.61,6.76,6.52,6.55,6.55,6.44,86,106650,709857.00,
543275,ANURAS      ,A ,Q,1010.05,1015.10,990.00,1002.55,1003.40,1012.35,615,4869,4876072.00,
543276,CRAFTSMAN   ,A ,Q,4999.95,5020.25,4938.15,4949.35,4946.25,4913.15,179,437,2171734.00,
543277,LXCHEM      ,A ,Q,257.05,268.90,256.00,263.35,263.35,256.55,5099,171061,45351701.00,
543278,KALYANKJIL  ,A ,Q,221.05,224.00,216.20,216.75,216.75,222.50,5203,202803,44423201.00,
543279,SURYODAY    ,B ,Q,181.90,184.00,178.60,179.45,179.70,182.65,836,34959,6314898.00,
543280,NAZARA      ,A ,Q,700.75,715.50,696.65,707.25,704.50,707.30,489,6507,4598604.00,
543281,SUVIDHAA    ,T ,Q,4.93,5.00,4.60,4.61,4.71,4.79,74,40176,189608.00,
543283,BARBEQUE    ,A ,Q,699.95,706.00,686.95,701.30,702.40,698.15,310,1899,1319806.00,
543284,EKI         ,A ,Q,446.00,446.70,436.00,438.15,438.15,440.70,2332,56239,24788943.00,
543287,LODHA       ,A ,Q,690.00,704.85,676.00,681.70,680.00,693.90,666,8516,5880141.00,
543288,DEEPIND     ,B ,Q,270.05,275.45,261.60,266.20,266.50,272.80,817,15370,4106174.00,
543289,KGES        ,MS,Q,21.90,21.90,18.20,20.75,20.75,19.00,3,18000,365100.00,
543290,PGINVIT     ,IF,Q,112.74,113.00,111.75,111.98,111.98,112.74,2977,75645,8508704.00,
543291,MAFANG      ,B ,Q,63.12,63.42,63.05,63.32,63.32,61.77,866,114410,7233744.00,
543292,ICICIPHARM  ,B ,Q,97.70,98.08,96.55,97.09,96.55,97.60,36,2188,212491.00,
543297,IWEL        ,B ,Q,2755.70,2764.35,2684.00,2698.30,2698.30,2723.00,218,551,1499569.00,
543298,VINEETLAB   ,B ,Q,51.70,52.35,51.10,51.10,51.10,51.50,24,361,18654.00,
543299,SHYAMMETL   ,A ,Q,477.65,485.00,467.55,471.25,471.25,470.05,2240,63022,29977239.00,
543300,SONACOMS    ,A ,Q,590.05,599.75,587.00,589.85,589.85,586.95,5370,177399,104826214.00,
543305,NAVODAYENT  ,M ,Q,9.70,9.90,9.25,9.48,9.90,10.08,5,60000,571800.00,
543306,DODLA       ,B ,Q,727.05,742.40,705.25,710.75,709.55,731.90,1591,17491,12611985.00,
543308,KIMS        ,A ,Q,1964.65,2020.20,1953.10,2004.35,1994.00,1970.85,334,1311,2610217.00,
543310,TIMESGREEN  ,M ,Q,63.20,63.20,63.20,63.20,63.20,64.50,1,2000,126400.00,
543311,IPL         ,B ,Q,214.05,218.30,214.05,216.20,216.60,215.30,234,4232,915620.00,
543312,FOCUS       ,M ,Q,70.90,70.90,70.90,70.90,70.90,120.00,1,5400,382860.00,
543317,GRINFRA     ,A ,Q,1265.00,1326.50,1262.85,1270.30,1263.00,1255.45,1689,9600,12342468.00,
543318,CLEAN       ,A ,Q,1410.00,1423.00,1397.35,1401.40,1405.50,1405.30,1975,16575,23356401.00,
543319,AAPLUSTRAD  ,M ,Q,9.88,10.89,9.88,10.10,10.10,10.39,11,88000,903680.00,
543320,ZOMATO      ,A ,Q,95.69,95.79,93.22,93.79,93.79,94.28,7697,2203238,207410585.00,
543321,TATVA       ,B ,Q,1689.00,1726.50,1689.00,1714.85,1715.95,1682.75,144,700,1202035.00,
543322,GLS         ,B ,Q,627.00,648.80,623.00,627.45,623.00,639.80,275,2515,1602298.00,
543323,MAFSETF     ,B ,Q,20.07,20.23,20.03,20.08,20.07,20.10,252,44455,893689.00,
543324,GCSL        ,M ,Q,291.00,310.00,279.00,310.00,310.00,290.50,11,9720,2806731.00,
543325,ROLEXRINGS  ,A ,Q,2150.05,2159.85,2100.00,2109.65,2119.95,2149.65,532,2237,4764125.00,
543326,ICICIFMCG   ,B ,Q,538.00,538.49,534.52,537.00,537.00,535.60,70,389,208548.00,
543327,EXXARO      ,B ,Q,124.40,133.55,120.90,132.60,132.60,120.70,859,38812,5063580.00,
543328,KRSNAA      ,B ,Q,585.50,607.35,568.50,572.85,572.85,585.50,1179,19885,11760492.00,
543329,WINDLAS     ,B ,Q,365.25,373.40,359.40,361.15,361.15,363.55,483,6205,2283216.00,
543330,DEVYANI     ,A ,Q,195.00,196.90,192.60,193.60,193.60,195.20,2186,64481,12540398.00,
543331,MOL         ,A ,Q,81.79,82.30,80.40,81.06,81.45,80.32,765,51740,4213482.00,
543332,MFL         ,A ,Q,898.55,899.45,883.00,885.40,885.05,886.45,426,4481,4007785.00,
543333,CARTRADE    ,A ,Q,514.00,514.05,508.70,512.20,512.50,506.40,1616,23506,12020572.00,
543334,NUVOCO      ,A ,Q,341.40,346.60,338.75,338.95,340.60,341.40,342,5473,1872611.00,
543335,APTUS       ,A ,Q,271.05,274.50,266.50,267.75,267.80,272.95,956,27873,7534668.00,
543336,CHEMPLASTS  ,A ,Q,480.00,514.95,480.00,509.85,509.85,480.20,5715,99153,50011954.00,
543341,SHARPLINE   ,XT,Q,5.52,5.94,5.50,5.68,5.56,5.70,85,42092,240058.00,
543346,AASHKA      ,M ,Q,56.50,59.45,56.50,59.45,59.45,58.89,18,28000,1624770.00,
543347,AXISTECETF  ,B ,Q,323.00,325.00,323.00,324.98,324.97,321.92,9,15,4860.00,
543348,AXISHETF    ,B ,Q,97.70,98.01,97.01,97.03,97.05,97.21,14,115,11223.00,
543349,AMIORG      ,A ,Q,1366.20,1387.50,1302.95,1315.40,1315.40,1370.65,2403,20117,26965371.00,
543350,VIJAYA      ,A ,Q,491.65,506.00,484.85,489.55,488.40,487.75,1149,14660,7313882.00,
543357,AXISCETF    ,B ,Q,84.89,84.89,84.41,84.46,84.46,84.63,8,20,1692.00,
543358,SANSERA     ,A ,Q,957.90,957.90,937.10,940.00,941.30,942.60,425,3975,3754159.00,
543363,PREVEST     ,M ,Q,456.00,459.95,448.20,450.95,450.95,450.55,44,18800,8498500.00,
543364,MARKOLINES  ,M ,Q,131.35,133.80,130.20,131.50,131.45,131.00,21,16800,2213320.00,
543365,MASPTOP50   ,B ,Q,32.23,32.79,32.11,32.48,32.59,32.45,159,12039,390502.00,
543366,SBLI        ,M ,Q,78.00,80.30,78.00,79.25,79.25,76.92,23,46800,3723960.00,
543367,PARAS       ,A ,Q,804.95,841.80,751.00,761.60,761.60,717.60,23642,570898,450978752.00,
543373,SVRL        ,M ,Q,132.50,135.00,132.50,132.55,132.50,132.50,6,6000,799050.00,
543374,ABSLAMC     ,A ,Q,393.05,396.45,390.15,390.55,390.55,392.60,279,2641,1039614.00,
543377,ADISHAKTI   ,M ,Q,7.80,9.20,7.80,8.05,8.05,8.15,5,50000,409500.00,
543378,CWD         ,MS,Q,801.00,829.80,781.50,829.80,829.80,810.00,4,400,319730.00,
543383,ICICICONSU  ,B ,Q,84.50,85.00,84.50,84.93,84.93,84.41,4,5,424.00,
543384,NYKAA       ,A ,Q,136.00,137.30,135.70,136.65,136.65,135.20,2166,208200,28437214.00,
543386,FINOPB      ,B ,Q,369.00,373.00,356.10,362.95,362.95,372.40,897,16705,6069212.00,
543387,SJS         ,B ,Q,669.95,669.95,627.00,634.00,634.00,648.75,2195,46637,29649525.00,
543388,DSPNEWETF   ,B ,Q,234.50,235.79,233.12,233.12,233.12,233.83,14,15,3516.00,
543389,SIGACHI     ,B ,Q,372.00,381.70,366.95,372.20,370.30,367.10,2046,55704,20933139.00,
543390,POLICYBZR   ,A ,Q,738.00,753.00,735.00,750.75,750.75,741.75,2856,56203,41897331.00,
543391,SGFRL       ,M ,Q,78.10,78.10,78.10,78.10,78.10,81.00,1,3000,234300.00,
543396,PAYTM       ,A ,Q,925.05,931.00,899.00,904.20,904.20,905.60,15896,399554,365891035.00,
543397,SAPPHIRE    ,A ,Q,1366.05,1373.00,1354.00,1367.00,1370.00,1360.85,1605,3315059,4492012894.00,
543398,LATENTVIEW  ,A ,Q,425.95,444.00,421.65,436.40,436.40,426.55,5173,179382,78129524.00,
543399,TARSONS     ,A ,Q,518.05,520.40,510.15,512.35,512.35,518.10,1841,21569,11061721.00,
543401,GOCOLORS    ,A ,Q,1254.10,1257.40,1247.00,1252.45,1250.00,1249.50,55,311,388836.00,
543410,DMR         ,M ,Q,71.25,71.25,71.25,71.25,71.25,71.25,1,6000,427500.00,
543411,HITECH      ,B ,Q,75.44,76.80,75.20,75.73,75.40,75.44,253,17770,1347604.00,
543412,STARHEALTH  ,A ,Q,623.05,625.55,615.95,617.55,618.15,619.55,368,4343,2697487.00,
543413,TEGA        ,B ,Q,914.95,923.00,873.05,888.40,888.40,906.95,1979,17943,16041254.00,
543414,MAHKTECH    ,B ,Q,14.61,14.77,14.60,14.74,14.74,14.50,623,91401,1343538.00,
543415,ANANDRATHI  ,B ,Q,1411.85,1455.00,1411.85,1429.30,1428.50,1409.05,846,7148,10248121.00,
543416,ZODIAC      ,T ,Q,123.45,125.70,123.45,124.80,124.80,125.30,82,1873,233045.00,
543417,RATEGAIN    ,A ,Q,583.95,583.95,568.65,573.00,573.00,575.55,532,9237,5290961.00,
543418,BBETF0432   ,F ,Q,1080.41,1081.00,1079.10,1080.74,1079.10,1078.12,13,1013,1095015.00,
543419,SHRIRAMPPS  ,B ,Q,86.70,87.50,84.35,85.12,85.12,85.83,3426,529197,45377003.00,
543420,JETFREIGHT  ,T ,Q,9.80,9.89,9.61,9.85,9.85,9.74,34,5278,51947.00,
543425,MAPMYINDIA  ,A ,Q,1674.90,1766.70,1673.45,1741.50,1741.50,1657.30,3902,41852,72728532.00,
543426,METROBRAND  ,A ,Q,1054.35,1057.05,1002.00,1030.25,1030.00,1045.70,2176,20567,21049492.00,
543427,MEDPLUS     ,A ,Q,919.95,919.95,889.65,895.85,895.85,897.60,492,3313,2973602.00,
543428,DATAPATTNS  ,A ,Q,2404.95,2410.00,2331.15,2389.50,2389.50,2375.05,1753,15321,36289478.00,
543433,HPAL        ,B ,Q,510.55,527.95,510.00,518.55,520.60,515.85,1238,80250,41205624.00,
543434,SUPRIYA     ,B ,Q,266.35,270.05,262.00,263.60,263.60,266.75,1413,34034,9034599.00,
543435,CLARA       ,M ,Q,185.80,219.05,185.80,201.35,205.00,182.55,109,107900,21794223.00,
543437,MONQ50      ,B ,Q,53.00,53.20,52.70,53.06,52.96,52.99,60,3475,184072.00,
543438,DSPQ50ETF   ,B ,Q,187.50,189.00,187.50,188.96,188.96,187.74,13,139,26131.00,
543439,BRANDBUCKT  ,M ,Q,22.80,22.80,22.15,22.75,22.75,22.00,3,10000,224000.00,
543440,DSPN50ETF   ,B ,Q,198.00,199.59,197.39,197.75,197.39,198.90,12,16,3180.00,
543441,CMSINFO     ,A ,Q,359.85,362.25,355.30,356.35,356.35,358.70,1250,28345,10168301.00,
543442,BCONCEPTS   ,T ,Q,432.20,432.20,432.20,432.20,432.20,441.00,38,8987,3884181.00,
543449,WEL         ,B ,Q,268.95,268.95,211.35,229.65,230.05,229.70,51,235,51946.00,
543450,ICICIAUTO   ,B ,Q,157.80,158.15,156.90,157.13,157.58,157.80,33,104,16399.00,
543451,AGSTRA      ,B ,Q,64.26,64.80,62.40,62.91,62.91,64.13,1019,49386,3140204.00,
543452,ICICISILVE  ,E ,Q,74.95,75.30,74.70,75.02,75.06,74.05,246,14540,1091961.00,
543453,ALKOSIGN    ,M ,Q,129.00,129.00,120.00,121.00,121.00,128.70,24,36000,4461270.00,
543454,MAMFGETF    ,B ,Q,98.25,98.50,97.28,97.75,97.99,98.27,59,560,54990.00,
543458,AWL         ,A ,Q,378.75,380.95,375.00,375.70,375.70,374.85,6818,226225,85454539.00,
543460,QRIL        ,M ,Q,63.00,63.00,63.00,63.00,63.00,66.50,1,2000,126000.00,
543461,SSTL        ,M ,Q,10.24,10.24,10.24,10.24,10.24,10.24,1,10000,102400.00,
543462,DEVIT       ,T ,Q,128.65,130.95,128.00,129.95,130.00,130.05,28,3928,505114.00,
543463,MANYAVAR    ,A ,Q,1259.75,1259.75,1213.50,1215.85,1215.85,1237.50,772,4533,5551185.00,
543464,SPITZE      ,M ,Q,163.95,163.95,157.05,158.20,157.05,163.95,9,10000,1597100.00,
543465,MOMOMENTUM  ,B ,Q,44.80,45.20,44.64,44.73,44.73,44.67,134,9444,424812.00,
543470,SOFTTECH    ,B ,Q,150.10,150.90,145.65,146.15,148.15,150.65,96,1711,253180.00,
543471,SILVER      ,E ,Q,75.39,75.39,74.16,75.04,74.93,74.12,1250,39222,2941053.00,
543472,TECH        ,B ,Q,31.87,32.11,31.86,32.06,32.06,31.80,25,573,18332.00,
543473,HEALTHY     ,B ,Q,9.75,9.80,9.65,9.73,9.75,9.77,146,27457,266813.00,
543474,BSLNIFTY    ,B ,Q,22.08,22.27,21.98,22.00,21.98,22.12,148,18875,417573.00,
543481,MAM150ETF   ,B ,Q,14.74,14.77,14.63,14.63,14.63,14.60,55,4933,72698.00,
543482,EUREKAFORBE ,A ,Q,506.20,515.00,498.05,502.80,502.80,505.20,629,43900,22305128.00,
543489,GATEWAY     ,A ,Q,87.01,91.00,87.01,89.69,89.65,86.00,2427,241764,21537417.00,
543490,GMRP&UI     ,B ,Q,25.44,25.68,24.00,24.33,24.33,25.32,2174,569667,14093829.00,
543497,BCCL        ,M ,Q,44.50,47.75,44.50,47.75,47.75,45.00,8,12800,600032.00,
543498,MSUMI       ,A ,Q,59.56,60.25,59.21,59.96,60.00,59.44,805,117053,6993441.00,
543500,EVOQ        ,M ,Q,14.00,14.00,14.00,14.00,14.00,14.20,1,4000,56000.00,
543501,MOLOWVOL    ,B ,Q,28.40,28.75,28.29,28.30,28.30,28.27,23,142,4021.00,
543512,AVROIND     ,B ,Q,108.65,112.25,107.55,110.15,109.50,110.35,170,13483,1495615.00,
543513,UMAEXPORTS  ,T ,Q,48.40,48.79,47.51,48.79,48.79,47.73,46,3681,176472.00,
543514,VERANDA     ,B ,Q,202.85,205.00,196.00,196.50,197.00,200.80,291,5155,1031571.00,
543515,SEML        ,M ,Q,214.00,216.00,214.00,214.15,214.15,211.55,9,4500,964375.00,
543516,DHYAANI     ,M ,Q,123.80,124.50,119.00,123.57,124.50,119.79,21,22000,2705290.00,
543517,HARIOMPIPE  ,B ,Q,582.85,643.00,575.00,626.50,626.50,567.80,5323,78078,48578791.00,
543518,EIGHTY      ,M ,Q,47.00,47.00,46.05,46.05,46.05,47.00,2,6000,279150.00,
543519,SFSL        ,M ,Q,28.00,28.00,28.00,28.00,28.00,28.00,1,3000,84000.00,
543520,GLHRL       ,M ,Q,45.00,45.00,43.50,43.50,43.50,42.98,3,3000,133400.00,
543523,CAMPUS      ,A ,Q,309.05,310.95,290.25,294.55,294.55,307.70,5089,149467,44735012.00,
543524,RAINBOW     ,A ,Q,1127.50,1143.65,1062.70,1073.25,1072.00,1127.45,1377,13621,14797787.00,
543525,SILVERTUC   ,B ,Q,440.85,440.85,430.00,437.70,438.00,438.85,758,22654,9936330.00,
543526,LICI        ,A ,Q,660.95,665.85,654.25,655.45,655.45,658.95,5153,87431,57737702.00,
543527,PRUDENT     ,B ,Q,1204.90,1215.90,1185.80,1196.45,1199.25,1187.15,202,574,688426.00,
543528,VENUSPIPES  ,B ,Q,1500.00,1500.00,1483.50,1490.80,1498.00,1485.55,237,4340,6463194.00,
543529,DELHIVERY   ,A ,Q,408.60,418.15,408.60,414.05,414.05,416.00,663,13196,5471883.00,
543530,PARADEEP    ,A ,Q,70.36,72.90,68.14,68.40,68.40,70.12,1883,468104,32874467.00,
543531,TIERRA      ,X ,Q,130.00,141.95,124.30,136.85,136.85,128.20,80,4786,642328.00,
543532,ETHOSLTD    ,B ,Q,1655.05,1664.25,1619.00,1627.45,1632.80,1655.50,260,1181,1937892.00,
543533,EMUDHRA     ,B ,Q,525.00,525.00,510.05,515.30,515.45,518.35,751,10586,5498338.00,
543534,AETHER      ,A ,Q,1064.75,1064.75,1046.40,1052.15,1048.40,1047.45,342,1491,1572527.00,
543535,WEWIN       ,T ,Q,76.45,76.45,76.45,76.45,76.45,78.00,2,2,152.00,
543536,SILVERPRL   ,M ,Q,8.17,8.17,8.17,8.17,8.17,7.97,1,8000,65360.00,
543537,SCARNOSE    ,M ,Q,75.00,75.25,75.00,75.03,75.25,78.19,8,34000,2551000.00,
543538,GOEL        ,M ,Q,187.55,223.45,183.30,194.00,196.90,187.00,31,26400,5145280.00,
543539,MODIS       ,M ,Q,179.00,181.00,179.00,181.00,181.00,180.50,10,12800,2302080.00,
543540,PGCRL       ,M ,Q,185.00,197.80,185.00,187.00,187.00,185.00,4,2400,454080.00,
543541,SAILANI     ,M ,Q,20.90,20.90,19.03,19.03,19.03,19.00,5,8000,158224.00,
543544,JAYANT      ,M ,Q,99.49,100.00,96.50,98.80,98.80,98.01,12,9000,887070.00,
543545,VEERKRUPA   ,M ,Q,2.34,2.39,2.19,2.34,2.36,2.30,13,334000,781226.00,
543546,HEALTHYLIFE ,M ,Q,4.96,5.13,4.96,5.05,5.05,5.01,18,180000,913500.00,
543547,DDEVPLASTIK ,X ,Q,219.00,219.85,211.00,217.40,216.95,213.35,1416,75329,16327626.00,
543563,MOHEALTH    ,B ,Q,28.50,28.68,28.11,28.11,28.11,28.10,19,369,10478.00,
543568,ICICIMOM30  ,B ,Q,22.57,22.72,22.38,22.48,22.45,22.47,82,19913,451179.00,
543569,HDFCNIF100  ,B ,Q,198.45,198.45,195.81,195.82,195.82,198.45,17,54,10640.00,
543570,HDFCNEXT50  ,B ,Q,447.44,449.04,447.44,449.04,449.04,445.00,2,2,896.00,
543571,ICICIINFRA  ,B ,Q,61.75,62.05,61.01,61.01,61.01,61.59,21,331,20219.00,
543572,DSPSILVETF  ,E ,Q,72.00,73.00,71.60,72.53,72.50,71.75,73,15164,1101253.00,
543573,SYRMA       ,A ,Q,480.00,497.00,477.25,494.15,494.15,477.90,3606,87056,42685209.00,
543574,NIFTYQLITY  ,B ,Q,16.20,16.20,15.99,16.09,16.14,16.13,92,20052,322412.00,
543575,MOMENTUM    ,B ,Q,22.40,22.55,22.12,22.31,22.31,22.34,91,9479,211291.00,
543576,MOVALUE     ,B ,Q,59.20,59.90,58.77,58.79,58.77,59.34,22,252,14967.00,
543577,MOQUALITY   ,B ,Q,134.50,134.69,134.50,134.69,134.69,134.28,2,2,269.00,
543578,OLATECH     ,M ,Q,115.00,130.80,105.10,127.85,129.60,109.00,33,68000,8342900.00,
543579,NATURO      ,M ,Q,18.20,18.20,18.20,18.20,18.20,18.40,1,4000,72800.00,
543590,RHETAN      ,M ,Q,9.10,9.39,8.86,9.28,9.29,9.10,11,82500,762525.00,
543591,DREAMFOLKS  ,B ,Q,511.85,511.85,492.00,494.85,494.85,504.75,1567,29809,14960946.00,
543592,HDFCSILVER  ,E ,Q,72.01,72.78,72.01,72.53,72.53,71.61,49,936,67834.00,
543593,DBOL        ,B ,Q,151.55,157.80,151.55,153.05,153.30,153.35,1156,26216,4033156.00,
543594,DPL         ,M ,Q,21.00,21.00,20.50,21.00,21.00,20.21,4,12000,249900.00,
543595,EPBIO       ,M ,Q,247.35,247.40,247.35,247.40,247.40,243.30,3,1500,371075.00,
543596,TMB         ,B ,Q,523.75,538.55,518.00,520.15,520.15,522.50,836,17984,9450960.00,
543597,VOEPL       ,M ,Q,238.00,238.75,235.05,235.45,235.05,233.90,11,11000,2611450.00,
543599,KSOLVES     ,B ,Q,1418.95,1420.00,1366.05,1373.20,1375.00,1399.10,1342,7414,10264706.00,
543600,HARSHA      ,A ,Q,439.05,447.85,431.65,434.65,434.65,441.30,829,11213,4924736.00,
543605,HDFCQUAL    ,B ,Q,43.80,43.80,43.55,43.58,43.55,43.41,23,1388,60519.00,
543607,HDFCGROWTH  ,B ,Q,98.31,98.48,98.10,98.35,98.35,97.80,5,116,11419.00,
543614,TIPSFILMS   ,T ,Q,528.00,529.00,521.00,521.45,521.05,529.00,28,274,143117.00,
543615,SRSOLTD     ,M ,Q,152.00,153.70,147.05,148.15,148.15,152.00,9,8000,1213080.00,
543616,TLL         ,M ,Q,226.50,226.50,215.20,226.50,226.50,210.00,12,40800,9152340.00,
543617,REETECH     ,M ,Q,59.90,60.20,59.81,59.81,59.81,59.86,14,26400,1583124.00,
543618,CARGOTRANS  ,M ,Q,81.00,81.90,81.00,81.90,81.90,81.50,3,4500,367200.00,
543619,CNCRD       ,M ,Q,357.00,374.45,357.00,361.25,361.25,358.10,5,2500,907725.00,
543620,INA         ,M ,Q,326.00,326.05,326.00,326.05,326.05,310.55,30,40000,13041800.00,
543621,CARGOSOL    ,M ,Q,45.60,47.00,45.60,47.00,47.00,47.50,3,12000,552800.00,
543622,STML        ,M ,Q,155.00,155.00,147.70,151.40,151.80,151.40,10,12000,1812900.00,
543624,MAAGHADV    ,M ,Q,37.73,37.73,37.73,37.73,37.73,35.94,2,4000,150920.00,
543625,SECURCRED   ,B ,Q,17.50,18.30,17.15,18.00,18.00,17.50,74,403531,7262770.00,
543626,EMIL        ,B ,Q,147.95,158.20,145.50,155.85,155.85,145.50,8432,572594,87942936.00,
543628,HDFCMOMENT  ,B ,Q,223.69,224.23,223.21,223.46,223.46,223.69,10,239,53487.00,
543635,PPLPHARMA   ,B ,Q,100.80,102.60,99.75,100.15,99.85,101.00,2591,258839,26216976.00,
543636,DCI         ,T ,Q,153.60,154.95,150.05,154.00,154.00,154.20,18,76,11666.00,
543637,PACE        ,M ,Q,19.24,22.55,18.90,21.24,21.49,18.83,151,250800,5390220.00,
543638,TRACXN      ,B ,Q,78.78,78.83,75.92,76.25,76.31,78.33,731,46907,3606257.00,
543643,NARMADA     ,B ,Q,19.71,20.27,19.71,20.23,20.23,20.11,193,6061,121932.00,
543644,INFOBEAN    ,B ,Q,463.50,472.80,463.50,468.15,466.80,457.35,147,878,410999.00,
543645,HPIL        ,B ,Q,117.45,123.95,117.45,120.90,123.00,117.55,63,1820,218800.00,
543650,DCXINDIA    ,B ,Q,295.55,298.40,287.95,289.50,289.50,293.00,2143,74772,21799628.00,
543652,FUSION      ,B ,Q,602.05,622.00,599.25,617.95,617.95,600.50,2484,40463,24748379.00,
543653,BIKAJI      ,B ,Q,480.05,485.00,475.55,478.60,478.60,481.50,1413,31649,15221618.00,
543654,MEDANTA     ,B ,Q,710.00,721.00,667.90,690.45,690.45,709.00,3086,59608,41639836.00,
543656,TECHNOPACK  ,M ,Q,89.01,102.00,89.01,100.05,99.60,90.00,61,124000,12023500.00,
543657,ACI         ,B ,Q,600.00,600.00,576.20,580.95,580.95,590.35,1903,30537,17950340.00,
543663,FIVESTAR    ,B ,Q,789.95,789.95,736.30,748.10,748.10,770.80,1214,13988,10567979.00,
543664,KAYNES      ,B ,Q,1803.05,1887.15,1797.00,1859.20,1862.00,1797.55,1551,14027,25927386.00,
543665,HDFCNIFIT   ,B ,Q,315.00,315.43,312.00,312.00,312.00,312.00,13,322,100795.00,
543666,HDFCPVTBAN  ,B ,Q,233.00,234.00,232.79,232.94,232.94,233.43,6,6,1399.00,
543667,INOXGREEN   ,B ,Q,73.89,73.89,71.55,72.68,72.75,72.73,893,156653,11318189.00,
543668,BBTCL       ,B ,Q,262.40,263.15,248.15,253.55,255.00,262.00,403,3378,863188.00,
543669,RUSTOMJEE   ,B ,Q,601.05,607.95,595.45,596.10,596.00,607.10,478,2660,1594755.00,
543670,VINNY       ,T ,Q,3.25,3.25,3.10,3.23,3.25,3.10,2123,3736179,12094524.00,
543671,AAATECH     ,B ,Q,53.15,55.75,53.15,55.24,55.35,52.92,105,6793,372902.00,
543677,ICICIFIN    ,B ,Q,19.48,19.66,19.48,19.50,19.48,19.41,50,2325,45468.00,
543678,AMBOAGRI    ,M ,Q,30.00,31.40,30.00,31.40,31.40,30.90,6,24000,740600.00,
543686,SIRCA       ,B ,Q,420.00,424.95,408.70,416.20,418.50,418.80,1008,17935,7480036.00,
543687,DHARMAJ     ,B ,Q,210.00,213.10,205.00,207.95,209.00,209.40,1423,29306,6089715.00,
543688,SARVESHWAR  ,T ,Q,120.05,129.30,120.05,124.65,125.00,123.55,235,16834,2071083.00,
543689,UNIPARTS    ,B ,Q,618.00,618.00,600.05,604.10,607.25,610.50,1122,13432,8166114.00,
543709,GARGI       ,M ,Q,220.00,221.90,199.20,199.20,199.20,209.00,9,18000,3814700.00,
543710,ICICICOMMO  ,B ,Q,63.00,63.00,62.75,62.75,62.75,62.69,4,4,251.00,
543711,SULA        ,B ,Q,510.00,515.95,505.00,513.10,513.10,510.00,990,20959,10692343.00,
543712,AHL         ,B ,Q,274.00,275.30,272.50,273.60,272.95,273.20,92,1829,500079.00,
543713,DRONACHRYA  ,M ,Q,158.00,164.00,156.00,158.00,158.00,156.40,162,169000,27129550.00,
543714,LANDMARK    ,B ,Q,740.60,740.65,720.00,721.75,724.85,727.90,238,2865,2094896.00,
543715,IEL         ,T ,Q,11.20,11.28,11.08,11.28,11.11,10.75,60,34126,383967.00,
543720,KFINTECH    ,B ,Q,382.05,393.40,382.00,384.80,382.00,383.50,496,14074,5454408.00,
543725,ELIN        ,B ,Q,157.50,161.30,157.50,160.00,160.15,158.85,962,33081,5296135.00,
543732,RADIANTCMS  ,B ,Q,101.39,102.40,97.79,98.01,97.85,100.21,457,31344,3137031.00,
543737,AVEER       ,T ,Q,434.00,434.00,395.50,422.00,422.00,416.30,32,441,178797.00,
543738,DSPBANKETF  ,B ,Q,44.85,45.25,44.85,44.88,44.85,44.94,31,241,10839.00,
543743,SAH         ,B ,Q,118.16,118.30,115.79,116.59,116.59,117.24,74,7675,900522.00,
543745,SVS         ,M ,Q,8.30,8.30,7.43,7.43,7.43,7.92,4,24000,185100.00,
543746,ELIL        ,M ,Q,423.00,445.00,423.00,437.00,437.00,422.50,6,3600,1551900.00,
543747,KAMOPAINTS  ,T ,Q,193.90,193.90,180.60,185.10,185.05,187.75,65,13195,2457469.00,
543748,AARTIPHARM  ,B ,Q,391.05,400.35,386.65,390.90,390.90,390.60,2222,37277,14661461.00,
543754,TRANSVOY    ,M ,Q,81.45,81.45,73.14,73.14,73.14,76.74,6,9600,760064.00,
543765,EARTH       ,M ,Q,59.00,59.90,58.00,58.01,58.01,58.50,11,33000,1947690.00,
543766,ASHIKA      ,X ,Q,32.85,32.85,31.21,32.00,32.10,31.71,36,2764,88737.00,
543767,BTML        ,T ,Q,143.50,143.50,143.00,143.00,143.00,141.75,4,423,60699.00,
543768,NSLNISP     ,B ,Q,54.33,54.87,52.60,53.04,52.96,53.92,2824,574492,30914928.00,
543769,INDONG      ,M ,Q,20.27,21.07,20.27,20.50,20.50,20.51,5,24000,491520.00,
543774,HDFCBSE500  ,B ,Q,27.89,27.89,27.31,27.84,27.84,27.87,31,2015,55827.00,
543775,HDFCSML250  ,B ,Q,116.83,117.48,116.20,116.22,116.22,116.59,294,18505,2155360.00,
543776,HDFCMID150  ,B ,Q,146.00,146.74,146.00,146.01,146.00,145.42,11,297,43417.00,
543781,MAGOLDETF   ,E ,Q,58.75,59.50,58.69,58.79,58.79,58.54,12,19,1117.00,
543782,SEALMATIC   ,M ,Q,589.85,594.00,556.05,586.50,586.50,574.00,30,18000,10493010.00,
543787,ROBU        ,M ,Q,356.00,373.90,356.00,359.00,359.00,358.40,15,18000,6545280.00,
543798,PATRON      ,M ,Q,9.70,10.35,9.27,10.10,10.10,10.15,8,32000,321400.00,
543799,SVJ         ,M ,Q,90.20,90.22,90.20,90.22,90.22,86.62,2,6000,541260.00,
543805,RESGEN      ,M ,Q,68.50,71.00,68.00,68.00,68.00,68.98,29,87000,6055500.00,
543806,ITCONS      ,M ,Q,43.65,44.00,42.50,42.93,42.65,45.35,11,22000,951500.00,
543811,AIRAN       ,B ,Q,21.49,23.55,21.49,21.97,22.17,20.98,844,228637,5156311.00,
543812,DIVGIITTS   ,B ,Q,910.05,932.45,899.10,908.05,915.50,912.95,620,3348,3079505.00,
543814,PCL         ,M ,Q,76.00,76.00,74.00,74.00,74.00,74.00,3,24000,1780000.00,
543819,PSUBANKICI  ,B ,Q,46.67,46.90,46.11,46.21,46.24,46.55,41,662,30844.00,
543828,SUDARSHAN   ,M ,Q,85.00,85.00,81.15,81.55,82.00,83.62,28,49600,4119888.00,
543829,GSLSU       ,B ,Q,184.00,189.70,182.15,182.85,182.85,186.20,557,47000,8824292.00,
543831,BRIGHT      ,M ,Q,500.60,500.60,490.10,491.95,491.95,500.15,7,7000,3464400.00,
543843,COMMAND     ,M ,Q,25.40,25.40,25.40,25.40,25.40,25.40,1,4000,101600.00,
543848,DEVLAB      ,M ,Q,61.75,61.75,61.75,61.75,61.75,61.10,1,2000,123500.00,
543853,AXISPEGP    ,B ,Q,65.98,66.51,65.85,66.00,66.00,68.00,10,151,9985.00,
543860,JAFINANCE   ,XT,Q,32.99,32.99,32.40,32.40,32.40,32.99,2,2,65.00,
543861,USK         ,B ,Q,30.61,31.00,30.40,30.62,30.70,30.75,188,22055,676225.00,
543874,MAIDEN      ,M ,Q,104.00,105.00,95.00,96.00,96.00,102.12,56,120000,11889480.00,
543875,MAGS813ETF  ,F ,Q,24.31,24.31,24.25,24.25,24.25,25.00,2,2,48.00,
543895,EXHICON     ,M ,Q,320.00,329.50,317.00,326.00,326.00,324.05,10,20000,6470000.00,
543896,AVALON      ,B ,Q,493.95,496.80,479.35,482.40,482.40,487.50,2778,44385,21563251.00,
543897,SANCODE     ,M ,Q,85.70,85.70,80.00,80.50,80.00,83.00,9,27000,2240220.00,
543898,BLAL        ,B ,Q,191.00,191.00,184.40,185.35,185.35,186.90,527,16033,2988170.00,
543900,SILVERETF   ,E ,Q,73.00,74.50,73.00,73.12,73.36,72.57,279,30589,2251778.00,
543901,RHL         ,B ,Q,111.05,113.50,107.04,108.44,109.00,112.95,179,14083,1537176.00,
543902,RETINA      ,M ,Q,60.00,60.00,57.25,57.25,57.25,56.75,12,52000,3068600.00,
543903,DSPGOLDETF  ,E ,Q,58.75,59.50,58.25,58.50,58.50,58.50,28,588,34618.00,
543904,MANKIND     ,B ,Q,1834.60,1849.30,1824.05,1827.35,1826.45,1834.55,1073,8881,16292215.00,
543905,INNOKAIZ    ,M ,Q,140.00,140.00,135.00,135.50,135.00,140.20,33,78400,10809040.00,
543910,AVG         ,B ,Q,262.20,266.50,259.80,260.30,262.20,264.00,133,5888,1564951.00,
543911,ATALREAL    ,B ,Q,136.55,137.55,135.00,135.25,135.00,138.05,43,686,93372.00,
543912,PIGL        ,T ,Q,38.25,38.25,38.00,38.00,38.00,37.50,7,3622,138271.00,
543913,NXST        ,IF,Q,120.05,122.00,120.00,120.95,121.49,120.16,196,14631,1773423.00,
543915,PAVNAIND    ,B ,Q,339.95,339.95,328.20,333.05,328.20,343.75,10,18,5994.00,
543916,HSIL        ,M ,Q,241.05,241.55,240.00,240.00,240.00,244.95,7,11200,2700000.00,
543917,SIGMA       ,T ,Q,453.60,475.00,453.60,454.30,455.00,477.10,39,949,434397.00,
543918,GHCLTEXTIL  ,B ,Q,75.30,79.45,75.30,77.48,76.20,76.84,536,35719,2780122.00,
543919,MKPL        ,B ,Q,801.00,813.00,779.00,809.20,809.20,789.40,521,25081,19655257.00,
543920,CFF         ,M ,Q,361.00,372.45,356.75,361.60,361.60,360.30,51,40800,14861240.00,
543921,COMRADE     ,M ,Q,154.30,174.90,154.30,155.25,155.00,149.90,39,80000,12777500.00,
543922,MASILVER    ,E ,Q,72.90,73.80,72.90,73.67,73.67,72.11,20,2379,174679.00,
543923,IKIO        ,B ,Q,387.95,387.95,380.25,382.45,382.00,382.25,1214,36369,13943416.00,
543924,SONALIS     ,M ,Q,71.25,71.25,71.25,71.25,71.25,75.00,1,4000,285000.00,
543926,BIZOTIC     ,M ,Q,46.67,47.98,46.67,47.39,47.03,47.29,24,19200,909424.00,
543927,ASIAN       ,T ,Q,29.35,29.37,29.35,29.37,29.37,28.80,9,1795,52707.00,
543928,COSMICCRF   ,M ,Q,294.10,307.45,286.50,307.45,307.45,292.85,189,101600,30693740.00,
543929,HMAAGRO     ,B ,Q,617.25,636.00,617.25,619.75,620.95,626.85,384,5914,3687270.00,
543930,URAVI       ,B ,Q,265.95,275.00,253.80,259.60,254.75,267.15,182,6618,1738478.00,
543931,VEEFIN      ,M ,Q,222.00,228.40,217.15,221.45,221.00,220.55,93,156800,34894000.00,
543932,IDEAFORGE   ,B ,Q,1017.05,1022.30,992.20,996.55,996.55,1010.35,2092,17984,18040369.00,
543933,CYIENTDLM   ,B ,Q,563.40,576.60,554.85,568.70,568.70,563.40,2257,40486,22817929.00,
543934,MACIND      ,T ,Q,42.80,42.80,42.80,42.80,42.80,40.77,2,15,642.00,
543935,DSPITETF    ,B ,Q,31.22,31.22,31.03,31.07,31.03,30.69,3,50,1560.00,
543936,SENCO       ,B ,Q,421.90,426.55,419.20,422.50,422.65,418.40,1687,54680,23127841.00,
543937,ALPHAIND    ,M ,Q,186.00,186.05,182.75,186.05,186.05,188.00,5,6000,1112220.00,
543938,ACCELERATE  ,M ,Q,222.00,243.65,212.50,243.65,243.65,221.50,89,148800,34535520.00,
543939,KAKA        ,M ,Q,166.95,170.00,165.20,167.95,167.95,165.45,36,78000,13136300.00,
543940,JIOFIN      ,T ,Q,215.90,215.90,215.90,215.90,215.90,227.25,10782,430512,92947540.00,
543941,AHASOLAR    ,M ,Q,373.00,393.95,370.00,373.85,373.85,386.50,24,19200,7245160.00,
543942,UTKARSHBNK  ,B ,Q,47.74,48.40,47.40,47.87,47.87,47.63,1026,217640,10425875.00,
543943,ASARFI      ,M ,Q,132.70,135.50,130.05,132.30,132.50,130.20,94,314000,41526300.00,
543944,BANKETF     ,B ,Q,446.00,448.99,446.00,446.00,446.00,443.00,8,11,4916.00,
543945,NETWEB      ,B ,Q,811.10,888.55,809.55,888.55,888.55,807.80,4696,78807,67694379.00,
543946,LIQUID      ,F ,Q,1000.00,1000.00,1000.00,1000.00,1000.00,1000.00,3,56,56000.00,
543947,DSPSENXETF  ,B ,Q,65.51,66.00,65.49,65.49,65.49,65.72,10,175,11475.00,
543948,DSPPSBKETF  ,B ,Q,46.42,46.48,45.81,45.83,45.84,46.02,12,230,10662.00,
543949,DSPPVBKETF  ,B ,Q,23.25,23.25,23.19,23.19,23.19,23.04,3,215,4992.00,
543950,YATHARTH    ,B ,Q,382.15,404.50,378.00,397.00,397.00,381.75,7486,270777,107075190.00,
543951,INNOVATUS   ,M ,Q,38.99,41.45,38.99,40.25,40.00,38.58,13,39000,1573590.00,
543952,NIITMTS     ,B ,Q,389.50,389.50,374.00,376.30,383.00,384.05,1033,16896,6431729.00,
543953,KHAZANCHI   ,M ,Q,157.50,172.00,157.50,169.65,172.00,158.50,109,114000,19039250.00,
543954,ATL         ,T ,Q,34.90,36.65,34.70,36.55,36.55,34.95,409,77476,2769367.00,
543955,TREL        ,T ,Q,32.55,32.55,31.00,31.60,31.85,31.00,398,130742,4175473.00,
543956,ICICIQTY30  ,B ,Q,160.00,160.00,158.50,158.50,158.50,161.00,2,2,318.00,
543957,REDTAPE     ,T ,Q,458.00,460.90,447.00,452.95,452.95,456.55,142,8814,3976098.00,
543958,VLEGOV      ,T ,Q,42.53,42.53,42.53,42.53,42.53,40.51,441,31608,1344288.00,
543959,SBFC        ,B ,Q,88.01,89.48,87.25,88.43,87.35,87.77,1856,108733,9625812.00,
543960,CONCORDBIO  ,B ,Q,962.20,981.00,955.60,961.65,961.65,961.25,3226,33756,32650913.00,
543961,CLEDUCATE7  ,T ,Q,77.50,78.25,77.50,78.25,78.25,79.50,3,1117,87318.00,
543963,SHELTER     ,MT,Q,43.45,43.90,41.50,43.01,43.01,41.96,198,663000,28392240.00,
543965,TVSSCS      ,B ,Q,200.90,202.95,193.95,198.85,198.85,200.95,3902,183156,36377706.00,
555555,ICICISENSX  ,A ,Q,730.00,734.90,726.26,727.98,729.00,729.92,47,80,58377.00,
570001,TATAMTRTDVR ,A ,Q,401.65,407.40,401.65,402.90,402.90,403.10,1532,69186,28023556.00,
570004,JISLBNDVR   ,T ,Q,39.10,39.10,36.80,39.10,39.10,37.24,210,121270,4729386.00,
570005,GATECHDVR   ,T ,Q,9.93,9.93,9.93,9.93,9.93,9.74,21,49231,488863.00,
590003,KARUR VY(PS ,B ,Q,125.35,126.45,118.55,122.10,122.10,125.95,5423,191064,23738355.00,
590005,TIDE WATE(PS,B ,Q,1161.05,1187.85,1142.10,1148.40,1148.40,1165.45,1080,10979,12814963.00,
590006,AMRUTANJAN  ,B ,Q,617.00,622.65,611.90,613.25,611.90,616.55,121,1378,848472.00,
590013,XPRO INDI(PS,B ,Q,925.10,965.35,906.60,943.90,945.30,940.85,1829,12781,11960794.00,
590018,HISARMET(PS ,T ,Q,175.10,186.00,175.10,186.00,186.00,177.15,75,6989,1256385.00,
590021,BHARAT RA(PS,B ,Q,8930.25,9394.65,8918.10,9108.30,9116.15,8842.55,105,247,2266453.00,
590022,EASTER SI(PS,T ,Q,1.87,1.97,1.86,1.95,1.95,1.91,6,5190,10126.00,
590024,FERT CHE(PS ,B ,Q,470.50,477.70,465.05,467.45,467.45,469.55,1090,37909,17833627.00,
590025,GINNI FIL(PS,T ,Q,27.25,28.00,27.05,27.21,27.25,27.21,18,3335,91573.00,
590030,SOUTH PET(PS,B ,Q,66.59,70.75,66.38,70.33,70.33,65.69,3892,520985,36105290.00,
590031,DE NORA     ,B ,Q,1684.95,1715.95,1653.20,1698.50,1696.00,1672.25,309,1855,3115032.00,
590041,KAVERI TELE ,T ,Q,8.15,8.37,8.03,8.06,8.06,8.39,22,7964,64401.00,
590051,SAKSOFT LTD ,B ,Q,342.95,343.80,333.50,335.30,335.20,337.00,2182,54283,18309618.00,
590056,SALONA COTSP,B ,Q,266.65,266.65,255.50,261.65,260.95,263.05,60,235,61261.00,
590062,ANDHRA SUGAR,B ,Q,106.45,109.00,106.20,108.30,108.30,106.45,665,32101,3464415.00,
590065,INDIA MOTOR ,B ,Q,799.10,819.85,790.00,793.45,790.00,790.00,60,613,496038.00,
590066,KCP LTD     ,B ,Q,119.90,121.00,117.85,118.15,118.45,118.00,347,13810,1645239.00,
590068,KHAITAN INDI,T ,Q,53.63,58.00,53.63,54.88,54.88,56.00,10,976,54170.00,
590070,RADAAN MEDIA,B ,Q,1.77,1.77,1.77,1.77,1.77,1.69,5,6308,11165.00,
590071,SUNDARAM FIN,B ,Q,2600.05,2614.95,2584.30,2606.40,2603.00,2597.00,195,973,2532113.00,
590072,SUNDARAM BRK,T ,Q,522.85,522.85,507.25,512.00,512.00,499.30,12,551,285831.00,
590073,WHEELS INDIA,B ,Q,757.15,769.00,745.25,750.95,754.70,752.40,143,899,679654.00,
590075,LAMBODHARA T,T ,Q,149.30,149.30,146.35,146.50,146.80,145.95,4,26,3818.00,
590078,MAITHAN ALL ,B ,Q,1074.05,1074.05,1024.35,1035.15,1043.10,1051.90,722,5966,6224487.00,
590086,ORISSA MINE ,B ,Q,4794.85,4794.85,4561.00,4639.50,4614.10,4691.15,849,3734,17358938.00,
590095,GOLDBEES    ,E ,Q,50.02,50.08,49.94,50.01,50.01,49.84,3069,358574,17933632.00,
590096,LIQUIDBEES  ,F ,Q,1000.00,1000.01,999.99,1000.00,1000.00,1000.00,1074,205472,205471060.00,
590097,KOTAKGOLDETF,E ,Q,50.17,50.27,50.10,50.26,50.24,49.93,74,1453,72942.00,
590098,SBI GOLD ETS,E ,Q,51.74,51.74,51.42,51.49,51.51,51.30,145,34527,1777487.00,
590099,QUANTUM GOLD,E ,Q,49.76,49.82,49.76,49.79,49.79,49.57,17,1334,66434.00,
590101,UTI GOLD ETF,E ,Q,50.05,50.15,49.90,50.15,50.15,50.04,106,5003,250724.00,
590103,NIFTYBEES   ,B ,Q,214.94,215.84,213.31,213.89,213.89,214.28,2227,123063,26383875.00,
590104,JUNIORBEES  ,B ,Q,471.63,475.44,465.30,469.95,465.30,470.93,212,20020,9463563.00,
590106,BANKBEES    ,B ,Q,454.21,457.68,452.61,453.18,452.96,452.88,256,8859,4036564.00,
590107,KOTAK PSU BK,B ,Q,457.05,464.51,457.00,457.64,457.61,460.56,140,2467,1138719.00,
590108,PSUBNKBEES  ,B ,Q,51.75,52.02,50.97,51.15,51.09,51.51,1167,287569,14822316.00,
590109,SHARIABEES  ,B ,Q,432.00,433.00,431.29,431.96,431.96,431.04,6,44,19004.00,
590110,QNIFTY      ,B ,Q,2080.00,2094.00,2073.00,2073.00,2073.00,2078.00,24,34,70839.00,
590113,HNGSNGBEES  ,E ,Q,267.80,269.99,266.50,269.50,269.98,266.57,483,7819,2097360.00,
590115,MOM50       ,B ,Q,198.00,199.00,197.21,197.75,197.75,196.70,10,22,4354.00,
590134,MADRASFERT  ,B ,Q,75.10,77.60,74.64,76.44,76.44,74.42,949,67052,5104421.00,
590136,KOTAKBKETF  ,B ,Q,455.00,458.84,453.68,454.93,455.10,454.08,96,1624,741521.00,
590137,SETFNIFBK   ,B ,Q,450.58,453.84,448.91,449.29,448.91,449.05,62,335,151115.00,
590138,SETFNIF50   ,B ,Q,202.60,204.90,201.75,201.88,201.99,202.57,575,25263,5132005.00,
717504,MBLNCRPS    ,F ,P,89.00,90.50,89.00,89.00,89.00,89.00,6,61,5444.00,
717505,TVSHLNCRPS  ,F ,P,10.30,10.33,10.20,10.27,10.27,10.32,13,6968,71609.00,
800254,SGBAUG24    ,G ,B,5910.01,5910.01,5900.00,5900.91,5900.00,5975.00,5,11,64910.00,
800258,SGB2016IIA  ,G ,B,5881.00,5881.00,5881.00,5881.00,5881.00,5900.00,1,5,29405.00,
800259,SGB2016IIIA ,G ,B,5851.00,5851.00,5850.00,5850.00,5850.00,5875.00,2,17,99458.00,
800269,SGBJULY25   ,G ,B,5821.00,5899.00,5821.00,5825.10,5825.10,5821.01,3,3,17545.00,
800276,SGBNOV25B   ,G ,B,5890.00,5900.00,5875.00,5875.00,5875.00,5885.00,40,176,1035162.00,
800287,SGBMAY26    ,G ,B,5875.00,5875.00,5875.00,5875.00,5875.00,5889.95,1,3,17625.00,
800294,757GOI2033  ,G ,B,103.90,103.90,103.90,103.90,103.90,101.10,1,200000,20780000.00,
800296,SGBJULY27   ,G ,B,5900.00,5900.00,5900.00,5900.00,5900.00,5900.00,7,9,53100.00,
800297,SGBAUG27    ,G ,B,6000.00,6000.00,5950.00,5950.00,5950.00,5851.27,3,5,29950.00,
800302,SGBOCT27    ,G ,B,5900.00,5900.00,5900.00,5900.00,5900.00,5888.00,1,3,17700.00,
800313,SGBJAN28    ,G ,B,5821.00,5821.00,5821.00,5821.00,5821.00,5818.50,1,2,11642.00,
800314,SGBFEB28    ,G ,B,6400.00,6400.00,6400.00,6400.00,6400.00,5800.00,1,1,6400.00,
800318,SGBAPR28    ,G ,B,5910.00,5910.00,5880.00,5881.00,5880.00,5910.00,9,38,223955.00,
800320,SGBMAY28    ,G ,B,5880.00,5880.00,5880.00,5880.00,5880.00,5880.00,2,3,17640.00,
800324,SGBJULY28   ,G ,B,5840.00,5875.00,5840.00,5875.00,5875.00,5890.00,4,21,122880.00,
800325,SGBAUG28    ,G ,B,5886.01,5924.75,5886.01,5904.11,5904.11,5901.50,28,215,1267845.00,
800327,SGBSEP28    ,G ,B,5882.00,5910.00,5882.00,5900.00,5900.00,5914.99,11,92,543336.00,
800328,SGBOCT28    ,G ,B,5875.11,5875.11,5875.11,5875.11,5875.11,5862.00,1,1,5875.00,
800329,SGBNOV28    ,G ,B,5899.98,5899.98,5855.00,5885.00,5885.00,5899.98,12,59,346241.00,
800331,SGBJAN29    ,G ,B,5875.04,5875.04,5840.00,5840.16,5840.00,5825.05,9,254,1483435.00,
800334,676GOI2061  ,G ,B,92.20,92.20,92.20,92.20,92.20,97.00,5,1900,175180.00,
800339,SGBMAR29    ,G ,B,5908.00,5908.00,5867.55,5870.11,5870.11,5880.00,16,220,1291160.00,
800340,SGBMAY29    ,G ,B,5855.01,5900.00,5855.01,5872.00,5872.00,5861.15,4,23,135582.00,
800341,SGBJUNE29   ,G ,B,5885.00,5885.00,5831.00,5831.00,5831.00,5865.00,5,43,250944.00,
800367,SGBJULY29   ,G ,B,5860.00,5870.00,5860.00,5860.00,5860.00,5860.00,9,59,345807.00,
800385,SGBAUG29    ,G ,B,5882.00,5884.00,5851.00,5880.00,5880.00,5884.00,12,41,240547.00,
800386,SGBSEP29    ,G ,B,5900.00,5900.00,5900.00,5900.00,5900.00,5882.00,1,1,5900.00,
800434,SGBNOV29    ,G ,B,5845.00,5845.00,5845.00,5845.00,5845.00,5865.00,1,10,58450.00,
800438,SGBJAN30    ,G ,B,5860.00,5860.00,5840.00,5840.00,5840.00,5860.00,4,9,52580.00,
800443,SGBJUNE30   ,G ,B,5865.00,5865.00,5865.00,5865.00,5865.00,5890.00,1,1,5865.00,
800488,SGBAUG30    ,G ,B,5926.00,5927.01,5926.00,5927.01,5927.01,5930.07,3,3,17779.00,
800520,726GOI2032  ,G ,B,101.00,101.00,101.00,101.00,101.00,101.10,1,20,2020.00,
800521,GS19MAR2038 ,G ,B,35.29,35.29,35.29,35.29,35.29,33.85,2,29600,1044584.00,
800523,GS19MAR2037 ,G ,B,37.90,37.90,37.90,37.90,37.90,37.44,2,29600,1121840.00,
800524,GS19MAR2039 ,G ,B,32.86,32.86,32.86,32.86,32.86,31.50,2,29600,972656.00,
800554,GS19SEP2037 ,G ,B,36.58,36.58,36.58,36.58,36.58,0.00,2,23600,863288.00,
800557,GS19SEP2039 ,G ,B,31.70,31.70,31.70,31.70,31.70,0.00,2,22600,716420.00,
800573,SGBDEC30    ,G ,B,5990.00,5990.00,5861.00,5900.00,5900.00,5900.00,6,62,364795.00,
800576,726GOI2033  ,G ,B,100.80,100.80,100.80,100.80,100.80,104.05,1,15000,1512000.00,
800580,SGBJUNE31   ,G ,B,5955.00,5984.99,5940.99,5959.63,5967.00,5955.00,14,81,482699.00,
810757,697TAMSDL31 ,G ,B,96.50,96.50,96.50,96.50,96.50,97.65,1,11890,1147385.00,
810783,703KARSDL32 ,G ,B,98.60,98.60,98.60,98.60,98.60,98.50,1,8990,886414.00,
890157,AIRTELPP    ,A ,Q,474.00,478.05,470.65,476.45,475.00,475.50,123,568,270366.00,
890168,AURUMPP     ,B ,Q,76.10,76.15,74.01,75.26,75.26,75.07,321,4148,309704.00,
890175,GGLPP       ,B ,Q,7.01,7.39,7.00,7.04,7.04,7.11,140,70840,502103.00,
890179,ADCONPP     ,XT,Q,1.11,1.11,1.03,1.05,1.05,1.05,77,296043,317419.00,
890180,AARTIPP     ,B ,Q,298.50,298.50,292.55,292.55,292.55,291.05,22,22,6477.00,
890181,SGRLPP      ,B ,Q,310.00,310.00,310.00,310.00,310.00,310.00,1,10,3100.00,
890186,NECCLTDPP   ,B ,Q,8.29,9.95,8.28,8.98,8.98,8.50,194,34612,310401.00,
890187,CRESSANPP   ,A ,Q,15.20,15.20,14.01,14.30,14.30,14.42,251,261839,3798939.00,
890188,ALANPP      ,XT,Q,25.95,27.24,24.66,25.89,25.89,25.95,24,2881,72154.00,
890189,EIKOPP      ,X ,Q,24.90,26.80,24.00,25.57,26.20,25.72,76,7922,196178.00,
935321,990IFCI24F  ,F ,D,1059.00,1059.00,1059.00,1059.00,1059.00,1060.00,2,1000,1059000.00,
935351,940IFCI25   ,F ,D,1035.00,1035.00,1035.00,1035.00,1035.00,1036.50,5,100,103500.00,
935383,849NTPC25   ,F ,D,10.41,10.41,10.41,10.41,10.41,10.41,24,16174,168371.00,
935506,736PFC25    ,F ,D,1104.99,1104.99,1104.99,1104.99,1104.99,1091.00,1,4,4419.00,
935514,760PFC35    ,F ,D,1235.05,1235.05,1235.05,1235.05,1235.05,1230.01,1,171,211193.00,
935574,753IRFC30   ,F ,D,1173.60,1173.60,1173.60,1173.60,1173.60,1189.22,1,100,117360.00,
935584,76NHAI31    ,F ,D,1159.00,1159.00,1159.00,1159.00,1159.00,1155.00,2,100,115900.00,
935618,774IREDA31  ,F ,D,1172.00,1172.00,1172.00,1172.00,1172.00,1174.68,1,50,58600.00,
935642,764HUDCO31  ,F ,D,1155.00,1156.10,1155.00,1156.00,1156.00,1155.00,3,299,345554.00,
935666,769NHAI31   ,F ,D,1190.10,1193.80,1190.00,1193.80,1193.80,1193.99,4,444,528390.00,
935674,769HUDCO31  ,F ,D,1171.60,1180.00,1171.60,1180.00,1180.00,1178.50,4,263,308147.00,
935682,764IRFC31   ,F ,D,1193.10,1193.10,1185.80,1190.07,1188.01,1190.00,22,2000,2377894.00,
935690,764NABARD31 ,F ,D,1161.90,1161.90,1161.90,1161.90,1161.90,1153.30,2,200,232380.00,
935752,9MMFSL26    ,F ,D,1034.00,1034.00,1031.01,1031.15,1031.01,1031.07,4,400,413029.00,
935788,10NIDO26    ,F ,D,980.00,984.00,967.00,967.76,967.00,970.00,18,402,390942.00,
935860,9IBHFL26B   ,F ,D,1001.00,1012.00,1001.00,1010.07,1010.00,995.05,4,1135,1145520.00,
935868,915IBHFL26B ,F ,D,977.01,980.00,977.00,977.10,977.10,984.00,4,101,98688.00,
936224,975JMFCSL28 ,F ,D,1040.00,1040.00,1040.00,1040.00,1040.00,1038.10,1,20,20800.00,
936226,934JMFCS28  ,F ,D,1014.00,1039.00,1014.00,1026.50,1014.00,1010.00,3,52,52753.00,
936252,943EFL28    ,F ,D,990.00,990.00,982.90,982.90,982.90,975.00,3,31,30646.00,
936254,985EFL28    ,F ,D,988.00,988.00,988.00,988.00,988.00,965.00,1,10,9880.00,
936290,890TCFSL23  ,F ,D,1076.15,1077.60,1076.00,1077.60,1077.60,1076.00,33,2425,2611037.00,
936294,910TCFSL28  ,F ,D,1119.50,1126.00,1119.50,1125.83,1125.00,1120.00,9,363,408083.00,
936308,1025KFL25   ,F ,D,1000.00,1000.00,1000.00,1000.00,1000.00,997.00,1,2,2000.00,
936320,935AHFL28   ,F ,D,1016.01,1040.00,901.55,1015.00,1015.00,1015.00,22,1100,1079501.00,
936372,MFL29NOV18C ,F ,D,1585.00,1589.90,1585.00,1589.90,1589.90,1589.85,4,119,189085.00,
936374,MFL29NOV18D ,F ,D,1601.00,1601.00,1601.00,1601.00,1601.00,1605.05,1,2,3202.00,
936380,101JMFCSL23 ,F ,D,1068.00,1068.00,1068.00,1068.00,1068.00,1068.00,1,50,53400.00,
936382,967JMFCSL23 ,F ,D,997.50,997.50,997.50,997.50,997.50,1000.00,1,1,997.00,
936384,1025JFCSL28 ,F ,D,1102.00,1102.00,1102.00,1102.00,1102.00,1105.00,1,14,15428.00,
936396,EFL4JAN19A  ,F ,D,1560.99,1560.99,1556.00,1556.68,1556.00,1556.18,11,1271,1978715.00,
936412,93MMFSL27   ,F ,D,1060.00,1060.00,1059.00,1059.00,1059.00,1060.00,9,386,409025.00,
936486,1015MFL24   ,F ,D,1036.00,1036.00,1036.00,1036.00,1036.00,1043.50,1,20,20720.00,
936492,0MFL26      ,F ,D,1550.00,1550.00,1545.00,1545.00,1545.00,1530.15,3,29,44880.00,
936520,925LTFL24   ,F ,D,1041.00,1041.00,1041.00,1041.00,1041.00,1038.10,1,25,26025.00,
936538,975MFL24A   ,F ,D,1001.25,1001.25,1001.25,1001.25,1001.25,1001.95,1,14,14017.00,
936544,10MFL24     ,F ,D,1043.00,1043.60,1043.00,1043.60,1043.60,1042.48,2,774,807514.00,
936574,905LTFL27   ,F ,D,1047.70,1052.52,1047.47,1052.52,1052.52,1052.52,5,112,117419.00,
936716,995EFL24A   ,F ,D,982.22,990.00,982.22,989.88,990.00,988.00,4,450,445255.00,
936718,104EFL24    ,F ,D,1020.00,1020.00,1020.00,1020.00,1020.00,1014.00,1,19,19380.00,
936722,995EFL29    ,F ,D,973.95,973.95,970.95,970.95,970.95,977.95,5,40,38928.00,
936792,97STF26     ,F ,D,1082.00,1082.00,1082.00,1082.00,1082.00,1027.00,1,100,108200.00,
936806,85TCFS24    ,F ,D,1009.00,1009.00,1009.00,1009.00,1009.00,1002.00,1,10,10090.00,
936810,865TCFS27   ,F ,D,1022.00,1022.00,1020.00,1020.00,1020.00,1028.40,2,15,15320.00,
936824,10IFL25     ,F ,D,992.00,993.00,992.00,993.00,993.00,998.00,3,181,179553.00,
936930,975MFL24B   ,F ,D,1006.99,1007.00,1006.99,1006.99,1007.00,1002.00,2,102,102713.00,
936969,995ECL24    ,F ,D,984.00,984.00,984.00,984.00,984.00,984.23,6,120,118080.00,
936971,104ECL24    ,F ,D,1046.22,1046.22,1046.20,1046.20,1046.20,1048.00,3,100,104620.00,
936975,995ECL29    ,F ,D,960.00,960.00,960.00,960.00,960.00,960.00,7,150,144000.00,
937017,865LTFL26   ,F ,D,1074.50,1074.50,1074.50,1074.50,1074.50,1075.00,3,300,322350.00,
937037,0MFL27A     ,F ,D,1282.02,1400.00,1282.00,1400.00,1400.00,1429.95,9,330,438401.00,
937075,0STFCL25    ,F ,D,1362.51,1362.51,1362.51,1362.51,1362.51,1363.00,1,10,13625.00,
937085,98NWFL25    ,F ,D,975.00,991.00,975.00,980.00,980.00,975.60,12,922,899622.00,
937087,1025NWFL25  ,F ,D,1013.05,1013.05,1013.05,1013.05,1013.05,1039.45,1,28,28365.00,
937093,1025NWFL30  ,F ,D,960.00,966.00,960.00,962.39,960.00,1000.00,22,1939,1863037.00,
937149,957JFPL30   ,F ,D,1005.00,1005.00,1005.00,1005.00,1005.00,1005.00,1,11,11055.00,
937155,975MVAFL25  ,F ,D,1015.00,1015.00,1015.00,1015.00,1015.00,1020.00,1,11,11165.00,
937203,KFL29MAY20C ,F ,D,1325.00,1325.00,1325.00,1325.00,1325.00,1325.00,10,90,119250.00,
937257,0MFL23B     ,F ,D,1320.00,1320.00,1320.00,1320.00,1320.00,1320.00,2,51,67320.00,
937301,96MFL25     ,F ,D,1055.32,1069.00,1054.00,1054.00,1054.00,1068.00,5,80,84685.00,
937305,0MFL23D     ,F ,D,1286.80,1289.00,1286.80,1288.49,1289.00,1266.00,2,390,502512.00,
937313,MFLOIII24   ,F ,D,1030.20,1030.20,1030.20,1030.20,1030.20,1045.80,1,20,20604.00,
937335,935EFSL24   ,F ,D,1034.00,1034.10,1032.80,1034.05,1034.05,1043.80,15,450,465095.00,
937337,0EFSL24     ,F ,D,1244.00,1244.00,1244.00,1244.00,1244.00,1243.00,1,100,124400.00,
937339,939EFSL26   ,F ,D,970.00,970.00,944.00,969.00,969.00,960.00,4,17,16303.00,
937341,98EFSL26    ,F ,D,1010.00,1010.00,963.80,990.00,990.00,1010.00,3,72,71329.00,
937347,995EFSL31   ,F ,D,940.00,940.00,940.00,940.00,940.00,942.00,1,1,940.00,
937349,MFLI24      ,F ,D,973.20,973.20,973.20,973.20,973.20,985.00,1,25,24330.00,
937357,MFLV24      ,F ,D,1182.79,1182.79,1182.79,1182.79,1182.79,1165.20,1,4,4731.00,
937359,MFLVI26     ,F ,D,1152.00,1185.00,1152.00,1185.00,1185.00,1150.00,2,760,887400.00,
937369,682PFCL31   ,F ,D,970.00,970.00,827.01,930.58,933.00,980.00,9,643,545296.00,
937373,7PFCL31     ,F ,D,985.00,993.80,985.00,993.80,993.80,989.99,5,120,118675.00,
937385,715PFCL36   ,F ,D,997.99,998.00,997.99,998.00,998.00,996.85,4,5144,5133683.00,
937405,85MFL24     ,F ,D,985.20,985.20,985.20,985.20,985.20,985.20,1,35,34482.00,
937417,0MFL26B     ,F ,D,1170.02,1170.02,1170.00,1170.02,1170.02,1227.00,14,650,760510.00,
937455,96IFL28     ,F ,D,980.00,984.50,980.00,983.90,983.90,984.35,12,260,255117.00,
937457,0IFL28      ,F ,D,1145.00,1145.00,1145.00,1145.00,1145.00,1137.00,1,7,8015.00,
937459,MFLI24A     ,F ,D,950.63,970.00,950.63,970.00,970.00,975.00,2,9,8633.00,
937495,916EFSL26   ,F ,D,949.00,949.00,945.01,945.03,945.01,932.81,3,50,47350.00,
937541,797IGT31    ,F ,D,1000.00,1000.00,996.00,996.00,996.00,1000.00,12,175,174492.00,
937547,875MFCL26C  ,F ,D,1000.00,1000.00,1000.00,1000.00,1000.00,999.00,5,5,5000.00,
937549,950MFCL27D  ,F ,D,987.50,987.50,980.00,980.00,980.00,984.00,2,18,17700.00,
937555,0MFCL24VII  ,F ,D,1197.00,1197.00,1197.00,1197.00,1197.00,1179.80,1,300,359100.00,
937561,BILNCD2021  ,F ,D,28.40,28.60,28.40,28.60,28.60,28.60,34,1690,48308.00,
937577,875PCHFL26  ,F ,D,1001.99,1001.99,1001.99,1001.99,1001.99,1000.99,1,10,10019.00,
937621,96IHFL28    ,F ,D,976.00,976.00,886.00,975.00,975.00,979.14,25,929,856642.00,
937623,0IHFL28     ,F ,D,1137.76,1137.76,1137.40,1137.40,1137.40,1137.76,2,2,2275.00,
937625,875EFSL24   ,F ,D,980.00,980.00,980.00,980.00,980.00,980.00,2,20,19600.00,
937627,91EFSL24    ,F ,D,1050.00,1050.00,1050.00,1050.00,1050.00,1049.00,1,100,105000.00,
937629,EFSL10SEP21 ,F ,D,1147.00,1147.00,1147.00,1147.00,1147.00,1147.00,5,77,88319.00,
937631,915EFSL26   ,F ,D,965.00,965.00,965.00,965.00,965.00,975.00,1,1,965.00,
937633,955EFSL26A  ,F ,D,901.00,901.00,901.00,901.00,901.00,1028.20,1,285,256785.00,
937637,93EFSL31    ,F ,D,930.00,934.96,928.00,934.96,934.96,934.97,3,8,7447.00,
937639,97EFSL31    ,F ,D,989.00,989.00,965.00,965.00,965.00,965.00,6,951,936444.00,
937653,ZCMMFL28    ,F ,D,1100.00,1100.00,1100.00,1100.00,1100.00,1046.00,1,10,11000.00,
937707,820JMFPL26  ,F ,D,1035.01,1035.01,1035.01,1035.01,1035.01,1035.01,1,10,10350.00,
937713,825IIFL23   ,F ,D,1058.00,1058.00,1054.10,1054.40,1054.10,1056.00,21,370,390984.00,
937775,950MFL27    ,F ,D,975.00,975.00,975.00,975.00,975.00,975.00,1,1,975.00,
937777,975MFL29    ,F ,D,1005.00,1005.00,1005.00,1005.00,1005.00,1025.00,2,20,20100.00,
937779,MFL291021   ,F ,D,1140.00,1140.00,1139.00,1140.00,1140.00,1140.00,4,550,626600.00,
937781,MFL291021A  ,F ,D,1106.82,1120.00,1106.82,1120.00,1120.00,1105.02,2,15,16734.00,
937789,875EFSL23   ,F ,D,1024.85,1024.85,1024.85,1024.85,1024.85,1040.00,1,10,10248.00,
937795,91EFSL24A   ,F ,D,1015.00,1015.00,1005.22,1005.22,1005.22,1018.80,6,205,206558.00,
937799,915EFSL26A  ,F ,D,939.79,939.79,938.99,938.99,938.99,930.00,3,60,56355.00,
937805,93EFSL31A   ,F ,D,915.00,920.00,909.00,912.56,920.00,940.00,6,36,32852.00,
937807,97EFSL31A   ,F ,D,959.00,959.00,946.00,946.00,946.00,960.00,6,35,33383.00,
937811,875MMFL24   ,F ,D,990.00,990.00,990.00,990.00,990.00,982.20,1,50,49500.00,
937853,IHFL60122   ,F ,D,1180.00,1180.00,1180.00,1180.00,1180.00,1144.00,1,5,5900.00,
937877,DLSL2FEB22A ,F ,D,1098.80,1098.80,1098.80,1098.80,1098.80,1126.97,1,1,1098.00,
937889,9MFL30      ,F ,D,999.00,999.00,995.00,995.00,995.00,999.00,2,40,39880.00,
937891,ZCMFL24     ,F ,D,1115.00,1115.00,1115.00,1115.00,1115.00,1110.00,2,40,44600.00,
937929,875KFL25    ,F ,D,970.00,970.00,970.00,970.00,970.00,950.00,2,5,4850.00,
937945,875IBHL24   ,F ,D,970.20,1008.00,900.00,1008.00,1008.00,967.80,5,45,43092.00,
937971,889IBHL27   ,F ,D,945.00,945.00,945.00,945.00,945.00,954.00,1,63,59535.00,
937989,850NIDO24   ,F ,D,1011.00,1011.00,1011.00,1011.00,1011.00,1012.64,1,60,60660.00,
937993,870NIDO25   ,F ,D,950.80,950.80,950.80,950.80,950.80,950.80,1,25,23770.00,
937995,905NIDO25   ,F ,D,980.00,980.00,980.00,980.00,980.00,975.00,1,30,29400.00,
938003,NIDO29APR22 ,F ,D,1022.75,1022.75,1022.75,1022.75,1022.75,962.35,1,12,12273.00,
938013,MFLIII25C   ,F ,D,965.00,973.80,965.00,973.80,973.80,973.80,2,104,100395.00,
938057,920NFL23    ,F ,D,995.50,995.50,995.50,995.50,995.50,988.01,1,1,995.00,
938065,MFLI25      ,F ,D,950.00,950.00,950.00,950.00,950.00,950.00,1,20,19000.00,
938067,MFLII27     ,F ,D,925.00,925.00,925.00,925.00,925.00,925.00,1,330,305250.00,
938069,MFLIII25    ,F ,D,967.00,967.00,967.00,967.00,967.00,967.03,1,10,9670.00,
938073,MFLV29      ,F ,D,920.00,958.00,918.10,958.00,958.00,940.20,3,102,97638.00,
938077,MFLVII27    ,F ,D,1010.00,1010.00,1010.00,1010.00,1010.00,1010.00,1,300,303000.00,
938099,88NWIL25    ,F ,D,960.80,960.80,960.80,960.80,960.80,955.00,3,180,172944.00,
938105,916NWIL27   ,F ,D,933.00,933.50,933.00,933.00,933.00,933.50,4,192,179181.00,
938113,995NWIL32   ,F ,D,975.00,985.00,974.00,978.22,978.00,960.00,15,500,488616.00,
938123,95KFL26     ,F ,D,975.00,975.00,975.00,975.00,975.00,979.00,1,5,4875.00,
938131,8MFL24A     ,F ,D,975.00,975.00,974.10,974.10,974.10,975.00,2,2,1949.00,
938135,835MFL26    ,F ,D,950.00,950.00,950.00,950.00,950.00,960.00,2,350,332500.00,
938137,MFL060922   ,F ,D,1096.42,1096.42,1096.42,1096.42,1096.42,1095.19,1,90,98677.00,
938168,IHFL280922B ,F ,D,973.44,995.00,973.44,995.00,995.00,998.40,3,38,37400.00,
938172,894IHFL25   ,F ,D,965.00,965.00,965.00,965.00,965.00,969.80,1,20,19300.00,
938196,1050KLM27   ,F ,D,965.00,965.00,964.80,964.80,964.80,929.62,18,242,233487.00,
938202,885EFSL24   ,F ,D,1022.20,1042.75,1022.20,1042.75,1042.75,1042.75,2,2,2064.00,
938206,89EFSL25    ,F ,D,950.00,950.00,945.00,949.63,945.00,945.00,2,108,102560.00,
938212,935EFSL27   ,F ,D,959.00,959.00,959.00,959.00,959.00,915.25,1,35,33565.00,
938214,975EFSL27   ,F ,D,990.20,990.20,990.20,990.20,990.20,967.80,3,124,122784.00,
938220,1010EFSL32  ,F ,D,989.80,989.80,989.80,989.80,989.80,989.80,1,168,166286.00,
938222,79NHIT35    ,F ,D,314.90,314.90,314.90,314.90,314.90,310.26,2,8,2519.00,
938230,905IH24     ,F ,D,1030.00,1030.00,1030.00,1030.00,1030.00,1030.00,3,3,3090.00,
938246,MFLTDI25    ,F ,D,958.80,958.80,958.80,958.80,958.80,941.33,2,17,16299.00,
938260,MFLTDIII24  ,F ,D,1015.20,1015.20,1015.20,1015.20,1015.20,1028.80,1,10,10152.00,
938262,MFLIV25     ,F ,D,1010.00,1010.00,1010.00,1010.00,1010.00,1011.13,1,100,101000.00,
938288,760MFL25    ,F ,D,990.20,990.20,990.20,990.20,990.20,1011.80,1,10,9902.00,
938290,775MFL27    ,F ,D,950.20,950.20,950.20,950.20,950.20,945.10,1,10,9502.00,
938324,1050CCIL24  ,F ,D,995.00,995.00,995.00,995.00,995.00,995.00,1,1,995.00,
938354,9EFSL25     ,F ,D,999.22,999.22,999.22,999.22,999.22,1000.12,1,1,999.00,
938356,ZCEFSL25    ,F ,D,1008.00,1008.00,1008.00,1008.00,1008.00,1008.00,1,10,10080.00,
938358,920EFSL26   ,F ,D,941.00,954.00,940.00,954.00,954.00,952.00,5,55,52163.00,
938360,960EFSL26   ,F ,D,985.00,985.01,985.00,985.01,985.01,983.20,5,380,374300.00,
938362,ZCEFSL26    ,F ,D,901.00,990.00,901.00,990.00,990.00,995.00,3,20,18910.00,
938370,10EFSL33    ,F ,D,962.00,962.00,962.00,962.00,962.00,959.10,2,10,9620.00,
938372,1045EFSL33  ,F ,D,941.01,1010.00,941.01,1000.00,1000.00,1028.90,4,20,19420.00,
938374,850IIFL25   ,F ,D,1001.50,1001.50,1001.50,1001.50,1001.50,1006.00,1,10,10015.00,
938376,0IIFL25     ,F ,D,1005.19,1005.19,1005.00,1005.00,1005.00,1000.20,2,25,25125.00,
938394,10IFSL26    ,F ,D,980.00,980.00,980.00,980.00,980.00,0.00,1,10,9800.00,
938412,810MFL25    ,F ,D,950.20,950.20,950.20,950.20,950.20,963.00,1,25,23755.00,
938422,985ICCL28   ,F ,D,950.01,950.01,950.01,950.01,950.01,995.00,1,10,9500.00,
938428,880MFL28    ,F ,D,824.20,955.00,824.20,955.00,955.00,950.00,4,570,472410.00,
938430,MFL020223   ,F ,D,1024.00,1024.00,1024.00,1024.00,1024.00,1000.00,1,200,204800.00,
938434,775MFL26    ,F ,D,970.00,970.00,970.00,970.00,970.00,970.00,2,57,55290.00,
938462,1050KLMA28  ,F ,D,990.00,990.00,990.00,990.00,990.00,990.00,2,2,1980.00,
938472,925IBHFL25  ,F ,D,972.00,972.00,972.00,972.00,972.00,975.00,1,5,4860.00,
938476,965IBHFL25  ,F ,D,1015.00,1015.00,1015.00,1015.00,1015.00,1023.60,1,5,5075.00,
938516,EFSL270423  ,F ,D,998.45,1000.55,982.00,982.00,982.00,990.85,4,28,27796.00,
938518,920EFSL2026 ,F ,D,969.60,969.60,969.60,969.60,969.60,939.94,2,45,43632.00,
938552,785MFL2028  ,F ,D,1049.95,1049.95,1030.00,1030.00,1030.00,980.00,2,201,207049.00,
938558,810MFL2028  ,F ,D,1010.00,1017.00,1010.00,1017.00,1017.00,950.00,3,215,218585.00,
938560,MFL030523   ,F ,D,1001.00,1001.00,1001.00,1001.00,1001.00,988.00,1,11,11011.00,
938568,88MFL28     ,F ,D,1000.00,1000.00,1000.00,1000.00,1000.00,1000.00,2,7,7000.00,
938574,MFL020523   ,F ,D,1001.00,1020.00,1000.00,1020.00,1020.00,1015.00,3,85,85530.00,
938588,840CIFCL28  ,F ,D,1019.00,1019.00,1019.00,1019.00,1019.00,1016.00,1,100,101900.00,
938626,ZCIIFL25    ,F ,D,950.80,950.80,950.80,950.80,950.80,950.80,1,20,19016.00,
938642,1075NFL25   ,F ,D,1011.00,1011.00,1011.00,1011.00,1011.00,1007.00,1,1,1011.00,
938644,1050NFL26   ,F ,D,1004.99,1004.99,1004.98,1004.98,1004.98,1003.49,3,45,45224.00,
938652,92EFSL26    ,F ,D,979.00,979.00,979.00,979.00,979.00,979.00,1,100,97900.00,
938658,967EFS28    ,F ,D,990.00,990.00,990.00,990.00,990.00,970.00,1,1,990.00,
938670,965IHFL25I  ,F ,D,925.20,925.20,925.20,925.20,925.20,955.20,1,10,9252.00,
938686,948IHFL26I  ,F ,D,1402.05,1419.00,1301.00,1411.00,1411.00,1402.00,8,75,100469.00,
938698,750PFC26    ,F ,D,995.01,1003.50,995.01,1000.00,1000.00,995.01,5,43,42806.00,
938702,753PFC33    ,F ,D,1003.00,1005.00,998.00,998.00,998.00,1003.95,5,600,600138.00,
938706,755PFC38    ,F ,D,1010.00,1010.00,1001.00,1001.00,1001.00,1000.00,13,3297,3300427.00,
938708,825CIFCL25A ,F ,D,992.00,992.00,992.00,992.00,992.00,995.00,1,10,9920.00,
938712,83CIFCL26   ,F ,D,1003.13,1003.63,991.00,991.00,991.00,998.00,3,110,110248.00,
938716,84CIFCL28   ,F ,D,1001.90,1002.49,1001.90,1001.90,1001.90,1001.00,10,155,155340.00,
957810,1015UPPCL28 ,F ,D,1050000.00,1050000.00,1050000.00,1050000.00,1050000.00,1066000.00,1,1,1050000.00,
958409,956SBIPERP  ,F ,D,1069000.00,1069000.00,1069000.00,1069000.00,1069000.00,1070708.00,1,2,2138000.00,
958445,99EARCL28   ,F ,D,1000000.00,1000000.00,1000000.00,1000000.00,1000000.00,1050000.00,1,1,1000000.00,
959117,899BOBPERP  ,F ,D,1064333.00,1064333.00,1064333.00,1064333.00,1064333.00,1061021.00,1,1,1064333.00,
961714,PFCBS4      ,F ,B,13500.00,13700.00,13500.00,13600.00,13600.00,13700.00,7,20,272599.00,
961728,830NHAI27   ,F ,B,1166.50,1166.50,1166.50,1166.50,1166.50,1168.99,1,25,29162.00,
961732,810IRFC2327 ,F ,B,1161.00,1161.00,1159.00,1159.00,1159.00,1161.00,4,50,57981.00,
961765,751HUDCO28  ,F ,B,1125.00,1125.00,1110.00,1110.40,1110.00,1115.67,3,255,283225.00,
961783,849HUDCO33  ,F ,B,1287.50,1290.00,1287.50,1290.00,1290.00,1280.00,3,150,193375.00,
961796,863IIFCL28  ,F ,B,1194.50,1194.50,1186.02,1188.85,1186.02,1191.90,4,387,460575.00,
961808,866NTPC23   ,F ,B,1067.00,1070.00,1067.00,1067.15,1067.15,1066.00,5,300,320597.00,
961810,891NTPC33   ,F ,B,1328.00,1329.00,1327.00,1328.51,1328.01,1327.00,18,1952,2592341.00,
961815,883HUDCO29  ,F ,B,1200.00,1200.00,1152.00,1175.79,1152.00,1150.29,2,793,932400.00,
961826,875NHAI29   ,F ,B,1215.00,1215.00,1215.00,1215.00,1215.00,1197.35,1,100,121500.00,
961830,865IRFC29   ,F ,B,1210.00,1210.00,1181.23,1181.23,1181.23,1204.20,2,170,203686.00,
961839,880IREDA29  ,F ,B,1224.00,1224.00,1224.00,1224.00,1224.00,1222.00,1,1,1224.00,
961851,900KPL29    ,F ,B,1209.00,1209.00,1209.00,1209.00,1209.00,1200.00,1,100,120900.00,
961893,841IIFCL24B ,F ,B,1052.06,1052.06,1052.06,1052.06,1052.06,1051.75,1,10,10520.00,
961895,880IIFCL29  ,F ,B,1191.50,1191.50,1191.50,1191.50,1191.50,1244.76,1,20,23830.00,
961917,SHAREINWARR ,W ,B,779.00,779.00,770.20,779.00,779.00,760.00,7,667,515889.00,
972706,IFCI121211C ,F ,B,13075.00,13075.00,13075.00,13075.00,13075.00,13090.00,5,16,209200.00,
972719,IFCI310312A ,F ,B,12285.00,12285.00,12285.00,12285.00,12285.00,12426.00,1,4,49140.00,
972721,IFCI310312C ,F ,B,12340.00,12340.00,12330.00,12330.00,12330.00,12250.00,6,27,332920.00,
973491,675PCHFL31  ,F ,B,820.34,821.19,819.00,821.10,821.10,820.29,21,9760,8012739.00,
973878,970UPPC30   ,F ,B,1045000.00,1045000.00,1045000.00,1045000.00,1045000.00,1036000.00,1,1,1045000.00,
973879,97UPPCL26   ,F ,B,1022722.00,1026000.00,1022722.00,1026000.00,1026000.00,1024999.50,2,2,2048722.00,
974287,995UPPCL31  ,F ,B,1089000.00,1089000.00,1089000.00,1089000.00,1089000.00,1035999.00,1,1,1089000.00,
974448,962APSB28   ,F ,B,1001000.00,1001000.00,1001000.00,1001000.00,1001000.00,1018604.38,1,1,1001000.00,
974561,11MML26     ,F ,B,100800.00,100800.00,100690.00,100690.00,100690.00,100999.00,5,10,1007642.00,
974635,0EEL26      ,F ,B,102100.00,102100.00,102100.00,102100.00,102100.00,102600.00,1,1,102100.00,
974749,1055MECL33  ,F ,B,110000.00,110000.00,109999.00,109999.50,110000.00,110000.00,3,3,329999.00,
974946,0GIPL26     ,F ,B,105449.99,105449.99,105449.99,105449.99,105449.99,105300.00,2,3,316349.00,
974979,0MSFL25     ,F ,B,101202.11,101202.11,101202.11,101202.11,101202.11,101250.00,2,6,607212.00,
974997,1090SCNL25  ,F ,B,98500.00,98500.00,98500.00,98500.00,98500.00,0.00,1,1,98500.00,
975017,1075FSBL29  ,F ,B,99115.53,99115.53,99115.53,99115.53,99115.53,99000.00,2,3,297346.00,
