SC_CODE,SC_NAME,SC_GROUP,SC_TYPE,OPEN,HIGH,LOW,CLOSE,LAST,PREVCLOSE,NO_TRADES,NO_OF_SHRS,NET_TURNOV,TDCLOINDI
500002,ABB LTD.    ,A ,Q,2208.30,2305.15,2184.00,2281.15,2281.45,2189.75,988,6715,15114786.00,
500003,AEGIS LOGIS ,A ,Q,214.80,215.50,208.70,210.95,210.95,211.10,1109,41497,8778839.00,
500008,AMAR RAJA BA,A ,Q,497.00,502.75,494.20,495.95,495.95,492.40,2550,34951,17405617.00,
500009,A.SARABHAI  ,X ,Q,32.05,32.05,30.80,31.00,31.00,30.75,319,58952,1844945.00,
500010,HDFC        ,A ,Q,2307.00,2334.00,2300.45,2330.05,2330.05,2288.40,9242,110334,256116129.00,
500012,ANDHRA PETRO,B ,Q,88.10,92.95,87.50,88.40,88.40,87.55,2155,181614,16298994.00,
500013,ANSAL INFRAS,T ,Q,14.60,14.60,13.65,14.55,14.55,14.05,49,15987,229830.00,
500014,UTIQUE      ,X ,Q,5.19,5.19,4.51,5.06,5.15,4.83,161,21420,106715.00,
500016,ARUNAHTEL   ,X ,Q,10.51,11.50,10.50,10.91,11.13,11.20,75,23523,257164.00,
500020,BOM DYEING  ,A ,Q,102.70,104.80,102.50,103.40,103.40,101.50,2356,200805,20800574.00,
500023,ASIANHOTNR  ,B ,Q,78.00,78.00,78.00,78.00,78.00,77.50,5,173,13494.00,
500027,ATUL LTD.   ,A ,Q,8035.45,8202.00,8035.45,8161.90,8144.45,7955.95,499,929,7549618.00,
500028,ATV PROJECTS,XT,Q,8.25,8.44,8.07,8.29,8.09,8.07,36,1904,15710.00,
500031,BAJAJ ELECT.,A ,Q,991.95,1004.00,977.00,984.85,982.50,986.80,511,1828,1805610.00,
500032,BAJAJHIND   ,A ,Q,14.05,14.20,13.40,13.55,13.55,13.80,2709,1174303,16206972.00,
500033,FORCE MOTR  ,A ,Q,1025.95,1039.90,1013.95,1037.30,1037.75,1018.60,164,403,414876.00,
500034,BAJFINANCE  ,A ,Q,5915.00,6077.25,5878.00,5993.65,5993.65,5820.45,15582,114510,687504453.00,
500038,BALRAM.CHINI,A ,Q,381.95,403.30,377.90,400.35,400.35,375.80,6785,824178,320533694.00,
500039,BANCO PROD. ,B ,Q,151.70,151.70,146.00,151.70,151.70,126.45,673,138592,21007674.00,
500040,CENTURY TEXT,A ,Q,729.70,739.75,719.00,727.10,736.05,723.75,1203,8500,6185895.00,
500041,BANNARI AMAN,A ,Q,2552.90,2554.00,2502.00,2515.15,2502.00,2484.95,35,45,113669.00,
500042,BASF INDIA  ,A ,Q,2446.75,2459.95,2378.00,2428.85,2429.05,2410.15,367,906,2198785.00,
500043,BATA INDIA  ,A ,Q,1788.00,1816.05,1775.00,1801.90,1804.10,1773.75,1793,15150,27260907.00,
500048,BEML LTD    ,A ,Q,1279.30,1319.80,1256.65,1306.35,1305.00,1258.55,3951,20702,26630815.00,
500049,BHARAT ELECT,A ,Q,230.40,232.60,227.10,231.10,231.10,226.05,3230,308514,70777219.00,
500052,BHANSALI ENG,A ,Q,109.55,113.70,109.55,112.40,112.45,107.40,855,26643,2988424.00,
500058,BIHAR SPONGE,XT,Q,10.04,10.04,10.04,10.04,10.04,9.57,35,24366,244634.00,
500060,BIRLACABLE  ,B ,Q,126.00,126.35,122.10,123.40,123.40,124.90,493,9291,1151410.00,
500067,BLUE STAR   ,A ,Q,999.00,1015.30,999.00,1004.40,1001.90,991.15,433,2361,2374622.00,
500068,DISA INDIA  ,X ,Q,6199.00,6215.00,6100.00,6198.15,6151.00,6048.50,67,397,2459285.00,
500069,QUESTCAP    ,X ,Q,256.50,270.00,249.00,252.30,249.00,258.40,137,4084,1055304.00,
500074,BPL LTD.    ,B ,Q,63.40,63.40,61.45,63.05,63.20,60.40,121,4610,288079.00,
500078,OAL         ,B ,Q,537.90,550.45,533.80,542.00,537.00,532.40,78,926,501952.00,
500083,CENTURY EXT ,B ,Q,9.53,10.18,9.22,9.90,9.83,9.51,168,65080,630126.00,
500084,CESC LTD.   ,A ,Q,78.95,79.25,77.65,78.85,78.85,77.60,608,32650,2560727.00,
500085,CHAMBAL FERT,A ,Q,350.45,356.00,342.20,350.00,350.95,345.85,4201,173154,60508713.00,
500086,EXIDE IND.  ,A ,Q,144.00,144.95,142.35,144.75,144.90,142.55,1436,71521,10271845.00,
500087,CIPLA LTD.  ,A ,Q,970.70,978.40,960.10,966.30,966.15,964.40,1959,36636,35437318.00,
500089,DIC INDIA   ,B ,Q,340.65,350.00,334.00,341.10,335.20,339.30,83,1210,410541.00,
500092,CRISIL LTD  ,A ,Q,3671.00,3688.00,3559.05,3583.40,3590.70,3586.95,724,1682,6084266.00,
500093,CGPOWER     ,B ,Q,170.00,171.45,167.50,169.75,169.75,167.60,1740,77225,13087703.00,
500096,DABUR (I)   ,A ,Q,503.00,503.00,495.75,497.90,497.90,498.10,2269,34019,16939724.00,
500097,DALMIASUG   ,A ,Q,350.00,373.15,346.70,364.35,364.35,341.20,3862,63067,22677058.00,
500101,ARVIND Ltd  ,A ,Q,101.90,102.35,98.25,98.80,98.80,98.50,1786,93342,9361731.00,
500102,BALARPUR IND,Z ,Q,1.35,1.43,1.31,1.32,1.32,1.37,241,610035,822582.00,
500103,BHEL        ,A ,Q,50.50,51.35,50.15,51.15,51.15,50.15,3663,1588061,80711944.00,
500104,HIND.PETRO  ,A ,Q,235.50,235.75,227.35,229.80,229.80,235.35,5145,241398,55629989.00,
500106,IFCI LTD    ,A ,Q,9.42,9.70,9.40,9.51,9.51,9.38,531,324552,3091215.00,
500108,MAHA.TELE   ,A ,Q,21.50,22.00,21.35,21.55,21.60,21.45,400,78044,1692824.00,
500109,MRPL        ,A ,Q,84.95,86.40,79.30,79.30,79.30,83.45,3616,399217,32631791.00,
500110,CHENNAI PET.,A ,Q,297.90,297.90,280.30,280.30,280.30,295.05,2668,142409,40443849.00,
500111,REL.CAP.    ,T ,Q,14.20,14.35,13.75,13.80,13.80,13.70,392,102155,1429260.00,
500112,STATE BANK  ,A ,Q,471.95,474.95,467.15,469.00,469.00,469.00,14455,817811,384636808.00,
500113,STEEL AUTH. ,A ,Q,74.65,74.65,72.95,74.20,74.20,73.70,18017,3167473,233729006.00,
500114,TITAN       ,A ,Q,2153.30,2163.00,2124.05,2149.05,2149.05,2141.65,2557,22324,47773786.00,
500116,IDBI BANK L ,A ,Q,33.60,35.75,33.60,34.75,34.75,33.15,4667,1347518,46991672.00,
500117,DCW LTD.    ,B ,Q,40.10,41.50,40.10,40.55,40.60,40.40,574,26327,1076935.00,
500119,DHAMPUR SUGA,A ,Q,252.00,256.75,236.35,242.60,242.60,245.90,3509,101290,24817387.00,
500120,DIAMINES&CHM,X ,Q,291.05,302.00,291.05,295.95,295.95,291.90,122,8340,2475863.00,
500123,ELANTAS     ,B ,Q,3851.05,3965.00,3850.00,3942.35,3900.00,3905.00,65,1135,4458911.00,
500124,DR.REDDY'S  ,A ,Q,4291.00,4406.45,4270.20,4392.00,4392.00,4307.25,3586,18704,81435405.00,
500125,E.I.D.PAR   ,A ,Q,509.65,534.20,506.70,529.35,529.35,501.55,3104,45949,24096603.00,
500126,PGHL        ,A ,Q,4219.05,4277.15,4206.90,4239.35,4235.55,4203.30,228,467,1978923.00,
500128,ELEC.CASTING,B ,Q,35.25,35.25,34.15,34.35,34.45,34.15,780,46985,1619894.00,
500133,ESAB INDIA  ,A ,Q,3370.50,3548.95,3370.50,3516.95,3485.00,3458.35,755,1077,3759244.00,
500135,EPL         ,A ,Q,161.70,166.75,160.45,163.50,162.75,160.35,636,9860,1614371.00,
500136,ESTER INDUS.,B ,Q,133.30,134.40,131.50,132.70,132.70,131.20,743,26093,3463482.00,
500142,FGP LTD.    ,X ,Q,6.20,6.60,6.11,6.55,6.53,6.07,47,14572,90827.00,
500143,P.H.CAPITAL ,X ,Q,74.00,74.00,69.85,71.15,70.95,77.60,139,9567,676219.00,
500144,FINOL. CABLE,A ,Q,361.40,364.55,357.15,362.50,360.50,356.40,536,4289,1547594.00,
500147,COCKERILL   ,X ,Q,1200.00,1225.00,1181.00,1188.00,1188.00,1202.00,133,2251,2702418.00,
500148,UFLEX LTD   ,A ,Q,568.65,605.00,561.30,596.00,596.00,559.15,1621,16158,9467653.00,
500150,FOSECO INDIA,B ,Q,1633.25,1633.25,1586.95,1614.55,1629.00,1609.70,61,257,413834.00,
500151,GOLDEN TOB  ,B ,Q,98.25,102.55,98.25,99.75,100.85,97.75,74,1684,168906.00,
500153,GANESH BENZO,B ,Q,118.10,127.00,116.10,123.20,123.05,120.30,1128,31820,3876943.00,
500159,METROGLOBL  ,X ,Q,85.00,85.00,79.40,80.95,81.00,79.90,30,567,46837.00,
500160,GTL LTD.    ,B ,Q,8.17,8.38,8.12,8.20,8.18,8.17,230,74800,614681.00,
500163,GODFREY PH  ,A ,Q,1244.00,1274.20,1217.45,1225.90,1225.90,1220.20,1195,4287,5329162.00,
500164,GODREJ IND  ,A ,Q,445.00,494.80,434.55,485.00,485.00,440.20,7900,124691,60052970.00,
500165,KANSAI NERO ,A ,Q,407.00,409.75,401.80,404.40,403.00,405.15,976,7053,2856311.00,
500166,GOODRICKE   ,X ,Q,215.00,219.70,205.70,208.80,208.80,209.85,823,4474,933632.00,
500168,GOODYEAR (I),B ,Q,943.00,966.00,928.20,946.40,946.40,883.80,1787,14910,14101767.00,
500170,GTN INDUS   ,X ,Q,49.95,49.95,49.95,49.95,49.95,47.60,10,6080,303696.00,
500171,GHCL LTD    ,A ,Q,629.00,629.00,590.35,594.25,595.05,596.40,1537,20580,12368014.00,
500173,GFLLIMITED  ,B ,Q,63.65,65.20,63.15,64.40,64.85,63.95,198,2145,137238.00,
500179,HCL INFOSYS ,B ,Q,15.85,16.40,15.35,16.35,16.35,15.85,717,112905,1828647.00,
500180,HDFC BANK   ,A ,Q,1374.00,1394.50,1371.45,1391.60,1391.60,1367.70,24054,1269551,1750691453.00,
500182,HEROMOTOCO  ,A ,Q,2650.00,2725.00,2639.75,2717.85,2714.90,2636.35,1946,18967,51010772.00,
500183,HFCL        ,A ,Q,61.95,62.95,61.45,62.00,62.00,61.25,3836,534906,33228230.00,
500184,HSCL        ,A ,Q,62.70,65.50,61.75,65.00,65.00,62.20,8381,1244394,79353806.00,
500185,HIND.CONSTN.,A ,Q,13.50,13.60,13.20,13.30,13.30,13.15,1166,488642,6553100.00,
500186,HIND.OIL EXP,A ,Q,156.60,157.70,146.75,148.15,148.15,153.30,3852,112910,17150913.00,
500187,AGI         ,A ,Q,217.75,226.75,217.20,219.60,219.60,217.15,741,11263,2505382.00,
500188,HINDUS.ZI   ,A ,Q,302.00,303.00,295.85,296.30,296.30,299.05,1307,22037,6577554.00,
500189,NXTDIGITAL  ,B ,Q,358.75,371.00,358.75,363.90,365.00,355.25,185,1272,467753.00,
500191,HMT LTD.    ,Z ,Q,24.15,25.80,24.15,25.50,25.50,25.40,17,1356,33512.00,
500192,PRAG BOSIMI ,XT,Q,2.70,2.70,2.50,2.60,2.60,2.60,40,5168,13124.00,
500193,HLVLTD      ,B ,Q,9.50,9.75,9.01,9.09,9.07,9.26,78,24475,232161.00,
500199,I.G.PETRO   ,B ,Q,610.65,618.00,601.30,609.60,602.20,604.00,492,3546,2159778.00,
500201,IND.GLYCOLS ,A ,Q,919.40,934.30,862.20,876.65,881.80,911.20,2131,18407,16344946.00,
500202,IND.LEAS.DEV,X ,Q,6.49,6.81,6.17,6.60,6.60,6.49,18,1927,12698.00,
500206,MARGO FIN   ,X ,Q,26.95,27.00,24.55,26.85,26.85,24.65,5,107,2876.00,
500207,INDO RAMA   ,B ,Q,75.40,75.40,66.70,68.20,68.35,64.95,555,22435,1558112.00,
500209,INFOSYS LTD ,A ,Q,1450.00,1467.00,1437.30,1460.85,1460.85,1423.80,15412,478492,696311497.00,
500210,INGERSOLL   ,A ,Q,1531.00,1555.95,1514.10,1545.15,1540.35,1531.25,269,782,1200767.00,
500211,INSILCO LTD.,X ,Q,6.70,6.80,6.46,6.51,6.59,6.75,58,9790,64509.00,
500213,INTER.TRAVEL,X ,Q,117.90,117.90,106.10,108.65,108.00,110.10,42,1738,188685.00,
500214,ION EXCHANGE,A ,Q,1709.80,1752.00,1679.75,1703.20,1700.00,1660.70,429,1739,2979233.00,
500215,AGRO TECH FO,A ,Q,821.15,854.00,821.15,841.90,854.00,818.55,70,382,318672.00,
500219,JAIN IRRIG  ,A ,Q,36.50,37.40,36.50,37.00,37.00,36.00,1042,203595,7546482.00,
500220,JASCH INDUST,X ,Q,155.85,164.20,155.55,161.25,161.25,155.85,183,9269,1471101.00,
500223,JCT LTD     ,X ,Q,3.08,3.23,3.03,3.13,3.13,3.05,1104,1457905,4537277.00,
500227,JINDAL POLYF,A ,Q,923.15,1088.60,923.15,1088.60,1088.60,907.20,5216,63245,65470645.00,
500228,JSWSL       ,A ,Q,561.80,561.80,539.45,548.65,548.65,551.65,3655,188769,103630811.00,
500231,UMANG DAIR  ,B ,Q,61.00,61.40,60.25,61.20,61.40,59.60,10,119,7227.00,
500233,KAJARIA CER.,A ,Q,1036.90,1061.50,1036.90,1049.85,1052.20,1028.65,912,3492,3669083.00,
500234,KAKATIYA CEM,B ,Q,217.30,217.30,213.55,214.70,214.55,213.50,90,474,102104.00,
500235,KALYANI STEL,A ,Q,299.05,299.60,295.00,295.55,295.55,296.85,96,946,281494.00,
500236,KANELIND    ,XT,Q,2.84,2.84,2.65,2.65,2.65,2.78,68,19826,52699.00,
500238,WHIRLPOOL   ,A ,Q,1525.60,1628.95,1504.00,1621.45,1617.75,1501.55,2302,12591,20073564.00,
500239,KG DENIM    ,X ,Q,43.00,43.00,40.95,42.10,42.25,40.15,76,24260,1022361.00,
500240,KINETIC ENG.,X ,Q,81.75,81.75,79.00,80.65,80.70,78.50,35,853,68317.00,
500241,KIRL.BROS.  ,A ,Q,285.00,285.00,243.00,261.95,264.45,256.55,189,5381,1405995.00,
500243,KIRL INDUS  ,B ,Q,1380.30,1381.20,1341.05,1345.85,1357.00,1387.50,126,545,737066.00,
500245,KIRL.FERROUS,A ,Q,216.80,218.20,212.70,215.15,215.15,218.25,887,22925,4958277.00,
500246,ENVAIN ELECT,XT,Q,28.80,28.80,28.80,28.80,28.80,28.45,1,15,432.00,
500247,KOTAK MAH.BK,A ,Q,1920.00,1950.00,1912.60,1946.25,1946.25,1908.70,6452,77706,150631821.00,
500249,KSB         ,A ,Q,1452.50,1485.05,1426.00,1453.25,1443.00,1450.30,616,2142,3099658.00,
500250,L.G.BALKRISH,A ,Q,561.00,563.10,546.10,552.60,548.45,549.60,367,1927,1074784.00,
500251,TRENT LTD.  ,A ,Q,1059.95,1074.00,1046.60,1068.05,1071.95,1047.65,735,12713,13495109.00,
500252,LAXMIMACH   ,A ,Q,9194.10,9390.00,9009.05,9195.05,9264.95,9125.05,366,446,4082602.00,
500253,LIC HOUS.FIN,A ,Q,379.40,381.70,373.70,377.45,377.45,375.70,3234,217390,81951004.00,
500257,LUPIN LTD.  ,A ,Q,608.00,608.00,596.55,606.15,606.15,600.75,2363,59084,35605819.00,
500259,LYKA LABS   ,B ,Q,122.00,123.15,118.25,121.05,120.65,118.75,306,5046,609072.00,
500260,RAMCOCEM    ,A ,Q,667.00,678.20,662.15,676.55,676.35,666.35,560,8879,5953940.00,
500264,MAFATLAL IND,XT,Q,178.00,185.95,178.00,181.00,181.00,178.00,12,211,37879.00,
500265,MAH.SEAMLESS,A ,Q,540.00,560.45,540.00,553.60,559.50,545.00,818,5094,2812786.00,
500266,MAH.SCOOTER ,A ,Q,3797.70,3815.00,3783.00,3797.05,3807.80,3772.40,121,245,931034.00,
500267,MAJESTIC AUT,X ,Q,126.00,126.00,122.00,125.00,125.00,126.75,41,503,62355.00,
500268,MANALI PETRO,B ,Q,101.50,102.50,96.50,97.05,96.95,100.10,3401,235317,23315652.00,
500271,MFSL        ,A ,Q,765.00,775.60,744.10,749.90,749.90,768.55,1811,19474,14771580.00,
500277,MID INDIA IN,XT,Q,36.10,36.10,36.10,36.10,36.10,38.00,55,2900,104690.00,
500279,MIRC ELECT  ,B ,Q,13.30,14.00,13.00,13.00,13.00,13.65,698,217779,2866907.00,
500280,CENTURY ENKA,B ,Q,469.30,479.95,466.30,471.30,472.70,466.75,434,2971,1401350.00,
500284,LORDS CHLORO,X ,Q,107.55,118.25,107.50,107.50,107.50,113.15,171,23957,2604749.00,
500285,SPICEJET LTD,A ,Q,50.40,50.40,49.00,49.10,49.10,49.45,1605,143031,7090999.00,
500288,MOREPEN LAB.,A ,Q,39.95,40.30,39.20,39.45,39.45,39.20,2603,178008,7073537.00,
500290,MRF LTD.    ,A ,Q,75500.00,75649.95,74300.00,74679.15,74574.55,75051.60,128,167,12537767.00,
500292,HEIDEL CEM  ,A ,Q,183.75,185.50,181.25,184.65,184.65,178.70,484,6392,1172507.00,
500294,NCC         ,A ,Q,62.10,62.75,60.30,60.85,60.85,61.40,2439,255352,15673384.00,
500295,VEDL        ,A ,Q,316.70,319.20,303.45,307.85,307.85,313.00,8698,1056370,327618759.00,
500296,NAHAR SPG.  ,T ,Q,378.00,396.95,367.10,385.00,386.50,380.00,142,5336,2055766.00,
500298,NAT.PEROXIDE,B ,Q,1457.10,1463.65,1431.05,1447.50,1447.50,1430.80,199,1443,2088471.00,
500300,GRASIM IND. ,A ,Q,1402.00,1422.70,1379.55,1396.35,1396.35,1392.40,4512,547822,763964577.00,
500302,PEL         ,A ,Q,1855.90,1855.90,1632.25,1644.90,1644.90,1855.90,12784,178907,299763161.00,
500304,NIIT LTD.   ,A ,Q,415.00,443.65,414.95,423.65,422.90,405.40,4799,70316,30248300.00,
500306,JAYKAY      ,X ,Q,62.80,62.80,60.60,61.35,61.35,62.00,122,21708,1342866.00,
500307,NIRLON      ,B ,Q,377.60,393.40,376.90,388.90,390.00,377.55,93,6137,2375334.00,
500312,ONGC CORPN  ,A ,Q,155.40,155.40,141.05,143.75,143.75,151.85,14714,1612625,233541852.00,
500313,OIL COUNTRY ,T ,Q,8.10,8.10,7.70,7.80,7.80,8.10,17,1633,13191.00,
500314,ORIENT HOTEL,B ,Q,54.40,54.40,51.90,52.10,52.65,52.80,563,15071,799409.00,
500317,OSWAL AGRO. ,B ,Q,31.80,32.55,30.95,31.15,31.15,31.70,302,23770,752487.00,
500319,INDIAN SUCRO,X ,Q,59.20,63.95,58.50,59.95,59.50,59.10,162,18120,1099813.00,
500325,RELIANCE    ,A ,Q,2596.95,2605.55,2539.35,2575.20,2575.20,2587.45,16761,199303,512784426.00,
500327,PILITA      ,B ,Q,8.99,8.99,8.49,8.56,8.53,8.62,204,41839,362196.00,
500330,RAYMOND     ,A ,Q,895.00,958.00,895.00,926.20,925.50,888.45,3870,45766,42853287.00,
500331,PIDILITE    ,A ,Q,2152.00,2166.85,2139.75,2164.30,2164.30,2132.70,1049,6310,13602342.00,
500333,PIX TRANS   ,B ,Q,786.70,799.00,777.05,791.40,795.00,774.50,418,1947,1532519.00,
500335,BIRLA CORPN.,A ,Q,1004.10,1019.80,986.00,993.25,1010.10,1001.65,1257,7005,6970849.00,
500336,SURYA ROSHNI,A ,Q,395.00,408.00,391.35,393.55,391.50,390.90,1021,10074,4013037.00,
500337,PRIME SECUR.,B ,Q,97.00,103.70,95.90,99.50,99.50,96.65,179,102977,10250435.00,
500338,PRSMJOHNSN  ,A ,Q,110.00,110.50,107.00,107.45,107.60,108.60,497,8567,925180.00,
500339,RAIN        ,A ,Q,150.55,154.40,150.40,152.90,152.90,149.35,1176,375008,56782019.00,
500343,AMJLAND     ,B ,Q,26.65,27.05,26.65,26.85,26.85,25.10,19,94,2528.00,
500346,PUN.COMMUNI.,B ,Q,36.95,36.95,34.50,35.50,36.40,35.05,15,597,21306.00,
500350,RSWM  LTD   ,B ,Q,409.90,416.25,381.25,389.70,389.70,402.90,2175,18314,7231210.00,
500354,RAJSH.SUGAR ,B ,Q,36.65,37.80,36.50,37.20,37.45,36.10,117,5806,215087.00,
500355,RALLIS INDIA,A ,Q,200.50,201.55,198.25,199.95,199.95,196.05,489,9566,1909143.00,
500356,RAMANEWS    ,B ,Q,16.85,17.20,16.55,16.90,16.90,16.45,149,3201,54029.00,
500357,RAMA PAPER  ,X ,Q,20.05,21.75,19.85,21.00,20.45,20.85,38,6154,129586.00,
500360,RAPICUT CARB,XT,Q,63.25,63.25,57.95,58.10,61.90,61.00,24,1390,81507.00,
500365,WELSPLSOL   ,X ,Q,16.20,16.60,15.30,15.80,15.90,16.30,310,71694,1156349.00,
500366,ROLTA (I)   ,B ,Q,4.89,4.89,4.74,4.77,4.77,4.77,127,78963,375877.00,
500367,RUBFILA INT.,X ,Q,82.15,82.80,79.00,79.90,80.00,80.00,285,18230,1466059.00,
500368,RUCHI SOYA  ,T ,Q,1105.00,1139.00,1090.00,1120.15,1120.15,1094.45,4511,89708,100076435.00,
500370,SALORA INT. ,X ,Q,41.80,41.80,41.70,41.70,41.70,42.00,2,100,4170.00,
500378,JINDAL SAW  ,A ,Q,85.95,86.75,83.65,84.05,84.35,85.25,1200,43292,3682582.00,
500380,JK LAKSHMI  ,A ,Q,460.90,468.45,446.40,449.70,446.40,460.90,555,5752,2623071.00,
500387,SHREE CEMENT,A ,Q,21844.00,21973.85,21660.50,21932.95,21973.85,21685.60,227,354,7725887.00,
500388,SHREE KRISHN,XT,Q,23.65,23.65,23.65,23.65,23.65,24.10,1,1,23.00,
500390,REL INFRA   ,B ,Q,101.70,102.35,99.30,99.90,99.60,100.20,2130,159490,16029054.00,
500400,TATA POWER  ,A ,Q,225.70,226.90,222.80,224.70,224.70,221.40,9505,914876,205335438.00,
500402,SPMLINFRA   ,B ,Q,35.55,37.90,35.55,37.90,37.90,36.10,48,2556,96396.00,
500403,SUNDARAM FAS,A ,Q,731.80,742.75,726.75,730.95,727.60,732.55,228,777,569036.00,
500404,SUNFLAG IRON,A ,Q,100.00,100.00,93.30,94.80,93.75,96.70,901,26307,2516661.00,
500405,SUPREME PET ,T ,Q,716.90,792.00,716.90,749.00,741.00,754.60,339,16171,11826001.00,
500407,SWARAJ ENGIN,A ,Q,1551.25,1579.00,1550.95,1577.20,1579.00,1554.25,69,148,231278.00,
500408,TATA ELXSI  ,A ,Q,8450.00,8463.90,8301.65,8333.05,8333.05,8255.70,4195,15605,130625485.00,
500410,ACC LTD     ,A ,Q,2228.00,2228.00,2191.55,2198.65,2192.05,2207.35,569,4120,9076965.00,
500411,THERMAX     ,A ,Q,1965.05,2009.85,1962.20,1997.70,1997.70,1970.25,857,2337,4661944.00,
500412,THIRUMALAI  ,A ,Q,239.90,246.00,236.90,238.45,238.45,236.30,2520,75053,18058959.00,
500413,THOMAS COOK ,A ,Q,59.00,60.00,58.20,58.75,58.95,58.05,1228,83597,4923924.00,
500414,TIMEX GROUP ,X ,Q,66.60,66.95,63.85,64.75,64.75,65.30,167,30474,1977208.00,
500418,TOKYO PLAST ,B ,Q,84.20,84.30,81.80,83.10,83.10,82.10,13,320,26605.00,
500420,TORRENT PHAR,A ,Q,2927.00,2952.70,2879.10,2939.85,2939.85,2900.90,1764,8846,25808552.00,
500422,TRANSCHEM   ,X ,Q,20.45,22.25,19.50,20.10,20.10,19.95,23,1572,32290.00,
500425,AMBUJA CEME ,A ,Q,365.25,367.25,363.85,366.50,366.50,365.15,1786,72697,26587634.00,
500426,UTLINDS     ,X ,Q,4.08,4.25,3.90,4.08,4.17,4.08,166,30224,122947.00,
500429,UNIPHOS ENT.,B ,Q,126.85,128.85,126.85,128.00,127.00,126.75,9,119,15257.00,
500439,VARD HOLDNG ,B ,Q,2749.50,2787.80,2749.50,2780.05,2785.00,2701.80,31,99,273801.00,
500440,HINDALCO    ,A ,Q,422.80,426.85,406.10,409.15,409.15,407.75,9491,568172,235164941.00,
500444,WEST COAS PA,A ,Q,359.00,364.00,332.00,336.35,336.35,333.70,3069,81041,28050276.00,
500449,HIND.ORG.CHM,B ,Q,31.40,31.95,29.25,31.15,31.15,27.75,865,281567,8679293.00,
500456,PAS.ACRYLON ,B ,Q,35.95,35.95,33.80,34.20,34.20,34.95,211,15235,523190.00,
500458,KORE        ,XT,Q,3.27,3.27,3.27,3.27,3.27,3.12,5,596,1948.00,
500459,PROCTER &GAM,A ,Q,12851.00,13450.45,12851.00,13397.95,13286.00,13065.40,209,296,3934766.00,
500460,MUKAND LTD. ,B ,Q,121.00,121.00,115.00,115.80,115.00,119.75,151,4119,480427.00,
500463,BBOX        ,A ,Q,163.75,168.00,161.00,164.15,165.50,160.30,203,2991,491990.00,
500464,UCAL FUEL   ,B ,Q,112.50,116.00,112.05,115.50,116.00,110.75,156,1992,226892.00,
500467,HARR.MALAYAL,B ,Q,156.40,158.70,152.75,154.70,155.65,154.15,605,5460,850821.00,
500469,FEDERAL BANK,A ,Q,86.25,87.45,85.50,86.85,87.15,84.95,2335,460421,39956517.00,
500470,TATA STEEL  ,A ,Q,1063.80,1068.80,1032.05,1043.35,1043.35,1051.85,10131,345807,362340397.00,
500472,SKF INDIA   ,A ,Q,3294.90,3311.20,3251.85,3274.75,3274.40,3283.95,235,582,1904936.00,
500477,ASHOK LEYL. ,A ,Q,139.40,141.45,137.05,140.25,140.25,137.40,9124,1061996,147910928.00,
500480,CUMMINS (I) ,A ,Q,1012.00,1025.10,966.85,1014.75,1014.65,1029.15,3633,43970,44129619.00,
500483,TATA COMM   ,A ,Q,965.00,988.50,951.60,979.75,979.75,943.45,1417,19724,19051279.00,
500488,ABBOTT (I)  ,A ,Q,17879.95,17974.55,17533.65,17950.15,17950.15,17698.85,178,230,4078052.00,
500490,BAJ HOLD INV,A ,Q,4937.00,5061.55,4930.85,5008.85,5009.00,4905.05,562,1130,5652886.00,
500493,BHARAT FORGE,A ,Q,675.95,680.35,668.85,673.15,673.15,668.65,1474,16464,11101559.00,
500495,ESCORTS LTD.,A ,Q,1625.00,1635.00,1612.80,1626.45,1624.10,1609.05,566,6141,9978665.00,
500500,HIND.MOTORS ,B ,Q,13.57,14.31,13.00,14.31,14.31,13.01,1983,1411167,19498149.00,
500510,LARSEN & TOU,A ,Q,1572.00,1606.00,1572.00,1600.40,1603.50,1565.05,4840,49799,79109634.00,
500520,MAH & MAH   ,A ,Q,945.60,957.95,922.65,953.20,953.20,928.45,5352,132467,124386121.00,
500530,BOSCH LTD   ,A ,Q,14162.00,14281.00,14012.10,14185.85,14174.40,13853.95,328,547,7752969.00,
500540,PREMIER LTD ,T ,Q,4.44,4.49,4.16,4.49,4.49,4.32,13,7657,32430.00,
500547,BHARAT PET. ,A ,Q,326.00,328.85,318.30,322.35,322.35,324.25,3360,194033,62799600.00,
500550,SIEMENS LTD.,A ,Q,2365.00,2387.90,2343.60,2371.80,2371.80,2340.20,723,3861,9141742.00,
500570,TATA MOTORS ,A ,Q,424.00,433.00,424.00,429.60,429.60,420.70,32826,1738708,745941230.00,
500575,VOLTAS LTD  ,A ,Q,1007.55,1023.50,993.70,1008.70,1010.45,996.65,2556,41725,42017102.00,
500620,GREAT EASTE ,A ,Q,408.00,423.00,402.25,406.40,406.40,405.10,1405,18561,7717930.00,
500645,DEEPAK FERT.,A ,Q,644.00,656.25,627.65,638.60,638.60,625.25,2895,42489,27250845.00,
500650,EXCEL INDUST,B ,Q,1242.50,1330.30,1240.95,1305.05,1305.05,1217.85,905,2696,3484544.00,
500655,GRWRHITECH  ,A ,Q,685.40,696.00,675.05,682.10,683.40,673.85,260,1954,1334916.00,
500660,GLAXOSMITH  ,A ,Q,1528.40,1528.40,1510.75,1519.30,1515.00,1513.25,502,2001,3041250.00,
500670,GUJ.NARMADA ,A ,Q,607.50,630.85,605.65,626.45,626.45,599.85,4764,185859,115349306.00,
500672,NOVARTIS    ,B ,Q,579.75,592.90,574.65,590.80,592.90,578.40,76,479,279233.00,
500674,SANOFI      ,A ,Q,6575.00,6585.55,6468.05,6518.45,6506.90,6534.80,252,405,2647338.00,
500680,PFIZER LTD. ,A ,Q,4268.50,4287.35,4222.05,4269.00,4256.85,4247.95,204,301,1279183.00,
500690,GUJ.ST.FERT ,A ,Q,157.00,159.90,153.25,154.30,154.30,152.70,3409,161261,25187137.00,
500696,HIND UNI LT ,A ,Q,2298.00,2334.75,2281.35,2330.30,2330.30,2281.35,8469,105066,243252483.00,
500710,AKZOINDIA   ,A ,Q,1747.70,1783.15,1714.95,1741.20,1721.00,1732.10,196,760,1320351.00,
500730,NOCIL LTD   ,A ,Q,243.10,245.40,238.50,240.35,240.35,239.15,2376,69201,16734682.00,
500770,TATA CHEM.  ,A ,Q,943.20,959.90,926.15,934.05,935.00,931.50,1827,49516,46429538.00,
500777,T.P.L.      ,A ,Q,96.05,96.30,91.45,91.80,92.75,95.40,1232,43149,4023826.00,
500780,ZUARIGLOB   ,B ,Q,149.95,152.70,147.60,149.30,149.95,147.10,681,7198,1081493.00,
500790,NESTLE (I)  ,A ,Q,17850.00,17850.00,17500.00,17633.60,17657.05,17687.40,757,1296,22845248.00,
500800,TATACONSUM  ,A ,Q,729.00,731.35,723.00,725.85,725.85,722.30,2504,49819,36198766.00,
500820,ASIAN PAINTS,A ,Q,2883.30,2883.30,2781.85,2835.05,2835.05,2844.45,15780,102430,288405569.00,
500825,BRITANIA IND,A ,Q,3566.30,3584.35,3510.75,3553.80,3553.00,3564.40,1631,11222,39744804.00,
500830,COLGATE PALM,A ,Q,1605.00,1625.65,1586.15,1592.50,1589.35,1610.40,1834,17179,27541153.00,
500840,EIH LTD.    ,A ,Q,131.80,133.45,125.00,127.55,127.20,130.20,1422,32150,4118875.00,
500850,INDIAN HOTEL,A ,Q,226.50,227.00,222.80,224.95,224.95,220.65,3257,175109,39382690.00,
500870,CASTROL     ,A ,Q,108.00,109.65,106.05,107.60,107.50,105.65,1599,67244,7245476.00,
500875,ITC LTD.    ,A ,Q,270.00,270.70,265.15,269.15,269.15,266.85,9148,523295,140251307.00,
500877,APOLLO TYRES,A ,Q,216.00,217.50,212.40,214.95,214.95,213.65,2258,127501,27417895.00,
500878,CEAT LIMITED,A ,Q,1018.10,1027.25,1006.00,1011.55,1011.00,1007.65,715,3264,3319806.00,
500890,MODI RUBBER ,T ,Q,63.00,63.00,63.00,63.00,63.00,61.50,2,11,693.00,
500940,FINOLEX IND.,A ,Q,142.45,145.00,141.60,144.35,145.00,139.25,905,37607,5393455.00,
501148,DALAL ST INV,XT,Q,260.00,260.00,255.00,255.00,255.00,260.00,3,15,3875.00,
501150,CENTRUM CAP ,A ,Q,22.95,23.50,22.90,23.05,23.10,22.70,90,6467,150159.00,
501242,TCI FINANCE ,T ,Q,5.15,5.34,5.15,5.34,5.34,5.15,6,641,3406.00,
501298,INDUS.&PRUD.,X ,Q,1490.00,1490.00,1488.00,1488.00,1488.00,1415.00,2,2,2978.00,
501301,TATA INVEST.,A ,Q,1498.00,1512.00,1491.45,1500.90,1500.90,1482.15,688,3682,5530103.00,
501311,JAYBH.CREDIT,X ,Q,8.00,8.00,8.00,8.00,8.00,8.00,4,1100,8800.00,
501314,PRISMX      ,X ,Q,4.82,4.90,4.05,4.43,4.43,4.83,1053,328251,1482860.00,
501343,MOTOR&GEN.FI,B ,Q,32.00,32.00,30.00,31.20,31.20,31.70,16,947,28999.00,
501370,WALCHAND PF ,X ,Q,137.30,138.00,137.20,137.50,137.40,137.00,18,506,69570.00,
501423,SHA ENG PLA ,B ,Q,1809.15,1853.95,1663.95,1829.25,1853.95,1781.00,156,519,925454.00,
501425,BOM.BURMAH  ,A ,Q,963.20,975.00,954.55,965.15,965.00,951.75,949,5941,5734295.00,
501430,BOM.CYCLE   ,X ,Q,565.70,616.45,565.55,599.85,599.85,600.00,37,134,77845.00,
501455,GREAVES COTT,A ,Q,151.35,152.20,148.90,150.80,150.95,148.55,1146,45831,6906269.00,
501477,MULLER & PHI,XT,Q,120.45,120.45,114.45,114.45,114.45,120.45,5,206,23847.00,
501622,AMALGAMATED ,XT,Q,54.70,54.70,54.70,54.70,54.70,52.10,7,121,6618.00,
501700,INDIA NIVEH ,X ,Q,62.00,64.50,59.50,60.05,60.05,61.95,173,35327,2146802.00,
501831,COAST CORP  ,B ,Q,283.95,302.65,283.95,295.40,302.65,276.85,459,4319,1257428.00,
501833,CHOWGULE ST ,XT,Q,10.86,11.40,10.33,11.39,11.39,10.86,34,3608,40311.00,
501848,GLOBAL OFFS ,X ,Q,42.00,42.50,39.70,39.90,40.20,40.25,53,6268,252555.00,
502015,ASIIL       ,XT,Q,13.60,13.80,13.50,13.75,13.75,13.50,32,10256,140385.00,
502090,SAGAR CEM.  ,B ,Q,211.30,212.70,207.55,209.70,207.55,210.10,69,720,151986.00,
502137,DECAN CEMENT,B ,Q,453.00,471.85,453.00,470.75,469.30,463.70,64,330,153820.00,
502157,MANGALAM CEM,A ,Q,317.00,319.15,307.70,313.20,312.75,312.20,292,1548,484267.00,
502168,N C L IND.  ,A ,Q,160.05,163.80,159.85,160.55,160.80,159.50,526,8646,1392458.00,
502175,SAURAS.CEM. ,X ,Q,56.90,58.90,56.90,58.25,58.35,56.90,112,7673,443671.00,
502180,SRI DIGV CEM,B ,Q,61.40,62.85,60.20,60.90,60.90,60.50,1303,30388,1852975.00,
502219,BORORENEW   ,A ,Q,602.00,614.00,602.00,606.55,608.65,589.60,1394,18799,11426179.00,
502271,RAASI REFRAC,X ,Q,13.05,13.05,13.05,13.05,13.05,13.70,3,112,1461.00,
502281,TRIVENI GLAS,XT,Q,21.70,21.95,20.65,21.65,21.95,20.95,107,6386,137058.00,
502294,NILACHAL REF,X ,Q,33.25,33.80,31.60,33.30,33.30,34.70,26,2075,67352.00,
502330,ANDPAPER    ,B ,Q,334.70,335.00,320.50,324.75,324.75,316.60,581,3583,1171217.00,
502355,BALKRISH IND,A ,Q,2224.00,2271.90,2200.00,2231.90,2235.50,2196.85,1776,11415,25571331.00,
502420,ORIENT PAPER,B ,Q,26.95,27.40,26.50,27.20,27.20,26.25,1011,161962,4395881.00,
502445,CITADEL     ,X ,Q,15.50,15.50,14.25,15.20,15.20,14.00,18,2477,36570.00,
502448,ROLLATAINER ,B ,Q,1.67,1.70,1.63,1.70,1.70,1.67,102,157193,261782.00,
502450,SESHA.PAPER ,B ,Q,189.10,192.80,183.65,185.45,187.70,188.65,461,4389,820005.00,
502563,SH.BHAWANI  ,Z ,Q,3.60,3.60,3.60,3.60,3.60,3.60,4,122,439.00,
502587,NATHIND     ,X ,Q,80.95,80.95,75.95,76.85,76.90,76.35,24,728,56071.00,
502820,DCM LTD.    ,B ,Q,74.05,74.45,72.50,73.50,72.70,71.75,61,473,34674.00,
502865,FORBES & CO ,B ,Q,379.60,391.00,361.40,376.80,390.00,366.20,76,1064,396975.00,
502873,H.P.COTTON  ,X ,Q,130.00,136.95,129.05,130.95,129.90,129.90,53,2182,289792.00,
502933,KATARE SPG. ,X ,Q,335.00,343.65,318.70,328.25,337.35,330.20,36,666,220412.00,
502937,KESORAM IND ,A ,Q,53.10,53.40,52.30,52.85,52.85,52.20,536,18914,999567.00,
502958,LAKSHMI MILL,X ,Q,3699.00,3699.00,3488.05,3610.00,3610.00,3550.00,14,46,164944.00,
502986,VARDH TEXT  ,A ,Q,293.90,304.65,280.60,284.90,284.90,283.05,3625,77822,22911040.00,
503031,PENLAND LTD ,T ,Q,10.22,10.81,9.85,10.69,10.69,10.30,34,11885,126251.00,
503100,PHOENIX MILL,A ,Q,1114.05,1177.00,1110.25,1121.65,1113.60,1098.05,2025,10787,12388788.00,
503101,MARATHON NEX,B ,Q,142.50,156.85,142.50,152.50,150.00,142.65,583,11462,1735839.00,
503127,RAJA BAHADUR,XT,Q,3900.00,4160.00,3812.00,3856.05,3812.00,3980.00,8,19,74884.00,
503162,REL.CHEMOTX ,B ,Q,232.55,245.05,229.00,235.10,235.10,227.60,337,8521,2018355.00,
503169,RUBY MILLS  ,B ,Q,370.00,377.55,367.60,369.95,371.00,366.65,304,2400,891301.00,
503229,SIMPLEX REAL,X ,Q,92.00,98.00,92.00,92.00,92.00,84.25,15,236,22518.00,
503310,SWAN ENG    ,A ,Q,285.70,291.00,275.40,285.95,286.10,283.75,1509,16561,4702069.00,
503349,VICTORIA MIL,X ,Q,2200.00,2266.00,2200.00,2233.00,2200.00,2292.95,4,4,8866.00,
503624,SVARAJ TRAD ,X ,Q,8.65,9.39,8.57,8.91,9.00,8.99,28,2444,21906.00,
503641,ZODIAC VEN  ,X ,Q,24.95,25.00,24.30,24.95,25.00,24.00,61,5674,140735.00,
503657,VEER ENERGY ,X ,Q,11.77,11.77,10.80,11.59,11.70,11.23,37,1952,22094.00,
503663,TILAK       ,X ,Q,9.80,10.15,9.76,10.07,10.10,9.79,610,103302,1031040.00,
503675,WAGEND      ,X ,Q,1.14,1.14,1.04,1.09,1.14,1.09,171,119011,128996.00,
503722,BANSW.SYNTEX,B ,Q,210.70,211.00,204.35,206.90,209.05,202.10,74,812,169071.00,
503772,MODELLA WOOL,X ,Q,98.90,98.90,83.05,94.00,94.00,90.60,12,64,6033.00,
503776,MODIPON     ,XT,Q,35.40,39.00,35.30,38.75,38.75,37.15,46,3935,142398.00,
503804,SHRI DINESH ,X ,Q,715.00,715.00,691.50,692.00,692.00,701.00,5,50,34817.00,
503806,SRF LIMITED ,A ,Q,2300.00,2374.00,2294.20,2363.15,2364.00,2273.45,3183,30895,72734536.00,
503811,SIYARAM SILK,B ,Q,514.80,514.85,495.55,498.40,497.75,492.80,1094,10438,5218550.00,
503816,SWAD.POLYTEX,XT,Q,8.23,8.23,8.23,8.23,8.23,7.84,4,191,1571.00,
503960,BHARAT BIJLE,B ,Q,1435.00,1461.55,1406.00,1415.85,1406.00,1406.50,220,330,472402.00,
504000,ELPRO INTER ,B ,Q,58.15,60.30,58.00,60.00,60.25,57.65,41,6201,368901.00,
504028,GEE LTD     ,X ,Q,62.95,63.70,60.25,61.70,62.00,60.60,52,7655,472320.00,
504036,HIND.RECT   ,B ,Q,188.80,192.25,185.55,185.95,185.65,181.30,69,1015,191561.00,
504058,NIPPOBATRY  ,B ,Q,377.75,388.90,349.20,350.65,352.95,370.00,260,1376,499984.00,
504067,ZENSAR TECH.,A ,Q,287.45,294.80,282.00,293.40,293.40,282.55,3011,90436,26117884.00,
504076,JYOTI LTD.  ,X ,Q,8.91,8.91,8.13,8.32,8.24,8.50,33,10916,90967.00,
504092,INDOKEM LTD.,X ,Q,50.00,57.05,50.00,53.05,52.30,52.50,231,69267,3729276.00,
504093,PANA ENERG  ,X ,Q,265.95,265.95,249.05,249.95,250.00,257.05,349,10551,2675697.00,
504112,NELCO LTD.  ,A ,Q,579.00,579.00,561.35,567.15,563.15,557.00,480,2003,1139287.00,
504132,PERM MAGNETS,X ,Q,285.15,299.00,280.00,285.05,285.05,282.55,287,18050,5214757.00,
504176,HIGH ENERGY ,X ,Q,1369.95,1389.00,1350.00,1364.75,1365.00,1330.95,129,1924,2631811.00,
504180,STD.BATTERY ,X ,Q,29.00,30.85,28.90,30.85,30.85,28.05,63,3985,121764.00,
504212,UNIV.CABLE  ,B ,Q,144.90,147.65,143.35,146.15,145.40,142.75,72,1454,211741.00,
504240,DELTON CABLE,X ,Q,42.70,43.80,40.60,41.90,41.90,42.70,26,2046,84626.00,
504258,LAKSHMI ELEC,X ,Q,658.00,660.00,630.05,646.65,648.00,634.25,183,4183,2727098.00,
504273,MODULEX     ,X ,Q,12.28,12.50,11.66,11.71,11.71,11.56,33,5228,64241.00,
504286,DELTAMAGNT  ,B ,Q,81.10,84.95,81.10,84.75,84.80,81.10,22,1289,109079.00,
504340,CONFINT     ,X ,Q,5.92,5.92,5.70,5.92,5.92,5.81,16,13880,81618.00,
504341,RELTD       ,X ,Q,52.60,52.60,49.00,50.80,50.80,51.55,45,1326,66021.00,
504356,MULTI-PURPOS,XT,Q,11.81,11.81,11.22,11.22,11.22,11.81,2,28,330.00,
504378,NYSSACORP   ,X ,Q,5.85,6.00,5.50,5.95,5.99,5.80,156,30152,177104.00,
504380,FLOMIC      ,X ,Q,107.80,107.80,101.35,105.05,105.60,102.95,91,1985,207742.00,
504392,KRISHNA VEN ,X ,Q,34.95,36.65,34.95,36.65,36.65,34.95,7,757,27400.00,
504397,GANESH HOLDI,XT,Q,32.55,32.55,30.40,32.50,32.50,31.90,18,453,14706.00,
504398,SJ CORP LTD ,XT,Q,31.65,31.65,31.65,31.65,31.65,31.65,2,200,6330.00,
504605,UNI ABEX    ,X ,Q,563.00,588.85,560.30,574.20,582.00,564.90,23,185,105618.00,
504614,SARDA ENMIN ,B ,Q,912.55,915.00,872.45,883.70,883.70,895.45,1898,14349,12777765.00,
504646,BHAGWATI AUT,X ,Q,141.60,164.80,141.60,164.80,164.80,167.60,2,31,5085.00,
504648,BOM.WIRE ROP,X ,Q,49.50,49.50,49.50,49.50,49.50,49.50,4,50,2475.00,
504697,GALADA TELE.,Z ,Q,1.88,1.88,1.79,1.88,1.88,1.88,11,859,1595.00,
504731,I BRIGHT ST ,XT,Q,14.50,14.50,14.50,14.50,14.50,14.50,2,18,261.00,
504741,IND.HUME PIP,B ,Q,158.05,159.05,155.55,157.20,158.25,154.15,108,4456,701275.00,
504786,INVEST &PREC,X ,Q,270.00,270.00,256.30,259.05,259.95,262.85,30,353,91803.00,
504810,INFORMEDTEC ,X ,Q,54.15,54.15,44.50,50.40,52.35,49.25,19,431,22298.00,
504840,KAIRA CAN CO,X ,Q,1949.75,1949.75,1908.00,1908.00,1908.00,1939.80,2,2,3857.00,
504879,ORIENT ABRAS,B ,Q,29.10,29.30,28.80,29.00,29.05,28.80,275,11496,334290.00,
504882,NATIONAL STD,T ,Q,8605.90,8605.90,8360.05,8605.90,8605.90,8196.10,269,668,5724987.00,
504908,DUNCANENG   ,X ,Q,235.10,245.00,235.10,240.05,240.05,235.10,22,523,124957.00,
504918,SANDUMA     ,B ,Q,3270.00,3283.05,3150.00,3170.50,3170.50,3214.60,1478,10048,32159740.00,
504959,STOVAC IND. ,X ,Q,2500.00,2500.00,2375.05,2432.20,2425.00,2385.25,39,593,1438897.00,
504966,TINPLATE    ,A ,Q,327.95,329.95,318.95,323.35,321.10,319.10,1462,45100,14695689.00,
504973,CHOLAHLDNG  ,A ,Q,631.00,633.65,620.15,621.35,620.20,627.35,122,914,571801.00,
505010,AUTO AXLES  ,B ,Q,1502.00,1570.25,1485.00,1506.75,1500.20,1568.65,668,1925,2944714.00,
505036,AUTO COR.GOA,X ,Q,814.95,815.00,784.00,788.20,785.00,790.70,45,463,366439.00,
505075,SETCO AUTO  ,B ,Q,14.85,14.85,14.20,14.70,14.70,14.75,68,9714,139513.00,
505141,SCOOTERS IND,T ,Q,29.00,29.80,28.50,28.80,28.80,28.50,20,797,23533.00,
505160,TALBROS AUTO,B ,Q,410.00,420.00,409.20,414.70,415.60,406.05,542,3297,1368141.00,
505163,ZF STEERING ,X ,Q,434.00,446.35,430.35,442.60,442.60,431.50,66,5932,2607654.00,
505192,SMLISUZU    ,B ,Q,580.00,592.00,580.00,582.00,582.00,577.55,51,251,146608.00,
505196,TIL LTD.    ,B ,Q,105.50,107.00,102.50,107.00,107.00,104.10,27,284,29805.00,
505200,EICHER MOTOR,A ,Q,2740.00,2763.95,2730.85,2742.25,2742.40,2726.60,2030,13841,38022830.00,
505212,JAINEX      ,XT,Q,76.00,79.80,76.00,79.80,79.80,76.00,2,3,231.00,
505216,ALFRED HERB ,X ,Q,685.00,685.00,685.00,685.00,685.00,650.60,1,1,685.00,
505232,VELJAN      ,X ,Q,1118.50,1118.50,1063.00,1072.35,1066.05,1062.05,18,79,84352.00,
505242,DYNAMAT.TECH,B ,Q,1827.55,1850.95,1770.55,1797.10,1814.55,1774.15,171,236,425645.00,
505250,G.G.DANDEKAR,X ,Q,62.90,62.95,62.00,62.90,62.90,62.70,4,113,7109.00,
505255,GMM PFAUDLER,A ,Q,4421.55,4443.60,4175.00,4204.45,4217.00,4367.40,912,2344,10033147.00,
505283,KIRLOSAR PN ,A ,Q,407.45,415.05,401.40,413.30,413.10,405.50,154,6449,2650407.00,
505299,KPT         ,X ,Q,133.80,133.80,120.00,129.25,129.25,121.40,73,3556,449789.00,
505302,LAXMI AUTOLM,X ,Q,690.00,693.00,577.70,638.00,638.00,589.50,26,175,107980.00,
505324,MANUGRAPH IN,B ,Q,12.90,13.50,12.90,13.20,13.30,13.00,25,1511,19746.00,
505355,NESCO LTD   ,A ,Q,540.65,543.90,513.20,528.35,528.35,537.85,972,4888,2567432.00,
505358,INTEGRA ENG ,XT,Q,80.00,80.00,75.10,75.45,75.30,77.20,61,6349,481137.00,
505368,REVATHI EQU.,B ,Q,650.00,674.40,645.00,662.60,661.00,639.00,33,147,97304.00,
505400,TEXINFRA    ,B ,Q,64.75,65.45,62.50,64.35,64.85,63.40,634,91907,5792648.00,
505412,WENDT(INDIA),B ,Q,6008.05,6170.35,6008.05,6109.00,6044.00,6160.00,31,105,641879.00,
505509,RESPON IND  ,A ,Q,131.00,138.15,129.90,137.60,138.15,132.05,2042,25714,3465534.00,
505515,SHYAMKAM INV,X ,Q,6.60,7.00,6.50,6.95,6.95,6.70,39,5031,34737.00,
505523,MAHA CORP   ,X ,Q,1.49,1.49,1.34,1.41,1.40,1.36,642,611787,867399.00,
505526,DOLATALGO   ,B ,Q,77.65,77.65,74.40,75.90,75.90,74.80,689,11885,897997.00,
505533,WESTLIFE DEV,A ,Q,462.90,464.45,446.00,449.40,449.40,458.60,448,1522,693314.00,
505537,ZEE ENTER   ,A ,Q,229.00,238.90,228.35,237.35,237.50,229.75,4594,827308,194839671.00,
505576,GOLDCORP    ,X ,Q,192.00,192.80,186.55,190.15,190.50,175.30,22,1060,204108.00,
505590,SVPGLOB     ,B ,Q,41.30,41.55,39.75,40.70,40.50,40.90,433,22643,917246.00,
505650,SKYL MILLAR ,XT,Q,12.15,12.36,11.28,12.25,12.25,11.87,46,10296,119240.00,
505681,BIMETAL BEAR,X ,Q,303.05,333.45,303.05,326.70,330.00,308.45,45,488,157339.00,
505688,BHARAT GEARS,B ,Q,134.75,140.00,134.75,139.70,139.10,133.20,134,1670,229183.00,
505690,BRADY MORRIS,X ,Q,100.45,109.80,100.00,109.80,109.80,109.95,5,801,80274.00,
505693,LATIMMETAL  ,XT,Q,16.85,16.85,16.85,16.85,16.85,17.70,651,100296,1689987.00,
505700,ELECON ENG  ,A ,Q,194.15,195.30,189.15,192.15,190.20,191.00,1788,49815,9567785.00,
505710,GRAUER& WEIL,B ,Q,71.10,74.45,70.85,73.60,73.60,70.30,2151,153650,11165677.00,
505712,HIMTEK      ,X ,Q,89.05,94.55,89.05,94.00,94.55,86.55,17,712,66303.00,
505714,GABRIEL(I)  ,A ,Q,114.40,119.80,112.05,119.25,119.25,113.25,2236,75513,8835035.00,
505720,HERC.HOISTS ,B ,Q,131.90,136.40,130.35,132.25,131.65,131.85,174,2832,375455.00,
505725,AQFINTECH   ,X ,Q,391.35,393.00,384.00,389.60,389.00,379.95,57,3203,1240189.00,
505726,IFB IND.LTD.,A ,Q,882.00,889.00,861.00,867.05,866.30,870.50,335,1179,1030781.00,
505729,SINGER INDIA,X ,Q,43.90,44.90,42.80,44.15,44.15,42.40,257,35290,1543378.00,
505737,INTER.COMBUS,X ,Q,306.00,307.60,275.20,282.55,284.90,293.80,48,4733,1349331.00,
505744,FED MOG GOE ,B ,Q,272.45,274.00,271.05,271.45,272.00,271.05,102,1090,296411.00,
505750,JOSTS ENG.  ,X ,Q,390.15,427.30,390.15,427.30,427.30,396.30,6,118,49936.00,
505790,SCHAEFFLER  ,A ,Q,2169.95,2173.55,2124.05,2144.90,2141.30,2112.40,809,1889,4062808.00,
505800,RANE HOLDIN ,B ,Q,599.90,611.65,597.40,609.70,610.40,595.25,68,723,434152.00,
505827,SNL BEARINGS,X ,Q,266.60,278.00,266.50,269.55,269.95,270.70,41,2013,540272.00,
505840,JAIPAN INDUS,XT,Q,13.75,13.80,13.75,13.80,13.80,14.45,3,150,2067.00,
505850,MANCREDIT   ,XT,Q,117.35,118.10,115.50,115.50,115.50,116.05,46,53041,6179348.00,
505854,TRF LTD.    ,B ,Q,145.00,145.00,136.60,138.05,138.50,140.95,69,1076,149969.00,
505872,WPIL LTD.   ,X ,Q,1020.00,1138.00,1020.00,1092.20,1085.10,1010.20,873,17383,18923328.00,
505890,KENNAMETAL  ,A ,Q,1772.60,1828.70,1766.85,1793.50,1780.00,1747.45,230,379,682755.00,
505893,HINDHARD    ,X ,Q,211.20,225.00,203.00,207.15,206.50,219.90,48,795,166966.00,
505978,TRITON VALVE,X ,Q,1240.00,1240.00,1147.45,1170.15,1170.15,1193.25,120,877,1029337.00,
506003,SUDAL INDUS ,XT,Q,7.10,7.10,7.03,7.03,7.03,6.77,8,276,1957.00,
506022,PRAKASH IND.,A ,Q,60.10,60.30,58.50,58.85,58.85,59.10,3244,324817,19267092.00,
506074,ARSHIYA     ,B ,Q,23.00,23.00,19.60,20.10,20.45,19.75,234,17704,357055.00,
506076,GRIND NORTON,A ,Q,1777.75,1785.00,1729.65,1743.05,1740.75,1768.60,636,1707,2992435.00,
506079,LAKSHMI PREC,Z ,Q,5.91,5.91,5.83,5.86,5.83,6.13,6,517,3027.00,
506105,STANROSE MAF,X ,Q,92.00,99.00,92.00,92.00,92.00,91.95,23,534,49588.00,
506109,GENESYS INT.,T ,Q,395.00,428.25,395.00,425.00,425.00,413.65,21,715,293607.00,
506128,PARNAXLAB   ,X ,Q,119.70,119.70,115.00,118.85,119.70,114.00,62,1364,161579.00,
506146,VISAGAR POL ,B ,Q,1.50,1.55,1.49,1.52,1.53,1.48,688,231061,350186.00,
506184,KANANI IND  ,T ,Q,32.15,32.15,32.15,32.15,32.15,33.80,68,3314,106545.00,
506186,GCKL        ,X ,Q,16.15,16.85,15.35,15.55,15.55,16.15,28,2318,36734.00,
506194,ARIH SUPER  ,B ,Q,129.50,132.00,127.00,127.85,129.80,127.00,129,31246,4032262.00,
506197,BLISSGVS PH ,A ,Q,76.20,87.10,75.20,84.10,84.00,75.90,1284,46465,3854419.00,
506222,INEOSSTYRO  ,B ,Q,858.00,905.00,827.70,894.75,894.75,760.55,8204,70283,61398316.00,
506235,ALEMBIC LTD.,A ,Q,68.00,70.20,67.20,70.00,69.30,67.55,453,11055,756118.00,
506248,AMINES&PLAST,X ,Q,94.00,94.00,89.00,90.50,92.65,91.50,201,9686,885901.00,
506260,ANUH PHARMA ,X ,Q,97.80,97.80,90.00,93.45,93.45,96.40,287,25109,2325343.00,
506261,MODISON MET.,B ,Q,62.25,62.75,59.90,62.35,61.85,61.25,234,6898,425264.00,
506285,BAYER CROP  ,A ,Q,5060.30,5092.00,5009.00,5077.85,5077.85,5003.20,273,597,3019542.00,
506365,CHEMO PHARMA,XT,Q,36.75,36.75,36.75,36.75,36.75,36.95,1,3,110.00,
506390,CLARI CHEM  ,B ,Q,450.00,459.10,446.00,457.95,456.80,446.00,125,822,372969.00,
506395,COROM INTER ,A ,Q,935.00,941.40,921.10,938.85,940.75,919.30,932,8231,7683951.00,
506401,DEEPAK NITR.,A ,Q,1875.00,1923.20,1865.95,1896.35,1898.00,1846.90,4936,45774,87032136.00,
506405,DHARAMSI CHM,B ,Q,354.90,394.40,351.05,381.10,381.10,343.10,1070,11187,4150631.00,
506414,FERMENTA    ,X ,Q,198.00,203.00,197.00,198.80,198.80,198.30,82,1917,380852.00,
506480,GOCLCORP    ,B ,Q,236.10,241.05,236.05,238.90,238.85,234.90,54,1507,361257.00,
506520,JAYSHRI CHEM,X ,Q,6.70,6.77,6.21,6.64,6.60,6.36,40,4557,30295.00,
506525,KANORIA CHEM,B ,Q,119.00,119.40,119.00,119.40,119.40,113.75,13,1359,162254.00,
506528,KELTECH EN. ,X ,Q,595.00,619.00,571.70,589.95,590.00,567.90,33,369,218859.00,
506532,NITTA GELA  ,X ,Q,317.00,317.00,297.55,307.95,307.95,305.60,219,9113,2816955.00,
506543,M.P.AGRO IND,XT,Q,8.85,8.85,8.85,8.85,8.85,8.43,13,429,3796.00,
506579,ORIENT.CARB.,B ,Q,737.70,739.95,694.95,703.70,694.95,724.45,207,1300,938917.00,
506590,PCBL        ,A ,Q,108.70,108.80,105.00,106.70,106.70,107.10,2377,66376,7074996.00,
506597,AMAL PRODUCT,X ,Q,317.45,319.90,305.00,305.70,305.25,314.95,67,2983,923605.00,
506605,POLYCHEM    ,X ,Q,555.00,573.95,537.25,553.95,564.00,529.50,34,191,107327.00,
506618,PUN.CHEM    ,A ,Q,1227.00,1235.00,1193.00,1218.05,1215.00,1220.35,215,1476,1788182.00,
506640,GUJCHEM DIST,XT,Q,75.10,76.40,73.00,76.40,76.40,727.80,79,6175,462503.00,
506642,SADHANA NITR,T ,Q,112.00,115.90,110.00,112.75,114.90,110.85,398,37571,4271215.00,
506655,SUDARSH.CHEM,A ,Q,443.05,452.15,436.85,445.45,450.95,439.40,975,12918,5776914.00,
506685,ULTRAMARINE ,B ,Q,335.85,335.85,319.25,325.00,325.00,331.85,742,31326,10164072.00,
506687,TRANSPEK    ,B ,Q,1505.05,1543.20,1487.00,1511.70,1525.00,1467.75,281,2758,4166319.00,
506690,UNICHEM LAB ,A ,Q,232.70,239.70,232.70,237.20,237.20,232.65,166,1772,419106.00,
506734,MYS PETRO   ,X ,Q,93.85,103.55,93.50,98.75,98.75,88.85,241,14357,1395771.00,
506767,ALKYL AMINES,A ,Q,2643.20,2668.75,2609.70,2637.80,2636.55,2571.45,1794,5020,13273545.00,
506808,TUTIALKA    ,X ,Q,25.20,25.80,23.40,23.70,23.70,24.60,115,71554,1692656.00,
506820,ASTRAZEN.PH.,A ,Q,2617.00,3020.35,2617.00,2968.30,2968.30,2649.50,4052,15102,43997217.00,
506852,PUN.ALKALI  ,B ,Q,77.95,78.80,75.00,75.25,75.20,75.40,590,79782,6052294.00,
506854,TANFAC IND. ,X ,Q,454.00,457.00,440.35,448.95,447.00,445.35,196,5646,2518479.00,
506858,GUJ.PETRO   ,XT,Q,41.00,41.00,39.00,40.90,41.00,39.05,16,438,17907.00,
506879,GUJ.THEMIS. ,X ,Q,407.00,428.95,403.05,425.95,428.00,403.40,197,7204,3029535.00,
506910,JAYSN DYEST ,X ,Q,75.90,75.90,70.25,71.35,71.35,73.95,113,9623,693092.00,
506919,MAKERS LAB. ,X ,Q,164.05,164.90,140.90,146.40,146.40,159.25,208,11837,1789710.00,
506935,CONT.CHEM   ,XT,Q,109.00,109.00,99.30,101.70,108.95,104.45,14,166,17277.00,
506943,J.B.CHEMICAL,A ,Q,1569.00,1639.15,1557.45,1619.00,1617.20,1562.75,1098,3346,5391745.00,
506947,ADV.PETROCH.,P ,Q,43.90,43.90,43.90,43.90,43.90,41.85,1,100,4390.00,
506981,BL.CHIP TEX ,X ,Q,140.60,140.60,129.00,132.10,132.10,140.60,39,644,85377.00,
507155,JAGATJIT IND,XT,Q,61.70,61.75,59.20,59.30,59.30,61.35,10,1032,63657.00,
507180,KESAR ENT.  ,X ,Q,95.00,97.10,91.25,91.55,93.25,91.25,64,1363,126331.00,
507205,TILAKNAG IND,B ,Q,69.45,69.75,65.75,67.00,67.95,67.40,513,33862,2281016.00,
507265,EMERALL     ,XT,Q,79.70,79.70,73.10,73.10,73.10,76.05,4,105,7861.00,
507300,RAVALGAON   ,XT,Q,2511.00,2511.00,2510.00,2510.00,2510.00,2580.10,2,3,7531.00,
507315,SAKTHI SUGAR,B ,Q,15.70,16.40,15.70,16.00,16.20,16.15,253,16816,270217.00,
507410,WALCHANDNGR ,T ,Q,49.95,50.25,48.60,49.30,49.30,49.15,55,12170,607679.00,
507435,KHOD.INDIA  ,XT,Q,73.00,73.00,73.00,73.00,73.00,73.95,1,3,219.00,
507438,IFB AGRO    ,B ,Q,570.70,580.00,554.25,564.00,564.00,573.50,46,161,90849.00,
507442,DHARANI SUG ,T ,Q,12.00,12.00,11.60,11.60,11.60,11.80,64,9965,116992.00,
507474,KOTHARI FERM,X ,Q,65.25,68.00,64.35,66.00,67.60,65.10,19,1723,113717.00,
507486,CAPROLA.CHEM,XT,Q,48.35,48.35,44.10,48.25,48.25,46.40,5,19,846.00,
507488,G.M.BREWERI ,B ,Q,558.60,568.95,558.10,560.90,565.00,556.75,148,1581,895853.00,
507490,RANA SUGARS ,B ,Q,29.85,30.40,28.95,29.30,29.30,29.00,3094,252924,7490868.00,
507498,PICCADILY SU,X ,Q,19.10,19.10,17.65,17.75,17.75,18.55,161,18794,335371.00,
507508,RIGA SUGAR  ,XT,Q,8.78,8.78,8.78,8.78,8.78,8.37,18,5433,47701.00,
507514,SOM DISTILL.,T ,Q,61.00,63.70,60.30,62.40,62.40,61.40,129,19571,1215211.00,
507515,CJ GELATIN  ,XT,Q,22.40,23.60,22.40,22.55,22.55,22.55,16,4014,90507.00,
507526,ASSO.ALCOHOL,B ,Q,402.00,430.00,402.00,425.35,430.00,410.90,1340,8334,3512311.00,
507552,FOODS & INNS,B ,Q,69.85,79.00,69.85,75.30,76.35,69.70,581,19493,1458406.00,
507580,IVP LIMITED ,B ,Q,149.00,153.65,146.00,152.65,152.80,150.50,59,485,72827.00,
507598,KLRFM       ,X ,Q,65.60,78.80,63.10,76.20,76.20,65.70,330,52811,4053486.00,
507609,OLYMPIC OIL ,X ,Q,30.00,30.00,30.00,30.00,30.00,30.00,1,15,450.00,
507621,MILKFOOD    ,X ,Q,337.00,346.90,337.00,345.95,346.00,341.95,8,30,10352.00,
507645,POLSON LTD. ,X ,Q,10343.95,10400.00,10250.00,10350.00,10350.00,10445.45,11,15,154927.00,
507685,WIPRO LTD.  ,A ,Q,459.00,467.90,456.35,466.95,466.95,453.45,16929,600465,278308466.00,
507690,ORIENT BEVER,X ,Q,83.30,85.00,80.10,85.00,85.00,81.05,15,817,68847.00,
507717,DHAN AGRI   ,A ,Q,711.65,720.70,694.30,702.45,709.00,705.95,463,2434,1716968.00,
507747,TTK HEALTHCA,B ,Q,748.70,760.00,730.20,731.10,731.25,745.35,104,742,553642.00,
507753,TGVSL       ,X ,Q,83.95,83.95,78.50,79.45,79.45,82.20,1011,194159,15709323.00,
507759,LIME CHEM.  ,X ,Q,26.20,26.70,25.10,25.45,25.40,27.00,18,717,18517.00,
507779,KANPUR PLAST,B ,Q,119.25,127.00,117.00,124.10,124.00,120.20,177,2130,262648.00,
507785,TAINWALA CH.,B ,Q,75.95,79.80,72.55,74.25,74.10,73.90,94,1006,74538.00,
507789,JAGSON PHAR ,B ,Q,311.00,311.00,288.00,291.00,291.00,299.20,554,5367,1599154.00,
507794,KHAITAN CHEM,B ,Q,107.25,107.80,102.05,102.90,102.80,102.95,595,8550,893338.00,
507813,NATI. OXYGEN,X ,Q,92.90,93.95,90.00,90.10,90.00,92.90,37,775,70624.00,
507815,GILLETTE (I),A ,Q,4848.05,4870.00,4798.00,4863.00,4870.00,4822.85,169,254,1229354.00,
507817,WIRES FABRIK,X ,Q,83.25,89.85,83.25,89.35,86.05,83.10,13,955,84175.00,
507828,ANSALHSG    ,B ,Q,6.87,6.92,6.57,6.74,6.74,6.67,65,18707,128142.00,
507836,MAC CHARLES ,X ,Q,602.00,602.00,600.00,600.00,600.00,621.85,19,124,74485.00,
507852,ADDI IND.   ,X ,Q,27.70,29.90,26.90,27.90,27.00,28.25,29,2137,59772.00,
507864,PION INVEST ,X ,Q,30.00,33.75,29.10,32.90,33.00,30.35,17,932,30585.00,
507872,ASHNOOR TEX.,XT,Q,44.80,49.30,44.80,47.90,47.25,47.00,29,1207,56333.00,
507878,UNITECH LTD ,Z ,Q,1.80,1.87,1.75,1.87,1.87,1.79,306,625059,1153105.00,
507880,VIP INDUS.  ,A ,Q,571.50,571.50,534.95,559.05,557.00,560.40,2614,43533,24037347.00,
507910,FIBERWB IN  ,B ,Q,45.95,47.90,45.30,47.40,47.40,45.10,318,10151,475808.00,
507912,LKP FIN     ,X ,Q,93.00,97.85,91.50,91.90,91.50,92.40,26,1453,134627.00,
507944,BAJAJ STEEL ,X ,Q,555.00,569.90,542.00,564.10,564.10,552.05,148,2043,1141429.00,
507946,KIDUJA INDIA,X ,Q,114.00,115.95,114.00,115.95,115.95,111.85,8,83,9521.00,
507948,KEY CORP.LTD,XT,Q,45.15,46.45,42.05,46.45,46.45,44.25,14,625,28974.00,
507960,GUJ.HOTELS  ,X ,Q,125.50,129.40,125.50,125.55,125.50,125.00,7,120,15257.00,
507970,PARA. COSMET,X ,Q,57.85,63.80,57.80,59.80,59.80,60.80,80,2863,168429.00,
507981,JINDAL HOTL ,X ,Q,34.95,37.95,34.40,37.55,36.95,34.95,36,2735,97731.00,
507998,SIMMONDS-MAR,XT,Q,46.45,46.45,45.95,45.95,45.95,44.40,9,309,14302.00,
508136,BNALTD      ,X ,Q,242.35,265.00,240.00,255.60,258.80,242.20,40,1300,333459.00,
508486,HAWKINS COOK,A ,Q,5250.05,5297.95,4990.00,5161.20,5150.10,5249.70,382,1664,8557610.00,
508494,WARREN TEA  ,X ,Q,72.90,72.90,69.80,69.80,69.80,69.60,15,329,23141.00,
508571,COCHIN MALA ,X ,Q,92.00,92.00,92.00,92.00,92.00,92.00,2,8,736.00,
508664,BEST E.HOTEL,XT,Q,29.00,29.00,27.55,27.55,27.55,29.00,2,37,1070.00,
508670,NEELAMALAI  ,X ,Q,3732.95,3778.00,3570.20,3654.45,3613.10,3732.95,14,34,125471.00,
508807,IST LTD.    ,X ,Q,453.95,453.95,414.00,425.00,425.00,416.95,31,356,149825.00,
508814,COSMO FILMS ,A ,Q,1644.00,1691.35,1620.30,1664.35,1675.00,1615.40,1058,3624,5986044.00,
508869,APOLLO HOSP.,A ,Q,3680.25,3879.95,3573.10,3861.60,3847.00,3668.00,9103,60536,226663195.00,
508875,NITINCAST   ,X ,Q,147.25,157.90,128.45,152.70,153.95,144.35,19,310,45877.00,
508905,SMIFS CAPITA,X ,Q,43.80,43.80,38.75,42.00,42.05,38.20,19,1238,51562.00,
508906,EVEREST INDS,B ,Q,575.00,597.95,571.05,586.45,576.60,575.65,422,2663,1562846.00,
508918,IRONWOOD    ,X ,Q,33.50,33.50,28.25,30.10,30.10,30.50,11,212,6633.00,
508933,AYMSYNTEX   ,B ,Q,99.55,99.55,94.70,95.70,95.50,95.25,163,4325,414534.00,
508941,PANASON CAR ,X ,Q,393.00,402.00,392.65,397.00,396.00,389.95,32,303,120331.00,
508954,FINKURVE    ,X ,Q,52.10,56.00,52.10,52.45,52.45,54.40,8,100,5263.00,
508956,HB LEAS.PUB ,XT,Q,2.95,2.95,2.81,2.81,2.81,2.95,8,461,1296.00,
508969,SULABH ENG. ,XT,Q,13.01,13.01,13.01,13.01,13.01,13.69,701,105710,1375287.00,
508989,NAVNETEDUL  ,A ,Q,85.15,88.50,84.50,87.10,87.55,83.85,848,17629,1523207.00,
508996,SATPROP LTD ,Z ,Q,1.50,1.52,1.38,1.48,1.50,1.45,113,41607,59499.00,
509009,AUSOM ENT   ,B ,Q,66.25,72.00,66.25,70.00,70.70,69.15,38,265,18694.00,
509020,RUCHI INFRA.,T ,Q,9.14,9.14,8.65,9.03,9.12,8.94,159,21047,188536.00,
509040,NETLINK SOLU,X ,Q,50.50,50.50,48.85,48.85,48.85,51.40,15,117,5875.00,
509048,LANCOR HOLDS,X ,Q,24.05,25.25,23.00,25.15,25.25,24.05,89,30922,747496.00,
509051,INDIAN INFO.,X ,Q,3.24,3.28,3.09,3.19,3.19,3.17,4442,3905820,12328958.00,
509053,BANAS FIN.  ,X ,Q,35.00,37.20,35.00,37.10,37.00,35.45,458,50502,1863024.00,
509055,VISAKA IND. ,B ,Q,516.20,519.80,503.70,509.10,505.00,515.55,350,1415,720333.00,
509069,INFOMEDIA   ,T ,Q,5.45,5.45,5.00,5.00,5.00,5.26,4,5584,29093.00,
509073,HATHWAY BHAW,XT,Q,21.00,22.45,20.40,21.70,22.45,21.40,36,2222,47817.00,
509077,PRESSMN     ,B ,Q,35.05,37.30,33.90,37.00,37.00,33.95,192,8052,292676.00,
509079,GUFIC BIO SC,B ,Q,219.25,221.60,216.80,218.10,219.80,215.95,703,10173,2218901.00,
509084,PHOTON CAP  ,XT,Q,41.15,41.30,41.15,41.30,41.30,43.30,6,212,8736.00,
509152,GRPLTD      ,B ,Q,1340.00,1340.00,1330.00,1338.00,1338.00,1330.00,32,174,232975.00,
509162,INDAG RUBBER,X ,Q,68.55,68.55,66.00,66.20,67.85,66.30,38,2483,167358.00,
509196,M.M.RUBBER  ,X ,Q,50.00,54.95,50.00,51.20,51.20,50.20,10,1820,95548.00,
509220,PTL LTD     ,B ,Q,30.90,30.95,29.95,30.10,30.20,29.75,190,3816,115201.00,
509243,TVS SRICHAKR,A ,Q,1611.20,1662.00,1611.10,1618.60,1618.60,1629.85,66,221,359705.00,
509423,SEL         ,XT,Q,14.95,14.95,14.25,14.95,14.95,14.95,29,2218,32732.00,
509438,BENARES HOT ,X ,Q,1729.00,1797.00,1729.00,1783.90,1783.90,1729.30,40,223,391265.00,
509449,BHAGWATI OXY,XT,Q,40.70,42.60,40.70,42.60,42.60,42.80,4,107,4505.00,
509470,BOMOXY-B1   ,X ,Q,12582.00,12582.00,12472.00,12579.90,12580.00,12758.00,13,15,188585.00,
509472,CRAVATEX    ,X ,Q,392.90,392.90,392.90,392.90,392.90,368.55,1,1,392.00,
509480,BERGE PAINT ,A ,Q,571.50,584.35,557.50,575.60,575.60,568.05,6720,117444,67020618.00,
509486,CAPRIHANS   ,X ,Q,111.00,112.75,106.10,109.05,109.05,109.40,36,2437,264075.00,
509488,GRAPHITE IN.,A ,Q,443.50,451.40,437.50,439.40,439.40,440.45,1341,23119,10258668.00,
509496,ITDCEM      ,A ,Q,60.65,60.95,58.40,59.00,59.25,60.20,913,37996,2251439.00,
509525,EMPIRE IND. ,X ,Q,657.00,687.95,645.00,671.80,673.50,644.10,100,1906,1267377.00,
509546,GRAVISS HOSP,X ,Q,20.40,20.40,19.50,19.65,19.65,19.50,6,34,669.00,
509557,GARFIBRES   ,A ,Q,2896.40,2900.40,2802.85,2876.10,2866.00,2870.45,250,598,1712199.00,
509563,GARWA.MARINE,X ,Q,10.59,10.85,10.46,10.46,10.46,10.45,5,348,3685.00,
509567,GOA CARBON  ,B ,Q,425.90,442.05,424.75,436.10,436.10,417.10,799,4026,1749815.00,
509597,HARDCASTLE  ,X ,Q,294.00,294.00,252.50,288.35,288.35,294.90,6,12,3175.00,
509631,HEG LIMITED ,A ,Q,1094.40,1109.45,1075.00,1090.35,1090.35,1071.65,2895,22477,24538545.00,
509635,HIND.COMPOSI,B ,Q,283.00,287.30,275.00,286.85,287.30,284.45,86,598,169871.00,
509675,HIL         ,A ,Q,3483.30,3590.00,3483.25,3570.65,3570.95,3474.95,233,484,1714919.00,
509692,IND.CARD    ,B ,Q,239.55,247.50,236.20,245.65,245.65,248.45,146,1958,478748.00,
509709,INT.CONVEYOR,B ,Q,60.70,60.70,57.65,58.65,58.00,57.15,666,20648,1210879.00,
509715,JAYSHRE TEA ,B ,Q,100.95,103.60,100.95,102.05,102.85,100.45,125,2703,275628.00,
509760,MODERN SHARE,X ,Q,19.70,19.70,19.10,19.10,19.10,19.70,5,27,522.00,
509820,HUHTAMAKI   ,A ,Q,166.60,169.15,162.60,165.95,162.60,165.05,558,21694,3628921.00,
509835,PREMIER SYN.,X ,Q,24.15,24.30,24.15,24.30,24.30,24.60,3,1412,34311.00,
509874,SHALIMAR PAI,B ,Q,134.40,145.80,133.40,140.80,143.00,134.40,871,20780,2933006.00,
509895,HIND MILLS  ,X ,Q,255.00,286.00,255.00,279.30,280.00,279.95,9,43,11725.00,
509930,SUPREM IND  ,A ,Q,1778.10,1820.95,1718.35,1791.00,1786.20,1722.05,2079,6522,11501814.00,
509945,THACKER     ,XT,Q,290.00,290.00,290.00,290.00,290.00,279.60,1,5,1450.00,
509960,U.P.HOTELS  ,XT,Q,472.50,472.50,427.50,472.50,472.50,450.00,10,504,238050.00,
509966,VST INDUS.  ,A ,Q,3242.80,3250.00,3191.75,3200.45,3192.00,3243.50,212,355,1145843.00,
510245,SWASTI VINAY,X ,Q,7.30,7.30,6.96,7.02,7.06,7.14,221,43383,306254.00,
511000,MADHUS.SEC  ,XT,Q,2.70,2.88,2.70,2.88,2.88,2.75,22,3264,8882.00,
511012,YAMINI INVES,XT,Q,1.12,1.14,1.06,1.08,1.08,1.11,2785,2201954,2376648.00,
511016,PREMIER CAP.,X ,Q,5.89,5.89,5.89,5.89,5.89,5.89,9,262,1543.00,
511034,JINDAL DRILL,B ,Q,195.90,197.20,185.25,194.50,193.95,187.95,253,7476,1441572.00,
511066,SAKTHI FIN. ,X ,Q,22.50,24.75,22.50,23.95,24.00,22.50,271,13350,323489.00,
511076,SAT IND LTD ,X ,Q,37.00,37.90,35.75,36.50,36.50,35.20,14,1652,60742.00,
511108,SHIVA TEXYAM,B ,Q,186.00,203.00,186.00,189.25,189.15,185.75,46,792,150216.00,
511110,V.B.DESAI   ,X ,Q,10.85,10.85,10.84,10.84,10.84,10.88,4,36,390.00,
511116,QUADRANT    ,XT,Q,1.70,1.70,1.70,1.70,1.70,1.78,653,1034374,1758435.00,
511122,FIRST CUSTO.,XT,Q,50.45,50.45,49.45,49.45,49.45,50.45,3,9,446.00,
511131,KAMAN HSG   ,X ,Q,10.00,10.18,9.22,9.33,9.32,9.70,17,3509,33281.00,
511147,WALL ST.FIN.,X ,Q,25.55,26.85,25.20,26.85,26.85,25.95,14,1651,43219.00,
511153,ANJANIFOODS ,XT,Q,91.10,98.75,89.55,95.00,95.00,94.05,21,709,66187.00,
511187,MILLENNIUM  ,XT,Q,2.16,2.16,1.96,2.15,2.15,2.06,43,8391,17751.00,
511194,I.C.D.S.    ,T ,Q,39.65,39.65,39.50,39.50,39.50,37.85,4,90,3560.00,
511196,CANFIN HOMES,A ,Q,468.00,469.90,459.00,468.00,467.15,457.35,588,12644,5884129.00,
511208,IL & FS INVE,B ,Q,6.39,6.59,6.10,6.34,6.39,6.28,155,30132,191556.00,
511218,SHRIRAM TRAN,A ,Q,1175.20,1175.20,1132.45,1142.05,1141.65,1144.65,1408,14671,16813769.00,
511243,CHOLAFIN    ,A ,Q,639.20,660.00,639.20,656.55,656.55,639.25,1633,33411,21871845.00,
511333,VLS FINANCE ,B ,Q,150.20,155.70,150.00,152.75,154.30,152.25,271,3831,583621.00,
511355,IND CEM CAP ,X ,Q,10.20,10.20,9.41,9.77,9.75,9.67,25,951,9573.00,
511359,AD-MANUM FIN,X ,Q,36.65,36.65,36.65,36.65,36.65,38.25,1,100,3665.00,
511377,MEHTA I.FIN ,XT,Q,12.50,12.50,11.40,12.50,12.50,11.91,76,12920,160822.00,
511391,INTER GLOB F,X ,Q,20.35,20.35,18.45,18.45,18.45,19.40,3,94,1753.00,
511411,SHRISTINFRA ,X ,Q,43.00,43.15,40.05,42.65,41.05,46.80,36,1847,76506.00,
511413,CREST       ,B ,Q,185.00,198.50,182.70,185.85,185.35,184.95,265,8116,1550163.00,
511431,VAKRANGEE   ,A ,Q,28.45,29.30,27.65,27.95,27.95,27.85,2303,555008,15606466.00,
511441,GUJ.CREDIT  ,XT,Q,35.00,37.65,34.20,34.20,34.20,35.95,64,8896,307812.00,
511447,SYLPH TECH  ,Z ,Q,14.45,14.45,14.45,14.45,14.45,15.20,15,614,8872.00,
511451,DHARANI FIN.,X ,Q,6.46,6.72,6.46,6.72,6.72,6.79,3,2130,13760.00,
511463,ALEXANDER   ,X ,Q,22.20,22.20,20.30,21.05,20.30,21.35,287,103312,2168297.00,
511473,IND.BANK MER,B ,Q,23.95,23.95,22.90,23.55,23.45,22.90,230,6782,159687.00,
511501,BHARAT BHUSH,X ,Q,22.75,24.30,22.10,22.90,22.90,22.70,26,662,15302.00,
511505,CAPITAL TRUS,B ,Q,102.75,102.80,98.70,99.50,98.70,100.30,33,583,58318.00,
511507,USHAKIRAN FI,XT,Q,17.40,17.40,17.00,17.00,17.00,17.40,12,575,9810.00,
511509,VIVO BIO TEC,X ,Q,37.05,38.50,37.05,37.95,38.15,37.20,59,4768,179551.00,
511525,PAN INDIA C ,XT,Q,4.00,4.06,3.82,3.98,4.00,3.88,456,99491,393574.00,
511533,SAHARA HOUSG,X ,Q,43.00,49.00,38.70,40.60,41.40,43.00,85,5222,211010.00,
511535,NDA SECURIT.,X ,Q,12.65,12.65,11.00,12.27,12.27,12.84,9,175,2119.00,
511539,SUPRATRE    ,XT,Q,17.60,17.60,16.75,16.75,16.75,17.60,2,10,170.00,
511543,GSB FINANCE ,X ,Q,7.01,7.01,7.01,7.01,7.01,7.00,1,1,7.00,
511549,MORARKA FIN.,X ,Q,94.65,98.00,90.40,94.95,94.80,92.75,29,252,23793.00,
511551,MONARCH     ,B ,Q,305.05,315.00,290.70,300.00,311.00,301.35,369,4498,1351036.00,
511557,PRO FIN CAP.,XT,Q,4.04,4.04,4.04,4.04,4.04,4.25,278,242647,980293.00,
511559,TIMES GUARAN,B ,Q,46.10,49.65,46.10,48.05,48.05,47.45,17,169,8016.00,
511571,SOMDATT FIN ,X ,Q,29.85,29.85,26.85,28.60,28.80,28.45,19,483,13297.00,
511589,AVONMORE    ,X ,Q,81.50,81.50,79.00,79.20,79.05,79.70,40,3494,277989.00,
511593,LIBORD FIN  ,X ,Q,7.17,7.84,7.10,7.10,7.10,7.47,14,3339,23979.00,
511601,YASH MANAGE.,X ,Q,10.95,10.95,10.00,10.19,10.19,10.50,38,1516,15540.00,
511605,ARIHANT CAP.,B ,Q,88.65,90.20,83.90,87.80,87.80,86.85,328,26504,2307025.00,
511609,ISL CONSULT ,X ,Q,15.90,15.95,15.90,15.90,15.90,15.90,6,1655,26315.00,
511611,DCM FINANCIA,T ,Q,2.95,2.95,2.95,2.95,2.95,2.95,5,880,2596.00,
511628,IMCAP       ,X ,Q,67.80,71.95,67.75,67.80,67.75,70.00,8,479,33909.00,
511630,SAMBHAAV MED,B ,Q,3.95,4.05,3.84,3.93,3.89,3.91,37,15394,60839.00,
511654,SUGAL DAM   ,X ,Q,16.25,16.25,16.25,16.25,16.25,16.75,2,140,2275.00,
511658,NETTLINX LTD,X ,Q,73.00,73.00,72.50,72.55,72.55,69.95,23,7470,543196.00,
511672,SCANSTL     ,X ,Q,38.00,40.00,38.00,38.30,38.75,37.30,233,36008,1387590.00,
511676,GIC HOUSING ,B ,Q,127.35,128.80,122.05,122.70,122.50,125.25,319,11044,1401422.00,
511692,AJCON GLOBAL,X ,Q,38.75,38.75,38.75,38.75,38.75,39.50,1,60,2325.00,
511702,PARSHARTI IN,XT,Q,18.70,18.70,18.70,18.70,18.70,17.85,3,600,11220.00,
511710,CUBICAL FIN.,X ,Q,2.23,2.23,2.07,2.12,2.20,2.15,89,29795,63947.00,
511714,NIMBSPROJ   ,X ,Q,38.75,40.65,36.85,40.65,40.65,38.75,9,2341,86271.00,
511724,BAID LEASING,XT,Q,42.50,44.60,40.40,41.30,42.95,42.50,97,20672,897233.00,
511726,VIPUL LTD   ,T ,Q,19.70,19.70,19.70,19.70,19.70,18.90,2,52,1024.00,
511728,KZ LEAS FIN.,X ,Q,20.00,20.50,18.80,20.50,20.50,19.70,3,64,1206.00,
511730,TRC FINAN.SE,XT,Q,22.00,22.00,22.00,22.00,22.00,21.00,1,100,2200.00,
511736,USHDEV INTNL,X ,Q,2.55,2.57,2.45,2.46,2.45,2.57,134,52392,131702.00,
511740,MEHTA HOUSIN,XT,Q,288.40,288.40,288.40,288.40,288.40,274.70,66,2697,777814.00,
511742,UGROCAP     ,B ,Q,153.60,153.60,150.00,152.90,152.90,152.90,130,3349,509154.00,
511754,SHALIB.FINAN,X ,Q,210.00,210.00,196.50,206.40,205.00,199.00,106,42333,8678484.00,
511758,MANSI FINANC,XT,Q,32.95,32.95,32.95,32.95,32.95,31.40,3,11,362.00,
511760,SEVENHILL   ,XT,Q,0.74,0.74,0.73,0.74,0.74,0.71,485,330723,244600.00,
511764,AASTAFIN    ,X ,Q,14.95,14.95,14.40,14.55,14.55,14.95,10,5384,78263.00,
511766,MUTHOOT CAP ,B ,Q,192.40,195.00,188.40,191.00,188.75,189.15,156,1232,235125.00,
511768,MASTER TRUST,X ,Q,125.20,125.20,117.50,118.05,122.85,123.00,24,1286,154260.00,
512018,CNI RES LTD ,X ,Q,2.09,2.25,2.09,2.15,2.15,2.20,26,18517,40330.00,
512020,SARASW.COMM.,X ,Q,2499.95,2646.00,2430.30,2603.35,2604.00,2423.45,29,71,181203.00,
512047,ROYAL IND   ,X ,Q,2.90,2.90,2.66,2.67,2.67,2.80,104,25163,69622.00,
512048,LUHARUKA    ,X ,Q,2.52,2.67,2.46,2.46,2.46,2.58,423,185451,462068.00,
512064,VISVEN      ,XT,Q,40.00,42.50,40.00,42.40,42.40,40.50,3,54,2287.00,
512068,DECCANGOLD  ,X ,Q,23.90,24.55,23.40,24.45,24.45,23.65,118,27366,663916.00,
512070,UPL         ,A ,Q,748.00,762.70,746.60,757.20,756.80,747.30,2035,34367,25969655.00,
512093,CRANES SOFTW,X ,Q,2.95,2.98,2.78,2.82,2.89,2.89,134,41313,117893.00,
512109,AVIVA INDS  ,XT,Q,33.35,33.35,33.35,33.35,33.35,34.00,3,260,8671.00,
512115,ROSE MERC LT,X ,Q,9.64,9.64,9.64,9.64,9.64,9.19,1,10,96.00,
512131,SIGNET IND  ,B ,Q,37.90,39.00,37.60,38.25,38.15,38.25,122,5227,199796.00,
512161,SECURKLOUD  ,B ,Q,78.00,78.00,72.80,74.30,74.10,72.90,314,8625,643108.00,
512165,ABANSENT    ,X ,Q,95.00,99.00,93.10,97.55,99.00,98.85,27,667,63748.00,
512169,CAPRICORN   ,XT,Q,7.90,7.90,7.45,7.45,7.45,7.84,15,729,5495.00,
512175,VAMA INDS   ,X ,Q,8.24,8.25,8.20,8.25,8.25,7.86,179,50733,418325.00,
512179,SUNTECK REAL,A ,Q,445.00,453.20,431.50,436.25,432.10,441.30,2095,36259,16125867.00,
512197,SILVEROAK   ,Z ,Q,2.65,2.70,2.47,2.70,2.70,2.60,78,13338,33710.00,
512215,STEPHANOTIS ,X ,Q,33.45,33.45,33.45,33.45,33.45,35.20,3,7,234.00,
512217,PRISM MEDI  ,X ,Q,7.44,7.86,7.17,7.40,7.40,7.43,35,8838,66160.00,
512229,VERITAS     ,XT,Q,125.90,125.90,125.90,125.90,125.90,123.45,20,1528,192375.00,
512237,JAI CORP LTD,A ,Q,114.60,116.60,113.20,115.70,115.70,112.20,3898,274330,31577546.00,
512247,ASHIRWAD CAP,X ,Q,5.74,5.74,5.26,5.42,5.60,5.54,208,25643,140305.00,
512257,SVARTCORP   ,X ,Q,6.00,6.00,5.57,5.81,5.80,5.92,89,19754,114641.00,
512267,MEDIA MATRIX,T ,Q,9.83,10.28,9.50,10.13,10.24,9.82,200,22077,220598.00,
512279,NNTL        ,Z ,Q,23.95,23.95,23.95,23.95,23.95,25.20,1,7,167.00,
512296,BHAGYA INL  ,B ,Q,37.65,39.55,37.50,39.25,39.55,37.45,159,3422,131935.00,
512301,CHAMBAL BREW,XT,Q,3.52,3.52,3.52,3.52,3.52,3.70,2,180,633.00,
512329,KRL         ,XT,Q,410.65,439.25,398.05,439.25,439.25,419.00,15,64,26592.00,
512344,ARAVALI SEC.,X ,Q,7.50,7.50,6.21,6.25,6.25,6.89,34,6854,43557.00,
512359,SWORDEDGE   ,X ,Q,0.71,0.72,0.69,0.71,0.71,0.71,998,1353385,954525.00,
512379,CRESSANDA SO,XT,Q,29.20,29.20,29.20,29.20,29.20,27.85,739,878688,25657689.00,
512381,STARTECK    ,B ,Q,124.00,128.00,123.95,127.15,125.75,122.85,38,5256,655646.00,
512393,SHARDUL SECU,X ,Q,86.00,89.00,86.00,89.00,89.00,87.00,4,182,16015.00,
512399,KAPASHI COMM,X ,Q,94.60,94.60,94.60,94.60,94.60,99.55,9,3289,311139.00,
512437,APOLLO FIN I,X ,Q,704.90,704.95,651.00,688.95,688.95,694.60,84,786,537777.00,
512453,SHRI JAGDAMB,X ,Q,785.25,808.80,785.25,790.40,800.00,788.15,152,1350,1069700.00,
512455,LLOYDS MET E,T ,Q,147.40,150.00,140.05,142.85,143.95,147.40,1301,128517,18448013.00,
512463,SHREE GLOBAL,X ,Q,7.30,7.49,6.92,7.29,7.40,7.23,307,46911,340769.00,
512477,BETEX INDIA ,X ,Q,68.00,79.45,68.00,77.80,77.80,74.60,7,58,4018.00,
512481,POLYTEX(P)  ,X ,Q,4.37,4.37,4.20,4.20,4.20,4.19,11,1108,4664.00,
512485,DHANAL.COTEX,X ,Q,94.40,99.10,94.40,99.10,99.10,94.40,15,423,41562.00,
512489,OASIS SECUR.,X ,Q,68.60,68.60,65.00,65.00,65.00,65.35,5,99,6486.00,
512493,GARNET INTL ,XT,Q,50.00,50.00,46.65,46.65,46.65,49.10,24,3863,180748.00,
512499,SHALIMAR PRO,X ,Q,0.68,0.70,0.68,0.68,0.68,0.69,4198,15775207,10792774.00,
512519,DONEAR IND. ,B ,Q,51.40,52.30,51.20,51.50,51.40,51.60,91,2262,117315.00,
512527,SUPER SAL IN,X ,Q,750.00,778.00,735.00,772.40,772.40,741.20,68,1992,1502365.00,
512529,SEQUENT     ,A ,Q,108.30,113.20,105.95,107.45,107.45,107.85,4494,280472,30424710.00,
512531,STC INDIA   ,B ,Q,93.85,96.65,92.55,93.00,93.00,92.50,55,1269,120275.00,
512559,KOHINORFOODS,T ,Q,39.75,39.75,39.75,39.75,39.75,37.90,94,36404,1447059.00,
512573,AVANTI FEEDS,A ,Q,420.75,420.90,413.45,416.10,417.45,416.90,526,5816,2420134.00,
512587,ZODIAC JRD  ,X ,Q,32.75,32.75,30.60,31.95,31.95,31.25,12,796,25643.00,
512589,SITA ENTER. ,X ,Q,17.85,17.85,17.85,17.85,17.85,17.00,6,380,6783.00,
512597,KEYFINSER   ,B ,Q,93.60,95.50,83.35,94.55,95.00,90.00,38,723,67585.00,
512599,ADANI ENTER ,A ,Q,2090.00,2091.40,2047.95,2080.10,2080.10,2047.70,4050,66428,137509900.00,
512600,MACRO INTER.,XT,Q,21.10,21.50,21.10,21.50,21.50,21.10,4,2245,47769.00,
512604,HARIA EXPORT,X ,Q,6.03,6.03,5.73,6.03,6.03,6.03,9,599,3600.00,
512608,BHANDARI HOS,B ,Q,6.25,6.27,6.13,6.27,6.27,5.98,78,75143,470190.00,
512618,RLF LIMITED.,XT,Q,4.70,5.04,4.70,5.04,5.04,4.80,13,156,781.00,
512624,REGENTRP    ,X ,Q,2.12,2.12,1.93,2.01,2.01,2.03,262,278167,540098.00,
512626,ORBIT EXPORT,B ,Q,104.85,113.10,104.85,111.00,111.00,103.10,207,3161,347065.00,
512634,SAVERA IND  ,X ,Q,46.05,49.75,46.00,46.65,49.75,48.50,25,2373,111233.00,
513005,VBC FERRO   ,XT,Q,38.40,38.40,38.40,38.40,38.40,40.40,16,1274,48921.00,
513010,TATASTLLP   ,A ,Q,670.30,670.30,637.50,661.55,658.00,634.75,1031,8898,5791614.00,
513023,NAV BHAR VEN,A ,Q,176.50,180.75,170.20,173.45,173.45,174.10,1833,62369,10902087.00,
513043,REMI EDEL   ,X ,Q,34.40,34.40,30.00,31.95,31.95,31.35,10,352,10849.00,
513059,G.S.AUTO INT,X ,Q,12.65,13.05,12.65,12.98,13.00,12.96,22,2250,28710.00,
513063,TRANSFREIGHT,XT,Q,15.90,15.90,14.40,14.40,14.40,15.15,15,1014,14677.00,
513097,SHIV.BIMETAL,B ,Q,419.90,433.90,396.30,429.80,433.90,401.40,993,11434,4784270.00,
513108,GANDHI SP.TU,B ,Q,363.95,374.95,357.20,370.80,370.80,355.65,29,228,84779.00,
513117,AMFORGE IND.,X ,Q,6.15,6.15,5.70,5.75,5.75,5.75,9,769,4429.00,
513121,ORICON ENT  ,B ,Q,26.85,28.00,26.55,27.60,28.00,26.60,143,13045,353426.00,
513173,STL STR INF ,X ,Q,26.10,26.90,23.50,26.00,26.00,25.55,57,5889,146372.00,
513179,NAT STL AGRO,T ,Q,2.96,3.26,2.96,3.01,3.01,3.11,4,3026,9024.00,
513216,UTTAM GALVA ,T ,Q,3.52,3.69,3.44,3.51,3.58,3.56,309,115100,401074.00,
513228,PENNAR STEEL,B ,Q,37.00,37.40,36.50,37.05,37.05,36.40,380,18109,668354.00,
513250,JYOTI STRUCT,Z ,Q,19.60,19.80,18.00,19.45,19.80,18.90,103,47634,903970.00,
513252,JAY USHIN   ,X ,Q,446.50,446.50,446.50,446.50,446.50,455.60,3,7,3125.00,
513262,ST.STR.WHEEL,B ,Q,731.25,733.55,713.10,727.30,720.00,700.75,1172,6911,4966357.00,
513269,MAN IND.(I) ,B ,Q,81.00,81.00,75.55,76.50,75.75,77.20,1300,31274,2413213.00,
513295,IMEC        ,XT,Q,1.56,1.65,1.56,1.63,1.63,1.64,13,8994,14396.00,
513303,MODERN STEEL,X ,Q,18.60,19.25,17.70,17.70,17.70,18.60,30,3843,69009.00,
513307,SYNTHIKO FOI,XT,Q,40.85,40.85,40.05,40.05,40.05,40.85,7,179,7264.00,
513309,GOLKONDA    ,Z ,Q,23.70,23.70,21.60,21.70,21.70,22.60,19,11044,256420.00,
513335,METALFORGE  ,Z ,Q,4.30,4.59,4.30,4.47,4.58,4.40,26,2274,10216.00,
513343,GRAND FOUND ,T ,Q,4.03,4.03,4.03,4.03,4.03,4.24,1,1,4.00,
513349,AJMERA      ,B ,Q,273.00,273.00,263.95,266.30,264.75,268.05,501,3924,1051886.00,
513353,COCHIN MIN. ,X ,Q,112.00,118.00,112.00,116.00,116.00,111.90,61,4169,481149.00,
513361,ISW LTD     ,X ,Q,2.85,3.02,2.60,3.01,2.96,2.75,689,543358,1552150.00,
513369,RAJKUMAR FRG,X ,Q,44.00,49.35,43.30,46.00,46.00,46.50,10,562,25055.00,
513375,CARBORUNDUM ,A ,Q,694.00,699.90,690.50,694.70,694.00,694.00,683,5706,3966449.00,
513377,MINERAL&METL,A ,Q,39.75,39.80,39.20,39.55,39.55,39.10,2953,221950,8765905.00,
513397,VALLABH STEL,X ,Q,6.89,6.89,6.25,6.25,6.25,6.57,5,3100,19439.00,
513401,ASHIANA ISP.,X ,Q,21.50,22.80,20.15,21.55,20.90,21.50,25,27487,604230.00,
513403,PM TELELINN ,XT,Q,4.30,4.30,4.30,4.30,4.30,4.52,2,579,2489.00,
513418,SMFIL       ,X ,Q,5.91,5.91,5.91,5.91,5.91,5.63,47,27095,160131.00,
513430,MAITRI      ,XT,Q,38.25,38.25,38.00,38.00,38.00,39.00,11,501,19055.00,
513434,TATA METALIK,A ,Q,725.90,725.90,690.50,711.25,700.00,698.50,652,5008,3535662.00,
513436,SHAH ALLOYS ,B ,Q,65.90,68.50,65.25,68.50,68.50,65.25,134,14779,1006090.00,
513446,JSWISPL     ,B ,Q,28.85,32.45,28.85,30.90,30.90,28.85,14338,4713654,144989065.00,
513452,ELANGO INDUS,XT,Q,8.35,8.35,8.35,8.35,8.35,8.00,4,107,893.00,
513456,KANISHK ST. ,XT,Q,30.40,31.70,29.00,30.35,30.15,30.40,30,5382,161220.00,
513460,MAHALAXMI SM,Z ,Q,8.70,8.70,8.70,8.70,8.70,9.05,3,280,2436.00,
513472,SIMPLEX CAST,X ,Q,39.95,39.95,39.95,39.95,39.95,39.95,4,140,5593.00,
513488,SH.STEEL WIR,X ,Q,23.15,23.15,21.50,22.10,21.85,21.80,31,3771,83777.00,
513498,SOUTH.MAGNES,XT,Q,24.25,24.25,24.25,24.25,24.25,25.50,1,50,1212.00,
513502,BARODA EXTR.,X ,Q,3.96,4.12,3.72,3.99,3.95,3.95,118,20792,82774.00,
513511,PANCH.STEEL ,X ,Q,127.75,133.75,126.70,131.00,132.85,124.60,40,969,126316.00,
513513,ADITYA ISPAT,X ,Q,9.70,10.50,9.70,10.39,10.39,10.15,9,246,2429.00,
513515,S.R.INDUS.  ,XT,Q,1.92,1.92,1.91,1.91,1.91,2.01,14,2517,4816.00,
513517,STEELCAST   ,B ,Q,298.30,314.85,298.30,312.15,314.60,298.70,38,93,28353.00,
513519,PITTIENG    ,B ,Q,269.90,269.90,251.55,256.40,256.40,255.75,1891,61363,16208932.00,
513528,GLITTEK GRAN,X ,Q,3.64,3.64,3.33,3.64,3.64,3.31,18,5556,19368.00,
513532,PRADEEP MET.,X ,Q,92.45,97.50,90.25,96.10,93.50,89.50,259,7251,678489.00,
513536,GNRL        ,X ,Q,19.15,20.25,19.05,19.35,19.70,19.50,48,4818,94117.00,
513554,MAHA STEEL  ,B ,Q,66.35,67.60,65.60,66.10,65.60,67.25,130,2392,158257.00,
513599,HIND.COPPER ,A ,Q,98.50,99.20,96.70,97.95,97.95,96.45,3415,372832,36502785.00,
513642,AXEL POLYMER,XT,Q,40.85,44.45,40.85,42.45,42.45,43.00,10,229,9371.00,
513683,NLCINDIA    ,A ,Q,78.40,78.60,76.65,77.65,77.65,77.30,3263,330110,25624707.00,
513687,SPECTRA IND.,X ,Q,8.48,8.48,8.48,8.48,8.48,8.08,1,1,8.00,
513693,KIC METALIKS,X ,Q,50.00,51.00,47.00,49.50,49.50,56.35,478,83385,4085156.00,
513699,SOLID STONE ,X ,Q,40.85,41.80,38.20,41.70,41.75,39.90,52,6106,241227.00,
513709,SHILP GRAVUR,X ,Q,92.75,92.75,86.00,86.50,86.35,85.50,18,473,41642.00,
513713,WHITEORG    ,X ,Q,11.99,12.13,11.31,11.92,12.10,11.68,182,39734,464348.00,
513721,MFSINTRCRP  ,X ,Q,19.50,19.80,18.20,19.20,19.20,19.00,97,15413,289088.00,
513729,ARO GRANITE ,B ,Q,50.85,50.85,41.15,43.05,43.25,42.40,128,1748,75950.00,
514010,HIM.FIBRES  ,X ,Q,5.09,5.28,4.84,5.13,5.13,5.09,36,3862,19192.00,
514028,RAJKAMAL SYN,XT,Q,28.00,30.00,28.00,28.90,30.00,28.65,17,740,21290.00,
514030,DEEPAK SPINN,X ,Q,247.95,247.95,235.00,235.75,235.10,238.25,114,4211,1004327.00,
514034,JBF IND.LTD ,B ,Q,13.00,13.29,13.00,13.29,13.29,12.66,33,16718,219152.00,
514036,LOY.TEX MILL,X ,Q,879.00,987.00,879.00,930.85,918.20,869.35,68,1046,977090.00,
514043,HIMAT.SEIDE ,A ,Q,119.65,124.35,119.05,122.50,121.55,118.35,1278,22546,2763753.00,
514045,BSL LTD.    ,B ,Q,105.05,107.50,100.20,106.85,106.00,103.10,138,1361,144534.00,
514087,PBM POLYTEX ,X ,Q,138.00,158.00,118.20,124.45,122.00,133.50,319,15406,1939830.00,
514113,ADHINATH TEX,XT,Q,42.20,46.45,42.20,46.45,46.45,44.25,106,7739,342472.00,
514128,KONARK SYN. ,XT,Q,10.90,10.90,10.90,10.90,10.90,11.10,1,1,10.00,
514138,SURYALATA SP,X ,Q,381.00,381.00,359.20,368.30,374.00,362.45,182,7302,2721016.00,
514140,SURYAVA SPIN,X ,Q,22.50,22.50,22.50,22.50,22.50,21.70,17,4831,108697.00,
514142,TT LTD.     ,B ,Q,88.95,90.60,88.10,89.60,89.55,87.35,79,2370,213512.00,
514162,WELSPUN (I) ,A ,Q,68.00,68.10,65.05,65.65,65.65,66.90,2960,222674,14932691.00,
514165,IND.ACRYLICS,X ,Q,12.48,12.50,11.80,12.14,12.28,12.26,168,65276,800341.00,
514167,GANESH ECOSP,B ,Q,637.70,649.40,623.45,626.10,633.30,631.20,341,654,415085.00,
514171,CEETA IND.  ,XT,Q,12.55,12.55,12.50,12.50,12.50,13.15,4,1705,21397.00,
514175,VARDHMAN POL,B ,Q,23.95,24.25,23.25,23.95,23.70,23.10,32,2757,66013.00,
514183,BLACKROSE   ,B ,Q,182.50,182.90,175.50,177.15,178.00,178.20,1242,22747,4070339.00,
514197,ST CORP     ,XT,Q,80.55,80.55,80.55,80.55,80.55,76.75,57,30435,2451539.00,
514211,SUMEET INDUS,B ,Q,8.10,8.50,8.00,8.13,8.13,8.10,132,39644,323215.00,
514215,BINNY LTD.  ,X ,Q,277.00,279.00,261.05,277.05,277.05,266.60,93,4439,1224611.00,
514223,RAMGOPAL POL,XT,Q,6.82,7.09,6.50,7.09,7.09,6.82,13,278,1902.00,
514234,SANGAM INDIA,B ,Q,251.30,269.15,250.55,261.05,262.65,246.90,508,3775,976769.00,
514238,IKAB SEC.   ,XT,Q,630.00,630.00,575.25,577.00,577.00,605.50,18,211,122735.00,
514240,KUSHIND     ,XT,Q,2.85,2.85,2.71,2.71,2.71,2.85,10,1977,5371.00,
514248,SREECHEM RES,P ,Q,31.00,31.00,31.00,31.00,31.00,31.40,1,100,3100.00,
514264,SEASONS TEXT,X ,Q,13.50,13.50,12.85,13.00,13.00,13.12,6,2827,36357.00,
514266,ZENITH FIBRE,X ,Q,56.45,59.80,56.45,59.05,59.05,59.75,16,1291,74238.00,
514272,BHILWARA SP.,X ,Q,35.10,35.10,32.50,33.05,33.05,33.85,16,2697,91459.00,
514274,AARVEE DENIM,B ,Q,25.00,25.00,22.00,23.65,23.70,23.60,49,2630,61290.00,
514280,SANRHEA TECH,XT,Q,78.25,78.25,78.25,78.25,78.25,74.55,10,1029,80519.00,
514286,ASHIMA LTD. ,B ,Q,12.69,12.99,12.30,12.74,12.61,12.49,132,12353,155641.00,
514300,PIONEER EMB ,B ,Q,43.85,45.85,43.20,43.20,43.20,43.25,168,1247,55735.00,
514302,VIPPY SPIN. ,X ,Q,108.80,108.80,108.70,108.70,108.70,105.35,7,191,20762.00,
514312,JAY HIND SYN,XT,Q,28.80,28.80,27.00,27.90,28.00,28.05,26,8792,244309.00,
514316,RAGHUVIR SYN,B ,Q,158.80,158.80,149.95,151.05,151.05,152.85,197,4273,652940.00,
514322,KAMADGIRI   ,X ,Q,62.50,68.85,62.50,66.50,66.50,65.70,46,4639,305932.00,
514326,PATSPIN INDI,X ,Q,8.99,8.99,8.31,8.75,8.54,8.57,26,3524,30733.00,
514330,ONEGLOBAL   ,X ,Q,68.25,72.00,65.20,65.20,65.20,68.60,52,3162,213056.00,
514332,NEOINFRA    ,X ,Q,13.45,13.45,13.00,13.40,13.40,12.95,13,1921,25341.00,
514354,PREMIER POLY,B ,Q,90.20,91.60,85.35,86.35,90.00,87.85,111,1884,165809.00,
514358,EVERLON SYN.,X ,Q,38.00,39.15,36.05,37.80,39.15,35.60,76,176280,6540957.00,
514360,KRRAIL      ,X ,Q,23.50,23.50,22.60,22.70,22.60,22.55,11,1044,23742.00,
514386,GUJ COTEX   ,XT,Q,8.30,8.52,8.15,8.49,8.49,8.12,1570,588439,4984569.00,
514394,AJIL        ,Z ,Q,26.25,26.25,25.35,26.15,26.15,26.25,14,273,7072.00,
514400,GARWARE SYN.,X ,Q,14.00,14.00,14.00,14.00,14.00,14.95,15,3910,54740.00,
514412,SARUPINDUS  ,X ,Q,23.65,23.65,23.65,23.65,23.65,24.85,4,52,1229.00,
514418,MANORG      ,B ,Q,675.00,699.90,661.30,689.75,689.75,645.65,264,2119,1448889.00,
514428,HINDU.ADHESI,X ,Q,542.00,542.00,520.00,540.85,541.25,516.30,68,1036,556150.00,
514442,SRI KPR IND ,X ,Q,27.45,27.45,21.00,22.10,22.25,22.90,48,2565,56941.00,
514448,JYOTI RESINS,X ,Q,2232.00,2351.70,2210.00,2300.15,2300.15,2239.75,796,6588,15143235.00,
514450,MAHA.RUBTECH,B ,Q,131.00,134.40,123.05,132.70,134.40,128.00,46,413,54274.00,
514454,SOUTH.LATEX ,XT,Q,12.45,13.30,12.10,13.30,13.30,12.70,7,121,1483.00,
514470,WIMSOME TEXT,B ,Q,81.05,89.00,81.05,88.15,86.45,83.30,161,5417,473052.00,
515008,MOD.INSUL.  ,XT,Q,45.55,46.75,45.00,46.35,46.75,45.00,27,4936,224277.00,
515030,ASAHI IN.GLA,A ,Q,450.75,450.75,438.25,448.90,450.40,440.65,2293,26458,11814480.00,
515037,MURD.CERAM  ,B ,Q,23.90,24.20,23.90,24.00,24.00,23.15,112,4529,108698.00,
515043,SAINT-GOBAIN,X ,Q,77.00,77.40,75.10,75.85,75.85,76.40,591,36381,2760850.00,
515055,ANANTRAJ    ,A ,Q,51.00,52.85,50.65,52.40,52.50,49.90,1752,128501,6601549.00,
515059,MADHUS.IND. ,X ,Q,26.00,27.95,25.20,26.30,26.60,25.90,40,2435,63647.00,
515085,RESTILE CER.,X ,Q,3.39,3.39,3.07,3.28,3.28,3.23,57,13518,42811.00,
515093,MADHAV MARB.,B ,Q,50.00,52.00,49.40,51.10,50.10,50.00,78,3535,179264.00,
515127,RAMASIGNS   ,X ,Q,4.10,4.15,3.85,3.98,4.07,3.98,85,92296,368300.00,
515147,HALDYN GLASS,X ,Q,37.70,38.90,37.50,38.55,38.50,37.95,220,98388,3740597.00,
516003,DUROPLY     ,X ,Q,116.50,119.50,114.00,118.60,119.50,113.85,29,2260,265083.00,
516016,SHREYANS IND,B ,Q,98.65,100.65,96.50,96.95,96.95,96.90,219,6075,590628.00,
516022,STAR PAPER  ,B ,Q,160.90,162.35,157.20,159.05,160.00,157.55,893,14411,2295272.00,
516030,YASHPAKKA   ,X ,Q,82.00,82.00,78.00,80.20,80.20,80.85,345,55447,4399039.00,
516032,SARDA PAPERS,X ,Q,10.49,10.49,10.49,10.49,10.49,10.49,5,498,5224.00,
516062,NAT.PLYWOOD ,Z ,Q,8.20,8.92,8.10,8.92,8.92,8.50,11,1187,10536.00,
516064,ARROWGREEN  ,B ,Q,95.00,95.30,95.00,95.30,95.30,95.15,4,40,3804.00,
516072,VISHNU CHEM ,T ,Q,1389.85,1389.85,1314.25,1350.90,1352.00,1345.85,59,889,1190362.00,
516078,JUMBO BAG   ,X ,Q,23.15,24.85,23.00,23.55,24.85,23.75,14,2872,67518.00,
516082,N.R.AGARWAL ,B ,Q,241.00,241.50,230.10,232.05,232.10,237.30,104,1112,262680.00,
516092,3PLAND      ,T ,Q,14.70,14.70,13.55,14.45,14.45,14.00,16,3402,48289.00,
516096,SANGAL PAPER,XT,Q,94.05,94.05,93.80,93.80,93.80,89.60,3,4,375.00,
516106,SH.KARTHIK P,X ,Q,5.00,5.00,5.00,5.00,5.00,4.90,6,1389,6945.00,
516108,S.I.PAPER   ,X ,Q,141.40,145.60,136.05,142.50,142.50,146.95,111,9856,1394481.00,
516110,SCANDENT    ,X ,Q,17.80,17.80,16.40,17.15,16.90,17.25,155,44583,744446.00,
517015,VINDHYA TELE,A ,Q,909.35,936.90,909.00,928.15,936.90,907.85,71,411,378881.00,
517035,RUTTONSHA IN,X ,Q,255.60,275.85,255.00,275.20,274.85,262.75,152,3987,1079591.00,
517041,ADORWELDING ,B ,Q,657.05,674.50,643.45,659.25,656.75,662.85,202,1611,1067697.00,
517044,INT.DATA MAN,XT,Q,8.55,8.97,8.13,8.97,8.97,8.55,8,67,566.00,
517059,SALZER ELEC ,B ,Q,170.50,171.65,167.10,169.15,167.70,165.70,88,2887,489920.00,
517063,JETINFOTRAN ,X ,Q,43.50,45.00,42.30,43.55,44.75,44.35,10,264,11504.00,
517096,APLAB LTD.  ,X ,Q,22.80,23.90,22.00,22.05,23.70,22.80,49,13516,315475.00,
517119,PCS TECH    ,X ,Q,17.60,18.75,17.30,17.45,17.30,17.95,30,1409,25592.00,
517146,USHA MART.LT,A ,Q,121.00,121.00,115.30,116.55,116.55,118.85,1668,52369,6152239.00,
517166,SPEL SEMICON,XT,Q,50.10,54.20,50.10,53.80,53.80,52.05,494,18809,1006012.00,
517168,SUBROS LTD. ,A ,Q,292.55,298.75,290.00,295.10,294.80,294.05,54,427,126141.00,
517174,HONEYWELL   ,A ,Q,30686.00,31624.00,30686.00,31146.75,31146.75,30460.45,163,274,8531282.00,
517201,SWITCH.TECH.,X ,Q,38.55,40.45,36.65,36.65,36.65,38.55,28,1147,42411.00,
517206,LUMAX IND   ,B ,Q,1050.90,1185.00,1050.90,1158.75,1158.75,1050.90,759,4295,4901242.00,
517214,DIGISPICE   ,B ,Q,30.45,30.45,29.20,29.50,29.50,29.45,243,13006,386423.00,
517230,PREM.AU.ELEC,X ,Q,5.64,5.80,5.40,5.53,5.53,5.64,24,1866,10276.00,
517236,CALCOM VISIO,XT,Q,116.00,116.00,106.15,115.10,115.20,110.95,33,2181,248835.00,
517238,DYNAVISION  ,XT,Q,138.00,145.00,137.40,143.95,143.95,140.10,10,321,45499.00,
517246,BCC FUBA    ,XT,Q,19.25,19.25,18.55,19.05,19.25,19.00,9,319,6073.00,
517264,FINELINE CI ,X ,Q,45.90,47.85,43.70,46.30,46.30,45.90,53,4382,201813.00,
517271,HBL P SYS   ,B ,Q,85.00,86.80,81.80,82.65,82.65,82.35,5563,1092246,92413592.00,
517288,GUJARATPOLY ,X ,Q,38.25,38.25,35.25,36.30,36.30,37.10,38,2466,89638.00,
517300,GUJ.IND.POW.,B ,Q,86.20,86.20,83.50,84.15,84.65,85.40,377,9617,812041.00,
517320,SAV INFOCOM ,XT,Q,3.06,3.06,3.06,3.06,3.06,3.22,2,200,612.00,
517330,CMI LTD.    ,B ,Q,31.15,31.15,27.00,28.50,28.50,28.60,95,5416,152707.00,
517334,MOTHERSON SS,A ,Q,118.00,126.50,116.75,123.05,123.05,122.70,10036,1144498,141516770.00,
517344,MINDTECK (I),B ,Q,138.35,140.95,123.00,125.10,125.10,130.75,376,11850,1548407.00,
517354,HAVELLSINDIA,A ,Q,1172.55,1191.60,1150.00,1180.95,1182.00,1172.55,1996,30220,35405426.00,
517356,ACI INFOCOM ,XT,Q,1.82,1.86,1.70,1.77,1.86,1.78,1318,599499,1038740.00,
517372,GUJ.INTRUX  ,X ,Q,124.00,124.00,124.00,124.00,124.00,121.40,3,8,992.00,
517380,IGARSHI MOT ,B ,Q,282.00,290.00,280.40,289.60,287.25,276.95,500,3142,898892.00,
517385,SYMPHONY    ,A ,Q,1028.00,1037.60,1002.00,1011.60,1007.00,1016.75,611,2789,2824679.00,
517397,PAN ELECTR. ,X ,Q,33.15,36.20,33.05,35.75,35.75,34.75,6,1129,40313.00,
517399,VXL INSTRUM.,X ,Q,9.98,11.00,9.98,10.00,10.00,10.50,13,932,9836.00,
517415,LEE&NEE SOFT,X ,Q,11.71,12.50,11.65,11.82,11.89,12.26,326,66650,783396.00,
517417,PATEL AIRTEM,X ,Q,200.25,213.00,200.25,209.90,210.25,205.30,82,10478,2188085.00,
517421,BFLYGANDHI  ,B ,Q,1416.85,1417.70,1415.00,1416.65,1417.00,1416.50,83,2092,2963926.00,
517429,ATHENAGLO   ,XT,Q,70.00,70.00,63.75,63.75,64.00,66.80,10,8079,516557.00,
517437,DUTRON POLY.,XT,Q,129.95,129.95,121.80,122.00,122.00,128.20,4,41,5007.00,
517447,R.S.SOFTWARE,B ,Q,25.95,26.75,25.65,26.45,26.35,25.50,274,6509,171359.00,
517449,MAGNA ELECTR,X ,Q,179.95,179.95,172.00,172.00,172.00,172.90,8,255,45115.00,
517477,ELNET TECH. ,X ,Q,154.90,157.00,150.25,155.90,155.90,150.00,45,6330,970120.00,
517494,ACCEL       ,X ,Q,22.40,22.55,21.25,21.45,21.70,21.75,110,17153,375751.00,
517498,WEBELSOLAR  ,T ,Q,93.35,93.95,90.00,90.80,92.85,92.60,245,8115,747341.00,
517500,ROTO PUMPS  ,B ,Q,474.00,488.75,462.35,485.20,485.20,469.65,627,4885,2314403.00,
517506,TTK PRESTIGE,A ,Q,843.95,843.95,813.00,828.40,827.90,806.40,792,3361,2773363.00,
517514,DHINDIA     ,X ,Q,25.50,27.95,25.50,25.60,25.60,25.50,11,188,4931.00,
517522,RAJ GLO WIR ,B ,Q,685.00,699.10,662.00,699.10,699.10,665.85,230,2349,1618754.00,
517530,SURANATP    ,B ,Q,11.05,11.24,10.73,11.24,11.24,10.71,110,37709,422864.00,
517536,ONWARD TECHN,B ,Q,279.80,292.90,278.60,289.45,292.05,277.00,132,1282,364699.00,
517544,CENTUM ELEC ,B ,Q,483.95,483.95,460.80,467.35,467.60,462.00,63,309,147911.00,
517546,ALFA TRANSFO,X ,Q,7.41,7.41,7.41,7.41,7.41,7.41,5,112,829.00,
517548,STARLITE COM,Z ,Q,5.05,5.05,4.94,4.94,4.94,5.19,29,9115,45039.00,
517554,NHCFOODS    ,X ,Q,18.00,18.90,17.10,18.00,17.85,18.15,85,27438,497626.00,
517556,PVP VENT LTD,T ,Q,5.31,5.79,5.25,5.78,5.78,5.52,44,21419,117307.00,
517562,TRIGYN TECH ,B ,Q,101.35,105.85,101.30,103.70,103.75,99.70,503,7914,814115.00,
517569,KEI INDUST. ,A ,Q,1163.95,1208.85,1163.65,1204.15,1207.00,1148.00,1643,16328,19372934.00,
517571,IMPPOWERS   ,T ,Q,12.05,12.60,11.77,12.10,12.10,12.00,14,1002,12350.00,
518011,KEERTHI     ,XT,Q,145.00,154.95,145.00,152.80,152.80,152.20,6,96,14090.00,
518017,BHEEMA CEM  ,XT,Q,84.05,84.05,84.05,84.05,84.05,82.45,6,21,1765.00,
518029,GUJ.SIDH.CEM,B ,Q,37.65,39.20,37.50,38.50,38.75,37.85,183,4454,170972.00,
518075,SURAJ PRODUC,Z ,Q,96.15,99.95,96.15,96.15,96.15,101.20,83,5729,551052.00,
518091,ANJANI PORTL,B ,Q,213.55,237.90,213.55,218.05,218.05,213.45,89,1342,296706.00,
519003,MODINATURAL ,X ,Q,225.50,225.50,207.20,210.65,210.00,214.80,162,18815,4074345.00,
519064,KHANDEL. EXT,XT,Q,21.80,21.80,21.80,21.80,21.80,20.80,1,109,2376.00,
519091,TASTY BITE  ,A ,Q,9913.95,10205.05,9819.95,9819.95,9819.95,9829.90,28,33,328904.00,
519097,RITESH INTER,XT,Q,39.55,42.95,39.55,42.75,42.85,41.60,187,39585,1623735.00,
519105,AVT NATURAL ,B ,Q,96.10,99.10,94.65,97.95,99.05,94.55,516,6721,650992.00,
519126,HIND.FOODS  ,A ,Q,1801.00,1866.95,1801.00,1858.85,1865.00,1833.35,202,697,1287778.00,
519136,NAHAR INDUST,B ,Q,132.90,138.70,131.60,135.65,133.50,127.10,550,8000,1082292.00,
519152,VADILAL ENT ,XT,Q,1775.00,1880.00,1703.00,1864.05,1880.00,1791.25,24,164,303913.00,
519156,VADILAL IND ,B ,Q,1684.90,1799.95,1684.90,1784.95,1780.00,1645.05,1127,2898,5046855.00,
519174,ASHIANA AGRO,XT,Q,7.35,7.35,7.20,7.20,7.20,7.20,8,68,489.00,
519183,ADF FOODS LT,B ,Q,724.00,744.30,699.95,721.75,726.00,724.25,454,80835,56745775.00,
519191,RGRL        ,X ,Q,10.70,11.00,10.37,10.83,10.94,10.44,78,11416,123355.00,
519216,AJANTA SOYA ,X ,Q,223.90,247.40,223.90,247.40,247.40,235.65,1878,129308,30158837.00,
519224,WILLIAM.MAGO,B ,Q,21.15,21.15,21.15,21.15,21.15,21.15,2,86,1818.00,
519230,RICHIRICH   ,X ,Q,3.80,3.80,3.54,3.54,3.54,3.72,16,1503,5329.00,
519260,SANWARIA    ,Z ,Q,0.95,0.95,0.91,0.94,0.95,0.91,126,181629,170442.00,
519262,PRIMA AGRO L,XT,Q,27.60,28.95,27.60,27.85,27.70,28.95,8,238,6631.00,
519285,TARAI FOODS ,XT,Q,8.15,8.34,7.95,8.34,8.34,7.95,99,9468,78559.00,
519287,MODERN DAIRI,X ,Q,8.10,8.30,7.86,8.24,8.29,8.09,72,4661,38206.00,
519295,BAMBINO AGRO,X ,Q,280.00,280.00,262.00,274.50,274.00,273.95,38,466,126478.00,
519299,PRIME INDS. ,Z ,Q,8.48,8.48,8.46,8.46,8.46,8.48,3,4,33.00,
519307,VIKAS WSP   ,Z ,Q,2.67,2.88,2.65,2.68,2.68,2.77,190,166704,451640.00,
519319,JATALIA     ,Z ,Q,4.95,4.95,4.95,4.95,4.95,5.04,7,524,2593.00,
519331,VSF PROJ    ,X ,Q,37.95,37.95,35.00,35.00,35.00,34.95,2,204,7151.00,
519359,POONA DAL   ,XT,Q,69.85,75.40,69.85,71.10,73.00,73.50,210,13985,997220.00,
519383,ANIK INDS   ,B ,Q,27.30,28.00,27.30,28.00,28.00,26.70,22,5226,146247.00,
519397,SHARAT INDUS,XT,Q,43.35,46.00,43.35,46.00,46.00,45.60,19,3234,140657.00,
519421,KSE LIMITED ,XT,Q,2205.00,2225.00,2205.00,2215.00,2205.00,2224.15,24,288,638903.00,
519455,NARBADA     ,X ,Q,41.85,42.00,32.70,36.95,36.95,35.10,15,288,10759.00,
519457,VIRAT CRANE ,X ,Q,30.95,30.95,28.00,28.80,28.80,30.00,129,10650,302444.00,
519471,AMBARPIL    ,XT,Q,37.70,37.70,37.70,37.70,37.70,35.95,2,100,3770.00,
519475,CHORDIA FOOD,X ,Q,145.00,145.00,133.00,140.90,140.90,137.20,7,125,16826.00,
519477,CIANAGRO    ,XT,Q,67.80,73.25,67.60,72.00,72.00,71.15,15,460,32286.00,
519483,TAI INDUST. ,X ,Q,43.20,43.20,43.20,43.20,43.20,45.45,20,953,41169.00,
519494,N K INDUST. ,B ,Q,36.80,36.80,36.80,36.80,36.80,36.85,1,1,36.00,
519500,BKV INDUSTRS,XT,Q,9.30,9.30,8.42,8.86,8.86,8.86,22,370,3288.00,
519532,ASIAN TEA   ,X ,Q,15.85,16.30,15.25,16.10,16.15,15.85,101,12685,200386.00,
519552,HERITGFOOD  ,A ,Q,295.45,299.70,280.90,288.25,288.25,291.40,2009,19936,5813542.00,
519566,SIMRAN FARMS,X ,Q,150.50,150.50,145.10,148.80,148.80,144.55,34,429,63415.00,
519588,DFM FOODS   ,B ,Q,206.50,210.60,200.90,205.65,204.40,204.75,259,3955,815995.00,
519600,CCL PRODUCTS,A ,Q,342.80,352.00,338.15,349.45,349.45,341.60,1134,12061,4179601.00,
519602,KELLTONTEC  ,B ,Q,71.45,71.45,69.20,69.85,71.00,68.30,1176,48739,3417096.00,
519604,SURYO FOODS ,XT,Q,7.00,7.00,6.80,6.80,6.80,7.00,2,210,1430.00,
519606,INTEG.PROEIN,XT,Q,18.00,18.85,18.00,18.85,18.85,18.90,4,12,217.00,
520008,RICO AUTO   ,B ,Q,33.50,33.95,33.00,33.55,33.45,33.05,261,16509,553815.00,
520021,OMAX AUTOS. ,B ,Q,48.60,48.75,47.70,47.90,47.90,48.25,37,1607,77518.00,
520043,MUNJAL SHOWA,B ,Q,97.05,101.50,97.05,100.25,100.25,95.85,148,1508,150396.00,
520051,JAMNA AUTO  ,A ,Q,116.95,116.95,111.00,111.85,112.90,114.50,1415,52477,5965106.00,
520056,SUNDAR.CLAY ,A ,Q,3682.15,3802.15,3679.90,3798.20,3784.50,3695.80,58,123,458848.00,
520057,JTEKTINDIA  ,A ,Q,75.30,77.30,73.60,75.65,74.90,75.25,302,11594,866108.00,
520059,MUNAUTO     ,B ,Q,39.65,41.35,39.65,41.00,41.20,40.10,233,4265,174274.00,
520066,JAYBH.MARUTI,B ,Q,132.65,134.50,132.65,134.50,134.50,131.50,6,135,17940.00,
520073,RACLGEAR    ,X ,Q,580.95,580.95,572.00,575.85,574.00,572.35,121,2817,1621886.00,
520075,SAMKRG PIST.,X ,Q,140.95,141.50,133.20,139.05,139.90,137.95,108,8617,1199829.00,
520086,SICAL LOG   ,T ,Q,9.00,9.39,8.71,8.92,9.00,9.16,193,58253,515382.00,
520111,RATNAMNI MET,A ,Q,2556.20,2599.65,2548.50,2557.35,2549.65,2550.20,165,213,548413.00,
520113,VESUVIUS IND,A ,Q,1000.00,1005.05,1000.00,1005.00,1005.00,999.40,19,30,30089.00,
520119,AUTOMOTIVE S,T ,Q,444.45,449.00,420.00,431.65,432.00,429.45,226,4337,1884373.00,
520121,ARCEE INDUST,X ,Q,9.14,9.14,9.13,9.14,9.14,8.71,26,28521,260679.00,
520123,ABC INDIA   ,X ,Q,71.00,74.00,66.10,73.30,71.00,70.30,53,5104,360155.00,
520127,BALURGHAT TE,X ,Q,8.99,8.99,8.40,8.41,8.40,8.80,20,3567,31655.00,
520131,COASTAL ROAD,P ,Q,21.40,22.20,21.40,22.20,22.20,21.15,11,3100,68090.00,
520141,SIBAR AUTO  ,X ,Q,8.91,9.25,8.53,8.96,8.96,8.87,14,183,1634.00,
520151,SHREY SH LOG,B ,Q,351.10,361.05,349.40,354.95,356.30,348.25,879,16902,6007100.00,
520155,STARLOG     ,X ,Q,9.91,9.93,9.90,9.93,9.93,9.46,13,2118,20989.00,
521005,TITANIN     ,X ,Q,28.45,28.45,28.45,28.45,28.45,29.90,41,1800,51210.00,
521014,EUROTEX IND ,T ,Q,11.98,11.98,11.98,11.98,11.98,12.61,1,5,59.00,
521016,INDO COUNT  ,A ,Q,143.15,144.30,140.25,141.25,141.25,141.80,1461,53200,7581663.00,
521018,MARAL OVERS ,B ,Q,75.90,76.55,70.75,76.30,76.35,73.00,45,2099,157291.00,
521034,SOMA TEXTILE,T ,Q,7.33,7.33,6.83,6.83,6.83,7.18,7,936,6404.00,
521054,KAKATIYA TEX,XT,Q,9.90,10.90,9.90,10.90,10.90,10.40,86,48615,484645.00,
521062,OCTAVE      ,XT,Q,2.83,2.83,2.58,2.82,2.82,2.71,28,7630,20527.00,
521064,TRIDENT     ,A ,Q,45.25,46.20,44.85,45.80,45.80,44.60,5980,374004,17038940.00,
521070,ALOK INDS.  ,T ,Q,21.85,22.00,21.25,21.60,21.60,21.65,1449,415834,8961029.00,
521080,PASARI SPIN ,XT,Q,4.75,5.25,4.75,4.76,4.76,5.00,67,9370,46691.00,
521082,SPENTEX INDS,Z ,Q,2.43,2.43,2.32,2.40,2.40,2.44,5,1301,3049.00,
521097,AMARJOTHI SP,X ,Q,156.90,156.90,148.00,149.15,148.00,152.65,75,3653,549332.00,
521105,OLYMPIA IND.,X ,Q,35.85,35.85,32.20,32.90,33.00,35.00,23,2222,72979.00,
521109,NAGREEKA EXP,B ,Q,45.00,45.05,41.10,41.10,41.10,43.25,123,6245,264760.00,
521113,SUDITI IND. ,X ,Q,39.00,39.00,39.00,39.00,39.00,39.00,4,297,11583.00,
521131,SBFL        ,X ,Q,14.55,15.10,14.16,14.17,14.17,15.10,26,2929,41588.00,
521141,ADITYA SPIN.,XT,Q,19.75,20.00,19.00,19.70,19.70,19.65,30,2558,50535.00,
521151,DHANLXMI FAB,XT,Q,152.75,152.75,152.75,152.75,152.75,160.75,62,930,142057.00,
521161,SRI LAK.SAR.,X ,Q,62.60,62.60,54.70,61.00,61.00,60.75,7,61,3729.00,
521163,ZODIAC CLOTH,B ,Q,96.65,96.65,92.55,94.80,94.80,94.10,82,2022,192080.00,
521178,SRI RAMK.MIL,X ,Q,27.90,31.40,27.90,31.40,31.40,30.95,11,494,14238.00,
521180,SUPER SPIN. ,T ,Q,10.51,11.35,10.51,10.83,10.83,10.85,10,1775,19900.00,
521188,UNITED TEXT.,XT,Q,10.99,10.99,10.07,10.11,10.11,10.59,40,4262,45130.00,
521194,SIL INVEST  ,B ,Q,293.60,296.05,281.10,286.80,281.10,283.90,13,66,19052.00,
521200,SURYLAK.COTT,B ,Q,64.75,64.90,63.50,63.90,64.90,62.20,125,3945,253072.00,
521206,SAMTEX FASH.,XT,Q,3.48,3.83,3.47,3.52,3.79,3.65,134,70634,263420.00,
521216,DHAN ROTO SP,X ,Q,89.95,96.85,89.95,92.35,94.90,89.95,17,445,41409.00,
521220,DAMOINDUS   ,B ,Q,53.80,53.80,47.70,49.30,49.40,48.25,170,5552,274111.00,
521222,SANBLUE     ,X ,Q,36.10,36.10,36.10,36.10,36.10,36.10,1,25,902.00,
521226,UNI ROYAL IN,X ,Q,15.40,16.95,15.40,15.40,15.40,16.20,12,3384,52116.00,
521228,TATIA GLOB  ,X ,Q,2.80,2.80,2.61,2.64,2.65,2.70,131,29866,79923.00,
521232,SUNIL INDUS.,P ,Q,38.00,38.00,38.00,38.00,38.00,39.95,1,200,7600.00,
521234,SRI NACHAMAI,X ,Q,51.55,55.00,46.40,54.30,54.30,48.50,111,15920,842647.00,
521240,SAMBANDAM SP,X ,Q,210.00,219.00,209.10,213.85,213.80,218.65,72,2176,458738.00,
521242,KANDAGIRI SP,X ,Q,17.60,19.95,17.60,18.35,18.35,19.45,7,359,6584.00,
521248,KITEX GARMEN,B ,Q,240.00,242.70,233.00,234.60,234.60,236.50,1915,47318,11249000.00,
522001,CRANEX LTD. ,X ,Q,17.20,17.20,16.50,16.50,16.50,17.00,5,164,2726.00,
522004,BATLIBOI LTD,X ,Q,35.90,35.90,34.60,35.00,35.00,34.95,28,3552,124387.00,
522005,AUSTIN ENGG.,X ,Q,56.80,60.00,56.30,56.90,57.90,56.00,19,1905,108255.00,
522014,UNITED DRILL,B ,Q,445.65,468.80,435.00,447.90,450.00,439.35,409,2238,1004855.00,
522017,FLUIDOMAT   ,X ,Q,141.90,141.95,139.50,141.00,141.95,139.05,15,404,56736.00,
522029,WINDSOR MACH,B ,Q,34.90,36.20,34.85,35.05,35.30,34.40,135,32743,1151775.00,
522034,SHANTHI GEAR,B ,Q,231.50,236.25,226.10,227.50,228.70,228.50,1854,42903,9850505.00,
522064,HONDAPOWER  ,B ,Q,1556.60,1633.00,1553.25,1619.20,1620.00,1555.45,523,1394,2218367.00,
522073,HITECHGEAR  ,B ,Q,181.00,181.00,175.55,177.90,178.05,177.45,53,970,174734.00,
522074,ELGI EQUIP  ,A ,Q,334.50,342.55,331.00,333.45,333.45,342.10,295,5710,1913631.00,
522091,UV DER HORST,X ,Q,63.60,73.50,63.60,73.50,73.50,68.75,2,9,592.00,
522101,KILBURN ENGG,X ,Q,34.95,36.55,34.05,35.25,36.55,34.85,55,16982,611366.00,
522105,BIRLA PRETEC,XT,Q,33.00,34.25,31.30,32.95,33.00,32.65,715,223234,7389470.00,
522108,YUKEN INDIA ,B ,Q,466.00,467.75,455.90,457.10,457.10,454.15,44,291,134178.00,
522113,TIMKEN (I)  ,A ,Q,1966.05,2023.95,1937.10,1964.40,1961.00,1953.65,421,1122,2198370.00,
522122,VOITH PAPER ,X ,Q,1020.00,1035.00,1005.00,1013.60,1012.00,953.80,29,592,602448.00,
522134,ARTSON ENG  ,XT,Q,82.30,89.55,82.30,85.90,85.90,85.30,265,11718,1021287.00,
522152,SOLITAIR MC ,X ,Q,59.75,61.00,57.10,59.60,58.45,59.80,83,12602,750492.00,
522165,INDSIL HYD  ,X ,Q,80.00,81.75,74.05,74.50,74.05,77.90,544,88182,6808083.00,
522183,ITL INDUSTRS,X ,Q,127.50,127.50,118.00,119.45,118.50,122.45,73,9596,1150631.00,
522195,FRONTIER SPR,X ,Q,303.20,329.00,303.20,313.10,313.10,306.25,84,2700,849743.00,
522205,PRAJ IND.LTD,A ,Q,331.70,333.10,322.60,328.85,327.20,320.25,1877,48298,15857924.00,
522207,RASANDIK ENG,X ,Q,94.00,94.00,88.60,94.00,94.00,90.20,14,422,39357.00,
522209,YOGI SUNGWON,X ,Q,4.97,5.47,4.97,5.47,5.47,4.98,13,7074,36958.00,
522215,HLEGLAS     ,A ,Q,3424.00,3463.70,3377.45,3429.25,3424.75,3380.05,587,1297,4436741.00,
522217,GUJ APOIND  ,B ,Q,222.00,222.70,208.05,211.75,211.35,210.20,102,1239,266000.00,
522229,TANEJA AERO.,X ,Q,113.30,117.85,113.00,117.65,117.85,112.25,490,25781,2998517.00,
522231,CONART ENG. ,X ,Q,35.10,36.25,35.00,36.10,36.10,36.10,23,7458,263985.00,
522237,SHIVAGRICO  ,XT,Q,17.85,17.85,17.85,17.85,17.85,17.00,3,5200,92820.00,
522241,M.M.FORGINGS,B ,Q,795.25,798.10,777.10,781.15,779.20,794.90,308,823,647667.00,
522245,IYKOT HITEC ,Z ,Q,13.25,13.25,13.25,13.25,13.25,13.94,2,151,2000.00,
522249,MAYUR UNIQ. ,A ,Q,369.10,369.10,350.20,355.20,354.50,351.90,812,8651,3095067.00,
522251,CENLUB INDUS,X ,Q,111.90,114.00,108.15,112.60,112.60,97.85,422,28141,3151425.00,
522257,RAJOO ENGIN.,X ,Q,33.05,34.20,32.50,33.50,33.50,33.05,302,35312,1183477.00,
522263,JMC PROJECTS,B ,Q,77.70,78.65,75.65,77.15,77.90,75.70,116,2860,221997.00,
522267,VEEJAY LAKSH,X ,Q,48.05,52.25,48.05,52.10,52.10,49.95,7,181,9080.00,
522273,AHMED.STEEL ,X ,Q,18.10,18.10,18.10,18.10,18.10,19.00,3,117,2117.00,
522275,GET&D       ,A ,Q,98.25,101.35,97.00,101.00,101.30,99.10,190,2467,246364.00,
522281,RAM RAT.WIRE,X ,Q,189.95,192.50,182.20,186.10,186.10,185.65,182,10396,1933034.00,
522285,JAY NECO IND,B ,Q,22.20,23.25,21.35,22.70,22.80,22.25,128,8686,193104.00,
522287,KALPA.POWER ,A ,Q,345.00,359.45,345.00,353.25,355.00,350.45,475,2328,823257.00,
522289,NMSRESRC    ,XT,Q,14.50,15.75,14.30,15.60,15.60,15.00,7,525,7819.00,
522292,CANDOUR     ,X ,Q,46.00,46.00,42.70,45.40,45.85,43.55,103,11119,497045.00,
522294,T & I GLOBAL,X ,Q,84.75,85.40,84.70,84.70,84.70,84.75,8,464,39351.00,
522295,CONTROL PRNT,B ,Q,442.10,442.10,415.00,420.90,419.05,423.05,146,727,307698.00,
522650,BEMCO HYDRAU,X ,Q,344.00,344.80,323.00,344.80,344.80,328.40,90,4195,1418168.00,
523007,ANSAL BUILD.,X ,Q,94.50,94.50,89.00,90.60,90.60,89.10,66,8921,811471.00,
523011,WEIZMANN LTD,B ,Q,51.50,53.10,48.75,49.05,49.00,50.70,135,2634,131401.00,
523019,B.N.RATHI SE,X ,Q,35.75,35.90,33.30,34.00,33.80,34.10,98,9823,335475.00,
523021,RISHITECH   ,X ,Q,25.00,26.85,25.00,26.50,26.50,25.55,10,488,12785.00,
523023,SINCLAIR HOT,X ,Q,86.10,94.00,82.00,86.80,86.80,87.80,440,52575,4572947.00,
523025,SAFARI IND. ,B ,Q,900.60,906.20,899.50,906.20,906.20,888.70,14,62,55871.00,
523054,BIN.TEX.PR(P,XT,Q,685.00,685.00,685.00,685.00,685.00,721.00,1,1,685.00,
523062,JJ FINANCE  ,XT,Q,34.10,34.10,34.10,34.10,34.10,32.50,4,32,1091.00,
523100,COSMO FERR. ,X ,Q,604.80,604.80,580.10,599.00,599.00,576.00,569,18710,11218164.00,
523113,FUTURA SEC. ,XT,Q,10.80,10.80,10.80,10.80,10.80,10.80,1,175,1890.00,
523116,SANCO TRANS ,X ,Q,826.00,826.00,750.15,789.50,789.00,787.65,78,414,316977.00,
523120,ADOR MULTI. ,X ,Q,50.30,55.70,50.30,54.00,55.00,52.35,26,1747,92359.00,
523127,EIH ASSO.HOT,B ,Q,368.85,374.35,365.95,372.15,371.80,368.05,111,624,231096.00,
523144,MEDI CAPS   ,X ,Q,50.15,51.50,49.00,49.80,50.40,50.15,137,7886,395553.00,
523151,OTCO INTERN.,X ,Q,6.30,6.31,6.00,6.31,6.31,6.01,18,4083,25623.00,
523160,MORGAN CRU  ,X ,Q,945.00,977.00,935.00,960.25,964.75,930.95,60,1361,1297481.00,
523164,SIP INDUST. ,Z ,Q,5.39,5.39,5.39,5.39,5.39,5.14,4,53,285.00,
523186,BA PACK     ,XT,Q,175.10,183.85,175.10,183.85,183.85,175.10,26,527,96201.00,
523204,ABAN OFFSHO ,B ,Q,48.10,48.30,45.70,47.00,47.45,47.45,1172,29151,1372940.00,
523207,KOKUYOCMLN  ,B ,Q,59.00,60.05,58.00,60.00,60.00,58.75,281,11268,667239.00,
523229,BHARAT SEATS,X ,Q,70.00,72.00,70.00,71.85,71.95,70.45,81,6605,470427.00,
523232,CONT.PETRO  ,XT,Q,42.35,42.35,39.70,41.40,41.40,41.60,15,711,29063.00,
523242,NB FOOT WEAR,P ,Q,3.65,3.65,3.65,3.65,3.65,3.48,1,100,365.00,
523248,MACHINO PLAS,X ,Q,100.55,100.55,100.00,100.15,100.15,101.50,5,265,26553.00,
523260,PEARL POLYME,B ,Q,21.70,22.15,21.20,21.75,21.75,21.15,74,4117,88842.00,
523261,VENKEY'S (I),A ,Q,1924.95,1951.15,1917.30,1928.60,1928.60,1909.40,753,2555,4937626.00,
523269,ADVANI HOTEL,B ,Q,73.90,73.90,71.15,72.60,72.85,71.30,116,2456,177221.00,
523277,G.V.FILMS   ,X ,Q,1.00,1.01,0.96,0.98,0.98,0.98,1709,1775739,1755347.00,
523283,SUPER HOUSE ,B ,Q,163.00,165.25,161.00,163.40,162.00,162.55,30,500,81447.00,
523289,RAMA VISION ,X ,Q,18.40,19.90,18.40,18.55,19.90,19.00,20,2053,38067.00,
523301,TCPL PACK   ,B ,Q,800.00,933.40,800.00,908.65,905.00,787.30,2857,17394,15378980.00,
523309,SHRIGANG IND,XT,Q,10.82,10.82,10.82,10.82,10.82,10.31,1,5,54.00,
523319,BALMER LAWRI,A ,Q,114.60,115.15,113.85,114.60,114.40,113.00,541,13244,1517805.00,
523323,KOVAI MEDI. ,B ,Q,1546.10,1573.05,1546.00,1569.70,1573.05,1525.70,23,130,201871.00,
523329,ELDECO HOUS.,B ,Q,560.15,575.60,530.95,565.80,569.85,559.70,108,617,345026.00,
523367,DCMSHRIRAM  ,A ,Q,986.75,996.55,947.50,958.55,958.55,985.80,1542,10794,10488076.00,
523369,DCM SHR.IND ,B ,Q,87.00,88.55,85.35,87.00,87.40,83.80,627,22744,1973701.00,
523371,MAWANA SUGAR,B ,Q,120.80,122.35,116.50,118.75,119.00,119.30,1709,34634,4131728.00,
523373,MINI DIAMOND,XT,Q,12.60,12.60,11.75,11.75,11.75,12.35,22,2269,26961.00,
523384,MAH.RAS.APEX,B ,Q,81.15,83.00,79.60,82.25,83.00,79.60,7,135,10899.00,
523385,NILKAMAL L  ,A ,Q,1907.10,1932.15,1872.00,1927.80,1913.80,1912.50,144,625,1188857.00,
523391,NAHAR POLY  ,B ,Q,409.85,410.00,391.05,407.30,406.35,392.55,216,3287,1322368.00,
523395,3M INDIA LTD,A ,Q,17600.05,17750.00,17300.00,17604.50,17604.50,17476.45,483,858,15044713.00,
523398,JCHAC       ,A ,Q,1760.95,1779.65,1739.30,1753.80,1747.80,1778.90,158,591,1036776.00,
523405,JM FINANCIAL,A ,Q,61.00,62.00,61.00,61.75,61.75,61.15,1140,54843,3382216.00,
523411,ADCINDIA    ,X ,Q,284.90,284.90,257.35,272.95,273.00,265.30,30,588,156879.00,
523419,TAMIL.TELE. ,T ,Q,8.30,8.60,8.20,8.58,8.58,8.38,19,3302,27572.00,
523425,SUNRAJ DIAM.,Z ,Q,8.35,8.35,8.35,8.35,8.35,8.35,1,7,58.00,
523445,REL INDL INF,A ,Q,868.00,896.45,860.60,888.85,888.85,848.95,5094,101834,89514000.00,
523449,SHARP INDIA ,X ,Q,54.25,57.00,53.00,55.90,57.00,54.25,20,1709,94249.00,
523457,LINDEINDIA  ,A ,Q,2998.00,3040.95,2921.55,2935.90,2935.90,2974.10,883,2944,8702183.00,
523465,IND.BANK HSG,B ,Q,28.35,29.60,27.65,27.85,27.85,28.90,19,2689,76211.00,
523475,LOTUS CHOC  ,X ,Q,156.30,159.40,148.00,153.20,150.05,153.20,62,5024,766337.00,
523483,PACIFIC IND.,X ,Q,424.70,432.45,407.00,409.95,409.95,422.20,23,764,317397.00,
523489,CMM HOSPITAL,X ,Q,24.00,24.00,22.30,23.65,23.70,23.50,27,802,18801.00,
523519,UNI OFF AUTO,XT,Q,2.91,3.21,2.91,3.10,3.10,3.06,8,533,1680.00,
523537,APM INDUS.  ,X ,Q,38.50,39.75,38.30,38.90,38.90,38.50,93,5430,210193.00,
523539,PRECISION WR,B ,Q,78.00,78.00,70.25,73.25,73.00,72.40,214,6353,463014.00,
523550,KRYPTON IND ,X ,Q,26.50,27.00,25.50,26.70,26.80,26.00,35,3249,85082.00,
523558,SWISSMLTRY  ,X ,Q,22.70,22.95,22.00,22.95,22.95,21.90,190,64211,1456034.00,
523566,MARTIN BURN ,X ,Q,34.00,38.85,34.00,37.95,38.30,37.15,15,281,10103.00,
523574,FEL         ,B ,Q,2.99,3.00,2.81,3.00,3.00,2.86,359,234274,689221.00,
523586,IND.TONERS  ,X ,Q,164.15,168.50,164.15,165.15,165.00,160.15,71,3856,638262.00,
523594,KUNSTSTOFFE ,X ,Q,24.20,24.20,22.60,22.60,22.60,23.05,4,47,1076.00,
523598,SHIPP.CORPN ,A ,Q,116.20,117.80,114.35,116.00,116.00,115.70,1972,98017,11369550.00,
523606,SIKA INTER. ,X ,Q,678.20,704.25,661.00,684.85,684.85,670.75,178,3504,2427192.00,
523610,ITI LTD.    ,A ,Q,97.00,98.00,92.30,94.45,94.45,99.00,4516,230400,21847862.00,
523618,DREDGING COR,B ,Q,309.00,309.00,291.20,293.20,293.30,294.25,273,3660,1088025.00,
523620,PHARMASIA   ,XT,Q,24.05,24.05,23.60,23.60,23.60,24.70,3,20,480.00,
523628,PODDAR      ,B ,Q,178.00,185.80,178.00,184.90,185.80,177.50,5,19,3434.00,
523630,NATIONAL FER,A ,Q,53.50,53.50,51.10,51.40,51.40,51.55,1673,129978,6723466.00,
523638,IP RINGS LTD,X ,Q,101.00,108.00,100.60,102.80,100.60,104.10,21,319,32870.00,
523642,PI INDUS.LTD,A ,Q,2617.05,2689.00,2617.05,2671.40,2662.75,2609.65,850,3911,10435903.00,
523648,PLASTIBLEND ,B ,Q,187.15,187.15,184.40,184.40,184.40,183.40,6,100,18563.00,
523650,YASHINNO    ,XT,Q,22.15,22.15,22.15,22.15,22.15,23.30,7,266,5891.00,
523652,KKPLASTICK  ,XT,Q,18.75,18.75,18.75,18.75,18.75,18.75,1,300,5625.00,
523660,WATERBASE   ,B ,Q,78.30,84.40,78.30,81.70,81.70,76.70,353,11319,934306.00,
523672,FLEX FOODS  ,X ,Q,86.00,87.45,82.20,85.20,85.20,83.90,97,4151,350518.00,
523676,GOLKUNDA DIA,X ,Q,84.15,84.15,79.05,84.00,84.00,82.50,25,256,21127.00,
523694,APCOTEX IND ,A ,Q,630.00,640.00,586.00,603.40,603.40,621.50,2125,19954,12175727.00,
523696,FORTIS MLR  ,X ,Q,56.30,56.30,52.70,53.05,53.05,52.25,8,328,17689.00,
523704,MASTEK LTD  ,A ,Q,2487.95,2497.25,2414.50,2444.85,2437.00,2402.80,1295,5011,12314322.00,
523708,EIMCO ELECON,B ,Q,319.00,329.70,316.00,322.15,323.40,312.90,37,633,204062.00,
523710,SAYAJI HOTEL,XT,Q,238.95,238.95,237.65,237.65,237.65,230.00,4,5,1189.00,
523716,ASHIANA HOU ,B ,Q,137.25,139.05,133.00,136.10,137.45,135.55,90,1149,155022.00,
523722,SVAM SOFTWAR,X ,Q,6.27,6.27,5.77,5.77,5.77,5.90,64,8255,48661.00,
523732,ECO BOARD IN,X ,Q,26.00,26.00,24.00,24.95,24.95,25.50,50,13011,319460.00,
523736,DVL         ,B ,Q,214.00,218.00,212.90,214.65,215.00,212.35,169,2708,582356.00,
523754,MAHEPC      ,B ,Q,97.30,98.70,97.00,97.20,98.40,96.80,48,623,60706.00,
523756,SREIINFRA   ,T ,Q,4.67,4.67,4.50,4.53,4.53,4.48,126,51135,232235.00,
523782,MITSHI      ,X ,Q,12.35,13.33,12.11,12.76,12.11,12.10,23,2251,28885.00,
523790,SHUKRA JEW  ,P ,Q,6.20,6.20,6.20,6.20,6.20,6.52,3,16600,102920.00,
523792,MAZDA LTD   ,B ,Q,570.35,573.50,566.05,570.45,566.05,569.50,44,143,81811.00,
523796,VICEROY HOTE,Z ,Q,3.49,3.49,3.33,3.33,3.33,3.33,8,1935,6609.00,
523828,MENON BEAR. ,B ,Q,79.50,80.20,77.10,78.10,78.00,78.00,51,1352,106747.00,
523832,MUKAT PIPES ,X ,Q,8.19,8.19,8.19,8.19,8.19,7.80,15,1552,12710.00,
523838,SIMPLX INFRA,T ,Q,67.80,72.70,67.75,69.15,71.35,71.30,91,7266,498249.00,
523840,INN.TECH.PAC,X ,Q,15.90,17.50,15.90,17.00,17.00,15.95,20,22886,392849.00,
523842,SUPER TANNER,X ,Q,6.98,7.18,6.55,6.91,6.91,6.56,306,87340,602782.00,
523850,AXTEL INDUS.,X ,Q,240.00,240.50,222.20,237.95,238.70,232.30,126,1897,448660.00,
523862,PIFL        ,XT,Q,7.30,8.05,7.30,7.44,7.70,7.68,10,975,7126.00,
524000,POONAWALLA  ,A ,Q,236.40,246.90,231.75,245.00,245.00,233.65,6689,364026,87251477.00,
524013,HIND.FLUROCA,T ,Q,9.98,9.98,9.50,9.84,9.89,9.99,29,2626,25439.00,
524019,KINGFA      ,B ,Q,905.00,1031.00,893.05,896.30,896.30,911.35,109,284,261512.00,
524031,PATIDAR     ,X ,Q,5.35,5.60,5.35,5.60,5.60,5.35,2,260,1453.00,
524037,RAMA PHOSPH ,X ,Q,359.95,380.00,358.95,367.70,367.70,349.70,361,9073,3335887.00,
524038,VENLON ENTR ,XT,Q,4.76,4.76,4.53,4.65,4.75,4.76,8,316,1485.00,
524051,POLYPLEX    ,A ,Q,2271.00,2311.90,2230.10,2253.15,2252.00,2244.95,2313,11638,26312531.00,
524075,ALBERT DAVID,B ,Q,529.75,533.05,524.85,526.35,527.80,529.25,11,12,6360.00,
524080,HAR.LEATHER ,XT,Q,38.30,41.00,38.30,40.50,40.50,39.05,5,78,3177.00,
524091,ACRYCIL LTD.,A ,Q,553.15,559.80,545.55,557.00,557.85,541.20,1246,9601,5301598.00,
524109,KABRA EXTR  ,B ,Q,336.10,337.80,330.45,333.55,333.50,330.80,328,3125,1044407.00,
524129,VINYL CHEM  ,B ,Q,274.25,274.25,262.65,265.05,265.30,271.35,773,9974,2674171.00,
524136,PEE CEE COSM,X ,Q,110.20,113.50,107.95,109.75,110.00,107.15,31,2488,269345.00,
524156,T C M LTD.  ,XT,Q,37.20,37.50,35.45,37.00,37.00,37.30,21,2553,91538.00,
524164,IOL CHEM PH ,A ,Q,383.80,383.80,367.35,373.70,374.05,364.35,1458,16667,6250469.00,
524200,VINATI ORG. ,A ,Q,2013.00,2060.00,1983.80,1991.70,1991.70,2043.00,779,2457,4930447.00,
524202,LACTOSE(I)  ,X ,Q,93.70,93.70,87.05,89.00,89.00,90.90,173,29947,2701064.00,
524208,AARTI INDUST,A ,Q,762.00,774.30,755.00,765.95,765.95,749.80,1301,18382,14028015.00,
524212,WANBURY LTD ,T ,Q,67.40,67.40,67.40,67.40,67.40,67.50,1,1,67.00,
524218,RESONANCE   ,X ,Q,135.70,144.90,130.00,135.45,135.45,133.55,118,7881,1077194.00,
524226,GUJ AMB EXP ,A ,Q,309.05,310.25,297.10,302.00,302.00,303.90,1268,16245,4896705.00,
524230,RASHTR.CHEM.,A ,Q,94.40,97.40,92.60,94.40,94.40,92.70,9206,949127,89658472.00,
524280,KOPRAN LTD. ,B ,Q,223.90,227.95,214.15,217.70,215.45,222.90,993,12404,2737980.00,
524288,AIMCO PESTI.,X ,Q,120.70,128.20,112.85,127.05,125.00,117.15,160,17034,2122086.00,
524314,GUJ.TERC LAB,XT,Q,35.15,38.55,35.15,38.35,38.35,37.00,38,8176,302535.00,
524322,KABRA DRUGS ,X ,Q,3.24,3.24,3.07,3.07,3.07,3.23,7,1026,3302.00,
524324,SEYAIND     ,T ,Q,27.50,27.50,26.20,26.65,26.65,27.15,43,3744,101240.00,
524330,JAYANT AGRO ,B ,Q,236.45,238.95,231.00,234.30,235.40,233.65,1944,23994,5643720.00,
524332,BCLIL       ,T ,Q,379.70,385.10,369.00,385.05,384.90,366.80,234,8884,3384577.00,
524336,SH.HARI CHEM,X ,Q,64.80,64.80,61.45,61.50,61.50,59.60,14,1249,79168.00,
524342,INDOBORAXC  ,B ,Q,131.75,135.00,131.70,132.60,132.60,131.70,158,4321,573507.00,
524348,AARTI DRUGS ,A ,Q,419.05,420.00,410.25,412.55,412.55,411.65,919,6288,2603840.00,
524370,BODAL CHEM  ,A ,Q,94.30,98.00,93.10,93.90,94.10,93.20,1739,67957,6411040.00,
524372,ORCHIDPHAR  ,T ,Q,298.00,298.55,283.00,294.55,294.55,284.35,66,979,288935.00,
524394,VIMTA LABS  ,B ,Q,322.00,324.90,310.20,316.80,312.25,320.15,209,1310,417043.00,
524396,BIOFIL CHEM ,B ,Q,56.85,57.35,54.00,55.45,55.45,56.85,186,4810,265729.00,
524400,ISHITA DRUGS,X ,Q,49.60,50.80,47.60,50.35,50.35,48.75,23,1751,87148.00,
524404,MARKSANS    ,A ,Q,46.15,47.05,46.15,46.70,46.70,45.95,1115,47620,2221988.00,
524408,UNIV.STARCH ,XT,Q,155.00,155.00,155.00,155.00,155.00,155.00,1,2,310.00,
524412,AAREY DRUGS ,B ,Q,35.10,36.00,35.00,35.50,35.10,35.05,173,9418,332914.00,
524414,NORRIS MEDI.,X ,Q,17.20,17.20,17.20,17.20,17.20,18.10,6,275,4730.00,
524434,ASIAN PETRO ,XT,Q,29.30,29.30,27.10,27.10,27.10,28.15,19,1256,34193.00,
524440,CAMEX LTD   ,X ,Q,26.50,26.50,25.15,25.50,25.50,25.95,23,4950,127021.00,
524444,EVEXIA      ,X ,Q,2.42,2.46,2.30,2.30,2.30,2.42,4547,4705637,10843889.00,
524458,INDOEURO    ,XT,Q,12.71,12.71,12.69,12.70,12.71,12.71,5,119,1512.00,
524470,SYNCOM FORM.,X ,Q,8.52,8.84,8.30,8.60,8.60,8.47,3287,1128476,9606687.00,
524480,RIDHI SIDHI ,XT,Q,331.00,361.05,331.00,361.05,361.05,343.90,10,267,95424.00,
524488,SVCIND      ,XT,Q,3.74,3.76,3.59,3.76,3.76,3.59,139,45374,168253.00,
524494,IPCA LAB LTD,A ,Q,927.45,927.45,899.00,901.85,901.85,917.15,1456,9785,8885252.00,
524500,KILITCH DRUG,B ,Q,159.90,160.00,154.40,158.15,158.90,152.05,94,2160,339475.00,
524502,RAAJMEDISAFE,P ,Q,36.15,36.15,34.30,34.30,34.30,36.10,3,300,10560.00,
524506,CORAL LAB.  ,X ,Q,263.90,263.90,240.25,255.25,255.25,245.00,11,49,12260.00,
524516,BACIL PHARMA,XT,Q,5.20,5.35,5.20,5.35,5.35,5.10,9,865,4595.00,
524518,KREBS BIOCHM,B ,Q,116.50,119.30,116.20,117.00,116.60,115.15,72,2901,342195.00,
524520,KMC SHIL    ,T ,Q,57.20,59.45,55.35,58.95,59.00,56.75,299,45462,2633102.00,
524522,LAFFANS PETR,X ,Q,39.70,39.70,36.50,37.90,38.00,36.55,15,628,23801.00,
524534,BHASKAR AGRO,XT,Q,54.00,55.00,53.00,54.00,54.00,55.00,14,650,35266.00,
524542,SUKJIT STRCH,X ,Q,464.00,464.00,445.00,453.80,454.00,445.20,63,6039,2724357.00,
524558,NEULAND LAB.,A ,Q,983.30,1028.70,980.70,1017.30,1021.95,976.30,498,2011,2031968.00,
524564,GAYATRI BIO ,XT,Q,19.50,19.95,18.45,19.50,19.45,19.35,1301,246309,4818770.00,
524570,PODDAR PIGM.,B ,Q,269.60,272.05,262.95,267.85,266.65,269.60,81,342,91510.00,
524572,PHARMAIDS PH,X ,Q,12.98,12.98,11.00,11.16,11.16,12.17,220,67147,752769.00,
524576,VIVID IND   ,X ,Q,32.45,32.45,30.55,30.55,30.60,31.00,21,8584,266033.00,
524580,PRIYA LTD.  ,X ,Q,17.15,17.15,17.15,17.15,17.15,18.05,6,206,3532.00,
524582,TIRUPATI STA,XT,Q,71.40,71.40,71.30,71.40,71.40,68.10,9,198,14132.00,
524590,HEMORGANIC  ,XT,Q,39.60,43.70,39.60,43.70,43.70,41.65,310,47601,1964920.00,
524592,JD ORGOCHEM ,X ,Q,7.40,7.40,7.35,7.35,7.35,7.40,5,82,606.00,
524594,ASHOK-ALCO  ,X ,Q,78.00,93.90,74.05,82.45,82.35,79.00,45,1403,114521.00,
524598,AKSHARCHEM I,B ,Q,281.10,284.50,275.75,280.10,280.15,279.30,74,513,143217.00,
524606,BERYL DRUGS ,X ,Q,8.80,8.80,8.80,8.80,8.80,8.90,3,311,2736.00,
524614,INDXTRA     ,XT,Q,39.40,40.00,39.40,40.00,40.00,39.90,3,61,2433.00,
524624,GAGAN GASES ,X ,Q,10.29,10.29,8.55,9.50,9.50,9.40,12,1239,11621.00,
524632,SHUKRAPHAR  ,X ,Q,56.10,58.00,56.10,58.00,58.00,57.70,3,15,866.00,
524634,ALU FLUORIDE,X ,Q,265.00,273.80,261.05,265.50,265.50,257.20,109,4700,1250873.00,
524636,S.S.ORGANICS,XT,Q,22.05,22.05,22.05,22.05,22.05,21.00,1,50,1102.00,
524640,ARCHITORG   ,X ,Q,47.45,51.90,47.00,47.60,47.60,47.45,2492,491605,24625529.00,
524648,INDO AMINES ,B ,Q,95.10,97.00,94.15,95.20,95.20,93.55,192,7177,685474.00,
524652,IND.SWIFT LT,B ,Q,9.05,9.39,9.05,9.15,9.15,9.52,14,837,7746.00,
524654,NATURAL CAPS,X ,Q,445.00,458.00,427.05,435.05,430.00,440.25,197,7620,3327205.00,
524661,WELCURE DRUG,XT,Q,5.67,6.25,5.67,6.25,6.25,5.96,20,3728,22351.00,
524663,BH.IMMUN&BIO,B ,Q,28.80,28.80,26.85,27.10,27.15,28.25,427,86841,2372476.00,
524667,SOTL        ,B ,Q,1010.50,1045.00,1009.25,1033.50,1031.55,994.25,145,612,626551.00,
524669,HESTER BISC ,A ,Q,2198.60,2249.00,2131.95,2193.90,2174.60,2169.55,71,200,439130.00,
524675,KABSONS INDU,XT,Q,11.87,12.45,11.28,11.30,11.30,11.87,61,5163,59533.00,
524687,BASANT AGRO ,X ,Q,22.10,22.80,21.55,22.40,22.50,21.85,1002,117062,2600599.00,
524703,SANDU PHARMA,X ,Q,73.70,73.70,70.00,72.45,72.95,69.85,57,5671,402050.00,
524709,NACLIND     ,B ,Q,74.05,74.30,72.30,73.05,74.00,72.00,209,9081,666967.00,
524711,VISTA PHARMA,XT,Q,7.18,7.18,6.70,7.06,7.06,7.04,30,5645,39294.00,
524715,SUN PHARMA. ,A ,Q,899.00,912.25,896.00,903.95,902.50,900.55,3610,155622,140218351.00,
524717,TITAN BIOTEC,X ,Q,226.10,235.00,225.05,229.75,230.00,226.10,210,7163,1640710.00,
524727,SDL         ,X ,Q,15.09,15.88,15.09,15.88,15.88,15.88,3,7,109.00,
524731,JENBURKT PH.,X ,Q,550.00,555.00,536.25,544.15,550.00,562.80,51,1191,651111.00,
524735,HIKAL LTD.  ,A ,Q,386.05,397.00,380.00,382.00,380.00,378.10,1155,28963,11325487.00,
524742,CAPLIN POINT,A ,Q,742.15,751.20,731.50,732.10,731.55,739.40,282,1532,1129343.00,
524743,FISCHER     ,XT,Q,53.55,53.55,53.55,53.55,53.55,53.55,1,3,160.00,
524748,LINK PHARMA ,X ,Q,48.00,48.00,42.05,43.00,43.00,43.95,26,2891,124253.00,
524752,DECIPHER    ,X ,Q,54.20,54.40,54.20,54.40,54.40,51.85,244,36976,2011268.00,
524768,EMMESSAR BIO,X ,Q,27.95,27.95,26.20,27.90,27.90,27.00,17,1100,29332.00,
524774,NGL FINE CHM,B ,Q,1875.00,1899.70,1755.00,1849.45,1849.45,1805.40,277,1365,2517065.00,
524790,EVEREST ORG.,X ,Q,152.95,165.40,152.95,161.10,163.60,152.15,58,1668,264045.00,
524804,AUROB.PHARMA,A ,Q,535.50,543.00,524.50,529.60,529.60,535.50,2951,121279,64326083.00,
524808,PHYTOCHEM I.,XT,Q,21.40,21.40,21.40,21.40,21.40,22.50,5,702,15022.00,
524816,NATCO PHARM ,A ,Q,684.80,686.65,672.00,679.90,680.05,674.30,1216,10506,7135275.00,
524818,DYNAMIC IND.,X ,Q,75.80,75.80,72.00,75.00,75.00,75.90,5,52,3769.00,
524820,PANAMA PETRO,B ,Q,254.75,265.55,250.00,261.05,263.00,248.00,1097,18233,4652603.00,
524824,BAL PHARMA  ,B ,Q,102.15,102.15,98.50,99.25,99.20,100.50,126,2777,277949.00,
524828,BDH INDUS.  ,X ,Q,117.50,132.00,117.50,125.05,125.05,119.60,66,3456,424970.00,
526001,JAUS POLYMER,X ,Q,5.38,5.38,5.25,5.25,5.25,5.13,3,33,175.00,
526025,GLOBUS CON  ,X ,Q,37.00,38.25,34.65,35.40,35.50,36.45,170,10938,389379.00,
526027,CUBEX TUBING,B ,Q,27.40,27.40,24.60,25.10,25.05,25.30,97,10375,267976.00,
526043,POLYMECH.MCH,X ,Q,70.00,73.35,67.00,68.90,71.00,68.00,18,586,40329.00,
526073,GALAXY BEAR.,XT,Q,537.70,537.70,500.00,522.55,521.00,518.85,67,1181,609708.00,
526081,SCAGRO      ,XT,Q,10.45,11.00,10.40,10.96,11.00,10.64,24,1848,19706.00,
526095,RAVILEELA GR,X ,Q,28.30,31.55,28.30,30.95,31.15,28.85,14,700,20965.00,
526113,UNIROYAL MAR,XT,Q,12.39,12.39,12.39,12.39,12.39,11.80,1,200,2478.00,
526115,KARAN WOO-SN,X ,Q,4.30,4.30,4.16,4.16,4.16,4.37,7,146,609.00,
526117,SHERVANI IND,X ,Q,237.95,241.50,234.00,241.45,241.45,236.50,23,281,66954.00,
526125,ARI.TOURNESO,XT,Q,12.19,12.79,12.19,12.79,12.79,12.19,4,140,1789.00,
526133,SUPERTEX IND,X ,Q,8.20,8.21,8.20,8.21,8.21,7.82,6,1009,8278.00,
526137,SHETRON LTD ,X ,Q,43.00,43.85,40.45,41.90,41.90,42.50,25,2082,86935.00,
526139,TRANSGENE BI,XT,Q,3.65,3.65,3.33,3.54,3.54,3.49,22,7176,24244.00,
526143,MPL         ,X ,Q,8.85,9.25,8.70,8.70,8.70,8.85,47,10138,93059.00,
526159,NIKHIL ADHSV,X ,Q,799.00,799.00,730.10,747.80,747.00,741.30,224,2747,2048035.00,
526161,SPENTA INT. ,X ,Q,108.00,108.00,91.20,104.45,96.00,95.00,41,2313,238918.00,
526169,MULTIBASE I ,X ,Q,201.85,201.85,185.15,190.85,190.45,190.00,69,2875,543253.00,
526173,ANDREW YULE ,B ,Q,22.30,22.45,21.40,21.95,21.95,22.00,270,48043,1057827.00,
526179,LUDOLOW JUTE,X ,Q,78.05,79.50,78.00,78.25,78.10,77.50,80,3802,297910.00,
526187,ASHRAM ONLIN,XT,Q,4.74,4.74,4.45,4.45,4.45,4.52,4,104,467.00,
526193,ROYAL CUSHIO,XT,Q,8.16,8.55,7.76,8.54,8.54,8.16,19,1109,9434.00,
526195,NEOGEM INDIA,X ,Q,5.00,5.00,4.56,4.58,4.58,4.79,15,2041,9848.00,
526211,SURAJ INDUS.,X ,Q,125.75,125.80,125.50,125.80,125.80,119.85,101,8784,1104699.00,
526217,HITECHCORP  ,B ,Q,248.00,248.00,226.25,233.30,233.30,230.25,7,612,142541.00,
526225,BLOOM DEKOR ,X ,Q,8.90,8.90,8.90,8.90,8.90,8.90,4,230,2047.00,
526227,FILATEX INDI,A ,Q,108.10,113.35,108.10,111.75,111.05,109.20,1356,114027,12707685.00,
526231,STD.SURFACT.,XT,Q,69.90,74.85,69.90,74.40,74.85,71.30,16,328,24113.00,
526235,MERCATOR    ,T ,Q,1.65,1.80,1.65,1.70,1.75,1.72,118,180254,306951.00,
526237,MORGAN VENT ,X ,Q,22.35,24.75,20.60,22.40,22.40,22.80,43,6184,136059.00,
526241,AMRAPALI IND,X ,Q,17.15,17.55,15.75,17.30,17.25,16.00,45,2695,46233.00,
526247,PREMIER EXPL,T ,Q,307.00,324.50,298.20,301.05,300.00,312.85,46,802,244577.00,
526251,MID EAST POR,X ,Q,4.63,4.63,4.63,4.63,4.63,4.63,4,1002,4639.00,
526263,MOLD-TEK TEC,B ,Q,96.50,99.65,94.45,96.85,96.85,96.15,595,25339,2461266.00,
526269,CRESTCHEM LT,XT,Q,46.80,46.80,46.80,46.80,46.80,44.65,2,52,2433.00,
526299,MPHASIS LTD ,A ,Q,2464.00,2509.00,2419.90,2486.85,2486.85,2398.20,1642,10169,25106482.00,
526301,MEDINOVA DIA,XT,Q,26.95,26.95,25.20,25.20,25.20,26.50,20,1463,36881.00,
526315,DIVSHKT     ,X ,Q,65.00,69.00,64.30,68.60,68.90,69.35,21,421,28145.00,
526325,ORIENT PRESS,B ,Q,67.85,70.00,67.00,67.70,67.00,66.70,84,3580,245134.00,
526335,SHREYAS INTE,XT,Q,13.30,14.60,13.30,13.30,13.30,14.00,32,7174,95642.00,
526345,PANJON LTD. ,X ,Q,14.80,15.70,14.80,15.60,15.70,15.10,32,4324,67410.00,
526355,DURO PACK   ,XT,Q,37.10,40.80,37.10,38.50,37.55,38.90,20,2786,113124.00,
526365,SWARNASA    ,X ,Q,19.00,19.90,18.55,19.60,19.60,19.20,17,1759,34476.00,
526367,GANESH HSG. ,B ,Q,269.95,270.45,261.65,261.95,261.85,256.35,152,1222,323494.00,
526371,NMDC LTD    ,A ,Q,124.95,126.50,122.70,124.90,124.90,125.90,8151,678200,84346864.00,
526381,PAT INT LOG ,B ,Q,14.35,14.90,14.10,14.25,14.25,14.15,117,12481,179697.00,
526397,ALPHAGEO (I),B ,Q,293.70,300.00,292.65,298.20,297.10,284.20,59,625,184882.00,
526407,RIT PRO IND ,X ,Q,358.00,358.90,358.00,358.00,358.00,359.80,8,1674,600192.00,
526409,KKALPANAIND ,X ,Q,28.95,29.00,27.25,28.15,28.20,27.95,334,28401,797304.00,
526415,OK PLAY (I) ,XT,Q,32.50,35.25,31.95,35.05,35.25,33.60,146,42932,1485190.00,
526423,KRITI INDUS.,B ,Q,88.50,91.10,87.75,88.75,89.00,88.55,350,8356,744593.00,
526433,ASM TECHNOLO,X ,Q,531.00,531.00,482.90,492.90,492.90,508.30,526,9188,4534140.00,
526441,VISIONCINE  ,XT,Q,1.34,1.34,1.34,1.34,1.34,1.41,73,15448,20700.00,
526445,INDRAYANI BI,XT,Q,36.40,36.50,34.50,36.20,36.25,34.95,584,34231,1235296.00,
526468,EURO LEDAR F,XT,Q,14.35,15.00,14.35,14.35,14.35,15.10,4,267,3834.00,
526471,WINSOME BREW,XT,Q,11.10,11.70,11.10,11.20,11.15,11.30,76,6048,68056.00,
526473,ELEGANT FLOR,XT,Q,17.15,17.15,17.15,17.15,17.15,18.05,459,40747,698811.00,
526479,SKY INDUST. ,X ,Q,77.00,78.55,76.45,77.10,77.50,73.00,30,2600,199902.00,
526481,PHOENIX INT.,XT,Q,22.00,24.00,21.85,23.70,23.70,23.00,21,1017,23424.00,
526492,RISHIROOP   ,X ,Q,102.00,103.50,101.00,101.30,101.00,101.45,59,5085,517055.00,
526494,PROMACT     ,X ,Q,4.37,4.37,4.37,4.37,4.37,4.85,9,2138,9343.00,
526500,STR GRE WOO ,X ,Q,18.85,18.85,18.85,18.85,18.85,18.85,2,20,377.00,
526506,SYSTAMATIX C,X ,Q,500.00,500.00,476.00,476.00,476.00,475.10,3,4,1952.00,
526519,ALPINE HSG. ,X ,Q,56.40,56.95,54.50,55.00,55.00,54.55,116,29509,1651227.00,
526521,SANGHI IND. ,B ,Q,40.30,40.30,39.05,39.75,39.75,39.40,596,22297,883337.00,
526525,WWALUM      ,XT,Q,15.05,15.05,14.75,14.75,14.75,14.75,3,115,1700.00,
526544,SCANP GEOM  ,X ,Q,13.30,13.30,12.05,12.60,12.60,12.61,38,3265,40406.00,
526546,CHOKSI LABOR,X ,Q,28.80,28.80,28.65,28.65,28.65,27.50,2,16,459.00,
526550,CCHHL       ,B ,Q,7.02,7.17,6.88,6.97,6.97,6.87,33,4352,30281.00,
526554,SALGUTI IND ,XT,Q,19.00,21.00,19.00,20.00,20.00,20.00,5,200,4065.00,
526568,LONGVIEW TEA,XT,Q,29.00,29.00,28.45,29.00,29.00,29.90,10,891,25729.00,
526574,ENTERPR.INTE,X ,Q,18.90,18.90,16.65,18.40,18.40,17.65,16,1468,26873.00,
526576,TECHIN      ,B ,Q,10.85,11.84,10.85,11.84,11.84,11.28,47,7913,92601.00,
526582,TPL PLAST   ,B ,Q,134.85,135.05,129.50,130.85,129.50,126.50,47,910,121176.00,
526586,WIM PLAST LT,X ,Q,382.00,384.80,372.70,382.60,384.80,367.05,63,1109,420512.00,
526588,PHOTOQUIP(I),X ,Q,18.20,18.20,18.20,18.20,18.20,17.35,1,2,36.00,
526596,LIBERTY SHOE,B ,Q,152.80,155.35,151.15,151.95,151.15,151.20,220,3416,521968.00,
526604,LIPPI SYSTEM,XT,Q,14.25,14.25,14.25,14.25,14.25,14.25,1,59,840.00,
526608,ELECTROTHERM,B ,Q,102.40,106.75,102.40,106.75,106.75,102.40,54,2213,232425.00,
526612,BLUE DART EX,A ,Q,7517.00,7517.00,7348.50,7413.50,7413.50,7309.90,656,1416,10567499.00,
526614,EXPO GAS    ,X ,Q,8.50,8.99,8.21,8.95,8.99,8.56,37,11556,99859.00,
526616,NAT.PLASTIC ,X ,Q,45.95,46.85,45.80,46.40,46.40,46.00,27,1859,85597.00,
526622,MFL INDIA   ,X ,Q,1.25,1.29,1.22,1.28,1.28,1.24,1771,1067574,1342465.00,
526638,TEXEL INDUS.,X ,Q,53.00,53.00,49.40,50.00,51.10,52.00,27,1516,75558.00,
526640,ROYALE MANOR,XT,Q,21.50,21.50,21.15,21.15,21.15,21.50,5,510,10787.00,
526642,MIRZA INTER ,B ,Q,182.55,187.90,182.55,186.75,185.05,183.60,857,23539,4363730.00,
526650,TOURISM FINA,B ,Q,54.50,54.50,53.70,53.85,53.95,53.95,113,4200,227046.00,
526654,THAKKERS DEV,X ,Q,101.15,106.25,101.15,106.25,106.25,101.20,2,21,2226.00,
526662,RAJDARSHAN  ,B ,Q,38.60,38.60,35.20,37.45,37.45,37.00,17,248,8768.00,
526666,BHARTIYA INT,B ,Q,164.25,166.60,163.55,166.15,165.00,162.05,28,398,65966.00,
526668,KAMAT HOTELS,B ,Q,62.65,66.00,60.60,63.45,65.00,60.60,337,11725,738488.00,
526687,POLO HOTELS ,Z ,Q,5.78,5.78,5.26,5.26,5.26,5.53,47,3396,17984.00,
526711,ADARSH PLANT,X ,Q,16.35,16.70,15.55,16.40,16.40,15.95,56,6176,102502.00,
526717,HPBL        ,Z ,Q,450.00,464.00,430.00,462.00,462.00,444.70,22,155,70540.00,
526721,NICCO PARKS ,X ,Q,62.90,62.90,62.00,62.00,62.00,62.90,15,2496,154892.00,
526723,NTC INDUST  ,X ,Q,90.70,94.65,86.50,91.80,91.80,88.45,52,2464,226379.00,
526725,SANDESH LTD.,B ,Q,718.45,728.00,702.00,706.10,702.00,726.35,51,424,302416.00,
526727,GARNET CONST,X ,Q,23.70,26.35,22.60,24.60,25.00,22.90,55,5252,131027.00,
526729,GOLDIAM INT.,B ,Q,132.40,139.95,132.40,137.00,137.00,130.30,1566,36472,5002996.00,
526731,BRIGHT BROS.,X ,Q,132.80,149.80,132.80,141.00,141.00,139.45,34,439,62092.00,
526737,CORPOR COUR ,XT,Q,9.25,9.26,8.38,8.83,8.38,8.82,65,9048,80563.00,
526739,NARMADA GEL ,X ,Q,198.20,209.50,198.20,204.40,209.00,198.75,33,442,91252.00,
526747,P.G.FOILS   ,XT,Q,306.00,318.20,294.30,310.40,318.20,303.05,53,2944,912698.00,
526751,GRATEX INDS.,XT,Q,13.76,13.76,13.76,13.76,13.76,13.76,2,100,1376.00,
526755,VELAN HOTELS,X ,Q,6.90,7.30,6.66,7.00,7.00,6.83,43,1891,13133.00,
526775,VALIANT COMM,XT,Q,96.00,96.00,89.50,92.50,92.50,92.20,26,1641,153135.00,
526783,DR.AGAR.EYE ,X ,Q,696.90,696.90,660.00,665.05,665.05,686.95,15,287,192593.00,
526797,GREENPLY IND,A ,Q,172.45,173.85,169.00,169.95,169.85,168.80,740,11306,1927899.00,
526799,UNION QUALIT,XT,Q,6.68,7.37,6.67,6.67,6.67,7.02,14,3114,21313.00,
526807,SEAMEC LTD  ,B ,Q,1086.20,1099.15,1053.75,1081.25,1086.00,1063.75,270,755,820846.00,
526813,RAGHUNATH IN,XT,Q,17.20,17.90,16.35,17.15,17.75,17.20,57,2863,49602.00,
526817,CHEVIOT CO. ,X ,Q,1208.90,1220.00,1190.00,1213.15,1213.15,1178.05,366,4934,5939165.00,
526821,DAI-ICHI KAR,X ,Q,277.55,278.70,265.05,276.75,277.95,272.15,84,5629,1528072.00,
526823,RAJINFRA    ,X ,Q,6.78,6.78,6.16,6.50,6.50,6.47,8,651,4348.00,
526827,SPICE ISLAND,XT,Q,13.49,13.49,12.21,12.92,12.92,12.85,35,562,6927.00,
526829,CONFI PETRO ,A ,Q,53.85,54.90,52.50,53.25,53.25,53.30,1112,25396,1354584.00,
526847,ASHIRWAD STL,X ,Q,18.10,18.10,16.55,16.60,16.55,17.40,44,4175,69937.00,
526849,BANARAS BEAD,B ,Q,66.10,74.75,66.10,73.80,73.80,72.80,33,649,47094.00,
526851,AREX IND.   ,X ,Q,143.75,143.75,143.75,143.75,143.75,151.30,3,3,431.00,
526853,BILCARE LTD.,X ,Q,66.50,66.50,64.00,64.60,64.60,64.15,186,13071,847249.00,
526859,INTER ST.FIN,X ,Q,4.85,5.35,4.85,5.35,5.35,5.10,2563,2164440,10998842.00,
526861,RISHI LASER ,X ,Q,16.50,17.05,16.25,16.70,16.30,16.30,15,1414,23830.00,
526865,JAINCO PROJ.,X ,Q,6.56,6.88,6.25,6.88,6.88,6.56,12,436,2869.00,
526871,INTEC CAP   ,X ,Q,22.00,22.00,19.10,19.15,19.20,20.00,11,354,6849.00,
526881,63MOONS     ,B ,Q,173.05,174.60,163.10,165.05,165.05,171.30,948,16764,2813215.00,
526885,SARLA PER F ,B ,Q,48.65,49.25,48.05,48.80,48.80,48.35,245,7501,364839.00,
526891,MARKET CREAT,X ,Q,9.35,9.35,7.65,8.18,8.30,8.50,55,7498,61019.00,
526899,HFIL        ,X ,Q,19.55,21.00,19.35,19.90,20.00,19.65,378,44958,902866.00,
526905,PADMAIND    ,XT,Q,4.41,4.41,4.40,4.40,4.40,4.20,8,259,1142.00,
526921,21ST CEN.MGM,B ,Q,24.70,24.70,24.70,24.70,24.70,25.20,17,4100,101270.00,
526931,HARIYANA SH.,X ,Q,81.70,92.80,81.70,88.00,89.00,83.45,48,1838,163266.00,
526935,ARUNIS      ,XT,Q,28.00,28.00,28.00,28.00,28.00,27.00,6,118,3304.00,
526945,TYROON TEA  ,X ,Q,88.75,94.50,88.75,88.95,88.95,91.95,12,252,22419.00,
526947,LA-OPALA RG ,A ,Q,263.45,272.10,259.20,263.50,263.00,259.85,1574,25436,6749954.00,
526951,GOLDEN LAMIN,B ,Q,820.10,850.00,815.45,835.20,838.50,802.75,252,711,589324.00,
526953,VENUS REMEDI,B ,Q,223.00,228.10,216.05,221.85,222.90,217.75,595,5126,1140870.00,
526961,TRANS FINANC,XT,Q,29.10,29.10,29.10,29.10,29.10,27.75,2,107,3113.00,
526965,GUJ.CRAFT IN,X ,Q,100.20,100.20,100.20,100.20,100.20,105.45,51,3544,355108.00,
526971,DHOOT I.FIN.,X ,Q,90.30,91.00,87.00,87.90,87.00,86.60,64,1249,110825.00,
526981,SHBAJRG     ,X ,Q,164.95,164.95,156.00,161.85,162.00,159.55,45,693,112922.00,
526983,ASHOKA REFIN,P ,Q,9.70,9.70,9.70,9.70,9.70,9.70,3,300,2910.00,
526987,URJA GLOBAL ,B ,Q,12.15,13.20,12.15,13.00,13.00,12.35,3347,1055825,13620300.00,
527001,ASHAPURA LTD,B ,Q,111.00,114.00,109.35,112.05,111.90,108.25,1084,18151,2039276.00,
530001,GUJ.ALKALI  ,A ,Q,811.00,819.05,791.60,799.75,799.75,802.90,2275,33152,26712119.00,
530005,INDIA CEM.  ,A ,Q,170.05,173.15,159.60,162.65,162.65,169.45,4851,318717,52530065.00,
530007,JK TYRE IND ,A ,Q,115.65,115.80,113.20,114.95,114.80,111.20,1154,36543,4177130.00,
530011,MANGLR.CHEM ,B ,Q,81.20,84.65,80.30,82.70,82.20,81.15,3091,118679,9808867.00,
530017,STD.INDUST. ,T ,Q,22.60,22.95,22.30,22.95,22.95,21.90,1091,560514,12815488.00,
530019,JUBLPHARMA  ,A ,Q,396.00,411.75,396.00,404.30,407.00,397.10,1760,11159,4527833.00,
530023,THEINVEST   ,B ,Q,92.00,92.00,89.10,90.95,91.85,91.05,68,899,81585.00,
530025,SAMYAK INT  ,XT,Q,21.50,21.50,21.50,21.50,21.50,20.50,1,1,21.00,
530027,AADI INDUS L,XT,Q,6.83,7.17,6.50,7.10,7.10,6.83,38,3242,22213.00,
530043,ACKNIT IND  ,X ,Q,135.60,155.00,135.60,151.70,150.00,152.00,44,1003,147873.00,
530045,TITAN SECUR.,X ,Q,17.80,17.80,16.90,17.25,17.40,17.25,75,6870,118195.00,
530053,REALECO     ,X ,Q,15.50,15.50,13.85,13.90,13.90,15.20,10,46,658.00,
530063,YASRAJ CONT.,XT,Q,13.28,13.28,12.02,12.19,12.19,12.65,197,56530,728299.00,
530065,LORDSHOTL   ,XT,Q,7.08,7.08,7.08,7.08,7.08,6.75,12,1411,9989.00,
530067,CSLFINANCE  ,X ,Q,200.00,200.90,195.10,195.45,195.45,195.50,27,1432,284186.00,
530073,SANGHVI MOVE,B ,Q,188.40,191.85,183.85,184.00,184.00,186.75,237,5933,1117558.00,
530075,SELAN EXPLOR,B ,Q,196.05,199.00,194.60,197.45,197.90,195.20,410,9855,1937917.00,
530077,FRESHTROP FR,X ,Q,100.70,111.00,100.50,102.45,102.45,100.70,149,12600,1337656.00,
530079,FAZE THREE L,X ,Q,311.10,331.10,311.10,328.85,331.10,315.35,323,8683,2828587.00,
530095,PRADHIN     ,X ,Q,35.00,35.00,33.00,33.85,33.85,33.35,11,302,10270.00,
530109,ANUPAM      ,X ,Q,2.55,2.59,2.49,2.51,2.51,2.51,500,178853,452025.00,
530111,RAJ PACKAGIN,X ,Q,32.40,32.40,31.10,32.00,32.00,32.40,14,700,22162.00,
530117,PRIVISCL    ,A ,Q,1187.25,1187.25,1130.95,1150.05,1152.90,1131.90,1013,5810,6730058.00,
530119,NATRAJ PROTE,XT,Q,113.90,113.90,103.25,112.00,112.00,108.65,40,1183,127527.00,
530125,SAMRAT PHARM,X ,Q,406.50,426.80,403.20,422.90,426.80,406.50,96,5161,2166682.00,
530127,NPR FINANCE ,X ,Q,13.78,13.78,13.13,13.23,13.13,13.13,16,1414,19363.00,
530129,NILE LTD.   ,X ,Q,429.95,436.80,416.35,423.55,423.55,420.90,98,1706,726225.00,
530131,UDAIPUR CEME,B ,Q,30.45,30.95,29.40,30.00,30.00,30.10,525,53877,1621579.00,
530133,AMCO INDIA L,X ,Q,62.10,65.00,61.10,65.00,65.00,61.65,8,242,15017.00,
530135,OPTIEMUS    ,B ,Q,286.05,288.85,280.00,286.25,286.25,282.25,2371,47372,13502424.00,
530139,KREON FIN   ,XT,Q,74.40,74.40,67.40,73.30,73.30,70.90,13,892,61749.00,
530141,GYAN DEVELOP,X ,Q,4.93,4.93,4.93,4.93,4.93,4.93,2,40,197.00,
530145,KISAN MOULD.,X ,Q,10.45,10.65,10.35,10.65,10.65,10.15,102,26299,275068.00,
530151,VIJAY TEXTIL,X ,Q,33.50,34.90,31.30,32.40,32.40,32.60,40,1852,60569.00,
530163,KERALA AYUR ,X ,Q,70.20,76.80,70.20,75.00,75.70,72.85,70,865,62927.00,
530167,MOONGIPA CAP,XT,Q,17.35,18.50,17.35,18.30,18.30,18.25,24,3591,63004.00,
530169,MOHIT PAPER ,XT,Q,14.00,14.75,13.95,14.30,14.30,14.05,34,2721,39833.00,
530171,DAULAT SEC. ,X ,Q,24.80,26.45,24.80,26.05,26.00,24.80,16,623,16224.00,
530173,OSCAR GLOBAL,X ,Q,5.35,5.35,4.85,4.85,4.85,5.10,6,856,4529.00,
530175,ODYSSEY TECH,X ,Q,52.35,55.65,52.10,54.20,54.20,52.35,54,4241,225571.00,
530179,RSC INT     ,XT,Q,8.15,8.15,8.15,8.15,8.15,7.77,9,947,7718.00,
530185,SURAT TEXT. ,X ,Q,12.00,12.49,11.95,12.49,12.49,11.90,1013,157787,1936882.00,
530187,ATHARV ENT  ,X ,Q,2.49,2.49,2.49,2.49,2.49,2.38,27,41648,103703.00,
530197,FUNDVISER   ,XT,Q,17.85,17.85,17.50,17.50,17.50,17.50,2,100,1750.00,
530199,THEMIS MEDIC,B ,Q,798.70,808.00,791.95,805.15,805.15,798.70,9,20,16109.00,
530201,KALLAM      ,X ,Q,16.10,17.50,16.00,17.00,17.00,15.75,814,155336,2591721.00,
530207,BRAWN BIO   ,XT,Q,17.70,17.70,16.40,17.70,17.70,17.10,5,303,5233.00,
530213,FORTUNE INT.,XT,Q,41.40,43.75,40.60,41.20,42.00,42.20,49,976,41146.00,
530215,KINGSINFRA  ,XT,Q,71.85,71.85,66.00,69.70,69.95,68.65,180,45540,3112765.00,
530231,SUBHASH SILK,XT,Q,23.30,24.00,22.15,24.00,24.00,23.30,7,334,7860.00,
530233,AURO LAB.   ,X ,Q,91.50,93.65,89.30,91.65,92.65,91.15,48,1018,93383.00,
530235,KJMC FIN.   ,X ,Q,28.40,30.35,28.40,30.25,30.25,28.95,5,6,178.00,
530239,SUVEN LIFE S,B ,Q,77.80,78.90,77.55,78.55,78.90,77.60,352,7599,594499.00,
530245,ARYAMAN FIN.,X ,Q,49.10,56.65,49.10,55.45,55.85,53.55,8,29,1607.00,
530249,BRIDGE SECUR,X ,Q,8.57,8.97,8.15,8.29,8.29,8.57,120,17512,146224.00,
530255,KAY POW PAP ,X ,Q,4.43,4.43,4.43,4.43,4.43,4.66,4,503,2228.00,
530259,INTER ST.OIL,X ,Q,20.95,21.80,20.00,20.90,20.90,20.95,27,1176,24252.00,
530263,GLOBAL CAP. ,X ,Q,4.17,4.39,4.11,4.16,4.16,4.27,26,1844,7684.00,
530265,SAINIK FIN. ,X ,Q,35.75,35.75,34.00,34.00,34.00,34.05,3,3,105.00,
530267,SABOO BROS. ,XT,Q,18.75,18.75,18.75,18.75,18.75,19.70,1,400,7500.00,
530289,SP CAPITAL  ,X ,Q,17.15,18.90,16.60,18.40,18.40,17.25,83,6321,114554.00,
530291,PAOS        ,XT,Q,23.23,23.23,23.23,23.23,23.23,22.13,11,2677,62186.00,
530299,KOTHARI PROD,T ,Q,97.90,97.90,93.05,96.75,96.75,94.60,15,836,78762.00,
530305,PICCADILY AG,X ,Q,34.75,35.35,34.15,34.80,34.80,34.30,556,50837,1777823.00,
530307,CHAMANLAL SE,B ,Q,102.55,104.65,100.00,103.20,104.10,100.75,334,4887,499779.00,
530309,CHANDRA PRAB,X ,Q,212.85,212.85,212.85,212.85,212.85,224.05,122,2355,501261.00,
530313,KIMIABL     ,X ,Q,38.00,38.70,36.50,38.70,38.70,38.40,4,45,1733.00,
530315,HIND.TIN WRK,X ,Q,81.20,81.50,76.05,80.30,80.00,77.30,84,4931,390270.00,
530317,GODAVARI DRU,X ,Q,69.00,69.00,66.50,68.15,68.15,67.85,48,2841,192493.00,
530331,PREMCO GLOB.,X ,Q,306.15,329.95,290.55,302.40,300.00,306.15,49,1862,566226.00,
530341,MUKESH BABU ,X ,Q,105.00,111.00,105.00,111.00,111.00,104.95,5,104,10927.00,
530343,GENUS POWER ,A ,Q,85.30,89.50,84.00,85.05,85.35,83.10,1387,59897,5127705.00,
530355,ASIANENE    ,B ,Q,82.05,90.65,82.05,89.55,89.55,86.75,296,15001,1331627.00,
530357,KBS INDIA   ,X ,Q,13.15,13.15,12.55,12.55,12.55,13.15,6,49385,619868.00,
530363,UGAR SUGAR  ,B ,Q,52.10,52.50,48.55,49.75,51.00,51.10,1601,75872,3817539.00,
530365,ORIENTBELL  ,B ,Q,600.00,600.00,548.80,554.10,554.10,571.90,130,1616,920229.00,
530367,NRB BEARINGS,B ,Q,114.00,117.55,113.45,114.30,115.35,113.95,267,5177,596153.00,
530369,VAMSHI RUBB.,X ,Q,22.60,22.60,22.60,22.60,22.60,22.50,2,2,45.00,
530377,NILA INFRA. ,B ,Q,5.61,5.84,5.60,5.74,5.72,5.57,81,29583,170008.00,
530393,DB INT.ST.BR,B ,Q,22.90,22.90,21.50,22.45,22.45,22.60,44,2467,55107.00,
530401,VINYOFLEX LT,XT,Q,31.40,31.40,31.40,31.40,31.40,31.00,1,1,31.00,
530405,JINDAL CAP. ,X ,Q,27.45,28.80,26.15,27.80,28.00,27.00,51,3957,109572.00,
530407,EPIC ENERGY ,X ,Q,5.19,5.19,5.19,5.19,5.19,5.46,2,327,1697.00,
530419,SUMEDHA FISC,X ,Q,82.50,82.50,76.60,78.45,77.20,79.35,71,11976,934093.00,
530427,CHOKSI IMAG ,X ,Q,37.15,38.50,37.15,38.10,38.50,37.85,12,495,18810.00,
530429,ASHISH POLY.,XT,Q,37.75,37.75,34.20,37.75,37.75,36.00,55,2510,89223.00,
530431,ADOR FONTECH,X ,Q,69.00,71.35,69.00,69.95,70.00,68.90,269,37804,2644331.00,
530433,SHIVA FERT. ,X ,Q,98.00,98.00,90.35,92.40,91.65,94.25,99,8060,755664.00,
530439,SIDDHA VEN  ,X ,Q,6.00,6.20,6.00,6.09,6.14,6.11,76,8848,53975.00,
530443,KIRAN SYNTEX,XT,Q,6.65,7.00,6.42,6.44,6.42,6.75,33,3365,22010.00,
530445,SUMERU IND  ,XT,Q,2.45,2.64,2.43,2.50,2.50,2.55,83,24478,61575.00,
530449,RUNGTA IRRIG,XT,Q,26.30,26.30,26.30,26.30,26.30,25.05,1,1,26.00,
530459,VALSON INDUS,X ,Q,18.05,18.10,18.00,18.00,18.00,18.05,8,242,4358.00,
530461,SABOO SODIUM,X ,Q,20.65,20.65,19.15,20.05,20.50,19.95,89,14923,294505.00,
530475,TINNARUBR   ,X ,Q,323.20,344.75,323.20,332.25,338.95,328.35,187,9607,3253454.00,
530477,VIKRAM THERM,X ,Q,52.05,52.05,45.10,46.35,46.35,52.50,1319,149210,7010389.00,
530499,A.K.CAPITAL ,X ,Q,398.90,398.90,398.90,398.90,398.90,395.05,4,13,5185.00,
530517,RELAXO FOOT.,A ,Q,996.90,996.90,960.00,963.20,964.50,958.85,886,5422,5233427.00,
530521,VIRAT INDUS.,XT,Q,211.00,231.00,211.00,216.25,219.00,221.20,41,1082,238430.00,
530525,SHEETAL DIAM,XT,Q,7.00,7.20,6.65,7.11,7.14,6.99,69,16801,113976.00,
530533,TERAI TEA CO,X ,Q,67.00,67.00,58.60,66.00,66.80,62.95,25,1196,77443.00,
530545,COSCO INDIA ,X ,Q,197.20,215.00,197.20,202.25,200.00,204.35,23,195,39423.00,
530549,SHILPA MEDIC,A ,Q,439.45,453.55,437.10,450.00,448.00,432.95,645,5566,2489576.00,
530555,PARAMOUNT CO,B ,Q,11.19,11.19,10.68,11.10,11.14,10.90,80,11244,124249.00,
530557,NCL RESEARCH,X ,Q,1.26,1.38,1.20,1.28,1.28,1.26,3219,6842292,9061747.00,
530565,ARCHANA SOFT,XT,Q,4.00,4.00,4.00,4.00,4.00,4.18,8,1515,6060.00,
530571,EXPLICIT FIN,X ,Q,3.37,3.37,3.37,3.37,3.37,3.37,1,1,3.00,
530577,LADDERUP FIN,X ,Q,24.10,25.00,24.10,25.00,25.00,24.20,5,123,3043.00,
530579,UYFINCORP   ,XT,Q,12.50,12.64,11.87,12.49,12.49,12.24,100,50135,619748.00,
530581,EKAM LEASING,X ,Q,5.07,5.07,4.60,5.07,5.07,4.83,7,1173,5943.00,
530585,SWASTIK INV ,X ,Q,175.05,185.30,169.00,179.80,184.00,175.85,92,12782,2334367.00,
530589,PRIMA PLASTI,X ,Q,87.95,87.95,82.15,83.10,82.45,85.00,109,1845,154675.00,
530595,TELECANOR   ,XT,Q,13.20,13.20,12.55,13.20,13.20,13.20,6,172,2231.00,
530615,GARG FURNACE,XT,Q,31.80,31.80,31.50,31.50,31.50,31.80,3,121,3841.00,
530617,SAMPRE NUTRI,XT,Q,35.80,35.85,32.85,35.70,35.85,34.15,22,11563,412150.00,
530621,AAIL        ,X ,Q,50.20,52.50,50.20,52.25,52.30,50.50,15,236,12145.00,
530627,VIPULORG    ,X ,Q,163.50,169.50,162.60,164.60,164.60,162.90,88,4853,797065.00,
530643,ECORECO     ,X ,Q,109.10,110.00,105.00,106.55,107.50,104.25,100,4426,474693.00,
530655,GOODLUCK    ,B ,Q,299.50,299.50,282.00,294.70,295.50,287.45,293,8329,2421965.00,
530663,GOYAL ASSO. ,X ,Q,1.56,1.58,1.46,1.55,1.58,1.51,183,148369,229952.00,
530665,ZENITH HEALT,XT,Q,5.99,6.15,5.80,6.10,6.10,5.86,197,40208,242849.00,
530675,YORK EXPORTS,XT,Q,34.45,34.45,32.80,32.80,32.80,34.45,3,502,16467.00,
530677,SUPREME HO  ,X ,Q,51.40,52.35,49.55,51.55,52.35,51.40,50,4345,222086.00,
530689,LYKISLTD    ,X ,Q,29.35,29.40,27.95,28.20,29.00,28.55,59,2079,59455.00,
530695,PRIME PROP  ,X ,Q,13.73,13.75,12.13,12.18,12.14,13.29,29,7056,87440.00,
530697,ZENLABS     ,X ,Q,29.50,31.20,29.50,29.80,29.70,30.65,22,1107,33059.00,
530699,RAJRAYON    ,T ,Q,13.86,13.86,13.86,13.86,13.86,13.59,1,20,277.00,
530711,JAGAN LAMPS ,X ,Q,57.70,57.70,55.00,55.15,55.20,54.95,15,1559,87317.00,
530713,AJEL        ,Z ,Q,9.75,9.75,9.50,9.50,9.50,9.40,11,225,2147.00,
530723,ASIT C FIN  ,X ,Q,66.50,72.45,66.50,72.25,72.25,69.00,55,2635,189857.00,
530733,ENCODE      ,XT,Q,8.90,8.90,8.46,8.46,8.46,8.90,10,160,1375.00,
530735,SUPER BAKERS,X ,Q,9.58,9.58,8.69,8.69,8.69,9.13,2,60,565.00,
530747,INDO ASN.FIN,X ,Q,12.60,12.60,12.40,12.40,12.40,12.00,4,22,274.00,
530755,CORAL NEWSPR,XT,Q,12.07,12.07,12.07,12.07,12.07,12.70,4,35,422.00,
530759,STERL.TOOLS ,B ,Q,171.45,174.00,169.60,173.00,174.00,169.25,167,5925,1028034.00,
530777,INFRA INDUS.,Z ,Q,7.95,7.95,7.95,7.95,7.95,7.95,1,85,675.00,
530789,CEEJAY FINAN,X ,Q,110.00,110.00,98.10,98.50,109.50,107.30,23,391,39819.00,
530795,SUNCITY SYNT,XT,Q,9.30,9.30,9.30,9.30,9.30,9.70,7,162,1506.00,
530797,SHREE GANES.,XT,Q,18.00,18.00,17.20,17.20,17.20,18.00,4,211,3637.00,
530803,BHAGIL      ,B ,Q,201.30,203.75,196.50,199.60,199.60,197.80,170,1744,350059.00,
530809,BNR UDYOG   ,X ,Q,29.15,29.15,29.15,29.15,29.15,29.15,2,5,145.00,
530813,KRBL LTD.   ,A ,Q,223.10,229.15,220.75,227.75,227.55,222.55,2001,43375,9787174.00,
530815,REFNOL RESIN,X ,Q,45.00,46.05,39.50,42.20,42.20,41.90,15,1976,85029.00,
530821,SSPDL LTD   ,X ,Q,13.86,13.86,13.86,13.86,13.86,13.20,3,31,429.00,
530825,DAIKAFFIL CH,X ,Q,23.85,23.85,23.70,23.70,23.70,23.60,4,63,1498.00,
530829,CIL SECURITS,X ,Q,31.80,31.80,25.65,26.80,26.30,27.05,46,4186,112043.00,
530839,CLIO INFOTEC,X ,Q,6.05,6.39,5.80,5.80,5.80,6.10,72,7978,46706.00,
530843,CUPID LTD   ,B ,Q,238.10,240.80,236.25,238.35,240.75,234.05,359,3278,781744.00,
530845,SUNSHIELD CH,X ,Q,527.00,529.95,507.00,519.15,515.75,501.90,57,876,453197.00,
530871,CHEMBOND CHM,B ,Q,163.15,164.45,161.15,162.30,162.30,161.60,37,321,52226.00,
530879,CIFL        ,X ,Q,115.00,121.90,115.00,121.90,121.90,122.00,3,62,7548.00,
530881,ABVL        ,XT,Q,20.00,20.00,20.00,20.00,20.00,20.00,4,1310,26200.00,
530883,SUPER CROP. ,X ,Q,6.84,6.84,6.47,6.67,6.75,6.55,43,7027,47318.00,
530897,N.G.IND.LTD.,X ,Q,64.00,73.30,64.00,70.00,70.00,66.30,70,5024,351219.00,
530909,ERP SOFT SYS,XT,Q,180.80,180.80,163.60,163.60,163.60,172.20,18,214,38276.00,
530915,J.R.FOODS   ,XT,Q,5.35,5.35,5.21,5.35,5.35,5.21,12,1670,8736.00,
530919,REMSONS IND.,B ,Q,200.80,206.85,200.80,205.15,205.15,193.40,14,136,27840.00,
530943,SRI ADHIKARI,T ,Q,1.55,1.55,1.55,1.55,1.55,1.63,4,170,263.00,
530951,RAMINFO     ,X ,Q,112.60,114.70,108.30,109.45,109.45,111.95,298,25402,2822667.00,
530953,SUNIL AGRO F,X ,Q,122.45,122.45,112.10,117.40,117.40,117.50,9,303,35135.00,
530959,DIANA TEA CO,X ,Q,29.00,33.00,29.00,31.15,30.70,29.05,422,77440,2450515.00,
530961,VIKASECO    ,B ,Q,3.63,3.78,3.50,3.77,3.77,3.60,2768,9025146,33544659.00,
530965,INDIAN OIL  ,A ,Q,115.50,115.50,113.20,114.15,114.15,114.30,7558,621287,70886430.00,
530973,ALFA ICA (I),XT,Q,47.50,47.50,47.50,47.50,47.50,50.00,4,600,28500.00,
530977,SKCIL       ,X ,Q,109.00,109.00,98.10,99.05,101.75,108.90,267,16107,1618596.00,
530979,INDIA HOME  ,X ,Q,34.95,35.45,33.05,34.75,35.45,34.35,41,5629,195126.00,
530991,ROOPA INDUS ,X ,Q,27.45,28.80,26.25,27.40,27.40,27.45,13,578,16227.00,
530997,UNIQUE ORGAN,X ,Q,32.30,32.55,30.30,30.30,30.30,37.85,222,84884,2619300.00,
530999,BALAJI AMINE,A ,Q,2787.70,2865.85,2787.70,2829.95,2840.00,2766.55,903,3781,10691451.00,
531017,ARIHANT SEC.,X ,Q,15.20,15.95,15.20,15.95,15.95,15.20,7,1159,18250.00,
531025,VISAGAR FIN ,X ,Q,2.00,2.07,2.00,2.04,2.04,1.99,769,399955,820539.00,
531027,LIBORD SEC  ,X ,Q,7.50,7.74,7.50,7.74,7.74,7.38,4,665,5119.00,
531041,COMPETENT AU,X ,Q,151.10,166.90,151.10,164.70,165.00,151.10,45,1052,171581.00,
531043,DHAN JEEVAN ,XT,Q,15.60,15.60,15.60,15.60,15.60,16.40,7,1332,20779.00,
531049,NEELKANTH RO,Z ,Q,11.45,11.45,11.45,11.45,11.45,10.91,11,1000,11450.00,
531067,CONTIL I LTD,XT,Q,51.15,51.15,46.55,50.10,50.10,49.00,22,544,26377.00,
531069,VIJAY SOLVEX,XT,Q,1852.00,1918.80,1852.00,1860.25,1887.95,1843.00,53,222,415361.00,
531080,SHRI KRISH  ,X ,Q,20.00,20.00,19.95,19.95,19.95,19.95,3,16,319.00,
531082,ALANKIT     ,B ,Q,12.35,12.50,12.11,12.26,12.20,12.26,214,26512,325260.00,
531083,NIHAR INFO  ,X ,Q,11.48,11.49,11.10,11.47,11.49,11.36,26,2040,23306.00,
531092,OMINFRAL    ,B ,Q,33.85,34.85,33.60,34.25,33.90,33.10,171,3407,116038.00,
531109,ISHAN DYES  ,X ,Q,108.90,110.90,98.55,102.20,102.20,108.00,1012,83371,8532329.00,
531112,BALUFORGE   ,X ,Q,95.25,103.95,95.25,98.35,98.35,95.05,177,7750,774863.00,
531119,CEENIK EXPO.,XT,Q,17.90,18.75,17.90,18.75,18.75,17.90,2,100,1829.00,
531120,PATEL ENGG. ,B ,Q,24.35,24.35,22.85,23.75,23.75,23.40,1050,171063,4029409.00,
531126,VIRTUALSOFT.,XT,Q,3.25,3.25,3.25,3.25,3.25,3.42,1,200,650.00,
531127,MENAMANI    ,XT,Q,13.30,13.30,13.30,13.30,13.30,14.00,1,200,2660.00,
531129,INANI MARBLE,X ,Q,20.15,20.20,19.05,19.90,19.50,19.50,25,7889,157965.00,
531137,GEMSTONE INV,X ,Q,1.45,1.45,1.34,1.37,1.38,1.38,184,128122,175452.00,
531146,MEDICAMEN BI,B ,Q,620.05,633.70,607.10,623.05,620.15,622.00,134,813,506314.00,
531147,ALICON      ,B ,Q,679.30,768.10,671.80,754.25,765.00,668.25,201,1400,1039087.00,
531153,DILIGENT    ,X ,Q,15.30,15.95,15.20,15.80,15.85,15.60,80,7553,117590.00,
531156,ALFAVISON.OV,X ,Q,140.25,140.55,140.25,140.50,140.45,140.10,102,12835,1802175.00,
531157,ORGANIC COAT,XT,Q,8.79,8.79,8.79,8.79,8.79,9.25,2,8,70.00,
531158,CATVISION   ,XT,Q,9.85,9.93,9.30,9.82,9.70,9.46,30,6425,62861.00,
531161,ABM KNOWLEDG,X ,Q,87.00,96.45,87.00,93.10,94.85,86.25,269,26432,2463916.00,
531162,EMAMI LTD.  ,A ,Q,409.80,411.50,407.00,409.95,409.95,406.40,806,6782,2779637.00,
531163,KEMISTAR    ,X ,Q,37.00,37.00,35.00,35.05,35.05,37.00,32,2015,73441.00,
531169,SKP SECURE. ,X ,Q,85.00,85.15,81.10,85.15,85.15,81.10,23,1912,162545.00,
531172,PRANAV.SPIN ,X ,Q,22.90,22.90,17.45,19.25,21.95,20.35,20,281,5383.00,
531173,SYSCHEM (I) ,X ,Q,16.50,17.77,16.50,16.74,17.00,17.14,153,79486,1368489.00,
531175,BLS INFOTE  ,XT,Q,5.39,5.50,5.39,5.39,5.39,5.67,2326,970413,5238569.00,
531176,MEFCOM CAPIT,X ,Q,25.50,26.10,25.00,26.00,26.00,26.20,8,1422,36356.00,
531178,HEMANG      ,XT,Q,33.65,37.15,33.65,37.15,37.15,35.40,186,48745,1683461.00,
531179,ARMAN FIN   ,B ,Q,974.95,986.35,932.90,951.85,961.75,934.95,53,200,191790.00,
531190,TAVERNIER   ,XT,Q,9.35,9.35,9.00,9.00,9.00,9.35,5,300,2754.00,
531198,DHANADACOL  ,XT,Q,3.61,3.61,3.60,3.60,3.60,3.61,7,657,2367.00,
531199,GLANCE FIN. ,X ,Q,58.85,58.85,50.45,57.60,54.00,54.10,24,690,39521.00,
531201,SHILCHAR TEC,X ,Q,647.95,658.95,570.00,594.45,594.45,620.95,511,8039,4915722.00,
531203,TRADEWELL   ,XT,Q,35.00,35.00,35.00,35.00,35.00,36.00,4,460,16100.00,
531205,TINEAGRO    ,XT,Q,17.35,17.80,16.15,16.75,17.25,17.00,486,40388,679058.00,
531209,NUCLE.SOFT E,B ,Q,406.80,412.55,403.15,407.85,409.75,396.50,120,1004,408613.00,
531210,COLINZ LABOR,XT,Q,27.00,27.00,24.85,27.00,27.00,26.00,8,212,5382.00,
531212,NLFL        ,X ,Q,27.80,30.60,27.80,29.10,29.05,28.90,19,834,24036.00,
531213,MANAP FIN   ,A ,Q,92.30,92.30,89.50,90.80,90.80,91.25,2091,282056,25469844.00,
531215,RTS POWER CO,X ,Q,61.80,63.40,60.70,61.90,62.40,56.80,101,9596,597132.00,
531216,COMFORT INTE,X ,Q,26.15,28.15,26.15,26.70,26.70,27.35,96,65256,1754741.00,
531221,MAYUR FLOOR.,XT,Q,3.59,3.59,3.59,3.59,3.59,3.77,13,5219,18736.00,
531223,ANJANI SYNT.,X ,Q,32.40,32.40,29.10,29.55,29.55,28.50,33,1494,44704.00,
531225,XTGLOBAL    ,X ,Q,50.65,51.70,46.15,47.40,47.40,48.85,421,45250,2185731.00,
531227,DECO-MICA   ,P ,Q,40.55,40.55,40.55,40.55,40.55,42.65,4,400,16220.00,
531228,RANDER CORP.,X ,Q,8.75,8.99,8.65,8.95,8.95,8.82,26,1254,11033.00,
531233,RASI ELECTRO,X ,Q,8.75,9.27,8.32,9.17,9.20,8.52,99,37885,339240.00,
531234,SCOOBEEDAY  ,X ,Q,152.00,158.95,149.00,158.90,158.90,153.55,21,1480,231714.00,
531235,CITI PORT FN,XT,Q,20.75,20.75,20.75,20.75,20.75,21.80,1,1,20.00,
531237,DHRUVA CAP. ,X ,Q,4.24,4.24,4.24,4.24,4.24,4.04,1,10,42.00,
531240,SHAMROCK IND,XT,Q,6.67,6.67,6.05,6.06,6.49,6.36,19,3613,21917.00,
531241,LINC        ,B ,Q,263.00,270.00,240.00,266.80,266.80,255.65,17,29,7385.00,
531246,PRIMA IND.  ,XT,Q,33.75,33.75,32.10,32.10,32.10,33.75,11,346,11108.00,
531252,ANERI       ,X ,Q,5.00,5.00,5.00,5.00,5.00,5.15,2,10,50.00,
531253,INDIA GELAT.,X ,Q,113.90,124.95,106.10,117.05,117.05,105.70,142,9874,1168595.00,
531254,OPTIFIN     ,X ,Q,28.10,31.00,28.10,29.50,31.00,29.55,22,2839,84619.00,
531255,PARAGON FIN.,X ,Q,16.85,16.90,16.85,16.85,16.85,16.15,12,552,9321.00,
531257,PRATIKSHA CH,X ,Q,24.95,24.95,23.75,23.75,23.75,24.95,37,4310,102802.00,
531259,ESHAMEDIA   ,XT,Q,8.60,8.60,8.24,8.25,8.25,8.39,7,917,7717.00,
531260,SUNEDISON   ,X ,Q,300.20,338.00,283.75,334.90,338.00,312.00,95,26803,8391091.00,
531266,VST TILLERS ,A ,Q,2492.95,2522.90,2492.95,2518.85,2519.50,2475.40,71,116,291602.00,
531268,B2B SOFT.   ,XT,Q,30.05,31.25,29.30,30.80,31.00,30.45,53,2446,75154.00,
531272,NIKKI GLOBAL,X ,Q,8.56,8.56,8.56,8.56,8.56,8.73,2,30,256.00,
531273,RADHE DEVLOP,X ,Q,220.85,220.85,220.85,220.85,220.85,210.35,174,17399,3842569.00,
531274,KINETIC TRUS,XT,Q,10.05,10.34,10.05,10.34,10.34,9.85,5,134,1355.00,
531278,ELIXIR      ,X ,Q,46.55,46.55,41.10,41.95,42.95,42.35,152,16638,737832.00,
531279,TRISHAKTI EL,X ,Q,82.00,85.95,78.25,80.50,80.10,82.00,40,1048,86777.00,
531280,PANKAJ POLY.,X ,Q,4.63,4.63,4.55,4.55,4.55,4.41,4,605,2771.00,
531281,MARBLE      ,X ,Q,11.10,11.10,11.00,11.00,11.00,11.30,3,231,2541.00,
531283,CINDRELLA FI,XT,Q,28.20,28.20,28.20,28.20,28.20,29.65,7,461,13000.00,
531287,NAT PLASTIC ,X ,Q,70.05,73.50,70.05,73.50,73.50,73.00,3,60,4406.00,
531288,LEAD FINANC ,XT,Q,15.59,15.59,15.58,15.58,15.58,14.85,6,613,9552.00,
531289,NATFIT      ,X ,Q,50.50,58.50,50.50,56.75,56.75,53.20,26,1290,71455.00,
531297,ARTEFACT PR ,X ,Q,53.50,58.45,50.70,55.25,55.25,49.50,70,6784,374118.00,
531300,AMIT INTNL. ,X ,Q,6.17,6.17,6.00,6.17,6.17,5.88,32,6814,41923.00,
531301,HIGH STREET ,X ,Q,16.65,16.65,16.65,16.65,16.65,16.65,2,201,3346.00,
531304,NUTECH GLOBA,X ,Q,10.30,10.30,10.29,10.29,10.29,10.20,3,102,1050.00,
531306,DHP INDIA LT,X ,Q,817.75,817.75,788.20,804.80,811.00,816.10,143,1252,999631.00,
531307,RRIL        ,X ,Q,13.30,13.85,13.30,13.55,13.60,13.35,61,5487,74689.00,
531310,AVAILABLE FI,X ,Q,150.25,157.40,150.25,155.35,156.40,151.30,64,5210,809540.00,
531314,INTEGRA CAP.,X ,Q,21.30,21.30,21.30,21.30,21.30,22.00,1,7,149.00,
531319,MARUTI SEC. ,XT,Q,3.90,3.90,3.90,3.90,3.90,3.90,11,600,2340.00,
531322,HAVISHA     ,T ,Q,2.65,2.67,2.47,2.58,2.58,2.60,37,18737,47561.00,
531324,ROSELABS FIN,X ,Q,17.00,17.00,16.15,16.15,16.15,16.20,2,29,469.00,
531327,CHARMS INDUS,X ,Q,4.00,4.19,4.00,4.19,4.19,4.00,2,100,418.00,
531328,KRETTOSYS   ,X ,Q,0.78,0.81,0.76,0.80,0.80,0.78,1014,1190006,938197.00,
531334,VIKALP SEC. ,XT,Q,6.51,6.51,5.89,5.90,5.90,6.20,19,3511,21115.00,
531335,ZYDUS WELL  ,A ,Q,1529.65,1541.35,1519.45,1526.90,1531.05,1520.70,664,2644,4031437.00,
531337,WINPRO      ,B ,Q,5.08,5.40,4.82,4.84,4.82,4.97,155,43364,212131.00,
531340,BERVIN INV. ,XT,Q,39.90,41.85,39.90,41.85,41.85,39.90,7,1004,41800.00,
531344,CONTAIN.CORP,A ,Q,646.50,659.80,633.55,657.75,656.15,643.55,3144,77442,50194601.00,
531346,EASTERN TRED,X ,Q,39.00,39.00,39.00,39.00,39.00,39.40,2,20,780.00,
531349,PANACEA BIOT,B ,Q,143.70,143.70,140.50,142.65,142.65,141.20,315,7228,1027502.00,
531352,PEETI SECURT,XT,Q,25.80,26.40,25.00,25.00,25.00,25.80,15,2284,57395.00,
531358,CHOICE INT. ,B ,Q,347.80,350.60,343.25,345.80,345.30,345.35,1022,5839,2030884.00,
531359,SHRIRAM ASSE,X ,Q,139.75,139.75,126.00,128.50,128.50,128.10,17,1652,216521.00,
531360,GOLECHA GLOB,X ,Q,10.87,10.87,10.86,10.86,10.86,10.36,7,574,6238.00,
531364,PARAMONE    ,X ,Q,20.35,23.65,20.35,23.60,23.65,22.15,14,1933,44771.00,
531373,BYKE HOSP   ,T ,Q,37.25,37.25,36.10,37.10,37.20,36.05,20,1519,55711.00,
531380,CENTENIAL SU,X ,Q,54.00,58.50,53.05,58.45,58.45,58.85,6,55,2986.00,
531381,ARIHANT FOUN,X ,Q,31.00,31.00,28.35,28.70,29.80,29.65,14,376,11123.00,
531387,HASTI FINANC,X ,Q,4.43,4.43,4.27,4.27,4.27,4.35,10,815,3480.00,
531390,UPSURGE INV.,X ,Q,45.85,48.45,44.50,45.80,46.90,44.90,19,340,15805.00,
531395,PADAM COTTON,XT,Q,21.55,21.55,21.55,21.55,21.55,22.65,7,52,1120.00,
531398,SOURCENTRL  ,X ,Q,100.85,100.85,85.00,88.50,86.40,88.80,68,1043,92907.00,
531399,G.G.AUTOMATI,XT,Q,22.35,22.85,21.75,22.65,22.05,21.80,15,1150,25642.00,
531400,ALMONDZ GLO ,B ,Q,93.60,98.10,93.60,97.35,98.10,90.90,82,2492,239716.00,
531402,LWS KNITWEAR,XT,Q,16.55,17.30,16.55,17.30,17.30,16.55,4,550,9402.00,
531406,ANS LTD     ,XT,Q,11.02,11.02,11.02,11.02,11.02,10.50,3,21,231.00,
531409,ALCH CORP   ,X ,Q,15.80,15.80,15.15,15.15,15.15,15.90,2,2,30.00,
531411,TUNI TEXTILE,X ,Q,2.95,2.97,2.90,2.97,2.97,2.83,405,175349,519789.00,
531412,RADIX IND   ,XT,Q,53.10,53.10,53.10,53.10,53.10,52.70,7,310,16461.00,
531413,KIRAN PRINT ,X ,Q,6.24,6.24,5.75,5.75,5.75,5.95,6,717,4362.00,
531416,NARENDRA PRO,XT,Q,21.95,21.95,20.00,20.00,20.00,21.05,33,1924,38488.00,
531417,MEGA CORPN. ,X ,Q,2.24,2.24,2.05,2.19,2.20,2.14,195,103840,222508.00,
531426,TAMIL.NEWSPR,A ,Q,177.20,179.05,170.90,172.60,172.40,175.25,1611,61311,10804054.00,
531431,SHAKTI PUMPS,A ,Q,432.80,448.65,432.80,439.70,439.70,435.60,343,2425,1070288.00,
531432,SYSTEMATIX  ,X ,Q,8.33,8.33,8.17,8.17,8.17,8.60,3,82,673.00,
531433,SUNGOLD CAP.,XT,Q,1.59,1.60,1.59,1.60,1.60,1.66,2,3016,4825.00,
531437,PWASML      ,X ,Q,48.00,50.10,46.20,47.15,47.15,48.00,10,403,19295.00,
531439,GOLDSTONE EN,B ,Q,60.00,61.05,59.30,60.55,60.80,59.45,29,1693,102108.00,
531444,VARDHMAN    ,XT,Q,7.05,7.05,7.05,7.05,7.05,7.18,3,14,98.00,
531449,GRM OVERSEAS,B ,Q,347.00,357.20,346.80,357.20,357.20,340.20,1105,37508,13311575.00,
531453,MOHIT INDUS.,B ,Q,18.75,19.15,17.95,18.65,19.15,18.40,215,10734,198191.00,
531454,POLYLINK POL,X ,Q,27.15,29.60,27.15,27.60,27.50,28.20,36,2507,70823.00,
531456,MINAXI TEXT.,X ,Q,2.85,2.88,2.61,2.84,2.80,2.71,243,72258,198784.00,
531460,CONTI.CONTRL,XT,Q,6.44,6.44,6.13,6.40,6.40,6.45,9,1210,7759.00,
531465,NOUVEAU     ,X ,Q,1.28,1.28,1.28,1.28,1.28,1.26,22,29383,37610.00,
531471,DUKE OFFSHOR,X ,Q,9.45,9.45,8.65,9.43,9.35,9.09,7,346,3255.00,
531472,CYBELE IND  ,XT,Q,12.40,12.40,12.40,12.40,12.40,12.40,2,18,223.00,
531489,CG-VAK SOFTW,X ,Q,280.00,289.50,260.30,288.40,289.40,263.20,258,10600,3023385.00,
531494,NAVKAR      ,XT,Q,86.75,86.75,81.15,83.85,83.85,84.45,143,23636,1953134.00,
531497,MADHUCON PRJ,T ,Q,5.61,6.00,5.61,5.95,6.00,5.90,18,3956,23401.00,
531499,SYBLY INDS. ,X ,Q,6.30,6.82,6.20,6.82,6.82,6.50,7,384,2429.00,
531500,RAJESH EXPO.,A ,Q,566.00,569.05,550.40,553.70,554.45,565.10,1763,17840,9941092.00,
531502,ESAAR (I)LTD,X ,Q,4.46,4.46,4.46,4.46,4.46,4.38,23,1141,5088.00,
531503,MARIS SPIN. ,X ,Q,70.00,71.10,67.10,70.40,70.50,67.95,57,2934,205669.00,
531508,EVEREADY (I),A ,Q,316.70,316.70,313.95,314.50,314.50,315.90,108,2512,790233.00,
531509,STEP TWO COR,X ,Q,19.11,19.11,19.11,19.11,19.11,20.11,32,28282,540469.00,
531512,ORIENT TRADE,X ,Q,9.88,9.88,9.41,9.79,9.87,9.41,388,118133,1153145.00,
531518,VIKASPROP   ,B ,Q,1.70,1.70,1.61,1.62,1.62,1.70,561,878343,1445049.00,
531525,ACE SOFTWARE,X ,Q,18.00,18.00,17.00,17.00,17.00,17.50,6,565,9618.00,
531531,HATSUN AGRO ,A ,Q,891.70,892.10,880.00,881.75,886.65,882.85,259,1132,1002993.00,
531533,E.COM INFOTE,XT,Q,28.10,28.10,28.10,28.10,28.10,28.00,1,89,2500.00,
531539,RISHABH DIGH,X ,Q,23.20,25.35,23.15,24.90,24.90,24.35,8,202,4685.00,
531540,MARUTI INFRA,X ,Q,56.50,58.00,54.50,56.80,57.65,54.40,49,5596,316108.00,
531541,KOBO        ,Z ,Q,5.23,5.77,5.23,5.70,5.77,5.50,14,2028,11552.00,
531543,JINDAL WORLD,T ,Q,233.55,242.95,232.45,237.20,238.70,244.65,87,15919,3743830.00,
531548,SOMANY CRAM ,A ,Q,580.45,601.15,580.45,587.05,594.00,594.90,249,670,394782.00,
531552,RAGHUNATH TO,X ,Q,13.35,13.50,12.51,13.25,13.25,13.09,25,962,12218.00,
531553,DRL         ,XT,Q,23.50,23.50,23.50,23.50,23.50,24.70,4,26,611.00,
531556,CORAL (I)FIN,B ,Q,37.05,38.25,36.20,36.55,36.20,36.40,85,2431,90759.00,
531560,AROMA ENT   ,Z ,Q,23.35,23.50,21.30,21.30,21.30,22.40,10,552,12865.00,
531569,SANJIVANI PA,X ,Q,49.00,49.45,49.00,49.25,49.25,47.10,28,6565,324486.00,
531574,VAS INFRA   ,X ,Q,5.13,5.13,5.13,5.13,5.13,4.89,4,1100,5643.00,
531578,KMF BUILDERS,X ,Q,6.49,6.50,6.49,6.50,6.50,6.20,8,1952,12678.00,
531582,BERYL SECUR.,XT,Q,7.72,8.10,7.72,8.10,8.10,7.72,7,312,2430.00,
531583,RAP MEDIA   ,X ,Q,16.95,16.95,16.95,16.95,16.95,16.95,1,5,84.00,
531585,DEVINE IMPE ,XT,Q,5.43,5.70,5.43,5.70,5.70,5.43,9,210,1167.00,
531591,BAMPSL SECUR,XT,Q,6.75,6.75,6.41,6.45,6.45,6.62,30,4640,30711.00,
531592,GENPHARMA   ,X ,Q,4.85,5.03,4.75,4.99,5.00,4.85,588,142242,701240.00,
531594,INCON ENGG. ,XT,Q,20.65,21.65,20.35,21.60,21.60,20.65,33,987,20968.00,
531595,CGCL        ,A ,Q,639.85,653.05,632.00,638.05,639.90,635.35,431,1700,1092984.00,
531599,FDC LIMITED ,A ,Q,243.60,247.45,243.10,245.30,245.75,242.05,356,1214,298258.00,
531600,GOGIA CAP   ,XT,Q,148.55,148.55,134.50,141.50,141.50,141.50,12,621,88632.00,
531608,GORANI INDUS,X ,Q,143.20,151.90,143.20,147.85,147.85,148.85,73,4778,700294.00,
531609,KG PETROCHEM,X ,Q,232.30,247.90,227.70,247.00,247.00,232.30,7,39,9429.00,
531616,STARCOM     ,X ,Q,100.50,119.90,99.85,104.90,104.90,110.90,10,51,5347.00,
531624,COUNTRY COND,B ,Q,4.31,4.37,4.20,4.34,4.34,4.16,42,13372,57789.00,
531626,OROSMITHS   ,X ,Q,6.07,6.13,5.62,5.99,6.00,5.86,243,51586,304612.00,
531633,LINCOLN PHAR,B ,Q,266.40,277.00,266.40,273.15,275.25,264.55,317,2888,784016.00,
531635,SILVER OAK  ,X ,Q,42.85,42.85,39.30,41.00,41.00,41.65,10,324,13243.00,
531637,PRAVEG      ,X ,Q,167.00,169.50,161.30,162.60,164.20,164.70,97,3600,590349.00,
531638,SURAJ LTD   ,X ,Q,65.00,70.40,64.00,69.05,70.40,69.15,15,388,26713.00,
531642,MARICOLTD   ,A ,Q,536.00,536.00,519.25,526.55,526.55,530.10,2109,54761,28741490.00,
531644,TOKYO FINANC,X ,Q,14.26,14.26,14.26,14.26,14.26,13.59,18,3225,45988.00,
531648,MAHAVIRIND  ,XT,Q,1.91,2.07,1.91,2.03,2.06,2.01,46,9938,19878.00,
531651,NATIONAL GEN,XT,Q,419.65,419.65,379.95,404.00,404.00,399.90,4,10,3944.00,
531661,HITTCO TOOLS,XT,Q,8.90,9.00,8.54,8.82,8.95,8.89,48,5544,49113.00,
531667,RRMETAL     ,X ,Q,40.00,40.00,37.80,39.10,39.10,37.70,12,586,22932.00,
531668,VISION CORPO,X ,Q,2.13,2.29,2.13,2.20,2.20,2.22,20,3020,6794.00,
531673,ANKA INDIA  ,XT,Q,13.65,13.65,13.65,13.65,13.65,14.35,1,130,1774.00,
531677,ARISINT     ,XT,Q,20.90,20.90,20.90,20.90,20.90,19.95,1,50,1045.00,
531681,AMERISE     ,X ,Q,0.94,0.97,0.90,0.94,0.96,0.94,334,159979,151544.00,
531688,PRITHVIEXCH ,XT,Q,33.90,33.90,31.10,31.10,31.10,32.70,7,604,18792.00,
531694,RAINBOW FOUN,X ,Q,11.11,11.90,11.11,11.76,11.75,11.54,53,12844,149439.00,
531716,TRICOMFRU   ,X ,Q,1.46,1.50,1.46,1.50,1.50,1.53,38,28877,42207.00,
531717,VIDHIING    ,B ,Q,392.80,396.10,383.90,387.40,387.40,386.95,201,1195,466203.00,
531719,BHAGIRA.CHEM,B ,Q,910.00,913.90,887.10,904.55,906.90,908.45,97,766,691996.00,
531726,PANCHSHEEL O,X ,Q,218.00,222.00,212.55,220.70,220.50,218.45,126,12586,2770824.00,
531727,MENON PISTON,X ,Q,41.00,42.75,40.50,42.35,42.35,40.25,255,23314,979115.00,
531737,GREENCREST  ,X ,Q,5.96,6.07,5.86,5.99,6.00,5.96,71,11451,68467.00,
531739,GENNEX LAB  ,X ,Q,6.97,7.05,6.71,6.82,6.82,6.82,549,234638,1608216.00,
531744,GINI SILK MI,X ,Q,38.85,39.80,36.00,39.80,39.80,36.20,31,5720,220358.00,
531746,PRAJAY ENGS.,T ,Q,16.00,16.50,15.70,16.50,16.45,16.20,12,1954,31143.00,
531752,BIOGEN      ,X ,Q,1.02,1.07,1.02,1.07,1.07,1.02,2017,2132212,2270347.00,
531761,APOLLOPIPES ,A ,Q,485.00,515.25,485.00,494.65,494.65,494.20,665,7776,3887158.00,
531762,UNJHA FORMUL,X ,Q,10.01,10.01,10.01,10.01,10.01,10.03,1,46,460.00,
531768,POLY MEDICUR,A ,Q,684.35,708.80,675.00,680.25,675.05,671.25,901,2891,2009805.00,
531778,KACHCHHMIN  ,X ,Q,26.60,26.60,24.10,25.60,25.60,25.35,52,6186,155450.00,
531780,KACL        ,XT,Q,66.70,66.70,60.40,65.45,65.45,63.55,2342,224067,14681782.00,
531784,KCLINFRA    ,X ,Q,2.05,2.05,1.90,2.05,2.05,1.96,75,17346,34326.00,
531795,ATUL AUTO   ,B ,Q,170.10,177.90,167.00,173.60,173.60,169.95,439,9188,1585434.00,
531802,PRERNA INFR ,X ,Q,36.80,36.80,34.15,35.20,35.25,34.90,40,9619,337518.00,
531810,METAL COATIN,X ,Q,67.30,67.30,64.00,65.30,65.65,64.20,51,3965,259651.00,
531812,SGN TELECOMS,XT,Q,0.61,0.61,0.59,0.59,0.59,0.61,3,1547,912.00,
531813,GANGAPAPERS ,XT,Q,59.70,59.70,59.70,59.70,59.70,56.90,2,100,5970.00,
531814,TIRUPATI SAR,X ,Q,8.14,8.14,7.51,8.00,8.09,7.77,33,3153,24900.00,
531822,RODIUM      ,X ,Q,67.00,67.00,63.95,64.30,64.30,61.95,7,31,2015.00,
531834,NATURA HUE C,XT,Q,4.72,5.20,4.72,5.18,5.10,4.96,57,14358,69120.00,
531841,INDUSFINL   ,X ,Q,11.50,11.50,11.50,11.50,11.50,12.00,4,20,230.00,
531842,LAHOTI OVER.,X ,Q,40.80,40.80,37.35,39.20,39.50,36.90,142,16138,626827.00,
531845,ZENITHSTL   ,B ,Q,8.65,8.75,8.30,8.75,8.75,8.34,1958,1744056,15158552.00,
531846,TRINITYLEA  ,XT,Q,6.99,6.99,6.99,6.99,6.99,6.66,1,1,6.00,
531847,ASIAN STAR  ,B ,Q,799.90,800.00,799.90,799.95,800.00,800.00,2,2,1599.00,
531859,ORIRAIL     ,X ,Q,110.00,117.80,110.00,115.55,117.00,110.80,69,15953,1825947.00,
531861,JOINDRE CAPI,X ,Q,28.00,29.80,27.90,27.90,27.90,27.15,13,1042,29359.00,
531862,BHARATAGRI  ,X ,Q,488.00,488.00,465.00,474.80,467.00,471.10,30,1267,600260.00,
531867,UNITECH INTE,X ,Q,6.31,6.31,6.29,6.29,6.29,6.01,8,3751,23653.00,
531869,SACHETA MET.,X ,Q,22.85,23.60,22.85,23.10,23.20,23.30,203,14254,331020.00,
531878,ANJANI FINL ,X ,Q,6.01,6.01,5.86,6.01,6.01,6.47,19,3902,23439.00,
531879,PIONEER DIS.,B ,Q,154.80,157.85,151.70,157.20,154.25,151.70,21,276,42602.00,
531881,GMETCOAL    ,Z ,Q,17.10,17.10,16.35,16.35,16.35,17.10,2,20,334.00,
531887,RAHUL MERCH.,X ,Q,6.75,6.75,6.75,6.75,6.75,7.10,1,46,310.00,
531888,REXNORD ELE.,X ,Q,70.10,70.10,63.10,68.40,68.75,67.00,115,12818,864744.00,
531892,KHANDWALA SE,T ,Q,28.00,29.80,28.00,28.80,29.35,28.45,42,4483,129583.00,
531893,SAWACA BUSI ,X ,Q,1.70,1.70,1.70,1.70,1.70,18.25,16,1170,1989.00,
531900,CCL INTER   ,X ,Q,16.95,16.95,15.85,16.85,16.90,15.85,3,44,741.00,
531902,GALLOPENT   ,XT,Q,54.65,54.65,54.65,54.65,54.65,57.50,6,48,2623.00,
531909,CROISSANCE  ,X ,Q,6.18,6.18,6.18,6.18,6.18,5.89,9,28954,178935.00,
531910,MADHUVEER   ,XT,Q,31.35,31.35,31.35,31.35,31.35,29.86,24,10529,330084.00,
531913,GOPAL IRON S,XT,Q,7.50,7.50,7.50,7.50,7.50,7.50,6,199,1492.00,
531921,AGAR IND COR,B ,Q,513.65,537.65,513.35,525.80,525.00,504.25,3405,74513,39105700.00,
531923,DHAMPURE SGR,X ,Q,41.95,41.95,39.00,41.15,40.15,39.05,46,2320,94411.00,
531925,SHANTANU SHE,XT,Q,2.20,2.24,2.06,2.20,2.20,2.16,43,15007,32354.00,
531928,GOLDEN CARPE,XT,Q,7.46,7.46,7.46,7.46,7.46,7.46,1,1,7.00,
531929,INNOCORP L  ,X ,Q,7.10,7.37,7.10,7.11,7.11,7.45,17,1389,9904.00,
531930,SARTHAK INDU,X ,Q,67.50,67.50,67.50,67.50,67.50,71.05,2,26,1755.00,
531931,SAI CAPITAL ,XT,Q,195.75,195.75,195.75,195.75,195.75,206.05,23,261,51090.00,
531950,VERTEX SEC. ,XT,Q,3.10,3.10,2.91,2.95,2.95,3.05,92,13483,39947.00,
531952,RIBA TEXTILS,X ,Q,39.00,39.00,37.00,38.50,38.60,37.40,53,2012,76712.00,
531962,SHREMETAL   ,XT,Q,25.00,25.60,25.00,25.00,25.00,24.40,4,201,5025.00,
531968,IITL PROJ   ,X ,Q,19.00,19.00,19.00,19.00,19.00,20.00,4,2499,47481.00,
531977,CHARTERLOGIS,X ,Q,6.22,6.60,6.22,6.36,6.29,6.38,217,60279,387882.00,
531978,AMBIKA COTTO,B ,Q,1807.50,1870.10,1807.10,1849.65,1870.10,1788.75,296,1012,1848194.00,
531979,HIND ALUMIN ,X ,Q,40.50,40.50,37.70,38.70,38.70,39.05,45,2053,78710.00,
531980,SENTHILINFO ,XT,Q,10.35,10.35,10.35,10.35,10.35,10.85,1,100,1035.00,
531982,SPECTR FOOD ,X ,Q,19.30,19.30,19.30,19.30,19.30,19.30,2,20,386.00,
531991,AMRAWOR AGRI,X ,Q,1.21,1.24,1.14,1.15,1.15,1.19,678,466567,551001.00,
531994,AUTO PINS(I),X ,Q,60.60,60.60,60.50,60.50,60.50,55.15,4,17,1029.00,
531996,ODYSSEY CORP,X ,Q,6.20,6.32,5.72,6.30,6.30,6.02,120,39092,228376.00,
532001,INDUCTO STL.,X ,Q,36.50,38.20,36.50,38.20,38.15,36.75,4,333,12210.00,
532005,SAM INDUS.  ,X ,Q,26.70,26.70,26.70,26.70,26.70,25.45,5,513,13697.00,
532007,SHREEVAT.FIN,XT,Q,10.51,10.51,10.51,10.51,10.51,10.23,2,15,157.00,
532011,POOJA ENT   ,XT,Q,130.20,143.70,130.20,143.70,143.70,136.90,41,793,112718.00,
532015,GRAVITY (I) ,X ,Q,5.34,5.34,5.08,5.19,5.19,5.34,16,3010,15480.00,
532019,LCC INFOTECH,B ,Q,3.00,3.01,2.90,3.01,3.01,2.87,84,53578,159858.00,
532022,FILAT FASH  ,XT,Q,6.98,6.98,6.67,6.87,6.90,6.89,86,23015,157753.00,
532029,SINDHU TRADE,T ,Q,38.90,38.90,35.75,36.20,36.20,37.60,614,44642,1628287.00,
532033,JAIN STUDIOS,Z ,Q,2.70,2.70,2.70,2.70,2.70,2.75,1,100,270.00,
532035,UNISTAR MULT,XT,Q,14.60,14.65,14.05,14.50,14.50,14.52,13,5289,75509.00,
532039,ZENOTECH    ,X ,Q,55.35,57.90,55.35,56.90,56.90,54.60,206,23774,1344016.00,
532041,HINDUSTN BIO,X ,Q,3.29,3.59,3.29,3.56,3.56,3.45,20,3404,12089.00,
532042,FRONTL CORP ,X ,Q,30.90,30.90,30.90,30.90,30.90,30.90,1,2,61.00,
532051,SWELECT     ,B ,Q,341.70,341.70,341.70,341.70,341.70,325.45,11,1074,366985.00,
532053,WALLFORT FIN,X ,Q,48.00,48.00,42.30,43.15,43.75,50.30,76,4773,207191.00,
532054,KDDL LTD    ,B ,Q,698.95,715.00,685.00,698.25,698.25,696.90,93,825,578073.00,
532056,ADINATH EXIM,XT,Q,18.60,18.60,17.15,17.20,17.15,18.05,34,626,10905.00,
532057,ABHINAV CAP ,X ,Q,176.25,176.25,176.25,176.25,176.25,167.90,5,190,33487.00,
532067,KILPEST (I) ,X ,Q,343.10,352.95,336.10,343.30,342.00,338.85,178,4307,1496353.00,
532070,SUPERB PAPER,XT,Q,53.60,54.60,50.00,54.30,54.50,52.00,74,39112,2063911.00,
532078,MONIND      ,XT,Q,11.56,11.56,10.99,10.99,10.99,11.56,4,1153,12701.00,
532090,VANDANA     ,XT,Q,1.60,1.72,1.60,1.62,1.62,1.64,25,34784,59245.00,
532100,INDO-CITY IN,X ,Q,6.94,7.45,6.60,7.24,7.24,6.94,33,3855,26103.00,
532102,SBEC SUGAR  ,X ,Q,26.75,26.75,24.60,24.85,25.95,25.60,27,464,11887.00,
532113,BRIJLAXMI LE,XT,Q,1.89,1.89,1.89,1.89,1.89,1.98,3,600,1134.00,
532123,BSE  INFRA  ,X ,Q,2.83,3.01,2.80,2.91,2.92,2.74,453,212883,629958.00,
532124,RELIAB VEN  ,X ,Q,15.85,16.80,15.85,16.35,16.25,16.00,88,6926,111347.00,
532134,BANKBARODA  ,A ,Q,99.05,99.90,98.15,98.70,98.70,98.35,5359,1187772,117600568.00,
532140,MOHITE      ,X ,Q,20.00,20.85,20.00,20.85,20.85,19.95,3,84,1748.00,
532143,SKM EGG PROD,B ,Q,62.85,63.15,61.90,62.45,63.15,61.10,55,350,21845.00,
532144,WELCORP     ,A ,Q,203.50,211.90,201.00,206.00,206.00,200.30,1620,94766,19537849.00,
532145,H.S.(I) LTD.,X ,Q,8.15,8.18,8.15,8.18,8.18,8.50,4,518,4222.00,
532149,BNK OF INDIA,A ,Q,46.60,47.10,45.60,46.95,46.95,45.60,1633,287703,13370285.00,
532150,INDRAPRAST  ,B ,Q,58.50,59.60,57.90,59.40,59.40,58.30,325,11908,703145.00,
532154,JOHNPHARMA  ,X ,Q,1.06,1.08,1.03,1.05,1.05,1.04,1769,1869480,1966577.00,
532155,GAIL (I) LTD,A ,Q,152.75,152.75,142.25,142.80,142.80,151.00,5503,498915,73403155.00,
532156,VAIBHAVGBL  ,A ,Q,336.95,345.00,332.75,334.60,335.70,332.35,1863,35952,12129449.00,
532159,TRESCON     ,X ,Q,16.10,16.10,15.65,15.95,16.00,15.45,27,2813,44530.00,
532160,GUJ.STAT.FIN,T ,Q,7.55,7.89,7.36,7.56,7.46,7.70,55,1357,10317.00,
532162,JK PAPER    ,A ,Q,342.00,345.10,330.50,335.40,335.40,339.45,2550,72875,24495780.00,
532163,SAREGAMA (I),A ,Q,405.00,407.20,395.65,401.40,397.00,396.30,1214,10290,4142199.00,
532164,MINOLTA FIN.,Z ,Q,3.67,3.67,3.60,3.60,3.60,3.60,9,7018,25265.00,
532172,ADROITINFO  ,T ,Q,10.00,10.60,10.00,10.39,10.60,10.10,12,2300,23780.00,
532173,CYBERTECH   ,B ,Q,144.20,145.80,142.20,143.15,143.10,142.25,394,4302,619176.00,
532174,ICICI BANK  ,A ,Q,732.00,741.00,731.25,739.75,739.75,729.15,12688,461497,340414660.00,
532175,CYIENT      ,A ,Q,781.80,782.75,761.00,781.15,782.50,750.45,1519,6284,4854545.00,
532178,ENGINRS.(I) ,A ,Q,59.00,60.05,59.00,59.80,59.80,58.75,694,40810,2435738.00,
532180,DHANALAK.BNK,B ,Q,12.75,12.85,12.50,12.58,12.62,12.70,910,24218,305154.00,
532181,GUJ.MINERAL ,A ,Q,136.30,143.65,133.05,142.45,142.45,134.10,10951,783903,108022549.00,
532187,INDUSIND BNK,A ,Q,914.00,927.45,906.30,925.55,926.00,897.00,2646,71533,65861784.00,
532189,INDIA TOURIS,A ,Q,326.00,327.65,322.50,324.90,324.00,318.95,65,688,223228.00,
532209,J & K BANK  ,A ,Q,29.15,29.15,28.60,28.95,28.95,28.75,1155,174251,5037607.00,
532210,CITY UNION  ,A ,Q,128.70,129.25,125.75,126.65,126.80,126.50,888,50173,6389519.00,
532212,ARCHIES LTD ,T ,Q,17.40,17.40,16.25,16.35,16.45,17.05,34,5699,94941.00,
532215,AXIS BANK   ,A ,Q,686.00,693.60,684.00,688.55,688.55,683.55,7920,190058,131057596.00,
532216,HB STOCKHOL.,B ,Q,43.75,46.10,43.75,46.10,46.10,43.95,58,1089,50054.00,
532217,SIEL FINANCL,X ,Q,13.05,14.33,12.50,12.99,12.99,13.07,48,16806,221060.00,
532218,SOUTH IND.BK,A ,Q,7.94,8.06,7.91,7.93,7.93,7.88,1751,881502,7038971.00,
532219,ENERGY DEV. ,B ,Q,15.50,15.75,15.15,15.15,15.15,15.90,158,19326,296168.00,
532221,SONATA SOFT.,A ,Q,654.10,702.00,654.00,680.25,676.35,647.35,1711,12006,8163120.00,
532230,BENGAL TEA &,X ,Q,68.35,68.60,68.35,68.55,68.45,68.40,6,601,41163.00,
532234,NAT.ALUM    ,A ,Q,94.80,94.80,91.60,92.90,92.90,93.05,4698,627370,58181454.00,
532240,INDIA NIPPON,B ,Q,374.05,384.75,371.10,380.55,384.75,370.30,36,278,104447.00,
532256,NALWA SONS  ,B ,Q,1329.85,1347.95,1310.85,1324.50,1315.00,1313.50,49,80,106293.00,
532259,APAR INDUS. ,A ,Q,611.00,724.40,600.60,711.05,711.05,607.55,6236,48803,33828754.00,
532268,ACCELYA     ,B ,Q,940.60,970.20,928.30,936.80,931.65,934.45,298,770,726284.00,
532271,ORCHASP     ,XT,Q,5.05,5.27,4.87,5.02,5.15,5.09,193,49306,248098.00,
532281,HCL TECHNO  ,A ,Q,988.00,1010.45,988.00,1003.90,1003.90,981.10,8035,117787,118061808.00,
532284,TCFC FINANCE,X ,Q,35.90,35.95,33.20,34.40,34.95,34.90,13,445,15360.00,
532285,GEOJITFSL   ,A ,Q,50.85,51.10,49.75,50.15,50.10,49.85,1537,70923,3564026.00,
532286,JINDAL STE  ,A ,Q,399.00,401.80,389.00,395.40,395.40,393.90,5351,247999,97967555.00,
532290,BLB LTD.    ,B ,Q,21.20,21.40,20.45,21.05,21.20,20.40,72,5792,120301.00,
532296,GLENMARK PHA,A ,Q,393.15,402.45,391.90,398.05,396.80,393.60,2464,131445,52051203.00,
532300,WOCKHARDT   ,A ,Q,265.90,272.80,265.90,267.65,267.65,262.95,1950,54716,14729398.00,
532301,TATA COFFEE ,A ,Q,194.60,196.65,194.25,195.40,195.95,193.85,1318,45737,8936925.00,
532304,KJMCCORP    ,X ,Q,37.10,37.10,34.55,34.55,34.55,36.35,3,7,246.00,
532305,IND-SWIFT LA,B ,Q,58.40,59.15,58.30,58.45,58.35,57.10,102,1385,81298.00,
532307,MELSTAR INFO,Z ,Q,3.87,3.87,3.69,3.86,3.69,3.69,11,107,413.00,
532309,GEPIL       ,A ,Q,179.50,180.30,176.80,177.60,177.40,177.90,518,9696,1731173.00,
532310,SHREE RAMA  ,B ,Q,12.80,12.95,12.30,12.60,12.85,12.75,141,9504,119320.00,
532313,MAHINDRALIFE,A ,Q,373.25,375.70,349.10,351.80,350.00,370.70,1555,12195,4368949.00,
532320,VAARAD      ,X ,Q,15.95,18.70,15.95,17.45,16.60,15.60,74,10155,177904.00,
532321,ZYDUSLIFE   ,A ,Q,376.00,376.50,371.25,373.65,373.65,372.85,2384,79403,29699421.00,
532323,SHIVA CEMENT,X ,Q,42.85,42.95,40.95,41.40,41.40,42.05,664,199463,8360921.00,
532324,CINEVISTA   ,B ,Q,12.84,13.20,12.83,12.83,12.83,12.63,5,226,2908.00,
532326,INTENS TECH ,B ,Q,68.85,70.30,68.85,70.00,70.00,68.35,113,1333,93021.00,
532329,DANLAW TECH.,X ,Q,140.00,143.95,130.00,141.85,141.10,139.00,51,1224,172681.00,
532331,AJANTA PHARM,A ,Q,1740.30,1754.55,1711.00,1723.60,1718.55,1728.30,368,916,1588737.00,
532333,HB PORTFOLIO,X ,Q,30.50,33.00,30.50,30.60,30.60,30.50,27,981,31462.00,
532334,HB ESTATE DE,X ,Q,15.50,16.50,15.50,16.05,16.00,15.95,25,2941,46778.00,
532335,AMBICA AGAR.,B ,Q,22.70,22.70,21.95,22.35,22.60,22.05,13,1019,22600.00,
532339,COMPUCOM SOF,B ,Q,23.60,23.60,21.55,22.35,22.35,22.85,185,13066,290852.00,
532340,OMNI AX'S SO,X ,Q,3.68,3.68,3.16,3.46,3.46,3.39,10,827,2886.00,
532341,IZMO        ,B ,Q,69.95,71.75,68.50,70.15,70.75,69.00,81,2472,172428.00,
532343,TVS MOTOR L ,A ,Q,720.00,729.30,709.00,723.25,723.25,708.30,2951,88788,63847529.00,
532344,SOFTSOL (I) ,X ,Q,164.50,164.90,152.55,163.95,164.00,149.15,16,315,51167.00,
532345,GATI LTD.   ,A ,Q,143.00,143.00,132.90,133.60,133.60,139.80,1609,51377,6961296.00,
532348,SUBEX LTX   ,A ,Q,29.85,30.55,29.65,30.00,30.00,29.25,1580,430975,12928168.00,
532349,TRANSPORT CO,A ,Q,756.55,760.00,728.10,733.95,733.90,747.75,938,5000,3698221.00,
532350,PADMALAYA TE,Z ,Q,2.68,2.81,2.68,2.74,2.74,2.68,14,424,1155.00,
532351,AKSH OPTIFIB,B ,Q,10.40,10.40,9.60,9.90,9.94,9.80,149,30005,294581.00,
532356,TRIVENI ENGG,A ,Q,274.90,279.95,268.40,273.50,273.50,270.65,1711,39761,10946264.00,
532357,MUKTA ARTS  ,T ,Q,56.90,56.90,51.70,52.45,55.30,54.35,42,3882,204225.00,
532359,HITKIT GLOB ,XT,Q,0.67,0.67,0.66,0.66,0.66,0.67,2,1000,660.00,
532362,NAGPUR POWER,X ,Q,60.30,60.30,58.05,59.15,59.15,60.10,62,1701,101261.00,
532365,DYNACONS SYS,B ,Q,275.40,284.35,270.35,277.45,275.70,270.45,648,5576,1549069.00,
532366,PNB GILTS   ,B ,Q,65.40,65.75,64.80,65.35,65.60,65.00,325,11676,763857.00,
532368,BCG         ,B ,Q,65.80,66.05,64.00,64.40,64.40,66.30,2361,214622,13887725.00,
532369,RAMCO INDS. ,A ,Q,189.95,192.40,188.65,190.65,191.15,192.30,166,2054,390843.00,
532370,RAMCO  SYSTM,A ,Q,233.30,242.35,233.30,239.00,241.95,233.40,771,11014,2620981.00,
532371,TATA TELESER,B ,Q,119.30,123.30,115.45,123.30,123.30,117.45,12231,958119,114998280.00,
532372,VIRINCHI    ,X ,Q,33.85,35.75,33.85,35.35,35.60,34.05,509,177225,6261516.00,
532373,WEPSOLN     ,X ,Q,21.00,22.50,20.55,20.95,20.60,21.55,52,7309,153853.00,
532374,STER TECH   ,A ,Q,169.90,171.45,165.60,166.25,166.25,168.10,1397,42759,7180468.00,
532375,TIPSINDUSTR ,T ,Q,1549.95,1585.00,1465.05,1532.65,1525.00,1514.85,38,259,399961.00,
532376,MRO-TEK     ,B ,Q,62.00,62.25,58.95,59.05,59.35,62.85,194,9557,577306.00,
532379,FIRSTFIN    ,X ,Q,4.96,4.96,4.73,4.96,4.96,4.73,4,42,202.00,
532380,BABA ARTS   ,X ,Q,19.15,19.15,17.55,18.30,17.80,18.75,106,7226,132233.00,
532382,BALAJI TELE.,B ,Q,54.40,56.10,54.40,56.10,56.10,54.80,70,698,38956.00,
532384,TYCHE INDS  ,X ,Q,120.95,140.00,120.80,131.80,131.80,120.80,107,5076,654195.00,
532386,CALIFORN.SOF,B ,Q,26.70,26.75,24.50,25.90,25.80,25.60,144,14308,370798.00,
532387,PRITISHN COM,T ,Q,46.00,46.00,42.85,45.80,45.80,44.30,16,979,44106.00,
532388,INDIAN OVER.,A ,Q,17.40,17.50,17.00,17.45,17.45,17.05,1567,536452,9247148.00,
532390,TAJ GVK HOTL,B ,Q,141.35,143.95,139.50,141.55,139.60,140.80,1932,138541,19709920.00,
532392,CREATIVE EYE,B ,Q,4.00,4.35,3.95,4.35,4.35,4.15,8,1033,4270.00,
532395,AXISCADES   ,B ,Q,138.10,139.25,133.55,135.25,133.90,134.55,534,11064,1510660.00,
532397,KONNDOR     ,X ,Q,4.40,4.40,4.40,4.40,4.40,4.40,4,23,101.00,
532400,BSOFT       ,A ,Q,359.90,368.90,356.20,362.65,362.65,353.80,4470,112574,40816757.00,
532402,USGTECH     ,X ,Q,6.43,6.43,6.11,6.35,6.35,6.43,21,1506,9351.00,
532404,SAVEN TECHNO,X ,Q,38.50,38.50,36.45,37.60,37.60,37.05,102,5949,224560.00,
532406,AVANTEL LTD ,X ,Q,1082.50,1100.00,1050.10,1059.80,1055.35,1063.45,291,3789,4048761.00,
532407,MOSCHIP     ,X ,Q,54.90,55.70,53.10,55.60,55.60,53.05,986,160695,8853594.00,
532408,MEGASOFT LTD,B ,Q,44.80,45.35,43.15,43.75,44.40,43.40,155,6395,281244.00,
532410,TRANSCORP IN,X ,Q,20.70,21.80,20.00,21.65,21.65,20.85,72,6950,147510.00,
532411,VISESH INFO.,B ,Q,0.81,0.82,0.79,0.82,0.82,0.79,2112,7425483,6016928.00,
532413,CEREBRA INTE,A ,Q,57.40,59.80,57.40,59.25,59.50,57.25,411,28782,1698459.00,
532416,MID-DAY MULT,T ,Q,5.89,6.18,5.89,6.18,6.18,6.20,2,119,706.00,
532419,SMARTLINK   ,B ,Q,115.00,115.85,114.00,115.00,115.15,115.00,39,1052,120363.00,
532424,GODREJ CONS ,A ,Q,776.15,786.45,773.20,783.75,783.90,779.35,2474,41276,32241707.00,
532425,GENUSPRIME  ,XT,Q,13.25,13.40,12.45,12.46,12.46,12.96,5,59,784.00,
532430,BF UTILI    ,A ,Q,318.05,322.00,313.45,320.45,319.10,313.30,1027,27705,8830678.00,
532432,UNITD SPR   ,B ,Q,762.00,787.15,762.00,778.65,778.65,760.15,3627,50215,38979993.00,
532435,SANINFRA    ,X ,Q,419.15,441.00,415.00,424.55,424.55,410.90,154,4001,1700624.00,
532439,OLECTRA     ,B ,Q,572.60,582.60,567.05,569.30,569.00,572.60,1578,22788,13058626.00,
532440,MPS LTD     ,B ,Q,637.20,637.20,602.55,605.95,610.80,605.15,51,174,105460.00,
532441,RNBOWDENIM  ,XT,Q,5.07,5.07,4.62,4.63,4.63,4.83,20,2962,14728.00,
532443,CERA SANITAR,A ,Q,4038.10,4063.95,3996.25,4034.20,4058.95,4002.75,274,371,1498572.00,
532454,BHARTI ARTL ,A ,Q,702.05,702.05,676.15,684.75,684.75,693.35,4480,170183,117248213.00,
532455,SHALIMAR WIR,X ,Q,10.10,10.40,9.20,9.98,9.70,9.81,74,8950,89119.00,
532456,COMPUAGE INF,B ,Q,27.80,28.90,27.35,28.70,28.70,27.80,435,22076,626002.00,
532457,GULSHAN POLY,B ,Q,236.95,237.50,234.75,237.50,237.50,226.20,122,5516,1309703.00,
532459,FAZE3AUTO   ,X ,Q,102.90,102.90,98.05,99.00,99.00,98.05,28,920,92300.00,
532460,PONNI SUG(ER,B ,Q,243.05,248.30,236.40,244.05,241.55,236.00,423,3946,955887.00,
532461,PUNJAB NATIO,A ,Q,30.70,30.75,30.10,30.45,30.45,30.25,4368,2565488,78075620.00,
532466,ORACLE FIN  ,A ,Q,3155.00,3182.75,3117.00,3172.20,3178.65,3097.05,1088,3917,12328577.00,
532467,HAZ MUL PRO ,X ,Q,24.10,24.65,23.45,24.65,24.65,23.50,67,19478,472133.00,
532468,KAMAHOLDING ,A ,Q,10748.40,11890.00,10400.00,11333.95,11333.95,10294.45,45,123,1371839.00,
532470,MATHER & PLA,XT,Q,8.28,8.28,8.28,8.28,8.28,8.71,3,6,49.00,
532475,APTECH LTD  ,A ,Q,233.85,242.00,228.60,230.10,230.10,228.75,1398,21350,5021323.00,
532477,UNION BANK L,A ,Q,36.40,36.45,35.45,35.80,36.00,35.55,2240,657310,23655960.00,
532478,UNITED BREWA,A ,Q,1487.70,1490.75,1460.90,1477.10,1481.60,1474.70,598,3530,5204329.00,
532479,ISMT LTD    ,T ,Q,53.65,53.95,50.00,50.00,50.00,52.30,88,17331,880325.00,
532481,NOIDA-TOLL B,B ,Q,6.23,6.42,6.23,6.42,6.42,6.27,33,7153,45311.00,
532482,GRANULES (I),A ,Q,260.00,276.40,260.00,266.60,266.60,258.60,3175,134434,36272560.00,
532483,CANARA BANK ,A ,Q,198.00,202.00,196.00,198.00,198.00,195.80,5724,497197,98753500.00,
532485,BALMER LA.IN,B ,Q,370.60,374.00,370.55,373.80,374.00,370.00,302,9372,3490137.00,
532486,POKARNA LTD ,B ,Q,483.00,514.30,483.00,502.80,499.75,481.05,1161,7751,3898396.00,
532488,DIVI'S LAB. ,A ,Q,3500.00,3538.90,3450.05,3514.45,3514.45,3449.15,6111,48941,171036989.00,
532493,ASTRA MICRO ,A ,Q,218.95,220.65,209.55,212.10,212.10,214.65,883,20417,4410788.00,
532497,RADICOKHAIT ,A ,Q,794.40,819.20,790.70,815.60,815.60,786.40,1584,16246,13122436.00,
532498,SHRMCITYUN  ,A ,Q,1675.35,1675.35,1644.55,1658.35,1652.90,1659.85,274,539,893216.00,
532500,MARUTISUZUK ,A ,Q,7865.00,7964.70,7837.15,7941.60,7941.60,7806.40,4804,26961,213302130.00,
532503,RAJAPAMILLS ,X ,Q,818.00,818.00,800.00,802.60,801.55,815.75,80,2124,1724271.00,
532504,NAVIN FLUORI,A ,Q,3646.90,3720.00,3634.50,3682.50,3693.45,3601.60,805,2805,10343110.00,
532505,UCOBANK     ,A ,Q,11.40,11.53,11.30,11.43,11.44,11.23,504,408818,4650742.00,
532507,BAG FIL MED ,T ,Q,6.12,6.73,6.12,6.62,6.66,6.41,51,13843,91355.00,
532508,JSL         ,A ,Q,119.00,121.30,116.35,117.85,117.85,117.20,4104,152103,18005965.00,
532509,SUPRAJIT ENG,B ,Q,335.45,342.90,333.30,336.25,334.25,332.35,857,5511,1859854.00,
532513,TVSELE      ,B ,Q,201.00,207.25,201.00,206.35,205.50,200.90,184,1912,393636.00,
532514,INDRA GAS   ,A ,Q,371.50,372.20,367.20,369.10,368.25,368.90,817,17662,6523719.00,
532515,TV TODAY    ,A ,Q,273.60,273.60,258.35,264.20,262.65,260.45,376,4984,1307973.00,
532521,PALRED      ,T ,Q,117.05,119.85,115.00,118.65,118.65,115.90,45,1616,189768.00,
532522,PETRONET LNG,A ,Q,220.95,221.25,215.40,216.05,216.95,219.95,1875,68239,14833993.00,
532523,BIOCON LTD. ,A ,Q,330.70,333.85,326.85,333.25,333.00,325.35,1318,73876,24490947.00,
532524,PTC INDIA   ,A ,Q,84.45,85.85,84.40,85.30,85.30,84.45,658,30907,2633858.00,
532525,BANK MAHA   ,A ,Q,16.20,16.65,16.15,16.55,16.55,16.15,1269,444795,7298919.00,
532527,RK FORGINGS ,A ,Q,165.80,165.80,159.50,160.10,160.30,161.80,884,19085,3084369.00,
532528,DATAM GLOB  ,B ,Q,296.10,308.95,295.00,303.90,302.05,291.10,427,8947,2694695.00,
532529,NDTV        ,B ,Q,159.00,160.90,154.00,154.50,154.70,155.05,158,1880,297858.00,
532531,STAR        ,A ,Q,320.00,330.70,320.00,326.60,325.70,321.85,1719,38411,12546405.00,
532532,JAIPRA      ,A ,Q,8.20,8.25,7.90,7.97,7.97,8.01,1436,780212,6300673.00,
532538,ULTRATECH CM,A ,Q,5900.00,5973.30,5888.00,5959.05,5945.35,5873.15,1718,7732,45840562.00,
532539,MINDA IND   ,A ,Q,891.05,910.95,880.00,903.50,902.65,889.55,1697,11931,10743570.00,
532540,TCS LTD.    ,A ,Q,3249.00,3278.85,3230.00,3262.20,3262.20,3228.60,15037,146145,476371836.00,
532541,COFORGE     ,A ,Q,3492.05,3698.95,3492.05,3671.85,3666.00,3479.15,3087,17830,64847927.00,
532543,GULFPETRO   ,B ,Q,49.05,49.75,47.25,47.60,47.60,48.40,305,9626,464009.00,
532548,CENTURYPLY  ,A ,Q,543.60,544.95,533.65,540.20,540.30,540.95,557,3611,1940881.00,
532553,WELENT      ,A ,Q,89.95,93.25,89.95,91.70,91.10,90.20,677,14324,1311791.00,
532555,NTPC LTD    ,A ,Q,154.40,154.90,149.50,150.45,150.45,154.20,4357,388747,59031112.00,
532604,SALSTEEL    ,B ,Q,8.67,8.68,8.26,8.68,8.68,8.27,66,11009,94169.00,
532605,JBM AUTO    ,B ,Q,469.80,471.00,454.80,457.95,457.95,455.65,970,8432,3897378.00,
532610,DWAR SUGAR  ,A ,Q,104.20,106.20,103.25,104.75,104.75,103.15,3028,208971,21867421.00,
532612,INDOCO REM  ,A ,Q,350.35,358.40,346.60,350.45,349.15,346.85,400,3939,1397277.00,
532613,VIPCLOTHNG  ,T ,Q,22.70,23.70,22.70,23.70,23.70,22.60,53,26411,618979.00,
532614,IMPEX       ,B ,Q,10.54,10.54,10.50,10.54,10.54,10.04,240,250171,2635811.00,
532616,XCHANGING   ,B ,Q,67.40,68.10,66.85,67.80,68.00,66.45,412,19593,1323938.00,
532617,JETAIRWAYS  ,Z ,Q,119.40,119.40,118.30,118.30,118.30,124.50,477,33828,4005464.00,
532621,MORARJETEX  ,T ,Q,21.75,21.75,20.35,20.85,20.85,20.90,6,391,8153.00,
532624,JINDALPH    ,B ,Q,201.00,215.80,197.00,209.50,209.30,198.55,168,4842,1001083.00,
532626,PONDY OXIDES,X ,Q,634.00,649.90,610.00,644.40,644.40,612.45,397,16331,10183862.00,
532627,JPPOWER     ,A ,Q,7.00,7.10,6.77,6.92,6.92,6.91,14209,6454400,44593135.00,
532628,3I INFOTECH ,B ,Q,47.45,47.90,46.00,47.10,47.10,45.75,1662,161974,7589816.00,
532629,MCNALLYB    ,T ,Q,3.70,3.84,3.53,3.84,3.84,3.66,65,50349,190653.00,
532630,GOKALDAS    ,B ,Q,459.00,459.00,441.25,443.30,443.30,449.15,2459,58703,26194402.00,
532633,ALLSEC TECH ,B ,Q,471.05,471.70,469.05,471.70,471.70,459.95,5,13,6104.00,
532636,IIFL        ,A ,Q,311.10,314.50,301.50,306.25,308.90,309.35,1310,33113,10186830.00,
532637,MAN DRUGORG ,B ,Q,116.00,124.00,112.75,120.65,119.95,111.55,402,16204,1939322.00,
532638,SHOPPER STOP,A ,Q,481.60,482.20,457.75,463.60,460.90,472.05,878,6934,3228360.00,
532640,CYBER MEDIA ,T ,Q,20.90,20.90,19.10,20.30,20.30,20.10,16,3209,63372.00,
532641,NDL         ,B ,Q,32.50,33.85,32.45,33.10,33.00,32.25,192,8838,294269.00,
532642,JSWHL       ,A ,Q,3320.55,3383.00,3268.85,3341.75,3308.00,3275.55,85,186,612747.00,
532644,JK CEMENT   ,A ,Q,2392.00,2396.90,2325.00,2344.15,2332.20,2359.60,339,1035,2447863.00,
532645,BEEYU OVERSE,XT,Q,3.75,3.75,3.55,3.56,3.70,3.68,66,15089,54425.00,
532648,YES BANK    ,A ,Q,13.50,13.51,13.26,13.41,13.41,13.22,11891,11295627,150765283.00,
532649,NECTAR LIFE ,B ,Q,24.90,25.50,24.40,25.35,25.20,24.20,465,26040,651651.00,
532650,MSP STEEL   ,B ,Q,10.85,11.15,10.76,11.05,10.92,10.66,184,51622,563503.00,
532651,SPL INDS    ,B ,Q,56.05,57.55,52.85,56.85,56.85,54.10,97,3637,197555.00,
532652,KARNATAKA BK,A ,Q,60.05,61.00,59.25,60.30,60.55,59.75,981,59168,3572758.00,
532654,MCLEOD RUSSE,B ,Q,20.90,21.00,20.35,20.90,20.90,20.30,218,18168,376856.00,
532656,FACOR ALLOYS,X ,Q,5.68,5.69,5.68,5.69,5.69,5.42,187,277222,1575489.00,
532659,IDFC        ,A ,Q,47.60,49.00,47.60,48.40,48.35,47.50,1190,469032,22733410.00,
532660,VIVIMED LABS,B ,Q,13.25,13.50,12.70,12.95,12.95,12.90,290,24266,316654.00,
532661,RANE MADRAS ,B ,Q,306.85,307.35,301.00,305.55,307.35,301.85,45,306,93207.00,
532662,HT MEDIA    ,B ,Q,24.10,25.55,24.10,25.35,25.35,24.45,168,15026,379938.00,
532663,SASKEN      ,A ,Q,769.00,772.75,752.05,757.95,764.70,744.30,79,210,159912.00,
532666,FCS SOFTWARE,B ,Q,3.08,3.09,3.01,3.04,3.04,3.01,1418,1800508,5494842.00,
532667,SUZLONENERGY,A ,Q,7.86,7.95,7.58,7.68,7.68,7.83,6895,8704015,66636966.00,
532668,AURIONPRO SO,B ,Q,296.70,300.80,286.00,300.25,300.80,288.45,77,1425,417851.00,
532670,RENUKA SUGAR,A ,Q,44.40,44.90,43.25,44.05,44.05,43.50,8268,1486202,65403535.00,
532673,KM SUGARMILL,B ,Q,30.05,32.90,30.05,32.05,32.00,31.05,726,48087,1543330.00,
532674,BANNARI AMMA,B ,Q,63.70,64.65,63.25,64.00,64.00,62.45,158,7053,451258.00,
532676,PBA INFRASTR,B ,Q,11.00,11.50,10.73,11.50,11.50,11.50,6,910,10254.00,
532679,SORILINFRA  ,B ,Q,69.00,69.00,63.30,64.05,65.00,62.50,52,1256,82486.00,
532683,AIAENGINEER ,A ,Q,2063.95,2095.00,2010.45,2070.25,2048.50,2055.20,1667,5996,12310913.00,
532684,EVEREST KANT,B ,Q,157.05,163.80,157.05,163.80,163.80,156.00,802,26714,4352893.00,
532686,KERNEX MICRO,T ,Q,166.60,166.60,158.70,162.45,158.70,158.70,35,1732,280768.00,
532687,REPRO INDIA ,B ,Q,383.25,384.65,368.00,371.85,369.00,378.65,68,191,71977.00,
532689,PVR LTD     ,A ,Q,1739.95,1803.05,1739.95,1796.90,1796.90,1732.05,2248,28135,49938223.00,
532692,RADHA MADHAV,Z ,Q,2.05,2.15,1.95,2.08,2.08,2.05,36,46755,94585.00,
532693,PUNJ LLOYD  ,Z ,Q,2.03,2.04,1.93,2.04,2.04,1.95,66,66123,133876.00,
532694,BARTRONICSIN,Z ,Q,4.90,5.04,4.70,5.04,5.04,4.80,36,8281,40154.00,
532695,CELEBRITYFAS,B ,Q,13.30,14.70,13.30,14.50,14.55,14.00,150,12901,184288.00,
532696,EDUCOMP SOLN,Z ,Q,3.45,3.45,3.31,3.37,3.39,3.44,42,12529,41992.00,
532698,NITINSPINNER,B ,Q,224.90,224.90,215.50,217.05,216.55,218.50,740,10418,2266002.00,
532699,ROYALORCH   ,B ,Q,121.90,124.25,120.05,121.05,120.05,121.35,58,574,69972.00,
532700,ENT NETWORK ,B ,Q,178.80,180.80,176.05,179.35,179.55,182.00,54,919,164024.00,
532701,CELLA       ,Z ,Q,6.47,6.47,6.47,6.47,6.47,6.81,10,5700,36879.00,
532702,GUJ PETRONET,A ,Q,262.00,262.60,255.40,257.65,258.05,261.60,761,20723,5354044.00,
532705,JAGRAN PRAK ,B ,Q,57.35,59.50,57.35,58.95,59.15,56.85,517,9388,548459.00,
532706,INOX LEISURE,A ,Q,466.50,490.25,466.50,488.75,488.75,466.50,1561,33019,15930979.00,
532707,DYNEMIC PRO ,B ,Q,472.95,480.00,457.95,478.35,476.40,469.25,623,4785,2246949.00,
532710,SADBHAV ENGG,A ,Q,25.40,25.75,24.80,25.20,25.20,24.50,692,24756,626633.00,
532712,REL COM LTD ,T ,Q,2.53,2.59,2.48,2.54,2.54,2.53,1415,1658621,4179480.00,
532713,SAKUMA EXPO ,B ,Q,17.30,17.95,16.75,16.95,16.85,17.00,860,110696,1904529.00,
532714,KEC INTERN  ,A ,Q,387.50,387.50,374.80,383.20,380.50,379.40,750,7379,2799293.00,
532716,GILLA ARBUT ,B ,Q,62.00,63.00,61.65,62.45,63.00,64.85,73,182,11364.00,
532717,INDOTECHTR  ,B ,Q,192.00,204.00,192.00,201.50,200.00,187.95,217,4063,816037.00,
532719,BL KASHYAP  ,B ,Q,22.15,22.30,21.35,21.95,21.75,21.75,207,4614,100344.00,
532720,M&M FINANSER,A ,Q,174.85,176.10,169.75,171.50,171.35,173.90,1892,137428,23761126.00,
532721,VISA STEEL  ,T ,Q,16.85,17.10,15.60,16.90,17.10,16.40,57,4631,76434.00,
532722,NITCO TILES ,B ,Q,26.60,26.60,25.70,26.10,26.25,26.75,166,9768,254124.00,
532723,MPDL        ,X ,Q,18.85,18.85,17.55,18.50,18.50,18.90,13,427,7517.00,
532725,SOLAR IND   ,A ,Q,2592.50,2619.00,2470.00,2571.35,2619.00,2562.85,1309,2882,7321450.00,
532726,GALLAN METAL,B ,Q,69.20,75.70,69.05,70.50,71.00,66.55,583,23373,1695706.00,
532728,MALU PAPER  ,B ,Q,33.00,33.00,32.35,32.50,32.50,32.80,42,777,25375.00,
532729,UTTAM SUGAR ,B ,Q,294.00,294.00,278.00,282.00,282.00,270.85,3031,47059,13363161.00,
532730,STL GLOBAL  ,B ,Q,24.55,25.65,24.10,24.55,24.65,25.35,37,4238,105439.00,
532732,KEWAL KIRAN ,B ,Q,243.90,252.50,236.00,246.15,246.15,239.60,605,16168,3978879.00,
532733,SUN TVNET   ,A ,Q,424.50,426.75,418.45,424.30,424.30,420.35,1389,35146,14884178.00,
532734,GODAWARI POW,A ,Q,293.50,293.50,275.05,277.05,277.05,285.65,2537,57644,16323628.00,
532735,RSYSTEMINT  ,B ,Q,205.70,218.00,203.50,214.15,214.15,201.55,930,8134,1714316.00,
532737,EMKAY GLOB F,B ,Q,82.80,83.30,78.85,79.25,79.20,79.90,337,9475,769009.00,
532738,TANTIA CONS ,Z ,Q,12.45,13.74,12.44,13.74,13.74,13.09,36,13213,175911.00,
532740,LOKESH MACH ,B ,Q,82.05,83.30,78.95,79.45,80.05,81.40,286,9655,779837.00,
532741,KAMDHENU    ,B ,Q,186.05,188.40,181.25,183.15,183.40,185.35,266,1832,338336.00,
532742,PAUSHAKLTD  ,A ,Q,9000.00,9149.00,8850.00,9035.65,9035.65,8932.45,326,1391,12545635.00,
532744,GTN TEXTILE ,X ,Q,16.20,16.35,15.75,16.05,16.05,15.60,17,6077,98459.00,
532745,INDICAP     ,X ,Q,34.20,34.80,32.30,34.15,34.00,34.20,21,403,13470.00,
532748,PRIME FOCUS ,B ,Q,69.90,71.40,68.20,69.50,69.15,69.25,80,4610,320780.00,
532749,ALLCARGO    ,A ,Q,299.95,310.00,291.30,296.10,296.10,294.80,2549,48666,14540209.00,
532751,EASUNREYRL  ,Z ,Q,2.22,2.22,2.03,2.03,2.03,2.13,12,8325,17052.00,
532754,GMR INFRASTR,A ,Q,37.10,38.05,36.80,37.90,37.90,36.85,1384,286945,10716683.00,
532755,TECH MAH    ,A ,Q,1094.95,1126.00,1092.00,1123.55,1123.55,1079.25,7768,139869,155883370.00,
532756,MAHINDCIE   ,A ,Q,178.45,192.00,175.05,188.90,188.90,175.90,1903,78969,14364975.00,
532757,VOLTAMP TRAN,B ,Q,2040.10,2189.00,2040.10,2126.70,2126.70,2031.85,888,2783,5896129.00,
532759,ATLANTA     ,B ,Q,14.90,14.95,14.50,14.60,14.65,14.60,50,977,14398.00,
532760,DEEPENR     ,T ,Q,92.50,93.00,87.70,87.75,87.75,91.75,60,2481,224671.00,
532761,HOV SERVICES,B ,Q,53.25,54.10,49.50,49.85,49.80,53.30,180,7631,390392.00,
532762,ACTION CONST,A ,Q,191.10,193.50,188.95,190.90,189.50,188.85,794,14567,2791235.00,
532764,GEECEE      ,B ,Q,128.65,132.25,127.75,129.05,129.05,125.80,41,303,39475.00,
532766,RICHA IND   ,Z ,Q,3.03,3.03,2.75,2.75,2.75,2.89,31,10486,29253.00,
532767,GAYATRI PROJ,B ,Q,16.45,18.50,15.80,17.90,17.90,15.85,1364,238163,4210584.00,
532768,FIEM INDS   ,B ,Q,895.05,926.60,894.65,922.35,926.60,879.95,354,1451,1323008.00,
532771,JHS SVEN    ,B ,Q,24.40,26.20,23.95,24.10,24.10,24.40,165,6622,160726.00,
532772,DCBBANK     ,A ,Q,82.65,83.75,82.40,82.75,82.55,82.10,910,43692,3633621.00,
532773,GLOBAL VECT ,B ,Q,44.00,45.40,43.80,44.25,45.40,44.15,26,356,15819.00,
532774,INSPIRISYS  ,B ,Q,55.95,58.75,55.80,58.75,58.75,56.05,26,2119,122924.00,
532775,GTL INFRAST ,B ,Q,1.16,1.20,1.14,1.19,1.19,1.16,6724,18095581,21161147.00,
532776,SHIVAM AUTO ,B ,Q,30.25,30.55,29.00,29.75,29.70,29.60,99,6440,193169.00,
532777,INFO EDGE   ,A ,Q,3602.00,3722.30,3581.40,3693.65,3693.65,3551.30,5798,36602,134271060.00,
532779,TORNT POWER ,A ,Q,445.60,448.00,431.90,432.95,432.95,440.55,657,12754,5566754.00,
532780,PARSVNATH   ,B ,Q,9.95,10.60,9.95,10.60,10.60,10.10,170,56456,589423.00,
532782,SUTLEJ TEXT ,B ,Q,64.55,66.35,62.85,63.30,63.30,63.55,225,5962,380918.00,
532783,DAAWAT      ,A ,Q,79.50,87.15,79.20,85.15,85.15,79.00,3306,333450,27505904.00,
532784,SOBHA       ,A ,Q,506.60,506.60,481.95,497.55,495.00,494.95,2697,34649,17119589.00,
532785,RUCHIRA PAP ,B ,Q,100.25,108.00,98.95,103.90,104.00,98.75,1522,54374,5738524.00,
532790,TANLA       ,A ,Q,1324.70,1332.55,1273.00,1278.55,1278.55,1305.90,1254,14544,18920020.00,
532794,ZEEMEDIA    ,B ,Q,15.20,15.95,15.20,15.60,15.60,15.35,1565,679626,10577220.00,
532795,SITINET     ,T ,Q,1.91,2.04,1.91,2.04,2.04,1.95,382,324408,653439.00,
532796,LUMAX TECH  ,B ,Q,164.00,167.00,159.45,166.65,167.00,160.95,952,9905,1634248.00,
532797,AUTOIND     ,T ,Q,54.00,58.70,54.00,58.70,58.70,55.95,80,4892,283030.00,
532798,NTWK MED INV,A ,Q,72.30,73.85,70.85,71.50,71.50,71.75,2340,118299,8528873.00,
532799,HUBTOWN     ,T ,Q,55.00,58.10,55.00,56.05,57.80,55.35,224,37704,2136901.00,
532800,TV18BRDCST  ,A ,Q,38.95,39.80,38.50,39.35,39.35,38.60,5061,668025,26161974.00,
532801,CAMBRIDGE   ,B ,Q,53.20,56.10,52.75,54.50,54.15,53.45,80,4956,266104.00,
532804,TECHNOCRAFT ,B ,Q,896.55,923.60,885.55,915.20,915.95,875.75,278,1797,1629863.00,
532805,REDINGTON   ,A ,Q,135.00,136.35,129.45,131.25,131.25,132.80,3947,172463,22763640.00,
532806,AI CHAMPDNY ,XT,Q,16.35,16.35,16.35,16.35,16.35,17.20,1,349,5706.00,
532807,CINELINE    ,T ,Q,121.75,123.65,120.00,120.90,123.65,117.80,30,10214,1234392.00,
532808,PGIL        ,B ,Q,409.95,409.95,400.05,409.75,409.75,405.65,29,236,95624.00,
532809,FSL         ,A ,Q,104.80,108.15,104.70,107.65,107.85,102.90,3151,215175,22959331.00,
532810,POWER FINAN ,A ,Q,109.85,109.85,107.95,109.10,109.00,107.35,1487,125586,13671996.00,
532811,AHLUWALIA CO,A ,Q,417.30,434.10,408.70,432.35,430.15,418.85,237,1677,712191.00,
532813,C & C CONSTR,Z ,Q,3.85,3.85,3.85,3.85,3.85,4.05,2,16,61.00,
532814,INDIAN BANK ,A ,Q,160.65,164.00,160.45,163.15,163.50,160.05,2025,77827,12673768.00,
532815,SMS PHARMACE,B ,Q,84.45,85.15,83.15,84.35,85.00,83.40,175,3567,301285.00,
532817,ORIENTAL    ,B ,Q,13.33,13.73,13.12,13.12,13.12,13.72,57,9856,130437.00,
532819,MINDTREE LTD,A ,Q,2820.00,2880.00,2785.45,2867.90,2860.90,2747.45,3799,29378,83519561.00,
532820,ELAND       ,X ,Q,7.58,7.58,6.91,7.48,7.48,7.23,49,9000,66466.00,
532822,IDEA        ,A ,Q,8.77,9.04,8.74,8.93,8.93,8.60,93038,39205164,349014596.00,
532826,RAJ TELE    ,B ,Q,37.50,38.00,37.30,38.00,38.00,38.00,6,75,2816.00,
532827,PAGE INDUSTR,A ,Q,43031.60,45175.90,43031.60,44485.50,44182.10,41665.15,975,1304,57763781.00,
532828,AMD INDUS   ,B ,Q,38.00,43.70,37.50,41.15,40.45,41.00,126,6230,256709.00,
532829,LEHAR       ,X ,Q,39.90,39.90,36.35,37.80,37.90,35.70,41,6171,232682.00,
532830,ASTRAL      ,A ,Q,1690.00,1710.00,1666.00,1690.85,1707.00,1664.25,2481,12556,21069181.00,
532832,INDBUL REAL ,A ,Q,72.00,74.25,69.25,73.45,73.45,71.45,12478,1656832,118344540.00,
532834,CAMLINFINE  ,A ,Q,118.50,120.95,116.25,118.70,118.95,117.40,878,39440,4703811.00,
532835,ICRA        ,A ,Q,4054.00,4055.00,4046.75,4055.00,4055.00,4010.20,8,11,44568.00,
532839,DISH TV     ,A ,Q,13.00,13.15,12.30,12.60,12.60,12.95,4307,356131,4548401.00,
532841,SAHYA INDU  ,X ,Q,449.00,449.00,435.00,440.70,437.15,436.45,146,2523,1113701.00,
532842,SREE RAYALA ,B ,Q,403.80,415.00,392.00,411.55,410.05,395.55,124,3852,1557771.00,
532843,FORTIS      ,A ,Q,237.65,241.85,233.05,234.55,234.55,238.30,1486,31683,7476166.00,
532845,TGBHOTELS   ,T ,Q,9.09,9.25,8.70,9.25,9.25,8.83,11,1678,15483.00,
532847,HILTON MET  ,T ,Q,28.25,28.25,26.50,27.30,27.30,27.00,25,1519,41313.00,
532848,DELTA CORP  ,A ,Q,218.15,224.80,215.00,216.00,216.00,215.25,3669,188628,41401457.00,
532850,MIC ELECTRON,T ,Q,16.10,17.40,15.90,15.95,16.30,16.70,163,29272,478904.00,
532851,INSECTCID   ,B ,Q,744.60,775.00,736.00,770.25,769.25,741.85,501,1785,1354778.00,
532853,ASAHI SONG  ,B ,Q,297.45,300.00,296.00,298.80,300.00,295.05,258,1043,310808.00,
532855,HARYA CAPFIN,X ,Q,43.45,43.45,42.00,42.45,42.50,41.95,12,1154,48747.00,
532856,TIME TECHNO ,A ,Q,94.50,95.70,92.25,94.25,94.25,93.35,2320,183984,17324522.00,
532859,HGSL        ,A ,Q,903.85,934.75,902.00,926.30,928.90,893.85,811,4032,3703272.00,
532864,NELCAST     ,B ,Q,60.45,61.75,59.85,60.80,60.20,59.80,258,5531,336050.00,
532867,V2RETAIL    ,B ,Q,126.05,126.10,124.25,125.25,125.25,123.90,12,153,19201.00,
532868,DLF LIMITED ,A ,Q,324.30,329.50,319.35,324.75,324.75,320.00,4130,233645,75787416.00,
532869,TARMAT      ,B ,Q,55.25,56.05,55.25,56.05,56.05,54.25,9,24,1339.00,
532870,ANKIT METAL ,B ,Q,6.25,6.44,6.17,6.44,6.44,6.14,52,9486,60273.00,
532872,SUNPHA ADV  ,A ,Q,215.80,223.30,215.80,218.55,218.55,213.10,1043,31179,6800731.00,
532874,SURYACHAKRA ,Z ,Q,0.85,0.85,0.83,0.83,0.83,0.87,39,123715,102723.00,
532875,ALLIED DIGIT,B ,Q,126.95,129.65,123.20,124.70,125.45,123.50,522,16128,2018722.00,
532878,ALPA LAB    ,B ,Q,72.00,72.00,69.35,69.80,69.80,69.95,53,645,45294.00,
532879,SIR SHADI LA,XT,Q,237.00,237.00,236.50,236.50,236.50,248.90,7,352,83300.00,
532880,OMAXE LTD   ,B ,Q,93.45,96.60,91.80,92.25,92.50,93.40,1915,381179,35622582.00,
532884,REFEX       ,B ,Q,114.30,116.70,112.80,115.75,116.50,113.35,550,18805,2167755.00,
532885,CENTRAL BK  ,A ,Q,18.15,18.35,17.70,18.25,18.25,17.80,1387,554426,10001776.00,
532886,SEL MANUF   ,T ,Q,970.10,970.10,970.10,970.10,970.10,989.85,31,145,140664.00,
532888,ASIAN GRANIT,B ,Q,49.00,54.50,49.00,53.45,53.45,49.20,5373,525099,27485206.00,
532889,K.P.R. MILL ,A ,Q,589.35,589.35,561.15,574.75,577.00,571.95,1761,15885,9106026.00,
532890,TAKE SOLUT  ,B ,Q,23.80,23.80,22.65,23.20,23.20,23.20,970,66022,1528255.00,
532891,PURAVANKARA ,B ,Q,88.35,89.85,85.50,86.45,86.45,87.20,203,8973,785558.00,
532892,MOTILALOFS  ,A ,Q,791.35,791.80,772.60,782.15,779.15,788.05,652,3031,2372546.00,
532893,VTM LTD     ,X ,Q,54.40,54.40,51.00,51.80,52.00,51.60,109,12021,631125.00,
532894,IWIND ENERGY,T ,Q,13.50,14.00,13.50,14.00,14.00,13.35,188,21021,290254.00,
532896,MAGNUM VENT ,B ,Q,11.20,11.60,11.00,11.35,11.40,11.37,37,12238,136798.00,
532898,POWER GRID  ,A ,Q,227.50,228.50,223.45,224.85,224.85,227.05,1925,182504,41090561.00,
532899,KAVERI SEED ,A ,Q,575.80,575.80,555.55,561.05,564.65,563.95,594,2344,1321686.00,
532900,PAISALO     ,A ,Q,792.00,792.00,761.00,763.50,762.55,773.15,281,1254,966008.00,
532902,CONSOL CONST,T ,Q,2.24,2.34,2.15,2.32,2.34,2.25,161,131997,300788.00,
532904,SUPREME INFR,B ,Q,11.87,11.87,11.00,11.40,11.40,11.53,38,7627,85934.00,
532906,MAANALU     ,B ,Q,122.75,124.25,121.55,121.60,122.50,120.70,114,2171,266771.00,
532907,ILFSENGG    ,Z ,Q,14.35,15.35,14.35,15.25,15.00,14.65,57,21637,326496.00,
532911,PARLEIND    ,X ,Q,8.13,8.24,8.10,8.11,8.11,8.13,382,24713,200656.00,
532915,RELIGARE ENT,A ,Q,121.85,122.60,117.80,120.65,120.65,118.85,1779,82403,9925831.00,
532916,BARAK VALL  ,T ,Q,23.30,24.60,22.80,23.00,23.00,24.00,24,1283,29390.00,
532918,RATHI BARS  ,X ,Q,26.40,27.20,25.70,26.25,26.25,26.35,79,3785,99439.00,
532921,ADANI PORTS ,A ,Q,715.00,715.00,696.90,702.90,702.90,702.55,8890,256760,180679088.00,
532922,EDELWEISS   ,A ,Q,54.90,54.90,52.30,53.55,53.60,51.40,2330,425961,22682648.00,
532923,RGL         ,B ,Q,631.05,643.25,625.75,627.55,627.15,625.40,309,5885,3700269.00,
532924,KOLTEPATIL  ,A ,Q,253.50,253.50,235.50,238.15,238.70,244.90,740,11523,2840315.00,
532925,KAUSHAL INFR,B ,Q,4.25,4.30,4.25,4.30,4.30,4.10,31,11653,50020.00,
532926,JYOTHYLAB   ,A ,Q,153.00,155.85,150.85,154.40,153.80,151.85,1536,113233,17367850.00,
532927,ECLERX      ,A ,Q,1965.65,2070.00,1917.00,2053.90,2060.00,2042.15,2617,11235,22415378.00,
532928,TRIL        ,B ,Q,28.00,30.00,28.00,29.00,29.00,28.80,279,12204,356921.00,
532929,BRIGADE     ,A ,Q,445.00,448.10,435.80,445.10,442.10,441.45,593,3825,1692738.00,
532930,BGR ENERGY  ,B ,Q,72.25,72.25,67.75,69.90,70.20,69.10,301,9930,692780.00,
532931,BURNPUR     ,B ,Q,5.62,5.62,5.18,5.27,5.25,5.26,185,67291,364837.00,
532932,MANAKSIA LTD,B ,Q,79.30,85.35,78.75,80.00,80.00,71.90,2928,87030,7133587.00,
532933,PORWAL AUTO ,X ,Q,20.60,20.60,18.60,19.50,18.70,19.45,44,2832,54192.00,
532934,PPAP        ,B ,Q,194.55,198.65,194.25,196.60,198.10,192.15,8,59,11679.00,
532935,ARIES AGRO  ,B ,Q,121.00,123.00,118.70,122.25,123.00,123.40,335,6253,756341.00,
532937,KUANTUM     ,B ,Q,71.35,71.35,69.35,69.45,69.45,69.85,100,9166,637528.00,
532939,RPOWER      ,A ,Q,12.13,12.13,11.70,11.83,11.83,11.90,4392,2381257,28209839.00,
532940,J KUMAR INFR,A ,Q,237.60,239.40,228.80,232.85,232.25,231.20,1508,37997,8844620.00,
532941,CORDS CABLE ,B ,Q,52.30,53.35,51.45,52.05,52.00,51.60,176,1813,94620.00,
532942,KNR CONST   ,A ,Q,246.00,246.00,234.70,241.30,241.50,243.30,1160,12387,2967978.00,
532944,ONMOBILE    ,A ,Q,121.25,126.05,121.20,123.90,124.90,119.40,1386,79980,9875366.00,
532945,SEPC        ,B ,Q,8.50,8.82,8.50,8.58,8.58,8.50,52,63844,555111.00,
532946,BANG        ,B ,Q,37.10,39.45,37.10,39.45,39.45,37.60,44,1912,75010.00,
532947,IRB INFRA   ,A ,Q,231.60,232.25,228.20,229.10,229.10,228.15,1226,28498,6552708.00,
532951,GSS INFOTECH,T ,Q,200.55,209.40,200.15,203.60,203.60,202.65,104,26421,5322941.00,
532952,NAHAR CAP   ,B ,Q,411.00,423.10,400.00,404.00,406.80,401.05,498,1917,790269.00,
532953,V GUARD IND ,A ,Q,229.80,232.45,225.95,229.90,229.90,230.15,1959,35664,8169813.00,
532955,RECLTD      ,A ,Q,118.65,120.65,118.50,119.85,119.85,118.65,1638,154545,18494323.00,
532959,AJRINFRA    ,T ,Q,1.72,1.74,1.62,1.74,1.74,1.66,225,265408,453697.00,
532960,DHANI       ,A ,Q,57.75,57.75,53.75,54.25,54.00,55.00,2660,345612,19606042.00,
532966,TITAGARH WAG,B ,Q,104.65,104.65,101.45,102.25,102.25,102.50,558,17713,1816221.00,
532967,KIRI DYES   ,A ,Q,465.00,465.00,437.95,439.30,439.30,453.35,764,5422,2459219.00,
532974,ABML        ,B ,Q,57.90,59.10,57.35,58.90,58.40,57.55,219,6857,400392.00,
532975,AISHWARYA   ,Z ,Q,2.57,2.57,2.57,2.57,2.57,2.45,4,1187,3050.00,
532976,JAIBALA IND ,B ,Q,47.45,47.80,46.50,47.35,47.05,46.05,21,663,31257.00,
532977,BAJAJ AUTO  ,A ,Q,3850.00,3889.90,3823.10,3830.45,3839.00,3857.35,1355,8233,31674201.00,
532978,BAJAJ FINSE ,A ,Q,12690.00,12890.80,12615.00,12766.00,12766.00,12473.05,2528,8885,113439003.00,
532980,GOKUL REFOIL,B ,Q,33.40,35.30,33.40,34.25,34.25,34.20,1122,31436,1082760.00,
532983,RPG LIFESCI ,B ,Q,483.75,491.00,483.70,489.85,489.00,479.00,116,822,400176.00,
532985,KOTAK SENSEX,B ,Q,569.90,572.00,568.00,572.00,572.00,566.44,8,13,7414.00,
532986,NIRAJ CEMENT,B ,Q,33.10,33.45,32.75,32.75,32.75,32.10,5,63,2099.00,
532987,RANE BRAKE  ,B ,Q,650.00,665.05,645.75,664.20,664.00,634.80,56,264,173277.00,
532988,RANE ENGVL  ,B ,Q,192.00,196.90,192.00,193.05,192.90,191.20,98,1553,302998.00,
532989,BAFNA PHARMA,T ,Q,116.40,122.20,115.55,122.20,122.20,116.40,19,835,100847.00,
532992,CHL LTD     ,X ,Q,20.25,21.90,20.25,20.35,20.35,21.00,7,143,2918.00,
532993,SEJAL       ,T ,Q,241.00,244.40,231.15,236.30,243.90,240.50,14,359,84863.00,
532994,ARCHIDPLY IN,B ,Q,51.90,53.00,49.80,51.70,51.70,50.85,270,8623,446131.00,
532998,LEHIL       ,B ,Q,48.00,52.90,47.85,47.90,47.90,49.65,42,1135,54470.00,
533001,SOMI CONVEY ,B ,Q,33.25,34.30,33.25,33.50,33.35,32.70,18,742,24842.00,
533007,LGB FORGE   ,B ,Q,11.60,11.95,10.86,11.07,11.13,11.68,281,68396,783423.00,
533012,LANDMRK PRO ,B ,Q,7.69,7.99,7.31,7.34,7.31,7.69,50,12557,93441.00,
533014,SICAGEN IND ,X ,Q,27.50,28.45,26.50,27.30,27.25,26.70,80,23376,636503.00,
533018,SIMPLEX MIL ,X ,Q,32.10,32.10,29.30,31.40,30.70,30.70,9,143,4514.00,
533019,SIMPLEX PAP ,XT,Q,30.20,30.20,27.55,27.60,27.55,28.95,106,7383,206168.00,
533022,20 MICRONS  ,B ,Q,77.75,79.35,77.20,77.50,77.50,77.15,800,18522,1442071.00,
533023,ZFCVINDIA   ,A ,Q,8108.10,8195.85,7960.15,8025.90,7993.00,8072.90,48,63,510739.00,
533029,ALKALI      ,T ,Q,84.00,84.00,82.20,82.45,82.60,83.45,5,159,13122.00,
533033,ISGEC       ,A ,Q,502.10,504.95,495.00,496.65,496.65,495.55,226,1019,509264.00,
533047,INDIAN MET  ,B ,Q,305.20,305.70,285.00,289.80,286.30,300.50,1195,10852,3214398.00,
533056,VEDAVAAG    ,X ,Q,49.30,49.30,47.00,47.35,47.25,46.45,127,18698,893317.00,
533080,MOLDTKPACK  ,A ,Q,686.05,692.65,676.85,682.20,685.00,675.20,539,1975,1352570.00,
533088,MAH HOLIDAY ,A ,Q,236.95,236.95,225.50,229.60,229.60,230.10,1360,23562,5393844.00,
533090,EXCEL       ,T ,Q,6.24,6.49,6.03,6.16,6.16,6.26,74,29355,182240.00,
533093,RAJ OIL     ,T ,Q,66.70,66.70,62.50,63.85,63.10,65.75,99,13458,848236.00,
533095,BENGLA& ASM ,B ,Q,2380.00,2434.80,2340.10,2425.00,2425.00,2368.85,107,883,2126249.00,
533096,ADANI POWER ,A ,Q,327.10,329.95,315.00,328.35,328.35,314.25,23676,1539148,500137148.00,
533098,NHPC        ,A ,Q,32.85,33.45,32.15,33.20,33.20,32.55,2989,767536,25152338.00,
533101,SURYAMBA SP ,X ,Q,208.00,212.70,193.00,197.65,193.00,198.20,45,1784,362774.00,
533104,GLOBUS SPR  ,B ,Q,990.00,997.00,937.10,953.45,965.00,947.50,4130,36491,34881385.00,
533106,OIL INDIA   ,A ,Q,231.50,231.60,215.60,217.95,217.95,227.60,2084,57918,12870193.00,
533107,RNAVAL      ,Z ,Q,3.00,3.14,2.95,3.05,3.07,3.05,296,200743,605720.00,
533108,BHILWRA TEC ,X ,Q,18.00,18.00,16.40,16.45,16.40,17.25,355,74068,1229648.00,
533110,SH PRECOTED ,X ,Q,27.00,28.30,25.95,28.00,28.00,27.00,13,649,18192.00,
533121,EXPLEOSOL   ,B ,Q,1276.80,1288.10,1225.00,1238.00,1246.00,1259.70,486,1774,2235399.00,
533122,RTNPOWER    ,A ,Q,3.91,3.98,3.82,3.90,3.90,3.88,3079,3360249,13061517.00,
533137,DEN NETWORK ,B ,Q,35.70,35.80,35.25,35.55,35.55,35.00,609,37708,1339033.00,
533138,ASTEC LIFE  ,A ,Q,1688.95,1774.80,1675.20,1737.15,1731.25,1662.80,826,2505,4330134.00,
533146,DLINK IND   ,B ,Q,135.90,135.90,124.05,126.10,126.10,124.65,524,7587,955883.00,
533148,JSW ENERGY  ,A ,Q,283.90,288.80,280.40,284.20,284.20,277.80,1871,40736,11584790.00,
533149,ESSAR SECU  ,X ,Q,5.30,5.30,4.71,5.15,5.19,4.96,88,20147,101670.00,
533150,GODREJ PROP ,A ,Q,1296.00,1323.00,1287.00,1304.75,1305.30,1287.40,1634,16078,20896591.00,
533151,D B CORP    ,B ,Q,79.80,81.70,77.80,81.10,81.55,76.80,586,13393,1070488.00,
533152,MBL INFRA   ,B ,Q,19.80,20.25,19.05,20.25,20.25,19.30,67,12842,258548.00,
533155,JUBL FOOD   ,A ,Q,493.45,518.85,490.00,516.95,516.95,486.95,10723,359024,182089493.00,
533156,VASCON ENG  ,B ,Q,23.15,23.85,22.85,23.00,23.00,23.05,586,71199,1659469.00,
533158,THANGAMAYIL ,B ,Q,1130.00,1130.00,983.00,1020.95,1023.75,1000.05,103,856,867071.00,
533160,D B REALTY  ,T ,Q,65.40,65.45,62.70,63.55,63.20,64.35,107,10342,663881.00,
533161,EMMBI       ,B ,Q,102.00,102.00,85.00,91.25,92.35,85.50,70,960,84793.00,
533162,HATHWAY CAB ,A ,Q,17.75,17.85,17.30,17.45,17.45,17.55,1247,234653,4108459.00,
533163,ARSS INFRA  ,T ,Q,23.00,24.65,23.00,24.65,24.65,23.50,11,429,10553.00,
533164,TEXMO PIPES ,B ,Q,64.00,64.15,58.10,60.40,60.40,64.80,898,33355,2025348.00,
533166,SUNDARAMMUL ,B ,Q,2.87,3.00,2.85,3.00,3.00,2.86,174,191066,569057.00,
533167,CORO ENGG   ,X ,Q,29.50,30.00,29.50,30.00,30.00,29.00,4,115,3397.00,
533168,ROSSELL IND ,B ,Q,173.00,174.25,163.85,169.70,169.70,167.95,75,1422,242505.00,
533169,MAN INFRA   ,A ,Q,90.90,91.20,86.75,90.00,88.55,87.50,1170,31988,2857139.00,
533170,TAMBOLI CAP ,X ,Q,95.60,106.60,95.00,104.00,103.00,99.35,378,45678,4675279.00,
533172,IVZINGOLD   ,E ,Q,4683.00,4683.00,4590.20,4591.00,4591.00,4554.00,6,20,92773.00,
533177,IL&FS TRANS ,Z ,Q,4.27,4.27,3.96,4.10,4.10,4.08,33,23350,97547.00,
533179,PERSISTENT  ,A ,Q,3470.00,3618.00,3451.10,3543.30,3543.30,3445.60,3248,15047,53320278.00,
533181,INTRASOFT   ,B ,Q,186.60,192.00,184.65,186.75,186.75,179.95,21,243,45997.00,
533189,GOENKA DIAM ,Z ,Q,2.26,2.42,2.25,2.28,2.28,2.33,33,28476,66108.00,
533192,KCP SUGAR IN,B ,Q,24.55,25.40,23.30,23.65,23.50,24.80,1098,66883,1632471.00,
533193,KIRLOSKAR EL,B ,Q,21.85,22.85,21.55,22.70,22.85,21.80,161,6776,150174.00,
533202,NEH         ,X ,Q,3.00,3.06,2.93,3.01,3.03,2.93,61,23998,71763.00,
533203,TARAPUR TRA ,B ,Q,3.49,3.49,3.26,3.35,3.35,3.25,17,4733,16025.00,
533206,SJVN        ,A ,Q,27.00,27.40,26.80,27.10,27.10,27.20,930,194166,5247573.00,
533207,JPINFRATEC  ,T ,Q,2.35,2.53,2.35,2.50,2.53,2.41,383,222592,549950.00,
533208,EMAMI PAPER ,B ,Q,157.10,157.50,147.50,147.60,147.50,153.70,242,1388,209981.00,
533210,KRITI NUTRI ,X ,Q,58.00,60.80,57.50,58.00,58.00,58.40,372,51515,3039965.00,
533212,GKB OPHTHA  ,X ,Q,75.15,76.10,75.15,76.10,76.10,78.00,9,731,55469.00,
533217,HMVL        ,B ,Q,58.90,59.65,57.95,58.25,58.25,59.55,158,6772,396679.00,
533218,EMAMIREAL   ,B ,Q,63.20,63.20,60.70,61.85,62.00,61.10,186,10836,664529.00,
533227,ASIAN HTL E ,B ,Q,223.10,225.00,221.80,222.05,222.05,225.00,21,805,180455.00,
533229,BAJAJCON    ,A ,Q,139.80,140.50,136.70,137.70,137.50,138.15,1841,60061,8295144.00,
533230,HDFCMFGETF  ,E ,Q,45.40,45.40,45.10,45.18,45.15,45.04,55,7879,355909.00,
533239,PRAKASHSTL  ,B ,Q,4.65,5.15,4.55,5.01,5.09,4.72,621,539921,2650101.00,
533244,ICICIGOLD   ,E ,Q,45.03,45.46,45.00,45.12,45.09,44.93,71,2015,91265.00,
533248,GPPL        ,A ,Q,81.70,81.70,79.70,80.25,80.25,79.75,1148,46634,3762699.00,
533252,WELSPUN INV ,B ,Q,275.00,275.00,275.00,275.00,275.00,265.65,1,10,2750.00,
533257,INDOSOLAR   ,Z ,Q,3.76,3.76,3.76,3.76,3.76,3.59,12,18853,70887.00,
533259,SASTASUNDR  ,B ,Q,343.40,343.40,296.60,296.60,296.60,293.85,36,449,135214.00,
533260,CAREERP     ,B ,Q,110.65,112.50,109.65,109.95,111.60,110.05,52,905,100041.00,
533261,EROS MEDIA  ,B ,Q,27.30,27.45,26.35,27.45,27.45,26.15,177,17189,469059.00,
533262,RAMKY INFRA ,B ,Q,167.25,174.60,164.45,170.05,174.60,164.60,624,17006,2850115.00,
533263,GREENPOWER  ,B ,Q,8.96,9.47,8.96,8.96,8.96,9.43,2156,6322788,56749528.00,
533265,GALLISPAT   ,B ,Q,61.70,70.85,61.70,66.80,67.80,60.05,850,27243,1843619.00,
533267,CANTABIL    ,B ,Q,1070.60,1075.60,1051.25,1071.60,1071.00,1036.95,223,789,841174.00,
533268,SEATV       ,XT,Q,2.92,3.22,2.92,3.22,3.22,3.07,14,4971,15891.00,
533269,VATECH WABA ,A ,Q,240.95,240.95,232.65,234.95,234.00,230.35,878,12703,2977620.00,
533270,BEDMUTHA IN ,B ,Q,82.20,82.20,74.75,80.40,80.40,78.65,271,16062,1239843.00,
533271,ASHOKA      ,A ,Q,73.05,73.55,71.45,71.85,71.85,70.60,1054,93051,6743639.00,
533272,CEBBCO      ,B ,Q,57.70,61.60,56.55,59.05,58.85,56.70,1667,81595,4867102.00,
533273,OBEROI REAL ,A ,Q,781.60,781.60,746.10,757.00,751.00,767.45,2239,33028,25068076.00,
533274,PRESTIGE    ,A ,Q,421.00,434.05,411.00,414.30,413.30,429.80,1020,13117,5535070.00,
533275,GYSCOAL     ,B ,Q,3.25,3.25,3.10,3.25,3.25,3.10,95,100496,318947.00,
533278,COAL INDIA  ,A ,Q,185.25,188.65,180.55,181.85,181.85,183.15,6025,653077,120011154.00,
533282,GRAVITA     ,T ,Q,267.95,272.00,255.50,257.90,257.90,260.45,260,11866,3116447.00,
533284,RPP INFRA   ,B ,Q,37.40,40.20,37.30,39.65,39.55,37.35,415,42676,1668318.00,
533285,RDB REALTY  ,X ,Q,33.00,35.00,33.00,34.50,34.70,32.50,12,20121,703748.00,
533286,MOIL LTD    ,A ,Q,161.00,161.30,159.00,159.20,159.00,158.75,575,7981,1276293.00,
533287,ZEE LEARN   ,B ,Q,6.97,7.03,6.80,7.03,7.03,6.70,502,227039,1579759.00,
533289,KESAR TERMI ,X ,Q,31.90,31.90,30.15,31.65,31.70,31.30,25,477,14882.00,
533292,A2ZINFRA    ,B ,Q,11.83,12.34,11.74,11.87,11.87,12.35,285,306694,3658161.00,
533293,KIRLOIL ENG ,A ,Q,154.70,157.55,150.40,151.20,151.55,152.30,671,9851,1519941.00,
533294,RAVI KUMAR  ,T ,Q,9.54,9.55,8.85,9.46,9.55,9.29,20,1698,16044.00,
533295,PUNJABNSIND ,B ,Q,15.20,15.45,15.05,15.30,15.30,14.90,147,13120,199816.00,
533296,FMNL        ,B ,Q,5.08,5.08,4.60,4.81,4.84,4.67,80,22052,104657.00,
533298,SURANASOL   ,B ,Q,20.05,22.75,20.05,22.75,22.75,20.70,263,33753,745475.00,
533302,KALYANI INV ,B ,Q,1577.00,1577.00,1536.70,1536.70,1536.70,1554.50,6,11,17198.00,
533303,BF INVEST   ,B ,Q,262.35,266.60,260.00,260.45,260.20,257.35,85,370,97366.00,
533306,SUMMIT SECU ,B ,Q,580.30,581.05,565.15,568.75,573.00,571.25,40,201,114573.00,
533315,INNO INVEST ,XT,Q,32.00,32.10,29.10,31.05,31.95,30.60,104,30378,954120.00,
533316,STEL        ,B ,Q,127.60,130.35,127.60,128.90,130.35,128.00,10,50,6407.00,
533317,OMKAR SPC   ,B ,Q,24.05,25.80,23.60,24.30,24.00,24.60,140,6863,170260.00,
533320,JUBILNT IND ,B ,Q,407.05,407.50,393.05,402.30,402.30,393.55,51,326,130921.00,
533326,TEXMACO RAIL,B ,Q,42.40,42.70,41.75,42.30,42.30,41.65,2381,171132,7229942.00,
533329,IND TERRAIN ,B ,Q,45.40,45.55,44.80,45.10,45.45,44.00,126,8146,366778.00,
533333,FINEOTEX  CH,B ,Q,180.00,180.00,173.80,177.80,177.70,174.95,1139,31176,5496954.00,
533336,DHUNINV     ,B ,Q,639.50,649.85,612.00,631.80,614.40,636.20,70,670,426987.00,
533339,ZEN TECH    ,B ,Q,166.65,168.00,164.70,168.00,168.00,160.00,1017,49762,8326939.00,
533343,LOVABLE     ,B ,Q,133.80,134.20,130.00,131.05,131.05,129.20,167,3341,440716.00,
533344,PTCFIN SER  ,B ,Q,16.10,16.15,15.55,16.00,16.00,15.90,280,107214,1715207.00,
533385,MON100      ,E ,Q,99.62,101.00,99.16,99.49,99.85,98.36,402,20075,2001670.00,
533398,MUTHOOT FIN ,A ,Q,1117.30,1117.30,1029.00,1096.00,1096.55,1137.30,12258,154436,164803480.00,
533400,FCONSUMER   ,A ,Q,2.29,2.29,2.19,2.23,2.23,2.23,12192,1142438,2540008.00,
533407,CIL NOVA    ,X ,Q,31.95,32.85,28.60,31.55,32.85,30.75,24,1459,45443.00,
533408,BSLGOLDETF  ,E ,Q,46.58,46.78,46.06,46.38,46.54,46.44,21,200,9251.00,
533427,VMS INDUSTR ,X ,Q,13.80,14.75,13.75,14.50,14.75,14.45,27,567,7981.00,
533451,KARMA ENERG ,T ,Q,31.15,31.15,28.70,30.25,30.40,29.95,7,42,1258.00,
533452,DELPHIFX    ,B ,Q,440.00,440.00,434.10,434.10,434.10,428.90,4,6,2634.00,
533470,RUSHIL DECOR,B ,Q,422.65,438.00,415.10,423.15,422.70,415.45,253,1803,767392.00,
533477,ENKEI WHEEL ,X ,Q,383.00,394.85,383.00,383.50,383.50,388.60,25,2036,787920.00,
533482,KRIINFRA    ,B ,Q,5.00,5.00,4.73,4.86,4.97,4.82,22,10160,49489.00,
533506,INVENTURE   ,B ,Q,2.95,3.00,2.86,2.93,2.93,2.90,1008,1087173,3162134.00,
533519,LNT FH      ,A ,Q,75.00,76.35,74.10,75.05,75.05,73.90,3088,439150,33027706.00,
533520,YAARI       ,B ,Q,36.95,37.50,34.80,36.10,36.15,35.90,235,12695,463489.00,
533540,TREE HOUSE  ,B ,Q,9.20,9.20,8.58,9.02,9.13,8.64,27,1828,16117.00,
533543,BROOKS LABS ,B ,Q,84.10,85.20,80.75,83.60,83.05,82.00,147,3824,320528.00,
533552,RUPA & CO   ,A ,Q,360.00,376.85,356.00,361.10,366.80,353.75,2284,48179,17662731.00,
533553,TD POWER    ,B ,Q,430.00,440.05,426.95,436.80,435.05,420.95,650,3713,1614798.00,
533570,AXISGOLD    ,E ,Q,43.83,44.39,43.83,44.06,43.97,43.92,143,7924,348832.00,
533573,ALEM PHARMA ,A ,Q,742.10,744.80,731.35,733.45,734.90,738.65,524,6304,4641450.00,
533576,VASWANI IND ,B ,Q,18.40,18.40,16.95,17.15,17.30,18.10,203,27410,473646.00,
533581,PG ELECTRO  ,B ,Q,699.70,710.00,681.50,692.00,695.95,679.00,405,1857,1285511.00,
533602,LESHAIND    ,XT,Q,23.14,23.15,23.14,23.15,23.15,22.05,8031,2937522,67996126.00,
533605,SETUINFRA   ,T ,Q,2.95,3.07,2.83,2.98,2.98,2.95,73,96152,288329.00,
533608,RDB RASAYAN ,X ,Q,78.20,81.65,78.20,81.30,81.00,79.75,42,2437,197055.00,
533629,TIJARIA PPL ,B ,Q,6.59,6.59,5.98,5.98,5.98,6.29,17,17124,104115.00,
533632,ONELIFE CAP ,B ,Q,10.91,11.99,10.91,11.65,11.65,11.45,38,3126,35815.00,
533638,FLEXITUFF   ,T ,Q,24.60,24.60,23.65,23.65,23.65,24.55,5,530,12582.00,
533644,UJAAS       ,T ,Q,3.95,3.95,3.71,3.81,3.74,3.90,260,74854,286296.00,
533655,TRIVENITURB ,A ,Q,186.40,186.40,173.00,176.60,176.60,185.85,1602,43493,7800018.00,
533676,INDO THAI   ,B ,Q,275.45,294.85,274.20,290.55,294.00,286.00,52,1649,459796.00,
533704,ESSAR SHIP  ,B ,Q,7.35,7.52,7.06,7.41,7.37,7.30,98,16795,122276.00,
533758,APL APOLLO  ,A ,Q,891.00,891.00,862.20,869.50,868.00,862.05,1667,13396,11749379.00,
533761,GPT INFRA   ,B ,Q,85.00,90.00,84.30,88.25,88.85,86.95,268,4546,400616.00,
533896,FERVENTSYN  ,X ,Q,12.46,13.94,12.46,12.56,12.56,13.52,5,744,10227.00,
533941,TSIL        ,T ,Q,49.15,49.15,48.10,48.20,48.10,49.15,3,200,9642.00,
533982,TERASOFTWARE,B ,Q,38.80,39.60,38.50,38.55,38.50,38.85,178,3553,138241.00,
534060,PMCFIN      ,X ,Q,4.20,4.20,3.90,3.95,3.95,4.00,1444,712332,2874236.00,
534064,AIML        ,XT,Q,32.45,32.45,29.55,31.30,31.85,31.00,152,45330,1407483.00,
534076,RHIM        ,A ,Q,531.45,578.15,502.65,552.20,552.20,524.50,4271,67255,36426341.00,
534091,MCX LTD     ,A ,Q,1284.00,1284.00,1251.00,1262.90,1263.95,1260.70,826,6311,7966434.00,
534139,SCHNEIDER   ,A ,Q,107.25,117.00,107.25,111.30,110.80,104.80,2634,105538,11841914.00,
534190,OLYMPIC     ,X ,Q,3.34,3.93,3.34,3.93,3.93,3.59,10,2296,8054.00,
534309,NBCC        ,A ,Q,32.75,33.40,32.50,33.30,33.30,32.10,1679,359724,11873787.00,
534312,MT EDUCARE  ,B ,Q,7.33,7.78,7.24,7.46,7.47,7.18,30,8656,64651.00,
534328,HEXATRADEX  ,B ,Q,170.20,176.90,170.20,175.55,176.90,172.75,35,542,94713.00,
534369,TBZ LTD     ,B ,Q,61.95,61.95,58.25,59.60,59.60,59.55,330,22541,1346837.00,
534392,VSSL        ,B ,Q,232.00,232.00,217.80,222.30,224.95,223.80,243,4222,938036.00,
534422,LOOKS       ,X ,Q,10.12,10.44,10.12,10.15,10.16,10.08,64,20734,210713.00,
534425,SPECIALITY R,B ,Q,122.95,129.45,122.70,129.00,129.45,121.10,752,10917,1380966.00,
534532,LYPSA GEMS  ,B ,Q,5.11,5.16,4.85,5.12,5.16,5.16,20,1810,9171.00,
534563,MAX ALERT   ,MT,Q,3.23,3.23,3.23,3.23,3.23,3.40,1,800,2584.00,
534597,RTNINDIA    ,B ,Q,41.70,43.10,39.65,40.85,40.90,40.40,4172,479600,19951120.00,
534598,SEPOWER     ,B ,Q,20.50,21.00,19.60,19.75,19.75,20.00,24,1923,39569.00,
534600,JTL INFRA   ,B ,Q,217.00,221.00,215.00,216.50,221.00,212.65,230,5539,1206398.00,
534612,AMTL        ,XT,Q,23.90,24.00,23.10,23.50,23.50,23.60,24,2591,61000.00,
534615,NECC LTD    ,B ,Q,28.00,28.00,27.20,27.25,27.20,27.50,98,3072,84835.00,
534618,WAAREERTL   ,X ,Q,315.00,329.75,315.00,318.55,315.05,314.50,265,16011,5126358.00,
534623,JUPITER INFO,X ,Q,20.10,21.25,19.75,20.45,20.50,20.95,37,5065,105062.00,
534674,DUCON       ,B ,Q,21.10,21.75,20.40,20.65,20.50,21.10,334,42963,897064.00,
534675,PROZONINTU  ,B ,Q,22.50,23.50,22.05,23.20,23.50,22.35,302,24416,556346.00,
534680,SRG HFL     ,X ,Q,122.00,129.00,119.55,122.15,122.15,128.50,56,10669,1312327.00,
534691,COMFORT COM ,X ,Q,17.00,17.60,16.35,16.80,16.80,17.00,47,11898,200601.00,
534732,CASPIAN     ,XT,Q,7.40,7.40,7.25,7.25,7.25,7.40,2,43,318.00,
534733,SUPREMEX    ,X ,Q,4.17,4.17,3.87,3.99,4.09,4.05,70,12095,47940.00,
534741,VIRTUAL GLO ,X ,Q,1.28,1.29,1.25,1.29,1.29,1.23,890,842115,1081846.00,
534742,ZUARI AGRO  ,B ,Q,149.90,154.50,146.00,147.45,147.70,147.40,2379,146972,22203109.00,
534748,STEEL EXCH  ,B ,Q,145.65,152.80,145.05,151.15,151.15,145.60,1373,81542,12266861.00,
534755,TRIO MERCAN ,X ,Q,1.38,1.38,1.28,1.31,1.32,1.34,157,136218,177653.00,
534758,CIGNITI TECH,A ,Q,430.00,457.95,429.50,453.85,456.00,432.45,1659,108457,47774037.00,
534796,CDG         ,X ,Q,15.75,16.75,15.75,16.75,16.75,15.50,6,952,15639.00,
534804,CARERATING  ,A ,Q,447.30,466.00,445.70,464.45,466.00,445.60,910,9920,4529261.00,
534809,PC JEWELLER ,B ,Q,20.30,20.50,20.10,20.25,20.45,20.25,438,63981,1297732.00,
534816,INDUSTOWER  ,A ,Q,204.20,207.95,199.45,200.30,200.30,203.20,2405,345805,69790430.00,
534976,VMART       ,A ,Q,3318.00,3426.80,3300.00,3336.60,3300.00,3251.30,335,682,2282131.00,
535204,MUKTA       ,XT,Q,7.36,7.36,6.80,7.08,7.20,7.02,270,67123,490270.00,
535205,MYSTICELE   ,X ,Q,6.95,6.95,6.61,6.61,6.61,6.95,10,298,2022.00,
535267,COM FINCAP  ,X ,Q,27.30,28.40,26.05,26.40,26.90,27.75,70,17666,475540.00,
535276,SBISENSEX   ,A ,Q,579.98,582.39,576.00,581.56,582.00,574.32,113,2024,1174382.00,
535322,REPCO HOME  ,A ,Q,144.05,146.50,140.40,145.80,146.40,137.95,2469,31653,4587498.00,
535387,LAKHOTIA POL,XT,Q,16.15,16.15,16.15,16.15,16.15,16.15,1,1,16.00,
535431,GCM SECU    ,M ,Q,3.10,3.14,2.93,3.01,3.01,3.03,32,54400,165552.00,
535458,NRB IND BEA ,B ,Q,21.90,21.95,21.55,21.70,21.55,21.55,43,1029,22366.00,
535566,KIFS FSL    ,X ,Q,162.90,165.00,157.65,163.30,161.60,157.35,42,1369,218870.00,
535601,SREELEATHER ,B ,Q,165.45,169.15,163.30,166.25,165.15,163.85,23,317,52588.00,
535602,SHARDA MOTOR,B ,Q,670.00,689.90,654.00,684.45,689.00,646.45,113,360,243365.00,
535620,BINNY MILLS ,XT,Q,132.00,132.00,132.00,132.00,132.00,132.00,1,100,13200.00,
535621,SV GLOBAL   ,X ,Q,50.00,53.70,48.70,49.05,50.00,51.25,25,2496,122733.00,
535648,JUSTDIAL    ,A ,Q,688.95,689.00,667.00,679.90,679.90,669.05,2134,30289,20451007.00,
535657,OONE        ,X ,Q,7.40,7.80,7.40,7.65,7.65,7.51,22,2174,16701.00,
535667,IFINSEC     ,X ,Q,36.70,36.70,36.70,36.70,36.70,36.75,1,5,183.00,
535693,BRAHM INFRA ,X ,Q,28.80,28.80,28.00,28.00,28.00,28.80,4,45,1288.00,
535719,QUEST SOFTEC,X ,Q,12.18,12.18,12.18,12.18,12.18,11.60,42,11949,145538.00,
535730,KHOOBSURAT  ,XT,Q,2.28,2.33,2.12,2.33,2.33,2.22,1457,695138,1594490.00,
535754,ORIENT CEM  ,A ,Q,116.65,119.80,115.50,118.75,119.55,114.80,1471,98876,11602592.00,
535755,ABFRL       ,A ,Q,261.95,262.45,255.85,259.80,259.80,256.80,1228,39076,10141301.00,
535789,IBUL HSG FIN,A ,Q,119.20,119.25,115.15,117.20,117.20,116.75,6630,811542,94834814.00,
536170,KUSHAL      ,Z ,Q,3.87,4.00,3.87,3.95,3.97,4.07,264,109835,429159.00,
536264,TIGER LOGS  ,X ,Q,208.95,208.95,198.00,200.25,200.25,199.25,158,8006,1631324.00,
536493,JKAGRI GEN  ,X ,Q,690.00,690.00,652.55,656.70,656.70,650.15,44,825,550260.00,
536507,FUTLIF FAS  ,B ,Q,14.45,14.45,13.80,14.35,14.40,14.10,156,9305,132279.00,
536659,PVVINFRA    ,X ,Q,18.15,19.40,18.15,19.40,19.40,18.50,30,3765,72870.00,
536709,INDRENEW    ,XT,Q,10.83,11.61,10.83,11.06,11.61,11.40,32,1795,19471.00,
536738,STELLAR CAP ,M ,Q,4.38,4.38,4.38,4.38,4.38,4.60,1,6000,26280.00,
536773,JIN POLY INV,B ,Q,228.60,229.15,217.55,228.05,229.15,218.25,56,705,158033.00,
536846,YURANUS INFR,X ,Q,6.20,6.20,5.90,5.90,5.90,6.20,4,505,2985.00,
536868,INTEGRA TELE,X ,Q,19.00,19.00,18.10,18.25,18.10,18.70,169,16007,296493.00,
536960,MOM100      ,B ,Q,29.02,29.19,28.73,29.04,29.04,28.58,42,5262,153033.00,
536965,BP CAPITAL  ,X ,Q,6.61,7.45,6.61,7.45,7.45,7.48,3,203,1356.00,
536974,CAPTAIN POLY,X ,Q,17.45,17.95,16.95,17.50,17.75,17.30,268,80639,1399232.00,
537007,ICICINIFTY  ,B ,Q,175.00,176.21,174.85,175.97,176.05,174.50,220,10666,1873618.00,
537008,ICICINF100  ,B ,Q,178.00,180.00,177.50,178.45,178.45,178.17,10,17,3036.00,
537069,ARNOLD HOLD ,X ,Q,11.20,11.20,10.04,10.77,10.77,10.58,22,12140,126767.00,
537253,SUNIL HEALTH,XT,Q,74.70,75.25,70.65,73.00,72.90,71.90,43,4058,293572.00,
537254,RCI IND     ,X ,Q,7.49,7.49,6.86,7.46,7.47,7.52,5,81,595.00,
537259,SUYOG TELE  ,X ,Q,373.55,397.30,370.00,379.20,379.20,380.80,38,2034,770990.00,
537291,NATH BIOGEN ,B ,Q,194.95,196.40,191.00,192.20,192.45,190.45,95,1963,381789.00,
537292,AGRI TECH   ,T ,Q,81.00,82.50,75.45,81.60,80.10,79.40,35,2760,221005.00,
537326,CHEMTECH IND,B ,Q,14.00,14.00,14.00,14.00,14.00,13.35,4,35,490.00,
537392,TAAZAINT    ,XT,Q,26.20,26.20,26.20,26.20,26.20,26.25,1,100,2620.00,
537483,NIF100BEES  ,B ,Q,169.00,171.00,169.00,170.59,170.38,169.00,29,659,112022.00,
537536,DENIS CHEM  ,X ,Q,57.00,58.00,57.00,58.00,58.00,56.75,42,11955,693119.00,
537573,POLYMAC     ,M ,Q,32.65,34.65,32.15,34.15,34.05,33.85,10,47200,1624600.00,
537707,ETT LTD     ,X ,Q,31.50,31.50,31.50,31.50,31.50,30.00,1,1,31.00,
537708,KOTAKNIFTY  ,B ,Q,171.50,173.00,171.19,173.00,173.00,170.38,64,577,99565.00,
537709,HANSUGAR    ,X ,Q,7.05,7.05,6.50,6.80,6.84,6.51,186,50783,344247.00,
537750,KIRAN VYPAR ,X ,Q,142.00,142.00,139.00,139.05,139.00,144.05,30,1495,208749.00,
537766,BCP LTD     ,B ,Q,4.80,4.80,4.50,4.56,4.56,4.68,139,49558,227311.00,
537785,RACE        ,M ,Q,185.00,185.00,175.00,178.00,178.00,173.00,7,10000,1783500.00,
537800,MANGALAM IND,X ,Q,5.00,5.15,4.93,5.06,5.06,4.94,758,449396,2276091.00,
537820,VFL         ,B ,Q,3.15,3.15,2.89,2.98,3.04,3.04,116,45755,136305.00,
537839,PHOENIX TN  ,XT,Q,37.05,37.70,37.05,37.10,37.10,37.80,5,267,9906.00,
538057,CPSE ETF    ,A ,Q,34.22,34.23,33.60,33.76,33.71,34.23,1160,60340,2041029.00,
538092,JOONKTOLLEE ,X ,Q,82.00,87.90,75.10,79.10,79.00,82.90,46,1118,88414.00,
538119,RNB DENIMS  ,B ,Q,75.90,77.60,70.30,70.60,70.60,73.95,241,26685,1959202.00,
538180,GOLD LINE   ,Z ,Q,1.24,1.24,1.24,1.24,1.24,1.30,920,537769,666833.00,
538212,SHARP INV   ,X ,Q,2.14,2.14,1.98,2.02,2.02,2.06,870,464559,946219.00,
538268,WONDERLA    ,B ,Q,213.00,223.55,208.00,214.30,217.15,207.30,2499,54709,11879491.00,
538351,AFEL        ,X ,Q,108.10,108.15,103.05,108.15,108.15,103.00,165,110607,11696794.00,
538365,INCREDIBLE  ,B ,Q,23.30,23.30,22.00,22.30,22.30,22.20,26,1636,37102.00,
538382,WEST LEIRES ,XT,Q,126.00,126.00,126.00,126.00,126.00,132.60,5,68,8568.00,
538395,NAM SEC     ,X ,Q,22.60,22.60,22.60,22.60,22.60,23.35,1,15,339.00,
538401,MAESTROS ELE,X ,Q,53.40,61.50,52.00,55.95,55.95,54.75,25,1534,84109.00,
538402,SPS         ,B ,Q,102.05,115.80,102.05,104.95,109.40,105.80,72,203,21315.00,
538446,MONEYBOXX   ,B ,Q,122.15,126.00,122.10,124.95,124.95,124.85,11,93,11588.00,
538464,TPROJECT    ,X ,Q,3.27,3.28,3.00,3.24,3.26,3.13,40,3593,11639.00,
538476,CTL         ,X ,Q,9.56,9.99,9.09,9.20,9.15,9.56,77,13431,122788.00,
538521,YAANENT     ,X ,Q,19.40,19.40,19.00,19.00,19.00,19.30,40,13790,262280.00,
538537,OMANSH      ,XT,Q,1.71,1.72,1.57,1.68,1.69,1.65,138,178245,284288.00,
538539,JTAPARIA    ,XT,Q,4.11,4.11,4.11,4.11,4.11,4.31,15,3062,12584.00,
538540,RLFL        ,XT,Q,2.59,2.66,2.56,2.65,2.66,2.54,586,495637,1312823.00,
538546,BANSAL ROOF ,B ,Q,76.50,76.95,74.05,75.60,75.80,73.50,74,2125,160672.00,
538562,SKIPPER     ,B ,Q,57.00,60.90,57.00,60.00,59.70,56.20,209,175838,10142408.00,
538564,JAMESWARREN ,X ,Q,233.90,233.90,220.00,220.25,229.00,229.95,22,243,53823.00,
538565,VISTARAMAR  ,X ,Q,222.10,222.10,211.00,216.45,216.45,222.10,52,1367,294561.00,
538566,APOLLOTRI   ,A ,Q,864.00,879.90,845.00,855.30,856.00,852.15,2680,28518,24469599.00,
538567,GULFOIL LUB ,A ,Q,412.00,413.45,408.25,411.60,411.50,406.20,583,3997,1643225.00,
538569,TRIVENI ENT ,X ,Q,11.15,11.15,9.11,9.11,9.11,11.38,843,1025677,9469027.00,
538596,QUANTBUILD  ,X ,Q,4.35,4.35,4.04,4.04,4.04,4.25,6,1119,4596.00,
538597,TTIENT      ,XT,Q,12.01,12.98,11.80,12.34,12.90,12.42,426,123288,1493889.00,
538598,VISHAL      ,B ,Q,29.55,31.00,29.55,30.40,30.80,29.55,158,8630,262310.00,
538607,TOYAMIND    ,XT,Q,13.65,14.35,13.50,14.35,14.35,13.70,569,480346,6848547.00,
538610,UNISON      ,X ,Q,31.75,31.75,27.55,29.45,29.90,29.35,92,11071,320446.00,
538611,RTFL        ,Z ,Q,24.25,25.85,23.50,24.00,24.00,24.70,26,1067,25678.00,
538634,VRL         ,X ,Q,107.65,109.75,101.40,102.85,102.85,107.65,42,2034,210634.00,
538635,SNOWMAN     ,B ,Q,31.75,31.75,31.00,31.30,31.25,31.05,664,24726,774009.00,
538646,QGO         ,XT,Q,24.00,25.00,23.95,24.15,24.40,23.95,11,9275,224290.00,
538647,PURSHOTTAM  ,X ,Q,15.85,15.85,14.35,14.85,14.35,15.10,10,189,2829.00,
538666,SHARDACROP  ,A ,Q,701.00,744.00,701.00,739.85,740.00,705.70,3006,37701,27771713.00,
538674,CITYONLINE  ,Z ,Q,4.05,4.05,4.05,4.05,4.05,4.26,1,2,8.00,
538683,SENSEXBEES  ,A ,Q,591.00,601.29,591.00,597.50,597.50,593.50,30,229,137123.00,
538685,SHEMAROO    ,B ,Q,108.00,113.20,108.00,112.45,112.35,106.55,153,1488,163945.00,
538706,ULTRACAB    ,X ,Q,25.75,25.75,25.00,25.15,25.05,25.05,128,71554,1814711.00,
538707,RCCL        ,X ,Q,20.10,20.10,20.00,20.00,20.00,19.15,6,1585,31708.00,
538708,ETIL        ,X ,Q,6.90,6.90,6.60,6.79,6.79,6.80,14,998,6606.00,
538713,ATISHAY     ,X ,Q,36.00,39.75,35.00,38.60,39.30,35.95,49,8212,306229.00,
538715,DHABRIYA    ,B ,Q,79.40,83.15,79.35,82.05,82.05,79.25,52,1575,126968.00,
538730,PDSL        ,B ,Q,1622.60,1650.00,1601.20,1620.15,1620.15,1608.35,56,253,411407.00,
538731,HANMAN      ,M ,Q,2.56,2.56,2.56,2.56,2.56,2.56,1,4200,10752.00,
538732,VGCL        ,T ,Q,49.65,54.50,49.65,49.85,54.50,52.25,23,2608,129527.00,
538733,STARLIT     ,B ,Q,9.99,9.99,9.30,9.91,9.93,9.78,20,1649,15945.00,
538734,CEINSYSTECH ,B ,Q,160.95,160.95,142.20,148.35,148.35,152.20,171,8262,1251478.00,
538742,PANACHE     ,X ,Q,29.45,29.45,29.45,29.45,29.45,31.00,2,4,117.00,
538770,CRANE INFRA ,X ,Q,6.92,7.20,6.92,7.20,7.20,7.28,9,3002,20774.00,
538772,NIYOGIN     ,X ,Q,52.00,52.00,48.00,49.60,49.60,49.65,118,14877,738469.00,
538778,AKASHDEEP   ,X ,Q,60.50,63.00,56.00,56.15,56.15,62.20,144,34281,1964724.00,
538786,CIL         ,XT,Q,14.40,14.40,13.70,13.70,13.70,14.40,14,281,3850.00,
538787,GBFL        ,X ,Q,8.64,8.78,8.06,8.77,8.78,8.37,119,12797,108874.00,
538788,GILADAFINS  ,X ,Q,18.40,18.40,16.80,17.25,17.05,17.60,52,11798,202990.00,
538795,SAPPL       ,X ,Q,325.00,335.80,315.00,321.95,321.95,315.50,16,488,157491.00,
538812,AANCHALISP  ,T ,Q,13.25,13.30,13.00,13.00,13.00,13.15,33,13112,173008.00,
538817,CAPPIPES    ,M ,Q,83.95,83.95,83.95,83.95,83.95,76.35,1,1500,125925.00,
538834,MEL         ,X ,Q,12.85,13.59,12.20,12.78,12.60,12.85,14,340,4394.00,
538835,INTELLECT   ,A ,Q,614.00,633.85,610.20,624.10,624.80,605.30,1663,28902,18014980.00,
538836,MONTECARLO  ,B ,Q,505.70,505.95,483.00,496.95,499.85,501.35,419,2269,1122993.00,
538837,JSTL        ,X ,Q,86.90,86.90,81.35,83.05,83.05,83.90,80,3781,318555.00,
538838,ICL         ,XT,Q,29.45,30.55,27.65,28.75,30.55,29.10,16,552,15712.00,
538860,PANAFIC     ,XT,Q,1.80,1.80,1.65,1.65,1.65,1.73,582,330111,549726.00,
538862,MYMONEY     ,XT,Q,20.20,20.20,20.20,20.20,20.20,21.25,1,1,20.00,
538868,CSL         ,XT,Q,26.50,28.00,26.00,26.80,26.00,27.00,14,941,25107.00,
538874,NEXUSSURGL  ,X ,Q,11.85,11.85,10.80,11.55,11.85,11.30,75,5815,68286.00,
538875,SELLWIN     ,X ,Q,24.55,25.15,23.20,23.75,24.00,24.05,67,66134,1583063.00,
538882, EMERALD    ,X ,Q,15.10,15.10,14.20,14.25,14.20,14.50,47,5587,82835.00,
538890,MKEXIM      ,X ,Q,91.70,94.00,86.40,88.65,88.65,89.95,217,20996,1895701.00,
538891,MCLOUD      ,XT,Q,298.90,298.90,270.50,284.85,284.95,284.70,91,4935,1389730.00,
538894,OCTAL       ,X ,Q,30.00,30.00,30.00,30.00,30.00,30.10,2,12,360.00,
538896,KANCHI      ,X ,Q,640.00,665.00,627.00,634.75,634.75,642.80,283,5662,3649477.00,
538902,DHUN TEAIND ,B ,Q,235.00,235.00,221.00,223.90,224.20,245.60,774,8976,2035683.00,
538918,VANICOM     ,XT,Q,11.35,11.35,10.75,10.75,10.75,10.90,25,15000,164250.00,
538920,VINCOFE     ,X ,Q,67.95,69.00,65.65,68.35,68.70,66.70,43,2126,144657.00,
538921,RAFL        ,M ,Q,442.00,447.00,442.00,444.75,444.75,441.80,11,6875,3053906.00,
538922,COSYN       ,X ,Q,18.70,19.00,17.50,18.90,19.00,18.35,49,3866,71184.00,
538928,KARNAVATI   ,T ,Q,22.95,24.05,21.90,23.45,24.05,22.95,17,16700,367330.00,
538935,ABHIFIN     ,XT,Q,43.05,43.05,43.00,43.05,43.05,41.00,7,564,24276.00,
538942,MERCANTILE  ,X ,Q,17.65,17.70,16.60,16.85,16.85,16.10,25,5068,88492.00,
538943,SONAL       ,X ,Q,33.35,40.70,33.35,36.10,36.10,38.60,24,313,11660.00,
538952,ALFL        ,XT,Q,2.87,2.87,2.79,2.79,2.79,2.93,30,1905,5321.00,
538961,GENUSPAPER  ,B ,Q,17.00,17.45,16.80,17.40,17.45,16.65,324,64881,1119896.00,
538962,MINDACORP   ,A ,Q,204.00,204.00,195.65,197.35,197.00,198.95,1221,38525,7695004.00,
538964,MERCURYLAB  ,X ,Q,490.50,491.00,490.00,490.00,490.00,460.50,4,13,6375.00,
538965,CONCORD     ,X ,Q,28.95,29.00,28.05,28.70,28.80,27.15,14,923,26596.00,
538970,WARDINMOBI  ,B ,Q,54.00,54.50,53.15,53.70,53.70,53.85,1841,490305,26270867.00,
538979,GRNLAM IND  ,A ,Q,320.45,327.00,308.95,318.30,320.00,316.30,167,1143,362471.00,
538987,TALBROSENG  ,X ,Q,336.00,350.00,336.00,343.05,340.00,347.60,35,825,281963.00,
538992,SAPL        ,X ,Q,468.00,517.20,468.00,517.20,517.20,492.60,5,8,4014.00,
539006,PTCIL       ,B ,Q,3969.80,4024.90,3841.65,3969.10,3999.00,3844.90,71,473,1873656.00,
539011,CHENFERRO   ,X ,Q,175.70,175.70,175.70,175.70,175.70,184.90,206,8654,1520507.00,
539012,MEGRISOFT   ,X ,Q,110.00,110.00,102.05,102.45,105.00,107.40,9,124,12794.00,
539013,GITARENEW   ,X ,Q,152.00,157.10,145.00,151.95,151.50,152.20,185,5804,872969.00,
539015,ORTEL       ,Z ,Q,1.27,1.27,1.27,1.27,1.27,1.27,3,520,660.00,
539017,STARHFL     ,B ,Q,119.05,119.90,116.50,119.30,119.20,118.75,116,64375,7691841.00,
539018,BEEKAY      ,X ,Q,455.00,477.90,416.00,425.60,416.05,415.55,41,456,195572.00,
539031,SETFBSE100  ,A ,Q,173.10,175.50,173.10,175.50,175.50,174.13,11,608,106527.00,
539032,FRASER      ,X ,Q,7.18,7.29,6.74,7.25,7.28,6.99,73,14409,102140.00,
539042,AGIIL       ,B ,Q,251.40,261.95,251.40,259.10,259.80,256.60,19,676,175530.00,
539043,BKMINDST    ,Z ,Q,2.14,2.14,1.97,2.09,2.08,2.07,54,56145,115511.00,
539044,MANAKSTELTD ,B ,Q,42.80,42.80,40.90,41.35,41.00,40.10,183,6038,253071.00,
539045,MNKALCOLTD  ,B ,Q,19.35,21.05,19.35,21.05,21.05,19.15,2406,244456,5143597.00,
539046,MNKCMILTD   ,B ,Q,20.00,20.85,20.00,20.85,20.75,19.90,46,6925,144103.00,
539056,IMAGICAA    ,B ,Q,13.66,13.83,13.20,13.83,13.83,13.18,100,37911,519916.00,
539083,INOXWIND    ,B ,Q,87.00,88.00,85.70,86.30,86.55,85.85,649,21605,1873950.00,
539096,AANANDALAK  ,X ,Q,9.55,10.20,9.55,9.76,9.72,9.73,30,1362,13229.00,
539097,HKG         ,B ,Q,17.85,18.50,16.65,16.95,16.95,17.25,241,117619,2030485.00,
539099,ATHCON      ,M ,Q,11.71,11.78,11.71,11.78,11.78,11.78,4,10000,117350.00,
539110,NORTHLINK   ,X ,Q,16.65,16.65,16.65,16.65,16.65,17.50,1,10,166.00,
539111,SHESHAINDS  ,X ,Q,25.25,25.25,22.85,22.85,22.85,24.05,123,64439,1564683.00,
539112,SAB         ,X ,Q,97.00,97.00,90.00,95.80,95.80,88.90,8,258,23511.00,
539113,PML         ,X ,Q,1233.95,1233.95,1142.05,1175.95,1188.95,1128.00,39,105,123387.00,
539115,ALAN SCOTT  ,X ,Q,158.80,158.80,130.05,149.00,149.00,144.40,6,107,14442.00,
539117,SUJALA      ,X ,Q,15.00,15.05,15.00,15.05,15.05,13.70,19,1818,27310.00,
539118,VRLLOG      ,A ,Q,607.80,620.00,590.35,602.70,602.70,600.15,3005,36730,22122293.00,
539120,BFFL        ,XT,Q,23.75,23.75,23.75,23.75,23.75,25.00,4,411,9761.00,
539121,PALCO       ,XT,Q,42.60,42.75,40.00,41.90,42.75,41.35,9,441,18529.00,
539122,BODHTREE    ,X ,Q,27.25,27.50,25.30,26.35,26.35,25.80,35,2605,67492.00,
539123,VBIND       ,XT,Q,12.42,12.42,12.42,12.42,12.42,13.07,19,3503,43507.00,
539126,MEP         ,B ,Q,22.00,22.65,21.50,22.40,22.35,21.70,339,36189,803631.00,
539132,VEGETABLE   ,X ,Q,57.20,57.20,57.20,57.20,57.20,54.50,58,3434,196424.00,
539141,UFO         ,B ,Q,99.00,99.75,96.25,97.05,97.00,98.85,695,8732,851040.00,
539143,PANTH       ,XT,Q,36.30,36.30,36.30,36.30,36.30,38.20,269,53433,1939617.00,
539148,SHIVALIK    ,B ,Q,740.95,762.00,724.25,739.20,727.35,729.60,87,418,308877.00,
539149,ICSL        ,XT,Q,5.34,5.59,5.08,5.08,5.08,5.34,25,2006,10271.00,
539150,PNCINFRA    ,A ,Q,246.00,246.30,238.40,240.50,240.50,240.20,1586,51261,12395185.00,
539151,ARFIN       ,X ,Q,174.20,180.00,165.45,170.15,172.00,174.15,91,1774,300461.00,
539174,HELPAGE     ,X ,Q,9.29,9.29,9.29,9.29,9.29,9.77,3,35,325.00,
539176,HAWAENG     ,XT,Q,57.30,57.30,54.25,55.95,55.95,55.95,8,355,19690.00,
539177,AIIL        ,B ,Q,166.20,166.20,157.00,159.05,157.35,162.70,322,9599,1547647.00,
539195,POEL        ,X ,Q,65.00,69.75,65.00,68.40,68.40,66.60,7,235,15647.00,
539196,AEL         ,X ,Q,76.25,83.40,76.25,82.40,82.40,79.45,471,79650,6564751.00,
539199,MOONGIPASEC ,XT,Q,79.85,79.85,79.85,79.85,79.85,76.05,2,580,46313.00,
539201,SATIA       ,B ,Q,121.90,126.15,105.65,108.50,108.50,121.65,3067,90569,10505153.00,
539216,GARMNTMNTR  ,B ,Q,6.20,6.20,5.60,5.75,5.75,5.90,307,119674,697593.00,
539217,SRESTHA     ,X ,Q,1.46,1.46,1.36,1.42,1.43,1.41,257,147589,210324.00,
539218,SAUMYA      ,X ,Q,88.40,88.40,88.35,88.35,88.35,93.00,11,111,9807.00,
539219,MUL         ,X ,Q,3.80,3.99,3.70,3.99,3.99,3.80,84,75689,294567.00,
539221,SPORTKING   ,B ,Q,982.20,1020.00,960.00,990.65,990.65,971.60,682,6413,6331620.00,
539222,GROWINGTON  ,M ,Q,22.50,23.52,22.20,22.28,22.22,22.40,19,60000,1367850.00,
539223,AMBITION    ,B ,Q,5.00,5.25,4.81,4.87,4.85,5.00,24,3771,18769.00,
539224,HCKKVENTURE ,X ,Q,14.75,15.50,14.75,14.75,14.75,15.50,120,13865,204854.00,
539226,RUDRA       ,B ,Q,38.80,38.80,34.45,36.15,37.90,36.20,56,1740,61540.00,
539227,LOYAL       ,B ,Q,28.85,31.00,28.05,31.00,31.00,28.70,11,2541,74835.00,
539228,GGPL        ,B ,Q,36.20,37.00,34.00,36.00,36.25,35.40,14,3175,116299.00,
539229,MRSS        ,MT,Q,6.65,6.65,6.65,6.65,6.65,6.99,5,3600,23940.00,
539251,BALKRISHNA  ,B ,Q,42.30,42.30,38.60,38.60,38.60,40.60,48,1066,41484.00,
539252,SCFL        ,B ,Q,27.50,27.65,25.05,25.25,25.25,26.35,528,100483,2610554.00,
539254,ADANITRANS  ,A ,Q,2239.95,2239.95,2095.20,2186.45,2186.45,2139.80,3271,22350,48011511.00,
539255,STARDELTA   ,X ,Q,100.00,104.00,100.00,100.65,104.00,100.00,4,95,9508.00,
539267,DRHABEEB    ,X ,Q,26.00,27.30,25.05,26.00,26.00,25.00,22,6271,168100.00,
539268,SYNGENE     ,A ,Q,528.80,536.15,526.80,531.10,533.25,527.40,385,3900,2070010.00,
539275,MSL         ,B ,Q,89.00,90.30,86.30,90.05,90.10,89.00,17,170,15086.00,
539276,KAYA        ,B ,Q,320.45,322.95,311.35,315.40,312.05,313.10,61,497,157742.00,
539278,SYMBIOX     ,X ,Q,4.34,4.35,4.34,4.34,4.34,4.56,14,11178,48522.00,
539287,ORTINLAABS  ,B ,Q,25.25,25.30,24.20,24.50,24.20,24.60,148,4179,103821.00,
539288,AVI         ,X ,Q,25.00,25.30,24.15,24.95,25.15,24.25,109,7333,181564.00,
539289,AURUM       ,T ,Q,87.15,91.25,87.15,91.10,91.10,87.15,274,14086,1266089.00,
539290,BINDALAGRO  ,B ,Q,23.10,23.55,22.95,23.00,23.10,22.95,210,8003,185207.00,
539291,OZONEWORLD  ,X ,Q,8.99,8.99,8.00,8.35,8.49,8.42,47,4672,39231.00,
539300,AKSPINTEX   ,X ,Q,52.35,54.90,50.80,51.40,52.20,53.40,78,3882,202022.00,
539301,ARVSMART    ,B ,Q,166.35,170.05,165.45,166.85,166.35,164.50,85,1457,244882.00,
539302,POWERMECH   ,B ,Q,1004.10,1004.65,971.55,975.50,974.15,989.95,340,1998,1963473.00,
539309,RAMASTEEL   ,B ,Q,344.55,349.80,339.30,341.05,342.90,340.75,478,8293,2863367.00,
539310,THINKINK    ,B ,Q,66.80,67.50,65.95,66.90,66.90,66.80,1391,386697,25819200.00,
539312,UTISENSETF  ,B ,Q,573.00,577.00,573.00,576.49,577.00,569.00,58,335,192936.00,
539313,UTINIFTETF  ,B ,Q,1720.00,1725.00,1702.00,1717.82,1717.82,1700.00,10,12,20559.00,
539331,VETO        ,B ,Q,90.95,96.05,90.65,94.95,95.00,90.50,197,5096,477590.00,
539332,NAVKARCORP  ,B ,Q,47.90,48.20,45.30,46.00,46.00,47.05,1352,56988,2640953.00,
539334,SHREEPUSHK  ,B ,Q,255.00,255.00,242.00,243.50,243.50,241.55,446,6808,1664275.00,
539336,GUJGAS      ,A ,Q,545.50,554.90,536.50,553.85,553.85,541.00,1071,26803,14641669.00,
539337,WAAREE      ,M ,Q,85.95,86.05,85.95,86.05,86.05,90.45,2,2800,240800.00,
539346,SADBHIN     ,T ,Q,9.48,9.48,9.08,9.20,9.20,9.23,58,15463,142175.00,
539353,SALAUTO     ,X ,Q,172.25,179.95,168.00,170.10,169.05,175.00,17,662,113367.00,
539354,POLYSPIN    ,X ,Q,63.00,71.55,63.00,66.65,68.00,67.00,63,9107,615234.00,
539359,PRITIKAUTO  ,B ,Q,15.00,15.00,12.95,13.80,13.80,13.75,97,17303,239895.00,
539378,SML         ,XT,Q,22.25,22.85,21.75,22.75,22.75,21.80,21,437,9790.00,
539384,KRISHNACAP  ,XT,Q,13.55,13.60,13.55,13.55,13.55,14.25,13,1992,26994.00,
539391,ACME        ,Z ,Q,16.45,16.45,15.65,15.65,15.65,16.45,11,189,2977.00,
539398,VISHALBL    ,B ,Q,60.00,60.95,55.95,59.70,60.10,59.00,42,2354,138356.00,
539399,BELLACASA   ,B ,Q,161.95,162.60,155.25,159.95,159.95,159.80,22,527,82634.00,
539400,MALLCOM     ,B ,Q,641.05,641.05,633.00,639.50,635.55,647.50,18,230,147345.00,
539401,PJL         ,M ,Q,73.00,73.00,72.00,72.75,72.00,75.00,3,12000,873000.00,
539402,VAL         ,B ,Q,10.95,12.05,10.95,12.05,12.05,11.50,239,266652,2939847.00,
539404,SATIN       ,B ,Q,115.25,115.25,112.00,114.70,114.60,110.20,138,3486,398650.00,
539405,DITCO       ,X ,Q,20.00,20.95,20.00,20.95,20.95,20.80,5,779,15655.00,
539406,SWAGTAM     ,XT,Q,145.35,149.60,145.35,149.60,149.60,142.50,15,284,42414.00,
539407,GENCON      ,B ,Q,32.50,35.40,32.50,34.25,34.20,31.95,454,46907,1594125.00,
539409,NEERAJ      ,XT,Q,19.10,20.30,19.10,19.90,20.20,19.70,7,140,2827.00,
539410,MUZALI      ,X ,Q,2.98,2.98,2.77,2.94,2.95,2.91,49,23912,70212.00,
539428,TEJNAKSH    ,B ,Q,140.90,140.90,127.25,134.75,139.50,134.80,135,30568,4122643.00,
539436,COFFEEDAY   ,B ,Q,42.00,42.95,41.70,42.15,42.15,41.80,851,63085,2669869.00,
539437,IDFCFIRSTB  ,A ,Q,34.90,35.70,34.70,35.60,35.60,34.35,6817,2252180,79675794.00,
539447,BEARDSELL   ,B ,Q,14.40,15.05,14.00,14.25,14.10,14.35,71,5269,75487.00,
539448,INDIGO      ,A ,Q,1812.10,1841.95,1798.50,1820.85,1816.15,1816.20,4852,108626,197849577.00,
539450,SHK         ,A ,Q,131.00,131.40,129.00,129.70,130.10,129.35,439,6091,791707.00,
539455,ARYAVAN     ,XT,Q,9.65,10.50,9.65,10.50,10.50,10.15,3,13,133.00,
539469,PANORAMA    ,XT,Q,135.40,135.40,129.95,129.95,129.95,129.00,6,166,21626.00,
539470,SHREEGANES  ,X ,Q,2.76,2.97,2.65,2.89,2.89,2.70,1569,1268087,3544338.00,
539479,GTV         ,XT,Q,141.90,141.90,130.00,131.55,133.00,136.50,19,714,94062.00,
539487,LICNETFSEN  ,A ,Q,585.00,588.70,585.00,585.00,585.00,580.00,20,307,180479.00,
539492,GARBIFIN    ,XT,Q,41.25,41.25,41.25,41.25,41.25,39.30,1,1,41.00,
539494,SMARTFIN    ,X ,Q,7.54,7.54,6.78,7.51,7.51,7.09,120,15144,110457.00,
539506,ADCON       ,XT,Q,1.66,1.66,1.53,1.57,1.58,1.60,240,68665,108709.00,
539515,QUINT       ,X ,Q,390.80,410.30,390.80,390.80,390.80,411.35,924,42332,16799954.00,
539516,HDFCNIFETF  ,B ,Q,174.40,175.51,174.00,175.50,175.50,174.00,112,5965,1043905.00,
539517,SXETF       ,A ,Q,585.00,591.50,585.00,589.96,590.00,584.29,45,425,250596.00,
539518,UDAYJEW     ,X ,Q,92.80,95.00,86.80,91.00,91.00,88.50,8,299,27499.00,
539519,MAYUKH      ,X ,Q,11.55,11.98,11.30,11.36,11.68,11.30,141,6247,72638.00,
539523,ALKEM       ,A ,Q,3039.45,3064.70,3010.70,3042.05,3031.05,3024.35,628,2064,6274042.00,
539524,LALPATHLAB  ,A ,Q,2038.10,2215.00,1998.80,2204.75,2204.75,2014.25,7097,65229,140012577.00,
539526,SCTL        ,B ,Q,1.44,1.59,1.44,1.49,1.48,1.47,1020,464611,692507.00,
539527,CREATIVE    ,X ,Q,385.50,385.50,385.50,385.50,385.50,365.30,2,2,771.00,
539528,AAYUSH      ,X ,Q,22.90,22.90,22.00,22.00,22.00,21.95,7,1803,40341.00,
539542,LUXIND      ,A ,Q,2059.00,2118.55,1979.35,2021.70,2021.70,2035.25,1656,5769,11830798.00,
539544,ABHIINFRA   ,XT,Q,5.20,5.35,5.20,5.20,5.20,5.20,6,1380,7332.00,
539545,APOORVA     ,X ,Q,40.80,40.80,37.55,38.80,38.80,39.50,11,201,7663.00,
539546,BNL         ,X ,Q,19.25,19.25,19.25,19.25,19.25,18.34,16,4211,81061.00,
539551,NH          ,A ,Q,663.00,664.90,647.95,655.30,649.00,655.45,601,2778,1829100.00,
539559,DDIL        ,XT,Q,19.70,19.70,18.75,18.75,18.75,19.70,9,7019,131613.00,
539561,REMLIFE     ,X ,Q,138.50,138.75,136.50,138.75,138.75,138.75,5,593,82004.00,
539562,AARNAV      ,X ,Q,52.00,52.00,47.10,50.35,50.35,49.45,542,32060,1578153.00,
539584,SIPTL       ,X ,Q,1.80,1.91,1.73,1.81,1.81,1.82,760,735861,1305952.00,
539593,SHIVA       ,XT,Q,5.71,5.71,5.43,5.43,5.43,5.71,32,1582,8606.00,
539594,MISHTANN    ,T ,Q,22.50,23.50,22.40,23.50,23.50,22.40,1323,643171,14986702.00,
539597,JSLHISAR    ,A ,Q,236.80,240.60,233.70,237.30,238.65,234.60,1722,21269,5050323.00,
539598,ORACLECR    ,X ,Q,54.50,56.15,52.30,56.15,56.15,53.50,45,2410,132498.00,
539599,KEL         ,X ,Q,12.79,12.79,12.79,12.79,12.79,12.79,2,8,102.00,
539620,AINFRA      ,X ,Q,38.20,38.20,37.90,38.20,38.20,36.40,32,2425,92224.00,
539621,BCLENTERPR  ,X ,Q,2.50,2.50,2.50,2.50,2.50,2.39,118,176549,441372.00,
539636,PRECAM      ,B ,Q,103.15,105.15,102.90,104.40,104.90,100.95,633,8477,882100.00,
539658,TEAMLEASE   ,A ,Q,3270.10,3270.10,3127.65,3180.55,3183.70,3253.45,592,1025,3275116.00,
539659,VIDLI       ,M ,Q,27.50,27.50,27.50,27.50,27.50,26.20,2,5000,137500.00,
539660,BESTAGRO    ,B ,Q,937.00,937.00,817.50,825.95,822.20,839.70,438,1596,1333278.00,
539661,ACEMEN      ,XT,Q,40.00,41.40,39.75,41.40,41.40,41.40,3,67,2669.00,
539662,BFLAFL      ,X ,Q,66.00,66.00,66.00,66.00,66.00,69.45,364,11806,779196.00,
539673,RCL         ,Z ,Q,20.50,21.50,20.50,21.05,21.05,21.50,8,1519,31302.00,
539678,QUICKHEAL   ,B ,Q,170.00,170.85,167.70,168.80,168.80,166.00,82,2765,467441.00,
539686,KPEL        ,B ,Q,187.90,188.25,175.50,183.50,183.50,179.30,325,9579,1773988.00,
539692,IFINSER     ,X ,Q,7.00,7.00,7.00,7.00,7.00,7.35,2,10,70.00,
539725,GOKULAGRO   ,T ,Q,115.40,117.65,106.45,107.30,110.80,112.05,320,32069,3548441.00,
539730,FREDUN      ,X ,Q,870.00,870.00,851.00,868.20,860.00,846.40,87,1773,1535128.00,
539742,SIMBHALS    ,T ,Q,27.35,27.35,25.60,27.20,27.20,26.05,47,2702,71438.00,
539767,MNIL        ,XT,Q,15.50,16.25,14.80,16.15,16.15,15.50,77,494996,7919375.00,
539773,ADVIKCA     ,XT,Q,3.61,3.95,3.61,3.67,3.67,3.80,816,2863433,10458315.00,
539785,PDMJEPAPER  ,B ,Q,36.45,36.75,35.35,35.55,35.55,35.85,410,20656,739494.00,
539787,HCG         ,A ,Q,288.00,288.00,274.50,275.50,275.50,277.00,1052,12817,3598704.00,
539798,UMIYA       ,B ,Q,8.39,8.39,8.39,8.39,8.39,8.83,1,2,16.00,
539799,BHARATWIRE  ,B ,Q,62.10,63.85,61.80,62.15,62.95,61.85,41,800,49763.00,
539800,CHDCHEM     ,B ,Q,7.56,8.66,7.56,7.92,8.00,7.89,80,10293,81084.00,
539807,INFIBEAM    ,A ,Q,15.00,15.00,14.60,14.85,14.85,14.75,543,140200,2074725.00,
539814,LELAVOIR    ,X ,Q,41.00,41.55,38.30,41.35,41.55,39.60,49,6224,255815.00,
539835,SUPERIOR    ,X ,Q,2.96,3.05,2.75,2.96,2.90,2.94,93,54992,161569.00,
539837,RPEL        ,B ,Q,464.20,478.95,450.50,465.75,465.00,456.15,132,2662,1243002.00,
539841,LANCER      ,B ,Q,212.80,212.80,198.45,200.10,207.20,203.85,745,11155,2251445.00,
539844,EQUITAS     ,A ,Q,100.60,100.60,94.20,94.40,94.75,93.35,1347,37457,3551713.00,
539854,HALDER      ,X ,Q,425.00,473.00,425.00,454.90,455.00,437.05,33,283,127218.00,
539871,THYROCARE   ,A ,Q,687.10,699.90,672.90,690.95,688.00,690.20,927,6111,4167332.00,
539872,BAJAJHCARE  ,B ,Q,313.50,314.30,306.25,312.60,307.85,309.90,293,1370,425472.00,
539874,UJJIVAN     ,A ,Q,132.45,142.10,132.45,140.35,140.40,131.40,2290,58577,8185970.00,
539875,RSDFIN      ,X ,Q,70.65,78.05,70.65,78.05,78.05,74.35,8,870,61998.00,
539876,CROMPTON    ,A ,Q,335.50,335.50,324.70,327.90,326.70,330.20,1319,21703,7133279.00,
539883,PILANIINVS  ,A ,Q,1675.05,1704.30,1674.00,1687.45,1691.75,1668.20,70,152,255960.00,
539884,DARSHANORNA ,T ,Q,33.10,33.10,33.10,33.10,33.10,34.80,127,14871,492230.00,
539889,PARAGMILK   ,A ,Q,87.65,89.40,87.30,87.70,87.85,86.65,749,20681,1823778.00,
539894,MADHAVIPL   ,X ,Q,4.40,4.46,4.21,4.32,4.32,4.36,381,269758,1159479.00,
539910,KOCL        ,XT,Q,3.42,3.78,3.42,3.78,3.78,3.60,355,142925,529252.00,
539911,SNIM        ,X ,Q,11.17,11.17,11.17,11.17,11.17,10.64,3,745,8321.00,
539921,SEIL        ,B ,Q,719.55,719.60,692.00,703.50,694.00,719.60,64,867,612447.00,
539938,MIL         ,X ,Q,27.90,29.05,26.50,26.65,27.70,27.70,96,19211,524882.00,
539939,YASHCHEM    ,B ,Q,56.15,56.50,54.30,55.75,55.75,55.50,16,1076,60284.00,
539940,MAXVIL      ,B ,Q,95.45,96.90,92.85,93.00,94.45,94.35,294,5763,542039.00,
539945,ICICINV20   ,B ,Q,89.02,91.42,88.60,89.42,90.03,88.54,175,5158,462462.00,
539946,BAZELINTER  ,XT,Q,36.35,36.35,36.35,36.35,36.35,34.65,1,1,36.00,
539947,JLL         ,XT,Q,22.05,22.50,20.95,22.50,22.50,22.05,11,1633,35924.00,
539956,TAALENT     ,X ,Q,1765.00,1765.00,1710.05,1739.10,1740.00,1713.05,54,402,697272.00,
539957,MGL         ,A ,Q,746.00,749.50,730.25,733.55,734.50,743.05,1041,9078,6713323.00,
539963,ZEAL        ,B ,Q,7.78,7.89,7.75,7.80,7.82,7.69,227,20909,163013.00,
539978,QUESS       ,A ,Q,700.00,700.00,657.25,667.00,664.50,653.05,1131,7170,4805699.00,
539979,DIGJAMLTD   ,T ,Q,139.50,141.95,136.05,139.40,141.40,138.50,31,631,88240.00,
539980,ICICIMCAP   ,B ,Q,90.02,94.08,90.02,94.04,94.08,91.37,41,755,70414.00,
539982,ASYL        ,T ,Q,8.52,8.52,8.10,8.10,8.10,8.52,2,69,559.00,
539984,HUIL        ,X ,Q,2990.00,3000.00,2799.95,2826.95,2799.95,2922.50,44,121,348981.00,
539986,COMSYN      ,B ,Q,250.00,263.00,248.00,259.55,259.75,249.20,533,13209,3373528.00,
539992,LLOYDSTEEL  ,B ,Q,11.31,11.80,11.31,11.70,11.70,11.28,2158,606370,7035584.00,
539997,KPL         ,M ,Q,449.95,449.95,418.30,418.30,418.30,440.30,38,8400,3606210.00,
540005,LTI         ,A ,Q,3927.10,4007.95,3894.15,4000.15,4000.15,3870.40,2485,12138,48047041.00,
540006,EASTWEST    ,X ,Q,8.00,8.24,7.01,7.32,7.32,7.71,164,41562,309042.00,
540008,BSLSENETFG  ,A ,Q,52.95,52.95,51.35,52.58,52.75,51.89,37,688,35930.00,
540023,COLORCHIPS  ,XT,Q,41.80,41.80,41.80,41.80,41.80,42.65,10,164,6855.00,
540025,ADVENZYMES  ,A ,Q,285.65,288.90,284.80,286.75,286.75,283.15,491,6483,1854994.00,
540026,LAHL        ,XT,Q,5.86,6.16,5.86,5.87,5.87,6.16,9,1247,7310.00,
540047,DBL         ,A ,Q,223.45,227.45,221.85,222.95,222.75,220.65,1369,20042,4501324.00,
540048,SPAL        ,B ,Q,329.35,332.60,324.00,327.85,328.25,325.75,263,1119,366195.00,
540061,BIGBLOC     ,T ,Q,108.40,113.90,108.00,109.40,113.25,108.50,111,3893,432820.00,
540063,ECS         ,X ,Q,4.00,4.00,3.80,3.80,3.80,4.00,9,2036,8075.00,
540064,FRETAIL     ,A ,Q,8.95,8.95,8.95,8.95,8.95,9.40,903,259006,2318103.00,
540065,RBLBANK     ,A ,Q,113.75,113.75,110.90,111.95,111.95,111.40,4431,700391,78706132.00,
540073,BLS         ,B ,Q,187.80,193.40,186.35,190.05,189.75,187.50,1927,41236,7851462.00,
540078,MITSU       ,B ,Q,278.50,278.50,267.15,276.65,276.75,264.55,87,4269,1168490.00,
540081,GOVNOW      ,B ,Q,6.61,6.61,6.61,6.61,6.61,6.95,1,100,661.00,
540082,RSTL        ,M ,Q,33.95,33.95,33.95,33.95,33.95,34.70,1,3000,101850.00,
540097,VISCO       ,XT,Q,47.90,47.90,47.90,47.90,47.90,45.65,14,1251,59922.00,
540108,TIAANC      ,X ,Q,6.21,6.25,5.59,5.94,5.94,5.73,50,7534,45033.00,
540115,LTTS        ,A ,Q,3335.10,3477.00,3335.10,3451.50,3451.50,3317.85,2932,17939,61698130.00,
540124,GNA         ,B ,Q,512.80,515.00,509.95,514.85,515.00,504.15,98,864,443564.00,
540125,RADHIKAJWE  ,B ,Q,182.95,182.95,167.90,180.75,180.75,183.85,1315,107797,18902401.00,
540133,ICICIPRULI  ,A ,Q,530.00,533.95,525.05,528.85,527.20,529.35,1829,29912,15867471.00,
540134,IISL        ,X ,Q,3.85,3.85,3.85,3.85,3.85,3.85,5,87,334.00,
540135,ARCFIN      ,X ,Q,1.09,1.19,1.09,1.19,1.19,1.14,2631,18562338,21230047.00,
540136,HPL         ,B ,Q,62.90,70.00,62.50,64.10,64.10,58.35,2219,214362,14408729.00,
540143,SAGARSOFT   ,X ,Q,168.80,168.80,152.60,155.30,152.60,160.00,77,1681,270887.00,
540144,DRA         ,M ,Q,23.52,23.52,18.50,20.00,20.00,19.60,12,30000,619025.00,
540145,VALIANTORG  ,A ,Q,700.05,710.35,670.25,681.50,681.15,689.45,1222,8740,6028727.00,
540147,SHASHIJIT   ,T ,Q,17.10,18.35,17.10,18.35,18.35,17.50,2,145,2485.00,
540153,ENDURANCE   ,A ,Q,1256.90,1290.90,1254.20,1282.80,1275.15,1244.95,645,3105,3957932.00,
540154,IDFSENSEXE  ,A ,Q,570.00,577.65,570.00,577.65,577.65,562.21,10,29,16648.00,
540159,PURPLE      ,X ,Q,9.57,9.80,8.85,8.87,9.74,9.02,17,540,5184.00,
540168,SUPRAP      ,X ,Q,25.15,27.00,24.50,26.60,26.60,27.45,11,216,5726.00,
540173,PNBHOUSING  ,A ,Q,329.00,334.75,324.05,332.00,332.00,327.35,547,7088,2347450.00,
540174,SOUTHERNIN  ,XT,Q,19.50,19.50,19.50,19.50,19.50,18.85,3,52,1014.00,
540175,REGENCY     ,X ,Q,9.00,9.00,8.75,8.75,8.75,9.05,25,5787,51506.00,
540180,VBL         ,A ,Q,1085.00,1117.10,1079.45,1090.95,1090.95,1071.10,3237,34773,37981746.00,
540181,SALEM       ,XT,Q,54.00,56.15,54.00,55.80,55.80,54.10,9,143,8008.00,
540190,FRANKLININD ,X ,Q,18.90,18.90,18.90,18.90,18.90,18.00,8,1365,25798.00,
540192,LKPSEC      ,X ,Q,14.00,14.50,13.55,14.05,13.90,13.60,104,27326,385306.00,
540198,OSIAJEE     ,X ,Q,48.80,49.70,47.30,48.30,48.30,48.80,837,19303,937950.00,
540203,SFL         ,A ,Q,3008.55,3015.05,2915.00,2938.45,2950.00,2991.35,209,437,1295310.00,
540204,EIKO        ,XT,Q,51.00,51.00,51.00,51.00,51.00,50.00,2,3,153.00,
540205,AVL         ,B ,Q,768.90,778.70,732.05,741.60,741.00,743.90,93,593,445308.00,
540210,TMRVL       ,B ,Q,12.65,14.07,12.65,13.82,13.82,13.90,61,13575,185454.00,
540212,TCIEXP      ,A ,Q,1635.20,1655.60,1595.10,1604.25,1610.00,1633.35,601,2171,3506797.00,
540222,LAURUSLABS  ,A ,Q,567.00,568.20,560.05,566.60,566.60,559.20,884,19948,11266918.00,
540243,NEWLIGHT    ,X ,Q,16.45,18.25,16.45,17.40,17.70,16.75,40,6760,117828.00,
540252,VSL         ,B ,Q,18.75,19.80,18.05,19.75,19.75,18.90,759,148907,2919449.00,
540254,MTPL        ,XT,Q,12.45,12.45,12.05,12.45,12.45,12.45,5,117,1416.00,
540259,SHANGAR     ,X ,Q,4.99,4.99,4.67,4.90,4.96,4.85,60,16274,77479.00,
540266,GLCL        ,Z ,Q,19.35,19.35,17.55,17.55,19.25,18.45,12,761,14350.00,
540268,DHANVARSHA  ,B ,Q,80.10,83.40,79.30,80.50,79.80,81.70,644,17049,1386068.00,
540293,PRICOLLTD   ,A ,Q,107.65,116.35,106.85,114.70,114.70,106.40,2221,101534,11406775.00,
540310,CFL         ,XT,Q,10.25,10.25,9.74,9.74,9.74,10.25,2,13,127.00,
540311,JITFINFRA   ,T ,Q,124.95,127.30,124.95,127.20,127.30,121.25,72,7353,934893.00,
540332,TANVI       ,M ,Q,63.25,63.25,63.20,63.20,63.20,60.25,2,10000,632100.00,
540358,RMC         ,M ,Q,35.90,35.90,35.90,35.90,35.90,35.10,1,2000,71800.00,
540359,PARMAX      ,X ,Q,39.95,39.95,34.15,39.20,39.20,36.80,11,258,9725.00,
540360,LLFICL      ,X ,Q,64.90,64.90,62.50,64.05,64.10,63.55,47,71507,4556613.00,
540361,DANUBE      ,XT,Q,36.00,39.20,35.50,35.90,35.90,37.35,444,72926,2685693.00,
540366,RADIOCITY   ,B ,Q,22.85,23.05,22.60,22.80,22.75,22.70,179,3832,87624.00,
540376,DMART       ,A ,Q,3620.00,3647.75,3588.40,3611.70,3611.70,3579.65,3453,16412,59350812.00,
540377,IFL         ,M ,Q,62.25,63.00,60.95,63.00,63.00,60.95,11,72000,4489800.00,
540385,KDLL        ,X ,Q,15.69,15.69,15.69,15.69,15.69,14.95,1,1,15.00,
540386,ONTIC       ,X ,Q,15.40,15.40,13.55,14.10,14.10,14.80,259,59558,832984.00,
540393,SMLT        ,B ,Q,92.20,97.25,92.20,97.25,97.25,93.15,29,1359,127324.00,
540395,CHEMCRUX    ,B ,Q,188.70,193.05,186.05,187.15,186.90,185.00,522,21232,4002782.00,
540401,MAXIMUS     ,B ,Q,117.00,117.00,109.00,114.70,115.90,112.50,57,45619,5139081.00,
540403,CLEDUCATE   ,B ,Q,125.05,126.50,121.80,122.60,122.60,124.95,180,6494,801793.00,
540405,OCEANIC     ,T ,Q,50.40,50.40,46.65,46.65,46.65,48.00,9,194,9773.00,
540425,SHANKARA    ,A ,Q,686.45,692.35,668.60,675.10,670.10,681.25,504,2253,1527335.00,
540481,CLFL        ,XT,Q,17.10,17.10,16.95,16.95,16.95,16.30,5,131,2224.00,
540492,STARLENT    ,B ,Q,91.65,95.25,91.60,93.15,92.00,92.50,21,1269,120336.00,
540497,SCHAND      ,B ,Q,106.00,108.55,104.70,106.45,107.40,104.45,183,3176,338942.00,
540515,KANUNGO     ,X ,Q,7.09,7.09,7.09,7.09,7.09,6.76,1,1,7.00,
540519,MEERA       ,B ,Q,97.60,97.60,90.20,93.55,93.40,94.00,45,1789,168198.00,
540526,IRBINVIT    ,IF,Q,53.23,54.00,53.00,53.76,53.96,53.50,235,344281,18265372.00,
540530,HUDCO       ,A ,Q,33.50,33.50,32.70,33.15,33.30,33.05,808,132666,4411021.00,
540544,PSPPROJECT  ,B ,Q,485.35,535.45,485.10,518.15,518.15,483.55,3072,32163,16588953.00,
540545,BGJL        ,B ,Q,14.75,16.25,14.75,16.25,16.25,15.50,86,17746,286864.00,
540565,INDIGRID    ,IF,Q,146.50,146.50,143.21,143.52,143.40,144.94,117,11009,1587250.00,
540570,VARIMAN     ,X ,Q,160.00,160.00,153.10,155.55,155.90,158.50,41,6593,1019291.00,
540575,STARCEMENT  ,A ,Q,90.00,91.00,87.80,90.55,90.40,89.55,911,29324,2609981.00,
540595,TEJASNET    ,A ,Q,430.80,433.90,418.75,424.95,424.95,421.00,2093,31012,13233663.00,
540596,ERIS        ,A ,Q,702.10,703.90,687.00,692.50,687.00,698.30,2867,54613,38052972.00,
540597,CONTAINER   ,XT,Q,4.81,4.81,4.37,4.80,4.80,4.59,17,1937,8657.00,
540602,GTPL        ,B ,Q,159.40,159.40,154.45,156.65,156.65,153.00,87,1203,187298.00,
540611,AUBANK      ,A ,Q,1345.00,1345.00,1305.00,1312.30,1310.00,1320.80,1631,34973,46024424.00,
540612,ICICILOVOL  ,B ,Q,131.08,133.14,131.08,133.11,133.12,131.78,12,33,4352.00,
540614,GGENG       ,B ,Q,5.03,5.09,4.90,4.98,4.98,4.98,274,107560,536597.00,
540621,BHAGYAPROP  ,B ,Q,38.70,39.00,38.65,38.90,39.00,38.70,16,826,32053.00,
540642,SALASAR     ,B ,Q,242.65,242.65,230.00,232.35,237.10,231.95,275,940,219835.00,
540647,GANGESSEC   ,B ,Q,118.35,119.35,118.35,119.35,119.35,117.75,5,35,4147.00,
540649,AVADHSUGAR  ,B ,Q,596.35,606.80,587.00,592.90,595.30,583.50,2027,13050,7758470.00,
540650,MAGADHSUGAR ,B ,Q,296.85,330.00,295.55,316.45,316.45,291.65,1548,25920,8207638.00,
540653,SINTEXPLAST ,B ,Q,5.26,5.46,5.20,5.46,5.46,5.20,88,109470,592583.00,
540654,GSTL        ,B ,Q,47.30,47.35,44.95,45.30,45.05,45.50,70,4785,219028.00,
540669,UTINEXT50   ,B ,Q,39.85,39.89,39.70,39.89,39.89,39.59,7,357,14238.00,
540673,SIS         ,A ,Q,480.50,482.35,468.50,469.85,469.85,480.65,273,1386,659244.00,
540678,COCHINSHIP  ,A ,Q,323.10,326.50,319.00,322.40,320.80,318.80,1033,16261,5255524.00,
540679,SMSLIFE     ,B ,Q,622.80,640.00,607.35,620.45,622.00,593.10,28,111,68343.00,
540680,KIOCL       ,B ,Q,199.60,202.50,196.50,200.05,201.25,199.95,404,2999,599240.00,
540686,SMRUTHIORG  ,X ,Q,189.65,189.65,180.00,182.20,181.90,179.75,46,1592,291196.00,
540691,ABCAPITAL   ,A ,Q,98.80,101.15,98.70,99.85,99.80,97.90,1164,123377,12291422.00,
540692,APEX        ,B ,Q,257.90,264.50,254.95,255.40,255.40,255.35,705,7544,1942336.00,
540693,SHISHIND    ,T ,Q,199.00,199.00,184.50,187.45,186.95,192.85,264,7863,1488040.00,
540694,ANG         ,B ,Q,254.95,259.15,252.00,259.15,259.15,246.85,413,32629,8432781.00,
540699,DIXON       ,A ,Q,3405.00,3503.30,3405.00,3422.55,3426.30,3363.20,1230,5464,18854994.00,
540700,BRNL        ,B ,Q,29.10,29.95,29.10,29.45,29.30,29.10,89,2645,78210.00,
540701,DCAL        ,A ,Q,114.00,115.10,111.05,113.55,113.20,112.05,565,13922,1575545.00,
540702,LASA        ,B ,Q,43.95,44.60,43.00,43.55,43.60,43.20,180,8645,378658.00,
540704,MATRIMONY   ,A ,Q,789.00,789.00,751.00,758.60,759.45,759.40,333,602,457930.00,
540709,RELHOME     ,B ,Q,3.75,3.78,3.63,3.64,3.64,3.67,323,129063,473588.00,
540710,CAPACITE    ,A ,Q,111.00,112.95,108.95,110.95,111.05,108.95,643,7159,791841.00,
540715,SAGAR       ,M ,Q,44.15,46.85,44.15,44.15,44.15,46.45,10,30000,1332600.00,
540716,ICICIGI     ,A ,Q,1261.85,1279.90,1250.00,1259.30,1259.30,1267.05,1345,7839,9902651.00,
540717,PQIF        ,T ,Q,46.60,51.50,46.60,51.50,51.50,49.05,91,2229,112929.00,
540719,SBILIFE     ,A ,Q,1106.45,1128.90,1105.35,1121.25,1119.40,1105.50,2946,30629,34299142.00,
540724,DIAMONDYD   ,B ,Q,655.40,675.15,655.40,669.75,675.15,651.80,21,100,66837.00,
540725,SISL        ,B ,Q,1165.30,1186.50,1130.50,1159.00,1159.00,1156.25,707,2756,3194811.00,
540726,TTFL        ,T ,Q,99.00,99.00,94.25,95.10,98.95,99.00,61,1636,158307.00,
540727,POOJA       ,B ,Q,41.90,43.50,40.15,42.45,42.80,41.45,549,169231,7193384.00,
540729,VANTABIO    ,MT,Q,99.30,99.30,99.30,99.30,99.30,104.50,2,1500,148950.00,
540730,MEHAI       ,B ,Q,44.90,46.40,41.85,43.95,43.95,44.50,78,10936,482563.00,
540735,IRIS        ,B ,Q,83.70,86.00,82.00,82.70,82.70,84.30,80,1183,99335.00,
540737,SGRL        ,B ,Q,265.05,272.60,265.00,268.90,268.80,261.60,97,1667,444083.00,
540738,STL         ,B ,Q,220.00,224.95,216.50,216.50,216.50,215.55,55,9129,2000744.00,
540743,GODREJAGRO  ,A ,Q,527.00,530.30,520.55,525.65,526.20,526.25,1273,16411,8618731.00,
540749,MASFIN      ,A ,Q,563.45,579.00,563.45,577.25,579.00,564.45,298,1601,916710.00,
540750,IEX         ,A ,Q,182.05,187.00,182.05,184.05,184.05,180.25,10088,359294,66021346.00,
540755,GICRE       ,A ,Q,115.10,116.30,114.15,114.85,115.55,113.70,431,12321,1414974.00,
540757,SCPL        ,M ,Q,449.95,449.95,432.00,442.75,446.00,426.50,17,7200,3177540.00,
540762,TIINDIA     ,A ,Q,1608.65,1658.95,1582.10,1589.60,1582.10,1590.75,1257,3681,5977621.00,
540767,NAM-INDIA   ,A ,Q,271.00,280.75,271.00,279.55,280.45,271.90,879,35101,9741823.00,
540768,MAHLOG      ,A ,Q,471.85,472.80,458.05,460.10,460.10,465.25,504,3460,1605219.00,
540769,NIACL       ,A ,Q,101.95,101.95,97.50,97.70,97.55,98.90,538,7882,776108.00,
540774,IFGLEXPOR   ,B ,Q,259.20,279.15,255.60,269.10,273.75,254.75,147,1664,440681.00,
540775,KHADIM      ,B ,Q,200.00,200.00,182.60,184.10,185.65,190.15,520,7741,1458615.00,
540776,5PAISA      ,B ,Q,320.00,322.00,310.25,320.00,320.00,307.65,122,937,295856.00,
540777,HDFCLIFE    ,A ,Q,581.00,604.00,577.20,598.20,598.20,578.15,12441,344907,205316449.00,
540786,SHARIKA     ,B ,Q,13.50,13.55,12.55,13.05,13.15,13.05,157,31569,415319.00,
540787,ICICIB22    ,A ,Q,47.54,47.99,47.07,47.32,47.24,47.33,66,15047,713677.00,
540788,ASPIRA      ,X ,Q,54.95,54.95,53.50,54.95,54.95,53.50,4,279,15231.00,
540789,DNAMEDIA    ,B ,Q,2.15,2.26,2.13,2.17,2.13,2.24,30,23522,51305.00,
540795,DYNAMIC     ,B ,Q,118.00,120.00,112.05,117.95,117.95,115.30,247,10230,1187652.00,
540796,RATNABHUMI  ,T ,Q,122.50,128.00,122.50,127.20,126.55,126.30,26,5003,623440.00,
540797,SHALBY      ,B ,Q,106.00,107.05,104.35,105.90,105.65,103.90,322,4479,476026.00,
540798,FSC         ,B ,Q,25.25,26.45,24.85,26.20,26.30,25.30,196,7286,187946.00,
540809,MRCEXIM     ,M ,Q,53.50,56.50,53.15,56.50,56.50,54.60,4,8000,432600.00,
540811,DML         ,M ,Q,16.00,17.50,16.00,16.60,16.55,16.00,14,150000,2496000.00,
540821,SADHNA      ,XT,Q,72.10,72.10,72.10,72.10,72.10,68.70,21,37413,2697477.00,
540823,VITESSE     ,XT,Q,135.00,141.00,134.15,134.15,134.15,141.20,1451,73929,10026317.00,
540824,ASTRON      ,B ,Q,49.00,49.00,42.50,42.85,43.15,42.55,43,1499,64415.00,
540829,CHANDRIMA   ,X ,Q,4.40,4.40,4.40,4.40,4.40,4.40,1,90,396.00,
540843,RITHWIKFMS  ,M ,Q,55.10,55.10,55.10,55.10,55.10,55.10,1,3000,165300.00,
540874,7SEAS       ,X ,Q,20.40,20.40,19.45,19.90,20.00,19.60,9,1133,22632.00,
540879,APOLLO      ,B ,Q,114.55,118.00,114.55,117.00,117.60,114.50,178,3927,458072.00,
540900,NEWGEN      ,A ,Q,363.00,387.30,363.00,378.50,379.00,359.10,2056,29350,11030873.00,
540901,PRAXIS      ,B ,Q,36.05,37.40,36.05,37.05,37.05,36.00,12,242,8765.00,
540902,AMBER       ,A ,Q,2528.00,2648.80,2521.35,2546.10,2530.50,2534.65,2330,7819,20214389.00,
540935,GALAXYSURF  ,A ,Q,2776.20,2977.55,2776.20,2889.00,2803.55,2779.45,562,942,2692977.00,
540936,GGL         ,B ,Q,12.07,12.99,12.07,12.52,12.50,12.70,176,35359,439599.00,
540937,MEDICO      ,B ,Q,129.50,133.10,127.80,133.10,133.10,121.00,196,14902,1973782.00,
540952,LAL         ,M ,Q,19.86,19.86,19.86,19.86,19.86,18.92,1,10000,198600.00,
540954,IWP         ,X ,Q,30.40,32.60,29.80,29.90,29.90,29.60,52,13537,407635.00,
540955,TDSL        ,B ,Q,20.90,20.90,19.00,19.00,19.00,18.90,64,3124,60494.00,
540956,BHATIA      ,B ,Q,24.55,26.65,24.10,26.60,26.65,24.25,302,164408,4284576.00,
540961,SHIVAMILLS  ,B ,Q,91.90,97.00,91.00,96.85,96.85,92.40,53,3306,307039.00,
540975,ASTERDM     ,A ,Q,192.00,199.80,188.75,197.90,198.55,190.55,2725,137513,27044918.00,
541005,KANCOTEA    ,X ,Q,78.65,78.65,71.30,72.50,72.50,82.50,178,11522,863186.00,
541006,ANGEL       ,M ,Q,23.50,23.50,23.50,23.50,23.50,25.00,1,4000,94000.00,
541019,HGINFRA     ,A ,Q,556.25,556.25,534.60,541.00,541.40,535.50,1887,16332,8845877.00,
541083,INFLAME     ,M ,Q,404.95,419.00,395.25,412.55,417.90,387.00,85,46500,19017550.00,
541096,BPLPHARMA   ,XT,Q,354.00,366.85,331.95,366.85,366.85,349.40,73,4840,1748235.00,
541097,LIQUIDETF   ,F ,Q,999.99,1000.00,999.99,999.99,999.99,1000.00,23,1911,1910984.00,
541143,BDL         ,A ,Q,755.00,766.70,734.00,741.55,741.55,742.35,4234,75384,56177665.00,
541152,GOYALALUM   ,M ,Q,90.00,98.80,90.00,93.35,98.80,93.05,33,145440,13331952.00,
541153,BANDHANBNK  ,A ,Q,317.00,326.00,317.00,324.50,324.50,316.35,5108,265014,85579344.00,
541154,HAL         ,A ,Q,1792.00,1832.60,1771.10,1796.00,1792.20,1755.55,2843,26060,46894083.00,
541161,KBCGLOBAL   ,B ,Q,4.61,4.63,4.42,4.62,4.62,4.41,800,568314,2587260.00,
541163,SANDHAR     ,B ,Q,243.45,243.45,235.20,239.25,239.60,239.80,156,1596,380391.00,
541167,YASHO       ,T ,Q,1351.00,1402.10,1351.00,1396.90,1402.10,1335.35,729,7091,9788875.00,
541179,ISEC        ,A ,Q,424.45,431.00,417.90,427.30,429.90,419.85,2416,38075,16183733.00,
541195,MIDHANI     ,A ,Q,173.95,175.45,168.90,170.10,169.40,167.00,1381,27893,4797311.00,
541196,LEX         ,M ,Q,44.90,44.90,44.90,44.90,44.90,45.90,1,2000,89800.00,
541206,OBCL        ,B ,Q,114.00,118.45,114.00,118.45,118.45,112.85,65,21686,2554200.00,
541233,LEMONTREE   ,A ,Q,60.10,62.05,58.70,59.25,59.25,59.80,5511,331848,19832597.00,
541269,CHEMFABALKA ,T ,Q,166.80,183.45,166.80,167.00,177.00,175.55,52,3599,606858.00,
541276,HARDWYN     ,T ,Q,211.00,229.50,211.00,225.30,225.50,221.95,38,6052,1326517.00,
541301,ORIENTELEC  ,A ,Q,280.00,280.00,270.00,270.20,270.00,271.00,438,4075,1107969.00,
541302,DHRUV       ,B ,Q,54.35,56.05,51.50,55.20,55.95,54.15,186,14526,794895.00,
541303,AKSHAR      ,B ,Q,74.65,75.10,74.10,74.10,74.10,74.10,30,1802,134062.00,
541304,INDOUS      ,M ,Q,60.00,60.00,60.00,60.00,60.00,52.50,1,1500,90000.00,
541313,ICICI500    ,A ,Q,23.49,23.49,22.97,23.13,23.25,22.94,55,1796,41547.00,
541336,INDOSTAR    ,A ,Q,147.05,148.50,143.05,145.90,145.65,145.90,268,2251,329254.00,
541347,PARVATI     ,X ,Q,10.83,11.19,10.15,10.95,11.15,10.29,88,12500,133750.00,
541352,MEGASTAR    ,B ,Q,181.35,183.25,175.65,177.60,177.60,173.30,157,2968,533259.00,
541353,INNOVATORS  ,M ,Q,58.80,58.85,58.80,58.85,58.85,58.85,3,4800,282400.00,
541400,ZIMLAB      ,XT,Q,221.65,235.50,221.65,224.75,222.00,233.30,51,9008,2032663.00,
541402,AFFORDABLE  ,M ,Q,133.90,135.00,128.80,130.10,131.00,132.15,15,35200,4585400.00,
541403,DOLLAR      ,B ,Q,454.45,460.20,449.40,451.50,452.95,443.10,1182,29337,13290073.00,
541418,NGIL        ,B ,Q,133.30,136.00,124.00,133.80,135.95,130.00,154,4667,611896.00,
541444,PALMJEWELS  ,B ,Q,13.80,14.00,13.13,13.77,13.77,13.36,26,3919,51990.00,
541445,WAA         ,M ,Q,39.50,39.50,38.80,39.50,39.50,39.50,5,8000,314800.00,
541450,ADANIGREEN  ,A ,Q,2220.05,2220.05,2139.50,2165.85,2165.85,2169.85,6712,63403,137937247.00,
541503,UNICK       ,XT,Q,46.95,46.95,46.95,46.95,46.95,46.00,1,10,469.00,
541540,SOLARA      ,A ,Q,404.65,439.85,404.65,430.00,426.00,402.35,1801,14015,5932939.00,
541546,GAYAHWS     ,T ,Q,0.58,0.60,0.57,0.57,0.57,0.59,15,144580,82740.00,
541556,RITES       ,A ,Q,253.00,253.00,248.00,248.40,248.40,246.90,339,5014,1249427.00,
541557,FINEORG     ,A ,Q,4276.10,4276.10,4028.00,4098.90,4098.90,4127.35,1338,3075,12595343.00,
541578,VARROC      ,A ,Q,364.40,367.00,357.95,360.55,359.00,357.20,1220,10173,3680210.00,
541601,RAJNISH     ,B ,Q,203.00,203.00,192.10,195.55,197.00,197.80,332,27871,5574819.00,
541634,RAWEDGE     ,B ,Q,39.30,43.20,36.85,43.00,43.00,39.30,26,2726,109151.00,
541700,TCNSBRANDS  ,A ,Q,578.25,589.50,571.50,578.70,575.65,581.15,436,1407,817176.00,
541703,GFIL        ,M ,Q,22.50,22.50,22.18,22.19,22.19,21.43,7,11200,249200.00,
541729,HDFCAMC     ,A ,Q,1740.00,1814.35,1740.00,1807.40,1807.40,1739.10,3982,45947,81596596.00,
541735,VIVANTA     ,XT,Q,16.50,17.05,15.50,17.00,17.05,16.25,76,6620,108626.00,
541741,TINNATFL    ,XT,Q,31.00,33.90,31.00,32.75,33.00,32.60,43,2771,86490.00,
541770,CREDITACC   ,A ,Q,987.70,990.75,964.70,980.20,969.90,978.40,928,7632,7408922.00,
541771,AMINTAN     ,X ,Q,2.52,2.74,2.49,2.54,2.54,2.62,179,91225,234572.00,
541778,DEEP        ,B ,Q,209.00,211.85,199.50,211.85,211.85,201.80,249,61939,12844269.00,
541799,SMEL        ,M ,Q,11.25,11.25,11.25,11.25,11.25,10.65,1,10000,112500.00,
541809,ICICINXT50  ,B ,Q,39.44,39.44,38.77,39.05,39.06,38.62,39,496,19403.00,
541865,ASRL        ,B ,Q,98.00,98.00,91.30,93.75,94.40,94.20,781,34527,3230274.00,
541890,SPACEINCUBA ,X ,Q,3.34,3.65,3.31,3.31,3.31,3.48,112,64830,219865.00,
541929,SGIL        ,B ,Q,162.80,163.55,131.45,161.75,161.20,154.60,109,3679,557765.00,
541946,ICICILIQ    ,F ,Q,1000.00,1000.01,1000.00,1000.00,1000.00,1000.01,17,2927,2927002.00,
541956,IRCON       ,A ,Q,39.00,39.65,39.00,39.40,39.35,38.55,495,31373,1235511.00,
541972,SETFSN50    ,A ,Q,468.00,470.00,466.10,470.00,470.00,465.71,11,249,116582.00,
541974,MANORAMA    ,B ,Q,984.85,1009.00,980.05,999.65,999.65,975.95,75,943,938886.00,
541983,INNOVATIVE  ,M ,Q,7.65,7.70,7.45,7.66,7.45,7.37,16,19000,145250.00,
541988,AAVAS       ,A ,Q,2191.30,2227.45,2171.00,2187.40,2183.80,2190.20,504,1029,2258821.00,
542011,GRSE        ,A ,Q,261.50,269.75,261.50,265.65,265.65,257.25,1433,35552,9477036.00,
542012,AAL         ,M ,Q,282.00,282.65,280.00,280.00,280.00,283.10,9,5175,1456446.00,
542013,DOLFIN      ,M ,Q,83.00,83.00,83.00,83.00,83.00,80.50,1,7800,647400.00,
542019,SHUBHAM     ,T ,Q,174.90,183.60,166.20,166.20,166.20,174.90,9,115,20991.00,
542025,SUNRETAIL   ,M ,Q,1.01,1.04,1.01,1.01,1.01,1.01,6,288000,296160.00,
542034,SMGOLD      ,B ,Q,78.25,80.00,72.90,74.30,75.00,76.70,168,8385,623222.00,
542046,VIVIDM      ,B ,Q,53.55,53.55,53.55,53.55,53.55,48.70,8,1514,81074.00,
542057,BCPL        ,B ,Q,39.70,40.10,38.95,39.60,40.05,39.40,99,3343,132355.00,
542066,ATGL        ,A ,Q,2431.00,2485.00,2360.00,2454.10,2454.10,2363.35,2317,15145,36627126.00,
542123,PHOSPHATE   ,X ,Q,94.00,94.00,86.40,93.95,93.95,90.90,3,6,556.00,
542131,MAN50ETF    ,B ,Q,168.77,169.78,168.77,169.77,169.76,167.44,17,111,18743.00,
542141,TECHNOE     ,A ,Q,279.95,279.95,265.20,267.55,266.00,270.40,731,8577,2337408.00,
542145,RONI        ,M ,Q,106.00,106.00,105.00,105.00,105.00,108.00,2,3000,316500.00,
542155,DGL         ,MT,Q,2.66,2.66,2.66,2.66,2.66,2.79,1,2000,5320.00,
542206,NIVAKA      ,X ,Q,4.35,4.35,4.01,4.23,4.22,4.15,46,5795,24381.00,
542216,DALBHARAT   ,A ,Q,1341.55,1354.35,1326.20,1333.85,1333.85,1336.10,935,5094,6834566.00,
542230,ABSLNN50ET  ,B ,Q,38.70,39.40,38.60,38.93,38.93,38.60,21,2609,101530.00,
542231,NILASPACES  ,T ,Q,3.35,3.45,3.30,3.42,3.45,3.29,186,70724,241129.00,
542232,SRD         ,B ,Q,396.95,399.00,385.00,394.50,394.50,382.70,980,31494,12382807.00,
542233,TREJHARA    ,B ,Q,54.65,57.30,54.65,56.70,56.70,56.35,124,6893,387286.00,
542246,AXISCCDPD   ,B ,Q,16.00,16.00,15.00,15.50,15.50,15.40,20,26412,407820.00,
542247,AXISCCGPG   ,B ,Q,16.00,16.45,14.35,15.15,15.40,15.35,36,52854,812906.00,
542285,AXITA       ,M ,Q,163.20,164.10,161.65,162.75,162.75,161.90,17,27000,4395100.00,
542323,KPIGREEN    ,B ,Q,417.55,436.75,417.55,431.45,428.85,420.85,528,4336,1868893.00,
542333,RPSGVENT    ,A ,Q,494.55,502.55,486.00,491.50,488.00,485.40,103,562,277314.00,
542337,SPENCER     ,B ,Q,74.10,74.60,73.25,74.15,74.50,73.05,469,12038,889810.00,
542351,GLOSTERLTD  ,X ,Q,990.00,1045.00,990.00,1004.95,1008.00,974.60,29,205,207880.00,
542367,XELPMOC     ,B ,Q,200.95,214.90,199.55,210.55,210.55,199.15,308,2626,542440.00,
542383,RITCO       ,B ,Q,119.00,124.20,117.00,124.20,124.20,118.30,85,22603,2805196.00,
542399,CHALET      ,A ,Q,295.60,299.00,291.70,292.90,292.00,293.35,1847,77120,22699857.00,
542437,ANMOL       ,B ,Q,184.95,189.05,174.65,180.60,180.60,175.25,29,370,66272.00,
542446,JONJUA      ,M ,Q,10.65,10.65,10.65,10.65,10.65,11.20,1,2951,31428.00,
542459,KRANTI      ,B ,Q,56.45,56.50,55.00,56.05,56.05,55.60,45,1722,96282.00,
542460,ANUP        ,B ,Q,730.80,753.45,730.75,739.70,737.70,724.50,99,549,407479.00,
542484,ARVINDFASN  ,A ,Q,233.65,249.75,233.65,237.55,238.50,232.05,2221,80212,19281196.00,
542513,UTISXN50    ,B ,Q,46.50,46.75,46.50,46.75,46.75,45.60,2,2,93.00,
542579,AGOL        ,B ,Q,57.70,59.00,57.70,57.70,57.70,60.70,25,1207,69652.00,
542580,AARTECH     ,M ,Q,30.00,30.00,30.00,30.00,30.00,31.90,1,4000,120000.00,
542597,MSTC        ,A ,Q,298.65,298.65,283.25,286.90,286.90,288.15,1148,33268,9575401.00,
542602,EMBASSY     ,IF,Q,377.40,377.40,373.71,375.99,376.00,373.84,223,60563,22702921.00,
542627,CHANDNIMACH ,X ,Q,28.70,31.50,28.70,31.50,31.50,30.20,13,1212,36843.00,
542628,NSL         ,M ,Q,39.95,41.00,39.95,41.00,41.00,41.15,3,12000,482850.00,
542649,RVNL        ,A ,Q,31.45,31.60,31.10,31.55,31.55,31.10,1811,118944,3734468.00,
542650,METROPOLIS  ,A ,Q,1648.00,1705.45,1613.25,1662.95,1666.00,1617.85,2493,16989,28205213.00,
542651,KPITTECH    ,A ,Q,473.00,484.40,462.55,476.35,476.35,462.35,7413,141260,66799012.00,
542652,POLYCAB     ,A ,Q,2410.10,2436.75,2375.00,2398.15,2398.15,2410.10,2296,12901,30930469.00,
542655,VIKASLIFE   ,B ,Q,4.59,4.75,4.52,4.73,4.73,4.53,831,1959775,9142561.00,
542665,NEOGEN      ,B ,Q,1378.00,1378.00,1344.35,1357.00,1356.25,1352.05,839,4050,5520923.00,
542666,GKP         ,B ,Q,130.10,153.95,130.10,143.15,143.10,146.35,34,182,26442.00,
542667,WORL        ,T ,Q,180.00,184.60,180.00,184.60,184.60,175.85,86,4625,845979.00,
542668,EVANS       ,M ,Q,89.00,89.00,86.80,86.80,86.80,81.00,3,1500,131900.00,
542669,BMW         ,X ,Q,27.40,27.40,25.05,25.70,25.70,25.30,91,1863,47761.00,
542670,AEPL        ,B ,Q,48.20,48.20,45.15,46.15,47.00,46.50,63,5544,256893.00,
542677,MAHESH      ,X ,Q,7.66,7.66,7.66,7.66,7.66,7.89,1,8,61.00,
542678,CHCL        ,M ,Q,16.50,16.50,16.50,16.50,16.50,18.00,2,4000,66000.00,
542679,DEL         ,X ,Q,19.00,20.15,19.00,19.80,19.80,19.25,14,20872,413369.00,
542684,PPL         ,B ,Q,175.00,175.00,160.00,163.25,163.25,162.45,695,12165,1994028.00,
542694,PARSHVA     ,B ,Q,240.00,244.05,240.00,244.05,244.05,203.40,15,155,37476.00,
542721,ARL         ,B ,Q,63.95,63.95,58.50,58.50,58.50,61.55,274,26960,1593121.00,
542724,EARUM       ,B ,Q,4.80,4.80,4.60,4.74,4.72,4.75,585,128107,601357.00,
542725,SBC         ,B ,Q,5.25,5.48,4.97,5.23,5.40,5.22,619,842217,4300351.00,
542726,INDIAMART   ,A ,Q,4240.00,4569.15,4240.00,4516.80,4516.80,4188.75,6528,26518,117914795.00,
542729,DCMNVL      ,B ,Q,177.80,181.45,174.30,181.45,181.45,172.85,220,4696,844339.00,
542730,ICICIBANKN  ,B ,Q,352.00,356.16,352.00,355.37,355.37,349.83,43,109,38630.00,
542747,SNXT50BEES  ,A ,Q,45.50,46.27,45.50,45.92,45.80,45.06,37,526,24096.00,
542752,AFFLE       ,A ,Q,915.00,954.60,911.00,937.15,937.15,906.90,4324,54123,50497209.00,
542753,SEACOAST    ,X ,Q,6.67,6.94,6.67,6.68,6.68,7.02,1500,3897704,26255131.00,
542758,ICICIBANKP  ,B ,Q,177.00,179.50,177.00,178.77,179.11,176.95,56,3189,571384.00,
542759,SPANDANA    ,A ,Q,395.15,399.05,382.00,385.00,387.00,393.05,669,7136,2808971.00,
542760,SWSOLAR     ,A ,Q,320.00,324.60,319.30,321.40,321.40,318.30,725,9863,3174961.00,
542770,ALPHALOGIC  ,B ,Q,37.30,37.30,33.20,33.70,33.60,32.95,112,12410,431442.00,
542772,IIFLWAM     ,A ,Q,1480.40,1528.90,1479.05,1509.50,1498.90,1451.10,246,759,1143298.00,
542773,IIFLSEC     ,A ,Q,76.40,78.70,75.10,75.60,76.15,76.10,1227,62142,4792252.00,
542774,APMFINVEST  ,X ,Q,76.50,77.70,73.60,75.10,77.00,74.35,63,12938,966167.00,
542802,GALACTICO   ,T ,Q,215.75,215.75,215.70,215.75,215.75,205.50,25,1924,415102.00,
542804,NIESSPJ     ,B ,Q,18.75,18.75,18.70,18.70,18.70,18.70,3,850,15900.00,
542812,FLUOROCHEM  ,A ,Q,2746.00,2746.00,2683.25,2721.85,2732.95,2665.20,349,855,2322874.00,
542817,NIEHSPI     ,B ,Q,2.35,2.35,2.00,2.35,2.35,2.20,3,502,1179.00,
542830,IRCTC       ,A ,Q,649.80,665.10,648.25,652.40,652.40,639.40,10082,211968,138600618.00,
542837,NIESSPE     ,B ,Q,2.47,2.47,2.47,2.47,2.47,2.47,1,95,234.00,
542839,NIEHSPD     ,B ,Q,1.03,1.09,0.93,0.94,0.93,1.03,28,11969,11547.00,
542841,NIEHSPE     ,B ,Q,1.86,1.86,1.85,1.86,1.86,1.86,3,130,241.00,
542843,NIEHSPG     ,B ,Q,3.13,3.42,3.13,3.42,3.42,3.13,2,30,99.00,
542846,NIEHSPL     ,B ,Q,1.41,1.48,1.30,1.48,1.48,1.41,14,1666,2426.00,
542847,NIESSPL     ,B ,Q,0.82,0.82,0.77,0.82,0.82,0.76,18,11777,9542.00,
542848,NIESSPM     ,B ,Q,3.55,3.80,3.47,3.75,3.75,3.85,13,5002,17540.00,
542851,GENSOL      ,M ,Q,342.50,342.50,330.00,337.35,338.70,330.85,9,4788,1612651.00,
542852,VISHWARAJ   ,B ,Q,18.30,18.30,17.45,17.80,17.80,17.55,1208,145759,2591534.00,
542857,GREENPANEL  ,A ,Q,462.00,480.60,452.90,467.60,480.00,461.80,2946,23979,11103927.00,
542862,SHAHLON     ,X ,Q,14.55,15.95,14.50,15.50,15.50,14.75,17,1207,18821.00,
542863,ABSLBANETF  ,B ,Q,35.40,35.77,34.91,35.73,35.75,35.01,11,16,568.00,
542865,ANUROOP     ,M ,Q,16.60,16.80,16.00,16.00,16.00,16.25,7,110000,1801000.00,
542867,CSBBANK     ,A ,Q,190.00,192.80,187.25,190.55,188.95,188.90,906,16318,3103375.00,
542878,ABDBSPDG    ,F ,Q,3.20,3.20,3.20,3.20,3.20,3.15,3,15,48.00,
542879,ABDBSPRG    ,F ,Q,4.05,4.05,4.05,4.05,4.05,4.18,1,1,4.00,
542884,ABMTSPRDG   ,F ,Q,4.48,4.48,3.90,3.90,3.90,4.09,2,4,16.00,
542887,ABMTSPRG    ,F ,Q,4.31,4.31,3.53,4.28,4.28,3.92,5,2002,7828.00,
542904,UJJIVANSFB  ,A ,Q,16.35,16.50,16.15,16.35,16.35,16.05,774,127471,2085332.00,
542905,SHIL        ,A ,Q,305.95,324.95,297.65,316.45,315.50,297.75,1556,13040,4129810.00,
542907,PRINCEPIPE  ,A ,Q,635.00,638.60,628.50,633.45,633.45,625.25,1574,12782,8111001.00,
542908,EBBETF0423  ,F ,Q,1168.00,1168.00,1165.01,1168.00,1168.00,1164.97,19,228,265702.00,
542909,EBBETF0430  ,F ,Q,1170.55,1170.62,1170.20,1170.46,1170.20,1172.50,5,24,28091.00,
542918,GIANLIFE    ,M ,Q,17.60,17.60,17.60,17.60,17.60,18.50,1,6600,116160.00,
542919,ARTEMISMED  ,B ,Q,40.25,43.70,40.25,42.50,42.50,41.15,129,4467,190309.00,
542920,SUMICHEM    ,A ,Q,431.20,449.65,431.20,437.75,440.00,432.50,1504,22563,9918215.00,
542921,ICICIM150   ,B ,Q,103.50,105.20,103.50,103.68,105.00,105.25,44,838,87517.00,
542922,MANXT50ETF  ,B ,Q,382.00,383.09,381.93,383.09,383.09,379.68,5,24,9171.00,
542924,JANUSCORP   ,M ,Q,8.15,8.40,7.69,8.15,8.15,8.09,12,19500,154950.00,
542932,BIRLATYRES  ,T ,Q,6.75,6.75,6.75,6.75,6.75,7.10,979,164355,1109396.00,
542933,UNIVPHOTO   ,B ,Q,529.00,554.00,449.75,554.00,554.00,461.70,97,1708,924097.00,
542935,ICLORGANIC  ,MT,Q,14.45,14.45,14.45,14.45,14.45,13.77,1,6000,86700.00,
542938,OCTAVIUSPL  ,XT,Q,72.45,72.45,72.45,72.45,72.45,69.00,2,26,1883.00,
543064,SUVENPHAR   ,A ,Q,508.25,525.25,504.05,514.80,509.35,503.00,1014,7183,3677073.00,
543066,SBICARD     ,A ,Q,758.95,769.45,752.70,765.45,766.65,756.10,1678,18662,14227939.00,
543079,07GPG       ,F ,Q,1.92,1.92,1.58,1.58,1.77,1.75,20,1846,2928.00,
543087,09AGG       ,F ,Q,31.26,31.26,27.14,29.13,29.13,28.42,9,54,1601.00,
543092,09GPG       ,F ,Q,1.50,1.50,1.50,1.50,1.50,1.62,3,550,825.00,
543144,08MPD       ,B ,Q,2.89,2.99,2.45,2.99,2.99,2.72,23,8514,24328.00,
543150,08GPG       ,B ,Q,1.18,1.18,1.04,1.07,1.07,1.15,62,47082,50468.00,
543165,10ARD       ,F ,Q,365.03,365.03,365.03,365.03,365.03,331.85,23,433,158057.00,
543167,10GPG       ,F ,Q,1.11,1.11,0.91,0.91,0.91,1.01,36,26250,24187.00,
543173,11DPR       ,B ,Q,6.15,6.79,6.15,6.21,6.19,6.83,9,443,2745.00,
543174,11GPG       ,B ,Q,1.96,1.96,1.69,1.70,1.79,1.83,34,10267,17531.00,
543175,11MPD       ,B ,Q,1.96,1.96,1.85,1.88,1.90,1.89,23,6950,13095.00,
543176,11MPR       ,B ,Q,7.48,7.48,6.15,6.87,7.40,6.80,9,150,1054.00,
543177,11QPD       ,B ,Q,2.45,2.45,2.11,2.13,2.42,2.30,13,1206,2728.00,
543181,11AGG       ,B ,Q,8.08,8.10,6.69,8.10,8.10,7.37,49,4540,36074.00,
543182,11AMD       ,B ,Q,15.45,15.45,15.45,15.45,15.45,14.05,6,534,8250.00,
543186,11DPD       ,B ,Q,2.62,2.78,2.56,2.77,2.77,2.71,9,25026,65107.00,
543187,POWERINDIA  ,A ,Q,3175.90,3290.10,3162.90,3255.00,3260.00,3130.85,898,3090,9969585.00,
543193,DJML        ,M ,Q,55.00,55.00,55.00,55.00,55.00,56.00,1,2000,110000.00,
543194,NIRMITEE    ,MS,Q,83.90,83.90,83.90,83.90,83.90,88.30,1,1800,151020.00,
543207,NATURAL     ,X ,Q,7.14,7.14,6.66,7.07,7.14,6.89,82,19436,134033.00,
543208,BHARTIA     ,XT,Q,35.40,35.40,35.40,35.40,35.40,35.40,2,13,460.00,
543210,AARTISURF   ,B ,Q,667.00,691.35,665.00,684.10,685.50,689.10,247,2379,1609814.00,
543211,BONLON      ,M ,Q,25.00,25.00,25.00,25.00,25.00,25.70,1,4000,100000.00,
543212,BOROLTD     ,A ,Q,289.40,294.30,277.65,287.00,287.00,285.80,1333,12616,3615196.00,
543213,ROSSARI     ,A ,Q,891.00,898.35,884.90,888.20,891.90,887.60,235,878,780952.00,
543214,NDRAUTO     ,B ,Q,382.05,389.90,372.00,372.95,372.95,375.10,202,4004,1528883.00,
543215,EBBETF0425  ,F ,Q,1061.75,1061.75,1061.50,1061.50,1061.50,1062.01,3,31,32912.00,
543216,EBBETF0431  ,F ,Q,1046.00,1046.00,1046.00,1046.00,1046.00,1043.00,3,3,3138.00,
543217,MINDSPACE   ,IF,Q,346.24,349.00,345.00,348.12,346.84,345.04,200,10560,3668565.00,
543218,SBGLP       ,M ,Q,215.00,215.00,215.00,215.00,215.00,214.00,1,1000,215000.00,
543219,ICICIALPLV  ,B ,Q,155.35,156.74,155.13,156.72,156.70,155.03,23,118,18425.00,
543220,MAXHEALTH   ,A ,Q,367.50,384.00,367.50,374.15,374.55,367.50,2899,50533,19070291.00,
543221,ICICITECH   ,B ,Q,292.52,294.02,289.13,293.95,294.02,286.57,131,1494,435187.00,
543223,MAXINDIA    ,B ,Q,69.90,70.35,68.90,69.70,69.25,69.90,69,1945,135656.00,
543224,HBANKETF    ,B ,Q,350.00,355.00,350.00,354.42,355.00,349.63,43,501,177370.00,
543226,UTIBANKETF  ,B ,Q,35.30,36.11,35.25,36.11,36.11,35.18,11,12,428.00,
543227,HAPPSTMNDS  ,B ,Q,861.30,869.75,851.80,857.50,857.50,841.20,5612,48803,41949771.00,
543228,ROUTE       ,A ,Q,1159.00,1205.10,1134.20,1192.60,1204.00,1117.00,1806,12159,14158408.00,
543231,ADL         ,T ,Q,53.70,53.70,52.70,52.70,52.70,51.20,4,867,46507.00,
543232,CAMS        ,A ,Q,2140.00,2160.65,2079.70,2090.55,2093.85,2075.05,1256,5986,12671454.00,
543233,CHEMCON     ,B ,Q,290.10,299.55,283.80,287.15,287.15,273.60,1355,18868,5503100.00,
543234,SECMARK     ,M ,Q,149.00,149.00,139.10,145.35,146.00,143.50,6,6000,867800.00,
543235,ANGELONE    ,A ,Q,1338.00,1387.80,1319.10,1327.60,1327.60,1309.65,3355,36782,49791903.00,
543236,ATAM        ,M ,Q,136.40,136.40,136.40,136.40,136.40,130.00,1,1500,204600.00,
543237,MAZDOCK     ,A ,Q,292.00,292.00,284.00,288.70,289.15,287.45,1153,25383,7305453.00,
543238,UTIAMC      ,A ,Q,674.55,692.30,672.10,681.15,682.45,670.10,891,5410,3690830.00,
543239,GMPL        ,M ,Q,262.00,275.00,262.00,275.00,275.00,250.00,15,13600,3678840.00,
543240,LIKHITHA    ,B ,Q,263.85,275.85,261.80,266.10,266.30,262.10,159,1684,446502.00,
543241,VGIL        ,M ,Q,151.05,152.00,151.05,152.00,152.00,158.95,4,4000,606100.00,
543242,HEMIPROP    ,A ,Q,101.45,106.95,100.25,102.35,102.35,99.70,2520,131074,13528584.00,
543243,EQUITASBNK  ,A ,Q,43.50,44.20,43.25,43.65,43.65,42.85,2011,117023,5126123.00,
543245,GLAND       ,A ,Q,2900.00,2929.00,2829.50,2906.70,2897.00,2853.25,1180,3323,9573973.00,
543246,MAESGETF    ,B ,Q,27.20,27.49,27.01,27.49,27.49,27.10,13,22,602.00,
543248,RBA         ,A ,Q,95.80,98.45,95.35,97.55,97.55,95.40,1968,62012,5995099.00,
543249,TARC        ,B ,Q,37.35,39.00,37.35,38.50,38.45,37.80,608,30605,1173261.00,
543250,MOGSEC      ,F ,Q,48.50,48.55,48.50,48.55,48.55,48.60,2,2,97.00,
543251,RVHL        ,T ,Q,22.05,22.95,22.00,22.00,22.00,21.90,6,10410,229141.00,
543252,FAIRCHEMOR  ,B ,Q,1260.15,1328.00,1245.00,1300.85,1328.00,1238.00,412,993,1268760.00,
543253,BECTORFOOD  ,A ,Q,282.25,287.00,279.70,281.35,281.90,278.85,694,9537,2685711.00,
543254,AWHCL       ,B ,Q,252.35,290.60,252.35,290.60,290.60,242.20,4122,79752,22265389.00,
543255,INFRABEES   ,B ,Q,495.00,497.00,489.50,494.07,494.07,493.97,28,113,55774.00,
543256,RFLL        ,X ,Q,21.70,21.70,18.20,20.70,20.00,19.95,87,146381,3029737.00,
543257,IRFC        ,A ,Q,21.40,21.45,21.00,21.20,21.20,21.25,3141,1075155,22764495.00,
543258,INDIGOPNTS  ,A ,Q,1554.15,1606.85,1547.80,1578.00,1589.00,1560.50,549,1367,2164077.00,
543259,HOMEFIRST   ,A ,Q,813.15,834.95,795.05,798.00,795.05,802.35,807,6270,5088506.00,
543260,STOVEKRAFT  ,A ,Q,583.20,583.20,554.50,558.75,560.95,550.70,629,5118,2872423.00,
543261,BIRET       ,IF,Q,338.99,339.00,331.00,332.00,332.00,335.20,236,5158,1720417.00,
543263,SMCGLOBAL   ,B ,Q,87.35,88.00,86.50,87.45,87.75,87.35,670,31015,2710083.00,
543264,NURECA      ,B ,Q,1050.80,1057.50,1022.45,1045.40,1026.00,1031.20,257,640,667970.00,
543265,RAILTEL     ,A ,Q,95.50,97.80,95.50,96.65,96.10,95.50,1122,66501,6412709.00,
543266,HERANBA     ,A ,Q,567.25,577.95,560.00,568.70,562.00,562.10,450,3857,2197233.00,
543270,MTARTECH    ,A ,Q,1449.55,1461.85,1426.10,1443.50,1437.80,1427.00,894,6647,9589141.00,
543271,JUBLINGREA  ,A ,Q,451.95,472.05,448.00,468.70,469.90,445.25,2454,41375,19047794.00,
543272,EASEMYTRIP  ,B ,Q,393.75,393.75,393.75,393.75,393.75,414.45,482,237416,93482550.00,
543273,KMEW        ,M ,Q,235.00,235.00,235.00,235.00,235.00,239.30,1,750,176250.00,
543274,SUUMAYA     ,M ,Q,56.50,56.75,51.95,53.45,51.95,54.05,100,63000,3462705.00,
543275,ANURAS      ,A ,Q,711.00,711.00,695.00,698.05,698.05,694.55,576,2489,1741811.00,
543276,CRAFTSMAN   ,A ,Q,2236.90,2267.00,2174.55,2226.15,2261.20,2193.95,554,1832,4040490.00,
543277,LXCHEM      ,A ,Q,347.10,347.50,339.30,341.45,341.25,339.70,1295,24078,8258942.00,
543278,KALYANKJIL  ,A ,Q,58.50,59.40,57.45,58.25,58.45,58.75,1162,37575,2196509.00,
543279,SURYODAY    ,A ,Q,101.55,106.20,100.30,101.55,101.55,102.20,2875,25730,2641765.00,
543280,NAZARA      ,B ,Q,1198.00,1213.75,1156.00,1167.35,1161.00,1178.95,1963,15200,17817424.00,
543281,SUVIDHAA    ,B ,Q,7.07,7.17,7.00,7.07,7.03,6.97,28,4313,30496.00,
543283,BARBEQUE    ,B ,Q,898.50,934.55,890.00,897.20,898.40,890.05,2536,24307,21963352.00,
543284,EKI         ,M ,Q,7180.00,7270.00,7000.00,7126.15,7230.00,7152.50,202,6450,45962307.00,
543286,JETMALL     ,M ,Q,29.20,29.35,29.20,29.30,29.30,28.40,10,60000,1757100.00,
543287,LODHA       ,B ,Q,899.90,899.90,855.25,884.65,884.65,879.20,1564,238189,208877828.00,
543288,DEEPIND     ,B ,Q,207.90,207.90,197.75,198.75,198.25,200.30,215,2241,455332.00,
543290,PGINVIT     ,IF,Q,138.50,139.95,137.80,138.29,138.22,138.41,262,32715,4536161.00,
543291,MAFANG      ,B ,Q,38.53,40.20,38.40,39.51,39.65,37.34,984,140366,5505828.00,
543292,ICICIPHARM  ,B ,Q,77.20,78.24,77.10,77.24,77.96,77.64,27,373,28841.00,
543297,IWEL        ,B ,Q,552.55,553.00,552.00,553.00,553.00,560.85,5,9,4974.00,
543298,VINEETLAB   ,B ,Q,54.25,58.45,53.00,53.45,53.00,53.60,108,1934,104579.00,
543299,SHYAMMETL   ,B ,Q,304.00,310.70,301.55,305.40,305.40,301.55,706,7587,2315594.00,
543300,SONACOMS    ,B ,Q,545.95,545.95,531.95,537.25,538.70,534.20,1788,28556,15363380.00,
543305,NAVODAYENT  ,M ,Q,7.00,7.30,7.00,7.30,7.30,6.90,2,12000,85800.00,
543306,DODLA       ,B ,Q,498.95,498.95,482.00,487.25,486.75,485.55,33,184,89591.00,
543308,KIMS        ,B ,Q,1299.00,1299.00,1241.90,1247.80,1246.00,1258.50,497,1156,1446500.00,
543309,ADESHWAR    ,M ,Q,25.00,26.00,25.00,26.00,26.00,26.00,3,18000,459000.00,
543311,IPL         ,B ,Q,240.40,246.60,240.40,245.00,244.50,238.75,326,4042,987045.00,
543317,GRINFRA     ,B ,Q,1386.05,1396.75,1378.00,1390.85,1381.15,1354.05,60,89,123265.00,
543318,CLEAN       ,B ,Q,1690.00,1700.75,1667.25,1675.75,1674.90,1672.95,611,1529,2582583.00,
543320,ZOMATO      ,B ,Q,63.60,63.60,61.60,62.05,62.05,60.35,10106,1701106,105604648.00,
543321,TATVA       ,B ,Q,2161.35,2216.00,2143.35,2187.35,2216.00,2139.55,466,809,1752628.00,
543322,GLS         ,B ,Q,418.80,426.75,417.95,421.60,424.85,418.20,575,4938,2082975.00,
543323,MAFSETF     ,B ,Q,16.35,16.61,16.35,16.61,16.61,16.27,25,2437,40399.00,
543325,ROLEXRINGS  ,B ,Q,1307.60,1319.05,1273.50,1285.00,1273.60,1309.40,147,443,572516.00,
543326,ICICIFMCG   ,B ,Q,388.00,394.00,385.10,391.55,392.16,386.32,28,280,109400.00,
543327,EXXARO      ,B ,Q,121.80,122.60,113.65,115.20,114.75,118.60,892,33642,3967950.00,
543328,KRSNAA      ,B ,Q,517.35,528.90,512.00,522.45,518.00,516.30,1278,16840,8777309.00,
543329,WINDLAS     ,B ,Q,223.60,225.45,222.25,223.70,223.00,223.00,132,51270,11433960.00,
543330,DEVYANI     ,B ,Q,151.80,158.55,149.60,157.25,157.25,149.30,4577,214765,33335502.00,
543331,MOL         ,B ,Q,121.00,123.30,119.50,120.15,120.15,118.80,1179,72176,8772031.00,
543332,MFL         ,B ,Q,1296.00,1296.00,1223.60,1241.35,1244.00,1235.95,1216,6003,7511603.00,
543333,CARTRADE    ,B ,Q,590.00,622.40,590.00,618.45,618.45,595.30,1533,12074,7361790.00,
543334,NUVOCO      ,B ,Q,307.00,309.30,297.90,299.55,298.00,300.15,1093,12203,3662134.00,
543335,APTUS       ,B ,Q,302.20,306.30,288.50,293.90,294.00,305.25,1910,20010,5919962.00,
543336,CHEMPLASTS  ,B ,Q,496.65,498.00,484.30,488.55,488.00,489.15,1263,6502,3185483.00,
543341,SHARPLINE   ,X ,Q,31.34,31.36,31.34,31.36,31.36,29.87,1034,346268,10857346.00,
543346,AASHKA      ,M ,Q,40.40,42.15,40.40,42.00,42.00,40.50,4,4000,165400.00,
543347,AXISTECETF  ,B ,Q,285.00,291.71,285.00,291.71,291.71,284.37,18,447,129312.00,
543348,AXISHETF    ,B ,Q,78.09,79.90,77.00,77.20,77.05,78.09,75,203,15773.00,
543349,AMIORG      ,B ,Q,888.00,888.00,852.00,856.70,856.40,852.40,1062,8990,7751244.00,
543350,VIJAYA      ,B ,Q,404.50,405.65,376.00,379.00,381.35,395.45,1091,11732,4533515.00,
543351,NBL         ,MS,Q,55.00,55.00,55.00,55.00,55.00,55.00,1,1600,88000.00,
543355,D60MS264DG  ,F ,Q,6.67,6.68,6.67,6.68,6.68,7.40,2,938,6261.00,
543357,AXISCETF    ,B ,Q,67.50,67.99,67.50,67.99,67.99,66.88,2,2,135.00,
543358,SANSERA     ,B ,Q,696.75,715.15,690.30,697.35,690.30,699.55,880,8571,6039428.00,
543363,PREVEST     ,M ,Q,315.00,333.00,311.60,327.85,327.85,310.00,46,19200,6163020.00,
543364,MTCL        ,M ,Q,89.00,92.85,85.25,85.65,85.25,85.00,8,12800,1131360.00,
543365,MASPTOP50   ,B ,Q,25.90,26.53,25.90,26.45,26.45,25.89,58,5072,134014.00,
543367,PARAS       ,B ,Q,595.50,606.90,595.00,597.10,595.75,595.20,512,3546,2131556.00,
543372,GETALONG    ,M ,Q,81.00,85.95,81.00,85.95,85.95,84.95,3,6000,495900.00,
543373,SVRL        ,M ,Q,120.00,125.95,120.00,121.55,121.55,122.50,6,6000,737800.00,
543374,ABSLAMC     ,B ,Q,418.30,437.05,414.85,422.65,426.50,412.85,1707,16786,7046689.00,
543375,PROMAX      ,M ,Q,21.00,21.00,21.00,21.00,21.00,22.10,2,10000,210000.00,
543376,SAMOR       ,M ,Q,51.55,51.55,51.55,51.55,51.55,64.10,1,2000,103100.00,
543378,CWD         ,MS,Q,1300.00,1315.00,1300.00,1306.50,1315.00,1254.95,4,800,1045200.00,
543383,ICICICONSU  ,B ,Q,67.00,68.09,67.00,68.09,68.09,67.15,9,11,746.00,
543384,NYKAA       ,B ,Q,1408.75,1408.75,1341.90,1351.80,1351.80,1364.45,3755,33180,45381904.00,
543386,FINOPB      ,B ,Q,242.00,244.75,240.15,242.45,241.60,241.45,406,3451,837561.00,
543387,SJS         ,B ,Q,385.00,425.75,375.35,420.40,420.40,376.80,1329,8470,3412835.00,
543388,DSPNEWETF   ,B ,Q,183.00,185.00,183.00,184.06,184.00,182.50,15,168,31037.00,
543389,SIGACHI     ,B ,Q,266.10,271.00,264.05,269.40,267.30,260.30,371,3320,888110.00,
543390,POLICYBZR   ,B ,Q,680.00,698.95,678.85,687.00,686.05,670.60,2467,37690,26028104.00,
543396,PAYTM       ,B ,Q,606.45,623.65,603.50,616.65,616.65,606.45,10458,281771,173102512.00,
543397,SAPPHIRE    ,B ,Q,1055.00,1061.80,1002.40,1050.90,1048.40,1016.80,3116,11053,11335455.00,
543398,LATENTVIEW  ,B ,Q,395.00,402.85,388.50,391.10,391.10,388.50,2038,33179,13109304.00,
543399,TARSONS     ,B ,Q,650.95,701.00,634.90,687.90,682.05,640.15,3020,18337,12185367.00,
543400,OMNIPOTENT  ,M ,Q,20.20,22.95,20.20,22.95,22.95,21.20,4,8000,177100.00,
543401,GOCOLORS    ,B ,Q,1109.20,1109.20,1015.00,1026.45,1026.45,1091.75,1739,191340,202756924.00,
543411,HITECH      ,B ,Q,527.60,529.10,517.50,525.45,527.85,525.20,97,362,189544.00,
543412,STARHEALTH  ,B ,Q,666.00,674.80,652.85,663.50,664.90,663.80,2928,18104,12019169.00,
543413,TEGA        ,B ,Q,447.25,447.55,438.85,441.15,439.00,441.65,473,3203,1426041.00,
543414,MAHKTECH    ,B ,Q,13.47,14.01,13.47,13.70,13.70,13.30,103,958,13337.00,
543415,ANANDRATHI  ,B ,Q,628.60,652.00,626.90,645.95,640.00,626.70,855,4648,2972873.00,
543416,ZODIAC      ,T ,Q,95.40,95.40,88.40,95.40,95.40,90.90,63,5411,502241.00,
543417,RATEGAIN    ,B ,Q,278.00,286.45,272.70,277.75,278.35,269.70,2776,67400,18943538.00,
543418,BBETF0432   ,F ,Q,983.89,984.98,980.01,984.98,984.98,985.89,4,18,17685.00,
543419,SHRIRAMPPS  ,B ,Q,64.00,65.20,63.15,63.90,63.90,63.30,649,21105,1353068.00,
543420,JETFREIGHT  ,B ,Q,27.85,29.20,27.10,28.85,28.85,27.85,45,1557,43566.00,
543425,MAPMYINDIA  ,B ,Q,1268.45,1319.00,1268.45,1310.40,1304.15,1254.25,1835,8235,10719222.00,
543426,METROBRAND  ,B ,Q,545.00,545.00,521.30,525.05,525.05,530.80,1175,8957,4718906.00,
543427,MEDPLUS     ,B ,Q,918.50,920.00,874.35,879.70,879.90,915.35,1140,4304,3849966.00,
543428,DATAPATTNS  ,B ,Q,731.80,754.45,723.70,737.45,733.15,727.05,2604,26516,19598058.00,
543433,HPAL        ,B ,Q,353.00,362.20,353.00,356.90,358.20,351.75,379,2253,807391.00,
543434,SUPRIYA     ,B ,Q,356.75,358.70,348.90,351.00,351.00,353.30,1150,13815,4868470.00,
543436,WITS        ,MS,Q,207.00,231.00,207.00,231.00,231.00,215.00,3,2400,519200.00,
543437,MONQ50      ,B ,Q,49.50,51.52,49.50,51.16,51.02,48.40,25,229,11484.00,
543438,DSPQ50ETF   ,B ,Q,153.00,153.99,152.75,153.75,153.75,151.78,16,39626,6094657.00,
543440,DSPN50ETF   ,B ,Q,162.00,164.50,162.00,164.50,164.50,161.50,15,71,11526.00,
543441,CMSINFO     ,B ,Q,232.50,232.50,225.05,229.05,228.15,229.20,1008,18496,4233699.00,
543442,BCONCEPTS   ,T ,Q,107.95,108.00,100.70,100.70,100.70,105.95,31,4207,443924.00,
543443,ASCENSIVE   ,MS,Q,21.70,21.70,21.70,21.70,21.70,20.50,1,4000,86800.00,
543449,WFL         ,B ,Q,174.50,175.00,163.55,170.65,171.00,167.70,7,29,5034.00,
543450,ICICIAUTO   ,B ,Q,111.50,113.90,111.50,113.21,112.58,110.50,107,3545,401475.00,
543451,AGSTRA      ,B ,Q,89.50,93.20,88.30,92.45,92.45,87.55,1809,38142,3489413.00,
543452,ICICISILVE  ,E ,Q,63.80,64.54,63.59,64.49,64.44,63.21,67,5294,339749.00,
543454,MAMFGETF    ,B ,Q,75.00,75.56,74.90,75.56,75.56,74.75,8,111,8319.00,
543458,AWL         ,T ,Q,715.00,733.00,672.65,708.15,708.15,698.15,20965,691011,488568616.00,
543461,SSTL        ,M ,Q,8.52,8.52,8.52,8.52,8.52,9.00,1,10000,85200.00,
543462,DEVIT       ,T ,Q,174.00,184.80,174.00,179.35,180.00,176.70,23,844,153645.00,
543463,MANYAVAR    ,B ,Q,962.00,977.75,951.55,969.25,977.15,961.30,1903,6762,6523983.00,
543464,MARUTIIPL   ,M ,Q,64.00,67.00,63.40,65.60,65.60,65.85,8,16000,1043200.00,
543465,MOMOMENTUM  ,B ,Q,171.00,175.00,171.00,174.13,173.00,170.20,35,802,139398.00,
543470,SOFTTECH    ,T ,Q,117.80,117.80,117.80,117.80,117.80,124.00,1,100,11780.00,
543471,SILVER      ,E ,Q,63.30,64.40,62.61,64.32,64.40,63.44,51,5175,331124.00,
543472,TECH        ,B ,Q,28.29,28.88,28.29,28.78,28.80,28.24,35,2041,58578.00,
543473,HEALTHY     ,B ,Q,7.80,7.95,7.73,7.81,7.78,7.78,41,1820,14212.00,
543474,BSLNIFTY    ,B ,Q,18.34,18.45,18.06,18.21,18.25,17.98,78,3076,56238.00,
543480,ICICI5GSEC  ,F ,Q,50.50,51.00,50.00,50.00,50.00,50.00,4,4,202.00,
543481,MAM150ETF   ,B ,Q,10.25,10.42,10.20,10.34,10.30,10.18,28,719,7447.00,
543482,EUREKAFORBE ,B ,Q,298.00,316.85,298.00,307.65,307.00,298.40,227,8790,2706087.00,
543489,GATEWAY     ,B ,Q,76.45,76.45,74.15,74.90,75.20,75.95,716,31212,2339809.00,
543490,GMRP&UI     ,B ,Q,22.50,22.50,21.05,21.15,21.25,22.15,1253,162667,3461032.00,
543497,BCCL        ,M ,Q,52.00,52.00,52.00,52.00,52.00,51.90,2,48000,2496000.00,
543498,MSUMI       ,B ,Q,60.90,64.25,60.50,63.60,63.60,61.90,6844,705943,44225974.00,
543499,ACHYUT      ,M ,Q,20.00,20.00,19.90,19.90,19.90,20.00,4,36000,717600.00,
543500,EVOQ        ,M ,Q,15.50,15.50,14.50,14.88,14.88,13.80,4,16000,237560.00,
543501,MOLOWVOL    ,B ,Q,110.60,111.80,110.10,111.80,111.80,110.90,11,19,2117.00,
543512,AVROIND     ,T ,Q,122.50,124.00,117.20,119.05,124.00,123.35,39,2342,278807.00,
543513,UMAEXPORTS  ,B ,Q,53.10,55.85,53.10,54.55,55.00,54.65,2097,291160,15984892.00,
543514,VERANDA     ,B ,Q,187.20,200.75,186.95,198.05,199.05,192.35,1400,33357,6496408.00,
543515,SEML        ,M ,Q,112.35,112.35,112.35,112.35,112.35,112.35,1,1000,112350.00,
543517,HARIOMPIPE  ,B ,Q,208.00,211.25,203.15,208.30,208.30,202.90,1840,85735,17741181.00,
543518,EIGHTY      ,M ,Q,40.40,40.70,40.40,40.70,40.70,38.80,6,18000,730950.00,
543520,GLHRL       ,M ,Q,85.00,87.00,84.50,84.50,84.50,87.10,5,5000,427500.00,
543521,FONE4       ,M ,Q,7.05,7.55,7.05,7.40,7.40,7.40,16,160000,1193900.00,
543523,CAMPUS      ,B ,Q,339.95,360.00,335.75,356.25,356.25,337.20,3521,109334,38196285.00,
543524,RAINBOW     ,B ,Q,495.00,496.25,485.00,492.80,494.75,489.05,1181,12630,6201933.00,
543525,SILVERTUC   ,B ,Q,283.00,285.00,280.45,283.00,285.00,286.00,38,1762,495975.00,
543526,LICI        ,A ,Q,819.00,824.25,814.20,821.55,821.55,811.70,16376,249639,204645748.00,
543527,PRUDENT     ,B ,Q,478.00,521.35,476.70,510.65,510.65,477.15,3188,48806,24189104.00,
543528,VENUSPIPES  ,T ,Q,331.00,340.00,321.20,334.40,334.40,338.10,518,21512,7133410.00,
543529,DELHIVERY   ,B ,Q,501.30,547.35,501.30,541.00,541.00,505.30,6640,142590,75555272.00,
543530,PARADEEP    ,B ,Q,43.55,47.25,42.95,43.95,43.95,0.00,34769,7731284,348937668.00,
543531,TIERRA      ,T ,Q,255.00,267.75,242.25,262.85,267.75,0.00,65,2282,583446.00,
555555,ICICISENSX  ,A ,Q,595.00,604.90,591.25,596.46,596.46,594.35,59,283,168186.00,
570001,TATAMTRTDVR ,A ,Q,203.20,209.80,203.20,207.55,207.55,202.35,5020,273448,56512232.00,
570002,FELDVR      ,T ,Q,7.04,7.78,7.04,7.77,7.77,7.41,83,15399,118333.00,
570004,JISLBNDVR   ,B ,Q,21.00,21.00,19.50,20.10,19.85,20.20,52,8274,165519.00,
570005,SCAPDVR     ,T ,Q,11.00,11.49,11.00,11.40,11.44,11.25,23,4149,46228.00,
590003,KARUR VY(PS ,B ,Q,46.00,46.00,44.55,44.95,45.20,44.75,3650,292518,13144884.00,
590005,TIDE WATE(PS,B ,Q,1044.65,1075.00,1038.00,1062.15,1070.00,1041.90,702,2256,2377140.00,
590006,AMRUTANJAN  ,B ,Q,803.80,803.80,781.90,786.70,792.90,775.85,275,773,610098.00,
590013,XPRO INDI(PS,T ,Q,1048.90,1048.90,1000.05,1026.95,1025.00,1017.20,93,1601,1645798.00,
590018,HISARMET(PS ,B ,Q,109.10,111.10,106.65,107.05,106.70,106.70,76,1752,190716.00,
590021,BHARAT RA(PS,B ,Q,11550.00,11734.00,11358.95,11577.70,11617.50,11095.10,194,507,5875428.00,
590022,EASTER SI(PS,B ,Q,5.37,5.40,5.05,5.40,5.40,5.21,47,12978,67645.00,
590024,FERT CHE(PS ,B ,Q,122.40,123.20,120.35,121.70,121.45,120.40,510,6473,787749.00,
590025,GINNI FIL(PS,B ,Q,35.80,38.00,35.80,36.75,36.70,36.40,180,9925,369817.00,
590030,SOUTH PET(PS,B ,Q,61.20,63.00,60.80,61.60,61.50,60.10,1964,135035,8332973.00,
590031,DE NORA     ,B ,Q,722.50,735.25,700.55,709.40,714.35,710.10,789,3033,2185215.00,
590041,KAVERI TELE ,B ,Q,9.13,9.50,9.13,9.50,9.50,9.35,4,47,436.00,
590051,SAKSOFT LTD ,B ,Q,824.70,837.90,795.90,805.05,797.00,820.70,943,5078,4133936.00,
590056,SALONA COTSP,B ,Q,262.55,262.55,257.15,257.15,257.15,254.95,7,33,8579.00,
590057,EQUIPPP     ,T ,Q,63.20,63.20,58.60,60.10,60.10,60.25,24,1673,105042.00,
590062,ANDHRA SUGAR,B ,Q,132.00,135.95,129.35,130.55,129.35,129.25,1168,29791,3941235.00,
590065,INDIA MOTOR ,B ,Q,767.80,775.60,765.40,775.60,775.60,772.45,9,45,34511.00,
590066,KCP LTD     ,B ,Q,105.75,106.80,102.40,103.65,103.30,104.65,580,21030,2188359.00,
590068,KHAITAN INDI,T ,Q,44.70,48.00,44.65,44.70,44.70,46.95,9,680,31106.00,
590070,RADAAN MEDIA,T ,Q,1.30,1.42,1.30,1.30,1.30,1.36,7,6950,9155.00,
590071,SUNDARAM FIN,B ,Q,1660.00,1660.00,1568.00,1611.60,1611.60,1654.25,1952,5245,8467476.00,
590072,SUNDARAM BRK,B ,Q,341.85,360.20,335.00,335.90,337.85,338.30,92,1059,362130.00,
590073,WHEELS INDIA,B ,Q,602.15,606.90,589.15,594.20,594.15,591.15,74,494,295059.00,
590075,LAMBODHARA T,B ,Q,80.45,84.70,80.45,82.00,81.35,81.95,39,968,79885.00,
590078,MAITHAN ALL ,B ,Q,1003.00,1014.70,988.00,999.45,998.00,991.35,1370,6422,6423224.00,
590082,LOHIA SECURI,X ,Q,133.30,133.30,126.80,133.30,133.30,133.30,9,86,11321.00,
590086,ORISSA MINE ,T ,Q,2798.00,2798.00,2635.00,2717.20,2717.20,2692.35,44,221,598025.00,
590095,GOLDBEES    ,E ,Q,44.06,44.15,43.91,44.08,44.08,43.88,1640,194981,8584428.00,
590096,LIQUIDBEES  ,F ,Q,999.99,1000.01,999.99,1000.01,1000.01,1000.00,835,114762,114761882.00,
590097,KOTAKGOLDETF,E ,Q,44.15,44.82,44.12,44.58,44.82,44.16,181,36434,1614290.00,
590098,SBI GOLD ETS,E ,Q,45.15,45.34,44.92,45.30,45.30,45.08,233,56489,2551371.00,
590099,QUANTUM GOLD,E ,Q,43.70,43.90,43.70,43.85,43.85,43.66,24,585,25631.00,
590101,UTI GOLD ETF,E ,Q,43.76,44.00,43.76,43.83,43.81,43.66,53,5199,227932.00,
590103,NIFTYBEES   ,B ,Q,176.10,177.23,175.85,177.07,177.07,175.64,4863,588433,103994595.00,
590104,JUNIORBEES  ,B ,Q,407.02,407.02,398.72,400.58,400.73,397.54,243,5707,2286673.00,
590106,BANKBEES    ,B ,Q,365.00,375.00,355.23,359.08,359.00,353.59,674,29255,10474461.00,
590107,KOTAK PSU BK,B ,Q,243.00,247.00,243.00,245.67,243.91,240.89,26,577,140908.00,
590108,PSUBNKBEES  ,B ,Q,27.40,27.74,27.40,27.64,27.68,27.32,251,5255,144897.00,
590109,SHARIABEES  ,B ,Q,389.27,392.21,389.00,392.21,392.21,387.84,10,22,8592.00,
590110,QNIFTY      ,B ,Q,1700.00,1716.00,1700.00,1714.00,1714.00,1694.00,10,21,35960.00,
590113,HNGSNGBEES  ,E ,Q,298.00,300.00,286.30,294.10,292.20,293.11,47,213,62566.00,
590122,ASHIKACR    ,X ,Q,36.50,42.65,30.20,39.95,36.50,35.95,96,46532,1846930.00,
590134,MADRASFERT  ,B ,Q,48.10,49.65,47.70,48.15,48.05,47.60,1201,46402,2251670.00,
590136,KOTAKBKETF  ,B ,Q,361.20,361.20,350.23,358.22,357.84,352.68,59,462,164783.00,
590137,SETFNIFBK   ,B ,Q,352.00,356.84,351.77,355.96,355.66,349.93,102,3795,1346454.00,
590138,SETFNIF50   ,B ,Q,166.35,167.58,166.35,167.42,167.47,165.84,78,4084,682009.00,
715031,795LTFHL22A ,F ,P,100.40,100.69,100.40,100.69,100.69,97.50,2,38,3820.00,
750713,ESSEN-RE    ,R ,Q,0.15,0.15,0.11,0.11,0.12,0.17,935,8840177,1067925.00,
750714,DYNPRO-RE   ,R ,Q,15.60,25.00,15.60,20.00,20.00,25.00,26,396,8673.00,
800252,SGB2016I    ,G ,B,5050.00,5050.00,5050.00,5050.00,5050.00,5000.00,2,10,50500.00,
800253,SGB2016II   ,G ,B,5050.00,5050.00,4925.00,4925.00,4925.00,4952.00,2,3,14900.00,
800254,SGBAUG24    ,G ,B,5002.00,5050.00,5002.00,5050.00,5050.00,5001.75,5,40,200752.00,
800269,SGBJULY25   ,G ,B,4930.00,4930.00,4930.00,4930.00,4930.00,4962.05,1,6,29580.00,
800279,SGBDEC25A   ,G ,B,4900.00,4900.00,4900.00,4900.00,4900.00,5274.24,1,2,9800.00,
800290,SGBDEC26    ,G ,B,5097.00,5651.01,4750.77,4800.00,4800.00,5000.00,8,46,233936.00,
800292,SGBFEB27    ,G ,B,4655.10,4655.10,4655.10,4655.10,4655.10,5099.97,2,6,27930.00,
800295,SGBJUNE27   ,G ,B,4780.00,4780.00,4775.00,4780.00,4780.00,4700.00,3,13,62100.00,
800297,SGBAUG27    ,G ,B,4800.00,4800.00,4725.00,4725.00,4725.00,4770.00,9,44,209252.00,
800313,SGBJAN28    ,G ,B,4760.00,4760.00,4740.00,4740.00,4740.00,4758.21,2,10,47500.00,
800315,SGBMAR28    ,G ,B,4779.00,4779.00,4779.00,4779.00,4779.00,4667.00,1,10,47790.00,
800318,SGBAPR28    ,G ,B,4701.00,4730.00,4701.00,4715.15,4715.15,4719.97,18,146,689886.00,
800320,SGBMAY28    ,G ,B,4702.05,4734.00,4702.00,4734.00,4734.00,4708.80,3,11,51754.00,
800322,SGBJUN28    ,G ,B,4745.00,4750.00,4721.00,4750.00,4750.00,4745.00,22,99,469503.00,
800324,SGBJULY28   ,G ,B,4730.12,4780.00,4730.12,4780.00,4780.00,4730.00,4,114,541316.00,
800325,SGBAUG28    ,G ,B,4770.00,4788.00,4761.25,4778.60,4775.10,4780.00,49,461,2200710.00,
800327,SGBSEP28    ,G ,B,4725.01,4725.10,4725.00,4725.03,4725.01,4719.00,9,91,429976.00,
800332,SGBJAN29A   ,G ,B,4898.42,4898.42,4898.42,4898.42,4898.42,4751.00,1,1,4898.00,
800333,SGBFEB29    ,G ,B,4701.00,4725.00,4701.00,4725.00,4725.00,4872.42,5,5,23601.00,
800339,SGBMAR29    ,G ,B,4707.01,4707.01,4707.00,4707.00,4707.00,4715.00,2,10,47070.00,
800340,SGBMAY29    ,G ,B,4720.00,4724.00,4702.00,4722.89,4720.00,4719.82,17,104,490866.00,
800341,SGBJUNE29   ,G ,B,4716.00,4760.00,4716.00,4759.33,4760.00,4750.00,14,65,308797.00,
800342,SGBJUN29A   ,G ,B,4726.10,4752.00,4726.00,4750.10,4750.10,4752.00,7,36,170984.00,
800367,SGBJULY29   ,G ,B,4725.00,4725.00,4725.00,4725.00,4725.00,4725.00,1,21,99225.00,
800385,SGBAUG29    ,G ,B,4715.00,4715.00,4715.00,4715.00,4715.00,4701.01,1,2,9430.00,
800386,SGBSEP29    ,G ,B,4722.00,4740.00,4722.00,4740.00,4740.00,4705.00,4,16,75732.00,
800434,SGBNOV29    ,G ,B,4705.00,4778.00,4705.00,4778.00,4778.00,4705.00,2,12,56679.00,
800436,695GOI2061  ,G ,B,94.00,94.00,94.00,94.00,94.00,95.70,1,100,9400.00,
800437,SGBDEC29    ,G ,B,4759.00,4760.00,4759.00,4759.91,4760.00,4711.00,4,34,161836.00,
800438,SGBJAN30    ,G ,B,4720.00,4735.00,4720.00,4735.00,4735.00,4748.00,5,41,193897.00,
800439,SGBMARCH30  ,G ,B,4735.00,4805.00,4735.00,4805.00,4805.00,4779.50,6,13,62339.00,
810579,805GUJ2028  ,G ,B,104.10,104.10,104.10,104.10,104.10,103.55,1,100000,10410000.00,
890157,AIRTELPP    ,A ,Q,319.00,319.00,302.30,306.75,306.75,314.95,378,2669,822914.00,
890159,PATINTPP    ,B ,Q,3.61,4.09,3.61,4.09,4.09,3.86,10,593,2377.00,
890164,WARDWIZPP   ,B ,Q,17.00,19.80,16.85,18.75,18.80,16.85,190,26953,496390.00,
890165,TILAKPP     ,X ,Q,2.49,2.68,2.45,2.66,2.66,2.57,73,25164,64905.00,
890166,PRISMXPP    ,X ,Q,1.74,1.74,1.40,1.64,1.62,1.64,37,22101,34798.00,
890167,ASMTECPP    ,X ,Q,437.00,438.00,403.25,403.50,403.50,424.00,21,146,59635.00,
890168,AURUMPP     ,T ,Q,24.80,27.10,24.80,27.10,27.10,25.85,42,18868,501234.00,
935321,990IFCI24F  ,F ,D,1070.00,1074.35,1070.00,1074.35,1074.35,1068.70,3,162,173557.00,
935383,849NTPC25   ,F ,D,13.10,13.12,13.06,13.12,13.12,13.07,11,2004,26227.00,
935574,753IRFC30   ,F ,D,1193.30,1193.30,1178.00,1180.00,1180.00,1179.50,20,4878,5788347.00,
935576,750IRFC35   ,F ,D,1250.00,1250.00,1250.00,1250.00,1250.00,1260.00,7,336,420000.00,
935584,76NHAI31    ,F ,D,1163.00,1168.80,1163.00,1168.71,1168.50,1159.00,11,644,750841.00,
935606,0MFL23AV    ,F ,D,1815.00,1815.00,1815.00,1815.00,1815.00,1830.00,1,1300,2359500.00,
935612,749IREDA31  ,F ,D,1135.00,1136.00,1135.00,1136.00,1136.00,1131.50,12,700,794666.00,
935634,0MMFL22G    ,F ,D,1900.00,1900.00,1900.00,1900.00,1900.00,1725.91,1,15,28500.00,
935666,769NHAI31   ,F ,D,1211.30,1211.30,1211.30,1211.30,1211.30,1211.30,1,885,1072000.00,
935860,9IBHFL26B   ,F ,D,909.00,909.00,909.00,909.00,909.00,910.00,3,25,22725.00,
935868,915IBHFL26B ,F ,D,821.00,919.00,821.00,919.00,919.00,900.00,3,12,10440.00,
935912,915RHFL27B  ,F ,D,320.00,320.00,300.00,306.00,306.00,318.99,26,980,299584.00,
935966,0MFL25      ,F ,D,1625.00,1625.00,1625.00,1625.00,1625.00,1575.00,1,97,157625.00,
936110,865SEFL23   ,F ,D,300.00,300.00,300.00,300.00,300.00,268.84,1,250,75000.00,
936112,9SEFL23B    ,F ,D,300.00,300.00,300.00,300.00,300.00,270.50,1,79,23700.00,
936130,888ERFL28   ,F ,D,898.70,898.70,885.20,887.60,885.20,895.00,6,52,46710.00,
936144,9MFL23      ,F ,D,1020.00,1020.00,1020.00,1020.00,1020.00,1020.00,2,10,10200.00,
936166,10KFL23     ,F ,D,995.00,995.00,995.00,995.00,995.00,995.00,1,350,348250.00,
936182,935SEFL23   ,F ,D,215.00,215.00,215.00,215.00,215.00,260.00,1,50,10750.00,
936188,96SEFL28    ,F ,D,270.00,270.00,270.00,270.00,270.00,275.00,2,30,8100.00,
936224,975JMFCSL28 ,F ,D,1045.00,1045.00,1045.00,1045.00,1045.00,1040.00,1,10,10450.00,
936226,934JMFCS28  ,F ,D,1025.00,1025.00,1025.00,1025.00,1025.00,1016.00,1,4,4100.00,
936230,903STFCL28  ,F ,D,1072.00,1072.00,1072.00,1072.00,1072.00,1130.00,1,20,21440.00,
936234,93STFCL23   ,F ,D,1054.49,1080.00,1054.49,1080.00,1080.00,1094.00,2,130,137849.00,
936236,94STFCL28   ,F ,D,1121.00,1125.00,1121.00,1125.00,1125.00,1120.00,2,175,196375.00,
936240,0STFCL23    ,F ,D,1430.05,1430.05,1425.00,1425.00,1425.00,1430.00,2,50,71351.00,
936246,925EFL23    ,F ,D,990.00,990.00,985.00,985.00,985.00,1008.00,5,250,246360.00,
936254,985EFL28    ,F ,D,990.00,990.00,990.00,990.00,990.00,979.50,3,174,172260.00,
936294,910TCFSL28  ,F ,D,1180.00,1180.00,1180.00,1180.00,1180.00,1157.54,1,100,118000.00,
936318,965AHFL23   ,F ,D,1077.00,1077.00,1077.00,1077.00,1077.00,1056.00,1,87,93699.00,
936326,930STFCL28  ,F ,D,1012.00,1012.00,1012.00,1012.00,1012.00,1035.00,1,170,172040.00,
936336,STFCL21118A ,F ,D,1406.00,1406.00,1406.00,1406.00,1406.00,1406.00,1,152,213712.00,
936374,MFL29NOV18D ,F ,D,1485.01,1485.01,1485.01,1485.01,1485.01,1490.00,1,124,184141.00,
936380,101JMFCSL23 ,F ,D,1068.00,1068.00,1063.00,1063.00,1063.00,1062.00,2,50,53370.00,
936382,967JMFCSL23 ,F ,D,1017.00,1025.00,1015.10,1018.29,1016.61,1020.00,4,150,152519.00,
936412,93MMFSL27   ,F ,D,1084.90,1084.90,1083.95,1083.95,1083.95,1072.12,5,177,191930.00,
936474,102IFL24    ,F ,D,1040.00,1040.00,1040.00,1040.00,1040.00,1050.00,6,322,334880.00,
936482,975MFL24    ,F ,D,1027.00,1030.00,1027.00,1030.00,1030.00,1023.00,2,63,64836.00,
936504,1050DLSL24  ,F ,D,980.00,980.00,980.00,980.00,980.00,1006.00,5,60,58800.00,
936506,11DLSL24    ,F ,D,1000.00,1000.00,996.00,996.00,996.00,1047.22,3,50,49900.00,
936520,925LTFL24   ,F ,D,1055.55,1055.55,1054.00,1054.00,1054.00,1147.00,3,78,82266.00,
936524,889LTFL24   ,F ,D,1051.00,1051.00,1051.00,1051.00,1051.00,1050.55,1,1,1051.00,
936538,975MFL24A   ,F ,D,1027.53,1030.00,1027.53,1030.00,1030.00,1027.53,5,170,175074.00,
936550,0MFL24A     ,F ,D,1380.80,1380.80,1380.80,1380.80,1380.80,1366.80,4,164,226451.00,
936574,905LTFL27   ,F ,D,1076.17,1076.17,1076.16,1076.16,1076.16,1071.50,2,37,39817.00,
936604,935SCUF24   ,F ,D,1044.10,1044.10,1004.00,1004.00,1004.00,1021.50,5,120,123202.00,
936642,975MHIL24   ,F ,D,1027.80,1027.80,1027.80,1027.80,1027.80,1027.90,1,200,205560.00,
936654,0MHIL24     ,F ,D,1360.00,1360.00,1360.00,1360.00,1360.00,1330.00,1,241,327760.00,
936712,102EFL22    ,F ,D,1002.00,1002.90,1002.00,1002.90,1002.90,1002.00,6,221,221548.00,
936714,0EFL22      ,F ,D,1336.50,1336.50,1336.50,1336.50,1336.50,1324.22,1,50,66825.00,
936716,995EFL24A   ,F ,D,997.00,997.00,993.00,997.00,997.00,999.95,5,63,62799.00,
936722,995EFL29    ,F ,D,970.00,970.00,970.00,970.00,970.00,1000.00,3,125,121250.00,
936736,10MFL24A    ,F ,D,1105.00,1113.20,1054.00,1054.58,1054.89,1115.00,7,275,299400.00,
936758,1013DLSL24  ,F ,D,997.00,997.00,997.00,997.00,997.00,990.00,1,1,997.00,
936780,912STF23    ,F ,D,1019.50,1020.00,1019.50,1020.00,1020.00,1020.00,2,54,55070.00,
936798,0STF26      ,F ,D,1360.00,1360.00,1360.00,1360.00,1360.00,1360.00,1,6,8160.00,
936818,95IFL22A    ,F ,D,1005.60,1005.60,1004.99,1005.60,1005.60,1005.00,7,345,346789.00,
936860,1025MMFL22  ,F ,D,1000.00,1000.00,1000.00,1000.00,1000.00,1003.01,5,230,230000.00,
936908,BILNCD      ,F ,D,31.82,31.90,31.80,31.82,31.82,31.82,11,776,24716.00,
936924,10MFL22A    ,F ,D,1281.00,1282.00,1281.00,1282.00,1282.00,1280.20,2,394,505004.00,
936934,975MFL23    ,F ,D,1051.01,1051.01,1050.25,1050.25,1050.25,1042.00,3,200,210117.00,
936949,10MHFL22    ,F ,D,1048.00,1048.00,1048.00,1048.00,1048.00,1041.80,1,30,31440.00,
936957,0MHFL24     ,F ,D,1248.56,1300.00,1248.55,1300.00,1300.00,1324.00,5,380,484225.00,
936969,995ECL24    ,F ,D,985.68,985.68,985.00,985.00,985.00,985.68,2,250,246254.00,
936971,104ECL24    ,F ,D,1015.00,1015.00,1015.00,1015.00,1015.00,1017.20,1,20,20300.00,
936975,995ECL29    ,F ,D,942.00,942.00,942.00,942.00,942.00,998.00,1,4,3768.00,
936983,10KFL22C    ,F ,D,995.00,995.00,995.00,995.00,995.00,995.00,3,10,9950.00,
936985,1052KFL22   ,F ,D,1271.00,1271.00,1271.00,1271.00,1271.00,1250.00,4,500,635500.00,
937017,865LTFL26   ,F ,D,1070.25,1074.00,1070.00,1074.00,1074.00,1070.21,5,769,823193.00,
937021,95MFL23A    ,F ,D,1005.00,1005.00,1005.00,1005.00,1005.00,1020.00,1,8,8040.00,
937023,975MFL24BB  ,F ,D,1040.00,1040.00,1040.00,1040.00,1040.00,1025.00,1,2,2080.00,
937037,0MFL27A     ,F ,D,1320.00,1320.00,1320.00,1320.00,1320.00,1515.00,1,10,13200.00,
937049,83TCHF25    ,F ,D,1050.00,1050.00,1050.00,1050.00,1050.00,1052.21,1,13,13650.00,
937081,10EFIL23    ,F ,D,1025.00,1026.00,1025.00,1025.00,1025.00,1025.00,3,165,169140.00,
937085,98EFIL25    ,F ,D,983.00,983.00,982.00,982.00,982.00,997.90,2,200,196500.00,
937087,1025EFIL25  ,F ,D,985.00,985.00,985.00,985.00,985.00,985.00,1,1,985.00,
937089,0EFIL25     ,F ,D,1174.00,1174.00,1174.00,1174.00,1174.00,1141.00,2,112,131488.00,
937091,98EFIL30    ,F ,D,1000.00,1002.10,963.00,1002.10,1002.10,1000.00,5,126,123650.00,
937113,0MFL23CC    ,F ,D,1250.00,1250.00,1250.00,1250.00,1250.00,1250.00,1,10,12500.00,
937165,0MVAFL23    ,F ,D,1150.00,1350.00,1150.00,1349.00,1349.00,1210.00,8,320,400320.00,
937197,10KFL23A    ,F ,D,965.00,965.00,965.00,965.00,965.00,995.00,4,500,482500.00,
937247,925MFL25    ,F ,D,1005.00,1012.00,1005.00,1012.00,1012.00,1005.00,2,92,93055.00,
937255,0MFL22C     ,F ,D,1185.00,1185.00,1185.00,1185.00,1185.00,1181.80,4,330,391050.00,
937293,9MFL23B     ,F ,D,1000.00,1000.00,1000.00,1000.00,1000.00,1000.00,1,75,75000.00,
937301,96MFL25     ,F ,D,1050.02,1050.02,1050.02,1050.02,1050.02,1060.00,1,1,1050.00,
937319,MFLOVI25    ,F ,D,1095.00,1095.00,1095.00,1095.00,1095.00,1095.00,1,200,219000.00,
937335,935EFSL24   ,F ,D,981.00,981.00,980.00,980.00,980.00,995.80,6,100,98010.00,
937339,939EFSL26   ,F ,D,957.00,957.84,950.00,951.00,951.00,960.00,13,515,489961.00,
937355,MFLIV26     ,F ,D,999.80,999.80,999.80,999.80,999.80,999.20,1,6,5998.00,
937359,MFLVI26     ,F ,D,1075.00,1075.00,1075.00,1075.00,1075.00,1055.02,1,50,53750.00,
937373,7PFCL31     ,F ,D,997.74,998.11,997.74,998.11,998.11,994.00,4,200,199585.00,
937381,697PFCL36   ,F ,D,1002.40,1002.40,997.50,997.50,997.50,998.00,7,224,223661.00,
937385,715PFCL36   ,F ,D,1012.00,1014.99,1010.00,1014.10,1014.99,1010.51,12,580,587428.00,
937393,10KFL24C    ,F ,D,995.00,995.00,990.00,991.00,991.00,995.00,7,334,331618.00,
937395,0KFL25C     ,F ,D,1123.00,1123.00,1123.00,1123.00,1123.00,1040.00,8,700,786100.00,
937413,0MFL23E     ,F ,D,1112.00,1112.00,1112.00,1112.00,1112.00,1110.80,1,100,111200.00,
937429,0MMFL26     ,F ,D,1061.00,1061.00,1061.00,1061.00,1061.00,1060.00,4,49,51989.00,
937455,96IFL28     ,F ,D,980.50,981.99,980.10,981.99,981.95,980.16,10,120,117772.00,
937469,MFLVI31F    ,F ,D,997.10,997.10,997.06,997.06,997.06,997.00,2,100,99706.00,
937483,10KFL24D    ,F ,D,995.00,995.00,995.00,995.00,995.00,1000.00,3,250,248750.00,
937495,916EFSL26   ,F ,D,968.90,968.90,940.00,963.85,963.85,968.90,21,164,155983.00,
937497,955EFSL26   ,F ,D,970.00,970.00,970.00,970.00,970.00,975.00,1,50,48500.00,
937501,930EFSL31   ,F ,D,910.00,910.00,910.00,910.00,910.00,960.00,8,120,109200.00,
937505,9MMFL22     ,F ,D,995.00,995.00,995.00,995.00,995.00,995.00,4,35,34825.00,
937541,797IGT31    ,F ,D,1026.00,1030.50,1026.00,1030.50,1030.50,1026.00,3,29,29880.00,
937551,975MFCL28E  ,F ,D,1000.00,1000.00,1000.00,1000.00,1000.00,1000.00,2,45,45000.00,
937553,0MFCL23VI   ,F ,D,1066.02,1066.02,1066.02,1066.02,1066.02,1066.02,1,30,31980.00,
937561,BILNCD2021  ,F ,D,28.50,29.00,28.25,28.50,28.50,28.19,18,5222,150531.00,
937573,85PCHFL24   ,F ,D,1065.00,1067.75,1065.00,1067.75,1067.75,1067.75,7,164,174984.00,
937621,96IHFL28    ,F ,D,980.00,980.50,976.50,976.50,976.50,987.00,9,193,189097.00,
937625,875EFSL24   ,F ,D,955.00,955.00,950.00,955.00,955.00,964.00,15,481,459255.00,
937627,91EFSL24    ,F ,D,988.22,990.00,988.21,990.00,990.00,990.00,8,634,627592.00,
937631,915EFSL26   ,F ,D,937.00,937.00,925.10,935.00,935.00,935.00,18,289,268453.00,
937697,10KSFL25    ,F ,D,995.00,995.00,990.00,990.00,990.00,995.00,2,234,232080.00,
937707,820JMFPL26  ,F ,D,1034.50,1034.50,1031.50,1034.00,1034.00,1034.80,7,425,439447.00,
937709,791JMFPL26  ,F ,D,1010.00,1020.00,1010.00,1020.00,1020.00,1020.00,2,10,10110.00,
937721,842IIFL26   ,F ,D,936.00,941.00,936.00,936.00,936.00,948.00,3,26,24366.00,
937743,12IML26     ,F ,D,999.00,999.00,999.00,999.00,999.00,999.00,2,20,19980.00,
937779,MFL291021   ,F ,D,1018.00,1018.01,1018.00,1018.01,1018.01,1018.00,9,350,356302.00,
937787,1003UCL24   ,F ,D,1002.00,1002.00,1000.00,1000.00,1000.00,1012.90,4,50,50010.00,
937791,EFSL281221  ,F ,D,935.10,935.10,935.10,935.10,935.10,935.10,1,14,13091.00,
937793,875EFSL24A  ,F ,D,975.00,975.00,960.05,960.05,960.05,980.90,3,13,12592.00,
937799,915EFSL26A  ,F ,D,960.00,960.00,960.00,960.00,960.00,990.00,4,30,28800.00,
937803,EFSL281221B ,F ,D,900.00,900.00,900.00,900.00,900.00,833.50,1,1,900.00,
937805,93EFSL31A   ,F ,D,968.00,968.00,968.00,968.00,968.00,950.00,1,25,24200.00,
937867,DLSL020222  ,F ,D,995.00,995.00,995.00,995.00,995.00,961.26,1,1,995.00,
937881,8MFL24      ,F ,D,970.00,970.00,965.00,965.00,965.00,965.00,2,20,19350.00,
937889,9MFL30      ,F ,D,990.00,990.00,985.05,985.05,985.05,990.09,4,80,78930.00,
937891,ZCMFL24     ,F ,D,1019.00,1019.00,1019.00,1019.00,1019.00,1002.00,1,250,254750.00,
937897,ZCMFL28     ,F ,D,1014.00,1014.00,1014.00,1014.00,1014.00,1002.00,1,125,126750.00,
937899,ZCMFL30     ,F ,D,1019.00,1019.00,1019.00,1019.00,1019.00,1010.00,1,150,152850.00,
937921,11KAFL27    ,F ,D,1000.00,1000.00,1000.00,1000.00,1000.00,1000.00,1,10,10000.00,
937993,870EHFL25   ,F ,D,972.50,972.50,972.50,972.50,972.50,973.00,1,2,1945.00,
938011,MFLII27B    ,F ,D,940.00,940.00,940.00,940.00,940.00,0.00,3,50,47000.00,
938021,MFLVI32F    ,F ,D,950.50,950.50,950.50,950.50,950.50,950.01,1,103,97901.00,
938025,1040UCL25   ,F ,D,1000.00,1000.00,1000.00,1000.00,1000.00,976.10,4,101,101000.00,
938045,8MMFL23     ,F ,D,980.00,980.00,980.00,980.00,980.00,0.00,2,2,1960.00,
938053,950MMFL26   ,F ,D,985.00,985.00,985.00,985.00,985.00,961.40,6,45,44325.00,
957140,905PNB27    ,F ,D,1052884.93,1052884.93,1052884.93,1052884.93,1052884.93,1000000.00,1,1,1052884.00,
958409,956SBIPERP  ,F ,D,1081300.00,1081300.00,1081300.00,1081300.00,1081300.00,1075410.03,1,1,1081300.00,
958507,EFCL211218  ,F ,D,157100.00,157120.00,157100.00,157120.00,157120.00,157071.00,138,1037,162222148.00,
958656,945SBIPER   ,F ,D,1065000.00,1065000.00,1065000.00,1065000.00,1065000.00,1054000.00,1,1,1065000.00,
959072,850SBIPER   ,F ,D,1071924.58,1071924.58,1071924.58,1071924.58,1071924.58,1068000.00,2,2,2143849.00,
960360,11HFL23A    ,F ,D,1044.50,1044.50,1044.50,1044.50,1044.50,1004.18,1,3000,3133500.00,
960495,1096MECL31  ,F ,D,1075000.00,1075000.00,1075000.00,1075000.00,1075000.00,1055865.00,1,1,1075000.00,
961732,810IRFC2327 ,F ,B,1175.00,1175.00,1160.11,1168.00,1168.00,1186.79,3,61,71097.00,
961742,915SEFL17B  ,F ,B,300.10,426.00,300.10,370.00,370.00,356.00,6,668,237292.00,
961744,812REC27    ,F ,B,1185.19,1185.19,1185.19,1185.19,1185.19,1234.99,1,1,1185.00,
961748,722REC22TF  ,F ,B,1045.30,1045.30,1045.30,1045.30,1045.30,1045.30,1,50,52265.00,
961750,719PFC2023  ,F ,B,1036.75,1037.00,1036.75,1037.00,1037.00,1037.10,2,25,25920.00,
961778,826REC23    ,F ,B,1074.00,1074.00,1071.52,1072.27,1071.52,1063.51,6,216,231611.00,
961785,876HUDCO28  ,F ,B,1231.00,1231.00,1230.00,1230.20,1230.00,1190.50,2,125,153775.00,
961786,874HUDCO33  ,F ,B,1287.50,1287.50,1287.50,1287.50,1287.50,1350.00,1,17,21887.00,
961803,879PFC28    ,F ,B,1237.97,1237.97,1237.94,1237.94,1237.94,1215.00,2,2,2475.00,
961816,901HUDCO34  ,F ,B,1351.00,1351.00,1351.00,1351.00,1351.00,1345.00,1,5,6755.00,
961822,891IIFCL34  ,F ,B,1325.00,1330.00,1325.00,1325.00,1325.00,1339.00,3,39,51720.00,
961830,865IRFC29   ,F ,B,1260.00,1260.00,1233.82,1233.82,1233.82,1210.00,3,60,75338.00,
961837,841IREDA24  ,F ,B,1099.99,1099.99,1061.31,1061.31,1061.31,1050.99,3,4,4322.00,
961839,880IREDA29  ,F ,B,1271.00,1271.00,1271.00,1271.00,1271.00,1300.00,2,5,6355.00,
961849,861KPL24    ,F ,B,1090.00,1090.00,1090.00,1090.00,1090.00,1090.00,1,10,10900.00,
961851,900KPL29    ,F ,B,1199.99,1199.99,1189.99,1191.00,1191.00,1200.00,5,369,440348.00,
961853,900KPL34    ,F ,B,1297.50,1297.50,1297.50,1297.50,1297.50,1312.50,1,49,63577.00,
961885,888IRFC29   ,F ,B,1220.00,1220.00,1220.00,1220.00,1220.00,1215.20,1,32,39040.00,
961895,880IIFCL29  ,F ,B,1203.00,1215.00,1203.00,1204.52,1215.00,1202.05,4,215,258805.00,
961912,HDFCW3      ,W ,B,459.90,459.90,456.90,457.90,457.90,465.85,7,4200,1923900.00,
972655,IFCI010811B ,F ,B,31399.99,31599.99,31399.99,31599.99,31599.99,31350.00,3,30,944499.00,
972657,IFCI010811D ,F ,B,11400.00,11400.00,11400.00,11400.00,11400.00,11450.00,13,210,2394000.00,
972715,IFCI150212C ,F ,B,12151.00,12151.00,12150.00,12151.00,12151.00,12499.00,3,8,97207.00,
972719,IFCI310312A ,F ,B,11400.00,11400.00,11400.00,11400.00,11400.00,11380.00,3,8,91200.00,
972720,IFCI310312B ,F ,B,4943.15,4943.15,4943.15,4943.15,4943.15,4924.05,1,4,19772.00,
972722,IFCI310312D ,F ,B,4839.00,4839.00,4839.00,4839.00,4839.00,4837.50,1,2,9678.00,
972771,990IFCI27B  ,F ,B,25310.00,25310.00,25300.00,25306.67,25300.00,25600.00,2,12,303680.00,
972772,990IFCI32C  ,F ,B,25301.00,25301.00,25301.00,25301.00,25301.00,25499.99,1,4,101204.00,
972893,915PTCIF27A ,F ,B,12325.00,12326.00,12325.00,12326.00,12326.00,12324.00,3,11,135583.00,
973038,925CIFPERP  ,F ,B,529500.00,529500.00,529500.00,529500.00,529500.00,512500.00,1,2,1059000.00,
973064,NFL17MAR21  ,F ,B,1112500.00,1112500.00,1112500.00,1112500.00,1112500.00,1002281.00,1,2,2225000.00,
973232,91TMFLPERP  ,F ,B,1110000.00,1110000.00,1110000.00,1110000.00,1110000.00,1021000.00,1,1,1110000.00,
973491,675PCHFL31  ,F ,B,825.85,827.85,825.24,826.40,826.40,825.70,18,1316,1087047.00,
973881,970UPCL31   ,F ,B,1044877.00,1044877.00,1044851.00,1044851.00,1044851.00,1046222.00,3,3,3134583.00,
