SC_CODE,SC_NAME,SC_GROUP,SC_TYPE,OPEN,HIGH,LOW,CLOSE,LAST,PREVCLOSE,NO_TRADES,NO_OF_SHRS,NET_TURNOV,TDCLOINDI
500002,ABB LTD.    ,A ,Q,2743.55,2760.40,2711.05,2722.40,2722.40,2743.65,1156,6105,16711861.00,
500003,AEGIS LOGIS ,A ,Q,342.00,342.00,325.60,329.50,333.40,342.80,2302,68308,22723876.00,
500008,AMAR RAJA BA,A ,Q,592.00,593.55,563.20,568.15,568.15,588.80,4460,121881,70111232.00,
500009,A.SARABHAI  ,X ,Q,27.00,28.00,26.80,26.90,26.90,27.35,425,133548,3632921.00,
500010,HDFC        ,A ,Q,2662.60,2675.65,2659.95,2670.90,2670.90,2667.30,1411,281672,752072644.00,
500012,ANDHRA PETRO,X ,Q,74.40,74.40,71.60,74.05,74.10,73.05,447,36904,2706552.00,
500014,UTIQUE      ,X ,Q,6.03,6.03,5.67,5.72,5.72,5.96,224,152066,870374.00,
500016,ARUNAHTEL   ,X ,Q,13.95,14.20,13.95,14.20,14.20,13.05,12,3908,54698.00,
500020,BOM DYEING  ,B ,Q,77.65,79.40,77.65,78.55,78.50,78.05,967,65003,5110956.00,
500023,ASIANHOTNR  ,B ,Q,76.70,78.40,76.70,78.40,78.40,77.20,4,520,40343.00,
500027,ATUL LTD.   ,A ,Q,7940.00,8350.00,7886.80,8279.20,8270.00,7917.70,1273,3452,28211535.00,
500028,ATV PROJECTS,XT,Q,9.31,9.74,9.21,9.62,9.60,9.69,47,12207,114465.00,
500031,BAJAJ ELECT.,A ,Q,1196.40,1208.65,1176.50,1188.45,1189.00,1192.45,939,6355,7550130.00,
500032,BAJAJHIND   ,A ,Q,17.40,17.46,16.90,17.03,17.03,17.48,4964,2656471,45560289.00,
500033,FORCE MOTR  ,B ,Q,1393.45,1418.35,1389.10,1401.05,1399.00,1395.55,514,2069,2904147.00,
500034,BAJFINANCE  ,A ,Q,6480.00,6569.00,6464.05,6487.60,6465.00,6504.20,2135,13579,88419887.00,
500038,BALRAM.CHINI,A ,Q,395.95,401.95,386.00,398.15,396.10,396.25,2052,81963,32268900.00,
500039,BANCO PROD. ,B ,Q,200.00,200.80,194.10,198.75,197.75,200.10,979,11446,2274285.00,
500040,CENTURY TEXT,A ,Q,736.90,736.90,706.75,711.50,712.20,710.90,665,6793,4836082.00,
500041,BANNARI AMAN,B ,Q,2779.00,2791.05,2772.00,2772.70,2772.00,2787.45,22,27,75017.00,
500042,BASF INDIA  ,A ,Q,2705.05,2797.00,2705.05,2766.35,2763.00,2727.10,654,2574,7124065.00,
500043,BATA INDIA  ,A ,Q,1637.75,1651.95,1624.00,1634.25,1634.25,1637.25,814,5181,8490026.00,
500048,BEML LTD    ,A ,Q,1385.00,1400.00,1372.70,1387.20,1384.60,1390.25,658,3083,4271530.00,
500049,BHARAT ELECT,A ,Q,99.95,100.90,99.35,99.75,99.75,100.20,2986,255253,25587453.00,
500052,BHANSALI ENG,A ,Q,106.45,107.55,105.90,106.45,106.75,106.45,792,16179,1726733.00,
500058,BIHAR SPONGE,XT,Q,9.65,10.20,9.41,10.12,10.19,9.73,90,21498,215068.00,
500060,BIRLACABLE  ,B ,Q,136.00,138.30,133.15,135.85,135.85,133.95,632,18768,2552173.00,
500067,BLUE STAR   ,A ,Q,1192.80,1209.60,1180.00,1187.45,1190.00,1191.80,1018,4048,4816900.00,
500068,DISA INDIA  ,X ,Q,7800.00,7920.00,7745.20,7920.00,7920.00,7903.75,12,53,417171.00,
500069,QUESTCAP    ,X ,Q,210.00,210.00,206.00,206.00,206.00,210.00,5,182,37816.00,
500074,BPL LTD.    ,B ,Q,62.55,64.15,62.00,63.05,63.10,62.10,203,8141,517999.00,
500078,OAL         ,B ,Q,417.15,422.75,416.20,417.80,417.25,417.50,54,157,66071.00,
500083,CENTURY EXT ,B ,Q,10.30,10.40,10.09,10.19,10.27,10.20,117,22958,235012.00,
500084,CESC LTD.   ,A ,Q,76.10,77.75,76.10,77.10,77.20,77.00,507,41054,3166276.00,
500085,CHAMBAL FERT,A ,Q,296.95,307.00,292.00,303.55,303.55,295.25,4030,180241,54314370.00,
500086,EXIDE IND.  ,A ,Q,178.90,178.90,175.85,178.00,178.00,177.90,1630,82117,14567654.00,
500087,CIPLA LTD.  ,A ,Q,1096.55,1103.00,1084.25,1085.50,1085.50,1096.00,2330,29030,31680690.00,
500089,DIC INDIA   ,B ,Q,379.35,386.95,378.25,384.20,386.80,382.00,59,1286,491484.00,
500092,CRISIL LTD  ,A ,Q,2793.20,2870.00,2793.10,2853.25,2843.60,2792.15,289,1113,3142159.00,
500093,CGPOWER     ,A ,Q,263.00,270.90,262.15,267.70,269.10,263.25,1340,42043,11245407.00,
500096,DABUR (I)   ,A ,Q,576.75,576.75,567.75,568.90,567.95,572.90,709,15542,8865962.00,
500097,DALMIASUG   ,A ,Q,377.30,382.00,371.35,376.45,376.35,377.30,994,16641,6250216.00,
500101,ARVIND Ltd  ,A ,Q,88.00,89.00,86.75,87.10,87.10,87.20,1685,101978,8948624.00,
500102,BALARPUR IND,Z ,Q,1.14,1.14,1.07,1.07,1.10,1.12,281,692024,748595.00,
500103,BHEL        ,A ,Q,77.70,78.30,76.60,77.20,77.20,77.70,4642,919056,71233928.00,
500104,HIND.PETRO  ,A ,Q,230.35,231.65,228.50,230.75,230.35,230.90,897,30917,7120067.00,
500106,IFCI LTD    ,A ,Q,13.20,13.90,12.90,13.58,13.58,13.22,3648,5956253,80418579.00,
500108,MAHA.TELE   ,B ,Q,23.80,26.80,23.80,25.75,25.75,24.00,7006,2637069,68327995.00,
500109,MRPL        ,A ,Q,55.00,55.40,54.55,55.10,55.25,54.95,2592,299032,16436817.00,
500110,CHENNAI PET.,A ,Q,205.90,208.45,201.65,204.85,204.85,203.20,1596,53361,10947792.00,
500112,STATE BANK  ,A ,Q,602.00,606.95,598.85,601.20,601.20,601.85,6481,258405,155896071.00,
500113,STEEL AUTH. ,A ,Q,80.90,81.45,79.90,80.70,80.70,80.80,6965,1200370,97047798.00,
500114,TITAN       ,A ,Q,2509.00,2595.90,2499.35,2581.20,2581.20,2503.65,10120,102885,264420104.00,
500116,IDBI BANK L ,A ,Q,52.90,54.05,52.35,53.05,53.05,52.90,5307,1203714,64123354.00,
500117,DCW LTD.    ,B ,Q,47.05,51.85,47.05,51.45,51.45,47.45,2084,404161,20241238.00,
500119,DHAMPUR SUGA,A ,Q,245.60,245.60,238.30,239.85,239.85,245.80,2035,61416,14776664.00,
500120,DIAMINES&CHM,X ,Q,454.45,454.45,441.20,448.90,449.00,443.15,110,2614,1167123.00,
500123,ELANTAS     ,B ,Q,4249.95,4265.00,4205.05,4234.50,4235.00,4251.65,21,65,275899.00,
500124,DR.REDDY'S  ,A ,Q,4260.00,4266.00,4218.00,4253.25,4253.25,4248.65,848,4052,17193584.00,
500125,E.I.D.PAR   ,A ,Q,574.95,574.95,564.25,569.00,569.00,569.85,1022,11187,6365790.00,
500126,PGHL        ,A ,Q,4097.05,4174.60,4079.00,4094.30,4079.00,4112.95,174,307,1270707.00,
500128,ELEC.CASTING,B ,Q,38.80,39.55,38.00,38.15,38.15,38.20,724,107324,4135603.00,
500133,ESAB INDIA  ,A ,Q,3987.95,4133.35,3970.05,4097.10,4133.35,4021.35,250,531,2147432.00,
500135,EPL         ,A ,Q,167.90,176.30,163.85,166.20,166.55,166.95,1582,42757,7253364.00,
500136,ESTER INDUS.,B ,Q,132.45,133.25,128.55,130.75,131.40,128.40,402,14400,1891099.00,
500142,FGP LTD.    ,X ,Q,6.30,7.40,6.30,7.40,7.40,7.09,10,619,4483.00,
500143,P.H.CAPITAL ,X ,Q,76.10,80.45,76.10,78.40,77.00,77.10,48,1562,121815.00,
500144,FINOL. CABLE,A ,Q,546.50,558.85,538.85,555.95,555.00,540.90,1987,30147,16538782.00,
500147,COCKERILL   ,X ,Q,1180.00,1240.00,1165.00,1201.05,1200.00,1207.10,42,410,491479.00,
500148,UFLEX LTD   ,A ,Q,557.10,563.90,555.20,559.95,561.40,555.25,705,7566,4228625.00,
500150,FOSECO INDIA,B ,Q,1908.15,1962.95,1898.10,1962.95,1962.95,1907.10,25,34,65858.00,
500151,GOLDEN TOB  ,Z ,Q,65.00,66.50,63.50,65.50,64.05,64.55,78,2345,151862.00,
500153,GANESH BENZO,B ,Q,143.75,144.00,140.70,143.55,143.70,143.10,165,3032,432999.00,
500159,METROGLOBL  ,X ,Q,93.05,93.05,86.50,89.45,89.80,88.30,34,4115,364236.00,
500160,GTL LTD.    ,B ,Q,8.10,8.20,8.02,8.07,8.07,8.03,127,49782,404005.00,
500163,GODFREY PH  ,A ,Q,1834.95,1884.00,1780.55,1871.95,1871.95,1829.95,1116,7933,14513124.00,
500164,GODREJ IND  ,A ,Q,437.00,440.35,433.50,434.65,435.60,437.25,499,6865,2994148.00,
500165,KANSAI NERO ,A ,Q,435.00,440.00,431.00,437.85,439.45,433.20,337,3767,1641241.00,
500166,GOODRICKE   ,X ,Q,206.00,206.00,200.05,201.95,201.95,199.45,119,5137,1040867.00,
500168,GOODYEAR (I),B ,Q,1077.00,1125.45,1067.05,1119.05,1112.35,1075.60,724,5026,5563839.00,
500170,GTN INDUS   ,X ,Q,40.95,41.40,40.00,40.05,40.00,40.20,65,6865,276581.00,
500171,GHCL LTD    ,A ,Q,507.50,513.50,504.70,511.75,511.80,508.40,813,8737,4445912.00,
500173,GFLLIMITED  ,B ,Q,64.40,65.10,63.75,64.95,64.95,63.70,53,1134,73060.00,
500174,GUJ.LEASE   ,B ,Q,3.35,3.35,3.05,3.06,3.06,3.21,36,17413,53241.00,
500179,HCL INFOSYS ,B ,Q,16.25,16.90,16.15,16.30,16.35,16.35,236,70943,1167021.00,
500180,HDFC BANK   ,A ,Q,1629.00,1632.90,1623.00,1629.45,1629.45,1630.65,5775,132818,216312694.00,
500182,HEROMOTOCO  ,A ,Q,2714.95,2726.50,2687.10,2694.65,2694.95,2700.30,738,3662,9917185.00,
500183,HFCL        ,A ,Q,73.40,74.90,72.65,73.90,73.90,73.40,5173,993813,73549652.00,
500184,HSCL        ,A ,Q,94.35,96.70,93.05,96.10,96.35,93.90,1582,153580,14619881.00,
500185,HIND.CONSTN.,A ,Q,19.00,19.25,18.55,18.80,18.80,19.20,3964,3912942,74018765.00,
500186,HIND.OIL EXP,A ,Q,137.65,138.10,135.85,137.10,137.55,137.65,406,10156,1389704.00,
500187,AGI         ,A ,Q,319.45,325.90,317.45,319.00,318.40,314.85,989,14295,4593338.00,
500188,HINDUS.ZI   ,A ,Q,321.40,326.30,319.00,324.05,324.05,321.65,1649,34626,11216104.00,
500189,NXTDIGITAL  ,T ,Q,128.50,134.65,128.50,132.50,132.50,132.20,30,2682,351873.00,
500191,HMT LTD.    ,Z ,Q,35.00,35.95,35.00,35.40,35.25,35.50,31,1546,54950.00,
500192,PRAG BOSIMI ,XT,Q,2.45,2.48,2.36,2.37,2.37,2.45,25,4263,10119.00,
500193,HLVLTD      ,B ,Q,12.00,12.32,11.86,11.95,11.99,12.22,122,36536,442002.00,
500199,I.G.PETRO   ,B ,Q,503.95,519.65,503.95,514.95,514.60,507.70,144,1321,680252.00,
500201,IND.GLYCOLS ,A ,Q,765.65,767.55,753.30,764.45,766.90,764.60,395,1740,1323033.00,
500202,IND.LEAS.DEV,X ,Q,7.70,7.71,7.35,7.43,7.40,7.35,31,4128,31521.00,
500206,MARGO FIN   ,X ,Q,22.70,24.00,22.70,23.10,24.00,23.40,10,702,16422.00,
500207,INDO RAMA   ,B ,Q,56.75,61.95,56.75,59.95,60.00,56.55,765,52961,3163543.00,
500209,INFOSYS LTD ,A ,Q,1505.00,1524.95,1498.85,1510.85,1510.85,1515.50,16513,209070,315632086.00,
500210,INGERSOLL   ,A ,Q,1871.55,1930.00,1871.55,1907.60,1894.60,1908.90,357,1294,2477013.00,
500213,INTER.TRAVEL,X ,Q,202.50,216.00,202.50,211.50,211.50,208.50,158,7976,1667299.00,
500214,ION EXCHANGE,A ,Q,2700.05,2735.75,2658.75,2699.25,2702.30,2697.20,1037,4455,12041512.00,
500215,AGRO TECH FO,B ,Q,815.00,848.30,815.00,834.70,832.00,832.45,67,388,322967.00,
500219,JAIN IRRIG  ,A ,Q,31.65,32.35,31.55,31.90,31.90,31.60,680,172419,5527746.00,
500220,JASCH INDUST,X ,Q,166.85,171.00,165.10,170.05,171.00,166.10,130,8491,1429687.00,
500223,JCT LTD     ,X ,Q,3.20,3.31,3.20,3.22,3.22,3.21,647,463164,1508799.00,
500227,JINDAL POLYF,A ,Q,785.05,819.15,785.05,799.70,798.70,801.70,760,2762,2237116.00,
500228,JSWSL       ,A ,Q,763.00,767.00,757.55,761.10,761.10,764.65,1822,55911,42595962.00,
500231,UMANG DAIR  ,B ,Q,63.00,63.20,60.90,61.40,61.45,62.35,50,1650,103205.00,
500233,KAJARIA CER.,A ,Q,1104.50,1138.40,1095.95,1132.05,1133.00,1101.25,568,2480,2772139.00,
500234,KAKATIYA CEM,B ,Q,204.50,210.55,203.55,206.30,207.00,207.80,88,562,115325.00,
500235,KALYANI STEL,B ,Q,360.05,369.55,360.05,365.00,365.00,362.80,838,7653,2792422.00,
500236,KANELIND    ,XT,Q,2.31,2.31,2.14,2.23,2.27,2.20,49,8041,17785.00,
500238,WHIRLPOOL   ,A ,Q,1531.70,1531.70,1480.75,1487.40,1480.75,1484.55,301,1518,2261565.00,
500239,KG DENIM    ,X ,Q,33.25,33.55,32.00,32.40,32.95,32.95,55,17923,587642.00,
500240,KINETIC ENG.,X ,Q,105.60,105.60,105.60,105.60,105.60,100.60,10,723,76348.00,
500241,KIRL.BROS.  ,B ,Q,324.95,324.95,311.30,314.90,314.90,321.35,869,6794,2142224.00,
500243,KIRL INDUS  ,B ,Q,1916.80,1919.90,1891.00,1895.20,1894.00,1906.25,52,267,511085.00,
500245,KIRL.FERROUS,A ,Q,358.00,370.80,346.50,352.15,355.50,359.35,4855,159680,57115402.00,
500246,ENVAIN ELECT,X ,Q,58.85,58.85,58.85,58.85,58.85,56.05,7,572,33662.00,
500247,KOTAK MAH.BK,A ,Q,1825.00,1831.65,1816.65,1820.25,1819.55,1820.50,1399,13225,24128189.00,
500248,KRIFILIND   ,X ,Q,4.81,4.81,4.79,4.79,4.79,4.59,6,2010,9657.00,
500249,KSB         ,A ,Q,1929.15,1939.80,1905.80,1927.70,1918.30,1917.35,106,195,374942.00,
500250,L.G.BALKRISH,A ,Q,666.05,689.00,666.05,680.85,682.30,678.05,431,3902,2653103.00,
500251,TRENT LTD.  ,A ,Q,1349.95,1356.75,1334.60,1346.30,1346.30,1340.85,970,8662,11676906.00,
500252,LAXMIMACH   ,A ,Q,11874.40,11906.65,11749.90,11820.35,11805.00,11845.90,485,816,9642509.00,
500253,LIC HOUS.FIN,A ,Q,410.05,419.90,410.00,416.00,417.25,413.80,987,28460,11842188.00,
500257,LUPIN LTD.  ,A ,Q,739.05,745.80,725.45,732.35,731.05,741.80,2522,37935,27878914.00,
500259,LYKA LABS   ,B ,Q,129.75,131.50,128.25,129.20,128.95,129.20,245,5414,702172.00,
500260,RAMCOCEM    ,A ,Q,705.20,711.00,701.15,710.60,710.90,705.10,373,3557,2515580.00,
500262,HYBRIDFIN   ,B ,Q,23.36,23.36,23.36,23.36,23.36,24.58,4,270,6307.00,
500264,MAFATLAL IND,X ,Q,67.80,67.80,64.10,65.10,64.85,67.30,250,16728,1091630.00,
500265,MAH.SEAMLESS,A ,Q,300.60,314.45,300.60,304.60,304.60,299.90,1862,33271,10298518.00,
500266,MAH.SCOOTER ,A ,Q,4468.70,4504.80,4452.15,4465.05,4452.15,4440.40,140,263,1176528.00,
500267,MAJESTIC AUT,X ,Q,129.70,131.60,125.30,129.30,130.70,126.10,47,5130,662845.00,
500268,MANALI PETRO,A ,Q,80.65,83.20,79.80,80.60,80.75,80.05,1324,51297,4168578.00,
500270,BARODA RAYON,XT,Q,334.90,339.00,312.30,318.95,325.00,326.65,859,13180,4320847.00,
500271,MFSL        ,A ,Q,671.05,684.00,670.10,671.55,670.10,680.40,739,11115,7561387.00,
500277,MID INDIA IN,XT,Q,9.71,10.20,9.24,9.43,9.24,9.72,79,12663,125210.00,
500279,MIRC ELECT  ,B ,Q,18.70,19.90,18.70,19.15,19.30,19.10,560,126912,2450425.00,
500280,CENTURY ENKA,B ,Q,411.90,422.05,411.30,415.35,415.55,412.70,217,2401,1003420.00,
500284,LORDS CHLORO,X ,Q,230.40,230.40,230.40,230.40,230.40,219.45,60,4964,1143705.00,
500285,SPICEJET LTD,A ,Q,37.75,38.70,37.75,38.20,38.20,37.65,1783,356454,13606786.00,
500288,MOREPEN LAB.,A ,Q,37.65,39.85,37.35,38.00,38.00,37.00,9525,2826711,108415220.00,
500290,MRF LTD.    ,A ,Q,88990.00,88990.00,87555.00,87895.60,87800.00,88021.20,101,126,11104997.00,
500292,HEIDEL CEM  ,A ,Q,185.50,187.30,183.85,186.55,187.00,185.60,679,13667,2540316.00,
500294,NCC         ,A ,Q,82.50,84.20,81.35,83.45,83.45,82.15,3120,441117,36618163.00,
500295,VEDL        ,A ,Q,307.00,307.00,304.10,304.85,304.85,307.65,3925,253118,77298741.00,
500296,NAHAR SPG.  ,B ,Q,290.00,292.50,281.50,286.35,286.55,282.80,366,4630,1331976.00,
500298,NAT.PEROXIDE,X ,Q,1437.90,1443.00,1412.05,1439.75,1440.00,1425.45,70,787,1129712.00,
500300,GRASIM IND. ,A ,Q,1739.75,1767.00,1738.15,1752.05,1752.05,1739.75,1093,8323,14597928.00,
500302,PEL         ,A ,Q,824.05,836.05,816.00,822.90,822.90,828.15,1649,28325,23289567.00,
500304,NIIT LTD.   ,A ,Q,314.20,318.15,305.00,305.50,305.35,315.10,1371,24490,7593470.00,
500306,JAYKAY      ,X ,Q,56.25,59.00,55.15,57.00,57.70,56.25,138,25392,1444288.00,
500307,NIRLON      ,B ,Q,354.00,354.50,350.00,352.20,352.20,354.65,44,649,228918.00,
500312,ONGC CORPN  ,A ,Q,143.15,144.65,142.70,143.90,143.90,144.90,4255,331918,47693214.00,
500313,OIL COUNTRY ,B ,Q,17.30,18.20,17.10,18.10,18.10,17.35,49,7990,143274.00,
500314,ORIENT HOTEL,B ,Q,71.60,73.25,69.95,71.70,71.70,71.45,2317,252356,17869124.00,
500317,OSWAL AGRO. ,B ,Q,39.65,41.80,39.50,39.70,39.50,39.55,158,8964,361758.00,
500319,INDIAN SUCRO,X ,Q,60.80,60.80,58.50,59.50,59.50,59.80,51,4219,249918.00,
500325,RELIANCE    ,A ,Q,2535.90,2549.90,2521.25,2544.45,2544.45,2545.05,13441,168925,428650652.00,
500327,PILITA      ,B ,Q,8.02,8.32,8.00,8.03,8.08,8.14,67,35930,292129.00,
500330,RAYMOND     ,A ,Q,1427.95,1458.25,1411.70,1441.85,1437.85,1421.30,2999,40009,57473572.00,
500331,PIDILITE    ,A ,Q,2548.95,2632.85,2527.50,2588.60,2588.60,2536.70,1405,8626,22278220.00,
500333,PIX TRANS   ,B ,Q,845.55,893.35,845.50,865.90,865.00,845.45,611,4108,3576504.00,
500335,BIRLA CORPN.,A ,Q,994.95,995.55,956.80,969.60,969.60,979.35,1039,7106,6934957.00,
500336,SURYA ROSHNI,A ,Q,495.00,503.60,488.10,490.80,493.30,498.85,1371,23048,11378966.00,
500337,PRIME SECUR.,B ,Q,98.55,99.70,98.00,99.25,99.70,99.20,34,1198,117988.00,
500338,PRSMJOHNSN  ,A ,Q,103.05,105.20,100.30,101.55,101.55,103.30,1544,234792,23886669.00,
500339,RAIN        ,A ,Q,167.00,169.20,165.90,168.05,167.00,167.10,1188,57779,9707119.00,
500343,AMJLAND     ,B ,Q,27.60,28.55,27.25,27.65,28.00,28.20,86,11851,329907.00,
500346,PUN.COMMUNI.,B ,Q,29.50,31.95,28.50,31.60,31.60,29.50,52,10306,322595.00,
500350,RSWM  LTD   ,B ,Q,187.05,188.05,181.45,183.00,185.00,183.40,963,8927,1649346.00,
500354,RAJSH.SUGAR ,B ,Q,57.00,57.55,53.75,54.25,54.25,55.10,254,10813,602625.00,
500355,RALLIS INDIA,A ,Q,234.45,238.15,232.25,236.30,236.30,234.15,993,28066,6622760.00,
500356,RAMANEWS    ,B ,Q,15.55,15.55,15.05,15.25,15.30,15.05,100,9064,138753.00,
500357,RAMA PAPER  ,X ,Q,24.50,24.50,22.80,23.55,24.00,23.40,16,301,7088.00,
500358,RAMA PETRO  ,X ,Q,4.03,4.03,4.03,4.03,4.03,4.03,4,200,806.00,
500360,RAPICUT CARB,X ,Q,52.85,53.00,51.10,52.90,52.90,51.80,6,99,5172.00,
500365,WELSPLSOL   ,X ,Q,16.20,16.75,15.85,16.10,15.95,16.20,199,109019,1783757.00,
500366,ROLTA (I)   ,Z ,Q,3.92,4.09,3.90,3.97,3.97,4.05,100,75940,300947.00,
500367,RUBFILA INT.,X ,Q,78.00,78.50,77.55,78.25,78.30,77.95,203,21975,1713689.00,
500368,PATANJALI   ,T ,Q,1156.45,1170.00,1106.10,1162.05,1162.05,1152.85,1043,10944,12633512.00,
500370,SALORA INT. ,X ,Q,37.35,37.35,35.50,35.80,35.80,36.55,5,72,2684.00,
500378,JINDAL SAW  ,A ,Q,100.50,101.75,100.25,101.15,100.70,99.90,2307,216415,21861724.00,
500380,JK LAKSHMI  ,A ,Q,790.20,805.15,790.20,798.60,797.10,802.10,509,9176,7342183.00,
500387,SHREE CEMENT,A ,Q,24102.00,24426.00,24081.25,24286.45,24190.55,24140.10,410,534,12955878.00,
500390,REL INFRA   ,A ,Q,134.50,141.20,134.35,136.70,136.70,135.10,4065,211058,29090276.00,
500400,TATA POWER  ,A ,Q,207.10,210.30,206.85,208.15,208.15,207.70,16014,904799,188956533.00,
500402,SPMLINFRA   ,B ,Q,24.05,25.55,24.05,25.55,25.55,24.35,23,1257,31735.00,
500403,SUNDARAM FAS,A ,Q,930.05,964.90,930.05,960.70,960.15,932.45,670,3558,3387023.00,
500404,SUNFLAG IRON,B ,Q,112.95,115.10,109.60,111.15,111.15,111.15,3712,212121,23817636.00,
500405,SUPREME PET ,A ,Q,770.30,781.05,766.50,772.10,775.35,767.95,129,809,627084.00,
500407,SWARAJ ENGIN,B ,Q,1556.55,1570.00,1542.00,1559.85,1554.05,1548.65,74,149,231916.00,
500408,TATA ELXSI  ,A ,Q,6454.95,6454.95,6305.10,6330.35,6320.00,6431.35,2515,12969,82498042.00,
500410,ACC LTD     ,A ,Q,2468.00,2475.00,2449.00,2456.35,2460.95,2475.05,640,2883,7093600.00,
500411,THERMAX     ,A ,Q,1931.55,1960.75,1928.00,1951.75,1960.75,1932.20,330,1359,2639747.00,
500412,THIRUMALAI  ,A ,Q,200.75,204.90,200.75,202.10,201.15,200.75,788,24741,5021046.00,
500413,THOMAS COOK ,A ,Q,71.85,74.60,71.35,73.00,72.80,72.75,742,29110,2127412.00,
500414,TIMEX GROUP ,XT,Q,143.50,146.50,140.00,145.10,145.10,143.45,255,49357,7020682.00,
500418,TOKYO PLAST ,B ,Q,97.75,98.20,97.70,97.90,97.90,97.30,4,82,8040.00,
500420,TORRENT PHAR,A ,Q,1579.65,1581.70,1570.45,1574.85,1579.10,1579.70,176,744,1172489.00,
500422,TRANSCHEM   ,X ,Q,27.75,32.95,27.75,31.50,31.50,27.80,289,50579,1578336.00,
500425,AMBUJA CEME ,A ,Q,526.95,527.35,516.60,518.55,518.55,523.60,4264,181904,95011956.00,
500426,UTLINDS     ,X ,Q,3.37,3.60,3.13,3.29,3.26,3.35,107,41238,134695.00,
500429,UNIPHOS ENT.,B ,Q,134.70,139.40,133.80,138.15,138.25,134.65,63,3649,494020.00,
500439,VARD HOLDNG ,B ,Q,2912.10,2949.95,2868.30,2911.70,2949.00,2938.70,76,589,1726879.00,
500440,HINDALCO    ,A ,Q,467.00,473.40,463.85,466.20,466.20,471.10,5505,269136,126133736.00,
500444,WEST COAS PA,A ,Q,515.40,518.15,503.50,512.20,512.20,504.10,819,7780,3982693.00,
500449,HIND.ORG.CHM,B ,Q,30.00,33.85,30.00,32.90,32.90,30.15,1113,567672,18592212.00,
500456,PAS.ACRYLON ,B ,Q,33.05,33.90,33.00,33.15,33.40,33.10,48,1973,65880.00,
500458,KORE        ,XT,Q,11.00,11.00,10.50,10.78,10.80,10.55,79,10654,115085.00,
500459,PROCTER &GAM,A ,Q,14127.00,14170.00,13950.00,14129.20,14086.00,14072.50,61,70,982141.00,
500460,MUKAND LTD. ,B ,Q,127.70,135.70,125.60,134.75,134.75,126.95,2593,119228,15731326.00,
500463,BBOX        ,B ,Q,141.60,141.60,133.65,135.05,135.50,140.85,102,1755,240350.00,
500464,UCAL FUEL   ,B ,Q,125.65,128.20,125.65,127.70,128.20,125.70,142,1469,186728.00,
500467,HARR.MALAYAL,B ,Q,136.75,138.00,136.50,137.05,137.00,137.00,131,2591,355128.00,
500469,FEDERAL BANK,A ,Q,132.90,134.20,131.45,133.60,133.60,132.90,2747,265668,35327534.00,
500470,TATA STEEL  ,A ,Q,111.15,112.25,109.70,109.95,109.95,111.15,22970,3691519,409615373.00,
500472,SKF INDIA   ,A ,Q,4455.05,4606.15,4455.05,4573.40,4580.70,4631.10,252,617,2826525.00,
500477,ASHOK LEYL. ,A ,Q,141.75,144.90,141.00,143.80,143.80,141.75,2634,293408,42101629.00,
500480,CUMMINS (I) ,A ,Q,1372.05,1393.00,1353.25,1387.90,1387.90,1373.15,854,9464,13056303.00,
500483,TATA COMM   ,A ,Q,1276.95,1276.95,1249.65,1254.30,1254.30,1271.55,1479,16584,20909059.00,
500488,ABBOTT (I)  ,A ,Q,21636.05,21750.00,21485.10,21654.95,21621.00,21632.40,395,564,12194925.00,
500490,BAJ HOLD INV,A ,Q,5835.00,5872.45,5835.00,5852.45,5852.45,5867.40,535,1449,8483142.00,
500493,BHARAT FORGE,A ,Q,871.00,881.10,866.80,873.75,874.25,872.65,883,11401,9971492.00,
500495,ESCORTS     ,A ,Q,2080.00,2158.20,2080.00,2114.00,2114.00,2086.05,2659,24766,52552728.00,
500500,HIND.MOTORS ,T ,Q,18.20,18.25,17.20,17.55,17.40,17.60,525,87379,1544564.00,
500510,LARSEN & TOU,A ,Q,2130.00,2136.00,2115.10,2120.80,2120.80,2123.75,6394,56989,121178157.00,
500520,MAH & MAH   ,A ,Q,1233.00,1255.00,1226.40,1251.95,1251.95,1232.60,2334,46441,57889738.00,
500530,BOSCH LTD   ,A ,Q,17002.20,17458.55,17002.20,17285.10,17351.70,17221.80,321,527,9138791.00,
500540,PREMIER LTD ,T ,Q,3.15,3.30,3.15,3.30,3.30,3.15,36,26360,86683.00,
500547,BHARAT PET. ,A ,Q,326.00,326.15,322.35,324.20,324.20,326.05,2877,98206,31810534.00,
500550,SIEMENS LTD.,A ,Q,2840.05,2881.00,2836.95,2861.55,2866.25,2852.50,497,2327,6661495.00,
500570,TATA MOTORS ,A ,Q,394.15,395.95,390.60,391.40,391.40,394.15,19972,647942,254600297.00,
500575,VOLTAS LTD  ,A ,Q,800.00,802.50,791.50,798.00,798.00,797.90,2411,28555,22765911.00,
500620,GREAT EASTE ,A ,Q,687.95,687.95,653.75,659.55,657.70,681.50,1458,16567,11038113.00,
500645,DEEPAK FERT.,A ,Q,659.95,715.60,657.45,709.50,709.50,657.45,4761,109960,76207491.00,
500650,EXCEL INDUST,B ,Q,1101.20,1169.95,1101.20,1126.55,1143.75,1123.90,264,1308,1494703.00,
500655,GRWRHITECH  ,B ,Q,647.00,668.05,642.35,663.50,664.90,648.50,157,1925,1269636.00,
500660,GLAXOSMITH  ,A ,Q,1342.95,1342.95,1325.00,1330.30,1334.20,1330.45,221,1197,1591825.00,
500670,GUJ.NARMADA ,A ,Q,533.95,563.10,528.65,558.05,558.05,529.95,3436,98238,53973269.00,
500672,NOVARTIS    ,B ,Q,680.85,687.95,676.00,682.90,682.90,680.40,36,68,46509.00,
500674,SANOFI      ,A ,Q,5776.05,5899.95,5776.05,5878.20,5850.00,5843.65,93,208,1217167.00,
500680,PFIZER LTD. ,A ,Q,4323.80,4350.00,4315.00,4328.05,4315.00,4318.05,160,370,1603038.00,
500690,GUJ.ST.FERT ,A ,Q,127.55,142.45,126.60,140.40,140.40,127.35,10697,951549,129286763.00,
500696,HIND UNI LT ,A ,Q,2590.00,2603.00,2579.00,2584.05,2585.70,2590.70,1760,38489,99605710.00,
500710,AKZOINDIA   ,A ,Q,2206.15,2240.80,2188.60,2200.35,2221.00,2195.70,256,700,1547816.00,
500730,NOCIL LTD   ,A ,Q,233.85,239.00,232.30,234.25,234.25,234.00,858,25693,6067081.00,
500770,TATA CHEM.  ,A ,Q,924.75,939.10,915.35,933.20,933.20,918.60,5212,77631,72173700.00,
500777,T.P.L.      ,B ,Q,90.00,93.55,89.60,91.10,91.00,90.50,659,15270,1379495.00,
500780,ZUARIIND    ,B ,Q,139.70,147.50,139.70,144.40,142.40,140.00,412,7368,1057312.00,
500790,NESTLE (I)  ,A ,Q,19893.20,19893.20,19701.95,19850.60,19840.90,19779.85,363,512,10134653.00,
500800,TATACONSUM  ,A ,Q,779.95,782.80,773.15,779.90,779.90,777.85,2485,26280,20451367.00,
500820,ASIAN PAINTS,A ,Q,3112.00,3142.00,3104.90,3124.00,3124.00,3109.80,2477,28019,87613589.00,
500825,BRITANIA IND,A ,Q,4360.00,4403.90,4360.00,4385.50,4368.30,4371.85,861,2262,9921508.00,
500830,COLGATE PALM,A ,Q,1562.35,1575.00,1557.35,1562.80,1566.65,1569.55,946,5874,9192017.00,
500840,EIH LTD.    ,A ,Q,162.35,176.00,160.85,172.75,172.75,162.25,2821,126722,21463156.00,
500850,INDIAN HOTEL,A ,Q,315.55,317.15,308.05,316.10,316.10,314.50,3967,181112,56623819.00,
500870,CASTROL     ,A ,Q,121.95,124.65,121.15,124.20,124.40,121.70,1121,50877,6266684.00,
500875,ITC LTD.    ,A ,Q,333.00,335.00,331.50,334.50,334.10,333.05,4232,148367,49368732.00,
500877,APOLLO TYRES,A ,Q,324.90,326.50,319.75,321.85,321.85,323.80,2030,95811,30936417.00,
500878,CEAT LIMITED,A ,Q,1661.00,1661.85,1608.60,1638.45,1633.20,1660.55,962,7430,12115085.00,
500890,MODI RUBBER ,T ,Q,69.00,70.00,68.15,68.15,68.15,67.80,10,565,39389.00,
500940,FINOLEX IND.,A ,Q,185.15,186.95,181.85,183.60,183.90,185.80,1385,56191,10381097.00,
501148,DALAL ST INV,XT,Q,244.05,244.05,244.05,244.05,244.05,249.00,1,25,6101.00,
501150,CENTRUM CAP ,B ,Q,24.25,24.50,23.60,24.30,24.30,23.70,48,6422,156166.00,
501295,INDUS.INV.TR,B ,Q,81.95,91.75,81.95,83.85,83.85,78.60,119,2962,256433.00,
501298,INDUS.&PRUD.,X ,Q,1849.00,1850.00,1849.00,1850.00,1850.00,1840.00,4,10,18496.00,
501301,TATA INVEST.,A ,Q,2153.80,2153.80,2094.80,2115.90,2115.00,2130.50,810,2235,4741795.00,
501311,JAYBH.CREDIT,X ,Q,12.99,12.99,12.99,12.99,12.99,13.20,1,100,1299.00,
501314,PRISMX      ,XT,Q,2.42,2.45,2.42,2.42,2.42,2.46,326,111054,268780.00,
501343,MOTOR&GEN.FI,B ,Q,27.30,27.30,26.50,26.60,26.60,26.20,48,1676,45127.00,
501370,WALCHAND PF ,X ,Q,112.00,119.10,112.00,118.70,118.70,111.55,12,119,13728.00,
501391,W.H.BRADY   ,X ,Q,285.00,289.00,237.65,257.35,257.35,262.90,52,1719,441146.00,
501423,SHA ENG PLA ,B ,Q,1623.40,1663.95,1616.60,1653.85,1653.85,1626.05,39,4500,7438600.00,
501425,BOM.BURMAH  ,A ,Q,917.60,918.45,909.60,916.95,916.45,913.20,206,1052,961846.00,
501430,BOM.CYCLE   ,X ,Q,765.00,779.60,715.00,737.70,740.05,756.60,119,833,622969.00,
501455,GREAVES COTT,A ,Q,132.00,134.25,131.10,133.50,133.50,131.85,1865,65000,8658248.00,
501622,AMALGAMATED ,XT,Q,25.70,25.70,25.70,25.70,25.70,25.70,5,12,308.00,
501700,INDIA NIVEH ,X ,Q,43.50,45.75,41.30,45.25,45.25,44.10,16,2310,101148.00,
501831,COAST CORP  ,B ,Q,248.05,248.05,233.00,235.80,233.05,243.95,460,2956,703889.00,
501833,CHOWGULE ST ,XT,Q,12.24,12.80,12.06,12.74,12.74,12.22,10,1228,15114.00,
501848,GLOBAL OFFS ,X ,Q,50.80,50.80,48.00,49.70,49.65,48.45,81,15328,755586.00,
502015,ASIIL       ,X ,Q,12.20,12.60,11.90,11.97,12.04,12.19,44,25117,305114.00,
502090,SAGAR CEM.  ,B ,Q,223.80,229.70,223.10,224.15,224.40,225.10,246,3046,690875.00,
502137,DECAN CEMENT,B ,Q,500.00,504.25,489.00,490.75,490.75,495.80,253,1698,837979.00,
502157,MANGALAM CEM,B ,Q,302.20,302.95,297.45,297.85,297.50,300.25,97,438,131260.00,
502168,N C L IND.  ,B ,Q,170.10,172.00,169.20,171.55,171.95,170.30,239,3951,674813.00,
502175,SAURAS.CEM. ,X ,Q,57.50,59.75,57.40,59.05,59.05,58.00,135,6223,366550.00,
502180,SRI DIGV CEM,B ,Q,69.50,71.60,69.30,70.85,70.85,70.25,823,44917,3149689.00,
502219,BORORENEW   ,A ,Q,509.15,520.80,504.75,511.15,513.35,508.30,949,13906,7148172.00,
502250,LERTHAI     ,XT,Q,551.10,551.10,551.10,551.10,551.10,580.10,5,72,39679.00,
502281,TRIVENI GLAS,XT,Q,21.75,22.50,21.15,22.25,22.25,21.80,26,3077,67973.00,
502294,NILACHAL REF,X ,Q,38.50,41.00,38.20,40.40,40.40,40.40,37,2509,98710.00,
502330,ANDPAPER    ,B ,Q,416.65,424.15,411.30,420.85,420.80,415.40,249,3213,1345565.00,
502355,BALKRISH IND,A ,Q,2114.60,2114.60,2073.90,2092.05,2090.05,2095.05,648,4043,8446218.00,
502420,ORIENT PAPER,B ,Q,37.15,41.00,36.75,40.40,40.40,36.80,4513,983992,38668905.00,
502445,CITADEL     ,XT,Q,24.45,24.45,22.70,23.00,22.75,23.85,16,5054,123518.00,
502448,ROLLATAINER ,B ,Q,1.35,1.37,1.31,1.35,1.35,1.35,109,188904,252058.00,
502450,SESHA.PAPER ,B ,Q,270.20,276.70,266.00,272.50,272.45,269.60,435,2895,787091.00,
502563,SH.BHAWANI  ,Z ,Q,3.30,3.30,3.30,3.30,3.30,3.29,2,6,19.00,
502587,NATHIND     ,X ,Q,64.05,68.70,64.05,66.70,66.05,65.00,61,5524,371083.00,
502742,SINTEX IND. ,T ,Q,4.06,4.06,4.06,4.06,4.06,4.27,280,127776,518770.00,
502820,DCM LTD.    ,B ,Q,85.95,85.95,81.80,84.50,84.50,82.45,125,9794,821212.00,
502865,FORBES & CO ,B ,Q,660.00,690.00,660.00,677.85,677.85,667.00,157,2442,1639395.00,
502873,H.P.COTTON  ,X ,Q,105.00,108.90,104.35,108.05,108.10,104.65,23,1246,133729.00,
502893,UNITEDINT   ,X ,Q,47.60,47.60,47.60,47.60,47.60,47.55,1,2,95.00,
502901,JAMSHRI     ,X ,Q,3586.35,3586.35,3586.35,3586.35,3586.35,3516.00,1,1,3586.00,
502933,KATARE SPG. ,X ,Q,305.90,305.90,282.50,305.00,305.00,299.90,12,322,96049.00,
502937,KESORAM IND ,B ,Q,57.85,58.75,57.40,58.00,58.00,58.05,602,34628,2016646.00,
502958,LAKSHMI MILL,X ,Q,4120.00,4299.00,4050.00,4075.45,4091.90,4198.00,67,367,1513821.00,
502986,VARDH TEXT  ,A ,Q,329.65,330.00,322.05,329.70,329.70,325.55,553,8018,2617794.00,
503031,PENLAND LTD ,B ,Q,12.00,12.74,12.00,12.63,12.63,12.21,61,7183,89727.00,
503092,PASUPATI SPG,X ,Q,23.00,23.00,23.00,23.00,23.00,22.65,9,998,22954.00,
503100,PHOENIX MILL,A ,Q,1375.00,1404.90,1362.10,1383.20,1379.25,1388.30,1038,5000,6932349.00,
503101,MARATHON NEX,B ,Q,237.30,237.30,224.50,230.70,230.35,235.10,365,2162,496898.00,
503127,RAJA BAHADUR,XT,Q,3800.00,4100.00,3800.00,3900.00,3900.00,3993.00,9,19,74340.00,
503162,REL.CHEMOTX ,B ,Q,194.25,194.70,190.00,190.10,190.00,193.90,69,290,55700.00,
503169,RUBY MILLS  ,B ,Q,199.70,206.35,197.30,206.20,205.25,198.75,109,1094,223706.00,
503310,SWAN ENG    ,A ,Q,278.45,290.40,278.45,284.80,284.80,279.85,998,22028,6296005.00,
503349,VICTORIA MIL,XT,Q,2709.00,2758.90,2700.00,2711.25,2700.00,2684.50,11,30,81478.00,
503624,SVARAJ TRAD ,X ,Q,7.65,7.88,7.00,7.20,7.38,7.45,57,17894,131966.00,
503641,ZODIAC VEN  ,X ,Q,34.90,36.60,34.90,36.60,36.60,34.90,26,7329,265670.00,
503657,VEER ENERGY ,XT,Q,13.10,13.10,12.25,12.73,12.75,12.84,163,36302,455003.00,
503663,TILAK       ,X ,Q,4.50,4.50,4.33,4.39,4.40,4.39,402,105818,464392.00,
503669,KKFIN       ,X ,Q,14.50,14.50,14.00,14.00,14.00,14.50,7,153,2192.00,
503675,WAGEND      ,X ,Q,0.99,0.99,0.95,0.96,0.97,0.98,309,111575,107580.00,
503685,MEDIA ONE   ,XT,Q,13.70,13.70,13.70,13.70,13.70,13.05,1,200,2740.00,
503722,BANSW.SYNTEX,B ,Q,119.55,121.00,117.00,117.40,117.40,120.25,149,14792,1749057.00,
503776,MODIPON     ,XT,Q,39.95,40.15,36.60,40.15,40.15,38.35,10,552,21677.00,
503804,SHRI DINESH ,X ,Q,614.95,614.95,575.00,576.90,575.00,608.00,51,767,448335.00,
503806,SRF LIMITED ,A ,Q,2325.05,2336.50,2301.00,2309.30,2309.30,2325.00,1749,10008,23191355.00,
503811,SIYARAM SILK,A ,Q,520.00,521.75,514.55,517.55,516.45,518.75,215,3094,1602092.00,
503816,SWAD.POLYTEX,X ,Q,29.20,30.60,29.15,30.30,30.30,30.60,80,5216,154612.00,
503863,SHREE MFG CO,XT,Q,9.75,9.75,9.75,9.75,9.75,9.95,1,90,877.00,
503960,BHARAT BIJLE,B ,Q,2368.80,2439.90,2343.00,2429.20,2439.90,2357.10,485,1120,2687042.00,
504000,ELPRO INTER ,B ,Q,67.00,67.35,64.50,66.15,66.00,65.95,155,8228,546128.00,
504028,GEE LTD     ,X ,Q,72.65,72.65,68.00,69.15,68.50,69.00,69,12417,849545.00,
504036,HIND.RECT   ,B ,Q,211.15,228.15,211.15,223.05,223.05,211.85,22,209,45187.00,
504058,NIPPOBATRY  ,B ,Q,407.55,407.55,390.00,394.05,394.40,405.95,154,898,356263.00,
504067,ZENSAR TECH.,A ,Q,214.95,217.00,212.80,216.20,216.00,215.10,623,26212,5628564.00,
504076,JYOTI LTD.  ,X ,Q,18.80,18.99,17.52,17.80,17.77,18.34,127,56536,1040142.00,
504080,JSL LTD.    ,XT,Q,231.00,231.00,231.00,231.00,231.00,220.00,2,27,6237.00,
504084,KAYCEE IND  ,X ,Q,8101.00,8310.00,8101.00,8298.45,8300.00,8085.05,17,27,223846.00,
504092,INDOKEM LTD.,X ,Q,109.80,129.45,108.95,128.95,128.95,107.90,696,60149,7316457.00,
504093,PANA ENERG  ,X ,Q,255.05,263.80,251.05,252.85,252.85,256.15,104,2882,735247.00,
504112,NELCO LTD.  ,B ,Q,690.00,707.05,682.70,697.30,695.05,689.05,1428,17499,12179831.00,
504132,PERM MAGNETS,X ,Q,649.80,650.00,626.05,644.40,642.50,618.95,127,2497,1604069.00,
504176,HIGH ENERGY ,X ,Q,320.00,333.80,317.35,322.60,321.00,323.60,202,3547,1148657.00,
504180,STD.BATTERY ,X ,Q,29.60,29.60,28.00,29.30,29.30,29.50,57,1694,49569.00,
504212,UNIV.CABLE  ,B ,Q,285.20,299.15,285.20,296.60,296.60,285.90,400,2790,824961.00,
504240,DELTON CABLE,X ,Q,66.90,71.00,66.90,69.65,69.80,68.25,45,4965,345744.00,
504258,LAKSHMI ELEC,X ,Q,880.00,885.00,857.05,882.50,883.95,853.50,126,2360,2063938.00,
504273,MODULEX     ,X ,Q,12.90,12.90,12.60,12.72,12.80,12.55,40,11048,140912.00,
504286,DELTAMAGNT  ,B ,Q,76.60,76.60,73.15,73.15,73.15,74.00,15,1736,131218.00,
504340,CONFINT     ,X ,Q,9.61,9.61,9.61,9.61,9.61,9.43,2,202,1941.00,
504341,RELTD       ,X ,Q,54.50,60.80,54.00,56.55,57.85,53.35,67,5918,332926.00,
504356,MULTI-PURPOS,XT,Q,8.92,8.92,8.08,8.08,8.08,8.50,30,1248,10260.00,
504378,NYSSACORP   ,X ,Q,6.50,6.70,6.33,6.60,6.66,6.51,103,19564,128116.00,
504380,FLOMIC      ,X ,Q,115.50,117.90,112.05,115.85,115.90,115.90,67,2443,281320.00,
504392,KRISHNA VEN ,XT,Q,102.70,102.70,102.60,102.70,102.70,97.85,56,9074,931854.00,
504397,GANESH HOLDI,XT,Q,40.30,40.30,40.30,40.30,40.30,42.40,1,10,403.00,
504605,UNI ABEX    ,X ,Q,600.05,637.95,583.00,597.35,595.00,619.10,108,2704,1609558.00,
504614,SARDA ENMIN ,A ,Q,1020.00,1033.00,987.35,989.65,987.35,1019.65,858,3887,3929167.00,
504646,BHAGWATI AUT,X ,Q,275.15,275.15,250.05,274.95,274.95,262.05,6,150,40986.00,
504648,BOM.WIRE ROP,X ,Q,31.50,32.95,31.05,31.20,31.20,31.50,21,312,9780.00,
504697,GALADA TELE.,Z ,Q,2.05,2.05,1.91,2.00,2.00,2.00,7,984,1965.00,
504731,I BRIGHT ST ,XT,Q,20.80,20.80,18.90,18.90,18.90,19.85,12,52,1042.00,
504741,IND.HUME PIP,B ,Q,149.45,152.10,148.25,150.90,151.15,149.80,163,3485,524908.00,
504746,IND.LINKCHAI,P ,Q,1391.90,1391.90,1391.90,1391.90,1391.90,1325.65,4,30,41757.00,
504786,INVEST &PREC,X ,Q,253.00,262.90,251.10,256.70,251.10,255.55,15,336,86535.00,
504810,INFORMEDTEC ,X ,Q,48.95,48.95,40.30,44.80,44.80,42.70,32,509,23432.00,
504840,KAIRA CAN CO,X ,Q,2426.05,2499.00,2426.00,2465.00,2460.00,2490.00,16,31,76156.00,
504879,ORIENT ABRAS,B ,Q,29.40,29.40,28.50,29.25,29.25,28.75,50,5680,162565.00,
504882,NATIONAL STD,A ,Q,4148.65,4200.00,4050.05,4200.00,4200.00,4200.00,18,27,111759.00,
504908,DUNCANENG   ,X ,Q,366.00,369.00,356.10,368.95,368.95,358.00,21,411,150391.00,
504918,SANDUMA     ,A ,Q,780.00,783.00,769.00,774.20,774.20,776.35,945,14157,11003327.00,
504959,STOVAC IND. ,X ,Q,2272.00,2300.00,2268.95,2294.90,2294.90,2249.15,27,254,580383.00,
504961,TATA YODOGAW,XT,Q,72.95,73.05,71.00,73.05,73.05,69.60,58,1926,139787.00,
504966,TINPLATE    ,A ,Q,327.85,329.00,321.95,327.95,328.05,324.45,692,11804,3856264.00,
504973,CHOLAHLDNG  ,A ,Q,568.90,570.20,564.00,565.65,564.00,568.80,272,2396,1360121.00,
504988,WELCAST     ,X ,Q,796.95,808.40,776.00,776.00,776.00,770.00,24,416,333035.00,
505010,AUTO AXLES  ,B ,Q,1965.00,1987.70,1944.40,1978.65,1985.00,1961.00,237,633,1245299.00,
505036,AUTO COR.GOA,X ,Q,884.00,905.00,884.00,899.95,899.95,884.70,45,562,503947.00,
505075,SETCO AUTO  ,B ,Q,10.83,11.90,10.83,11.68,11.70,11.32,54,13431,157223.00,
505141,SCOOTERS IND,T ,Q,30.60,31.30,30.15,30.40,30.40,31.20,31,632,19406.00,
505160,TALBROS AUTO,B ,Q,551.20,573.60,538.00,545.85,545.85,549.40,1954,21600,12072999.00,
505163,ZF STEERING ,X ,Q,491.00,504.45,485.90,502.90,500.00,489.80,87,2685,1336506.00,
505192,SMLISUZU    ,B ,Q,663.45,683.95,659.65,673.70,674.20,670.15,61,215,145803.00,
505196,TIL LTD.    ,T ,Q,188.50,188.50,188.50,188.50,188.50,179.55,59,7490,1411865.00,
505200,EICHER MOTOR,A ,Q,3200.45,3231.70,3178.00,3209.50,3198.35,3200.45,1254,5963,19147542.00,
505212,JAINEX      ,XT,Q,155.00,155.00,153.95,153.95,153.95,153.90,5,108,16732.00,
505216,ALFRED HERB ,X ,Q,708.10,708.10,703.80,707.70,707.70,703.00,4,22,15542.00,
505232,VELJAN      ,X ,Q,1250.40,1284.10,1244.05,1250.05,1250.00,1250.40,35,366,458195.00,
505242,DYNAMAT.TECH,B ,Q,2465.15,2508.40,2446.05,2465.50,2456.45,2479.30,378,753,1871888.00,
505250,G.G.DANDEKAR,X ,Q,67.75,67.75,62.25,62.70,66.80,63.70,13,186,11646.00,
505255,GMM PFAUDLER,A ,Q,1528.60,1539.00,1486.95,1533.20,1533.50,1528.45,1725,10863,16498767.00,
505283,KIRLOSAR PN ,A ,Q,564.00,568.00,551.00,557.80,554.85,560.95,955,16189,9059423.00,
505299,KPT         ,X ,Q,209.40,217.00,205.00,211.70,216.00,204.50,55,2060,434550.00,
505302,LAXMI AUTOLM,X ,Q,679.45,690.00,675.00,675.35,675.10,670.00,19,51,34591.00,
505324,MANUGRAPH IN,B ,Q,16.89,17.95,16.55,16.66,16.60,16.50,98,14697,252941.00,
505355,NESCO LTD   ,A ,Q,591.00,610.15,591.00,604.95,601.30,599.05,272,2689,1629927.00,
505358,INTEGRA ENG ,X ,Q,92.10,98.35,92.00,96.90,98.25,92.00,196,39188,3766600.00,
505368,REVATHI EQU.,B ,Q,1080.00,1089.05,1080.00,1081.90,1081.90,1077.60,21,73,79176.00,
505400,TEXINFRA    ,B ,Q,58.65,59.95,58.65,59.50,59.60,57.95,568,17283,1026578.00,
505412,WENDT(INDIA),B ,Q,7350.00,7411.90,7260.00,7411.90,7411.90,7319.65,12,99,721334.00,
505509,RESPON IND  ,B ,Q,117.90,117.90,115.90,116.45,115.90,117.30,62,1765,206212.00,
505515,SHYAMKAM INV,X ,Q,5.50,5.90,5.47,5.53,5.50,5.69,86,15565,86309.00,
505523,MAHA CORP   ,XT,Q,2.13,2.13,2.13,2.13,2.13,2.24,300,203284,432994.00,
505526,DOLATALGO   ,B ,Q,61.40,63.25,61.10,62.65,63.10,62.35,259,5527,345566.00,
505533,WESTLIFE    ,A ,Q,785.00,787.45,770.15,773.55,773.55,778.35,661,3767,2936769.00,
505537,ZEE ENTER   ,A ,Q,239.55,240.65,237.85,239.05,239.05,239.10,2789,142991,34192795.00,
505590,SVPGLOB     ,B ,Q,31.00,31.00,28.70,29.10,29.15,29.30,87,4246,124120.00,
505650,SKYL MILLAR ,X ,Q,10.37,10.65,9.58,9.81,10.00,10.35,51,19007,194158.00,
505681,BIMETAL BEAR,X ,Q,429.00,448.90,420.55,439.30,439.30,429.05,44,1877,823340.00,
505688,BHARAT GEARS,B ,Q,121.55,122.60,118.55,118.90,119.50,120.45,356,9247,1113562.00,
505690,BRADY MORRIS,X ,Q,242.40,242.40,228.00,228.30,228.00,237.65,11,266,61235.00,
505693,LATIMMETAL  ,X ,Q,9.20,9.71,8.95,9.39,9.65,9.01,329,105867,970982.00,
505700,ELECON ENG  ,A ,Q,377.20,377.20,366.30,370.60,369.50,373.25,1031,11368,4220916.00,
505703,DECCAN BEAR.,XT,Q,28.35,28.70,28.00,28.60,28.70,27.35,7,130,3711.00,
505710,GRAUER& WEIL,B ,Q,87.75,87.90,85.95,86.75,87.30,87.10,665,32057,2789189.00,
505712,HIMTEK      ,X ,Q,90.50,95.05,90.45,92.90,92.90,90.30,34,2449,228263.00,
505714,GABRIEL(I)  ,B ,Q,175.60,176.85,172.80,174.15,174.70,176.40,1061,36966,6458830.00,
505720,HERC.HOISTS ,B ,Q,213.65,223.50,213.60,217.85,218.60,218.35,958,13452,2956397.00,
505725,AQFINTECH   ,X ,Q,495.00,495.00,480.00,494.35,494.35,492.30,43,4699,2299967.00,
505726,IFB IND.LTD.,A ,Q,901.70,912.45,897.30,898.25,897.30,898.65,224,1102,994879.00,
505729,SINGER INDIA,X ,Q,78.00,81.25,76.55,81.25,81.25,77.40,666,127469,10159026.00,
505737,INTER.COMBUS,X ,Q,325.05,335.00,318.70,333.90,333.95,322.50,37,773,253962.00,
505744,FED MOG GOE ,B ,Q,317.15,319.10,312.00,317.40,317.40,318.10,110,870,274144.00,
505750,JOSTS ENG.  ,X ,Q,484.50,484.95,450.00,464.90,450.00,450.70,10,216,100582.00,
505790,SCHAEFFLER  ,A ,Q,2802.80,2802.80,2760.35,2774.70,2780.00,2780.95,850,2300,6384570.00,
505800,RANE HOLDIN ,B ,Q,886.10,957.85,886.10,901.45,901.45,875.90,1380,9176,8550452.00,
505807,ROLCON ENGG.,P ,Q,290.00,290.00,289.00,289.00,289.00,303.40,2,200,57950.00,
505827,SNL BEARINGS,X ,Q,280.00,282.85,274.00,282.85,282.85,281.00,40,2180,607272.00,
505840,JAIPAN INDUS,X ,Q,31.70,31.70,29.10,31.35,31.35,30.20,41,6088,181619.00,
505850,MANCREDIT   ,X ,Q,114.30,117.25,114.30,115.10,115.10,114.30,34,19110,2190807.00,
505854,TRF LTD.    ,B ,Q,166.90,170.35,165.95,167.20,167.00,164.90,79,1399,234774.00,
505872,WPIL LTD.   ,B ,Q,1130.05,1210.00,1120.05,1171.05,1171.05,1148.55,211,2655,3081853.00,
505890,KENNAMETAL  ,A ,Q,2314.15,2358.35,2271.55,2299.70,2338.85,2314.95,566,1174,2730818.00,
505893,HINDHARD    ,X ,Q,221.00,225.00,215.00,216.00,216.00,220.10,19,176,38836.00,
505978,TRITON VALVE,X ,Q,1885.90,1949.80,1872.00,1895.00,1895.00,1902.60,38,369,705702.00,
506003,SUDAL INDUS ,X ,Q,6.03,6.33,5.73,6.33,6.33,6.03,11,2785,16677.00,
506022,PRAKASH IND.,B ,Q,52.00,53.45,51.70,51.90,51.90,52.30,1172,85275,4492256.00,
506074,ARSHIYA     ,B ,Q,7.28,7.32,7.00,7.32,7.32,6.98,30,11245,81485.00,
506076,GRIND NORTON,A ,Q,1797.95,1806.95,1777.90,1793.55,1793.55,1793.00,610,1814,3248593.00,
506079,LAKSHMI PREC,Z ,Q,5.57,6.04,5.57,5.84,5.84,5.86,6,937,5454.00,
506105,STANROSE MAF,X ,Q,78.10,81.00,78.00,81.00,81.00,78.50,25,535,42791.00,
506109,GENESYS INT.,B ,Q,444.55,446.00,439.00,441.80,442.40,441.20,57,722,319425.00,
506122,PANKAJPIYUS ,X ,Q,121.00,121.00,110.10,110.90,112.10,115.85,16,689,76178.00,
506128,PARNAXLAB   ,X ,Q,70.40,73.00,70.40,72.00,72.00,72.10,24,1884,136641.00,
506146,VISAGAR POL ,B ,Q,1.16,1.18,1.15,1.16,1.15,1.16,205,131488,152627.00,
506184,KANANI IND  ,B ,Q,8.26,9.60,8.26,9.30,9.30,9.31,82,13309,123631.00,
506186,GCKL        ,X ,Q,17.30,17.40,16.80,17.00,17.00,17.40,22,4456,76161.00,
506194,ARIH SUPER  ,B ,Q,208.60,217.35,207.15,215.35,217.35,208.60,144,1154,243543.00,
506197,BLISSGVS PH ,B ,Q,73.90,73.90,72.25,72.50,72.25,72.25,164,5540,402307.00,
506222,INEOSSTYRO  ,B ,Q,776.10,786.90,776.10,780.85,782.20,785.40,287,1386,1083346.00,
506235,ALEMBIC LTD.,B ,Q,71.30,72.30,70.85,72.05,72.10,71.00,554,17172,1233737.00,
506248,AMINES&PLAST,X ,Q,97.55,97.55,94.55,95.40,95.35,95.30,71,3665,349994.00,
506260,ANUH PHARMA ,X ,Q,90.00,91.30,89.35,89.60,89.60,89.95,163,12514,1124528.00,
506261,MODISONLTD  ,B ,Q,67.60,69.25,67.60,68.65,68.00,68.85,56,1106,76012.00,
506285,BAYER CROP  ,A ,Q,4720.85,4875.00,4720.85,4864.55,4870.30,4817.65,370,961,4637004.00,
506365,CHEMO PHARMA,XT,Q,41.00,41.00,41.00,41.00,41.00,41.35,4,66,2706.00,
506390,CLARI CHEM  ,B ,Q,375.95,375.95,356.00,364.70,362.00,361.60,282,1983,726054.00,
506395,COROM INTER ,A ,Q,878.00,905.85,865.20,900.00,900.00,886.10,2012,32029,28326157.00,
506401,DEEPAK NITR.,A ,Q,1986.00,2005.95,1966.85,1992.75,1992.75,1985.95,3366,23713,47170085.00,
506405,DMCC        ,B ,Q,255.00,279.05,255.00,275.95,279.05,263.25,383,6429,1752366.00,
506414,FERMENTA    ,X ,Q,177.85,178.45,175.80,176.70,176.70,176.70,86,2045,361757.00,
506480,GOCLCORP    ,B ,Q,379.10,380.55,366.15,368.55,368.55,372.50,620,4794,1792850.00,
506520,JAYSHRI CHEM,X ,Q,7.04,7.30,6.25,7.03,7.00,6.92,165,69707,498196.00,
506522,JL MORISON  ,X ,Q,1691.20,1691.20,1691.20,1691.20,1691.20,1658.00,1,1,1691.00,
506525,KANORIA CHEM,B ,Q,121.90,128.00,121.80,125.35,122.35,124.70,31,573,72474.00,
506528,KELTECH EN. ,X ,Q,680.00,700.00,660.00,700.00,700.00,684.10,58,1900,1311401.00,
506530,KEMP & CO.  ,X ,Q,797.50,797.50,797.50,797.50,797.50,797.50,1,1,797.00,
506532,NITTA GELA  ,X ,Q,710.00,710.00,674.00,676.35,676.35,695.45,412,8238,5631001.00,
506543,M.P.AGRO IND,X ,Q,9.20,9.20,9.20,9.20,9.20,9.20,8,78,717.00,
506579,ORIENT.CARB.,B ,Q,775.05,792.30,772.00,791.50,792.00,778.00,30,171,133266.00,
506590,PCBL        ,A ,Q,128.95,129.85,127.45,128.85,128.85,129.70,1690,82365,10582377.00,
506597,AMAL PRODUCT,X ,Q,303.95,308.65,300.95,303.10,303.00,303.95,27,1045,315857.00,
506605,POLYCHEM    ,X ,Q,864.95,864.95,859.00,860.25,860.50,837.00,9,31,26684.00,
506618,PUN.CHEM    ,B ,Q,1104.80,1107.50,1086.00,1098.70,1098.70,1113.40,123,565,619108.00,
506640,GUJCHEM DIST,XT,Q,61.00,62.25,58.20,62.25,62.25,61.20,14,866,52897.00,
506642,SADHANA NITR,B ,Q,114.75,115.50,110.00,111.80,112.00,112.75,469,29514,3295405.00,
506655,SUDARSH.CHEM,A ,Q,385.00,388.85,383.50,385.50,388.60,389.65,251,2454,945904.00,
506685,ULTRAMARINE ,B ,Q,338.85,343.00,337.00,340.25,341.00,337.50,407,16882,5760661.00,
506687,TRANSPEK    ,X ,Q,1501.10,1559.00,1500.00,1539.45,1540.00,1527.00,310,2313,3514930.00,
506690,UNICHEM LAB ,B ,Q,292.90,316.60,290.00,314.90,315.00,291.35,1043,16595,5037938.00,
506734,MYS PETRO   ,X ,Q,121.65,124.70,120.80,123.05,123.05,124.85,24,2265,277817.00,
506767,ALKYL AMINES,A ,Q,2723.00,2723.00,2687.35,2690.80,2690.80,2717.60,277,963,2598211.00,
506808,TUTIALKA    ,X ,Q,46.80,49.10,46.00,49.10,49.10,46.80,152,20577,993524.00,
506820,ASTRAZEN.PH.,A ,Q,3301.25,3316.85,3256.00,3304.70,3303.90,3293.70,155,434,1432202.00,
506852,PUN.ALKALI  ,A ,Q,80.75,80.80,76.40,77.10,77.10,79.55,851,95674,7495762.00,
506854,TANFAC IND. ,X ,Q,915.00,944.90,881.10,940.90,939.00,909.80,133,1239,1153751.00,
506858,GUJ.PETRO   ,XT,Q,37.25,37.25,35.70,35.70,35.70,35.50,4,100,3721.00,
506879,GUJ.THEMIS. ,X ,Q,777.75,792.80,752.25,767.80,767.80,762.50,298,4976,3842164.00,
506906,SCBL        ,X ,Q,3.80,3.94,3.78,3.94,3.94,3.78,33,16180,63621.00,
506910,JAYSN DYEST ,X ,Q,73.00,73.00,72.85,72.85,72.85,71.00,4,215,15678.00,
506919,MAKERS LAB. ,X ,Q,120.55,128.95,120.00,121.80,123.95,122.15,60,1653,202119.00,
506935,CONT.CHEM   ,XT,Q,89.00,89.00,88.00,88.35,89.00,85.50,8,23,2045.00,
506943,J.B.CHEMICAL,A ,Q,1935.60,1951.45,1920.00,1921.70,1922.00,1934.45,591,2829,5466415.00,
506975,RAJ.PETRO   ,P ,Q,1.27,1.27,1.27,1.27,1.27,1.27,1,100,127.00,
506979,APT PACK    ,XT,Q,37.55,37.55,37.55,37.55,37.55,39.50,1,50,1877.00,
506981,BL.CHIP TEX ,X ,Q,126.75,134.05,126.75,128.55,128.00,129.40,27,1081,139422.00,
507155,JAGATJIT IND,XT,Q,82.00,82.05,79.45,79.45,79.45,81.10,21,2586,207123.00,
507180,KESAR ENT.  ,X ,Q,82.90,82.90,73.45,74.30,74.25,76.30,16,319,23774.00,
507205,TILAKNAG IND,B ,Q,105.35,105.35,101.00,103.75,103.10,101.00,658,24069,2475834.00,
507315,SAKTHI SUGAR,B ,Q,26.90,26.90,25.10,25.25,25.25,26.35,873,257181,6626323.00,
507410,WALCHANDNGR ,B ,Q,67.90,68.65,67.45,68.05,68.05,67.05,265,9584,653643.00,
507435,KHOD.INDIA  ,XT,Q,110.00,113.90,104.15,106.85,106.85,108.80,50,1219,134494.00,
507438,IFB AGRO    ,B ,Q,531.95,545.00,531.25,539.60,539.60,532.20,56,560,301594.00,
507442,DHARANI SUG ,Z ,Q,11.75,12.19,11.40,11.59,11.59,11.64,46,5568,64352.00,
507474,KOTHARI FERM,X ,Q,52.00,54.80,50.65,53.80,53.80,52.85,54,3837,205095.00,
507486,CAPROLA.CHEM,XT,Q,81.80,81.80,74.10,81.50,81.50,77.95,20,409,33243.00,
507488,G.M.BREWERI ,B ,Q,613.45,625.65,612.05,618.25,618.25,618.75,181,632,390679.00,
507490,RANA SUGARS ,B ,Q,26.60,26.60,25.65,25.90,25.85,26.40,435,100241,2592732.00,
507498,PICCADILY SU,X ,Q,21.25,21.25,20.00,20.35,20.05,20.35,162,16559,341111.00,
507508,RIGA SUGAR  ,Z ,Q,7.48,7.49,7.14,7.43,7.48,7.14,32,5015,37193.00,
507514,SOM DISTILL.,B ,Q,116.15,117.35,112.40,112.80,112.80,115.30,1004,25880,2973299.00,
507515,CJ GELATIN  ,XT,Q,29.60,30.85,28.55,30.85,30.85,29.45,17,1465,42329.00,
507526,ASSO.ALCOHOL,B ,Q,425.80,427.60,418.00,419.95,420.90,424.85,273,1932,817904.00,
507552,FOODS & INNS,T ,Q,113.05,120.20,113.05,117.30,117.30,116.80,120,17135,2020617.00,
507580,IVP LIMITED ,B ,Q,125.65,126.25,125.35,125.65,125.35,124.00,23,291,36572.00,
507598,KLRFM       ,X ,Q,121.00,121.00,118.25,119.90,120.00,117.85,27,2320,278532.00,
507621,MILKFOOD    ,X ,Q,597.30,597.30,565.00,572.65,572.00,577.20,48,482,275734.00,
507645,POLSON LTD. ,X ,Q,10400.00,10400.00,10201.00,10202.00,10202.00,10299.00,11,13,134607.00,
507685,WIPRO LTD.  ,A ,Q,385.90,389.50,383.20,387.95,387.95,386.65,11288,388127,150331612.00,
507690,ORIENT BEVER,XT,Q,141.00,141.00,141.00,141.00,141.00,134.30,19,1223,172443.00,
507717,DHAN AGRI   ,A ,Q,691.30,692.95,684.55,688.10,688.10,691.30,165,799,550203.00,
507747,TTK HEALTHCA,B ,Q,1007.90,1031.35,1002.70,1020.60,1030.00,1005.55,272,2427,2471021.00,
507753,TGVSL       ,B ,Q,135.80,135.80,130.75,132.60,132.60,131.75,1094,104754,14023858.00,
507759,LIME CHEM.  ,X ,Q,24.50,24.50,23.55,23.60,23.60,22.75,7,685,16520.00,
507779,KANPUR PLAST,B ,Q,90.80,93.25,90.45,91.55,91.50,92.00,83,1426,131244.00,
507785,TAINWALA CH.,B ,Q,103.00,103.00,98.10,99.45,99.60,101.10,42,226,22779.00,
507789,JAGSON PHAR ,B ,Q,369.55,369.70,362.60,363.25,363.90,364.15,204,982,359854.00,
507794,KHAITAN CHEM,B ,Q,75.20,79.10,74.60,77.20,76.95,75.15,2300,98191,7559441.00,
507808,UNITED LEA(N,P ,Q,43.70,43.70,43.70,43.70,43.70,41.65,2,100,4370.00,
507815,GILLETTE (I),A ,Q,5024.25,5028.80,4994.95,5004.50,5014.85,5018.70,161,192,963266.00,
507817,WIRES FABRIK,X ,Q,149.70,149.70,137.00,141.00,141.00,141.95,47,2406,345185.00,
507828,ANSALHSG    ,X ,Q,4.22,4.40,4.15,4.34,4.34,4.18,223,110048,470855.00,
507833,COMPUTER PNT,X ,Q,2.37,2.40,2.30,2.31,2.37,2.29,45,17960,42581.00,
507836,MAC CHARLES ,X ,Q,421.00,430.00,421.00,430.00,430.00,430.00,5,39,16637.00,
507852,ADDI IND.   ,X ,Q,39.80,39.80,38.50,39.35,39.35,39.00,39,740,29162.00,
507864,PION INVEST ,X ,Q,35.35,37.40,35.35,37.00,37.00,36.50,19,4250,156913.00,
507872,ASHNOOR TEX.,XT,Q,40.25,40.50,40.20,40.45,40.20,40.60,11,535,21650.00,
507878,UNITECH LTD ,Z ,Q,1.73,1.78,1.71,1.76,1.76,1.73,539,1537289,2669398.00,
507880,VIP INDUS.  ,A ,Q,677.60,682.50,674.20,679.95,681.55,678.65,610,6395,4340855.00,
507910,FIBERWB IN  ,B ,Q,34.40,35.50,34.30,34.50,34.50,34.55,80,3986,138624.00,
507912,LKP FIN     ,X ,Q,94.00,96.65,83.10,87.15,87.10,86.90,27,4509,399722.00,
507944,BAJAJ STEEL ,X ,Q,836.20,878.00,830.00,839.95,839.95,844.05,148,2241,1883701.00,
507946,KIDUJA INDIA,X ,Q,77.70,77.70,67.45,72.40,76.30,71.75,10,305,22546.00,
507948,KEY CORP.LTD,XT,Q,49.00,51.45,48.05,49.50,49.50,49.20,11,196,9915.00,
507960,GUJ.HOTELS  ,X ,Q,133.65,144.75,133.65,140.10,140.00,138.70,12,304,42194.00,
507970,PARA. COSMET,X ,Q,42.95,42.95,39.00,40.35,40.35,39.55,41,9316,364324.00,
507981,JINDAL HOTL ,X ,Q,39.00,44.65,39.00,41.15,41.00,39.60,48,1494,62329.00,
507998,SIMMONDS-MAR,X ,Q,56.30,56.30,53.65,53.80,54.30,54.30,26,1157,63653.00,
508136,BNALTD      ,X ,Q,317.00,317.00,306.30,312.00,312.00,314.75,22,537,167283.00,
508486,HAWKINS COOK,A ,Q,6190.05,6244.50,6151.25,6197.15,6193.00,6175.55,84,335,2073283.00,
508494,WARREN TEA  ,X ,Q,70.05,70.80,69.05,70.80,70.80,71.60,5,12,840.00,
508571,COCHIN MALA ,XT,Q,128.20,128.20,128.20,128.20,128.20,134.90,10,134,17178.00,
508664,BEST E.HOTEL,X ,Q,48.00,51.45,46.55,51.00,51.00,49.00,31,2966,144878.00,
508807,IST LTD.    ,X ,Q,485.05,510.00,472.20,493.95,510.00,481.05,61,1430,700712.00,
508814,COSMOFIRST  ,A ,Q,764.00,769.10,750.00,751.75,759.45,745.50,397,4727,3582240.00,
508869,APOLLO HOSP.,A ,Q,4646.10,4678.00,4582.50,4587.10,4584.05,4644.80,1613,7523,34709807.00,
508875,NITINCAST   ,X ,Q,152.80,152.80,140.10,143.55,140.10,153.00,24,397,59421.00,
508905,SMIFS CAPITA,X ,Q,44.35,44.35,37.20,39.90,41.00,40.70,51,4171,164010.00,
508906,EVEREST INDS,B ,Q,786.05,801.00,767.40,786.25,778.60,770.80,471,5201,4090001.00,
508918,IRONWOOD    ,X ,Q,30.35,30.35,30.00,30.00,30.00,30.35,4,35,1051.00,
508922,MSR INDIA   ,X ,Q,7.89,8.00,7.62,7.99,7.99,7.83,27,11257,87426.00,
508933,AYMSYNTEX   ,B ,Q,71.30,74.90,71.30,74.15,74.45,71.15,98,3437,253589.00,
508941,PANASON CAR ,X ,Q,388.80,389.95,385.50,388.25,388.25,388.75,88,1746,678405.00,
508954,FINKURVE    ,X ,Q,67.00,70.95,64.55,65.80,65.80,66.70,95,35995,2359824.00,
508956,HB LEAS.PUB ,XT,Q,4.50,4.59,4.38,4.38,4.38,4.38,5,6,26.00,
508963,STERL.GUARA.,XT,Q,5.65,5.65,5.65,5.65,5.65,5.65,7,144,813.00,
508969,SULABH ENG. ,XT,Q,5.23,5.33,4.95,5.29,5.20,5.17,190,62343,323038.00,
508989,NAVNETEDUL  ,B ,Q,119.60,123.15,118.00,120.95,120.95,119.55,729,22853,2760859.00,
508996,SATPROP LTD ,Z ,Q,1.11,1.11,1.02,1.10,1.10,1.07,46,29854,32669.00,
509009,AUSOM ENT   ,B ,Q,68.10,69.00,65.60,68.15,69.00,67.55,22,104,7037.00,
509020,RUCHI INFRA.,T ,Q,9.23,9.35,8.72,9.26,9.26,9.10,181,56813,522404.00,
509040,NETLINK SOLU,X ,Q,47.80,50.25,46.40,48.00,48.00,46.85,26,1964,95649.00,
509048,LANCOR HOLDS,X ,Q,26.10,27.40,25.90,26.15,26.50,25.25,78,23503,615881.00,
509051,INDIAN INFO.,X ,Q,2.03,2.05,1.99,2.05,2.05,1.96,3115,4822762,9848063.00,
509053,BANAS FIN.  ,XT,Q,16.35,16.60,16.00,16.10,16.20,16.40,195,60205,982919.00,
509055,VISAKA IND. ,B ,Q,423.70,433.75,422.00,432.05,432.00,422.10,225,2467,1060986.00,
509069,INFOMEDIA   ,B ,Q,5.14,5.35,4.98,5.24,5.24,5.14,26,6138,30914.00,
509073,HATHWAY BHAW,XT,Q,19.40,19.40,18.05,19.25,19.25,18.75,23,1945,36432.00,
509077,PRESSMN     ,B ,Q,42.50,43.75,41.55,42.60,42.85,42.25,37,613,25980.00,
509079,GUFIC BIO SC,B ,Q,227.15,228.00,220.00,221.05,220.55,227.15,981,21300,4779738.00,
509152,GRPLTD      ,B ,Q,2065.00,2100.00,2049.00,2070.00,2070.00,2048.55,83,855,1773437.00,
509162,INDAG RUBBER,X ,Q,76.85,76.85,75.15,75.45,75.40,74.75,56,2158,164032.00,
509196,M.M.RUBBER  ,X ,Q,110.95,111.00,106.00,109.00,109.00,105.85,37,3053,334597.00,
509220,PTL LTD     ,B ,Q,32.25,32.60,31.95,32.40,32.40,32.15,167,10771,347505.00,
509243,TVS SRICHAKR,B ,Q,3035.45,3069.50,2987.40,3005.45,3005.45,3051.25,238,751,2283001.00,
509423,SEL         ,X ,Q,20.85,20.85,19.80,20.40,20.40,20.00,40,3031,61062.00,
509438,BENARES HOT ,X ,Q,2750.00,2800.00,2750.00,2796.35,2800.00,2758.55,5,41,112889.00,
509449,BHAGWATI OXY,XT,Q,48.05,48.05,48.05,48.05,48.05,45.80,20,3588,172403.00,
509470,BOMOXY-B1   ,X ,Q,13088.00,13900.00,13020.00,13097.10,13065.00,13100.90,77,128,1716493.00,
509472,CRAVATEX    ,X ,Q,424.50,444.95,418.00,439.35,440.00,424.50,28,1185,518682.00,
509480,BERGE PAINT ,A ,Q,587.15,599.25,583.85,591.30,592.35,590.25,1446,14307,8468821.00,
509486,CAPRIHANS   ,X ,Q,120.00,138.25,118.00,137.80,137.80,121.25,862,3022805,415713556.00,
509488,GRAPHITE IN.,A ,Q,378.90,378.90,369.05,371.35,371.35,375.05,621,16692,6223513.00,
509496,ITDCEM      ,B ,Q,120.80,122.40,118.45,120.60,120.60,120.80,759,35799,4320117.00,
509525,EMPIRE IND. ,X ,Q,676.00,686.00,676.00,683.35,676.05,677.45,12,265,180323.00,
509546,GRAVISS HOSP,X ,Q,20.90,21.40,19.65,20.30,20.45,20.75,28,3162,64308.00,
509557,GARFIBRES   ,A ,Q,3095.15,3112.95,3070.00,3079.15,3079.15,3110.15,276,475,1465917.00,
509563,GARWA.MARINE,X ,Q,11.25,11.25,10.69,10.90,11.25,11.25,15,4134,44649.00,
509567,GOA CARBON  ,B ,Q,530.05,532.20,515.00,522.25,522.25,530.65,764,4398,2309064.00,
509597,HARDCASTLE  ,X ,Q,520.45,520.45,472.20,476.85,477.00,495.70,116,2535,1293377.00,
509631,HEG LIMITED ,A ,Q,1045.05,1045.05,1024.95,1029.55,1029.55,1041.20,813,6647,6862189.00,
509635,HIND.COMPOSI,B ,Q,293.50,303.00,292.10,301.30,299.40,295.30,113,734,218305.00,
509675,HIL         ,A ,Q,2629.35,2646.85,2600.00,2605.70,2627.55,2653.10,322,783,2047761.00,
509692,IND.CARD    ,B ,Q,230.75,234.80,228.00,232.30,232.00,231.65,76,716,167025.00,
509709,INT.CONVEYOR,B ,Q,58.00,58.00,55.00,55.50,55.45,55.55,151,6577,366049.00,
509715,JAYSHRE TEA ,B ,Q,94.10,95.35,93.10,94.80,94.95,93.60,255,4039,382831.00,
509760,MODERN SHARE,X ,Q,18.99,19.05,18.25,19.05,19.05,18.15,6,961,17945.00,
509820,HUHTAMAKI   ,B ,Q,198.75,208.00,198.75,205.60,203.10,202.65,287,5267,1081810.00,
509835,PREMIER SYN.,X ,Q,23.10,25.30,23.10,25.30,25.30,24.35,5,108,2554.00,
509874,SHALIMAR PAI,B ,Q,135.35,137.75,133.20,133.60,133.75,137.95,132,1652,224541.00,
509895,HIND MILLS  ,X ,Q,245.85,245.85,245.80,245.80,245.80,245.50,3,8,1966.00,
509930,SUPREM IND  ,A ,Q,2428.20,2463.95,2415.05,2439.75,2446.45,2451.45,689,2036,4973753.00,
509945,THACKER     ,XT,Q,409.50,409.50,389.05,389.05,389.05,409.50,3,12,4709.00,
509960,U.P.HOTELS  ,XT,Q,523.00,570.00,523.00,569.00,569.00,550.00,6,74,39372.00,
509966,VST INDUS.  ,A ,Q,3218.05,3266.15,3218.05,3241.15,3244.90,3199.40,203,591,1917864.00,
510245,SWASTI VINAY,XT,Q,6.94,6.96,6.51,6.79,6.79,6.65,236,65438,444722.00,
511000,MADHUS.SEC  ,X ,Q,9.63,10.12,9.16,10.10,10.10,9.64,71,29568,293265.00,
511012,YAMINI INVES,XT,Q,0.87,0.89,0.85,0.88,0.88,0.87,1314,887102,768129.00,
511016,PREMIER CAP.,XT,Q,6.00,6.00,5.82,5.94,5.98,6.12,24,2510,14730.00,
511018,MILGREY FIN ,XT,Q,22.00,22.00,22.00,22.00,22.00,21.70,1,9,198.00,
511034,JINDAL DRILL,B ,Q,282.45,292.90,273.95,286.40,286.40,281.65,1059,8628,2471596.00,
511066,SAKTHI FIN. ,X ,Q,32.95,36.15,32.95,34.40,34.40,34.60,43,4021,140373.00,
511076,SAT IND LTD ,B ,Q,69.90,74.50,68.80,70.30,70.30,70.60,498,35171,2535758.00,
511092,JMDVL       ,X ,Q,11.30,11.30,11.00,11.29,11.29,11.08,60,23377,262543.00,
511108,SHIVA TEXYAM,B ,Q,121.35,121.35,117.70,119.30,118.00,119.15,92,2841,338214.00,
511110,V.B.DESAI   ,X ,Q,11.95,11.95,11.83,11.83,11.83,11.49,10,2471,29309.00,
511116,QUADRANT    ,X ,Q,1.48,1.49,1.38,1.42,1.42,1.42,373,709691,1037241.00,
511131,KAMAN HSG   ,X ,Q,8.91,9.49,8.50,9.26,9.30,8.70,33,4820,43399.00,
511147,WALL ST.FIN.,X ,Q,30.00,30.00,29.40,29.40,29.40,30.00,3,203,6088.00,
511153,ANJANIFOODS ,XT,Q,29.45,29.45,28.40,29.05,29.20,29.00,53,5255,151773.00,
511176,PARSHWANA   ,X ,Q,27.60,27.60,27.60,27.60,27.60,29.00,2,50,1380.00,
511187,MILLENNIUM  ,XT,Q,1.71,1.87,1.71,1.82,1.82,1.80,22,2908,5246.00,
511194,I.C.D.S.    ,T ,Q,29.50,30.50,29.30,30.05,30.05,30.80,19,1971,57976.00,
511196,CANFIN HOMES,A ,Q,528.00,529.80,523.25,526.25,527.45,529.45,1348,23291,12249158.00,
511208,IL & FS INVE,B ,Q,7.25,7.46,7.20,7.28,7.31,7.28,141,52243,382862.00,
511218,SHRIRAM TRAN,A ,Q,1399.95,1399.95,1353.10,1386.95,1386.95,1378.60,1834,18807,25742807.00,
511243,CHOLAFIN    ,A ,Q,702.05,728.40,702.05,726.15,724.10,707.30,1822,26507,19079091.00,
511246,BOMTALKIES  ,XT,Q,5.01,5.01,5.01,5.01,5.01,4.78,2,1970,9869.00,
511333,VLS FINANCE ,B ,Q,128.45,134.50,128.00,133.85,133.55,126.90,360,6893,901576.00,
511355,IND CEM CAP ,X ,Q,10.10,10.49,10.05,10.47,10.47,10.13,25,1571,15872.00,
511359,AD-MANUM FIN,XT,Q,49.00,50.65,49.00,50.60,50.60,48.55,12,701,34668.00,
511377,MEHTA I.FIN ,XT,Q,21.05,21.05,20.00,20.00,20.00,21.05,7,887,17773.00,
511411,SHRISTINFRA ,X ,Q,25.45,25.45,23.25,24.00,23.25,23.55,11,1171,28175.00,
511413,CREST       ,B ,Q,195.70,199.75,194.70,196.60,194.70,197.10,114,2454,486886.00,
511431,VAKRANGEE   ,A ,Q,27.25,27.85,27.15,27.50,27.50,27.25,1416,319313,8768546.00,
511441,GUJ.CREDIT  ,XT,Q,21.95,22.05,21.95,22.05,22.05,21.95,4,310,6816.00,
511447,SYLPH TECH  ,XT,Q,33.00,33.60,32.95,33.30,33.30,33.80,108,17276,577081.00,
511451,DHARANI FIN.,X ,Q,7.05,7.05,7.00,7.00,7.00,7.15,5,109,763.00,
511463,ALEXANDER   ,X ,Q,18.20,18.20,17.00,17.90,17.90,17.65,284,61332,1089502.00,
511473,IND.BANK MER,B ,Q,32.95,33.25,31.25,32.35,32.25,32.15,710,84654,2728826.00,
511493,VCK CAPITAL ,XT,Q,9.28,9.46,9.20,9.46,9.46,9.01,37,14356,135704.00,
511501,BHARAT BHUSH,X ,Q,26.00,26.65,25.10,26.35,26.50,26.75,17,486,12536.00,
511505,CAPITAL TRUS,B ,Q,80.35,80.55,78.75,80.00,79.95,81.85,18,791,63345.00,
511507,USHAKIRAN FI,XT,Q,18.55,19.40,18.55,18.75,18.75,18.95,9,6083,115672.00,
511509,VIVO BIO TEC,X ,Q,30.00,30.85,29.90,30.00,30.00,30.00,72,7923,237695.00,
511523,VEERHEALTH  ,X ,Q,22.00,23.10,21.65,22.00,22.50,22.75,44,7914,175803.00,
511525,PAN INDIA C ,XT,Q,2.78,2.90,2.65,2.73,2.85,2.78,382,132125,365892.00,
511533,SAHARA HOUSG,X ,Q,45.60,50.90,44.40,47.75,48.00,45.60,28,2493,117790.00,
511535,NDA SECURIT.,X ,Q,11.95,11.95,11.50,11.90,11.90,11.35,8,868,10273.00,
511543,GSB FINANCE ,X ,Q,10.70,10.70,10.70,10.70,10.70,11.25,5,225,2407.00,
511549,MORARKA FIN.,X ,Q,114.40,114.95,110.05,112.40,111.25,112.95,29,1393,157460.00,
511551,MONARCH     ,B ,Q,330.85,335.40,330.80,333.00,333.00,331.05,84,334,111423.00,
511557,PRO FIN CAP.,X ,Q,1.49,1.52,1.41,1.51,1.52,1.45,634,1532858,2299891.00,
511559,TIMES GUARAN,B ,Q,54.95,55.55,54.95,55.55,55.55,55.00,17,223,12370.00,
511571,SOMDATT FIN ,XT,Q,162.10,162.10,162.10,162.10,162.10,154.40,36,10913,1768997.00,
511585,REGENCY TRUS,X ,Q,2.89,2.89,2.89,2.89,2.89,2.89,6,1404,4057.00,
511589,AVONMORE    ,X ,Q,65.00,66.45,64.30,66.05,66.40,65.65,69,9768,643063.00,
511593,LIBORD FIN  ,X ,Q,8.88,9.32,8.88,9.10,9.10,8.88,22,3256,29879.00,
511601,YASH MANAGE.,X ,Q,10.29,10.53,10.00,10.02,10.00,10.29,30,3910,39324.00,
511605,ARIHANT CAP.,B ,Q,60.90,62.80,60.00,62.20,62.20,61.15,362,27627,1708787.00,
511609,ISL CONSULT ,X ,Q,25.00,25.00,24.60,24.60,24.60,24.60,4,459,11295.00,
511611,DCM FINANCIA,B ,Q,5.90,5.90,5.74,5.76,5.76,5.73,43,7399,42532.00,
511626,R R FINANCE.,X ,Q,21.44,21.44,21.44,21.44,21.44,22.56,9,1517,32524.00,
511628,IMCAP       ,X ,Q,151.10,159.00,150.25,152.80,152.10,152.20,163,6518,995965.00,
511630,SAMBHAAV MED,B ,Q,4.20,4.20,3.90,3.96,3.95,4.01,51,22968,91932.00,
511654,SUGAL DAM   ,X ,Q,14.93,14.93,14.93,14.93,14.93,15.71,2,20,298.00,
511658,NETTLINX LTD,X ,Q,101.00,108.75,99.30,103.60,103.60,101.75,250,39145,4018587.00,
511672,SCANSTL     ,X ,Q,37.05,37.65,36.40,37.10,37.10,36.30,48,4745,174715.00,
511676,GIC HOUSING ,B ,Q,183.05,188.35,182.00,183.90,184.35,185.80,1574,66910,12410234.00,
511688,MATHEW EASOW,X ,Q,5.45,6.00,5.45,6.00,6.00,6.00,5,1289,7459.00,
511692,AJCON GLOBAL,X ,Q,32.50,32.50,31.35,31.45,31.35,33.00,12,939,29553.00,
511700,STD.CAP.MRKT,XT,Q,18.90,18.90,18.90,18.90,18.90,18.00,1,25,472.00,
511702,YOGI        ,XT,Q,21.40,22.00,20.95,20.95,20.95,21.80,4,5,107.00,
511710,CUBICAL FIN.,X ,Q,1.78,1.79,1.71,1.76,1.76,1.71,140,86041,151484.00,
511712,RELIC TECHNO,X ,Q,25.50,25.50,25.50,25.50,25.50,26.80,2,810,20655.00,
511714,NIMBSPROJ   ,X ,Q,37.55,41.60,36.55,41.60,41.60,39.85,7,254,10162.00,
511724,BAIDFIN     ,X ,Q,20.60,20.60,19.35,19.90,19.90,20.00,94,92297,1849051.00,
511726,VIPUL LTD   ,T ,Q,15.60,16.40,15.52,16.00,16.00,15.74,17,5515,88071.00,
511736,USHDEV INTNL,X ,Q,1.78,1.85,1.72,1.80,1.80,1.78,118,51551,91274.00,
511742,UGROCAP     ,B ,Q,159.90,159.90,155.00,157.10,158.00,158.45,164,2855,447032.00,
511754,SHALIB.FINAN,X ,Q,167.85,167.85,157.00,166.55,167.00,161.35,22,306,50201.00,
511756,ABIRAMI FIN.,Z ,Q,13.35,13.35,13.35,13.35,13.35,12.72,4,380,5073.00,
511760,SEVENHILL   ,X ,Q,0.74,0.74,0.69,0.70,0.71,0.73,1491,994505,710576.00,
511764,AASTAFIN    ,X ,Q,15.10,15.95,15.10,15.89,15.89,15.96,17,1980,30622.00,
511766,MUTHOOT CAP ,B ,Q,277.30,283.30,274.95,277.30,276.05,278.15,112,3265,913999.00,
511768,MASTER TRUST,X ,Q,103.00,121.80,103.00,116.05,116.05,103.10,218,13696,1577941.00,
512008,EFCIL       ,XT,Q,291.65,291.65,291.65,291.65,291.65,277.80,1,10,2916.00,
512018,CNI RES LTD ,X ,Q,2.55,2.83,2.31,2.50,2.53,2.58,521,256112,658359.00,
512020,SARASW.COMM.,X ,Q,2990.00,3100.00,2990.00,3002.50,2990.00,2990.00,23,90,271885.00,
512025,INERTIA STE ,XT,Q,96.85,96.85,96.85,96.85,96.85,92.25,1,15,1452.00,
512047,ROYAL IND   ,X ,Q,2.72,2.72,2.61,2.61,2.61,2.72,23,5095,13530.00,
512048,LUHARUKA    ,X ,Q,2.99,2.99,2.85,2.89,2.89,2.88,359,156130,455753.00,
512064,VISVEN      ,X ,Q,76.65,83.75,76.60,78.60,83.75,80.60,17,304,23868.00,
512068,DECCANGOLD  ,XT,Q,40.50,40.50,38.65,39.10,39.20,40.60,274,84984,3353269.00,
512070,UPL         ,A ,Q,715.05,731.95,714.40,723.95,723.95,716.75,2490,44490,32257788.00,
512093,CRANES SOFTW,X ,Q,3.50,3.70,3.45,3.69,3.70,3.55,146,64279,234529.00,
512097,SAICOM      ,X ,Q,0.56,0.56,0.53,0.54,0.54,0.55,770,1117468,609926.00,
512099,PUNIT COMMER,XT,Q,15.98,15.98,15.98,15.98,15.98,15.22,1,56,894.00,
512109,AVIVA INDS  ,X ,Q,29.00,29.00,29.00,29.00,29.00,28.45,3,3,87.00,
512115,ROSE MERC LT,X ,Q,24.40,24.40,22.80,22.80,22.80,23.90,2,100,2321.00,
512131,SIGNET IND  ,B ,Q,37.25,38.90,36.20,37.65,37.75,37.25,202,7627,291476.00,
512161,SECURKLOUD  ,B ,Q,69.00,69.00,60.70,61.75,61.65,60.40,161,3506,215624.00,
512165,ABANSENT    ,XT,Q,151.80,151.80,151.80,151.80,151.80,159.75,17,208,31574.00,
512169,CAPRICORN   ,X ,Q,10.40,10.82,10.28,10.28,10.28,10.82,11,1903,19577.00,
512175,VAMA INDS   ,X ,Q,6.89,6.90,6.58,6.78,6.78,6.73,119,42056,285974.00,
512179,SUNTECK REAL,A ,Q,333.00,340.00,331.25,332.25,333.00,335.25,676,16006,5367913.00,
512197,SILVEROAK   ,Z ,Q,3.30,3.37,3.05,3.06,3.28,3.21,70,24213,74855.00,
512215,STEPHANOTIS ,X ,Q,31.75,31.75,28.75,29.45,29.45,30.25,14,131,3947.00,
512217,PRISM MEDI  ,XT,Q,31.54,31.54,31.54,31.54,31.54,30.04,38,30953,976257.00,
512229,VERITAS     ,XT,Q,194.00,194.35,194.00,194.35,194.35,190.55,21,5885,1142349.00,
512237,JAI CORP LTD,A ,Q,145.85,150.85,143.25,149.15,149.15,144.70,3071,163637,24052353.00,
512247,ASHIRWAD CAP,X ,Q,5.94,5.98,5.59,5.67,5.73,5.76,240,32218,185637.00,
512257,SVARTCORP   ,X ,Q,2.99,2.99,2.84,2.94,2.95,2.91,171,49176,143095.00,
512267,MEDIA MATRIX,B ,Q,11.17,11.24,10.76,11.11,11.11,10.71,378,679667,7513296.00,
512279,NNTL        ,Z ,Q,8.78,8.78,8.78,8.78,8.78,8.37,3,100,878.00,
512296,BHAGYA INL  ,B ,Q,46.30,46.30,44.90,45.20,45.70,46.20,70,1529,69530.00,
512297,SHANTAI     ,XT,Q,31.50,31.50,31.50,31.50,31.50,32.70,1,15,472.00,
512301,CHAMBAL BREW,X ,Q,3.30,3.30,3.25,3.25,3.25,3.30,11,1561,5151.00,
512329,KRL         ,XT,Q,428.00,439.80,419.20,420.45,439.80,440.00,13,65,27614.00,
512344,ARAVALI SEC.,X ,Q,4.38,4.85,4.38,4.85,4.85,4.85,8,138,658.00,
512359,SWORDEDGE   ,X ,Q,0.52,0.54,0.51,0.52,0.53,0.52,1171,1159794,605719.00,
512379,CRESSANDA SO,T ,Q,27.25,27.50,26.75,26.85,27.00,26.65,967,702101,19001770.00,
512381,STARTECK    ,B ,Q,136.50,138.40,134.75,138.20,138.20,141.75,53,10366,1410535.00,
512393,SHARDUL SECU,X ,Q,98.90,105.00,98.90,101.85,100.00,99.50,18,544,54885.00,
512399,SERA        ,XT,Q,204.00,204.00,190.00,195.00,195.00,195.00,23,2293,445882.00,
512425,NIRAV COMMER,X ,Q,430.00,430.00,430.00,430.00,430.00,430.00,3,3,1290.00,
512437,APOLLO FIN I,X ,Q,501.10,509.85,500.00,506.55,506.50,505.30,49,593,298383.00,
512441,ENBEE TRADG.,XT,Q,43.40,43.40,43.15,43.15,43.15,41.80,5,64,2769.00,
512453,SHRI JAGDAMB,X ,Q,722.00,739.95,720.00,723.45,721.00,737.60,143,1309,951394.00,
512455,LLOYDS MET E,A ,Q,229.95,240.35,229.95,240.30,240.35,228.95,1592,271439,64764294.00,
512463,SHREE GLOBAL,X ,Q,6.01,6.52,5.94,6.41,6.41,6.08,1947,2073580,13172570.00,
512477,BETEX INDIA ,X ,Q,67.90,68.00,66.00,68.00,68.00,68.00,4,63,4177.00,
512481,POLYTEX(P)  ,X ,Q,3.87,3.89,3.69,3.69,3.69,3.88,14,3953,14799.00,
512485,DHANAL.COTEX,X ,Q,67.35,67.35,66.00,66.00,66.00,66.00,2,6,397.00,
512489,OASIS SECUR.,X ,Q,79.10,83.00,77.00,77.15,77.15,82.00,13,635,50750.00,
512493,GARNET INTL ,X ,Q,37.45,39.75,36.20,37.95,38.00,37.45,55,55932,2122290.00,
512499,SHALIMAR PRO,X ,Q,0.52,0.52,0.50,0.50,0.50,0.51,1079,1552229,784376.00,
512519,DONEAR IND. ,B ,Q,84.25,87.25,82.80,83.05,83.05,83.85,557,20283,1715064.00,
512527,SUPER SAL IN,X ,Q,807.95,814.90,807.95,814.90,814.90,809.95,8,29,23555.00,
512529,SEQUENT     ,A ,Q,86.05,87.30,85.85,86.30,86.80,86.30,1372,82852,7160309.00,
512531,STC INDIA   ,B ,Q,87.10,91.40,87.05,90.05,89.55,88.10,174,6811,605111.00,
512553,ZENITH EXP. ,B ,Q,81.30,85.20,81.25,84.80,84.95,81.20,16,2523,210365.00,
512559,KOHINORFOODS,B ,Q,56.45,56.45,54.05,55.10,55.10,55.10,223,5037,278337.00,
512565,R.T.EXPORTS ,X ,Q,28.15,28.15,26.75,26.75,26.75,28.15,15,1969,52675.00,
512573,AVANTI FEEDS,A ,Q,388.00,396.00,385.80,392.90,393.00,387.15,545,8905,3496538.00,
512587,ZODIAC JRD  ,X ,Q,37.85,37.85,36.00,37.60,37.60,36.75,8,36,1351.00,
512589,SITA ENTER. ,X ,Q,18.50,18.50,17.50,18.00,18.00,17.65,4,333,5955.00,
512591,PULSAR INTL.,XT,Q,3.47,3.47,3.47,3.47,3.47,3.31,10,50,173.00,
512597,KEYFINSER   ,B ,Q,98.75,102.05,98.75,100.60,100.60,99.80,52,524,52679.00,
512599,ADANI ENTER ,A ,Q,3761.90,3824.95,3746.20,3796.95,3796.95,3769.65,5227,51895,196318479.00,
512604,HARIA EXPORT,X ,Q,5.50,5.59,5.06,5.59,5.59,5.15,14,984,5037.00,
512608,BHANDARI HOS,B ,Q,6.10,6.10,5.83,5.88,5.97,5.95,123,49030,292251.00,
512618,RLF LIMITED.,XT,Q,6.61,6.61,6.02,6.05,6.05,6.31,14,2138,12948.00,
512624,REGENTRP    ,X ,Q,4.72,4.85,4.43,4.71,4.85,4.66,167,177886,808768.00,
512626,ORBIT EXPORT,B ,Q,150.00,162.85,150.00,160.95,160.95,153.45,253,8358,1323256.00,
512634,SAVERA IND  ,X ,Q,70.00,73.75,67.75,72.20,72.20,71.25,69,26964,1932981.00,
513005,VBC FERRO   ,XT,Q,54.50,54.50,50.10,54.00,54.00,51.95,19,885,45982.00,
513010,TATASTLLP   ,A ,Q,647.75,664.95,647.75,658.55,662.90,657.20,886,14198,9347942.00,
513023,NAVA        ,A ,Q,238.00,253.30,237.25,244.35,244.35,242.70,4783,223235,55025772.00,
513059,G.S.AUTO INT,XT,Q,16.50,16.85,16.01,16.43,16.60,16.43,94,3137,50981.00,
513063,TRANSFREIGHT,XT,Q,19.85,21.00,19.85,19.85,19.85,20.85,3,59,1181.00,
513097,SHIV.BIMETAL,B ,Q,394.45,414.65,392.75,409.85,408.95,390.95,1111,11946,4877880.00,
513108,GANDHI SP.TU,B ,Q,554.90,554.90,530.55,532.60,530.60,537.15,86,556,301707.00,
513117,AMFORGE IND.,X ,Q,5.77,5.77,5.35,5.61,5.61,5.49,78,5093,28619.00,
513119,ABC GAS INT ,XT,Q,60.50,60.50,58.05,60.10,60.10,60.55,35,927,54499.00,
513121,ORICON ENT  ,B ,Q,26.35,26.95,26.00,26.25,26.25,26.35,166,11176,296169.00,
513149,ACROW INDIA ,X ,Q,790.00,790.00,761.55,788.00,788.00,790.00,6,17,13371.00,
513173,STL STR INF ,X ,Q,27.35,27.35,24.90,26.50,26.70,26.95,48,1127,29424.00,
513179,NAT STL AGRO,T ,Q,3.50,3.67,3.34,3.62,3.51,3.50,21,13816,48665.00,
513228,PENNAR STEEL,B ,Q,56.60,57.95,56.60,57.35,57.35,57.70,611,43387,2492450.00,
513250,JYOTI STRUCT,Z ,Q,14.25,14.80,14.25,14.25,14.25,15.00,227,251189,3582598.00,
513252,JAY USHIN   ,XT,Q,710.00,738.15,710.00,738.15,738.15,703.00,21,827,609737.00,
513262,ST.STR.WHEEL,A ,Q,156.20,158.10,155.35,156.65,156.65,156.85,257,4997,782856.00,
513269,MAN IND.(I) ,B ,Q,77.50,79.80,77.30,79.60,78.75,77.15,219,14543,1152516.00,
513295,IMEC        ,X ,Q,2.23,2.23,2.13,2.19,2.23,2.13,52,23175,51366.00,
513303,MODERN STEEL,X ,Q,14.40,15.00,13.11,14.68,14.69,14.22,132,7362,106850.00,
513307,SYNTHIKO FOI,XT,Q,171.00,171.00,158.20,158.85,158.20,166.50,100,3351,537213.00,
513309,GOLKONDA    ,Z ,Q,23.30,23.30,22.15,22.15,22.15,23.30,2,17,380.00,
513335,METALFORGE  ,Z ,Q,4.00,4.05,4.00,4.05,4.05,4.02,9,3000,12048.00,
513337,GUJ.TOOLROOM,XT,Q,183.10,183.10,165.70,166.80,165.70,174.40,51,5245,942413.00,
513349,AJMERA      ,B ,Q,318.00,321.30,270.00,315.85,320.40,267.75,3415,86504,26833605.00,
513353,COCHIN MIN. ,X ,Q,253.40,253.40,253.40,253.40,253.40,241.35,41,5428,1375455.00,
513361,ISW LTD     ,XT,Q,2.00,2.15,2.00,2.07,2.05,2.09,198,76006,158699.00,
513369,KVFORGE     ,X ,Q,49.95,49.95,45.20,48.05,48.05,47.85,9,513,23610.00,
513375,CARBORUNDUM ,A ,Q,893.00,893.00,863.00,865.60,865.05,890.45,504,2527,2205022.00,
513377,MINERAL&METL,A ,Q,36.15,38.80,36.15,37.90,37.90,36.55,2617,406202,15204348.00,
513397,VALLABH STEL,X ,Q,5.06,5.57,5.05,5.57,5.57,5.31,16,10900,55523.00,
513401,ASHIANA ISP.,X ,Q,43.00,44.00,42.05,42.05,42.05,43.50,11,514,22409.00,
513403,PM TELELINN ,X ,Q,8.25,8.25,7.56,7.83,8.21,7.86,109,22013,176924.00,
513418,SMFIL       ,X ,Q,4.41,4.70,4.41,4.52,4.50,4.52,130,34868,160061.00,
513422,BLOOM INDUST,X ,Q,23.00,26.45,23.00,25.65,25.65,23.90,8,154,3917.00,
513430,MAITRI      ,XT,Q,28.25,28.25,28.25,28.25,28.25,27.70,1,1,28.00,
513434,TATA METALIK,A ,Q,782.20,784.65,767.80,772.05,776.75,778.35,543,5373,4172445.00,
513436,SHAH ALLOYS ,B ,Q,65.75,66.00,62.90,66.00,66.00,62.90,102,11734,772056.00,
513446,JSWISPL     ,B ,Q,32.40,32.70,32.00,32.25,32.25,32.30,259,37403,1211416.00,
513456,KANISHK ST. ,X ,Q,32.85,35.75,32.85,33.45,34.20,33.30,83,7937,277434.00,
513460,MAHALAXMI SM,Z ,Q,8.25,8.30,7.88,7.88,7.88,8.25,8,873,7242.00,
513472,SIMPLEX CAST,X ,Q,47.15,51.40,47.15,48.45,50.05,48.70,58,7435,366930.00,
513488,SH.STEEL WIR,X ,Q,26.80,28.50,26.80,27.25,28.50,26.85,11,441,12223.00,
513498,SOUTH.MAGNES,XT,Q,59.95,59.95,54.65,58.50,58.50,57.45,42,2022,117962.00,
513502,BARODA EXTR.,X ,Q,2.97,3.10,2.97,3.02,3.05,3.05,185,66934,203471.00,
513507,GUJ.CONTAIN.,P ,Q,205.10,207.55,200.05,203.00,203.00,209.80,11,1800,366890.00,
513509,KALYANI FORG,T ,Q,247.95,249.00,240.50,249.00,249.00,242.50,10,167,40560.00,
513511,PANCH.STEEL ,X ,Q,136.00,144.00,135.35,142.40,142.40,136.00,24,338,47264.00,
513513,ADITYA ISPAT,X ,Q,9.75,9.75,9.47,9.75,9.75,9.47,22,4296,41746.00,
513515,S.R.INDUS.  ,XT,Q,2.05,2.05,2.00,2.02,2.04,2.05,12,1164,2373.00,
513517,STEELCAST   ,B ,Q,462.85,474.75,441.00,447.45,441.00,463.25,805,5873,2681210.00,
513519,PITTIENG    ,B ,Q,316.75,316.75,308.35,313.55,312.30,305.65,366,8709,2721105.00,
513528,GLITTEK GRAN,X ,Q,2.25,2.45,2.25,2.45,2.45,2.34,17,8594,20935.00,
513532,PRADEEP MET.,X ,Q,137.40,138.85,131.90,136.45,136.00,134.30,104,3086,420819.00,
513536,GNRL        ,X ,Q,16.10,16.55,15.60,16.00,16.00,16.00,79,10812,174517.00,
513548,SHARDA ISPAT,XT,Q,69.90,69.95,66.60,69.90,69.90,69.95,6,701,49003.00,
513554,MAHA STEEL  ,B ,Q,71.85,77.00,71.80,72.90,72.45,68.95,858,60112,4526060.00,
513575,STERPOW     ,XT,Q,26.36,26.36,26.36,26.36,26.36,27.74,7,753,19849.00,
513599,HIND.COPPER ,A ,Q,109.45,109.45,107.45,108.75,108.75,109.25,1925,177175,19220558.00,
513642,AXEL POLYMER,XT,Q,45.60,49.05,45.60,48.50,48.50,47.95,9,620,28278.00,
513683,NLCINDIA    ,A ,Q,82.70,86.45,81.90,85.90,85.90,82.70,4903,757788,63723714.00,
513687,SPECTRA IND.,X ,Q,7.69,7.69,7.69,7.69,7.69,7.69,2,101,776.00,
513693,KIC METALIKS,X ,Q,44.50,44.50,42.25,42.40,42.40,43.15,84,6972,298711.00,
513699,SOLID STONE ,X ,Q,38.50,38.50,37.65,37.95,37.95,36.75,4,21,802.00,
513709,SHILP GRAVUR,X ,Q,102.60,102.60,102.50,102.50,102.50,102.60,3,250,25645.00,
513713,WHITEORG    ,X ,Q,13.56,13.80,12.95,13.31,13.31,13.43,351,97863,1299927.00,
513721,MFSINTRCRP  ,X ,Q,16.01,17.34,15.84,15.84,15.84,16.67,73,13311,211604.00,
513729,ARO GRANITE ,B ,Q,47.75,48.50,47.40,47.80,47.70,47.35,51,2801,134088.00,
514010,HIM.FIBRES  ,X ,Q,5.85,5.95,5.35,5.75,5.78,5.69,82,13145,73819.00,
514028,RAJKAMAL SYN,X ,Q,27.45,27.45,26.50,26.60,26.50,27.00,17,1905,51079.00,
514030,DEEPAK SPINN,X ,Q,234.65,237.95,233.10,236.35,236.85,234.65,75,4300,1016355.00,
514034,JBF IND.LTD ,B ,Q,8.10,8.44,8.10,8.24,8.24,8.22,40,17596,145825.00,
514036,LOY.TEX MILL,B ,Q,709.10,749.75,702.50,745.05,745.05,713.80,82,579,422581.00,
514043,HIMAT.SEIDE ,B ,Q,82.20,83.95,81.90,82.90,82.90,81.90,2337,88248,7317109.00,
514045,BSL LTD.    ,T ,Q,184.95,191.60,182.50,191.60,191.60,182.50,44,2144,406971.00,
514087,PBM POLYTEX ,X ,Q,108.10,113.50,106.00,108.85,109.00,110.30,60,3783,410180.00,
514113,ADHINATH TEX,XT,Q,30.30,30.30,29.00,30.15,30.15,29.75,38,813,24147.00,
514138,SURYALATA SP,X ,Q,305.00,306.00,301.00,304.60,301.00,305.00,36,728,222107.00,
514140,SURYAVA SPIN,X ,Q,30.00,30.50,29.05,30.45,30.45,30.00,14,1077,31728.00,
514142,TT LTD.     ,B ,Q,84.05,86.60,83.30,86.60,86.60,83.90,52,1743,147712.00,
514162,WELSPUN (I) ,A ,Q,75.60,76.40,75.00,76.30,76.30,75.15,655,47118,3565767.00,
514165,IND.ACRYLICS,X ,Q,11.79,12.34,11.62,12.15,12.17,11.80,239,72223,875442.00,
514167,GANESH ECOSP,B ,Q,909.40,928.95,905.25,925.10,916.60,904.40,565,8365,7715330.00,
514171,CEETA IND.  ,XT,Q,27.95,28.00,25.50,28.00,28.00,26.70,27,1590,44084.00,
514175,VARDHMAN POL,B ,Q,19.50,19.50,19.25,19.35,19.35,19.60,34,748,14471.00,
514183,BLACKROSE   ,X ,Q,171.00,171.00,166.00,167.45,167.20,169.05,794,11254,1881552.00,
514197,ST CORP     ,XT,Q,49.25,50.45,45.85,46.65,45.85,48.25,320,39062,1832128.00,
514211,SUMEET INDUS,T ,Q,6.10,6.10,5.55,5.55,5.55,5.84,178,126356,707096.00,
514215,BINNY LTD.  ,X ,Q,313.00,313.85,297.00,300.70,300.70,306.55,95,5379,1624846.00,
514223,RAMGOPAL POL,XT,Q,5.95,6.26,5.95,5.97,5.96,6.26,12,508,3029.00,
514234,SANGAM INDIA,B ,Q,239.70,243.90,238.00,242.05,243.00,240.95,234,4471,1080340.00,
514238,IKAB SEC.   ,X ,Q,969.95,987.90,908.00,957.75,957.20,940.90,39,249,242031.00,
514240,KUSHIND     ,X ,Q,6.52,6.84,6.20,6.84,6.84,6.52,143,44214,294857.00,
514248,SREECHEM RES,P ,Q,90.90,91.00,90.85,91.00,91.00,87.00,18,3100,282055.00,
514264,SEASONS TEXT,X ,Q,10.41,10.41,10.41,10.41,10.41,10.41,1,200,2082.00,
514266,ZENITH FIBRE,X ,Q,71.00,73.15,70.20,72.75,72.85,72.25,58,1052,75397.00,
514272,BHILWARA SP.,X ,Q,40.00,43.15,40.00,42.60,42.60,41.50,19,2563,107401.00,
514274,AARVEE DENIM,B ,Q,25.75,25.75,23.35,23.75,23.75,24.10,61,5463,129132.00,
514280,SANRHEA TECH,XT,Q,85.00,87.00,79.30,79.35,79.30,83.45,27,3917,317636.00,
514286,ASHIMA LTD. ,B ,Q,17.25,17.60,16.85,17.25,17.30,16.80,101,10780,185971.00,
514300,PIONEER EMB ,B ,Q,40.00,41.40,40.00,40.90,41.05,40.90,84,2185,89285.00,
514302,VIPPY SPIN. ,X ,Q,125.30,125.30,121.00,123.85,123.90,120.75,17,664,81680.00,
514312,JAY HIND SYN,XT,Q,26.20,26.25,24.80,26.25,26.25,25.00,37,4976,129952.00,
514316,RAGHUVIR SYN,X ,Q,134.00,134.00,124.20,126.50,126.50,126.65,91,4350,553235.00,
514322,KAMADGIRI   ,X ,Q,68.70,68.70,68.70,68.70,68.70,64.75,1,1,68.00,
514326,PATSPIN INDI,X ,Q,11.55,11.91,10.86,11.64,11.85,11.35,38,7537,88242.00,
514330,ONEGLOBAL   ,X ,Q,30.50,34.70,30.50,34.00,34.50,32.00,11,745,23480.00,
514332,NEOINFRA    ,X ,Q,14.40,16.39,14.36,16.11,16.11,14.49,146,39783,610163.00,
514354,PREMIER POLY,B ,Q,99.85,102.10,97.00,97.70,97.80,100.25,126,4571,453185.00,
514358,EVERLON SYN.,X ,Q,32.30,34.95,32.30,33.95,33.95,32.35,15,647,21507.00,
514360,KRRAIL      ,X ,Q,66.00,66.00,66.00,66.00,66.00,62.90,42,7740,510840.00,
514378,YARN SYNDICA,XT,Q,33.40,36.20,33.40,36.20,36.20,34.50,47,22810,792512.00,
514386,GUJ COTEX   ,X ,Q,4.34,4.34,3.96,4.02,4.02,4.14,205,150872,634091.00,
514400,GARWARE SYN.,X ,Q,10.95,10.95,10.95,10.95,10.95,11.52,2,2,21.00,
514402,SHARAD FIBRE,P ,Q,32.85,32.85,32.85,32.85,32.85,34.55,2,500,16425.00,
514418,MANORG      ,B ,Q,482.00,555.00,473.50,524.10,525.00,481.20,1032,8783,4705436.00,
514428,HINDU.ADHESI,X ,Q,285.95,292.60,274.30,291.80,292.50,279.65,150,2810,807994.00,
514442,SRI KPR IND ,X ,Q,21.60,21.60,20.00,20.60,20.60,20.50,37,2289,47100.00,
514448,JYOTI RESINS,T ,Q,1288.70,1300.00,1250.00,1298.90,1298.90,1239.70,1205,13378,17239449.00,
514450,MAHA.RUBTECH,B ,Q,247.90,268.95,243.00,260.95,262.85,249.60,1782,31656,8194649.00,
514454,SOUTH.LATEX ,XT,Q,17.55,17.55,17.55,17.55,17.55,17.55,1,105,1842.00,
514470,WIMSOME TEXT,B ,Q,78.00,80.80,76.70,77.50,78.95,78.45,95,5266,413573.00,
515008,MOD.INSUL.  ,XT,Q,38.60,40.95,38.60,40.45,40.95,40.10,61,10213,406520.00,
515018,REG.CERAMIC ,T ,Q,23.65,23.75,23.65,23.75,23.75,22.65,26,3646,86580.00,
515030,ASAHI IN.GLA,A ,Q,517.00,527.90,513.55,525.35,526.95,517.20,398,2967,1543748.00,
515037,MURD.CERAM  ,B ,Q,39.00,40.50,39.00,40.35,40.35,39.75,192,15047,601456.00,
515043,SAINT-GOBAIN,X ,Q,98.95,99.90,97.40,99.50,99.50,98.45,458,52753,5234445.00,
515055,ANANTRAJ    ,A ,Q,98.00,101.45,97.20,100.65,100.65,98.45,2581,303703,30323621.00,
515059,MADHUS.IND. ,X ,Q,24.75,24.75,23.30,23.50,23.50,24.00,33,3931,94487.00,
515085,RESTILE CER.,X ,Q,3.80,3.90,3.62,3.83,3.90,3.72,36,9629,37242.00,
515093,MADHAV MARB.,B ,Q,42.25,45.10,41.70,43.30,43.05,43.05,88,14352,617682.00,
515127,RAMASIGNS   ,X ,Q,5.06,5.06,4.50,4.75,4.75,4.94,92,44964,210889.00,
515147,HALDYN GLASS,X ,Q,66.50,70.45,65.70,68.40,68.30,65.50,683,135960,9348766.00,
516003,DUROPLY     ,X ,Q,145.30,152.60,145.30,146.45,146.45,152.80,53,2659,389173.00,
516016,SHREYANS IND,B ,Q,147.95,151.70,147.95,149.45,149.45,147.85,73,1576,237334.00,
516020,AGIO PAPER  ,XT,Q,4.93,4.93,4.93,4.93,4.93,4.93,12,1423,7015.00,
516022,STAR PAPER  ,B ,Q,185.05,190.00,184.10,185.90,185.55,185.30,324,6445,1205977.00,
516030,YASHPAKKA   ,X ,Q,98.90,99.95,97.00,98.05,98.60,98.15,434,49963,4921177.00,
516062,NAT.PLYWOOD ,Z ,Q,8.50,8.50,8.30,8.30,8.30,8.61,9,250,2113.00,
516064,ARROWGREEN  ,B ,Q,182.00,190.15,182.00,189.65,188.40,181.10,112,2713,512524.00,
516072,VISHNU CHEM ,B ,Q,1460.00,1489.70,1460.00,1472.30,1472.30,1469.60,1287,7949,11719350.00,
516078,JUMBO BAG   ,X ,Q,23.00,23.20,22.50,22.65,22.60,22.50,17,1108,25086.00,
516082,N.R.AGARWAL ,B ,Q,276.25,295.10,276.25,293.35,295.05,276.30,186,1045,302073.00,
516092,3PLAND      ,B ,Q,17.05,17.50,17.05,17.40,17.50,17.15,12,444,7697.00,
516096,SANGAL PAPER,XT,Q,157.00,172.80,157.00,172.80,172.80,164.70,8,200,33860.00,
516106,SH.KARTHIK P,X ,Q,8.05,8.05,7.82,7.85,7.85,8.21,4,116,911.00,
516108,S.I.PAPER   ,X ,Q,117.20,119.90,116.05,116.05,116.05,115.50,15,352,41556.00,
516110,FAMILYCARE  ,X ,Q,13.28,13.75,13.05,13.58,13.70,13.28,534,223503,3027257.00,
517015,VINDHYA TELE,B ,Q,1524.20,1639.00,1515.00,1584.70,1591.75,1515.70,598,1466,2320058.00,
517035,RIR         ,XT,Q,372.55,374.00,358.10,367.60,369.00,370.30,153,6525,2378489.00,
517041,ADORWELDING ,B ,Q,791.55,810.10,791.55,806.55,796.00,788.40,48,253,204455.00,
517044,INT.DATA MAN,XT,Q,15.00,15.00,15.00,15.00,15.00,15.00,1,5,75.00,
517059,SALZER ELEC ,B ,Q,232.50,246.55,232.50,240.80,240.70,237.00,745,6398,1552308.00,
517063,JETINFOTRAN ,X ,Q,39.00,40.00,39.00,40.00,40.00,39.60,7,232,9244.00,
517096,APLAB LTD.  ,X ,Q,21.25,21.85,20.00,20.60,20.60,21.00,37,3000,62043.00,
517119,PCS TECH    ,X ,Q,16.50,17.10,16.10,16.80,16.80,16.05,59,4341,72570.00,
517146,USHA MART.LT,A ,Q,176.40,179.80,173.00,174.80,174.50,177.60,5092,453813,79920835.00,
517166,SPEL SEMICON,XT,Q,49.20,49.75,49.00,49.25,49.60,49.00,351,18513,913317.00,
517168,SUBROS LTD. ,B ,Q,310.00,315.00,303.95,304.90,304.00,309.40,282,3443,1058528.00,
517170,EDVENSWA    ,X ,Q,83.00,86.50,80.90,81.60,83.00,82.65,72,6653,553202.00,
517174,HONEYWELL   ,A ,Q,42134.55,42266.40,40954.00,41209.80,41394.20,42241.85,105,138,5771537.00,
517201,SWITCH.TECH.,X ,Q,31.70,31.70,31.70,31.70,31.70,31.70,7,1278,40512.00,
517206,LUMAX IND   ,B ,Q,1754.95,1754.95,1696.70,1717.25,1710.45,1708.80,176,428,732044.00,
517214,DIGISPICE   ,B ,Q,26.60,27.50,26.60,27.00,27.05,27.35,144,6361,171955.00,
517230,PREM.AU.ELEC,X ,Q,7.00,7.00,6.55,6.71,6.71,7.19,21,6901,45874.00,
517236,CALCOM VISIO,X ,Q,123.70,128.50,123.70,127.45,128.00,123.70,32,1260,160356.00,
517238,DYNAVISION  ,XT,Q,159.80,160.75,153.00,160.75,160.75,153.10,9,502,79341.00,
517246,BCC FUBA    ,XT,Q,20.95,21.00,19.60,21.00,21.00,20.00,23,3834,80205.00,
517258,PRECISION EL,XT,Q,42.30,44.30,41.25,44.30,44.30,42.30,15,2259,94717.00,
517264,FINELINE CI ,X ,Q,50.90,51.40,48.60,51.25,51.25,50.90,11,891,43788.00,
517271,HBL P SYS   ,A ,Q,97.50,102.90,97.30,102.00,102.00,98.15,2454,172558,17187118.00,
517273,S&S POWER SW,B ,Q,23.25,23.25,23.25,23.25,23.25,23.25,2,100,2325.00,
517288,GUJARATPOLY ,X ,Q,37.95,38.40,37.30,38.40,38.40,36.60,86,12513,478092.00,
517300,GUJ.IND.POW.,B ,Q,80.45,81.80,79.20,81.05,81.40,79.55,713,25610,2073990.00,
517330,CMI LTD.    ,B ,Q,17.10,18.00,17.10,17.95,18.00,17.30,131,8206,146310.00,
517334,MOTHERSON   ,A ,Q,73.30,74.80,72.50,74.35,74.35,73.40,3501,930751,69200962.00,
517344,MINDTECK (I),B ,Q,130.70,137.25,130.70,135.85,134.35,130.85,107,2901,389140.00,
517354,HAVELLSINDIA,A ,Q,1113.95,1121.85,1105.55,1110.90,1110.90,1109.90,1298,9892,11012703.00,
517356,ACI INFOCOM ,X ,Q,1.07,1.07,0.96,1.01,1.02,1.04,463,478177,491762.00,
517360,SBEC SYSTEMS,XT,Q,68.55,68.55,62.05,62.05,62.05,65.30,373,27977,1857090.00,
517370,INCAP LTD.  ,XT,Q,41.50,41.50,40.00,40.00,40.00,39.95,3,110,4414.00,
517372,GUJ.INTRUX  ,X ,Q,136.65,140.00,136.65,138.45,140.00,136.95,4,32,4410.00,
517380,IGARSHI MOT ,B ,Q,400.50,418.90,400.50,402.70,404.35,400.70,395,2936,1203950.00,
517385,SYMPHONY    ,A ,Q,901.50,909.45,896.45,901.55,903.75,900.10,218,436,394402.00,
517393,VINTRON INF.,X ,Q,2.47,2.47,2.47,2.47,2.47,2.36,10,7046,17403.00,
517397,PAN ELECTR. ,X ,Q,36.20,36.20,36.20,36.20,36.20,37.95,5,106,3837.00,
517399,VXL INSTRUM.,X ,Q,8.78,8.78,8.73,8.73,8.73,8.68,5,162,1420.00,
517411,SHYAM TELEC.,B ,Q,9.00,9.00,9.00,9.00,9.00,9.30,1,1,9.00,
517415,LEE&NEE SOFT,X ,Q,8.80,8.80,8.33,8.67,8.70,8.64,155,15378,131909.00,
517417,PATEL AIRTEM,X ,Q,250.10,280.00,250.00,275.45,275.45,254.30,196,20276,5451643.00,
517421,BFLYGANDHI  ,B ,Q,1552.10,1570.90,1549.00,1564.70,1569.00,1552.65,188,454,703800.00,
517429,ATHENAGLO   ,X ,Q,60.75,67.05,60.75,67.05,67.05,63.90,51,100799,6347904.00,
517431,NARMADA MACP,XT,Q,11.44,11.44,11.44,11.44,11.44,10.90,6,397,4541.00,
517447,R.S.SOFTWARE,B ,Q,24.45,25.25,24.30,24.65,24.65,24.80,162,6250,154846.00,
517449,MAGNA ELECTR,X ,Q,385.00,393.40,370.00,377.65,379.90,374.70,108,3174,1226992.00,
517477,ELNET TECH. ,X ,Q,178.00,182.90,176.80,178.70,178.25,176.30,76,4374,780618.00,
517494,ACCEL       ,X ,Q,16.30,16.35,15.75,15.85,16.00,16.10,115,22193,354397.00,
517498,WEBELSOLAR  ,B ,Q,95.30,98.90,95.00,98.90,98.90,94.20,576,36627,3563204.00,
517500,ROTO PUMPS  ,B ,Q,454.20,460.00,451.25,457.30,460.00,455.75,49,334,152128.00,
517506,TTK PRESTIGE,A ,Q,826.00,833.00,803.55,806.25,805.00,816.95,980,4860,3969351.00,
517514,DHINDIA     ,X ,Q,59.00,60.60,58.00,59.55,60.60,59.00,48,5312,316628.00,
517522,RAJ GLO WIR ,A ,Q,914.95,929.80,897.65,910.10,910.10,899.25,1550,11982,10925385.00,
517530,SURANATP    ,B ,Q,10.30,10.70,10.23,10.49,10.58,10.51,74,8935,93642.00,
517536,ONWARD TECHN,B ,Q,308.80,313.75,306.75,309.40,309.90,311.15,81,496,153266.00,
517544,CENTUM ELEC ,B ,Q,764.90,790.00,735.00,745.95,745.95,749.45,1828,18940,14402443.00,
517546,ALFA TRANSFO,XT,Q,12.12,12.12,11.01,12.09,12.09,11.55,19,5591,66126.00,
517548,STARLITE COM,Z ,Q,3.05,3.15,3.05,3.15,3.15,3.00,11,706,2174.00,
517554,NHCFOODS    ,X ,Q,31.25,31.25,31.15,31.25,31.25,29.80,183,65220,2038048.00,
517556,PVP VENT LTD,B ,Q,9.20,9.83,9.20,9.83,9.83,9.37,62,42486,416280.00,
517562,TRIGYN TECH ,B ,Q,91.45,93.05,90.30,91.05,91.05,91.60,166,3190,293587.00,
517569,KEI INDUST. ,A ,Q,1500.00,1500.00,1452.05,1466.55,1466.55,1499.50,1868,8700,12811699.00,
517571,IMPPOWERS   ,Z ,Q,6.65,7.00,6.65,6.85,6.85,6.87,30,8943,61416.00,
518011,KEERTHI     ,XT,Q,142.55,142.55,142.55,142.55,142.55,149.90,1,5,712.00,
518017,BHEEMA CEM  ,XT,Q,169.00,169.00,163.50,164.90,168.90,161.05,160,38875,6420524.00,
518029,GUJ.SIDH.CEM,B ,Q,35.90,37.30,35.90,36.85,36.85,36.90,312,10901,402798.00,
518075,SURAJ PRODUC,Z ,Q,130.05,135.70,130.05,133.90,133.90,133.90,24,621,82628.00,
518091,ANJANI PORTL,B ,Q,208.25,209.00,205.75,209.00,209.00,206.40,19,91,18845.00,
519003,MODINATURAL ,X ,Q,200.00,204.90,194.35,198.30,198.30,199.90,44,1441,289662.00,
519014,PRASANT IND.,XT,Q,10.05,10.05,10.05,10.05,10.05,10.25,3,55,552.00,
519064,KHANDEL. EXT,XT,Q,77.45,77.45,75.05,75.05,75.05,79.00,8,29,2183.00,
519091,TASTY BITE  ,B ,Q,10606.30,10660.35,10506.00,10621.30,10617.95,10562.10,31,36,379694.00,
519097,RITESH INTER,XT,Q,67.40,67.40,62.75,64.10,64.00,65.95,203,7498,484013.00,
519105,AVT NATURAL ,B ,Q,104.00,106.90,103.60,105.05,104.50,104.80,424,11756,1237384.00,
519126,HIND.FOODS  ,T ,Q,634.70,640.00,600.00,621.15,612.05,626.25,623,8372,5189774.00,
519136,NAHAR INDUST,B ,Q,114.45,114.45,110.90,112.20,112.25,110.80,115,2028,227323.00,
519152,VADILAL ENT ,XT,Q,3669.95,3670.00,3351.15,3600.00,3600.00,3517.00,24,96,334943.00,
519156,VADILAL IND ,B ,Q,2656.10,2697.75,2608.00,2614.25,2620.00,2645.55,761,2908,7721514.00,
519174,ASHIANA AGRO,XT,Q,8.05,8.05,7.33,8.00,8.00,7.69,12,1078,8675.00,
519183,ADF FOODS LT,B ,Q,718.00,765.25,718.00,757.10,745.35,738.05,312,2242,1692289.00,
519191,RGRL        ,X ,Q,8.49,8.89,8.49,8.87,8.87,8.25,17,3933,34430.00,
519216,AJANTA SOYA ,X ,Q,35.90,36.15,35.20,35.85,35.95,35.75,831,118024,4200718.00,
519224,WILLIAM.MAGO,B ,Q,20.40,21.20,20.40,21.20,21.20,20.20,16,4013,84765.00,
519230,RICHIRICH   ,XT,Q,4.66,5.10,4.66,5.10,5.10,4.90,11,2225,10384.00,
519234,SIEL        ,XT,Q,64.45,65.60,60.05,65.60,65.60,62.50,13,972,62194.00,
519238,SAPTARISHI A,XT,Q,23.95,23.95,23.00,23.90,23.90,22.85,26,677,16094.00,
519242,SARDA PROT. ,XT,Q,90.90,95.65,90.90,90.90,90.90,95.65,77,2042,186196.00,
519260,SANWARIA    ,Z ,Q,0.69,0.72,0.68,0.71,0.71,0.71,287,429549,301738.00,
519262,PRIMA AGRO L,XT,Q,26.95,26.95,24.55,24.55,24.55,25.70,12,1688,41670.00,
519285,TARAI FOODS ,XT,Q,6.35,6.60,6.10,6.44,6.44,6.35,15,200,1245.00,
519287,MODERN DAIRI,X ,Q,19.98,20.38,19.11,20.38,20.38,19.41,159,75342,1526032.00,
519295,BAMBINO AGRO,X ,Q,363.40,364.95,355.00,363.00,363.00,358.65,25,565,204915.00,
519299,PRIME INDS. ,Z ,Q,5.70,5.70,5.70,5.70,5.70,5.70,2,190,1083.00,
519307,VIKAS WSP   ,Z ,Q,1.80,1.85,1.76,1.80,1.79,1.83,74,52634,95341.00,
519319,JATALIA     ,Z ,Q,3.25,3.25,3.10,3.12,3.10,3.17,5,45,142.00,
519331,VSF PROJ    ,X ,Q,52.00,52.00,43.35,45.75,48.80,48.00,30,1067,47740.00,
519359,POONA DAL   ,X ,Q,54.95,59.85,53.75,54.30,54.30,53.75,72,5925,324715.00,
519367,TRANSGL.FOOD,X ,Q,73.05,76.40,73.05,76.40,76.40,72.80,15,524,39732.00,
519383,ANIK INDS   ,B ,Q,37.55,39.90,36.85,39.25,39.30,36.90,249,28650,1132428.00,
519397,SHARAT INDUS,XT,Q,47.30,47.40,45.40,45.40,45.40,46.50,18,2183,101850.00,
519421,KSE LIMITED ,XT,Q,1850.00,1890.00,1850.00,1890.00,1890.00,1870.00,10,709,1336142.00,
519455,NARBADA     ,X ,Q,58.60,58.60,55.00,58.35,58.35,56.90,8,277,15360.00,
519457,VIRAT CRANE ,X ,Q,35.40,37.25,35.40,36.55,36.55,36.50,46,13732,499912.00,
519471,AMBARPIL    ,XT,Q,438.90,462.15,421.05,462.15,462.15,440.15,137,1602,729240.00,
519475,CHORDIA FOOD,X ,Q,76.50,76.50,71.00,71.80,71.00,73.20,17,365,26167.00,
519477,CIANAGRO    ,XT,Q,47.75,50.10,45.50,50.00,50.00,47.75,21,991,46887.00,
519483,TAI INDUST. ,X ,Q,41.00,44.00,40.70,42.80,43.65,43.00,38,1433,61365.00,
519500,BKV INDUSTRS,XT,Q,7.80,7.80,7.11,7.73,7.73,7.45,30,883,6565.00,
519506,NCC BLUE WAT,P ,Q,6.30,6.30,6.30,6.30,6.30,6.30,1,100,630.00,
519532,ASIAN TEA   ,X ,Q,14.10,14.26,13.27,13.81,13.89,13.89,90,7037,98517.00,
519552,HERITGFOOD  ,B ,Q,348.35,352.75,345.00,350.75,351.00,344.45,382,4766,1659993.00,
519566,SIMRAN FARMS,X ,Q,127.90,130.30,127.90,128.35,129.00,127.90,43,1612,207701.00,
519588,DFM FOODS   ,B ,Q,455.00,458.05,455.00,457.25,457.80,455.35,137,3959,1807851.00,
519600,CCL PRODUCTS,A ,Q,569.70,569.70,540.10,547.95,547.95,561.60,1742,24966,13797291.00,
519602,KELLTONTEC  ,T ,Q,54.00,57.05,52.70,55.95,57.05,54.35,268,34629,1879867.00,
519604,SURYO FOODS ,XT,Q,8.44,8.44,8.44,8.44,8.44,8.44,3,36,303.00,
519606,INTEG.PROEIN,XT,Q,22.55,22.55,20.50,21.10,22.40,21.50,17,211,4603.00,
519612,MAHAAN FOODS,X ,Q,26.00,26.00,24.00,25.15,25.00,24.80,28,3526,86980.00,
520008,RICO AUTO   ,B ,Q,76.20,79.90,76.20,78.45,78.45,77.75,1271,74462,5887590.00,
520021,OMAX AUTOS. ,B ,Q,55.35,57.05,53.95,56.70,56.35,54.20,192,5722,319889.00,
520043,MUNJAL SHOWA,B ,Q,96.65,97.00,95.50,96.10,96.10,96.35,216,3158,303803.00,
520051,JAMNA AUTO  ,A ,Q,105.85,106.90,102.80,103.15,103.40,106.10,639,26608,2796809.00,
520056,SUNDAR.CLAY ,A ,Q,4973.70,5108.95,4973.70,5022.10,5026.95,4969.85,166,387,1953956.00,
520057,JTEKTINDIA  ,B ,Q,135.90,143.20,135.90,142.50,141.70,136.35,1048,29113,4099600.00,
520059,MUNAUTO     ,B ,Q,46.00,47.80,46.00,47.35,47.65,46.80,268,7536,357021.00,
520066,JAYBH.MARUTI,B ,Q,162.00,164.60,158.95,162.15,162.00,163.60,87,2548,409871.00,
520073,RACLGEAR    ,X ,Q,690.10,739.00,690.10,727.15,729.00,700.65,265,7421,5301679.00,
520075,SAMKRG PIST.,X ,Q,151.85,152.40,150.00,152.15,150.00,149.85,40,604,91444.00,
520086,SICAL LOG   ,B ,Q,7.93,7.93,7.93,7.93,7.93,7.56,280,895171,7098706.00,
520111,RATNAMNI MET,A ,Q,1914.90,1944.85,1911.50,1922.85,1929.55,1907.20,806,1287,2486095.00,
520113,VESUVIUS IND,B ,Q,1599.90,1620.00,1587.15,1588.80,1587.15,1600.80,131,548,880000.00,
520119,AUTOMOTIVE S,B ,Q,370.00,374.55,365.65,367.15,371.05,373.30,258,2238,828090.00,
520121,ARCEE INDUST,XT,Q,7.39,7.77,7.03,7.77,7.77,7.40,10,2817,20415.00,
520123,ABC INDIA   ,X ,Q,89.50,89.50,82.60,83.55,83.55,86.25,59,4089,344489.00,
520127,BALURGHAT TE,X ,Q,12.01,13.33,12.01,12.84,12.84,12.19,47,6874,87429.00,
520131,COASTAL ROAD,P ,Q,39.20,39.25,38.00,38.00,38.00,37.45,6,600,23270.00,
520141,SIBAR AUTO  ,XT,Q,9.10,9.45,9.00,9.17,9.19,9.10,24,3175,28971.00,
520151,SHREY SH LOG,B ,Q,308.05,308.05,293.30,294.45,296.75,296.15,103,870,256840.00,
520155,STARLOG     ,X ,Q,15.60,15.63,14.15,15.21,15.00,14.89,89,35138,538516.00,
521005,TITANIN     ,X ,Q,22.00,23.25,22.00,23.25,23.25,22.15,58,23940,553401.00,
521016,INDO COUNT  ,A ,Q,130.25,136.20,130.25,134.05,134.00,130.25,713,20327,2715871.00,
521018,MARAL OVERS ,B ,Q,63.15,63.55,61.30,63.55,63.55,61.95,19,3096,191381.00,
521034,SOMA TEXTILE,B ,Q,9.50,9.50,8.92,8.95,8.95,9.11,24,10332,94313.00,
521036,SOURCEIND   ,XT,Q,3.19,3.19,3.19,3.19,3.19,3.04,5,700,2233.00,
521048,ADV LIFESTY ,X ,Q,41.25,43.00,41.25,41.30,41.30,41.30,6,352,14528.00,
521054,KAKATIYA TEX,XT,Q,49.45,54.65,49.45,54.45,54.65,52.05,379,29875,1574040.00,
521062,OCTAVE      ,XT,Q,1.98,1.98,1.98,1.98,1.98,1.89,11,2390,4732.00,
521064,TRIDENT     ,A ,Q,35.00,35.00,33.95,34.35,34.35,34.70,2266,592958,20362376.00,
521068,HISAR SPIN. ,P ,Q,68.05,70.95,67.05,69.95,70.95,70.05,8,900,61645.00,
521070,ALOK INDS.  ,T ,Q,15.60,15.75,15.45,15.55,15.60,15.60,896,212113,3306997.00,
521080,PASARI SPIN ,XT,Q,5.70,6.30,5.70,6.16,6.30,6.00,60,35807,222909.00,
521097,AMARJOTHI SP,X ,Q,176.35,187.45,176.00,185.15,183.20,179.95,289,23074,4220184.00,
521105,OLYMPIA IND.,XT,Q,125.00,129.75,121.50,125.80,129.50,124.05,34,1134,143803.00,
521109,NAGREEKA EXP,B ,Q,41.65,41.95,40.30,40.30,40.40,39.75,34,891,36605.00,
521113,SUDITI IND. ,X ,Q,25.50,25.90,24.45,25.25,25.45,25.05,21,4371,111944.00,
521131,SBFL        ,X ,Q,16.50,17.00,15.00,15.30,15.00,16.20,15,1244,19549.00,
521137,EUREKA IND. ,XT,Q,20.05,20.05,20.05,20.05,20.05,20.45,14,213,4270.00,
521141,ADITYA SPIN.,XT,Q,23.00,24.05,22.05,22.60,22.60,22.95,43,2908,65885.00,
521149,PRIME URBAN ,X ,Q,6.29,6.29,6.29,6.29,6.29,6.62,3,100,629.00,
521151,DHANLXMI FAB,X ,Q,53.15,53.15,48.10,52.60,49.80,51.40,82,3295,166414.00,
521161,SRI LAK.SAR.,X ,Q,33.75,39.90,33.15,38.30,38.30,38.05,24,1205,43820.00,
521163,ZODIAC CLOTH,B ,Q,94.85,98.00,94.70,97.15,97.00,94.00,83,2636,252664.00,
521178,SRI RAMK.MIL,X ,Q,26.50,26.95,24.10,25.75,25.05,24.15,102,13664,357189.00,
521180,SUPER SPIN. ,B ,Q,8.99,8.99,8.40,8.43,8.43,8.59,36,4115,35331.00,
521188,UNITED TEXT.,XT,Q,13.34,13.35,12.27,12.47,12.50,12.72,27,4561,57066.00,
521194,SIL INVEST  ,B ,Q,340.50,356.90,340.50,344.55,343.15,352.50,11,15,5168.00,
521200,SURYLAK.COTT,B ,Q,58.25,62.55,58.25,60.40,60.25,57.90,291,11143,670042.00,
521206,SAMTEX FASH.,X ,Q,2.40,2.88,2.40,2.88,2.88,2.40,177,153802,432902.00,
521216,DHAN ROTO SP,X ,Q,76.05,77.65,74.75,75.25,76.90,75.70,20,675,51138.00,
521220,DAMOINDUS   ,B ,Q,50.65,53.95,50.25,51.40,50.50,50.80,139,3360,175030.00,
521222,SANBLUE     ,X ,Q,31.80,31.80,28.85,28.85,28.85,30.30,4,101,3138.00,
521226,UNI ROYAL IN,X ,Q,15.10,16.70,15.10,16.00,16.00,15.10,32,1206,19281.00,
521228,TATIA GLOB  ,X ,Q,1.30,1.36,1.30,1.36,1.36,1.30,267,329012,444623.00,
521232,SUNIL INDUS.,P ,Q,62.95,65.20,62.95,65.20,65.20,62.10,6,600,38745.00,
521234,SRI NACHAMAI,X ,Q,42.20,42.20,38.30,39.55,38.30,39.90,18,317,12809.00,
521240,SAMBANDAM SP,X ,Q,153.00,155.50,147.35,152.95,155.50,149.20,28,1442,219635.00,
521246,PARAS PETRO ,T ,Q,1.48,1.48,1.48,1.48,1.48,1.55,28,27865,41240.00,
521248,KITEX GARMEN,A ,Q,199.70,204.90,196.15,197.25,197.20,200.95,1384,28104,5636777.00,
522001,CRANEX LTD. ,X ,Q,24.15,26.20,24.15,25.20,25.20,24.90,31,1764,44308.00,
522004,BATLIBOI LTD,XT,Q,48.45,49.25,47.20,48.85,48.85,48.10,41,6728,323471.00,
522005,AUSTIN ENGG.,X ,Q,117.90,117.90,109.50,111.00,111.50,115.75,115,6242,704577.00,
522014,UNITED DRILL,B ,Q,264.05,265.00,260.90,261.35,260.95,260.55,72,559,147255.00,
522017,FLUIDOMAT   ,XT,Q,222.50,232.90,222.50,226.55,226.55,229.90,43,2237,512140.00,
522029,WINDSOR MACH,B ,Q,45.15,45.15,44.20,44.60,44.60,44.70,177,8426,377279.00,
522034,SHANTHI GEAR,B ,Q,333.75,344.00,333.75,340.65,340.65,330.95,742,10503,3556654.00,
522036,MIVEN MACHIN,XT,Q,10.90,10.90,10.90,10.90,10.90,11.00,8,5169,56342.00,
522064,HONDAPOWER  ,B ,Q,2217.85,2221.30,2174.50,2196.00,2203.00,2209.85,656,2293,5037366.00,
522073,HITECHGEAR  ,B ,Q,262.00,266.95,258.10,258.30,258.25,262.60,66,328,85237.00,
522074,ELGI EQUIP  ,A ,Q,436.15,438.55,428.20,429.95,431.90,437.15,940,9465,4078831.00,
522091,UV DER HORST,X ,Q,80.65,84.95,78.00,78.50,78.50,86.65,20,1062,83386.00,
522101,KILBURN ENGG,XT,Q,80.00,81.50,78.60,80.00,80.00,82.40,75,10901,873468.00,
522105,BIRLA PRETEC,X ,Q,39.00,40.95,39.00,40.65,40.70,40.20,212,49835,2000114.00,
522108,YUKEN INDIA ,B ,Q,476.30,539.00,473.95,512.35,512.35,473.90,407,2329,1202221.00,
522113,TIMKEN (I)  ,A ,Q,3125.00,3176.20,3092.60,3106.65,3104.10,3125.05,888,3240,10159663.00,
522122,VOITH PAPER ,X ,Q,1140.00,1149.95,1125.00,1125.10,1125.10,1124.95,12,1119,1267421.00,
522134,ARTSON ENG  ,X ,Q,83.20,83.20,80.00,81.20,81.20,81.80,198,10647,863200.00,
522152,SOLITAIR MC ,X ,Q,49.80,50.95,49.30,50.40,50.40,50.00,30,382,19153.00,
522165,INDSIL HYD  ,X ,Q,46.95,46.95,44.10,45.70,45.30,45.00,121,13281,606077.00,
522183,ITL INDUSTRS,X ,Q,184.30,184.30,177.70,181.85,183.95,181.90,40,789,143647.00,
522195,FRONTIER SPR,X ,Q,463.90,464.00,439.60,443.65,443.65,457.60,171,5617,2521317.00,
522205,PRAJ IND.LTD,A ,Q,364.00,364.00,353.55,355.45,355.45,364.15,1623,44411,15924947.00,
522207,RASANDIK ENG,X ,Q,92.50,92.50,88.50,88.65,88.50,91.50,16,1124,99917.00,
522209,YOGI SUNGWON,X ,Q,4.00,4.09,3.70,3.86,3.86,4.07,11,3483,13393.00,
522215,HLEGLAS     ,A ,Q,635.10,657.55,632.10,651.85,651.85,636.75,906,3807,2476073.00,
522217,GUJ APOIND  ,B ,Q,196.80,204.80,194.15,195.80,197.95,196.90,24,908,180885.00,
522229,TANEJA AERO.,X ,Q,114.50,116.00,112.50,114.50,114.95,113.15,171,12894,1478248.00,
522231,CONART ENG. ,X ,Q,39.35,40.45,39.00,39.90,39.90,39.20,27,3165,124738.00,
522241,M.M.FORGINGS,B ,Q,831.90,838.40,821.00,821.00,821.00,827.30,64,292,241804.00,
522245,IYKOT HITEC ,Z ,Q,23.50,23.50,23.50,23.50,23.50,23.50,1,3,70.00,
522249,MAYUR UNIQ. ,B ,Q,415.95,415.95,410.00,411.20,413.50,411.75,162,976,402449.00,
522251,CENLUB INDUS,X ,Q,137.95,142.85,136.20,137.15,136.60,139.15,76,6640,922015.00,
522257,RAJOO ENGIN.,X ,Q,28.65,29.90,27.70,29.40,29.65,28.15,188,31916,923582.00,
522263,JMC PROJECTS,B ,Q,128.75,128.75,124.90,126.90,128.50,125.55,525,12728,1608351.00,
522267,VEEJAY LAKSH,X ,Q,43.75,43.75,43.75,43.75,43.75,42.00,4,212,9275.00,
522273,AHMED.STEEL ,X ,Q,17.95,17.95,17.95,17.95,17.95,17.20,2,2,35.00,
522275,GET&D       ,B ,Q,113.25,118.00,112.55,116.35,117.40,114.30,262,3908,452231.00,
522281,RAM RAT.WIRE,B ,Q,173.00,173.00,164.75,165.95,167.10,166.45,231,3499,587310.00,
522285,JAY NECO IND,B ,Q,24.00,25.15,24.00,24.90,24.95,24.40,142,21780,538153.00,
522287,KALPA.POWER ,A ,Q,534.85,543.00,528.90,540.05,540.05,536.95,975,9197,4927572.00,
522292,CANDOUR     ,XT,Q,48.50,49.25,46.30,49.05,49.00,46.95,295,33873,1654113.00,
522294,T & I GLOBAL,X ,Q,105.00,108.85,103.95,108.85,108.85,105.00,7,612,63753.00,
522295,CONTROL PRNT,B ,Q,396.00,398.35,376.00,395.80,396.20,394.15,68,713,281224.00,
522650,BEMCO HYDRAU,XT,Q,500.50,526.95,499.05,525.40,525.40,524.90,24,393,202456.00,
523007,ANSAL BUILD.,X ,Q,80.00,86.00,80.00,84.95,85.00,84.15,12,610,50752.00,
523011,WEIZMANN LTD,B ,Q,96.45,101.75,96.45,99.65,99.75,101.40,145,2403,238945.00,
523019,B.N.RATHI SE,X ,Q,38.00,38.55,37.55,38.15,37.60,37.80,41,6493,245971.00,
523021,RISHITECH   ,X ,Q,25.50,25.95,25.25,25.95,25.95,26.00,6,106,2705.00,
523023,SINCLAIR HOT,X ,Q,105.65,107.85,104.20,105.40,105.40,105.65,139,20382,2167331.00,
523025,SAFARI IND. ,B ,Q,1686.25,1686.25,1648.95,1655.45,1655.45,1686.10,131,297,494271.00,
523062,JJ FINANCE  ,XT,Q,20.40,20.40,20.40,20.40,20.40,20.30,3,100,2040.00,
523100,COSMO FERR. ,X ,Q,283.00,283.00,275.00,276.70,275.00,276.15,156,5202,1444869.00,
523116,SANCO TRANS ,X ,Q,750.00,848.00,750.00,804.00,804.00,815.25,3,4,3152.00,
523120,ADOR MULTI. ,X ,Q,69.10,69.10,69.10,69.10,69.10,65.70,2,2,138.00,
523127,EIH ASSO.HOT,B ,Q,407.95,432.75,405.10,417.85,417.35,408.75,107,961,409618.00,
523144,MEDI CAPS   ,X ,Q,44.95,45.75,44.15,44.80,44.80,44.80,78,4677,209277.00,
523151,OTCO INTERN.,X ,Q,4.97,5.68,4.97,5.64,5.64,5.23,10,725,4050.00,
523160,MORGAN CRU  ,X ,Q,957.15,978.50,957.00,972.05,972.05,962.90,26,139,134262.00,
523186,BA PACK     ,XT,Q,207.50,207.95,195.25,205.45,205.45,203.10,16,197,40019.00,
523204,ABAN OFFSHO ,B ,Q,49.00,49.20,48.30,48.80,48.50,48.60,308,8259,401988.00,
523207,KOKUYOCMLN  ,B ,Q,82.00,84.75,81.25,84.55,84.25,81.50,438,22628,1882179.00,
523229,BHARAT SEATS,X ,Q,97.90,98.00,95.50,97.35,97.50,97.80,123,12759,1240944.00,
523232,CONT.PETRO  ,XT,Q,42.00,43.50,41.50,42.20,42.20,43.00,17,1263,53234.00,
523242,NB FOOT WEAR,P ,Q,4.70,4.70,4.70,4.70,4.70,4.80,1,100,470.00,
523248,MACHINO PLAS,X ,Q,115.40,119.90,113.00,114.95,114.95,113.50,16,1117,127611.00,
523260,PEARL POLYME,B ,Q,23.40,24.70,23.35,24.15,23.80,23.90,144,13507,324459.00,
523261,VENKEY'S (I),A ,Q,1907.95,1908.15,1869.15,1878.95,1879.00,1887.05,284,1124,2117826.00,
523269,ADVANI HOTEL,B ,Q,87.85,87.85,84.45,86.75,86.75,87.00,369,26279,2256037.00,
523277,G.V.FILMS   ,X ,Q,0.65,0.66,0.63,0.65,0.65,0.65,5119,1384019,885836.00,
523283,SUPER HOUSE ,B ,Q,197.45,203.95,197.45,201.80,202.30,194.85,28,435,87892.00,
523289,RAMA VISION ,X ,Q,47.00,48.80,46.15,47.55,47.55,48.00,44,7104,338165.00,
523301,TCPL PACK   ,B ,Q,1417.15,1549.55,1409.60,1513.70,1513.70,1424.80,2014,10134,15009181.00,
523309,SHRIGANG IND,XT,Q,88.90,93.00,84.45,92.10,92.95,88.85,62,1973,178706.00,
523319,BALMER LAWRI,B ,Q,120.65,124.00,120.55,123.00,123.00,120.70,495,12487,1528472.00,
523323,KOVAI MEDI. ,B ,Q,1924.95,1924.95,1641.00,1746.80,1735.50,1684.60,142,782,1353315.00,
523329,ELDECO HOUS.,B ,Q,586.05,587.80,575.00,577.85,577.80,580.25,33,57,33081.00,
523367,DCMSHRIRAM  ,A ,Q,856.50,870.45,854.00,864.60,866.00,858.90,336,1904,1641211.00,
523369,DCM SHR.IND ,B ,Q,72.40,73.40,71.55,72.20,72.20,72.40,475,25780,1860428.00,
523371,MAWANA SUGAR,B ,Q,99.60,99.60,95.60,96.90,96.90,98.70,1172,48107,4703746.00,
523373,MINI DIAMOND,XT,Q,18.00,18.90,17.55,17.70,18.65,18.45,23,2200,39867.00,
523384,MAH.RAS.APEX,B ,Q,109.90,118.05,109.90,118.05,118.05,112.45,60,9576,1085100.00,
523385,NILKAMAL L  ,B ,Q,1858.00,1878.50,1858.00,1865.00,1860.00,1866.50,62,132,246771.00,
523391,NAHAR POLY  ,B ,Q,273.15,273.15,262.40,263.90,263.90,267.70,43,691,184192.00,
523395,3M INDIA LTD,A ,Q,22300.40,22419.70,22050.00,22082.05,22050.00,22378.10,172,241,5341973.00,
523398,JCHAC       ,A ,Q,1122.35,1122.35,1094.30,1097.10,1100.90,1099.35,496,997,1098525.00,
523405,JM FINANCIAL,A ,Q,70.20,72.20,70.20,70.95,71.05,70.55,868,99232,7076977.00,
523411,ADCINDIA    ,X ,Q,448.00,474.00,444.00,458.00,458.00,437.70,100,1196,543592.00,
523419,TAMIL.TELE. ,T ,Q,7.77,7.77,7.25,7.44,7.44,7.40,21,1090,8053.00,
523425,SUNRAJ DIAM.,Z ,Q,8.04,8.04,7.64,7.64,7.64,8.04,7,79,622.00,
523445,REL INDL INF,A ,Q,902.05,942.90,902.05,931.80,931.80,905.00,3571,66974,61645098.00,
523449,SHARP INDIA ,X ,Q,66.00,68.15,63.50,64.85,64.50,65.65,16,265,17434.00,
523457,LINDEINDIA  ,A ,Q,3445.00,3446.50,3372.65,3423.70,3410.45,3424.50,576,1969,6736689.00,
523465,IND.BANK HSG,B ,Q,31.40,32.50,30.25,31.35,30.90,31.40,65,11506,368801.00,
523467,JAIMATA GLAS,X ,Q,1.00,1.00,1.00,1.00,1.00,0.96,7,17499,17499.00,
523475,LOTUS CHOC  ,X ,Q,111.55,111.55,111.55,111.55,111.55,106.25,33,2942,328180.00,
523483,PACIFIC IND.,X ,Q,350.00,363.90,350.00,351.80,362.95,356.95,6,26,9146.00,
523489,CMM HOSPITAL,X ,Q,23.25,23.25,22.60,22.85,22.85,23.50,22,5348,121953.00,
523519,UNI OFF AUTO,X ,Q,3.61,3.61,3.29,3.58,3.58,3.44,9,240,857.00,
523537,APM INDUS.  ,X ,Q,57.95,58.65,56.00,57.80,57.80,56.90,61,4860,279496.00,
523539,PRECISION WR,B ,Q,74.80,74.85,71.85,73.05,73.35,73.15,384,5311,387630.00,
523550,KRYPTON IND ,X ,Q,24.25,24.25,22.75,23.15,23.15,24.10,54,4554,105880.00,
523558,SWISSMLTRY  ,X ,Q,16.70,16.70,16.20,16.70,16.70,15.95,341,199738,3319485.00,
523566,MARTIN BURN ,X ,Q,35.45,35.45,33.55,34.40,35.40,34.95,26,537,18487.00,
523574,FEL         ,B ,Q,1.64,1.64,1.60,1.61,1.62,1.63,128,436900,709885.00,
523586,IND.TONERS  ,X ,Q,186.15,189.95,186.15,188.20,188.00,188.75,38,3532,665253.00,
523594,KUNSTSTOFFE ,X ,Q,28.00,30.85,27.35,28.90,28.90,26.15,52,3033,87767.00,
523598,SHIPP.CORPN ,A ,Q,133.25,142.40,131.90,140.20,140.20,133.25,6580,513889,71432504.00,
523606,SIKA INTER. ,X ,Q,690.00,710.00,681.55,696.35,705.90,700.20,62,1125,786927.00,
523610,ITI LTD.    ,A ,Q,104.45,105.00,103.25,104.10,104.00,103.00,603,25321,2635147.00,
523618,DREDGING COR,B ,Q,364.40,368.90,355.30,363.40,363.40,362.70,835,7588,2744605.00,
523620,PHARMASIA   ,XT,Q,26.50,28.00,25.65,27.90,27.90,27.00,14,2622,67938.00,
523628,PODDAR      ,B ,Q,206.85,213.00,200.50,206.25,202.10,206.20,57,1986,401824.00,
523630,NATIONAL FER,A ,Q,66.35,78.40,65.50,77.20,77.20,66.35,16683,3980299,286977422.00,
523638,IP RINGS LTD,X ,Q,111.80,115.00,108.50,112.90,111.00,111.95,32,1208,135322.00,
523642,PI INDUS.LTD,A ,Q,3481.00,3493.15,3442.00,3448.80,3445.00,3482.35,1261,5501,19056713.00,
523648,PLASTIBLEND ,B ,Q,177.30,180.65,177.30,178.50,179.15,177.30,84,691,123541.00,
523650,YASHINNO    ,XT,Q,39.00,40.25,37.10,38.25,39.00,39.00,41,12344,472326.00,
523660,WATERBASE   ,B ,Q,76.95,78.75,76.00,77.25,77.95,77.15,92,920,71286.00,
523672,FLEX FOODS  ,X ,Q,100.00,104.75,98.00,99.30,99.30,101.35,191,18958,1898935.00,
523676,GOLKUNDA DIA,X ,Q,115.80,121.95,115.50,120.05,120.00,121.60,42,1637,195429.00,
523694,APCOTEX IND ,A ,Q,462.55,466.05,454.65,463.95,466.05,453.55,544,4044,1858804.00,
523696,FORTIS MLR  ,X ,Q,59.00,59.00,57.50,58.60,58.60,58.00,16,4256,246872.00,
523704,MASTEK LTD  ,A ,Q,1683.15,1688.75,1649.40,1664.80,1654.25,1683.15,271,1059,1772889.00,
523708,EIMCO ELECON,B ,Q,387.65,395.00,381.00,394.85,389.20,385.10,119,826,318987.00,
523710,SAYAJI HOTEL,XT,Q,355.75,355.80,332.75,348.90,348.90,339.20,27,498,172151.00,
523716,ASHIANA HOU ,B ,Q,138.95,140.00,138.00,138.65,139.00,139.55,255,1595,221586.00,
523722,SVAM SOFTWAR,X ,Q,3.99,3.99,3.81,3.96,3.96,3.98,46,15276,60793.00,
523732,ECO BOARD IN,X ,Q,37.80,37.80,34.70,35.45,35.05,36.00,28,2965,104741.00,
523736,DVL         ,B ,Q,235.55,239.50,235.55,238.10,238.10,235.15,182,2709,645990.00,
523754,MAHEPC      ,B ,Q,101.50,108.90,101.50,106.30,106.95,101.50,161,5728,603125.00,
523782,MITSHI      ,X ,Q,9.95,10.25,9.95,10.25,10.25,9.95,11,2763,28290.00,
523792,MAZDA LTD   ,B ,Q,644.95,678.40,620.00,662.90,675.45,658.90,231,1700,1078390.00,
523826,SOVEREIGN DI,X ,Q,16.40,19.00,16.40,19.00,19.00,18.15,3,107,1773.00,
523828,MENON BEAR. ,B ,Q,98.20,99.10,95.85,97.80,97.30,98.95,215,7170,700348.00,
523832,MUKAT PIPES ,X ,Q,7.25,7.98,7.25,7.45,7.45,7.35,8,704,5197.00,
523836,GUJ.RAFFIA  ,T ,Q,36.25,36.25,34.45,34.55,34.55,36.25,17,694,23966.00,
523838,SIMPLX INFRA,B ,Q,56.75,59.35,55.75,57.80,57.45,56.65,67,2112,122989.00,
523840,INN.TECH.PAC,X ,Q,15.50,15.75,15.00,15.50,15.50,15.25,15,1385,21135.00,
523842,SUPER TANNER,X ,Q,7.25,7.64,7.25,7.33,7.47,7.24,115,45874,339169.00,
523850,AXTEL INDUS.,X ,Q,222.90,229.50,217.55,221.20,221.20,222.40,116,9723,2139857.00,
523896,APIL        ,XT,Q,32.85,34.85,32.85,32.85,33.20,34.55,48,18731,615766.00,
524000,POONAWALLA  ,A ,Q,291.60,304.50,290.95,302.15,302.15,292.10,5194,333901,99363832.00,
524013,HIND.FLUROCA,B ,Q,12.29,12.29,11.56,12.19,12.20,11.76,41,2921,35282.00,
524019,KINGFA      ,B ,Q,1234.50,1238.00,1205.80,1212.30,1205.80,1216.55,23,57,69836.00,
524031,PATIDAR     ,X ,Q,8.53,9.39,8.53,9.39,9.39,8.97,13,14951,128392.00,
524037,RAMA PHOSPH ,B ,Q,261.60,276.75,260.85,274.85,275.50,263.00,347,3834,1034744.00,
524038,VENLON ENTR ,X ,Q,7.45,7.76,6.02,6.33,6.99,7.30,43,7340,50347.00,
524051,POLYPLEX    ,A ,Q,1584.05,1603.50,1576.95,1590.30,1590.30,1599.60,874,204003,323562713.00,
524075,ALBERT DAVID,B ,Q,568.85,573.40,566.55,567.65,567.65,566.15,55,101,57565.00,
524080,HAR.LEATHER ,XT,Q,42.80,43.90,40.30,43.90,43.90,41.85,51,19430,851052.00,
524091,CARYSIL     ,A ,Q,480.00,480.00,454.00,460.90,460.90,467.45,1126,10580,4944675.00,
524109,KABRA EXTR  ,B ,Q,479.50,494.15,477.20,486.85,485.40,479.30,537,3537,1727830.00,
524129,VINYL CHEM  ,B ,Q,465.40,481.85,456.40,481.85,481.85,458.95,372,15719,7546341.00,
524136,PEE CEE COSM,X ,Q,116.60,116.60,116.60,116.60,116.60,114.95,1,1,116.00,
524156,T C M LTD.  ,X ,Q,45.35,45.35,43.00,43.90,44.75,44.90,16,2780,123490.00,
524164,IOL CHEM PH ,A ,Q,379.85,392.95,373.65,380.25,380.25,371.95,2049,35075,13491737.00,
524200,VINATI ORG. ,A ,Q,1997.95,1997.95,1960.00,1972.50,1972.05,1965.35,139,502,987829.00,
524202,LACTOSE(I)  ,X ,Q,50.00,54.95,49.10,52.75,52.75,52.35,38,5261,271202.00,
524208,AARTI INDUST,A ,Q,616.95,621.50,613.20,617.80,617.15,618.00,749,10883,6719266.00,
524212,WANBURY LTD ,T ,Q,48.65,49.25,46.15,47.75,47.75,47.00,73,6462,308551.00,
524218,RESONANCE   ,X ,Q,117.20,121.20,115.35,117.70,118.95,117.15,96,5077,600674.00,
524226,GUJ AMB EXP ,A ,Q,246.80,252.70,243.50,249.95,252.70,246.80,1008,17117,4233576.00,
524230,RASHTR.CHEM.,A ,Q,116.85,137.10,115.05,134.10,134.10,116.45,19408,3088922,395985766.00,
524238,GUJINJK     ,XT,Q,12.15,12.15,12.15,12.15,12.15,11.58,52,30351,368764.00,
524280,KOPRAN LTD. ,B ,Q,157.70,157.70,150.60,151.40,151.40,154.55,532,18022,2753771.00,
524288,AIMCO PESTI.,X ,Q,174.35,177.00,168.00,169.15,168.70,174.30,217,21860,3711725.00,
524314,GUJ.TERC LAB,X ,Q,18.45,18.70,18.05,18.60,18.70,17.85,46,11512,213112.00,
524330,JAYANT AGRO ,B ,Q,174.45,177.75,174.35,176.00,176.30,174.70,100,2331,410780.00,
524332,BCLIL       ,B ,Q,326.05,326.05,312.55,315.70,313.00,316.85,257,3452,1103274.00,
524336,SH.HARI CHEM,X ,Q,49.05,52.90,49.00,51.45,51.45,51.00,16,1090,53582.00,
524342,INDOBORAXC  ,B ,Q,133.30,136.00,132.90,133.00,133.00,133.55,107,4476,598952.00,
524348,AARTI DRUGS ,A ,Q,444.00,452.00,443.00,448.80,447.10,446.50,824,7953,3567399.00,
524370,BODAL CHEM  ,B ,Q,76.95,79.00,75.55,78.55,78.55,75.90,692,35278,2742547.00,
524372,ORCHIDPHAR  ,T ,Q,373.90,373.90,361.00,363.15,363.15,372.70,45,1166,428179.00,
524394,VIMTA LABS  ,B ,Q,426.80,435.75,424.90,427.55,428.00,426.80,331,1330,571926.00,
524396,BIOFIL CHEM ,B ,Q,54.60,56.80,54.60,54.90,55.15,54.50,123,4766,263135.00,
524400,ISHITA DRUGS,X ,Q,51.55,53.00,51.55,51.70,51.60,52.60,27,2597,135003.00,
524404,MARKSANS    ,A ,Q,60.10,60.45,59.25,59.35,59.40,60.00,598,80668,4825165.00,
524408,UNIV.STARCH ,XT,Q,129.95,131.25,129.95,131.05,131.00,125.00,11,880,115246.00,
524412,AAREY DRUGS ,B ,Q,38.25,40.70,38.25,39.50,39.60,39.10,281,18096,724393.00,
524414,NORRIS MEDI.,XT,Q,13.87,14.37,13.05,14.25,14.25,13.69,50,3407,48155.00,
524434,ASIAN PETRO ,XT,Q,22.90,22.90,21.00,22.00,22.00,22.10,18,425,9164.00,
524440,CAMEX LTD   ,X ,Q,28.70,29.85,28.70,29.25,29.70,29.55,18,1263,37006.00,
524444,EVEXIA      ,X ,Q,1.57,1.60,1.53,1.54,1.54,1.59,1220,1332871,2074480.00,
524458,INDOEURO    ,XT,Q,17.10,17.20,15.60,17.15,17.15,16.40,50,66722,1056709.00,
524470,SYNCOM FORM.,B ,Q,9.18,9.67,9.00,9.05,9.05,9.09,1902,1526286,14095704.00,
524480,RIDHI SIDHI ,X ,Q,355.20,369.95,355.20,369.90,369.95,365.00,7,539,196634.00,
524488,SVCIND      ,XT,Q,3.00,3.13,2.91,2.96,2.95,3.02,97,18631,56500.00,
524494,IPCA LAB LTD,A ,Q,856.00,858.80,848.15,851.35,848.20,856.00,746,6001,5115837.00,
524500,KILITCH DRUG,B ,Q,157.85,157.95,155.40,157.50,157.50,157.75,79,262,41290.00,
524502,RAAJMEDISAFE,P ,Q,32.55,34.10,32.55,33.00,33.00,32.50,8,1100,37055.00,
524506,CORAL LAB.  ,X ,Q,318.10,324.00,318.10,323.65,324.00,319.80,27,795,254783.00,
524514,TULASEE BIO-,ZP,Q,21.00,21.00,21.00,21.00,21.00,21.00,1,100,2100.00,
524518,KREBS BIOCHM,B ,Q,109.75,109.75,105.30,109.20,109.20,109.15,13,1066,113185.00,
524520,KMC SHIL    ,X ,Q,66.00,66.90,64.85,65.10,65.10,66.00,501,49174,3222063.00,
524522,LAFFANS PETR,X ,Q,40.20,42.55,40.20,41.70,41.30,43.00,15,5105,210543.00,
524534,BHASKAR AGRO,XT,Q,69.80,70.95,66.50,69.65,70.80,70.00,42,1961,134367.00,
524542,SUKJIT STRCH,B ,Q,412.40,416.05,407.30,415.40,412.15,412.65,64,226,92670.00,
524558,NEULAND LAB.,B ,Q,1679.95,1755.00,1679.95,1711.85,1706.35,1691.85,1349,6863,11750555.00,
524564,GAYATRI BIO ,XT,Q,9.80,10.42,9.80,10.25,10.25,10.12,43,2483,24815.00,
524570,PODDAR PIGM.,B ,Q,264.70,273.85,264.65,270.50,273.25,265.05,86,839,226838.00,
524576,VIVID IND   ,X ,Q,26.85,28.45,26.75,28.35,28.40,26.75,51,7074,196078.00,
524580,PRIYA LTD.  ,X ,Q,14.36,14.36,14.35,14.35,14.35,13.70,4,143,2053.00,
524582,TIRUPATI STA,XT,Q,69.65,73.45,69.65,73.45,73.45,71.65,16,848,61653.00,
524590,HEMORGANIC  ,XT,Q,10.65,10.65,10.65,10.65,10.65,10.85,22,1778,18935.00,
524592,JD ORGOCHEM ,X ,Q,6.87,7.50,6.84,6.87,6.84,7.15,32,4861,33796.00,
524594,ASHOK-ALCO  ,X ,Q,75.00,76.40,72.80,73.90,76.15,76.05,44,1499,111468.00,
524598,AKSHARCHEM I,B ,Q,255.00,260.00,253.50,259.20,259.10,257.30,162,1758,455482.00,
524606,BERYL DRUGS ,X ,Q,12.50,12.50,11.99,12.08,12.08,14.24,27,9378,114006.00,
524614,INDXTRA     ,XT,Q,97.00,99.20,89.80,97.60,99.20,94.50,13,308,29761.00,
524622,ISTRNETWK   ,XT,Q,2.25,2.31,2.25,2.31,2.31,2.31,2,9,20.00,
524624,GAGAN GASES ,X ,Q,14.44,14.44,13.31,13.31,13.31,14.01,34,6007,84160.00,
524628,PARKER AGRO.,X ,Q,8.11,8.11,7.45,8.10,8.10,7.73,5,2421,19017.00,
524632,SHUKRAPHAR  ,X ,Q,136.00,142.00,136.00,141.95,141.95,136.75,6,46,6474.00,
524634,ALU FLUORIDE,X ,Q,300.00,309.00,295.00,299.45,299.45,289.95,295,12821,3861501.00,
524636,OXYGENTAPH  ,XT,Q,31.10,31.65,28.65,29.90,29.90,30.15,93,8681,257842.00,
524640,ARCHITORG   ,X ,Q,84.00,91.60,82.50,88.10,88.10,84.20,544,74522,6475783.00,
524642,SIKOZY REAL ,X ,Q,1.06,1.06,1.01,1.05,1.05,1.02,21,8430,8835.00,
524648,INDO AMINES ,B ,Q,91.00,91.20,88.10,90.15,90.15,89.65,104,1851,166848.00,
524652,IND.SWIFT LT,B ,Q,13.68,14.28,13.28,13.33,13.52,13.57,113,35996,489003.00,
524654,NATURAL CAPS,X ,Q,533.70,533.70,502.60,521.35,521.35,516.25,194,4107,2148927.00,
524661,WELCURE DRUG,X ,Q,5.68,5.68,5.50,5.55,5.55,5.59,332,86301,486667.00,
524663,BH.IMMUN&BIO,B ,Q,42.05,43.00,40.00,40.00,40.00,44.40,4380,1359193,55000297.00,
524667,SOTL        ,B ,Q,301.35,304.65,295.45,301.55,301.55,299.40,519,4090,1233808.00,
524669,HESTER BISC ,B ,Q,1844.00,1866.90,1781.65,1852.90,1845.00,1803.80,205,468,858162.00,
524675,KABSONS INDU,XT,Q,11.65,12.07,11.65,11.99,11.99,11.61,20,976,11588.00,
524687,BASANT AGRO ,X ,Q,20.40,21.80,20.00,21.55,21.55,20.10,1359,295977,6256082.00,
524703,SANDU PHARMA,X ,Q,67.40,67.40,65.00,65.10,65.10,66.50,45,2124,141344.00,
524709,NACLIND     ,B ,Q,95.90,101.00,93.00,95.85,95.15,94.10,2005,95641,9417213.00,
524711,VISTA PHARMA,X ,Q,14.41,14.41,13.05,13.05,13.05,13.73,1132,770381,10679812.00,
524715,SUN PHARMA. ,A ,Q,993.25,1010.50,993.05,995.05,995.05,1000.30,2463,77782,77773727.00,
524717,TITAN BIOTEC,X ,Q,295.25,305.00,290.00,303.55,305.00,294.30,217,8722,2603909.00,
524727,SDL         ,X ,Q,13.78,13.78,13.78,13.78,13.78,14.50,3,344,4740.00,
524731,JENBURKT PH.,X ,Q,648.00,653.40,648.00,651.55,648.00,649.15,34,2752,1787744.00,
524735,HIKAL LTD.  ,A ,Q,358.65,363.95,351.30,353.95,353.30,359.15,1399,24299,8711783.00,
524742,CAPLIN POINT,A ,Q,717.00,719.95,705.55,711.05,711.05,714.45,657,3203,2284482.00,
524743,FISCHER     ,XT,Q,100.00,100.00,100.00,100.00,100.00,99.00,6,175,17500.00,
524748,LINK PHARMA ,X ,Q,43.30,51.95,42.30,49.60,49.60,43.30,449,56044,2827616.00,
524752,DECIPHER    ,X ,Q,32.50,32.50,30.30,31.80,31.70,31.85,284,42315,1335153.00,
524768,EMMESSAR BIO,X ,Q,26.95,28.95,26.30,26.40,26.40,27.50,19,1530,40777.00,
524774,NGL FINE CHM,B ,Q,1565.55,1599.00,1530.05,1560.00,1560.00,1563.60,81,361,562125.00,
524790,EVEREST ORG.,X ,Q,126.40,126.40,122.30,125.40,126.20,123.45,66,1957,243909.00,
524804,AUROB.PHARMA,A ,Q,442.95,444.05,437.10,440.05,440.05,441.80,2329,74986,33067371.00,
524808,PHYTOCHEM I.,X ,Q,42.75,43.45,39.80,43.45,43.45,41.40,78,13264,561314.00,
524816,NATCO PHARM ,A ,Q,564.00,564.00,550.90,559.05,559.05,559.75,1232,13127,7276717.00,
524818,DYNAMIC IND.,X ,Q,65.65,67.50,65.15,67.50,67.50,64.30,34,3359,224498.00,
524820,PANAMA PETRO,B ,Q,344.30,351.05,341.85,345.95,348.50,342.00,428,6626,2296076.00,
524824,BAL PHARMA  ,B ,Q,93.90,95.15,93.00,93.70,93.65,92.95,89,1829,172310.00,
524828,BDH INDUS.  ,X ,Q,150.20,157.50,150.10,155.40,156.80,153.60,60,3497,538731.00,
526001,JAUS POLYMER,X ,Q,5.29,5.29,4.81,4.81,4.81,5.04,16,4041,21165.00,
526025,GLOBUS CON  ,X ,Q,28.65,28.65,27.35,28.30,28.35,27.40,56,1508,42411.00,
526027,CUBEX TUBING,B ,Q,36.90,36.90,36.90,36.90,36.90,35.15,1,100,3690.00,
526043,POLYMECH.MCH,X ,Q,66.95,69.30,66.95,69.00,69.00,66.95,25,1820,125496.00,
526073,GALAXY BEAR.,XT,Q,1106.00,1131.00,1075.00,1120.90,1123.00,1085.25,196,1651,1849516.00,
526081,SCAGRO      ,XT,Q,12.54,12.54,12.53,12.54,12.54,11.95,7,335,4199.00,
526093,SATVAH.ISPAT,T ,Q,2.44,2.44,2.44,2.44,2.44,2.56,1,500,1220.00,
526095,RAVILEELA GR,X ,Q,34.90,36.85,34.90,36.20,36.20,34.90,4,5,178.00,
526113,UNIROYAL MAR,XT,Q,15.20,15.20,15.20,15.20,15.20,15.20,3,127,1930.00,
526115,KARAN WOO-SN,X ,Q,3.76,3.76,3.76,3.76,3.76,3.95,3,11,41.00,
526117,SHERVANI IND,XT,Q,374.90,374.90,339.25,356.95,357.00,357.05,20,420,149369.00,
526125,ARI.TOURNESO,XT,Q,36.38,36.38,36.38,36.38,36.38,34.65,7,1283,46675.00,
526133,SUPERTEX IND,XT,Q,9.95,10.31,9.95,10.00,10.00,9.95,12,7762,77633.00,
526137,SHETRON LTD ,X ,Q,69.90,69.90,66.70,68.40,68.40,69.70,19,602,40730.00,
526139,TRANSGENE BI,XT,Q,2.92,3.03,2.82,3.00,3.00,2.93,51,16433,48894.00,
526143,MPL         ,X ,Q,11.98,12.97,11.95,12.49,12.80,11.98,119,10981,137635.00,
526159,NIKHIL ADHSV,X ,Q,142.90,150.00,140.05,150.00,150.00,142.90,457,25867,3840974.00,
526161,SPENTA INT. ,X ,Q,102.75,103.95,99.10,100.30,100.00,98.45,22,372,37704.00,
526169,MULTIBASE I ,X ,Q,198.40,208.80,190.00,204.90,204.90,192.20,376,24179,4878879.00,
526173,ANDREW YULE ,B ,Q,27.00,27.45,26.70,26.85,26.85,26.75,775,55198,1491839.00,
526179,LUDOLOW JUTE,X ,Q,86.95,86.95,84.55,85.95,85.25,85.55,48,4549,390450.00,
526187,ASHRAM ONLIN,XT,Q,5.19,5.19,4.75,5.04,5.01,4.95,32,3070,15631.00,
526193,ROYAL CUSHIO,XT,Q,13.83,13.83,12.59,13.83,13.83,13.18,31,31323,424160.00,
526211,SURAJ INDUS.,X ,Q,108.80,108.80,103.00,108.65,108.80,103.90,48,2403,257049.00,
526217,HITECHCORP  ,B ,Q,228.50,233.55,220.00,224.65,224.65,220.20,278,12137,2766638.00,
526225,BLOOM DEKOR ,X ,Q,13.75,13.80,12.55,12.70,12.55,13.15,14,380,5225.00,
526227,FILATEX INDI,A ,Q,48.05,48.25,45.75,46.15,46.15,47.95,959,40114,1880300.00,
526231,STD.SURFACT.,XT,Q,76.20,76.20,71.20,75.15,73.00,72.60,18,800,59895.00,
526235,MERCATOR    ,T ,Q,1.14,1.15,1.10,1.14,1.14,1.14,58,343837,388284.00,
526237,MORGAN VENT ,X ,Q,57.15,59.90,57.15,59.60,59.60,57.15,25,3567,210946.00,
526241,AMRAPALI IND,X ,Q,14.70,15.25,13.50,14.06,14.05,14.70,36,5980,82483.00,
526247,PREMIER EXPL,B ,Q,444.00,444.00,400.00,400.75,400.15,405.35,75,825,335749.00,
526263,MOLD-TEK TEC,B ,Q,118.50,123.75,115.00,119.85,118.95,117.30,1048,16218,1956444.00,
526269,CRESTCHEM LT,XT,Q,59.50,60.50,57.10,57.10,57.10,57.65,14,117,7000.00,
526299,MPHASIS LTD ,A ,Q,1930.05,1951.20,1917.00,1943.65,1945.15,1940.50,945,6228,12041641.00,
526301,MEDINOVA DIA,XT,Q,25.95,27.20,24.70,25.35,25.35,25.95,25,2230,56014.00,
526315,DIVSHKT     ,X ,Q,79.70,80.05,79.70,79.90,79.75,81.90,9,175,13984.00,
526325,ORIENT PRESS,B ,Q,60.30,62.05,60.30,62.05,62.05,61.90,2,52,3223.00,
526335,SHREYAS INTE,X ,Q,13.70,13.70,12.55,13.00,13.00,13.05,18,1845,23752.00,
526345,PANJON LTD. ,XT,Q,17.60,19.35,17.60,18.50,18.50,18.45,43,5714,107688.00,
526355,DURO PACK   ,XT,Q,77.85,77.85,73.05,73.05,73.05,76.85,222,14217,1040687.00,
526365,SWARNASA    ,X ,Q,27.20,28.30,26.35,28.00,28.00,26.30,142,15969,442571.00,
526367,GANESH HSG. ,B ,Q,354.20,364.10,342.00,350.00,349.55,351.05,286,3178,1126953.00,
526371,NMDC LTD    ,A ,Q,119.50,120.35,118.45,119.60,119.60,119.40,3074,433040,51617300.00,
526373,CINDRELLA HT,X ,Q,34.00,35.50,34.00,35.50,35.50,33.90,3,3001,102035.00,
526381,PAT INT LOG ,B ,Q,13.90,14.19,13.90,13.94,14.07,14.04,25,5204,72888.00,
526397,ALPHAGEO (I),B ,Q,264.20,265.30,261.65,263.05,263.35,264.85,61,1095,288206.00,
526407,RIT PRO IND ,X ,Q,40.50,42.20,39.10,41.85,41.00,39.70,208,87593,3591451.00,
526409,KKALPANAIND ,X ,Q,12.35,12.40,11.90,12.32,12.30,12.11,102,11382,139918.00,
526415,OK PLAY (I) ,XT,Q,47.00,47.05,44.85,46.90,47.05,44.85,567,267779,12513304.00,
526423,KRITI INDUS.,B ,Q,80.20,90.35,78.10,87.20,87.20,79.55,1103,45018,3864289.00,
526431,WELTERMAN I.,XT,Q,40.35,40.35,40.35,40.35,40.35,42.45,3,526,21224.00,
526433,ASM TECHNOLO,X ,Q,481.00,481.00,458.00,462.50,462.50,480.50,311,5642,2638243.00,
526435,PERFECTPAC  ,X ,Q,68.90,68.90,68.85,68.85,68.85,67.00,4,52,3581.00,
526441,VISIONCINE  ,X ,Q,1.14,1.19,1.11,1.11,1.11,1.14,9,958,1112.00,
526445,INDRAYANI BI,X ,Q,76.90,80.00,74.00,76.25,77.90,77.00,277,58286,4464674.00,
526468,EURO LEDAR F,XT,Q,20.40,20.95,20.40,20.50,20.95,20.40,5,252,5166.00,
526471,WINSOME BREW,XT,Q,10.58,10.67,10.03,10.43,10.30,10.18,75,3350,34813.00,
526473,ELEGANT FLOR,X ,Q,8.02,8.32,7.81,8.08,8.01,8.02,329,40741,328642.00,
526479,SKY INDUST. ,X ,Q,83.95,83.95,78.75,82.90,82.90,80.25,18,476,39027.00,
526481,PHOENIX INT.,XT,Q,24.95,24.95,23.75,24.60,24.60,24.55,18,4373,104682.00,
526492,RISHIROOP   ,X ,Q,103.55,105.95,102.05,105.00,105.00,103.50,20,759,79013.00,
526494,PROMACT     ,X ,Q,3.55,3.60,3.55,3.60,3.60,3.72,2,455,1637.00,
526500,STR GRE WOO ,XT,Q,29.55,29.55,29.00,29.00,29.00,29.55,2,135,3983.00,
526519,ALPINE HSG. ,X ,Q,107.90,108.80,105.10,107.90,107.90,106.20,207,57228,6190249.00,
526521,SANGHI IND. ,B ,Q,68.45,70.60,66.45,70.35,70.10,67.85,1265,84802,5844193.00,
526525,WWALUM      ,XT,Q,17.30,17.30,17.30,17.30,17.30,17.35,1,50,865.00,
526544,SCANP GEOM  ,X ,Q,10.49,10.50,9.78,10.26,10.25,10.35,36,7852,81982.00,
526546,CHOKSI LABOR,X ,Q,36.00,39.85,35.25,39.45,39.40,35.15,47,11413,414016.00,
526550,CCHHL       ,B ,Q,6.95,7.29,6.95,7.29,7.29,7.10,35,7961,56692.00,
526568,LONGVIEW TEA,XT,Q,27.50,28.85,27.50,27.50,27.50,27.50,19,676,19364.00,
526574,ENTERPR.INTE,X ,Q,21.15,21.15,19.20,20.15,20.15,20.15,14,1578,33039.00,
526576,TECHIN      ,B ,Q,10.27,10.70,10.07,10.52,10.52,10.27,17,7424,76862.00,
526582,TPL PLAST   ,B ,Q,30.90,31.45,30.55,31.40,31.45,30.95,141,4566,141669.00,
526586,WIM PLAST LT,X ,Q,472.25,479.95,457.85,462.35,462.35,471.85,92,6116,2849664.00,
526588,PHOTOQUIP(I),X ,Q,22.50,22.50,21.00,21.25,21.40,21.70,12,101,2162.00,
526596,LIBERTY SHOE,B ,Q,286.95,292.90,280.60,283.25,283.25,282.25,1675,19224,5497810.00,
526604,LIPPI SYSTEM,XT,Q,14.00,14.00,13.30,13.35,13.30,14.00,5,225,3000.00,
526608,ELECTROTHERM,B ,Q,67.95,67.95,66.70,67.70,67.70,66.55,49,1613,108714.00,
526612,BLUE DART EX,A ,Q,7499.10,7696.30,7475.60,7676.40,7644.25,7517.60,194,298,2261599.00,
526614,EXPO GAS    ,X ,Q,11.40,11.40,10.85,11.05,11.24,10.95,55,5160,57248.00,
526616,NAT.PLASTIC ,X ,Q,44.35,50.00,44.35,47.35,47.80,44.40,262,45610,2201813.00,
526622,MFL INDIA   ,X ,Q,1.00,1.02,0.97,0.99,0.99,0.99,1661,1510268,1498759.00,
526638,TEXEL INDUS.,X ,Q,41.25,49.10,40.20,49.00,49.00,40.95,382,195885,8939122.00,
526640,ROYALE MANOR,XT,Q,21.95,22.80,21.95,22.30,21.95,21.95,5,1005,22062.00,
526642,MIRZA INTER ,A ,Q,243.65,246.50,239.25,242.35,242.35,242.00,3321,76103,18408825.00,
526650,TOURISM FINA,B ,Q,78.60,82.00,78.60,81.05,81.50,80.35,953,49685,4029752.00,
526654,THAKKERS DEV,X ,Q,144.00,147.95,130.00,133.75,130.00,140.05,40,296,40630.00,
526662,RAJDARSHAN  ,B ,Q,40.15,40.30,40.15,40.30,40.30,38.40,2,20,804.00,
526666,BHARTIYA INT,B ,Q,200.40,206.95,197.50,203.15,203.15,199.85,144,873,175054.00,
526668,KAMAT HOTELS,B ,Q,95.30,100.15,94.75,97.10,96.60,95.40,259,31759,3149426.00,
526677,KEEPLEARN   ,T ,Q,3.97,4.19,3.90,3.99,4.00,4.06,48,6692,26858.00,
526703,ECOPLAST LTD,X ,Q,72.05,74.65,71.65,74.65,74.65,74.30,20,482,34711.00,
526705,ELEGANT MARB,X ,Q,114.00,114.00,107.50,113.65,113.65,113.80,16,125,13922.00,
526711,ADARSH PLANT,X ,Q,18.50,19.35,18.10,18.50,18.50,18.65,43,4277,79304.00,
526717,HPBL        ,Z ,Q,298.95,298.95,271.00,284.00,284.00,284.95,21,99,28346.00,
526721,NICCO PARKS ,X ,Q,115.10,117.50,115.10,116.50,116.50,117.45,7,628,72863.00,
526723,NTC INDUST  ,X ,Q,85.70,85.70,81.45,84.75,84.75,83.50,19,264,21750.00,
526725,SANDESH LTD.,B ,Q,999.90,1038.00,952.75,963.10,963.10,958.40,540,5153,5109997.00,
526727,GARNET CONST,X ,Q,17.50,17.85,17.05,17.25,17.60,17.35,19,3606,62380.00,
526729,GOLDIAM INT.,B ,Q,133.90,133.90,128.20,128.60,128.90,130.85,977,16693,2165990.00,
526731,BRIGHT BROS.,X ,Q,169.85,169.85,162.60,167.55,167.85,165.00,32,779,129781.00,
526737,CORPOR COUR ,X ,Q,6.85,6.85,6.56,6.78,6.78,6.85,27,5133,34213.00,
526739,NARMADA GEL ,X ,Q,311.10,320.00,309.50,309.50,309.50,325.75,1289,46553,14551606.00,
526747,P.G.FOILS   ,XT,Q,230.50,230.50,221.50,228.90,228.90,227.40,41,3373,751222.00,
526751,GRATEX INDS.,XT,Q,22.00,22.00,21.00,21.00,21.00,22.00,13,738,15561.00,
526755,VELAN HOTELS,X ,Q,6.80,6.81,6.55,6.67,6.60,6.50,38,1318,8763.00,
526761,HOWARD HOTEL,XT,Q,6.88,6.88,6.88,6.88,6.88,6.56,3,3424,23557.00,
526773,PRESSURE SEN,XT,Q,6.80,6.80,6.80,6.80,6.80,6.93,37,5463,37148.00,
526775,VALIANT COMM,X ,Q,151.00,162.00,151.00,152.45,151.50,156.85,50,1537,236813.00,
526783,DR.AGAR.EYE ,X ,Q,1200.00,1224.35,1183.00,1204.30,1205.00,1216.70,39,183,220453.00,
526797,GREENPLY IND,B ,Q,140.70,143.90,139.30,143.10,143.75,141.05,336,6355,901300.00,
526799,UNION QUALIT,XT,Q,8.00,8.00,8.00,8.00,8.00,7.84,5,80,640.00,
526807,SEAMEC LTD  ,B ,Q,909.95,929.65,876.50,883.65,887.60,910.95,129,787,700572.00,
526813,RAGHUNATH IN,XT,Q,13.30,13.30,12.56,13.00,13.00,13.00,19,2124,27265.00,
526817,CHEVIOT CO. ,B ,Q,1149.75,1174.70,1145.00,1162.95,1160.00,1148.45,103,234,271396.00,
526821,DAI-ICHI KAR,XT,Q,370.00,378.00,366.00,372.50,372.50,366.95,27,1085,403289.00,
526823,RAJINFRA    ,X ,Q,8.65,8.65,8.65,8.65,8.65,8.65,3,150,1297.00,
526827,SPICE ISLAND,XT,Q,8.41,8.41,8.41,8.41,8.41,8.01,1,10,84.00,
526829,CONFI PETRO ,B ,Q,77.85,80.75,77.85,78.30,78.35,79.15,1225,87981,6995539.00,
526839,SHELTER     ,X ,Q,12.00,12.85,12.00,12.85,12.85,12.35,8,474,6054.00,
526847,ASHIRWAD STL,X ,Q,21.65,22.25,21.65,22.00,22.00,21.20,47,4850,107618.00,
526849,BANARAS BEAD,B ,Q,80.00,80.00,79.15,79.20,79.20,79.50,10,157,12479.00,
526851,AREX IND.   ,X ,Q,114.00,117.90,112.10,112.10,112.10,118.00,20,549,62114.00,
526853,BILCARE LTD.,XT,Q,35.25,35.25,34.30,34.60,34.35,35.20,150,15091,526348.00,
526859,INTER ST.FIN,X ,Q,2.83,2.83,2.65,2.72,2.71,2.70,458,246349,682322.00,
526861,RISHI LASER ,X ,Q,24.60,24.65,23.75,24.25,24.25,23.70,19,1512,36568.00,
526865,JAINCO PROJ.,X ,Q,4.99,4.99,4.77,4.77,4.77,4.76,7,905,4324.00,
526871,INTEC CAP   ,X ,Q,21.80,21.80,21.70,21.75,21.75,22.80,8,332,7223.00,
526873,RAJ.GASES LT,X ,Q,8.04,8.60,7.83,8.40,8.39,8.20,22,2160,18174.00,
526881,63MOONS     ,B ,Q,156.90,161.50,155.45,156.85,157.30,157.55,475,10978,1731744.00,
526885,SARLA PER F ,B ,Q,41.90,43.90,41.90,43.70,43.90,42.55,108,14129,614953.00,
526891,MARKET CREAT,X ,Q,9.76,9.76,9.76,9.76,9.76,10.83,1,10,97.00,
526899,HFIL        ,X ,Q,24.35,24.35,23.25,23.65,23.65,24.35,494,85471,2040402.00,
526901,SONAL ADHESI,X ,Q,92.10,96.70,92.10,96.70,96.70,92.10,272,18727,1797875.00,
526905,PADMAIND    ,X ,Q,4.16,4.16,4.16,4.16,4.16,4.37,2,40,166.00,
526921,21ST CEN.MGM,B ,Q,22.45,22.75,22.30,22.45,22.70,22.70,21,1962,44085.00,
526931,HARIYANA SH.,X ,Q,74.90,74.90,68.70,72.80,72.75,71.85,16,2005,145394.00,
526935,ARUNIS      ,XT,Q,28.90,28.90,26.90,26.90,26.90,27.55,2,237,6377.00,
526945,TYROON TEA  ,X ,Q,108.00,108.00,102.40,102.75,102.75,105.45,19,416,43154.00,
526947,LA-OPALA RG ,A ,Q,381.05,386.80,376.90,378.85,383.05,380.65,466,4939,1890143.00,
526951,GOLDEN LAMIN,B ,Q,1108.15,1133.55,1105.60,1117.15,1124.45,1132.55,270,1963,2201145.00,
526953,VENUS REMEDI,B ,Q,175.00,180.40,175.00,178.95,179.00,176.35,156,1592,284853.00,
526965,GUJ.CRAFT IN,X ,Q,92.45,92.95,86.30,87.70,87.70,89.40,20,403,35793.00,
526967,HEERA ISPAT ,Z ,Q,11.70,11.70,11.60,11.60,11.60,11.15,29,5430,63219.00,
526971,DHOOT I.FIN.,X ,Q,80.00,80.30,78.95,80.00,80.00,79.60,21,1055,84381.00,
526981,SHBAJRG     ,X ,Q,176.95,176.95,164.10,171.50,171.80,165.45,61,1560,264130.00,
526987,URJA GLOBAL ,B ,Q,9.85,10.10,9.67,9.87,9.87,9.83,1086,511194,5072696.00,
527001,ASHAPURA LTD,B ,Q,89.40,92.40,88.00,89.35,90.00,90.20,891,40226,3619414.00,
527005,SH.PACETRON.,XT,Q,98.05,108.20,98.00,106.60,108.20,103.05,30,1143,116511.00,
530001,GUJ.ALKALI  ,A ,Q,729.60,743.50,725.95,738.70,741.85,730.35,761,6093,4476078.00,
530005,INDIA CEM.  ,A ,Q,215.80,217.05,213.00,215.90,216.00,215.85,1622,104520,22504240.00,
530007,JK TYRE IND ,A ,Q,183.00,188.35,181.35,186.40,185.65,183.80,1611,91546,16956822.00,
530011,MANGLR.CHEM ,B ,Q,84.40,91.50,83.65,89.40,89.40,84.40,2871,145218,12868916.00,
530017,STD.INDUST. ,T ,Q,29.40,31.35,29.00,31.35,31.35,29.90,169,35739,1086183.00,
530019,JUBLPHARMA  ,A ,Q,388.55,394.65,372.50,374.95,372.50,375.90,1931,29594,11248782.00,
530023,THEINVEST   ,B ,Q,85.75,86.60,85.75,86.60,86.60,83.65,35,335,28784.00,
530025,SAMYAK INT  ,XT,Q,21.00,21.00,21.00,21.00,21.00,20.00,18,2827,59367.00,
530027,AADI INDUS L,X ,Q,3.94,3.94,3.41,3.60,3.60,3.60,20,5390,19400.00,
530035,SANTOSH FINE,XT,Q,13.06,13.06,13.06,13.06,13.06,12.44,3,636,8306.00,
530043,ACKNIT IND  ,X ,Q,164.40,164.70,153.90,162.45,161.55,157.05,352,25423,4050893.00,
530045,TITAN SECUR.,X ,Q,20.55,20.55,19.80,19.95,20.10,20.15,131,10017,201656.00,
530053,REALECO     ,XT,Q,38.25,38.25,37.00,37.25,37.25,38.20,141,4091,154434.00,
530055,HARMONY CAP.,X ,Q,6.40,6.40,6.40,6.40,6.40,6.10,2,51,326.00,
530063,YASRAJ CONT.,X ,Q,18.70,18.70,17.02,18.70,18.70,17.81,313,79289,1458994.00,
530067,CSLFINANCE  ,B ,Q,244.60,244.60,234.20,238.10,240.50,235.40,54,135,32200.00,
530073,SANGHVI MOVE,B ,Q,306.00,330.00,306.00,328.45,328.45,310.85,833,48807,15886284.00,
530075,SELAN EXPLOR,B ,Q,242.15,244.90,237.35,239.40,241.85,240.85,55,540,130596.00,
530077,FRESHTROP FR,X ,Q,89.20,94.70,89.10,92.75,92.75,90.50,77,8999,828299.00,
530079,FAZE THREE L,B ,Q,288.00,288.00,275.00,280.45,282.95,282.95,166,1192,331478.00,
530095,PRADHIN     ,X ,Q,59.50,60.80,55.10,60.80,60.80,57.95,249,57523,3414739.00,
530109,ANUPAM      ,X ,Q,2.16,2.19,2.09,2.12,2.13,2.16,310,63217,133887.00,
530111,RAJ PACKAGIN,X ,Q,59.95,59.95,54.60,56.05,55.70,58.15,70,4081,229530.00,
530117,PRIVISCL    ,A ,Q,1156.40,1156.40,1127.85,1131.60,1134.80,1171.75,212,1039,1190293.00,
530119,NATRAJ PROTE,XT,Q,57.85,58.30,57.65,58.30,58.30,55.55,18,4007,232805.00,
530125,SAMRAT PHARM,X ,Q,755.00,780.00,747.00,777.30,761.75,753.05,175,2597,1987386.00,
530127,NPR FINANCE ,X ,Q,14.05,14.05,14.05,14.05,14.05,13.95,6,600,8430.00,
530129,NILE LTD.   ,X ,Q,568.00,577.00,561.20,563.20,563.20,568.00,86,1361,775893.00,
530131,UDAIPUR CEME,B ,Q,30.70,31.60,30.70,31.05,31.05,31.25,336,46951,1467320.00,
530133,AMCO INDIA L,X ,Q,70.00,71.65,68.30,71.25,71.40,71.75,23,558,39507.00,
530135,OPTIEMUS    ,A ,Q,314.95,328.00,303.85,313.75,313.75,310.35,2326,49231,15693672.00,
530139,KREON FIN   ,X ,Q,58.95,58.95,50.00,50.25,50.25,54.05,25,772,39022.00,
530145,KISAN MOULD.,X ,Q,10.52,10.52,10.22,10.32,10.32,10.41,21,1808,18856.00,
530151,VIJAY TEXTIL,X ,Q,25.90,25.90,24.70,24.75,24.70,24.50,24,1352,33768.00,
530161,GARODIA CHEM,P ,Q,6.42,6.42,6.42,6.42,6.42,6.12,1,100,642.00,
530163,KERALA AYUR ,X ,Q,101.95,102.00,98.00,101.20,101.60,100.65,236,10373,1046421.00,
530167,MOONGIPA CAP,XT,Q,25.00,25.00,23.85,24.00,24.00,24.80,21,3316,80884.00,
530169,MOHIT PAPER ,XT,Q,19.50,19.55,18.90,19.35,19.35,18.65,11,3002,57872.00,
530171,DAULAT SEC. ,X ,Q,22.65,22.80,21.90,22.70,22.70,22.65,27,1797,40611.00,
530173,OSCAR GLOBAL,X ,Q,8.80,8.80,8.80,8.80,8.80,8.39,1,1,8.00,
530175,ODYSSEY TECH,X ,Q,51.95,53.00,49.25,52.95,53.00,50.00,48,5106,261295.00,
530179,RSC INT     ,XT,Q,7.23,7.38,7.05,7.05,7.05,7.38,9,1731,12732.00,
530185,SURAT TEXT. ,X ,Q,9.85,9.96,9.70,9.73,9.73,9.82,696,115013,1129805.00,
530187,ATHARV ENT  ,X ,Q,2.34,2.41,2.34,2.41,2.41,2.41,10,2560,6112.00,
530199,THEMIS MEDIC,B ,Q,1303.40,1350.00,1297.45,1336.40,1333.00,1307.80,136,778,1024199.00,
530201,KALLAM      ,X ,Q,11.17,11.23,10.61,11.16,11.19,10.99,153,44371,490713.00,
530207,BRAWN BIO   ,XT,Q,19.80,19.80,18.85,19.75,19.75,19.80,6,402,7699.00,
530213,FORTUNE INT.,XT,Q,34.10,34.50,32.40,34.00,34.00,33.40,46,2780,94457.00,
530215,KINGSINFRA  ,X ,Q,95.50,97.30,94.00,94.50,94.50,95.45,160,16314,1553344.00,
530219,NUTRICIRCLE ,XT,Q,115.50,115.50,115.50,115.50,115.50,121.55,3,155,17902.00,
530233,AURO LAB.   ,X ,Q,76.00,78.50,76.00,78.05,77.80,76.10,72,3142,243055.00,
530235,KJMC FIN.   ,X ,Q,32.55,32.55,32.55,32.55,32.55,31.00,17,2102,68420.00,
530239,SUVEN LIFE S,B ,Q,67.20,67.85,65.75,66.05,66.05,67.40,893,44163,2947344.00,
530245,ARYAMAN FIN.,X ,Q,89.75,89.75,83.00,87.40,87.70,85.95,41,4232,362080.00,
530249,BRIDGE SECUR,X ,Q,8.00,8.88,8.00,8.00,8.00,8.41,24,4337,35608.00,
530255,KAY POW PAP ,X ,Q,8.30,8.30,7.80,8.14,8.15,7.95,10,693,5490.00,
530259,INTER ST.OIL,X ,Q,24.65,28.30,24.65,26.25,26.40,25.90,16,941,24237.00,
530263,GLOBAL CAP. ,XT,Q,36.00,36.05,33.30,33.55,33.50,35.05,741,116946,3949941.00,
530265,SAINIK FIN. ,X ,Q,30.95,30.95,29.45,29.45,29.45,30.95,2,5,148.00,
530267,SABOO BROS. ,XT,Q,19.05,19.05,19.00,19.00,19.00,18.15,3,421,8000.00,
530271,RICH UNV    ,X ,Q,6.73,6.73,6.73,6.73,6.73,7.08,2,11,74.00,
530281,QUANTUM DIG.,XT,Q,31.65,31.65,31.65,31.65,31.65,33.30,24,4300,136095.00,
530289,SP CAPITAL  ,X ,Q,16.70,16.90,16.70,16.90,16.90,16.70,17,2762,46346.00,
530291,PAOS        ,X ,Q,15.99,16.00,15.99,16.00,16.00,15.79,4,89,1423.00,
530299,KOTHARI PROD,B ,Q,146.00,156.00,144.65,153.70,150.05,144.45,437,13973,2085711.00,
530305,PICCADILY AG,X ,Q,44.30,44.60,43.40,43.75,43.75,43.55,413,57921,2549330.00,
530307,CHAMANLAL SE,B ,Q,123.85,138.80,121.80,131.90,131.90,124.80,2972,193758,25884262.00,
530309,CHANDRA PRAB,X ,Q,29.65,29.65,28.25,28.55,28.85,28.80,117,12719,365960.00,
530313,KIMIABL     ,X ,Q,45.90,45.90,41.25,42.45,42.45,44.35,16,1047,44429.00,
530315,HIND.TIN WRK,X ,Q,105.00,108.00,101.00,106.10,106.10,103.20,202,13602,1430776.00,
530317,GODAVARI DRU,X ,Q,86.90,90.00,83.00,86.35,86.35,84.95,748,106556,9309333.00,
530331,PREMCO GLOB.,X ,Q,343.50,357.95,339.90,348.85,348.85,337.95,76,6249,2174033.00,
530341,MUKESH BABU ,X ,Q,87.90,87.90,81.05,81.35,81.10,85.95,23,450,36550.00,
530343,GENUS POWER ,A ,Q,82.25,85.25,82.25,84.70,84.15,83.80,615,34219,2892355.00,
530355,ASIANENE    ,B ,Q,70.65,71.95,70.60,71.30,71.05,70.70,99,1612,114774.00,
530357,KBS INDIA   ,XT,Q,101.85,105.85,96.40,99.40,98.00,101.35,132,7029,700886.00,
530361,PRABHHANS   ,X ,Q,42.25,44.35,40.20,44.35,44.35,42.25,11,1514,63685.00,
530363,UGAR SUGAR  ,B ,Q,97.85,97.85,94.75,95.25,95.25,97.90,1655,89370,8531593.00,
530365,ORIENTBELL  ,B ,Q,532.50,535.70,530.20,530.20,530.20,531.65,16,66,35161.00,
530367,NRB BEARINGS,B ,Q,144.10,150.40,144.10,149.75,149.75,146.10,206,4476,666734.00,
530369,VAMSHI RUBB.,X ,Q,26.80,27.00,24.55,27.00,27.00,25.80,36,5089,129894.00,
530377,NILA INFRA. ,B ,Q,6.65,6.95,6.65,6.68,6.65,6.75,116,60665,411677.00,
530393,DB INT.ST.BR,B ,Q,23.40,24.00,23.05,23.05,23.05,23.55,10,626,14882.00,
530401,VINYOFLEX LT,XT,Q,45.60,45.60,45.60,45.60,45.60,43.45,8,426,19425.00,
530405,JINDAL CAP. ,X ,Q,26.55,26.55,25.50,26.15,26.00,25.30,24,962,25055.00,
530407,EPIC ENERGY ,X ,Q,7.59,7.59,7.02,7.13,7.49,7.23,35,5101,36901.00,
530419,SUMEDHA FISC,XT,Q,92.50,96.00,92.50,92.50,92.50,94.35,270,19093,1767956.00,
530427,CHOKSI IMAG ,X ,Q,46.00,47.50,43.75,45.50,45.50,45.65,23,441,19962.00,
530429,ASHISH POLY.,X ,Q,20.70,24.45,20.70,23.95,23.95,22.55,6,112,2686.00,
530431,ADOR FONTECH,X ,Q,78.40,78.85,76.20,78.25,78.25,76.80,90,19652,1529325.00,
530433,SHIVA FERT. ,X ,Q,101.90,112.05,99.35,109.95,111.00,101.90,137,11027,1178907.00,
530439,SIDDHA VEN  ,X ,Q,5.48,5.48,5.12,5.20,5.20,5.49,20,3507,18103.00,
530443,KIRAN SYNTEX,XT,Q,7.04,7.64,7.04,7.04,7.04,7.39,19,1396,10182.00,
530445,SUMERU IND  ,XT,Q,1.80,1.83,1.74,1.75,1.83,1.83,38,5185,9085.00,
530449,RUNGTA IRRIG,XT,Q,27.00,27.00,25.95,26.70,26.70,27.00,10,371,9969.00,
530457,CINERAD COMM,X ,Q,3.75,3.75,3.75,3.75,3.75,3.80,1,19,71.00,
530459,VALSON INDUS,X ,Q,22.95,22.95,22.25,22.85,22.85,22.95,6,208,4723.00,
530461,SABOO SODIUM,X ,Q,17.70,17.80,16.65,16.80,16.65,17.50,177,39982,687145.00,
530475,TINNARUBR   ,X ,Q,489.95,494.00,476.00,482.70,482.35,481.90,553,12235,5951840.00,
530477,VIKRAM THERM,X ,Q,59.95,60.30,58.00,59.10,59.10,59.10,189,22011,1308383.00,
530495,STRATMONT   ,X ,Q,14.26,14.26,14.26,14.26,14.26,14.26,2,87,1240.00,
530499,A.K.CAPITAL ,X ,Q,470.00,470.00,446.50,465.00,465.00,460.20,23,552,256386.00,
530517,RELAXO FOOT.,A ,Q,907.00,918.85,902.60,915.05,918.75,900.60,685,4652,4234885.00,
530521,VIRAT INDUS.,X ,Q,230.00,230.00,230.00,230.00,230.00,221.00,1,1,230.00,
530525,SHEETAL DIAM,X ,Q,5.18,5.18,4.41,4.89,4.89,4.95,37,24031,107952.00,
530533,TERAI TEA CO,X ,Q,72.00,74.50,69.00,69.70,69.00,73.25,28,1254,88938.00,
530545,COSCO INDIA ,X ,Q,181.70,181.70,178.20,179.55,179.65,177.00,23,585,104752.00,
530549,SHILPA MEDIC,A ,Q,275.00,284.00,275.00,280.65,280.65,276.90,335,6661,1860337.00,
530555,PARAMOUNT CO,T ,Q,31.75,31.75,31.75,31.75,31.75,30.25,224,130961,4158011.00,
530557,NCL RESEARCH,X ,Q,0.49,0.50,0.48,0.49,0.50,0.49,3397,6720191,3327127.00,
530565,ARCHANA SOFT,XT,Q,3.55,3.55,3.55,3.55,3.55,3.39,1,321,1139.00,
530571,EXPLICIT FIN,X ,Q,4.45,4.45,4.45,4.45,4.45,4.46,1,3,13.00,
530577,LADDERUP FIN,X ,Q,22.95,22.95,22.95,22.95,22.95,21.00,1,180,4131.00,
530579,UYFINCORP   ,X ,Q,12.25,12.25,11.40,11.57,11.41,11.99,175,62557,735991.00,
530581,EKAM LEASING,XT,Q,7.00,7.13,7.00,7.00,7.00,6.82,5,426,2982.00,
530585,SWASTIK INV ,X ,Q,178.00,178.00,162.70,165.40,168.85,169.95,27,358,58945.00,
530589,PRIMA PLASTI,X ,Q,88.70,92.20,88.70,91.40,91.50,89.80,9,254,22907.00,
530595,TELECANOR   ,X ,Q,7.42,7.42,7.25,7.25,7.25,7.35,5,1630,11868.00,
530609,CARNATION IN,X ,Q,6.29,6.29,6.29,6.29,6.29,6.29,1,100,629.00,
530611,STURDY INDS ,XT,Q,0.55,0.55,0.55,0.55,0.55,0.53,102,605207,332863.00,
530615,GARG FURNACE,XT,Q,65.00,65.00,62.10,65.00,65.00,61.95,34,2867,185222.00,
530617,SAMPRE NUTRI,X ,Q,140.85,147.75,140.85,147.75,147.75,140.75,109,17980,2653696.00,
530621,AAIL        ,XT,Q,67.75,71.15,67.75,71.15,71.15,67.80,40,5100,356325.00,
530627,VIPULORG    ,X ,Q,126.60,129.65,126.00,128.45,129.40,126.25,52,3183,409052.00,
530643,ECORECO     ,X ,Q,130.10,136.95,129.10,132.55,132.50,132.35,245,16244,2166081.00,
530655,GOODLUCK    ,B ,Q,395.10,399.65,390.75,392.50,391.60,394.35,325,3124,1237856.00,
530663,GOYAL ASSO. ,X ,Q,1.27,1.30,1.27,1.29,1.29,1.26,51,10745,13837.00,
530665,ZENITH HEALT,XT,Q,5.56,5.70,5.56,5.56,5.56,5.85,294,82598,460476.00,
530669,ACEENGITEC  ,XT,Q,11.39,11.39,11.39,11.39,11.39,10.85,4,17,193.00,
530675,YORK EXPORTS,XT,Q,48.00,48.00,43.70,47.95,47.95,46.00,10,331,15506.00,
530677,SUPREME HO  ,X ,Q,115.00,120.40,112.05,114.40,113.90,115.85,137,7055,830465.00,
530689,LYKISLTD    ,X ,Q,48.45,48.45,45.50,46.35,46.80,46.90,140,16137,749519.00,
530695,PRIME PROP  ,X ,Q,11.89,11.89,11.89,11.89,11.89,11.89,1,1,11.00,
530697,ZENLABS     ,X ,Q,52.05,53.95,49.00,49.25,49.20,51.50,85,17708,905191.00,
530709,GOWRA LEASNG,XT,Q,19.55,20.50,19.00,20.50,20.50,19.55,19,1164,23836.00,
530711,JAGAN LAMPS ,X ,Q,49.50,50.50,47.80,49.70,49.70,49.10,35,2272,112790.00,
530713,AJEL        ,Z ,Q,8.71,8.71,7.91,8.00,8.00,8.30,13,1751,14961.00,
530715,ALPS INDS.  ,B ,Q,2.29,2.29,2.16,2.18,2.20,2.21,40,60592,133252.00,
530723,ASIT C FIN  ,X ,Q,121.80,121.80,118.00,118.00,118.00,116.00,8,430,52006.00,
530733,ENCODE      ,X ,Q,9.03,9.48,9.03,9.48,9.48,9.03,4,109,1028.00,
530735,SUPER BAKERS,X ,Q,18.50,20.03,18.50,20.03,20.03,19.08,7,922,17822.00,
530741,OVOBEL FOODS,P ,Q,156.00,156.00,156.00,156.00,156.00,148.60,8,1000,156000.00,
530747,INDO ASN.FIN,X ,Q,13.45,13.69,12.49,13.50,13.50,12.15,78,24405,323649.00,
530755,CORAL NEWSPR,XT,Q,10.86,10.86,9.88,9.88,9.88,10.39,27,3514,34810.00,
530759,STERL.TOOLS ,B ,Q,249.90,271.70,244.00,264.25,262.15,243.10,611,3859,1004926.00,
530779,DYNAMIC PORT,X ,Q,40.20,40.25,36.45,40.25,40.25,38.35,38,3430,136501.00,
530787,INLAND PRINT,X ,Q,16.10,16.10,16.10,16.10,16.10,16.10,2,20,322.00,
530789,CEEJAY FINAN,X ,Q,113.95,117.70,112.05,114.25,117.50,117.45,19,178,20418.00,
530795,SUNCITY SYNT,XT,Q,8.82,8.82,8.45,8.45,8.45,8.40,10,566,4962.00,
530797,SHREE GANES.,XT,Q,17.45,17.45,17.45,17.45,17.45,17.45,3,101,1762.00,
530803,BHAGIL      ,B ,Q,159.00,162.95,159.00,161.45,159.75,162.90,125,1097,176381.00,
530809,BNR UDYOG   ,X ,Q,30.00,31.50,30.00,31.50,31.50,31.55,6,132,4050.00,
530813,KRBL LTD.   ,A ,Q,379.95,390.00,378.50,383.40,382.35,378.50,904,15334,5880842.00,
530815,REFNOL RESIN,X ,Q,82.95,84.85,79.15,84.85,84.85,80.85,18,2967,251049.00,
530821,SSPDL LTD   ,X ,Q,16.25,16.25,15.05,15.95,15.95,15.00,7,153,2409.00,
530825,DAIKAFFIL CH,XT,Q,24.90,25.20,23.80,25.00,25.00,24.40,71,16597,413089.00,
530829,CIL SECURITS,X ,Q,29.50,32.00,27.40,29.45,29.45,28.35,60,1325,38023.00,
530839,CLIO INFOTEC,X ,Q,4.98,4.98,4.83,4.83,4.83,4.75,11,4304,21432.00,
530843,CUPID LTD   ,B ,Q,247.95,289.75,247.95,276.95,276.95,252.90,2607,33334,9218002.00,
530845,SUNSHIELD CH,X ,Q,507.70,532.00,507.05,526.75,526.90,506.35,58,1856,967414.00,
530853,HIPOLIN LTD.,X ,Q,66.75,73.35,66.75,73.30,73.30,68.65,10,626,45002.00,
530871,CHEMBOND CHM,B ,Q,247.15,252.35,241.60,244.00,243.15,242.70,148,581,143999.00,
530879,CIFL        ,X ,Q,99.35,99.35,93.50,95.40,94.50,96.05,21,542,51167.00,
530881,ABVL        ,XT,Q,77.35,77.35,73.80,77.35,77.35,73.70,30,7284,562193.00,
530883,SUPER CROP. ,X ,Q,6.39,6.74,6.29,6.64,6.64,6.20,240,113528,747443.00,
530897,N.G.IND.LTD.,X ,Q,84.95,84.95,82.20,83.50,83.50,83.95,4,112,9236.00,
530899,ASIA PACK   ,X ,Q,21.50,21.50,21.50,21.50,21.50,20.50,3,650,13975.00,
530909,ERP SOFT SYS,XT,Q,98.10,98.10,94.55,94.90,94.55,99.50,6,25,2439.00,
530919,REMSONS IND.,B ,Q,242.90,247.85,241.35,247.85,247.85,242.65,60,418,102827.00,
530925,RAMSONS PROJ,XT,Q,20.85,20.85,20.85,20.85,20.85,20.85,2,5,104.00,
530931,STANPACKS(I),X ,Q,9.10,9.10,8.58,9.08,9.08,9.03,17,219,1957.00,
530951,RAMINFO     ,X ,Q,93.45,96.90,91.50,96.25,96.00,93.45,64,3693,350241.00,
530953,SUNIL AGRO F,X ,Q,145.00,155.40,145.00,150.50,150.50,148.15,13,187,28260.00,
530959,DIANA TEA CO,X ,Q,30.50,32.80,30.50,31.85,31.90,30.75,274,82159,2625908.00,
530961,VIKASECO    ,B ,Q,3.43,3.43,3.35,3.36,3.36,3.41,957,992908,3358124.00,
530965,INDIAN OIL  ,A ,Q,75.00,75.15,74.45,74.85,74.85,75.10,4776,573285,42887685.00,
530977,SKCIL       ,X ,Q,125.60,125.60,123.00,123.15,123.70,124.20,15,1133,140447.00,
530979,INDIA HOME  ,X ,Q,30.80,30.80,29.55,30.45,30.40,30.80,66,3210,97599.00,
530991,ROOPA INDUS ,X ,Q,54.45,56.00,52.00,52.75,52.75,54.45,27,2013,106855.00,
530997,UNIQUE ORGAN,X ,Q,37.60,39.80,37.60,38.95,38.95,39.10,14,757,29064.00,
530999,BALAJI AMINE,A ,Q,2733.00,2754.90,2696.10,2712.60,2712.60,2733.00,1002,3884,10618496.00,
531003,SWARNA SECUR,X ,Q,34.00,34.00,34.00,34.00,34.00,34.00,2,24,816.00,
531017,ARIHANT SEC.,X ,Q,11.00,11.00,11.00,11.00,11.00,11.01,9,5249,57739.00,
531025,VISAGAR FIN ,XT,Q,2.35,2.35,2.35,2.35,2.35,2.24,171,691443,1624891.00,
531041,COMPETENT AU,X ,Q,224.00,239.00,224.00,229.60,229.60,221.85,327,21210,4954531.00,
531043,DHAN JEEVAN ,XT,Q,13.55,13.55,13.50,13.50,13.50,13.27,10,567,7669.00,
531049,NEELKANTH RO,Z ,Q,9.95,9.95,9.80,9.80,9.80,9.95,2,10,98.00,
531067,CONTIL I LTD,XT,Q,68.50,71.45,67.65,67.65,67.65,71.20,36,1611,109779.00,
531069,VIJAY SOLVEX,XT,Q,939.00,973.75,939.00,963.25,969.00,947.00,71,551,526451.00,
531080,SHRI KRISH  ,X ,Q,20.20,22.10,19.90,21.40,21.40,21.90,12,1722,37237.00,
531082,ALANKIT     ,B ,Q,10.74,10.89,10.74,10.86,10.84,10.74,38,5941,64271.00,
531083,NIHAR INFO  ,X ,Q,8.41,8.82,8.41,8.82,8.82,8.40,13,2412,21123.00,
531091,UNITED CRED.,X ,Q,11.80,11.83,11.80,11.83,11.83,11.27,2,135,1594.00,
531092,OMINFRAL    ,B ,Q,41.50,41.60,40.20,40.65,40.75,40.60,133,7971,324663.00,
531109,ISHAN DYES  ,X ,Q,68.50,72.00,67.20,69.50,69.50,68.45,180,23039,1628099.00,
531111,GOTHI PLASCO,P ,Q,22.60,23.60,22.60,22.60,22.60,23.75,5,1100,25660.00,
531112,BALUFORGE   ,X ,Q,63.85,63.85,61.10,62.40,61.85,63.10,230,27813,1738092.00,
531119,CEENIK EXPO.,XT,Q,21.55,21.55,21.55,21.55,21.55,22.65,1,1,21.00,
531120,PATEL ENGG. ,B ,Q,19.40,19.40,18.70,18.95,18.95,19.20,621,156208,2969308.00,
531126,VIRTUALSOFT.,X ,Q,3.12,3.12,3.12,3.12,3.12,3.28,2,2,6.00,
531127,MENAMANI    ,X ,Q,14.30,14.30,14.30,14.30,14.30,14.30,2,2,28.00,
531129,INANI MARBLE,XT,Q,21.60,21.60,20.10,20.30,21.50,21.15,52,15362,312329.00,
531137,GEMSTONE INV,X ,Q,1.00,1.00,0.97,0.99,0.99,0.99,180,62504,61773.00,
531146,MEDICAMEN BI,B ,Q,819.80,826.90,810.05,816.75,826.75,821.15,60,520,426323.00,
531147,ALICON      ,B ,Q,861.10,883.30,856.05,876.35,874.95,865.80,495,1816,1588817.00,
531153,DILIGENT    ,X ,Q,9.27,9.70,9.20,9.68,9.70,9.25,146,54648,521277.00,
531156,ALFAVISON.OV,X ,Q,12.95,13.00,12.70,12.71,12.71,12.70,69,7526,95970.00,
531157,ORGANIC COAT,X ,Q,8.55,9.30,8.55,8.67,8.70,9.00,14,1700,14937.00,
531158,CATVISION   ,X ,Q,11.50,12.18,11.17,11.39,11.25,11.75,39,2694,30996.00,
531161,ABM KNOWLEDG,X ,Q,96.30,100.00,94.25,99.00,99.95,94.00,98,14593,1410578.00,
531162,EMAMI LTD.  ,A ,Q,420.00,420.00,414.10,416.80,418.75,418.75,411,3124,1301710.00,
531163,KEMISTAR    ,X ,Q,38.50,38.50,38.00,38.00,38.00,38.00,5,138,5299.00,
531169,SKP SECURE. ,X ,Q,76.00,76.00,73.00,73.05,73.00,73.00,6,246,18099.00,
531173,SYSCHEM (I) ,X ,Q,42.65,43.85,41.50,43.45,43.30,41.80,124,35931,1551789.00,
531175,BLS INFOTE  ,X ,Q,3.15,3.30,3.01,3.11,3.12,3.12,948,601394,1877999.00,
531176,MEFCOM CAPIT,X ,Q,30.10,30.20,30.05,30.20,30.20,28.80,958,332194,10022257.00,
531178,HEMANG      ,X ,Q,60.40,60.40,56.95,56.95,56.95,59.90,302,14395,823619.00,
531179,ARMAN FIN   ,B ,Q,1433.00,1433.00,1378.05,1391.25,1392.00,1404.50,111,250,350324.00,
531198,DHANADACOL  ,XT,Q,3.15,3.15,2.92,3.06,3.06,3.07,8,662,1993.00,
531199,GLANCE FIN. ,X ,Q,57.10,57.10,53.30,57.00,57.00,55.65,19,1022,56843.00,
531201,SHILCHAR TEC,X ,Q,965.05,981.00,940.00,976.20,970.00,962.60,193,5669,5503434.00,
531205,TINEAGRO    ,X ,Q,10.05,10.50,9.63,10.34,10.30,9.81,156,33560,339623.00,
531209,NUCLE.SOFT E,B ,Q,383.35,384.70,380.20,380.25,380.25,377.15,23,296,113687.00,
531210,COLINZ LABOR,XT,Q,43.50,46.65,42.60,42.70,44.95,44.80,60,2403,104396.00,
531212,NLFL        ,X ,Q,32.55,35.45,32.55,34.50,35.20,34.95,27,2688,91248.00,
531213,MANAP FIN   ,A ,Q,111.75,112.75,110.35,111.65,111.65,111.40,3051,281690,31458787.00,
531215,RTS POWER CO,X ,Q,113.95,114.25,107.10,114.25,114.25,108.85,142,20337,2315862.00,
531216,COMFORT INTE,X ,Q,27.60,27.60,25.35,25.65,25.65,26.25,113,18547,479000.00,
531221,MAYUR FLOOR.,XT,Q,10.66,10.69,9.69,10.66,10.69,10.19,13,1450,15409.00,
531223,ANJANI SYNT.,X ,Q,28.90,28.90,26.75,27.95,27.90,28.45,25,5783,159489.00,
531225,XTGLOBAL    ,X ,Q,29.00,29.20,28.60,28.80,28.70,28.45,83,9331,268569.00,
531228,RANDER CORP.,X ,Q,8.25,8.25,8.19,8.19,8.19,8.35,6,383,3142.00,
531233,RASI ELECTRO,X ,Q,15.10,15.10,14.40,14.50,14.50,14.45,98,38335,558178.00,
531234,SCOOBEEDAY  ,X ,Q,97.25,108.70,97.25,107.40,108.00,104.00,21,576,60219.00,
531235,CITI PORT FN,XT,Q,15.90,15.90,15.00,15.15,15.90,15.20,5,186,2818.00,
531237,DHRUVA CAP. ,X ,Q,21.25,21.25,21.24,21.24,21.24,20.24,24,5557,118085.00,
531240,SHAMROCK IND,XT,Q,6.29,6.29,6.28,6.28,6.28,6.00,3,17,106.00,
531241,LINC        ,B ,Q,368.60,402.45,368.60,396.00,397.40,370.70,184,2491,972799.00,
531252,ANERI       ,XT,Q,4.01,4.01,4.01,4.01,4.01,3.82,2,505,2025.00,
531253,INDIA GELAT.,X ,Q,232.35,240.00,227.00,238.15,238.00,227.60,307,14837,3489894.00,
531254,OPTIFIN     ,X ,Q,56.95,57.30,49.30,57.30,57.30,52.10,57,5052,283623.00,
531255,PARAGON FIN.,X ,Q,23.50,23.50,23.45,23.45,23.45,22.80,3,17,398.00,
531257,PRATIKSHA CH,X ,Q,29.05,29.05,27.30,28.55,28.80,27.75,45,1040,29432.00,
531259,ESHAMEDIA   ,XT,Q,5.40,5.40,4.90,4.90,5.35,5.15,31,1167,5764.00,
531260,REFEXRENEW  ,X ,Q,528.00,528.00,486.20,502.65,519.75,504.30,33,279,142815.00,
531266,VST TILLERS ,B ,Q,2244.50,2263.40,2238.10,2240.65,2243.00,2232.35,54,126,282947.00,
531268,B2B SOFT.   ,XT,Q,28.00,28.30,27.05,28.20,28.20,27.65,25,1203,33432.00,
531272,NIKKI GLOBAL,X ,Q,9.01,9.01,9.01,9.01,9.01,8.84,1,2,18.00,
531273,RADHE DEVLOP,X ,Q,8.30,8.35,8.01,8.08,8.15,8.21,395,139840,1144653.00,
531274,KINETIC TRUS,XT,Q,9.20,9.20,9.20,9.20,9.20,9.20,1,2,18.00,
531278,ELIXIR      ,X ,Q,53.30,55.50,51.05,55.25,55.50,52.90,155,17747,962866.00,
531279,TRISHAKTI EL,X ,Q,49.50,49.50,49.50,49.50,49.50,47.30,1,10,495.00,
531280,PANKAJ POLY.,X ,Q,8.90,8.90,8.65,8.65,8.65,8.90,11,343,2967.00,
531281,MARBLE      ,X ,Q,16.45,16.45,15.40,15.95,15.95,16.10,41,7992,127625.00,
531283,CINDRELLA FI,XT,Q,12.00,12.00,11.90,11.90,11.90,12.00,6,437,5240.00,
531287,NAT PLASTIC ,X ,Q,108.60,124.80,102.15,120.70,120.00,107.50,108,7078,809233.00,
531288,LEAD FINANC ,XT,Q,15.60,15.60,15.60,15.60,15.60,14.90,5,9,140.00,
531289,NATFIT      ,X ,Q,63.00,63.00,60.05,61.10,61.10,61.05,17,1994,121311.00,
531297,ARTEFACT PR ,X ,Q,49.95,51.50,47.25,47.80,47.80,49.40,134,52579,2532147.00,
531300,AMIT INTNL. ,Z ,Q,3.50,3.50,3.50,3.50,3.50,3.50,3,282,987.00,
531301,HIGH STREET ,X ,Q,37.35,43.75,37.35,43.30,43.00,41.25,14,457,18971.00,
531306,DHP INDIA LT,X ,Q,990.00,1019.00,980.00,1003.55,1007.15,1005.65,108,1165,1163962.00,
531307,RRIL        ,X ,Q,16.35,16.65,15.90,16.30,16.30,16.35,173,58732,951566.00,
531310,AVAILABLE FI,X ,Q,162.65,162.65,154.00,155.65,156.00,155.65,66,6078,956684.00,
531314,INTEGRA CAP.,X ,Q,20.00,20.00,20.00,20.00,20.00,20.10,1,10,200.00,
531322,HAVISHA     ,T ,Q,2.47,2.47,2.28,2.31,2.29,2.36,36,17129,40882.00,
531323,JAYIND      ,X ,Q,9.99,9.99,9.50,9.50,9.50,9.52,3,426,4243.00,
531324,ROSELABS FIN,X ,Q,20.90,20.90,19.00,19.00,19.00,20.00,7,22,425.00,
531328,KRETTOSYS   ,X ,Q,0.70,0.71,0.69,0.70,0.71,0.69,621,435684,305162.00,
531334,VIKALP SEC. ,XT,Q,7.20,7.20,6.90,7.20,7.20,7.20,4,202,1454.00,
531335,ZYDUS WELL  ,A ,Q,1543.55,1543.55,1504.45,1507.20,1509.00,1513.15,159,430,650018.00,
531337,WINPRO      ,B ,Q,3.81,4.01,3.81,3.91,3.91,3.95,75,10473,41220.00,
531340,BERVIN INV. ,XT,Q,39.20,39.20,36.00,36.00,36.00,37.35,14,1391,53164.00,
531344,CONTAIN.CORP,A ,Q,723.20,732.00,718.25,726.00,725.65,729.60,658,10151,7373022.00,
531346,EASTERN TRED,X ,Q,36.70,36.70,35.25,35.30,35.30,36.70,13,1055,37378.00,
531349,PANACEA BIOT,B ,Q,147.40,147.40,141.20,141.95,141.65,143.20,500,18831,2693049.00,
531352,PEETI SECURT,XT,Q,25.75,27.30,25.75,25.75,25.75,26.00,15,808,21148.00,
531357,MERCURY META,XT,Q,10.83,10.83,10.10,10.82,10.82,10.32,913,846155,9118396.00,
531358,CHOICE INT. ,B ,Q,242.00,243.80,240.00,243.65,243.45,240.35,67,3100,747661.00,
531359,SHRIRAM ASSE,X ,Q,118.55,119.60,110.70,115.00,115.00,117.95,9,220,25778.00,
531360,GOLECHA GLOB,X ,Q,40.00,40.00,40.00,40.00,40.00,38.10,13,1033,41320.00,
531364,EKANSH      ,X ,Q,65.20,70.50,64.10,64.25,65.85,67.45,217,28497,1915450.00,
531370,SPAR        ,X ,Q,21.30,21.30,18.10,19.35,20.00,19.40,35,3220,62647.00,
531373,BYKE HOSP   ,B ,Q,41.50,42.35,41.50,42.30,42.30,41.65,26,1293,54665.00,
531380,CENTENIAL SU,X ,Q,61.30,61.30,61.00,61.00,61.00,60.10,9,59,3602.00,
531381,ARIHANT FOUN,X ,Q,36.35,37.70,35.55,37.10,37.00,36.35,15,1680,62359.00,
531387,HASTI FINANC,X ,Q,4.06,4.06,4.06,4.06,4.06,3.99,7,22064,89579.00,
531390,UPSURGE INV.,X ,Q,45.00,47.20,43.05,45.30,45.30,45.00,16,609,27297.00,
531395,PADAM COTTON,XT,Q,10.20,10.20,10.20,10.20,10.20,10.33,1,2,20.00,
531398,SOURCENTRL  ,X ,Q,107.45,112.65,104.40,112.65,112.65,107.30,43,1796,196487.00,
531399,G.G.AUTOMATI,XT,Q,30.00,30.00,28.10,29.90,30.00,29.20,40,12783,379979.00,
531400,ALMONDZ GLO ,B ,Q,67.30,69.15,67.30,69.05,69.05,68.15,17,222,15312.00,
531402,LWS KNITWEAR,XT,Q,17.20,17.20,16.50,16.50,16.50,16.40,4,225,3728.00,
531406,ANS LTD     ,XT,Q,9.55,9.55,9.55,9.55,9.55,9.55,1,1,9.00,
531411,TUNI TEXTILE,X ,Q,2.15,2.22,2.05,2.08,2.09,2.13,584,255167,546792.00,
531412,RADIX IND   ,X ,Q,66.05,68.75,66.05,66.20,66.20,65.55,10,210,14078.00,
531416,NARENDRA PRO,X ,Q,15.60,16.35,15.10,15.60,15.60,15.60,11,88,1412.00,
531417,MEGA CORPN. ,X ,Q,2.03,2.06,1.97,2.06,2.06,1.97,116,58682,119561.00,
531426,TAMIL.NEWSPR,B ,Q,240.00,243.70,238.30,242.20,241.35,239.65,405,8657,2082979.00,
531431,SHAKTI PUMPS,B ,Q,408.05,416.75,403.80,405.50,403.80,403.25,327,2175,890664.00,
531432,SYSTEMATIX  ,X ,Q,5.96,6.25,5.96,6.25,6.25,5.96,3,456,2722.00,
531433,SUNGOLD CAP.,X ,Q,2.55,2.66,2.43,2.56,2.45,2.54,103,25298,63849.00,
531437,PWASML      ,X ,Q,30.90,30.90,29.55,30.75,30.75,30.30,21,6268,190902.00,
531439,GOLDSTONE EN,B ,Q,49.70,49.70,47.20,48.20,48.20,47.05,85,2595,125923.00,
531444,VARDHMAN    ,XT,Q,6.30,6.30,6.30,6.30,6.30,6.30,4,259,1631.00,
531449,GRM OVERSEAS,A ,Q,351.00,370.65,343.60,360.30,360.30,349.35,1791,33250,11687047.00,
531453,MOHIT INDUS.,B ,Q,17.90,17.90,16.50,16.75,16.70,17.00,36,1040,17736.00,
531454,POLYLINK POL,X ,Q,23.00,23.25,23.00,23.25,23.25,22.50,15,360,8300.00,
531456,MINAXI TEXT.,X ,Q,2.10,2.17,2.10,2.15,2.15,2.15,153,48660,103251.00,
531460,CONTI.CONTRL,X ,Q,5.41,5.41,5.41,5.41,5.41,5.69,2,3,16.00,
531465,NOUVEAU     ,X ,Q,1.32,1.32,1.32,1.32,1.32,1.34,131,72105,95178.00,
531471,DUKE OFFSHOR,X ,Q,8.80,8.80,8.70,8.80,8.80,8.80,7,1185,10410.00,
531472,CYBELE IND  ,X ,Q,16.50,16.50,16.50,16.50,16.50,17.00,1,1000,16500.00,
531489,CG-VAK SOFTW,X ,Q,373.90,373.90,361.45,366.30,368.95,369.05,51,1240,455544.00,
531494,NAVKAR      ,XT,Q,11.77,11.86,11.01,11.05,11.01,11.54,62,36439,417768.00,
531496,OMKAR OVERSE,X ,Q,2.59,2.60,2.50,2.60,2.60,2.59,26,922,2368.00,
531497,MADHUCON PRJ,B ,Q,5.56,5.75,5.56,5.75,5.75,5.48,44,10401,58819.00,
531499,SYBLY INDS. ,X ,Q,4.62,4.89,4.62,4.62,4.62,4.85,22,3257,15114.00,
531500,RAJESH EXPO.,A ,Q,694.95,720.65,684.00,710.90,715.00,686.65,1551,28161,19690404.00,
531502,ESAAR (I)LTD,X ,Q,7.15,7.28,7.00,7.28,7.28,7.14,81,20295,146673.00,
531503,MARIS SPIN. ,X ,Q,62.85,63.65,61.00,63.40,63.40,60.25,18,3138,196421.00,
531508,EVEREADY (I),A ,Q,352.35,356.40,350.30,351.65,351.65,354.00,218,2220,784475.00,
531512,ORIENT TRADE,X ,Q,13.77,14.08,12.80,13.75,13.87,13.17,160,61135,832070.00,
531518,VIKASPROP   ,Z ,Q,0.78,0.78,0.75,0.77,0.78,0.77,258,194057,149678.00,
531525,ACE SOFTWARE,X ,Q,18.80,19.10,18.05,18.50,18.50,18.55,20,860,15796.00,
531529,SOFTRAK VENT,XT,Q,1.33,1.33,1.33,1.33,1.33,1.27,1,50,66.00,
531531,HATSUN AGRO ,A ,Q,899.90,903.00,892.00,900.25,899.10,899.15,154,869,781116.00,
531539,RISHABH DIGH,X ,Q,19.55,21.85,19.55,21.85,21.85,21.15,3,106,2099.00,
531540,MARUTI INFRA,X ,Q,90.00,91.95,85.15,88.00,88.00,88.60,60,6994,629331.00,
531541,KOBO        ,Z ,Q,4.34,4.46,4.04,4.04,4.04,4.25,75,22156,92570.00,
531543,JINDAL WORLD,A ,Q,417.60,437.80,417.60,425.50,425.30,429.00,585,9813,4221524.00,
531548,SOMANY CRAM ,B ,Q,479.00,479.00,472.00,472.10,472.70,477.55,223,471,223684.00,
531550,JHAVERI CRED,X ,Q,10.40,10.40,9.50,10.35,10.35,9.99,6,449,4547.00,
531552,RAGHUNATH TO,X ,Q,12.95,12.95,12.05,12.73,12.79,12.58,26,1241,15697.00,
531556,CORAL (I)FIN,B ,Q,34.00,34.10,32.75,33.75,33.75,32.60,33,960,32356.00,
531569,SANJIVANI PA,X ,Q,39.80,39.95,38.75,39.15,39.00,39.00,56,9501,371985.00,
531574,VAS INFRA   ,X ,Q,3.79,3.79,3.61,3.61,3.61,3.79,7,4945,17859.00,
531578,KMF BUILDERS,X ,Q,3.58,3.58,3.58,3.58,3.58,3.76,2,12,42.00,
531582,BERYL SECUR.,XT,Q,10.84,10.84,10.45,10.57,10.57,10.33,25,3214,34209.00,
531585,DEVINE IMPE ,XT,Q,5.07,5.07,4.82,4.85,4.85,5.07,33,6645,32522.00,
531591,BAMPSL SECUR,X ,Q,8.17,8.20,8.00,8.14,8.19,8.17,33,5618,45477.00,
531592,GENPHARMA   ,X ,Q,4.38,4.38,4.10,4.18,4.18,4.33,473,332274,1406177.00,
531594,INCON ENGG. ,XT,Q,16.10,16.80,16.10,16.80,16.80,16.05,8,982,16381.00,
531595,CGCL        ,A ,Q,775.00,808.55,761.80,771.45,766.60,772.80,1073,20217,15867795.00,
531599,FDC LIMITED ,A ,Q,272.10,272.55,269.50,270.85,272.55,271.75,363,8725,2361501.00,
531600,GOGIA CAP   ,XT,Q,96.85,96.85,96.85,96.85,96.85,96.85,1,10,968.00,
531608,GORANI INDUS,X ,Q,184.80,185.95,168.30,185.95,185.95,177.10,64,3445,634768.00,
531609,KG PETROCHEM,X ,Q,234.00,253.95,200.00,211.95,211.95,214.85,46,1788,363524.00,
531616,STARCOM     ,X ,Q,123.70,123.70,112.00,112.05,112.05,117.85,13,241,29137.00,
531624,COUNTRY COND,T ,Q,4.90,4.90,4.72,4.90,4.90,4.95,45,6053,29038.00,
531626,OROSMITHS   ,X ,Q,4.60,4.77,4.15,4.54,4.60,4.58,129,32793,146205.00,
531633,LINCOLN PHAR,B ,Q,336.00,345.00,336.00,342.65,343.15,342.95,611,12528,4303585.00,
531635,SILVER OAK  ,X ,Q,52.00,52.00,46.00,48.75,49.50,45.10,39,1299,63124.00,
531637,PRAVEG      ,X ,Q,242.75,248.00,242.00,247.35,247.50,241.75,343,124908,30541597.00,
531638,SURAJ LTD   ,X ,Q,63.25,63.25,63.00,63.10,63.10,62.85,13,2971,187640.00,
531642,MARICOLTD   ,A ,Q,518.60,521.70,514.55,519.00,520.00,519.00,1252,21436,11127878.00,
531652,THIRDWAVE FI,X ,Q,22.00,22.00,22.00,22.00,22.00,22.00,1,1,22.00,
531661,HITTCO TOOLS,XT,Q,14.20,14.20,13.50,13.65,14.00,13.70,51,7150,98232.00,
531668,VISION CORPO,X ,Q,1.91,2.09,1.91,2.08,2.08,2.00,7,1314,2525.00,
531672,INANI SEC.  ,X ,Q,21.00,22.05,21.00,22.05,22.05,21.00,3,7,150.00,
531673,ANKA INDIA  ,XT,Q,23.30,23.30,23.30,23.30,23.30,22.20,9,1360,31688.00,
531680,MAYUR LEATHR,XT,Q,8.07,8.08,8.07,8.07,8.07,8.49,11,2140,17270.00,
531681,AMERISE     ,X ,Q,0.95,0.99,0.90,0.96,0.96,0.95,269,265971,252428.00,
531688,PRITHVIEXCH ,X ,Q,42.95,43.30,40.15,43.25,43.25,41.30,6,432,18575.00,
531694,RAINBOW FOUN,X ,Q,10.25,12.49,10.00,10.24,10.05,10.57,61,23573,243659.00,
531716,TRICOMFRU   ,X ,Q,1.84,1.84,1.73,1.76,1.82,1.78,52,4965,8818.00,
531717,VIDHIING    ,B ,Q,352.00,354.40,341.10,350.05,347.85,345.95,172,6241,2185527.00,
531719,BHAGIRA.CHEM,B ,Q,1236.95,1274.75,1187.10,1201.90,1187.10,1232.65,29,105,129962.00,
531726,PANCHSHEEL O,X ,Q,252.00,257.60,250.00,254.80,254.80,246.65,112,5029,1276216.00,
531727,MENON PISTON,X ,Q,47.05,49.45,47.00,48.90,49.30,47.60,211,25182,1210914.00,
531735,PRISM FINANC,P ,Q,26.60,26.60,26.60,26.60,26.60,28.00,1,1000,26600.00,
531737,GREENCREST  ,X ,Q,1.90,1.90,1.90,1.90,1.90,1.93,169,42578,80898.00,
531739,GENNEX LAB  ,X ,Q,6.90,7.08,6.62,6.67,6.67,6.85,1187,636362,4343009.00,
531743,HIRA AUTOMOB,P ,Q,13.23,13.23,13.23,13.23,13.23,12.60,1,100,1323.00,
531744,GINI SILK MI,X ,Q,38.25,46.80,38.25,44.80,44.90,39.00,100,15205,673703.00,
531746,PRAJAY ENGS.,B ,Q,15.35,15.78,15.31,15.40,15.60,15.19,104,13838,213816.00,
531752,BIOGEN      ,X ,Q,0.83,0.84,0.82,0.83,0.83,0.82,2627,2741006,2286093.00,
531758,G.K.CONSULT.,X ,Q,5.36,5.62,5.36,5.62,5.62,5.36,5,167,908.00,
531761,APOLLOPIPES ,B ,Q,500.05,513.45,498.70,499.90,503.90,507.20,433,2907,1466522.00,
531762,UNJHA FORMUL,X ,Q,15.92,15.92,15.13,15.13,15.13,15.92,20,11685,179229.00,
531768,POLY MEDICUR,A ,Q,884.65,887.95,880.80,881.95,883.75,882.90,131,287,253637.00,
531778,KACHCHHMIN  ,X ,Q,27.25,28.80,26.85,28.80,28.80,27.90,14,1920,52605.00,
531780,KACL        ,X ,Q,52.00,52.80,52.00,52.80,52.80,50.30,90,8698,458836.00,
531784,KCLINFRA    ,X ,Q,2.63,2.63,2.51,2.59,2.56,2.58,55,132469,342087.00,
531795,ATUL AUTO   ,B ,Q,268.05,273.20,266.00,267.55,266.00,268.05,1187,25477,6860326.00,
531802,PRERNA INFR ,X ,Q,38.00,38.45,36.00,37.00,37.00,37.35,86,23235,847904.00,
531810,METAL COATIN,X ,Q,94.70,99.00,89.05,95.10,95.10,93.15,91,9581,903539.00,
531812,SGN TELECOMS,XT,Q,0.50,0.50,0.50,0.50,0.50,0.48,3,1181,590.00,
531813,GANGAPAPERS ,X ,Q,70.00,82.00,70.00,77.00,77.00,75.50,16,2019,146122.00,
531814,TIRUPATI SAR,X ,Q,12.05,12.05,11.34,11.70,11.70,11.79,62,10067,117569.00,
531821,MUNOTH FIN. ,XT,Q,137.20,137.20,137.20,137.20,137.20,144.40,10,220,30184.00,
531822,RODIUM      ,X ,Q,48.30,52.00,48.10,51.35,49.00,52.50,10,72,3691.00,
531832,NAGAR.AGRITE,X ,Q,5.25,5.62,5.25,5.62,5.62,5.36,15,1550,8670.00,
531834,NATURA HUE C,X ,Q,6.86,6.86,6.50,6.85,6.85,6.54,7,275,1845.00,
531841,INDUSFINL   ,XT,Q,18.25,18.25,16.55,17.80,17.85,17.40,101,5286,89495.00,
531842,LAHOTI OVER.,X ,Q,32.70,32.70,31.30,31.45,31.45,31.65,95,18471,589439.00,
531845,ZENITHSTL   ,B ,Q,5.60,5.60,5.30,5.36,5.36,5.42,181,42198,228011.00,
531846,TRINITYLEA  ,XT,Q,25.95,25.95,23.55,23.55,23.55,24.75,11,1137,28472.00,
531859,ORIRAIL     ,X ,Q,84.20,86.90,79.00,79.70,79.70,84.20,431,53185,4321335.00,
531861,JOINDRE CAPI,X ,Q,30.00,31.40,29.00,29.40,29.40,29.25,34,2749,83229.00,
531862,BHARATAGRI  ,X ,Q,954.45,965.40,947.00,962.75,965.00,950.85,195,12985,12454875.00,
531867,UNITECH INTE,X ,Q,6.70,6.95,6.70,6.94,6.94,6.63,17,2322,15943.00,
531869,SACHETA MET.,X ,Q,18.95,19.35,18.95,19.20,19.20,18.95,174,20917,401137.00,
531878,ANJANI FINL ,XT,Q,5.03,5.28,5.03,5.28,5.28,5.03,15,12197,64387.00,
531879,PIONEER DIS.,B ,Q,183.40,188.55,183.40,187.30,187.00,187.90,35,790,148271.00,
531881,GMETCOAL    ,Z ,Q,20.45,20.45,20.45,20.45,20.45,19.50,2,200,4090.00,
531888,REXNORD ELE.,X ,Q,125.00,125.00,117.60,122.50,122.50,120.40,195,11342,1379646.00,
531889,INTEG.TECH. ,XT,Q,6.57,6.57,6.57,6.57,6.57,6.26,1,1,6.00,
531892,KHANDWALA SE,T ,Q,33.60,33.60,30.85,32.00,32.00,32.45,42,13065,405280.00,
531893,SAWACA BUSI ,X ,Q,1.23,1.28,1.18,1.21,1.20,1.23,317,279463,336093.00,
531900,CCL INTER   ,X ,Q,16.50,17.80,16.50,16.70,16.70,17.55,16,937,15675.00,
531902,GALLOPENT   ,X ,Q,21.30,22.30,20.70,20.85,21.50,21.30,30,1122,23576.00,
531909,CROISSANCE  ,X ,Q,9.57,9.57,9.06,9.37,9.37,9.12,471,465425,4425941.00,
531910,MADHUVEER   ,XT,Q,10.89,10.89,9.87,10.89,10.89,10.38,8,1228,13241.00,
531913,GOPAL IRON S,XT,Q,6.40,6.72,6.08,6.23,6.23,6.40,79,15638,100943.00,
531921,AGAR IND COR,B ,Q,601.10,612.75,598.05,603.75,602.00,599.55,339,1918,1162307.00,
531923,DHAMPURE SGR,X ,Q,33.95,33.95,31.25,32.00,32.35,31.45,132,14731,466928.00,
531925,SHANTANU SHE,XT,Q,1.85,1.95,1.78,1.92,1.95,1.86,59,36550,70169.00,
531929,INNOCORP L  ,XT,Q,7.56,7.80,7.56,7.80,7.80,7.95,13,326,2488.00,
531930,SARTHAK INDU,X ,Q,91.35,91.35,91.35,91.35,91.35,96.15,97,2866,261809.00,
531931,SAI CAPITAL ,XT,Q,133.00,146.00,133.00,144.50,146.00,139.70,18,578,81732.00,
531950,VERTEX SEC. ,X ,Q,2.93,2.93,2.78,2.83,2.85,2.80,63,23864,67763.00,
531952,RIBA TEXTILS,X ,Q,42.50,42.50,41.20,42.45,42.50,42.50,27,3020,127367.00,
531960,KASHYAP     ,XT,Q,1.36,1.42,1.30,1.42,1.42,1.36,8,8605,12098.00,
531962,SHREMETAL   ,XT,Q,30.60,30.60,28.00,30.60,30.60,29.20,12,491,14925.00,
531968,IITL PROJ   ,X ,Q,17.75,17.75,17.75,17.75,17.75,18.65,5,1200,21300.00,
531977,CHARTERLOGIS,X ,Q,5.10,5.22,5.01,5.10,5.16,5.10,159,40781,208766.00,
531978,AMBIKA COTTO,B ,Q,1419.85,1528.85,1419.85,1482.80,1482.80,1407.20,1860,8136,12139629.00,
531979,HIND ALUMIN ,X ,Q,38.80,39.95,37.60,39.65,38.90,38.20,41,3436,132323.00,
531980,SENTHILINFO ,XT,Q,8.01,8.01,8.01,8.01,8.01,8.01,1,5,40.00,
531982,SPECTR FOOD ,XT,Q,41.95,42.00,40.00,42.00,42.00,40.00,29,2593,108708.00,
531991,AMRAWOR AGRI,X ,Q,0.94,1.01,0.94,0.99,0.99,0.94,785,878143,869648.00,
531994,AUTO PINS(I),X ,Q,75.00,75.00,75.00,75.00,75.00,75.00,1,41,3075.00,
531996,ODYSSEY CORP,X ,Q,7.15,7.15,6.65,6.97,7.05,6.83,32,8129,57146.00,
532001,INDUCTO STL.,X ,Q,29.15,34.25,29.15,32.20,32.20,32.85,30,1975,64766.00,
532005,SAM INDUS.  ,X ,Q,41.30,41.35,38.90,41.30,41.35,39.05,22,1661,67655.00,
532011,POOJA ENT   ,XT,Q,187.00,195.90,186.20,190.05,190.00,195.95,14,360,67407.00,
532015,GRAVITY (I) ,XT,Q,4.90,5.13,4.66,4.80,4.80,4.90,34,10012,47071.00,
532019,LCC INFOTECH,B ,Q,2.30,2.46,2.30,2.46,2.46,2.35,52,45714,112213.00,
532022,FILAT FASH  ,XT,Q,19.00,19.50,18.10,18.70,19.00,19.00,413,164288,3104321.00,
532029,SINDHU TRADE,A ,Q,18.00,18.50,17.60,17.80,17.70,17.95,237,35955,638122.00,
532035,UNISTAR MULT,XT,Q,60.05,60.50,58.00,60.00,60.00,58.90,62,6736,395869.00,
532039,ZENOTECH    ,X ,Q,63.60,66.70,62.25,64.40,64.05,63.05,244,26252,1702855.00,
532041,HINDUSTN BIO,X ,Q,3.85,3.93,3.65,3.65,3.65,3.80,30,9105,33810.00,
532042,FRONTL CORP ,X ,Q,23.50,23.95,23.50,23.95,23.95,23.25,5,104,2458.00,
532051,SWELECT     ,B ,Q,325.70,330.00,324.10,327.70,327.70,327.00,16,105,34362.00,
532053,WALLFORT FIN,X ,Q,45.10,47.10,45.10,47.00,47.00,44.80,11,791,37181.00,
532054,KDDL LTD    ,B ,Q,1035.60,1052.85,1025.00,1033.95,1038.40,1042.50,389,1297,1351486.00,
532056,ADINATH EXIM,XT,Q,18.10,18.10,18.10,18.10,18.10,17.25,1,2,36.00,
532057,ABHINAV CAP ,X ,Q,88.50,89.70,83.50,87.80,89.70,88.50,10,144,12649.00,
532067,KILPEST (I) ,X ,Q,428.20,454.80,428.20,451.15,451.15,449.20,269,5757,2562814.00,
532090,VANDANA     ,XT,Q,2.03,2.03,1.86,1.88,1.88,1.94,10,7652,14999.00,
532092,SAGARPROD   ,X ,Q,2.20,2.20,2.11,2.19,2.19,2.16,23,6984,15206.00,
532100,INDO-CITY IN,X ,Q,7.60,7.60,7.00,7.00,7.00,6.95,12,2327,17313.00,
532102,SBEC SUGAR  ,XT,Q,81.30,81.30,81.30,81.30,81.30,85.55,212,11793,958770.00,
532113,BRIJLAXMI LE,XT,Q,3.81,4.17,3.81,4.17,3.84,3.98,38,8173,31946.00,
532123,BSE  INFRA  ,X ,Q,4.59,4.76,4.37,4.76,4.76,4.54,810,263084,1216821.00,
532124,RELIAB VEN  ,X ,Q,14.40,14.55,13.55,13.90,13.90,14.10,35,2200,30855.00,
532134,BANKBARODA  ,A ,Q,177.50,184.95,176.55,181.50,181.50,177.70,12206,1666225,303354845.00,
532140,MOHITE      ,X ,Q,21.90,21.90,20.65,21.00,21.00,20.65,9,661,13808.00,
532143,SKM EGG PROD,B ,Q,132.30,133.10,129.10,130.15,130.85,133.10,136,3096,407482.00,
532144,WELCORP     ,A ,Q,222.70,229.80,222.70,229.15,228.10,225.25,1280,36031,8198066.00,
532145,H.S.(I) LTD.,X ,Q,12.30,13.80,12.30,13.16,13.16,13.42,327,114876,1493039.00,
532149,BNK OF INDIA,A ,Q,88.95,91.45,85.35,87.10,87.10,88.90,12436,2822340,251961909.00,
532150,INDRAPRAST  ,T ,Q,80.40,83.70,80.40,82.95,83.00,82.35,164,11249,927083.00,
532154,JOHNPHARMA  ,X ,Q,0.70,0.70,0.67,0.67,0.68,0.70,1568,1749367,1200533.00,
532155,GAIL (I) LTD,A ,Q,94.25,96.30,94.25,95.85,95.85,95.00,4958,1240060,118809217.00,
532156,VAIBHAVGBL  ,A ,Q,324.90,329.40,318.60,319.45,319.00,323.60,617,6423,2081028.00,
532159,TRESCON     ,X ,Q,9.30,9.98,9.00,9.39,9.39,9.39,34,2142,20163.00,
532160,GUJ.STAT.FIN,T ,Q,7.37,7.37,7.23,7.30,7.30,7.22,38,4633,33817.00,
532162,JK PAPER    ,A ,Q,404.00,411.95,401.55,407.85,407.85,403.10,1393,40976,16669610.00,
532163,SAREGAMA (I),A ,Q,372.00,399.00,367.35,395.35,395.35,367.95,4707,90442,35577967.00,
532164,MINOLTA FIN.,Z ,Q,9.07,9.07,8.62,8.99,8.99,9.07,14,605,5244.00,
532167,OMKAR PHARM.,XT,Q,23.75,23.75,23.75,23.75,23.75,23.75,1,100,2375.00,
532172,ADROITINFO  ,B ,Q,26.70,27.15,24.70,24.70,24.70,25.95,70,13888,348886.00,
532173,CYBERTECH   ,B ,Q,128.90,132.00,128.90,129.80,129.30,130.45,210,3309,431501.00,
532174,ICICI BANK  ,A ,Q,899.00,904.10,896.10,898.70,898.70,900.65,7652,189004,170043666.00,
532175,CYIENT      ,A ,Q,815.55,826.00,811.70,820.80,817.00,818.60,674,4643,3799482.00,
532178,ENGINRS.(I) ,A ,Q,78.15,79.35,77.20,78.70,78.45,78.15,1145,183906,14447692.00,
532180,DHANALAK.BNK,B ,Q,20.25,21.00,19.30,20.10,20.10,20.00,1568,587349,11873415.00,
532181,GUJ.MINERAL ,A ,Q,140.20,145.40,140.20,143.90,143.90,140.05,2426,116791,16788406.00,
532183,GAYATRI SUGR,XT,Q,3.81,3.95,3.81,3.81,3.81,4.01,66,32340,123503.00,
532187,INDUSIND BNK,A ,Q,1202.40,1227.00,1194.20,1214.15,1214.15,1202.40,4935,108221,131335555.00,
532189,INDIA TOURIS,B ,Q,349.85,361.50,346.15,355.70,353.90,349.30,201,1042,368080.00,
532209,J & K BANK  ,A ,Q,55.00,56.45,54.45,54.85,54.85,54.80,6776,1630189,90547769.00,
532210,CITY UNION  ,A ,Q,177.55,178.55,174.45,175.10,174.60,177.55,1197,83771,14801298.00,
532212,ARCHIES LTD ,B ,Q,23.50,26.00,23.50,25.80,25.80,24.00,300,36332,924714.00,
532215,AXIS BANK   ,A ,Q,931.95,937.30,921.15,924.95,924.95,932.55,4033,106446,99177115.00,
532216,HB STOCKHOL.,B ,Q,50.30,51.45,49.25,50.60,50.55,48.75,25,813,40887.00,
532217,SIEL FINANCL,X ,Q,12.50,13.97,11.00,12.05,12.00,11.85,123,68813,821133.00,
532218,SOUTH IND.BK,A ,Q,18.00,18.45,17.55,17.95,17.95,18.00,2819,3384298,61106539.00,
532219,ENERGY DEV. ,B ,Q,19.05,19.95,18.80,18.95,18.95,19.65,195,33095,638355.00,
532221,SONATA SOFT.,A ,Q,574.50,575.60,567.45,569.20,568.80,572.55,494,5086,2913077.00,
532230,BENGAL TEA &,X ,Q,82.95,82.95,78.10,79.85,80.15,78.15,36,3048,241966.00,
532234,NAT.ALUM    ,A ,Q,78.15,79.45,77.75,78.75,78.75,78.85,3960,830723,65394214.00,
532240,INDIA NIPPON,B ,Q,396.90,420.20,373.95,397.95,398.65,381.45,736,3779,1520683.00,
532256,NALWA SONS  ,B ,Q,2201.05,2281.55,2102.00,2245.85,2245.85,2276.80,155,967,2144437.00,
532259,APAR INDUS. ,A ,Q,1724.80,1769.00,1691.85,1752.90,1759.90,1709.95,1425,8589,14851410.00,
532262,TCI INDUS.  ,X ,Q,1060.35,1160.00,1060.35,1155.10,1155.10,1105.00,4,9,10216.00,
532268,ACCELYA     ,B ,Q,1399.90,1462.75,1372.55,1452.35,1455.30,1380.10,1224,5381,7631523.00,
532271,ORCHASP     ,X ,Q,5.45,5.45,5.05,5.13,5.18,5.31,236,239098,1247682.00,
532281,HCL TECHNO  ,A ,Q,1029.00,1038.40,1026.50,1035.35,1035.35,1036.45,3008,33200,34318763.00,
532284,TCFC FINANCE,X ,Q,31.90,32.00,30.50,30.50,31.00,31.30,43,5804,179859.00,
532285,GEOJITFSL   ,B ,Q,47.95,47.95,47.00,47.35,47.20,47.10,234,7563,357830.00,
532286,JINDAL STE  ,A ,Q,570.05,583.60,568.55,578.10,578.10,576.30,7352,320384,185033622.00,
532290,BLB LTD.    ,B ,Q,21.45,26.30,21.25,26.30,26.30,21.95,430,145865,3782021.00,
532296,GLENMARK PHA,A ,Q,425.00,425.45,418.60,420.60,420.80,423.45,2281,40115,16930346.00,
532300,WOCKHARDT   ,A ,Q,224.55,227.80,221.50,222.95,222.95,224.80,1308,69003,15462497.00,
532301,TATA COFFEE ,A ,Q,222.00,222.00,218.50,220.20,220.00,219.70,515,25178,5544909.00,
532304,KJMCCORP    ,X ,Q,35.00,37.65,34.35,37.65,37.65,35.95,3,205,7155.00,
532305,IND-SWIFT LA,B ,Q,66.45,74.00,66.30,71.15,71.15,66.30,1821,118046,8456137.00,
532307,MELSTAR INFO,Z ,Q,2.56,2.62,2.56,2.62,2.62,2.66,2,202,517.00,
532309,GEPIL       ,B ,Q,137.80,140.50,137.50,139.85,139.50,138.50,115,1477,206093.00,
532310,SHREE RAMA  ,B ,Q,12.70,12.94,12.60,12.64,12.64,12.66,26,5958,75553.00,
532313,MAHINDRALIFE,A ,Q,365.25,368.65,362.15,364.95,363.10,365.40,262,2130,778474.00,
532315,TELESYS SOFT,XT,Q,11.25,11.35,10.50,10.75,11.15,10.85,69,10779,119259.00,
532320,VAARAD      ,X ,Q,14.95,14.95,14.15,14.20,14.60,14.65,21,2745,39140.00,
532321,ZYDUSLIFE   ,A ,Q,419.05,420.65,414.60,415.00,415.00,418.90,701,11024,4594937.00,
532323,SHIVA CEMENT,X ,Q,53.00,53.95,51.60,52.45,52.45,53.00,560,104535,5532897.00,
532324,CINEVISTA   ,B ,Q,12.05,12.50,11.77,11.92,11.86,12.30,71,3856,46517.00,
532326,INTENS TECH ,B ,Q,67.95,70.00,67.80,69.15,69.40,68.30,76,1899,130294.00,
532329,DANLAW TECH.,X ,Q,220.25,234.00,220.25,232.45,232.45,228.10,42,2093,483117.00,
532331,AJANTA PHARM,A ,Q,1165.00,1190.10,1165.00,1184.00,1183.55,1166.10,519,3973,4697353.00,
532333,HB PORTFOLIO,X ,Q,36.20,38.50,36.05,37.90,37.90,37.50,16,554,20775.00,
532334,HB ESTATE DE,X ,Q,23.25,23.75,22.00,22.25,22.25,22.65,23,1247,28088.00,
532335,AMBICA AGAR.,B ,Q,24.85,25.70,24.40,25.00,25.10,24.55,64,4912,122215.00,
532339,COMPUCOM SOF,B ,Q,20.50,20.50,19.45,20.10,20.05,20.15,182,16337,329787.00,
532340,OMNI AX'S SO,XT,Q,2.91,2.91,2.78,2.89,2.89,2.78,22,5665,16313.00,
532341,IZMO        ,B ,Q,75.00,75.95,74.50,75.00,75.00,74.95,43,1179,88646.00,
532343,TVS MOTOR L ,A ,Q,1045.00,1084.90,1042.00,1082.50,1080.35,1044.15,6963,183765,197179117.00,
532344,SOFTSOL (I) ,XT,Q,160.00,162.00,160.00,161.50,162.00,162.60,16,724,116987.00,
532345,GATI LTD.   ,A ,Q,135.45,147.00,134.55,144.80,144.80,135.50,3833,188912,26385199.00,
532348,SUBEX LTX   ,A ,Q,33.70,33.70,32.95,33.10,33.10,33.50,4407,1243665,41344168.00,
532349,TRANSPORT CO,A ,Q,630.95,634.50,621.95,631.70,631.00,632.60,280,1785,1120354.00,
532350,PADMALAYA TE,Z ,Q,2.61,2.61,2.61,2.61,2.61,2.49,8,5516,14396.00,
532351,AKSH OPTIFIB,B ,Q,10.00,10.30,9.81,9.83,9.81,9.96,180,60329,599979.00,
532354,VIRGOGLOB   ,X ,Q,5.69,5.69,5.55,5.69,5.69,5.42,134,199934,1132211.00,
532355,PICTURHOUSE ,X ,Q,6.36,6.84,6.36,6.84,6.84,6.69,17,3523,22986.00,
532356,TRIVENI ENGG,A ,Q,290.45,290.45,284.10,286.25,286.45,290.15,1258,32948,9431199.00,
532357,MUKTA ARTS  ,B ,Q,52.75,52.90,51.60,52.65,52.65,52.85,43,1342,70287.00,
532362,NAGPUR POWER,X ,Q,82.60,83.85,79.20,81.75,81.70,82.55,31,4223,346145.00,
532365,DYNACONS SYS,B ,Q,356.30,358.75,345.00,352.05,352.05,348.95,452,4041,1426803.00,
532366,PNB GILTS   ,B ,Q,62.50,63.45,62.45,62.90,63.15,63.00,293,11800,744373.00,
532368,BCG         ,A ,Q,29.10,29.45,27.90,28.55,28.55,29.10,12063,4488315,129270004.00,
532369,RAMCO INDS. ,B ,Q,158.40,158.55,157.10,157.70,157.70,158.20,192,2342,369791.00,
532370,RAMCO  SYSTM,B ,Q,255.00,257.25,251.20,253.50,253.55,255.50,376,4707,1196409.00,
532371,TATA TELESER,A ,Q,89.80,91.65,89.40,91.65,91.65,87.30,1418,191775,17479756.00,
532372,VIRINCHI    ,X ,Q,38.40,39.45,37.90,38.00,38.00,37.95,911,490695,18786552.00,
532373,WEPSOLN     ,X ,Q,21.10,23.50,20.15,22.05,21.60,21.10,93,24960,531095.00,
532374,STER TECH   ,A ,Q,170.85,175.80,170.80,173.30,173.05,171.55,1582,89048,15418718.00,
532375,TIPSINDUSTR ,B ,Q,1889.90,1889.90,1836.00,1843.60,1843.60,1869.15,572,1777,3306402.00,
532376,MRO-TEK     ,B ,Q,59.20,62.05,59.20,62.05,62.05,59.50,16,581,35926.00,
532379,FIRSTFIN    ,X ,Q,4.81,5.49,4.81,5.48,5.48,5.06,16,6102,31993.00,
532380,BABA ARTS   ,X ,Q,17.10,17.10,16.40,17.05,17.05,16.50,54,2831,47705.00,
532382,BALAJI TELE.,B ,Q,45.50,45.50,44.60,45.00,45.00,44.50,171,26122,1174104.00,
532384,TYCHE INDS  ,X ,Q,130.00,132.80,129.35,130.15,130.90,129.95,59,4111,535967.00,
532386,CALIFORN.SOF,B ,Q,20.30,20.65,20.10,20.35,20.25,20.40,23,9722,197795.00,
532387,PRITISHN COM,B ,Q,38.85,39.25,38.50,39.15,39.25,39.70,27,555,21537.00,
532388,INDIAN OVER.,A ,Q,33.00,34.00,31.40,32.20,32.20,33.30,21063,20888766,686375747.00,
532390,TAJ GVK HOTL,B ,Q,199.95,200.55,194.30,198.25,198.10,196.25,602,14280,2824083.00,
532392,CREATIVE EYE,B ,Q,4.20,4.67,4.20,4.65,4.65,4.25,10,10600,49265.00,
532395,AXISCADES   ,B ,Q,297.40,306.55,293.10,295.60,296.00,298.25,486,4120,1238513.00,
532397,KONNDOR     ,X ,Q,7.43,7.43,6.74,7.42,7.42,7.09,4,52,371.00,
532398,UMESL       ,B ,Q,4.50,4.91,4.50,4.87,4.87,4.72,11,1795,8787.00,
532400,BSOFT       ,A ,Q,295.05,295.95,288.85,293.15,293.20,297.25,4035,133064,38975071.00,
532402,USGTECH     ,X ,Q,6.05,6.38,6.01,6.34,6.34,6.24,12,1271,7780.00,
532403,FOURTH GEN. ,XT,Q,4.16,4.36,4.16,4.35,4.35,4.16,7,533,2319.00,
532404,SAVEN TECHNO,X ,Q,41.05,42.45,41.05,42.30,42.30,41.80,94,2736,114865.00,
532406,AVANTEL LTD ,X ,Q,381.00,383.50,373.00,374.55,374.55,375.00,502,14713,5563658.00,
532407,MOSCHIP     ,X ,Q,63.30,65.15,62.10,62.60,62.60,63.30,533,101562,6459747.00,
532408,MEGASOFT LTD,B ,Q,35.00,35.00,31.65,33.05,32.95,33.45,116,16866,560962.00,
532410,TRANSCORP IN,X ,Q,30.45,34.25,30.45,33.60,33.30,32.80,56,12869,433090.00,
532411,VISESH INFO.,T ,Q,0.58,0.58,0.56,0.57,0.57,0.58,637,2191008,1237779.00,
532413,CEREBRA INTE,B ,Q,14.60,14.60,13.60,14.50,14.45,13.95,1834,3231710,46936728.00,
532416,MID-DAY MULT,T ,Q,6.57,6.90,6.31,6.83,6.83,6.59,14,2407,16037.00,
532419,SMARTLINK   ,B ,Q,133.50,142.15,133.50,140.70,140.70,138.70,43,828,116061.00,
532424,GODREJ CONS ,A ,Q,888.05,899.95,887.90,896.65,897.50,887.90,704,8097,7248564.00,
532425,GENUSPRIME  ,XT,Q,12.12,12.68,11.52,12.65,12.68,12.12,10,2239,27186.00,
532430,BF UTILI    ,B ,Q,376.50,386.35,371.75,380.10,380.10,376.25,1125,19198,7242251.00,
532432,UNITD SPR   ,A ,Q,880.15,883.05,875.35,877.95,877.00,880.15,782,11876,10444871.00,
532435,SANINFRA    ,X ,Q,79.40,79.40,76.05,76.90,76.90,78.10,495,46474,3596269.00,
532439,OLECTRA     ,A ,Q,518.95,519.25,495.00,499.15,502.40,513.50,1057,13553,6859174.00,
532440,MPS LTD     ,B ,Q,829.50,831.70,816.05,820.75,820.75,826.80,186,895,734550.00,
532443,CERA SANITAR,A ,Q,5239.30,5262.80,5185.15,5205.60,5185.15,5228.90,127,178,930894.00,
532444,T. SPIRITUAL,XT,Q,0.85,0.91,0.85,0.91,0.91,0.87,11,3170,2797.00,
532454,BHARTI ARTL ,A ,Q,813.00,814.15,801.60,803.45,803.45,814.75,1695,37158,29970718.00,
532455,SHALIMAR WIR,X ,Q,12.74,12.90,12.02,12.85,12.85,12.58,29,3360,43045.00,
532456,COMPUAGE INF,B ,Q,20.30,20.90,19.75,19.80,19.80,20.10,1519,354221,7123244.00,
532457,GULSHAN POLY,B ,Q,255.00,255.00,251.15,251.40,251.75,252.40,72,770,195093.00,
532459,FAZE3AUTO   ,X ,Q,92.95,92.95,82.05,87.40,88.40,91.30,64,3697,325595.00,
532460,PONNI SUG(ER,B ,Q,438.05,443.00,425.85,430.70,427.00,441.85,1562,23751,10252696.00,
532461,PUNJAB NATIO,A ,Q,54.00,55.85,53.40,54.85,54.85,54.20,13370,8349762,458664361.00,
532466,ORACLE FIN  ,A ,Q,2992.05,3011.75,2990.25,3003.15,3001.20,2998.30,393,1364,4094574.00,
532467,HAZ MUL PRO ,X ,Q,76.00,80.80,76.00,79.35,79.35,78.15,89,13369,1065315.00,
532468,KAMAHOLDING ,A ,Q,12740.00,12740.00,12521.00,12598.85,12707.00,12653.20,77,297,3762088.00,
532475,APTECH LTD  ,B ,Q,319.05,320.55,314.75,316.70,316.70,318.60,635,7369,2339764.00,
532477,UNION BANK L,A ,Q,82.75,83.40,77.90,79.60,79.60,82.70,11539,3789730,308839322.00,
532478,UNITED BREWA,A ,Q,1699.50,1707.20,1686.90,1701.10,1700.10,1703.20,276,1312,2229601.00,
532479,ISMT LTD    ,B ,Q,54.95,56.90,54.05,54.50,54.50,54.10,782,54113,2999522.00,
532481,NOIDA-TOLL B,B ,Q,7.83,8.00,7.80,7.90,8.00,7.92,24,2783,21934.00,
532482,GRANULES (I),A ,Q,328.65,330.85,326.85,328.30,327.90,328.60,561,15607,5131654.00,
532483,CANARA BANK ,A ,Q,307.60,319.45,305.35,316.30,316.30,307.00,5511,534578,168373553.00,
532485,BALMER LA.IN,B ,Q,370.50,372.85,368.05,370.25,372.15,369.50,388,10278,3810619.00,
532486,POKARNA LTD ,B ,Q,374.00,386.65,363.55,377.95,375.55,372.55,275,1897,717031.00,
532488,DIVI'S LAB. ,A ,Q,3484.95,3500.55,3437.20,3444.15,3444.15,3475.60,910,6052,20944677.00,
532493,ASTRA MICRO ,A ,Q,261.30,266.20,256.80,260.25,260.25,262.30,2094,44743,11668892.00,
532497,RADICOKHAIT ,A ,Q,997.45,997.80,981.90,984.40,984.65,997.80,767,6859,6776857.00,
532500,MARUTISUZUK ,A ,Q,8300.05,8450.00,8290.00,8427.70,8406.00,8300.75,6357,34891,293853050.00,
532503,RAJAPAMILLS ,X ,Q,748.40,748.40,708.50,709.35,709.35,733.55,529,9835,7096399.00,
532504,NAVIN FLUORI,A ,Q,4119.95,4120.15,4052.00,4086.50,4104.90,4096.35,1088,3802,15537291.00,
532505,UCOBANK     ,A ,Q,31.85,32.80,30.85,31.45,31.45,32.40,7165,5420810,174372616.00,
532507,BAG FIL MED ,B ,Q,5.14,5.14,4.78,4.83,4.83,4.99,101,82679,404578.00,
532508,JSL         ,A ,Q,219.75,221.00,217.00,219.05,219.05,219.65,1260,52321,11472551.00,
532509,SUPRAJIT ENG,A ,Q,335.00,335.35,329.00,329.85,329.75,333.85,785,14129,4691921.00,
532513,TVSELE      ,B ,Q,274.65,298.00,273.80,293.10,296.00,274.60,1288,16129,4717054.00,
532514,INDRA GAS   ,B ,Q,413.65,413.65,408.30,410.95,410.25,413.65,1045,19318,7927724.00,
532515,TV TODAY    ,B ,Q,228.00,235.75,228.00,235.75,235.75,235.35,55,552,129481.00,
532521,PALRED      ,B ,Q,159.95,175.20,159.95,170.30,166.50,159.30,347,4954,852654.00,
532522,PETRONET LNG,A ,Q,212.25,213.80,210.55,212.65,211.80,211.80,1049,28863,6128576.00,
532523,BIOCON LTD. ,A ,Q,264.05,267.05,263.00,263.65,263.65,265.50,2265,74356,19689136.00,
532524,PTC INDIA   ,B ,Q,78.40,79.50,78.30,78.65,78.65,77.85,604,36347,2867665.00,
532525,BANK MAHA   ,A ,Q,31.30,31.65,29.55,30.05,30.05,31.15,7209,3321077,102209545.00,
532527,RK FORGINGS ,A ,Q,257.80,265.05,255.60,263.75,263.00,257.75,1465,47390,12396559.00,
532528,DATAM GLOB  ,B ,Q,283.90,285.55,277.45,278.15,279.40,287.25,485,5217,1470378.00,
532529,NDTV        ,B ,Q,337.65,351.05,329.75,331.00,331.95,338.65,3049,121742,41528027.00,
532531,STAR        ,A ,Q,349.00,357.95,349.00,353.90,351.80,349.10,855,12347,4376632.00,
532532,JAIPRA      ,A ,Q,10.03,10.30,9.88,9.98,9.98,10.01,4389,3276662,32819373.00,
532538,ULTRATECH CM,A ,Q,7075.05,7152.00,7030.00,7047.25,7044.80,7106.45,1727,21593,152482633.00,
532539,UNOMINDA    ,A ,Q,525.50,535.70,523.70,526.75,528.20,524.15,1969,20931,11065551.00,
532540,TCS LTD.    ,A ,Q,3245.00,3266.95,3226.80,3256.30,3256.30,3259.05,4161,41409,134785939.00,
532541,COFORGE     ,A ,Q,3835.00,3928.00,3819.20,3917.75,3919.00,3873.00,693,3462,13400549.00,
532543,GULFPETRO   ,B ,Q,42.80,44.50,41.55,42.20,42.35,41.85,191,11100,467467.00,
532548,CENTURYPLY  ,A ,Q,508.05,523.85,508.05,521.35,523.85,513.40,492,5530,2863432.00,
532553,WELENT      ,B ,Q,169.00,169.00,163.55,164.60,164.00,161.00,1649,110898,18401740.00,
532555,NTPC LTD    ,A ,Q,164.55,167.60,164.55,165.70,165.70,165.05,4714,2504811,414946787.00,
532604,SALSTEEL    ,B ,Q,14.50,14.94,13.80,14.94,14.94,14.23,215,98060,1439736.00,
532605,JBM AUTO    ,A ,Q,518.50,535.00,508.00,521.60,519.35,517.35,3482,61049,32006725.00,
532610,DWAR SUGAR  ,A ,Q,103.00,103.15,100.20,100.85,100.85,103.00,2446,176176,17881705.00,
532612,INDOCO REM  ,A ,Q,395.75,398.30,393.50,395.30,394.80,394.20,134,762,301264.00,
532613,VIPCLOTHNG  ,B ,Q,49.00,49.60,46.90,47.80,47.00,48.75,1354,135541,6600871.00,
532616,XCHANGING   ,B ,Q,66.50,66.95,65.45,66.10,66.20,66.65,380,9430,624940.00,
532617,JETAIRWAYS  ,Z ,Q,74.15,74.15,71.00,71.70,71.70,71.60,129,8037,579180.00,
532621,MORARJETEX  ,B ,Q,23.90,23.90,22.20,22.25,22.20,23.50,79,13130,299733.00,
532624,JINDALPH    ,B ,Q,376.10,384.00,346.15,354.30,354.30,348.00,2594,38174,14096676.00,
532626,PONDY OXIDES,X ,Q,366.10,375.00,366.10,373.30,372.40,373.25,509,7642,2840156.00,
532627,JPPOWER     ,A ,Q,7.35,7.52,7.25,7.33,7.33,7.37,5948,10930602,80773987.00,
532628,3I INFOTECH ,B ,Q,40.45,41.50,40.10,40.40,40.40,40.40,1368,93698,3821182.00,
532629,MCNALLYB    ,T ,Q,3.67,3.72,3.45,3.62,3.65,3.55,63,56653,205182.00,
532630,GOKALDAS    ,A ,Q,364.25,370.00,358.05,367.10,367.30,359.45,775,8619,3152499.00,
532633,ALLSEC TECH ,B ,Q,530.00,530.05,516.95,529.70,529.70,532.85,65,751,392655.00,
532636,IIFL        ,A ,Q,475.75,475.75,466.00,470.85,470.85,472.05,1317,29383,13849360.00,
532637,MAN DRUGORG ,B ,Q,133.75,135.45,131.15,132.25,131.15,135.00,168,4330,574985.00,
532638,SHOPPER STOP,A ,Q,689.95,705.00,684.25,701.35,703.00,695.65,449,2558,1780842.00,
532640,CYBER MEDIA ,B ,Q,17.50,17.50,16.30,17.00,17.00,17.15,56,2935,48949.00,
532641,NDL         ,B ,Q,26.10,26.10,25.00,25.55,25.60,24.95,120,15385,393221.00,
532642,JSWHL       ,B ,Q,4235.65,4320.85,4235.65,4301.00,4319.00,4252.30,19,30,128431.00,
532644,JK CEMENT   ,A ,Q,3015.10,3030.40,2993.75,3011.10,3012.00,3021.35,239,1146,3449223.00,
532645,BEEYU OVERSE,X ,Q,2.06,2.27,2.06,2.09,2.09,2.04,50,23991,51576.00,
532648,YES BANK    ,A ,Q,20.20,20.70,19.65,20.15,20.15,20.15,27355,37804876,763857802.00,
532649,NECTAR LIFE ,B ,Q,24.35,25.60,24.10,24.65,24.65,24.00,535,101586,2546102.00,
532650,MSP STEEL   ,B ,Q,9.65,9.89,9.50,9.57,9.64,9.64,110,44884,433020.00,
532651,SPL INDS    ,B ,Q,76.80,79.70,74.45,75.10,75.45,75.25,574,41106,3156365.00,
532652,KARNATAKA BK,A ,Q,149.45,152.40,145.25,150.85,150.85,147.65,5452,373498,55923404.00,
532654,MCLEOD RUSSE,B ,Q,28.95,30.35,28.50,30.35,30.35,28.95,759,507316,15333564.00,
532656,FACOR ALLOYS,X ,Q,8.30,8.33,8.11,8.17,8.19,8.11,1002,478484,3926209.00,
532659,IDFC        ,A ,Q,78.25,78.75,76.85,78.55,78.30,78.20,2079,344370,26802436.00,
532660,VIVIMED LABS,Z ,Q,10.94,11.65,10.57,11.14,11.01,11.10,151,46692,506264.00,
532661,RANE MADRAS ,B ,Q,377.70,441.80,377.70,425.90,425.90,369.20,3101,40276,17169286.00,
532662,HT MEDIA    ,B ,Q,21.25,21.65,21.15,21.50,21.50,21.25,81,14296,306691.00,
532663,SASKEN      ,B ,Q,900.05,911.05,894.10,895.75,894.10,900.15,185,493,445335.00,
532666,FCS SOFTWARE,B ,Q,2.77,2.86,2.72,2.77,2.78,2.77,1081,1387318,3870215.00,
532667,SUZLONENERGY,A ,Q,10.20,10.32,9.92,10.07,10.07,10.21,13750,33414763,338607315.00,
532668,AURIONPRO SO,B ,Q,332.85,336.85,331.05,333.15,333.20,333.75,438,4101,1365911.00,
532670,RENUKA SUGAR,A ,Q,57.50,58.15,56.45,57.20,57.20,57.75,5659,1253058,71489989.00,
532673,KM SUGARMILL,B ,Q,31.70,31.70,29.50,30.35,30.35,30.70,1587,181676,5473889.00,
532674,BANNARI AMMA,B ,Q,48.00,52.95,48.00,52.10,52.10,52.65,48,1153,60201.00,
532676,PBA INFRASTR,B ,Q,11.49,11.50,10.53,11.35,11.00,10.84,53,6412,72113.00,
532683,AIAENGINEER ,A ,Q,2597.40,2626.75,2540.15,2578.10,2567.00,2599.90,556,1851,4763597.00,
532684,EVEREST KANT,A ,Q,101.45,104.95,100.65,102.25,102.10,99.50,2775,130794,13449671.00,
532686,KERNEX MICRO,T ,Q,298.00,298.00,288.00,288.75,290.00,296.75,23,331,96182.00,
532687,REPRO INDIA ,B ,Q,373.25,377.65,360.25,369.45,377.55,370.35,86,1714,632732.00,
532689,PVR LTD     ,A ,Q,1724.95,1731.55,1710.00,1716.15,1716.15,1727.25,601,4313,7421949.00,
532692,RADHA MADHAV,Z ,Q,1.90,1.94,1.80,1.80,1.80,1.86,17,14818,27374.00,
532695,CELEBRITYFAS,B ,Q,19.35,19.35,18.05,18.35,18.05,18.50,86,2648,48577.00,
532696,EDUCOMP SOLN,Z ,Q,2.45,2.45,2.32,2.37,2.37,2.43,29,23105,54906.00,
532698,NITINSPINNER,B ,Q,208.90,208.90,201.65,204.05,205.45,203.65,589,7873,1607975.00,
532699,ROYALORCH   ,B ,Q,248.00,256.85,244.35,254.30,251.05,253.80,1085,15044,3797446.00,
532700,ENT NETWORK ,B ,Q,154.85,154.85,154.85,154.85,154.85,155.45,1,1,154.00,
532701,CELLA       ,Z ,Q,10.80,11.00,10.45,10.47,10.47,10.99,15,1623,17075.00,
532702,GUJ PETRONET,A ,Q,262.85,262.85,255.30,256.10,256.10,261.00,1673,33557,8652246.00,
532705,JAGRAN PRAK ,B ,Q,71.00,72.50,70.85,72.25,72.50,70.95,410,22003,1576015.00,
532706,INOX LEISURE,A ,Q,499.35,499.35,492.50,493.35,494.65,495.40,700,6872,3401798.00,
532707,DYNEMIC PRO ,B ,Q,297.45,303.95,296.10,298.95,298.05,300.00,177,41400,12458808.00,
532708,GVK POWERINF,B ,Q,3.08,3.08,2.95,2.97,2.97,3.04,467,1202514,3612432.00,
532710,SADBHAV ENGG,T ,Q,15.89,16.04,15.25,16.04,16.04,15.28,347,101693,1622894.00,
532713,SAKUMA EXPO ,B ,Q,17.65,17.75,16.70,17.10,16.95,16.95,355,111307,1914956.00,
532714,KEC INTERN  ,A ,Q,482.50,482.50,471.50,475.65,471.50,482.50,1161,14187,6773749.00,
532716,GILLA ARBUT ,B ,Q,76.55,76.65,72.00,72.10,72.00,73.90,98,3244,243035.00,
532717,INDOTECHTR  ,B ,Q,180.15,184.95,180.15,184.85,182.00,184.35,94,450,82249.00,
532719,BL KASHYAP  ,B ,Q,31.15,33.00,31.10,32.10,32.30,32.00,260,20740,661463.00,
532720,M&M FINANSER,A ,Q,227.60,234.30,227.60,232.35,231.00,229.00,772,36775,8511990.00,
532721,VISA STEEL  ,T ,Q,15.55,15.55,15.50,15.50,15.50,15.00,8,770,11940.00,
532722,NITCO TILES ,B ,Q,25.30,25.50,24.35,24.65,24.60,25.15,131,7135,177036.00,
532723,MPDL        ,X ,Q,19.00,21.65,19.00,21.65,21.65,18.05,43,10150,219110.00,
532725,SOLAR IND   ,A ,Q,4120.00,4193.95,4098.35,4149.55,4153.60,4104.45,399,1053,4365897.00,
532726,GALLANTT    ,B ,Q,62.45,62.95,61.80,62.30,62.30,63.20,117,4581,284454.00,
532728,MALU PAPER  ,B ,Q,38.00,40.20,37.60,39.65,39.65,37.80,266,19620,769362.00,
532729,UTTAM SUGAR ,B ,Q,280.90,280.90,271.50,273.45,273.20,279.75,813,12650,3482625.00,
532730,STL GLOBAL  ,B ,Q,18.20,18.70,17.70,18.00,18.00,18.40,76,7572,139037.00,
532732,KEWAL KIRAN ,B ,Q,513.05,529.90,507.55,526.30,522.65,519.70,748,9045,4696946.00,
532733,SUN TVNET   ,A ,Q,488.35,489.00,483.75,484.80,484.80,488.65,1356,32212,15652167.00,
532734,GODAWARI POW,A ,Q,363.00,367.45,353.20,357.30,357.30,363.15,1362,30069,10872552.00,
532735,RSYSTEMINT  ,B ,Q,252.00,260.00,252.00,255.95,260.00,259.45,53,396,101461.00,
532737,EMKAY GLOB F,B ,Q,75.40,76.05,74.85,75.70,75.70,75.40,10,555,41947.00,
532738,TANTIA CONS ,Z ,Q,11.65,11.65,10.64,10.85,10.85,11.20,52,18717,200012.00,
532740,LOKESH MACH ,B ,Q,97.70,102.40,97.00,101.50,102.40,97.85,138,9574,966917.00,
532741,KAMDHENU    ,B ,Q,330.95,334.20,322.00,334.20,334.20,318.30,593,23219,7691431.00,
532742,PAUSHAKLTD  ,A ,Q,8249.85,8259.90,8101.05,8194.00,8204.95,8123.50,162,474,3872659.00,
532744,GTN TEXTILE ,X ,Q,13.32,13.89,13.25,13.64,13.25,13.39,10,2284,31206.00,
532745,INDICAP     ,X ,Q,34.30,34.95,33.30,34.85,34.85,33.85,29,9681,336066.00,
532748,PRIME FOCUS ,B ,Q,75.15,77.50,75.15,77.00,77.20,76.50,45,1135,87779.00,
532749,ALLCARGO    ,A ,Q,404.90,414.70,395.00,410.85,408.20,402.60,1976,44085,17962053.00,
532754,GMRINFRA    ,A ,Q,39.35,39.45,38.75,38.95,39.00,39.15,1850,368712,14391745.00,
532755,TECH MAH    ,A ,Q,1008.00,1019.15,1002.40,1016.10,1016.10,1010.10,3129,52333,53020049.00,
532756,MAHINDCIE   ,A ,Q,329.85,342.65,327.05,337.90,337.60,325.20,2531,67029,22655356.00,
532757,VOLTAMP TRAN,B ,Q,2649.00,2725.00,2630.00,2705.10,2705.10,2597.40,268,838,2247617.00,
532759,ATLANTA     ,T ,Q,15.40,15.85,15.40,15.70,15.70,15.70,63,9161,143896.00,
532760,DEEPENR     ,B ,Q,130.85,133.85,125.60,132.85,133.00,127.70,210,9017,1172240.00,
532761,HOV SERVICES,B ,Q,49.40,49.40,47.85,48.50,48.50,49.35,48,2302,111473.00,
532762,ACTION CONST,A ,Q,291.05,297.85,289.05,290.65,290.65,292.40,2394,91273,26776323.00,
532764,GEECEE      ,B ,Q,145.10,149.25,145.10,146.75,146.95,146.30,33,290,42788.00,
532766,RICHA IND   ,Z ,Q,2.10,2.20,2.03,2.12,2.13,2.13,39,18022,37682.00,
532767,GAYATRI PROJ,T ,Q,8.95,8.95,8.41,8.41,8.41,8.85,395,172958,1478170.00,
532768,FIEM INDS   ,B ,Q,1711.05,1769.05,1711.05,1730.15,1731.60,1721.00,599,3505,6075721.00,
532771,JHS SVEN    ,B ,Q,22.35,23.60,22.10,22.55,22.45,22.00,324,32100,738463.00,
532772,DCBBANK     ,A ,Q,127.00,128.80,123.85,127.85,126.10,124.65,1342,88096,11166291.00,
532773,GLOBAL VECT ,B ,Q,55.00,55.20,54.65,54.95,55.00,54.80,21,404,22278.00,
532774,INSPIRISYS  ,B ,Q,59.00,59.00,55.50,56.45,56.45,59.00,74,801,45696.00,
532775,GTL INFRAST ,A ,Q,1.22,1.23,1.19,1.20,1.20,1.23,9075,13170089,15937585.00,
532776,SHIVAM AUTO ,B ,Q,29.20,30.05,27.65,28.75,29.10,29.20,378,37677,1090425.00,
532777,INFO EDGE   ,A ,Q,3934.95,3980.00,3906.00,3935.30,3935.30,3934.05,1771,8465,33386017.00,
532779,TORNT POWER ,A ,Q,499.70,499.70,491.30,495.60,495.40,492.85,384,3802,1882697.00,
532780,PARSVNATH   ,B ,Q,9.36,9.67,9.21,9.38,9.45,9.54,117,37479,354753.00,
532782,SUTLEJ TEXT ,B ,Q,59.50,61.25,59.40,60.60,60.75,59.35,135,4089,247260.00,
532783,DAAWAT      ,A ,Q,113.90,117.30,113.00,114.95,114.95,114.40,1940,146089,16808482.00,
532784,SOBHA       ,A ,Q,559.60,560.60,548.85,549.80,549.80,558.60,1031,8785,4846043.00,
532785,RUCHIRA PAP ,B ,Q,123.00,128.25,122.40,125.40,125.40,122.30,881,16175,2034310.00,
532790,TANLA       ,A ,Q,703.50,717.10,692.75,708.75,708.75,697.25,2462,34147,24113043.00,
532794,ZEEMEDIA    ,B ,Q,15.00,15.39,14.76,15.10,15.18,14.99,568,165627,2490161.00,
532795,SITINET     ,B ,Q,1.73,1.81,1.65,1.66,1.66,1.73,1048,5086963,8810772.00,
532796,LUMAX TECH  ,B ,Q,232.85,236.80,231.35,235.10,234.75,236.20,645,7056,1651996.00,
532797,AUTOIND     ,B ,Q,74.55,78.00,73.90,76.60,76.65,74.95,235,7660,584480.00,
532798,NTWK MED INV,A ,Q,65.90,67.65,64.60,67.05,67.05,65.90,1603,117152,7760458.00,
532799,HUBTOWN     ,B ,Q,46.00,46.70,44.65,45.45,44.65,46.15,163,7419,341935.00,
532800,TV18BRDCST  ,A ,Q,36.65,38.15,36.35,37.90,37.90,36.85,2036,472343,17734746.00,
532801,CAMBRIDGE   ,B ,Q,55.70,59.20,55.35,57.60,57.80,55.70,169,4438,256418.00,
532804,TECHNOCRAFT ,B ,Q,909.90,928.75,901.00,916.70,916.70,902.55,159,924,847059.00,
532805,REDINGTON   ,A ,Q,178.55,182.70,175.25,180.15,180.50,180.90,3460,213977,38447904.00,
532806,AI CHAMPDNY ,XT,Q,23.90,26.25,23.90,25.95,25.95,25.15,6,71,1741.00,
532807,CINELINE    ,B ,Q,106.85,109.25,105.90,106.25,106.00,106.35,68,647,69280.00,
532808,PGIL        ,B ,Q,402.25,414.00,402.05,402.45,402.25,403.60,151,1520,620368.00,
532809,FSL         ,A ,Q,101.90,101.90,100.80,101.10,101.10,102.10,1456,80295,8133080.00,
532810,POWER FINAN ,A ,Q,137.75,139.00,136.15,137.65,137.65,136.45,1258,108125,14887158.00,
532811,AHLUWALIA CO,B ,Q,480.20,480.20,461.95,469.45,469.45,471.55,257,1914,898537.00,
532812,TRANSWARRANT,B ,Q,9.95,10.05,9.95,10.05,10.05,10.37,6,411,4090.00,
532814,INDIAN BANK ,A ,Q,289.90,295.95,272.20,279.50,279.50,288.35,3207,193585,55431418.00,
532815,SMS PHARMACE,B ,Q,87.90,87.90,83.25,83.95,83.55,83.90,111,2821,236517.00,
532817,ORIENTAL    ,B ,Q,8.30,8.45,8.21,8.33,8.21,8.23,30,6776,56664.00,
532820,ELAND       ,X ,Q,6.53,6.53,6.31,6.32,6.50,6.57,15,2517,15917.00,
532822,IDEA        ,A ,Q,7.89,8.09,7.87,7.96,7.96,7.91,22486,60198869,481592308.00,
532826,RAJ TELE    ,B ,Q,55.00,55.00,51.90,52.60,52.35,55.65,133,6001,320026.00,
532827,PAGE INDUSTR,A ,Q,43799.95,44677.10,43352.00,44599.25,44506.25,43638.70,330,484,21501110.00,
532828,AMD INDUS   ,B ,Q,56.30,58.50,55.25,58.40,58.50,55.75,298,34434,1989695.00,
532829,LEHAR       ,X ,Q,89.45,89.90,86.80,87.75,87.70,88.40,48,1775,157437.00,
532830,ASTRAL      ,A ,Q,1984.50,1986.90,1950.00,1975.10,1974.15,1972.25,998,6427,12669317.00,
532832,INDBUL REAL ,A ,Q,80.00,81.85,79.65,80.60,80.00,80.10,2834,398689,32166975.00,
532834,CAMLINFINE  ,B ,Q,149.15,152.35,148.15,150.00,150.00,149.15,1613,38053,5715759.00,
532835,ICRA        ,B ,Q,4495.80,4550.95,4417.85,4525.50,4530.00,4449.65,56,101,453667.00,
532839,DISH TV     ,A ,Q,18.45,18.60,17.65,18.20,18.20,18.30,905,344294,6272709.00,
532841,SAHYA INDU  ,X ,Q,343.10,354.50,343.10,349.45,349.45,347.10,97,4896,1716695.00,
532842,SREE RAYALA ,B ,Q,489.70,525.55,489.70,516.00,516.00,515.20,337,3839,1991870.00,
532843,FORTIS      ,A ,Q,278.00,284.80,278.00,280.85,281.00,281.45,804,17894,5045974.00,
532845,TGBHOTELS   ,B ,Q,13.28,13.28,12.61,13.04,13.04,12.65,30,6373,83202.00,
532847,HILTON MET  ,B ,Q,63.85,65.05,63.65,63.85,63.85,63.80,187,10226,656359.00,
532848,DELTA CORP  ,A ,Q,207.55,209.70,205.50,208.75,208.75,207.50,2824,158050,32876129.00,
532851,INSECTCID   ,B ,Q,730.05,747.65,730.05,739.20,738.90,737.40,40,222,164370.00,
532853,ASAHI SONG  ,B ,Q,244.05,257.65,244.00,255.10,257.15,245.15,184,1000,254303.00,
532855,HARYA CAPFIN,X ,Q,63.95,63.95,60.00,60.00,60.00,62.70,5,53,3194.00,
532856,TIME TECHNO ,A ,Q,89.15,92.15,87.30,91.55,92.00,88.65,1825,122997,11075414.00,
532859,HGSL        ,A ,Q,1334.95,1348.00,1328.80,1334.85,1332.75,1339.20,609,3294,4408826.00,
532864,NELCAST     ,B ,Q,103.10,103.10,96.00,96.80,96.80,100.50,2275,118500,11666875.00,
532867,V2RETAIL    ,B ,Q,90.80,93.30,90.80,91.55,91.65,90.80,79,1998,184618.00,
532868,DLF LIMITED ,A ,Q,371.45,377.00,368.95,372.20,371.00,371.80,3216,104382,38958050.00,
532869,TARMAT      ,B ,Q,53.85,56.90,53.75,53.75,54.20,54.15,59,1279,70617.00,
532870,ANKIT METAL ,B ,Q,5.71,6.04,5.71,5.99,5.97,6.00,67,14698,87588.00,
532872,SUNPHA ADV  ,A ,Q,213.00,213.10,209.00,210.00,210.60,213.05,362,8000,1688275.00,
532873,HOUSING DEV ,Z ,Q,4.70,4.95,4.70,4.77,4.85,4.78,304,169278,817542.00,
532875,ALLIED DIGIT,B ,Q,92.80,93.55,91.10,92.00,92.05,91.15,313,6706,619462.00,
532878,ALPA LAB    ,B ,Q,62.90,64.40,62.90,63.35,63.65,62.25,127,4842,309430.00,
532879,SIR SHADI LA,X ,Q,155.70,156.15,150.70,154.65,156.15,148.75,50,1439,222198.00,
532880,OMAXE LTD   ,B ,Q,73.75,75.65,73.35,73.40,73.35,74.50,74,6518,483749.00,
532884,REFEX       ,B ,Q,261.60,269.10,251.45,269.10,265.00,256.30,1785,35987,9511913.00,
532885,CENTRAL BK  ,A ,Q,32.70,33.95,31.00,31.40,31.40,32.35,13892,5499847,181092567.00,
532888,ASIAN GRANIT,B ,Q,49.00,50.20,48.80,49.70,49.90,49.00,1333,83667,4154657.00,
532889,K.P.R. MILL ,A ,Q,495.50,509.70,491.10,502.95,502.95,491.70,589,6572,3304886.00,
532890,TAKE SOLUT  ,B ,Q,24.35,24.35,23.70,23.95,23.90,23.70,268,24870,594097.00,
532891,PURAVANKARA ,B ,Q,88.50,90.90,86.80,87.10,86.90,88.75,917,27403,2420358.00,
532892,MOTILALOFS  ,A ,Q,697.00,705.10,691.60,692.90,692.25,695.40,350,3140,2189460.00,
532893,VTM LTD     ,X ,Q,49.20,51.00,48.05,49.00,49.50,48.95,139,23062,1153374.00,
532894,IWIND ENERGY,T ,Q,15.26,15.26,14.90,15.26,15.26,14.54,180,87581,1336140.00,
532895,NAGREKA CAP ,B ,Q,16.85,17.35,16.25,17.35,17.35,16.55,29,6656,114341.00,
532896,MAGNUM VENT ,B ,Q,18.75,20.25,18.75,19.35,19.30,19.60,166,19178,375582.00,
532898,POWER GRID  ,A ,Q,211.55,218.35,211.55,215.65,215.50,212.55,4187,555042,119535774.00,
532899,KAVERI SEED ,A ,Q,529.65,529.65,504.60,517.20,517.80,513.05,490,3361,1722981.00,
532900,PAISALO     ,B ,Q,75.75,79.35,75.40,77.60,77.75,76.25,362,25946,2023206.00,
532904,SUPREME INFR,B ,Q,21.25,22.45,21.25,22.45,22.45,21.50,29,968,21088.00,
532906,MAANALU     ,B ,Q,163.30,164.25,161.05,162.50,164.20,161.60,129,1995,325629.00,
532907,ILFSENGG    ,Z ,Q,14.00,15.00,14.00,14.26,14.78,14.59,17,2762,39468.00,
532911,PARLEIND    ,X ,Q,7.92,7.92,7.85,7.88,7.90,7.85,348,24712,194619.00,
532915,RELIGARE ENT,A ,Q,173.95,173.95,166.90,172.15,172.40,169.95,1244,32530,5519709.00,
532916,BARAK VALL  ,B ,Q,24.65,24.90,24.15,24.60,24.85,23.95,12,140,3444.00,
532918,RATHI BARS  ,X ,Q,25.40,26.00,25.05,25.65,25.95,25.85,58,8171,207470.00,
532921,ADANI PORTS ,A ,Q,816.70,817.15,808.55,810.30,810.30,817.00,3017,92006,74774558.00,
532922,EDELWEISS   ,A ,Q,62.05,65.20,62.05,62.60,62.60,62.60,3122,283749,18119730.00,
532923,RGL         ,B ,Q,97.50,100.00,93.50,98.10,98.50,94.95,469,16646,1598139.00,
532924,KOLTEPATIL  ,A ,Q,266.95,266.95,259.00,261.85,261.05,260.50,405,3827,997526.00,
532925,KAUSHAL INFR,B ,Q,5.09,5.12,4.80,4.91,4.91,4.90,31,15837,77953.00,
532926,JYOTHYLAB   ,A ,Q,208.90,208.90,201.80,202.55,203.10,206.30,644,13780,2808554.00,
532927,ECLERX      ,A ,Q,1309.15,1309.30,1294.00,1295.75,1299.20,1313.15,299,1454,1890240.00,
532928,TRIL        ,B ,Q,56.60,57.00,54.60,55.15,55.15,55.85,1160,97081,5431106.00,
532929,BRIGADE     ,A ,Q,469.80,477.30,468.35,470.05,469.35,471.30,280,1804,851446.00,
532930,BGR ENERGY  ,B ,Q,62.35,63.00,60.50,60.75,60.75,62.00,900,39211,2425906.00,
532931,BURNPUR     ,B ,Q,6.29,6.29,5.47,5.50,5.50,5.48,84,31129,174100.00,
532932,MANAKSIA LTD,B ,Q,76.40,76.40,72.70,74.80,74.45,74.90,130,7895,590883.00,
532933,PORWAL AUTO ,X ,Q,26.30,27.20,25.35,25.75,25.60,26.35,57,8846,227449.00,
532934,PPAP        ,T ,Q,239.80,239.80,239.30,239.30,239.30,228.70,2,12,2872.00,
532935,ARIES AGRO  ,B ,Q,169.20,206.70,169.20,206.70,206.70,172.25,5816,219218,43788051.00,
532937,KUANTUM     ,B ,Q,154.50,154.50,144.65,149.10,149.10,146.45,425,11795,1734502.00,
532939,RPOWER      ,A ,Q,14.80,15.20,14.55,14.60,14.60,14.80,3897,2381200,35444994.00,
532940,J KUMAR INFR,B ,Q,266.10,272.35,265.50,268.30,268.30,269.90,395,4538,1224607.00,
532941,CORDS CABLE ,B ,Q,62.35,63.30,61.55,62.20,62.20,62.90,91,1948,121224.00,
532942,KNR CONST   ,A ,Q,249.90,253.45,241.55,251.60,251.60,243.30,1175,24545,6077153.00,
532944,ONMOBILE    ,A ,Q,90.55,93.25,89.80,92.45,91.95,91.00,1025,47643,4369044.00,
532945,SEPC        ,B ,Q,10.80,10.80,10.30,10.39,10.39,10.55,406,115133,1207630.00,
532946,BANG        ,B ,Q,45.25,48.15,45.25,47.40,47.00,45.80,178,3790,179186.00,
532947,IRB INFRA   ,A ,Q,294.20,296.60,288.30,290.65,290.65,295.75,3904,227441,66560142.00,
532951,GSS INFOTECH,B ,Q,276.00,276.95,265.70,267.00,267.50,272.60,292,4553,1223619.00,
532952,NAHAR CAP   ,B ,Q,321.05,321.55,310.30,320.90,319.05,318.50,198,413,131696.00,
532953,V GUARD IND ,A ,Q,260.40,267.35,260.25,265.35,265.45,261.20,878,15264,4043467.00,
532955,RECLTD      ,A ,Q,113.40,114.90,112.90,113.35,113.35,113.40,5158,399183,45422352.00,
532957,GOKAK TEXTI ,X ,Q,28.85,28.85,26.50,27.00,27.00,27.50,6,1019,27741.00,
532959,AJRINFRA    ,B ,Q,1.38,1.39,1.35,1.38,1.38,1.35,192,192466,264875.00,
532960,DHANI       ,A ,Q,42.90,43.30,40.60,42.10,42.10,41.95,4228,585089,24334364.00,
532966,TITAGARH WAG,B ,Q,208.85,212.55,201.75,212.55,212.55,202.45,2725,90075,18904498.00,
532967,KIRI DYES   ,A ,Q,470.55,481.00,469.05,474.55,475.10,471.30,522,5691,2709149.00,
532974,ABML        ,B ,Q,59.10,61.15,59.10,59.60,59.60,59.25,155,9132,551431.00,
532976,JAIBALA IND ,B ,Q,58.50,59.05,55.80,56.25,56.20,59.00,690,34072,1943493.00,
532977,BAJAJ AUTO  ,A ,Q,3624.90,3624.90,3553.70,3579.00,3569.85,3589.35,760,2476,8854722.00,
532978,BAJAJ FINSE ,A ,Q,1535.00,1535.00,1513.75,1524.45,1524.45,1537.70,2262,29886,45563831.00,
532980,GOKUL REFOIL,B ,Q,37.10,41.25,37.05,39.80,39.80,37.45,1349,135845,5395180.00,
532983,RPG LIFESCI ,B ,Q,881.35,881.35,850.20,854.05,851.90,856.00,310,1877,1610669.00,
532985,KOTAK SENSEX,A ,Q,64.98,64.98,63.10,64.89,64.89,64.37,52,4597,296433.00,
532986,NIRAJ CEMENT,B ,Q,29.95,31.50,29.45,30.70,30.95,29.45,54,1286,39530.00,
532987,RANE BRAKE  ,B ,Q,701.95,793.00,701.95,743.75,731.00,704.20,1103,6555,5045532.00,
532988,RANE ENGVL  ,B ,Q,213.00,252.60,213.00,252.60,252.60,210.50,471,14067,3474572.00,
532989,BAFNA PHARMA,T ,Q,98.65,103.75,98.65,103.75,103.75,103.80,3,61,6068.00,
532992,CHL LTD     ,X ,Q,16.00,16.00,16.00,16.00,16.00,16.05,2,200,3200.00,
532993,SEJAL       ,T ,Q,248.00,248.00,246.00,247.75,247.95,254.90,10,168,41622.00,
532994,ARCHIDPLY IN,B ,Q,69.25,70.55,68.10,68.80,69.40,69.60,173,16746,1174303.00,
532998,LEHIL       ,T ,Q,77.75,77.75,75.70,77.50,77.50,76.75,16,998,77100.00,
533001,SOMI CONVEY ,B ,Q,41.40,42.90,41.35,42.00,42.00,41.60,27,851,35803.00,
533007,LGB FORGE   ,B ,Q,10.65,10.81,10.31,10.81,10.81,10.30,68,21093,225094.00,
533012,LANDMRK PRO ,B ,Q,7.33,7.48,7.15,7.27,7.23,7.33,50,16092,118357.00,
533014,SICAGEN IND ,X ,Q,31.30,32.55,30.90,31.55,31.30,31.60,38,6525,205785.00,
533018,SIMPLEX MIL ,X ,Q,24.65,24.70,23.60,23.60,23.60,24.70,6,1152,27242.00,
533019,SIMPLEX PAP ,X ,Q,25.95,26.00,24.00,25.80,26.00,23.90,90,10400,263203.00,
533022,20 MICRONS  ,B ,Q,86.65,90.90,86.65,89.35,89.40,88.30,470,14612,1306304.00,
533023,ZFCVINDIA   ,A ,Q,8918.70,8928.15,8800.65,8835.95,8845.85,8884.90,96,134,1187520.00,
533029,ALKALI      ,B ,Q,124.00,130.60,122.40,126.50,126.40,124.25,437,9213,1163540.00,
533033,ISGEC       ,A ,Q,469.50,475.30,463.20,464.75,465.00,468.00,241,2438,1143565.00,
533047,INDIAN MET  ,B ,Q,254.00,262.00,254.00,256.20,255.00,254.75,702,4180,1077464.00,
533056,VEDAVAAG    ,X ,Q,50.50,51.90,49.60,51.35,51.15,51.05,93,8827,450677.00,
533080,MOLDTKPACK  ,A ,Q,939.95,972.85,934.00,960.05,957.60,939.50,507,2396,2294031.00,
533088,MAH HOLIDAY ,A ,Q,261.00,264.50,252.60,263.35,263.35,257.25,850,15576,4041786.00,
533090,EXCEL       ,T ,Q,0.53,0.53,0.53,0.53,0.53,0.51,12,98427,52166.00,
533093,RAJ OIL     ,T ,Q,57.50,58.55,57.50,57.55,57.95,58.45,30,2665,153351.00,
533095,BENGLA& ASM ,A ,Q,4390.00,4433.90,4380.00,4385.10,4381.00,4365.20,65,5871,25843618.00,
533096,ADANI POWER ,T ,Q,292.00,303.55,291.00,303.55,303.55,289.10,9669,444699,133508263.00,
533098,NHPC        ,A ,Q,38.90,40.00,38.90,39.65,39.65,39.15,3954,3126030,124070444.00,
533101,SURYAMBA SP ,X ,Q,201.25,201.25,191.50,193.10,192.20,196.55,18,278,54030.00,
533104,GLOBUS SPR  ,A ,Q,805.05,836.95,805.05,829.90,826.25,813.70,424,3517,2903294.00,
533106,OIL INDIA   ,A ,Q,212.70,212.70,208.45,209.75,209.40,209.75,1128,37584,7879723.00,
533107,RNAVAL      ,Z ,Q,2.81,2.81,2.70,2.81,2.81,2.68,728,1240564,3462648.00,
533108,BHILWRA TEC ,X ,Q,16.20,16.20,15.55,15.65,15.75,15.30,81,19192,300902.00,
533110,SH PRECOTED ,X ,Q,21.45,21.95,21.30,21.30,21.30,21.40,10,927,19880.00,
533121,EXPLEOSOL   ,B ,Q,1196.00,1203.70,1186.90,1191.10,1196.10,1201.60,369,725,867898.00,
533122,RTNPOWER    ,A ,Q,3.90,3.99,3.88,3.95,3.95,3.93,1681,2043203,8064070.00,
533137,DEN NETWORK ,B ,Q,35.25,35.55,34.35,35.20,35.20,34.75,769,67064,2348739.00,
533138,ASTEC LIFE  ,A ,Q,1673.45,1749.80,1673.45,1735.00,1735.00,1676.40,384,1017,1743886.00,
533146,DLINK IND   ,B ,Q,217.95,223.10,214.80,221.40,220.30,217.45,1162,22893,5019792.00,
533148,JSW ENERGY  ,A ,Q,273.10,293.55,269.75,283.60,283.60,270.00,4682,188778,53537885.00,
533149,ESSAR SECU  ,X ,Q,4.70,5.37,4.60,5.12,4.79,4.78,115,53708,266167.00,
533150,GODREJ PROP ,A ,Q,1248.95,1248.95,1218.25,1232.60,1235.00,1233.70,1680,13713,16895450.00,
533151,D B CORP    ,B ,Q,121.85,123.80,120.20,120.90,120.90,121.65,1153,19766,2411489.00,
533152,MBLINFRA    ,B ,Q,21.80,21.80,20.05,21.05,21.05,20.45,112,3096,65089.00,
533155,JUBL FOOD   ,A ,Q,517.05,520.90,513.80,514.65,514.65,519.40,1388,32388,16752534.00,
533156,VASCON ENG  ,B ,Q,32.35,33.55,32.35,33.20,33.25,32.90,931,141608,4676728.00,
533158,THANGAMAYIL ,B ,Q,1030.65,1059.25,1030.65,1049.20,1054.00,1027.80,63,217,225746.00,
533160,D B REALTY  ,A ,Q,92.80,93.20,87.65,93.20,93.20,88.80,915,149141,13816277.00,
533161,EMMBI       ,B ,Q,91.85,96.05,90.45,95.85,96.00,91.20,238,4625,433950.00,
533162,HATHWAY CAB ,A ,Q,16.90,17.40,16.85,17.30,17.30,17.10,1296,577985,9927035.00,
533163,ARSS INFRA  ,T ,Q,21.20,21.90,20.80,21.90,21.90,21.60,7,352,7491.00,
533164,TEXMO PIPES ,B ,Q,56.75,61.20,56.30,59.20,58.50,57.10,752,26358,1573867.00,
533166,SUNDARAMMUL ,B ,Q,2.53,2.87,2.53,2.82,2.83,2.75,223,476535,1336668.00,
533167,CORO ENGG   ,X ,Q,39.95,39.95,37.00,37.80,37.80,39.40,22,4655,175449.00,
533168,ROSSELL IND ,B ,Q,325.65,339.80,319.25,326.15,339.80,321.95,125,1070,345527.00,
533169,MAN INFRA   ,A ,Q,75.60,75.60,73.35,74.15,74.30,74.10,616,34941,2592349.00,
533170,TAMBOLI CAP ,X ,Q,100.05,109.45,99.05,105.10,105.00,103.15,22,1678,173840.00,
533177,IL&FS TRANS ,Z ,Q,4.30,4.30,4.13,4.14,4.15,4.34,63,40681,168661.00,
533179,PERSISTENT  ,A ,Q,3913.80,3914.40,3831.35,3863.00,3859.50,3913.80,915,4220,16270259.00,
533181,INTRASOFT   ,B ,Q,125.50,131.65,125.50,129.95,129.40,127.40,204,4928,645936.00,
533189,GOENKA DIAM ,Z ,Q,1.40,1.40,1.33,1.33,1.33,1.40,219,209945,279863.00,
533192,KCP SUGAR IN,B ,Q,30.75,31.25,29.75,30.05,30.05,31.10,1054,187742,5696368.00,
533193,KIRLOSKAR EL,B ,Q,67.65,69.05,64.35,64.90,65.00,66.65,1333,104933,6992791.00,
533202,SATCH       ,X ,Q,2.97,3.20,2.85,3.03,2.99,2.81,206,143537,435404.00,
533203,TARAPUR TRA ,B ,Q,4.35,4.35,4.20,4.20,4.20,4.20,15,2771,11903.00,
533206,SJVN        ,A ,Q,34.55,35.40,34.05,34.55,34.55,34.65,3407,694289,24059660.00,
533208,EMAMI PAPER ,B ,Q,145.50,147.55,143.40,144.00,143.95,143.35,83,956,138284.00,
533210,KRITI NUTRI ,B ,Q,50.40,50.40,49.35,49.90,49.90,49.95,232,9176,458138.00,
533212,GKB OPHTHA  ,X ,Q,99.00,103.85,93.20,103.85,103.85,86.55,444,80369,8240299.00,
533217,HMVL        ,B ,Q,54.35,56.00,54.10,55.25,55.35,54.80,133,2920,161332.00,
533218,EMAMIREAL   ,B ,Q,79.05,81.90,78.55,79.55,79.65,79.95,107,5618,450147.00,
533227,ASIAN HTL E ,B ,Q,111.00,114.75,108.10,113.50,114.75,113.40,14,260,29115.00,
533229,BAJAJCON    ,A ,Q,165.80,166.35,163.85,165.85,166.00,164.40,840,26829,4432617.00,
533230,HDFCMFGETF  ,E ,Q,48.32,48.40,48.11,48.19,48.19,48.22,195,43545,2099982.00,
533239,PRAKASHSTL  ,B ,Q,5.00,5.14,4.90,5.00,5.00,4.95,212,122492,612886.00,
533244,ICICIGOLD   ,E ,Q,48.41,48.41,47.84,47.95,48.00,48.42,291,10677,513535.00,
533248,GPPL        ,A ,Q,90.30,94.00,90.30,92.75,93.65,91.40,744,51282,4715429.00,
533252,WELSPUN INV ,B ,Q,281.40,284.00,270.30,275.25,275.25,281.40,21,306,85349.00,
533259,SASTASUNDR  ,B ,Q,278.00,283.65,278.00,283.65,283.65,277.00,37,215,60127.00,
533260,CAREERP     ,B ,Q,135.00,139.45,133.10,137.90,138.65,135.10,72,990,135603.00,
533261,EROS MEDIA  ,B ,Q,27.05,28.15,26.95,28.15,28.15,26.85,72,22875,639826.00,
533262,RAMKY INFRA ,B ,Q,292.90,303.10,284.65,291.20,290.05,292.95,2021,36526,10723335.00,
533263,GREENPOWER  ,B ,Q,11.21,11.40,11.00,11.09,11.09,11.35,1995,1055858,11781001.00,
533267,CANTABIL    ,B ,Q,1234.90,1236.15,1183.30,1191.65,1183.30,1226.10,170,643,770456.00,
533268,SEATV       ,X ,Q,5.46,5.46,4.95,4.95,4.95,5.21,19,3272,16834.00,
533269,VATECH WABA ,B ,Q,329.95,334.00,325.20,326.65,326.65,329.40,1547,34203,11280417.00,
533270,BEDMUTHA IN ,B ,Q,54.10,63.70,54.10,60.10,60.00,63.60,184,4542,282149.00,
533271,ASHOKA      ,A ,Q,86.40,89.65,85.95,88.15,88.10,86.90,2768,342043,30130892.00,
533272,JWL         ,B ,Q,90.00,91.60,87.80,90.55,91.00,88.55,810,30873,2777046.00,
533273,OBEROI REAL ,A ,Q,840.00,855.55,835.00,848.95,848.95,846.00,940,16578,14001604.00,
533274,PRESTIGE    ,A ,Q,450.00,455.00,446.00,447.30,447.30,453.55,713,9870,4425848.00,
533275,GYSCOAL     ,B ,Q,3.45,3.45,3.39,3.39,3.39,3.56,46,13456,45622.00,
533278,COAL INDIA  ,A ,Q,220.30,224.20,220.30,223.30,223.30,221.25,3647,155542,34681830.00,
533282,GRAVITA     ,A ,Q,447.70,452.20,432.50,447.40,445.65,443.15,1918,46530,20607754.00,
533284,RPP INFRA   ,B ,Q,38.70,40.60,38.70,39.75,39.65,38.75,225,7213,289576.00,
533285,RDB REALTY  ,X ,Q,36.55,38.80,36.50,38.50,38.20,37.85,35,8670,329474.00,
533286,MOIL LTD    ,A ,Q,159.60,163.10,158.90,160.40,160.55,159.60,1105,32864,5283376.00,
533287,ZEE LEARN   ,B ,Q,7.25,7.25,6.93,6.98,7.00,7.10,284,325576,2281139.00,
533289,KESAR TERMI ,X ,Q,39.00,39.00,36.50,36.85,36.85,38.40,47,7237,268822.00,
533292,A2ZINFRA    ,B ,Q,10.10,10.12,9.75,10.01,9.85,9.96,151,26217,261334.00,
533293,KIRLOIL ENG ,A ,Q,324.00,324.00,314.70,316.25,316.45,323.35,812,13972,4449681.00,
533294,RAVI KUMAR  ,B ,Q,16.85,18.00,16.85,17.95,18.00,17.55,54,8029,143769.00,
533295,PUNJABNSIND ,B ,Q,33.00,34.30,32.30,33.90,33.90,32.70,2398,990353,33201436.00,
533296,FMNL        ,B ,Q,5.23,5.23,5.01,5.10,5.10,5.04,19,1787,9122.00,
533298,SURANASOL   ,B ,Q,22.95,22.95,22.05,22.30,22.40,21.95,107,7013,156695.00,
533302,KALYANI INV ,B ,Q,1855.00,1861.00,1851.00,1851.00,1851.00,1864.20,23,193,358168.00,
533303,BF INVEST   ,B ,Q,276.75,280.80,276.75,278.45,280.80,277.45,140,451,125404.00,
533306,SUMMIT SECU ,B ,Q,615.45,624.00,613.85,622.50,624.00,616.15,40,254,156603.00,
533315,INNO INVEST ,X ,Q,21.45,22.00,18.60,19.95,19.90,20.00,57,12653,260345.00,
533316,STEL        ,B ,Q,160.30,164.75,155.70,160.10,159.25,160.10,237,12293,2002014.00,
533317,OMKAR SPC   ,T ,Q,17.25,17.25,15.70,16.95,16.95,16.45,53,19697,333826.00,
533320,JUBILNT IND ,B ,Q,395.00,399.75,387.40,392.30,398.80,394.35,159,2628,1035703.00,
533326,TEXMACO RAIL,A ,Q,55.45,56.95,54.15,56.20,56.30,54.80,2579,312272,17395046.00,
533329,IND TERRAIN ,B ,Q,68.25,68.95,66.90,68.05,68.80,68.25,421,15188,1033100.00,
533333,FINEOTEX  CH,A ,Q,267.85,267.85,256.60,258.15,258.15,262.15,1647,56118,14573307.00,
533336,DHUNINV     ,B ,Q,667.85,678.00,659.00,668.20,659.00,672.60,42,205,138047.00,
533339,ZEN TECH    ,B ,Q,189.00,190.75,187.95,188.45,188.45,189.25,902,16639,3147890.00,
533343,LOVABLE     ,B ,Q,132.90,133.30,129.90,130.25,129.90,132.45,81,1292,170583.00,
533344,PTCFIN SER  ,B ,Q,15.90,16.20,15.85,16.00,16.00,16.05,172,48931,781646.00,
533385,MON100      ,E ,Q,88.68,89.74,88.68,89.13,89.08,90.19,2958,175849,15693746.00,
533398,MUTHOOT FIN ,A ,Q,1063.55,1089.85,1063.55,1078.60,1078.40,1065.45,2636,23047,24812715.00,
533400,FCONSUMER   ,B ,Q,1.49,1.50,1.46,1.48,1.48,1.49,699,1436305,2123038.00,
533407,CIL NOVA    ,XT,Q,23.00,23.70,23.00,23.05,23.00,23.65,28,5231,120517.00,
533408,BSLGOLDETF  ,E ,Q,49.54,49.54,48.83,49.16,49.16,49.68,38,4162,204193.00,
533427,VMS INDUSTR ,X ,Q,16.81,17.40,14.55,16.98,17.24,17.13,80,9358,152029.00,
533451,KARMA ENERG ,B ,Q,25.20,25.20,24.90,25.20,25.20,24.90,6,321,8028.00,
533452,DELPHIFX    ,B ,Q,397.00,416.80,394.00,407.85,407.95,400.95,122,1504,608499.00,
533470,RUSHIL DECOR,B ,Q,424.50,436.85,424.00,430.30,430.30,425.75,291,3486,1491696.00,
533477,ENKEI WHEEL ,X ,Q,570.00,594.95,570.00,594.00,594.00,597.05,39,432,252298.00,
533482,KRIINFRA    ,B ,Q,3.32,3.87,3.32,3.63,3.63,3.78,39,6906,26461.00,
533506,INVENTURE   ,B ,Q,2.61,2.66,2.58,2.62,2.62,2.61,771,1880114,4925711.00,
533519,LNT FH      ,A ,Q,85.25,86.75,84.70,85.95,85.95,85.40,4092,495232,42545276.00,
533520,YAARI       ,B ,Q,19.80,21.20,19.40,19.65,19.65,19.90,2240,480169,9815753.00,
533540,TREE HOUSE  ,B ,Q,18.00,18.20,17.60,18.10,18.10,18.15,52,4200,75289.00,
533543,BROOKS LABS ,B ,Q,109.70,112.15,108.85,110.05,109.60,108.50,27,660,72858.00,
533552,RUPA & CO   ,A ,Q,279.65,282.35,276.85,280.60,280.45,279.55,677,11051,3088521.00,
533553,TD POWER    ,B ,Q,119.25,122.20,118.50,119.25,120.80,121.25,713,20286,2441525.00,
533570,AXISGOLD    ,E ,Q,46.66,46.85,46.60,46.60,46.60,46.65,57,774,36140.00,
533573,ALEM PHARMA ,A ,Q,593.65,597.20,587.00,587.80,587.25,594.65,166,778,461304.00,
533576,VASWANI IND ,B ,Q,19.00,19.00,18.35,18.35,18.35,18.15,25,3474,64985.00,
533581,PG ELECTRO  ,A ,Q,1129.45,1148.00,1106.70,1137.20,1137.95,1122.90,675,3027,3429363.00,
533602,LESHAIND    ,X ,Q,5.95,6.13,5.86,6.08,6.12,5.86,1048,366900,2224488.00,
533605,SETUINFRA   ,T ,Q,1.61,1.65,1.61,1.64,1.64,1.64,23,24890,40319.00,
533608,RDB RASAYAN ,X ,Q,96.20,98.60,95.50,97.70,98.60,96.30,104,5917,577390.00,
533629,TIJARIA PPL ,T ,Q,7.00,7.15,6.80,6.93,6.81,7.00,28,17436,123514.00,
533632,ONELIFE CAP ,B ,Q,14.85,14.85,13.10,13.66,13.84,13.79,26,2343,31844.00,
533638,FLEXITUFF   ,T ,Q,32.55,32.55,32.50,32.50,32.50,32.55,3,151,4910.00,
533644,UJAAS       ,T ,Q,2.91,2.99,2.90,2.92,2.97,2.98,202,94529,276675.00,
533655,TRIVENITURB ,A ,Q,267.25,272.90,262.05,264.10,264.90,273.10,2459,46979,12470888.00,
533676,INDO THAI   ,T ,Q,331.65,333.30,321.00,331.60,333.30,317.50,66,2628,863395.00,
533704,ESSAR SHIP  ,B ,Q,9.71,9.90,9.50,9.83,9.83,9.71,85,37184,362478.00,
533758,APL APOLLO  ,A ,Q,1051.05,1078.05,1050.70,1055.70,1055.70,1052.70,644,6442,6871531.00,
533761,GPT INFRA   ,B ,Q,53.30,55.30,52.15,54.70,54.90,53.55,205,7787,419574.00,
533896,FERVENTSYN  ,X ,Q,15.39,15.39,15.39,15.39,15.39,15.44,1,1,15.00,
533941,TSIL        ,T ,Q,46.40,46.40,42.30,46.35,46.35,44.50,9,511,21660.00,
533982,TERASOFTWARE,B ,Q,44.30,44.30,41.25,42.85,43.00,43.20,78,6361,268507.00,
534060,PMCFIN      ,X ,Q,2.70,2.75,2.61,2.70,2.70,2.67,865,636494,1724011.00,
534064,AIML        ,X ,Q,40.40,40.40,38.50,40.40,40.40,38.50,273,1820478,72322616.00,
534076,RHIM        ,A ,Q,804.05,841.00,804.05,828.10,828.10,811.75,2841,54791,45461995.00,
534091,MCX LTD     ,A ,Q,1573.85,1573.85,1543.10,1553.80,1554.40,1554.95,476,3197,4964602.00,
534139,SCHNEIDER   ,A ,Q,154.05,161.70,152.20,159.90,159.90,154.05,1606,64272,10045056.00,
534190,OLYMPIC     ,X ,Q,3.40,3.40,2.96,3.40,3.40,3.12,12,2263,7552.00,
534309,NBCC        ,A ,Q,37.65,38.10,36.90,37.85,37.85,37.30,2610,856717,32114406.00,
534312,MT EDUCARE  ,T ,Q,7.25,7.49,7.11,7.45,7.49,7.32,33,13712,100284.00,
534328,HEXATRADEX  ,B ,Q,158.90,158.90,158.05,158.15,158.15,158.05,6,2166,344051.00,
534338,MAXHEIGHTS  ,XT,Q,67.65,67.65,67.65,67.65,67.65,64.45,442,184781,12500434.00,
534369,TBZ LTD     ,B ,Q,73.50,78.50,73.50,77.80,77.60,74.85,467,19122,1485328.00,
534392,VSSL        ,B ,Q,275.55,290.20,274.40,277.85,278.30,278.80,1606,14214,4002170.00,
534422,LOOKS       ,X ,Q,7.65,7.65,7.25,7.30,7.30,7.17,30,6968,52182.00,
534425,SPECIALITY R,B ,Q,204.35,227.60,204.35,225.30,225.30,208.25,1137,14921,3340232.00,
534532,LYPSA GEMS  ,B ,Q,6.04,6.04,5.73,5.95,5.95,5.78,23,3701,21957.00,
534563,MAX ALERT   ,MT,Q,2.84,2.84,2.84,2.84,2.84,2.71,2,1600,4544.00,
534597,RTNINDIA    ,A ,Q,41.40,43.20,39.85,41.85,41.85,41.20,2662,332397,13958765.00,
534598,SEPOWER     ,B ,Q,17.10,17.30,16.75,17.00,17.00,16.75,43,3066,51873.00,
534600,JTLIND      ,B ,Q,308.70,318.55,299.95,303.30,305.90,313.60,959,36239,11133033.00,
534612,AMTL        ,X ,Q,18.60,19.05,18.55,18.55,18.65,18.95,20,1221,22884.00,
534615,NECC LTD    ,B ,Q,25.50,25.50,24.15,24.65,24.15,25.55,144,7125,177784.00,
534618,WAAREERTL   ,X ,Q,514.90,519.90,496.15,513.90,513.90,496.15,617,27116,13938379.00,
534623,JUPITER INFO,X ,Q,19.00,19.25,17.80,18.60,18.75,18.40,67,6618,119964.00,
534639,VINAYAK POL ,X ,Q,20.75,21.65,20.75,20.80,20.80,20.65,8,424,8829.00,
534659,JOINTECA ED ,M ,Q,11.95,11.95,11.95,11.95,11.95,11.21,1,8000,95600.00,
534674,DUCON       ,B ,Q,11.10,11.35,10.60,10.97,10.99,10.84,468,59628,654525.00,
534675,PROZONINTU  ,B ,Q,29.45,30.30,28.50,28.80,28.75,28.95,349,51304,1497984.00,
534680,SRG HFL     ,X ,Q,212.95,212.95,194.70,198.25,200.00,204.90,28,1599,318113.00,
534691,COMFORT COM ,XT,Q,16.30,16.90,15.90,16.60,16.60,16.20,69,33034,553271.00,
534732,CASPIAN     ,X ,Q,11.82,11.82,10.75,11.82,11.82,11.26,92,47287,552196.00,
534733,SUPREMEX    ,X ,Q,5.41,5.41,5.32,5.41,5.41,5.16,141,74380,402119.00,
534741,VIRTUAL GLO ,X ,Q,1.22,1.23,1.15,1.23,1.23,1.18,1019,2108610,2568810.00,
534742,ZUARI AGRO  ,B ,Q,152.80,163.50,152.80,160.35,160.35,152.90,485,10400,1670410.00,
534748,STEEL EXCH  ,A ,Q,13.21,13.35,12.76,13.19,13.22,12.99,760,122543,1617267.00,
534755,TRIO MERCAN ,X ,Q,1.15,1.15,1.08,1.12,1.13,1.12,87,25743,28552.00,
534758,CIGNITI TECH,B ,Q,529.70,534.00,526.45,528.00,530.90,531.20,457,6372,3388345.00,
534804,CARERATING  ,B ,Q,566.40,594.05,566.40,588.60,585.25,578.35,839,9513,5574601.00,
534809,PC JEWELLER ,B ,Q,73.50,78.25,73.50,78.25,78.25,74.55,443,87286,6785173.00,
534816,INDUSTOWER  ,A ,Q,194.05,194.90,190.50,191.40,191.75,194.00,1721,63319,12155646.00,
534976,VMART       ,A ,Q,2949.95,2949.95,2806.00,2822.05,2807.85,2891.00,720,2259,6389917.00,
535136,NIBE        ,X ,Q,363.85,363.85,353.50,363.85,363.85,346.55,322,77022,28011227.00,
535204,MUKTA       ,X ,Q,4.99,5.19,4.82,4.87,4.82,5.03,173,77272,381705.00,
535205,MYSTICELE   ,X ,Q,5.95,5.95,5.72,5.84,5.90,5.95,34,2221,13000.00,
535267,COM FINCAP  ,X ,Q,85.90,87.40,84.00,84.55,85.60,85.95,142,38749,3339470.00,
535276,SBISENSEX   ,A ,Q,653.00,653.50,648.41,650.75,651.70,651.05,128,2336,1522214.00,
535322,REPCO HOME  ,B ,Q,227.95,227.95,222.00,222.65,223.00,225.45,2022,39395,8815948.00,
535431,GCM SECU    ,B ,Q,2.66,2.78,2.65,2.66,2.66,2.68,46,24168,64927.00,
535458,NRB IND BEA ,B ,Q,21.75,21.75,21.75,21.75,21.75,21.35,2,2,43.00,
535566,KIFS FSL    ,X ,Q,114.60,120.00,114.60,119.95,119.95,114.60,8,26,3095.00,
535601,SREELEATHER ,B ,Q,207.55,207.65,205.25,206.10,206.55,204.10,54,259,53432.00,
535602,SHARDA MOTOR,B ,Q,725.60,736.45,715.00,725.70,721.20,725.75,159,642,466329.00,
535620,BINNY MILLS ,X ,Q,108.45,108.45,108.45,108.45,108.45,103.30,4,53,5747.00,
535621,SV GLOBAL   ,X ,Q,52.35,52.35,50.15,50.60,50.60,52.40,7,245,12466.00,
535648,JUSTDIAL    ,A ,Q,583.00,596.50,577.00,590.75,590.60,581.25,775,8210,4843153.00,
535657,OONE        ,X ,Q,16.00,17.25,16.00,16.70,16.70,16.55,26,4240,70240.00,
535667,IFINSEC     ,X ,Q,39.75,41.75,39.75,41.75,41.75,41.80,2,423,17090.00,
535693,BRAHM INFRA ,X ,Q,30.05,30.05,28.35,28.45,28.40,29.45,32,1448,41408.00,
535719,QUEST SOFTEC,X ,Q,39.00,39.35,37.40,39.35,39.35,37.50,57,7169,277092.00,
535730,KHOOBSURAT  ,X ,Q,1.71,1.75,1.71,1.73,1.75,1.74,626,198390,343584.00,
535754,ORIENT CEM  ,A ,Q,122.65,123.50,121.00,121.90,121.00,123.20,569,23740,2908113.00,
535755,ABFRL       ,A ,Q,286.80,288.50,283.50,285.80,285.80,286.30,1111,44140,12635203.00,
535789,IBUL HSG FIN,A ,Q,148.85,150.65,146.10,147.45,147.45,148.95,7230,902765,133511317.00,
535910,MMLF        ,M ,Q,10.50,10.50,10.50,10.50,10.50,9.00,1,10000,105000.00,
535958,ESSENTIA    ,T ,Q,7.26,7.50,7.26,7.34,7.32,7.64,107,826392,6129580.00,
536264,TIGER LOGS  ,X ,Q,427.75,449.00,416.00,446.00,446.00,428.55,1245,167854,74066470.00,
536456,RJ BIOTECH  ,MT,Q,7.52,8.24,7.51,7.51,7.51,7.90,4,12000,93810.00,
536493,JKAGRI GEN  ,X ,Q,466.00,475.00,450.00,454.40,453.50,465.00,26,170,77610.00,
536507,FUTLIF FAS  ,B ,Q,9.09,9.13,9.00,9.13,9.13,8.70,374,220471,2008555.00,
536565,TRIMURTHI   ,X ,Q,10.25,10.25,10.00,10.00,10.00,9.89,5,108,1096.00,
536659,PVVINFRA    ,X ,Q,15.05,15.60,15.05,15.40,15.45,15.35,40,11257,172626.00,
536672,VCU DATA    ,XT,Q,6.90,7.17,6.89,7.06,6.90,7.03,250,39768,278968.00,
536709,INDRENEW    ,X ,Q,11.85,11.85,11.23,11.25,11.80,11.82,32,5653,64911.00,
536710,SRGSFL      ,M ,Q,15.62,15.62,15.62,15.62,15.62,13.02,1,3000,46860.00,
536773,JIN POLY INV,B ,Q,478.45,484.80,447.40,466.50,465.00,469.65,211,2284,1083850.00,
536868,INTEGRA TELE,X ,Q,16.00,16.50,15.90,16.05,16.25,16.15,92,7736,124425.00,
536960,MOM100      ,B ,Q,32.57,33.33,32.57,33.24,33.25,33.13,57,1321,43905.00,
536965,BP CAPITAL  ,XT,Q,7.03,7.03,6.50,6.50,6.50,6.70,2,1271,8314.00,
536974,CAPTAIN POLY,X ,Q,17.40,18.00,17.00,17.70,17.80,17.05,309,113798,1997456.00,
537007,ICICINIFTY  ,B ,Q,196.00,197.50,196.00,196.88,196.86,197.01,116,1658,326497.00,
537008,ICICINF100  ,B ,Q,199.00,200.12,198.85,199.60,198.94,199.43,29,225,44832.00,
537069,ARNOLD HOLD ,X ,Q,23.90,23.90,22.35,23.00,23.00,23.50,57,8257,185870.00,
537253,SUNIL HEALTH,X ,Q,80.50,80.50,77.50,78.50,78.50,80.05,53,1797,142081.00,
537254,RCI IND     ,XT,Q,5.65,5.95,5.50,5.80,5.80,5.75,19,1676,9434.00,
537259,SUYOG TELE  ,X ,Q,323.75,383.95,323.60,340.10,327.85,322.65,203,3522,1184450.00,
537291,NATH BIOGEN ,B ,Q,158.15,159.85,156.00,159.00,157.60,157.50,118,2249,357352.00,
537292,AGRI TECH   ,B ,Q,94.20,110.45,93.20,110.45,110.45,92.05,540,21006,2313026.00,
537326,CHEMTECH IND,B ,Q,17.05,17.05,15.50,17.05,17.05,16.25,13,1480,24981.00,
537392,TAAZAINT    ,X ,Q,19.25,20.30,19.25,20.00,20.30,20.00,21,2628,52242.00,
537483,NIF100BEES  ,B ,Q,189.96,190.56,189.54,190.01,190.00,189.28,30,128,24344.00,
537524,VIAANINDUS  ,Z ,Q,0.80,0.80,0.75,0.79,0.79,0.77,105,29884,23535.00,
537536,DENIS CHEM  ,X ,Q,83.90,85.70,82.00,85.15,85.60,82.20,112,10465,879199.00,
537573,POLYMAC     ,M ,Q,35.30,35.45,35.25,35.35,35.40,35.30,6,14400,509080.00,
537582,UNISHIRE    ,M ,Q,2.78,2.78,2.76,2.77,2.76,2.65,17,170000,472200.00,
537707,ETT LTD     ,XT,Q,25.60,26.60,25.60,26.60,26.60,26.10,26,47600,1264470.00,
537708,KOTAKNIFTY  ,B ,Q,192.82,193.70,192.50,192.82,192.78,193.60,79,1069,206477.00,
537709,HANSUGAR    ,X ,Q,5.79,5.79,5.40,5.53,5.44,5.57,239,82048,453448.00,
537750,KIRAN VYPAR ,X ,Q,146.00,151.15,145.10,149.05,149.85,147.10,20,671,99936.00,
537766,BCP LTD     ,B ,Q,4.80,4.80,4.64,4.72,4.71,4.77,72,26348,124228.00,
537785,RACE        ,M ,Q,202.00,202.00,202.00,202.00,202.00,202.20,2,10625,2146250.00,
537800,MANGALAM IND,X ,Q,4.00,4.10,3.90,4.03,4.03,4.00,938,901488,3599387.00,
537820,VFL         ,B ,Q,3.24,3.26,3.04,3.26,3.26,2.97,242,227239,721556.00,
537839,PHOENIX TN  ,XT,Q,59.00,59.90,56.05,59.90,59.90,59.00,9,1176,66627.00,
537985,INFRONICS SY,X ,Q,39.15,40.55,37.60,38.35,39.80,39.50,56,6629,253590.00,
538057,CPSE ETF    ,A ,Q,37.87,37.97,37.42,37.81,37.83,37.67,305,25843,977826.00,
538081,HARIA APL   ,X ,Q,5.00,5.16,4.94,5.07,5.08,4.96,86,4790,23944.00,
538092,JOONKTOLLEE ,X ,Q,81.70,81.70,76.50,79.60,79.60,79.95,13,101,8015.00,
538119,RNB DENIMS  ,B ,Q,40.75,41.00,40.00,40.25,40.85,40.75,35,1628,65936.00,
538180,GOLD LINE   ,Z ,Q,0.74,0.74,0.70,0.71,0.71,0.73,1030,941343,668944.00,
538212,SHARP INV   ,X ,Q,1.61,1.72,1.60,1.63,1.63,1.61,433,167525,273268.00,
538268,WONDERLA    ,B ,Q,340.00,341.00,328.80,336.65,335.00,330.65,517,5451,1826140.00,
538273,RESPONS INF ,X ,Q,27.00,30.45,27.00,30.45,30.45,30.45,9,658,17892.00,
538351,AFEL        ,X ,Q,18.20,19.01,18.01,18.96,18.96,18.11,271,110089,2076551.00,
538365,INCREDIBLE  ,B ,Q,22.50,23.20,22.00,22.60,22.00,23.15,72,5898,134880.00,
538382,WEST LEIRES ,XT,Q,827.00,827.00,827.00,827.00,827.00,870.50,5,11,9097.00,
538395,NAM SEC     ,X ,Q,48.15,51.65,48.00,51.65,51.65,49.20,8,947,46492.00,
538401,MAESTROS ELE,X ,Q,64.95,67.50,61.60,66.55,66.50,63.55,86,5191,336469.00,
538402,SPS         ,T ,Q,84.75,84.75,84.75,84.75,84.75,80.75,2,10,847.00,
538446,MONEYBOXX   ,B ,Q,175.00,175.00,163.90,165.00,165.00,164.45,48,959,159384.00,
538464,TPROJECT    ,X ,Q,2.03,2.03,2.03,2.03,2.03,1.85,10,4839,9823.00,
538476,CTL         ,XT,Q,18.10,18.75,18.00,18.20,18.65,18.85,113,51921,956085.00,
538496,TARINI      ,M ,Q,5.26,5.27,5.02,5.20,5.20,5.02,17,57000,292230.00,
538521,YAANENT     ,X ,Q,20.00,20.40,20.00,20.40,20.40,20.00,5,10450,213080.00,
538539,JTAPARIA    ,X ,Q,6.84,7.35,6.84,7.35,7.35,7.20,15,3265,22842.00,
538540,RLFL        ,X ,Q,1.18,1.19,1.14,1.16,1.16,1.17,138,80023,93102.00,
538542,GOLDCOINHF  ,X ,Q,6.25,6.50,6.25,6.50,6.50,6.51,9,1971,12537.00,
538546,BANSAL ROOF ,B ,Q,67.35,67.35,65.25,66.70,66.75,65.95,84,4354,289869.00,
538562,SKIPPER     ,B ,Q,127.10,134.35,122.70,129.40,128.95,123.90,1980,74030,9581386.00,
538564,JAMESWARREN ,X ,Q,260.00,262.90,259.00,259.00,259.00,254.50,8,255,66262.00,
538565,VISTARAMAR  ,X ,Q,308.95,309.95,302.00,304.75,304.05,297.55,101,1639,502775.00,
538567,GULFOIL LUB ,B ,Q,436.40,436.40,422.00,425.05,425.70,424.50,146,644,274475.00,
538568,FRUTION     ,XT,Q,39.85,41.00,38.85,41.00,41.00,39.85,8,97,3836.00,
538569,TRIVENI ENT ,X ,Q,2.41,2.57,2.40,2.51,2.51,2.45,183,119854,298144.00,
538596,QUANTBUILD  ,X ,Q,3.70,3.70,3.53,3.53,3.53,3.53,4,288,1023.00,
538597,TTIENT      ,X ,Q,14.50,14.87,13.96,14.21,13.97,14.48,100,38965,549744.00,
538598,VISHAL      ,B ,Q,21.00,21.20,20.65,20.70,20.90,21.00,65,4697,98729.00,
538607,TOYAMSL     ,X ,Q,19.14,19.14,17.83,18.03,18.03,18.76,1473,4566807,82991298.00,
538610,UNISON      ,X ,Q,19.55,19.90,19.10,19.20,19.15,19.55,103,12863,248660.00,
538611,RTFL        ,Z ,Q,32.80,32.85,30.35,30.50,30.35,31.90,44,5031,154129.00,
538634,VRL         ,XT,Q,127.30,135.45,127.00,133.75,134.90,130.20,25,1346,176814.00,
538635,SNOWMAN     ,B ,Q,37.15,38.35,36.85,37.40,37.40,37.05,956,96007,3628992.00,
538646,QGO         ,X ,Q,51.95,51.95,43.00,43.80,43.80,46.00,260,77467,3518334.00,
538647,PURSHOTTAM  ,X ,Q,12.50,12.50,11.50,11.85,11.50,11.95,8,662,7874.00,
538666,SHARDACROP  ,A ,Q,452.05,462.40,452.05,454.85,462.00,458.25,732,10245,4704143.00,
538674,CITYONLINE  ,Z ,Q,4.92,4.92,4.92,4.92,4.92,4.70,3,8,39.00,
538683,SENSEXBEES  ,A ,Q,672.00,672.69,668.11,670.65,671.97,671.19,58,977,656179.00,
538685,SHEMAROO    ,B ,Q,160.15,169.40,160.15,166.60,167.00,162.85,413,5311,881918.00,
538706,ULTRACAB    ,X ,Q,24.50,24.65,23.55,23.90,23.75,24.00,170,89061,2143004.00,
538707,RCCL        ,X ,Q,36.25,36.30,36.15,36.30,36.30,36.40,4,22,797.00,
538708,ETIL        ,X ,Q,9.94,9.98,9.94,9.98,9.98,9.51,12,3719,37096.00,
538713,ATISHAY     ,X ,Q,32.35,33.00,32.35,33.00,33.00,32.70,7,276,9032.00,
538714,SUCHITRA    ,X ,Q,55.10,58.00,55.10,58.00,58.00,58.00,12,333,18354.00,
538715,DHABRIYA    ,X ,Q,128.45,128.45,122.05,126.35,126.50,122.35,27,3021,374888.00,
538730,PDSL        ,B ,Q,342.00,361.95,340.50,352.20,353.85,345.00,623,5972,2078084.00,
538732,VGCL        ,B ,Q,53.90,55.00,50.90,54.00,55.00,52.10,27,2898,151237.00,
538733,STARLIT     ,B ,Q,8.40,8.40,8.40,8.40,8.40,8.40,20,4850,40740.00,
538734,CEINSYSTECH ,B ,Q,150.95,155.50,145.00,148.00,148.00,144.60,28,306,45387.00,
538742,PANACHE     ,X ,Q,16.80,18.50,16.80,18.50,18.50,17.65,2,13,235.00,
538765,JSHL        ,M ,Q,3.98,3.98,3.98,3.98,3.98,4.18,1,5000,19900.00,
538770,CRANE INFRA ,X ,Q,10.50,10.50,9.42,10.39,10.39,9.93,23,1606,15851.00,
538772,NIYOGIN     ,X ,Q,37.70,37.90,36.90,37.10,37.00,37.95,40,3789,141541.00,
538778,AKASHDEEP   ,X ,Q,109.20,109.20,101.70,101.85,101.70,107.05,310,34852,3574922.00,
538787,GBFL        ,X ,Q,7.45,7.53,7.20,7.49,7.49,7.25,59,10731,79901.00,
538788,GILADAFINS  ,XT,Q,18.60,18.60,18.60,18.60,18.60,18.95,50,5461,101574.00,
538794,JETINFRA    ,M ,Q,83.50,83.90,83.50,83.90,83.90,83.00,2,4000,334800.00,
538795,SAPPL       ,X ,Q,278.00,278.95,271.40,274.75,271.40,280.95,9,53,14696.00,
538812,AANCHALISP  ,XT,Q,18.90,19.45,17.80,19.20,19.35,18.55,151,66684,1233078.00,
538833,ANUBHAV     ,X ,Q,11.70,11.70,10.70,10.79,10.70,11.26,141,41819,453280.00,
538834,JMJFIN      ,X ,Q,17.20,17.30,17.05,17.05,17.05,16.50,9,6000,103262.00,
538835,INTELLECT   ,A ,Q,441.85,447.40,438.60,442.50,441.05,443.25,1066,17560,7781203.00,
538836,MONTECARLO  ,B ,Q,660.55,723.80,655.10,718.85,718.85,660.55,1379,13208,8985511.00,
538837,JSTL        ,X ,Q,59.70,61.40,57.90,58.55,58.55,60.90,60,9194,540373.00,
538838,ICL         ,XT,Q,71.50,73.95,66.95,71.85,73.95,70.45,98,5824,400699.00,
538857,SCC         ,X ,Q,4.40,4.40,3.87,4.00,4.00,4.00,28,3687,14679.00,
538860,PANAFIC     ,X ,Q,1.40,1.43,1.36,1.42,1.43,1.36,481,300396,421349.00,
538868,CSL         ,X ,Q,46.75,47.00,43.65,44.75,44.90,45.85,74,38395,1725966.00,
538874,NEXUSSURGL  ,X ,Q,12.66,13.24,12.66,12.69,12.69,13.24,16,644,8337.00,
538875,SELLWIN     ,X ,Q,19.50,19.50,18.60,19.05,19.00,19.50,85,86570,1656177.00,
538881,GALADAFIN   ,XT,Q,14.10,14.10,14.10,14.10,14.10,13.55,4,62,874.00,
538882, EMERALD    ,X ,Q,27.00,27.00,25.20,25.55,25.55,25.75,25,7342,190447.00,
538890,MKEXIM      ,X ,Q,86.25,87.50,84.75,86.50,86.60,85.10,114,8648,744327.00,
538891,MCLOUD      ,XT,Q,438.70,440.95,436.00,439.50,440.10,436.75,57,2520,1107658.00,
538894,OCTAL       ,X ,Q,25.45,25.45,22.05,23.90,23.90,24.20,24,742,17104.00,
538895,MIHIKA      ,XT,Q,25.50,25.50,23.10,23.10,23.10,24.30,4,5,122.00,
538896,KANCHI      ,X ,Q,506.80,509.00,495.10,502.55,507.00,495.05,131,1713,861968.00,
538902,DHUN TEAIND ,B ,Q,224.80,233.75,224.80,232.55,229.45,225.50,188,2579,597590.00,
538918,VANICOM     ,XT,Q,13.95,13.95,13.95,13.95,13.95,13.60,3,70,976.00,
538920,VINCOFE     ,X ,Q,52.90,54.00,52.50,53.65,53.65,51.85,1254,133849,7159497.00,
538921,RAFL        ,M ,Q,515.50,515.50,515.50,515.50,515.50,515.75,26,27500,14176250.00,
538922,COSYN       ,X ,Q,20.25,20.95,20.20,20.25,20.25,20.00,13,2755,55956.00,
538923,SOFCOM      ,X ,Q,96.00,97.00,92.00,93.35,92.95,92.60,169,126405,11873117.00,
538928,KARNAVATI   ,XT,Q,169.45,169.75,169.00,169.65,169.75,168.75,146,19171,3250019.00,
538942,MERCANTILE  ,X ,Q,18.70,18.70,17.50,17.95,17.90,18.30,56,11929,210409.00,
538943,SONAL       ,X ,Q,108.90,109.85,99.45,105.55,109.85,104.65,365,23084,2347598.00,
538952,ALFL        ,X ,Q,2.00,2.20,1.95,2.00,2.07,2.00,78,39887,81645.00,
538961,GENUSPAPER  ,B ,Q,18.15,19.25,17.55,18.75,18.75,18.00,432,105111,1947856.00,
538962,MINDACORP   ,A ,Q,207.05,211.00,207.05,207.65,208.15,209.05,426,7367,1538815.00,
538964,MERCURYLAB  ,XT,Q,700.00,735.00,680.00,735.00,735.00,700.00,18,370,266198.00,
538965,CONCORD     ,X ,Q,33.00,34.50,32.35,32.65,32.90,32.65,58,10624,349399.00,
538970,WARDINMOBI  ,A ,Q,63.95,65.20,62.55,64.90,64.90,64.05,1439,179028,11547876.00,
538975,SHREESEC    ,XT,Q,23.50,24.70,23.50,23.50,23.50,24.70,643,258463,6083442.00,
538979,GRNLAM IND  ,B ,Q,338.25,343.10,323.75,327.95,328.65,334.85,351,4228,1406372.00,
538987,TALBROSENG  ,X ,Q,529.80,533.45,514.60,528.40,524.00,523.75,117,2367,1242092.00,
539005,JAYATMA     ,X ,Q,82.15,82.15,74.35,74.35,74.35,78.25,64,23183,1871619.00,
539006,PTCIL       ,A ,Q,2614.00,2648.25,2512.60,2548.25,2521.60,2583.15,147,872,2248346.00,
539011,CHENFERRO   ,X ,Q,168.00,168.00,162.05,165.50,166.90,163.35,114,5357,887034.00,
539012,MEGRISOFT   ,X ,Q,113.50,113.50,105.00,111.95,111.95,111.95,22,654,70874.00,
539013,GITARENEW   ,X ,Q,115.00,115.00,104.00,107.65,109.00,109.90,130,5762,620043.00,
539016,NEIL        ,X ,Q,10.46,10.46,9.50,9.50,9.50,9.97,25,2219,22109.00,
539017,STARHFL     ,X ,Q,48.25,50.40,48.00,48.50,48.50,49.65,618,90657,4448566.00,
539018,BEEKAY      ,X ,Q,397.05,413.90,392.00,411.95,413.90,403.10,128,5189,2098523.00,
539026,SSPNFIN     ,MT,Q,7.55,7.55,7.55,7.55,7.55,7.80,2,32000,241600.00,
539031,SETFBSE100  ,A ,Q,196.99,197.03,195.00,196.25,196.19,197.03,23,453,88434.00,
539032,FRASER      ,X ,Q,8.50,8.54,8.06,8.47,8.49,8.13,100,18821,157602.00,
539040,TTIL        ,XT,Q,20.35,20.75,19.65,20.60,20.70,20.20,81,6849,138899.00,
539041,SVPHOUSING  ,M ,Q,14.08,14.08,14.08,14.08,14.08,13.41,13,55000,774400.00,
539042,AGIIL       ,B ,Q,506.95,512.85,490.25,498.45,496.30,506.95,76,3530,1763088.00,
539043,BKMINDST    ,Z ,Q,1.19,1.19,1.11,1.19,1.19,1.14,42,26738,31680.00,
539044,MANAKSTELTD ,B ,Q,34.85,35.50,34.55,34.70,34.60,34.45,90,2459,86050.00,
539045,MNKALCOLTD  ,B ,Q,20.50,21.05,20.50,20.85,21.05,20.80,17,547,11424.00,
539046,MNKCMILTD   ,B ,Q,17.30,18.25,17.30,17.80,17.95,18.15,65,1969,35416.00,
539056,IMAGICAA    ,B ,Q,35.50,37.80,35.50,37.80,37.80,36.00,288,49399,1848816.00,
539083,INOXWIND    ,B ,Q,111.70,111.70,107.20,108.00,108.00,109.65,669,20194,2194780.00,
539096,AANANDALAK  ,X ,Q,8.51,8.83,8.51,8.83,8.83,9.60,9,120,1042.00,
539097,HKG         ,B ,Q,14.87,15.00,14.66,14.94,14.89,14.74,250,186367,2767669.00,
539098,FILTRA      ,M ,Q,39.00,42.00,38.50,41.00,41.00,40.20,8,27000,1105650.00,
539111,SHESHAINDS  ,X ,Q,20.70,20.75,19.75,19.80,19.75,20.70,12,1660,33036.00,
539112,SAB         ,X ,Q,87.90,87.90,80.20,84.55,82.20,83.50,10,26,2218.00,
539113,PML         ,X ,Q,1255.30,1269.40,1233.25,1248.35,1247.05,1265.20,107,1054,1313707.00,
539115,ALAN SCOTT  ,XT,Q,58.00,58.45,56.00,56.15,56.00,57.75,55,8067,458247.00,
539117,SUJALA      ,X ,Q,17.00,17.00,16.90,16.90,16.90,17.00,9,369,6256.00,
539118,VRLLOG      ,A ,Q,530.00,542.90,524.00,528.75,528.75,538.05,714,6346,3359839.00,
539121,PALCO       ,X ,Q,64.95,64.95,62.25,64.20,64.20,62.10,16,2539,158175.00,
539122,BODHTREE    ,X ,Q,14.00,14.00,12.95,13.00,13.00,14.00,455,152754,2010008.00,
539123,VBIND       ,X ,Q,5.69,5.79,5.56,5.56,5.56,5.79,7,752,4246.00,
539124,SARVOTTAM   ,XT,Q,38.90,38.90,37.05,38.80,38.80,37.05,27,20069,778697.00,
539126,MEP         ,B ,Q,17.20,18.10,17.20,17.50,17.50,17.45,176,31814,560915.00,
539132,WARDWIZFBL  ,X ,Q,44.45,44.50,41.00,41.75,41.75,44.80,146,8648,361620.00,
539141,UFO         ,B ,Q,94.75,95.15,92.55,92.60,92.90,93.40,166,13749,1293507.00,
539143,PANTH       ,XT,Q,9.81,10.18,9.80,10.14,10.18,9.99,300,60270,604376.00,
539148,SHIVALIK    ,B ,Q,719.90,750.00,719.90,731.05,748.00,710.15,62,299,217607.00,
539149,ICSL        ,X ,Q,4.13,4.25,3.85,4.09,4.09,4.13,46,3907,16014.00,
539150,PNCINFRA    ,A ,Q,291.30,291.30,279.05,284.50,283.00,285.65,987,39337,11152305.00,
539151,ARFIN       ,X ,Q,25.45,25.70,23.65,24.80,24.90,24.90,238,50738,1264704.00,
539176,HAWAENG     ,XT,Q,64.60,68.00,64.60,67.70,67.40,68.00,19,2432,159612.00,
539177,AIIL        ,B ,Q,221.25,227.45,215.45,218.95,219.00,221.25,542,11313,2485654.00,
539190,DFL         ,X ,Q,50.05,50.05,49.50,50.05,50.05,47.70,115,18630,931857.00,
539195,POEL        ,X ,Q,152.10,161.45,148.00,151.00,153.90,154.90,190,15147,2359599.00,
539196,AEL         ,X ,Q,48.70,49.80,46.50,47.70,47.50,46.90,247,31595,1522385.00,
539199,SGFIN       ,XT,Q,360.75,360.75,360.75,360.75,360.75,343.60,2,1000,360750.00,
539201,SATIA       ,B ,Q,127.45,132.35,126.00,131.70,131.95,127.80,810,20873,2724931.00,
539216,GARMNTMNTR  ,B ,Q,5.40,5.55,5.10,5.45,5.45,5.34,210,78059,418418.00,
539217,SRESTHA     ,X ,Q,1.19,1.19,1.15,1.16,1.16,1.18,146,96376,112846.00,
539218,SAUMYA      ,X ,Q,87.05,91.50,81.50,82.10,82.10,87.05,16,452,38247.00,
539219,MUL         ,X ,Q,3.04,3.19,3.00,3.19,3.19,3.04,72,52187,163594.00,
539220,MISHKA      ,XT,Q,35.70,35.70,35.70,35.70,35.70,35.70,8,2000,71400.00,
539221,SPORTKING   ,A ,Q,686.25,703.90,684.60,695.05,697.95,686.85,243,1435,1001262.00,
539222,GROWINGTON  ,M ,Q,71.10,71.50,71.10,71.40,71.40,71.25,12,30000,2139250.00,
539223,AMBITION    ,X ,Q,6.04,6.04,5.35,5.50,5.50,5.60,17,11431,62847.00,
539224,HCKKVENTURE ,X ,Q,77.80,77.80,71.70,77.80,77.80,74.10,101,23365,1801797.00,
539226,RUDRA       ,B ,Q,89.00,94.50,89.00,92.90,92.70,90.00,318,110803,10273503.00,
539227,LOYAL       ,B ,Q,57.95,58.05,56.00,57.60,57.75,56.70,47,8908,509206.00,
539228,GGPL        ,XT,Q,14.65,14.65,14.65,14.65,14.65,14.90,260,61728,904315.00,
539251,BALKRISHNA  ,B ,Q,43.45,43.65,41.60,43.65,43.65,39.70,78,8222,355884.00,
539252,SCFL        ,B ,Q,20.50,20.95,20.15,20.35,20.50,20.75,386,43792,900051.00,
539254,ADANITRANS  ,A ,Q,2499.00,2582.10,2460.00,2562.45,2570.00,2501.10,3547,31836,81038884.00,
539255,STARDELTA   ,X ,Q,120.00,120.00,110.05,114.10,114.10,121.65,11,274,31152.00,
539267,SAMSRITA    ,X ,Q,33.40,33.40,29.20,30.05,30.30,31.35,42,1623,48814.00,
539268,SYNGENE     ,A ,Q,577.50,586.85,567.85,581.05,577.20,574.65,2658,19386,11171874.00,
539275,MSL         ,B ,Q,89.55,90.00,87.55,89.85,90.00,87.95,7,40,3584.00,
539276,KAYA        ,B ,Q,313.85,332.00,313.85,323.00,320.75,309.70,75,392,127502.00,
539277,ALSTONE     ,X ,Q,2.50,2.50,2.50,2.50,2.50,2.40,335,1605528,4013820.00,
539278,SYMBIOX     ,X ,Q,4.97,4.97,4.55,4.97,4.97,4.74,634,281405,1389811.00,
539287,ORTINLAABS  ,B ,Q,24.70,24.70,23.15,23.40,23.60,23.60,205,14943,351581.00,
539288,AVI         ,X ,Q,19.40,19.50,19.00,19.25,19.30,19.40,92,5423,104015.00,
539289,AURUM       ,B ,Q,121.95,122.20,119.00,119.70,119.00,120.40,208,3292,396814.00,
539290,BINDALAGRO  ,B ,Q,25.30,27.25,25.30,26.90,26.90,25.60,401,23899,628562.00,
539291,OZONEWORLD  ,X ,Q,6.15,6.59,6.15,6.53,6.53,6.47,22,5261,32404.00,
539300,AKSPINTEX   ,X ,Q,75.95,76.00,74.00,74.30,74.30,74.45,97,3779,282730.00,
539301,ARVSMART    ,B ,Q,282.50,322.50,282.50,317.45,320.40,281.70,4768,84802,26206559.00,
539302,POWERMECH   ,B ,Q,2012.20,2020.40,1959.45,1975.85,1984.85,2005.65,561,1441,2865814.00,
539304,CANOPYFIN   ,X ,Q,39.90,42.50,39.70,40.05,42.50,41.50,10,141,5645.00,
539309,RAMASTEEL   ,B ,Q,167.20,174.20,164.95,165.10,165.25,163.75,2660,115030,19301633.00,
539310,THINKINK    ,B ,Q,76.00,77.95,75.95,77.20,77.75,75.90,281,494324,37961899.00,
539312,UTISENSETF  ,A ,Q,647.00,648.95,644.80,646.09,644.80,647.00,23,33,21333.00,
539313,UTINIFTETF  ,B ,Q,1930.00,1948.50,1925.00,1948.50,1948.50,1927.00,14,31,60152.00,
539314,UNIAUTO     ,B ,Q,104.80,106.00,102.75,105.00,106.00,101.55,36,5617,588135.00,
539331,VETO        ,B ,Q,102.95,107.75,102.95,107.10,107.75,103.35,339,7582,807266.00,
539332,NAVKARCORP  ,B ,Q,61.95,63.15,60.60,61.10,61.30,62.05,1563,180862,11232712.00,
539334,SHREEPUSHK  ,B ,Q,175.80,182.15,174.80,181.05,181.35,176.25,308,2634,471049.00,
539336,GUJGAS      ,A ,Q,487.00,487.00,473.70,479.65,478.75,478.30,942,22589,10813747.00,
539337,WAAREE      ,M ,Q,159.10,162.45,159.10,160.80,159.10,159.00,3,2100,336455.00,
539346,SADBHIN     ,B ,Q,5.87,6.15,5.87,6.14,6.14,5.86,205,155144,940989.00,
539353,SALAUTO     ,X ,Q,233.00,235.00,226.20,234.20,235.00,226.85,24,4985,1164819.00,
539354,POLYSPIN    ,X ,Q,57.65,60.35,57.60,60.35,60.35,57.60,16,1519,88409.00,
539359,PRITIKAUTO  ,B ,Q,15.95,15.95,15.20,15.70,15.60,15.60,140,21386,333615.00,
539378,SML         ,XT,Q,32.00,33.60,30.40,33.50,33.50,32.00,22,460,15180.00,
539383,MINFY       ,Z ,Q,9.60,9.60,8.89,8.89,8.89,9.35,9,272,2493.00,
539384,KRISHNACAP  ,XT,Q,15.60,16.80,15.60,16.80,16.80,16.00,4,220,3576.00,
539391,ACME        ,Z ,Q,18.50,19.25,18.50,19.25,19.25,19.25,16,863,16339.00,
539398,VISHALBL    ,B ,Q,75.70,76.15,72.60,74.50,74.50,72.55,199,8842,667212.00,
539399,BELLACASA   ,B ,Q,142.85,143.00,136.00,140.00,140.00,140.05,34,1809,253027.00,
539400,MALLCOM     ,B ,Q,655.80,688.00,655.15,680.25,684.00,656.10,164,887,601369.00,
539402,VAL         ,B ,Q,18.40,18.80,18.40,18.50,18.55,18.50,129,32166,599540.00,
539404,SATIN       ,B ,Q,150.50,153.50,148.55,152.80,153.45,148.50,722,15129,2293178.00,
539406,SWAGTAM     ,X ,Q,64.25,64.25,64.25,64.25,64.25,61.20,5,171,10986.00,
539407,GENCON      ,B ,Q,32.80,33.10,32.40,32.80,32.90,32.00,79,2815,91814.00,
539409,NEERAJ      ,XT,Q,17.55,17.55,16.10,17.05,17.05,16.85,15,1408,23026.00,
539410,MUZALI      ,X ,Q,2.28,2.28,2.08,2.16,2.20,2.15,79,40236,87194.00,
539428,TEJNAKSH    ,B ,Q,103.00,113.95,100.05,108.15,109.90,102.90,143,4117,441449.00,
539436,COFFEEDAY   ,A ,Q,48.40,48.80,47.75,48.35,48.35,48.15,2872,247961,11961506.00,
539437,IDFCFIRSTB  ,A ,Q,56.00,56.40,55.30,55.80,55.80,55.95,6373,2160872,120641887.00,
539447,BEARDSELL   ,B ,Q,23.10,26.40,22.70,24.70,24.70,23.10,398,33334,827393.00,
539448,INDIGO      ,A ,Q,2015.05,2052.95,2007.75,2014.25,2010.05,2028.10,1588,12462,25249001.00,
539450,SHK         ,B ,Q,136.00,138.05,136.00,137.25,137.05,137.00,126,1146,157252.00,
539455,ARYAVAN     ,X ,Q,14.15,14.15,13.00,13.00,13.00,13.68,3,21,284.00,
539469,PANORAMA    ,X ,Q,164.80,164.80,164.80,164.80,164.80,160.00,1,6,988.00,
539470,SHREEGANES  ,X ,Q,1.43,1.48,1.43,1.46,1.46,1.46,1405,1584127,2314429.00,
539479,GTV         ,X ,Q,330.00,330.00,299.50,320.40,315.05,315.25,285,12937,4029597.00,
539480,LICNETFN50  ,B ,Q,195.00,195.00,194.38,195.00,195.00,195.00,8,23,4475.00,
539487,LICNETFSEN  ,A ,Q,663.48,663.48,657.00,657.00,657.00,660.50,7,32,21192.00,
539492,GARBIFIN    ,XT,Q,31.40,31.40,30.10,31.30,31.35,31.35,46,2684,82918.00,
539494,SMARTFIN    ,X ,Q,8.04,8.16,7.80,7.98,8.06,7.91,336,47159,380059.00,
539506,ADCON       ,XT,Q,2.47,2.47,2.47,2.47,2.47,2.36,527,1204882,2976058.00,
539515,QUINT       ,X ,Q,148.90,148.90,143.00,145.85,146.00,144.65,118,3872,561818.00,
539516,HDFCNIFETF  ,B ,Q,195.60,197.39,194.82,196.26,196.10,196.40,131,2046,401609.00,
539517,SXETF       ,A ,Q,664.55,664.99,658.10,663.00,663.00,664.28,126,6107,4043508.00,
539518,UDAYJEW     ,X ,Q,125.75,131.00,124.50,128.45,129.00,128.30,272,6322,812631.00,
539519,MAYUKH      ,X ,Q,9.65,10.45,9.30,9.93,9.72,9.45,137,118524,1160083.00,
539521,NAVIGANT    ,M ,Q,33.25,33.25,33.25,33.25,33.25,34.95,2,10000,332500.00,
539522,GROVY       ,XT,Q,116.00,116.00,116.00,116.00,116.00,117.90,1,100,11600.00,
539523,ALKEM       ,A ,Q,3083.65,3083.65,2983.30,3023.30,3022.30,3071.80,504,1443,4373762.00,
539524,LALPATHLAB  ,A ,Q,2263.85,2311.00,2258.80,2270.70,2275.00,2252.60,2076,12888,29441855.00,
539526,SCTL        ,B ,Q,1.13,1.13,1.04,1.06,1.06,1.09,6907,1276551,1375400.00,
539527,CREATIVE    ,X ,Q,500.00,523.00,485.00,511.60,509.70,507.55,20,88,44836.00,
539528,AAYUSH      ,X ,Q,20.00,20.00,19.50,20.00,20.00,19.25,12,786,15620.00,
539542,LUXIND      ,B ,Q,1614.35,1710.50,1612.10,1686.85,1685.70,1611.75,577,2511,4200670.00,
539544,ABHIINFRA   ,X ,Q,3.63,3.63,3.63,3.63,3.63,3.46,1,80,290.00,
539545,APOORVA     ,X ,Q,46.00,46.15,41.80,45.80,45.80,44.00,14,441,19581.00,
539546,BNL         ,X ,Q,75.00,79.80,72.95,76.85,78.40,76.75,258,67118,5078197.00,
539551,NH          ,A ,Q,761.25,765.00,751.00,756.35,751.00,760.00,566,5628,4282724.00,
539559,DDIL        ,X ,Q,114.90,118.45,109.25,118.45,118.45,112.85,55,11461,1334652.00,
539561,REMLIFE     ,X ,Q,139.00,140.00,139.00,140.00,140.00,137.75,3,22,3060.00,
539562,AARNAV      ,X ,Q,44.50,44.50,43.15,43.25,43.25,43.85,316,22930,997793.00,
539584,SIPTL       ,X ,Q,1.33,1.33,1.16,1.28,1.29,1.26,283,255978,325819.00,
539593,SHIVA       ,XT,Q,3.62,3.81,3.62,3.65,3.70,3.81,21,2900,10613.00,
539594,MISHTANN    ,B ,Q,9.33,9.33,9.05,9.14,9.14,9.15,2475,1827521,16703622.00,
539597,JSLHISAR    ,A ,Q,394.00,409.95,388.40,397.15,394.70,385.90,541,8218,3295157.00,
539598,ORACLECR    ,X ,Q,159.00,159.00,145.50,145.55,145.50,153.15,409,12726,1877732.00,
539607,BLUECLOUDS  ,X ,Q,13.53,14.14,13.00,14.13,14.13,13.53,20,1873,25761.00,
539620,AINFRA      ,X ,Q,23.35,24.25,21.20,22.35,22.25,22.85,82,14687,345477.00,
539621,BCLENTERPR  ,X ,Q,1.44,1.45,1.34,1.38,1.38,1.39,1036,644727,896473.00,
539636,PRECAM      ,B ,Q,98.15,100.05,97.75,98.95,99.60,98.45,264,6197,613930.00,
539658,TEAMLEASE   ,A ,Q,2511.95,2532.25,2468.60,2504.65,2468.60,2514.20,239,413,1037134.00,
539659,VIDLI       ,B ,Q,40.95,44.85,40.85,41.20,40.90,42.95,33,8300,340503.00,
539660,BESTAGRO    ,A ,Q,1462.75,1479.90,1437.75,1459.65,1463.75,1452.65,799,4843,7050971.00,
539661,ACEMEN      ,XT,Q,61.75,65.90,61.75,62.60,62.60,64.60,38,1774,111219.00,
539662,BFLAFL      ,X ,Q,20.00,20.30,19.05,19.95,19.75,19.40,132,12531,249852.00,
539673,RCL         ,Z ,Q,21.00,21.00,21.00,21.00,21.00,21.05,2,67,1407.00,
539678,QUICKHEAL   ,B ,Q,170.05,177.00,170.05,175.15,175.15,174.00,293,4291,747255.00,
539679,KAPILRAJ    ,X ,Q,13.67,13.67,13.67,13.67,13.67,13.02,6,5103,69758.00,
539686,KPEL        ,B ,Q,362.45,368.50,360.05,363.10,363.10,362.45,363,9780,3553508.00,
539692,IFINSER     ,X ,Q,10.45,10.47,9.50,9.50,9.50,9.98,7,7229,75678.00,
539725,GOKULAGRO   ,B ,Q,127.50,129.40,122.65,124.90,126.00,125.25,1525,37768,4754199.00,
539730,FREDUN      ,X ,Q,1100.10,1140.00,1100.00,1113.70,1130.00,1133.00,131,1735,1949502.00,
539742,SIMBHALS    ,B ,Q,25.15,27.55,25.15,26.30,26.30,26.25,241,38429,1044524.00,
539767,MNIL        ,X ,Q,22.75,23.85,22.75,23.85,23.85,22.75,255,48755,1136277.00,
539773,ADVIKCA     ,XT,Q,2.92,3.05,2.85,2.94,2.96,2.97,153,103619,304151.00,
539784,LICNFNHGP   ,B ,Q,197.90,197.90,195.00,195.35,195.35,193.74,5,6,1176.00,
539785,PDMJEPAPER  ,B ,Q,45.55,48.90,44.75,47.90,47.90,45.50,1108,97564,4622204.00,
539787,HCG         ,A ,Q,284.25,289.45,284.25,286.55,286.00,286.80,246,9812,2825536.00,
539798,UMIYA       ,B ,Q,8.85,8.85,8.41,8.80,8.80,8.85,23,12762,107368.00,
539799,BHARATWIRE  ,B ,Q,105.00,106.00,102.50,105.10,105.95,105.80,547,10534,1094327.00,
539800,CHDCHEM     ,B ,Q,7.35,7.35,6.90,6.90,6.90,6.89,23,14162,100032.00,
539807,INFIBEAM    ,A ,Q,16.40,16.55,16.05,16.30,16.30,16.40,2011,919541,14991052.00,
539814,LELAVOIR    ,X ,Q,33.25,33.25,32.80,32.80,32.80,32.10,3,3,98.00,
539834,BALGOPAL    ,X ,Q,32.65,32.65,30.00,32.00,32.00,31.10,22,981,31409.00,
539835,SUPERIOR    ,X ,Q,2.36,2.40,2.25,2.40,2.40,2.40,17,6754,15562.00,
539837,RPEL        ,B ,Q,878.45,934.80,878.45,898.65,898.65,878.45,675,26469,24049162.00,
539839,FRANKLIN    ,M ,Q,11.66,12.82,11.66,12.82,12.82,11.66,5,20000,251760.00,
539841,LANCER      ,B ,Q,211.90,214.25,207.00,214.25,214.25,194.80,1554,41296,8770676.00,
539843,NINSYS      ,M ,Q,233.60,245.25,230.50,245.25,245.25,233.60,3,2250,532012.00,
539844,EQUITAS     ,A ,Q,123.00,126.90,120.90,124.60,124.60,123.70,4190,178706,22321009.00,
539854,HALDER      ,X ,Q,290.25,294.20,290.00,291.05,291.05,294.05,18,146,42673.00,
539871,THYROCARE   ,A ,Q,615.45,631.65,613.15,616.35,617.20,612.55,928,8381,5214893.00,
539872,BAJAJHCARE  ,B ,Q,428.00,431.55,419.00,429.70,423.85,419.00,786,9172,3917430.00,
539874,UJJIVAN     ,A ,Q,254.10,264.55,251.25,262.80,262.90,254.50,1157,45672,11888808.00,
539875,RSDFIN      ,X ,Q,105.95,105.95,88.20,90.30,89.00,90.45,7,52,4754.00,
539876,CROMPTON    ,A ,Q,340.00,345.60,337.15,338.30,338.30,338.25,1307,23952,8179657.00,
539883,PILANIINVS  ,B ,Q,1865.70,1925.00,1863.70,1903.30,1863.70,1854.90,91,234,446069.00,
539884,DARSHANORNA ,B ,Q,3.96,3.96,3.75,3.86,3.89,3.82,129,34935,134313.00,
539889,PARAGMILK   ,B ,Q,105.40,105.40,103.25,103.65,103.25,105.40,495,19491,2043339.00,
539894,MADHAVIPL   ,X ,Q,5.23,5.44,5.16,5.39,5.39,5.23,522,394456,2111062.00,
539910,KOCL        ,XT,Q,2.41,2.52,2.30,2.49,2.52,2.41,84,46026,111841.00,
539921,SEIL        ,B ,Q,70.45,71.25,68.55,70.00,70.80,69.85,50,2528,176782.00,
539938,MIL         ,X ,Q,68.00,72.00,68.00,71.85,71.95,67.90,19,1575,110465.00,
539939,YASHCHEM    ,B ,Q,71.80,72.55,68.15,72.40,72.00,71.85,129,27706,1994529.00,
539940,MAXVIL      ,B ,Q,145.25,152.75,145.25,150.00,150.55,147.95,87,1183,178845.00,
539945,ICICINV20   ,B ,Q,99.00,99.99,98.10,99.00,98.88,99.10,114,2832,281111.00,
539946,BAZELINTER  ,XT,Q,28.35,28.35,28.35,28.35,28.35,27.00,1,783,22198.00,
539947,JLL         ,XT,Q,39.00,39.00,39.00,39.00,39.00,39.00,5,111,4329.00,
539956,TAALENT     ,X ,Q,1519.80,1549.00,1480.60,1510.15,1510.00,1506.95,95,1212,1840116.00,
539957,MGL         ,A ,Q,849.95,851.25,839.25,842.40,842.40,847.10,522,3824,3224719.00,
539963,ZEAL        ,B ,Q,8.14,8.18,7.96,8.04,8.04,8.14,230,55313,445417.00,
539978,QUESS       ,A ,Q,413.00,413.85,408.95,411.15,411.15,413.25,652,5847,2403520.00,
539980,ICICIMCAP   ,B ,Q,100.25,100.75,100.00,100.45,100.05,99.70,18,63,6309.00,
539982,ASYL        ,B ,Q,11.90,12.49,11.90,12.39,12.40,11.91,23,5183,64626.00,
539984,HUIL        ,X ,Q,1900.00,1900.00,1800.20,1831.10,1831.10,1900.00,15,1079,2019518.00,
539986,COMSYN      ,B ,Q,94.00,97.00,88.00,93.55,93.55,91.80,416,29196,2738225.00,
539991,CFEL        ,X ,Q,294.00,298.85,275.00,275.10,275.10,286.25,90,2047,576339.00,
539992,LLOYDSTEEL  ,A ,Q,16.04,17.30,15.50,16.04,16.04,16.04,8223,3533070,58216652.00,
539997,KPL         ,B ,Q,386.00,399.90,372.05,391.20,392.00,371.40,671,13932,5427688.00,
540005,LTIM        ,A ,Q,4370.00,4370.00,4309.65,4338.80,4338.80,4389.10,1378,6293,27331885.00,
540006,EASTWEST    ,XT,Q,5.79,5.99,5.79,5.90,5.90,5.79,50,15991,94435.00,
540008,BSLSENETFG  ,A ,Q,57.50,59.03,57.50,58.88,59.03,59.01,13,527,30972.00,
540023,COLORCHIPS  ,X ,Q,9.89,10.08,9.35,9.71,9.68,9.83,775,196343,1890607.00,
540025,ADVENZYMES  ,A ,Q,280.25,284.55,280.25,282.20,282.35,280.75,221,1496,423531.00,
540026,LAHL        ,XT,Q,5.00,5.27,4.86,4.90,4.90,5.10,19,414,2049.00,
540027,PTIL        ,T ,Q,353.70,353.70,353.70,353.70,353.70,355.70,1,1,353.00,
540047,DBL         ,A ,Q,217.80,219.75,216.00,217.85,217.65,219.20,967,21012,4575339.00,
540048,SPAL        ,B ,Q,314.90,333.60,310.00,314.50,314.00,310.70,677,6042,1947431.00,
540061,BIGBLOC     ,B ,Q,135.95,139.30,132.95,139.30,139.30,132.70,252,4841,665380.00,
540063,ECS         ,X ,Q,7.76,7.76,7.38,7.53,7.48,7.76,28,14201,105639.00,
540065,RBLBANK     ,A ,Q,166.55,174.25,165.50,173.00,173.00,166.55,8663,1206678,205921237.00,
540073,BLS         ,A ,Q,176.00,176.75,170.00,171.05,171.05,174.25,3497,108060,18627205.00,
540078,MITSU       ,B ,Q,235.00,235.00,220.25,225.25,225.70,224.80,221,3439,775245.00,
540081,GOVNOW      ,B ,Q,5.26,5.26,5.26,5.26,5.26,5.26,3,17,89.00,
540097,VISCO       ,XT,Q,116.20,124.00,116.10,119.95,121.45,122.20,46,1405,166603.00,
540108,TIAANC      ,X ,Q,4.50,4.50,4.11,4.13,4.12,4.20,41,9293,39379.00,
540115,LTTS        ,A ,Q,3741.00,3760.75,3692.05,3700.00,3700.00,3778.95,2377,8236,30674477.00,
540124,GNA         ,B ,Q,662.30,674.70,661.00,666.05,666.05,662.75,105,305,203410.00,
540125,RADHIKAJWE  ,B ,Q,154.25,157.15,151.10,154.80,156.90,156.95,54,303,46659.00,
540133,ICICIPRULI  ,A ,Q,448.30,453.45,447.80,449.15,449.50,450.35,795,123532,55771779.00,
540134,IISL        ,X ,Q,3.65,3.65,3.38,3.38,3.38,3.55,28,6845,23549.00,
540135,ARCFIN      ,XT,Q,0.92,0.92,0.86,0.88,0.88,0.90,1521,2447749,2134360.00,
540136,HPL         ,B ,Q,96.40,96.40,92.05,94.00,94.00,92.20,639,24679,2304725.00,
540143,SAGARSOFT   ,X ,Q,142.00,144.00,140.25,140.80,140.80,141.50,11,1123,157881.00,
540145,VALIANTORG  ,A ,Q,593.50,599.00,590.65,596.00,592.85,598.65,679,4785,2851623.00,
540146,ACML        ,M ,Q,76.50,76.50,70.50,73.00,73.00,73.75,7,23000,1673050.00,
540147,SHASHIJIT   ,T ,Q,32.75,32.95,32.00,32.80,32.80,32.00,69,96150,3113065.00,
540153,ENDURANCE   ,A ,Q,1380.15,1405.35,1379.25,1398.65,1405.35,1399.75,294,1096,1523880.00,
540154,IDFSENSEXE  ,A ,Q,650.00,660.00,644.20,644.20,644.20,640.60,7,12,7779.00,
540159,PURPLE      ,X ,Q,7.55,7.55,6.85,7.45,7.45,7.58,5,124,919.00,
540168,SUPRAP      ,X ,Q,21.80,22.65,19.60,21.25,22.65,20.65,20,6597,139941.00,
540173,PNBHOUSING  ,A ,Q,508.00,517.30,496.60,503.30,503.30,509.25,2122,65147,33023073.00,
540174,SOUTHERNIN  ,XT,Q,17.15,17.20,16.30,17.20,17.20,16.40,20,1130,19386.00,
540175,REGENCY     ,X ,Q,6.85,7.00,6.75,6.98,7.00,6.69,222,55106,381395.00,
540180,VBL         ,A ,Q,1329.95,1343.60,1310.00,1321.90,1321.90,1318.30,2085,26986,35719216.00,
540181,SALEM       ,X ,Q,42.25,44.60,42.20,44.40,44.40,44.70,8,370,15671.00,
540192,LKPSEC      ,X ,Q,14.00,14.30,13.40,13.85,13.85,13.95,180,25897,357169.00,
540198,OSIAJEE     ,X ,Q,44.50,44.50,43.15,44.05,44.15,44.25,733,46189,2038525.00,
540203,SFL         ,A ,Q,1309.95,1329.60,1264.25,1296.90,1296.95,1274.65,680,2059,2671274.00,
540204,EIKO        ,X ,Q,49.00,50.95,47.00,47.15,47.15,49.45,90,17315,834144.00,
540205,AVL         ,B ,Q,1598.95,1598.95,1550.00,1557.00,1564.90,1600.95,595,5785,9095954.00,
540210,HEADSUP     ,B ,Q,17.12,17.15,16.24,16.79,16.94,16.37,108,13709,230126.00,
540212,TCIEXP      ,A ,Q,1792.15,1822.90,1762.45,1807.00,1810.00,1771.65,1121,2867,5123413.00,
540222,LAURUSLABS  ,A ,Q,373.05,379.80,372.00,373.15,373.15,374.60,1701,68499,25713369.00,
540243,NEWLIGHT    ,X ,Q,14.45,14.67,13.76,14.53,14.53,14.20,23,2183,31164.00,
540252,VSL         ,B ,Q,14.90,15.10,14.40,14.85,14.85,14.90,513,70744,1047021.00,
540254,MTPL        ,X ,Q,9.20,9.69,8.80,8.80,8.80,9.23,12,33186,306568.00,
540266,GLCL        ,Z ,Q,47.20,47.60,46.30,47.60,47.60,45.35,242,61549,2925201.00,
540268,TRU         ,B ,Q,72.20,75.75,71.20,71.55,71.55,73.35,470,21586,1572446.00,
540293,PRICOLLTD   ,A ,Q,185.80,188.55,182.90,184.45,184.55,185.50,1521,52925,9841403.00,
540310,CFL         ,XT,Q,7.32,7.32,7.32,7.32,7.32,7.70,2,6,43.00,
540311,JITFINFRA   ,T ,Q,104.50,109.75,104.50,109.65,109.65,104.95,14,1686,183805.00,
540358,RMC         ,M ,Q,265.00,265.00,265.00,265.00,265.00,261.95,1,2000,530000.00,
540359,PARMAX      ,X ,Q,42.65,42.65,42.65,42.65,42.65,44.85,105,8510,362951.00,
540360,LLFICL      ,X ,Q,8.20,8.76,8.12,8.76,8.76,8.35,80,29163,254755.00,
540361,DANUBE      ,XT,Q,15.65,15.65,15.65,15.65,15.65,15.95,30,2197,34383.00,
540366,RADIOCITY   ,B ,Q,25.00,25.20,25.00,25.05,25.05,25.00,13,862,21579.00,
540376,DMART       ,A ,Q,4057.60,4070.00,4008.05,4016.85,4012.05,4072.30,1034,5141,20726439.00,
540377,IFL         ,B ,Q,141.75,141.75,137.90,140.55,140.70,140.20,5365,107660,15121573.00,
540385,KDLL        ,X ,Q,9.87,10.35,9.51,10.33,10.33,9.87,16,1457,14950.00,
540386,ONTIC       ,XT,Q,2.33,2.33,2.33,2.33,2.33,2.37,63,18338,42727.00,
540393,SMLT        ,B ,Q,139.85,139.85,133.35,135.15,136.50,139.05,148,3257,450003.00,
540395,CHEMCRUX    ,B ,Q,375.00,382.25,371.00,382.25,382.25,364.05,702,21819,8288068.00,
540396,MANOMAY     ,M ,Q,92.00,92.00,92.00,92.00,92.00,93.00,1,2000,184000.00,
540401,MAXIMUS     ,B ,Q,17.50,19.20,17.50,19.05,19.05,18.30,3286,1085360,20308527.00,
540403,CLEDUCATE   ,B ,Q,74.05,75.35,72.80,73.65,72.80,74.10,127,2852,210971.00,
540404,PRIMEFRESH  ,M ,Q,230.10,232.15,230.10,232.15,232.15,249.80,2,1500,346687.00,
540405,OCEANIC     ,B ,Q,34.40,34.50,31.40,32.70,32.70,33.05,15,1654,54337.00,
540425,SHANKARA    ,B ,Q,639.00,677.95,639.00,663.95,662.15,639.00,1056,6800,4512752.00,
540481,CLFL        ,X ,Q,11.90,11.90,11.90,11.90,11.90,11.90,1,81,963.00,
540492,STARLENT    ,B ,Q,114.10,114.10,108.00,109.35,109.50,107.40,197,23327,2561545.00,
540497,SCHAND      ,B ,Q,164.50,172.95,162.40,167.90,167.90,165.70,666,19947,3377059.00,
540519,MEERA       ,B ,Q,50.00,50.00,48.80,49.35,49.30,49.45,62,3422,169257.00,
540526,IRBINVIT    ,IF,Q,66.46,66.46,65.11,65.58,65.58,65.21,103,4505,294898.00,
540530,HUDCO       ,A ,Q,50.05,52.10,49.75,51.60,51.60,50.20,7417,1574473,80101406.00,
540544,PSPPROJECT  ,A ,Q,681.25,699.55,672.70,692.90,689.30,679.45,830,8299,5700062.00,
540545,BGJL        ,B ,Q,15.20,16.40,15.00,15.70,15.70,15.50,154,31735,489875.00,
540550,YUG         ,M ,Q,70.10,80.00,70.10,80.00,80.00,70.10,5,10000,767500.00,
540565,INDIGRID    ,IF,Q,139.10,139.39,138.00,139.00,139.00,139.40,156,2456,341008.00,
540570,VARIMAN     ,X ,Q,24.05,25.00,23.40,23.75,23.95,24.05,390,420464,10286991.00,
540575,STARCEMENT  ,A ,Q,114.15,115.50,112.05,112.95,112.95,114.70,456,25637,2919088.00,
540590,RIDDHICORP  ,T ,Q,407.90,407.90,369.15,407.20,407.90,388.50,30,2405,975485.00,
540595,TEJASNET    ,A ,Q,577.55,593.95,575.10,578.60,579.60,575.30,1796,37933,22154681.00,
540596,ERIS        ,A ,Q,653.95,657.75,644.10,645.30,644.10,653.75,488,3028,1975885.00,
540597,CONTAINER   ,XT,Q,4.80,4.80,4.75,4.80,4.80,4.80,9,215,1025.00,
540602,GTPL        ,B ,Q,129.35,130.25,129.10,129.65,129.95,129.70,52,1663,215783.00,
540611,AUBANK      ,A ,Q,655.10,666.55,655.10,663.15,662.45,662.55,593,7206,4773832.00,
540612,ICICILOVOL  ,B ,Q,143.00,143.60,143.00,143.45,143.47,142.68,9,14,2007.00,
540614,GGENG       ,T ,Q,1.39,1.39,1.39,1.39,1.39,1.41,280,373976,519826.00,
540615,7NR         ,B ,Q,0.85,0.88,0.81,0.82,0.82,0.85,1876,4515497,3767726.00,
540642,SALASAR     ,B ,Q,49.40,51.05,47.35,51.00,51.00,48.65,2111,625907,31608104.00,
540647,GANGESSEC   ,B ,Q,115.35,122.00,115.00,120.35,120.90,117.25,70,1728,208594.00,
540648,PALASHSEC   ,B ,Q,133.00,147.00,132.00,137.80,137.80,144.60,73,1280,174710.00,
540649,AVADHSUGAR  ,B ,Q,540.00,540.00,527.50,536.55,537.25,534.00,646,4285,2283112.00,
540650,MAGADHSUGAR ,B ,Q,324.50,324.50,314.55,316.75,314.55,322.00,71,423,135136.00,
540653,SINTEXPLAST ,B ,Q,3.04,3.04,2.96,2.99,2.99,3.01,480,657615,1967486.00,
540654,GSTL        ,B ,Q,46.80,46.80,37.50,40.95,40.80,40.00,72,3549,144141.00,
540669,UTINEXT50   ,B ,Q,44.12,45.30,44.12,44.53,44.65,44.45,67,1626,72820.00,
540673,SIS         ,A ,Q,385.90,385.90,377.50,379.35,379.50,378.75,331,1907,725736.00,
540678,COCHINSHIP  ,A ,Q,550.15,551.00,530.05,541.50,541.50,550.15,2641,72412,39109678.00,
540679,SMSLIFE     ,B ,Q,616.00,632.60,608.40,624.55,624.55,612.75,60,1144,705244.00,
540680,KIOCL       ,A ,Q,215.15,225.00,212.55,217.95,218.70,212.05,530,6677,1464613.00,
540681,CHOTHANI    ,M ,Q,15.20,15.20,15.20,15.20,15.20,15.25,1,10000,152000.00,
540686,SMRUTHIORG  ,X ,Q,174.80,179.00,172.75,175.60,175.00,172.15,79,6983,1230234.00,
540691,ABCAPITAL   ,A ,Q,147.15,149.30,146.55,147.70,147.70,148.00,1308,123318,18262515.00,
540692,APEX        ,B ,Q,247.90,251.90,247.80,249.35,249.65,247.80,69,838,209393.00,
540693,SHISHIND    ,T ,Q,153.00,153.00,148.90,151.30,152.50,151.00,85,1216,183813.00,
540694,ANG         ,B ,Q,125.85,125.85,121.60,122.35,122.65,122.60,219,5199,641492.00,
540695,DWL         ,M ,Q,32.35,32.35,32.35,32.35,32.35,34.05,3,1200,38820.00,
540696,KCDGROUP    ,X ,Q,92.50,98.50,91.35,94.30,93.00,96.15,58,1467,136663.00,
540699,DIXON       ,A ,Q,3935.00,3945.00,3890.05,3928.75,3927.15,3941.20,1739,6495,25481080.00,
540700,BRNL        ,B ,Q,39.60,42.35,39.50,40.05,39.50,38.90,707,52124,2141682.00,
540701,DCAL        ,A ,Q,89.10,90.85,88.75,89.30,89.00,89.40,641,24334,2182965.00,
540702,LASA        ,B ,Q,35.35,35.35,32.85,33.85,33.85,33.00,135,6542,225187.00,
540703,PROCLB      ,X ,Q,10.98,10.98,10.98,10.98,10.98,10.46,2,2,21.00,
540704,MATRIMONY   ,B ,Q,561.65,569.95,558.85,568.30,564.45,563.35,153,3437,1929906.00,
540709,RELHOME     ,B ,Q,3.54,3.57,3.35,3.46,3.49,3.40,388,194854,680629.00,
540710,CAPACITE    ,B ,Q,139.10,144.00,139.10,141.65,141.10,138.55,1224,26787,3787489.00,
540715,SAGAR       ,M ,Q,52.00,52.00,46.60,50.80,50.80,50.90,11,33000,1641600.00,
540716,ICICIGI     ,A ,Q,1232.05,1254.05,1229.85,1235.55,1240.55,1244.05,1295,9568,11836872.00,
540717,PQIF        ,B ,Q,54.75,54.75,49.10,50.05,49.50,50.00,182,109961,5529808.00,
540719,SBILIFE     ,A ,Q,1223.05,1249.45,1223.05,1242.50,1243.75,1239.95,1089,7399,9191002.00,
540724,DIAMONDYD   ,B ,Q,870.05,923.10,868.00,910.35,909.05,872.45,143,774,696641.00,
540725,SISL        ,A ,Q,1246.10,1260.40,1230.65,1240.55,1245.00,1248.80,204,1368,1707884.00,
540726,TTFL        ,B ,Q,92.40,96.75,92.40,93.85,93.85,92.40,172,4550,430211.00,
540727,POOJA       ,B ,Q,48.25,50.65,47.20,49.70,49.00,48.25,163,20085,985262.00,
540728,SAYAJIIND   ,X ,Q,184.80,185.00,184.70,185.00,185.00,179.00,17,851,157394.00,
540729,VANTABIO    ,MT,Q,66.95,66.95,66.95,66.95,66.95,63.80,2,2250,150637.00,
540730,MEHAI       ,T ,Q,18.55,19.95,18.55,19.00,19.00,19.25,105,13188,254808.00,
540735,IRIS        ,B ,Q,74.25,76.45,73.30,74.40,74.55,73.85,40,975,73623.00,
540737,SGRL        ,B ,Q,248.00,251.00,240.00,241.95,245.00,246.80,127,1517,373106.00,
540738,STL         ,T ,Q,398.20,419.45,398.20,400.00,400.00,414.65,9,77,31175.00,
540743,GODREJAGRO  ,A ,Q,470.00,480.00,467.70,475.75,476.10,469.40,495,4962,2346141.00,
540749,MASFIN      ,A ,Q,757.60,809.15,757.60,803.45,804.05,793.85,441,1980,1581409.00,
540750,IEX         ,A ,Q,138.80,140.30,137.40,139.60,139.60,138.55,7540,394564,54835259.00,
540755,GICRE       ,A ,Q,164.55,174.90,164.55,172.55,173.20,164.40,5021,457219,77796851.00,
540757,SCPL        ,B ,Q,599.10,658.50,595.25,646.65,654.00,594.55,1490,17587,11259154.00,
540762,TIINDIA     ,A ,Q,2795.95,2808.80,2762.60,2785.45,2789.00,2801.80,1561,5973,16621815.00,
540767,NAM-INDIA   ,A ,Q,256.00,256.00,251.60,252.05,252.05,255.35,1136,25171,6373684.00,
540768,MAHLOG      ,A ,Q,482.90,492.00,478.90,491.10,488.00,484.50,341,2892,1410255.00,
540769,NIACL       ,A ,Q,112.65,118.95,112.65,116.95,116.95,113.55,3598,283552,33118281.00,
540774,IFGLEXPOR   ,B ,Q,270.05,273.85,262.35,266.55,265.05,267.55,223,2538,687789.00,
540775,KHADIM      ,B ,Q,231.90,239.35,231.90,237.60,238.00,234.90,211,2686,636067.00,
540776,5PAISA      ,B ,Q,310.95,312.05,305.10,306.70,306.10,311.30,355,2432,749748.00,
540777,HDFCLIFE    ,A ,Q,569.95,571.05,566.40,568.20,567.65,569.95,2431,32240,18321397.00,
540782,SBRANDS     ,M ,Q,29.50,29.85,29.50,29.85,29.85,28.50,2,2000,59350.00,
540786,SHARIKA     ,B ,Q,7.06,7.46,6.90,7.28,7.29,7.05,131,41256,292149.00,
540787,ICICIB22    ,A ,Q,56.75,57.29,56.31,57.02,57.00,56.80,153,7314,414805.00,
540788,ASPIRA      ,X ,Q,42.95,43.00,40.05,40.15,40.85,40.15,39,2624,108092.00,
540789,DNAMEDIA    ,B ,Q,3.42,3.42,3.20,3.38,3.41,3.26,46,17064,56308.00,
540795,DYNAMIC     ,B ,Q,190.05,192.00,185.50,187.50,187.50,190.05,559,14512,2729350.00,
540796,RATNABHUMI  ,T ,Q,74.70,74.70,74.70,74.70,74.70,75.00,2,66,4930.00,
540797,SHALBY      ,B ,Q,134.75,148.85,134.75,143.95,142.90,135.60,1132,21446,3067270.00,
540798,FSC         ,T ,Q,25.55,26.45,25.20,25.85,25.95,26.40,38,1306,33395.00,
540809,MRCAGRO     ,M ,Q,62.50,62.50,59.10,60.75,61.35,61.65,15,40000,2435000.00,
540821,SADHNA      ,XT,Q,12.55,12.55,12.55,12.55,12.55,12.80,230,19240,241462.00,
540823,VITESSE     ,Z ,Q,22.60,22.60,20.55,21.80,22.15,21.60,53,4230,90308.00,
540824,ASTRON      ,B ,Q,33.25,37.50,33.10,33.80,33.50,32.60,499,27254,963424.00,
540829,CHANDRIMA   ,X ,Q,7.04,7.04,7.04,7.04,7.04,7.41,1,14,98.00,
540874,7SEAS       ,X ,Q,18.45,18.60,17.55,18.60,18.60,17.75,27,10208,189209.00,
540879,APOLLO      ,B ,Q,256.00,269.00,253.00,267.80,267.80,256.20,1541,61975,16537130.00,
540900,NEWGEN      ,A ,Q,362.45,363.00,358.00,359.40,358.00,363.00,161,1724,620685.00,
540901,PRAXIS      ,B ,Q,28.80,29.55,28.80,29.55,29.55,29.30,61,2272,66207.00,
540902,AMBER       ,A ,Q,1951.70,1954.40,1925.20,1942.05,1929.00,1951.60,271,769,1493430.00,
540923,AML         ,M ,Q,10.39,10.39,10.30,10.30,10.30,10.30,2,12000,124140.00,
540935,GALAXYSURF  ,A ,Q,2481.55,2496.00,2456.35,2468.40,2465.00,2480.80,517,1254,3097208.00,
540936,GGL         ,B ,Q,19.53,19.53,19.52,19.53,19.53,18.60,3131,869027,16971033.00,
540937,MEDICO      ,T ,Q,323.75,323.75,311.50,313.25,317.90,320.65,55,2117,662951.00,
540938,GUJHYSPIN   ,M ,Q,14.50,14.50,14.50,14.50,14.50,15.26,1,10000,145000.00,
540953,KENVI       ,B ,Q,43.00,43.00,43.00,43.00,43.00,43.05,3,220,9460.00,
540954,IWP         ,X ,Q,27.20,27.45,26.65,26.70,27.00,26.25,33,5184,140957.00,
540955,TDSL        ,B ,Q,18.95,20.65,18.10,19.20,19.20,18.45,276,251960,4979511.00,
540956,BHATIA      ,B ,Q,37.25,37.50,37.25,37.50,37.50,35.75,1808,908925,34056824.00,
540961,SHIVAMILLS  ,B ,Q,101.85,101.90,90.55,96.00,96.50,93.10,128,2439,228613.00,
540975,ASTERDM     ,A ,Q,226.95,232.10,226.95,230.45,228.25,229.40,434,6651,1533818.00,
540980,YSL         ,X ,Q,12126.00,12290.00,12126.00,12194.00,12194.00,12201.00,3,3,36610.00,
541005,KANCOTEA    ,X ,Q,95.75,96.75,93.40,96.40,96.40,95.90,19,226,21568.00,
541019,HGINFRA     ,A ,Q,562.80,566.95,554.90,556.95,556.25,555.50,389,3249,1825468.00,
541083,INFLAME     ,M ,Q,430.60,443.20,427.50,436.45,435.00,441.10,11,4750,2060362.00,
541096,BPLPHARMA   ,X ,Q,341.00,342.00,320.00,325.05,325.05,324.55,18,218,70957.00,
541097,LIQUIDETF   ,F ,Q,999.99,1000.00,999.99,1000.00,1000.00,1000.01,51,4897,4896979.00,
541143,BDL         ,A ,Q,906.00,934.30,891.70,920.25,920.25,905.05,3338,51262,46999462.00,
541144,ACTIVE      ,X ,Q,35.50,35.50,35.50,35.50,35.50,35.50,4,439,15584.00,
541152,GOYALALUM   ,B ,Q,169.85,170.00,165.75,169.65,170.00,169.00,65,15408,2574987.00,
541153,BANDHANBNK  ,A ,Q,236.05,237.25,232.30,232.80,232.80,237.05,4990,375494,88091310.00,
541154,HAL         ,A ,Q,2526.00,2560.85,2498.80,2524.70,2524.70,2523.95,3332,39205,99160138.00,
541161,KBCGLOBAL   ,B ,Q,2.94,2.95,2.80,2.87,2.87,2.94,754,4805095,13595451.00,
541163,SANDHAR     ,B ,Q,230.85,230.85,225.45,226.60,227.45,227.25,180,2138,487695.00,
541167,YASHO       ,A ,Q,1645.00,1645.00,1591.05,1597.10,1597.10,1621.75,1028,18108,29220508.00,
541179,ISEC        ,A ,Q,502.00,502.00,490.00,493.80,493.15,499.75,1038,12156,6013331.00,
541195,MIDHANI     ,A ,Q,212.10,221.35,211.90,214.90,215.10,212.05,2023,70484,15301520.00,
541206,OBCL        ,B ,Q,82.70,82.70,79.55,80.50,80.00,79.30,101,2007,162431.00,
541228,TRL         ,M ,Q,39.50,39.50,39.45,39.50,39.50,37.65,8,44000,1737800.00,
541233,LEMONTREE   ,A ,Q,80.45,83.85,79.20,83.20,83.20,79.75,7603,809697,66474647.00,
541269,CHEMFABALKA ,B ,Q,286.80,286.80,275.00,283.20,286.80,273.20,42,479,133684.00,
541276,HARDWYN     ,B ,Q,286.75,314.60,282.85,314.60,314.60,286.00,357,4972,1549385.00,
541301,ORIENTELEC  ,A ,Q,254.15,268.50,254.15,259.10,259.10,258.25,852,17931,4726263.00,
541302,DHRUV       ,B ,Q,53.85,54.55,52.65,53.00,53.25,54.10,61,3071,163832.00,
541303,AKSHAR      ,T ,Q,62.75,62.75,62.75,62.75,62.75,64.00,5,17,1066.00,
541313,ICICI500    ,A ,Q,25.86,26.19,25.80,25.92,25.92,25.75,25,402,10420.00,
541336,INDOSTAR    ,T ,Q,140.95,144.10,140.00,144.10,144.10,137.25,61,2447,350797.00,
541337,MILEFUR     ,M ,Q,3.86,3.86,3.86,3.86,3.86,3.68,12,42000,162120.00,
541347,PARVATI     ,X ,Q,10.29,10.96,9.26,10.23,10.23,9.86,222,28373,289403.00,
541352,MEGASTAR    ,B ,Q,228.60,237.55,225.40,232.20,229.55,232.95,161,1438,332633.00,
541353,INNOVATORS  ,M ,Q,72.50,72.50,69.00,70.65,70.65,70.50,11,17600,1239840.00,
541358,SHWL        ,XT,Q,79.50,79.55,79.50,79.55,79.55,75.80,10,1253,99619.00,
541400,ZIMLAB      ,B ,Q,104.60,108.40,102.50,106.55,105.90,103.95,125,1347,141696.00,
541402,AFFORDABLE  ,M ,Q,246.65,246.65,246.65,246.65,246.65,234.95,9,8000,1973200.00,
541403,DOLLAR      ,A ,Q,416.20,436.00,413.95,431.95,430.00,416.10,404,3129,1342762.00,
541418,NGIL        ,B ,Q,92.55,95.70,88.50,90.95,91.60,93.15,137,3088,283407.00,
541444,PALMJEWELS  ,B ,Q,13.50,13.73,13.10,13.11,13.29,13.12,34,5320,69968.00,
541445,WAA         ,M ,Q,42.50,42.50,42.50,42.50,42.50,43.00,1,1600,68000.00,
541450,ADANIGREEN  ,A ,Q,1907.00,1943.80,1877.55,1898.10,1898.10,1908.45,3699,46912,89599259.00,
541503,UNICK       ,XT,Q,47.65,47.65,46.40,47.40,47.40,45.40,7,1660,78909.00,
541540,SOLARA      ,A ,Q,429.15,438.55,429.05,430.75,432.00,431.05,1283,9925,4303674.00,
541546,GAYAHWS     ,B ,Q,0.84,0.84,0.82,0.84,0.84,0.83,67,35866,29858.00,
541556,RITES       ,A ,Q,320.00,338.90,315.20,335.65,335.65,313.80,3835,103060,33974699.00,
541557,FINEORG     ,A ,Q,5669.90,5669.90,5534.70,5605.15,5605.15,5656.25,1038,2333,13080722.00,
541578,VARROC      ,A ,Q,297.65,308.60,297.05,301.80,299.00,297.10,873,13859,4210733.00,
541601,RAJNISH     ,B ,Q,30.40,31.00,28.95,29.50,29.50,29.90,2072,1002755,30236259.00,
541634,RAWEDGE     ,B ,Q,42.20,42.20,39.80,41.40,41.40,41.85,21,1433,57564.00,
541700,TCNSBRANDS  ,A ,Q,530.00,532.70,510.00,516.30,518.35,530.20,595,3593,1850180.00,
541702,ASHNI       ,XT,Q,14.37,14.37,14.37,14.37,14.37,13.69,35,22357,321270.00,
541729,HDFCAMC     ,A ,Q,2152.05,2175.00,2135.25,2154.90,2150.00,2164.60,1432,7011,15088575.00,
541735,VIVANTA     ,XT,Q,18.70,18.70,18.70,18.70,18.70,18.35,7,679,12697.00,
541741,TINNATFL    ,X ,Q,29.90,30.80,29.90,30.50,30.70,29.40,33,1769,53810.00,
541770,CREDITACC   ,A ,Q,887.60,913.15,880.05,911.05,910.05,888.75,471,2569,2313846.00,
541771,AMINTAN     ,X ,Q,2.34,2.34,2.27,2.32,2.34,2.27,63,31971,74056.00,
541778,DEEP        ,B ,Q,134.00,135.65,131.50,133.10,132.80,134.20,287,28118,3751374.00,
541809,ICICINXT50  ,B ,Q,43.41,43.77,43.01,43.61,43.60,43.41,74,1671,72571.00,
541865,ASRL        ,B ,Q,55.00,57.00,54.65,56.75,56.70,55.30,812,79777,4483284.00,
541890,SPACEINCUBA ,X ,Q,2.01,2.01,1.98,2.00,2.00,1.94,36,26160,52261.00,
541929,SGIL        ,B ,Q,136.65,136.65,132.00,132.00,132.00,133.05,23,191,25573.00,
541946,ICICILIQ    ,F ,Q,1000.00,1000.00,1000.00,1000.00,1000.00,1000.00,12,6916,6916000.00,
541956,IRCON       ,A ,Q,55.10,60.20,53.90,59.00,59.00,54.65,14098,3523480,204427918.00,
541967,SKYGOLD     ,M ,Q,175.00,185.00,170.05,185.00,185.00,179.35,4,3200,568040.00,
541972,SETFSN50    ,A ,Q,515.00,516.65,515.00,516.45,516.45,511.75,10,29,14964.00,
541974,MANORAMA    ,B ,Q,968.50,980.25,965.00,979.95,978.00,971.40,246,1392,1359040.00,
541983,INNOVATIVE  ,M ,Q,4.07,4.18,4.07,4.11,4.11,4.16,6,9000,36940.00,
541988,AAVAS       ,A ,Q,1844.00,1890.00,1827.05,1844.95,1844.95,1838.55,3636,16639,30822428.00,
542011,GRSE        ,A ,Q,463.00,464.70,452.00,455.10,457.20,467.60,2258,63035,28917357.00,
542012,AAL         ,B ,Q,307.10,307.10,302.80,304.35,305.00,307.00,145,31708,9682104.00,
542013,DOLFIN      ,B ,Q,118.95,119.65,116.50,116.55,117.35,116.10,22,404,47160.00,
542019,SHUBHAM     ,B ,Q,32.70,32.70,32.65,32.70,32.70,31.15,91,8529,278897.00,
542025,SUNRETAIL   ,M ,Q,0.62,0.62,0.60,0.62,0.62,0.60,14,672000,415680.00,
542034,SMGOLD      ,B ,Q,21.55,21.60,20.70,21.35,21.45,20.70,369,35945,758694.00,
542046,VIVIDM      ,T ,Q,27.85,28.80,26.50,28.30,28.80,27.85,11,551,14759.00,
542057,BCPL        ,B ,Q,44.85,48.35,44.50,47.60,47.60,44.95,299,22746,1055223.00,
542066,ATGL        ,A ,Q,3333.05,3630.00,3333.00,3607.20,3607.20,3352.25,3809,33659,119409169.00,
542123,PHOSPHATE   ,X ,Q,90.00,94.00,89.70,89.70,89.70,94.40,4,111,10017.00,
542131,MAN50ETF    ,B ,Q,189.00,191.00,188.11,189.27,189.70,189.74,61,1142,216589.00,
542141,TECHNOE     ,A ,Q,316.80,322.65,315.75,320.10,319.20,317.95,136,741,237554.00,
542206,NIVAKA      ,X ,Q,3.72,3.72,3.42,3.50,3.50,3.60,79,22608,79545.00,
542216,DALBHARAT   ,A ,Q,1858.10,1869.40,1844.55,1855.25,1849.25,1861.60,769,5182,9631728.00,
542230,ABSLNN50ET  ,B ,Q,43.40,43.90,43.22,43.48,43.48,43.32,12,808,35063.00,
542231,NILASPACES  ,B ,Q,3.51,3.71,3.51,3.60,3.60,3.63,43,69633,251144.00,
542232,SRD         ,B ,Q,137.00,137.00,134.10,135.70,136.10,135.75,349,8127,1104255.00,
542233,TREJHARA    ,B ,Q,68.60,68.60,64.85,68.00,68.00,67.30,74,6075,403091.00,
542248,DECCAN      ,M ,Q,40.50,44.00,40.50,40.75,40.55,40.15,21,51600,2126340.00,
542285,AXITA       ,B ,Q,47.65,50.00,46.75,49.30,49.30,47.35,5135,111579,5410481.00,
542323,KPIGREEN    ,B ,Q,877.70,887.35,861.30,876.85,877.90,870.70,706,7237,6348759.00,
542333,RPSGVENT    ,B ,Q,454.65,455.40,452.90,453.20,452.90,453.40,26,169,76738.00,
542337,SPENCER     ,B ,Q,65.45,67.50,65.45,66.95,66.60,65.55,375,8688,578479.00,
542351,GLOSTERLTD  ,X ,Q,755.00,773.20,755.00,761.40,763.80,770.70,362,3690,2814895.00,
542367,XELPMOC     ,B ,Q,135.15,138.55,132.15,134.15,135.55,136.05,129,1623,219058.00,
542377,AARSHYAM    ,XT,Q,5.16,5.16,5.16,5.16,5.16,4.92,1,1,5.00,
542383,RITCO       ,B ,Q,156.00,162.20,154.10,162.05,160.20,155.10,60,790,125318.00,
542399,CHALET      ,A ,Q,340.30,352.60,333.25,348.65,350.50,336.05,1594,26483,9038640.00,
542437,ANMOL       ,B ,Q,150.75,157.00,150.00,153.60,153.60,152.55,17,355,53971.00,
542446,JONJUA      ,M ,Q,10.01,10.01,10.01,10.01,10.01,10.89,1,3460,34634.00,
542459,KRANTI      ,B ,Q,74.60,76.30,71.15,75.75,75.75,72.70,97,15492,1178306.00,
542460,ANUP        ,B ,Q,838.75,859.00,838.75,856.00,856.05,854.75,36,92,78403.00,
542484,ARVINDFASN  ,A ,Q,327.85,341.65,322.55,335.35,336.60,320.85,1508,24379,8137676.00,
542579,AGOL        ,B ,Q,54.45,56.70,52.90,56.70,56.70,54.00,86,52492,2798565.00,
542580,AARTECH     ,M ,Q,59.40,59.40,59.00,59.00,59.00,54.10,2,8000,473600.00,
542597,MSTC        ,A ,Q,290.00,294.20,288.20,292.30,293.00,290.40,745,11313,3294379.00,
542602,EMBASSY     ,IF,Q,336.00,338.77,333.00,336.84,336.84,336.10,764,11658,3908363.00,
542627,CHANDNIMACH ,X ,Q,23.80,25.00,23.80,24.70,24.70,22.70,14,668,16336.00,
542628,NSL         ,M ,Q,230.00,235.00,226.35,234.95,235.00,234.85,12,17000,3937250.00,
542649,RVNL        ,A ,Q,65.25,66.70,64.85,66.70,66.70,63.55,3994,1960168,130501421.00,
542650,METROPOLIS  ,A ,Q,1322.95,1338.90,1313.25,1322.00,1322.00,1325.00,1423,12038,15966580.00,
542651,KPITTECH    ,A ,Q,696.75,702.90,687.35,699.95,699.95,696.75,1782,42598,29670452.00,
542652,POLYCAB     ,A ,Q,2606.95,2612.00,2580.00,2601.25,2598.00,2601.65,1652,8633,22412343.00,
542654,VRFILMS     ,M ,Q,335.00,335.00,334.95,334.95,334.95,321.85,2,500,167487.00,
542655,VIKASLIFE   ,B ,Q,4.38,4.45,4.33,4.38,4.38,4.37,1775,9317656,40848814.00,
542665,NEOGEN      ,A ,Q,1260.00,1260.00,1237.70,1242.30,1246.70,1245.05,133,386,481306.00,
542666,GKP         ,B ,Q,21.90,21.90,20.35,21.10,21.25,21.15,381,62870,1330651.00,
542667,WORL        ,B ,Q,146.75,150.00,145.00,149.55,149.55,149.70,1004,819560,120913485.00,
542668,EVANS       ,M ,Q,332.00,332.00,332.00,332.00,332.00,316.20,1,500,166000.00,
542669,BMW         ,X ,Q,33.30,33.30,31.80,32.50,32.50,33.10,111,4670,152467.00,
542670,AEPL        ,B ,Q,58.20,58.70,55.40,56.05,56.50,56.35,144,37455,2133800.00,
542677,MAHESH      ,X ,Q,17.96,18.00,17.07,17.07,17.07,17.96,6,58,1012.00,
542679,DEL         ,X ,Q,21.05,23.10,21.05,23.10,23.10,21.00,8,10555,243717.00,
542682,HARISH      ,X ,Q,38.85,38.85,38.80,38.80,38.80,37.00,14,2200,85420.00,
542684,PPL         ,B ,Q,163.00,165.15,161.30,161.95,161.85,162.60,129,2385,388403.00,
542685,DGCONTENT   ,B ,Q,15.30,15.60,15.12,15.38,15.38,15.02,20,2759,42736.00,
542694,PARSHVA     ,T ,Q,158.75,175.00,158.75,175.00,175.00,167.10,4,28,4737.00,
542721,ARL         ,B ,Q,62.70,62.90,60.30,60.95,60.75,59.95,193,13429,826918.00,
542724,EARUM       ,B ,Q,2.91,3.15,2.91,2.94,2.94,3.11,1398,1430092,4251848.00,
542725,SBC         ,T ,Q,15.90,16.10,15.10,15.65,15.55,15.45,425,154890,2433934.00,
542726,INDIAMART   ,A ,Q,4211.05,4277.95,4198.20,4209.65,4212.15,4257.15,435,737,3128945.00,
542727,CPML        ,M ,Q,77.35,77.40,76.55,77.00,77.40,76.90,11,24000,1853900.00,
542729,DCMNVL      ,B ,Q,157.00,162.70,157.00,160.10,159.95,162.60,163,4132,665372.00,
542730,ICICIBANKN  ,B ,Q,42.88,43.16,42.81,43.00,42.93,42.98,43,2826,121526.00,
542747,SNXT50BEES  ,A ,Q,50.40,50.70,50.00,50.36,50.36,50.42,30,449,22701.00,
542752,AFFLE       ,A ,Q,1059.95,1067.00,1041.00,1060.95,1056.50,1048.60,808,7255,7668931.00,
542753,SEACOAST    ,X ,Q,4.07,4.07,3.88,3.93,3.93,3.98,1010,961689,3815400.00,
542758,ICICIBANKP  ,B ,Q,216.26,217.39,215.63,215.88,216.77,216.03,57,726,157044.00,
542759,SPANDANA    ,A ,Q,543.35,554.05,542.75,547.70,550.50,544.85,282,1370,751011.00,
542760,SWSOLAR     ,A ,Q,270.95,270.95,266.85,267.35,267.35,270.10,821,17798,4791721.00,
542765,TRANSPACT   ,MS,Q,159.00,159.00,159.00,159.00,159.00,140.85,1,1000,159000.00,
542770,ALPHALOGIC  ,B ,Q,37.95,37.95,36.00,36.55,36.55,36.50,39,2631,95926.00,
542772,IIFLWAM     ,A ,Q,1750.85,1771.00,1738.30,1750.35,1749.35,1763.80,241,491,861470.00,
542773,IIFLSEC     ,B ,Q,64.20,65.05,62.80,63.25,63.25,64.20,467,31037,1981674.00,
542774,MUFIN       ,X ,Q,233.00,238.95,230.00,235.05,237.00,232.60,78,6643,1550259.00,
542802,GALACTICO   ,B ,Q,12.60,12.90,12.10,12.90,12.90,12.30,1581,1160780,14930661.00,
542803,VEL         ,X ,Q,38.10,41.45,38.10,39.90,40.00,39.80,27,2781,113092.00,
542804,NIESSPJ     ,B ,Q,27.00,27.40,24.70,24.70,24.70,27.40,5,9,231.00,
542808,NIESSPC     ,B ,Q,8.87,9.30,7.99,9.30,9.30,8.87,4,270,2258.00,
542812,FLUOROCHEM  ,A ,Q,3084.95,3156.70,3011.05,3142.05,3139.00,3041.20,2135,10411,32312870.00,
542817,NIEHSPI     ,B ,Q,2.60,2.60,2.60,2.60,2.60,2.60,1,12,31.00,
542830,IRCTC       ,A ,Q,635.90,641.00,630.55,638.85,638.85,633.15,9611,183046,116699084.00,
542839,NIEHSPD     ,B ,Q,1.00,1.00,0.93,0.99,0.99,1.00,18,8649,8139.00,
542841,NIEHSPE     ,B ,Q,1.48,1.48,1.48,1.48,1.48,1.48,6,539,797.00,
542842,NIESSPK     ,B ,Q,76.65,76.65,76.60,76.60,76.60,69.70,5,62,4750.00,
542844,NIEHSPH     ,B ,Q,1.73,1.79,1.56,1.77,1.79,1.73,12,7454,11844.00,
542845,NIEHSPJ     ,B ,Q,6.60,6.60,6.60,6.60,6.60,6.50,1,100,660.00,
542846,NIEHSPL     ,B ,Q,1.25,1.25,1.15,1.24,1.24,1.25,6,2700,3274.00,
542847,NIESSPL     ,B ,Q,0.82,0.83,0.82,0.82,0.82,0.86,4,5400,4428.00,
542848,NIESSPM     ,B ,Q,1.26,1.37,1.21,1.37,1.37,1.28,10,4005,5293.00,
542850,GOBLIN      ,M ,Q,77.40,78.00,77.00,77.00,77.00,75.60,6,12000,930200.00,
542851,GENSOL      ,M ,Q,1132.00,1171.95,1095.15,1123.35,1126.00,1152.75,185,15200,17016951.00,
542852,VISHWARAJ   ,B ,Q,18.65,18.65,17.80,17.90,17.90,18.40,570,127581,2302001.00,
542857,GREENPANEL  ,A ,Q,338.95,338.95,331.10,335.50,335.55,334.20,497,8092,2712027.00,
542862,SHAHLON     ,X ,Q,15.00,15.49,14.06,14.80,14.80,14.76,67,4543,67801.00,
542863,ABSLBANETF  ,B ,Q,43.39,43.39,42.80,43.07,43.07,42.85,11,26,1118.00,
542865,ANUROOP     ,M ,Q,29.50,30.15,29.50,30.15,30.15,29.95,3,20000,596500.00,
542866,COLABCLOUD  ,XT,Q,48.45,48.85,44.65,47.20,48.50,46.55,35,16047,779196.00,
542867,CSBBANK     ,A ,Q,238.85,238.85,230.95,234.85,233.80,236.05,1594,43179,10117724.00,
542904,UJJIVANSFB  ,A ,Q,28.00,28.50,27.60,28.40,28.40,27.95,2574,731805,20582688.00,
542905,HINDWAREAP  ,B ,Q,399.00,417.50,398.70,412.05,413.55,399.00,1225,13503,5540785.00,
542906,EASUN       ,XT,Q,51.00,51.00,48.75,48.75,48.75,48.75,3,5002,243852.00,
542907,PRINCEPIPE  ,A ,Q,579.95,583.30,568.10,581.05,581.05,569.70,1268,12168,7016972.00,
542909,EBBETF0430  ,F ,Q,1230.11,1234.59,1230.11,1233.68,1233.68,1233.97,13,510,628724.00,
542918,GIANLIFE    ,M ,Q,23.00,23.00,23.00,23.00,23.00,22.25,2,6600,151800.00,
542919,ARTEMISMED  ,B ,Q,73.50,75.25,73.50,75.05,75.25,74.00,222,7247,541263.00,
542920,SUMICHEM    ,A ,Q,465.05,478.05,465.05,471.55,473.60,469.40,1088,9181,4344533.00,
542921,ICICIM150   ,B ,Q,120.00,121.00,119.46,120.28,120.28,119.46,26,66,7938.00,
542922,MANXT50ETF  ,B ,Q,418.23,427.84,418.23,426.88,426.88,424.15,10,51,21674.00,
542924,JANUSCORP   ,M ,Q,3.76,4.14,3.76,4.14,4.14,3.95,257,1487500,6047650.00,
542933,UNIVPHOTO   ,B ,Q,529.95,529.95,518.60,518.75,518.75,520.00,9,70,36934.00,
542938,OCTAVIUSPL  ,X ,Q,45.75,50.50,45.75,50.50,50.50,48.10,5,736,35892.00,
543064,SUVENPHAR   ,A ,Q,482.45,492.00,482.45,489.60,489.50,490.20,582,11083,5413050.00,
543065,SMAUTO      ,M ,Q,37.95,37.95,37.95,37.95,37.95,37.75,1,4000,151800.00,
543066,SBICARD     ,A ,Q,798.95,801.20,791.85,794.20,794.20,798.95,1580,22277,17716476.00,
543071,07AGG       ,F ,Q,8.71,8.71,8.71,8.71,8.71,9.67,6,242,2107.00,
543079,07GPG       ,F ,Q,1.24,1.24,1.24,1.24,1.24,1.24,2,21,26.00,
543087,09AGG       ,F ,Q,132.89,150.00,132.89,150.00,150.00,147.35,3,11,1630.00,
543092,09GPG       ,F ,Q,2.14,2.14,2.13,2.14,2.14,1.95,3,3,6.00,
543144,08MPD       ,B ,Q,2.45,2.49,2.18,2.29,2.29,2.42,91,41029,91007.00,
543150,08GPG       ,B ,Q,1.15,1.19,1.14,1.16,1.19,1.16,20,28846,33248.00,
543165,10ARD       ,F ,Q,60.00,66.99,60.00,61.02,61.02,63.26,17,258,16774.00,
543167,10GPG       ,F ,Q,1.03,1.13,1.00,1.05,1.05,1.03,26,22687,24123.00,
543171,ROJL        ,B ,Q,58.95,58.95,57.00,58.95,58.95,56.15,1313,391631,23078456.00,
543172,COSPOWER    ,M ,Q,153.00,162.00,152.95,162.00,162.00,153.00,6,8000,1239950.00,
543173,11DPR       ,B ,Q,7.60,7.60,6.22,7.50,7.50,6.91,34,1427,8963.00,
543174,11GPG       ,B ,Q,1.38,1.38,1.25,1.25,1.25,1.31,23,15298,19436.00,
543175,11MPD       ,B ,Q,1.75,1.75,1.55,1.62,1.62,1.62,17,1134,1832.00,
543176,11MPR       ,B ,Q,7.38,7.38,6.49,6.49,6.49,7.20,2,6,43.00,
543177,11QPD       ,B ,Q,5.40,5.40,5.40,5.40,5.40,6.00,48,6641,35861.00,
543181,11AGG       ,B ,Q,10.10,10.10,9.16,9.17,9.45,9.89,12,77,719.00,
543182,11AMD       ,B ,Q,17.40,20.70,17.40,18.00,18.00,18.85,13,74,1462.00,
543186,11DPD       ,B ,Q,2.45,2.60,2.45,2.52,2.55,2.45,24,5056,12630.00,
543187,POWERINDIA  ,A ,Q,3319.80,3389.50,3297.70,3317.15,3310.00,3306.75,611,2006,6705306.00,
543193,DJML        ,B ,Q,149.10,153.55,148.10,153.50,153.50,148.25,29,6240,953866.00,
543207,NATURAL     ,X ,Q,7.05,7.06,6.80,7.06,7.06,6.73,171,50422,351903.00,
543210,AARTISURF   ,B ,Q,649.95,649.95,629.35,630.70,636.15,632.25,22,53,33663.00,
543211,BONLON      ,B ,Q,75.65,77.00,74.30,74.30,74.30,78.20,68,5383,403135.00,
543212,BOROLTD     ,A ,Q,353.95,358.50,349.45,354.80,355.00,354.50,1090,10780,3822080.00,
543213,ROSSARI     ,A ,Q,714.95,777.95,709.70,753.15,750.00,712.70,4103,39854,30375108.00,
543214,NDRAUTO     ,B ,Q,536.30,550.00,536.30,545.10,550.00,531.65,55,311,168616.00,
543215,EBBETF0425  ,F ,Q,1095.32,1096.99,1095.01,1096.99,1096.99,1097.89,32,742,812777.00,
543216,EBBETF0431  ,F ,Q,1102.25,1103.90,1101.00,1103.90,1103.90,1103.67,12,642,707610.00,
543217,MINDSPACE   ,IF,Q,337.45,338.52,334.00,335.55,335.55,336.31,375,14264,4767636.00,
543218,SBGLP       ,M ,Q,214.00,214.60,213.90,214.60,214.60,213.75,3,3000,642500.00,
543219,ICICIALPLV  ,B ,Q,174.00,175.70,174.00,174.34,174.10,174.62,55,702,122965.00,
543220,MAXHEALTH   ,A ,Q,441.65,441.65,433.50,438.35,438.00,438.00,1619,29328,12806213.00,
543221,ICICITECH   ,B ,Q,29.42,29.89,29.38,29.76,29.76,29.69,108,7985,236538.00,
543223,MAXINDIA    ,B ,Q,104.75,104.75,100.10,101.75,101.75,103.00,210,4859,497408.00,
543224,HBANKETF    ,B ,Q,431.00,433.99,431.00,432.60,432.60,428.54,20,125,54007.00,
543226,UTIBANKETF  ,B ,Q,43.48,43.95,42.50,43.45,43.45,43.37,60,1664,72226.00,
543227,HAPPSTMNDS  ,A ,Q,882.00,892.60,875.75,883.85,883.85,881.55,745,10343,9162863.00,
543228,ROUTE       ,A ,Q,1219.95,1223.10,1200.70,1212.05,1214.00,1210.40,717,4055,4932124.00,
543229,SAMRATFORG  ,X ,Q,150.00,155.00,150.00,150.05,150.05,150.00,6,94,14380.00,
543230,ADVAIT      ,M ,Q,305.00,326.55,296.00,326.55,326.55,593.75,13,7000,2235075.00,
543231,ADL         ,T ,Q,65.30,65.30,65.00,65.00,65.00,63.20,3,5,325.00,
543232,CAMS        ,A ,Q,2195.05,2219.35,2190.00,2211.35,2210.00,2215.30,1397,6588,14557065.00,
543233,CHEMCON     ,B ,Q,293.65,300.55,291.00,296.30,296.30,291.70,655,8742,2587442.00,
543234,SECMARK     ,M ,Q,69.30,72.90,69.30,72.90,72.90,71.00,4,10000,719750.00,
543235,ANGELONE    ,A ,Q,1310.00,1317.70,1297.00,1304.55,1304.55,1312.45,1637,19166,25094636.00,
543236,ATAM        ,M ,Q,160.00,160.00,150.00,156.45,156.45,160.00,4,12000,1864350.00,
543237,MAZDOCK     ,A ,Q,819.95,819.95,786.10,798.45,798.45,820.85,5786,152128,121593067.00,
543238,UTIAMC      ,A ,Q,863.05,876.95,859.60,869.55,868.35,875.35,711,6082,5274923.00,
543239,GMPL        ,M ,Q,1108.25,1108.25,1108.25,1108.25,1108.25,1055.50,1,400,443300.00,
543240,LIKHITHA    ,B ,Q,212.90,229.05,211.45,225.55,225.55,210.15,2081,39973,8784480.00,
543241,VGIL        ,M ,Q,162.00,162.00,162.00,162.00,162.00,162.00,1,500,81000.00,
543242,HEMIPROP    ,A ,Q,110.65,111.50,108.55,109.50,109.50,109.00,1285,90231,9913155.00,
543243,EQUITASBNK  ,A ,Q,57.25,58.90,56.60,57.20,57.20,57.10,2030,294064,16960769.00,
543245,GLAND       ,A ,Q,1575.35,1590.75,1567.00,1573.85,1573.85,1584.60,1664,9858,15555337.00,
543246,MAESGETF    ,B ,Q,29.89,30.32,29.89,30.32,30.32,30.32,14,212,6424.00,
543247,NETPIX      ,MS,Q,35.00,35.00,35.00,35.00,35.00,35.00,1,4000,140000.00,
543248,RBA         ,A ,Q,110.00,113.60,109.50,112.50,112.20,109.30,1293,28414,3188752.00,
543249,TARC        ,B ,Q,39.50,41.40,39.50,41.05,40.95,40.50,461,46193,1889733.00,
543250,MOGSEC      ,F ,Q,50.15,50.15,50.14,50.14,50.14,50.19,4,205,10278.00,
543251,RVHL        ,B ,Q,25.60,25.75,24.50,25.05,25.05,25.50,28,789,19719.00,
543252,FAIRCHEMOR  ,B ,Q,1328.00,1342.10,1287.00,1304.90,1313.15,1316.00,618,1954,2566193.00,
543253,BECTORFOOD  ,B ,Q,428.40,430.55,418.85,419.75,420.60,418.45,836,12348,5246657.00,
543254,AWHCL       ,B ,Q,303.75,314.00,300.30,305.90,305.90,302.80,889,7384,2266035.00,
543255,INFRABEES   ,B ,Q,549.00,549.57,547.36,548.64,547.71,550.39,6,9,4939.00,
543256,RFLL        ,X ,Q,20.00,20.00,18.30,18.75,18.65,19.30,46,11706,222225.00,
543257,IRFC        ,A ,Q,32.25,33.20,31.50,32.55,32.55,32.05,9203,6581926,213576321.00,
543258,INDIGOPNTS  ,A ,Q,1285.00,1296.05,1279.05,1293.85,1295.90,1268.80,236,1880,2421970.00,
543259,HOMEFIRST   ,A ,Q,732.00,740.00,719.00,722.70,740.00,729.50,689,4660,3370931.00,
543260,STOVEKRAFT  ,A ,Q,518.60,520.45,510.00,513.85,512.05,518.60,1194,10886,5596786.00,
543261,BIRET       ,IF,Q,283.00,283.91,278.65,283.88,283.27,283.99,578,11775,3317343.00,
543262,MRP         ,M ,Q,75.00,75.00,75.00,75.00,75.00,62.50,2,6000,450000.00,
543263,SMCGLOBAL   ,B ,Q,76.85,77.20,76.10,77.00,77.20,76.90,110,3325,254438.00,
543264,NURECA      ,B ,Q,509.00,526.75,492.35,499.45,499.45,503.65,2520,56867,28914310.00,
543265,RAILTEL     ,A ,Q,123.70,127.20,121.60,126.05,126.10,121.85,2387,200631,25126138.00,
543266,HERANBA     ,B ,Q,497.30,499.55,481.10,490.55,490.55,496.30,836,5359,2647522.00,
543267,DAVANGERE   ,XT,Q,65.65,68.90,65.65,68.90,68.90,65.65,13,631,43464.00,
543270,MTARTECH    ,A ,Q,1591.65,1613.75,1572.85,1606.80,1612.90,1589.50,701,3882,6194290.00,
543271,JUBLINGREA  ,A ,Q,527.00,530.20,520.70,524.65,522.20,527.25,1105,13861,7307436.00,
543272,EASEMYTRIP  ,A ,Q,54.90,55.60,53.75,55.20,55.20,55.05,5691,1157183,63207078.00,
543273,KMEW        ,M ,Q,1000.00,1032.95,976.00,1004.40,1000.00,999.80,53,18000,18032437.00,
543274,SUUMAYA     ,M ,Q,21.50,21.50,21.05,21.10,21.05,21.45,12,6750,143190.00,
543275,ANURAS      ,A ,Q,665.95,675.00,665.95,670.00,671.40,667.40,264,62852,42114857.00,
543276,CRAFTSMAN   ,A ,Q,3269.85,3306.95,3238.35,3292.20,3290.35,3270.05,369,889,2899969.00,
543277,LXCHEM      ,A ,Q,296.05,299.20,294.20,295.80,295.80,296.05,1855,40357,12008802.00,
543278,KALYANKJIL  ,A ,Q,124.00,133.50,123.45,131.35,131.35,124.00,8569,1040759,134599397.00,
543279,SURYODAY    ,B ,Q,109.65,114.55,107.00,113.85,113.10,106.60,3337,189972,21051966.00,
543280,NAZARA      ,A ,Q,574.95,579.00,564.35,576.15,576.60,568.40,1338,12610,7200627.00,
543281,SUVIDHAA    ,B ,Q,4.90,5.20,4.90,5.02,4.98,5.04,27,3531,17988.00,
543283,BARBEQUE    ,A ,Q,981.80,989.90,965.30,982.10,989.25,970.00,353,892,869553.00,
543284,EKI         ,A ,Q,1344.70,1360.00,1275.00,1286.55,1286.55,1335.15,3785,62760,82471613.00,
543286,JETMALL     ,M ,Q,18.50,20.60,18.50,20.60,20.60,21.10,3,30000,571800.00,
543287,LODHA       ,A ,Q,1018.10,1098.00,1018.10,1086.80,1086.80,1031.10,2498,20547,22070040.00,
543288,DEEPIND     ,B ,Q,272.15,272.15,265.85,267.35,268.95,270.15,162,4198,1125895.00,
543290,PGINVIT     ,IF,Q,128.15,128.63,127.72,128.45,128.51,127.95,272,13158,1688641.00,
543291,MAFANG      ,B ,Q,37.14,37.44,36.62,37.12,37.12,37.89,2161,279676,10335809.00,
543292,ICICIPHARM  ,B ,Q,81.70,82.10,81.15,81.17,81.15,81.71,40,618,50300.00,
543297,IWEL        ,B ,Q,901.70,948.00,890.85,941.25,941.25,913.10,54,199,186478.00,
543298,VINEETLAB   ,B ,Q,54.40,55.35,53.95,54.30,54.00,54.60,80,3320,180936.00,
543299,SHYAMMETL   ,A ,Q,309.55,317.30,305.00,313.75,312.75,308.90,1495,28012,8716506.00,
543300,SONACOMS    ,A ,Q,421.10,429.55,418.00,419.40,419.40,424.10,1410,28498,12077443.00,
543305,NAVODAYENT  ,M ,Q,4.14,4.16,4.14,4.16,4.16,3.97,5,60000,249240.00,
543306,DODLA       ,A ,Q,504.15,513.95,498.00,508.45,507.95,508.45,198,1859,945243.00,
543308,KIMS        ,A ,Q,1480.10,1532.65,1477.50,1524.60,1524.60,1482.35,457,2282,3439912.00,
543310,TIMESGREEN  ,M ,Q,57.15,57.15,57.15,57.15,57.15,59.85,1,2000,114300.00,
543311,IPL         ,A ,Q,249.95,268.95,245.00,263.55,263.55,242.20,6982,112761,29640733.00,
543317,GRINFRA     ,A ,Q,1146.95,1146.95,1116.10,1122.80,1122.35,1114.35,139,477,535049.00,
543318,CLEAN       ,A ,Q,1475.65,1477.65,1458.90,1467.25,1467.25,1458.75,319,1963,2886115.00,
543320,ZOMATO      ,A ,Q,58.60,60.80,57.90,60.20,60.20,58.95,15665,6054686,359853091.00,
543321,TATVA       ,A ,Q,2101.35,2141.55,2101.35,2124.30,2113.25,2126.85,154,358,760669.00,
543322,GLS         ,A ,Q,419.85,419.85,405.00,407.15,407.15,414.45,1088,9198,3778674.00,
543323,MAFSETF     ,B ,Q,19.12,19.20,19.08,19.15,19.15,19.14,67,10507,200850.00,
543324,GCSL        ,M ,Q,94.75,94.75,94.00,94.00,94.00,93.50,2,14400,1359000.00,
543325,ROLEXRINGS  ,A ,Q,1814.25,1822.65,1760.10,1773.85,1760.10,1822.75,423,922,1652208.00,
543326,ICICIFMCG   ,B ,Q,457.00,457.19,450.10,456.83,456.05,456.48,44,246,111969.00,
543327,EXXARO      ,B ,Q,110.75,110.75,107.70,108.85,108.90,109.65,234,7470,815630.00,
543328,KRSNAA      ,B ,Q,454.15,461.60,453.00,459.90,460.40,451.50,208,1067,488212.00,
543329,WINDLAS     ,B ,Q,249.10,252.05,247.75,250.20,252.05,250.70,172,2070,516605.00,
543330,DEVYANI     ,A ,Q,176.00,186.95,175.00,184.90,184.90,176.25,2038,82196,14872466.00,
543331,MOL         ,A ,Q,107.30,111.85,107.30,109.30,109.15,109.25,1009,41418,4574290.00,
543332,MFL         ,A ,Q,1226.45,1228.00,1198.60,1221.80,1223.75,1202.60,857,7270,8828307.00,
543333,CARTRADE    ,A ,Q,462.00,471.45,458.25,466.95,465.50,459.00,661,4397,2049426.00,
543334,NUVOCO      ,A ,Q,360.00,365.35,355.00,357.05,357.00,357.60,298,2508,893606.00,
543335,APTUS       ,A ,Q,300.65,300.65,290.45,293.70,292.00,295.85,306,2668,783932.00,
543336,CHEMPLASTS  ,A ,Q,463.85,473.85,456.25,463.15,457.25,461.90,1082,12422,5779899.00,
543341,SHARPLINE   ,XT,Q,8.35,8.35,8.35,8.35,8.35,8.52,46,3727,31120.00,
543346,AASHKA      ,M ,Q,58.85,59.00,58.05,58.05,58.05,59.00,8,8000,470000.00,
543347,AXISTECETF  ,B ,Q,296.00,296.50,295.00,296.10,296.10,296.81,17,162,47905.00,
543348,AXISHETF    ,B ,Q,81.25,81.66,79.60,81.06,81.33,82.28,99,1050,84910.00,
543349,AMIORG      ,A ,Q,989.10,990.00,960.90,966.55,966.55,991.50,626,4969,4832593.00,
543350,VIJAYA      ,A ,Q,430.05,454.90,430.05,444.75,444.75,433.00,1751,26491,11840404.00,
543351,NBL         ,MS,Q,56.00,63.45,56.00,62.50,62.50,52.90,5,8000,486320.00,
543352,POBS        ,M ,Q,265.10,265.10,265.10,265.10,265.10,277.00,1,600,159060.00,
543357,AXISCETF    ,B ,Q,76.72,76.72,76.42,76.42,76.42,76.71,3,216,16507.00,
543358,SANSERA     ,A ,Q,735.00,736.20,720.05,724.10,720.05,739.80,432,2713,1977758.00,
543363,PREVEST     ,M ,Q,369.80,370.00,369.00,370.00,370.00,365.00,6,2400,887440.00,
543364,MARKOLINES  ,M ,Q,155.00,157.00,154.00,154.35,154.00,154.00,6,4800,744800.00,
543365,MASPTOP50   ,B ,Q,25.71,25.72,25.38,25.52,25.52,25.78,28,4269,108620.00,
543366,SBLI        ,M ,Q,76.30,76.30,76.30,76.30,76.30,77.40,1,1200,91560.00,
543367,PARAS       ,A ,Q,597.50,597.50,581.65,583.20,583.20,589.60,563,16651,9737922.00,
543372,GETALONG    ,M ,Q,78.15,78.15,78.15,78.15,78.15,80.00,1,2000,156300.00,
543373,SVRL        ,M ,Q,195.00,195.00,195.00,195.00,195.00,192.00,1,1000,195000.00,
543374,ABSLAMC     ,A ,Q,447.05,452.10,446.45,450.70,450.70,449.75,270,1943,874182.00,
543375,PROMAX      ,M ,Q,36.20,41.25,36.20,39.70,39.70,39.50,5,25000,969000.00,
543378,CWD         ,MS,Q,1700.00,1700.00,1700.00,1700.00,1700.00,1700.00,2,200,340000.00,
543383,ICICICONSU  ,B ,Q,76.50,77.50,76.50,76.86,76.86,76.61,8,60,4605.00,
543384,NYKAA       ,A ,Q,149.70,152.15,147.45,150.80,150.80,149.65,4083,334583,50337181.00,
543386,FINOPB      ,B ,Q,249.60,255.65,247.70,251.45,251.45,254.95,864,19101,4829769.00,
543387,SJS         ,B ,Q,480.75,496.85,480.55,494.45,494.45,483.70,644,5364,2623535.00,
543388,DSPNEWETF   ,B ,Q,209.00,209.00,208.73,208.73,208.73,209.00,4,110,22962.00,
543389,SIGACHI     ,B ,Q,277.10,277.10,264.55,272.25,277.00,264.80,300,2922,785586.00,
543390,POLICYBZR   ,A ,Q,465.50,474.60,458.00,459.80,461.20,465.50,2487,87304,40737879.00,
543391,SGFRL       ,M ,Q,46.50,46.50,46.50,46.50,46.50,49.50,1,3000,139500.00,
543396,PAYTM       ,A ,Q,514.40,541.50,511.05,535.50,535.50,512.95,16892,497697,265642534.00,
543397,SAPPHIRE    ,A ,Q,1365.00,1381.20,1361.55,1371.30,1369.85,1372.10,343,1090,1494942.00,
543398,LATENTVIEW  ,A ,Q,365.50,375.10,362.85,371.05,371.05,365.60,1581,33706,12489721.00,
543399,TARSONS     ,A ,Q,704.85,714.55,692.30,704.45,702.50,696.60,987,5941,4201811.00,
543400,OMNIPOTENT  ,M ,Q,14.95,14.95,14.90,14.95,14.90,14.80,2,4000,59700.00,
543401,GOCOLORS    ,A ,Q,1149.85,1170.60,1145.40,1165.05,1165.35,1156.05,273,895,1038107.00,
543411,HITECH      ,B ,Q,749.20,802.10,744.45,798.10,802.00,749.95,295,2986,2303473.00,
543412,STARHEALTH  ,A ,Q,585.55,585.55,571.00,575.55,578.55,575.55,821,8835,5076319.00,
543413,TEGA        ,A ,Q,583.30,597.50,582.65,589.30,586.40,587.50,349,1520,897365.00,
543414,MAHKTECH    ,B ,Q,15.00,15.37,14.90,15.22,15.11,14.76,175,49368,750640.00,
543415,ANANDRATHI  ,A ,Q,695.60,697.00,690.00,690.50,690.05,693.60,40,111,76900.00,
543416,ZODIAC      ,B ,Q,121.30,121.30,116.00,116.90,116.00,118.00,227,3649,433615.00,
543417,RATEGAIN    ,A ,Q,288.00,288.25,281.40,284.15,284.15,284.30,414,5443,1547166.00,
543418,BBETF0432   ,F ,Q,1035.00,1036.34,1033.25,1036.34,1036.34,1036.47,7,125,129206.00,
543419,SHRIRAMPPS  ,B ,Q,74.75,75.70,73.55,75.15,75.00,74.85,850,36310,2720694.00,
543420,JETFREIGHT  ,B ,Q,21.20,21.20,19.55,20.60,20.30,20.50,268,32927,673148.00,
543425,MAPMYINDIA  ,A ,Q,1087.20,1100.25,1054.95,1059.15,1061.00,1100.25,4061,23655,25286868.00,
543426,METROBRAND  ,A ,Q,839.00,865.95,835.00,861.40,865.80,840.85,426,2867,2442121.00,
543427,MEDPLUS     ,A ,Q,640.30,643.55,632.80,636.15,635.60,635.80,376,1604,1024560.00,
543428,DATAPATTNS  ,A ,Q,1115.95,1116.45,1058.80,1061.90,1062.50,1104.20,1294,9243,9995124.00,
543433,HPAL        ,B ,Q,376.00,385.50,368.55,375.80,373.55,372.70,845,14264,5403603.00,
543434,SUPRIYA     ,A ,Q,238.50,238.50,231.25,232.40,232.00,234.85,412,6174,1446132.00,
543435,CLARA       ,M ,Q,170.00,172.35,170.00,172.35,172.35,164.15,15,22500,3874125.00,
543437,MONQ50      ,B ,Q,52.50,53.00,51.58,51.67,51.62,51.68,30,908,47284.00,
543438,DSPQ50ETF   ,B ,Q,162.00,162.00,161.00,161.51,161.51,160.84,13,304,48981.00,
543439,BRANDBUCKT  ,M ,Q,26.30,26.40,26.30,26.40,26.40,25.15,8,16000,422200.00,
543440,DSPN50ETF   ,B ,Q,182.50,184.17,181.10,184.17,184.17,184.34,12,41,7468.00,
543441,CMSINFO     ,A ,Q,301.95,306.00,292.05,304.65,300.00,295.30,1023,10263,3069558.00,
543442,BCONCEPTS   ,T ,Q,265.00,267.95,260.00,267.95,267.95,255.20,63,3786,1007887.00,
543449,WFL         ,B ,Q,229.25,240.10,229.25,234.75,235.45,230.60,5,57,13142.00,
543450,ICICIAUTO   ,B ,Q,126.50,127.74,126.50,127.68,127.68,126.56,41,614,78174.00,
543451,AGSTRA      ,B ,Q,66.00,66.00,63.60,64.00,64.05,65.80,2074,41673,2681113.00,
543452,ICICISILVE  ,E ,Q,69.83,70.00,68.82,69.33,69.24,70.21,63,5760,400650.00,
543453,ALKOSIGN    ,M ,Q,78.15,82.80,78.15,82.80,82.80,79.00,2,6000,482850.00,
543454,MAMFGETF    ,B ,Q,83.00,83.25,82.84,83.10,83.20,83.13,16,387,32122.00,
543458,AWL         ,A ,Q,578.35,578.35,570.00,578.35,578.35,550.85,1991,259733,150177461.00,
543460,QRIL        ,M ,Q,55.00,55.00,55.00,55.00,55.00,53.00,1,2000,110000.00,
543462,DEVIT       ,B ,Q,128.60,128.60,122.75,124.90,125.15,124.50,461,6217,778508.00,
543463,MANYAVAR    ,A ,Q,1297.00,1318.30,1286.40,1309.60,1309.35,1296.05,689,1917,2511995.00,
543464,SPITZE      ,M ,Q,147.50,159.80,147.50,159.80,159.80,157.15,2,2000,307300.00,
543465,MOMOMENTUM  ,B ,Q,38.95,39.26,38.95,39.26,39.26,38.83,6,8,313.00,
543470,SOFTTECH    ,B ,Q,143.15,143.15,140.00,140.00,140.00,136.35,5,171,24141.00,
543471,SILVER      ,E ,Q,70.30,71.00,69.10,69.18,69.18,70.62,250,5456,380233.00,
543472,TECH        ,B ,Q,28.60,29.50,28.60,29.38,29.50,29.23,34,72,2097.00,
543473,HEALTHY     ,B ,Q,8.11,8.18,8.05,8.11,8.12,8.12,29,4099,33380.00,
543474,BSLNIFTY    ,B ,Q,20.36,20.52,20.23,20.35,20.36,20.40,72,1233,25059.00,
543480,ICICI5GSEC  ,F ,Q,50.98,50.98,50.98,50.98,50.98,50.98,1,5,254.00,
543481,MAM150ETF   ,B ,Q,11.77,11.94,11.77,11.92,11.94,11.84,22,94,1110.00,
543482,EUREKAFORBE ,A ,Q,449.30,453.85,446.10,450.00,450.00,448.30,531,9008,4052778.00,
543489,GATEWAY     ,A ,Q,66.95,68.00,66.70,67.60,67.75,67.10,438,31135,2103203.00,
543490,GMRP&UI     ,B ,Q,22.95,23.75,22.35,23.60,23.30,22.65,525,85076,1995494.00,
543497,BCCL        ,M ,Q,44.90,44.95,43.40,43.40,43.40,43.50,6,9600,426560.00,
543498,MSUMI       ,A ,Q,59.45,59.45,57.75,57.90,57.95,59.00,1288,154636,9006172.00,
543501,MOLOWVOL    ,B ,Q,25.00,25.10,24.94,24.94,24.94,25.05,3,7,174.00,
543512,AVROIND     ,B ,Q,109.15,117.35,108.80,115.10,116.10,109.90,120,1705,193627.00,
543513,UMAEXPORTS  ,B ,Q,46.95,47.80,45.50,47.35,47.50,45.95,214,7155,334316.00,
543514,VERANDA     ,B ,Q,237.65,243.05,237.10,241.45,241.45,240.50,925,14073,3387176.00,
543515,SEML        ,M ,Q,165.25,165.25,165.25,165.25,165.25,177.60,1,1000,165250.00,
543516,DHYAANI     ,M ,Q,62.30,64.25,62.30,64.25,64.25,66.60,2,4000,253100.00,
543517,HARIOMPIPE  ,B ,Q,349.85,403.00,349.85,367.25,367.25,345.60,12118,349961,132965502.00,
543518,EIGHTY      ,M ,Q,61.95,61.95,61.95,61.95,61.95,60.00,1,3000,185850.00,
543520,GLHRL       ,M ,Q,57.90,57.90,50.00,57.10,52.90,55.50,13,61000,3483100.00,
543522,NVENTURES   ,M ,Q,28.60,28.60,28.60,28.60,28.60,31.00,1,3000,85800.00,
543523,CAMPUS      ,B ,Q,414.45,418.75,407.50,414.85,414.85,411.75,878,12283,5079915.00,
543524,RAINBOW     ,B ,Q,727.95,749.05,706.80,743.45,743.45,718.45,946,8752,6347712.00,
543525,SILVERTUC   ,B ,Q,349.05,359.95,341.90,348.15,355.00,347.20,53,1228,431429.00,
543526,LICI        ,A ,Q,690.75,693.00,684.25,686.90,686.90,692.80,5808,116182,79885542.00,
543527,PRUDENT     ,B ,Q,921.75,951.10,916.25,949.90,950.50,914.95,822,2382,2212088.00,
543528,VENUSPIPES  ,B ,Q,708.90,715.50,706.30,708.35,710.00,712.05,558,5772,4103145.00,
543529,DELHIVERY   ,A ,Q,325.60,333.15,325.60,329.20,329.20,329.45,902,19937,6579510.00,
543530,PARADEEP    ,B ,Q,57.70,59.95,57.45,59.30,59.30,57.80,3124,320843,18835457.00,
543531,TIERRA      ,B ,Q,129.00,130.20,125.00,127.25,128.45,126.75,16,209,26261.00,
543532,ETHOSLTD    ,B ,Q,1037.95,1038.00,1008.50,1013.65,1019.20,1017.95,1014,6300,6399147.00,
543533,EMUDHRA     ,B ,Q,331.00,336.25,324.25,327.50,328.00,328.20,594,10327,3408497.00,
543534,AETHER      ,B ,Q,854.90,854.90,832.00,843.50,845.00,841.10,334,1470,1232619.00,
543535,WEWIN       ,B ,Q,47.40,47.40,47.40,47.40,47.40,45.15,9,2237,106033.00,
543539,MODIS       ,M ,Q,131.50,133.80,128.00,133.80,133.80,130.35,14,41600,5402080.00,
543540,PGCRL       ,M ,Q,204.80,204.80,191.00,192.80,197.50,191.00,7,4200,819540.00,
543542,KESAR       ,M ,Q,172.00,172.00,172.00,172.00,172.00,171.90,1,800,137600.00,
543544,JAYANT      ,M ,Q,385.70,385.70,349.00,361.20,382.00,367.35,23,5750,2050250.00,
543545,VEERKRUPA   ,M ,Q,72.70,80.30,72.70,80.30,80.30,76.50,28,72000,5610900.00,
543546,HEALTHYLIFE ,M ,Q,5.90,6.09,5.90,6.09,6.09,6.01,5,50000,299500.00,
543547,DDEVPLASTIK ,B ,Q,69.95,72.00,68.05,71.40,72.00,69.35,441,74631,5290092.00,
543563,MOHEALTH    ,B ,Q,23.05,23.05,23.05,23.05,23.05,23.24,1,1,23.00,
543568,ICICIMOM30  ,B ,Q,19.06,19.74,19.06,19.74,19.74,19.64,7,426,8408.00,
543569,HDFCNIF100  ,B ,Q,183.10,183.10,180.96,181.77,180.96,184.42,8,8,1454.00,
543570,HDFCNEXT50  ,B ,Q,424.90,424.90,423.00,424.24,424.24,422.99,3,3,1272.00,
543572,DSPSILVETF  ,E ,Q,72.80,72.80,66.55,66.70,67.00,69.00,15,2218,151431.00,
543573,SYRMA       ,B ,Q,271.40,275.80,269.50,273.70,273.70,273.35,1438,34713,9429633.00,
543574,NIFTYQLITY  ,B ,Q,14.25,14.43,14.24,14.35,14.36,14.39,37,809,11586.00,
543575,MOMENTUM    ,B ,Q,19.50,19.69,19.10,19.69,19.69,19.39,18,1393,27372.00,
543576,MOVALUE     ,B ,Q,48.50,48.67,48.50,48.67,48.67,48.51,2,2,97.00,
543578,OLATECH     ,M ,Q,88.10,89.10,88.10,89.10,89.10,86.50,2,4000,354400.00,
543579,NATURO      ,M ,Q,14.00,14.00,14.00,14.00,14.00,14.05,1,4000,56000.00,
543590,RHETAN      ,M ,Q,475.00,475.00,452.00,459.60,459.80,468.50,16,42000,19351800.00,
543591,DREAMFOLKS  ,B ,Q,350.00,369.40,350.00,365.35,365.00,353.70,1716,32574,11843189.00,
543592,HDFCSILVER  ,E ,Q,67.70,67.70,66.81,67.02,67.12,68.16,28,412,27826.00,
543593,DBOL        ,B ,Q,206.45,206.45,198.15,201.75,201.20,201.50,786,13307,2673436.00,
543594,DPL         ,M ,Q,20.75,22.55,20.30,21.00,21.00,19.60,9,27000,564300.00,
543595,EPBIO       ,M ,Q,178.60,178.60,178.60,178.60,178.60,187.90,2,2000,357200.00,
543596,TMB         ,B ,Q,489.00,489.00,480.10,480.90,480.10,484.80,276,2092,1011568.00,
543597,VOEPL       ,M ,Q,133.80,133.80,128.70,129.40,129.40,131.85,12,24000,3119300.00,
543598,SISL        ,M ,Q,77.10,77.10,77.10,77.10,77.10,79.55,1,1600,123360.00,
543599,KSOLVES     ,B ,Q,420.95,426.90,417.95,423.50,419.10,418.15,218,1912,805807.00,
543600,HARSHA      ,B ,Q,376.05,389.70,376.05,381.15,381.15,382.25,490,4139,1591047.00,
543605,HDFCQUAL    ,B ,Q,38.10,38.40,38.10,38.40,38.40,38.08,2,2,76.00,
543608,HDFCVALUE   ,B ,Q,90.40,91.80,90.40,91.13,90.45,90.38,9,15,1361.00,
543613,MAFIA       ,M ,Q,17.00,17.00,17.00,17.00,17.00,16.30,1,4000,68000.00,
543614,TIPSFILMS   ,B ,Q,433.15,447.85,433.10,442.70,440.60,444.05,158,550,242517.00,
543615,SRSOLTD     ,M ,Q,146.20,159.70,146.20,159.70,159.70,145.20,39,68800,10678880.00,
543616,TLL         ,M ,Q,120.55,125.05,120.55,125.05,125.05,133.00,3,3600,444780.00,
543617,REETECH     ,M ,Q,68.00,77.00,68.00,71.60,77.00,72.55,16,27600,1973160.00,
543618,CARGOTRANS  ,M ,Q,108.00,108.00,98.90,108.00,108.00,106.95,4,12000,1268550.00,
543619,CNCRD       ,M ,Q,208.10,208.10,208.00,208.10,208.10,198.20,11,24000,4993800.00,
543620,INA         ,M ,Q,101.80,103.10,100.10,100.50,100.50,100.50,13,39000,3956250.00,
543621,CARGOSOL    ,M ,Q,55.05,59.00,55.00,57.25,57.90,58.00,15,60000,3420000.00,
543622,STML        ,M ,Q,173.45,173.45,166.65,167.65,167.65,170.00,3,3600,609300.00,
543623,VEDANTASSET ,M ,Q,59.50,59.50,51.40,58.75,58.75,56.95,3,9000,508950.00,
543625,SECURCRED   ,B ,Q,118.35,118.35,112.75,113.90,115.00,114.60,623,7577,865688.00,
543626,EMIL        ,B ,Q,85.15,87.45,85.10,85.80,85.75,85.80,536,24658,2132917.00,
543628,HDFCMOMENT  ,B ,Q,193.00,195.90,193.00,195.90,195.90,193.14,8,10,1945.00,
543635,PPLPHARMA   ,B ,Q,116.15,116.55,114.20,114.50,114.50,116.10,4069,219720,25263425.00,
543636,DCI         ,T ,Q,127.05,133.80,125.10,131.80,131.80,130.00,18,291,37427.00,
543637,PACE        ,M ,Q,31.00,31.00,29.25,29.25,29.25,30.75,150,250800,7397160.00,
543638,TRACXN      ,B ,Q,82.20,82.20,79.35,79.95,80.05,80.70,947,45154,3631590.00,
543643,NARMADA     ,B ,Q,20.85,22.90,20.85,22.90,22.90,20.85,90,21216,461344.00,
543644,INFOBEAN    ,B ,Q,500.00,500.00,479.60,486.15,487.00,491.80,304,1127,551620.00,
543645,HPIL        ,B ,Q,97.90,98.00,94.95,95.00,94.95,97.95,23,224,21864.00,
543650,DCXINDIA    ,B ,Q,211.75,230.85,209.20,227.95,227.95,210.75,2801,67224,14879069.00,
543651,DAPS        ,M ,Q,35.50,35.50,35.00,35.00,35.00,35.50,2,8000,282000.00,
543652,FUSION      ,B ,Q,364.80,379.70,357.35,373.25,374.45,358.90,1219,21560,8011490.00,
543653,BIKAJI      ,B ,Q,404.95,404.95,400.70,404.95,404.95,385.70,448,40293,16296056.00,
543654,MEDANTA     ,B ,Q,458.00,466.00,455.55,460.00,460.00,459.30,916,20659,9518693.00,
543656,TECHNOPACK  ,M ,Q,93.90,94.90,93.90,94.80,94.80,92.70,5,10000,946400.00,
543657,ACI         ,B ,Q,518.95,532.70,517.15,525.00,525.00,517.15,1989,33583,17706400.00,
543663,FIVESTAR    ,B ,Q,577.90,587.45,574.70,580.55,580.70,577.80,784,7806,4522083.00,
543664,KAYNES      ,B ,Q,712.05,745.15,712.05,738.65,738.65,721.35,1281,12977,9553496.00,
543665,HDFCNIFIT   ,B ,Q,285.00,286.75,284.11,284.11,284.11,286.21,8,52,14857.00,
543666,HDFCPVTBAN  ,B ,Q,216.00,218.98,216.00,218.98,218.98,216.00,4,4,868.00,
543667,INOXGREEN   ,B ,Q,43.10,44.25,42.85,43.05,43.05,43.95,1514,96622,4187648.00,
543668,BBTCL       ,B ,Q,228.70,236.30,228.55,233.45,233.85,230.25,258,2058,479766.00,
543669,RUSTOMJEE   ,B ,Q,520.00,522.00,500.00,503.35,500.00,525.00,1087,8816,4531048.00,
543670,VINNY       ,B ,Q,139.80,139.80,139.00,139.80,139.80,133.15,39,1845,257758.00,
543671,AAATECH     ,B ,Q,55.40,57.70,55.40,57.70,57.70,55.40,28,543,30665.00,
543677,ICICIFIN    ,B ,Q,16.82,16.82,16.72,16.80,16.80,16.68,6,21,352.00,
543678,AMBOAGRI    ,M ,Q,31.10,31.85,30.60,30.85,30.85,32.00,23,96000,2992600.00,
543686,SIRCA       ,B ,Q,660.00,680.00,600.25,672.85,676.00,636.80,852,10346,6891285.00,
543687,DHARMAJ     ,B ,Q,193.45,196.80,192.55,194.95,194.35,194.30,1141,23257,4523727.00,
543688,SARVESHWAR  ,B ,Q,89.80,89.80,84.75,86.55,86.50,88.00,192,5867,510231.00,
543689,UNIPARTS    ,B ,Q,549.95,565.00,544.80,563.55,562.95,552.70,1930,23745,13168333.00,
543699,EBBETF0433  ,F ,Q,1005.22,1005.22,1005.22,1005.22,1005.22,1007.90,1,1,1005.00,
543709,GARGI       ,MT,Q,80.00,80.00,80.00,80.00,80.00,76.20,9,44000,3520000.00,
543710,ICICICOMMO  ,B ,Q,59.40,59.40,59.40,59.40,59.40,59.40,1,3,178.00,
543711,SULA        ,B ,Q,331.95,336.75,328.00,330.45,330.45,334.05,2555,51370,17080712.00,
543712,AHL         ,B ,Q,204.05,207.35,200.20,201.00,201.00,204.80,1308,31130,6357495.00,
543713,DRONACHRYA  ,MT,Q,123.95,123.95,123.95,123.95,123.95,118.05,29,74000,9172300.00,
543714,LANDMARK    ,B ,Q,473.00,474.45,460.50,461.50,461.50,474.95,1297,15238,7127132.00,
543715,IEL         ,T ,Q,15.80,16.20,15.50,16.05,15.90,15.45,916,1091689,17664000.00,
555555,ICICISENSX  ,A ,Q,672.00,672.00,668.45,668.76,668.55,669.00,18,26,17404.00,
570001,TATAMTRTDVR ,A ,Q,207.05,209.00,206.25,207.40,207.80,208.60,2851,117921,24504400.00,
570002,FELDVR      ,B ,Q,7.20,7.20,6.90,7.12,7.12,7.00,16,1073,7620.00,
570004,JISLBNDVR   ,B ,Q,17.80,18.70,17.70,18.15,18.35,18.05,45,1945,35131.00,
570005,SCAPDVR     ,B ,Q,13.17,13.36,12.49,13.29,13.31,13.14,5204,602159,7706152.00,
590003,KARUR VY(PS ,B ,Q,108.75,109.85,106.65,107.90,107.90,108.75,1238,155689,16903029.00,
590005,TIDE WATE(PS,B ,Q,1019.55,1019.55,997.55,998.90,999.00,999.80,430,2219,2226171.00,
590006,AMRUTANJAN  ,B ,Q,698.60,712.00,698.60,702.35,702.50,705.25,271,1003,706669.00,
590013,XPRO INDI(PS,B ,Q,671.50,680.00,656.15,667.70,667.70,670.95,340,2444,1640236.00,
590018,HISARMET(PS ,B ,Q,133.35,136.90,132.35,134.25,134.25,133.10,19,96,12812.00,
590021,BHARAT RA(PS,B ,Q,9899.00,9948.25,9839.00,9855.45,9855.45,9807.20,12,16,158228.00,
590022,EASTER SI(PS,T ,Q,3.80,3.85,3.63,3.74,3.63,3.74,52,18516,70224.00,
590024,FERT CHE(PS ,B ,Q,304.00,321.85,298.35,321.85,321.85,292.60,10258,578664,181045147.00,
590025,GINNI FIL(PS,B ,Q,32.50,32.95,32.00,32.50,32.50,32.75,45,1593,51564.00,
590030,SOUTH PET(PS,B ,Q,74.25,85.95,73.55,83.65,83.65,74.70,9608,1344788,108602093.00,
590031,DE NORA     ,B ,Q,672.40,686.55,672.40,680.60,678.05,667.00,156,704,478903.00,
590041,KAVERI TELE ,B ,Q,7.51,7.88,7.15,7.15,7.15,7.52,105,52464,377132.00,
590051,SAKSOFT LTD ,B ,Q,120.20,120.20,115.90,118.15,118.15,117.30,442,14309,1690707.00,
590056,SALONA COTSP,B ,Q,259.05,278.00,255.20,275.75,278.00,261.10,287,1369,372649.00,
590057,EQUIPPP     ,T ,Q,41.25,42.50,41.25,42.50,42.50,40.50,24,1074,45433.00,
590062,ANDHRA SUGAR,B ,Q,133.00,133.15,130.10,131.05,131.05,132.55,558,15951,2103592.00,
590065,INDIA MOTOR ,B ,Q,724.00,741.10,724.00,738.60,739.95,729.60,139,910,669403.00,
590066,KCP LTD     ,B ,Q,112.60,116.35,111.80,112.45,112.85,111.70,865,31960,3660405.00,
590068,KHAITAN INDI,T ,Q,51.95,51.95,51.95,51.95,51.95,49.50,2,210,10909.00,
590070,RADAAN MEDIA,T ,Q,1.57,1.65,1.57,1.65,1.65,1.65,5,3155,5045.00,
590071,SUNDARAM FIN,B ,Q,2324.70,2329.70,2288.50,2310.45,2292.00,2317.95,167,631,1463665.00,
590072,SUNDARAM BRK,B ,Q,308.00,326.20,307.30,322.95,326.20,311.10,192,1684,530712.00,
590073,WHEELS INDIA,B ,Q,572.65,579.70,572.65,579.70,579.70,565.35,16,68,39129.00,
590075,LAMBODHARA T,B ,Q,97.60,100.40,97.60,98.90,98.70,96.35,44,1238,122207.00,
590078,MAITHAN ALL ,B ,Q,973.90,996.00,961.25,983.75,984.35,973.90,346,1154,1132050.00,
590082,LOHIA SECURI,X ,Q,175.00,175.00,169.00,175.00,175.00,184.00,18,272,47578.00,
590086,ORISSA MINE ,B ,Q,2927.20,2966.55,2880.00,2899.10,2880.00,2927.20,322,742,2161508.00,
590095,GOLDBEES    ,E ,Q,46.85,46.95,46.53,46.61,46.61,46.85,455,49027,2292395.00,
590096,LIQUIDBEES  ,F ,Q,1000.00,1000.01,999.99,1000.01,1000.01,1000.01,206,95490,95489564.00,
590097,KOTAKGOLDETF,E ,Q,47.14,47.23,46.82,46.93,46.82,47.07,124,11944,561536.00,
590098,SBI GOLD ETS,E ,Q,48.24,48.39,47.86,47.96,47.96,48.19,190,15702,755990.00,
590099,QUANTUM GOLD,E ,Q,46.70,46.71,46.33,46.41,46.33,46.62,72,3962,184272.00,
590101,UTI GOLD ETF,E ,Q,46.79,46.80,46.53,46.57,46.53,46.69,35,3484,162660.00,
590103,NIFTYBEES   ,B ,Q,197.81,198.49,197.35,198.04,198.09,198.13,892,58873,11652692.00,
590104,JUNIORBEES  ,B ,Q,445.05,448.20,445.00,447.25,446.42,445.26,193,3086,1378199.00,
590106,BANKBEES    ,B ,Q,432.10,435.09,431.41,432.90,433.00,433.20,210,11914,5166971.00,
590107,KOTAK PSU BK,B ,Q,420.00,429.83,415.95,422.74,421.31,418.58,310,5963,2533983.00,
590108,PSUBNKBEES  ,B ,Q,48.65,48.65,46.36,46.74,46.77,46.60,959,198361,9303461.00,
590109,SHARIABEES  ,B ,Q,415.00,416.55,414.16,414.16,414.16,417.15,4,28,11625.00,
590110,QNIFTY      ,B ,Q,1915.00,1920.00,1915.00,1920.00,1920.00,1914.00,5,14,26870.00,
590113,HNGSNGBEES  ,E ,Q,276.66,285.20,276.66,284.00,284.00,282.75,54,639,180207.00,
590115,MOM50       ,B ,Q,182.50,183.00,181.63,182.30,181.63,182.09,7,8,1459.00,
590122,ASHIKACR    ,X ,Q,35.50,36.30,34.50,36.00,36.30,36.45,9,1430,51422.00,
590126,GRADIENTE   ,XT,Q,7.61,8.15,7.61,7.91,7.97,7.94,40,20750,164321.00,
590134,MADRASFERT  ,B ,Q,75.80,78.80,73.65,78.80,78.80,75.05,5526,605690,46669336.00,
590136,KOTAKBKETF  ,B ,Q,434.10,436.19,433.50,435.12,433.50,433.74,24,85,36963.00,
590137,SETFNIFBK   ,B ,Q,428.51,431.32,428.42,429.29,428.50,429.41,64,740,318434.00,
590138,SETFNIF50   ,B ,Q,187.15,187.90,186.75,187.23,187.08,187.96,1481,81251,15233515.00,
750745,HATSUN-RE   ,R ,Q,470.00,475.00,452.35,466.85,455.20,470.00,45,302,140000.00,
750746,RSWM-RE     ,R ,Q,73.00,82.90,73.00,77.10,77.90,79.85,315,26908,2106999.00,
800251,SGB20151    ,G ,B,5399.00,5399.00,5399.00,5399.00,5399.00,5399.00,1,1,5399.00,
800254,SGBAUG24    ,G ,B,5311.10,5413.00,5311.00,5311.00,5311.00,5417.00,11,66,350680.00,
800258,SGB2016IIA  ,G ,B,5469.99,5469.99,5281.00,5296.10,5296.10,5375.00,5,111,587134.00,
800259,SGB2016IIIA ,G ,B,5273.00,5273.00,5273.00,5273.00,5273.00,5275.00,1,20,105460.00,
800265,SGB2016IV   ,G ,B,5449.00,5449.00,5283.50,5316.60,5283.50,5255.10,2,5,26583.00,
800268,SGBMAY25    ,G ,B,5430.00,5439.00,5260.01,5265.00,5265.00,5340.00,10,163,859208.00,
800269,SGBJULY25   ,G ,B,5353.00,5353.00,5353.00,5353.00,5353.00,5416.00,7,100,535300.00,
800276,SGBNOV25B   ,G ,B,5175.03,5175.03,5175.03,5175.03,5175.03,5343.00,1,2,10350.00,
800282,SGBJAN26    ,G ,B,5175.00,5175.00,5175.00,5175.00,5175.00,5439.00,2,20,103500.00,
800296,SGBJULY27   ,G ,B,5200.00,5200.00,5200.00,5200.00,5200.00,5133.00,1,1,5200.00,
800298,769GOI2043  ,G ,B,100.25,100.25,100.25,100.25,100.25,0.00,2,100000,10025000.00,
800299,772GOI2049  ,G ,B,100.10,100.10,100.10,100.10,100.10,108.00,2,100000,10010000.00,
800302,SGBOCT27    ,G ,B,5349.00,5349.00,5349.00,5349.00,5349.00,5050.00,1,4,21396.00,
800304,762GOI2039  ,G ,B,101.50,101.50,101.50,101.50,101.50,99.00,2,70000,7105000.00,
800315,SGBMAR28    ,G ,B,5150.00,5150.00,5150.00,5150.00,5150.00,5107.90,1,30,154500.00,
800318,SGBAPR28    ,G ,B,5200.00,5200.00,5120.00,5164.90,5164.90,5150.00,10,30,155306.00,
800320,SGBMAY28    ,G ,B,5061.00,5150.00,5061.00,5149.00,5149.00,5096.00,9,27,138798.00,
800322,SGBJUN28    ,G ,B,5244.95,5244.95,5115.00,5120.00,5120.00,5115.00,4,8,41074.00,
800324,SGBJULY28   ,G ,B,5143.00,5177.00,5142.01,5145.01,5145.01,5230.34,7,34,175014.00,
800325,SGBAUG28    ,G ,B,5211.72,5225.00,5190.88,5192.28,5192.00,5211.72,22,138,718382.00,
800326,68GOI2060   ,G ,B,96.40,96.40,96.40,96.40,96.40,96.40,1,100,9640.00,
800327,SGBSEP28    ,G ,B,5217.94,5217.94,5217.94,5217.94,5217.94,4977.00,1,1,5217.00,
800329,SGBNOV28    ,G ,B,5180.00,5180.00,5180.00,5180.00,5180.00,5150.00,1,1,5180.00,
800331,SGBJAN29    ,G ,B,5151.10,5160.00,5151.00,5157.77,5155.00,5151.08,7,34,175359.00,
800332,SGBJAN29A   ,G ,B,5150.00,5175.00,5146.40,5174.70,5174.70,5150.00,11,108,558260.00,
800339,SGBMAR29    ,G ,B,5124.00,5134.00,5105.00,5134.00,5134.00,5104.68,6,35,179315.00,
800340,SGBMAY29    ,G ,B,5110.00,5124.00,5075.00,5101.00,5101.00,5109.93,21,161,821207.00,
800341,SGBJUNE29   ,G ,B,5085.00,5130.00,5081.00,5122.10,5122.10,5125.00,6,21,107185.00,
800367,SGBJULY29   ,G ,B,5101.60,5175.00,5101.05,5169.95,5169.95,5135.00,4,12,61356.00,
800372,GS17DEC23C  ,G ,B,93.50,93.50,93.50,93.50,93.50,93.15,1,100,9350.00,
800385,SGBAUG29    ,G ,B,5100.00,5200.00,5050.00,5153.00,5153.00,5146.27,16,80,412335.00,
800434,SGBNOV29    ,G ,B,5103.10,5120.00,5103.10,5120.00,5120.00,5101.00,2,2,10223.00,
800437,SGBDEC29    ,G ,B,5170.00,5170.00,5102.00,5102.00,5102.00,5118.00,3,3,15377.00,
800438,SGBJAN30    ,G ,B,5130.00,5135.01,5130.00,5135.01,5135.01,5132.00,2,4,20535.00,
800439,SGBMARCH30  ,G ,B,5061.00,5190.00,5061.00,5190.00,5190.00,5243.33,4,7,36131.00,
800442,738GOI2027  ,G ,B,103.00,103.00,103.00,103.00,103.00,101.20,1,200,20600.00,
800443,SGBJUNE30   ,G ,B,5075.00,5148.50,5075.00,5148.50,5148.50,5121.00,5,13,66856.00,
800444,71GOI2029   ,G ,B,100.40,100.70,100.00,100.70,100.70,100.75,4,450,45249.00,
800488,SGBAUG30    ,G ,B,5150.00,5375.00,5150.00,5236.76,5165.00,5232.67,37,195,1019325.00,
800515,GS19MAR2036 ,G ,B,39.00,39.00,39.00,39.00,39.00,37.65,1,10000,390000.00,
800521,GS19MAR2038 ,G ,B,33.85,33.85,33.85,33.85,33.85,33.80,1,10000,338500.00,
800522,GS19MAR2040 ,G ,B,29.35,29.35,29.35,29.35,29.35,0.00,1,10000,293500.00,
800523,GS19MAR2037 ,G ,B,36.35,36.35,36.35,36.35,36.35,36.30,1,12600,458010.00,
800524,GS19MAR2039 ,G ,B,31.50,31.50,31.50,31.50,31.50,0.00,1,10000,315000.00,
890157,AIRTELPP    ,A ,Q,440.05,446.30,439.80,440.00,440.60,441.70,73,1278,564008.00,
890167,ASMTECPP    ,X ,Q,360.00,365.00,330.00,337.55,365.00,368.40,12,210,74160.00,
890168,AURUMPP     ,T ,Q,62.00,62.65,58.90,59.50,58.90,61.95,18,992,59447.00,
890174,COASTPP     ,B ,Q,73.55,79.55,73.55,74.70,74.35,75.15,22,151,11353.00,
890175,GGLPP       ,T ,Q,4.03,4.03,3.91,4.03,4.03,3.84,116,308544,1239687.00,
890176,SUZLONPP    ,A ,Q,7.83,7.83,7.39,7.52,7.52,7.63,606,1203604,9084612.00,
890177,TFLPP       ,B ,Q,3.24,3.24,3.24,3.24,3.24,3.15,1,200,648.00,
912333,ICIC-MMP3-1-,F ,D,97395.00,97395.00,97395.00,97395.00,97395.00,96510.00,1,17,1655715.00,
935383,849NTPC25   ,F ,D,13.50,13.51,13.47,13.49,13.49,13.57,32,9518,128385.00,
935506,736PFC25    ,F ,D,1047.01,1047.12,1047.01,1047.12,1047.12,1046.00,2,70,73295.00,
935540,714REC25    ,F ,D,1041.00,1041.00,1041.00,1041.00,1041.00,1042.40,2,50,52050.00,
935568,728IRFC30   ,F ,D,1150.50,1153.50,1150.50,1153.50,1153.50,1152.00,3,41,47230.00,
935572,732IRFC25   ,F ,D,1069.99,1069.99,1069.99,1069.99,1069.99,1058.00,1,1,1069.00,
935574,753IRFC30   ,F ,D,1142.00,1142.00,1142.00,1142.00,1142.00,1139.00,1,50,57100.00,
935580,739NHAI26   ,F ,D,1110.00,1110.00,1110.00,1110.00,1110.00,1110.00,1,25,27750.00,
935616,753IREDA26  ,F ,D,1116.00,1116.00,1116.00,1116.00,1116.00,1115.42,3,279,311364.00,
935642,764HUDCO31  ,F ,D,1201.00,1201.00,1196.51,1198.26,1196.51,1201.31,3,124,148858.00,
935674,769HUDCO31  ,F ,D,1143.00,1145.00,1143.00,1145.00,1145.00,1143.00,3,3,3432.00,
935690,764NABARD31 ,F ,D,1193.35,1193.55,1193.01,1193.06,1193.01,1193.35,3,289,344806.00,
935860,9IBHFL26B   ,F ,D,926.00,926.00,926.00,926.00,926.00,926.00,1,9,8334.00,
935868,915IBHFL26B ,F ,D,920.01,929.00,914.00,929.00,929.00,923.33,21,265,243651.00,
935912,915RHFL27B  ,F ,D,466.00,466.00,440.00,440.00,440.00,455.06,9,125,56061.00,
936048,805MMFSL32  ,F ,D,1050.50,1052.00,1050.50,1052.00,1052.00,931.00,3,51,53632.00,
936118,950SEFL28   ,F ,D,190.00,190.00,185.00,185.00,185.00,223.11,3,92,17155.00,
936132,925ERFL28   ,F ,D,1010.00,1010.00,1010.00,1010.00,1010.00,1010.00,1,200,202000.00,
936138,875MFL23    ,F ,D,1000.00,1000.50,1000.00,1000.03,1000.03,998.57,10,1000,1000049.00,
936180,9SEFL23A    ,F ,D,333.00,333.00,333.00,333.00,333.00,340.00,1,25,8325.00,
936182,935SEFL23   ,F ,D,320.00,330.00,320.00,323.35,320.00,302.00,7,300,96502.00,
936186,92SEFL28    ,F ,D,339.00,339.00,339.00,339.00,339.00,330.00,3,99,33561.00,
936224,975JMFCSL28 ,F ,D,1080.00,1081.50,1080.00,1081.50,1081.50,1089.80,2,111,119896.00,
936226,934JMFCS28  ,F ,D,1035.00,1035.00,1035.00,1035.00,1035.00,1035.00,2,300,310500.00,
936228,893STFCL23  ,F ,D,1005.75,1005.75,1002.10,1002.67,1002.10,1002.00,6,19,19050.00,
936236,94STFCL28   ,F ,D,1080.00,1080.00,1080.00,1080.00,1080.00,1080.00,9,428,462240.00,
936252,943EFL28    ,F ,D,976.90,976.90,976.90,976.90,976.90,954.00,1,25,24422.00,
936254,985EFL28    ,F ,D,1000.00,1000.00,996.50,1000.00,1000.00,996.81,4,85,84860.00,
936278,884ICCL28   ,F ,D,1079.00,1079.00,905.00,1014.50,981.00,901.00,5,24,24078.00,
936294,910TCFSL28  ,F ,D,1110.00,1110.00,1110.00,1110.00,1110.00,1130.00,1,5,5550.00,
936360,10MFL23     ,F ,D,1015.83,1015.83,1015.83,1015.83,1015.83,1015.83,1,6,6094.00,
936396,EFL4JAN19A  ,F ,D,1480.00,1480.00,1480.00,1480.00,1480.00,1480.00,3,200,296000.00,
936398,1015EFL29   ,F ,D,1019.90,1024.00,1019.90,1024.00,1024.00,1023.00,3,50,51039.00,
936400,1060EFL29   ,F ,D,1033.20,1033.20,1033.20,1033.20,1033.20,1100.00,1,3,3099.00,
936412,93MMFSL27   ,F ,D,1115.00,1115.00,1112.00,1112.08,1112.00,1110.45,8,461,512952.00,
936508,0DLSL24     ,F ,D,1425.00,1425.00,1425.00,1425.00,1425.00,1431.98,1,25,35625.00,
936520,925LTFL24   ,F ,D,1098.80,1098.80,1085.52,1085.52,1085.52,1090.00,3,18,19601.00,
936524,889LTFL24   ,F ,D,1030.55,1030.55,1030.55,1030.55,1030.55,1035.00,1,1,1030.00,
936528,935LTFL29   ,F ,D,1150.00,1152.01,1150.00,1152.00,1152.00,1150.00,9,400,460771.00,
936566,866LTFL24   ,F ,D,1029.00,1029.00,1029.00,1029.00,1029.00,991.10,3,755,776895.00,
936668,1025SEFL24A ,F ,D,325.20,340.20,325.20,340.13,340.00,340.00,3,95,31566.00,
936716,995EFL24A   ,F ,D,994.10,994.10,994.10,994.10,994.10,1009.00,1,82,81516.00,
936718,104EFL24    ,F ,D,1058.20,1058.20,1055.50,1055.50,1055.50,1058.20,4,118,124843.00,
936722,995EFL29    ,F ,D,995.00,995.00,995.00,995.00,995.00,995.00,1,2,1990.00,
936724,104EFL29    ,F ,D,1098.00,1098.00,1098.00,1098.00,1098.00,1036.00,1,26,28548.00,
936730,975MFL24AA  ,F ,D,1037.85,1037.85,1037.85,1037.85,1037.85,1013.42,1,4,4151.00,
936780,912STF23    ,F ,D,971.01,995.00,971.01,987.80,995.00,1019.99,2,50,49390.00,
936806,85TCFS24    ,F ,D,1049.00,1049.00,1049.00,1049.00,1049.00,1038.00,1,25,26225.00,
936824,10IFL25     ,F ,D,1005.02,1005.02,1005.02,1005.02,1005.02,1013.00,1,9,9045.00,
936930,975MFL24B   ,F ,D,1028.00,1028.00,1015.00,1015.00,1015.00,1012.60,4,350,355930.00,
936944,0MFL27      ,F ,D,1361.02,1361.02,1361.02,1361.02,1361.02,1360.50,1,1,1361.00,
936965,102ECL23    ,F ,D,1009.00,1009.00,1009.00,1009.00,1009.00,1008.00,7,299,301691.00,
936967,0ECL23      ,F ,D,1350.00,1350.00,1350.00,1350.00,1350.00,1351.00,1,25,33750.00,
936971,104ECL24    ,F ,D,1007.00,1007.00,999.00,999.00,999.00,999.00,10,493,493067.00,
936975,995ECL29    ,F ,D,1000.00,1000.00,1000.00,1000.00,1000.00,975.10,1,2,2000.00,
937009,86LTFL24    ,F ,D,1016.30,1025.00,1016.30,1025.00,1025.00,1015.61,7,280,285030.00,
937013,829LTFL24   ,F ,D,1024.00,1024.48,1024.00,1024.48,1024.48,1024.60,4,125,128010.00,
937017,865LTFL26   ,F ,D,1037.00,1037.00,1037.00,1037.00,1037.00,1034.77,1,20,20740.00,
937045,801TCH25    ,F ,D,1019.30,1019.30,1015.00,1015.00,1015.00,1023.00,4,160,162486.00,
937049,83TCHF25    ,F ,D,1012.98,1020.00,1012.98,1020.00,1020.00,1093.49,10,1110,1130846.00,
937053,81TCHF28    ,F ,D,1028.65,1031.10,1020.01,1031.10,1031.10,1045.00,5,90,92182.00,
937057,84TCHF28    ,F ,D,1020.51,1020.51,1020.51,1020.51,1020.51,1120.00,2,50,51025.00,
937067,885STFCL23  ,F ,D,1078.99,1078.99,1078.99,1078.99,1078.99,1071.00,1,50,53949.00,
937083,0NWFL23     ,F ,D,1313.00,1313.00,1313.00,1313.00,1313.00,1316.00,1,380,498940.00,
937169,0MVAFL27    ,F ,D,1109.80,1200.00,1109.80,1200.00,1200.00,1109.80,6,300,349980.00,
937187,1025SFL25   ,F ,D,979.80,979.80,979.80,979.80,979.80,979.80,4,300,293940.00,
937221,MMFL2JUN20C ,F ,D,1112.00,1112.00,1112.00,1112.00,1112.00,1250.00,1,16,17792.00,
937295,915MFL25    ,F ,D,1003.85,1003.85,1003.85,1003.85,1003.85,980.00,1,2,2007.00,
937307,0MFL25D     ,F ,D,1205.02,1240.00,1205.02,1240.00,1240.00,1246.00,3,200,244502.00,
937311,MFLOII25    ,F ,D,950.00,965.00,950.00,965.00,965.00,966.00,3,26,24790.00,
937315,MFLOIV25    ,F ,D,975.00,975.00,975.00,975.00,975.00,1000.00,2,200,195000.00,
937335,935EFSL24   ,F ,D,988.50,995.00,988.50,995.00,995.00,988.01,5,106,105165.00,
937353,MFLIII24    ,F ,D,965.00,972.00,965.00,972.00,972.00,1045.00,3,600,579700.00,
937355,MFLIV26     ,F ,D,971.20,973.20,971.20,973.20,973.20,1047.25,2,220,213744.00,
937377,683PFCL31   ,F ,D,956.00,1035.00,956.00,1035.00,1035.00,1040.00,3,1004,960070.00,
937381,697PFCL36   ,F ,D,985.00,985.00,985.00,985.00,985.00,978.00,1,10,9850.00,
937385,715PFCL36   ,F ,D,1037.60,1037.60,1037.60,1037.60,1037.60,1037.00,1,39,40466.00,
937455,96IFL28     ,F ,D,1008.70,1008.70,1008.70,1008.70,1008.70,1013.00,1,10,10087.00,
937491,910EFSL24   ,F ,D,1038.00,1038.00,1038.00,1038.00,1038.00,1038.00,6,127,131826.00,
937495,916EFSL26   ,F ,D,1000.00,1000.00,1000.00,1000.00,1000.00,963.11,1,1,1000.00,
937497,955EFSL26   ,F ,D,1050.00,1050.00,1050.00,1050.00,1050.00,1024.25,1,255,267750.00,
937525,76IGT26     ,F ,D,932.00,932.00,932.00,932.00,932.00,1005.00,1,400,372800.00,
937533,769IGT28    ,F ,D,995.00,997.70,995.00,997.70,997.70,995.00,2,50,49817.00,
937561,BILNCD2021  ,F ,D,28.68,28.74,28.68,28.70,28.72,28.81,14,1412,40566.00,
937621,96IHFL28    ,F ,D,1000.00,1000.00,1000.00,1000.00,1000.00,998.00,1,10,10000.00,
937623,0IHFL28     ,F ,D,1065.00,1065.00,1065.00,1065.00,1065.00,1065.00,1,20,21300.00,
937625,875EFSL24   ,F ,D,980.00,980.00,971.00,971.00,971.00,980.00,5,200,195170.00,
937627,91EFSL24    ,F ,D,999.00,999.00,995.00,999.00,999.00,999.90,11,401,399879.00,
937629,EFSL10SEP21 ,F ,D,1088.00,1088.00,1088.00,1088.00,1088.00,1087.00,1,25,27200.00,
937631,915EFSL26   ,F ,D,969.45,996.00,969.45,987.00,987.00,966.35,22,1616,1605095.00,
937647,950MMFL25   ,F ,D,1000.00,1000.00,1000.00,1000.00,1000.00,1000.00,1,10,10000.00,
937707,820JMFPL26  ,F ,D,1002.50,1009.00,1002.50,1003.44,1009.00,1007.00,7,470,471615.00,
937721,842IIFL26   ,F ,D,988.00,988.00,988.00,988.00,988.00,983.50,1,300,296400.00,
937723,875IIFL26   ,F ,D,1045.05,1045.05,1045.05,1045.05,1045.05,980.00,1,1,1045.00,
937769,825MFL24    ,F ,D,977.10,985.00,977.10,984.60,985.00,970.20,6,500,490090.00,
937771,850MFL24    ,F ,D,968.00,1001.00,968.00,1000.00,1000.00,1001.00,10,702,686200.00,
937773,910MFL26    ,F ,D,990.00,990.00,989.90,989.90,989.90,965.05,2,6,5939.00,
937779,MFL291021   ,F ,D,1093.00,1093.00,1093.00,1093.00,1093.00,1093.00,2,184,201112.00,
937781,MFL291021A  ,F ,D,1067.02,1092.80,1055.00,1092.80,1092.80,1105.00,7,680,725594.00,
937785,MFL291021C  ,F ,D,1146.00,1146.00,1146.00,1146.00,1146.00,1120.00,1,1000,1146000.00,
937789,875EFSL23   ,F ,D,981.00,995.00,981.00,981.00,981.00,980.00,4,65,63880.00,
937795,91EFSL24A   ,F ,D,976.00,976.00,976.00,976.00,976.00,975.00,2,50,48800.00,
937799,915EFSL26A  ,F ,D,1000.00,1000.00,1000.00,1000.00,1000.00,999.58,1,20,20000.00,
937801,955EFSL26B  ,F ,D,1000.00,1000.00,1000.00,1000.00,1000.00,999.74,4,19999,19999000.00,
937805,93EFSL31A   ,F ,D,964.99,998.98,964.99,970.00,970.00,957.95,9,18817,18792437.00,
937839,875IHFL24   ,F ,D,947.25,947.25,947.25,947.25,947.25,980.00,1,40,37890.00,
937881,8MFL24      ,F ,D,973.20,973.20,973.20,973.20,973.20,972.86,1,1,973.00,
937889,9MFL30      ,F ,D,1010.00,1010.00,1010.00,1010.00,1010.00,1005.00,7,58,58580.00,
937891,ZCMFL24     ,F ,D,1057.00,1057.00,1034.00,1034.00,1034.00,1057.00,5,200,208361.00,
937895,ZCMFL27     ,F ,D,1065.00,1065.00,1065.00,1065.00,1065.00,1050.00,1,600,639000.00,
937929,875KFL25    ,F ,D,978.00,978.00,978.00,978.00,978.00,985.00,5,205,200490.00,
937935,950KFIL26   ,F ,D,960.00,960.00,960.00,960.00,960.00,997.50,2,100,96000.00,
937939,10KFIL27    ,F ,D,997.00,997.00,997.00,997.00,997.00,997.00,4,150,149550.00,
937989,850EHFL24   ,F ,D,1028.80,1042.00,1028.80,1028.80,1028.80,1027.00,7,528,546002.00,
937995,905EHFL25   ,F ,D,1022.00,1022.00,1022.00,1022.00,1022.00,1029.80,2,100,102200.00,
937999,915EHFL27   ,F ,D,990.00,990.00,955.00,955.00,955.00,954.00,26,4047,3974245.00,
938009,MFLI25A     ,F ,D,940.01,940.01,940.00,940.00,940.00,960.00,2,10,9400.00,
938053,950MMFL26   ,F ,D,990.00,990.00,990.00,990.00,990.00,990.00,2,27,26730.00,
938057,920NFL23    ,F ,D,995.39,995.39,993.10,994.98,994.95,994.30,19,542,539198.00,
938097,NWIL150722  ,F ,D,1000.00,1000.00,1000.00,1000.00,1000.00,968.55,1,40,40000.00,
938131,8MFL24A     ,F ,D,973.80,973.80,970.00,970.00,970.00,961.20,3,4,3888.00,
938135,835MFL26    ,F ,D,951.00,959.90,950.00,959.90,959.90,970.00,3,132,126122.00,
938137,MFL060922   ,F ,D,1020.00,1030.15,1020.00,1024.60,1024.60,1010.00,4,12250,12606728.00,
938143,MFL060922C  ,F ,D,1000.00,1000.00,1000.00,1000.00,1000.00,1000.00,1,30,30000.00,
938180,915IHFL27   ,F ,D,955.00,955.00,955.00,955.00,955.00,955.00,7,8,7640.00,
938208,925EFSL25   ,F ,D,977.00,977.00,977.00,977.00,977.00,977.00,1,1,977.00,
938218,965EFSL32   ,F ,D,990.00,990.00,990.00,990.00,990.00,989.50,2,200,198000.00,
938222,79NHIT35    ,F ,D,309.99,309.99,309.56,309.60,309.60,309.27,8,803,248696.00,
938224,79NHIT40    ,F ,D,310.25,310.25,310.25,310.25,310.25,309.51,1,5,1551.00,
938226,79NHIT47    ,F ,D,414.83,414.83,414.17,414.17,414.17,414.30,2,525,217712.00,
938260,MFLTDIII24  ,F ,D,964.00,964.00,964.00,964.00,964.00,973.00,3,102,98328.00,
938268,MFLTDVII27  ,F ,D,970.00,970.00,970.00,970.00,970.00,965.00,1,7,6790.00,
938274,960CAGL25   ,F ,D,1010.46,1010.46,1010.40,1010.40,1010.40,1002.00,3,40,40417.00,
938276,CAGL231122A ,F ,D,1010.00,1010.00,1007.00,1007.00,1007.00,0.00,2,310,312200.00,
938278,10CAGL27    ,F ,D,1032.47,1032.47,1032.47,1032.47,1032.47,1030.00,4,587,606059.00,
938290,775MFL27    ,F ,D,965.00,965.00,965.00,965.00,965.00,1000.00,1,10,9650.00,
955968,FFSP24MAR17 ,F ,D,8200000.00,8200000.00,8200000.00,8200000.00,8200000.00,8050000.00,4,4,32800000.00,
957835,9STFCL28A   ,F ,D,910000.00,1180000.00,910000.00,1180000.00,1180000.00,1018750.50,2,2,2090000.00,
958178,1032APCRD26 ,F ,D,203000.00,203000.00,203000.00,203000.00,203000.00,203000.00,1,5,1015000.00,
958376,905HDFCL23  ,F ,D,1019000.00,1019000.00,1019000.00,1019000.00,1019000.00,1059580.00,1,6,6114000.00,
958409,956SBIPERP  ,F ,D,1025500.00,1025500.00,1025500.00,1025500.00,1025500.00,1026000.00,1,1,1025500.00,
958511,1025STFL24  ,F ,D,1022000.00,1022000.00,1022000.00,1022000.00,1022000.00,1021500.00,1,1,1022000.00,
958954,748IRFC34   ,F ,D,1019000.00,1019000.00,1019000.00,1019000.00,1019000.00,1025800.00,1,10,10190000.00,
958959,875SBIPERA  ,F ,D,1036000.00,1036000.00,1036000.00,1036000.00,1036000.00,1046000.00,1,3,3108000.00,
959041,805HDFCL29  ,F ,D,1014400.00,1016000.00,1014400.00,1016000.00,1016000.00,1074974.00,2,5,5076800.00,
959072,850SBIPER   ,F ,D,1015500.00,1019000.00,1015500.00,1019000.00,1019000.00,1015100.00,2,6,6096500.00,
959405,11HFL23     ,F ,D,1089.30,1089.30,1089.30,1089.30,1089.30,1076.70,1,1000,1089300.00,
959800,85BOBPERP   ,F ,D,1039535.00,1039535.00,1039535.00,1039535.00,1039535.00,1037492.00,1,3,3118605.00,
959974,774SBIPER   ,F ,D,1012174.00,1012174.00,1010575.00,1010575.00,1010575.00,1013000.00,2,3,3034923.00,
961728,830NHAI27   ,F ,B,1136.00,1136.00,1132.35,1132.35,1132.35,1131.30,2,104,118129.00,
961732,810IRFC2327 ,F ,B,1125.00,1125.00,1121.45,1121.45,1121.45,1125.50,2,201,225766.00,
961744,812REC27    ,F ,B,1144.00,1144.00,1144.00,1144.00,1144.00,1144.10,1,500,572000.00,
961755,718IRFC2023 ,F ,B,1016.50,1016.50,1016.50,1016.50,1016.50,1010.10,1,49,49808.00,
961778,826REC23    ,F ,B,1017.00,1020.75,1017.00,1020.75,1020.75,1020.00,2,200,203775.00,
961785,876HUDCO28  ,F ,B,1179.40,1180.00,1175.11,1175.11,1175.11,1179.50,10,163,191839.00,
961794,826IIFCL23  ,F ,B,1018.00,1018.20,1017.51,1018.20,1018.20,1029.69,4,260,264648.00,
961803,879PFC28    ,F ,B,1183.00,1183.00,1183.00,1183.00,1183.00,1180.00,1,1,1183.00,
961810,891NTPC33   ,F ,B,1288.00,1290.00,1288.00,1290.00,1290.00,1286.00,3,80,103100.00,
961826,875NHAI29   ,F ,B,1247.00,1247.00,1247.00,1247.00,1247.00,1247.00,2,7,8729.00,
961830,865IRFC29   ,F ,B,1221.00,1221.00,1221.00,1221.00,1221.00,1222.00,1,2,2442.00,
961839,880IREDA29  ,F ,B,1250.00,1250.00,1250.00,1250.00,1250.00,1240.00,1,1,1250.00,
961863,898HUDCO29  ,F ,B,1194.00,1194.00,1194.00,1194.00,1194.00,1193.00,2,30,35820.00,
961895,880IIFCL29  ,F ,B,1236.75,1236.75,1235.11,1235.11,1235.11,1236.75,2,940,1161011.00,
961906,736NTPC25D  ,F ,B,1051.33,1051.33,1051.33,1051.33,1051.33,1070.00,1,16,16821.00,
972655,IFCI010811B ,F ,B,32750.00,32750.00,32750.00,32750.00,32750.00,32600.00,1,10,327500.00,
972721,IFCI310312C ,F ,B,11941.00,11949.99,11941.00,11949.99,11949.99,11949.99,3,13,155340.00,
973491,675PCHFL31  ,F ,B,825.19,828.93,825.19,825.74,825.60,825.22,17,4666,3853527.00,
973572,710HDFC31   ,F ,B,958600.00,958600.00,958600.00,958600.00,958600.00,952625.00,1,1,958600.00,
974282,995UPPCL26  ,F ,B,1015744.00,1015744.00,1015744.00,1015744.00,1015744.00,1014699.00,2,2,2031488.00,
974284,995UPPCL28  ,F ,B,1013622.00,1013622.00,1013622.00,1013622.00,1013622.00,1012000.00,1,1,1013622.00,
974286,995UPPCL30  ,F ,B,1015000.00,1015000.00,1014301.00,1014301.00,1014301.00,1013312.79,5,5,5072204.00,
974287,995UPPCL31  ,F ,B,1014744.00,1014744.00,1014721.00,1014721.00,1014721.00,1014000.00,3,3,3044186.00,
974288,995UPPCL32  ,F ,B,1014000.00,1014000.00,1014000.00,1014000.00,1014000.00,1019200.00,1,1,1014000.00,
