SC_CODE,SC_NAME,SC_GROUP,SC_TYPE,OPEN,HIGH,LOW,CLOSE,LAST,PREVCLOSE,NO_TRADES,NO_OF_SHRS,NET_TURNOV,TDCLOINDI
500002,ABB LTD.    ,A ,Q,4431.40,4541.00,4419.10,4516.50,4520.00,4403.20,2643,14687,66149681.00,
500003,AEGIS LOGIS ,A ,Q,367.75,375.00,367.75,371.35,371.45,367.75,527,17864,6637030.00,
500008,AMAR RAJA BA,A ,Q,626.70,630.85,622.20,624.30,624.30,632.05,5853,57847,36186388.00,
500009,A.SARABHAI  ,X ,Q,27.51,30.49,27.51,29.53,29.53,27.71,1155,369725,10951666.00,
500012,ANDHRA PETRO,X ,Q,59.40,60.95,58.55,59.31,59.31,58.99,1012,153452,9146943.00,
500013,ANSAL INFRAS,T ,Q,8.70,9.28,8.70,8.87,8.87,8.85,34,13309,120216.00,
500014,UTIQUE      ,X ,Q,5.18,5.35,4.86,5.00,5.00,5.09,205,78248,396973.00,
500016,ARUNAHTEL   ,XT,Q,20.99,20.99,19.50,19.51,19.51,20.23,73,27759,546145.00,
500020,BOM DYEING  ,A ,Q,112.60,114.05,110.55,111.80,111.80,111.15,1531,123559,13858371.00,
500023,ASIANHOTNR  ,T ,Q,152.15,157.90,152.15,155.00,155.00,160.05,5,30,4677.00,
500027,ATUL LTD.   ,A ,Q,6579.95,6670.00,6485.65,6621.30,6626.00,6510.40,1445,4907,32225109.00,
500028,ATV PROJECTS,XT,Q,12.60,12.60,11.65,11.82,12.29,12.26,117,53804,640500.00,
500031,BAJAJ ELECT.,A ,Q,1240.05,1264.50,1216.95,1236.85,1236.15,1240.45,706,2930,3645207.00,
500032,BAJAJHIND   ,A ,Q,18.36,18.55,18.05,18.20,18.20,18.37,2381,1746553,31824931.00,
500033,FORCE MOTR  ,B ,Q,2542.05,2567.00,2463.80,2488.40,2495.90,2535.50,942,3381,8460544.00,
500034,BAJFINANCE  ,A ,Q,7318.00,7393.00,7212.00,7382.15,7382.15,7284.10,12055,57217,417288992.00,
500038,BALRAM.CHINI,A ,Q,391.05,397.40,388.05,394.65,394.65,395.70,2447,84364,33170008.00,
500039,BANCO PROD. ,B ,Q,346.40,346.40,337.95,340.45,340.25,340.20,233,6322,2151972.00,
500040,CENTURY TEXT,A ,Q,1018.95,1043.05,999.10,1030.80,1023.65,1008.15,1041,13733,14010074.00,
500041,BANNARI AMAN,B ,Q,2769.95,2790.00,2768.90,2778.80,2790.00,2759.55,13,18,49942.00,
500042,BASF INDIA  ,A ,Q,2670.00,2760.40,2670.00,2737.10,2733.35,2677.10,356,1002,2723259.00,
500043,BATA INDIA  ,A ,Q,1695.30,1717.00,1691.30,1715.55,1716.95,1705.20,1509,11252,19213061.00,
500048,BEML LTD    ,A ,Q,1804.55,1828.75,1799.30,1815.85,1816.35,1804.25,1468,13529,24518369.00,
500049,BHARAT ELECT,A ,Q,129.75,131.75,127.35,130.05,130.05,127.25,18230,3070399,398691103.00,
500052,BHANSALI ENG,B ,Q,86.35,86.65,85.20,85.55,85.40,86.00,515,28791,2465789.00,
500058,BIHAR SPONGE,XT,Q,8.85,9.10,8.85,9.01,9.00,8.98,89,16457,148820.00,
500059,BINANI IND. ,T ,Q,15.11,15.11,14.36,14.57,14.60,15.11,60,11176,163400.00,
500060,BIRLACABLE  ,B ,Q,189.60,189.60,184.75,186.70,187.10,186.60,329,8678,1622010.00,
500067,BLUE STAR   ,A ,Q,767.00,773.95,761.55,765.45,763.10,767.35,401,2914,2228319.00,
500068,DISA INDIA  ,B ,Q,11949.65,11949.70,11630.30,11650.80,11650.10,11625.40,35,101,1186596.00,
500069,QUESTCAP    ,X ,Q,270.15,275.00,270.10,270.15,270.15,270.10,21,1565,423828.00,
500074,BPL LTD.    ,B ,Q,61.92,64.00,61.92,63.15,63.50,61.81,213,18341,1158179.00,
500078,OAL         ,B ,Q,493.00,493.00,445.00,447.90,450.00,489.40,953,7288,3351136.00,
500083,CENTURY EXT ,B ,Q,10.30,10.43,10.20,10.23,10.23,10.33,202,11358,116897.00,
500084,CESC LTD.   ,A ,Q,76.01,77.25,75.15,75.34,75.34,76.28,1191,165965,12642749.00,
500085,CHAMBAL FERT,A ,Q,272.05,278.25,272.05,274.75,274.55,272.75,1145,81236,22353871.00,
500086,EXIDE IND.  ,A ,Q,256.00,256.90,246.60,251.15,251.15,255.95,8115,456416,114983641.00,
500087,CIPLA LTD.  ,A ,Q,1171.55,1190.35,1155.50,1177.45,1177.45,1171.55,12914,238320,279656317.00,
500089,DIC INDIA   ,B ,Q,456.00,465.00,445.95,450.40,450.70,455.30,66,581,262402.00,
500092,CRISIL LTD  ,A ,Q,3863.05,3876.00,3831.00,3849.05,3849.05,3860.55,235,328,1266038.00,
500093,CGPOWER     ,A ,Q,400.00,407.45,394.25,403.65,403.65,397.05,3629,109101,43853007.00,
500096,DABUR (I)   ,A ,Q,571.65,582.75,570.00,581.95,580.55,573.05,1187,23871,13805074.00,
500097,DALMIASUG   ,B ,Q,378.40,380.40,369.20,372.80,372.50,378.05,259,3628,1361362.00,
500101,ARVIND Ltd  ,A ,Q,126.05,130.80,126.05,129.00,129.00,125.90,1613,78399,10110711.00,
500103,BHEL        ,A ,Q,103.99,103.99,101.40,103.11,103.11,103.48,3789,854943,87747856.00,
500104,HIND.PETRO  ,A ,Q,293.70,293.70,277.65,279.50,279.50,290.65,3527,225279,63530620.00,
500106,IFCI LTD    ,A ,Q,13.63,13.70,13.26,13.43,13.43,13.62,3200,4255861,57232543.00,
500108,MAHA.TELE   ,A ,Q,19.52,19.57,19.37,19.44,19.47,19.48,254,130082,2530278.00,
500109,MRPL        ,A ,Q,82.02,85.20,82.02,84.14,84.14,82.36,3761,726507,61303032.00,
500110,CHENNAI PET.,A ,Q,399.05,404.40,396.05,397.75,397.75,400.65,3716,228386,91190652.00,
500112,STATE BANK  ,A ,Q,616.10,619.80,613.85,616.05,616.05,616.50,9995,699123,430918628.00,
500113,STEEL AUTH. ,A ,Q,92.40,93.17,91.70,92.70,92.70,92.46,2013,419717,38830341.00,
500114,TITAN       ,A ,Q,3000.70,3003.70,2952.00,2988.20,2988.20,3000.65,2417,20790,61809987.00,
500116,IDBI BANK L ,A ,Q,57.76,58.20,57.56,58.01,58.01,57.77,806,500838,28966298.00,
500117,DCW LTD.    ,A ,Q,44.24,45.01,43.92,44.54,44.54,44.12,496,79263,3527993.00,
500119,DHAMPUR SUGA,A ,Q,275.10,279.10,272.80,273.50,274.00,277.85,1329,27745,7627005.00,
500120,DIAMINES&CHM,X ,Q,581.00,593.00,581.00,585.70,587.00,585.45,279,7123,4176004.00,
500123,ELANTAS     ,B ,Q,6363.90,6400.00,6250.00,6376.90,6400.00,6348.60,53,163,1028822.00,
500124,DR.REDDY'S  ,A ,Q,5518.75,5616.30,5517.15,5587.50,5587.50,5504.15,3541,20624,115228296.00,
500125,E.I.D.PAR   ,A ,Q,500.00,500.25,488.00,489.40,489.40,498.75,2044,35774,17696039.00,
500126,PGHL        ,A ,Q,5249.65,5336.00,5241.50,5305.30,5329.00,5247.05,446,1063,5632081.00,
500128,ELEC.CASTING,A ,Q,55.50,56.90,54.90,56.83,56.83,55.33,588,175053,9856025.00,
500133,ESAB INDIA  ,A ,Q,4789.00,4841.40,4770.00,4810.85,4831.80,4816.05,349,755,3624483.00,
500135,EPL         ,A ,Q,226.00,231.20,222.60,226.75,226.75,231.20,1615,46675,10527256.00,
500136,ESTER INDUS.,B ,Q,110.10,111.00,108.60,108.80,110.00,110.55,133,2879,315836.00,
500142,FGP LTD.    ,X ,Q,4.46,4.70,4.46,4.70,4.70,4.51,15,8728,40793.00,
500143,P.H.CAPITAL ,X ,Q,58.99,58.99,56.80,57.01,57.01,58.70,12,282,16475.00,
500144,FINOL. CABLE,A ,Q,1002.00,1045.00,984.00,1040.40,1040.40,1002.60,3490,44341,45135490.00,
500147,COCKERILL   ,X ,Q,2889.10,2899.00,2820.00,2837.00,2837.00,2850.15,200,1937,5544964.00,
500148,UFLEX LTD   ,A ,Q,420.00,428.20,417.05,426.30,427.00,421.95,897,13272,5595724.00,
500150,FOSECO INDIA,B ,Q,3020.05,3498.80,3020.05,3487.60,3498.80,2915.70,1649,8135,27203067.00,
500151,GOLDEN TOB  ,Z ,Q,42.25,43.50,42.25,43.50,43.50,43.10,17,2315,100325.00,
500153,GANESH BENZO,B ,Q,160.25,162.30,158.50,159.45,159.45,160.75,194,9206,1472674.00,
500159,METROGLOBL  ,X ,Q,90.60,91.95,88.33,89.10,89.10,90.60,117,4801,428377.00,
500160,GTL LTD.    ,B ,Q,6.88,7.02,6.76,6.80,6.84,6.81,230,53103,363162.00,
500163,GODFREY PH  ,A ,Q,1912.05,2106.20,1912.05,2073.50,2073.50,1908.80,11120,97515,196516121.00,
500164,GODREJ IND  ,A ,Q,477.00,480.90,473.00,475.15,475.35,475.85,684,9330,4434815.00,
500165,KANSAI NERO ,A ,Q,326.35,328.30,325.00,327.90,328.00,325.25,496,8592,2809882.00,
500166,GOODRICKE   ,X ,Q,181.80,181.80,179.00,179.65,179.65,180.35,96,7407,1333517.00,
500168,GOODYEAR (I),B ,Q,1415.00,1424.85,1408.55,1415.80,1420.00,1415.65,576,4488,6355734.00,
500170,GTN INDUS   ,XT,Q,38.25,38.25,34.81,35.09,36.29,36.59,114,12996,459362.00,
500171,GHCL LTD    ,A ,Q,515.30,523.00,513.80,521.05,521.65,512.75,339,12162,6316229.00,
500173,GFLLIMITED  ,B ,Q,55.00,55.69,54.75,54.81,54.96,54.99,52,24923,1368361.00,
500174,GUJ.LEASE   ,B ,Q,2.95,3.06,2.95,3.05,3.05,3.06,13,7132,21563.00,
500179,HCL INFOSYS ,B ,Q,16.73,16.73,16.01,16.12,16.12,16.44,495,139078,2255480.00,
500180,HDFC BANK   ,A ,Q,1663.95,1669.00,1640.45,1644.80,1644.80,1673.65,38321,769849,1268689689.00,
500182,HEROMOTOCO  ,A ,Q,3156.95,3175.00,3130.40,3172.00,3170.00,3138.10,3081,18975,59872906.00,
500183,HFCL        ,A ,Q,63.77,64.50,63.50,63.78,63.78,63.69,1359,219065,14003668.00,
500184,HSCL        ,A ,Q,138.05,138.60,136.05,136.30,136.30,137.55,2697,484325,66517408.00,
500185,HIND.CONSTN.,A ,Q,19.08,19.79,18.90,19.32,19.32,19.03,3729,8014538,155249805.00,
500186,HIND.OIL EXP,A ,Q,225.10,227.50,223.35,224.70,224.70,225.35,900,57064,12849512.00,
500187,AGI         ,A ,Q,655.00,655.00,595.00,602.80,604.25,629.65,1712,32183,19746647.00,
500188,HINDUS.ZI   ,A ,Q,321.20,321.20,317.00,320.10,320.10,320.45,2174,56932,18171620.00,
500189,NDLVENTURE  ,T ,Q,125.20,129.70,125.20,129.70,129.70,126.20,3,550,69085.00,
500191,HMT LTD.    ,Z ,Q,27.25,27.84,27.25,27.25,27.25,27.10,14,1574,42892.00,
500192,PRAG BOSIMI ,XT,Q,2.15,2.16,2.10,2.16,2.16,2.06,25,15007,32357.00,
500193,HLVLTD      ,B ,Q,14.00,14.10,13.65,13.70,13.72,13.89,260,58128,806111.00,
500199,I.G.PETRO   ,B ,Q,456.00,457.85,426.60,432.10,432.10,449.50,726,6736,2982928.00,
500201,IND.GLYCOLS ,A ,Q,624.95,624.95,606.00,610.95,609.30,609.75,321,4434,2703011.00,
500202,IND.LEAS.DEV,X ,Q,6.70,6.70,6.70,6.70,6.70,6.70,3,416,2787.00,
500206,MARGO FIN   ,X ,Q,29.60,32.90,29.55,30.66,31.99,31.40,15,636,19921.00,
500207,INDO RAMA   ,B ,Q,45.60,45.60,44.50,44.73,44.73,45.27,105,12049,540091.00,
500209,INFOSYS LTD ,A ,Q,1350.35,1363.65,1335.55,1340.35,1340.35,1352.85,25774,690627,926725984.00,
500210,INGERSOLL   ,A ,Q,2901.05,2923.70,2854.25,2898.65,2898.00,2900.65,484,1576,4555290.00,
500213,INTER.TRAVEL,X ,Q,345.00,348.45,332.00,340.55,340.00,342.65,586,33774,11460256.00,
500214,ION EXCHANGE,A ,Q,519.85,544.00,516.05,521.20,520.40,519.80,2991,40570,21489606.00,
500215,AGRO TECH FO,B ,Q,841.85,848.00,830.00,844.80,839.40,841.85,106,767,642257.00,
500219,JAIN IRRIG  ,A ,Q,44.36,44.90,43.82,44.49,44.49,44.59,1367,301608,13385702.00,
500220,JASCH INDUST,X ,Q,183.50,184.00,178.30,180.90,180.10,183.25,202,15112,2747320.00,
500223,JCT LTD     ,X ,Q,1.99,1.99,1.96,1.97,1.97,1.98,553,645612,1272530.00,
500227,JINDAL POLYF,A ,Q,637.00,637.00,624.35,626.80,632.15,634.75,402,3799,2391873.00,
500228,JSWSL       ,A ,Q,795.00,805.75,786.05,804.05,804.05,793.80,3037,113977,91132111.00,
500231,UMANG DAIR  ,B ,Q,65.30,69.05,65.18,68.10,68.10,65.78,120,4861,328700.00,
500233,KAJARIA CER.,A ,Q,1353.40,1454.00,1345.00,1398.15,1401.50,1353.40,1998,16747,23740957.00,
500234,KAKATIYA CEM,B ,Q,216.70,217.85,206.70,208.65,208.65,216.35,105,652,138304.00,
500235,KALYANI STEL,B ,Q,404.70,413.00,399.50,400.05,400.05,400.60,510,4701,1896790.00,
500236,KANELIND    ,XT,Q,1.55,1.61,1.48,1.61,1.61,1.55,11,543,858.00,
500238,WHIRLPOOL   ,A ,Q,1454.10,1454.10,1399.20,1434.80,1431.20,1414.15,278,2673,3780813.00,
500239,KG DENIM    ,X ,Q,28.50,29.88,28.00,28.14,28.75,28.16,31,4986,143304.00,
500240,KINETIC ENG.,XT,Q,128.50,128.50,123.30,124.30,124.30,127.15,146,9004,1134582.00,
500241,KIRL.BROS.  ,B ,Q,749.20,759.55,725.45,738.50,737.45,741.25,961,10725,7919557.00,
500243,KIRL INDUS  ,B ,Q,3345.70,3474.30,3267.65,3449.80,3449.90,3345.55,161,693,2363322.00,
500245,KIRL.FERROUS,A ,Q,519.00,519.75,508.65,512.20,512.20,515.45,1124,25623,13159893.00,
500246,ENVAIN ELECT,X ,Q,61.51,62.99,61.51,62.00,62.00,63.00,12,5080,315872.00,
500247,KOTAK MAH.BK,A ,Q,1873.95,1885.20,1860.10,1877.00,1877.00,1874.05,4378,53287,99840717.00,
500248,KRIFILIND   ,X ,Q,2.89,2.89,2.89,2.89,2.89,2.76,8,2760,7976.00,
500249,KSB         ,A ,Q,2222.90,2234.20,2195.70,2225.40,2231.50,2215.25,213,508,1123902.00,
500250,L.G.BALKRISH,A ,Q,1104.95,1104.95,1021.30,1052.15,1052.15,1119.50,2128,12666,13421666.00,
500251,TRENT LTD.  ,A ,Q,1715.00,1738.00,1690.35,1731.80,1731.80,1710.20,1634,11706,20079879.00,
500252,LAXMIMACH   ,A ,Q,13507.90,13925.00,13507.90,13909.20,13915.00,13783.55,191,376,5200188.00,
500253,LIC HOUS.FIN,A ,Q,400.00,415.65,397.25,414.00,414.00,397.15,4664,182317,74457605.00,
500257,LUPIN LTD.  ,A ,Q,982.55,991.45,966.00,973.90,975.50,980.05,3463,58770,57611687.00,
500259,LYKA LABS   ,B ,Q,108.95,112.00,108.95,111.05,111.40,108.30,344,9623,1066801.00,
500260,RAMCOCEM    ,A ,Q,881.20,886.00,871.25,880.20,879.50,879.95,5968,205267,180475260.00,
500262,HYBRIDFIN   ,T ,Q,8.10,8.23,7.59,7.60,7.60,7.98,11,387,2983.00,
500264,MAFATLAL IND,X ,Q,71.50,71.50,68.00,69.33,69.25,70.27,124,16265,1123036.00,
500265,MAH.SEAMLESS,A ,Q,498.30,513.45,498.30,510.90,510.45,502.35,956,18081,9183861.00,
500266,MAH.SCOOTER ,A ,Q,5781.70,5849.00,5772.00,5809.95,5821.10,5777.80,96,219,1273146.00,
500267,MAJESTIC AUT,X ,Q,153.00,154.00,150.05,152.15,150.05,152.25,24,1344,204957.00,
500268,MANALI PETRO,B ,Q,65.00,65.93,65.00,65.19,65.19,65.56,747,39299,2565138.00,
500270,BARODA RAYON,XT,Q,156.95,161.00,156.45,160.95,161.00,159.85,132,5085,806236.00,
500271,MFSL        ,A ,Q,816.95,819.50,805.65,814.25,814.25,812.45,1042,12232,9953843.00,
500277,MID INDIA IN,XT,Q,8.04,8.65,8.04,8.60,8.60,8.24,28,4722,39403.00,
500279,MIRC ELECT  ,T ,Q,20.50,21.44,20.50,21.00,20.90,20.57,221,136685,2891496.00,
500280,CENTURY ENKA,B ,Q,435.00,435.00,419.00,423.15,424.00,423.95,333,3365,1417714.00,
500284,LORDS CHLORO,X ,Q,149.00,150.95,146.30,148.95,148.00,149.00,140,5723,852449.00,
500285,SPICEJET LTD,B ,Q,29.40,29.78,29.05,29.16,29.16,29.49,4335,864379,25261499.00,
500288,MOREPEN LAB.,A ,Q,30.56,31.25,30.46,30.72,30.72,30.33,1599,589974,18142125.00,
500290,MRF LTD.    ,A ,Q,102363.00,102726.00,101849.40,102534.40,102461.25,102409.85,88,143,14611407.00,
500292,HEIDEL CEM  ,A ,Q,176.15,176.40,174.15,174.60,175.00,175.45,271,8878,1551256.00,
500294,NCC         ,A ,Q,139.80,150.30,138.95,148.95,148.95,138.50,11102,1004188,146494833.00,
500295,VEDL        ,A ,Q,277.30,279.35,276.20,278.75,278.75,277.25,9881,477113,132603051.00,
500296,NAHAR SPG.  ,B ,Q,256.15,257.60,254.00,255.25,257.60,260.20,215,1535,391596.00,
500298,NAT.PEROXIDE,X ,Q,1455.00,1485.00,1455.00,1471.65,1471.65,1453.65,160,1957,2892779.00,
500300,GRASIM IND. ,A ,Q,1813.50,1834.00,1809.75,1823.65,1821.20,1821.85,553,4462,8129470.00,
500302,PEL         ,A ,Q,1097.80,1111.60,1061.10,1072.80,1072.80,1096.35,6666,152884,164826638.00,
500304,NIIT LTD.   ,A ,Q,81.75,82.01,81.00,81.84,81.70,81.75,529,27553,2247794.00,
500306,JAYKAY      ,XT,Q,71.60,73.00,71.15,72.85,71.55,72.04,185,41168,2972297.00,
500307,NIRLON      ,B ,Q,400.00,401.00,394.00,397.40,400.00,402.00,47,638,253756.00,
500312,ONGC CORPN  ,A ,Q,169.05,174.90,168.90,171.75,171.75,171.00,8240,541076,93376390.00,
500313,OIL COUNTRY ,T ,Q,24.50,24.50,24.50,24.50,24.50,25.00,2,101,2474.00,
500314,ORIENT HOTEL,B ,Q,93.99,93.99,87.44,88.15,88.15,94.16,590,69233,6159500.00,
500317,OSWAL AGRO. ,B ,Q,27.08,27.41,26.70,27.01,27.09,27.23,310,18049,487883.00,
500319,INDIAN SUCRO,X ,Q,78.00,78.00,74.00,76.31,76.42,77.00,134,10971,832793.00,
500325,RELIANCE    ,A ,Q,2509.05,2541.90,2501.00,2527.60,2527.60,2506.30,34907,644967,1627252518.00,
500327,PILITA      ,T ,Q,9.05,9.30,9.05,9.20,9.15,9.23,37,16533,151012.00,
500330,RAYMOND     ,A ,Q,1911.20,1911.20,1873.90,1899.90,1899.00,1917.20,1091,10684,20189769.00,
500331,PIDILITE    ,A ,Q,2599.00,2628.00,2586.60,2616.65,2615.00,2602.20,1045,6377,16680461.00,
500333,PIX TRANS   ,B ,Q,1312.45,1399.80,1305.35,1382.65,1382.65,1331.35,803,9308,12677955.00,
500335,BIRLA CORPN.,A ,Q,1199.40,1227.05,1182.50,1186.15,1193.65,1194.85,570,2064,2473744.00,
500336,SURYA ROSHNI,A ,Q,812.05,818.00,800.00,805.05,805.05,815.15,919,13289,10776786.00,
500337,PRIME SECUR.,B ,Q,137.00,141.90,135.50,139.10,138.70,137.65,180,3798,526640.00,
500338,PRSMJOHNSN  ,A ,Q,124.00,125.45,123.50,124.30,124.20,124.05,484,17380,2159895.00,
500339,RAIN        ,A ,Q,165.85,169.25,164.15,167.65,167.65,165.45,506,42635,7088114.00,
500343,AMJLAND     ,B ,Q,30.42,30.74,30.02,30.41,30.43,30.44,71,6460,195847.00,
500346,PUN.COMMUNI.,B ,Q,31.40,31.90,30.25,31.28,31.70,31.68,43,1911,59372.00,
500350,RSWM  LTD   ,B ,Q,196.70,198.40,194.80,195.45,194.80,196.20,197,3871,760020.00,
500354,RAJSH.SUGAR ,B ,Q,49.90,49.90,44.45,45.25,45.25,46.19,88,5951,272585.00,
500355,RALLIS INDIA,A ,Q,213.55,219.90,212.90,218.70,217.85,213.45,1466,46652,10118514.00,
500356,RAMANEWS    ,B ,Q,12.20,12.54,12.20,12.35,12.36,12.51,41,8297,102239.00,
500358,RAMA PETRO  ,X ,Q,3.69,3.87,3.69,3.87,3.87,3.69,3,101,390.00,
500360,RAPICUT CARB,XT,Q,68.80,70.93,66.00,66.35,70.19,67.56,55,7174,486358.00,
500365,WELSPLSOL   ,X ,Q,31.80,32.40,30.40,30.94,30.94,31.14,1381,679068,21180589.00,
500367,RUBFILA INT.,X ,Q,75.70,75.70,73.70,74.15,74.15,74.62,226,20213,1500875.00,
500368,PATANJALI   ,T ,Q,1311.00,1328.00,1305.00,1315.85,1314.00,1311.40,297,6812,8950746.00,
500370,SALORA INT. ,X ,Q,33.35,36.79,33.35,36.51,36.69,36.00,55,3860,133350.00,
500378,JINDAL SAW  ,A ,Q,371.65,377.00,315.00,325.75,325.75,371.10,7323,250047,83913445.00,
500380,JK LAKSHMI  ,A ,Q,641.05,645.95,615.10,618.45,621.00,668.10,4172,36221,22883968.00,
500387,SHREE CEMENT,A ,Q,23995.00,24175.95,23883.10,24051.70,24007.00,23885.80,620,1274,30670230.00,
500388,SHREE KRISHN,XT,Q,20.00,21.00,20.00,21.00,21.00,20.55,3,320,6718.00,
500390,REL INFRA   ,A ,Q,179.80,186.00,176.55,184.80,184.80,178.90,10891,1036388,187841868.00,
500400,TATA POWER  ,A ,Q,220.80,237.25,220.00,234.55,234.55,220.80,23162,2193429,508844215.00,
500402,SPMLINFRA   ,T ,Q,37.05,39.60,37.05,38.88,38.99,37.75,75,26192,1025327.00,
500403,SUNDARAM FAS,A ,Q,1203.20,1253.90,1193.30,1240.75,1244.00,1214.95,784,4007,4911579.00,
500404,SUNFLAG IRON,B ,Q,210.75,223.30,210.75,222.40,222.40,215.05,852,46437,10175416.00,
500405,SUPREME PET ,A ,Q,418.00,446.90,414.20,441.30,441.00,449.65,1830,33708,14703441.00,
500407,SWARAJ ENGIN,B ,Q,1990.05,2065.25,1972.40,1990.00,2022.75,2045.95,430,2611,5274962.00,
500408,TATA ELXSI  ,A ,Q,7270.10,7270.10,7206.20,7215.95,7215.95,7228.20,1009,3752,27093198.00,
500410,ACC LTD     ,A ,Q,1941.05,1972.00,1915.00,1950.10,1943.00,1938.65,4326,54914,106866383.00,
500411,THERMAX     ,A ,Q,2468.00,2528.95,2468.00,2517.45,2510.00,2454.90,852,4282,10734360.00,
500412,THIRUMALAI  ,A ,Q,187.10,194.75,187.10,194.10,194.10,190.45,404,15778,3054463.00,
500413,THOMAS COOK ,B ,Q,83.99,83.99,82.00,82.84,82.70,82.92,448,24206,2006908.00,
500414,TIMEX GROUP ,B ,Q,159.60,162.70,154.95,156.20,156.20,160.55,687,87981,13919101.00,
500418,TOKYO PLAST ,B ,Q,102.94,103.25,100.35,102.16,100.80,100.71,42,3645,370283.00,
500420,TORRENT PHAR,A ,Q,1977.20,2036.15,1977.20,1990.20,1987.25,1991.75,889,5577,11180967.00,
500422,TRANSCHEM   ,X ,Q,23.20,23.20,21.36,22.37,22.45,23.17,76,6146,134992.00,
500425,AMBUJA CEME ,A ,Q,454.15,456.50,448.00,454.65,454.65,449.90,7871,303752,137534573.00,
500426,UTLINDS     ,X ,Q,1.68,1.85,1.67,1.70,1.70,1.67,52,46447,79902.00,
500429,UNIPHOS ENT.,B ,Q,175.40,175.40,161.50,169.40,169.10,159.95,424,15874,2724040.00,
500439,VARD HOLDNG ,B ,Q,2751.95,2807.95,2745.70,2752.75,2764.20,2808.10,30,490,1350231.00,
500440,HINDALCO    ,A ,Q,450.95,452.65,443.45,451.35,451.35,451.70,8516,391165,175989806.00,
500444,WEST COAS PA,A ,Q,473.95,474.50,467.10,474.05,474.30,465.70,292,4035,1903745.00,
500449,HIND.ORG.CHM,B ,Q,28.34,28.50,28.09,28.30,28.30,28.35,104,21354,605970.00,
500456,PAS.ACRYLON ,B ,Q,30.85,31.50,30.50,31.37,31.40,30.50,112,33887,1056716.00,
500458,KORE        ,XT,Q,7.20,7.40,7.00,7.00,7.00,7.07,29,2025,14400.00,
500459,PROCTER &GAM,A ,Q,15767.70,16000.00,15680.00,15967.45,15940.00,15767.75,98,151,2395421.00,
500460,MUKAND LTD. ,B ,Q,139.75,160.00,138.15,156.75,156.75,140.05,2773,241740,37345213.00,
500463,BBOX        ,B ,Q,190.35,205.15,188.30,204.30,204.30,186.50,866,20927,4181464.00,
500464,UCAL        ,T ,Q,145.90,147.60,140.15,143.10,142.50,147.50,78,9748,1389738.00,
500467,HARR.MALAYAL,B ,Q,138.75,138.75,136.35,137.85,138.50,136.95,77,1628,224374.00,
500469,FEDERAL BANK,A ,Q,134.70,137.35,133.90,135.40,135.40,133.90,9440,1108790,150328799.00,
500470,TATA STEEL  ,A ,Q,120.10,121.10,118.75,120.55,120.55,119.80,7887,1071367,128496035.00,
500472,SKF INDIA   ,A ,Q,5104.40,5371.70,5102.65,5319.05,5300.00,5061.30,1017,3809,20087786.00,
500477,ASHOK LEYL. ,A ,Q,182.00,182.00,177.65,179.30,179.30,181.95,8636,806757,145017258.00,
500480,CUMMINS (I) ,A ,Q,1925.00,1961.30,1909.95,1955.25,1955.25,1922.45,2175,14769,28749453.00,
500483,TATA COMM   ,A ,Q,1725.05,1779.70,1724.85,1773.75,1775.65,1727.05,4304,64699,113286378.00,
500488,ABBOTT (I)  ,A ,Q,23700.10,24135.05,23646.70,24058.20,23937.90,23612.30,219,348,8311936.00,
500490,BAJ HOLD INV,A ,Q,7538.65,7552.55,7489.45,7522.65,7515.45,7556.25,487,1600,12043043.00,
500493,BHARAT FORGE,A ,Q,922.95,922.95,897.35,903.55,903.55,897.60,3222,68535,62092880.00,
500495,ESCORTS     ,A ,Q,2469.95,2542.05,2458.60,2537.55,2537.55,2447.80,2440,22341,56024520.00,
500500,HIND.MOTORS ,B ,Q,14.19,14.29,14.00,14.05,14.05,14.05,459,46466,654403.00,
500510,LARSEN & TOU,A ,Q,2660.00,2668.45,2625.65,2650.15,2650.15,2663.00,7446,53700,142291440.00,
500520,MAH & MAH   ,A ,Q,1458.40,1471.15,1450.90,1467.60,1467.60,1446.85,3645,60735,88891262.00,
500530,BOSCH LTD   ,A ,Q,18876.05,19032.20,18869.70,18957.10,18990.40,18875.85,151,274,5191735.00,
500547,BHARAT PET. ,A ,Q,380.95,380.95,372.25,373.45,373.45,379.65,5384,213512,79952206.00,
500550,SIEMENS LTD.,A ,Q,3753.30,3864.90,3742.40,3856.50,3858.00,3753.25,2184,14718,56156900.00,
500570,TATA MOTORS ,A ,Q,646.20,646.20,632.15,635.20,635.20,645.90,23786,767391,488288730.00,
500575,VOLTAS LTD  ,A ,Q,758.05,764.50,758.05,763.00,763.00,758.55,1392,15255,11617200.00,
500620,GREAT EASTE ,A ,Q,763.25,774.30,757.55,766.70,767.20,761.10,430,3912,2985343.00,
500645,DEEPAK FERT.,A ,Q,541.05,554.30,536.05,552.35,552.35,541.00,4869,98156,53488314.00,
500650,EXCEL INDUST,B ,Q,910.05,922.05,900.00,919.30,918.55,909.40,167,1029,939876.00,
500655,GRWRHITECH  ,B ,Q,910.00,980.60,910.00,976.40,976.40,903.80,2398,26457,25071814.00,
500660,GLAXOSMITH  ,A ,Q,1400.00,1418.00,1386.55,1395.25,1395.00,1399.55,940,5640,7877023.00,
500670,GUJ.NARMADA ,A ,Q,587.95,590.00,580.05,586.05,586.05,584.65,2200,44627,26130954.00,
500672,NOVARTIS    ,B ,Q,760.00,760.00,733.95,737.60,737.60,749.35,672,5848,4359128.00,
500674,SANOFI      ,A ,Q,6916.85,6998.00,6912.00,6935.95,6945.00,6916.55,369,1093,7596801.00,
500680,PFIZER LTD. ,A ,Q,3905.00,3990.00,3900.75,3975.50,3975.50,3906.75,738,2882,11380346.00,
500690,GUJ.ST.FERT ,A ,Q,167.55,167.85,160.55,163.30,163.30,167.95,4038,320761,52253373.00,
500696,HIND UNI LT ,A ,Q,2571.00,2593.75,2565.00,2585.00,2585.00,2570.85,4954,184420,475231631.00,
500710,AKZOINDIA   ,A ,Q,2750.00,2750.00,2708.70,2716.00,2717.60,2746.80,356,1090,2967369.00,
500730,NOCIL LTD   ,A ,Q,211.00,215.00,210.55,214.40,214.40,210.75,1415,83455,17760278.00,
500770,TATA CHEM.  ,A ,Q,988.35,1054.10,988.35,1050.85,1050.85,993.65,8538,207907,214851103.00,
500777,T.P.L.      ,B ,Q,79.75,80.00,79.00,79.26,79.25,79.08,183,37876,3003489.00,
500780,ZUARIIND    ,B ,Q,155.55,155.85,151.55,152.40,151.55,155.55,389,17642,2717596.00,
500790,NESTLE (I)  ,A ,Q,22330.00,22622.60,22200.00,22486.90,22430.20,22329.40,804,2396,53812340.00,
500800,TATACONSUM  ,A ,Q,851.00,860.45,842.10,858.90,858.90,850.25,4300,57270,49009807.00,
500820,ASIAN PAINTS,A ,Q,3370.95,3396.60,3364.80,3390.10,3390.10,3370.95,4850,29592,100071741.00,
500825,BRITANIA IND,A ,Q,4885.05,4957.50,4851.50,4903.50,4903.50,4875.50,1486,6142,30058782.00,
500830,COLGATE PALM,A ,Q,2002.00,2061.55,1992.35,2049.05,2049.05,2003.65,4341,44314,90329798.00,
500840,EIH LTD.    ,A ,Q,212.80,215.15,210.25,214.35,213.65,211.35,518,10651,2262148.00,
500850,INDIAN HOTEL,A ,Q,380.45,393.75,378.80,391.60,391.60,385.00,5163,244513,94533869.00,
500870,CASTROL     ,A ,Q,145.05,152.25,143.50,147.50,147.50,145.50,6991,402537,59648924.00,
500875,ITC LTD.    ,A ,Q,469.95,469.95,463.50,468.55,468.55,464.55,10815,687222,320894727.00,
500877,APOLLO TYRES,A ,Q,418.05,425.00,417.50,424.10,424.15,419.70,787,28534,12050249.00,
500878,CEAT LIMITED,A ,Q,2451.00,2459.50,2420.00,2433.95,2433.95,2468.85,2210,15104,36760599.00,
500890,MODI RUBBER ,T ,Q,71.88,71.88,70.89,70.89,70.89,71.88,3,61,4374.00,
500940,FINOLEX IND.,A ,Q,199.35,203.30,197.20,199.50,199.50,199.15,3872,159274,31753785.00,
501148,DALAL ST INV,XT,Q,314.85,314.85,310.00,314.85,314.85,308.70,12,162,50802.00,
501150,CENTRUM CAP ,B ,Q,21.80,24.47,21.61,24.14,24.14,21.65,682,193731,4542438.00,
501151,KARTIK INV  ,XT,Q,520.00,520.00,506.00,506.00,506.00,532.00,3,48,24302.00,
501295,INDUS.INV.TR,T ,Q,102.00,102.00,102.00,102.00,102.00,105.00,1,1,102.00,
501298,INDUS.&PRUD.,X ,Q,2401.90,2467.00,2401.90,2415.00,2415.00,2438.20,9,61,148755.00,
501301,TATA INVEST.,A ,Q,2446.25,2485.00,2424.45,2475.20,2475.20,2440.75,1144,6570,16170233.00,
501311,JAYBH.CREDIT,XT,Q,3.79,3.79,3.75,3.79,3.79,3.79,3,1098,4141.00,
501314,PRISMX      ,XT,Q,2.02,2.02,1.93,1.99,1.99,1.98,296,154123,303330.00,
501343,MOTOR&GEN.FI,B ,Q,37.45,38.79,37.00,37.09,37.06,37.27,70,2609,97440.00,
501370,WALCHAND PF ,X ,Q,163.50,163.50,148.10,155.70,150.60,157.30,85,3579,554159.00,
501391,W.H.BRADY   ,X ,Q,331.95,331.95,318.55,320.40,320.25,332.00,9,80,25918.00,
501421,TECHNVISN   ,XT,Q,183.00,183.00,174.20,174.20,174.20,183.35,24,2729,475409.00,
501423,SHA ENG PLA ,B ,Q,1374.95,1376.90,1342.00,1345.20,1346.00,1367.15,105,317,429251.00,
501425,BOM.BURMAH  ,A ,Q,1126.90,1132.55,1112.80,1125.40,1125.40,1122.85,310,6037,6803633.00,
501430,BOM.CYCLE   ,X ,Q,727.00,727.00,700.00,714.95,716.55,727.80,57,304,217034.00,
501455,GREAVES COTT,A ,Q,135.05,136.20,134.60,134.85,134.85,134.95,862,60619,8194802.00,
501622,AMALGAMATED ,XT,Q,36.70,36.70,36.70,36.70,36.70,37.44,3,3,110.00,
501700,INDIA NIVEH ,XT,Q,44.45,45.67,41.41,41.53,45.48,43.51,19,2176,94752.00,
501831,COAST CORP  ,B ,Q,249.70,252.00,240.60,247.00,247.00,250.20,619,11120,2758193.00,
501833,CHOWGULE ST ,XT,Q,13.74,15.00,13.74,14.69,15.00,14.45,24,4278,62326.00,
501848,GLOBAL OFFS ,XT,Q,38.99,39.00,37.75,38.43,38.00,38.50,73,10425,402028.00,
502015,ASIIL       ,X ,Q,15.00,15.46,14.85,14.89,15.01,15.10,80,80023,1210497.00,
502090,SAGAR CEM.  ,B ,Q,201.00,212.40,190.85,208.60,208.60,203.35,1234,43720,8854949.00,
502133,HEMADRI CEM ,XT,Q,38.86,38.86,38.86,38.86,38.86,40.90,46,1032,40103.00,
502137,DECAN CEMENT,B ,Q,475.75,482.70,471.15,473.65,475.30,476.90,140,1383,658512.00,
502157,MANGALAM CEM,B ,Q,303.70,303.70,295.20,296.45,297.10,299.55,85,460,137569.00,
502168,N C L IND.  ,B ,Q,193.15,195.00,190.30,192.70,192.40,192.70,130,3651,703811.00,
502175,SAURAS.CEM. ,X ,Q,62.38,62.87,61.00,61.88,61.88,62.38,376,40252,2495365.00,
502180,SRI DIGV CEM,B ,Q,79.35,82.25,79.00,81.30,81.00,79.37,2152,162071,13189606.00,
502219,BORORENEW   ,A ,Q,487.00,492.80,481.55,485.10,487.10,489.30,2982,62051,30169833.00,
502250,LERTHAI     ,XT,Q,275.00,275.00,261.30,274.00,274.00,275.00,7,223,59741.00,
502281,TRIVENI GLAS,XT,Q,18.02,18.45,17.50,17.95,18.20,18.37,101,8910,160885.00,
502294,NILACHAL REF,X ,Q,35.79,36.25,34.50,34.50,34.50,35.79,17,4111,148530.00,
502330,ANDPAPER    ,B ,Q,420.00,420.85,417.40,418.65,419.25,419.35,655,12887,5393126.00,
502355,BALKRISH IND,A ,Q,2460.05,2478.00,2437.60,2464.30,2464.30,2473.25,1187,5464,13420232.00,
502420,ORIENT PAPER,B ,Q,43.38,44.24,42.62,43.86,43.86,42.62,1492,466268,20283467.00,
502445,CITADEL     ,X ,Q,26.20,27.51,25.35,27.32,27.31,26.20,35,11524,315389.00,
502448,ROLLATAINER ,T ,Q,1.27,1.27,1.27,1.27,1.27,1.29,10,11437,14524.00,
502450,SESHA.PAPER ,B ,Q,269.40,274.75,265.00,273.50,273.50,269.80,542,12218,3288442.00,
502587,NATHIND     ,X ,Q,57.00,57.00,54.55,54.62,54.62,55.63,42,3657,201017.00,
502589,VAPI PAPER  ,XT,Q,104.95,104.95,96.00,100.00,100.00,100.10,6,133,13112.00,
502820,DCM LTD.    ,B ,Q,80.30,81.55,79.10,80.70,81.25,81.03,77,4718,380830.00,
502865,FORBES & CO ,X ,Q,677.00,701.00,676.00,678.80,678.80,688.20,138,1846,1268000.00,
502873,H.P.COTTON  ,X ,Q,96.76,96.76,92.50,94.32,94.32,94.77,86,3512,329629.00,
502933,KATARE SPG. ,X ,Q,247.00,253.00,247.00,251.70,252.00,247.00,15,1808,451046.00,
502937,KESORAM IND ,B ,Q,68.40,69.53,68.00,68.12,68.12,68.89,418,58181,3976291.00,
502958,LAKSHMI MILL,X ,Q,3700.00,3700.00,3699.00,3700.00,3700.00,3699.75,6,7,25899.00,
502986,VARDH TEXT  ,A ,Q,358.40,363.55,357.45,361.85,361.50,358.40,761,7413,2678753.00,
503031,PENLAND LTD ,B ,Q,31.02,34.40,31.02,32.51,32.51,31.28,870,124583,4142862.00,
503100,PHOENIX MILL,A ,Q,1667.25,1730.00,1667.25,1698.90,1684.55,1701.25,1578,7437,12714678.00,
503101,MARATHON NEX,B ,Q,336.00,338.15,331.10,331.30,331.20,330.10,129,967,324309.00,
503162,REL.CHEMOTX ,B ,Q,174.55,175.85,171.60,174.80,175.25,173.45,2270,20042,3490470.00,
503169,RUBY MILLS  ,B ,Q,214.85,216.65,209.05,211.45,210.90,216.65,83,2156,459053.00,
503229,SIMPLEX REAL,X ,Q,88.00,92.93,87.00,88.01,87.00,86.96,19,978,86575.00,
503310,SWAN ENG    ,A ,Q,221.65,226.60,217.45,218.65,218.80,220.85,384,12981,2852429.00,
503349,VICTORIA MIL,X ,Q,2850.00,2966.00,2800.00,2850.00,2850.00,2825.45,46,189,548095.00,
503624,SVARAJ TRAD ,X ,Q,5.83,5.83,5.50,5.50,5.50,5.72,17,1076,5984.00,
503641,ZODIAC VEN  ,X ,Q,16.78,16.88,16.50,16.70,16.88,16.66,56,6816,114254.00,
503657,VEER ENERGY ,X ,Q,13.39,13.39,12.50,12.88,13.10,12.80,77,19773,254933.00,
503663,TILAK       ,X ,Q,3.32,3.35,3.27,3.32,3.34,3.31,373,149708,495268.00,
503669,KKFIN       ,XT,Q,22.00,22.00,22.00,22.00,22.00,22.04,1,2,44.00,
503675,WAGEND      ,X ,Q,0.68,0.68,0.67,0.67,0.67,0.68,41,23649,15977.00,
503685,MEDIA ONE   ,XT,Q,48.02,48.50,48.02,48.50,48.50,49.00,3,427,20696.00,
503722,BANSW.SYNTEX,B ,Q,148.40,149.50,147.35,147.95,148.80,150.30,328,8273,1227673.00,
503772,MODELLA WOOL,X ,Q,70.00,70.00,68.50,68.50,68.50,68.60,4,59,4119.00,
503776,MODIPON     ,X ,Q,43.00,43.00,39.10,39.91,40.09,43.00,38,3968,161597.00,
503804,SHRI DINESH ,X ,Q,495.95,495.95,485.00,489.00,489.00,489.90,33,312,152397.00,
503806,SRF LIMITED ,A ,Q,2178.85,2187.00,2155.60,2169.75,2169.75,2162.30,3539,28613,62112385.00,
503811,SIYARAM SILK,B ,Q,542.95,546.90,538.50,539.40,539.25,542.95,377,5235,2837400.00,
503816,SWAD.POLYTEX,XT,Q,43.50,44.47,41.55,43.00,43.00,43.64,61,22426,972786.00,
503863,SHREE MFG CO,XT,Q,8.35,8.35,7.57,7.57,7.57,7.96,16,5326,41449.00,
503960,BHARAT BIJLE,A ,Q,3808.00,3825.70,3751.80,3757.65,3751.80,3784.00,157,439,1662890.00,
504000,ELPRO INTER ,B ,Q,64.32,64.32,62.67,63.00,63.00,63.06,141,31678,1996953.00,
504028,GEE LTD     ,X ,Q,71.22,73.00,70.00,71.83,71.35,70.97,154,14932,1069877.00,
504036,HIND.RECT   ,T ,Q,291.00,295.00,291.00,293.00,293.00,286.00,6,68,19954.00,
504058,NIPPOBATRY  ,T ,Q,462.95,462.95,449.00,456.10,450.00,458.95,71,1405,636734.00,
504067,ZENSAR TECH.,A ,Q,485.05,497.00,482.20,492.05,492.05,485.40,5535,140971,69025369.00,
504076,JYOTI LTD.  ,XT,Q,36.55,36.55,36.55,36.55,36.55,37.29,15,3111,113707.00,
504080,JSL LTD.    ,XT,Q,470.00,479.30,466.00,479.30,479.30,456.50,16,229,108461.00,
504084,KAYCEE IND  ,XT,Q,12345.00,12345.00,11925.00,12232.75,12232.75,12000.05,16,22,264243.00,
504092,INDOKEM LTD.,X ,Q,98.40,98.40,93.10,94.75,95.00,96.20,26,1014,97063.00,
504093,PANA ENERG  ,XT,Q,330.00,339.00,329.00,330.25,330.00,334.20,251,6249,2083583.00,
504112,NELCO LTD.  ,A ,Q,795.90,807.00,786.15,793.25,793.25,795.85,1040,14646,11660429.00,
504132,PERM MAGNETS,X ,Q,1524.95,1599.90,1502.50,1523.75,1523.75,1523.95,924,11376,17525247.00,
504176,HIGH ENERGY ,XT,Q,522.65,548.75,502.00,548.75,548.75,522.65,581,26686,14496450.00,
504180,STD.BATTERY ,X ,Q,28.20,28.20,27.40,27.87,27.75,28.20,60,1927,54029.00,
504212,UNIV.CABLE  ,B ,Q,445.75,455.80,440.20,443.95,443.95,449.50,412,4272,1909518.00,
504220,W.S.INDUSTR.,T ,Q,122.40,122.40,122.40,122.40,122.40,116.60,63,33206,4064414.00,
504240,DELTON CABLE,XT,Q,120.00,124.50,115.65,117.70,121.00,120.91,133,13696,1645524.00,
504258,LAKSHMI ELEC,XT,Q,1470.00,1491.90,1421.00,1435.85,1435.85,1473.85,170,2857,4155119.00,
504273,MODULEX     ,Z ,Q,8.40,8.50,8.11,8.29,8.48,8.45,31,17369,145371.00,
504286,DELTAMAGNT  ,B ,Q,85.20,85.20,84.02,84.02,84.02,84.43,8,312,26220.00,
504340,CONFINT     ,XT,Q,3.75,3.75,3.75,3.75,3.75,3.68,35,31756,119085.00,
504341,RELTD       ,X ,Q,46.81,46.81,44.45,46.00,46.00,45.51,41,2139,98064.00,
504351,EMPOWER     ,XT,Q,0.55,0.55,0.55,0.55,0.55,0.54,66,1117237,614480.00,
504378,NYSSACORP   ,X ,Q,4.04,4.08,3.88,3.99,3.99,3.96,97,16837,66579.00,
504380,FLOMIC      ,X ,Q,93.20,93.20,91.25,91.56,91.41,91.99,32,569,52283.00,
504392,KRISHNA VEN ,X ,Q,92.00,92.00,88.25,89.45,88.50,88.00,295,5780,527473.00,
504397,GANESH HOLDI,XT,Q,35.15,35.15,33.40,34.29,33.40,35.15,3,10,342.00,
504605,UNI ABEX    ,X ,Q,1149.20,1225.00,1085.20,1185.60,1186.00,1101.40,240,4637,5445480.00,
504614,SARDA ENMIN ,B ,Q,1944.00,1960.00,1865.40,1891.25,1891.25,1928.35,790,6193,11823448.00,
504646,BHAGWATI AUT,X ,Q,437.00,450.00,416.50,446.75,435.55,429.80,125,3963,1741658.00,
504648,BOM.WIRE ROP,XT,Q,25.00,25.00,24.23,24.50,24.50,25.50,23,1274,31290.00,
504697,GALADA TELE.,Z ,Q,1.90,1.90,1.81,1.81,1.90,1.90,23,1995,3718.00,
504741,IND.HUME PIP,B ,Q,264.65,264.65,251.05,254.60,254.60,262.95,337,12080,3096016.00,
504786,INVEST &PREC,XT,Q,443.25,443.25,440.00,440.20,443.00,443.25,34,1862,821465.00,
504810,INFORMEDTEC ,X ,Q,46.78,46.78,43.30,46.60,46.67,44.42,35,973,45034.00,
504840,KAIRA CAN CO,X ,Q,2614.30,2682.00,2534.00,2576.95,2660.00,2614.30,53,205,531353.00,
504879,ORIENT ABRAS,T ,Q,35.35,35.75,34.05,34.34,34.45,35.24,95,8646,297924.00,
504882,NATIONAL STD,B ,Q,4626.05,4798.00,4611.10,4684.15,4677.05,4677.15,32,62,290964.00,
504903,RATHI ST    ,XT,Q,9.51,9.51,9.51,9.51,9.51,9.06,19,8849,84153.00,
504908,DUNCANENG   ,XT,Q,493.00,517.70,468.45,517.65,517.70,493.05,111,3064,1559868.00,
504918,SANDUMA     ,A ,Q,1239.00,1244.05,1218.00,1223.45,1223.45,1237.35,730,17430,21369862.00,
504959,STOVAC IND. ,X ,Q,2426.00,2461.00,2426.00,2449.50,2450.00,2426.75,25,186,454108.00,
504966,TINPLATE    ,A ,Q,361.55,369.50,358.05,366.95,364.90,361.95,980,14700,5356966.00,
504973,CHOLAHLDNG  ,A ,Q,924.35,931.75,915.00,931.05,930.00,924.30,377,1598,1478763.00,
504988,WELCAST     ,XT,Q,876.05,876.30,876.00,876.00,876.00,883.20,13,93,81475.00,
505010,AUTO AXLES  ,B ,Q,2247.00,2247.00,2196.65,2221.35,2202.00,2247.00,278,586,1301980.00,
505036,AUTO COR.GOA,X ,Q,1353.70,1380.00,1316.00,1362.50,1375.00,1330.65,207,3386,4554601.00,
505075,SETCO AUTO  ,T ,Q,7.09,7.09,6.72,6.82,6.87,6.76,51,14711,100508.00,
505141,SCOOTERS IND,T ,Q,29.60,29.98,29.21,29.98,29.98,30.38,29,414,12361.00,
505160,TALBROS AUTO,B ,Q,856.30,858.70,838.25,853.25,850.50,855.20,504,5715,4845033.00,
505163,ZF STEERING ,X ,Q,830.00,844.70,811.00,815.70,815.70,829.25,195,4420,3647449.00,
505192,SMLISUZU    ,B ,Q,1041.60,1057.95,1040.05,1044.05,1047.45,1046.65,172,4290,4481060.00,
505196,TIL LTD.    ,Z ,Q,255.50,255.50,255.50,255.50,255.50,243.35,90,12090,3088995.00,
505200,EICHER MOTOR,A ,Q,3341.05,3357.85,3331.90,3354.75,3353.20,3329.50,2520,21258,71141376.00,
505212,JAINEX      ,XT,Q,179.95,179.95,170.00,170.75,175.00,173.30,27,335,58379.00,
505216,ALFRED HERB ,X ,Q,725.00,752.90,717.70,742.15,721.00,749.00,16,130,95701.00,
505232,VELJAN      ,X ,Q,1389.75,1399.95,1380.05,1395.10,1382.00,1380.00,35,150,208840.00,
505242,DYNAMAT.TECH,B ,Q,3860.05,3969.45,3844.95,3900.35,3896.40,3889.00,248,601,2348306.00,
505250,G.G.DANDEKAR,X ,Q,63.00,63.99,56.05,59.29,58.00,59.18,17,445,27211.00,
505255,GMM PFAUDLER,A ,Q,1474.75,1490.95,1462.55,1479.45,1479.00,1471.00,461,2985,4415893.00,
505283,KIRLOSAR PN ,A ,Q,650.00,657.80,642.80,650.65,657.80,650.75,3039,62201,40305557.00,
505285,TULIVE      ,XT,Q,177.05,177.05,177.05,177.05,177.05,176.05,1,5,885.00,
505299,KPT         ,X ,Q,349.20,349.20,328.00,330.50,330.50,332.80,82,1850,613611.00,
505302,LAXMI AUTOLM,X ,Q,998.85,998.85,933.10,988.90,989.95,998.85,20,105,100888.00,
505324,MANUGRAPH IN,B ,Q,19.05,19.05,18.15,18.41,18.36,18.55,179,7252,134160.00,
505343,MONOTYPE IND,Z ,Q,0.24,0.25,0.23,0.24,0.24,0.24,30,28949,6875.00,
505355,NESCO LTD   ,A ,Q,664.00,691.00,664.00,686.00,686.00,662.30,2836,35486,24062289.00,
505358,INTEGRA ENG ,X ,Q,211.80,215.95,206.20,211.80,215.00,204.55,568,52251,11021492.00,
505368,REVATHI EQU.,T ,Q,1680.00,1680.00,1629.95,1636.55,1637.00,1673.85,26,155,254801.00,
505400,TEXINFRA    ,B ,Q,81.00,81.95,78.90,79.90,80.05,80.99,415,27095,2184137.00,
505412,WENDT(INDIA),B ,Q,11795.00,11830.00,11650.00,11746.95,11723.05,11783.10,54,91,1067862.00,
505509,RESPON IND  ,B ,Q,197.55,203.75,195.00,197.15,196.15,197.45,634,64167,12752886.00,
505515,SHYAMKAM INV,X ,Q,3.71,3.75,3.45,3.51,3.51,3.75,33,7794,27326.00,
505523,MAHA CORP   ,X ,Q,1.06,1.11,1.06,1.09,1.10,1.10,406,387113,420451.00,
505526,DOLATALGO   ,B ,Q,44.09,44.60,43.56,44.32,44.37,44.09,240,25575,1130483.00,
505533,WESTLIFE    ,A ,Q,900.25,966.00,894.90,938.50,940.00,899.05,3701,31498,29543363.00,
505537,ZEE ENTER   ,A ,Q,236.00,247.15,235.50,245.10,245.10,236.50,7270,991918,240434200.00,
505590,SVPGLOB     ,T ,Q,8.56,9.29,8.50,9.00,8.95,8.89,85,113426,1006849.00,
505650,SKYL MILLAR ,X ,Q,11.01,11.80,10.72,11.80,11.80,11.35,49,10994,123491.00,
505681,BIMETAL BEAR,X ,Q,522.90,523.00,510.00,515.00,515.00,509.65,77,1648,851105.00,
505685,TAPARIA TOOL,XT,Q,2.20,2.20,2.20,2.20,2.20,10.50,2,50000,110000.00,
505688,BHARAT GEARS,B ,Q,127.00,134.40,127.00,131.60,131.00,129.05,615,24366,3214622.00,
505690,BRADY MORRIS,XT,Q,350.10,350.10,350.10,350.10,350.10,357.20,5,21,7352.00,
505693,LATIMMETAL  ,XT,Q,12.80,12.80,12.15,12.48,12.40,12.47,114,72823,906714.00,
505700,ELECON ENG  ,A ,Q,751.95,757.00,727.75,734.25,734.25,750.55,1015,14477,10741939.00,
505703,DECCAN BEAR.,XT,Q,52.50,52.50,50.50,50.50,50.50,52.50,4,125,6512.00,
505710,GRAUER& WEIL,B ,Q,112.25,114.20,110.85,112.60,112.60,111.45,1165,71240,8034483.00,
505712,HIMTEK      ,X ,Q,115.55,117.90,115.55,116.35,116.35,116.80,72,4991,581013.00,
505714,GABRIEL(I)  ,A ,Q,223.95,223.95,215.20,217.10,217.10,221.45,1622,73599,16122327.00,
505720,HERC.HOISTS ,B ,Q,300.80,323.40,300.75,318.20,317.25,299.35,938,25248,7901893.00,
505725,AQFINTECH   ,X ,Q,635.45,639.70,603.15,630.60,630.60,635.05,247,5777,3649182.00,
505726,IFB IND.LTD.,A ,Q,854.10,872.10,848.45,867.85,872.00,851.75,504,3503,3013522.00,
505729,SINGER INDIA,X ,Q,74.45,74.45,73.50,73.95,73.90,73.50,192,28125,2080162.00,
505737,INTER.COMBUS,XT,Q,891.10,908.90,891.00,908.00,908.00,891.10,283,39128,35144176.00,
505744,FED MOG GOE ,B ,Q,369.80,371.00,367.05,367.85,367.65,368.45,364,8143,3000373.00,
505750,JOSTS ENG.  ,XT,Q,427.20,438.00,418.20,427.60,421.75,427.20,76,5748,2459426.00,
505790,SCHAEFFLER  ,A ,Q,3110.40,3128.70,3061.00,3080.30,3080.30,3088.35,1168,4632,14400074.00,
505797,MIPCO SEAM. ,XT,Q,10.32,10.32,10.32,10.32,10.32,10.12,1,1,10.00,
505800,RANE HOLDIN ,B ,Q,1018.70,1049.90,1011.00,1017.70,1017.70,1025.35,132,557,572958.00,
505827,SNL BEARINGS,X ,Q,350.00,358.00,350.00,353.25,358.00,354.30,63,1591,561018.00,
505840,JAIPAN INDUS,XT,Q,43.00,43.99,42.00,42.00,42.00,42.00,20,1016,43549.00,
505850,MANCREDIT   ,X ,Q,99.00,102.00,94.00,94.05,94.05,94.15,140,24437,2339596.00,
505854,TRF LTD.    ,B ,Q,189.20,193.05,187.35,192.40,192.00,189.20,500,24893,4758147.00,
505872,WPIL LTD.   ,B ,Q,2827.00,2827.00,2761.00,2778.50,2778.50,2826.95,490,4513,12566810.00,
505890,KENNAMETAL  ,A ,Q,2648.20,2750.30,2648.20,2734.40,2715.50,2654.40,280,2576,6953003.00,
505893,HINDHARD    ,XT,Q,405.90,415.00,405.00,410.00,410.00,411.30,25,879,360419.00,
505978,TRITON VALVE,X ,Q,1689.95,1689.95,1630.25,1648.50,1647.00,1644.05,80,769,1269844.00,
506003,SUDAL INDUS ,XT,Q,4.94,5.18,4.94,5.18,5.18,4.94,4,208,1063.00,
506022,PRAKASH IND.,B ,Q,86.70,89.70,84.50,88.86,88.86,85.97,1937,279712,24626130.00,
506074,ARSHIYA     ,T ,Q,4.33,4.33,4.33,4.33,4.33,4.41,23,16752,72536.00,
506076,GRIND NORTON,A ,Q,2159.20,2179.15,2153.95,2172.50,2171.25,2161.15,450,1358,2948143.00,
506079,LAKSHMI PREC,Z ,Q,4.91,4.91,4.89,4.89,4.89,4.68,3,2010,9868.00,
506105,STANROSE MAF,X ,Q,83.01,85.99,82.10,84.15,84.15,86.00,17,171,14186.00,
506109,GENESYS INT.,B ,Q,286.05,303.90,286.05,298.85,298.75,299.75,187,2507,745000.00,
506122,PANKAJPIYUS ,XT,Q,118.05,118.05,107.50,117.60,108.05,112.45,22,2565,302333.00,
506128,PARNAXLAB   ,X ,Q,72.90,74.30,72.00,72.14,72.00,72.11,100,11020,807723.00,
506134,INTELL CAP  ,XT,Q,39.23,39.23,39.23,39.23,39.23,38.47,2,500,19615.00,
506146,VISAGAR POL ,B ,Q,0.82,0.84,0.82,0.84,0.84,0.84,114,95258,79493.00,
506184,KANANI IND  ,T ,Q,7.70,7.77,7.35,7.75,7.75,7.40,33,14712,111922.00,
506186,GCKL        ,X ,Q,12.47,12.47,11.30,11.36,11.35,11.82,39,6172,70149.00,
506194,ARIH SUPER  ,B ,Q,175.00,179.35,169.00,170.65,169.00,173.70,256,38286,6640488.00,
506197,BLISSGVS PH ,B ,Q,101.79,102.90,99.52,100.14,100.00,100.97,802,78550,7939937.00,
506222,STYRENIX    ,B ,Q,1179.40,1197.05,1161.35,1176.05,1170.00,1170.75,442,3094,3664037.00,
506235,ALEMBIC LTD.,B ,Q,77.58,84.00,77.58,82.69,82.69,78.46,4240,442587,36409001.00,
506248,AMINES&PLAST,X ,Q,86.25,88.00,85.55,86.29,86.90,87.18,121,4157,360413.00,
506260,ANUH PHARMA ,X ,Q,114.00,116.00,108.65,112.00,112.30,114.50,437,29674,3363048.00,
506261,MODISONLTD  ,B ,Q,87.16,90.26,86.61,87.16,87.20,90.20,179,8051,710112.00,
506285,BAYER CROP  ,A ,Q,4415.55,4432.10,4375.25,4389.25,4416.95,4405.80,306,1036,4565099.00,
506365,CHEMO PHARMA,XT,Q,28.66,28.66,28.66,28.66,28.66,27.30,2,352,10088.00,
506390,HEUBACHIND  ,B ,Q,420.00,433.40,412.00,414.05,417.00,422.05,1499,22313,9404044.00,
506395,COROM INTER ,A ,Q,1015.70,1015.70,977.00,979.75,979.75,1003.00,2111,27646,27290988.00,
506401,DEEPAK NITR.,A ,Q,1980.00,2023.50,1971.00,2012.10,2012.10,1977.15,1364,12782,25580904.00,
506405,DMCC        ,B ,Q,302.80,329.30,300.90,324.35,328.00,302.05,964,12343,3918412.00,
506414,FERMENTA    ,X ,Q,144.70,145.90,141.10,144.00,145.00,144.75,207,11979,1722178.00,
506480,GOCLCORP    ,B ,Q,385.70,386.35,380.10,384.90,384.75,385.10,238,6787,2606035.00,
506520,JAYSHRI CHEM,X ,Q,6.39,6.45,6.21,6.33,6.33,6.29,68,8290,52949.00,
506525,KANORIA CHEM,B ,Q,121.15,124.05,119.60,120.30,120.30,120.65,265,3819,463026.00,
506528,KELTECH EN. ,XT,Q,1621.85,1640.00,1600.00,1607.60,1624.00,1621.85,81,898,1456571.00,
506532,NITTA GELA  ,X ,Q,810.00,810.00,780.70,785.10,785.10,792.55,259,5505,4350408.00,
506543,M.P.AGRO IND,X ,Q,6.34,6.34,6.30,6.30,6.30,6.34,5,325,2056.00,
506579,ORIENT.CARB.,B ,Q,806.90,806.90,793.00,803.65,805.00,791.00,31,348,277914.00,
506590,PCBL        ,A ,Q,159.00,159.00,151.40,154.90,154.95,157.75,2457,207191,31993257.00,
506597,AMAL PRODUCT,X ,Q,269.90,269.90,260.00,262.55,262.55,265.15,101,2503,660398.00,
506605,POLYCHEM    ,XT,Q,1459.60,1459.60,1400.00,1420.90,1420.00,1420.00,35,648,924430.00,
506618,PUN.CHEM    ,B ,Q,846.75,855.05,834.85,840.45,852.20,846.70,113,601,507317.00,
506642,SADHANA NITR,B ,Q,95.00,95.00,88.70,89.65,89.40,92.45,743,27190,2456583.00,
506655,SUDARSH.CHEM,A ,Q,466.55,491.45,465.75,486.95,487.80,461.95,2557,43525,20935358.00,
506680,TECIL CHEM. ,T ,Q,20.50,20.50,20.50,20.50,20.50,20.50,1,1,20.00,
506685,ULTRAMARINE ,X ,Q,368.80,392.00,359.50,376.60,376.60,364.55,1558,102731,38775759.00,
506687,TRANSPEK    ,X ,Q,1790.00,1813.00,1752.00,1767.30,1767.30,1782.10,425,7742,13871169.00,
506690,UNICHEM LAB ,A ,Q,385.00,394.35,382.50,384.10,386.10,380.10,783,46879,18220299.00,
506734,MYS PETRO   ,X ,Q,127.00,127.00,125.05,126.00,127.00,127.45,23,2589,325169.00,
506767,ALKYL AMINES,A ,Q,2437.00,2474.60,2433.40,2466.20,2459.90,2430.90,1177,4432,10898788.00,
506808,TUTIALKA    ,X ,Q,59.28,64.00,59.28,62.86,62.86,59.28,313,45703,2830299.00,
506820,ASTRAZEN.PH.,A ,Q,3734.00,3900.00,3734.00,3864.20,3885.15,3808.30,551,2161,8336349.00,
506852,PRIMO       ,A ,Q,63.64,65.18,62.80,63.71,63.71,63.64,966,213473,13686360.00,
506854,TANFAC IND. ,B ,Q,1718.95,1729.00,1682.45,1699.35,1699.35,1698.55,819,5798,9868999.00,
506858,GUJ.PETRO   ,XT,Q,35.82,37.57,35.00,36.10,36.10,35.82,9,203,7147.00,
506879,GUJ.THEMIS. ,B ,Q,786.10,794.60,781.25,785.95,784.00,786.55,299,5223,4113770.00,
506906,SCBL        ,XT,Q,2.61,2.66,2.56,2.66,2.66,2.61,15,17624,46587.00,
506910,JAYSN DYEST ,X ,Q,88.40,88.40,82.70,84.01,85.00,84.36,71,3557,299070.00,
506919,MAKERS LAB. ,X ,Q,111.50,114.00,109.80,112.20,112.00,110.30,58,21989,2436776.00,
506935,CONT.CHEM   ,XT,Q,63.24,63.24,58.90,61.00,61.00,62.00,11,133,7910.00,
506943,J.B.CHEMICAL,A ,Q,2442.40,2450.65,2370.00,2413.70,2413.70,2427.25,954,4307,10410607.00,
506947,ADV.PETROCH.,XT,Q,291.55,291.55,291.55,291.55,291.55,306.85,2,3,874.00,
506979,APT PACK    ,XT,Q,29.85,29.85,29.85,29.85,29.85,30.43,1,300,8955.00,
506981,BL.CHIP TEX ,X ,Q,134.15,147.95,132.10,140.55,138.45,136.50,74,4325,615891.00,
507155,JAGATJIT IND,XT,Q,163.00,163.00,152.50,157.20,157.90,158.30,184,9437,1482656.00,
507180,KESAR ENT.  ,X ,Q,76.20,79.50,76.20,77.63,77.40,76.21,17,1368,105823.00,
507205,TILAKNAG IND,B ,Q,171.00,173.90,164.25,166.60,166.20,171.20,1630,62762,10509979.00,
507265,EMERALL     ,X ,Q,144.60,144.60,144.60,144.60,144.60,137.72,10,408,58996.00,
507300,RAVALGAON   ,X ,Q,3625.00,3626.40,3536.00,3536.00,3536.00,3654.00,3,13,47051.00,
507315,SAKTHI SUGAR,B ,Q,26.04,26.04,25.01,25.21,25.11,25.61,91,25219,637212.00,
507410,WALCHANDNGR ,T ,Q,100.51,100.51,100.51,100.51,100.51,98.54,71,9578,962684.00,
507438,IFB AGRO    ,B ,Q,566.00,569.10,558.00,558.60,558.60,570.25,25,292,163624.00,
507474,KOTHARI FERM,X ,Q,64.00,64.50,60.20,61.16,61.16,64.79,517,49183,3040981.00,
507486,CAPROLA.CHEM,XT,Q,60.00,60.00,56.01,56.35,56.01,58.95,8,129,7349.00,
507488,G.M.BREWERI ,B ,Q,584.05,596.20,584.05,595.50,594.35,591.30,175,1616,959094.00,
507490,RANA SUGARS ,B ,Q,23.53,23.68,23.27,23.31,23.37,23.53,227,80134,1879138.00,
507498,PICCADILY SU,X ,Q,17.50,17.99,17.20,17.70,17.70,17.48,42,1329,23418.00,
507514,SOM DISTILL.,B ,Q,322.05,332.35,315.95,321.75,321.75,321.55,1627,26840,8723428.00,
507515,CJ GELATIN  ,XT,Q,20.01,21.59,20.01,21.49,21.59,21.00,3,300,6150.00,
507526,ASSO.ALCOHOL,B ,Q,462.05,475.80,462.05,473.65,474.50,470.50,538,7351,3466805.00,
507552,FOODS & INNS,B ,Q,184.10,185.75,180.75,182.80,181.95,183.25,355,14619,2672752.00,
507580,IVP LIMITED ,T ,Q,166.00,167.00,166.00,167.00,167.00,165.50,7,1236,206152.00,
507598,KLRFM       ,X ,Q,132.50,135.00,132.50,133.65,133.65,131.75,71,4739,635069.00,
507621,MILKFOOD    ,X ,Q,664.95,675.50,625.80,642.70,640.05,640.00,67,684,446272.00,
507645,POLSON LTD. ,X ,Q,11331.85,11930.00,11331.00,11601.40,11693.00,11683.00,31,33,383095.00,
507685,WIPRO LTD.  ,A ,Q,400.15,402.60,396.60,398.75,398.75,400.10,17337,757990,302362873.00,
507690,ORIENT BEVER,X ,Q,124.00,124.90,120.90,123.00,121.70,122.80,58,2257,279099.00,
507717,DHAN AGRI   ,B ,Q,752.00,765.15,747.40,753.50,752.15,764.30,150,809,610514.00,
507747,TTK HEALTHCA,B ,Q,1157.50,1193.45,1157.50,1185.55,1188.50,1175.25,155,721,855003.00,
507753,TGVSL       ,A ,Q,94.94,95.60,94.00,94.59,94.59,94.94,1470,203596,19256190.00,
507759,LIME CHEM.  ,X ,Q,21.23,22.00,21.23,22.00,22.00,21.77,12,572,12433.00,
507779,KANPUR PLAST,B ,Q,115.15,117.65,113.65,116.55,117.65,114.60,50,523,59984.00,
507785,TAINWALA CH.,B ,Q,119.80,119.80,118.00,118.05,118.00,117.65,10,237,28118.00,
507789,JAGSON PHAR ,B ,Q,381.65,452.90,376.90,452.90,452.90,377.45,3125,87535,38082418.00,
507794,KHAITAN CHEM,B ,Q,63.18,63.70,62.60,63.43,63.55,63.18,144,10123,641523.00,
507813,NATI. OXYGEN,X ,Q,96.50,97.49,92.00,94.05,94.10,97.98,40,1032,97894.00,
507815,GILLETTE (I),A ,Q,5750.00,5807.95,5667.15,5712.75,5724.00,5706.70,336,1265,7255761.00,
507817,WIRES FABRIK,XT,Q,153.15,158.30,151.05,158.30,158.30,158.30,6,20,3110.00,
507828,ANSALHSG    ,X ,Q,3.94,3.94,3.81,3.86,3.86,3.85,87,109451,424106.00,
507833,COMPUTER PNT,XT,Q,2.52,2.59,2.36,2.57,2.57,2.47,40,13746,34258.00,
507836,MAC CHARLES ,X ,Q,468.00,468.75,451.00,451.00,451.00,453.50,5,35,16008.00,
507852,ADDI IND.   ,X ,Q,35.00,35.10,33.00,34.20,34.20,33.80,32,3889,133310.00,
507864,PION INVEST ,X ,Q,30.20,30.20,28.75,29.48,29.50,29.50,17,826,24230.00,
507872,ASHNOOR TEX.,XT,Q,33.68,35.50,33.68,35.25,35.50,34.37,12,375,13177.00,
507878,UNITECH LTD ,Z ,Q,1.35,1.37,1.34,1.35,1.35,1.35,276,733939,995651.00,
507880,VIP INDUS.  ,A ,Q,595.05,606.85,595.05,596.60,597.35,598.70,1202,14727,8842430.00,
507910,FIBERWB IN  ,B ,Q,30.79,30.82,29.72,29.84,29.79,30.09,121,16012,483653.00,
507912,LKP FIN     ,X ,Q,93.65,109.45,90.30,98.64,98.16,91.34,287,28570,2828520.00,
507944,BAJAJ STEEL ,X ,Q,1125.00,1125.00,1098.00,1102.20,1107.95,1119.60,289,2568,2841253.00,
507946,KIDUJA INDIA,X ,Q,66.25,66.25,65.90,65.90,65.90,63.18,2,3,198.00,
507948,KEY CORP.LTD,XT,Q,54.25,57.50,54.25,55.44,55.49,55.50,18,4721,260670.00,
507960,GUJ.HOTELS  ,X ,Q,157.35,157.95,152.00,156.45,156.50,156.20,44,1985,309599.00,
507962,RAJATH FINAN,X ,Q,17.10,17.10,17.10,17.10,17.10,16.29,1,50,855.00,
507966,RAS RESORTS ,XT,Q,44.96,44.96,44.96,44.96,44.96,42.82,6,452,20321.00,
507970,PARA. COSMET,X ,Q,34.05,37.00,34.05,34.81,34.81,35.18,21,1614,57443.00,
507981,JINDAL HOTL ,X ,Q,40.28,41.85,40.28,41.73,41.73,41.49,30,1803,74389.00,
507998,SIMMONDS-MAR,XT,Q,54.00,54.00,51.62,52.00,52.99,54.00,76,21180,1108958.00,
508136,BNALTD      ,X ,Q,266.00,300.00,263.00,291.10,291.00,260.00,225,28427,7924793.00,
508486,HAWKINS COOK,A ,Q,6699.95,6699.95,6605.75,6633.70,6670.00,6674.80,122,317,2108183.00,
508494,WARREN TEA  ,X ,Q,51.10,52.84,50.30,52.07,51.40,51.26,44,3127,160615.00,
508571,COCHIN MALA ,XT,Q,96.50,96.50,91.70,93.90,93.90,96.50,12,409,39030.00,
508670,NEELAMALAI  ,X ,Q,3395.00,3417.65,3393.00,3417.65,3417.65,3400.00,7,57,194644.00,
508807,IST LTD.    ,X ,Q,690.00,699.00,675.70,697.40,699.00,689.85,93,1312,909644.00,
508814,COSMOFIRST  ,A ,Q,620.25,633.10,613.80,619.10,624.70,625.65,823,9438,5871179.00,
508869,APOLLO HOSP.,A ,Q,5190.30,5362.00,5185.60,5343.85,5346.70,5212.45,1743,10792,57128554.00,
508875,NITINCAST   ,XT,Q,467.90,467.90,460.00,467.00,467.00,466.95,27,370,172098.00,
508906,EVEREST INDS,B ,Q,877.05,887.45,865.50,871.80,877.25,876.50,85,492,430720.00,
508918,IRONWOOD    ,X ,Q,25.97,25.97,23.60,25.96,25.97,24.80,14,548,13811.00,
508922,MSR INDIA   ,X ,Q,8.49,8.49,8.09,8.40,8.45,8.09,290,94642,798687.00,
508933,AYMSYNTEX   ,B ,Q,71.50,71.51,69.05,69.51,69.05,71.50,152,8753,617642.00,
508941,PANASON CAR ,X ,Q,396.60,399.90,390.00,391.60,391.50,396.50,122,3737,1465654.00,
508954,FINKURVE    ,X ,Q,71.00,73.98,68.40,69.11,69.06,71.84,54,3114,220197.00,
508956,HB LEAS.PUB ,XT,Q,4.20,4.20,4.01,4.15,4.05,4.00,41,3583,14798.00,
508969,SULABH ENG. ,X ,Q,3.69,3.75,3.61,3.67,3.66,3.67,105,29827,110393.00,
508980,FRONTCAP    ,Z ,Q,3.55,3.62,3.44,3.44,3.44,3.62,38,19238,67823.00,
508989,NAVNETEDUL  ,A ,Q,148.30,148.30,142.00,142.75,144.05,145.55,540,40632,5826793.00,
508996,SATPROP LTD ,Z ,Q,0.75,0.79,0.73,0.79,0.79,0.76,29,14420,10712.00,
509009,AUSOM ENT   ,B ,Q,67.69,71.64,67.69,70.55,70.90,69.79,33,1814,127953.00,
509020,RUCHI INFRA.,T ,Q,8.03,8.25,8.03,8.20,8.20,8.19,53,18639,152391.00,
509038,VOLTAIR LEAS,X ,Q,11.73,11.73,11.73,11.73,11.73,11.50,7,130,1524.00,
509040,NETLINK SOLU,XT,Q,80.40,82.45,78.25,79.23,81.75,81.05,51,3999,323852.00,
509048,LANCOR HOLDS,XT,Q,51.00,51.85,50.00,51.54,51.81,50.00,388,25859,1314109.00,
509051,INDIAN INFO.,XT,Q,1.99,2.00,1.93,1.96,1.96,1.95,4669,2620262,5141174.00,
509053,BANAS FIN.  ,XT,Q,15.25,15.59,15.00,15.32,15.25,15.25,210,40572,614109.00,
509055,VISAKA IND. ,B ,Q,82.75,82.75,80.50,80.65,80.82,81.30,434,33362,2699024.00,
509069,INFOMEDIA   ,B ,Q,4.70,4.70,4.50,4.51,4.51,4.70,14,14027,64274.00,
509073,HATHWAY BHAW,XT,Q,16.48,16.48,15.51,16.20,16.20,16.24,19,2545,40429.00,
509077,PRESSMN     ,T ,Q,163.60,180.80,163.60,180.80,180.80,172.20,128,39538,6762853.00,
509079,GUFIC BIO SC,B ,Q,261.00,267.00,256.15,258.55,259.85,258.85,2915,109130,28694559.00,
509084,PHOTON CAP  ,XT,Q,63.89,63.89,60.85,60.85,60.85,60.85,2,32,1950.00,
509152,GRPLTD      ,T ,Q,3650.00,3650.00,3650.00,3650.00,3650.00,3650.00,1,1,3650.00,
509162,INDAG RUBBER,XT,Q,158.00,159.00,148.00,152.10,153.00,152.00,2386,65175,9991575.00,
509196,M.M.RUBBER  ,X ,Q,122.55,122.55,113.30,122.10,122.55,116.75,183,37435,4517388.00,
509220,PTL LTD     ,B ,Q,32.90,33.69,32.80,33.62,33.62,32.93,68,9734,322653.00,
509243,TVS SRICHAKR,A ,Q,3143.00,3179.15,3123.95,3132.95,3127.10,3158.90,212,692,2177386.00,
509423,SEL         ,XT,Q,22.00,22.00,22.00,22.00,22.00,22.01,1,1,22.00,
509438,BENARES HOT ,X ,Q,5044.25,5129.90,4950.00,5039.65,5049.75,5043.50,61,177,889801.00,
509449,BHAGWATI OXY,XT,Q,36.19,36.19,35.00,35.97,35.97,36.19,13,275,9800.00,
509470,BOMOXY-B1   ,X ,Q,11116.00,11400.00,10910.05,11251.00,11251.00,11249.35,16,26,291353.00,
509472,CRAVATEX    ,X ,Q,398.20,400.00,391.00,397.95,397.95,405.00,47,1811,714798.00,
509480,BERGE PAINT ,A ,Q,665.05,680.95,665.05,679.80,679.80,674.00,1004,12064,8139623.00,
509486,CAPRIHANS   ,XT,Q,220.10,220.10,220.10,220.10,220.10,224.55,46,4516,993971.00,
509488,GRAPHITE IN.,A ,Q,412.00,424.60,412.00,422.00,422.00,411.60,1286,37257,15585949.00,
509496,ITDCEM      ,A ,Q,180.50,184.35,179.65,183.45,183.00,181.00,629,30851,5621691.00,
509525,EMPIRE IND. ,X ,Q,795.00,803.90,785.00,790.65,785.00,791.80,106,2647,2103784.00,
509546,GRAVISS HOSP,X ,Q,33.49,33.49,31.54,32.65,32.01,32.57,86,2622,85092.00,
509557,GARFIBRES   ,A ,Q,3002.05,3180.25,3002.05,3114.10,3113.15,3052.10,635,2596,8080123.00,
509563,GARWA.MARINE,X ,Q,7.30,7.70,7.30,7.60,7.60,7.50,9,191,1461.00,
509567,GOA CARBON  ,B ,Q,552.45,553.65,545.80,546.95,550.05,550.55,402,3577,1961261.00,
509597,HARDCASTLE  ,X ,Q,389.00,403.85,388.25,395.00,395.00,388.15,8,34,13326.00,
509631,HEG LIMITED ,A ,Q,1684.90,1705.75,1667.30,1687.00,1687.00,1676.15,1947,22979,38827326.00,
509635,HIND.COMPOSI,B ,Q,367.95,389.90,367.95,385.30,389.45,367.95,237,3566,1372673.00,
509675,HIL         ,A ,Q,2861.35,2900.00,2829.75,2887.35,2900.00,2861.95,383,876,2512192.00,
509692,IND.CARD    ,B ,Q,228.35,228.35,224.60,226.00,226.00,225.20,69,1400,316004.00,
509709,INT.CONVEYOR,B ,Q,74.09,75.45,72.25,72.74,72.65,74.61,667,59365,4363705.00,
509715,JAYSHRE TEA ,B ,Q,89.34,89.34,88.00,88.22,88.20,88.66,175,7774,687620.00,
509760,MODERN SHARE,X ,Q,18.00,18.46,17.49,18.13,18.46,17.71,28,844,15046.00,
509820,HUHTAMAKI   ,B ,Q,261.30,261.50,258.95,260.15,260.70,259.60,190,6643,1726562.00,
509835,PREMIER SYN.,XT,Q,15.95,15.95,15.18,15.18,15.18,15.95,28,2627,40317.00,
509874,SHALIMAR PAI,B ,Q,151.70,155.55,151.70,153.95,155.15,154.80,112,4404,677635.00,
509895,HIND MILLS  ,X ,Q,222.00,222.00,210.10,219.90,219.90,220.00,11,83,18033.00,
509930,SUPREM IND  ,A ,Q,3626.70,3650.45,3187.50,3362.60,3382.05,3646.65,7383,43969,149671925.00,
509960,U.P.HOTELS  ,XT,Q,608.05,619.30,608.00,619.00,619.00,614.00,5,140,86017.00,
509966,VST INDUS.  ,A ,Q,3700.00,3701.80,3670.00,3697.45,3700.00,3682.60,232,827,3052180.00,
510245,SWASTI VINAY,X ,Q,6.19,6.19,5.85,5.93,6.05,5.97,262,70748,423581.00,
511000,MADHUS.SEC  ,XT,Q,8.45,8.78,8.06,8.45,8.45,8.45,29,7285,59593.00,
511012,YAMINI INVES,XT,Q,0.60,0.62,0.60,0.61,0.62,0.60,767,647627,392553.00,
511016,PREMIER CAP.,X ,Q,3.77,3.88,3.21,3.56,3.56,3.68,65,30771,110427.00,
511018,MILGREY FIN ,XT,Q,16.66,17.20,16.66,17.20,17.20,17.00,10,10306,171724.00,
511034,JINDAL DRILL,B ,Q,406.00,419.00,406.00,409.80,410.40,412.95,646,12093,5001841.00,
511066,SAKTHI FIN. ,X ,Q,30.31,30.75,30.05,30.28,30.71,30.00,32,2208,66600.00,
511076,SAT IND LTD ,B ,Q,97.45,103.06,97.45,100.87,101.00,99.52,578,56522,5684238.00,
511092,JMDVL       ,XT,Q,26.09,26.28,26.07,26.22,26.28,25.84,109,68351,1786944.00,
511108,SHIVA TEXYAM,B ,Q,129.90,153.75,126.80,152.15,152.15,128.15,1659,69578,10035901.00,
511110,V.B.DESAI   ,X ,Q,9.74,10.22,9.74,10.22,10.22,9.74,6,1563,15757.00,
511116,QUADRANT    ,X ,Q,0.86,0.93,0.83,0.93,0.93,0.85,388,1626256,1474585.00,
511122,FIRST CUSTO.,XT,Q,36.00,36.00,36.00,36.00,36.00,36.00,1,1,36.00,
511131,KAMAN HSG   ,X ,Q,8.50,8.79,8.50,8.79,8.79,8.80,2,451,3833.00,
511147,WSFX        ,X ,Q,40.00,40.32,39.99,40.32,40.32,39.26,13,958,38313.00,
511153,ANJANIFOODS ,XT,Q,25.00,25.00,24.04,24.89,24.89,25.00,18,315,7705.00,
511187,MILLENNIUM  ,XT,Q,1.50,1.55,1.48,1.50,1.54,1.48,27,7182,10803.00,
511196,CANFIN HOMES,A ,Q,746.00,752.00,726.00,731.90,731.90,745.10,2500,71716,52798512.00,
511208,IL & FS INVE,T ,Q,9.01,9.10,9.00,9.06,9.01,9.08,187,95328,862836.00,
511218,SHRIRAM TRAN,A ,Q,1829.95,1838.10,1790.10,1817.20,1817.20,1812.90,3205,42379,76885628.00,
511243,CHOLAFIN    ,A ,Q,1133.65,1151.75,1127.50,1136.50,1136.50,1135.65,1762,21599,24605260.00,
511246,BOMTALKIES  ,XT,Q,4.69,4.82,4.65,4.73,4.70,4.60,13,1200,5674.00,
511333,VLS FINANCE ,B ,Q,168.75,168.85,167.10,167.45,168.10,169.65,103,2368,396695.00,
511355,IND CEM CAP ,XT,Q,11.40,11.40,10.85,11.10,11.10,11.40,20,590,6597.00,
511359,AD-MANUM FIN,X ,Q,46.49,46.49,43.10,43.21,43.21,44.81,6,27,1168.00,
511377,MEHTA I.FIN ,XT,Q,20.07,21.52,19.66,20.48,21.52,20.69,11,1100,22453.00,
511391,INTER GLOB F,X ,Q,22.71,22.71,21.58,22.71,22.71,22.71,8,11,246.00,
511411,SHRISTINFRA ,X ,Q,23.78,23.78,23.78,23.78,23.78,23.78,1,6,142.00,
511413,CREST       ,B ,Q,227.80,227.80,210.75,223.35,223.35,222.50,417,67483,14990593.00,
511431,VAKRANGEE   ,A ,Q,15.77,15.83,15.65,15.73,15.73,15.74,894,403188,6340642.00,
511441,GUJ.CREDIT  ,XT,Q,20.77,20.80,19.76,20.80,20.80,19.87,18,2455,50133.00,
511447,SYLPH TECH  ,X ,Q,3.00,3.06,2.90,3.02,3.00,3.06,327,668790,2005356.00,
511463,ALEXANDER   ,X ,Q,15.63,15.90,15.20,15.65,15.34,15.39,208,39837,621361.00,
511473,IND.BANK MER,B ,Q,28.14,28.14,27.42,27.74,27.70,27.61,82,10309,285696.00,
511493,SHRYDUS     ,XT,Q,34.90,34.90,32.55,33.56,34.89,34.00,20,2374,78250.00,
511501,BHARAT BHUSH,X ,Q,24.01,25.25,24.01,24.51,24.21,25.30,30,2914,70852.00,
511505,CAPITAL TRUS,B ,Q,97.50,99.65,96.50,98.92,98.94,96.87,41,1856,182188.00,
511507,USHAKIRAN FI,XT,Q,24.29,24.29,24.29,24.29,24.29,23.18,1,1,24.00,
511509,VIVO BIO TEC,X ,Q,26.65,27.93,26.65,27.60,27.60,27.21,69,5982,161859.00,
511523,VEERHEALTH  ,XT,Q,37.66,37.85,36.00,37.83,37.83,36.48,65,17551,656801.00,
511525,PAN INDIA C ,XT,Q,2.00,2.00,1.87,1.97,1.97,1.96,239,103007,196769.00,
511533,SAHARA HOUSG,XT,Q,108.92,108.92,108.42,108.92,108.92,103.74,159,10716,1167161.00,
511543,GSB FINANCE ,X ,Q,9.03,9.03,9.03,9.03,9.03,9.50,1,1000,9030.00,
511549,MORARKA FIN.,X ,Q,125.40,129.50,125.40,127.95,127.90,127.85,54,2126,271319.00,
511551,MONARCH     ,B ,Q,308.45,328.75,307.25,326.30,326.30,307.90,1988,129897,41104973.00,
511557,PRO FIN CAP.,X ,Q,0.98,1.01,0.98,1.00,1.00,0.99,167,135165,134862.00,
511559,TIMES GUARAN,B ,Q,56.80,56.80,56.80,56.80,56.80,56.60,7,400,22720.00,
511563,SANCHAY FIN.,XT,Q,10.33,10.33,10.33,10.33,10.33,10.13,3,1302,13449.00,
511571,SOMDATT FIN ,XT,Q,220.00,232.00,210.05,214.25,219.00,221.10,151,10408,2303084.00,
511585,REGENCY TRUS,X ,Q,1.80,1.83,1.80,1.80,1.80,1.83,10,1719,3094.00,
511589,AVONMORE    ,B ,Q,85.02,86.95,83.82,85.09,84.69,85.02,258,19140,1635545.00,
511593,LIBORD FIN  ,X ,Q,5.02,5.52,5.02,5.50,5.50,5.26,10,3065,15895.00,
511601,YASH MANAGE.,X ,Q,14.24,14.24,13.15,14.11,14.20,14.00,53,11250,156713.00,
511605,ARIHANT CAP.,B ,Q,50.50,50.60,47.50,48.08,47.75,49.37,200,9274,453782.00,
511609,ISL CONSULT ,X ,Q,23.75,24.90,23.75,24.41,24.45,24.51,5,2631,63822.00,
511611,DCM FINANCIA,T ,Q,4.42,4.69,4.42,4.50,4.50,4.57,10,26101,115434.00,
511626,R R FINANCE.,XT,Q,8.50,8.74,8.50,8.74,8.74,8.33,4,213,1813.00,
511628,IMCAP       ,XT,Q,487.35,487.35,487.35,487.35,487.35,497.25,18,2790,1359706.00,
511630,SAMBHAAV MED,B ,Q,2.96,3.20,2.95,3.15,3.15,3.00,53,41837,130421.00,
511644,OMEGA INTERA,XT,Q,117.97,117.97,117.00,117.00,117.00,115.66,3,3,351.00,
511654,SUGAL DAM   ,X ,Q,15.00,15.00,15.00,15.00,15.00,15.00,1,1,15.00,
511658,NETTLINX LTD,XT,Q,85.50,91.85,85.50,91.85,91.85,87.48,68,19408,1762035.00,
511672,SCANSTL     ,X ,Q,38.70,39.49,37.52,38.02,38.40,38.62,155,21150,812736.00,
511676,GIC HOUSING ,B ,Q,194.45,194.45,189.60,191.05,192.10,192.55,641,47159,9011813.00,
511688,MATHEW EASOW,X ,Q,6.71,6.71,6.71,6.71,6.71,6.71,1,18,120.00,
511692,AJCON GLOBAL,XT,Q,29.40,29.40,28.00,28.00,28.00,29.40,3,300,8470.00,
511700,STD.CAP.MRKT,XT,Q,50.42,50.42,50.42,50.42,50.42,51.44,12,1142,57579.00,
511702,YOGI        ,XT,Q,33.35,33.35,30.69,30.69,30.69,32.30,6,300,9474.00,
511710,CUBICAL FIN.,X ,Q,1.43,1.43,1.42,1.42,1.42,1.47,41,34056,48681.00,
511712,RELIC TECHNO,X ,Q,19.50,19.50,19.50,19.50,19.50,19.40,7,200,3900.00,
511714,NIMBSPROJ   ,X ,Q,32.49,32.49,30.40,30.80,31.49,32.00,17,461,14401.00,
511724,BAIDFIN     ,B ,Q,36.25,39.90,36.25,39.86,39.62,36.99,425,54400,2076705.00,
511726,VIPUL LTD   ,B ,Q,13.49,13.49,13.00,13.08,13.00,13.03,114,1842,24662.00,
511728,KZ LEAS FIN.,X ,Q,15.86,15.86,15.11,15.11,15.11,15.11,3,155,2454.00,
511736,USHDEV INTNL,X ,Q,1.16,1.16,1.11,1.13,1.15,1.14,84,46551,52893.00,
511740,MEHTA HOUSIN,XT,Q,117.05,117.60,117.00,117.60,117.60,112.00,7,125,14641.00,
511742,UGROCAP     ,B ,Q,261.00,266.30,258.55,262.05,262.05,261.00,529,15078,3948593.00,
511754,SHALIB.FINAN,X ,Q,202.00,224.95,202.00,220.55,220.55,206.90,257,48095,10532066.00,
511756,ABIRAMI FIN.,Z ,Q,27.00,27.00,27.00,27.00,27.00,28.42,10,204,5508.00,
511760,SEVENHILL   ,X ,Q,0.49,0.49,0.48,0.49,0.49,0.49,389,368225,179243.00,
511764,AASTAFIN    ,XT,Q,39.89,39.89,37.33,37.74,39.84,39.27,7,264,9941.00,
511766,MUTHOOT CAP ,B ,Q,395.80,404.50,387.05,389.15,390.45,393.70,317,3972,1581604.00,
511768,MASTER TRUST,X ,Q,333.95,337.40,318.10,329.00,330.00,329.85,136,5485,1810286.00,
512008,EFCIL       ,XT,Q,1125.10,1195.00,1111.95,1135.55,1140.00,1170.45,80,4986,5645948.00,
512018,CNI RES LTD ,XT,Q,2.09,2.09,2.01,2.06,2.06,2.04,132,69019,140926.00,
512020,SARASW.COMM.,X ,Q,2350.00,2400.45,2325.05,2380.00,2380.00,2318.75,20,37,86973.00,
512036,KAPIL COTEX ,XT,Q,75.00,75.00,75.00,75.00,75.00,75.00,5,443,33225.00,
512038,TCC         ,XT,Q,25.11,25.11,25.11,25.11,25.11,23.92,1,5,125.00,
512047,ROYAL IND   ,XT,Q,3.57,3.57,3.50,3.50,3.50,3.57,8,287,1020.00,
512048,LUHARUKA    ,X ,Q,3.43,3.43,3.25,3.27,3.30,3.36,475,213024,704761.00,
512064,VISVEN      ,X ,Q,84.54,84.54,84.54,84.54,84.54,80.52,5,1215,102716.00,
512068,DECCANGOLD  ,X ,Q,79.39,79.45,73.30,77.16,77.16,78.87,1749,539651,41374045.00,
512070,UPL         ,A ,Q,627.05,630.20,622.50,625.05,625.05,626.65,2800,75990,47647628.00,
512093,CRANES SOFTW,X ,Q,3.30,3.40,3.26,3.30,3.30,3.28,162,37372,124352.00,
512097,SAICOM      ,X ,Q,0.46,0.47,0.44,0.44,0.45,0.45,596,283429,127154.00,
512103,NIDHI GRANIT,XT,Q,88.00,88.45,88.00,88.45,88.45,88.45,6,500,44220.00,
512131,SIGNET IND  ,T ,Q,46.40,46.40,44.20,44.59,45.87,46.50,63,7509,337675.00,
512149,ADVANCE TECH,XT,Q,1.90,1.90,1.90,1.90,1.90,1.99,398,163842,311299.00,
512161,SECURKLOUD  ,B ,Q,46.85,46.85,45.25,45.49,45.45,45.70,50,3995,182634.00,
512165,ABANSENT    ,X ,Q,180.00,180.00,171.05,172.00,172.00,178.00,51,8834,1563768.00,
512175,VAMA INDS   ,X ,Q,4.67,4.68,4.56,4.59,4.60,4.63,93,21493,98813.00,
512179,SUNTECK REAL,A ,Q,364.40,366.25,356.00,361.85,362.30,357.50,1200,224153,80362230.00,
512217,PRISM MEDI  ,XT,Q,22.87,24.67,22.87,24.01,24.01,24.07,30,6635,162305.00,
512229,VERITAS     ,XT,Q,219.15,219.15,215.00,219.15,219.15,214.90,73,11155,2442444.00,
512237,JAI CORP LTD,A ,Q,183.65,183.65,178.45,178.95,178.95,182.60,1067,87048,15680001.00,
512247,ASHIRWAD CAP,XT,Q,4.23,4.23,4.23,4.23,4.23,4.03,420,228138,965023.00,
512257,SVARTCORP   ,X ,Q,2.72,2.74,2.66,2.68,2.66,2.69,229,64615,173716.00,
512267,MEDIA MATRIX,B ,Q,12.72,13.30,12.30,12.72,12.79,12.48,366,223105,2889179.00,
512279,NNTL        ,Z ,Q,8.57,8.57,8.31,8.31,8.31,8.74,5,33,274.00,
512296,BHAGYA INL  ,B ,Q,58.50,58.50,55.30,55.96,55.96,56.53,144,7958,445998.00,
512297,SHANTAI     ,X ,Q,26.26,26.26,26.26,26.26,26.26,27.51,1,8,210.00,
512301,CHAMBAL BREW,X ,Q,2.99,2.99,2.99,2.99,2.99,3.06,7,208,621.00,
512329,KRL         ,XT,Q,2507.95,2507.95,2507.95,2507.95,2507.95,2458.80,5,119,298446.00,
512344,ARAVALI SEC.,X ,Q,4.13,4.13,3.95,3.95,3.95,3.95,4,70,276.00,
512379,CRESSANDA SO,A ,Q,23.63,24.50,23.50,24.32,24.32,23.57,1327,1482701,35263553.00,
512381,STARTECK    ,T ,Q,162.20,168.90,158.55,165.00,165.00,162.20,12,548,87978.00,
512393,SHARDUL SECU,X ,Q,87.22,92.39,87.22,92.39,92.39,89.55,3,102,8906.00,
512399,SERA        ,XT,Q,12.31,12.40,12.31,12.40,12.40,12.30,84,43075,532643.00,
512425,NIRAV COMMER,X ,Q,468.00,468.00,468.00,468.00,468.00,450.00,1,1,468.00,
512437,APOLLO FIN I,X ,Q,482.45,489.00,468.20,473.25,474.00,481.55,65,1640,779603.00,
512441,ENBEE TRADG.,XT,Q,15.49,15.85,14.60,14.72,14.65,15.32,216,53177,807914.00,
512443,GANONPRO    ,X ,Q,13.88,14.03,12.75,13.75,12.75,13.37,3,12,165.00,
512453,SHRI JAGDAMB,X ,Q,632.00,633.95,610.90,624.65,625.00,620.35,101,975,611801.00,
512455,LLOYDS MET E,A ,Q,575.00,599.20,573.00,596.80,596.80,575.30,3974,158166,93066195.00,
512463,SHREE GLOBAL,XT,Q,29.19,29.77,28.75,29.77,29.77,28.36,4318,7932300,234088866.00,
512477,BETEX INDIA ,XT,Q,133.90,133.90,133.90,133.90,133.90,136.60,14,430,57577.00,
512481,POLYTEX(P)  ,X ,Q,3.15,3.15,3.15,3.15,3.15,3.15,4,511,1609.00,
512485,DHANAL.COTEX,XT,Q,85.50,85.50,82.00,85.10,83.50,82.00,21,3218,271378.00,
512489,OASIS SECUR.,XT,Q,116.00,116.00,116.00,116.00,116.00,118.90,3,7,812.00,
512493,GARNET INTL ,X ,Q,48.48,48.48,46.60,46.98,46.98,47.80,70,8267,394191.00,
512499,SHALIMAR PRO,X ,Q,0.49,0.49,0.49,0.49,0.49,0.49,253,228607,112017.00,
512519,DONEAR IND. ,B ,Q,95.75,95.75,93.45,94.01,94.01,94.50,215,18304,1721803.00,
512527,SUPER SAL IN,XT,Q,1186.00,1186.00,1125.75,1172.75,1170.00,1184.95,105,3729,4274126.00,
512529,SEQUENT     ,A ,Q,89.77,90.04,88.02,88.76,88.98,89.78,837,98731,8754527.00,
512531,STC INDIA   ,B ,Q,87.59,91.55,87.15,88.30,88.10,86.37,383,11516,1021377.00,
512553,ZENITH EXP. ,T ,Q,106.35,106.35,106.35,106.35,106.35,106.35,1,10,1063.00,
512559,KOHINORFOODS,T ,Q,37.00,37.45,36.45,37.29,37.45,36.75,58,7677,282292.00,
512565,R.T.EXPORTS ,XT,Q,32.33,32.33,32.33,32.33,32.33,31.70,10,3050,98606.00,
512573,AVANTI FEEDS,A ,Q,395.05,405.00,395.05,399.75,399.75,400.10,939,20753,8303486.00,
512587,ZODIAC JRD  ,X ,Q,37.21,38.79,37.05,38.20,38.75,37.21,47,12075,452669.00,
512589,SITA ENTER. ,XT,Q,36.39,36.39,36.35,36.39,36.39,34.66,48,5144,187186.00,
512591,PULSAR INTL.,XT,Q,85.00,89.84,85.00,88.85,88.85,87.60,33,291,25565.00,
512595,UNIMODE OVER,XT,Q,146.60,146.60,146.60,146.60,146.60,143.75,3,212,31079.00,
512597,KEYFINSER   ,B ,Q,95.30,95.40,91.10,93.55,93.55,95.50,18,353,33640.00,
512599,ADANI ENTER ,A ,Q,2440.25,2480.00,2422.45,2462.05,2462.05,2429.25,13685,247102,607955175.00,
512604,HARIA EXPORT,X ,Q,4.87,4.87,4.35,4.35,4.35,4.88,9,2095,9145.00,
512608,BHANDARI HOS,B ,Q,4.47,4.60,4.43,4.49,4.50,4.49,100,64425,289646.00,
512618,RLF LIMITED.,XT,Q,5.70,6.29,5.70,6.22,6.23,6.00,17,4287,26067.00,
512624,REGENTRP    ,X ,Q,3.36,3.36,3.17,3.20,3.18,3.31,77,118583,378724.00,
512626,ORBIT EXPORT,T ,Q,189.65,189.65,182.80,182.80,182.80,183.25,4,540,98986.00,
512634,SAVERA IND  ,XT,Q,91.00,91.50,86.06,90.00,90.00,89.00,25,9443,828873.00,
513005,VBC FERRO   ,XT,Q,51.00,51.00,49.22,49.36,50.70,51.81,26,3313,163672.00,
513010,TATASTLLP   ,B ,Q,745.00,745.00,724.50,737.30,736.25,728.40,270,3283,2396098.00,
513023,NAVA        ,A ,Q,356.00,368.90,352.80,365.35,365.35,354.60,1349,53872,19538742.00,
513043,REMI EDEL   ,X ,Q,41.70,46.00,41.70,43.06,43.01,44.00,19,760,33610.00,
513059,G.S.AUTO INT,XT,Q,18.00,18.99,17.95,17.96,17.96,18.89,63,14763,269652.00,
513063,TRANSFREIGHT,XT,Q,22.76,22.76,20.71,22.00,22.00,21.78,41,12652,278341.00,
513097,SHIV.BIMETAL,A ,Q,699.95,720.00,696.00,713.10,713.00,698.25,1286,18381,13046021.00,
513108,GANDHI SP.TU,B ,Q,635.05,656.95,633.90,647.35,656.95,643.65,309,1893,1217279.00,
513117,AMFORGE IND.,X ,Q,6.46,6.50,6.00,6.11,6.40,6.39,103,15929,98563.00,
513119,ABC GAS INT ,XT,Q,36.20,37.97,36.10,37.97,37.97,36.17,21,1274,47126.00,
513121,ORICON ENT  ,T ,Q,22.99,23.44,22.51,22.78,22.80,22.33,63,40984,941436.00,
513149,ACROW INDIA ,XT,Q,848.00,848.00,848.00,848.00,848.00,852.45,2,3,2544.00,
513173,STL STR INF ,X ,Q,18.61,19.24,18.31,18.93,18.93,18.69,32,8033,150152.00,
513228,PENNAR STEEL,B ,Q,85.80,85.80,81.86,82.08,81.99,83.81,536,43021,3573782.00,
513250,JYOTI STRUCT,T ,Q,9.32,9.33,8.94,9.08,9.08,9.25,415,406215,3695164.00,
513252,JAY USHIN   ,X ,Q,748.00,791.10,706.05,773.55,775.00,719.20,67,889,677228.00,
513262,ST.STR.WHEEL,B ,Q,251.80,255.85,248.00,253.05,252.85,249.85,533,22043,5545808.00,
513269,MAN IND.(I) ,B ,Q,138.05,141.85,138.00,139.60,139.60,138.70,288,10943,1527117.00,
513303,MODERN STEEL,X ,Q,15.45,15.45,15.00,15.25,15.24,15.01,43,5369,81531.00,
513307,SYNTHIKO FOI,XT,Q,161.75,161.75,161.75,161.75,161.75,165.05,5,46,7440.00,
513309,GOLKONDA    ,Z ,Q,14.97,15.39,14.23,15.30,15.30,14.97,20,1853,26678.00,
513335,METALFORGE  ,Z ,Q,3.01,3.01,2.90,2.90,2.90,3.01,5,2900,8515.00,
513337,GUJ.TOOLROOM,XT,Q,12.00,12.48,11.40,12.47,12.48,12.00,58,7850,93638.00,
513349,AJMERA      ,B ,Q,386.00,390.00,378.10,385.10,385.10,388.95,447,37295,14255387.00,
513353,COCHIN MIN. ,X ,Q,343.80,344.60,337.15,343.05,344.55,336.80,220,12515,4267464.00,
513361,ISW LTD     ,XT,Q,1.73,1.83,1.70,1.78,1.82,1.77,182,103337,183237.00,
513369,KVFORGE     ,X ,Q,54.53,54.53,50.00,50.15,50.15,51.15,20,1183,59527.00,
513375,CARBORUNDUM ,A ,Q,1238.95,1238.95,1206.20,1225.00,1223.50,1209.30,1123,6608,8062588.00,
513377,MINERAL&METL,A ,Q,35.69,36.24,35.07,35.18,35.18,35.90,1821,455221,16092656.00,
513401,ASHIANA ISP.,X ,Q,31.05,31.99,30.01,30.28,30.28,31.89,48,10941,339779.00,
513403,PM TELELINN ,X ,Q,5.25,5.84,5.25,5.84,5.84,5.20,22,18320,97899.00,
513418,SMFIL       ,X ,Q,3.40,3.57,3.40,3.52,3.54,3.41,76,18884,65850.00,
513422,BLOOM INDUST,X ,Q,23.80,24.99,23.80,24.99,24.99,23.90,5,35,834.00,
513430,MAITRI      ,XT,Q,25.20,25.20,25.20,25.20,25.20,25.20,2,71,1789.00,
513434,TATA METALIK,A ,Q,872.00,881.30,858.05,879.40,879.40,870.65,1938,11759,10278601.00,
513436,SHAH ALLOYS ,B ,Q,48.20,48.90,47.00,47.27,47.93,48.20,139,10800,512327.00,
513446,JSWISPL     ,B ,Q,37.10,37.80,36.65,37.55,37.55,36.95,536,104122,3894363.00,
513452,ELANGO INDUS,XT,Q,6.60,6.60,6.27,6.27,6.27,6.60,8,600,3791.00,
513456,KANISHK ST. ,X ,Q,26.00,27.77,24.26,25.65,25.65,25.20,94,17811,462382.00,
513460,MAHALAXMI SM,Z ,Q,6.88,6.88,6.88,6.88,6.88,6.88,4,83,571.00,
513472,SIMPLEX CAST,X ,Q,50.50,52.00,50.50,51.70,52.00,49.30,51,5831,298458.00,
513488,SH.STEEL WIR,X ,Q,32.70,32.70,31.45,31.77,32.25,32.49,17,994,31922.00,
513498,SOUTH.MAGNES,XT,Q,91.50,91.50,91.50,91.50,91.50,93.35,67,10099,924058.00,
513502,BARODA EXTR.,XT,Q,2.70,2.70,2.59,2.59,2.59,2.72,107,55561,145351.00,
513507,GUJ.CONTAIN.,P ,Q,199.15,204.95,199.15,201.50,201.50,199.10,14,2400,486380.00,
513509,KALYANI FORG,T ,Q,270.00,274.55,266.65,273.40,273.40,271.80,6,166,44825.00,
513511,PANCH.STEEL ,X ,Q,127.80,129.85,125.55,128.05,128.75,127.50,41,940,120092.00,
513513,ADITYA ISPAT,X ,Q,8.51,8.80,8.48,8.48,8.48,8.84,24,4449,37962.00,
513515,S.R.INDUS.  ,XT,Q,1.33,1.39,1.27,1.39,1.39,1.33,30,16541,21932.00,
513517,STEELCAST   ,B ,Q,487.90,509.00,487.90,496.35,498.75,486.95,129,846,420469.00,
513519,PITTIENG    ,B ,Q,465.05,480.40,438.30,459.50,461.25,471.70,688,6658,3061205.00,
513528,GLITTEK GRAN,X ,Q,2.50,2.56,2.50,2.56,2.56,2.50,12,5031,12740.00,
513532,PRADEEP MET.,X ,Q,166.60,167.75,164.00,164.25,164.00,165.65,87,2708,446613.00,
513536,GNRL        ,X ,Q,13.19,13.68,13.19,13.26,13.26,13.46,69,4769,63613.00,
513540,T.N.STEEL TU,P ,Q,11.45,11.45,11.45,11.45,11.45,11.92,1,100,1145.00,
513548,SHARDA ISPAT,XT,Q,82.54,82.54,75.00,78.00,78.00,78.69,13,592,46381.00,
513554,MAHA STEEL  ,T ,Q,69.10,70.89,68.34,69.00,69.00,69.12,10,764,52614.00,
513566,NOVA IRON&ST,XT,Q,21.12,21.12,21.12,21.12,21.12,21.55,5,98,2069.00,
513575,STERPOW     ,XT,Q,20.50,22.52,20.38,20.38,20.38,21.45,26,2772,58816.00,
513599,HIND.COPPER ,A ,Q,127.80,129.00,126.35,127.80,127.80,127.75,4445,520951,66368471.00,
513629,TULSYAN NEC ,XT,Q,65.06,65.06,65.06,65.06,65.06,66.38,10,6016,391400.00,
513642,AXEL POLYMER,XT,Q,47.20,47.20,45.05,46.49,46.49,47.25,6,225,10351.00,
513683,NLCINDIA    ,A ,Q,118.90,120.00,117.55,118.85,118.95,118.65,1958,267655,31721897.00,
513693,KIC METALIKS,X ,Q,59.90,59.90,56.20,58.17,57.80,58.99,271,29544,1728903.00,
513699,SOLID STONE ,XT,Q,25.75,26.00,25.25,26.00,26.00,26.00,8,392,10011.00,
513709,SHILP GRAVUR,X ,Q,123.00,126.85,119.00,119.85,119.85,121.75,230,24058,2931531.00,
513713,WHITEORG    ,X ,Q,6.92,6.92,6.71,6.76,6.80,6.81,188,41827,282911.00,
513721,MFSINTRCRP  ,Z ,Q,11.55,12.07,10.93,12.07,12.07,11.50,34,7218,83620.00,
513723,HGIND       ,XT,Q,217.00,219.45,210.00,215.65,219.45,209.00,72,9191,2008743.00,
513729,ARO GRANITE ,B ,Q,42.50,43.45,41.45,42.65,42.65,43.50,62,3053,129325.00,
514010,HIM.FIBRES  ,XT,Q,5.54,5.93,5.54,5.93,5.93,5.65,43,40486,238112.00,
514028,RAJKAMAL SYN,X ,Q,28.50,29.05,27.00,28.55,28.50,27.42,25,4095,113926.00,
514030,DEEPAK SPINN,X ,Q,271.80,271.80,262.35,267.70,267.00,269.25,316,11831,3156642.00,
514036,LOY.TEX MILL,B ,Q,679.20,679.20,651.40,659.10,659.00,666.05,116,1134,752769.00,
514043,HIMAT.SEIDE ,B ,Q,121.10,121.40,117.60,118.40,118.40,120.80,1019,52140,6207310.00,
514045,BSL LTD.    ,T ,Q,168.25,174.40,168.25,168.30,168.30,168.30,7,141,23754.00,
514087,PBM POLYTEX ,X ,Q,92.00,92.70,89.51,90.13,91.47,92.81,52,2870,259855.00,
514113,ADHINATH TEX,XT,Q,25.30,25.30,24.00,24.99,24.99,24.47,52,5957,147013.00,
514138,SURYALATA SP,XT,Q,990.10,990.10,990.10,990.10,990.10,1010.30,33,208,205940.00,
514140,SURYAVA SPIN,X ,Q,21.50,21.50,20.05,21.00,21.00,21.75,25,4392,89354.00,
514142,TT LTD.     ,B ,Q,81.21,81.54,77.10,79.26,79.74,80.95,62,1798,142724.00,
514162,WELSPUN (I) ,A ,Q,100.92,101.87,100.00,100.31,100.31,100.92,1249,129326,13005244.00,
514165,IND.ACRYLICS,XT,Q,14.60,14.60,14.16,14.30,14.30,14.17,128,50433,723331.00,
514167,GANESH ECOSP,B ,Q,1052.10,1063.95,1028.10,1039.90,1039.90,1041.85,499,3345,3486765.00,
514171,CEETA IND.  ,XT,Q,36.00,36.05,33.50,36.00,36.00,34.90,21,720,25345.00,
514175,VARDHMAN POL,T ,Q,61.02,61.02,61.02,61.02,61.02,62.26,1,3,183.00,
514183,BLACKROSE   ,X ,Q,134.00,134.00,132.00,133.25,134.00,131.85,606,15816,2105453.00,
514197,ST CORP     ,XT,Q,36.40,36.40,36.24,36.24,36.24,36.97,31,3106,112581.00,
514215,BINNY LTD.  ,X ,Q,239.75,242.95,236.25,240.85,241.00,234.30,147,10976,2640598.00,
514223,RAMGOPAL POL,XT,Q,5.59,5.65,5.59,5.59,5.59,5.88,28,4478,25047.00,
514234,SANGAM INDIA,B ,Q,318.00,329.00,317.00,327.45,328.35,318.25,373,10352,3318876.00,
514238,MKVENTURES  ,X ,Q,1145.00,1165.00,1120.00,1120.30,1120.30,1132.00,108,3749,4287924.00,
514240,KUSHIND     ,X ,Q,5.50,5.50,5.25,5.35,5.35,5.50,14,2366,12748.00,
514248,SREECHEM RES,P ,Q,44.20,44.20,42.11,42.11,42.11,42.10,3,300,13051.00,
514264,SEASONS TEXT,X ,Q,12.98,13.61,12.34,13.09,13.13,12.98,44,1495,18861.00,
514266,ZENITH FIBRE,X ,Q,63.99,64.00,62.52,63.00,63.00,63.11,32,3087,197333.00,
514272,BHILWARA SP.,X ,Q,46.03,48.18,46.03,47.49,46.50,46.03,28,3935,187873.00,
514274,AARVEE DENIM,B ,Q,23.05,23.60,21.65,22.79,22.21,22.29,83,6863,156707.00,
514280,SANRHEA TECH,XT,Q,78.90,79.00,76.25,77.20,77.20,77.90,24,1134,87810.00,
514286,ASHIMA LTD. ,B ,Q,13.30,13.49,13.15,13.36,13.28,13.39,51,5460,72719.00,
514300,PIONEER EMB ,B ,Q,37.81,38.25,37.50,38.22,38.24,38.06,17,1302,49553.00,
514302,VIPPY SPIN. ,X ,Q,148.65,148.65,145.50,145.55,145.55,145.55,13,650,95283.00,
514312,JAY HIND SYN,XT,Q,21.45,21.45,20.90,20.90,20.90,22.00,8,206,4316.00,
514316,RAGHUVIR SYN,X ,Q,130.95,131.65,128.55,131.00,131.00,130.90,60,5755,749706.00,
514322,KAMADGIRI   ,X ,Q,98.00,103.68,96.15,97.15,98.00,99.88,8,60,5886.00,
514326,PATSPIN INDI,X ,Q,11.30,11.65,11.01,11.54,11.54,11.37,24,4979,55527.00,
514330,ONEGLOBAL   ,X ,Q,32.85,32.85,29.90,30.99,30.99,32.05,21,1337,41154.00,
514332,NEOINFRA    ,X ,Q,11.00,11.00,10.47,10.47,10.47,11.02,24,1545,16187.00,
514354,PREMIER POLY,T ,Q,101.00,103.40,101.00,102.00,102.00,101.50,24,1590,162294.00,
514358,EVERFIN     ,X ,Q,65.90,69.10,62.00,69.10,69.10,62.82,308,36485,2486621.00,
514360,KRRAIL      ,XT,Q,579.95,589.15,563.00,586.00,589.15,561.10,499,34453,19729537.00,
514378,YARN SYNDICA,XT,Q,27.76,29.05,26.38,29.05,29.05,27.76,46,8014,220495.00,
514386,GUJ COTEX   ,X ,Q,2.86,2.90,2.82,2.83,2.83,2.92,37,16267,46353.00,
514400,GARWARE SYN.,XT,Q,14.64,14.64,13.30,13.30,13.30,14.00,10,1019,13694.00,
514418,MANORG      ,B ,Q,459.85,459.85,450.00,452.10,453.00,456.40,365,2014,914509.00,
514428,HINDU.ADHESI,X ,Q,191.65,194.90,186.50,191.30,192.00,190.40,62,1583,299964.00,
514442,SRI KPR IND ,X ,Q,16.89,16.89,16.30,16.55,16.55,16.74,39,4882,80788.00,
514448,JYOTI RESINS,A ,Q,1475.00,1475.00,1400.00,1441.05,1441.05,1503.10,4317,53240,75970515.00,
514450,MAHA.RUBTECH,T ,Q,182.75,182.75,181.00,182.75,182.75,174.05,65,5130,935243.00,
514454,SOUTH.LATEX ,XT,Q,18.90,18.90,18.90,18.90,18.90,18.00,6,1123,21224.00,
514470,WIMSOME TEXT,B ,Q,54.99,54.99,53.12,54.10,54.40,54.13,118,27488,1472255.00,
515008,MOD.INSUL.  ,XT,Q,62.23,64.63,61.05,61.42,62.00,62.98,123,23524,1477486.00,
515018,REG.CERAMIC ,T ,Q,26.40,27.75,25.90,26.89,26.89,26.80,21,2811,75190.00,
515030,ASAHI IN.GLA,A ,Q,555.70,560.45,550.05,557.20,559.00,553.75,354,4672,2595834.00,
515037,MURD.CERAM  ,T ,Q,42.00,42.51,40.90,41.10,41.01,41.23,31,28041,1150867.00,
515043,SAINT-GOBAIN,X ,Q,113.80,116.10,105.90,106.90,106.90,113.80,2218,332634,36541987.00,
515055,ANANTRAJ    ,A ,Q,199.05,205.00,199.05,201.25,201.25,200.80,1491,462873,93176526.00,
515059,MADHUS.IND. ,XT,Q,31.87,31.87,31.87,31.87,31.87,32.52,1,180,5736.00,
515085,RESTILE CER.,X ,Q,4.25,4.25,3.93,4.06,4.08,4.11,47,16294,64614.00,
515093,MADHAV MARB.,B ,Q,43.50,43.50,41.05,42.62,43.04,42.94,38,2669,112036.00,
515127,RAMASIGNS   ,X ,Q,2.99,2.99,2.92,2.99,2.99,2.99,24,11775,35199.00,
515147,HALDYN GLASS,X ,Q,86.00,89.00,85.10,86.09,86.09,85.11,1150,192988,16790421.00,
516003,DUROPLY     ,XT,Q,213.00,213.00,203.00,204.75,205.00,213.50,101,5959,1223071.00,
516016,SHREYANS IND,T ,Q,198.90,200.20,195.30,196.00,196.00,196.75,26,1569,309258.00,
516022,STAR PAPER  ,B ,Q,172.00,173.00,171.15,171.60,172.05,171.60,97,1496,257109.00,
516030,PAKKA       ,B ,Q,123.95,125.75,123.40,125.10,125.10,122.95,1785,26231,3270026.00,
516062,NAT.PLYWOOD ,Z ,Q,5.12,5.12,5.12,5.12,5.12,5.12,1,200,1024.00,
516064,ARROWGREEN  ,T ,Q,338.00,345.00,331.00,337.30,340.00,344.35,77,2278,775639.00,
516072,VISHNU CHEM ,B ,Q,374.00,379.00,367.70,378.25,378.85,371.70,559,10508,3931887.00,
516078,JUMBO BAG   ,X ,Q,27.00,28.00,26.50,27.00,27.00,27.15,23,1616,43890.00,
516082,N.R.AGARWAL ,B ,Q,289.05,293.75,276.60,288.10,293.75,287.80,130,1063,303676.00,
516092,3PLAND      ,T ,Q,18.91,18.91,18.91,18.91,18.91,19.16,2,324,6126.00,
516096,SANGAL PAPER,XT,Q,143.10,151.95,142.10,142.10,142.10,145.00,5,193,27662.00,
516106,SH.KARTHIK P,X ,Q,7.28,7.28,6.50,7.00,7.00,7.28,28,3877,27665.00,
516108,S.I.PAPER   ,X ,Q,102.50,106.25,102.50,105.80,105.95,105.85,96,12570,1323524.00,
516110,FAMILYCARE  ,XT,Q,6.91,6.91,6.76,6.80,6.80,6.78,509,115787,787776.00,
517015,VINDHYA TELE,B ,Q,2062.65,2088.20,1995.20,2021.85,2014.35,2062.90,740,2613,5289496.00,
517035,RIR         ,XT,Q,547.65,547.65,547.65,547.65,547.65,536.95,112,6999,3833002.00,
517041,ADORWELDING ,B ,Q,1314.80,1320.85,1240.45,1261.10,1264.70,1297.90,709,3363,4236416.00,
517044,INT.DATA MAN,XT,Q,13.23,13.25,13.23,13.23,13.23,13.23,4,27,357.00,
517059,SALZER ELEC ,B ,Q,345.75,347.80,340.65,342.90,340.65,346.00,181,4008,1375825.00,
517063,JETINFOTRAN ,X ,Q,48.30,48.65,48.30,48.65,48.65,49.10,4,52,2527.00,
517096,APLAB LTD.  ,XT,Q,69.75,69.75,69.75,69.75,69.75,71.17,5,710,49522.00,
517119,PCS TECH    ,X ,Q,14.85,15.44,14.26,14.35,14.35,14.48,76,11179,165233.00,
517146,USHA MART.LT,A ,Q,326.35,340.10,326.15,337.70,339.70,324.45,1647,37589,12510349.00,
517166,SPEL SEMICON,XT,Q,54.78,56.88,54.00,56.88,56.88,54.18,681,106338,5920365.00,
517168,SUBROS LTD. ,B ,Q,411.05,420.75,411.05,416.40,415.00,419.05,232,2861,1194201.00,
517170,EDVENSWA    ,X ,Q,44.40,44.40,42.25,42.55,42.55,43.43,235,44526,1925285.00,
517174,HONEYWELL   ,A ,Q,42016.05,42128.15,41826.00,41990.00,41990.00,42039.60,26,29,1216231.00,
517201,SWITCH.TECH.,X ,Q,39.00,39.00,39.00,39.00,39.00,38.95,1,100,3900.00,
517206,LUMAX IND   ,B ,Q,2100.00,2149.80,2100.00,2121.25,2125.00,2112.20,328,1657,3538261.00,
517214,DIGISPICE   ,B ,Q,21.86,21.86,20.75,20.93,20.75,21.47,124,11921,251609.00,
517236,CALCOM VISIO,X ,Q,168.35,170.00,155.00,158.95,158.95,166.20,312,25338,4073955.00,
517238,DYNAVISION  ,XT,Q,136.85,136.85,129.00,129.05,129.05,134.50,7,74,9564.00,
517246,BCC FUBA    ,XT,Q,35.83,36.70,35.00,36.01,36.30,34.96,100,35420,1270298.00,
517258,PRECISION EL,XT,Q,43.00,43.00,40.85,43.00,43.00,43.00,6,179,7664.00,
517264,FINELINE CI ,XT,Q,42.90,42.90,41.00,41.05,42.35,40.87,15,1031,42316.00,
517271,HBL P SYS   ,A ,Q,176.65,179.85,173.30,178.35,178.35,176.60,4222,346507,61164139.00,
517273,S&S POWER SW,T ,Q,66.74,66.74,66.00,66.74,66.74,65.44,5,288,19191.00,
517288,GUJARATPOLY ,XT,Q,54.53,54.53,52.01,53.80,53.90,52.17,47,2165,116067.00,
517300,GUJ.IND.POW.,B ,Q,113.05,115.65,113.05,114.05,113.85,113.70,1251,66402,7588947.00,
517334,MOTHERSON   ,A ,Q,100.42,100.80,95.83,97.46,97.46,100.41,10873,1447110,141070809.00,
517344,MINDTECK (I),T ,Q,133.00,133.00,133.00,133.00,133.00,135.70,7,419,55727.00,
517354,HAVELLSINDIA,A ,Q,1324.95,1329.00,1311.85,1324.40,1321.40,1313.65,1170,14506,19172524.00,
517356,ACI INFOCOM ,XT,Q,1.18,1.18,1.18,1.18,1.18,1.24,716,165432,195209.00,
517360,SBEC SYSTEMS,XT,Q,20.48,20.48,18.66,20.04,20.04,19.61,11,256,5150.00,
517370,INCAP LTD.  ,XT,Q,35.65,36.81,33.90,36.80,36.80,35.65,38,4260,151938.00,
517372,GUJ.INTRUX  ,X ,Q,227.00,227.85,214.05,215.85,217.45,218.35,235,11615,2548145.00,
517380,IGARSHI MOT ,B ,Q,535.00,535.00,510.00,519.40,520.00,520.30,531,6979,3598243.00,
517385,SYMPHONY    ,A ,Q,874.40,877.20,862.00,868.00,869.50,881.80,1131,7140,6199031.00,
517393,VINTRON INF.,XT,Q,4.72,4.72,4.72,4.72,4.72,4.81,24,3282,15491.00,
517397,PAN ELECTR. ,X ,Q,26.00,27.30,26.00,27.30,27.30,26.00,9,162,4337.00,
517399,VXL INSTRUM.,XT,Q,8.09,8.09,8.09,8.09,8.09,8.09,2,32,258.00,
517411,SHYAM TELEC.,B ,Q,6.52,7.14,6.52,6.56,6.56,7.14,5,265,1794.00,
517415,LEE&NEE SOFT,X ,Q,7.64,7.69,7.30,7.52,7.59,7.38,116,24733,186396.00,
517417,PATEL AIRTEM,X ,Q,303.00,306.85,294.00,302.35,302.35,298.15,229,19737,5909737.00,
517421,BFLYGANDHI  ,B ,Q,1175.00,1186.75,1167.25,1183.25,1186.65,1165.60,104,292,344085.00,
517429,ATHENAGLO   ,X ,Q,53.55,53.55,51.00,51.10,51.00,51.50,17,1726,88769.00,
517431,NARMADA MACP,XT,Q,7.71,7.71,7.71,7.71,7.71,7.35,2,101,778.00,
517437,DUTRON POLY.,XT,Q,135.20,135.20,122.45,122.55,122.80,128.85,44,5973,738629.00,
517447,R.S.SOFTWARE,T ,Q,38.13,39.67,38.13,39.67,39.67,38.90,68,19835,785628.00,
517449,MAGNA ELECTR,XT,Q,515.00,515.00,479.75,482.75,495.00,505.00,96,5875,2902540.00,
517467,MARSONS     ,Z ,Q,5.44,5.44,5.18,5.29,5.30,5.39,65,32353,172097.00,
517477,ELNET TECH. ,XT,Q,279.95,279.95,263.90,264.75,267.00,273.30,60,2679,714090.00,
517494,ACCEL       ,X ,Q,19.35,20.35,19.25,19.97,20.00,19.34,218,51646,1016774.00,
517498,WEBELSOLAR  ,B ,Q,97.27,97.27,93.65,97.27,97.27,92.64,431,198765,19305032.00,
517500,ROTO PUMPS  ,B ,Q,329.95,333.90,326.00,328.05,328.05,324.55,534,8328,2742025.00,
517506,TTK PRESTIGE,A ,Q,770.00,780.90,755.40,776.85,771.55,770.75,763,3243,2481995.00,
517514,DHINDIA     ,X ,Q,67.04,68.49,66.00,66.25,66.25,67.04,88,7200,481794.00,
517522,RAJ GLO WIR ,A ,Q,740.05,754.45,740.05,747.80,746.40,742.05,238,1452,1085177.00,
517530,SURANATP    ,B ,Q,9.45,9.69,9.30,9.49,9.48,9.46,265,42068,400020.00,
517536,ONWARD TECHN,B ,Q,593.50,597.55,567.95,578.80,578.80,587.10,1968,44982,26040561.00,
517544,CENTUM ELEC ,B ,Q,1442.15,1455.00,1430.05,1451.65,1455.00,1429.50,107,547,789788.00,
517546,ALFA TRANSFO,XT,Q,42.90,42.90,42.00,42.90,42.90,40.86,378,298379,12798236.00,
517548,STARLITE COM,Z ,Q,2.53,2.65,2.41,2.41,2.41,2.53,47,46513,113718.00,
517554,NHCFOODS    ,XT,Q,50.00,51.00,48.56,49.79,50.00,50.69,79,29280,1437946.00,
517556,PVP VENT LTD,T ,Q,9.40,9.85,9.40,9.75,9.75,9.69,67,13623,132246.00,
517562,TRIGYN TECH ,B ,Q,127.20,132.10,126.35,127.05,127.90,126.90,1422,45727,5902303.00,
517569,KEI INDUST. ,A ,Q,2519.95,2519.95,2428.30,2437.70,2437.70,2495.90,724,4410,10848313.00,
517571,IMPPOWERS   ,Z ,Q,3.72,3.99,3.72,3.99,3.99,3.90,11,3270,12216.00,
518011,KEERTHI     ,XT,Q,134.20,141.40,134.20,138.95,138.95,139.95,13,822,110731.00,
518017,BHEEMA CEM  ,XT,Q,35.01,36.59,34.51,36.35,36.49,35.99,134,54508,1962475.00,
518075,SURAJ PRODUC,Z ,Q,230.00,239.50,222.00,232.30,238.85,233.60,126,7445,1695507.00,
518091,ANJANI PORTL,B ,Q,195.95,195.95,193.25,194.95,194.00,197.70,36,346,67216.00,
519003,MODINATURAL ,X ,Q,223.05,235.00,223.05,229.95,231.50,230.15,46,4511,1054647.00,
519031,SHAH FOOD(P),XT,Q,151.35,151.35,151.35,151.35,151.35,144.15,9,2163,327370.00,
519064,KHANDEL. EXT,XT,Q,44.75,49.40,44.75,48.96,48.96,47.10,16,734,35921.00,
519091,TASTY BITE  ,B ,Q,13736.45,14500.00,13736.45,14309.55,14492.20,13773.60,324,895,12720121.00,
519097,RITESH INTER,XT,Q,38.01,38.99,38.01,38.55,38.50,38.70,84,3684,140901.00,
519105,AVT NATURAL ,B ,Q,86.09,86.09,85.05,85.44,85.44,85.61,235,7447,636067.00,
519126,HIND.FOODS  ,A ,Q,583.95,583.95,565.00,566.95,567.15,569.75,253,3596,2041642.00,
519136,NAHAR INDUST,B ,Q,123.15,123.35,121.00,122.75,123.10,123.30,235,8795,1075307.00,
519152,VADILAL ENT ,XT,Q,3900.00,3900.00,3732.00,3876.90,3876.90,3832.75,7,32,120059.00,
519156,VADILAL IND ,B ,Q,2831.95,2901.40,2815.00,2854.20,2854.20,2816.40,409,1492,4291844.00,
519174,ASHIANA AGRO,XT,Q,4.49,4.49,4.49,4.49,4.49,4.49,3,299,1342.00,
519183,ADF FOODS LT,B ,Q,1098.95,1098.95,1053.00,1065.35,1065.60,1059.80,342,1710,1839452.00,
519191,RGRL        ,X ,Q,8.29,8.29,8.05,8.27,8.27,8.35,22,6394,52205.00,
519214,WILLIAM.FIN.,XT,Q,4.15,4.15,4.15,4.15,4.15,3.96,1,25,103.00,
519216,AJANTA SOYA ,X ,Q,28.68,29.15,28.00,28.22,28.39,28.68,656,89361,2527760.00,
519224,WILLIAM.MAGO,T ,Q,21.15,21.15,21.15,21.15,21.15,20.40,1,25,528.00,
519234,SIEL        ,XT,Q,78.90,78.90,78.90,78.90,78.90,78.97,1,10,789.00,
519238,SAPTARISHI A,XT,Q,16.63,16.63,15.55,15.55,15.55,15.90,5,13,205.00,
519242,SARDA PROT. ,XT,Q,43.02,44.00,41.49,41.51,41.49,43.67,14,604,25946.00,
519262,PRIMA AGRO L,XT,Q,22.70,23.88,22.16,23.06,23.06,22.75,25,3556,81428.00,
519279,MADHUR IND  ,XT,Q,5.39,5.39,5.39,5.39,5.39,5.39,3,501,2700.00,
519285,TARAI FOODS ,Z ,Q,5.36,5.51,4.99,5.08,5.08,5.25,26,3573,18865.00,
519287,MODERN DAIRI,X ,Q,21.88,22.50,21.52,22.16,22.16,21.45,148,44160,978017.00,
519295,BAMBINO AGRO,X ,Q,303.60,309.50,303.60,307.60,307.60,307.75,38,625,192246.00,
519299,PRIME INDS. ,Z ,Q,132.00,138.50,132.00,137.00,137.80,138.60,50,2360,321149.00,
519307,VIKAS WSP   ,Z ,Q,1.19,1.28,1.19,1.23,1.25,1.25,122,144567,176104.00,
519331,VSF PROJ    ,XT,Q,43.33,44.44,43.33,44.42,44.44,44.44,2,50,2220.00,
519359,POONA DAL   ,X ,Q,53.00,53.30,52.00,52.03,52.00,52.46,24,709,37173.00,
519367,TRANSGL.FOOD,XT,Q,98.00,102.90,93.10,93.11,93.11,98.00,8,226,21325.00,
519383,ANIK INDS   ,B ,Q,31.44,31.44,30.55,30.95,30.80,30.84,15,1254,38822.00,
519397,SHARAT INDUS,XT,Q,55.99,56.00,53.11,54.36,54.25,54.51,83,13521,736100.00,
519421,KSE LIMITED ,XT,Q,1634.95,1634.95,1590.15,1620.00,1620.00,1616.05,30,438,705776.00,
519455,NARBADA     ,X ,Q,53.40,54.95,53.30,54.48,54.48,54.33,8,253,13558.00,
519457,VIRAT CRANE ,X ,Q,36.95,39.60,36.07,36.67,36.51,35.91,323,46000,1714516.00,
519463,IB INFOTECH ,XT,Q,119.50,119.55,119.50,119.55,119.55,121.90,25,1520,181686.00,
519471,AMBARPIL    ,XT,Q,196.00,201.95,192.15,198.35,198.35,198.95,32,286,56509.00,
519475,CHORDIA FOOD,XT,Q,91.45,91.45,89.00,89.00,89.00,93.65,16,514,45887.00,
519477,CIANAGRO    ,XT,Q,40.45,40.50,40.45,40.50,40.50,40.31,11,781,31626.00,
519483,TAI INDUST. ,X ,Q,42.40,42.40,39.55,41.37,41.37,41.05,45,6054,246378.00,
519494,N K INDUST. ,B ,Q,36.53,39.25,36.53,39.25,39.25,38.42,2,84,3258.00,
519500,BKV INDUSTRS,XT,Q,8.95,9.05,8.68,8.68,8.68,8.75,26,1034,9140.00,
519528,NORBEN TEA  ,T ,Q,7.50,7.56,7.50,7.56,7.56,7.51,6,1200,9041.00,
519532,ASIAN TEA   ,X ,Q,12.05,12.17,11.90,11.92,11.98,11.97,79,9502,113635.00,
519552,HERITGFOOD  ,B ,Q,268.00,272.20,261.85,264.85,264.50,272.55,1250,12719,3410080.00,
519566,SIMRAN FARMS,XT,Q,145.80,145.80,141.15,144.00,144.00,143.95,41,4037,579967.00,
519600,CCL PRODUCTS,A ,Q,623.95,623.95,609.80,612.60,611.75,617.45,759,374706,229695118.00,
519602,KELLTONTEC  ,B ,Q,81.61,84.66,80.77,81.38,81.38,81.79,904,83571,6902700.00,
519604,SURYO FOODS ,XT,Q,6.85,6.85,6.85,6.85,6.85,7.00,5,195,1335.00,
519606,INTEG.PROEIN,XT,Q,7.79,8.59,7.79,8.59,8.59,8.19,2,2,16.00,
519612,MAHAAN FOODS,X ,Q,30.26,31.93,30.25,30.27,30.25,30.25,22,703,21699.00,
520008,RICO AUTO   ,B ,Q,100.40,100.95,98.00,98.65,98.65,100.50,1511,111115,11025105.00,
520021,OMAX AUTOS. ,T ,Q,50.70,51.10,49.50,50.20,50.20,51.29,48,7152,360347.00,
520043,MUNJAL SHOWA,B ,Q,145.25,147.65,145.15,147.05,147.50,145.25,412,15430,2259836.00,
520051,JAMNA AUTO  ,A ,Q,110.45,110.45,107.80,108.60,108.70,108.80,586,90575,9828024.00,
520056,SUNDAR.CLAY ,A ,Q,5087.70,5176.05,5071.75,5123.70,5126.40,5093.70,221,494,2522868.00,
520057,JTEKTINDIA  ,B ,Q,154.25,155.25,151.50,152.45,152.45,154.40,510,24344,3731534.00,
520059,MUNAUTO     ,B ,Q,58.00,58.00,55.73,56.08,56.11,56.41,173,26618,1495176.00,
520066,JAYBH.MARUTI,B ,Q,308.00,312.10,304.05,307.10,306.60,309.20,203,2585,793182.00,
520073,RACLGEAR    ,X ,Q,1399.90,1470.10,1399.90,1420.55,1420.10,1384.40,793,12918,18548261.00,
520075,SAMKRG PIST.,X ,Q,157.90,157.90,153.25,153.90,155.45,155.05,106,8980,1397351.00,
520111,RATNAMNI MET,A ,Q,2597.10,2612.45,2566.20,2588.90,2581.75,2591.05,626,1425,3689333.00,
520113,VESUVIUS IND,A ,Q,3550.00,3550.00,3313.05,3391.00,3411.55,3218.70,4474,26795,91137752.00,
520119,AUTOMOTIVE S,B ,Q,394.15,396.00,382.25,394.95,394.60,392.85,245,6529,2548660.00,
520121,ARCEE INDUST,X ,Q,6.04,6.04,5.82,5.82,5.82,5.71,8,214,1288.00,
520123,ABC INDIA   ,X ,Q,102.00,107.70,99.90,107.10,106.50,100.52,272,22967,2392820.00,
520127,BALURGHAT TE,X ,Q,11.72,11.72,11.02,11.50,11.50,11.42,21,2246,25877.00,
520131,COASTAL ROAD,P ,Q,40.84,40.84,40.84,40.84,40.84,40.84,1,100,4084.00,
520141,SIBAR AUTO  ,X ,Q,8.29,8.83,8.05,8.54,8.54,8.41,41,4763,40659.00,
520151,SHREY SH LOG,B ,Q,360.90,362.35,359.00,360.45,359.45,360.15,273,6364,2294358.00,
520155,STARLOG     ,XT,Q,33.90,35.60,32.31,35.37,35.60,33.91,36,3958,135142.00,
521005,TITANIN     ,XT,Q,45.45,46.29,41.92,42.78,43.90,44.11,150,17484,768374.00,
521014,EUROTEX IND ,T ,Q,10.90,10.90,10.90,10.90,10.90,10.89,1,1000,10900.00,
521016,INDO COUNT  ,A ,Q,212.05,213.95,205.95,208.50,208.10,212.05,771,16558,3451394.00,
521018,MARAL OVERS ,B ,Q,53.88,54.76,53.55,54.06,54.76,53.72,80,4470,241857.00,
521034,SOMA TEXTILE,T ,Q,23.40,24.00,23.00,23.11,23.11,23.62,21,1661,38718.00,
521048,ADV LIFESTY ,XT,Q,59.50,59.50,59.50,59.50,59.50,59.00,3,250,14875.00,
521054,KAKATIYA TEX,XT,Q,31.50,32.29,31.11,31.98,31.98,32.32,27,2565,80704.00,
521062,OCTAVE      ,X ,Q,1.94,1.98,1.93,1.96,1.96,1.89,14,7932,15439.00,
521064,TRIDENT     ,A ,Q,32.01,32.33,31.66,32.17,32.17,33.08,4656,1904831,61054209.00,
521070,ALOK INDS.  ,A ,Q,15.05,15.19,14.70,14.83,14.83,15.05,3394,1883658,28162428.00,
521080,PASARI SPIN ,X ,Q,6.05,6.89,6.05,6.89,6.89,6.16,7,273,1783.00,
521082,SPENTEX INDS,Z ,Q,3.19,3.19,3.18,3.19,3.19,3.13,22,41909,133679.00,
521097,AMARJOTHI SP,X ,Q,179.55,181.00,178.00,179.30,179.55,178.85,64,10672,1909355.00,
521105,OLYMPIA IND.,X ,Q,98.80,98.80,93.00,93.28,93.00,94.59,57,1681,158109.00,
521109,NAGREEKA EXP,T ,Q,42.00,43.93,42.00,42.39,43.48,43.08,22,662,28041.00,
521113,SUDITI IND. ,X ,Q,14.81,15.40,14.55,14.91,15.23,15.20,35,6741,99763.00,
521131,SBFL        ,X ,Q,17.23,18.95,16.80,17.02,17.01,17.23,59,15969,274389.00,
521137,EUREKA IND. ,XT,Q,4.00,4.07,3.80,3.89,3.86,3.92,92,18873,74335.00,
521141,ADITYA SPIN.,XT,Q,20.61,21.74,20.61,20.76,20.78,21.58,23,1655,35173.00,
521151,DHANLXMI FAB,XT,Q,39.29,41.25,37.56,41.20,41.25,39.29,129,23756,962325.00,
521161,SRI LAK.SAR.,X ,Q,31.51,41.10,31.51,39.67,39.67,36.25,102,6536,256475.00,
521163,ZODIAC CLOTH,B ,Q,113.65,128.60,113.65,122.25,122.65,113.65,1750,57929,7157968.00,
521178,SRI RAMK.MIL,XT,Q,27.20,28.00,26.50,27.63,27.90,27.20,29,6064,165117.00,
521180,SUPER SPIN. ,B ,Q,6.71,6.79,6.00,6.48,6.62,6.78,223,28202,178305.00,
521188,UNITED TEXT.,XT,Q,11.16,12.02,11.16,11.31,11.31,11.45,3,404,4711.00,
521194,SIL INVEST  ,B ,Q,303.60,314.50,303.40,312.25,314.50,311.75,30,307,94654.00,
521200,SURYLAK.COTT,B ,Q,57.10,57.93,56.05,56.95,57.31,57.76,104,4541,257193.00,
521206,SAMTEX FASH.,X ,Q,1.91,1.97,1.90,1.94,1.93,1.92,38,14451,27891.00,
521210,CITYMAN     ,XT,Q,17.88,17.88,17.35,17.84,17.84,18.26,5,407,7162.00,
521216,DHAN ROTO SP,X ,Q,103.10,109.95,100.25,104.99,104.75,106.60,111,4134,441391.00,
521220,DAMOINDUS   ,B ,Q,47.75,48.34,46.70,47.37,48.00,47.51,24,1350,63739.00,
521222,SANBLUE     ,X ,Q,24.85,26.09,24.02,24.60,24.11,24.85,15,1459,37561.00,
521226,UNI ROYAL IN,X ,Q,12.95,12.95,12.31,12.94,12.94,12.74,6,142,1772.00,
521228,TATIA GLOB  ,XT,Q,1.60,1.60,1.60,1.60,1.60,1.63,134,100670,161072.00,
521232,SUNIL INDUS.,P ,Q,34.29,34.29,31.15,32.00,32.00,32.66,23,8900,284005.00,
521234,SRI NACHAMAI,X ,Q,35.90,37.00,33.31,37.00,37.00,35.80,9,586,20934.00,
521240,SAMBANDAM SP,X ,Q,153.15,153.15,150.20,150.20,150.20,153.10,10,248,37618.00,
521246,PARAS PETRO ,T ,Q,0.83,0.83,0.80,0.81,0.82,0.81,99,33486,27358.00,
521248,KITEX GARMEN,B ,Q,191.95,194.55,189.60,190.25,190.30,190.95,257,6495,1247689.00,
522001,CRANEX LTD. ,X ,Q,30.86,32.80,30.80,32.00,32.00,31.42,40,10704,345508.00,
522004,BATLIBOI LTD,XT,Q,74.69,75.99,73.01,74.09,74.84,73.20,58,10471,783597.00,
522005,AUSTIN ENGG.,X ,Q,185.00,186.00,182.00,184.30,183.05,184.60,65,4642,853442.00,
522014,UNITED DRILL,B ,Q,226.35,226.95,223.45,225.45,226.30,226.00,1246,147447,33265146.00,
522017,FLUIDOMAT   ,XT,Q,301.45,304.40,296.10,298.75,297.80,301.35,116,5619,1676630.00,
522027,EMA INDIA   ,X ,Q,21.60,21.60,21.60,21.60,21.60,22.71,3,60,1296.00,
522029,WINDSOR MACH,T ,Q,58.40,60.25,58.00,59.92,59.92,57.50,108,19839,1169841.00,
522034,SHANTHI GEAR,B ,Q,447.10,454.75,446.60,450.15,451.00,446.60,219,2468,1111183.00,
522036,MIVEN MACHIN,XT,Q,17.23,18.09,16.38,16.39,16.38,17.24,36,1855,31684.00,
522064,HONDAPOWER  ,B ,Q,2160.90,2182.75,2151.35,2168.80,2182.75,2160.50,154,835,1808837.00,
522073,HITECHGEAR  ,B ,Q,404.55,424.20,395.60,409.25,408.45,404.95,206,3854,1585142.00,
522074,ELGI EQUIP  ,A ,Q,549.00,550.15,538.00,541.85,541.85,547.45,575,5216,2827833.00,
522091,UV DER HORST,XT,Q,173.00,179.85,163.00,177.85,173.25,171.50,51,1971,333960.00,
522101,KILBURN ENGG,XT,Q,156.00,161.00,148.90,157.45,157.55,154.20,591,174551,27289742.00,
522105,BIRLA PRETEC,X ,Q,46.00,48.98,46.00,47.54,47.54,48.96,371,34740,1663689.00,
522108,YUKEN INDIA ,B ,Q,636.75,643.10,627.95,634.75,641.80,636.75,30,282,179352.00,
522113,TIMKEN (I)  ,A ,Q,3397.95,3424.95,3319.10,3374.05,3362.05,3314.70,1165,5781,19542484.00,
522122,VOITH PAPER ,X ,Q,1620.00,1660.00,1590.25,1634.15,1630.00,1590.10,212,3344,5409007.00,
522134,ARTSON ENG  ,X ,Q,138.40,160.39,132.00,155.93,155.93,133.66,6927,907596,136380558.00,
522152,SOLITAIR MC ,X ,Q,58.44,58.44,56.77,57.90,57.90,57.24,28,2426,140465.00,
522165,INDSIL HYD  ,X ,Q,45.33,46.45,43.50,44.00,43.90,45.33,168,20092,887779.00,
522183,ITL INDUSTRS,X ,Q,229.85,229.85,218.90,223.60,223.60,226.35,143,6061,1354746.00,
522195,FRONTIER SPR,X ,Q,621.00,621.45,610.00,619.30,619.30,615.45,178,3778,2322636.00,
522205,PRAJ IND.LTD,A ,Q,417.85,418.75,412.00,417.05,417.05,415.70,1209,39998,16601443.00,
522207,RASANDIK ENG,X ,Q,75.05,76.99,73.60,76.99,76.99,77.37,14,683,51531.00,
522209,YOGI SUNGWON,X ,Q,3.40,3.40,3.22,3.25,3.25,3.38,10,1618,5229.00,
522215,HLEGLAS     ,A ,Q,649.35,649.95,637.45,640.75,639.00,647.70,1053,7760,4976816.00,
522217,GUJ APOIND  ,B ,Q,254.85,254.85,237.80,240.40,240.40,249.15,322,5070,1259144.00,
522229,TANEJA AERO.,X ,Q,244.85,246.00,226.25,232.40,232.40,241.85,1605,86176,20206920.00,
522231,CONART ENG. ,X ,Q,43.00,43.00,41.20,42.90,42.90,42.11,20,3486,147960.00,
522235,MINAL IND   ,XT,Q,2.18,2.18,2.18,2.18,2.18,2.14,3,11999,26157.00,
522237,SHIVAGRICO  ,XT,Q,20.39,21.35,19.40,19.50,19.50,20.38,10,775,16444.00,
522241,M.M.FORGINGS,B ,Q,979.45,992.15,969.65,983.05,987.65,967.60,161,1243,1219404.00,
522245,IYKOT HITEC ,XT,Q,17.01,17.01,17.01,17.01,17.01,16.20,1,8,136.00,
522249,MAYUR UNIQ. ,B ,Q,523.10,524.95,514.30,516.70,516.70,523.00,504,5477,2845297.00,
522251,CENLUB INDUS,XT,Q,274.00,277.45,269.90,273.70,273.70,271.00,214,5828,1597353.00,
522257,RAJOO ENGIN.,XT,Q,46.50,47.43,46.50,47.43,47.43,46.50,241,60582,2854929.00,
522267,VEEJAY LAKSH,X ,Q,33.50,35.00,33.50,34.90,34.90,34.74,10,626,21228.00,
522273,AHMED.STEEL ,X ,Q,19.57,19.57,18.70,18.70,18.70,18.70,10,842,15790.00,
522275,GET&D       ,T ,Q,247.00,251.00,234.10,242.90,243.90,245.70,276,12208,2920100.00,
522281,RAM RAT.WIRE,B ,Q,317.55,323.55,311.00,313.05,311.75,316.95,733,10057,3178424.00,
522285,JAY NECO IND,B ,Q,28.10,29.40,28.10,29.00,28.96,28.84,288,63605,1835110.00,
522287,KPIL        ,A ,Q,622.00,625.80,616.00,623.25,622.90,619.95,700,7368,4585896.00,
522292,CANDOUR     ,XT,Q,42.98,42.98,38.95,41.48,41.48,40.99,26,1417,56807.00,
522294,T & I GLOBAL,XT,Q,211.90,213.25,193.05,204.00,204.00,203.15,53,1995,391499.00,
522295,CONTROL PRNT,B ,Q,674.00,676.95,657.00,662.10,659.60,673.35,434,4119,2738596.00,
522650,BEMCO HYDRAU,X ,Q,705.00,748.00,663.25,689.50,678.00,684.15,84,1420,999688.00,
523007,ANSAL BUILD.,X ,Q,77.00,77.00,73.02,73.54,73.52,73.63,28,562,41339.00,
523011,WEIZMANN LTD,T ,Q,94.85,94.85,93.00,94.70,94.70,94.00,6,180,16805.00,
523019,B.N.RATHI SE,X ,Q,43.09,44.89,43.00,43.34,43.34,43.52,119,12425,539808.00,
523021,RISHITECH   ,X ,Q,29.00,29.40,27.61,28.47,28.98,28.24,77,8949,253904.00,
523023,SINCLAIR HOT,X ,Q,153.00,154.00,145.45,150.65,151.80,150.15,886,163489,24491816.00,
523025,SAFARI IND. ,A ,Q,2969.40,2977.55,2800.00,2873.30,2879.40,2962.50,1071,6620,18839471.00,
523054,BIN.TEX.PR(P,XT,Q,880.85,880.85,880.85,880.85,880.85,838.95,3,65,57255.00,
523100,COSMO FERR. ,X ,Q,219.10,221.00,217.00,219.95,220.45,220.65,67,4694,1026513.00,
523116,SANCO TRANS ,X ,Q,700.00,715.00,700.00,710.00,710.00,712.90,13,281,198297.00,
523120,ADOR MULTI. ,X ,Q,38.01,38.01,36.83,37.18,37.49,38.40,202,48335,1795455.00,
523127,EIH ASSO.HOT,B ,Q,519.95,519.95,501.95,512.95,507.25,510.90,95,814,415770.00,
523144,MEDI CAPS   ,X ,Q,39.18,43.00,39.18,41.79,41.05,39.25,253,34514,1443239.00,
523151,OTCO INTERN.,X ,Q,5.38,5.38,5.01,5.01,5.01,5.00,21,2150,11201.00,
523160,MORGAN CRU  ,X ,Q,1000.00,1032.20,990.10,1020.55,1023.00,994.85,227,6579,6689809.00,
523186,BA PACK     ,XT,Q,186.90,186.90,182.00,185.90,185.90,182.70,11,171,31710.00,
523204,ABAN OFFSHO ,B ,Q,39.11,40.16,39.11,39.61,39.55,39.62,166,6530,259031.00,
523207,KOKUYOCMLN  ,B ,Q,141.15,145.85,139.10,143.20,143.00,138.30,2162,126264,18108737.00,
523229,BHARAT SEATS,XT,Q,130.00,133.00,124.55,131.65,132.00,131.05,499,40093,5113383.00,
523232,CONT.PETRO  ,XT,Q,56.00,56.83,53.01,54.72,55.00,54.69,20,1395,76973.00,
523242,NB FOOT WEAR,P ,Q,2.95,2.95,2.95,2.95,2.95,2.99,1,1300,3835.00,
523248,MACHINO PLAS,XT,Q,172.10,175.00,169.50,169.50,169.50,173.90,14,491,83774.00,
523260,PEARL POLYME,B ,Q,22.66,25.06,22.05,23.74,23.90,22.82,470,39473,955090.00,
523261,VENKEY'S (I),A ,Q,1981.70,2030.00,1978.80,2016.85,2016.85,1976.25,1348,10954,21983486.00,
523269,ADVANI HOTEL,B ,Q,91.55,92.33,89.75,90.14,90.70,91.81,191,16299,1478687.00,
523277,G.V.FILMS   ,X ,Q,0.47,0.47,0.45,0.46,0.46,0.47,2217,1338344,615905.00,
523283,SUPER HOUSE ,B ,Q,213.35,214.60,210.00,210.55,210.05,211.60,92,1292,272691.00,
523289,RAMA VISION ,X ,Q,39.99,40.79,38.50,39.47,39.47,39.94,48,3041,119852.00,
523301,TCPL PACK   ,B ,Q,1692.10,1692.40,1645.05,1662.10,1655.00,1683.20,704,3236,5423651.00,
523309,SHRIGANG IND,XT,Q,115.00,115.00,115.00,115.00,115.00,109.53,36,13052,1500980.00,
523319,BALMER LAWRI,B ,Q,150.00,152.50,148.00,149.10,149.15,149.65,1745,106455,15946333.00,
523323,KOVAI MEDI. ,B ,Q,2727.20,2800.00,2727.20,2746.65,2736.05,2747.20,137,327,905091.00,
523329,ELDECO HOUS.,B ,Q,748.05,748.05,720.00,735.40,733.70,755.30,93,745,547056.00,
523367,DCMSHRIRAM  ,A ,Q,848.00,848.00,833.80,843.10,843.85,843.80,232,1723,1445584.00,
523369,DCM SHR.IND ,B ,Q,110.83,114.50,109.90,112.58,112.58,110.21,1933,48386,5455253.00,
523371,MAWANA SUGAR,B ,Q,103.73,104.66,101.00,101.81,101.41,103.04,138,13308,1369764.00,
523373,MINI DIAMOND,XT,Q,19.00,19.70,18.85,19.64,19.65,18.85,29,4198,81406.00,
523384,MAH.RAS.APEX,T ,Q,160.90,160.90,160.90,160.90,160.90,164.15,2,101,16250.00,
523385,NILKAMAL L  ,B ,Q,2730.05,2775.00,2700.05,2744.85,2763.00,2781.75,438,1448,3969810.00,
523391,NAHAR POLY  ,B ,Q,226.00,230.50,221.95,226.75,228.60,228.25,241,2371,537985.00,
523395,3M INDIA LTD,A ,Q,27770.20,28024.05,27697.10,27835.70,27697.10,27723.45,114,201,5610061.00,
523398,JCHAC       ,A ,Q,970.15,975.00,950.00,953.25,953.25,967.15,1002,6521,6241241.00,
523405,JM FINANCIAL,A ,Q,74.47,78.40,73.87,76.78,76.78,74.01,4707,4159988,316190875.00,
523411,ADCINDIA    ,X ,Q,909.90,909.90,850.00,879.55,879.55,884.80,153,1728,1503227.00,
523419,TAMIL.TELE. ,T ,Q,5.91,6.32,5.91,6.32,6.32,6.03,4,6,37.00,
523425,SUNRAJ DIAM.,XT,Q,8.18,8.18,7.44,7.50,7.50,7.83,29,8228,65022.00,
523445,REL INDL INF,A ,Q,975.60,975.60,948.20,958.80,958.80,966.25,714,16062,15403782.00,
523449,SHARP INDIA ,XT,Q,55.55,56.00,55.55,56.00,56.00,56.94,23,1735,96765.00,
523457,LINDEINDIA  ,A ,Q,4719.40,4749.90,4685.00,4727.75,4722.70,4708.50,371,1804,8496808.00,
523465,IND.BANK HSG,B ,Q,35.88,37.00,34.70,35.00,34.95,34.33,99,7914,282292.00,
523467,JAIMATA GLAS,XT,Q,1.49,1.49,1.42,1.44,1.45,1.48,220,96915,140605.00,
523475,LOTUS CHOC  ,XT,Q,284.00,284.00,257.00,284.00,284.00,270.50,541,51892,14501281.00,
523483,PACIFIC IND.,XT,Q,132.50,136.50,132.00,133.30,133.35,136.50,32,2211,297197.00,
523489,CMM HOSPITAL,X ,Q,23.70,23.87,23.00,23.84,23.84,23.70,32,4753,111762.00,
523519,UNI OFF AUTO,XT,Q,3.66,3.66,3.66,3.66,3.66,3.49,5,1500,5490.00,
523537,APM INDUS.  ,X ,Q,53.80,53.98,51.51,51.64,51.64,52.46,108,17156,901333.00,
523539,PRECISION WR,B ,Q,94.00,95.88,89.25,89.87,89.87,94.54,808,105898,9607301.00,
523550,KRYPTON IND ,X ,Q,25.00,25.45,24.20,24.69,24.69,24.76,139,19831,492705.00,
523558,SWISSMLTRY  ,X ,Q,14.21,14.24,13.70,13.93,13.93,13.93,403,93844,1316163.00,
523566,MARTIN BURN ,X ,Q,36.00,36.00,35.06,35.95,35.95,35.49,15,2740,98247.00,
523586,IND.TONERS  ,X ,Q,264.25,268.95,259.00,260.40,259.50,264.25,99,5452,1435483.00,
523594,KUNSTSTOFFE ,X ,Q,21.34,22.58,21.00,22.10,22.10,22.41,42,2835,61075.00,
523598,SHIPP.CORPN ,A ,Q,97.90,98.40,97.15,97.80,97.80,97.45,983,74327,7264868.00,
523606,SIKA INTER. ,X ,Q,732.00,750.00,732.00,739.95,739.95,747.05,45,660,489663.00,
523610,ITI LTD.    ,A ,Q,112.75,114.25,111.55,112.95,112.65,112.65,610,28845,3261363.00,
523618,DREDGING COR,B ,Q,366.65,368.00,362.95,364.15,364.55,366.25,216,2563,935578.00,
523620,PHARMASIA   ,XT,Q,24.00,26.51,23.99,26.34,26.51,25.25,25,2254,59324.00,
523628,PODDAR      ,T ,Q,87.45,91.30,85.35,85.45,85.35,89.00,35,1248,109423.00,
523630,NATIONAL FER,A ,Q,71.40,71.58,70.56,70.70,70.84,71.40,767,129790,9195105.00,
523638,IP RINGS LTD,XT,Q,131.00,132.50,126.70,131.90,131.90,127.30,50,4019,527239.00,
523642,PI INDUS.LTD,A ,Q,3563.65,3595.25,3544.25,3583.15,3588.40,3555.85,785,5935,21210979.00,
523648,PLASTIBLEND ,B ,Q,219.95,219.95,212.60,214.15,214.30,214.60,61,428,91621.00,
523650,YASHINNO    ,XT,Q,32.68,32.68,30.05,30.74,30.99,31.54,30,3614,109655.00,
523652,KKPLASTICK  ,XT,Q,15.80,16.33,15.80,15.85,16.33,15.56,5,102,1616.00,
523660,WATERBASE   ,B ,Q,82.00,82.35,81.15,81.61,82.10,81.50,70,2539,207549.00,
523672,FLEX FOODS  ,X ,Q,88.07,91.81,88.07,89.95,90.50,89.30,67,7889,717497.00,
523676,GOLKUNDA DIA,X ,Q,106.00,106.00,101.00,103.65,103.60,102.45,63,2032,209230.00,
523694,APCOTEX IND ,A ,Q,481.05,487.10,476.00,478.10,478.10,483.60,1298,13648,6566799.00,
523696,FORTIS MLR  ,X ,Q,59.00,59.59,57.20,58.45,58.45,58.32,32,1663,97140.00,
523704,MASTEK LTD  ,A ,Q,2105.00,2105.05,2014.00,2020.80,2023.00,2115.95,3036,15002,30715256.00,
523708,EIMCO ELECON,T ,Q,767.00,768.00,760.00,768.00,768.00,764.95,14,1521,1162515.00,
523710,SAYAJI HOTEL,XT,Q,420.00,420.00,399.90,400.05,403.00,400.00,30,5849,2344854.00,
523716,ASHIANA HOU ,B ,Q,208.90,208.90,203.20,205.20,205.25,212.85,787,24002,4924492.00,
523732,ECO BOARD IN,X ,Q,19.75,24.50,19.28,23.59,23.74,20.42,217,49411,1150784.00,
523736,DVL         ,B ,Q,273.00,273.25,269.25,270.25,269.80,272.25,71,1691,459663.00,
523752,TIHIL       ,XT,Q,18.56,19.75,18.10,18.38,19.54,18.91,25,5461,100310.00,
523754,MAHEPC      ,B ,Q,105.30,108.95,105.00,105.65,106.00,107.05,390,10838,1145746.00,
523756,SREIINFRA   ,T ,Q,1.95,2.00,1.92,1.94,1.94,1.96,128,130658,255345.00,
523782,MITSHI      ,X ,Q,16.35,16.89,16.00,16.10,16.00,16.37,55,65118,1050329.00,
523792,MAZDA LTD   ,T ,Q,892.00,900.15,890.00,890.25,890.10,909.00,44,1583,1411063.00,
523826,SOVEREIGN DI,X ,Q,23.22,23.40,22.53,23.37,23.37,23.21,16,319,7409.00,
523828,MENON BEAR. ,B ,Q,130.50,135.60,130.50,133.40,133.15,131.10,606,39351,5256993.00,
523836,GUJ.RAFFIA  ,T ,Q,27.30,27.99,26.60,27.01,27.00,27.40,6,1103,29594.00,
523838,SIMPLX INFRA,B ,Q,31.60,32.14,30.35,31.06,31.30,31.36,200,20637,641251.00,
523840,INN.TECH.PAC,X ,Q,16.75,17.50,16.75,17.25,17.25,17.20,18,742,12700.00,
523842,SUPER TANNER,X ,Q,6.88,7.27,6.88,7.04,7.04,7.11,88,40043,283649.00,
523844,CONSTRONIC  ,XT,Q,14.53,14.53,14.50,14.50,14.50,14.25,22,5100,74087.00,
523850,AXTEL INDUS.,X ,Q,312.80,317.00,307.10,309.70,311.00,310.45,129,4783,1483541.00,
523874,PRECI CONTNR,XT,Q,2.67,2.67,2.67,2.67,2.67,2.81,13,2596,6931.00,
523888,V.R. WOODART,ZP,Q,6.58,6.58,6.58,6.58,6.58,6.28,1,500,3290.00,
523896,APIL        ,XT,Q,32.30,33.70,30.50,30.63,32.70,32.10,46,8529,267978.00,
524000,POONAWALLA  ,A ,Q,375.00,383.55,373.45,381.40,380.90,374.30,1466,69878,26571567.00,
524013,HIND.FLUROCA,B ,Q,15.29,15.29,13.35,13.77,14.29,14.25,257,51424,733555.00,
524019,KINGFA      ,B ,Q,2052.00,2278.00,2020.00,2235.20,2235.20,2051.50,1342,7703,16781820.00,
524031,PATIDAR     ,XT,Q,5.92,6.54,5.92,6.54,6.54,6.23,9,1255,7782.00,
524037,RAMA PHOSPH ,B ,Q,242.00,255.00,236.75,253.15,253.00,246.00,751,10444,2603237.00,
524038,VENLON ENTR ,XT,Q,4.25,4.25,4.25,4.25,4.25,4.33,5,65,276.00,
524051,POLYPLEX    ,A ,Q,1247.95,1247.95,1226.00,1228.70,1229.55,1236.85,1966,14247,17535371.00,
524075,ALBERT DAVID,B ,Q,722.85,733.00,715.00,729.30,729.30,718.75,421,7484,5404009.00,
524080,HAR.LEATHER ,XT,Q,54.00,54.16,49.02,53.73,54.00,51.59,146,24603,1321285.00,
524091,CARYSIL     ,A ,Q,655.20,671.00,655.20,665.65,667.50,668.20,352,2241,1489834.00,
524109,KABRA EXTR  ,B ,Q,407.35,413.50,406.00,409.45,410.00,407.00,519,5229,2138330.00,
524129,VINYL CHEM  ,B ,Q,481.00,485.15,475.00,477.20,476.50,483.35,848,8848,4245578.00,
524136,PEE CEE COSM,XT,Q,217.50,219.60,211.65,219.60,219.60,209.15,80,12780,2803533.00,
524156,T C M LTD.  ,X ,Q,38.99,38.99,35.60,36.19,36.11,37.44,29,3746,136158.00,
524164,IOL CHEM PH ,A ,Q,391.00,395.25,381.20,388.50,388.50,388.55,1392,21932,8529285.00,
524174,KESAR PETRO ,XT,Q,6.15,6.15,5.81,5.98,6.02,5.91,54,13385,79638.00,
524200,VINATI ORG. ,A ,Q,1809.15,1819.00,1808.05,1811.00,1811.00,1807.50,196,589,1066997.00,
524202,LACTOSE(I)  ,X ,Q,60.10,72.86,60.10,72.86,72.86,60.72,1015,161175,11218800.00,
524204,TEESTA AGRO ,XT,Q,66.71,66.71,66.71,66.71,66.71,63.54,2,210,14009.00,
524208,AARTI INDUST,A ,Q,460.00,463.00,459.00,460.70,460.70,460.30,3447,83071,38253355.00,
524210,PENTOKEY ORG,XT,Q,40.39,42.51,40.39,40.39,42.51,42.51,38,7740,312655.00,
524212,WANBURY LTD ,T ,Q,53.00,53.00,52.63,52.63,52.63,53.70,11,832,43845.00,
524218,RESONANCE   ,X ,Q,91.00,101.00,91.00,98.26,98.00,92.23,474,51196,4969321.00,
524226,GUJ AMB EXP ,A ,Q,256.40,261.40,256.40,258.00,258.90,257.05,412,10242,2649976.00,
524230,RASHTR.CHEM.,A ,Q,114.60,115.40,114.05,114.65,114.65,115.30,1946,201878,23126801.00,
524238,GUJINJK     ,XT,Q,8.06,8.06,7.51,8.06,8.06,7.90,8,328,2480.00,
524280,KOPRAN LTD. ,B ,Q,188.30,190.25,184.05,186.10,185.95,187.75,636,18203,3407323.00,
524288,AIMCO PESTI.,X ,Q,120.00,122.00,120.00,120.20,120.15,123.05,68,5536,673993.00,
524324,SEYAIND     ,T ,Q,25.45,25.74,25.00,25.00,25.00,25.25,10,1506,38335.00,
524330,JAYANT AGRO ,B ,Q,215.45,225.80,213.30,222.10,223.25,215.15,103,3126,689737.00,
524332,BCLIL       ,B ,Q,464.95,464.95,448.95,452.50,452.50,445.95,353,6853,3098818.00,
524336,SH.HARI CHEM,X ,Q,46.51,48.98,46.51,47.67,47.67,45.60,27,1483,69994.00,
524342,INDOBORAXC  ,B ,Q,188.55,189.90,174.40,175.60,175.00,183.20,2305,61058,11108763.00,
524348,AARTI DRUGS ,A ,Q,590.55,596.35,580.00,584.10,584.10,590.00,3567,62538,36745161.00,
524370,BODAL CHEM  ,B ,Q,69.35,70.35,68.81,69.05,69.05,69.76,475,31572,2186066.00,
524372,ORCHIDPHAR  ,T ,Q,584.00,594.95,567.10,573.15,567.50,588.10,170,2717,1560845.00,
524394,VIMTA LABS  ,B ,Q,509.05,518.75,476.00,495.65,494.75,506.45,1285,16295,8172464.00,
524396,BIOFIL CHEM ,B ,Q,45.00,47.05,45.00,46.08,45.94,46.80,93,4157,192654.00,
524400,ISHITA DRUGS,XT,Q,75.80,75.80,75.67,75.67,75.67,73.15,4,151,11426.00,
524404,MARKSANS    ,A ,Q,118.99,119.21,114.38,115.94,115.94,118.52,4391,397907,46124201.00,
524408,UNIV.STARCH ,XT,Q,128.60,129.85,123.40,125.00,125.00,129.85,5,42,5377.00,
524412,AAREY DRUGS ,B ,Q,33.11,33.78,32.65,33.23,33.30,33.67,144,11597,384903.00,
524414,NORRIS MEDI.,X ,Q,11.26,11.92,11.26,11.87,11.86,11.54,12,559,6382.00,
524434,ASIAN PETRO ,XT,Q,43.61,43.61,43.61,43.61,43.61,44.50,1,7,305.00,
524440,CAMEX LTD   ,XT,Q,27.77,28.79,27.77,28.54,28.79,28.08,11,615,17306.00,
524444,EVEXIA      ,XT,Q,1.82,1.92,1.82,1.89,1.90,1.88,998,848124,1600388.00,
524458,INDOEURO    ,XT,Q,29.90,32.60,29.87,30.54,30.01,31.44,68,64705,2085386.00,
524470,SYNCOM FORM.,B ,Q,7.32,8.25,7.31,8.07,8.07,7.30,3294,4100089,32650062.00,
524480,RIDHI SIDHI ,X ,Q,379.70,379.70,337.10,355.00,355.00,360.45,9,45,15519.00,
524488,SVCIND      ,XT,Q,2.55,2.62,2.51,2.55,2.61,2.54,103,28246,72670.00,
524494,IPCA LAB LTD,A ,Q,831.20,865.50,827.00,856.40,856.40,827.30,3573,56322,48010577.00,
524500,KILITCH DRUG,T ,Q,182.00,182.65,178.00,180.20,180.20,182.00,23,1601,285315.00,
524506,CORAL LAB.  ,X ,Q,254.00,265.00,254.00,256.45,256.20,257.40,23,666,172633.00,
524518,KREBS BIOCHM,T ,Q,68.50,69.86,67.53,69.85,69.85,68.30,9,328,22640.00,
524520,KMC SHIL    ,B ,Q,73.35,76.40,73.00,74.62,74.62,73.34,1274,121793,9068038.00,
524534,BHASKAR AGRO,XT,Q,62.90,62.90,57.00,59.90,59.90,60.00,14,336,20208.00,
524542,SUKJIT STRCH,B ,Q,437.30,437.35,426.85,432.75,426.85,432.00,228,2417,1047247.00,
524558,NEULAND LAB.,A ,Q,3440.00,3477.10,3376.85,3409.60,3420.00,3454.90,1113,3437,11735267.00,
524564,GAYATRI BIO ,XT,Q,11.52,11.56,11.22,11.55,11.55,11.01,93,53804,618795.00,
524570,PODDAR PIGM.,B ,Q,328.55,332.80,322.90,330.85,331.00,325.80,118,887,292679.00,
524572,PHARMAIDS PH,XT,Q,40.90,40.90,40.90,40.90,40.90,41.73,24,7122,291289.00,
524576,VIVID IND   ,X ,Q,21.08,21.45,20.45,20.61,20.61,20.67,38,3478,71787.00,
524580,PRIYA LTD.  ,XT,Q,12.30,12.30,12.30,12.30,12.30,12.06,4,500,6150.00,
524582,TIRUPATI STA,XT,Q,85.00,85.00,80.75,81.91,84.50,84.94,21,1142,94011.00,
524592,JD ORGOCHEM ,X ,Q,5.15,5.15,4.81,5.14,5.14,4.91,7,541,2649.00,
524594,ASHOK-ALCO  ,X ,Q,114.45,114.50,107.50,110.65,107.60,110.00,96,4974,552914.00,
524598,AKSHARCHEM I,B ,Q,247.10,248.55,241.60,243.25,243.25,245.20,338,3961,963577.00,
524606,BERYL DRUGS ,X ,Q,17.00,17.00,15.50,15.70,15.70,16.00,13,4213,66141.00,
524614,INDXTRA     ,XT,Q,139.00,139.00,134.25,136.05,138.90,139.95,12,122,16466.00,
524622,ISTRNETWK   ,X ,Q,1.55,1.55,1.48,1.55,1.55,1.55,8,641,992.00,
524624,GAGAN GASES ,X ,Q,14.00,14.00,13.00,13.00,13.00,13.36,29,5073,68381.00,
524628,PARKER AGRO.,X ,Q,10.99,10.99,10.01,10.99,10.99,10.52,4,22,230.00,
524632,SHUKRAPHAR  ,XT,Q,135.90,135.90,135.90,135.90,135.90,143.05,18,483,65639.00,
524634,ALU FLUORIDE,X ,Q,392.60,404.55,387.00,399.90,402.00,392.60,264,10073,4008785.00,
524636,OXYGENTAPH  ,XT,Q,41.70,41.70,38.77,40.65,40.65,40.78,17,2092,85438.00,
524640,ARCHITORG   ,X ,Q,48.51,49.48,47.70,48.00,48.00,48.51,274,24195,1169845.00,
524642,SIKOZY REAL ,X ,Q,1.02,1.03,0.95,0.95,0.95,0.99,22,11612,11149.00,
524648,INDO AMINES ,B ,Q,108.05,110.90,107.00,109.90,110.50,107.00,178,8366,915189.00,
524652,IND.SWIFT LT,T ,Q,12.17,12.20,12.17,12.17,12.17,12.41,14,8810,107307.00,
524654,NATURAL CAPS,X ,Q,395.90,398.00,381.00,383.10,383.10,390.65,434,20870,8089350.00,
524661,WELCURE DRUG,X ,Q,3.80,3.89,3.80,3.80,3.80,3.75,73,20935,79833.00,
524663,BH.IMMUN&BIO,B ,Q,22.00,22.25,21.50,21.73,21.88,21.87,224,53241,1164703.00,
524667,SOTL        ,B ,Q,320.00,320.00,307.70,309.00,310.35,315.80,382,7349,2312973.00,
524669,HESTER BISC ,B ,Q,1695.00,1710.95,1678.00,1683.75,1678.00,1705.55,234,703,1191373.00,
524675,KABSONS INDU,XT,Q,9.80,10.61,9.71,9.94,10.44,10.22,86,19052,186214.00,
524687,BASANT AGRO ,X ,Q,18.93,19.31,18.86,19.00,19.15,18.93,501,95986,1823194.00,
524703,SANDU PHARMA,X ,Q,52.12,53.45,51.28,51.49,51.45,52.12,39,1703,88380.00,
524709,NACLIND     ,B ,Q,87.41,88.00,82.40,83.31,83.65,88.72,1909,130930,11004704.00,
524711,VISTA PHARMA,X ,Q,9.01,9.46,9.01,9.06,9.20,9.22,54,25877,237752.00,
524715,SUN PHARMA. ,A ,Q,1134.95,1143.90,1122.75,1137.75,1137.75,1135.10,3891,55738,63330656.00,
524717,TITAN BIOTEC,X ,Q,261.90,267.30,258.60,263.20,264.80,260.85,265,13896,3665765.00,
524731,JENBURKT PH.,X ,Q,743.00,743.95,732.60,738.65,738.65,743.75,104,515,381356.00,
524735,HIKAL LTD.  ,A ,Q,285.00,285.85,282.95,284.05,284.05,284.50,417,7122,2023387.00,
524742,CAPLIN POINT,A ,Q,857.00,888.00,849.25,874.75,874.75,854.80,2744,47980,42105854.00,
524748,LINK PHARMA ,XT,Q,48.01,49.44,47.11,47.43,47.43,49.35,26,1260,60362.00,
524752,DECIPHER    ,XT,Q,16.14,16.73,16.14,16.48,16.56,16.14,130,25964,425805.00,
524768,EMMESSAR BIO,X ,Q,23.52,25.78,23.52,25.07,25.10,25.10,26,1911,47742.00,
524774,NGL FINE CHM,B ,Q,2006.10,2007.10,1970.15,1974.05,1970.15,2027.80,38,209,414913.00,
524790,EVEREST ORG.,X ,Q,125.00,125.00,122.65,124.00,124.00,123.15,31,2597,321806.00,
524804,AUROB.PHARMA,A ,Q,829.90,838.00,824.05,837.05,836.10,835.20,1770,68737,56997526.00,
524808,PHYTOCHEM I.,XT,Q,35.80,37.75,34.55,37.25,37.25,36.08,13,1622,58561.00,
524816,NATCO PHARM ,A ,Q,835.25,844.00,815.50,826.45,826.45,829.85,5572,90869,75691457.00,
524818,DYNAMIC IND.,X ,Q,64.00,64.00,59.01,62.77,62.80,63.45,32,2023,125828.00,
524820,PANAMA PETRO,B ,Q,310.45,310.65,288.95,291.35,291.35,308.65,893,31873,9387709.00,
524824,BAL PHARMA  ,B ,Q,94.74,101.58,93.81,98.07,97.30,93.88,1162,51481,5091745.00,
524828,BDH INDUS.  ,XT,Q,188.00,195.40,185.00,192.95,192.00,186.40,163,9920,1896289.00,
526001,JAUS POLYMER,X ,Q,4.44,4.44,4.44,4.44,4.44,4.23,1,1,4.00,
526025,GLOBUS CON  ,XT,Q,11.20,11.76,10.64,11.76,11.76,11.20,106,11716,130795.00,
526027,CUBEX TUBING,T ,Q,39.80,41.47,39.50,41.47,41.47,39.50,71,4686,193106.00,
526043,POLYMECH.MCH,X ,Q,56.95,56.95,55.44,55.72,55.50,56.37,56,3098,173625.00,
526073,GALAXY BEAR.,XT,Q,1392.00,1400.00,1361.10,1385.65,1399.90,1390.05,100,735,1020537.00,
526081,SCAGRO      ,XT,Q,12.74,12.74,11.54,12.11,12.47,12.14,18,347,4202.00,
526095,RAVILEELA GR,X ,Q,31.99,32.39,30.50,31.63,31.80,31.00,15,572,17935.00,
526113,UNIROYAL MAR,XT,Q,11.38,11.38,11.38,11.38,11.38,11.38,4,166,1889.00,
526115,KARAN WOO-SN,XT,Q,4.31,4.31,4.00,4.00,4.31,4.14,14,945,4042.00,
526117,SHERVANI IND,X ,Q,388.65,394.00,388.65,394.00,394.00,372.95,5,53,20616.00,
526133,SUPERTEX IND,X ,Q,9.99,10.15,9.75,10.13,10.13,10.01,11,1214,12152.00,
526137,SHETRON LTD ,X ,Q,74.90,75.01,73.00,74.67,74.67,72.71,73,7698,571081.00,
526139,TRANSGENE BI,XT,Q,3.62,3.83,3.62,3.79,3.79,3.79,41,46938,177341.00,
526143,MPL         ,X ,Q,15.58,16.35,14.67,15.11,15.11,15.58,193,24991,382424.00,
526159,NIKHIL ADHSV,X ,Q,127.00,130.00,127.00,128.10,128.55,127.50,256,16267,2082748.00,
526161,SPENTA INT. ,XT,Q,140.00,140.00,136.85,136.85,136.85,143.95,5,300,41064.00,
526169,MULTIBASE I ,X ,Q,263.35,268.00,258.50,259.90,259.00,260.40,143,7551,1978576.00,
526173,ANDREW YULE ,B ,Q,25.05,25.75,25.05,25.34,25.30,25.65,96,6779,173107.00,
526179,LUDOLOW JUTE,X ,Q,85.30,85.30,83.76,84.01,84.41,84.10,50,3593,303076.00,
526187,ASHRAM ONLIN,XT,Q,4.18,4.18,3.80,3.80,3.80,3.99,14,256,1033.00,
526193,ROYAL CUSHIO,XT,Q,12.74,13.15,12.74,13.15,13.15,13.41,9,1107,14521.00,
526211,SURAJ INDUS.,X ,Q,108.65,111.00,104.05,106.95,107.00,110.00,100,7295,779486.00,
526217,HITECHCORP  ,T ,Q,239.00,239.00,239.00,239.00,239.00,239.00,1,20,4780.00,
526225,BLOOM DEKOR ,X ,Q,10.52,10.52,10.52,10.52,10.52,10.50,1,10,105.00,
526227,FILATEX INDI,B ,Q,38.65,38.84,38.20,38.46,38.51,38.80,357,811002,31351278.00,
526231,STD.SURFACT.,XT,Q,59.31,61.00,56.04,58.01,58.01,58.11,59,4624,270757.00,
526237,MORGAN VENT ,X ,Q,31.99,33.89,31.06,33.49,33.10,31.96,38,11322,377011.00,
526241,AMRAPALI IND,X ,Q,11.38,11.38,10.75,11.37,11.37,11.38,15,2328,25288.00,
526247,PREMIER EXPL,B ,Q,926.85,970.00,926.85,964.35,964.35,945.75,1311,17286,16541815.00,
526251,MID EAST POR,XT,Q,3.80,3.80,3.71,3.71,3.71,3.90,9,652,2421.00,
526263,MOLD-TEK TEC,B ,Q,271.10,278.75,271.10,277.30,277.30,270.25,2462,55133,15210482.00,
526269,CRESTCHEM LT,XT,Q,63.84,64.99,60.65,64.50,64.50,63.84,31,737,45815.00,
526299,MPHASIS LTD ,A ,Q,2282.50,2287.15,2217.95,2249.80,2249.80,2279.95,1179,8997,20248096.00,
526301,MEDINOVA DIA,XT,Q,25.80,25.80,24.61,24.62,25.50,25.90,25,3339,82592.00,
526315,DIVSHKT     ,X ,Q,74.79,74.79,69.15,71.22,70.01,71.36,45,2627,186730.00,
526325,ORIENT PRESS,B ,Q,64.45,67.90,64.10,67.17,67.17,64.98,76,1592,104963.00,
526335,SHREYAS INTE,XT,Q,8.90,9.20,8.55,9.00,9.00,8.99,28,3008,26701.00,
526345,PANJON LTD. ,X ,Q,14.47,14.80,14.06,14.30,14.45,14.48,35,2666,38749.00,
526355,DURO PACK   ,XT,Q,106.90,106.90,102.00,105.45,105.00,101.85,105,3309,349880.00,
526365,SWARNASA    ,X ,Q,21.00,21.85,20.45,21.61,21.85,21.12,82,10360,219167.00,
526367,GANESH HSG. ,B ,Q,469.75,476.80,456.35,460.70,460.65,467.90,1371,18195,8507351.00,
526371,NMDC LTD    ,A ,Q,111.15,112.70,110.95,112.50,112.50,112.25,7891,914045,102234031.00,
526373,CINDRELLA HT,X ,Q,43.55,44.50,43.54,43.55,43.55,44.78,7,303,13199.00,
526381,PAT INT LOG ,B ,Q,14.18,14.30,13.77,13.82,13.90,14.01,218,17018,237362.00,
526397,ALPHAGEO (I),B ,Q,280.95,298.00,279.45,287.80,290.00,281.45,522,4744,1365789.00,
526407,RIT PRO IND ,B ,Q,41.60,43.90,41.60,42.22,42.55,42.54,23,12407,528066.00,
526409,KKALPANAIND ,XT,Q,12.39,12.60,12.20,12.24,12.39,12.19,60,13804,169852.00,
526415,OK PLAY (I) ,XT,Q,120.85,122.75,117.00,119.90,120.00,116.95,391,141207,17185326.00,
526423,KRITI INDUS.,B ,Q,112.70,116.75,111.55,113.60,114.85,114.70,300,14064,1598971.00,
526431,WELTERMAN I.,XT,Q,10.52,11.62,10.52,10.52,10.52,11.07,34,4978,52370.00,
526433,ASM TECHNOLO,X ,Q,539.00,545.00,532.20,537.45,538.00,531.15,293,6097,3286654.00,
526435,PERFECTPAC  ,XT,Q,92.18,96.45,90.50,96.45,96.45,92.18,10,345,32030.00,
526439,AMBITIOUS PL,XT,Q,4.93,4.93,4.93,4.93,4.93,4.70,3,12,59.00,
526441,VISIONCINE  ,XT,Q,1.20,1.21,1.12,1.14,1.14,1.16,54,8844,10253.00,
526445,INDRAYANI BI,XT,Q,59.45,59.45,57.35,57.94,58.80,58.34,136,28233,1640092.00,
526468,EURO LEDAR F,XT,Q,19.00,19.95,18.05,18.11,18.11,19.00,20,4455,83748.00,
526471,WINSOME BREW,XT,Q,10.19,10.20,9.80,9.87,9.80,9.95,91,11531,113644.00,
526473,ELEGANT FLOR,X ,Q,6.15,6.20,6.03,6.09,6.08,6.12,124,21551,131810.00,
526479,SKY INDUST. ,X ,Q,74.70,78.20,72.06,72.57,72.57,74.83,55,3108,235405.00,
526481,PHOENIX INT.,XT,Q,27.40,27.40,25.30,25.66,27.10,26.62,28,3473,89841.00,
526492,RISHIROOP   ,X ,Q,112.00,115.80,109.00,111.70,111.70,111.50,90,3277,366726.00,
526494,PROMACT     ,XT,Q,8.95,8.95,8.95,8.95,8.95,8.78,25,12530,112143.00,
526506,SYSTAMATIX C,X ,Q,250.00,260.00,245.15,250.50,250.50,250.00,37,100697,25169564.00,
526519,ALPINE HSG. ,X ,Q,138.00,139.90,135.20,138.05,138.05,136.65,109,9088,1257041.00,
526521,SANGHI IND. ,B ,Q,86.05,89.10,85.90,87.03,87.03,86.48,816,100734,8779243.00,
526525,WWALUM      ,XT,Q,13.22,14.56,13.22,14.45,14.45,13.87,15,1383,19694.00,
526532,SFPIL       ,XT,Q,10.12,10.12,10.12,10.12,10.12,10.32,4,283,2863.00,
526544,SCANP GEOM  ,X ,Q,9.09,9.09,8.76,8.96,8.97,8.94,20,1253,11203.00,
526546,CHOKSI LABOR,XT,Q,62.75,66.60,61.25,62.00,61.25,63.67,53,8812,553409.00,
526550,CCHHL       ,B ,Q,7.15,7.15,6.35,7.06,7.06,6.98,177,139822,942838.00,
526568,LONGVIEW TEA,XT,Q,26.49,26.49,24.59,25.80,25.80,25.87,3,443,11379.00,
526574,ENTERPR.INTE,X ,Q,19.90,20.13,17.30,19.46,19.48,18.30,99,19064,373399.00,
526576,TECHIN      ,B ,Q,9.99,10.14,9.78,9.86,9.85,9.74,46,30913,307823.00,
526582,TPL PLAST   ,T ,Q,43.91,43.91,40.50,41.53,41.99,42.15,75,24869,1035183.00,
526586,WIM PLAST LT,X ,Q,500.00,502.00,492.00,494.90,499.90,493.95,122,4949,2461003.00,
526588,PHOTOQUIP(I),XT,Q,23.00,23.99,22.80,22.80,22.80,24.00,8,124,2839.00,
526596,LIBERTY SHOE,B ,Q,231.20,231.85,228.95,229.65,230.05,230.35,139,2757,634049.00,
526604,LIPPI SYSTEM,XT,Q,15.26,15.26,13.82,13.87,15.23,14.54,41,5424,76914.00,
526608,ELECTROTHERM,T ,Q,84.00,84.50,83.10,84.36,84.36,83.06,18,846,71098.00,
526612,BLUE DART EX,A ,Q,7125.00,7125.00,6907.55,6929.70,6941.85,7258.90,1104,2980,20693059.00,
526614,EXPO GAS    ,X ,Q,11.09,11.18,10.80,11.01,10.86,11.10,36,2771,30460.00,
526616,NAT.PLASTIC ,X ,Q,58.15,60.00,55.99,57.11,57.37,58.13,192,21525,1231431.00,
526622,MFL INDIA   ,X ,Q,0.64,0.65,0.64,0.64,0.64,0.64,1502,944552,607650.00,
526638,TEXEL INDUS.,XT,Q,63.00,64.00,61.05,63.24,63.75,63.93,61,5903,370082.00,
526640,ROYALE MANOR,XT,Q,36.00,36.98,36.00,36.13,36.12,37.33,26,1693,61293.00,
526642,MIRZA INTER ,T ,Q,47.98,48.48,46.80,47.87,47.87,48.87,327,49697,2362068.00,
526650,TOURISM FINA,B ,Q,87.00,88.50,85.50,87.91,87.20,87.19,825,99846,8667590.00,
526654,THAKKERS DEV,X ,Q,135.00,135.00,124.00,127.95,128.00,127.10,21,1073,140206.00,
526662,RAJDARSHAN  ,T ,Q,30.00,30.00,30.00,30.00,30.00,30.25,4,201,6030.00,
526666,BHARTIYA INT,T ,Q,206.00,206.00,206.00,206.00,206.00,201.00,1,2,412.00,
526668,KAMAT HOTELS,T ,Q,230.00,230.00,225.05,228.00,228.00,231.20,61,5840,1328076.00,
526675,TIRTH PLAST ,XT,Q,2.91,2.91,2.91,2.91,2.91,2.78,1,1,2.00,
526677,KEEPLEARN   ,T ,Q,3.34,3.34,3.34,3.34,3.34,3.40,1,2000,6680.00,
526687,POLO HOTELS ,X ,Q,10.10,10.20,9.26,9.93,10.00,10.06,59,10237,101139.00,
526703,ECOPLAST LTD,XT,Q,165.95,165.95,151.00,155.40,155.40,158.05,91,6168,995144.00,
526705,ELEGANT MARB,XT,Q,156.40,156.40,154.95,154.95,154.95,156.40,10,505,78623.00,
526711,ADARSH PLANT,X ,Q,18.50,18.75,18.01,18.27,18.63,18.50,41,1395,25652.00,
526721,NICCO PARKS ,X ,Q,130.05,135.00,130.05,133.90,133.90,132.60,127,3813,506553.00,
526723,NTC INDUST  ,X ,Q,77.80,81.00,74.25,78.78,78.78,77.14,63,4994,391869.00,
526725,SANDESH LTD.,B ,Q,968.50,1000.00,968.50,986.20,1000.00,981.10,47,108,106297.00,
526727,GARNET CONST,X ,Q,14.90,14.90,14.00,14.50,14.50,14.40,14,512,7535.00,
526729,GOLDIAM INT.,B ,Q,125.00,127.50,125.00,126.45,126.55,124.85,721,25818,3271704.00,
526731,BRIGHT BROS.,X ,Q,170.80,184.00,170.80,181.05,182.55,176.05,154,16629,3018264.00,
526739,NARMADA GEL ,X ,Q,425.00,434.50,425.00,431.50,433.90,428.15,112,4100,1771123.00,
526747,P.G.FOILS   ,XT,Q,223.00,233.90,221.50,233.45,233.00,229.35,58,4697,1065234.00,
526751,GRATEX INDS.,XT,Q,16.79,16.79,15.34,15.34,15.34,16.14,11,1759,26990.00,
526755,VELAN HOTELS,X ,Q,5.55,5.55,5.03,5.35,5.35,5.30,38,5988,31951.00,
526761,HOWARD HOTEL,XT,Q,19.50,19.50,19.50,19.50,19.50,19.12,26,5205,101497.00,
526773,PRESSURE SEN,XT,Q,8.28,8.28,8.28,8.28,8.28,8.44,175,60016,496932.00,
526775,VALIANT COMM,XT,Q,220.00,225.00,214.75,222.10,225.00,219.85,39,11652,2590638.00,
526783,DR.AGAR.EYE ,X ,Q,1530.00,1565.00,1490.00,1560.00,1560.00,1520.75,119,2787,4314901.00,
526797,GREENPLY IND,B ,Q,167.90,170.10,166.90,169.85,170.00,166.25,605,20728,3499599.00,
526799,UNION QUALIT,XT,Q,6.75,6.75,6.75,6.75,6.75,6.43,1,165,1113.00,
526807,SEAMEC LTD  ,B ,Q,727.40,730.05,711.10,712.35,711.25,721.90,194,2473,1780196.00,
526813,RAGHUNATH IN,XT,Q,10.17,10.37,9.67,10.14,10.10,10.17,45,5813,58536.00,
526817,CHEVIOT CO. ,B ,Q,1248.85,1260.00,1237.10,1249.20,1238.35,1247.60,131,609,759850.00,
526821,DAI-ICHI KAR,X ,Q,391.00,395.85,383.70,389.95,388.00,392.85,101,5062,1967848.00,
526823,RAJINFRA    ,XT,Q,4.85,4.85,4.85,4.85,4.85,4.85,4,112,543.00,
526829,CONFI PETRO ,A ,Q,79.80,81.44,78.30,78.74,78.30,78.00,617,82823,6592899.00,
526839,SHELTER     ,XT,Q,5.91,5.91,5.62,5.90,5.90,5.91,17,2709,15539.00,
526847,ASHIRWAD STL,XT,Q,31.00,31.65,30.40,30.84,31.55,30.50,39,2583,78911.00,
526849,BANARAS BEAD,B ,Q,85.29,85.29,84.01,84.01,84.01,85.77,69,2488,209961.00,
526851,AREX IND.   ,X ,Q,116.45,120.00,111.00,119.95,119.95,116.45,7,247,28307.00,
526853,BILCARE LTD.,X ,Q,72.40,73.83,71.75,73.78,73.78,70.32,579,183902,13502279.00,
526859,INTER ST.FIN,X ,Q,1.66,1.72,1.66,1.70,1.71,1.69,213,85183,143510.00,
526861,RISHI LASER ,XT,Q,42.00,42.00,41.20,42.00,42.00,42.00,18,1966,81404.00,
526865,JAINCO PROJ.,X ,Q,3.32,3.32,3.16,3.16,3.16,3.32,5,720,2315.00,
526869,KUMBHAT FIN.,XT,Q,15.28,15.28,15.28,15.28,15.28,15.00,1,1,15.00,
526871,INTEC CAP   ,X ,Q,17.80,17.80,17.24,17.32,17.32,16.97,3,12,212.00,
526873,RAJ.GASES LT,X ,Q,8.65,8.65,7.87,7.87,7.87,8.25,9,372,3061.00,
526881,63MOONS     ,B ,Q,235.70,248.65,234.00,244.55,244.55,233.40,1647,43391,10457182.00,
526885,SARLA PER F ,B ,Q,50.48,50.55,48.50,48.87,48.60,50.20,260,23120,1141366.00,
526891,MARKET CREAT,X ,Q,9.64,9.64,8.80,9.58,9.58,9.75,3,151,1371.00,
526899,HFIL        ,X ,Q,23.00,23.37,22.67,22.88,23.10,23.13,310,73193,1683360.00,
526901,SONAL ADHESI,XT,Q,63.92,65.00,62.65,62.75,62.75,63.92,23,1000,63283.00,
526921,21ST CEN.MGM,B ,Q,21.35,21.49,21.33,21.33,21.33,21.76,10,963,20560.00,
526931,HARIYANA SH.,X ,Q,97.76,100.00,96.00,96.55,96.05,97.76,105,5958,585157.00,
526945,TYROON TEA  ,X ,Q,83.93,83.93,81.20,83.90,83.90,82.13,8,100,8206.00,
526947,LA-OPALA RG ,A ,Q,462.95,463.70,453.45,456.20,453.45,458.35,588,9822,4510306.00,
526951,GOLDEN LAMIN,A ,Q,1565.00,1625.00,1545.00,1621.70,1613.05,1559.15,722,3374,5363608.00,
526953,VENUS REMEDI,T ,Q,254.45,254.45,254.45,254.45,254.45,259.60,15,2282,580654.00,
526961,LASTMILE    ,XT,Q,192.00,202.80,186.20,202.80,202.50,196.00,17,663,128945.00,
526965,GUJ.CRAFT IN,X ,Q,74.00,75.55,72.50,74.89,74.89,73.97,22,565,41479.00,
526967,HEERA ISPAT ,Z ,Q,11.60,11.60,10.74,11.24,11.24,11.30,20,5266,57532.00,
526971,DHOOT I.FIN.,X ,Q,106.00,110.90,105.25,107.00,108.50,106.93,106,11862,1273355.00,
526981,SHBAJRG     ,XT,Q,260.00,268.80,256.00,259.75,263.60,264.25,103,6663,1734799.00,
526983,ASHOKA REFIN,P ,Q,5.59,5.59,5.59,5.59,5.59,5.59,1,100,559.00,
526987,URJA GLOBAL ,B ,Q,9.85,9.95,9.73,9.82,9.82,9.84,881,401500,3947772.00,
527001,ASHAPURA LTD,B ,Q,173.75,180.15,163.05,167.15,167.00,173.75,4089,255666,43459345.00,
527005,SH.PACETRON.,XT,Q,254.00,254.10,254.00,254.10,254.10,242.00,123,39393,10009489.00,
530001,GUJ.ALKALI  ,A ,Q,655.30,665.00,650.75,656.55,664.00,653.30,666,8298,5453467.00,
530005,INDIA CEM.  ,A ,Q,213.35,215.65,212.55,214.60,214.50,211.85,3217,261019,55918475.00,
530007,JK TYRE IND ,A ,Q,251.85,265.00,247.75,263.25,263.25,248.25,4657,250519,65022117.00,
530011,MANGLR.CHEM ,B ,Q,100.05,109.75,100.05,108.55,108.85,103.40,990,47522,5110747.00,
530017,STD.INDUST. ,T ,Q,23.31,23.84,23.31,23.80,23.80,23.74,56,17299,408474.00,
530019,JUBLPHARMA  ,A ,Q,361.80,383.00,361.80,379.10,378.20,364.55,676,9758,3658849.00,
530023,THEINVEST   ,T ,Q,79.49,80.98,77.00,78.55,78.55,79.99,27,3146,242777.00,
530025,SAMYAK INT  ,XT,Q,19.90,20.20,19.00,20.00,20.00,19.90,60,6077,121355.00,
530027,AADI INDUS L,X ,Q,3.85,3.85,3.40,3.40,3.40,3.51,19,3495,12200.00,
530043,ACKNIT IND  ,XT,Q,273.60,273.60,256.50,264.65,266.60,269.05,21,537,140770.00,
530045,TITAN SECUR.,X ,Q,17.35,17.35,16.90,17.14,17.15,17.02,150,9124,155924.00,
530053,REALECO     ,X ,Q,25.60,28.00,25.60,27.90,27.90,26.72,17,325,9063.00,
530057,VIVANZA     ,XT,Q,13.89,13.89,13.89,13.89,13.89,14.17,2,51,708.00,
530063,YASRAJ CONT.,X ,Q,11.28,11.28,10.50,10.75,10.69,10.82,41,12144,129296.00,
530065,LORDSHOTL   ,XT,Q,12.00,12.00,11.99,11.99,11.99,11.46,28,1371,16440.00,
530067,CSLFINANCE  ,B ,Q,347.00,347.00,328.00,332.75,332.40,349.10,401,9232,3081212.00,
530073,SANGHVI MOVE,B ,Q,590.75,620.85,590.75,610.80,610.80,603.10,949,16901,10280180.00,
530075,SELAN EXPLOR,B ,Q,358.15,362.00,353.45,358.55,358.75,346.75,163,2538,909673.00,
530077,FRESHTROP FR,XT,Q,150.75,150.75,145.00,145.70,145.00,145.40,29,895,130711.00,
530079,FAZE THREE L,B ,Q,366.55,375.90,359.20,362.05,363.75,372.20,431,10549,3838548.00,
530095,PRADHIN     ,XT,Q,39.00,41.68,39.00,41.66,41.67,39.70,56,44417,1799685.00,
530109,ANUPAM      ,X ,Q,1.49,1.54,1.49,1.53,1.53,1.52,211,112823,171226.00,
530111,RAJ PACKAGIN,X ,Q,41.20,41.20,38.01,38.33,39.67,38.70,21,1019,39723.00,
530117,PRIVISCL    ,A ,Q,1113.95,1122.45,1086.00,1091.60,1086.00,1097.45,187,56163,61504818.00,
530119,NATRAJ PROTE,XT,Q,49.10,50.99,49.10,50.85,50.85,49.56,31,1879,94923.00,
530125,SAMRAT PHARM,X ,Q,413.90,426.95,408.05,425.05,425.05,407.50,302,4585,1930887.00,
530129,NILE LTD.   ,X ,Q,823.25,823.25,810.00,810.05,810.00,818.55,102,1694,1376327.00,
530131,UDAIPUR CEME,B ,Q,25.30,25.48,25.00,25.12,25.12,25.41,475,195389,4920169.00,
530133,AMCO INDIA L,X ,Q,61.99,61.99,58.00,60.00,60.00,59.11,10,242,14583.00,
530135,OPTIEMUS    ,B ,Q,212.35,213.55,205.85,208.40,209.90,213.90,661,20306,4242120.00,
530139,KREON FIN   ,XT,Q,51.86,51.86,51.86,51.86,51.86,52.90,1,5,259.00,
530145,KISAN MOULD.,XT,Q,12.75,13.19,12.75,12.80,12.85,13.22,88,23795,306075.00,
530151,VIJAY TEXTIL,X ,Q,27.28,30.75,26.06,29.66,29.66,26.05,209,36227,1049273.00,
530163,KERALA AYUR ,XT,Q,114.50,116.00,109.00,110.75,115.00,112.45,90,14966,1677279.00,
530167,MOONGIPA CAP,XT,Q,29.65,29.65,29.65,29.65,29.65,28.24,14,1743,51679.00,
530169,MOHIT PAPER ,XT,Q,20.00,20.61,20.00,20.50,20.50,20.11,8,362,7345.00,
530171,DAULAT SEC. ,X ,Q,21.00,21.82,20.60,21.80,21.78,20.32,7,105,2168.00,
530175,ODYSSEY TECH,XT,Q,76.18,76.20,76.18,76.18,76.18,77.73,59,17892,1363063.00,
530185,SURAT TEXT. ,X ,Q,8.02,8.07,7.90,7.99,8.02,8.02,600,110676,883456.00,
530187,ATHARV ENT  ,X ,Q,2.83,2.83,2.79,2.79,2.79,2.71,17,3772,10662.00,
530197,FUNDVISER   ,XT,Q,10.15,10.15,10.15,10.15,10.15,10.15,6,1645,16696.00,
530199,THEMIS MEDIC,B ,Q,1531.60,1587.70,1480.10,1492.50,1482.15,1516.65,301,1030,1573621.00,
530201,KALLAM      ,X ,Q,8.60,8.84,8.11,8.53,8.54,8.44,117,34185,291110.00,
530207,BRAWN BIO   ,XT,Q,18.35,19.32,17.61,18.16,18.98,18.52,37,2049,37170.00,
530213,FORTUNE INT.,XT,Q,30.50,31.75,29.70,31.00,31.00,30.50,14,314,9727.00,
530215,KINGSINFRA  ,X ,Q,122.70,122.70,119.00,121.45,120.05,121.15,266,24991,3013465.00,
530217,SWOJAS ENRGY,XT,Q,10.21,10.21,10.21,10.21,10.21,10.41,16,1233,12588.00,
530233,AURO LAB.   ,X ,Q,83.60,86.00,83.00,83.95,84.00,84.74,88,11330,958681.00,
530235,KJMC FIN.   ,XT,Q,36.48,36.48,33.25,33.25,33.25,34.75,3,850,28427.00,
530239,SUVEN LIFE S,B ,Q,64.12,65.56,64.12,64.80,64.80,64.88,202,30719,1992988.00,
530245,ARYAMAN FIN.,XT,Q,125.00,131.00,125.00,131.00,131.00,130.65,12,156419,20489905.00,
530249,BRIDGE SECUR,X ,Q,7.86,7.86,6.70,6.71,6.71,6.70,14,2805,19822.00,
530251,RISA INTL   ,X ,Q,0.52,0.52,0.50,0.52,0.52,0.52,87,32737,16792.00,
530253,RAJ.TUBE MFG,XT,Q,26.00,26.95,24.70,25.25,25.25,26.00,9,200,5153.00,
530255,KAY POW PAP ,X ,Q,6.01,6.98,6.01,6.15,6.15,6.55,8,1383,8477.00,
530259,INTER ST.OIL,X ,Q,26.09,26.99,25.50,26.88,26.70,26.09,42,5457,143053.00,
530263,GLOBAL CAP. ,XT,Q,0.96,0.96,0.96,0.96,0.96,0.97,198,186293,178841.00,
530265,SAINIK FIN. ,X ,Q,31.80,33.00,30.21,30.21,30.21,31.80,7,10,314.00,
530271,RICH UNV    ,XT,Q,12.60,12.60,11.40,12.11,12.11,12.00,29,5625,68270.00,
530281,QUANTUM DIG.,XT,Q,16.80,16.80,16.80,16.80,16.80,16.00,11,237,3981.00,
530289,SP CAPITAL  ,X ,Q,16.89,17.00,16.60,16.77,16.65,16.26,33,13859,231113.00,
530291,PAOS        ,XT,Q,12.14,12.14,12.14,12.14,12.14,12.77,2,261,3168.00,
530299,KOTHARI PROD,B ,Q,109.20,112.80,108.90,110.45,110.70,109.70,316,7923,880643.00,
530305,PICCADILY AG,X ,Q,67.00,68.00,66.00,66.36,66.36,66.79,407,88799,5922840.00,
530307,CHAMANLAL SE,B ,Q,176.65,178.50,174.30,175.85,175.85,176.60,612,24619,4326046.00,
530309,CHANDRA PRAB,X ,Q,24.20,24.34,23.75,23.85,24.16,24.27,165,54892,1313556.00,
530313,KIMIABL     ,X ,Q,37.45,37.45,35.60,35.75,35.75,37.45,13,1057,38026.00,
530315,HIND.TIN WRK,X ,Q,110.00,114.10,108.70,113.25,113.25,109.90,606,73305,8222771.00,
530317,GODAVARI DRU,X ,Q,100.60,105.26,99.05,104.38,105.00,98.47,925,156925,16117126.00,
530331,PREMCO GLOB.,X ,Q,380.05,387.90,362.80,369.05,367.40,378.85,38,594,220955.00,
530341,MUKESH BABU ,XT,Q,117.60,117.60,117.00,117.00,117.00,117.60,2,2,234.00,
530343,GENUS POWER ,B ,Q,184.40,184.40,175.10,177.00,177.00,183.15,2663,103374,18589677.00,
530355,ASIANENE    ,T ,Q,131.00,131.00,131.00,131.00,131.00,133.65,2,35,4585.00,
530357,KBS INDIA   ,XT,Q,9.75,10.24,9.70,9.74,10.00,9.78,67,101269,986729.00,
530361,PRABHHANS   ,X ,Q,69.22,70.00,69.22,70.00,70.00,70.99,3,43,3005.00,
530363,UGAR SUGAR  ,B ,Q,134.90,134.90,130.60,131.45,132.25,132.10,791,42648,5611219.00,
530365,ORIENTBELL  ,B ,Q,487.00,490.05,482.00,486.15,486.00,485.70,51,196,95164.00,
530367,NRB BEARINGS,B ,Q,249.00,256.50,248.30,249.50,248.95,250.55,1167,25312,6378579.00,
530369,VAMSHI RUBB.,X ,Q,23.00,23.10,22.50,22.50,22.50,22.01,12,1756,40533.00,
530377,NILA INFRA. ,B ,Q,5.04,5.26,5.04,5.15,5.14,5.14,179,57475,296272.00,
530393,DB INT.ST.BR,B ,Q,23.90,24.60,23.66,23.66,23.66,24.08,4,10,238.00,
530401,VINYOFLEX LT,XT,Q,99.25,99.35,96.40,99.35,99.35,94.65,333,10439,1032816.00,
530405,JINDAL CAP. ,X ,Q,24.35,24.35,23.35,23.63,23.63,23.75,30,2276,53612.00,
530407,EPIC ENERGY ,X ,Q,6.14,6.60,5.97,5.97,5.97,6.63,21,14603,87198.00,
530419,SUMEDHA FISC,XT,Q,43.35,43.35,40.36,40.55,40.60,42.48,129,12303,504240.00,
530427,CHOKSI IMAG ,X ,Q,45.05,46.00,45.05,46.00,46.00,46.00,2,8,365.00,
530429,ASHISH POLY.,X ,Q,17.90,17.90,16.91,17.50,17.50,17.79,13,1190,20224.00,
530431,ADOR FONTECH,X ,Q,128.40,128.40,123.00,124.60,124.75,126.15,413,43509,5417620.00,
530433,SHIVA FERT. ,X ,Q,63.00,63.99,62.01,62.56,62.56,63.00,77,6182,388256.00,
530439,SIDDHA VEN  ,XT,Q,6.55,6.87,6.42,6.55,6.55,6.65,123,22835,152680.00,
530443,KIRAN SYNTEX,XT,Q,8.66,8.66,8.66,8.66,8.66,8.25,11,4617,39983.00,
530445,SUMERU IND  ,XT,Q,1.58,1.58,1.48,1.48,1.48,1.55,58,29129,43224.00,
530449,RUNGTA IRRIG,XT,Q,46.59,48.40,46.59,46.61,46.61,47.54,27,7624,355646.00,
530457,CINERAD COMM,XT,Q,5.10,5.16,5.10,5.16,5.16,5.06,8,1479,7608.00,
530459,VALSON INDUS,X ,Q,23.50,23.50,22.75,23.25,23.25,22.80,8,134,3056.00,
530461,SABOO SODIUM,X ,Q,17.38,18.00,16.80,17.35,17.35,16.98,163,62888,1105357.00,
530469,GSL SECUR.  ,X ,Q,5.27,5.27,5.27,5.27,5.27,5.27,1,240,1264.00,
530475,TINNARUBR   ,X ,Q,839.90,848.00,712.00,727.75,727.75,820.45,4514,110702,84925403.00,
530477,VIKRAM THERM,X ,Q,92.10,95.50,92.10,95.13,94.50,93.09,346,29071,2733877.00,
530495,STRATMONT   ,X ,Q,17.00,17.00,16.40,16.40,16.40,17.00,10,218,3586.00,
530499,A.K.CAPITAL ,X ,Q,506.10,515.00,506.10,507.45,515.00,503.45,22,1365,692139.00,
530517,RELAXO FOOT.,A ,Q,946.05,953.95,940.00,951.55,952.30,952.60,464,3539,3354788.00,
530521,VIRAT INDUS.,X ,Q,211.20,215.40,210.05,211.95,212.00,209.10,26,1414,302239.00,
530525,SHEETAL DIAM,XT,Q,27.35,27.35,27.35,27.35,27.35,26.82,35,18073,494296.00,
530533,TERAI TEA CO,X ,Q,74.55,74.55,70.03,70.52,70.03,69.00,15,968,70514.00,
530545,COSCO INDIA ,X ,Q,182.70,188.00,181.15,182.15,182.15,182.50,32,2587,472720.00,
530549,SHILPA MEDIC,A ,Q,358.00,365.80,352.65,358.15,358.15,350.25,2189,83451,29997291.00,
530555,PARAMOUNT CO,B ,Q,38.00,39.25,37.27,37.79,37.79,38.76,479,56617,2157026.00,
530557,NCL RESEARCH,X ,Q,0.40,0.40,0.39,0.40,0.40,0.40,8819,5684103,2255217.00,
530565,ARCHANA SOFT,XT,Q,7.53,7.53,7.53,7.53,7.53,7.39,16,5570,41942.00,
530571,EXPLICIT FIN,X ,Q,3.32,3.32,3.32,3.32,3.32,3.32,2,150,498.00,
530577,LADDERUP FIN,X ,Q,20.79,20.79,19.75,20.45,20.45,20.59,15,635,12761.00,
530579,UYFINCORP   ,X ,Q,28.35,28.35,27.46,27.78,27.75,27.96,140,116111,3243938.00,
530581,EKAM LEASING,XT,Q,4.09,4.51,4.09,4.50,4.50,4.30,14,19210,79828.00,
530585,SWASTIK INV ,X ,Q,177.80,177.80,169.50,171.80,171.80,168.65,49,359,61551.00,
530589,PRIMA PLASTI,XT,Q,173.00,173.00,165.00,169.50,170.00,169.15,132,17742,3032804.00,
530595,TELECANOR   ,X ,Q,5.68,5.68,5.66,5.66,5.66,5.69,3,151,855.00,
530601,JAGSON FIN. ,XT,Q,6.20,6.20,6.20,6.20,6.20,6.50,1,1,6.00,
530609,CARNATION IN,XT,Q,4.56,4.56,4.56,4.56,4.56,4.56,2,101,460.00,
530611,STURDY INDS ,XT,Q,0.42,0.42,0.42,0.42,0.42,0.42,47,34307,14408.00,
530615,GARG FURNACE,XT,Q,117.10,117.10,117.10,117.10,117.10,114.81,17,3550,415705.00,
530617,SAMPRE NUTRI,XT,Q,62.85,69.44,62.85,62.86,64.90,66.15,211,21112,1350141.00,
530621,AAIL        ,XT,Q,86.15,90.75,86.15,88.94,89.98,89.20,53,4950,442230.00,
530627,VIPULORG    ,X ,Q,103.35,106.00,103.35,104.90,104.80,103.35,74,3666,380511.00,
530643,ECORECO     ,X ,Q,166.60,174.90,166.00,168.20,168.20,163.40,1610,199740,34018881.00,
530655,GOODLUCK    ,B ,Q,504.00,506.05,495.05,497.15,495.05,497.85,363,11574,5780275.00,
530663,GOYAL ASSO. ,XT,Q,1.64,1.64,1.57,1.60,1.63,1.63,91,129436,205413.00,
530665,ZENITH HEALT,XT,Q,3.88,3.88,3.71,3.73,3.73,3.73,132,14867,55744.00,
530669,ACEENGITEC  ,XT,Q,14.25,14.26,14.25,14.25,14.25,13.90,5,185,2636.00,
530675,YORK EXPORTS,XT,Q,35.50,35.50,35.20,35.20,35.20,34.90,3,48,1691.00,
530677,SUPREME HO  ,X ,Q,80.21,82.10,75.10,78.91,78.00,80.21,135,54651,4445589.00,
530689,LYKISLTD    ,XT,Q,75.80,75.80,75.80,75.80,75.80,77.34,96,37081,2810739.00,
530695,PRIME PROP  ,XT,Q,19.31,19.31,19.31,19.31,19.31,19.70,2,22,424.00,
530697,ZENLABS     ,X ,Q,35.19,35.70,33.26,34.73,34.99,35.27,61,6650,230131.00,
530699,RAJRAYON    ,T ,Q,47.12,47.12,47.12,47.12,47.12,48.08,26,865,40758.00,
530711,JAGAN LAMPS ,XT,Q,67.00,67.00,64.00,64.51,66.00,65.16,59,8322,537435.00,
530713,AJEL        ,Z ,Q,8.15,8.15,7.75,8.15,8.15,7.80,5,156,1216.00,
530715,ALPS INDS.  ,T ,Q,1.71,1.82,1.71,1.81,1.81,1.80,33,16973,29311.00,
530723,ASIT C FIN  ,XT,Q,137.60,144.35,131.10,144.00,144.00,137.50,28,4830,686664.00,
530733,ENCODE      ,X ,Q,6.70,6.70,6.37,6.37,6.37,6.70,12,2860,18570.00,
530741,OVOBEL FOODS,XT,Q,292.00,292.00,277.00,287.95,288.00,289.65,216,20042,5749133.00,
530747,INDO ASN.FIN,X ,Q,9.85,10.50,9.85,10.50,10.50,10.03,16,1826,18484.00,
530755,CORAL NEWSPR,XT,Q,11.17,11.73,11.17,11.49,11.49,11.75,9,1433,16064.00,
530759,STERL.TOOLS ,B ,Q,345.05,352.20,345.05,348.90,349.60,348.70,192,2307,809072.00,
530765,AGARWAL     ,XT,Q,21.70,21.70,21.70,21.70,21.70,21.28,3,325,7052.00,
530777,INFRA INDUS.,Z ,Q,7.28,7.80,7.07,7.07,7.07,7.43,5,202,1485.00,
530779,DYNAMIC PORT,XT,Q,59.09,59.09,59.08,59.08,59.08,57.95,7,2501,147774.00,
530789,CEEJAY FINAN,X ,Q,133.10,133.10,124.55,125.85,125.10,127.85,30,1813,232253.00,
530797,SHREE GANES.,XT,Q,13.26,13.26,13.26,13.26,13.26,13.26,3,139,1843.00,
530803,BHAGIL      ,B ,Q,152.00,154.35,151.30,152.45,153.10,151.60,48,772,118348.00,
530805,OIVL        ,X ,Q,63.60,64.00,63.60,64.00,64.00,64.25,3,5,319.00,
530809,BNR UDYOG   ,X ,Q,39.49,39.49,37.10,37.98,37.98,38.59,14,295,11062.00,
530813,KRBL LTD.   ,A ,Q,369.05,378.00,368.55,374.80,375.65,375.00,1217,24386,9096796.00,
530815,REFNOL RESIN,X ,Q,86.00,88.00,84.00,84.99,84.99,86.16,21,881,74652.00,
530821,SSPDL LTD   ,X ,Q,15.50,15.50,14.99,15.49,15.49,14.99,13,1613,24913.00,
530825,DAIKAFFIL CH,X ,Q,23.00,23.25,22.55,23.16,23.00,22.94,17,1699,38957.00,
530829,CIL SECURITS,X ,Q,25.02,26.47,25.02,26.29,26.29,25.50,67,3832,99172.00,
530839,CLIO INFOTEC,X ,Q,4.20,4.40,3.65,4.40,4.40,4.10,27,7507,30974.00,
530843,CUPID LTD   ,B ,Q,290.70,295.95,287.05,290.35,290.35,291.95,459,7655,2238213.00,
530845,SUNSHIELD CH,X ,Q,900.00,929.50,900.00,903.15,903.15,922.85,179,3660,3333491.00,
530853,HIPOLIN LTD.,XT,Q,86.97,86.97,80.20,81.98,85.99,82.99,21,847,71025.00,
530871,CHEMBOND CHM,B ,Q,413.50,413.90,396.00,398.75,400.50,409.90,102,619,249898.00,
530879,CIFL        ,X ,Q,117.63,120.00,115.00,115.32,115.32,115.32,59,3074,364114.00,
530881,ABVL        ,XT,Q,155.00,155.00,155.00,155.00,155.00,157.80,12,2230,345650.00,
530883,SUPER CROP. ,X ,Q,7.00,7.03,6.90,6.99,6.99,6.88,73,23137,160948.00,
530897,N.G.IND.LTD.,XT,Q,121.00,121.00,121.00,121.00,121.00,123.45,6,696,84216.00,
530899,ASIA PACK   ,X ,Q,29.40,30.00,29.40,30.00,30.00,30.00,2,181,5429.00,
530909,ERP SOFT SYS,XT,Q,69.00,69.00,66.00,66.00,66.00,66.00,6,137,9045.00,
530919,REMSONS IND.,B ,Q,290.35,293.35,281.65,288.15,292.05,293.35,578,5794,1661875.00,
530931,STANPACKS(I),X ,Q,8.55,8.55,8.55,8.55,8.55,8.55,6,150,1282.00,
530943,SRI ADHIKARI,T ,Q,1.47,1.54,1.47,1.54,1.54,1.47,6,2469,3767.00,
530951,RAMINFO     ,X ,Q,101.50,106.99,101.50,105.16,104.50,103.28,70,5118,529376.00,
530953,SUNIL AGRO F,X ,Q,183.90,188.95,180.10,184.90,185.05,179.80,38,977,180209.00,
530959,DIANA TEA CO,X ,Q,23.40,23.69,23.00,23.44,23.44,23.50,53,3314,77252.00,
530961,VIKASECO    ,B ,Q,3.07,3.14,3.01,3.12,3.12,3.10,1411,2769950,8491222.00,
530965,INDIAN OIL  ,A ,Q,96.45,96.62,94.26,95.28,95.28,98.59,6876,1355933,129624556.00,
530973,ALFA ICA (I),XT,Q,52.90,52.90,50.00,51.94,51.94,50.40,10,1052,54747.00,
530977,SKCIL       ,X ,Q,131.00,134.75,120.30,132.10,132.00,130.75,98,8455,1070902.00,
530979,INDIA HOME  ,X ,Q,25.57,26.48,25.57,26.15,26.15,25.57,28,1047,27062.00,
530991,ROOPA INDUS ,XT,Q,42.74,42.74,42.74,42.74,42.74,42.74,5,506,21626.00,
530997,UNIQUE ORGAN,X ,Q,49.80,49.80,45.00,45.94,45.94,44.89,59,5905,273869.00,
530999,BALAJI AMINE,A ,Q,2176.90,2185.55,2167.00,2176.00,2176.45,2170.85,482,12369,26851655.00,
531017,ARIHANT SEC.,X ,Q,10.10,10.43,9.50,10.34,10.42,10.44,23,1581,15750.00,
531025,VISAGAR FIN ,X ,Q,1.19,1.29,1.17,1.17,1.17,1.23,3723,16485561,19878328.00,
531041,COMPETENT AU,XT,Q,320.55,320.55,309.00,310.00,310.00,317.40,66,2334,726389.00,
531043,DHAN JEEVAN ,XT,Q,10.31,11.39,10.31,11.39,11.39,10.85,2,21,238.00,
531049,NEELKANTH RO,Z ,Q,11.00,11.00,11.00,11.00,11.00,11.00,1,2,22.00,
531051,VINTAGE SECU,X ,Q,8.99,8.99,8.55,8.55,8.55,8.99,6,323,2850.00,
531067,CONTIL I LTD,X ,Q,79.00,85.00,79.00,83.00,83.00,80.00,42,1866,153630.00,
531069,VIJAY SOLVEX,XT,Q,874.00,874.00,836.15,865.30,865.30,851.30,71,732,628241.00,
531080,SHRI KRISH  ,XT,Q,33.00,34.25,32.54,34.25,34.25,34.25,13,1065,35175.00,
531082,ALANKIT     ,T ,Q,11.10,11.29,10.65,11.00,11.00,11.10,111,8876,97526.00,
531083,NIHAR INFO  ,X ,Q,5.98,5.98,5.50,5.50,5.50,5.50,18,3509,19497.00,
531091,UNITED CRED.,X ,Q,14.20,14.20,13.19,13.20,13.20,13.88,4,100,1321.00,
531092,OMINFRAL    ,T ,Q,50.94,51.90,50.50,50.83,51.00,50.11,93,8005,409945.00,
531109,ISHAN DYES  ,X ,Q,58.00,58.00,55.65,56.72,56.00,56.59,98,19809,1119571.00,
531111,GOTHI PLASCO,P ,Q,35.70,37.00,35.70,35.70,35.70,35.70,5,1300,46670.00,
531112,BALUFORGE   ,X ,Q,175.70,176.00,169.05,171.95,171.95,175.75,2097,159738,27496710.00,
531119,CEENIK EXPO.,XT,Q,10.71,11.56,10.71,11.56,11.56,11.01,6,18,207.00,
531120,PATEL ENGG. ,T ,Q,42.41,44.29,42.32,43.54,43.54,42.96,1084,280170,12239553.00,
531126,VIRTUALSOFT.,X ,Q,3.64,3.65,3.64,3.64,3.64,3.64,9,121,440.00,
531127,MENAMANI    ,XT,Q,32.20,32.20,32.20,32.20,32.20,33.89,35,1142,36772.00,
531129,INANI MARBLE,X ,Q,20.00,20.00,19.55,19.56,19.56,20.05,18,2005,39500.00,
531137,GEMSTONE INV,XT,Q,0.83,0.83,0.80,0.82,0.82,0.82,162,128979,104934.00,
531144,EL FORGE LTD,XT,Q,10.29,10.29,9.91,10.00,10.00,9.85,69,45428,460040.00,
531146,MEDICAMEN BI,B ,Q,806.60,834.05,806.45,826.00,828.25,808.10,226,2381,1962601.00,
531147,ALICON      ,B ,Q,821.30,827.80,815.00,823.10,824.80,821.90,623,4097,3372330.00,
531153,DILIGENT    ,X ,Q,12.00,12.85,11.60,12.24,12.00,11.97,166,167266,2044677.00,
531155,EPSOM PRO   ,XT,Q,6.00,6.00,6.00,6.00,6.00,6.11,2,3,18.00,
531156,ALFAVISON.OV,XT,Q,18.99,19.00,18.02,18.98,18.98,18.17,39,7463,140478.00,
531157,ORGANIC COAT,X ,Q,8.60,8.60,7.82,7.85,7.85,8.23,18,4214,33871.00,
531158,CATVISION   ,X ,Q,12.40,12.70,12.12,12.16,12.66,12.75,20,3881,47339.00,
531161,ABM KNOWLEDG,X ,Q,105.75,105.75,98.20,100.77,100.77,103.18,93,6045,614950.00,
531162,EMAMI LTD.  ,A ,Q,456.45,456.45,445.00,450.05,449.55,449.75,677,15049,6768228.00,
531163,KEMISTAR    ,X ,Q,37.20,37.20,36.01,37.05,37.05,37.00,33,754,27644.00,
531169,SKP SECURE. ,X ,Q,72.00,72.00,60.36,63.94,63.50,64.00,26,963,60018.00,
531173,SYSCHEM (I) ,X ,Q,38.09,38.28,37.00,37.10,37.37,38.09,213,93168,3471546.00,
531175,BLS INFOTE  ,X ,Q,1.76,1.77,1.68,1.73,1.73,1.76,1019,919320,1595417.00,
531176,MEFCOM CAPIT,XT,Q,17.50,18.40,17.50,18.25,18.29,18.10,40,4309,77415.00,
531178,HEMANG      ,XT,Q,38.65,39.96,37.50,39.64,39.75,38.65,70,5431,210958.00,
531179,ARMAN FIN   ,B ,Q,2286.80,2313.30,2268.15,2287.40,2295.25,2277.00,393,1515,3469372.00,
531190,TAVERNIER   ,XT,Q,8.86,8.86,8.86,8.86,8.86,8.44,1,50,443.00,
531199,GLANCE FIN. ,X ,Q,53.45,53.50,53.40,53.40,53.40,51.53,5,271,14482.00,
531201,SHILCHAR TEC,X ,Q,2529.00,2650.00,2505.00,2599.70,2599.70,2495.90,1367,14208,36975628.00,
531209,NUCLE.SOFT E,B ,Q,1088.25,1100.00,1063.15,1088.75,1088.75,1088.25,1231,7861,8481416.00,
531210,COLINZ LABOR,XT,Q,36.20,36.20,34.40,36.00,36.00,34.50,32,1926,69277.00,
531212,NLFL        ,X ,Q,32.37,34.43,32.33,33.18,33.18,34.47,25,1797,59029.00,
531213,MANAP FIN   ,A ,Q,139.90,139.90,136.65,138.00,138.10,139.00,2888,354574,48885507.00,
531215,RTS POWER CO,X ,Q,127.50,128.40,126.50,127.25,127.20,127.45,64,14203,1813172.00,
531216,COMFORT INTE,XT,Q,4.52,4.52,4.35,4.43,4.44,4.47,837,234745,1037846.00,
531221,MAYUR FLOOR.,XT,Q,9.42,9.89,9.42,9.50,9.50,9.42,6,570,5396.00,
531223,ANJANI SYNT.,X ,Q,33.48,33.48,31.45,31.86,31.86,32.52,71,7500,241342.00,
531225,XTGLOBAL    ,X ,Q,43.95,44.47,43.00,43.55,43.50,43.74,129,28388,1237455.00,
531227,DECO-MICA   ,XT,Q,65.00,65.00,62.00,65.00,65.00,65.00,8,261,16833.00,
531228,RANDER CORP.,X ,Q,4.92,4.92,4.84,4.84,4.84,4.84,7,1315,6461.00,
531233,RASI ELECTRO,X ,Q,15.71,15.71,14.55,14.61,14.74,15.25,139,46193,687840.00,
531234,SCOOBEEDAY  ,X ,Q,122.75,122.75,117.15,121.85,121.85,121.55,42,4832,584077.00,
531235,CITI PORT FN,XT,Q,14.72,15.49,14.72,14.72,14.72,15.49,7,309,4587.00,
531240,SHAMROCK IND,XT,Q,4.00,4.18,3.80,3.80,3.80,3.99,9,1750,7123.00,
531241,LINC        ,B ,Q,687.10,694.65,681.90,683.35,682.00,682.10,86,307,211367.00,
531246,PRIMA IND.  ,XT,Q,14.00,14.00,13.95,13.95,13.95,14.67,3,800,11185.00,
531253,INDIA GELAT.,XT,Q,361.95,361.95,352.40,353.55,354.20,356.00,100,5325,1893137.00,
531254,OPTIFIN     ,XT,Q,78.00,78.00,77.70,77.70,77.70,75.32,5,35,2720.00,
531255,PARAGON FIN.,XT,Q,36.99,36.99,33.73,36.81,36.84,35.50,22,525,18560.00,
531257,PRATIKSHA CH,X ,Q,21.94,21.94,21.12,21.64,21.70,21.95,47,3598,76986.00,
531259,ESHAMEDIA   ,XT,Q,3.80,3.80,3.80,3.80,3.80,3.80,2,16,60.00,
531260,REFEXRENEW  ,XT,Q,448.70,448.70,435.00,444.35,445.00,448.70,19,312,139068.00,
531265,PROGREXV    ,XT,Q,11.71,11.71,11.71,11.71,11.71,12.32,1,19,222.00,
531266,VST TILLERS ,B ,Q,3089.75,3140.00,2961.10,3043.70,3057.25,3079.90,491,3336,10106004.00,
531268,B2B SOFT.   ,XT,Q,27.99,28.20,27.00,28.15,28.20,27.80,59,4392,120179.00,
531272,NIKKI GLOBAL,X ,Q,6.90,6.90,6.90,6.90,6.90,6.90,1,2,13.00,
531273,RADHE DEVLOP,XT,Q,3.20,3.20,3.08,3.13,3.16,3.16,472,256992,804244.00,
531274,KINETIC TRUS,XT,Q,10.00,10.00,10.00,10.00,10.00,10.00,3,20,200.00,
531278,ELIXIR      ,X ,Q,42.00,42.60,41.63,41.70,41.70,42.41,18,539,22609.00,
531279,TRISHAKTI EL,XT,Q,41.89,41.89,41.89,41.89,41.89,41.89,1,23,963.00,
531280,PANKAJ POLY.,X ,Q,5.97,5.97,5.56,5.56,5.56,5.70,2,501,2990.00,
531281,MARBLE      ,XT,Q,19.25,19.25,17.72,18.60,18.60,18.65,9,1535,28538.00,
531283,CINDRELLA FI,XT,Q,8.46,8.49,8.27,8.49,8.49,8.09,15,559,4742.00,
531287,NAT PLASTIC ,XT,Q,181.95,181.95,166.15,181.95,181.95,173.30,270,20817,3759480.00,
531288,LEAD FINANC ,XT,Q,11.21,11.21,11.21,11.21,11.21,11.80,1,100,1121.00,
531289,NATFIT      ,X ,Q,98.00,98.00,94.04,94.65,94.05,97.38,106,6689,636785.00,
531297,ARTEFACT PR ,XT,Q,56.40,56.40,53.00,53.13,54.89,54.95,24,3323,177964.00,
531300,AMIT INTNL. ,Z ,Q,3.04,3.04,3.02,3.04,3.04,3.08,10,2100,6374.00,
531301,HIGH STREET ,X ,Q,35.45,35.45,32.50,32.50,32.50,33.99,2,14,469.00,
531304,NUTECH GLOBA,XT,Q,42.30,42.30,41.46,41.46,41.46,42.30,4,255,10614.00,
531306,DHP INDIA LT,X ,Q,844.00,844.00,822.10,826.40,824.00,828.30,62,888,736756.00,
531307,RRIL        ,XT,Q,19.50,19.50,19.00,19.16,19.20,19.00,155,38472,738849.00,
531310,AVAILABLE FI,X ,Q,150.00,154.95,148.10,149.10,149.90,151.90,42,1915,286093.00,
531319,MARUTI SEC. ,XT,Q,5.62,5.62,5.62,5.62,5.62,5.62,1,5,28.00,
531322,HAVISHA     ,T ,Q,1.75,1.80,1.70,1.71,1.70,1.74,15,6024,10392.00,
531323,JAYIND      ,XT,Q,9.11,9.11,9.11,9.11,9.11,9.58,3,71,646.00,
531324,ROSELABS FIN,XT,Q,21.67,23.71,21.65,23.50,23.50,22.78,17,1804,39123.00,
531328,KRETTOSYS   ,X ,Q,0.52,0.52,0.50,0.51,0.51,0.51,666,702784,359394.00,
531335,ZYDUS WELL  ,A ,Q,1493.50,1501.00,1467.95,1470.15,1468.00,1491.00,911,4530,6726534.00,
531337,WINPRO      ,B ,Q,2.30,2.36,2.26,2.35,2.33,2.33,138,146420,341542.00,
531340,BERVIN INV. ,XT,Q,31.42,34.72,31.42,34.72,34.72,33.07,16,1230,38995.00,
531341,GUJ.INVESTA ,XT,Q,12.86,12.86,12.86,12.86,12.86,12.25,4,345,4436.00,
531344,CONTAIN.CORP,A ,Q,674.60,690.60,673.75,689.25,687.85,674.60,1294,28731,19569340.00,
531346,EASTERN TRED,X ,Q,34.49,34.49,31.00,33.49,33.49,33.43,5,104,3482.00,
531349,PANACEA BIOT,B ,Q,125.30,134.70,124.55,133.35,133.35,125.40,1412,34211,4461744.00,
531352,PEETI SECURT,XT,Q,19.00,19.95,19.00,19.00,19.00,20.00,17,1164,22120.00,
531357,MERCURYEV   ,XT,Q,27.68,27.90,26.42,27.78,27.81,27.37,900,343302,9356723.00,
531358,CHOICE INT. ,A ,Q,353.00,357.25,350.00,351.75,351.75,351.85,694,34829,12301820.00,
531359,SHRIRAM ASSE,X ,Q,149.20,157.25,147.65,154.50,154.50,153.75,51,1994,305441.00,
531360,GOLECHA GLOB,XT,Q,15.85,15.85,15.85,15.85,15.85,16.17,3,82,1299.00,
531364,EKANSH      ,X ,Q,77.80,77.80,70.00,72.10,73.49,73.20,53,3320,240164.00,
531370,SPAR        ,XT,Q,38.47,38.80,35.84,35.84,35.84,37.72,89,11460,430123.00,
531373,BYKE HOSP   ,B ,Q,36.33,36.55,35.87,36.08,35.90,36.58,182,17571,636773.00,
531380,CENTENIAL SU,X ,Q,84.00,85.85,80.73,80.73,80.73,84.95,16,986,79983.00,
531381,ARIHANT FOUN,XT,Q,56.00,58.83,53.50,58.31,56.50,56.03,82,10198,582103.00,
531390,UPSURGE INV.,X ,Q,38.70,38.70,36.10,37.38,37.01,37.31,27,1093,40679.00,
531395,PADAM COTTON,XT,Q,13.63,13.63,13.63,13.63,13.63,14.33,2,60,817.00,
531397,POLYCON INT.,X ,Q,16.05,16.05,16.05,16.05,16.05,15.75,5,682,10946.00,
531398,SOURCENTRL  ,X ,Q,113.99,113.99,99.90,104.08,104.95,98.61,118,7053,736058.00,
531399,G.G.AUTOMATI,XT,Q,60.40,60.40,60.40,60.40,60.40,61.63,11,12592,760556.00,
531400,ALMONDZ GLO ,B ,Q,89.11,90.06,88.94,89.21,89.65,88.16,35,5686,507554.00,
531402,LWS KNITWEAR,XT,Q,13.62,15.00,13.62,15.00,15.00,14.30,3,29,414.00,
531409,ALCH CORP   ,XT,Q,12.40,12.92,12.40,12.75,12.75,12.40,15,5579,69793.00,
531411,TUNI TEXTILE,X ,Q,1.51,1.60,1.51,1.59,1.59,1.57,331,234862,363343.00,
531412,RADIX IND   ,XT,Q,94.48,94.48,85.60,89.63,89.63,89.99,39,1896,170809.00,
531413,KIRAN PRINT ,XT,Q,8.17,8.17,8.17,8.17,8.17,8.60,2,17,138.00,
531416,NARENDRA PRO,XT,Q,22.80,22.85,22.70,22.85,22.85,23.10,16,3342,76031.00,
531417,MEGA CORPN. ,XT,Q,2.51,2.77,2.51,2.67,2.56,2.64,99,22890,59661.00,
531420,BMB MUSIC   ,Z ,Q,2.43,2.43,2.43,2.43,2.43,2.55,8,515,1251.00,
531426,TAMIL.NEWSPR,A ,Q,207.35,208.25,205.45,206.70,208.00,207.20,866,28507,5882243.00,
531431,SHAKTI PUMPS,B ,Q,679.60,743.05,676.30,735.10,735.10,676.60,4037,67017,48340835.00,
531433,SUNGOLD CAP.,X ,Q,2.67,2.67,2.60,2.60,2.60,2.62,11,2110,5487.00,
531437,PWASML      ,X ,Q,26.29,26.47,25.21,25.96,26.00,25.77,31,7621,196100.00,
531439,GOLDSTONE EN,T ,Q,99.67,99.67,99.67,99.67,99.67,101.70,15,10694,1065870.00,
531449,GRM OVERSEAS,B ,Q,183.85,184.00,165.10,169.80,175.15,182.85,739,104242,18043627.00,
531453,MOHIT INDUS.,B ,Q,13.75,13.75,13.71,13.71,13.71,14.15,2,100,1373.00,
531454,POLYLINK POL,X ,Q,20.50,20.70,20.03,20.09,20.09,20.48,15,508,10321.00,
531456,MINAXI TEXT.,X ,Q,1.46,1.46,1.44,1.44,1.44,1.45,28,16927,24632.00,
531460,CONTI.CONTRL,X ,Q,4.10,4.10,4.10,4.10,4.10,4.31,15,5056,20729.00,
531465,NOUVEAU     ,X ,Q,0.49,0.49,0.49,0.49,0.49,0.49,23,5434,2662.00,
531471,DUKE OFFSHOR,X ,Q,9.08,9.08,8.90,8.90,8.90,8.65,15,2919,26360.00,
531472,CYBELE IND  ,XT,Q,21.70,22.70,21.25,21.61,21.25,21.70,11,381,8275.00,
531489,CG-VAK SOFTW,X ,Q,460.00,474.40,455.00,460.20,460.20,453.35,336,10913,5101902.00,
531494,NAVKAR      ,X ,Q,6.96,6.96,6.55,6.84,6.84,6.76,119,31264,213752.00,
531497,MADHUCON PRJ,T ,Q,5.15,5.40,5.15,5.20,5.20,5.22,9,2693,14024.00,
531499,SYBLY INDS. ,X ,Q,5.55,5.55,5.12,5.50,5.50,5.35,14,638,3387.00,
531500,RAJESH EXPO.,A ,Q,506.65,514.60,503.70,511.70,513.15,506.60,2701,65369,33216105.00,
531502,ESAAR (I)LTD,X ,Q,4.73,4.73,4.60,4.60,4.60,4.69,18,7436,34706.00,
531503,MARIS SPIN. ,X ,Q,42.98,42.98,41.00,42.00,42.00,41.16,14,1315,55059.00,
531508,EVEREADY (I),A ,Q,339.45,343.75,337.70,341.70,342.20,337.10,215,20597,7012187.00,
531509,STEP TWO COR,X ,Q,15.80,15.81,15.80,15.80,15.80,15.08,3,8,126.00,
531512,ORIENT TRADE,X ,Q,10.46,10.46,9.70,9.74,9.70,10.25,39,8558,84233.00,
531518,VIKASPROP   ,Z ,Q,0.42,0.42,0.41,0.42,0.41,0.42,197,415702,171063.00,
531525,ACE SOFTWARE,X ,Q,18.95,20.88,18.95,20.88,20.88,19.90,4,12,248.00,
531529,SOFTRAK VENT,XT,Q,6.88,6.88,6.88,6.88,6.88,7.02,8,227,1561.00,
531531,HATSUN AGRO ,A ,Q,989.00,1010.00,987.70,999.25,1000.00,988.90,621,3982,3980114.00,
531533,ACCEDERE    ,XT,Q,65.95,66.10,59.90,64.32,64.90,62.96,29,1694,105809.00,
531540,MARUTI INFRA,XT,Q,116.00,116.75,110.00,110.50,112.90,114.45,32,1183,131650.00,
531541,KOBO        ,Z ,Q,2.20,2.33,2.20,2.31,2.31,2.23,17,5023,11302.00,
531543,JINDAL WORLD,B ,Q,313.15,315.25,307.25,308.40,309.00,310.15,65,767,238341.00,
531548,SOMANY CRAM ,B ,Q,737.35,756.10,732.00,736.35,732.05,730.60,389,2722,2022211.00,
531550,JHAVERI CRED,XT,Q,98.16,98.16,98.16,98.16,98.16,96.24,11,1458,143117.00,
531552,RAGHUNATH TO,X ,Q,17.37,17.37,16.62,16.85,16.85,16.82,19,1088,18230.00,
531553,DRL         ,XT,Q,8.45,8.45,8.45,8.45,8.45,8.62,2,20,169.00,
531556,CORAL (I)FIN,B ,Q,35.02,35.60,34.61,34.88,35.13,35.19,106,8430,295315.00,
531569,SANJIVANI PA,XT,Q,70.00,71.90,66.99,69.95,70.00,70.51,102,14347,997017.00,
531574,VAS INFRA   ,X ,Q,3.68,3.68,3.68,3.68,3.68,3.53,1,10,36.00,
531578,KMF BUILDERS,X ,Q,4.00,4.00,4.00,4.00,4.00,4.00,1,10,40.00,
531582,BERYL SECUR.,XT,Q,26.22,26.22,26.22,26.22,26.22,27.60,5,61,1599.00,
531591,BAMPSL SECUR,XT,Q,9.81,9.94,9.40,9.88,9.88,9.80,31,15254,145689.00,
531592,GENPHARMA   ,X ,Q,3.25,3.32,2.81,3.20,3.20,3.23,617,465713,1481221.00,
531594,INCON ENGG. ,XT,Q,15.31,15.31,15.30,15.30,15.30,15.31,7,601,9197.00,
531595,CGCL        ,A ,Q,796.25,796.70,764.00,770.00,765.75,794.95,1015,20562,15938782.00,
531599,FDC LIMITED ,A ,Q,339.00,346.90,338.50,344.65,344.65,337.90,652,10874,3736825.00,
531600,GOGIA CAP   ,XT,Q,109.85,109.85,109.40,109.40,109.40,105.70,2,6,656.00,
531608,GORANI INDUS,X ,Q,118.35,127.00,118.35,125.70,126.50,125.10,42,796,98477.00,
531609,KG PETROCHEM,X ,Q,201.00,201.00,200.00,200.00,200.00,207.20,8,283,56663.00,
531613,MAL         ,XT,Q,1.87,1.87,1.81,1.85,1.85,1.81,44,6944,12831.00,
531624,COUNTRY COND,B ,Q,4.94,5.06,4.94,4.94,4.94,5.19,46,43930,217040.00,
531626,OROSMITHS   ,XT,Q,5.36,5.36,5.36,5.36,5.36,5.46,8,1023,5483.00,
531628,TEJASSVI    ,XT,Q,12.98,12.98,12.98,12.98,12.98,13.24,2,3,38.00,
531633,LINCOLN PHAR,B ,Q,423.50,442.00,423.50,432.80,437.20,420.30,974,25148,10931873.00,
531635,SILVER OAK  ,X ,Q,44.25,44.25,39.00,42.58,42.58,41.50,14,999,39302.00,
531637,PRAVEG      ,XT,Q,479.50,479.50,469.05,477.05,475.00,467.80,271,25396,12070201.00,
531638,SURAJ LTD   ,XT,Q,172.60,172.60,172.60,172.60,172.60,164.40,44,8853,1528027.00,
531642,MARICOLTD   ,A ,Q,556.00,577.25,553.25,573.30,573.30,554.50,8867,210053,119304267.00,
531644,TOKYO FINANC,X ,Q,13.65,13.65,13.65,13.65,13.65,13.00,1,1,13.00,
531651,NATIONAL GEN,XT,Q,80.84,80.84,78.84,78.84,78.84,80.84,6,10,794.00,
531661,HITTCO TOOLS,X ,Q,11.20,11.20,10.39,10.39,10.39,10.61,25,16636,174292.00,
531667,RRMETAL     ,XT,Q,42.50,42.50,39.40,39.57,41.34,41.45,18,970,39360.00,
531668,VISION CORPO,X ,Q,1.62,1.67,1.57,1.57,1.57,1.62,25,9638,15771.00,
531671,BISIL PLAST ,XT,Q,2.20,2.20,2.20,2.20,2.20,2.31,65,125573,276260.00,
531672,INANI SEC.  ,XT,Q,19.70,21.45,19.69,19.69,19.69,20.71,8,2392,47132.00,
531673,ANKA INDIA  ,XT,Q,14.10,14.10,14.05,14.05,14.05,14.20,2,255,3592.00,
531676,VAGHANI     ,XT,Q,11.80,11.80,11.80,11.80,11.80,11.80,1,2000,23600.00,
531681,AMERISE     ,X ,Q,0.66,0.66,0.64,0.65,0.65,0.68,113,279145,181201.00,
531688,PRITHVIEXCH ,XT,Q,62.51,64.94,62.51,64.90,64.90,64.94,6,118,7522.00,
531694,RAINBOW FOUN,X ,Q,11.47,11.48,10.90,10.90,10.90,11.21,37,11729,131381.00,
531716,TRICOMFRU   ,X ,Q,1.32,1.37,1.32,1.32,1.32,1.37,9,718,976.00,
531717,VIDHIING    ,B ,Q,389.80,393.60,388.05,388.70,389.70,389.80,114,1055,412747.00,
531719,BHAGIRA.CHEM,B ,Q,1368.40,1374.30,1315.75,1337.30,1315.80,1337.70,79,208,279249.00,
531726,PANCHSHEEL O,X ,Q,176.50,190.00,175.00,187.30,189.00,173.95,649,65012,11983563.00,
531727,MENON PISTON,X ,Q,57.15,57.15,55.91,56.17,56.00,56.31,350,44910,2522844.00,
531737,GREENCREST  ,XT,Q,0.69,0.69,0.69,0.69,0.69,0.70,255,280469,193523.00,
531739,GENNEX LAB  ,X ,Q,7.09,7.09,6.61,6.70,6.75,6.93,422,207919,1419782.00,
531744,GINI SILK MI,XT,Q,45.99,45.99,43.10,45.98,45.98,44.24,9,138,6075.00,
531746,PRAJAY ENGS.,B ,Q,11.69,12.09,11.52,11.72,11.62,11.60,119,31943,377011.00,
531752,BIOGEN      ,XT,Q,0.80,0.81,0.76,0.80,0.80,0.79,1514,1360751,1076372.00,
531758,G.K.CONSULT.,XT,Q,8.55,8.55,7.75,7.75,7.75,8.15,7,372,2885.00,
531761,APOLLOPIPES ,B ,Q,721.90,732.00,719.10,722.45,727.00,721.25,414,7844,5677986.00,
531762,UNJHA FORMUL,X ,Q,11.62,11.62,11.00,11.62,11.62,11.07,12,1016,11781.00,
531768,POLY MEDICUR,A ,Q,1205.60,1240.10,1205.60,1230.60,1230.60,1222.25,1682,17423,21377425.00,
531771,SHRADDHA    ,XT,Q,39.49,41.46,38.25,41.08,41.00,39.49,51,17274,696995.00,
531778,KACHCHHMIN  ,X ,Q,22.80,23.77,21.75,21.86,21.86,22.80,19,1101,24122.00,
531780,KACL        ,XT,Q,25.25,25.25,24.30,24.43,24.50,24.98,211,20233,496987.00,
531784,KCLINFRA    ,XT,Q,1.71,1.83,1.71,1.74,1.79,1.76,148,136769,239057.00,
531795,ATUL AUTO   ,B ,Q,368.15,369.70,358.90,363.90,363.00,368.15,998,23876,8728308.00,
531802,PRERNA INFR ,X ,Q,26.70,26.70,25.50,26.05,26.05,26.03,296,153574,4005620.00,
531810,METAL COATIN,XT,Q,102.25,102.25,95.05,97.95,97.95,100.00,13,321,31116.00,
531812,SGN TELECOMS,XT,Q,0.64,0.64,0.60,0.62,0.62,0.63,65,53737,33503.00,
531813,GANGAPAPERS ,X ,Q,70.48,70.48,68.20,68.32,68.30,70.51,10,232,15932.00,
531814,TIRUPATI SAR,X ,Q,9.75,9.75,9.20,9.31,9.31,9.61,73,20551,191606.00,
531821,MUNOTH FIN. ,XT,Q,88.99,88.99,84.55,84.55,84.55,89.00,2,11,974.00,
531822,RODIUM      ,X ,Q,55.99,56.49,55.99,56.49,56.49,54.05,3,12,677.00,
531834,NATURA HUE C,X ,Q,3.99,3.99,3.99,3.99,3.99,3.99,2,50,199.00,
531841,INDUSFINL   ,XT,Q,16.50,16.50,16.50,16.50,16.50,16.63,2,13,214.00,
531842,LAHOTI OVER.,X ,Q,28.85,28.85,27.30,27.36,27.33,27.78,41,10162,282198.00,
531845,ZENITHSTL   ,T ,Q,3.92,4.15,3.86,3.92,4.00,4.00,103,19231,75964.00,
531846,TRINITYLEA  ,XT,Q,20.00,20.00,20.00,20.00,20.00,21.00,1,1,20.00,
531847,ASIAN STAR  ,B ,Q,714.70,738.00,695.00,716.85,700.05,702.85,21,131,93196.00,
531859,ORIRAIL     ,XT,Q,65.89,65.89,65.89,65.89,65.89,67.23,201,33310,2194795.00,
531861,JOINDRE CAPI,X ,Q,35.77,36.20,34.63,35.00,35.00,36.11,106,6379,224462.00,
531862,BHARATAGRI  ,X ,Q,113.00,118.00,113.00,114.55,115.95,113.30,223,89191,10161083.00,
531867,UNITECH INTE,X ,Q,5.75,6.19,5.48,5.48,5.48,6.08,24,11435,63027.00,
531869,SACHETA MET.,X ,Q,20.94,20.94,19.51,19.69,19.67,19.98,305,62414,1256199.00,
531870,POPULAR EST ,XT,Q,18.58,18.58,18.58,18.58,18.58,17.70,1,10,185.00,
531878,ANJANI FINL ,X ,Q,8.90,8.90,8.10,8.30,8.30,8.90,41,1780,14804.00,
531881,GMETCOAL    ,Z ,Q,20.34,20.34,18.49,20.34,20.34,19.40,18,1298,25232.00,
531888,REXNORD ELE.,X ,Q,135.70,135.80,124.20,127.05,127.05,134.15,393,31157,3943644.00,
531889,INTEG.TECH. ,XT,Q,164.25,164.25,163.50,164.10,164.25,156.45,126,23938,3931488.00,
531892,KHANDWALA SE,T ,Q,26.31,27.74,26.21,27.44,27.44,27.53,5,255,6928.00,
531893,SAWACA BUSI ,XT,Q,0.86,0.87,0.84,0.86,0.86,0.86,291,239002,204694.00,
531900,CCL INTER   ,XT,Q,19.80,20.70,19.72,20.64,20.64,20.69,16,1108,22423.00,
531902,GALLOPENT   ,XT,Q,21.32,21.32,20.30,20.72,21.00,21.34,6,626,13299.00,
531909,CROISSANCE  ,X ,Q,6.90,6.90,6.49,6.75,6.75,6.69,177,130491,866155.00,
531913,GOPAL IRON S,XT,Q,8.05,8.35,7.57,7.93,7.57,7.96,223,157971,1287725.00,
531921,AGAR IND COR,B ,Q,849.40,864.20,820.30,826.95,826.95,840.40,1666,19837,16709635.00,
531923,DHAMPURE SGR,XT,Q,45.06,45.99,45.06,45.50,45.50,46.19,50,4555,206180.00,
531925,SHANTANU SHE,XT,Q,1.24,1.26,1.24,1.26,1.25,1.27,39,4463,5583.00,
531928,GOLDEN CARPE,X ,Q,8.50,8.53,8.50,8.53,8.53,8.13,14,6507,55315.00,
531929,INNOCORP L  ,X ,Q,6.53,6.53,5.45,5.81,5.81,5.95,8,737,4226.00,
531930,SARTHAK INDU,XT,Q,28.00,28.50,28.00,28.01,28.50,28.14,24,4718,132223.00,
531931,SAI CAPITAL ,XT,Q,119.00,122.50,119.00,122.50,122.50,125.00,8,214,25579.00,
531944,SERVOTEACH  ,XT,Q,12.09,12.09,12.09,12.09,12.09,12.33,29,2739,33114.00,
531950,VERTEX SEC. ,X ,Q,2.58,2.58,2.46,2.51,2.51,2.58,106,111871,279911.00,
531952,RIBA TEXTILS,XT,Q,52.79,52.79,51.01,51.55,51.79,52.00,34,1439,73881.00,
531959,NEWINFRA    ,XT,Q,10.10,11.00,10.05,11.00,11.00,10.49,26,6592,67232.00,
531960,KASHYAP     ,XT,Q,2.06,2.09,1.95,2.05,2.05,2.05,13,1479,2987.00,
531962,SHREMETAL   ,XT,Q,32.00,32.00,29.31,31.38,31.95,30.85,17,822,24771.00,
531977,CHARTERLOGIS,X ,Q,4.61,4.77,4.52,4.58,4.56,4.70,124,55584,255244.00,
531978,AMBIKA COTTO,B ,Q,1539.95,1544.35,1530.00,1535.05,1531.00,1535.15,104,551,846885.00,
531979,HIND ALUMIN ,X ,Q,36.10,37.14,35.60,36.79,36.03,36.45,59,2779,101103.00,
531980,SENTHILINFO ,XT,Q,11.58,11.58,11.58,11.58,11.58,12.18,4,310,3589.00,
531982,SPECTR FOOD ,XT,Q,52.90,52.90,52.90,52.90,52.90,53.97,2,202,10685.00,
531991,AMRAWOR AGRI,X ,Q,0.73,0.73,0.71,0.72,0.71,0.71,486,312899,224828.00,
531994,AUTO PINS(I),XT,Q,68.30,68.30,68.30,68.30,68.30,65.05,3,102,6966.00,
531996,ODYSSEY CORP,X ,Q,5.99,6.01,5.68,5.86,5.86,6.00,59,18446,106953.00,
532001,INDUCTO STL.,X ,Q,29.02,31.47,29.02,31.00,31.00,29.41,8,64,1974.00,
532005,SAM INDUS.  ,X ,Q,61.98,61.98,56.08,56.85,58.80,59.03,39,7483,451733.00,
532007,SHREEVAT.FIN,XT,Q,12.61,12.61,12.61,12.61,12.61,13.10,1,650,8196.00,
532011,POOJA ENT   ,XT,Q,194.00,203.70,185.00,195.85,195.85,194.00,18,221,42375.00,
532015,GRAVITY (I) ,X ,Q,3.61,3.85,3.61,3.64,3.64,3.61,8,7829,28368.00,
532019,LCC INFOTECH,T ,Q,2.13,2.13,2.13,2.13,2.13,2.17,6,260,553.00,
532022,FILAT FASH  ,X ,Q,11.95,12.19,11.60,11.85,11.83,11.98,200,91524,1086651.00,
532029,SINDHU TRADE,B ,Q,22.60,24.61,22.60,23.73,23.62,23.39,97,5923,140435.00,
532035,UNISTAR MULT,XT,Q,18.00,18.00,16.63,16.63,16.63,17.50,83,10696,180514.00,
532039,ZENOTECH    ,X ,Q,61.00,63.99,61.00,62.12,62.12,60.66,393,81884,5103865.00,
532041,HINDUSTN BIO,XT,Q,5.70,5.90,5.50,5.60,5.90,5.69,101,20116,115494.00,
532042,FRONTL CORP ,X ,Q,29.00,29.00,28.50,28.50,28.50,28.79,3,200,5725.00,
532051,SWELECT     ,B ,Q,475.00,520.00,472.00,502.70,502.70,474.00,508,11965,5901818.00,
532053,WALLFORT FIN,X ,Q,58.94,66.60,58.94,59.73,61.50,56.00,97,6534,405019.00,
532054,KDDL LTD    ,B ,Q,1598.65,1605.90,1548.95,1577.65,1570.00,1584.75,249,511,805035.00,
532056,ADINATH EXIM,XT,Q,17.15,17.15,17.10,17.10,17.10,17.10,7,146,2496.00,
532057,ABHINAV CAP ,X ,Q,94.08,98.99,94.08,94.20,94.08,96.00,26,782,74111.00,
532067,KILPEST (I) ,X ,Q,444.90,527.15,440.00,475.75,475.75,439.30,762,30407,14405193.00,
532070,SUMUKA      ,X ,Q,126.40,127.75,119.35,121.20,124.95,123.90,105,11421,1412533.00,
532090,VANDANA     ,XT,Q,2.16,2.16,2.11,2.14,2.14,2.15,5,18200,38832.00,
532100,INDO-CITY IN,X ,Q,6.20,6.75,6.20,6.50,6.50,6.52,14,3310,21685.00,
532102,SBEC SUGAR  ,XT,Q,35.95,35.95,34.51,34.55,34.51,35.00,29,1816,64211.00,
532113,BRIJLAXMI LE,X ,Q,4.30,4.30,4.30,4.30,4.30,4.30,8,2839,12207.00,
532123,BSE  INFRA  ,XT,Q,14.02,14.02,14.02,14.02,14.02,14.30,272,72202,1012272.00,
532124,RELIAB VEN  ,X ,Q,11.00,11.00,10.37,10.53,10.53,10.76,66,4731,50308.00,
532134,BANKBARODA  ,A ,Q,199.00,201.70,197.55,201.15,201.15,199.30,6539,772866,154497231.00,
532140,MOHITE      ,XT,Q,26.50,26.50,25.60,26.50,26.50,26.57,4,1303,34526.00,
532141,ACL         ,B ,Q,99.79,99.79,98.80,99.79,99.79,95.04,113,28625,2853942.00,
532143,SKM EGG PROD,B ,Q,235.00,245.55,233.95,245.55,245.55,233.90,1845,103166,25007289.00,
532144,WELCORP     ,A ,Q,323.95,323.95,313.00,315.65,315.65,319.30,2041,63556,20227023.00,
532145,H.S.(I) LTD.,X ,Q,11.26,12.45,11.00,12.13,12.19,11.78,41,7334,84039.00,
532149,BNK OF INDIA,A ,Q,85.00,85.40,82.40,83.90,83.96,84.67,2088,581849,49067919.00,
532150,INDRAPRAST  ,T ,Q,115.99,120.96,113.74,120.95,120.96,115.20,492,71423,8534796.00,
532154,JOHNPHARMA  ,X ,Q,0.48,0.49,0.48,0.49,0.49,0.48,1196,1180465,572122.00,
532155,GAIL (I) LTD,A ,Q,116.60,118.25,116.15,117.55,117.55,116.55,4242,744145,87417324.00,
532156,VAIBHAVGBL  ,A ,Q,340.05,343.85,337.55,339.25,339.25,340.95,354,5803,1975054.00,
532159,TRESCON     ,XT,Q,15.24,15.24,15.24,15.24,15.24,15.55,21,350361,5339501.00,
532160,GUJ.STAT.FIN,T ,Q,7.45,7.45,6.90,6.93,6.93,7.17,47,20017,139714.00,
532162,JK PAPER    ,A ,Q,322.85,324.95,322.00,323.60,324.00,322.80,1138,25346,8201853.00,
532163,SAREGAMA (I),T ,Q,407.00,413.80,390.50,396.40,406.00,411.05,474,13727,5478642.00,
532164,MINOLTA FIN.,Z ,Q,10.40,10.40,10.35,10.35,10.35,10.00,8,819,8483.00,
532172,ADROITINFO  ,T ,Q,18.08,18.87,18.02,18.23,18.20,18.48,11,1927,34981.00,
532173,CYBERTECH   ,T ,Q,129.85,131.45,127.65,128.20,128.10,129.85,11,581,74844.00,
532174,ICICI BANK  ,A ,Q,990.00,998.25,977.05,995.35,995.35,990.60,14899,634091,626464798.00,
532175,CYIENT      ,A ,Q,1451.95,1468.00,1435.95,1463.80,1463.20,1434.60,2194,17723,25802389.00,
532178,ENGINRS.(I) ,A ,Q,147.25,155.40,145.35,154.45,154.45,148.75,8190,1114237,168589539.00,
532180,DHANALAK.BNK,B ,Q,21.02,21.29,20.85,20.97,20.85,21.01,927,419599,8837697.00,
532181,GUJ.MINERAL ,A ,Q,179.10,180.70,176.35,178.10,178.10,178.75,2002,109319,19519940.00,
532183,GAYATRI SUGR,XT,Q,10.02,10.02,10.02,10.02,10.02,9.83,48,38591,386681.00,
532187,INDUSIND BNK,A ,Q,1413.05,1421.10,1397.50,1401.65,1403.00,1415.55,2788,26135,36770222.00,
532189,INDIA TOURIS,B ,Q,359.85,359.85,346.45,351.95,352.50,358.10,627,11780,4148065.00,
532209,J & K BANK  ,A ,Q,68.87,69.20,67.24,67.64,67.64,68.87,2630,660900,44886857.00,
532210,CITY UNION  ,A ,Q,135.50,135.50,133.40,134.00,134.00,134.20,2272,205190,27539067.00,
532212,ARCHIES LTD ,T ,Q,25.15,26.00,25.05,25.19,25.98,25.50,31,2046,52122.00,
532215,AXIS BANK   ,A ,Q,959.75,969.00,942.10,950.00,950.00,959.75,10581,563229,534345687.00,
532216,HB STOCKHOL.,B ,Q,52.00,52.00,49.60,51.01,51.01,51.26,66,4114,210463.00,
532217,SIEL FINANCL,X ,Q,8.80,9.50,8.80,9.40,9.40,8.81,6,1015,9250.00,
532218,SOUTH IND.BK,A ,Q,20.09,20.15,19.68,19.82,19.82,20.00,4681,3280846,65280056.00,
532219,ENERGY DEV. ,B ,Q,17.19,17.19,16.70,16.80,16.80,17.01,128,11395,191645.00,
532221,SONATA SOFT.,A ,Q,1050.60,1065.00,1043.05,1061.80,1065.00,1052.45,1206,18271,19306501.00,
532230,BENGAL TEA &,X ,Q,78.15,81.99,78.15,79.51,79.51,81.21,32,2204,174200.00,
532234,NAT.ALUM    ,A ,Q,94.16,95.55,94.16,95.35,95.35,94.70,895,223887,21275451.00,
532240,INDIA NIPPON,B ,Q,477.05,483.70,471.80,480.40,480.40,472.70,167,1701,812300.00,
532256,NALWA SONS  ,B ,Q,2450.05,2499.70,2450.05,2471.00,2475.00,2457.55,143,306,758757.00,
532259,APAR INDUS. ,A ,Q,3701.05,3950.00,3320.00,3864.10,3864.10,3725.70,4984,70907,256017063.00,
532262,TCI INDUS.  ,X ,Q,1233.00,1233.00,1150.00,1209.00,1209.00,1195.00,5,19,22545.00,
532268,ACCELYA     ,B ,Q,1429.95,1429.95,1371.00,1378.35,1377.00,1414.90,947,6100,8468245.00,
532271,ORCHASP     ,XT,Q,3.05,3.05,2.88,2.94,2.95,2.99,150,101415,298355.00,
532281,HCL TECHNO  ,A ,Q,1116.95,1117.45,1097.50,1103.25,1103.25,1117.45,7611,78142,86374164.00,
532284,TCFC FINANCE,X ,Q,30.01,31.57,30.01,30.18,30.12,30.20,30,2816,85380.00,
532285,GEOJITFSL   ,B ,Q,47.15,48.09,46.50,47.40,47.30,47.37,503,48293,2290475.00,
532286,JINDAL STE  ,A ,Q,658.15,667.30,646.25,664.80,664.00,659.35,2370,50649,33282473.00,
532290,BLB LTD.    ,B ,Q,19.03,19.04,18.75,18.82,18.75,18.92,55,9148,172760.00,
532296,GLENMARK PHA,A ,Q,822.00,828.20,793.00,798.50,798.50,822.15,2676,58814,47339076.00,
532300,WOCKHARDT   ,A ,Q,246.00,249.00,239.80,241.20,241.20,244.30,3094,183934,44812934.00,
532301,TATA COFFEE ,A ,Q,254.95,254.95,247.60,250.60,251.00,249.05,471,22338,5583976.00,
532304,KJMCCORP    ,XT,Q,43.00,43.00,43.00,43.00,43.00,41.25,1,15,645.00,
532305,IND-SWIFT LA,B ,Q,91.56,92.40,88.53,88.99,89.64,91.70,375,20919,1885017.00,
532307,MELSTAR INFO,Z ,Q,2.00,2.09,1.92,2.09,2.09,2.00,9,11350,23620.00,
532309,GEPIL       ,B ,Q,156.00,158.85,155.60,157.35,157.35,157.15,157,8099,1277954.00,
532310,SHREE RAMA  ,T ,Q,17.92,18.00,17.92,18.00,18.00,18.28,61,79470,1424650.00,
532313,MAHINDRALIFE,A ,Q,486.00,518.10,479.55,510.00,511.10,489.05,1447,18582,9432609.00,
532315,TELESYS SOFT,X ,Q,7.47,7.47,6.92,7.20,7.21,7.20,69,17620,127375.00,
532320,VAARAD      ,XT,Q,17.53,18.40,16.68,18.16,18.17,17.53,54,3726,64109.00,
532321,ZYDUSLIFE   ,A ,Q,648.95,648.95,637.95,640.15,643.45,649.80,3056,51121,32813939.00,
532323,SHIVA CEMENT,B ,Q,47.50,48.00,46.90,47.06,47.19,47.71,516,127923,6028685.00,
532324,CINEVISTA   ,B ,Q,14.53,14.63,14.20,14.57,14.57,14.45,171,8270,118834.00,
532326,INTENS TECH ,B ,Q,83.90,85.60,82.20,83.34,84.05,81.96,649,27118,2283532.00,
532329,DANLAW TECH.,XT,Q,750.00,750.00,740.00,744.85,749.00,749.50,72,4437,3301634.00,
532331,AJANTA PHARM,A ,Q,1625.10,1735.10,1591.40,1612.85,1612.85,1546.20,7567,76421,127132968.00,
532333,HB PORTFOLIO,X ,Q,42.00,42.00,38.74,39.05,39.05,39.98,56,2554,100582.00,
532334,HB ESTATE DE,X ,Q,32.90,32.90,30.61,31.00,30.61,32.19,26,1853,57428.00,
532335,AMBICA AGAR.,T ,Q,35.16,36.99,35.16,35.84,36.11,35.78,12,2120,76024.00,
532339,COMPUCOM SOF,B ,Q,19.42,19.69,19.32,19.53,19.46,19.66,229,16009,312719.00,
532340,OMNI AX'S SO,XT,Q,5.39,5.39,5.02,5.02,5.02,5.28,69,11067,56370.00,
532341,IZMO        ,T ,Q,194.10,194.15,194.10,194.10,194.10,198.05,21,2205,427990.00,
532343,TVS MOTOR L ,A ,Q,1354.20,1365.60,1346.00,1357.85,1354.30,1354.20,636,7963,10796034.00,
532344,SOFTSOL (I) ,XT,Q,277.00,289.95,262.50,289.95,289.95,276.15,130,3581,1000103.00,
532345,GATI LTD.   ,A ,Q,145.95,148.00,143.35,145.50,145.50,145.75,956,44836,6535175.00,
532348,SUBEX LTX   ,A ,Q,33.35,33.71,32.35,32.65,32.65,33.26,1770,517736,17047642.00,
532349,TRANSPORT CO,A ,Q,757.40,757.40,741.50,743.35,743.30,752.30,123,1397,1044544.00,
532350,PADMALAYA TE,Z ,Q,1.80,1.81,1.80,1.80,1.80,1.78,7,3711,6689.00,
532351,AKSH OPTIFIB,B ,Q,8.98,10.25,8.69,9.82,9.82,8.73,923,334877,3219364.00,
532354,VIRGOGLOB   ,XT,Q,10.75,10.75,10.75,10.75,10.75,11.31,56,4846,52094.00,
532355,PICTURHOUSE ,X ,Q,5.28,5.38,5.02,5.35,5.35,5.28,53,7214,37863.00,
532356,TRIVENI ENGG,A ,Q,302.95,302.95,296.80,297.95,298.00,303.05,1439,55726,16625226.00,
532357,MUKTA ARTS  ,B ,Q,52.50,52.90,51.50,52.73,52.80,53.20,77,3048,159031.00,
532359,HITKIT GLOB ,XT,Q,0.62,0.62,0.62,0.62,0.62,0.64,6,8001,4960.00,
532362,NAGPUR POWER,X ,Q,65.00,66.70,65.00,66.60,66.60,64.80,13,1212,79603.00,
532365,DYNACONS SYS,B ,Q,559.85,561.55,553.35,555.40,557.55,555.35,231,1647,917342.00,
532366,PNB GILTS   ,B ,Q,65.43,66.05,65.10,65.73,66.00,65.06,121,10737,703983.00,
532368,BCG         ,B ,Q,23.57,24.55,23.53,23.96,23.96,23.59,2353,2673743,64070495.00,
532369,RAMCO INDS. ,B ,Q,175.75,183.60,174.80,181.25,181.25,175.45,1015,32284,5823868.00,
532370,RAMCO  SYSTM,B ,Q,255.10,262.80,255.10,260.10,260.10,257.70,440,8578,2236613.00,
532371,TATA TELESER,A ,Q,79.01,81.45,76.80,78.14,78.14,79.94,2547,617649,48721721.00,
532372,VIRINCHI    ,T ,Q,36.30,38.12,35.85,38.08,38.12,36.31,337,162635,6131478.00,
532373,WEPSOLN     ,XT,Q,25.09,25.09,25.09,25.09,25.09,25.60,33,6195,155432.00,
532374,STER TECH   ,A ,Q,151.65,152.50,149.05,149.45,149.45,150.80,2246,131590,19831913.00,
532375,TIPSINDUSTR ,B ,Q,301.85,301.85,285.60,291.05,291.05,296.40,988,24444,7158010.00,
532376,MRO-TEK     ,B ,Q,59.00,62.25,57.88,60.00,59.56,59.02,230,11030,672959.00,
532379,FIRSTFIN    ,X ,Q,4.33,4.33,4.33,4.33,4.33,4.23,2,501,2169.00,
532380,BABA ARTS   ,X ,Q,12.53,12.86,12.50,12.59,12.55,12.53,42,4682,58905.00,
532382,BALAJI TELE.,B ,Q,43.45,46.80,43.45,45.26,45.26,43.86,268,25971,1181676.00,
532384,TYCHE INDS  ,X ,Q,179.00,182.95,179.00,182.20,182.90,179.05,124,5641,1026907.00,
532386,CALIFORN.SOF,T ,Q,14.79,14.79,14.25,14.25,14.25,14.58,8,439,6394.00,
532387,PRITISHN COM,B ,Q,36.89,37.30,36.50,36.64,36.88,36.35,79,3751,137772.00,
532388,INDIAN OVER.,A ,Q,26.31,27.05,26.16,26.23,26.29,26.42,3235,2251189,59817162.00,
532390,TAJ GVK HOTL,B ,Q,265.90,265.90,260.00,260.90,261.40,263.85,254,4039,1058383.00,
532392,CREATIVE EYE,B ,Q,3.65,3.65,3.46,3.64,3.64,3.70,6,857,2966.00,
532395,AXISCADES   ,T ,Q,482.00,482.00,462.00,465.75,464.00,480.95,167,2499,1168792.00,
532397,KONNDOR     ,X ,Q,7.41,8.16,7.41,8.16,8.16,7.79,5,143,1063.00,
532398,UMESL       ,B ,Q,3.60,3.60,3.25,3.30,3.30,3.46,89,19778,66420.00,
532400,BSOFT       ,A ,Q,404.05,424.80,400.05,415.70,415.70,402.10,7620,396528,164637088.00,
532402,USGTECH     ,X ,Q,4.14,4.29,4.05,4.10,4.10,4.14,69,13925,58303.00,
532403,FOURTH GEN. ,X ,Q,3.60,3.78,3.60,3.78,3.78,3.78,8,161,598.00,
532404,SAVEN TECHNO,X ,Q,40.33,42.49,39.35,39.90,39.90,41.21,241,17170,692293.00,
532406,AVANTEL LTD ,X ,Q,830.05,849.00,816.00,825.80,825.80,827.35,1299,22534,18775298.00,
532407,MOSCHIP     ,B ,Q,95.30,97.20,94.80,95.20,95.20,95.24,2840,482707,46296984.00,
532408,MEGASOFT LTD,B ,Q,40.01,40.06,38.30,38.54,39.00,40.04,355,81258,3160433.00,
532410,TRANSCORP IN,X ,Q,32.50,32.50,31.02,31.87,31.87,31.41,41,6344,198725.00,
532411,VISESH INFO.,B ,Q,0.41,0.42,0.40,0.41,0.41,0.41,1409,6749285,2757263.00,
532413,CEREBRA INTE,T ,Q,6.32,6.32,6.32,6.32,6.32,6.44,26,11443,72319.00,
532416,MID-DAY MULT,B ,Q,4.90,4.90,4.90,4.90,4.90,4.95,6,605,2964.00,
532419,SMARTLINK   ,B ,Q,173.75,174.75,171.80,172.20,171.80,172.75,13,246,42430.00,
532424,GODREJ CONS ,A ,Q,1040.00,1040.00,1029.20,1036.10,1035.00,1029.95,1256,8477,8771483.00,
532425,GENUSPRIME  ,XT,Q,12.66,13.95,12.66,13.00,13.00,13.32,32,5802,73913.00,
532430,BF UTILI    ,B ,Q,385.95,385.95,371.30,372.55,372.55,375.30,495,11864,4431915.00,
532432,UNITD SPR   ,A ,Q,1002.95,1013.90,991.60,1012.10,1009.00,996.55,3020,45151,45400341.00,
532435,SANINFRA    ,B ,Q,83.40,88.00,80.10,85.45,85.45,82.64,784,228750,19452449.00,
532439,OLECTRA     ,A ,Q,1216.05,1224.40,1163.05,1177.40,1177.40,1212.10,5310,95374,112743282.00,
532440,MPS LTD     ,B ,Q,1060.25,1204.00,1060.25,1102.30,1102.30,1134.20,271,1645,1821596.00,
532443,CERA SANITAR,A ,Q,7704.80,7704.80,7627.95,7675.30,7692.95,7724.25,232,507,3890851.00,
532444,T. SPIRITUAL,XT,Q,1.11,1.11,1.06,1.09,1.11,1.11,27,9823,10596.00,
532454,BHARTI ARTL ,A ,Q,899.00,899.95,890.20,894.70,894.70,894.50,10200,430416,384464521.00,
532455,SHALIMAR WIR,XT,Q,19.05,20.40,19.05,20.06,20.36,19.50,54,13974,280125.00,
532456,COMPUAGE INF,B ,Q,12.00,12.25,12.00,12.09,12.17,12.06,349,48343,587213.00,
532457,GULSHAN POLY,B ,Q,219.40,224.75,215.40,218.30,218.30,219.40,845,17278,3780627.00,
532459,FAZE3AUTO   ,XT,Q,78.05,80.40,78.00,80.39,80.39,80.99,12,1134,89015.00,
532460,PONNI SUG(ER,B ,Q,405.00,405.20,391.35,394.05,396.35,403.50,388,4756,1895088.00,
532461,PUNJAB NATIO,A ,Q,62.50,62.85,61.51,61.94,61.94,62.38,6669,3585303,222520697.00,
532466,ORACLE FIN  ,A ,Q,3800.00,3865.65,3798.65,3815.15,3829.05,3787.65,428,1322,5054950.00,
532467,HAZ MUL PRO ,XT,Q,110.25,116.00,110.25,113.90,113.90,116.05,576,153914,17300992.00,
532468,KAMAHOLDING ,A ,Q,12274.85,12397.00,12151.50,12252.75,12249.90,12296.25,543,1069,13105956.00,
532475,APTECH LTD  ,B ,Q,331.05,333.60,320.40,324.00,324.00,331.05,1441,34796,11385650.00,
532477,UNION BANK L,A ,Q,89.70,91.29,89.22,90.14,90.14,92.05,2657,492741,44503101.00,
532478,UNITED BREWA,A ,Q,1554.05,1573.95,1545.00,1569.60,1567.25,1552.90,2286,21621,33786925.00,
532479,ISMT LTD    ,B ,Q,88.94,88.94,86.50,87.54,87.54,87.93,1257,108155,9476292.00,
532481,NOIDA-TOLL B,B ,Q,6.73,6.79,5.71,6.69,6.69,6.75,171,72093,464645.00,
532482,GRANULES (I),A ,Q,323.95,326.95,319.50,321.40,321.40,322.20,4723,297680,96229067.00,
532483,CANARA BANK ,A ,Q,345.10,346.30,341.25,343.25,342.75,344.80,3899,259973,89402445.00,
532485,BALMER LA.IN,B ,Q,422.50,423.00,419.50,421.30,420.80,420.95,392,11721,4939956.00,
532486,POKARNA LTD ,B ,Q,391.85,397.20,385.60,388.70,387.70,392.25,300,3773,1480385.00,
532488,DIVI'S LAB. ,A ,Q,3780.95,3780.95,3708.40,3736.55,3736.55,3745.20,2644,15198,56904803.00,
532493,ASTRA MICRO ,A ,Q,363.75,374.05,360.80,372.45,372.45,365.70,589,10758,3968659.00,
532497,RADICOKHAIT ,A ,Q,1384.00,1393.85,1378.90,1388.55,1390.90,1380.40,334,3195,4434004.00,
532500,MARUTISUZUK ,A ,Q,9731.25,9741.70,9551.00,9668.90,9668.90,9748.65,1486,6265,60459470.00,
532503,RAJAPAMILLS ,X ,Q,747.00,755.90,747.00,752.60,752.00,747.00,94,2745,2061894.00,
532504,NAVIN FLUORI,A ,Q,4298.95,4298.95,4203.00,4275.80,4278.50,4263.45,1319,6742,28614125.00,
532505,UCOBANK     ,A ,Q,29.30,29.40,28.65,28.78,28.78,29.21,2171,1489872,43031582.00,
532507,BAG FIL MED ,B ,Q,4.79,4.79,4.50,4.50,4.55,4.54,89,34251,156264.00,
532508,JSL         ,A ,Q,384.00,400.00,384.00,394.45,394.45,381.25,3341,60344,23553064.00,
532509,SUPRAJIT ENG,A ,Q,410.05,423.60,410.05,417.70,418.35,416.10,1667,21480,8993963.00,
532513,TVSELE      ,B ,Q,375.05,384.55,375.05,381.15,380.55,382.15,232,6197,2371241.00,
532514,INDRA GAS   ,A ,Q,460.20,466.95,459.55,461.60,461.60,460.15,1785,39197,18144181.00,
532515,TV TODAY    ,B ,Q,197.05,205.85,197.05,205.50,205.10,200.00,711,12229,2501415.00,
532521,PALRED      ,B ,Q,144.45,146.75,143.40,144.95,143.85,144.80,381,12261,1778447.00,
532522,PETRONET LNG,A ,Q,225.00,230.00,223.45,229.20,229.20,224.95,1825,68289,15546320.00,
532523,BIOCON LTD. ,A ,Q,257.95,261.05,254.55,256.70,256.75,256.05,2091,103690,26737709.00,
532524,PTC INDIA   ,A ,Q,112.90,116.20,112.90,113.55,113.50,113.00,1854,105612,12088986.00,
532525,BANK MAHA   ,A ,Q,34.34,34.34,33.55,33.82,33.82,34.04,2598,1349013,45684653.00,
532527,RK FORGINGS ,A ,Q,573.50,573.50,530.30,541.80,540.20,563.65,4046,71034,38938376.00,
532528,DATAM GLOB  ,B ,Q,545.10,559.00,539.20,542.15,542.15,550.50,1443,19807,10862364.00,
532529,NDTV        ,A ,Q,228.15,232.35,222.90,224.65,225.00,231.55,3305,83292,18931166.00,
532531,STAR        ,A ,Q,452.50,461.55,452.50,460.20,459.90,452.10,1886,23496,10753266.00,
532532,JAIPRA      ,A ,Q,7.75,7.79,7.50,7.63,7.63,7.75,2040,1089746,8333515.00,
532538,ULTRATECH CM,A ,Q,8285.00,8340.00,8217.20,8301.80,8319.15,8306.85,2070,42437,349611724.00,
532539,UNOMINDA    ,A ,Q,574.00,587.00,571.25,586.30,585.40,571.70,754,6955,4025461.00,
532540,TCS LTD.    ,A ,Q,3389.85,3389.85,3331.00,3355.35,3355.35,3396.15,7525,97335,326267006.00,
532541,COFORGE     ,A ,Q,4689.85,4705.00,4631.90,4673.25,4676.05,4689.85,535,2570,12000526.00,
532543,GULFPETRO   ,B ,Q,40.00,40.50,39.56,40.32,40.31,39.60,156,14556,582007.00,
532548,CENTURYPLY  ,A ,Q,667.55,682.15,658.50,661.05,661.35,669.65,1135,11425,7650386.00,
532553,WELENT      ,A ,Q,241.95,241.95,232.30,233.80,233.95,239.25,1218,49999,11837968.00,
532555,NTPC LTD    ,A ,Q,202.00,210.40,199.50,210.00,210.00,202.00,13204,2902762,603637945.00,
532604,SALSTEEL    ,B ,Q,17.91,18.16,17.76,17.85,17.86,18.04,245,17451,312125.00,
532605,JBM AUTO    ,A ,Q,1439.95,1449.00,1395.55,1409.85,1416.45,1428.40,893,8449,11933856.00,
532610,DWAR SUGAR  ,A ,Q,93.06,93.77,92.26,92.44,92.44,93.56,1125,118179,10961246.00,
532612,INDOCO REM  ,A ,Q,321.95,321.95,317.45,318.85,318.85,317.90,509,7112,2271909.00,
532613,VIPCLOTHNG  ,T ,Q,45.40,45.40,44.45,44.48,44.50,44.54,34,7451,332987.00,
532614,IMPEX       ,T ,Q,2.81,2.99,2.76,2.81,2.81,2.90,49,20164,58877.00,
532616,XCHANGING   ,B ,Q,101.00,106.65,100.00,102.34,102.34,118.15,937,83319,8545327.00,
532617,JETAIRWAYS  ,Z ,Q,48.39,48.39,48.37,48.39,48.39,46.09,82,18951,917031.00,
532621,MORARJETEX  ,B ,Q,18.10,18.65,17.11,18.01,18.15,18.30,40,16717,301728.00,
532624,JINDALPH    ,B ,Q,334.00,334.95,330.50,331.65,332.40,334.00,377,1654,550711.00,
532626,POCL        ,B ,Q,421.60,422.45,406.25,418.80,414.80,416.85,580,6320,2625988.00,
532627,JPPOWER     ,A ,Q,5.99,6.03,5.95,5.97,5.97,5.99,4571,9641298,57722866.00,
532628,3I INFOTECH ,B ,Q,34.00,34.35,33.06,33.26,33.26,34.06,1573,164043,5538829.00,
532630,GOKALDAS    ,A ,Q,539.95,539.95,522.85,529.80,532.05,534.40,929,14087,7510855.00,
532633,ALLSEC TECH ,B ,Q,597.95,604.30,584.50,600.10,601.25,588.45,669,10735,6423441.00,
532636,IIFL        ,A ,Q,584.60,584.60,566.95,569.75,568.00,581.90,5635,32463,18584686.00,
532637,MAN DRUGORG ,B ,Q,108.05,111.50,107.60,111.05,110.90,107.75,249,14789,1612706.00,
532638,SHOPPER STOP,A ,Q,797.90,797.90,783.00,784.95,784.00,793.00,220,2518,1982894.00,
532640,CYBER MEDIA ,B ,Q,15.69,16.00,15.50,15.60,15.64,15.61,116,12828,202235.00,
532641,NDL         ,B ,Q,18.85,19.10,18.85,19.09,19.09,19.01,119,9785,186122.00,
532642,JSWHL       ,B ,Q,4451.05,4535.55,4443.20,4501.00,4520.00,4489.55,57,181,814856.00,
532644,JK CEMENT   ,A ,Q,3293.70,3293.70,3199.70,3248.55,3248.55,3196.30,695,2609,8427795.00,
532645,BEEYU OVERSE,X ,Q,1.93,1.93,1.80,1.80,1.80,1.93,37,29733,53930.00,
532648,YES BANK    ,A ,Q,16.98,17.09,16.85,16.93,16.93,16.95,14415,14451062,244831554.00,
532649,NECTAR LIFE ,B ,Q,26.45,26.45,25.35,25.51,25.51,26.45,960,268098,6919622.00,
532650,MSP STEEL   ,B ,Q,12.35,13.05,12.25,12.81,12.81,12.36,1313,580929,7328506.00,
532651,SPL INDS    ,B ,Q,64.50,65.27,63.10,64.34,64.34,65.01,123,14007,903626.00,
532652,KARNATAKA BK,A ,Q,205.05,207.50,202.50,203.75,204.00,204.70,2355,133733,27337111.00,
532654,MCLEOD RUSSE,B ,Q,18.99,19.30,18.51,18.80,18.77,18.79,91,12626,237281.00,
532656,FACOR ALLOYS,X ,Q,6.51,6.57,6.46,6.52,6.52,6.54,518,142609,926945.00,
532659,IDFC        ,A ,Q,114.20,115.90,113.60,115.60,115.60,113.60,4768,610453,70014737.00,
532661,RANE MADRAS ,B ,Q,639.45,658.30,633.05,640.10,639.30,635.70,316,2940,1901419.00,
532662,HT MEDIA    ,B ,Q,23.50,24.50,22.10,23.05,23.05,23.24,888,132907,3090915.00,
532663,SASKEN      ,B ,Q,953.60,955.25,930.00,931.50,934.45,947.45,318,1621,1526433.00,
532666,FCS SOFTWARE,B ,Q,2.29,2.36,2.25,2.26,2.26,2.33,1022,1483258,3385924.00,
532667,SUZLONENERGY,A ,Q,17.83,18.25,17.71,18.07,18.07,17.84,8844,17049710,307432853.00,
532668,AURIONPRO SO,T ,Q,1145.00,1197.00,1108.00,1157.40,1121.00,1140.65,529,15687,18320680.00,
532670,RENUKA SUGAR,A ,Q,46.37,46.63,45.50,45.70,45.70,46.37,3220,842352,38657222.00,
532673,KM SUGARMILL,B ,Q,26.93,26.93,26.36,26.46,26.37,26.48,169,11081,294068.00,
532674,BANNARI AMMA,B ,Q,45.61,45.75,45.05,45.10,45.10,45.30,64,3700,167739.00,
532676,PBA INFRASTR,B ,Q,8.38,8.38,8.05,8.26,8.26,8.05,31,5881,48241.00,
532683,AIAENGINEER ,A ,Q,3498.10,3545.25,3470.05,3514.80,3520.70,3490.25,441,1240,4345215.00,
532684,EVEREST KANT,B ,Q,118.10,118.25,115.50,115.90,115.55,117.75,591,285900,33405030.00,
532686,KERNEX MICRO,T ,Q,314.10,316.00,306.50,311.35,311.35,316.80,145,17660,5528066.00,
532687,REPRO INDIA ,B ,Q,804.65,827.70,782.35,793.40,804.00,813.95,531,2763,2210235.00,
532689,PVRINOX     ,A ,Q,1550.00,1559.20,1522.55,1528.35,1528.35,1547.95,813,12024,18491552.00,
532692,RADHA MADHAV,Z ,Q,1.70,1.71,1.70,1.71,1.71,1.72,3,1200,2051.00,
532694,BARTRONICSIN,Z ,Q,12.76,12.76,12.52,12.55,12.55,12.51,91,95780,1217858.00,
532695,CELEBRITYFAS,B ,Q,13.05,13.13,12.60,12.85,12.82,12.95,168,14518,186281.00,
532698,NITINSPINNER,B ,Q,236.15,236.15,231.25,233.10,233.00,234.15,277,6522,1526652.00,
532699,ROYALORCH   ,B ,Q,345.20,349.00,342.90,347.05,347.00,346.40,381,5730,1982521.00,
532700,ENT NETWORK ,B ,Q,149.45,151.00,145.05,147.25,147.00,148.35,261,6878,1021827.00,
532701,CELLA       ,Z ,Q,8.49,8.49,7.73,8.45,8.45,8.09,21,12796,105779.00,
532702,GUJ PETRONET,A ,Q,279.15,287.80,279.15,286.60,286.60,284.90,916,17200,4914240.00,
532705,JAGRAN PRAK ,B ,Q,101.38,101.85,100.10,101.00,101.05,100.48,456,15290,1544304.00,
532707,DYNEMIC PRO ,B ,Q,307.20,309.80,300.90,307.80,307.95,300.60,295,2742,838019.00,
532708,GVK POWERINF,B ,Q,2.55,2.55,2.50,2.52,2.52,2.54,320,770265,1942926.00,
532710,SADBHAV ENGG,T ,Q,10.20,10.50,10.20,10.42,10.42,10.41,102,60104,623708.00,
532712,REL COM LTD ,T ,Q,1.27,1.29,1.24,1.27,1.27,1.28,720,1201080,1522252.00,
532713,SAKUMA EXPO ,B ,Q,14.80,15.30,14.62,14.87,14.87,14.65,510,126135,1882317.00,
532714,KEC INTERN  ,A ,Q,646.85,655.10,627.70,634.60,634.60,647.35,1654,17325,11002067.00,
532716,GILLA ARBUT ,B ,Q,73.00,75.75,72.06,73.25,73.40,72.53,513,26990,1981669.00,
532717,INDOTECHTR  ,T ,Q,468.00,468.00,438.00,448.80,449.00,456.10,66,2310,1030103.00,
532719,BL KASHYAP  ,B ,Q,41.51,42.55,41.51,41.82,41.70,41.81,228,46560,1951017.00,
532720,M&M FINANSER,A ,Q,313.95,315.30,289.10,299.35,299.35,311.70,10760,700580,210901535.00,
532721,VISA STEEL  ,T ,Q,14.60,14.60,13.50,13.56,13.56,14.13,45,8666,119991.00,
532722,NITCO TILES ,B ,Q,18.95,19.07,18.64,18.87,18.86,18.75,59,6884,129904.00,
532723,MPDL        ,X ,Q,23.50,23.50,21.83,22.93,22.93,22.96,20,1843,41395.00,
532725,SOLAR IND   ,A ,Q,3836.15,3860.90,3807.45,3814.00,3811.05,3838.25,272,876,3358657.00,
532726,GALLANTT    ,B ,Q,86.00,90.89,86.00,88.47,88.47,85.82,1546,175369,15546710.00,
532728,MALU PAPER  ,B ,Q,31.84,32.23,31.84,31.84,31.84,31.59,5,1050,33623.00,
532729,UTTAM SUGAR ,B ,Q,374.85,381.90,360.30,362.65,364.25,374.80,558,14054,5175267.00,
532730,STL GLOBAL  ,B ,Q,14.60,14.60,13.80,14.03,14.00,14.00,46,1227,17351.00,
532732,KEWAL KIRAN ,B ,Q,688.70,704.05,684.55,691.05,696.70,688.65,251,2605,1808023.00,
532733,SUN TVNET   ,A ,Q,534.65,554.50,534.65,542.85,542.85,530.30,3860,108859,59381640.00,
532734,GODAWARI POW,A ,Q,533.05,562.05,533.05,544.20,544.20,545.85,4009,133893,73319119.00,
532735,RSYSTEMINT  ,B ,Q,458.15,463.55,452.25,461.25,460.25,453.60,330,4401,2021980.00,
532737,EMKAY GLOB F,B ,Q,80.95,82.00,78.72,79.19,78.72,80.84,38,2123,171006.00,
532740,LOKESH MACH ,T ,Q,190.00,191.90,186.00,188.00,190.00,189.45,53,7567,1421501.00,
532741,KAMDHENU    ,B ,Q,309.00,309.00,300.45,304.70,304.70,306.25,229,7404,2255414.00,
532742,PAUSHAKLTD  ,A ,Q,6719.00,6825.00,6650.00,6788.60,6780.00,6719.75,445,1121,7605614.00,
532744,GTN TEXTILE ,X ,Q,11.33,11.33,11.15,11.15,11.15,11.33,9,337,3769.00,
532745,INDICAP     ,X ,Q,27.03,28.20,26.99,27.35,27.35,27.03,45,2701,73161.00,
532748,PRIME FOCUS ,B ,Q,113.45,115.35,112.65,114.95,114.95,113.80,377,10817,1236575.00,
532749,ALLCARGO    ,A ,Q,300.00,308.95,300.00,305.70,307.00,300.70,2207,52755,16121452.00,
532754,GMRINFRA    ,A ,Q,49.69,50.81,49.31,50.49,50.49,49.24,4296,1183438,59475126.00,
532755,TECH MAH    ,A ,Q,1100.35,1100.35,1085.00,1090.75,1090.75,1100.30,9455,148968,162559302.00,
532756,CIEINDIA    ,A ,Q,470.00,475.40,459.05,473.75,473.75,475.10,1657,27962,13034459.00,
532757,VOLTAMP TRAN,A ,Q,4547.25,4579.35,4458.35,4473.35,4494.50,4533.15,279,720,3238113.00,
532759,ATLANTA     ,T ,Q,14.45,14.94,14.06,14.50,14.50,14.71,42,13498,194574.00,
532760,DEEPENR     ,T ,Q,121.70,121.70,118.55,121.20,121.70,120.25,14,982,117082.00,
532762,ACTION CONST,A ,Q,739.95,742.55,670.40,692.95,692.95,734.40,3217,63977,45537210.00,
532764,GEECEE      ,B ,Q,180.40,181.00,178.90,180.95,180.95,180.05,81,977,176092.00,
532766,RICHA IND   ,Z ,Q,1.25,1.31,1.25,1.26,1.26,1.25,11,8739,10966.00,
532768,FIEM INDS   ,A ,Q,1899.95,1900.00,1860.35,1870.85,1867.70,1883.65,473,1831,3426582.00,
532771,JHS SVEN    ,T ,Q,21.00,21.00,20.40,20.98,21.00,21.00,34,7067,146616.00,
532772,DCBBANK     ,A ,Q,129.35,131.85,128.25,128.55,128.55,129.70,2012,154934,20126906.00,
532773,GLOBAL VECT ,T ,Q,77.55,77.55,74.20,75.37,74.23,77.69,37,10730,809287.00,
532774,INSPIRISYS  ,T ,Q,67.35,72.49,67.35,71.39,71.39,70.61,23,3091,215249.00,
532775,GTL INFRAST ,A ,Q,0.77,0.77,0.75,0.76,0.76,0.76,9207,21642038,16474221.00,
532776,SHIVAM AUTO ,B ,Q,27.24,27.24,26.49,26.90,26.76,26.80,272,11333,303638.00,
532777,INFO EDGE   ,A ,Q,4570.80,4624.55,4546.80,4576.70,4562.75,4570.80,1507,6953,31889851.00,
532779,TORNT POWER ,A ,Q,639.95,682.00,629.25,673.10,673.10,632.75,7329,149631,98771666.00,
532780,PARSVNATH   ,B ,Q,7.05,7.35,7.05,7.31,7.33,7.20,190,17303,125264.00,
532782,SUTLEJ TEXT ,B ,Q,47.35,47.60,46.45,47.41,47.60,47.00,123,8603,404135.00,
532783,DAAWAT      ,A ,Q,158.05,166.45,158.00,165.30,165.30,159.50,3891,269577,43952284.00,
532784,SOBHA       ,A ,Q,619.05,638.05,617.10,628.40,627.80,621.40,1492,32492,20426316.00,
532785,RUCHIRA PAP ,B ,Q,110.00,110.50,109.25,109.75,110.00,109.70,92,2322,255312.00,
532790,TANLA       ,A ,Q,1249.90,1264.00,1211.00,1222.20,1220.10,1213.65,3870,63081,78043714.00,
532794,ZEEMEDIA    ,B ,Q,10.10,11.06,10.03,11.01,11.01,10.06,3104,5155434,55750288.00,
532795,SITINET     ,T ,Q,0.83,0.83,0.83,0.83,0.83,0.84,75,12701,10541.00,
532796,LUMAX TECH  ,B ,Q,363.90,374.90,362.10,372.15,373.15,361.25,857,13212,4900480.00,
532797,AUTOIND     ,B ,Q,81.70,84.00,81.50,81.80,81.80,83.14,331,18438,1526357.00,
532798,NTWK MED INV,A ,Q,57.41,59.50,57.41,58.58,58.58,57.38,570,77335,4510040.00,
532799,HUBTOWN     ,T ,Q,46.52,48.00,46.20,46.63,46.35,46.52,41,3244,151050.00,
532800,TV18BRDCST  ,A ,Q,39.50,41.00,39.46,40.28,40.28,39.49,1613,487780,19688958.00,
532801,CAMBRIDGE   ,T ,Q,60.49,60.49,58.20,59.58,59.50,59.30,56,17226,1032668.00,
532804,TECHNOCRAFT ,B ,Q,1690.65,1715.00,1669.45,1689.10,1691.90,1676.60,396,1645,2786104.00,
532805,REDINGTON   ,A ,Q,182.05,183.05,180.20,181.20,181.20,182.30,2195,99595,18053533.00,
532806,AI CHAMPDNY ,XT,Q,33.75,34.00,32.40,33.90,33.90,32.45,33,2440,82073.00,
532807,CINELINE    ,B ,Q,84.72,87.20,84.45,86.03,86.50,83.72,47,2261,194821.00,
532808,PGIL        ,B ,Q,620.05,638.95,620.05,622.35,625.60,625.90,428,4702,2962556.00,
532809,FSL         ,A ,Q,137.05,141.40,136.95,140.85,140.85,137.45,7057,344049,48080233.00,
532810,POWER FINAN ,A ,Q,254.95,260.15,252.05,255.75,255.75,253.50,9231,788435,201422104.00,
532811,AHLUWALIA CO,B ,Q,720.50,720.50,696.10,699.45,698.15,708.40,254,1249,880047.00,
532812,TRANSWARRANT,B ,Q,10.74,11.03,10.40,11.01,11.03,10.74,34,2253,24541.00,
532814,INDIAN BANK ,A ,Q,334.95,345.70,330.25,342.45,342.45,328.35,3729,235886,80294186.00,
532815,SMS PHARMACE,B ,Q,116.40,120.00,115.11,116.48,116.40,115.34,756,28582,3348817.00,
532817,ORIENTAL    ,B ,Q,6.05,6.05,5.97,6.04,6.04,6.03,50,6049,36396.00,
532820,ELAND       ,X ,Q,5.70,5.79,5.55,5.60,5.62,5.80,34,10432,58564.00,
532822,IDEA        ,A ,Q,8.52,8.56,8.26,8.33,8.33,8.47,46170,28275792,235686273.00,
532826,RAJ TELE    ,T ,Q,45.43,45.43,43.71,43.71,43.71,43.32,7,645,29159.00,
532827,PAGE INDUSTR,A ,Q,37081.05,37440.00,37081.05,37307.25,37230.05,37249.75,342,469,17499726.00,
532828,AMD INDUS   ,T ,Q,67.60,69.80,66.20,66.57,66.44,67.24,56,5054,346936.00,
532829,LEHAR       ,XT,Q,144.15,144.15,144.15,144.15,144.15,147.05,13,13386,1929591.00,
532830,ASTRAL      ,A ,Q,1908.95,1927.80,1892.10,1906.85,1906.85,1900.95,3230,26280,50233660.00,
532832,INDBUL REAL ,A ,Q,67.31,70.70,67.31,68.67,68.67,67.38,6729,1631926,113019855.00,
532834,CAMLINFINE  ,A ,Q,155.35,157.90,155.35,156.70,156.05,157.55,305,44054,6886459.00,
532835,ICRA        ,A ,Q,5302.85,5469.80,5302.85,5370.65,5357.10,5575.95,178,553,2993508.00,
532839,DISH TV     ,A ,Q,17.28,17.80,17.25,17.51,17.51,17.47,2744,3570067,62222761.00,
532841,SAHYA INDU  ,B ,Q,401.05,407.20,400.00,401.30,400.00,402.90,223,4156,1668152.00,
532842,SREE RAYALA ,B ,Q,740.50,750.55,720.00,724.85,723.10,749.20,1430,12554,9165847.00,
532843,FORTIS      ,A ,Q,335.00,337.20,330.30,334.85,335.00,336.55,1453,38892,12973221.00,
532845,TGBHOTELS   ,T ,Q,9.69,9.71,9.50,9.71,9.71,9.25,10,3815,36559.00,
532847,HILTON MET  ,T ,Q,167.00,167.90,158.60,161.80,160.85,164.90,61,2759,446984.00,
532848,DELTA CORP  ,A ,Q,197.10,204.40,195.60,196.45,196.45,196.30,13071,1294104,258699999.00,
532850,MIC ELECTRON,T ,Q,29.95,29.95,29.80,29.90,29.90,28.53,234,100395,3006657.00,
532851,INSECTCID   ,B ,Q,427.05,439.95,425.00,427.95,425.00,428.90,351,3540,1515412.00,
532853,ASAHI SONG  ,B ,Q,233.85,235.60,228.80,234.35,234.55,230.25,45,341,79043.00,
532855,HARYA CAPFIN,X ,Q,65.10,65.10,65.00,65.04,65.04,65.50,5,508,33044.00,
532856,TIME TECHNO ,A ,Q,136.75,137.70,135.50,135.95,135.90,136.70,670,40368,5512525.00,
532859,HGSL        ,A ,Q,1056.10,1070.00,1050.00,1059.15,1066.20,1060.15,564,4332,4604394.00,
532864,NELCAST     ,B ,Q,108.10,108.10,105.54,105.80,105.80,107.25,149,10303,1091071.00,
532867,V2RETAIL    ,T ,Q,130.00,139.65,128.95,139.65,139.65,133.00,104,17268,2389149.00,
532868,DLF LIMITED ,A ,Q,510.10,517.75,505.00,515.85,515.85,510.15,2893,154861,79270818.00,
532869,TARMAT      ,B ,Q,65.04,65.04,63.70,64.42,64.45,63.95,10,294,18840.00,
532872,SUNPHA ADV  ,A ,Q,234.05,240.80,233.70,239.00,239.00,234.15,2127,83104,19804652.00,
532875,ALLIED DIGIT,B ,Q,146.95,147.10,141.65,142.90,142.90,143.95,1129,68851,9932644.00,
532878,ALPA LAB    ,B ,Q,72.40,72.40,69.71,69.79,69.71,71.02,60,8909,630070.00,
532879,SIR SHADI LA,X ,Q,140.00,140.00,125.00,125.45,129.65,133.75,38,1460,184558.00,
532880,OMAXE LTD   ,B ,Q,47.25,47.51,46.71,46.94,47.20,46.96,59,312745,14745807.00,
532884,REFEX       ,B ,Q,769.10,807.45,769.10,807.20,807.45,769.00,3815,106922,85919667.00,
532885,CENTRAL BK  ,A ,Q,30.36,30.71,30.12,30.18,30.18,30.47,2321,604004,18315941.00,
532886,SEL MANUF   ,T ,Q,102.00,104.95,102.00,104.95,104.95,102.90,30,1681,175751.00,
532888,ASIAN GRANIT,B ,Q,45.32,46.88,45.32,45.59,45.56,46.17,345,62192,2857224.00,
532889,K.P.R. MILL ,A ,Q,630.95,643.85,625.85,640.80,640.80,625.25,2132,20159,12792128.00,
532890,TAKE SOLUT  ,B ,Q,17.56,17.68,17.26,17.28,17.28,17.45,373,34431,598622.00,
532891,PURAVANKARA ,B ,Q,101.16,104.50,101.16,103.26,104.31,100.61,976,51124,5251606.00,
532892,MOTILALOFS  ,A ,Q,858.75,888.70,816.15,822.00,822.00,816.55,3804,78945,67226407.00,
532893,VTM LTD     ,X ,Q,52.20,61.70,51.05,59.23,59.23,51.85,397,113214,6566227.00,
532894,IWIND ENERGY,T ,Q,12.75,13.00,12.45,12.55,12.59,12.55,182,59376,753022.00,
532895,NAGREKA CAP ,T ,Q,19.00,19.69,18.71,18.90,19.69,19.69,12,616,11602.00,
532896,MAGNUM VENT ,T ,Q,35.99,35.99,35.99,35.99,35.99,36.72,19,7127,256500.00,
532898,POWER GRID  ,A ,Q,252.00,261.00,250.10,258.25,258.25,250.60,5974,473690,121938402.00,
532899,KAVERI SEED ,A ,Q,564.50,573.50,560.65,569.55,568.00,566.90,675,7111,4039005.00,
532900,PAISALO     ,A ,Q,54.90,55.25,54.25,55.09,55.09,54.50,501,95858,5259554.00,
532904,SUPREME INFR,T ,Q,22.90,22.90,22.50,22.50,22.50,22.71,5,4070,91576.00,
532906,MAANALU     ,T ,Q,97.00,97.20,96.00,97.20,97.20,92.60,284,24390,2369326.00,
532907,ILFSENGG    ,Z ,Q,17.33,17.33,17.33,17.33,17.33,16.51,34,14862,257558.00,
532911,PARLEIND    ,X ,Q,7.06,7.06,6.92,7.04,7.04,6.92,378,58317,407415.00,
532915,RELIGARE ENT,A ,Q,165.15,168.75,163.05,164.35,164.35,167.80,706,54405,9018588.00,
532916,BARAK VALL  ,T ,Q,35.00,35.50,34.01,35.20,35.20,35.00,11,1187,41933.00,
532918,RATHI BARS  ,X ,Q,26.00,26.00,24.80,25.00,25.00,25.42,55,13540,338190.00,
532921,ADANI PORTS ,A ,Q,749.70,760.50,743.85,755.75,755.75,749.70,10231,296705,223585503.00,
532922,EDELWEISS   ,A ,Q,48.05,48.13,47.61,47.85,47.85,48.07,706,175067,8369290.00,
532923,RGL         ,B ,Q,100.50,101.35,99.35,99.90,99.90,100.00,144,18266,1834341.00,
532924,KOLTEPATIL  ,B ,Q,384.05,423.10,384.05,420.20,420.20,385.40,3948,95659,38928404.00,
532925,KAUSHAL INFR,T ,Q,4.65,4.78,4.65,4.78,4.78,4.77,33,13461,62829.00,
532926,JYOTHYLAB   ,A ,Q,305.00,313.55,289.70,304.45,304.45,305.65,6750,229345,68887874.00,
532927,ECLERX      ,A ,Q,1655.05,1727.10,1655.05,1715.70,1708.95,1653.00,1128,7116,12139432.00,
532928,TRIL        ,B ,Q,89.10,90.69,87.75,88.80,88.80,88.63,753,50897,4531338.00,
532929,BRIGADE     ,A ,Q,580.50,586.60,577.95,581.60,581.20,577.95,469,2870,1675753.00,
532930,BGR ENERGY  ,B ,Q,58.84,59.20,57.78,58.01,57.84,58.70,149,6055,353334.00,
532931,BURNPUR     ,B ,Q,4.25,4.29,4.15,4.24,4.25,4.25,266,87414,368086.00,
532932,MANAKSIA LTD,B ,Q,145.00,149.25,140.00,141.45,141.45,146.75,549,17689,2544022.00,
532933,PORWAL AUTO ,XT,Q,26.79,26.79,24.66,25.94,25.94,25.95,37,16361,406812.00,
532934,PPAP        ,B ,Q,211.15,211.55,206.60,209.60,209.80,210.05,51,1150,240286.00,
532935,ARIES AGRO  ,B ,Q,172.90,172.90,164.30,164.75,165.00,166.15,273,3362,556431.00,
532937,KUANTUM     ,B ,Q,191.95,191.95,185.05,186.05,186.05,188.80,247,11505,2157976.00,
532939,RPOWER      ,A ,Q,16.51,16.74,15.86,16.12,16.12,16.51,11139,24287397,392782866.00,
532940,J KUMAR INFR,A ,Q,337.05,345.60,337.05,340.60,340.60,343.55,1146,39978,13647129.00,
532941,CORDS CABLE ,T ,Q,95.70,96.40,92.50,93.23,93.23,95.74,111,7746,728381.00,
532942,KNR CONST   ,A ,Q,241.15,245.75,241.15,244.25,243.50,244.55,291,5492,1342705.00,
532944,ONMOBILE    ,B ,Q,76.53,77.38,75.67,75.79,75.75,76.35,714,72633,5559721.00,
532945,SEPC        ,B ,Q,13.97,13.97,13.24,13.24,13.24,13.93,1791,905684,12165254.00,
532946,BANG        ,B ,Q,44.49,44.58,43.82,44.55,44.55,43.90,16,1037,45880.00,
532947,IRB INFRA   ,A ,Q,25.50,26.96,25.41,26.66,26.66,25.41,5519,2922575,76487605.00,
532951,GSS INFOTECH,B ,Q,180.00,190.05,178.95,181.50,182.25,178.65,271,61165,11269873.00,
532952,NAHAR CAP   ,B ,Q,290.00,296.65,283.00,289.15,287.10,290.30,104,756,217879.00,
532953,V GUARD IND ,A ,Q,282.85,287.45,281.60,286.25,286.65,280.00,580,7622,2176466.00,
532955,RECLTD      ,A ,Q,189.05,196.85,188.00,194.35,194.35,188.25,19848,2600133,500785752.00,
532957,GOKAK TEXTI ,XT,Q,32.76,32.76,32.76,32.76,32.76,33.42,4,905,29647.00,
532960,DHANI       ,A ,Q,36.81,38.81,36.81,38.55,38.46,37.32,2486,379030,14446353.00,
532966,TITAGARH    ,A ,Q,679.85,679.85,633.00,662.55,662.55,677.70,3857,71960,47117521.00,
532967,KIRI DYES   ,A ,Q,281.30,286.30,280.55,283.70,283.10,281.55,138,2166,616015.00,
532974,ABML        ,B ,Q,61.95,61.95,59.36,59.58,59.36,59.91,91,4094,244448.00,
532976,JAIBALA IND ,T ,Q,149.49,149.49,149.49,149.49,149.49,142.38,21,7546,1128051.00,
532977,BAJAJ AUTO  ,A ,Q,4850.05,4901.90,4835.00,4895.05,4896.90,4850.75,804,4606,22447306.00,
532978,BAJAJ FINSE ,A ,Q,1619.00,1627.10,1570.00,1584.15,1584.15,1612.30,6177,164442,260725959.00,
532980,GOKUL REFOIL,B ,Q,31.61,32.20,30.90,31.56,31.40,31.36,272,13738,433582.00,
532983,RPG LIFESCI ,B ,Q,1052.00,1060.00,1034.00,1039.55,1042.85,1024.80,902,7853,8194114.00,
532985,KOTAK SENSEX,A ,Q,70.98,70.98,70.25,70.60,70.60,70.93,65,764,53929.00,
532986,NIRAJ CEMENT,B ,Q,29.11,31.69,29.11,31.40,31.40,31.46,19,185,5745.00,
532987,RANE BRAKE  ,B ,Q,757.05,757.10,739.20,742.55,739.20,751.30,469,3349,2497401.00,
532988,RANE ENGVL  ,T ,Q,320.00,320.25,310.00,316.00,316.00,312.45,18,940,298586.00,
532992,CHL LTD     ,X ,Q,19.20,19.20,18.30,19.20,19.20,19.20,7,438,8398.00,
532993,SEJAL       ,T ,Q,232.60,232.60,227.50,230.00,230.00,232.85,5,258,59046.00,
532994,ARCHIDPLY IN,T ,Q,72.65,72.85,71.50,72.52,72.85,72.00,29,1190,86096.00,
532998,LEHIL       ,T ,Q,96.00,96.00,92.00,95.43,93.00,95.55,27,1780,169583.00,
533001,SOMI CONVEY ,T ,Q,60.31,60.31,60.31,60.31,60.31,61.54,8,13217,797117.00,
533007,LGB FORGE   ,B ,Q,9.00,9.37,8.98,9.00,9.02,9.17,106,36447,329361.00,
533012,LANDMRK PRO ,B ,Q,6.09,6.30,5.85,5.99,5.99,6.03,27,1073,6407.00,
533014,SICAGEN IND ,XT,Q,38.40,40.45,38.40,39.56,39.56,39.56,104,12284,486448.00,
533018,SIMPLEX MIL ,XT,Q,2539.95,2547.30,2432.00,2432.00,2432.00,2426.00,6,8,20137.00,
533019,SIMPLEX PAP ,XT,Q,1089.00,1091.50,1025.05,1091.30,1090.00,1039.55,71,330,358273.00,
533022,20 MICRONS  ,T ,Q,119.15,119.15,118.84,118.84,118.84,121.26,134,37952,4517142.00,
533023,ZFCVINDIA   ,A ,Q,12044.20,12500.00,11890.20,12393.85,12454.90,11968.30,257,400,4856351.00,
533029,ALKALI      ,T ,Q,107.15,110.00,104.00,104.65,104.10,108.10,44,3239,343597.00,
533033,ISGEC       ,A ,Q,720.65,738.00,718.05,726.75,725.00,721.55,903,9614,6992065.00,
533047,INDIAN MET  ,B ,Q,362.90,369.95,355.25,357.40,358.85,360.05,335,10119,3643280.00,
533048,GI ENGINERG ,T ,Q,10.01,10.01,10.01,10.01,10.01,10.21,20,4765,47697.00,
533056,VEDAVAAG    ,X ,Q,53.00,53.93,52.00,52.49,52.49,53.25,222,31121,1639570.00,
533080,MOLDTKPACK  ,A ,Q,1022.45,1026.35,1014.45,1021.15,1019.60,1021.30,233,1462,1492064.00,
533088,MAH HOLIDAY ,A ,Q,349.15,349.15,331.20,331.70,333.65,345.35,760,15321,5142499.00,
533090,EXCEL       ,T ,Q,0.37,0.37,0.36,0.37,0.37,0.37,335,1170211,429750.00,
533093,RAJ OIL     ,B ,Q,56.42,56.42,53.15,54.86,55.60,53.74,615,60017,3306554.00,
533095,BENGLA& ASM ,A ,Q,4997.35,5029.30,4931.45,4950.00,4950.00,4920.05,41,115,569625.00,
533096,ADANI POWER ,A ,Q,253.45,260.00,251.20,258.55,258.55,253.10,17393,1110987,285786585.00,
533098,NHPC        ,A ,Q,48.76,50.53,48.76,50.22,50.22,49.20,4714,1773440,88628376.00,
533101,SURYAMBA SP ,XT,Q,178.90,186.85,176.05,181.95,181.95,181.00,13,585,103403.00,
533104,GLOBUS SPR  ,A ,Q,1010.05,1018.45,972.10,975.40,975.40,1009.45,3525,34560,34116066.00,
533106,OIL INDIA   ,A ,Q,272.05,273.15,269.00,271.40,271.00,273.50,1817,71076,19277111.00,
533108,BHILWRA TEC ,X ,Q,15.58,15.80,15.30,15.34,15.30,15.58,84,13937,215198.00,
533110,SH PRECOTED ,X ,Q,14.00,15.50,14.00,15.50,15.50,14.60,15,655,9374.00,
533121,EXPLEOSOL   ,B ,Q,1575.10,1617.70,1575.10,1588.90,1582.05,1600.35,227,817,1303295.00,
533122,RTNPOWER    ,A ,Q,4.88,4.90,4.80,4.85,4.85,4.86,2534,5200063,25210981.00,
533137,DEN NETWORK ,B ,Q,40.53,42.40,40.15,42.12,42.12,40.33,3112,616206,25511102.00,
533138,ASTEC LIFE  ,A ,Q,1230.00,1271.10,1201.90,1256.00,1246.70,1229.45,312,2163,2699796.00,
533146,DLINK IND   ,B ,Q,310.00,312.25,301.85,307.70,311.80,307.70,696,22939,7017486.00,
533148,JSW ENERGY  ,A ,Q,289.25,294.75,288.05,292.45,292.45,289.25,1244,75346,21995075.00,
533149,ESSAR SECU  ,XT,Q,7.16,7.35,7.16,7.16,7.16,7.53,75,50374,361109.00,
533150,GODREJ PROP ,A ,Q,1708.00,1768.80,1706.95,1752.15,1752.15,1705.65,4241,48176,84277500.00,
533151,D B CORP    ,B ,Q,216.30,223.55,214.00,219.95,219.95,220.70,1383,27816,6076803.00,
533152,MBLINFRA    ,T ,Q,20.40,20.40,20.05,20.05,20.05,20.43,33,9231,187298.00,
533155,JUBL FOOD   ,A ,Q,472.00,478.20,469.60,477.40,477.40,471.75,5037,101759,48395946.00,
533156,VASCON ENG  ,B ,Q,43.40,44.84,43.31,44.08,44.08,43.40,1007,209374,9215410.00,
533158,THANGAMAYIL ,B ,Q,1195.00,1325.80,1189.60,1312.45,1312.45,1177.30,4826,59282,74328647.00,
533160,D B REALTY  ,A ,Q,77.05,82.00,75.34,79.98,79.64,76.48,1329,105204,8394077.00,
533161,EMMBI       ,B ,Q,92.10,93.70,91.00,91.89,91.89,91.83,24,1078,99888.00,
533162,HATHWAY CAB ,B ,Q,15.11,15.94,15.11,15.85,15.85,15.32,824,896101,13991544.00,
533163,ARSS INFRA  ,T ,Q,19.00,19.35,18.60,19.03,19.35,19.25,9,551,10381.00,
533164,TEXMO PIPES ,B ,Q,56.00,57.59,56.00,57.22,57.18,57.38,176,11886,679259.00,
533166,SUNDARAMMUL ,B ,Q,2.10,2.14,2.06,2.11,2.11,2.11,141,264274,553981.00,
533167,CORO ENGG   ,X ,Q,40.25,41.00,39.50,39.95,39.95,39.56,52,11704,470116.00,
533168,ROSSELL IND ,B ,Q,433.05,453.25,433.05,451.90,453.00,439.60,534,10233,4601418.00,
533169,MAN INFRA   ,B ,Q,122.15,123.40,120.85,121.60,121.60,121.55,2793,288851,35365646.00,
533170,TAMBOLI CAP ,X ,Q,143.10,143.10,140.05,141.70,141.70,141.95,40,4003,566332.00,
533177,IL&FS TRANS ,Z ,Q,2.84,2.85,2.75,2.84,2.84,2.85,20,6592,18577.00,
533179,PERSISTENT  ,A ,Q,4735.00,4752.30,4683.90,4697.30,4697.30,4724.60,1756,11888,56196143.00,
533181,INTRASOFT   ,B ,Q,131.00,133.65,127.20,129.30,129.50,132.95,89,2118,273695.00,
533189,GOENKA DIAM ,Z ,Q,0.84,0.84,0.78,0.83,0.83,0.80,46,125512,104780.00,
533192,KCP SUGAR IN,B ,Q,28.05,28.60,28.05,28.17,28.16,28.45,310,33949,960689.00,
533193,KIRLOSKAR EL,T ,Q,118.30,120.90,118.05,118.90,118.90,118.55,232,27935,3336607.00,
533202,SATCH       ,XT,Q,2.72,2.79,2.61,2.66,2.70,2.70,36,19043,51391.00,
533203,TARAPUR TRA ,T ,Q,5.00,5.00,4.95,4.95,4.95,5.05,8,3106,15374.00,
533206,SJVN        ,A ,Q,56.00,58.25,55.50,55.81,55.81,56.02,8266,2539887,143761175.00,
533208,EMAMI PAPER ,B ,Q,126.05,130.00,121.90,122.70,122.90,127.50,108,4343,549539.00,
533210,KRITI NUTRI ,T ,Q,78.00,81.00,76.00,78.18,78.45,79.95,281,17412,1356276.00,
533212,GKB OPHTHA  ,X ,Q,86.95,86.95,84.01,85.14,84.10,85.17,59,3733,316002.00,
533217,HMVL        ,T ,Q,66.85,66.85,63.63,63.80,63.65,66.18,36,7092,462828.00,
533218,EMAMIREAL   ,B ,Q,65.05,69.00,65.05,68.31,68.50,64.18,174,10214,688580.00,
533227,ASIAN HTL E ,B ,Q,125.20,125.20,124.90,124.90,124.90,121.85,2,105,13116.00,
533229,BAJAJCON    ,A ,Q,209.80,213.00,208.55,211.15,211.25,210.10,630,23809,4994729.00,
533230,HDFCGOLD    ,E ,Q,52.01,52.13,51.85,52.00,52.05,52.26,335,45412,2361047.00,
533239,PRAKASHSTL  ,B ,Q,4.40,4.48,4.40,4.44,4.44,4.42,191,76709,340032.00,
533244,ICICIGOLD   ,E ,Q,52.17,52.28,51.90,52.05,52.07,52.44,381,12851,668717.00,
533248,GPPL        ,A ,Q,118.50,120.20,117.85,119.35,119.15,118.85,957,112387,13326676.00,
533259,SASTASUNDR  ,B ,Q,254.50,263.25,254.50,259.95,256.00,258.55,212,11711,3053851.00,
533260,CAREERP     ,T ,Q,194.00,200.00,190.25,192.80,195.30,193.05,23,632,123324.00,
533261,EROS MEDIA  ,B ,Q,18.70,19.14,18.70,18.91,18.90,18.97,167,33989,643653.00,
533262,RAMKY INFRA ,B ,Q,423.05,426.00,412.55,417.00,421.30,417.65,222,1477,620808.00,
533263,GREENPOWER  ,B ,Q,13.37,13.44,12.82,12.94,12.94,13.20,4376,3179326,41698978.00,
533267,CANTABIL    ,B ,Q,991.70,1030.00,982.00,983.30,983.65,986.95,57,241,240114.00,
533268,SEATV       ,X ,Q,3.06,3.06,3.06,3.06,3.06,3.06,2,21,64.00,
533269,VATECH WABA ,A ,Q,518.60,531.50,511.70,524.25,524.25,517.60,1140,14631,7664837.00,
533270,BEDMUTHA IN ,B ,Q,69.80,72.10,67.77,68.31,68.31,71.22,229,8300,578042.00,
533271,ASHOKA      ,A ,Q,98.55,99.00,96.50,98.30,98.30,98.46,803,84529,8259071.00,
533272,JWL         ,B ,Q,232.10,232.10,216.10,216.10,216.10,227.45,1786,100084,21863435.00,
533273,OBEROI REAL ,A ,Q,1121.60,1127.00,1101.05,1121.50,1118.90,1113.55,1554,17548,19607417.00,
533274,PRESTIGE    ,A ,Q,547.45,598.00,547.45,590.20,590.20,546.65,9807,229408,133594642.00,
533275,SHAH        ,B ,Q,3.02,3.14,3.00,3.04,3.04,3.01,721,953889,2937504.00,
533278,COAL INDIA  ,A ,Q,229.25,229.85,226.85,227.25,227.25,229.10,7417,374311,85366326.00,
533282,GRAVITA     ,A ,Q,669.95,669.95,652.10,657.95,657.95,670.85,1858,19370,12818736.00,
533284,RPP INFRA   ,T ,Q,61.00,61.50,59.10,59.99,60.00,60.99,175,17658,1063919.00,
533285,RDB REALTY  ,XT,Q,56.45,56.45,52.00,52.30,52.21,54.21,51,7602,400627.00,
533286,MOIL LTD    ,A ,Q,183.80,187.20,183.35,183.90,183.80,183.35,606,75172,13883499.00,
533287,ZEE LEARN   ,T ,Q,3.20,3.24,2.94,3.24,3.24,3.09,411,512622,1620485.00,
533289,KESAR TERMI ,X ,Q,39.00,39.88,39.00,39.08,39.79,38.85,18,772,30217.00,
533292,A2ZINFRA    ,T ,Q,6.97,7.09,6.80,6.82,6.88,7.11,130,110326,756138.00,
533293,KIRLOIL ENG ,A ,Q,414.35,449.00,414.35,439.65,439.65,422.25,4200,81534,36003044.00,
533295,PUNJABNSIND ,B ,Q,33.69,33.69,33.01,33.09,33.19,33.37,475,82903,2758186.00,
533296,FMNL        ,B ,Q,5.28,5.28,5.06,5.09,5.11,5.11,70,14569,74218.00,
533298,SURANASOL   ,T ,Q,25.70,26.20,25.53,25.53,25.53,26.87,308,53974,1381538.00,
533302,KALYANI INV ,B ,Q,1861.75,1875.95,1821.50,1847.00,1847.00,1819.85,24,145,265568.00,
533303,BF INVEST   ,B ,Q,387.95,387.95,372.00,377.15,376.60,379.45,141,1637,622255.00,
533306,SUMMIT SECU ,B ,Q,899.95,938.00,882.60,885.85,885.85,895.40,429,3821,3484549.00,
533315,INNO INVEST ,XT,Q,23.45,23.45,22.54,23.45,23.45,23.00,8,14001,325618.00,
533316,STEL        ,B ,Q,169.55,178.65,167.70,173.30,173.65,166.85,675,18180,3183367.00,
533320,JUBILNT IND ,B ,Q,511.20,520.50,507.30,519.95,517.40,507.30,78,418,214706.00,
533326,TEXMACO RAIL,A ,Q,103.69,105.00,101.15,104.08,104.08,102.91,9462,881395,91094011.00,
533329,IND TERRAIN ,B ,Q,55.06,58.00,53.29,56.73,56.16,55.36,248,26733,1498364.00,
533333,FINEOTEX  CH,A ,Q,296.00,299.85,292.15,294.25,294.25,300.15,1791,38549,11388882.00,
533336,DHUNINV     ,B ,Q,710.70,719.95,700.00,706.15,706.15,702.85,66,341,242817.00,
533339,ZEN TECH    ,A ,Q,632.10,634.60,616.05,626.70,626.70,629.15,2847,55040,34520489.00,
533343,LOVABLE     ,B ,Q,138.80,139.20,134.35,135.30,135.50,139.15,601,20101,2730356.00,
533344,PTCFIN SER  ,B ,Q,22.24,22.64,21.23,21.63,21.63,21.98,1641,358118,7859662.00,
533385,MON100      ,E ,Q,124.74,125.32,124.02,125.15,125.15,125.05,315,37402,4659130.00,
533398,MUTHOOT FIN ,A ,Q,1331.90,1337.10,1322.00,1331.10,1331.80,1331.10,853,8320,11065549.00,
533400,FCONSUMER   ,T ,Q,0.95,0.95,0.95,0.95,0.95,0.96,185,314284,298569.00,
533407,CIL NOVA    ,X ,Q,17.00,17.94,17.00,17.11,17.11,17.02,24,2549,43748.00,
533408,BSLGOLDETF  ,E ,Q,53.65,53.89,53.03,53.45,53.36,53.80,94,1954,104610.00,
533427,VMS INDUSTR ,X ,Q,16.45,16.93,16.05,16.58,16.71,15.98,69,8814,145525.00,
533451,KARMA ENERG ,B ,Q,45.00,45.54,44.07,44.50,44.50,45.21,63,2654,118480.00,
533452,DELPHIFX    ,B ,Q,387.55,393.65,378.00,382.10,378.00,377.45,34,338,130863.00,
533470,RUSHIL DECOR,B ,Q,294.50,297.00,283.85,286.40,286.50,293.15,512,6939,2022181.00,
533477,ENKEI WHEEL ,X ,Q,533.85,533.90,515.00,522.95,522.95,528.00,51,2278,1188519.00,
533482,KRIINFRA    ,T ,Q,1.96,2.10,1.96,1.98,1.96,2.04,26,9275,18530.00,
533506,INVENTURE   ,B ,Q,1.92,1.92,1.90,1.91,1.91,1.92,8768,923763,1762674.00,
533519,LNT FH      ,A ,Q,131.20,133.55,129.10,132.40,132.40,130.90,7407,1112207,146712434.00,
533520,YAARI       ,T ,Q,10.91,11.10,10.87,11.07,11.07,11.09,96,32819,358179.00,
533540,TREE HOUSE  ,B ,Q,16.93,17.00,16.25,16.58,17.00,16.64,40,2518,41733.00,
533543,BROOKS LABS ,B ,Q,87.41,91.50,84.74,87.38,87.17,89.80,302,18899,1645159.00,
533552,RUPA & CO   ,B ,Q,296.10,296.20,286.65,292.90,290.80,296.15,1569,38026,11059483.00,
533553,TD POWER    ,A ,Q,261.95,261.95,255.00,259.05,259.05,259.55,1037,37208,9603280.00,
533570,AXISGOLD    ,E ,Q,50.75,50.82,50.60,50.78,50.78,51.02,286,4744,240444.00,
533573,ALEM PHARMA ,A ,Q,734.75,793.10,731.25,781.00,775.30,732.15,4664,69489,53895665.00,
533576,VASWANI IND ,B ,Q,21.11,21.11,21.00,21.00,21.00,21.22,66,2698,56675.00,
533581,PG ELECTRO  ,B ,Q,1475.90,1529.80,1458.95,1514.80,1504.95,1466.70,348,1542,2314122.00,
533602,LESHAIND    ,XT,Q,3.88,4.04,3.77,3.89,3.92,3.85,474,231308,902365.00,
533608,RDB RASAYAN ,X ,Q,115.00,115.00,107.20,109.85,109.00,112.65,223,23138,2586994.00,
533629,TIJARIA PPL ,T ,Q,5.44,5.44,5.25,5.25,5.25,5.25,4,46,250.00,
533632,ONELIFE CAP ,B ,Q,12.00,12.60,12.00,12.03,12.03,12.14,35,1823,21994.00,
533638,FLEXITUFF   ,B ,Q,26.45,28.35,26.45,26.85,27.10,26.19,22,8725,238296.00,
533644,UJAAS       ,T ,Q,2.04,2.13,2.04,2.07,2.07,2.08,113,129555,270188.00,
533655,TRIVENITURB ,A ,Q,399.25,400.95,397.00,398.75,399.35,400.40,998,17226,6871165.00,
533676,INDO THAI   ,T ,Q,254.50,254.50,236.00,238.00,249.85,246.00,17,215,50915.00,
533704,ESSAR SHIP  ,T ,Q,11.05,11.35,10.70,10.89,10.89,11.00,124,50431,553315.00,
533719,IDBIGOLD    ,E ,Q,5474.00,5475.00,5387.00,5451.40,5451.40,5447.00,12,89,483934.00,
533758,APL APOLLO  ,A ,Q,1508.00,1544.70,1498.70,1538.65,1538.70,1505.45,1277,12865,19573472.00,
533761,GPT INFRA   ,T ,Q,75.00,76.00,73.50,75.71,75.95,74.74,193,9092,681040.00,
533896,FERVENTSYN  ,X ,Q,17.50,18.40,17.20,18.30,18.30,18.00,7,293,5213.00,
533941,TSIL        ,T ,Q,75.37,75.37,75.00,75.37,75.37,73.90,29,2571,193711.00,
533982,TERASOFTWARE,T ,Q,46.52,48.97,46.51,48.58,48.89,47.99,20,2588,122181.00,
534060,PMCFIN      ,X ,Q,1.52,1.54,1.48,1.50,1.52,1.51,1060,1145136,1724530.00,
534063,FUT SOL     ,XT,Q,61.99,61.99,61.99,61.99,61.99,63.25,3,100,6199.00,
534064,AIML        ,X ,Q,20.59,21.89,19.30,19.48,19.48,20.21,644,321861,6518008.00,
534076,RHIM        ,A ,Q,648.90,653.70,625.50,630.05,630.05,636.55,1605,21046,13505294.00,
534091,MCX LTD     ,A ,Q,1661.55,1685.00,1632.75,1667.80,1667.80,1659.80,2405,39131,64837202.00,
534139,SCHNEIDER   ,A ,Q,277.05,282.55,275.05,278.05,277.60,279.75,899,18444,5142056.00,
534309,NBCC        ,A ,Q,42.51,43.86,42.51,43.22,43.22,42.87,4451,1896304,82446522.00,
534312,MT EDUCARE  ,T ,Q,4.10,4.29,3.92,4.26,4.26,4.09,61,32944,137155.00,
534328,HEXATRADEX  ,B ,Q,150.20,151.30,144.00,144.00,144.05,148.00,80,938,140948.00,
534338,MAXHEIGHTS  ,XT,Q,52.00,52.00,52.00,52.00,52.00,52.00,1,16,832.00,
534369,TBZ LTD     ,B ,Q,92.80,92.80,89.40,90.21,90.40,90.17,682,59409,5393442.00,
534392,VSSL        ,B ,Q,185.05,188.35,184.20,184.45,185.75,186.40,347,9278,1721698.00,
534422,LOOKS       ,X ,Q,4.89,4.89,4.73,4.74,4.74,4.60,31,8171,38736.00,
534425,SPECIALITY R,B ,Q,223.60,223.60,220.55,221.00,221.35,222.45,69,705,156062.00,
534532,LYPSA GEMS  ,B ,Q,4.60,4.60,4.50,4.55,4.55,4.60,17,6399,29151.00,
534597,RTNINDIA    ,A ,Q,40.71,42.23,40.71,41.32,41.32,41.37,1556,306074,12701607.00,
534598,SEPOWER     ,T ,Q,17.30,18.76,17.06,17.99,17.99,17.95,18,4360,75158.00,
534600,JTLIND      ,B ,Q,375.05,387.00,375.05,381.05,382.80,379.10,1366,59271,22708150.00,
534612,AMTL        ,XT,Q,34.73,34.73,34.73,34.73,34.73,35.43,22,4594,159549.00,
534615,NECC LTD    ,B ,Q,19.34,19.49,18.90,19.28,19.15,19.32,90,7043,135104.00,
534618,WAAREERTL   ,B ,Q,1454.95,1509.45,1393.00,1450.35,1450.35,1444.25,5737,101959,148159079.00,
534623,JUPITER INFO,X ,Q,21.98,21.98,20.10,21.53,21.57,21.33,95,7791,165744.00,
534639,VINAYAK POL ,XT,Q,24.20,24.20,24.20,24.20,24.20,25.45,1,50,1210.00,
534674,DUCON       ,T ,Q,7.11,7.11,7.11,7.11,7.11,7.25,36,12366,87922.00,
534675,PROZONINTU  ,B ,Q,25.84,26.14,25.57,25.76,25.76,25.80,340,48861,1260606.00,
534680,SRG HFL     ,X ,Q,240.00,245.00,231.25,241.30,241.00,231.25,193,51733,12365428.00,
534691,COMFORT COM ,X ,Q,17.70,17.70,16.50,17.29,17.35,17.30,59,5365,91055.00,
534732,CASPIAN     ,XT,Q,23.83,23.83,22.35,22.66,22.89,23.00,18,893,20304.00,
534733,AERPACE     ,XT,Q,12.03,12.03,12.03,12.03,12.03,12.66,33,17606,211800.00,
534741,VIRTUAL GLO ,X ,Q,0.87,0.87,0.80,0.81,0.81,0.85,643,1025384,837802.00,
534742,ZUARI AGRO  ,B ,Q,159.95,159.95,153.10,153.70,154.70,159.15,617,29564,4600317.00,
534748,STEEL EXCH  ,B ,Q,13.95,13.95,13.63,13.72,13.79,13.91,315,421736,5797571.00,
534755,TRIO MERCAN ,XT,Q,0.61,0.61,0.61,0.61,0.61,0.59,66,293966,179319.00,
534758,CIGNITI TECH,A ,Q,779.55,795.00,776.60,791.35,785.00,779.45,1035,21031,16549497.00,
534796,CDG         ,X ,Q,14.01,14.01,13.70,13.70,13.70,14.00,3,87,1197.00,
534804,CARERATING  ,A ,Q,740.15,745.25,715.05,722.45,722.45,737.60,819,7010,5090777.00,
534809,PC JEWELLER ,B ,Q,30.05,30.97,30.05,30.05,30.05,31.63,2109,825371,24910973.00,
534816,INDUSTOWER  ,A ,Q,180.00,180.00,172.00,174.00,174.00,176.00,6277,662802,115862516.00,
534976,VMART       ,A ,Q,2224.70,2265.75,2220.25,2240.50,2239.45,2224.65,167,661,1486534.00,
535136,NIBE        ,XT,Q,453.00,457.85,439.85,440.60,446.90,452.85,378,25965,11576469.00,
535204,MUKTA       ,X ,Q,3.05,3.10,2.81,2.81,2.81,3.00,35,7866,23693.00,
535205,MYSTICELE   ,XT,Q,2.90,2.90,2.90,2.90,2.90,2.95,14,3037,8807.00,
535267,COM FINCAP  ,XT,Q,6.93,7.09,6.70,6.98,7.07,6.84,171,117801,820935.00,
535276,SBISENSEX   ,A ,Q,713.00,716.98,710.00,712.64,714.90,713.08,244,6210,4419900.00,
535322,REPCO HOME  ,A ,Q,321.75,337.00,320.00,322.70,320.65,322.30,1239,18719,6132547.00,
535387,LAKHOTIA POL,XT,Q,28.00,29.90,27.07,29.90,29.90,28.49,19,1818,49358.00,
535431,GCM SECU    ,B ,Q,1.80,1.84,1.78,1.81,1.82,1.82,33,12993,23325.00,
535458,NRB IND BEA ,T ,Q,22.99,22.99,22.91,22.91,22.91,22.15,13,1387,31824.00,
535566,KIFS FSL    ,XT,Q,149.00,149.00,142.00,147.00,147.00,148.95,17,411,60279.00,
535601,SREELEATHER ,B ,Q,217.45,217.95,212.75,214.05,212.80,215.10,780,12974,2797150.00,
535602,SHARDA MOTOR,B ,Q,839.05,842.35,831.30,840.95,837.95,826.85,121,1090,911540.00,
535620,BINNY MILLS ,Z ,Q,101.50,108.30,101.50,104.80,104.80,103.15,4,103,10798.00,
535621,SV GLOBAL   ,XT,Q,71.00,71.00,70.00,70.00,70.00,73.15,7,610,42810.00,
535648,JUSTDIAL    ,A ,Q,787.85,787.85,770.90,780.10,779.25,777.40,636,6808,5299960.00,
535657,OONE        ,X ,Q,16.52,17.49,16.11,17.30,17.30,16.20,19,1174,19825.00,
535667,IFINSEC     ,XT,Q,27.71,27.71,27.50,27.50,27.50,27.70,4,83,2289.00,
535693,BRAHM INFRA ,X ,Q,45.79,45.79,41.66,41.76,41.76,44.01,113,37903,1635012.00,
535719,QUEST SOFTEC,XT,Q,58.86,58.86,58.86,58.86,58.86,60.06,9,1688,99355.00,
535730,KHOOBSURAT  ,X ,Q,1.18,1.22,1.14,1.17,1.17,1.16,340,143059,166666.00,
535754,ORIENT CEM  ,A ,Q,145.25,146.70,143.45,145.50,146.00,145.25,722,39644,5759400.00,
535755,ABFRL       ,A ,Q,217.35,223.65,216.70,222.95,223.00,217.30,2403,181613,40093777.00,
535789,IBUL HSG FIN,A ,Q,128.95,139.60,128.65,136.05,136.05,127.55,14275,2517177,340153988.00,
535910,MMLF        ,M ,Q,30.59,30.59,30.59,30.59,30.59,32.20,2,10000,305900.00,
535958,ESSENTIA    ,T ,Q,5.40,5.95,5.40,5.81,5.85,5.67,140,80477,448024.00,
536264,TIGER LOGS  ,X ,Q,378.00,381.40,370.00,377.60,379.95,376.30,152,6093,2284088.00,
536493,JKAGRI GEN  ,X ,Q,460.00,467.00,450.00,458.30,465.00,468.90,106,2976,1362153.00,
536659,PVVINFRA    ,X ,Q,14.20,14.20,13.32,13.85,13.85,13.84,37,8603,118235.00,
536672,VCU DATA    ,XT,Q,6.00,6.05,5.90,5.97,5.97,5.99,105,13526,80513.00,
536709,INDRENEW    ,X ,Q,15.90,16.10,15.90,16.06,16.06,15.55,29,9817,157466.00,
536738,STELLAR CAP ,M ,Q,4.00,4.00,4.00,4.00,4.00,4.00,1,6000,24000.00,
536773,JIN POLY INV,B ,Q,537.05,541.70,527.85,533.50,533.25,537.50,338,2865,1526386.00,
536868,INTEGRA TELE,X ,Q,10.22,10.93,10.11,10.79,10.85,10.55,145,29242,312433.00,
536960,MOM100      ,B ,Q,39.52,39.79,39.32,39.75,39.70,39.46,62,2429,96261.00,
536974,CAPTAIN POLY,X ,Q,19.84,20.47,19.84,20.03,20.00,20.20,113,19910,399307.00,
537007,ICICINIFTY  ,B ,Q,215.50,215.50,214.36,215.27,214.94,215.32,181,4437,953548.00,
537008,ICICINF100  ,B ,Q,210.62,219.77,209.05,214.46,214.05,214.41,18,86,18432.00,
537069,ARNOLD HOLD ,X ,Q,21.90,21.90,19.50,20.90,20.90,21.00,48,25157,495758.00,
537253,SUNIL HEALTH,X ,Q,55.75,59.89,55.75,56.65,56.00,56.85,44,5312,309750.00,
537254,RCI IND     ,Z ,Q,3.21,3.21,3.21,3.21,3.21,3.21,1,30,96.00,
537259,SUYOG TELE  ,X ,Q,469.00,494.00,460.00,490.15,490.15,464.20,504,90857,44113376.00,
537291,NATH BIOGEN ,B ,Q,209.95,211.10,204.15,207.45,208.15,209.85,270,8858,1838306.00,
537292,AGRI TECH   ,B ,Q,119.05,125.00,118.55,121.05,120.80,119.65,325,7259,891051.00,
537326,CHEMTECH IND,XT,Q,35.95,36.89,35.00,36.44,36.44,35.14,179,82715,3030057.00,
537392,TAAZAINT    ,XT,Q,12.60,13.90,12.59,13.84,13.90,13.25,61,52291,676133.00,
537483,NIF100BEES  ,B ,Q,204.00,206.03,203.31,204.56,206.03,204.48,57,237,48410.00,
537524,VIAANINDUS  ,Z ,Q,0.58,0.58,0.55,0.56,0.56,0.57,21,12804,7150.00,
537536,DENIS CHEM  ,X ,Q,98.95,98.95,94.30,95.38,96.00,95.21,129,8930,854892.00,
537573,POLYMAC     ,M ,Q,31.40,31.95,31.40,31.78,31.85,31.68,31,44000,1395392.00,
537707,ETT LTD     ,XT,Q,22.95,23.40,22.61,22.83,23.33,22.95,96,7580,174692.00,
537708,KOTAKNIFTY  ,B ,Q,210.21,210.45,209.30,209.90,209.77,210.64,105,4876,1022419.00,
537709,HANSUGAR    ,X ,Q,5.45,5.45,5.17,5.25,5.20,5.26,96,27876,145622.00,
537750,KIRAN VYPAR ,X ,Q,168.00,168.00,155.10,156.50,156.50,140.00,1627,117920,19313676.00,
537766,BCP LTD     ,B ,Q,3.81,3.87,3.74,3.78,3.81,3.80,313,218763,832341.00,
537785,RACE        ,B ,Q,252.10,255.35,248.05,250.50,250.50,252.95,95,804,202316.00,
537800,MANGALAM IND,X ,Q,2.99,2.99,2.91,2.94,2.95,2.95,607,346848,1021551.00,
537820,VFL         ,B ,Q,1.67,1.71,1.66,1.68,1.68,1.70,73,64393,108749.00,
537839,PHOENIX TN  ,XT,Q,70.15,70.15,69.05,69.05,69.05,72.30,4,570,39929.00,
537985,INFRONICS SY,X ,Q,29.50,30.25,29.50,30.25,30.25,28.85,13,560,16759.00,
538057,CPSE ETF    ,A ,Q,45.80,46.74,45.69,46.55,46.55,45.81,394,77038,3578527.00,
538081,HARIA APL   ,XT,Q,4.19,4.19,3.81,4.03,4.03,4.00,51,10449,41537.00,
538092,VASUPRADA   ,X ,Q,71.02,73.50,71.02,73.30,73.30,71.62,9,253,18325.00,
538119,RNB DENIMS  ,T ,Q,31.00,31.00,30.00,30.03,30.02,30.35,44,8047,243529.00,
538180,GOLD LINE   ,Z ,Q,0.51,0.51,0.49,0.50,0.50,0.51,544,447617,223593.00,
538212,SHARP INV   ,XT,Q,0.76,0.76,0.76,0.76,0.76,0.77,133,145724,110750.00,
538268,WONDERLA    ,B ,Q,632.80,634.00,617.95,628.85,629.50,624.45,707,8951,5598377.00,
538319,GCM CAPI    ,M ,Q,3.37,3.57,3.37,3.55,3.55,3.50,4,4000,13860.00,
538351,AFEL        ,XT,Q,7.14,7.14,7.14,7.14,7.14,7.28,46,28240,201633.00,
538365,INCREDIBLE  ,B ,Q,27.99,27.99,26.55,27.00,27.00,27.22,44,4199,113727.00,
538401,MAESTROS ELE,X ,Q,66.70,66.70,64.27,64.53,64.30,66.25,54,6218,408718.00,
538402,SPS         ,T ,Q,92.40,92.40,92.40,92.40,92.40,88.00,2,6,554.00,
538446,MONEYBOXX   ,B ,Q,158.00,158.00,156.45,157.90,157.05,158.50,23,1002,158200.00,
538451,WORTH INV   ,X ,Q,46.83,46.83,46.83,46.83,46.83,44.60,1,101,4729.00,
538452,QUASAR      ,XT,Q,19.28,20.98,19.28,20.98,20.98,19.99,33,11234,233817.00,
538464,TPROJECT    ,X ,Q,2.64,2.64,2.64,2.64,2.64,2.77,5,3275,8646.00,
538465,AMARSEC     ,XT,Q,28.45,28.45,27.51,28.45,28.45,27.10,4,202,5745.00,
538476,CTL         ,X ,Q,23.98,24.50,22.53,23.95,23.95,23.60,83,12674,303323.00,
538496,TARINI      ,M ,Q,6.51,6.51,6.51,6.51,6.51,5.99,1,3000,19530.00,
538521,YAANENT     ,X ,Q,23.99,23.99,23.99,23.99,23.99,23.20,2,1500,35985.00,
538539,JTAPARIA    ,XT,Q,20.81,20.81,20.81,20.81,20.81,20.41,15,109640,2281608.00,
538540,RLFL        ,X ,Q,0.71,0.85,0.70,0.85,0.85,0.71,77,110323,89127.00,
538542,GOLDCOINHF  ,X ,Q,6.30,6.30,6.30,6.30,6.30,6.60,9,384,2419.00,
538546,BANSAL ROOF ,B ,Q,85.92,86.80,81.00,85.84,85.84,85.92,281,17882,1490241.00,
538562,SKIPPER     ,B ,Q,173.40,177.30,171.05,175.55,175.55,172.70,1487,47890,8394578.00,
538564,JAMESWARREN ,X ,Q,247.00,250.00,240.25,241.15,240.30,246.30,95,7411,1828731.00,
538565,VISTARAMAR  ,X ,Q,293.95,293.95,286.30,290.60,291.25,290.35,155,2766,802341.00,
538567,GULFOIL LUB ,B ,Q,495.95,521.20,489.75,519.05,519.05,491.25,985,12490,6407856.00,
538568,FRUTION     ,XT,Q,29.07,29.07,29.07,29.07,29.07,29.06,2,100,2907.00,
538569,TRIVENI ENT ,X ,Q,2.58,2.58,2.50,2.52,2.54,2.53,166,46300,117154.00,
538596,QUANTBUILD  ,X ,Q,2.79,2.79,2.53,2.78,2.78,2.66,13,1592,4307.00,
538597,TTIENT      ,X ,Q,10.94,10.99,10.70,10.73,10.79,10.91,86,29527,320509.00,
538598,VISHAL      ,B ,Q,16.49,16.70,16.42,16.43,16.43,16.49,309,29854,494613.00,
538607,TOYAMSL     ,X ,Q,9.92,10.21,9.78,9.89,9.89,9.73,737,979497,9831611.00,
538610,UNISON      ,X ,Q,23.73,23.73,22.57,22.98,22.60,22.89,69,6609,150960.00,
538611,RTFL        ,Z ,Q,22.73,22.73,22.73,22.73,22.73,22.29,2,1500,34095.00,
538634,VRL         ,X ,Q,150.00,150.00,143.90,144.25,144.00,144.75,23,363,53379.00,
538635,SNOWMAN     ,B ,Q,48.81,50.35,48.81,49.33,49.33,49.49,215,53282,2638513.00,
538646,QGO         ,X ,Q,45.99,45.99,43.25,43.30,43.30,44.99,23,597,26166.00,
538666,SHARDACROP  ,A ,Q,448.00,453.90,444.05,449.90,449.50,445.30,1207,22226,9989037.00,
538668,NAYSAA      ,T ,Q,157.10,157.10,155.00,157.00,157.00,154.95,19,5696,892420.00,
538674,CITYONLINE  ,Z ,Q,4.22,4.22,4.15,4.15,4.15,4.22,2,200,837.00,
538683,SENSEXBEES  ,A ,Q,744.98,744.98,732.21,733.13,735.84,738.18,205,1685,1237693.00,
538685,SHEMAROO    ,T ,Q,137.00,140.00,134.10,140.00,140.00,137.15,65,4946,677111.00,
538706,ULTRACAB    ,X ,Q,13.13,13.80,12.76,13.53,13.53,13.14,466,227381,3052381.00,
538707,RCCL        ,X ,Q,36.95,43.98,34.00,42.86,41.74,36.87,68,5242,200469.00,
538708,ETIL        ,X ,Q,9.03,9.39,8.76,9.25,9.25,8.76,17,3009,27692.00,
538713,ATISHAY     ,X ,Q,33.17,33.99,32.54,32.77,32.77,33.17,36,1997,65970.00,
538714,SANGAMFIN   ,XT,Q,74.94,74.94,74.92,74.92,74.92,71.50,2,26,1947.00,
538715,DHABRIYA    ,XT,Q,257.95,270.50,250.00,256.20,259.90,257.95,188,57238,15304640.00,
538716,ARYACAPM    ,M ,Q,50.00,50.00,50.00,50.00,50.00,55.55,3,110000,5500000.00,
538730,PDSL        ,B ,Q,325.10,328.50,321.00,323.45,324.10,325.00,438,6739,2184273.00,
538732,VGCL        ,X ,Q,52.00,55.50,50.20,51.34,54.95,51.38,26,1062,55799.00,
538733,STARLIT     ,XT,Q,4.84,4.86,4.65,4.86,4.86,4.63,33,15200,73374.00,
538734,CEINSYSTECH ,XT,Q,200.00,204.90,197.00,199.65,200.00,198.40,219,20960,4181868.00,
538765,JSHL        ,M ,Q,3.85,3.85,3.84,3.84,3.84,3.24,2,10000,38450.00,
538770,CRANE INFRA ,X ,Q,12.10,13.73,12.10,13.40,13.40,12.50,58,9741,130363.00,
538772,NIYOGIN     ,XT,Q,57.20,59.75,56.10,59.05,58.92,58.24,68,16924,1001286.00,
538778,KALYANCAP   ,X ,Q,18.40,18.40,17.21,17.32,17.32,18.05,140,28300,494143.00,
538786,CIL         ,XT,Q,28.34,28.34,28.34,28.34,28.34,28.91,4,25,708.00,
538787,GBFL        ,X ,Q,5.88,5.88,5.05,5.05,5.05,5.55,32,11009,56659.00,
538788,GILADAFINS  ,X ,Q,10.49,10.90,10.40,10.40,10.40,10.70,45,2543,26697.00,
538795,SAPPL       ,X ,Q,299.20,299.20,285.00,290.20,293.90,291.90,44,2206,638948.00,
538812,AANCHALISP  ,X ,Q,16.75,17.85,16.23,17.16,17.16,16.57,549,463266,7858678.00,
538817,CAPPIPES    ,B ,Q,25.99,26.80,25.99,26.13,26.02,26.29,677,194979,5108401.00,
538833,ANUBHAV     ,XT,Q,11.78,12.90,11.78,11.78,11.78,12.39,26,18563,219012.00,
538834,JMJFIN      ,X ,Q,13.27,13.95,13.27,13.90,13.90,13.62,29,5233,71510.00,
538835,INTELLECT   ,A ,Q,601.55,691.65,601.50,690.45,690.45,576.40,13312,420195,279613046.00,
538836,MONTECARLO  ,B ,Q,851.70,863.00,840.00,848.95,849.00,852.40,641,5250,4463384.00,
538837,JSTL        ,X ,Q,63.20,64.00,61.04,61.92,61.92,62.49,75,10794,673833.00,
538838,ICL         ,XT,Q,33.91,36.29,33.91,36.01,36.01,34.60,24,2353,85078.00,
538857,SCC         ,X ,Q,3.83,3.83,3.83,3.83,3.83,3.83,2,100,383.00,
538860,PANAFIC     ,X ,Q,0.95,0.95,0.93,0.94,0.94,0.95,222,91647,86137.00,
538868,CSL         ,X ,Q,6.36,6.36,6.13,6.29,6.29,6.31,35,7342,45862.00,
538874,NEXUSSURGL  ,X ,Q,9.05,9.63,9.05,9.34,9.34,9.01,24,4390,40411.00,
538875,SELLWIN     ,XT,Q,11.53,11.54,11.53,11.54,11.54,11.32,20,13497,155750.00,
538881,GALADAFIN   ,X ,Q,11.18,11.18,11.18,11.18,11.18,10.65,2,6,67.00,
538882,EMERALD     ,X ,Q,23.00,23.25,22.00,22.50,22.50,22.99,73,12906,290303.00,
538890,MKEXIM      ,X ,Q,90.52,95.00,90.52,92.03,92.48,93.08,241,27544,2546557.00,
538891,MCLOUD      ,B ,Q,324.80,332.00,310.85,316.50,321.90,320.05,6630,628449,203235959.00,
538894,OCTAL       ,X ,Q,18.30,18.30,18.20,18.20,18.20,17.51,10,275,5011.00,
538895,MIHIKA      ,XT,Q,24.62,25.65,24.62,25.65,25.65,24.61,3,306,7538.00,
538896,KANCHI      ,X ,Q,452.95,453.00,435.00,439.20,439.20,448.85,247,5646,2503712.00,
538902,DHUN TEAIND ,B ,Q,211.45,220.20,209.80,211.80,209.80,212.00,77,719,153263.00,
538918,VANICOM     ,XT,Q,13.50,13.60,13.00,13.40,13.40,13.50,38,53681,721456.00,
538920,VINCOFE     ,XT,Q,22.05,22.05,22.05,22.05,22.05,22.49,29,10834,238889.00,
538921,RAFL        ,M ,Q,204.90,204.90,204.90,204.90,204.90,204.90,4,5625,1152562.00,
538922,COSYN       ,XT,Q,31.50,32.00,31.50,32.00,32.00,31.88,20,1851,58851.00,
538923,SOFCOM      ,XT,Q,61.25,61.25,57.50,60.01,60.00,59.32,75,48724,2886117.00,
538926,NAPL        ,XT,Q,91.00,91.00,87.50,87.50,87.50,91.00,2,54,4861.00,
538928,KARNAVATI   ,XT,Q,4.85,4.85,4.85,4.85,4.85,4.94,28,8023,38911.00,
538942,MERCANTILE  ,X ,Q,19.54,19.54,18.52,18.53,18.53,18.50,50,4530,84733.00,
538943,SONAL       ,X ,Q,76.80,76.80,74.39,74.87,74.86,74.63,29,452,34170.00,
538961,GENUSPAPER  ,B ,Q,16.00,16.54,16.00,16.26,16.34,16.42,269,31024,506108.00,
538962,MINDACORP   ,A ,Q,306.00,312.00,305.35,307.00,307.00,305.70,1263,44154,13604236.00,
538964,MERCURYLAB  ,X ,Q,758.15,814.00,758.15,807.00,807.00,786.00,4,14,11221.00,
538965,CONCORD     ,X ,Q,29.40,30.49,28.25,29.20,29.20,29.68,69,7381,219390.00,
538970,WARDINMOBI  ,A ,Q,38.15,38.40,37.00,37.92,37.92,38.11,3917,677066,25613517.00,
538975,SHREESEC    ,XT,Q,0.47,0.47,0.47,0.47,0.47,0.47,39,33505,15747.00,
538979,GRNLAM IND  ,A ,Q,483.95,519.10,472.85,478.05,476.55,467.65,2086,41603,20755227.00,
538987,TALBROSENG  ,X ,Q,679.50,695.00,652.80,660.05,660.05,669.40,197,2428,1616814.00,
538992,SAPL        ,X ,Q,1070.00,1080.00,1070.00,1080.00,1080.00,1080.00,2,30,32110.00,
538993,PUROHITCON  ,XT,Q,5.90,5.90,5.90,5.90,5.90,5.99,2,100,590.00,
539006,PTCIL       ,A ,Q,3925.65,3998.00,3891.00,3916.90,3998.00,3887.80,42,115,450267.00,
539011,CHENFERRO   ,X ,Q,142.85,142.85,128.25,131.80,131.15,135.05,195,7327,964572.00,
539012,MEGRISOFT   ,X ,Q,107.00,107.00,94.30,99.70,101.00,97.45,23,540,53360.00,
539013,GITARENEW   ,X ,Q,98.55,102.90,98.00,99.70,99.50,98.55,149,7666,769387.00,
539015,ORTEL       ,Z ,Q,1.05,1.05,1.05,1.05,1.05,1.01,1,10,10.00,
539016,NEIL        ,X ,Q,8.40,8.41,8.40,8.40,8.40,8.40,9,801,6730.00,
539017,STARHFL     ,X ,Q,61.00,62.00,51.90,59.27,59.27,62.37,481,207646,12617456.00,
539018,BEEKAY      ,X ,Q,575.00,640.00,568.55,580.00,580.00,569.65,186,5838,3395191.00,
539031,SETFBSE100  ,A ,Q,216.00,216.00,214.20,215.24,215.45,215.78,21,112,24098.00,
539032,FRASER      ,X ,Q,5.79,5.95,5.53,5.78,5.85,5.74,39,9329,53747.00,
539040,TTIL        ,XT,Q,45.88,45.88,45.88,45.88,45.88,46.81,159,10934,501651.00,
539041,SVPHOUSING  ,M ,Q,73.15,76.00,73.05,75.75,75.75,75.55,36,95000,7096000.00,
539042,AGIIL       ,X ,Q,555.30,575.00,555.30,572.40,570.00,569.40,55,2196,1248429.00,
539043,BKMINDST    ,Z ,Q,0.74,0.76,0.73,0.75,0.76,0.76,38,30245,22424.00,
539044,MANAKSTELTD ,B ,Q,44.55,46.23,43.55,43.88,43.86,44.15,168,13602,612550.00,
539045,MNKALCOLTD  ,B ,Q,26.50,26.64,25.35,25.57,25.57,26.30,273,24221,628042.00,
539046,MNKCMILTD   ,B ,Q,17.21,17.40,17.21,17.37,17.35,17.31,62,8734,151545.00,
539056,IMAGICAA    ,B ,Q,52.00,55.53,51.33,51.99,51.90,52.19,1363,230103,12239849.00,
539083,INOXWIND    ,A ,Q,213.75,214.50,209.05,210.70,210.50,211.40,2114,83882,17760101.00,
539096,AANANDALAK  ,X ,Q,8.79,8.79,8.20,8.29,8.78,8.62,26,1662,13816.00,
539097,URSUGAR     ,B ,Q,14.40,14.96,14.10,14.17,14.15,14.85,150,77893,1116320.00,
539111,SHESHAINDS  ,X ,Q,18.30,18.30,17.42,17.42,17.42,18.30,28,573,10112.00,
539112,SAB         ,X ,Q,98.62,98.62,93.00,93.39,93.39,98.62,36,1134,109230.00,
539113,PML         ,X ,Q,1773.00,1834.95,1751.40,1799.70,1799.70,1773.15,95,626,1123252.00,
539115,ALAN SCOTT  ,XT,Q,46.35,46.35,46.35,46.35,46.35,44.15,4,502,23267.00,
539117,SUJALA      ,X ,Q,17.40,17.40,16.65,16.65,16.65,17.50,16,768,12988.00,
539118,VRLLOG      ,A ,Q,745.95,748.90,731.85,734.85,734.05,744.95,247,1826,1354264.00,
539121,PALCO       ,X ,Q,57.99,58.00,54.74,55.00,54.74,55.00,24,968,54925.00,
539122,BODHTREE    ,XT,Q,7.04,7.10,6.63,7.00,7.00,6.97,35,21443,146605.00,
539123,VBIND       ,XT,Q,3.64,3.64,3.64,3.64,3.64,3.57,2,14,50.00,
539124,SARVOTTAM   ,XT,Q,30.80,30.80,29.60,30.44,30.38,30.75,17,483,14415.00,
539126,MEP         ,B ,Q,13.17,13.30,12.50,12.57,12.57,13.17,501,211855,2714387.00,
539132,WARDWIZFBL  ,X ,Q,36.08,36.98,35.51,36.11,36.00,36.08,66,6266,226574.00,
539141,UFO         ,B ,Q,85.23,85.55,84.10,85.37,85.45,84.83,168,8653,735367.00,
539143,PANTH       ,XT,Q,7.66,7.80,7.41,7.62,7.66,7.61,159,31336,238516.00,
539148,SHIVALIK    ,B ,Q,750.40,799.00,744.70,788.30,788.30,753.60,762,6624,5173808.00,
539149,ICSL        ,X ,Q,3.75,3.75,3.42,3.46,3.42,3.60,41,9810,33842.00,
539150,PNCINFRA    ,A ,Q,344.00,347.70,342.00,343.35,344.95,345.00,675,9732,3352979.00,
539151,ARFIN       ,X ,Q,40.49,41.95,39.80,41.40,41.40,38.75,499,593833,24603809.00,
539175,INDRAIND    ,X ,Q,2.86,2.86,2.86,2.86,2.86,2.86,3,30,85.00,
539176,HAWAENG     ,XT,Q,115.10,115.10,109.25,111.00,111.00,114.90,13,433,48855.00,
539177,AIIL        ,A ,Q,382.95,382.95,370.00,372.25,370.00,375.50,209,4703,1775381.00,
539190,DFL         ,XT,Q,13.13,13.13,13.13,13.13,13.13,13.82,28,4981,65400.00,
539195,POEL        ,X ,Q,179.95,182.90,177.50,178.20,178.20,182.20,93,4853,870963.00,
539196,AEL         ,X ,Q,99.90,101.97,93.00,94.72,94.72,98.71,968,112459,10930116.00,
539198,CAPFIN      ,XT,Q,39.83,39.83,39.83,39.83,39.83,39.05,1,2,79.00,
539199,SGFIN       ,T ,Q,565.20,585.00,565.20,576.20,580.00,580.50,487,57264,33102415.00,
539201,SATIA       ,B ,Q,109.95,110.80,108.20,108.60,109.30,109.00,658,31869,3474599.00,
539206,GVBL        ,XT,Q,22.81,22.81,21.73,21.73,21.73,21.73,6,1162,26341.00,
539216,GARMNTMNTR  ,B ,Q,4.63,4.63,4.52,4.59,4.59,4.56,104,9767,44737.00,
539217,SRESTHA     ,X ,Q,1.13,1.13,1.10,1.12,1.13,1.12,113,79609,88426.00,
539218,SAUMYA      ,X ,Q,72.09,72.09,72.08,72.08,72.08,70.97,3,3,216.00,
539219,MUL         ,XT,Q,8.45,8.45,8.45,8.45,8.45,8.62,40,37057,313131.00,
539220,MISHKA      ,XT,Q,50.50,52.80,50.50,52.80,52.80,52.80,6,758,38412.00,
539221,SPORTKING   ,B ,Q,804.15,805.60,785.90,790.55,790.55,793.70,565,5690,4528301.00,
539222,GROWINGTON  ,M ,Q,173.50,176.00,173.40,175.45,175.80,173.40,36,55800,9725475.00,
539226,RUDRA       ,X ,Q,104.63,105.00,102.50,103.77,104.80,104.63,266,82242,8524775.00,
539227,LOYAL       ,T ,Q,133.45,133.45,133.45,133.45,133.45,136.15,24,10865,1449934.00,
539228,GGPL        ,XT,Q,6.88,6.88,6.88,6.88,6.88,7.24,305,73763,507489.00,
539251,BALKRISHNA  ,B ,Q,26.39,27.15,25.75,26.30,26.30,25.86,68,10142,269630.00,
539252,SCFL        ,B ,Q,19.81,20.14,19.30,19.44,19.44,19.96,358,65935,1300052.00,
539254,ADANITRANS  ,A ,Q,810.00,828.00,809.60,814.85,814.85,805.30,10003,213403,174459615.00,
539255,STARDELTA   ,XT,Q,318.20,318.20,305.00,318.20,318.20,303.05,125,6630,2103972.00,
539267,SAMSRITA    ,X ,Q,16.95,17.36,15.12,16.40,16.40,16.53,54,8807,145056.00,
539268,SYNGENE     ,A ,Q,809.60,827.05,807.55,824.75,824.80,807.95,4717,755905,622534842.00,
539275,MSL         ,T ,Q,242.95,243.75,236.80,242.45,242.50,232.15,176,16701,4054872.00,
539276,KAYA        ,B ,Q,365.05,365.05,333.30,346.60,346.60,362.60,601,6772,2356986.00,
539277,ALSTONE     ,XT,Q,0.68,0.68,0.68,0.68,0.68,0.69,869,598010,406646.00,
539278,SYMBIOX     ,XT,Q,3.12,3.12,2.91,2.96,3.00,2.99,170,55874,166913.00,
539287,ORTINLAABS  ,T ,Q,21.70,21.70,20.05,20.39,20.79,20.95,11,1050,21741.00,
539288,AVI         ,XT,Q,13.99,13.99,13.05,13.11,13.05,13.50,50,4116,54077.00,
539289,AURUM       ,B ,Q,126.60,128.10,125.90,127.40,128.10,126.15,149,3784,479993.00,
539290,OSWALGREEN  ,B ,Q,23.12,27.70,23.12,23.50,23.60,23.16,267,85275,2115426.00,
539291,VASUDHAGAM  ,XT,Q,9.74,9.94,9.00,9.22,9.93,9.47,68,60151,585102.00,
539300,AKSPINTEX   ,X ,Q,129.90,129.90,120.95,123.70,123.85,117.40,277,17985,2240531.00,
539301,ARVSMART    ,B ,Q,344.50,347.00,338.05,346.80,344.70,344.55,341,5588,1918189.00,
539302,POWERMECH   ,A ,Q,4180.00,4276.20,4118.35,4218.55,4205.05,4175.80,1811,8451,35414690.00,
539304,CANOPYFIN   ,XT,Q,76.99,76.99,71.12,71.62,74.50,73.50,32,3040,226121.00,
539309,RAMASTEEL   ,B ,Q,38.96,39.53,38.40,38.94,39.23,39.00,880,244474,9469315.00,
539310,THINKINK    ,B ,Q,94.73,95.20,93.90,94.03,94.03,94.71,689,455914,43065236.00,
539312,UTISENSETF  ,A ,Q,706.00,710.00,705.00,709.21,708.50,710.74,14,40,28366.00,
539313,UTINIFTETF  ,B ,Q,2110.00,2110.00,2100.00,2105.00,2105.00,2104.11,6,8,16826.00,
539314,UNIAUTO     ,B ,Q,144.50,145.65,135.55,137.95,138.00,139.70,90,7884,1094245.00,
539331,VETO        ,B ,Q,106.85,107.65,105.65,105.80,105.80,106.30,91,3997,426321.00,
539332,NAVKARCORP  ,B ,Q,60.00,60.31,59.50,59.74,59.72,60.04,306,26140,1563194.00,
539334,SHREEPUSHK  ,B ,Q,183.95,186.15,183.00,184.00,184.85,183.95,199,3259,601292.00,
539336,GUJGAS      ,A ,Q,469.10,482.90,469.10,481.15,481.15,470.75,1512,34697,16587189.00,
539337,WAAREE      ,M ,Q,449.95,449.95,428.00,432.95,428.00,442.20,17,11900,5200300.00,
539346,SADBHIN     ,T ,Q,3.66,3.75,3.65,3.74,3.74,3.66,19,5434,20126.00,
539353,SALAUTO     ,XT,Q,414.00,414.00,384.00,403.95,403.95,400.00,10,111,43937.00,
539354,POLYSPIN    ,X ,Q,51.90,51.90,50.50,50.84,51.00,50.73,21,2020,102800.00,
539359,PRITIKAUTO  ,B ,Q,16.75,16.75,16.20,16.31,16.31,16.50,243,34440,566727.00,
539378,SML         ,XT,Q,24.28,24.28,24.28,24.28,24.28,24.28,1,1,24.00,
539383,MINFY       ,Z ,Q,7.47,7.68,6.96,6.96,6.96,7.32,11,2291,16837.00,
539384,KRISHNACAP  ,XT,Q,20.52,20.52,20.00,20.00,20.00,19.63,4,124,2481.00,
539391,ACME        ,Z ,Q,26.50,26.50,26.49,26.49,26.49,27.03,9,1813,48036.00,
539398,VISHALBL    ,B ,Q,143.20,146.55,135.05,141.20,142.20,142.15,782,22280,3066942.00,
539399,BELLACASA   ,X ,Q,167.00,184.30,167.00,175.40,176.00,167.00,186,12836,2286037.00,
539400,MALLCOM     ,B ,Q,1015.30,1140.00,998.90,1097.05,1105.00,1016.90,747,6142,6736364.00,
539402,VAL         ,B ,Q,18.20,18.95,18.15,18.27,18.21,18.21,67,15414,283409.00,
539404,SATIN       ,B ,Q,217.10,221.50,194.45,205.75,205.75,215.10,2826,150882,31439864.00,
539405,DITCO       ,XT,Q,16.50,17.29,15.68,15.68,15.68,16.50,5,21148,351179.00,
539407,GENCON      ,T ,Q,45.50,48.17,44.55,48.16,48.17,45.88,26,191678,8726074.00,
539408,KUBERJI     ,XT,Q,2.89,2.89,2.89,2.89,2.89,2.84,1,1,2.00,
539409,NEERAJ      ,XT,Q,13.40,14.38,13.40,13.50,13.50,14.10,11,270,3654.00,
539410,MUZALI      ,X ,Q,1.56,1.65,1.53,1.65,1.65,1.59,28,12817,20375.00,
539428,TEJNAKSH    ,B ,Q,33.80,35.00,33.80,34.00,34.00,34.30,60,14983,514260.00,
539436,COFFEEDAY   ,A ,Q,34.01,34.10,33.11,33.28,33.28,33.30,1540,264888,8854986.00,
539437,IDFCFIRSTB  ,A ,Q,83.49,84.15,82.51,83.94,83.94,82.57,10402,3172810,265092798.00,
539447,BEARDSELL   ,T ,Q,29.19,29.19,29.19,29.19,29.19,29.78,17,4496,131238.00,
539448,INDIGO      ,A ,Q,2554.05,2644.00,2537.00,2615.10,2611.90,2550.95,3255,29423,76560381.00,
539450,SHK         ,B ,Q,115.45,115.80,114.50,114.80,115.30,114.60,141,4606,530735.00,
539469,PANORAMA    ,XT,Q,223.80,224.00,205.00,224.00,224.00,213.60,36,3208,689649.00,
539470,SHREEGANES  ,X ,Q,1.03,1.03,1.02,1.02,1.02,1.03,808,1213639,1240683.00,
539479,GTV         ,X ,Q,384.75,384.75,367.00,379.10,375.15,374.15,47,2180,825143.00,
539480,LICNETFN50  ,B ,Q,211.36,214.99,211.36,212.41,212.11,214.99,11,37,7832.00,
539492,GARBIFIN    ,XT,Q,26.65,26.65,25.41,26.00,26.40,26.69,18,538,14048.00,
539494,SMARTFIN    ,X ,Q,7.85,7.85,7.51,7.73,7.79,7.63,111,6085,47085.00,
539495,RAJKOTINV   ,XT,Q,59.12,59.12,55.07,55.07,55.07,57.96,7,185,10200.00,
539506,ADCON       ,XT,Q,1.52,1.55,1.45,1.54,1.54,1.52,164,84077,128296.00,
539515,QUINT       ,X ,Q,154.85,154.85,150.00,151.95,152.00,151.90,66,5843,887569.00,
539516,HDFCNIFTY   ,B ,Q,214.10,215.18,213.10,214.48,214.30,214.39,97,611,130658.00,
539517,HDFCSENSEX  ,A ,Q,733.00,733.00,722.31,725.88,725.88,727.98,47,4543,3298442.00,
539518,UDAYJEW     ,X ,Q,110.05,113.40,109.30,111.55,111.95,112.05,126,18261,2025937.00,
539519,MAYUKH      ,XT,Q,12.29,12.29,12.29,12.29,12.29,11.71,64,139101,1709551.00,
539523,ALKEM       ,A ,Q,4005.15,4038.00,3953.00,3996.75,3999.95,4028.15,800,2437,9733601.00,
539524,LALPATHLAB  ,A ,Q,2486.05,2490.00,2325.00,2352.10,2352.10,2483.50,5812,57875,138272834.00,
539526,SCTL        ,T ,Q,0.66,0.66,0.66,0.66,0.66,0.67,191,102446,67614.00,
539527,CREATIVE    ,X ,Q,615.50,615.50,578.00,590.00,590.00,593.85,19,62,36729.00,
539528,AAYUSH      ,XT,Q,26.04,28.75,26.04,26.60,26.60,27.41,13,1066,30269.00,
539542,LUXIND      ,B ,Q,1624.05,1624.55,1540.00,1556.75,1556.75,1618.15,3570,24973,39304811.00,
539544,ABHIINFRA   ,X ,Q,5.71,5.71,5.67,5.69,5.69,5.44,12,1358,7744.00,
539545,APOORVA     ,XT,Q,20.62,21.65,20.62,21.61,21.61,20.62,14,1931,41237.00,
539546,BNL         ,X ,Q,63.00,64.00,48.80,53.83,58.10,60.66,215,117846,6984842.00,
539551,NH          ,A ,Q,1059.95,1061.50,1041.00,1049.95,1046.00,1047.85,639,6293,6619339.00,
539552,FMEC        ,XT,Q,43.03,43.03,43.03,43.03,43.03,40.99,1,10,430.00,
539559,DDIL        ,XT,Q,5.95,6.01,5.45,6.01,6.01,5.73,1149,461844,2714780.00,
539561,REMLIFE     ,X ,Q,1570.00,1570.15,1570.00,1570.15,1570.15,4188.75,107,787,1235691.00,
539562,AARNAV      ,X ,Q,31.03,31.70,30.50,30.54,30.69,31.18,423,34951,1071715.00,
539574,SCL         ,XT,Q,65.85,65.85,64.80,65.45,65.45,65.76,96,19122,1252162.00,
539584,SIPTL       ,X ,Q,0.90,0.90,0.87,0.88,0.88,0.88,117,148722,132495.00,
539593,SHIVA       ,XT,Q,5.41,5.68,5.15,5.60,5.60,5.41,36,14943,78060.00,
539594,MISHTANN    ,X ,Q,12.74,12.99,12.16,12.58,12.58,12.60,11174,9153226,114657115.00,
539596,DELTA       ,XT,Q,14.91,14.91,14.91,14.91,14.91,15.21,4,133,1983.00,
539598,CGFL        ,XT,Q,140.65,144.00,138.55,143.85,144.00,141.20,68,4843,686637.00,
539607,BLUECLOUDS  ,XT,Q,65.00,66.49,62.60,64.59,65.00,63.74,94,3842,247592.00,
539620,KEIL        ,X ,Q,20.04,20.70,20.04,20.62,20.23,20.63,70,4430,91075.00,
539621,BCLENTERPR  ,X ,Q,1.05,1.08,1.01,1.03,1.04,1.04,543,356502,370698.00,
539636,PRECAM      ,B ,Q,247.30,248.10,237.45,238.95,241.05,246.60,1301,21808,5256764.00,
539658,TEAMLEASE   ,A ,Q,2320.05,2339.65,2305.00,2312.05,2315.00,2337.35,182,393,911901.00,
539659,VIDLI       ,T ,Q,75.98,76.47,70.36,70.37,70.37,74.06,128,34019,2438329.00,
539660,BESTAGRO    ,B ,Q,1145.00,1211.10,1145.00,1187.05,1187.05,1153.85,2573,90874,107513956.00,
539661,ACEMEN      ,XT,Q,61.00,61.50,57.00,57.01,57.50,59.00,12,368,21048.00,
539662,BFLAFL      ,XT,Q,12.65,12.66,12.05,12.27,12.26,12.24,60,6110,75345.00,
539673,RCL         ,Z ,Q,1.67,1.70,1.64,1.70,1.70,1.64,25,3538,6013.00,
539678,QUICKHEAL   ,B ,Q,160.95,162.50,158.90,159.50,159.40,162.10,94,8776,1399853.00,
539679,KAPILRAJ    ,X ,Q,23.30,24.49,23.25,24.49,24.49,24.09,10,1105,25835.00,
539686,KPEL        ,B ,Q,346.10,363.35,345.00,362.70,362.70,346.05,1619,134048,48048643.00,
539725,GOKULAGRO   ,B ,Q,116.65,121.80,114.70,115.70,121.80,115.05,473,22119,2595106.00,
539730,FREDUN      ,X ,Q,1015.00,1184.50,1000.50,1100.20,1100.20,1012.50,2087,32619,35559419.00,
539742,SIMBHALS    ,B ,Q,24.39,24.74,23.85,24.00,24.00,24.26,34,5090,122862.00,
539761,VKAL        ,XT,Q,162.70,179.75,162.65,170.00,170.00,171.20,114,787,129258.00,
539767,MNIL        ,XT,Q,12.02,13.00,12.02,12.55,12.55,12.47,16,3283,40545.00,
539773,ADVIKCA     ,XT,Q,2.05,2.05,2.02,2.03,2.03,2.03,327,369837,751210.00,
539784,LICNFNHGP   ,B ,Q,211.00,211.00,208.50,208.50,208.50,210.50,8,8,1677.00,
539785,PDMJEPAPER  ,B ,Q,41.21,42.40,41.21,42.05,42.05,41.92,395,43862,1846220.00,
539787,HCG         ,B ,Q,318.55,327.00,318.55,325.40,325.00,321.25,403,5814,1881327.00,
539798,UMIYA       ,B ,Q,6.87,6.87,6.65,6.65,6.65,6.55,6,520,3568.00,
539799,BHARATWIRE  ,B ,Q,214.20,214.20,206.55,209.15,209.40,212.40,662,46744,9817638.00,
539800,CHDCHEM     ,B ,Q,4.80,4.89,4.67,4.89,4.89,4.90,31,15892,75725.00,
539807,INFIBEAM    ,A ,Q,14.81,15.73,14.71,14.94,14.94,14.80,2437,2928439,43949012.00,
539814,LELAVOIR    ,XT,Q,68.80,71.45,68.80,70.51,70.99,69.24,30,6939,480656.00,
539834,BALGOPAL    ,X ,Q,20.99,22.40,20.30,21.83,21.91,20.94,37,5394,116275.00,
539835,SUPERIOR    ,XT,Q,1.44,1.44,1.40,1.40,1.40,1.40,23,17451,24816.00,
539837,RPEL        ,B ,Q,1055.00,1060.00,1035.30,1052.30,1055.25,1040.00,554,7761,8132254.00,
539841,LANCER      ,B ,Q,187.30,191.00,185.00,188.80,188.80,184.75,2442,481875,90663157.00,
539843,NINSYS      ,T ,Q,642.70,642.70,600.00,631.15,635.00,612.10,128,2377,1519415.00,
539854,HALDER      ,X ,Q,265.00,265.00,255.40,258.30,264.65,260.15,18,68,17876.00,
539871,THYROCARE   ,A ,Q,578.35,598.75,573.95,578.90,578.90,588.25,1431,19458,11445217.00,
539872,BAJAJHCARE  ,B ,Q,341.10,372.90,341.10,369.00,367.80,354.85,1532,35993,12966628.00,
539874,UJJIVAN     ,A ,Q,465.00,484.20,462.10,482.00,483.00,463.35,3322,97118,46411370.00,
539875,RSDFIN      ,X ,Q,75.01,81.90,75.01,77.30,77.01,79.12,13,304,23753.00,
539876,CROMPTON    ,A ,Q,288.60,294.85,288.60,293.50,293.50,288.55,1165,31320,9167650.00,
539883,PILANIINVS  ,B ,Q,2006.60,2006.60,1983.60,2000.90,1998.20,1999.40,61,127,253743.00,
539884,DARSHANORNA ,B ,Q,2.85,2.95,2.70,2.74,2.74,2.85,203,172487,481301.00,
539889,PARAGMILK   ,B ,Q,153.40,171.80,153.40,169.85,169.85,153.60,5640,554658,89967410.00,
539894,MADHAVIPL   ,XT,Q,5.59,5.61,5.40,5.57,5.57,5.50,290,257391,1422919.00,
539910,KOCL        ,XT,Q,2.00,2.15,2.00,2.14,2.14,2.08,46,14148,29114.00,
539911,SNIM        ,XT,Q,28.50,28.50,28.50,28.50,28.50,30.00,1,20,570.00,
539917,NAGARFERT   ,B ,Q,8.81,9.19,8.81,8.98,8.98,9.02,240,82707,747119.00,
539921,SEIL        ,B ,Q,63.12,64.99,61.90,62.87,62.99,63.12,93,5839,369321.00,
539938,MIL         ,X ,Q,72.99,73.20,69.37,72.38,71.00,73.68,18,1194,86482.00,
539939,YASHCHEM    ,B ,Q,88.00,88.00,86.10,86.73,87.00,87.02,88,6126,533439.00,
539940,MAXVIL      ,B ,Q,202.20,202.20,189.90,201.45,199.20,189.75,242,5790,1136510.00,
539945,ICICINV20   ,B ,Q,110.00,111.00,109.11,110.04,109.77,110.20,126,3454,379263.00,
539946,BAZELINTER  ,XT,Q,28.98,32.02,28.98,32.02,32.02,30.50,3,35,1035.00,
539947,JLL         ,XT,Q,34.65,34.65,34.65,34.65,34.65,34.65,1,5,173.00,
539956,TAALENT     ,X ,Q,2027.00,2070.00,2010.00,2027.50,2027.50,2060.40,115,1318,2683354.00,
539957,MGL         ,A ,Q,1111.40,1121.00,1087.50,1112.55,1112.55,1089.40,2028,22638,25098759.00,
539963,ZEAL        ,B ,Q,6.60,6.69,6.57,6.61,6.63,6.57,271,83327,553371.00,
539978,QUESS       ,A ,Q,430.30,433.00,426.90,428.15,428.15,429.45,304,5141,2203782.00,
539979,DIGJAMLTD   ,T ,Q,83.50,83.79,81.10,82.01,82.01,83.50,17,354,29474.00,
539980,ICICIMCAP   ,B ,Q,113.24,113.78,113.00,113.62,113.62,113.21,36,858,97439.00,
539984,HUIL        ,XT,Q,2500.00,2550.00,2408.00,2500.00,2500.00,2500.00,16,64,158884.00,
539986,COMSYN      ,B ,Q,60.80,60.80,57.50,58.77,60.00,59.54,182,18586,1088587.00,
539991,CFEL        ,XT,Q,140.35,140.35,140.35,140.35,140.35,133.70,6,917,128700.00,
539992,LLOYDSTEEL  ,A ,Q,35.19,38.94,35.13,38.48,38.48,34.94,8167,4124175,154288063.00,
539997,KPL         ,B ,Q,345.75,358.00,344.00,345.45,346.00,345.50,494,11931,4184757.00,
540005,LTIM        ,A ,Q,4864.80,4893.55,4814.40,4840.30,4840.30,4864.80,2977,17071,82699125.00,
540006,EASTWEST    ,X ,Q,4.70,4.74,4.56,4.60,4.70,4.69,89,41365,190830.00,
540008,BSLSENETFG  ,A ,Q,63.33,64.50,63.33,64.38,64.38,64.80,22,2084,134160.00,
540023,COLORCHIPS  ,XT,Q,6.61,6.89,6.56,6.78,6.78,6.68,224,62502,418409.00,
540025,ADVENZYMES  ,B ,Q,308.90,339.35,307.80,327.10,327.10,308.60,4389,74454,24398555.00,
540026,LAHL        ,XT,Q,5.50,5.72,5.18,5.60,5.60,5.45,46,2900,16254.00,
540047,DBL         ,A ,Q,251.05,259.80,250.95,255.55,255.55,255.10,1724,73071,18492695.00,
540048,SPAL        ,B ,Q,469.60,469.60,458.00,461.55,461.55,465.90,111,1200,554619.00,
540061,BIGBLOC     ,B ,Q,150.15,156.60,149.45,154.60,156.00,150.35,774,23976,3700526.00,
540063,ECS         ,XT,Q,7.73,8.11,7.35,7.35,7.35,7.73,47,5700,42570.00,
540065,RBLBANK     ,A ,Q,234.55,244.70,232.25,233.90,233.90,232.60,13447,2032212,483406181.00,
540073,BLS         ,A ,Q,214.60,215.15,212.00,212.65,212.65,214.60,2104,481958,102762043.00,
540078,MITSU       ,B ,Q,181.65,184.15,180.00,181.60,182.45,181.60,313,13072,2372550.00,
540079,SPRAYKING   ,B ,Q,206.55,207.35,194.00,194.60,194.60,200.35,541,106120,20871069.00,
540080,DHATRE      ,T ,Q,112.00,120.34,111.10,117.30,117.31,114.61,67,47914,5637531.00,
540081,GOVNOW      ,T ,Q,3.38,3.45,3.38,3.45,3.45,3.45,3,55,188.00,
540083,TVVISION    ,B ,Q,2.45,2.64,2.45,2.64,2.64,2.55,4,62,161.00,
540097,VISCO       ,X ,Q,80.00,83.68,76.52,78.89,80.62,80.49,44,5259,411302.00,
540108,TIAANC      ,X ,Q,2.65,2.89,2.65,2.65,2.65,2.65,26,9501,25236.00,
540115,LTTS        ,A ,Q,3950.25,4019.35,3936.00,4015.85,4014.25,3938.00,865,3495,13901870.00,
540124,GNA         ,B ,Q,998.05,1008.65,992.75,1004.00,1006.00,996.20,1222,16601,16598331.00,
540125,RADHIKAJWE  ,B ,Q,35.63,35.63,34.70,35.12,34.77,34.80,172,20205,707512.00,
540133,ICICIPRULI  ,A ,Q,572.30,581.50,567.80,580.10,581.35,572.15,1100,23355,13450162.00,
540134,IISL        ,X ,Q,2.89,2.92,2.55,2.88,2.88,2.70,19,8639,23653.00,
540135,ARCFIN      ,X ,Q,0.60,0.60,0.59,0.60,0.60,0.60,2045,1372865,817351.00,
540136,HPL         ,B ,Q,204.05,210.00,198.50,207.75,205.25,202.90,3003,104133,21359536.00,
540143,SAGARSOFT   ,X ,Q,143.00,146.80,140.00,142.95,142.10,142.45,44,2352,336908.00,
540144,DRA         ,M ,Q,24.99,24.99,24.99,24.99,24.99,24.99,1,2500,62475.00,
540145,VALIANTORG  ,A ,Q,503.80,525.40,503.75,517.25,515.00,503.85,437,5241,2712488.00,
540146,ACML        ,M ,Q,56.01,57.99,56.00,57.99,57.99,56.00,4,5000,282020.00,
540147,SHASHIJIT   ,B ,Q,34.88,34.89,33.00,33.01,33.00,33.01,10,6357,218796.00,
540153,ENDURANCE   ,A ,Q,1652.05,1655.15,1626.05,1638.40,1638.40,1637.90,313,1680,2763388.00,
540154,IDFSENSEXE  ,A ,Q,703.10,703.10,700.15,701.25,701.25,706.60,6,6,4210.00,
540159,PURPLE      ,XT,Q,3.16,3.16,3.10,3.10,3.10,3.16,7,1047,3276.00,
540168,SUPRAP      ,X ,Q,18.96,18.96,18.00,18.73,18.75,18.28,11,543,10084.00,
540173,PNBHOUSING  ,A ,Q,643.90,647.45,611.00,616.65,616.65,638.10,2637,56430,35214351.00,
540174,SOUTHERNIN  ,XT,Q,14.40,14.75,13.70,14.27,14.27,14.40,21,1034,14459.00,
540175,REGENCY     ,X ,Q,9.92,10.34,9.92,10.00,10.07,9.93,66,88768,890137.00,
540180,VBL         ,A ,Q,800.55,806.95,792.00,804.40,804.85,800.50,1373,27841,22315433.00,
540181,SALEM       ,X ,Q,39.95,39.95,37.40,39.58,39.60,37.26,9,84,3205.00,
540190,FRANKLININD ,X ,Q,12.75,12.75,12.70,12.70,12.70,12.17,10,2205,28057.00,
540192,LKPSEC      ,X ,Q,11.89,11.90,11.31,11.69,11.70,11.70,136,35695,415777.00,
540198,OSIAJEE     ,XT,Q,46.20,48.00,45.00,45.81,45.00,46.20,43,1920,87070.00,
540203,SFL         ,A ,Q,1175.90,1196.05,1171.85,1191.20,1191.20,1175.60,1137,11040,13027361.00,
540204,EIKO        ,X ,Q,63.70,66.70,63.35,65.01,65.01,63.70,282,80644,5298865.00,
540205,AVL         ,B ,Q,2240.00,2240.00,2150.10,2189.10,2189.10,2218.05,763,5671,12458209.00,
540210,HEADSUP     ,B ,Q,12.01,12.32,11.80,11.98,11.99,12.14,151,10337,125392.00,
540212,TCIEXP      ,A ,Q,1572.35,1588.00,1547.20,1574.20,1569.90,1568.85,384,1628,2550032.00,
540222,LAURUSLABS  ,A ,Q,333.50,348.60,331.50,338.15,338.15,343.80,7149,308263,104601644.00,
540243,NEWLIGHT    ,X ,Q,21.70,21.70,19.56,19.56,19.56,20.72,18,2423,47888.00,
540252,VSL         ,T ,Q,9.00,9.10,8.70,8.90,8.90,8.91,352,75607,670344.00,
540254,MTPL        ,XT,Q,19.65,19.65,18.91,19.65,19.65,18.72,27,5023,98620.00,
540259,SHANGAR     ,X ,Q,3.20,3.26,3.07,3.26,3.25,3.20,28,5072,16231.00,
540266,GLCL        ,Z ,Q,29.40,29.40,26.60,29.40,29.40,28.00,84,13913,378194.00,
540267,FLORACORP   ,XT,Q,9.79,9.98,9.79,9.98,9.98,9.79,7,5068,50570.00,
540268,TRU         ,B ,Q,50.05,51.90,50.05,50.96,50.96,51.33,304,228252,11676617.00,
540293,PRICOLLTD   ,A ,Q,273.75,278.35,266.55,275.80,275.80,269.90,820,20379,5539714.00,
540310,CFL         ,XT,Q,36.21,36.21,35.50,35.50,35.50,35.50,3,80,2868.00,
540311,JITFINFRA   ,T ,Q,529.25,542.00,514.90,525.95,527.00,529.25,144,6504,3380507.00,
540358,RMC         ,M ,Q,563.00,572.25,555.50,572.25,572.25,545.00,45,24500,13982600.00,
540359,PARMAX      ,X ,Q,31.90,32.00,29.50,31.50,31.50,31.01,24,1766,55918.00,
540360,LLFICL      ,XT,Q,2.95,3.00,2.95,3.00,3.00,2.95,22,11049,33123.00,
540361,DANUBE      ,XT,Q,16.25,16.25,16.25,16.25,16.25,16.58,8,3179,51658.00,
540366,RADIOCITY   ,T ,Q,12.00,12.00,11.72,11.85,11.85,11.92,25,17685,210933.00,
540376,DMART       ,A ,Q,3695.05,3725.80,3678.00,3716.65,3725.80,3687.80,1130,4585,16934980.00,
540377,IFL         ,B ,Q,13.94,14.36,13.68,14.03,13.98,13.94,645,613168,8528203.00,
540386,ONTIC       ,XT,Q,0.58,0.60,0.57,0.59,0.59,0.58,109,171491,99904.00,
540393,SMLT        ,T ,Q,249.90,249.90,249.90,249.90,249.90,254.95,16,368,91963.00,
540395,CHEMCRUX    ,B ,Q,315.25,325.05,315.25,319.90,320.15,314.25,993,20085,6411357.00,
540401,MAXIMUS     ,B ,Q,15.98,15.98,15.55,15.75,15.80,15.70,469,55654,874958.00,
540403,CLEDUCATE   ,B ,Q,75.94,76.10,74.10,74.62,74.59,74.75,94,6977,521376.00,
540404,PRIMEFRESH  ,M ,Q,225.00,225.00,225.00,225.00,225.00,224.00,3,4500,1012500.00,
540425,SHANKARA    ,B ,Q,739.10,747.00,734.20,737.35,735.40,739.10,587,6823,5055961.00,
540455,ESCORP      ,M ,Q,55.00,55.25,55.00,55.01,55.00,55.00,7,79800,4389831.00,
540492,STARLENT    ,B ,Q,106.25,108.20,106.25,107.80,107.85,106.25,25,316,34087.00,
540497,SCHAND      ,B ,Q,201.00,208.05,199.30,200.90,201.10,198.50,328,5678,1151037.00,
540515,KANUNGO     ,XT,Q,3.58,3.94,3.58,3.58,3.58,3.76,14,9963,35706.00,
540519,MEERA       ,B ,Q,46.50,46.99,46.00,46.50,46.99,46.70,13,1549,71949.00,
540526,IRBINVIT    ,IF,Q,70.80,71.49,70.80,71.48,71.49,70.84,83,20198,1440143.00,
540530,HUDCO       ,A ,Q,63.29,63.61,62.36,63.33,63.33,63.29,1280,491832,30953933.00,
540544,PSPPROJECT  ,A ,Q,740.80,785.55,736.05,780.00,780.00,737.45,3541,44929,34646255.00,
540545,BGJL        ,B ,Q,12.00,12.10,11.70,11.73,11.94,11.85,159,42793,509232.00,
540550,YUG         ,M ,Q,70.01,70.01,70.00,70.00,70.00,74.95,9,38000,2660020.00,
540565,INDIGRID    ,IF,Q,137.50,138.20,137.50,138.20,138.20,137.60,1576,36087,4970869.00,
540570,VARIMAN     ,X ,Q,12.50,12.50,12.10,12.26,12.26,12.39,202,88152,1078140.00,
540575,STARCEMENT  ,A ,Q,142.90,143.35,141.20,141.65,142.30,142.25,295,8539,1212486.00,
540590,RIDDHICORP  ,B ,Q,189.05,199.00,189.05,191.00,191.00,194.90,51,1484,289700.00,
540595,TEJASNET    ,A ,Q,820.05,833.05,815.15,826.25,826.25,825.30,2955,63820,52559067.00,
540596,ERIS        ,A ,Q,780.05,791.50,765.50,776.05,775.60,778.85,1188,9208,7179505.00,
540597,CONTAINER   ,XT,Q,5.65,5.69,5.60,5.69,5.69,5.42,5,1394,7844.00,
540602,GTPL        ,B ,Q,135.10,135.95,132.90,134.35,134.15,135.85,376,11130,1500456.00,
540611,AUBANK      ,A ,Q,730.05,734.60,722.75,724.75,724.75,729.30,1495,20039,14571615.00,
540612,ICICILOVOL  ,B ,Q,162.50,163.05,162.01,162.64,162.64,161.91,20,147,23915.00,
540614,GGENG       ,B ,Q,1.17,1.27,1.15,1.21,1.21,1.19,3707,15646317,18908690.00,
540615,7NR         ,B ,Q,0.65,0.66,0.65,0.65,0.65,0.66,331,412295,269698.00,
540642,SALASAR     ,B ,Q,50.45,51.44,50.25,50.62,51.00,50.46,607,108731,5497664.00,
540647,GANGESSEC   ,B ,Q,115.90,122.00,112.40,119.40,119.75,116.40,163,3521,411019.00,
540648,PALASHSEC   ,T ,Q,105.80,105.80,103.00,103.00,103.00,104.05,6,147,15150.00,
540649,AVADHSUGAR  ,B ,Q,583.15,588.30,576.00,582.15,578.80,584.20,230,2421,1412454.00,
540650,MAGADHSUGAR ,B ,Q,474.60,475.30,460.00,463.45,461.65,474.35,290,3699,1729967.00,
540654,GSTL        ,B ,Q,34.95,34.95,33.70,33.82,33.71,33.68,48,5238,178412.00,
540669,UTINEXT50   ,B ,Q,47.05,47.70,47.05,47.66,47.60,47.34,52,2911,138060.00,
540673,SIS         ,A ,Q,434.15,436.30,423.95,433.60,430.30,429.90,506,6254,2695573.00,
540678,COCHINSHIP  ,A ,Q,678.95,684.25,671.80,680.95,680.95,670.35,1650,33069,22459052.00,
540679,SMSLIFE     ,B ,Q,527.05,535.80,526.40,527.95,531.55,522.30,39,112,59454.00,
540680,KIOCL       ,A ,Q,193.55,193.55,191.30,191.30,191.30,194.20,59,375,71911.00,
540681,CHOTHANI    ,M ,Q,14.00,14.00,14.00,14.00,14.00,13.82,1,10000,140000.00,
540686,SMRUTHIORG  ,X ,Q,125.00,125.00,121.15,121.90,121.15,123.60,69,4752,585315.00,
540691,ABCAPITAL   ,A ,Q,192.80,195.35,191.80,193.75,193.75,191.50,1702,121929,23640104.00,
540692,APEX        ,B ,Q,220.05,223.15,217.95,218.50,218.50,219.60,198,5262,1161164.00,
540693,SHISHIND    ,T ,Q,136.05,136.05,135.00,136.05,136.05,389.25,889,42115,5727687.00,
540694,ANG         ,B ,Q,65.00,65.83,64.01,64.32,64.70,65.41,213,16259,1050707.00,
540696,KCDGROUP    ,XT,Q,24.97,24.97,24.50,24.79,24.79,24.50,9,1362,33699.00,
540699,DIXON       ,A ,Q,4048.40,4074.85,3998.50,4065.40,4065.40,4048.40,3138,11233,45269062.00,
540700,BRNL        ,B ,Q,30.99,30.99,30.40,30.87,30.64,30.53,66,3958,121545.00,
540701,DCAL        ,B ,Q,156.95,157.60,153.55,155.50,154.95,156.90,815,35162,5475994.00,
540702,LASA        ,B ,Q,23.50,23.76,22.50,22.95,23.00,23.94,310,22497,521956.00,
540704,MATRIMONY   ,B ,Q,659.90,659.90,644.20,645.55,645.80,652.05,112,529,343421.00,
540709,RELHOME     ,B ,Q,3.37,3.45,3.32,3.42,3.42,3.34,781,1919261,6550087.00,
540710,CAPACITE    ,B ,Q,209.55,213.85,208.40,211.80,211.35,211.30,991,66350,13934605.00,
540715,SAGAR       ,M ,Q,34.00,37.19,33.31,34.06,34.06,34.05,11,33000,1170240.00,
540716,ICICIGI     ,A ,Q,1357.90,1377.45,1357.00,1372.85,1372.85,1359.25,1204,7979,10902173.00,
540717,PQIF        ,B ,Q,39.40,40.35,39.00,39.71,40.20,39.99,88,3748,148804.00,
540719,SBILIFE     ,A ,Q,1296.70,1302.20,1281.10,1290.40,1290.50,1296.70,2039,14496,18686384.00,
540724,DIAMONDYD   ,B ,Q,825.95,840.85,818.00,840.75,840.60,818.60,43,198,163120.00,
540725,SISL        ,A ,Q,1214.95,1214.95,1194.60,1198.80,1204.15,1195.85,227,4271,5126672.00,
540726,TTFL        ,B ,Q,62.95,67.80,61.00,62.88,62.60,62.90,263,26997,1749152.00,
540727,POOJA       ,B ,Q,31.21,31.60,30.91,31.04,31.00,31.21,91,16504,511348.00,
540728,SAYAJIIND   ,X ,Q,169.00,175.00,169.00,171.05,171.05,172.00,7,661,113135.00,
540730,MEHAI       ,T ,Q,17.94,17.94,17.94,17.94,17.94,18.30,9,903,16199.00,
540735,IRIS        ,B ,Q,102.10,102.35,98.79,100.97,101.10,100.04,327,15760,1581323.00,
540737,SGRL        ,B ,Q,420.70,425.00,407.25,419.55,416.60,420.70,252,5913,2482624.00,
540738,STL         ,B ,Q,70.00,72.99,68.35,69.89,69.89,68.77,380,49024,3433120.00,
540743,GODREJAGRO  ,A ,Q,486.05,487.75,483.10,486.20,487.20,492.40,777,8024,3899818.00,
540749,MASFIN      ,A ,Q,823.95,823.95,791.00,795.85,791.30,790.20,738,6382,5136056.00,
540750,IEX         ,A ,Q,120.00,124.50,119.90,122.70,122.70,119.95,15045,1543559,189712632.00,
540755,GICRE       ,A ,Q,200.95,200.95,196.60,197.80,197.80,200.55,623,21594,4277076.00,
540757,SCPL        ,T ,Q,425.00,432.00,420.00,425.30,428.00,430.00,70,1031,438995.00,
540762,TIINDIA     ,A ,Q,3119.95,3121.75,3092.05,3104.85,3104.85,3126.35,757,3218,10005497.00,
540767,NAM-INDIA   ,A ,Q,319.65,322.25,315.60,318.70,318.70,316.90,1532,53674,17143570.00,
540768,MAHLOG      ,A ,Q,370.25,372.25,361.30,361.95,364.15,369.30,1789,24062,8784681.00,
540769,NIACL       ,A ,Q,123.45,123.45,120.80,121.70,122.20,121.50,490,26463,3220559.00,
540774,IFGLEXPOR   ,B ,Q,396.95,400.20,393.30,394.80,395.50,395.80,167,2861,1135514.00,
540775,KHADIM      ,B ,Q,230.90,233.55,227.80,228.55,228.05,230.55,73,1014,233551.00,
540776,5PAISA      ,B ,Q,453.20,485.60,453.20,471.70,471.70,462.25,1788,31149,14754487.00,
540777,HDFCLIFE    ,A ,Q,661.90,664.45,654.75,659.15,657.70,662.25,2375,29137,19209305.00,
540786,SHARIKA     ,T ,Q,6.50,6.72,6.29,6.72,6.72,6.40,152,94235,621243.00,
540787,ICICIB22    ,A ,Q,70.12,70.58,69.95,70.45,70.31,70.01,422,39416,2771926.00,
540788,ASPIRA      ,X ,Q,25.37,26.41,25.37,25.86,25.86,25.31,27,985,25554.00,
540789,DNAMEDIA    ,B ,Q,3.06,3.06,2.91,2.92,2.93,3.00,65,35956,106813.00,
540795,DYNAMIC     ,B ,Q,438.20,474.45,438.20,464.10,464.10,435.15,2933,45917,21248747.00,
540796,RATNABHUMI  ,T ,Q,99.01,99.01,99.01,99.01,99.01,99.01,1,3,297.00,
540797,SHALBY      ,B ,Q,197.80,201.90,194.35,195.95,196.00,196.40,1220,41539,8213410.00,
540809,MRCAGRO     ,T ,Q,21.80,21.80,19.76,20.99,20.99,20.79,802,146169,3045792.00,
540821,SADHNA      ,XT,Q,4.95,4.95,4.78,4.88,4.90,4.88,356,113380,549127.00,
540823,VITESSE     ,Z ,Q,16.01,16.01,15.45,15.96,16.01,16.01,8,50,781.00,
540824,ASTRON      ,B ,Q,26.10,26.45,25.51,25.99,25.96,26.10,112,26186,681500.00,
540829,CHANDRIMA   ,XT,Q,6.85,7.28,6.85,7.28,7.28,6.94,9,1011,7274.00,
540874,7SEAS       ,XT,Q,25.34,25.34,25.34,25.34,25.34,25.85,9,5500,139370.00,
540879,APOLLO      ,B ,Q,55.00,55.84,54.15,54.96,54.96,55.00,1730,142964,7880557.00,
540900,NEWGEN      ,A ,Q,826.15,853.00,788.70,808.20,808.90,825.75,2721,36816,30266548.00,
540901,PRAXIS      ,T ,Q,16.73,16.73,16.73,16.73,16.73,16.41,20,24812,415104.00,
540902,AMBER       ,A ,Q,2460.05,2481.00,2424.00,2433.65,2433.65,2450.15,1372,8674,21248742.00,
540904,TIRUFOAM    ,X ,Q,99.00,99.00,98.00,98.00,98.00,99.00,3,107,10491.00,
540914,SRUSTEELS   ,XT,Q,21.65,21.65,21.65,21.65,21.65,22.09,218,25777,558072.00,
540923,ASHOKAMET   ,T ,Q,21.60,21.60,20.37,20.98,20.70,21.16,43,2766,58191.00,
540935,GALAXYSURF  ,A ,Q,2585.05,2675.00,2585.05,2667.65,2672.45,2618.05,488,1592,4221392.00,
540936,GGL         ,B ,Q,10.95,10.95,10.29,10.76,10.80,10.67,176,27044,286855.00,
540937,MEDICO      ,B ,Q,78.15,80.72,78.15,80.00,80.00,79.71,394,19032,1523723.00,
540952,LAL         ,T ,Q,207.95,215.00,200.30,204.10,201.05,205.45,36,2973,608128.00,
540953,KENVI       ,T ,Q,11.02,12.16,11.02,11.02,11.02,11.59,1178,772870,8646150.00,
540954,IWP         ,XT,Q,23.89,23.89,22.58,23.00,23.00,23.08,34,3300,76281.00,
540955,TDSL        ,B ,Q,13.13,13.13,12.30,12.50,12.50,12.75,95,34834,434852.00,
540956,BHATIA      ,B ,Q,15.00,16.00,15.00,15.93,15.90,15.18,341,119720,1868314.00,
540961,SHIVAMILLS  ,T ,Q,72.85,72.85,71.60,72.85,72.85,70.38,4,35,2544.00,
540975,ASTERDM     ,A ,Q,307.00,308.85,295.10,297.80,297.80,306.60,1138,20111,6045559.00,
540980,YSL         ,X ,Q,13444.00,13451.00,12751.00,13300.00,13300.00,13399.00,35,62,801445.00,
541005,KANCOTEA    ,X ,Q,73.50,75.95,72.52,73.52,75.95,72.51,7,269,19756.00,
541019,HGINFRA     ,A ,Q,953.20,954.90,930.60,935.80,936.45,951.35,406,6311,5946642.00,
541083,INFLAME     ,M ,Q,644.60,648.00,630.00,642.60,648.00,644.65,19,4750,3038525.00,
541096,BPLPHARMA   ,X ,Q,444.00,457.90,425.00,432.75,435.00,439.75,123,5213,2298523.00,
541097,LIQUIDETF   ,F ,Q,1000.00,1000.01,999.99,1000.00,1000.00,1000.00,129,253489,253489267.00,
541143,BDL         ,A ,Q,1202.50,1213.05,1195.20,1202.30,1203.00,1201.85,517,5986,7200525.00,
541144,ACTIVE      ,T ,Q,49.85,49.85,45.15,49.00,49.00,47.50,11,601,28111.00,
541152,GOYALALUM   ,T ,Q,9.78,9.78,9.78,9.78,9.78,10.29,105,47706,466564.00,
541153,BANDHANBNK  ,A ,Q,217.05,218.75,213.95,217.05,217.05,216.60,7991,575194,124620759.00,
541154,HAL         ,A ,Q,3840.05,3948.00,3830.45,3927.65,3927.65,3853.10,9817,91775,358959311.00,
541161,KBCGLOBAL   ,T ,Q,2.57,2.64,2.52,2.59,2.59,2.65,428,713832,1829600.00,
541163,SANDHAR     ,B ,Q,361.50,365.50,355.85,362.90,363.00,359.70,703,11500,4156737.00,
541167,YASHO       ,B ,Q,1702.00,1730.00,1702.00,1722.95,1725.05,1721.50,530,5887,10137666.00,
541178,BENARA      ,M ,Q,14.25,14.25,14.25,14.25,14.25,14.60,1,2000,28500.00,
541179,ISEC        ,A ,Q,631.05,638.20,628.00,637.20,636.90,639.45,526,6411,4068203.00,
541195,MIDHANI     ,A ,Q,315.70,320.00,310.95,315.85,316.00,315.90,1705,137439,43310765.00,
541206,OBCL        ,B ,Q,49.91,50.09,49.01,49.88,49.90,49.70,133,7388,366928.00,
541228,TRL         ,M ,Q,432.95,432.95,415.10,415.10,415.10,430.00,3,2400,1012040.00,
541233,LEMONTREE   ,A ,Q,91.97,92.00,90.75,91.04,91.04,91.45,718,86613,7894803.00,
541269,CHEMFABALKA ,B ,Q,305.05,333.00,305.05,323.75,322.70,353.20,1794,43221,13896655.00,
541276,HARDWYN     ,B ,Q,41.01,42.25,41.01,41.77,41.89,41.68,181,16038,670044.00,
541301,ORIENTELEC  ,A ,Q,232.60,232.70,221.25,229.30,229.30,231.85,1934,63111,14313356.00,
541302,DHRUV       ,B ,Q,49.84,50.50,49.08,50.50,50.50,49.25,13,873,43784.00,
541303,AKSHAR      ,T ,Q,74.96,78.72,73.06,78.13,77.00,74.98,77,12528,966278.00,
541313,ICICI500    ,A ,Q,28.71,28.71,28.29,28.47,28.47,28.36,67,3502,99703.00,
541336,INDOSTAR    ,T ,Q,172.00,172.00,165.50,167.20,168.00,168.85,94,7434,1254001.00,
541337,MILEFUR     ,M ,Q,5.82,5.82,5.70,5.70,5.70,5.55,25,81000,469980.00,
541338,UHZAVERI    ,T ,Q,39.70,43.00,39.70,42.75,42.75,41.71,6,475,20020.00,
541347,PARVATI     ,XT,Q,13.87,13.87,13.18,13.18,13.18,13.87,556,369350,4882169.00,
541352,MEGASTAR    ,T ,Q,300.20,300.20,298.90,298.90,298.90,305.00,83,2990,896821.00,
541353,INNOVATORS  ,M ,Q,161.00,165.00,154.25,156.35,156.35,158.85,28,44800,7196240.00,
541400,ZIMLAB      ,B ,Q,124.05,136.65,123.50,133.05,133.05,121.35,5077,378759,49986044.00,
541402,AFFORDABLE  ,M ,Q,543.00,550.10,535.00,540.75,535.00,525.30,96,40000,21702300.00,
541403,DOLLAR      ,B ,Q,412.35,440.00,406.00,424.20,424.20,412.70,2819,51056,21376759.00,
541418,NGIL        ,T ,Q,52.50,52.51,50.00,50.40,52.44,50.01,29,6337,325759.00,
541444,PALMJEWELS  ,B ,Q,11.87,12.49,11.85,12.47,12.48,12.11,29,2571,31369.00,
541445,WAA         ,M ,Q,73.50,75.60,72.45,75.35,75.50,74.00,27,75200,5573920.00,
541450,ADANIGREEN  ,A ,Q,1126.05,1135.70,1080.00,1091.75,1091.75,1118.80,6886,113334,125906884.00,
541503,UNICK       ,XT,Q,54.11,56.50,54.11,56.50,56.50,56.95,3,180,9931.00,
541540,SOLARA      ,B ,Q,399.05,417.75,398.40,400.10,400.10,396.15,2583,28850,11774941.00,
541546,GAYAHWS     ,T ,Q,0.77,0.77,0.77,0.77,0.77,0.78,15,2246,1729.00,
541556,RITES       ,A ,Q,478.00,478.75,435.95,457.25,457.25,477.80,2368,67944,31629145.00,
541557,FINEORG     ,A ,Q,4445.05,4494.95,4445.05,4476.30,4488.90,4463.00,2186,7860,35135255.00,
541578,VARROC      ,A ,Q,345.75,346.90,337.25,339.65,339.95,343.45,435,4945,1685488.00,
541601,RAJNISH     ,B ,Q,13.23,13.23,12.80,13.17,13.17,13.09,1047,1087427,14137255.00,
541634,RAWEDGE     ,B ,Q,46.75,46.75,44.91,46.49,46.49,47.26,8,162,7430.00,
541700,TCNSBRANDS  ,A ,Q,433.00,438.70,432.60,436.10,433.55,430.40,382,9193,3990117.00,
541702,ASHNI       ,XT,Q,21.08,21.20,20.06,20.51,20.51,20.92,344,48513,1000477.00,
541703,GFIL        ,M ,Q,18.36,18.36,18.36,18.36,18.36,18.36,1,1600,29376.00,
541729,HDFCAMC     ,A ,Q,2452.00,2556.65,2443.60,2538.40,2538.40,2447.25,8191,69400,175174011.00,
541735,VIVANTA     ,XT,Q,6.13,6.13,6.13,6.13,6.13,6.25,37,10274,62979.00,
541741,TINNATFL    ,X ,Q,23.50,24.25,23.35,23.72,23.70,24.25,17,2558,60095.00,
541770,CREDITACC   ,A ,Q,1370.00,1409.55,1365.65,1399.35,1399.35,1369.10,1406,16464,22966473.00,
541771,AMINTAN     ,X ,Q,2.03,2.05,1.98,2.01,2.02,1.99,70,61077,123170.00,
541778,DEEP        ,B ,Q,94.87,94.87,85.15,90.09,90.09,93.08,401,45093,4085759.00,
541809,ICICINXT50  ,B ,Q,46.14,46.67,45.23,46.55,46.61,46.11,106,5904,271647.00,
541865,ASRL        ,B ,Q,35.34,35.34,34.50,34.78,34.89,34.81,678,56030,1945356.00,
541890,SPACEINCUBA ,X ,Q,1.21,1.28,1.21,1.28,1.28,1.24,33,38448,48221.00,
541929,SGIL        ,T ,Q,202.10,212.00,200.00,200.20,200.00,206.15,48,5874,1192250.00,
541946,ICICILIQ    ,F ,Q,1000.00,1000.25,1000.00,1000.20,1000.25,1000.00,53,58367,58368019.00,
541956,IRCON       ,A ,Q,95.99,95.99,91.81,93.09,93.09,95.25,7237,1126364,105281070.00,
541967,SKYGOLD     ,T ,Q,275.05,275.05,268.00,270.00,270.00,275.05,8,15903,4326298.00,
541972,SETFSN50    ,A ,Q,576.00,580.00,576.00,580.00,580.00,571.00,8,96,55470.00,
541973,MACH        ,M ,Q,30.75,34.99,30.50,34.99,34.99,33.50,13,33000,1048755.00,
541974,MANORAMA    ,T ,Q,1638.00,1692.00,1600.00,1628.00,1628.00,1680.00,66,688,1123727.00,
541983,INNOVATIVE  ,M ,Q,5.22,5.22,4.70,4.97,4.96,4.75,136,244000,1237320.00,
541988,AAVAS       ,A ,Q,1594.90,1609.90,1581.95,1607.50,1605.90,1587.55,586,3951,6330126.00,
542011,GRSE        ,A ,Q,607.35,632.00,607.00,619.15,619.15,607.00,1896,40838,25366477.00,
542012,AAL         ,B ,Q,367.00,373.30,352.10,368.25,368.25,366.10,324,88073,32491676.00,
542013,DOLFIN      ,B ,Q,130.00,130.00,128.10,129.85,130.00,130.45,30,238,30739.00,
542019,SHUBHAM     ,T ,Q,20.02,20.60,19.60,20.28,20.44,20.17,115,12233,246251.00,
542020,AKI         ,T ,Q,21.74,21.80,20.80,21.80,21.80,21.62,24,4215,90957.00,
542025,SUNRETAIL   ,M ,Q,0.48,0.48,0.46,0.47,0.47,0.46,9,432000,203520.00,
542034,SMGOLD      ,T ,Q,13.80,14.50,13.80,14.20,14.30,14.12,234,38033,533365.00,
542046,VIVIDM      ,T ,Q,42.00,42.30,40.50,41.11,42.30,41.24,24,7909,325895.00,
542057,BCPL        ,T ,Q,60.65,63.00,60.65,61.72,61.72,61.87,317,25737,1592098.00,
542066,ATGL        ,A ,Q,659.90,662.00,653.30,658.00,658.00,654.60,5830,79581,52343362.00,
542123,PHOSPHATE   ,X ,Q,130.00,134.40,130.00,134.40,134.40,128.00,8,65,8727.00,
542131,MAN50ETF    ,B ,Q,206.50,206.99,205.93,206.56,206.70,207.29,42,291,60079.00,
542141,TECHNOE     ,A ,Q,481.05,494.00,475.95,490.40,486.75,483.15,491,6877,3349579.00,
542155,DGL         ,M ,Q,2.41,2.41,2.41,2.41,2.41,2.41,1,2000,4820.00,
542206,NIVAKA      ,XT,Q,2.17,2.27,2.16,2.19,2.23,2.22,17,2387,5318.00,
542216,DALBHARAT   ,A ,Q,1948.10,1961.95,1936.90,1954.70,1955.95,1939.40,531,3839,7492196.00,
542230,ABSLNN50ET  ,B ,Q,46.95,46.95,45.41,46.40,46.55,45.99,41,1059,48951.00,
542231,NILASPACES  ,T ,Q,3.45,3.49,3.35,3.42,3.42,3.45,34,18707,62988.00,
542232,SRD         ,B ,Q,108.80,108.80,106.20,107.30,107.50,105.40,658,31726,3392890.00,
542233,TREJHARA    ,T ,Q,70.00,71.85,68.90,69.62,69.50,69.47,58,8405,591508.00,
542248,DECCAN      ,B ,Q,26.46,28.00,25.15,26.87,26.87,27.00,219,182107,4951643.00,
542285,AXITA       ,T ,Q,27.25,27.50,27.01,27.13,27.10,26.98,168,47616,1290995.00,
542323,KPIGREEN    ,A ,Q,826.25,843.70,815.50,825.25,825.25,834.95,1737,16705,13791396.00,
542333,RPSGVENT    ,B ,Q,469.50,476.00,465.45,473.60,474.50,465.20,156,1239,584982.00,
542337,SPENCER     ,B ,Q,61.22,63.05,61.03,62.80,62.65,61.01,401,23485,1454851.00,
542351,GLOSTERLTD  ,X ,Q,739.00,739.00,724.00,730.95,730.00,761.65,216,1756,1283217.00,
542367,XELPMOC     ,B ,Q,93.20,93.59,89.84,90.51,90.51,92.28,303,12158,1103300.00,
542383,RITCO       ,B ,Q,253.60,262.00,252.10,253.80,253.65,254.30,300,4590,1171113.00,
542399,CHALET      ,A ,Q,488.00,488.05,471.40,475.15,476.70,488.15,1119,10715,5119372.00,
542437,ANMOL       ,T ,Q,58.05,58.05,58.05,58.05,58.05,55.30,63,15374,892460.00,
542446,JONJUA      ,M ,Q,9.60,10.55,9.60,10.15,10.15,10.06,8,27680,278391.00,
542459,KRANTI      ,B ,Q,91.21,96.90,91.21,93.91,92.50,94.67,145,7443,705768.00,
542460,ANUP        ,B ,Q,1999.95,2044.25,1916.55,2003.20,2026.00,1968.80,2272,13258,26365463.00,
542484,ARVINDFASN  ,A ,Q,331.00,335.25,326.00,327.50,326.00,334.80,706,10902,3586095.00,
542513,UTISXN50    ,A ,Q,57.15,57.77,57.15,57.66,57.65,57.01,11,61,3501.00,
542579,AGOL        ,B ,Q,10.50,10.80,10.50,10.52,10.52,10.50,257,591766,6223256.00,
542580,AARTECH     ,B ,Q,134.00,134.85,129.20,132.85,133.55,129.50,160,5033,659544.00,
542592,HBEL        ,M ,Q,495.10,495.10,493.95,494.50,493.95,548.80,4,2000,989025.00,
542597,MSTC        ,A ,Q,431.10,453.00,425.60,446.30,446.30,426.20,3928,142302,63178579.00,
542602,EMBASSY     ,IF,Q,306.90,310.49,306.41,310.04,310.18,308.43,912,16328,5054721.00,
542627,CHANDNIMACH ,XT,Q,11.81,11.81,11.79,11.80,11.80,11.25,6,1931,22772.00,
542628,NSL         ,M ,Q,278.90,278.90,260.00,265.15,269.25,270.80,29,49000,12990475.00,
542649,RVNL        ,A ,Q,123.00,123.10,119.75,120.95,120.95,126.15,47775,4995680,606590366.00,
542650,METROPOLIS  ,A ,Q,1413.00,1414.20,1372.50,1390.90,1385.85,1401.30,1058,11081,15374176.00,
542651,KPITTECH    ,A ,Q,1090.00,1096.50,1066.95,1071.60,1074.75,1083.95,1971,32026,34497584.00,
542652,POLYCAB     ,A ,Q,4703.00,4773.95,4665.75,4747.05,4742.45,4699.55,2091,13964,65928424.00,
542655,VIKASLIFE   ,B ,Q,3.06,3.09,3.05,3.06,3.06,3.06,1532,2218434,6799524.00,
542665,NEOGEN      ,A ,Q,1608.95,1608.95,1556.20,1566.75,1577.70,1566.40,143,539,845093.00,
542666,GKP         ,T ,Q,12.30,12.30,11.30,12.05,12.10,11.81,193,21434,258060.00,
542667,WORL        ,T ,Q,8.30,8.30,8.30,8.30,8.30,8.46,76,29003,240724.00,
542668,EVANS       ,M ,Q,118.95,118.95,118.80,118.95,118.95,113.29,5,5000,594590.00,
542669,BMW         ,X ,Q,33.99,34.84,32.12,32.54,32.54,33.50,391,99662,3330039.00,
542670,AEPL        ,T ,Q,14.91,14.91,14.91,14.91,14.91,15.21,18,4763,71016.00,
542678,CHCL        ,M ,Q,24.56,24.56,24.56,24.56,24.56,25.80,2,4000,98240.00,
542679,DEL         ,X ,Q,31.85,31.85,29.00,30.95,30.95,28.50,17,406,12548.00,
542682,HARISH      ,X ,Q,43.25,46.45,41.10,45.57,44.55,41.41,96,32360,1450066.00,
542684,PPL         ,B ,Q,185.00,187.30,183.85,185.00,185.00,183.90,393,10091,1869189.00,
542685,DGCONTENT   ,T ,Q,16.48,16.48,15.45,16.20,16.20,15.85,12,962,14899.00,
542694,PARSHVA     ,B ,Q,160.20,166.20,160.00,161.05,161.00,162.20,7,28,4538.00,
542721,ARL         ,B ,Q,36.50,37.69,36.50,36.64,36.62,36.62,32,945,34888.00,
542724,EARUM       ,T ,Q,1.32,1.35,1.25,1.35,1.35,1.29,1350,2608901,3422994.00,
542725,SBC         ,T ,Q,19.75,20.00,19.75,19.77,19.75,19.75,133,167467,3322306.00,
542726,INDIAMART   ,A ,Q,3002.05,3097.00,3002.05,3090.40,3090.40,3000.40,2207,14535,44664126.00,
542729,DCMNVL      ,B ,Q,134.00,149.60,134.00,146.10,146.50,148.30,177,9359,1378575.00,
542730,ICICIBANKN  ,B ,Q,37.82,46.73,37.82,45.89,45.90,46.05,60,1020,46732.00,
542747,SNXT50BEES  ,A ,Q,56.50,56.88,55.58,56.82,56.87,56.20,71,648,36576.00,
542752,AFFLE       ,A ,Q,1060.00,1068.00,1043.55,1046.60,1046.60,1066.90,2698,17638,18571615.00,
542753,SEACOAST    ,XT,Q,3.60,3.60,3.60,3.60,3.60,3.67,883,973286,3503829.00,
542758,ICICIBANKP  ,B ,Q,233.52,233.52,231.60,232.13,232.13,233.09,25,336,78284.00,
542759,SPANDANA    ,B ,Q,828.00,850.40,821.65,844.75,844.75,821.70,1266,15517,13006702.00,
542760,SWSOLAR     ,A ,Q,367.85,393.35,362.00,387.35,387.35,365.20,6438,125443,47920896.00,
542770,ALPHALOGIC  ,T ,Q,45.00,46.64,45.00,46.50,46.50,45.53,66,4948,228083.00,
542772,360ONE      ,A ,Q,508.70,511.85,507.70,511.20,509.80,509.00,121,859,438250.00,
542773,IIFLSEC     ,B ,Q,65.80,66.00,65.29,65.41,65.35,64.92,401,24403,1600078.00,
542774,MUFIN       ,X ,Q,43.95,45.90,43.05,44.30,44.50,43.95,414,130429,5745542.00,
542801,MISQUITA    ,M ,Q,40.50,40.50,40.50,40.50,40.50,40.50,1,2000,81000.00,
542802,GALACTICO   ,T ,Q,7.03,7.03,7.03,7.03,7.03,7.39,445,67506,474567.00,
542803,VEL         ,X ,Q,19.65,19.65,19.06,19.25,19.59,19.42,83,125717,2430215.00,
542804,NIESSPJ     ,B ,Q,25.95,25.95,21.59,23.48,23.48,23.98,3,7,157.00,
542812,FLUOROCHEM  ,A ,Q,2690.20,2720.20,2678.00,2699.85,2699.85,2700.30,1875,8796,23716143.00,
542830,IRCTC       ,A ,Q,618.25,631.75,618.25,630.55,630.55,619.90,11450,219267,137310615.00,
542839,NIEHSPD     ,B ,Q,0.90,0.90,0.90,0.90,0.90,0.90,3,1127,1014.00,
542844,NIEHSPH     ,B ,Q,1.53,1.54,1.50,1.50,1.50,1.40,13,5527,8383.00,
542846,NIEHSPL     ,B ,Q,1.00,1.00,1.00,1.00,1.00,1.03,3,199,199.00,
542847,NIESSPL     ,B ,Q,0.68,0.68,0.59,0.67,0.67,0.63,10,17337,11038.00,
542848,NIESSPM     ,B ,Q,1.70,1.70,1.53,1.70,1.70,1.70,3,685,1056.00,
542850,GOBLIN      ,M ,Q,58.40,58.40,53.12,57.00,57.00,54.25,6,12000,679020.00,
542851,GENSOL      ,B ,Q,1629.00,1669.80,1531.90,1581.50,1581.50,1590.30,3143,107166,173677665.00,
542852,VISHWARAJ   ,B ,Q,16.16,16.37,16.10,16.19,16.19,16.27,530,139175,2260976.00,
542857,GREENPANEL  ,A ,Q,353.05,358.75,331.50,340.65,340.65,353.25,2360,57720,19810253.00,
542862,SHAHLON     ,X ,Q,13.00,13.49,12.80,13.05,13.08,12.91,57,6950,91055.00,
542863,ABSLBANETF  ,B ,Q,46.00,46.88,45.58,45.87,45.87,46.09,77,1153,52705.00,
542865,ANUROOP     ,T ,Q,22.50,22.50,22.50,22.50,22.50,22.48,5,1400,31500.00,
542866,COLABCLOUD  ,X ,Q,46.19,46.19,46.18,46.18,46.18,46.18,5,104,4802.00,
542867,CSBBANK     ,A ,Q,300.95,301.00,290.80,293.10,293.10,298.85,363,8723,2580056.00,
542904,UJJIVANSFB  ,A ,Q,44.50,45.68,44.20,44.29,44.29,44.10,8428,2729790,122729820.00,
542905,HINDWAREAP  ,A ,Q,612.05,627.00,611.45,625.45,624.95,617.65,557,7251,4498870.00,
542907,PRINCEPIPE  ,A ,Q,635.25,661.90,635.25,660.00,658.85,643.00,637,6520,4277263.00,
542909,EBBETF0430  ,F ,Q,1290.25,1290.78,1290.25,1290.60,1290.59,1289.23,53,560,722562.00,
542918,GIANLIFE    ,B ,Q,21.50,21.50,20.20,20.93,20.90,20.60,68,3870,81024.00,
542919,ARTEMISMED  ,B ,Q,128.65,131.15,126.05,127.35,127.10,127.00,617,25029,3217120.00,
542920,SUMICHEM    ,A ,Q,409.00,412.00,406.20,407.05,409.00,409.20,1248,22587,9236803.00,
542921,ICICIM150   ,B ,Q,141.01,142.80,141.01,142.80,142.80,142.35,15,160,22726.00,
542922,MANXT50ETF  ,B ,Q,453.00,456.26,453.00,455.64,456.19,451.49,10,96,43737.00,
542924,JANUSCORP   ,M ,Q,3.93,3.98,3.88,3.93,3.93,4.00,24,87500,343770.00,
542932,BIRLATYRES  ,T ,Q,4.40,4.40,4.35,4.36,4.37,4.40,160,39468,172131.00,
542933,UNIVPHOTO   ,B ,Q,418.90,471.30,390.10,413.00,418.10,405.90,98,1197,506164.00,
543064,SUVENPHAR   ,A ,Q,487.55,496.80,487.55,494.35,495.05,490.95,301,4807,2376566.00,
543066,SBICARD     ,A ,Q,858.05,860.90,848.10,856.50,856.50,860.10,3452,44042,37605058.00,
543071,07AGG       ,F ,Q,4.30,4.84,3.97,4.25,4.25,4.40,14,1425,6078.00,
543079,07GPG       ,F ,Q,1.18,1.18,1.07,1.17,1.17,1.18,5,1563,1822.00,
543092,09GPG       ,F ,Q,2.36,2.36,1.94,1.94,1.94,2.15,10,262,508.00,
543144,08MPD       ,B ,Q,2.05,2.05,1.90,2.04,2.04,2.05,7,292,576.00,
543150,08GPG       ,B ,Q,0.91,0.91,0.80,0.85,0.85,0.85,39,26902,22917.00,
543161,10AGG       ,F ,Q,4.97,5.35,4.97,4.97,4.97,5.52,11,2270,11282.00,
543165,10ARD       ,F ,Q,54.36,54.36,54.36,54.36,54.36,54.36,1,5,271.00,
543167,10GPG       ,F ,Q,0.85,0.85,0.82,0.82,0.82,0.81,3,3,2.00,
543171,ROJL        ,T ,Q,6.72,6.72,6.72,6.72,6.72,6.85,47,11179,75122.00,
543173,11DPR       ,B ,Q,5.75,6.50,5.75,6.50,6.50,6.25,2,201,1156.00,
543174,11GPG       ,B ,Q,0.95,0.95,0.84,0.85,0.85,0.92,13,3775,3281.00,
543175,11MPD       ,B ,Q,1.18,1.18,1.13,1.18,1.18,1.18,14,4138,4760.00,
543176,11MPR       ,B ,Q,9.17,9.17,8.26,8.26,8.26,9.17,3,12,100.00,
543177,11QPD       ,B ,Q,2.77,3.30,2.77,3.30,3.30,3.07,13,1451,4383.00,
543181,11AGG       ,B ,Q,8.62,8.62,8.62,8.62,8.62,7.96,1,1,8.00,
543182,11AMD       ,B ,Q,14.89,14.89,14.89,14.89,14.89,14.90,1,20,297.00,
543186,11DPD       ,B ,Q,1.90,2.11,1.90,2.11,2.11,1.93,2,101,192.00,
543187,POWERINDIA  ,A ,Q,4053.00,4060.75,3945.35,3954.10,3954.10,4054.85,343,1600,6399773.00,
543193,DJML        ,B ,Q,155.30,158.10,153.60,155.55,158.00,155.55,36,1879,292243.00,
543207,NATURAL     ,X ,Q,9.13,9.85,9.12,9.81,9.80,9.59,233,60944,570271.00,
543208,REGIS       ,XT,Q,89.00,89.75,85.52,87.98,89.75,90.00,4,26,2287.00,
543210,AARTISURF   ,B ,Q,616.00,616.00,606.25,606.95,606.25,610.05,409,1767,1077323.00,
543211,BONLON      ,T ,Q,28.00,28.98,27.05,27.75,27.50,28.40,13,943,25927.00,
543212,BOROLTD     ,A ,Q,460.00,460.00,442.55,450.80,450.50,456.25,1913,31944,14374925.00,
543213,ROSSARI     ,A ,Q,888.90,888.90,870.65,875.50,872.65,881.45,354,5278,4618600.00,
543214,NDRAUTO     ,T ,Q,435.95,437.00,435.95,437.00,437.00,444.80,88,2036,887806.00,
543216,EBBETF0431  ,F ,Q,1151.47,1152.06,1150.52,1152.05,1152.06,1153.61,13,85,97846.00,
543217,MINDSPACE   ,IF,Q,304.10,308.00,303.83,307.35,307.21,305.89,285,9237,2826671.00,
543218,SBGLP       ,B ,Q,213.55,228.15,213.55,224.45,227.00,219.45,1101,23682,5298742.00,
543219,ICICIALPLV  ,B ,Q,200.50,201.59,200.50,201.59,201.59,200.31,15,243,48956.00,
543220,MAXHEALTH   ,A ,Q,600.05,609.80,600.05,606.25,607.00,603.15,1156,13943,8450469.00,
543221,ICICITECH   ,B ,Q,31.64,31.64,30.81,30.98,31.35,31.28,416,42860,1328248.00,
543223,MAXINDIA    ,B ,Q,162.15,163.15,158.40,159.75,161.75,160.75,265,5946,955061.00,
543224,HDFCNIFBAN  ,B ,Q,461.10,461.10,456.97,460.22,460.23,461.04,27,289,132621.00,
543226,UTIBANKETF  ,B ,Q,46.46,46.68,46.00,46.16,46.15,46.65,99,2061,95106.00,
543227,HAPPSTMNDS  ,A ,Q,926.30,928.80,920.60,924.85,924.85,926.25,888,8206,7590149.00,
543228,ROUTE       ,A ,Q,1544.95,1558.00,1489.85,1504.30,1504.30,1536.90,1958,21478,32747026.00,
543229,SAMRATFORG  ,XT,Q,310.00,310.00,310.00,310.00,310.00,310.00,3,8,2480.00,
543230,ADVAIT      ,B ,Q,395.00,418.40,388.00,404.25,404.25,380.40,2089,73388,30145471.00,
543231,ADL         ,T ,Q,76.00,78.28,72.23,78.28,78.28,74.56,4,160,12088.00,
543232,CAMS        ,A ,Q,2330.20,2345.00,2321.00,2333.45,2330.00,2336.55,1877,7632,17839842.00,
543233,CHEMCON     ,B ,Q,267.25,270.10,267.25,269.20,269.20,268.20,113,2716,730664.00,
543234,SECMARK     ,M ,Q,75.27,82.40,75.27,79.04,79.04,81.00,7,8750,699575.00,
543235,ANGELONE    ,A ,Q,1590.00,1591.55,1545.65,1566.15,1566.15,1590.70,1060,17706,27751414.00,
543236,ATAM        ,T ,Q,200.00,208.00,200.00,205.15,205.90,199.75,85,1865,383245.00,
543237,MAZDOCK     ,A ,Q,1918.00,1974.70,1912.60,1963.00,1963.00,1900.15,5710,68065,132161825.00,
543238,UTIAMC      ,A ,Q,801.55,813.05,779.15,785.95,785.95,804.95,759,8002,6328316.00,
543240,LIKHITHA    ,B ,Q,288.05,293.45,285.20,292.30,292.30,286.85,845,19960,5782916.00,
543241,VGIL        ,M ,Q,180.00,180.00,180.00,180.00,180.00,172.00,1,550,99000.00,
543242,HEMIPROP    ,A ,Q,106.00,109.85,106.00,108.05,107.60,105.60,1112,66904,7249049.00,
543243,EQUITASBNK  ,A ,Q,99.39,99.39,96.17,98.61,98.61,99.12,1845,249052,24292358.00,
543245,GLAND       ,A ,Q,1260.05,1300.00,1251.15,1294.00,1294.00,1267.15,5703,62699,80772550.00,
543246,MAESGETF    ,B ,Q,31.50,32.00,31.09,31.21,31.09,31.40,10,81,2545.00,
543248,RBA         ,A ,Q,110.05,116.30,110.05,115.00,115.00,110.35,4858,330959,37897157.00,
543249,TARC        ,B ,Q,71.02,74.66,70.69,71.30,71.30,72.35,776,63550,4639179.00,
543251,RVHL        ,B ,Q,27.54,27.54,23.06,23.06,23.06,22.99,46,3343,77525.00,
543252,FAIRCHEMOR  ,A ,Q,1161.25,1184.50,1153.00,1174.60,1165.70,1165.60,362,1474,1720630.00,
543253,BECTORFOOD  ,A ,Q,876.30,889.20,870.40,881.20,881.20,875.20,614,4954,4357046.00,
543254,AWHCL       ,B ,Q,316.85,318.00,313.90,314.40,314.65,313.15,628,15613,4936685.00,
543255,INFRABEES   ,B ,Q,625.99,628.83,621.17,626.90,627.95,623.59,107,1086,678837.00,
543256,RFLL        ,X ,Q,25.50,27.48,25.50,27.45,27.45,27.40,6,133,3420.00,
543257,IRFC        ,A ,Q,35.06,35.45,34.74,35.06,35.06,34.82,5303,3134177,109739566.00,
543258,INDIGOPNTS  ,A ,Q,1537.00,1586.00,1537.00,1572.20,1576.90,1533.80,1578,13044,20467327.00,
543259,HOMEFIRST   ,A ,Q,889.95,889.95,850.00,854.65,854.65,862.60,774,7272,6290400.00,
543260,STOVEKRAFT  ,A ,Q,481.75,482.00,464.70,470.50,470.50,480.05,1471,22030,10380666.00,
543261,BIRET       ,IF,Q,265.00,267.75,263.01,265.10,264.90,263.50,331,7402,1957422.00,
543263,SMCGLOBAL   ,B ,Q,73.00,74.85,73.00,74.42,74.15,73.62,76,4344,321906.00,
543264,NURECA      ,T ,Q,337.00,337.00,333.00,336.90,336.90,337.00,116,2360,791691.00,
543265,RAILTEL     ,A ,Q,165.15,165.45,156.80,157.75,157.75,168.00,5181,484329,77172788.00,
543266,HERANBA     ,B ,Q,356.85,367.35,356.85,361.10,362.75,364.00,549,7210,2623567.00,
543267,DAVANGERE   ,X ,Q,73.00,76.40,72.16,74.90,74.90,72.65,45,10277,759968.00,
543268,DRCSYSTEMS  ,B ,Q,36.83,39.15,36.20,37.07,36.99,37.18,55,3179,117108.00,
543270,MTARTECH    ,A ,Q,2076.00,2130.00,2070.35,2124.05,2124.05,2070.60,2421,19994,42124265.00,
543271,JUBLINGREA  ,A ,Q,425.05,429.80,422.90,424.90,424.00,423.35,1442,26491,11273480.00,
543272,EASEMYTRIP  ,A ,Q,40.86,41.70,40.80,41.03,41.03,40.82,1057,785256,32416360.00,
543273,KMEW        ,M ,Q,1100.00,1134.00,1100.00,1120.15,1130.00,1101.10,66,13125,14512375.00,
543274,SUUMAYA     ,M ,Q,8.60,8.93,8.35,8.59,8.87,8.64,24,13500,116428.00,
543275,ANURAS      ,A ,Q,979.95,981.30,970.00,977.35,981.20,971.35,399,34792,33874211.00,
543276,CRAFTSMAN   ,A ,Q,4750.05,4768.15,4648.70,4673.65,4673.65,4750.10,739,2677,12610845.00,
543277,LXCHEM      ,A ,Q,253.30,265.00,253.20,263.60,263.60,253.30,4824,182563,47642923.00,
543278,KALYANKJIL  ,A ,Q,172.60,177.90,172.60,175.25,175.25,175.70,2990,99194,17445604.00,
543279,SURYODAY    ,B ,Q,175.00,178.95,172.65,176.00,176.00,173.90,1292,59215,10414926.00,
543280,NAZARA      ,A ,Q,664.55,678.30,657.40,664.55,664.00,662.20,1962,27194,18249935.00,
543281,SUVIDHAA    ,B ,Q,3.74,3.86,3.74,3.84,3.80,3.80,138,16973,64483.00,
543282,NIKSTECH    ,MS,Q,275.00,275.00,275.00,275.00,275.00,250.00,1,600,165000.00,
543283,BARBEQUE    ,A ,Q,667.05,674.90,666.05,668.30,668.30,667.65,564,5354,3583820.00,
543284,EKI         ,A ,Q,445.00,468.00,435.00,455.75,455.75,439.70,5681,207494,94171104.00,
543286,JETMALL     ,M ,Q,26.10,26.10,22.10,23.90,23.90,27.40,24,144000,3276780.00,
543287,LODHA       ,A ,Q,700.05,752.60,695.55,747.45,750.00,727.45,6141,119653,87812797.00,
543288,DEEPIND     ,B ,Q,211.00,216.50,211.00,213.15,213.15,213.60,340,8440,1804201.00,
543290,PGINVIT     ,IF,Q,116.50,117.10,116.39,117.04,117.04,116.59,1472,83954,9806189.00,
543291,MAFANG      ,B ,Q,64.44,65.00,64.10,64.65,64.75,64.83,231,21400,1382707.00,
543292,ICICIPHARM  ,B ,Q,96.70,97.30,96.69,97.04,97.04,96.54,13,483,46812.00,
543297,IWEL        ,B ,Q,2708.50,2730.00,2627.80,2659.35,2659.35,2662.30,189,857,2299948.00,
543298,VINEETLAB   ,B ,Q,51.10,52.75,50.15,50.69,50.45,51.66,60,3411,172349.00,
543299,SHYAMMETL   ,A ,Q,400.80,403.85,384.90,393.20,391.70,402.75,1554,40592,15968950.00,
543300,SONACOMS    ,A ,Q,598.75,604.95,559.80,564.85,564.85,591.60,14501,355288,203725897.00,
543305,NAVODAYENT  ,M ,Q,7.70,7.96,7.70,7.96,7.96,7.70,3,36000,282720.00,
543306,DODLA       ,B ,Q,737.00,789.40,726.35,776.10,776.10,731.15,810,7970,6095466.00,
543308,KIMS        ,A ,Q,1885.05,1933.50,1885.05,1928.00,1925.55,1911.25,143,835,1605058.00,
543311,IPL         ,B ,Q,218.05,220.90,218.05,219.05,219.00,218.85,136,2597,569908.00,
543317,GRINFRA     ,A ,Q,1285.05,1301.00,1275.85,1283.55,1278.05,1306.10,232,653,838846.00,
543318,CLEAN       ,A ,Q,1306.45,1306.45,1282.85,1287.05,1287.05,1293.45,3453,17258,22325340.00,
543319,AAPLUSTRAD  ,M ,Q,11.21,11.21,11.21,11.21,11.21,11.80,1,8000,89680.00,
543320,ZOMATO      ,A ,Q,85.99,87.27,83.84,86.86,86.86,84.92,12318,4220101,363462726.00,
543321,TATVA       ,B ,Q,1625.05,1648.50,1622.55,1628.25,1631.00,1619.90,224,982,1609162.00,
543322,GLS         ,B ,Q,650.00,671.50,649.70,663.35,658.00,651.50,2245,30549,20341534.00,
543323,MAFSETF     ,B ,Q,20.75,20.75,20.45,20.63,20.69,20.71,293,15017,308811.00,
543324,GCSL        ,M ,Q,285.00,285.00,285.00,285.00,285.00,277.50,1,720,205200.00,
543325,ROLEXRINGS  ,A ,Q,2205.65,2211.55,2179.20,2198.00,2206.00,2212.20,384,1514,3328166.00,
543326,ICICIFMCG   ,B ,Q,542.79,547.53,542.41,546.98,544.65,540.60,31,771,419800.00,
543327,EXXARO      ,B ,Q,111.15,127.75,110.10,118.15,118.15,110.85,2857,135402,16469946.00,
543328,KRSNAA      ,B ,Q,471.05,489.80,453.60,484.60,484.60,468.35,2592,46257,21938922.00,
543329,WINDLAS     ,B ,Q,333.10,339.05,331.10,332.90,334.55,333.80,460,17447,5851153.00,
543330,DEVYANI     ,A ,Q,193.30,199.85,193.05,196.85,197.00,194.25,2296,93060,18267989.00,
543331,MOL         ,A ,Q,84.29,84.29,82.25,82.73,82.73,82.81,286,19404,1607003.00,
543332,MFL         ,A ,Q,915.60,938.80,896.00,923.90,923.90,909.15,986,7517,6854077.00,
543333,CARTRADE    ,A ,Q,510.80,510.80,504.85,506.90,506.90,509.60,715,8350,4236307.00,
543334,NUVOCO      ,A ,Q,354.95,372.25,354.65,367.55,367.65,355.90,2372,45699,16777349.00,
543335,APTUS       ,A ,Q,273.75,277.95,270.90,275.50,275.50,272.95,1078,25874,7081272.00,
543336,CHEMPLASTS  ,A ,Q,445.00,445.00,434.15,438.35,437.80,440.40,563,8793,3841453.00,
543341,SHARPLINE   ,XT,Q,6.19,6.23,5.73,6.21,6.21,5.94,186,49578,304600.00,
543346,AASHKA      ,M ,Q,61.06,63.95,60.00,63.95,63.95,60.91,70,118000,7389270.00,
543347,AXISTECETF  ,B ,Q,311.10,311.10,306.10,308.22,308.11,311.10,65,1005,309881.00,
543348,AXISHETF    ,B ,Q,97.00,100.00,95.60,98.09,96.76,96.76,68,1596,155785.00,
543349,AMIORG      ,A ,Q,1135.95,1140.95,1125.10,1128.50,1125.10,1132.05,250,1166,1318390.00,
543350,VIJAYA      ,A ,Q,446.65,459.00,446.65,454.40,454.40,452.45,529,5564,2522535.00,
543352,POBS        ,M ,Q,227.10,227.10,227.10,227.10,227.10,232.00,1,600,136260.00,
543357,AXISCETF    ,B ,Q,85.00,85.35,85.00,85.35,85.35,84.25,3,251,21335.00,
543358,SANSERA     ,A ,Q,901.60,933.85,901.60,928.25,928.70,919.25,572,6673,6184695.00,
543363,PREVEST     ,M ,Q,559.90,560.00,547.20,552.00,552.00,553.95,18,7600,4187700.00,
543364,MARKOLINES  ,M ,Q,122.00,122.00,119.00,119.90,121.50,122.90,12,9600,1148640.00,
543365,MASPTOP50   ,B ,Q,32.81,32.91,32.50,32.81,32.85,32.78,185,11226,367827.00,
543366,SBLI        ,M ,Q,76.45,76.50,74.70,75.00,75.00,74.92,6,7200,542460.00,
543367,PARAS       ,A ,Q,659.05,677.05,659.05,667.55,667.55,667.40,1556,20438,13682656.00,
543374,ABSLAMC     ,A ,Q,407.35,409.75,407.00,407.30,407.20,406.65,321,7494,3055830.00,
543378,CWD         ,MS,Q,714.00,760.00,699.00,742.35,760.00,720.65,54,19300,13554010.00,
543383,ICICICONSU  ,B ,Q,85.00,85.64,85.00,85.50,85.64,84.86,14,59,5035.00,
543384,NYKAA       ,A ,Q,145.30,145.55,143.40,144.25,144.25,145.25,1506,126249,18249446.00,
543386,FINOPB      ,B ,Q,286.15,350.15,286.15,343.90,343.90,291.80,10112,274346,89295248.00,
543387,SJS         ,B ,Q,641.05,653.80,635.55,645.40,648.20,645.40,1161,14253,9175635.00,
543388,DSPNEWETF   ,B ,Q,234.10,234.83,233.22,234.47,234.47,234.67,11,459,107252.00,
543389,SIGACHI     ,B ,Q,300.10,308.00,300.10,305.25,306.50,303.65,691,14468,4420435.00,
543390,POLICYBZR   ,A ,Q,705.85,718.15,699.80,715.70,712.65,706.00,1480,30614,21703569.00,
543391,SGFRL       ,M ,Q,70.00,70.00,70.00,70.00,70.00,67.00,2,6000,420000.00,
543396,PAYTM       ,A ,Q,771.15,778.70,755.00,762.75,762.75,779.40,6892,128444,98288127.00,
543397,SAPPHIRE    ,A ,Q,1371.75,1397.00,1367.30,1388.55,1390.00,1365.75,495,1624,2238168.00,
543398,LATENTVIEW  ,A ,Q,362.00,380.50,362.00,378.40,378.00,365.25,1517,41712,15640642.00,
543399,TARSONS     ,A ,Q,599.85,606.10,594.75,598.50,596.50,597.90,745,8552,5134768.00,
543401,GOCOLORS    ,A ,Q,1188.95,1188.95,1163.10,1171.35,1176.00,1170.30,514,2995,3508575.00,
543411,HITECH      ,B ,Q,81.00,82.30,78.65,80.28,80.06,78.79,360,30182,2434237.00,
543412,STARHEALTH  ,A ,Q,626.30,634.75,615.00,623.45,623.50,631.50,971,21808,13561179.00,
543413,TEGA        ,B ,Q,1002.55,1015.00,974.60,976.30,976.00,998.05,512,2588,2553295.00,
543414,MAHKTECH    ,B ,Q,15.08,15.82,15.03,15.69,15.68,15.02,337,32892,505590.00,
543415,ANANDRATHI  ,B ,Q,1185.95,1185.95,1096.95,1138.80,1134.60,1120.95,761,8873,9971433.00,
543416,ZODIAC      ,T ,Q,123.55,127.95,123.55,125.40,125.05,126.15,68,1834,230547.00,
543417,RATEGAIN    ,A ,Q,451.00,464.35,445.20,455.10,455.10,450.30,766,12385,5646546.00,
543418,BBETF0432   ,F ,Q,1085.00,1088.99,1079.21,1084.87,1084.87,1085.87,28,1055,1139797.00,
543419,SHRIRAMPPS  ,B ,Q,69.45,72.53,68.88,70.81,70.81,69.45,1975,238904,17015958.00,
543420,JETFREIGHT  ,T ,Q,10.65,10.76,10.41,10.43,10.41,10.49,59,4780,50317.00,
543425,MAPMYINDIA  ,A ,Q,1470.35,1503.00,1461.15,1480.55,1485.00,1495.65,443,2281,3386588.00,
543426,METROBRAND  ,A ,Q,1065.05,1083.45,1040.50,1044.25,1049.75,1068.30,715,6848,7231694.00,
543427,MEDPLUS     ,A ,Q,945.90,968.10,937.05,953.60,953.60,943.80,1153,9747,9281568.00,
543428,DATAPATTNS  ,A ,Q,1960.05,2020.00,1945.55,2009.45,2010.00,1982.40,643,4760,9424817.00,
543433,HPAL        ,B ,Q,446.50,454.20,442.75,443.80,442.75,455.10,321,16026,7209117.00,
543434,SUPRIYA     ,B ,Q,263.05,264.70,252.50,254.55,255.00,261.70,3017,83692,21472793.00,
543437,MONQ50      ,B ,Q,54.06,54.12,53.71,53.77,53.71,53.92,59,2521,135769.00,
543438,DSPQ50ETF   ,B ,Q,180.50,181.05,180.31,181.05,181.05,178.61,8,45,8125.00,
543439,BRANDBUCKT  ,M ,Q,21.25,22.05,21.25,22.05,22.05,21.00,5,10000,218680.00,
543440,DSPN50ETF   ,B ,Q,200.00,200.58,198.10,199.00,199.00,199.17,14,40,7954.00,
543441,CMSINFO     ,A ,Q,375.60,389.50,375.60,388.75,387.80,380.50,940,16580,6386203.00,
543442,BCONCEPTS   ,T ,Q,355.90,355.90,351.00,354.70,354.70,344.55,11,2705,960509.00,
543449,WEL         ,B ,Q,244.00,255.10,238.60,253.45,255.10,240.55,127,768,190293.00,
543450,ICICIAUTO   ,B ,Q,157.99,157.99,156.76,157.55,157.55,157.58,15,465,73275.00,
543451,AGSTRA      ,B ,Q,55.50,58.50,55.50,57.89,57.99,56.16,134,8000,455674.00,
543452,ICICISILVE  ,E ,Q,75.43,75.43,74.96,75.02,75.20,76.90,66,9078,682051.00,
543453,ALKOSIGN    ,M ,Q,86.55,97.34,86.55,97.34,97.34,81.12,174,396000,38063970.00,
543454,MAMFGETF    ,B ,Q,96.75,96.95,96.31,96.95,96.95,96.27,10,227,21934.00,
543458,AWL         ,A ,Q,406.45,413.60,400.25,406.60,406.60,407.55,7543,226199,92372388.00,
543460,QRIL        ,M ,Q,72.00,76.00,72.00,76.00,76.00,75.00,2,4000,296000.00,
543462,DEVIT       ,T ,Q,129.00,129.00,127.55,128.20,128.00,128.30,18,658,84386.00,
543463,MANYAVAR    ,A ,Q,1230.05,1244.60,1212.60,1240.75,1241.15,1234.65,494,2125,2613484.00,
543465,MOMOMENTUM  ,B ,Q,43.90,44.34,43.90,44.27,44.34,43.75,19,98,4322.00,
543470,SOFTTECH    ,B ,Q,153.65,153.65,146.65,147.05,147.05,151.15,201,3412,507161.00,
543471,SILVER      ,E ,Q,76.10,76.39,74.87,75.02,75.15,76.69,47,2492,187114.00,
543472,TECH        ,B ,Q,31.53,31.54,29.96,30.58,29.96,30.51,38,503,15438.00,
543473,HEALTHY     ,B ,Q,9.72,9.76,9.65,9.68,9.67,9.61,71,2757,26761.00,
543474,BSLNIFTY    ,B ,Q,22.45,22.45,22.14,22.24,22.21,22.29,34,1211,26886.00,
543475,EKENNIS     ,M ,Q,84.99,86.00,84.99,86.00,86.00,82.00,3,2400,205592.00,
543481,MAM150ETF   ,B ,Q,14.06,14.07,13.98,14.07,14.07,14.02,18,3595,50419.00,
543482,EUREKAFORBE ,A ,Q,547.05,560.00,547.05,557.20,556.00,553.30,529,12169,6787798.00,
543489,GATEWAY     ,A ,Q,79.89,80.00,77.01,77.82,77.87,79.01,695,53161,4152871.00,
543490,GMRP&UI     ,B ,Q,20.90,20.90,20.50,20.68,20.68,20.90,868,253059,5230987.00,
543497,BCCL        ,M ,Q,44.00,45.98,44.00,45.82,45.82,44.91,4,6400,287680.00,
543498,MSUMI       ,A ,Q,60.01,61.50,58.60,58.89,58.89,60.21,5445,763954,45645705.00,
543499,ACHYUT      ,M ,Q,44.65,44.65,44.65,44.65,44.65,47.00,2,9000,401850.00,
543500,EVOQ        ,M ,Q,15.20,15.20,13.71,14.25,14.25,14.05,3,12000,172640.00,
543501,MOLOWVOL    ,B ,Q,29.04,29.04,28.11,28.26,28.21,28.34,31,264,7505.00,
543512,AVROIND     ,B ,Q,114.45,114.45,112.20,113.30,113.00,113.95,172,12684,1440383.00,
543513,UMAEXPORTS  ,T ,Q,55.15,57.25,54.40,56.85,56.90,56.56,89,5471,307108.00,
543514,VERANDA     ,B ,Q,178.00,183.45,177.70,180.40,180.90,179.10,128,1350,245059.00,
543515,SEML        ,M ,Q,226.05,226.10,226.00,226.05,226.05,226.15,26,14000,3164725.00,
543516,DHYAANI     ,M ,Q,64.25,64.60,64.25,64.60,64.60,61.55,3,3000,193450.00,
543517,HARIOMPIPE  ,B ,Q,578.55,595.00,578.50,589.95,589.95,583.55,1547,12313,7226420.00,
543518,EIGHTY      ,M ,Q,49.23,49.23,49.23,49.23,49.23,48.84,1,3000,147690.00,
543521,FONE4       ,M ,Q,3.28,3.50,3.28,3.50,3.50,3.50,3,30000,100600.00,
543523,CAMPUS      ,A ,Q,303.00,303.05,300.25,300.90,301.00,298.70,2588,51309,15447253.00,
543524,RAINBOW     ,A ,Q,1085.00,1098.20,1066.50,1091.30,1081.45,1078.45,1484,12439,13511396.00,
543525,SILVERTUC   ,B ,Q,393.10,398.05,390.70,391.65,391.65,390.85,52,5267,2089755.00,
543526,LICI        ,A ,Q,630.10,633.35,624.70,626.85,626.85,630.00,1939,37710,23664933.00,
543527,PRUDENT     ,B ,Q,1198.65,1198.65,1117.25,1124.70,1124.70,1168.35,1377,6977,7977225.00,
543528,VENUSPIPES  ,B ,Q,1238.85,1249.45,1213.15,1238.65,1243.55,1233.95,362,2962,3666949.00,
543529,DELHIVERY   ,A ,Q,404.95,404.95,400.00,401.95,401.85,402.70,1545,24256,9753288.00,
543530,PARADEEP    ,A ,Q,63.11,63.80,63.00,63.50,63.50,63.77,613,189130,11991365.00,
543531,TIERRA      ,X ,Q,122.00,126.95,120.00,123.95,123.95,121.20,24,1689,205944.00,
543532,ETHOSLTD    ,B ,Q,1529.95,1529.95,1398.90,1416.65,1418.05,1400.35,406,1824,2590918.00,
543533,EMUDHRA     ,B ,Q,473.85,489.05,473.85,480.25,481.00,481.90,1702,26369,12736598.00,
543534,AETHER      ,A ,Q,1035.10,1047.10,1019.50,1024.35,1025.50,1032.75,1093,13646,14025422.00,
543535,WEWIN       ,T ,Q,109.52,109.52,109.52,109.52,109.52,104.31,57,12985,1422117.00,
543539,MODIS       ,M ,Q,175.00,183.00,175.00,182.75,182.50,174.00,25,20000,3613480.00,
543540,PGCRL       ,M ,Q,174.00,188.80,174.00,179.10,179.10,179.70,5,3000,537570.00,
543542,KESAR       ,M ,Q,215.00,215.00,215.00,215.00,215.00,215.00,5,4000,860000.00,
543543,BRRL        ,M ,Q,170.00,219.95,170.00,204.90,219.95,183.30,3,2400,463800.00,
543544,JAYANT      ,M ,Q,72.00,85.68,72.00,85.68,85.68,71.40,70,71250,5986582.00,
543545,VEERKRUPA   ,M ,Q,1.97,1.98,1.95,1.97,1.98,1.95,8,133600,262691.00,
543546,HEALTHYLIFE ,M ,Q,6.12,6.14,6.12,6.14,6.14,6.10,2,20000,122600.00,
543547,DDEVPLASTIK ,X ,Q,192.00,192.90,187.20,190.30,190.50,189.50,886,53160,10113396.00,
543563,MOHEALTH    ,B ,Q,27.90,28.26,27.90,28.26,28.26,28.04,2,2,56.00,
543568,ICICIMOM30  ,B ,Q,22.10,22.37,22.10,22.35,22.26,22.03,9,286,6391.00,
543569,HDFCNIF100  ,B ,Q,198.00,201.00,197.00,197.55,197.55,196.82,20,36,7140.00,
543570,HDFCNEXT50  ,B ,Q,449.90,455.00,449.90,455.00,455.00,449.20,7,125,56492.00,
543571,ICICIINFRA  ,B ,Q,61.05,61.66,61.05,61.66,61.66,60.83,7,206,12656.00,
543572,DSPSILVETF  ,E ,Q,74.20,74.20,72.20,72.59,72.59,74.60,14,106,7665.00,
543573,SYRMA       ,A ,Q,470.05,477.70,467.05,470.25,470.25,472.00,457,14813,6994547.00,
543574,NIFTYQLITY  ,B ,Q,16.05,16.19,15.91,16.14,16.01,16.00,85,888,14282.00,
543575,MOMENTUM    ,B ,Q,21.81,22.05,21.81,22.05,22.05,21.81,10,27,594.00,
543576,MOVALUE     ,B ,Q,58.00,58.23,58.00,58.23,58.23,57.70,2,2,116.00,
543577,MOQUALITY   ,B ,Q,133.50,135.28,133.50,135.28,135.28,133.86,3,4,538.00,
543578,OLATECH     ,M ,Q,93.00,93.00,93.00,93.00,93.00,94.00,2,4000,372000.00,
543579,NATURO      ,M ,Q,12.70,14.40,12.70,14.03,14.40,12.00,11,44000,617120.00,
543590,RHETAN      ,M ,Q,9.30,9.30,9.29,9.29,9.29,9.40,3,22500,209175.00,
543591,DREAMFOLKS  ,B ,Q,774.00,805.00,774.00,780.65,782.00,774.65,1294,21393,16891319.00,
543592,HDFCSILVER  ,E ,Q,73.70,73.92,72.12,73.21,73.92,74.32,34,3442,249467.00,
543593,DBOL        ,B ,Q,167.55,168.80,165.60,166.70,166.60,167.55,137,8560,1430220.00,
543594,DPL         ,M ,Q,19.69,20.54,19.69,20.54,20.54,19.01,5,15000,298890.00,
543595,EPBIO       ,M ,Q,204.90,205.00,204.65,205.00,205.00,205.00,4,2000,409625.00,
543596,TMB         ,B ,Q,438.75,443.95,435.65,440.05,438.80,438.70,317,3584,1576124.00,
543597,VOEPL       ,M ,Q,212.90,214.45,203.95,209.15,209.15,201.85,195,216000,45308000.00,
543599,KSOLVES     ,B ,Q,1071.05,1131.00,1071.05,1089.85,1089.85,1075.55,1990,13529,14925329.00,
543600,HARSHA      ,A ,Q,435.60,445.50,435.60,441.60,440.50,441.40,299,4856,2149624.00,
543605,HDFCQUAL    ,B ,Q,43.69,43.69,43.69,43.69,43.69,43.41,1,2170,94807.00,
543607,HDFCGROWTH  ,B ,Q,97.50,98.00,96.60,97.70,97.70,97.49,35,190,18476.00,
543608,HDFCVALUE   ,B ,Q,101.60,106.90,100.68,105.96,100.68,104.67,45,327,33459.00,
543613,MAFIA       ,M ,Q,15.10,15.10,15.10,15.10,15.10,15.79,1,4000,60400.00,
543614,TIPSFILMS   ,B ,Q,589.10,668.70,589.10,621.00,625.00,589.70,848,10438,6625143.00,
543615,SRSOLTD     ,M ,Q,162.00,162.00,159.00,159.50,159.00,158.00,9,7200,1160400.00,
543617,REETECH     ,M ,Q,57.00,60.30,56.20,60.03,60.30,55.00,24,37200,2165856.00,
543618,CARGOTRANS  ,M ,Q,84.90,84.90,84.90,84.90,84.90,82.00,1,1500,127350.00,
543619,CNCRD       ,M ,Q,276.00,276.00,276.00,276.00,276.00,275.55,1,500,138000.00,
543620,INA         ,M ,Q,186.00,189.80,184.00,187.30,187.30,185.55,63,66000,12300250.00,
543621,CARGOSOL    ,M ,Q,40.01,41.00,40.01,41.00,41.00,40.30,6,24000,976040.00,
543622,STML        ,M ,Q,142.00,144.00,140.50,140.50,140.50,147.00,14,18000,2559960.00,
543624,MAAGHADV    ,M ,Q,30.18,30.18,30.18,30.18,30.18,28.75,1,2000,60360.00,
543625,SECURCRED   ,B ,Q,20.09,20.09,19.50,19.95,20.00,19.90,138,25044,497031.00,
543626,EMIL        ,B ,Q,102.11,105.90,102.11,105.66,105.66,103.74,453,41024,4292830.00,
543627,HDFCLOWVOL  ,B ,Q,147.30,147.30,147.30,147.30,147.30,149.99,1,5,736.00,
543628,HDFCMOMENT  ,B ,Q,223.05,223.05,219.00,220.00,220.00,218.97,7,10,2211.00,
543635,PPLPHARMA   ,B ,Q,107.50,107.50,104.88,105.63,105.63,108.46,2725,376160,39796121.00,
543637,PACE        ,M ,Q,18.51,18.94,17.81,18.01,18.00,18.80,25,32400,588444.00,
543638,TRACXN      ,B ,Q,84.90,86.17,83.80,84.12,84.26,84.26,503,59233,5012198.00,
543643,NARMADA     ,B ,Q,19.54,19.74,19.54,19.60,19.60,19.51,17,7621,150128.00,
543644,INFOBEAN    ,B ,Q,481.20,497.40,481.20,489.45,494.55,492.65,164,1872,915771.00,
543645,HPIL        ,B ,Q,101.00,103.25,99.30,101.79,101.79,99.45,191,4359,438076.00,
543650,DCXINDIA    ,B ,Q,281.25,284.95,278.00,279.65,279.65,281.20,1281,43699,12247149.00,
543652,FUSION      ,B ,Q,664.95,681.15,652.85,655.95,655.95,659.55,1413,14960,9962941.00,
543653,BIKAJI      ,B ,Q,471.10,475.65,463.30,473.70,473.70,471.95,994,16373,7690580.00,
543654,MEDANTA     ,B ,Q,711.10,713.95,690.75,704.20,705.00,711.05,883,9036,6350356.00,
543656,TECHNOPACK  ,M ,Q,86.70,86.70,83.10,85.01,85.01,86.89,6,12000,1019380.00,
543657,ACI         ,B ,Q,521.05,527.80,521.05,523.15,524.00,523.10,932,12498,6549885.00,
543663,FIVESTAR    ,B ,Q,727.95,732.30,703.70,724.65,724.65,724.20,1556,18543,13318713.00,
543664,KAYNES      ,B ,Q,1864.95,1864.95,1755.20,1789.25,1788.00,1836.70,2093,14678,26137056.00,
543665,HDFCNIFIT   ,B ,Q,300.10,301.00,296.49,301.00,301.00,300.15,19,278,83040.00,
543666,HDFCPVTBAN  ,B ,Q,234.10,234.10,233.15,233.15,233.15,234.12,2,2,467.00,
543667,INOXGREEN   ,B ,Q,68.31,71.23,67.00,69.67,69.67,68.09,1192,156735,10750099.00,
543668,BBTCL       ,B ,Q,244.00,244.00,225.00,231.50,234.45,232.05,244,4712,1092296.00,
543669,RUSTOMJEE   ,B ,Q,571.05,583.20,568.65,571.90,575.00,571.95,179,1581,908342.00,
543670,VINNY       ,T ,Q,3.70,3.82,3.56,3.60,3.60,3.74,266,138927,501937.00,
543671,AAATECH     ,B ,Q,55.00,55.00,53.07,53.07,53.07,52.75,7,207,11276.00,
543677,ICICIFIN    ,B ,Q,19.55,19.55,19.43,19.50,19.50,19.46,12,347,6778.00,
543678,AMBOAGRI    ,M ,Q,30.60,32.15,30.50,30.83,31.00,30.68,11,48000,1493360.00,
543686,SIRCA       ,B ,Q,355.90,374.00,355.90,372.20,372.20,362.05,497,10008,3669229.00,
543687,DHARMAJ     ,B ,Q,171.00,172.00,168.20,169.50,169.35,170.55,367,7266,1231077.00,
543688,SARVESHWAR  ,B ,Q,100.06,100.06,98.00,99.14,100.00,99.01,256,12301,1221401.00,
543689,UNIPARTS    ,B ,Q,661.00,661.80,644.00,648.65,648.80,661.70,1238,25057,16362634.00,
543709,GARGI       ,M ,Q,165.00,170.00,165.00,168.00,168.00,161.20,7,14000,2353100.00,
543710,ICICICOMMO  ,B ,Q,62.50,62.55,62.25,62.39,62.39,62.06,5,6,374.00,
543711,SULA        ,B ,Q,481.05,508.70,473.60,491.85,491.85,480.95,4267,119547,58877034.00,
543712,AHL         ,B ,Q,269.65,285.05,263.95,266.85,265.60,265.55,581,20894,5731442.00,
543713,DRONACHRYA  ,M ,Q,144.25,148.35,144.25,146.30,146.10,145.95,39,40000,5854500.00,
543714,LANDMARK    ,B ,Q,705.00,732.40,705.00,728.10,728.90,718.70,526,6887,4956540.00,
543715,IEL         ,T ,Q,9.48,9.48,9.30,9.30,9.30,9.48,46,88559,824084.00,
543720,KFINTECH    ,B ,Q,400.00,403.75,387.10,388.75,390.00,396.30,1970,44288,17463944.00,
543725,ELIN        ,B ,Q,145.55,151.55,144.65,149.20,149.20,146.30,1051,29489,4382491.00,
543732,RADIANTCMS  ,B ,Q,97.40,100.20,97.40,99.20,99.40,97.31,460,25919,2560176.00,
543737,AVEER       ,T ,Q,440.00,440.00,410.00,430.00,430.00,425.00,30,433,183924.00,
543738,DSPBANKETF  ,B ,Q,45.85,47.14,45.51,47.06,47.14,45.90,10,37,1717.00,
543743,SAH         ,B ,Q,97.85,99.90,97.85,99.65,99.65,99.89,99,6986,693668.00,
543746,ELIL        ,M ,Q,331.00,334.00,331.00,333.00,333.00,330.00,4,2400,798000.00,
543747,KAMOPAINTS  ,B ,Q,310.05,339.30,304.40,325.90,325.90,309.70,3025,416618,132730646.00,
543748,AARTIPHARM  ,B ,Q,343.60,353.00,338.75,348.65,348.65,339.10,1143,14114,4879671.00,
543754,TRANSVOY    ,M ,Q,77.80,77.80,77.80,77.80,77.80,71.00,1,1600,124480.00,
543765,EARTH       ,M ,Q,60.00,62.90,60.00,60.36,60.36,60.00,5,15000,917580.00,
543766,ASHIKA      ,X ,Q,33.00,38.90,33.00,34.23,34.02,36.50,27,858,29739.00,
543767,BTML        ,T ,Q,133.00,136.00,133.00,133.75,133.75,139.85,10,3436,459612.00,
543768,NSLNISP     ,B ,Q,45.41,48.75,45.41,47.29,47.29,45.61,6823,1999869,95295025.00,
543769,INDONG      ,M ,Q,24.84,25.49,24.80,25.35,25.49,24.89,4,16000,401320.00,
543774,HDFCBSE500  ,B ,Q,27.03,27.78,26.81,27.52,27.52,26.80,36,1484,40280.00,
543775,HDFCSML250  ,B ,Q,112.50,112.93,111.82,112.93,112.93,112.42,82,1676,188542.00,
543776,HDFCMID150  ,B ,Q,139.00,140.50,139.00,139.96,139.96,139.72,13,71,9961.00,
543781,MAGOLDETF   ,E ,Q,59.40,59.40,59.30,59.30,59.30,59.39,3,4,237.00,
543782,SEALMATIC   ,M ,Q,517.50,543.00,517.50,538.95,541.90,525.00,45,27600,14739000.00,
543787,ROBU        ,M ,Q,306.75,312.00,302.00,309.00,310.00,302.85,15,18000,5541420.00,
543798,PATRON      ,M ,Q,10.59,10.59,10.00,10.10,10.10,10.25,7,28000,286960.00,
543799,SVJ         ,M ,Q,66.50,66.50,66.50,66.50,66.50,70.00,1,3000,199500.00,
543805,RESGEN      ,M ,Q,65.06,67.00,63.49,63.51,63.51,65.06,60,363000,23179380.00,
543806,ITCONS      ,M ,Q,44.05,44.50,43.90,43.90,43.90,45.42,8,20000,880920.00,
543811,AIRAN       ,B ,Q,20.52,21.50,20.52,20.70,20.70,20.56,796,367846,7669723.00,
543812,DIVGIITTS   ,B ,Q,880.05,900.50,880.05,890.90,890.35,898.55,263,2681,2392153.00,
543814,PCL         ,M ,Q,62.05,66.00,62.05,63.63,66.00,64.00,4,10000,636260.00,
543819,PSUBANKICI  ,B ,Q,46.18,46.38,46.07,46.12,46.12,46.08,14,510,23587.00,
543828,SUDARSHAN   ,M ,Q,65.59,65.59,64.56,64.80,64.80,64.10,8,16000,1037312.00,
543829,GSLSU       ,B ,Q,176.05,190.15,176.00,185.60,184.70,187.90,453,34929,6518523.00,
543830,LABELKRAFT  ,M ,Q,83.00,83.00,80.00,80.00,80.00,83.00,3,6000,488000.00,
543831,BRIGHT      ,M ,Q,395.00,421.00,375.30,388.75,387.00,393.90,100,120000,46801800.00,
543848,DEVLAB      ,M ,Q,58.00,59.00,57.00,58.37,58.49,55.92,16,34000,1982680.00,
543853,AXISPEGP    ,B ,Q,66.30,66.30,65.81,65.81,65.81,65.95,7,8,528.00,
543858,MANV30F     ,B ,Q,150.99,150.99,150.99,150.99,150.99,150.64,1,250,37747.00,
543860,JAFINANCE   ,XT,Q,35.99,35.99,35.99,35.99,35.99,36.72,3,129,4642.00,
543861,USK         ,B ,Q,30.10,30.50,29.32,29.78,29.78,29.53,250,21594,648918.00,
543874,MAIDEN      ,M ,Q,86.25,87.50,85.60,86.00,86.00,86.25,21,42000,3619400.00,
543875,MAGS813ETF  ,F ,Q,24.75,24.75,24.75,24.75,24.75,24.31,1,100,2475.00,
543895,EXHICON     ,M ,Q,268.00,282.15,264.00,282.15,282.15,268.75,31,64000,17819200.00,
543896,AVALON      ,B ,Q,596.95,599.95,583.70,590.55,594.20,587.35,1349,19657,11618694.00,
543897,SANCODE     ,M ,Q,62.50,62.50,62.50,62.50,62.50,63.00,2,6000,375000.00,
543898,BLAL        ,B ,Q,155.65,157.65,152.60,154.60,154.60,156.20,395,10028,1549736.00,
543900,SILVERETF   ,E ,Q,74.50,74.50,73.01,73.15,73.44,75.44,30,1196,88022.00,
543901,RHL         ,B ,Q,97.20,99.00,96.95,97.04,96.95,97.00,52,1330,130598.00,
543902,RETINA      ,M ,Q,42.21,44.87,42.00,42.99,42.99,42.70,31,244000,10389520.00,
543903,DSPGOLDETF  ,E ,Q,59.50,59.50,59.50,59.50,59.50,59.25,3,35,2082.00,
543904,MANKIND     ,B ,Q,1831.25,1859.10,1803.00,1814.45,1814.45,1853.75,3028,21614,39373511.00,
543905,INNOKAIZ    ,M ,Q,130.20,146.00,130.20,141.85,142.90,131.65,45,75200,10632400.00,
543910,AVG         ,B ,Q,269.35,281.15,269.35,270.65,270.05,270.00,755,24175,6711302.00,
543911,ATALREAL    ,B ,Q,131.05,131.05,128.55,129.25,129.25,128.95,32,22715,2947458.00,
543912,PIGL        ,T ,Q,39.09,39.35,39.09,39.35,39.35,37.48,10,1733,67947.00,
543913,NXST        ,IF,Q,116.80,117.12,115.00,115.65,115.58,116.59,254,13374,1557610.00,
543915,PAVNAIND    ,B ,Q,293.00,302.80,293.00,293.30,293.00,308.05,10,54,15845.00,
543916,HSIL        ,M ,Q,198.75,199.00,195.00,198.00,198.00,195.15,18,28800,5687280.00,
543917,SIGMA       ,B ,Q,429.50,440.50,428.35,440.50,440.50,419.55,183,2502,1098988.00,
543918,GHCLTEXTIL  ,B ,Q,70.00,70.92,68.50,69.61,70.00,70.21,350,23914,1663177.00,
543919,MKPL        ,B ,Q,740.00,740.60,738.05,740.60,740.60,742.70,6,7,5176.00,
543920,CFF         ,M ,Q,293.00,317.60,268.10,315.50,317.00,288.75,541,604000,186335760.00,
543921,COMRADE     ,M ,Q,95.20,98.50,95.10,97.70,96.00,96.77,6,14000,1357600.00,
543922,MASILVER    ,E ,Q,74.60,74.60,73.15,73.36,73.45,75.25,7,13,956.00,
543923,IKIO        ,B ,Q,416.05,422.00,412.65,420.90,420.90,416.15,1717,44783,18760984.00,
543924,SONALIS     ,M ,Q,60.34,62.25,60.34,60.89,60.35,63.51,25,100000,6064200.00,
543926,BIZOTIC     ,M ,Q,45.80,45.80,45.80,45.80,45.80,48.20,34,39200,1795360.00,
543927,ASIAN       ,T ,Q,14.03,14.03,14.03,14.03,14.03,13.37,1,80,1122.00,
543928,COSMICCRF   ,M ,Q,250.00,267.00,247.60,264.50,263.00,250.80,178,84400,21767180.00,
543929,HMAAGRO     ,B ,Q,604.00,616.15,585.00,591.60,591.60,606.60,1301,20290,12198888.00,
543930,URAVI       ,B ,Q,250.00,260.10,248.60,260.00,260.00,250.25,98,5639,1427807.00,
543931,VEEFIN      ,M ,Q,133.88,145.35,130.05,139.75,139.75,133.88,198,337600,47436688.00,
543932,IDEAFORGE   ,B ,Q,1139.05,1167.45,1136.10,1149.45,1149.45,1131.00,1416,17912,20712564.00,
543933,CYIENTDLM   ,B ,Q,505.00,531.00,498.10,510.25,510.25,504.10,4869,127823,65951669.00,
543935,DSPITETF    ,B ,Q,29.81,29.95,29.41,29.95,29.95,29.85,38,1059,31516.00,
543936,SENCO       ,B ,Q,382.05,418.20,382.05,414.35,414.35,385.20,8803,201755,81812893.00,
543937,ALPHAIND    ,M ,Q,109.00,119.32,109.00,119.32,119.32,99.44,53,66000,7846020.00,
543938,ACCELERATE  ,MT,Q,115.00,120.75,114.00,120.75,120.75,115.00,20,35200,4202960.00,
543939,KAKA        ,MT,Q,139.00,145.98,136.00,145.98,145.98,139.03,67,148000,20849580.00,
543941,AHASOLAR    ,MT,Q,271.85,271.85,271.85,271.85,271.85,258.95,14,11200,3044720.00,
543942,UTKARSHBNK  ,B ,Q,48.51,51.60,48.51,51.25,51.25,48.19,7975,1816620,92178539.00,
543943,ASARFI      ,MT,Q,103.48,103.48,103.48,103.48,103.48,108.92,46,126000,13038480.00,
543944,BANKETF     ,B ,Q,456.10,456.10,453.05,454.38,455.64,457.26,31,818,371890.00,
543945,NETWEB      ,B ,Q,915.30,933.95,885.90,898.65,898.65,910.50,17855,204244,185576625.00,
555555,ICICISENSX  ,A ,Q,736.10,736.82,730.10,735.13,734.45,735.81,33,168,123370.00,
570001,TATAMTRTDVR ,A ,Q,421.90,421.90,410.30,413.45,413.45,420.00,14923,409035,169758046.00,
570004,JISLBNDVR   ,B ,Q,25.06,25.79,24.40,24.57,24.59,24.79,822,74411,1856927.00,
570005,GATECHDVR   ,T ,Q,9.79,9.79,9.33,9.79,9.79,9.33,100,140157,1359666.00,
590003,KARUR VY(PS ,B ,Q,126.55,126.55,123.30,124.00,123.85,125.00,1974,99177,12339991.00,
590005,TIDE WATE(PS,B ,Q,1095.00,1098.55,1088.00,1091.45,1092.90,1092.50,154,2190,2391001.00,
590006,AMRUTANJAN  ,B ,Q,649.05,657.75,646.35,651.60,657.60,649.85,398,2688,1748178.00,
590013,XPRO INDI(PS,B ,Q,906.60,914.95,860.50,866.55,866.55,902.50,1407,8239,7345352.00,
590018,HISARMET(PS ,B ,Q,154.10,156.15,151.15,152.70,152.70,154.85,210,5906,904416.00,
590021,BHARAT RA(PS,B ,Q,8914.95,8954.35,8887.35,8938.45,8919.05,8901.65,104,248,2215121.00,
590022,EASTER SI(PS,T ,Q,1.95,1.95,1.95,1.95,1.95,1.95,2,1000,1950.00,
590024,FERT CHE(PS ,B ,Q,483.65,486.00,473.10,476.45,476.45,478.10,526,18134,8661233.00,
590025,GINNI FIL(PS,T ,Q,27.60,28.35,27.35,27.93,28.00,28.00,42,6975,193298.00,
590030,SOUTH PET(PS,B ,Q,67.85,67.85,66.04,66.23,66.34,66.84,294,53876,3571939.00,
590031,DE NORA     ,B ,Q,2100.05,2165.60,2037.70,2091.15,2090.00,2106.35,863,4538,9539100.00,
590041,KAVERI TELE ,T ,Q,7.75,8.29,7.75,8.00,8.00,7.90,16,5571,45264.00,
590051,SAKSOFT LTD ,B ,Q,307.45,310.70,302.00,304.55,306.00,307.95,2428,48412,14791382.00,
590056,SALONA COTSP,B ,Q,266.15,266.15,266.10,266.10,266.10,266.75,14,29,7717.00,
590057,EQUIPPP     ,T ,Q,32.11,33.67,32.11,33.67,33.67,32.07,4,1051,34675.00,
590062,ANDHRA SUGAR,B ,Q,109.80,110.30,108.00,108.30,108.30,109.80,594,28009,3045071.00,
590065,INDIA MOTOR ,B ,Q,776.15,800.00,776.15,798.10,798.10,778.95,72,982,777539.00,
590066,KCP LTD     ,B ,Q,113.85,114.85,111.80,112.35,113.30,112.85,625,32480,3668046.00,
590068,KHAITAN INDI,B ,Q,53.50,55.86,53.50,55.86,55.86,50.79,68,16346,909877.00,
590070,RADAAN MEDIA,T ,Q,1.23,1.23,1.23,1.23,1.23,1.22,1,100,123.00,
590071,SUNDARAM FIN,B ,Q,2614.65,2670.00,2608.80,2649.25,2641.75,2620.05,378,1213,3210067.00,
590072,SUNDARAM BRK,B ,Q,409.35,445.00,409.35,429.75,429.75,405.70,318,2338,1010673.00,
590073,WHEELS INDIA,B ,Q,770.10,775.65,760.05,764.05,760.05,769.45,264,1785,1371578.00,
590075,LAMBODHARA T,T ,Q,147.05,154.60,145.00,148.35,149.95,151.00,66,6570,963419.00,
590078,MAITHAN ALL ,B ,Q,1103.70,1112.90,1080.80,1087.20,1087.20,1107.50,290,2983,3255546.00,
590086,ORISSA MINE ,B ,Q,3747.65,4013.40,3703.70,3915.35,3915.35,3732.45,1601,10438,40081897.00,
590095,GOLDBEES    ,E ,Q,50.58,50.82,50.51,50.64,50.64,50.92,590,115963,5868229.00,
590096,LIQUIDBEES  ,F ,Q,1000.00,1000.01,999.99,1000.01,1000.01,1000.00,300,185863,185863382.00,
590097,KOTAKGOLDETF,E ,Q,50.88,50.88,50.53,50.68,50.80,51.05,86,4260,216101.00,
590098,SBI GOLD ETS,E ,Q,51.85,52.16,51.82,52.01,52.07,52.40,404,33567,1745802.00,
590099,QUANTUM GOLD,E ,Q,50.54,50.54,50.26,50.34,50.36,50.70,39,913,45933.00,
590101,UTI GOLD ETF,E ,Q,50.41,50.79,50.25,50.53,50.75,50.95,211,20130,1018044.00,
590103,NIFTYBEES   ,B ,Q,216.95,216.95,215.47,216.33,216.37,216.68,1354,76006,16422437.00,
590104,JUNIORBEES  ,B ,Q,473.35,478.29,472.43,478.20,478.00,473.14,153,2200,1047657.00,
590106,BANKBEES    ,B ,Q,465.42,465.42,461.00,462.61,462.85,465.72,668,58603,27105790.00,
590107,KOTAK PSU BK,B ,Q,459.00,461.00,456.10,458.76,458.76,457.79,84,1439,660724.00,
590108,PSUBNKBEES  ,B ,Q,51.30,51.41,50.97,51.19,51.15,51.13,199,27546,1409695.00,
590109,SHARIABEES  ,B ,Q,425.98,425.98,422.82,422.82,422.82,424.15,5,13,5507.00,
590110,QNIFTY      ,B ,Q,2090.00,2092.00,2084.00,2091.00,2092.00,2090.00,20,30,62609.00,
590113,HNGSNGBEES  ,E ,Q,282.00,284.05,280.00,283.00,283.00,281.48,519,21508,6067128.00,
590115,MOM50       ,B ,Q,198.00,198.90,197.62,198.90,198.90,196.72,6,15,2977.00,
590134,MADRASFERT  ,B ,Q,82.45,82.45,79.16,79.54,79.71,82.62,595,39257,3160769.00,
590136,KOTAKBKETF  ,B ,Q,464.10,464.10,460.44,462.09,462.09,465.27,30,83,38323.00,
590137,SETFNIFBK   ,B ,Q,461.10,461.10,457.42,458.27,458.27,460.49,49,486,222906.00,
590138,SETFNIF50   ,B ,Q,205.00,205.00,203.91,204.51,204.57,204.63,94,6149,1256040.00,
717504,MBLNCRPS    ,F ,P,86.13,86.13,86.13,86.13,86.13,86.31,1,120,10335.00,
717505,SCLNCRPS    ,F ,P,10.30,10.30,10.16,10.16,10.16,10.15,11,38297,390237.00,
750802,CGFL-RE     ,R ,Q,3.50,5.08,3.50,3.97,3.61,4.24,196,54665,254188.00,
800254,SGBAUG24    ,G ,B,5908.00,5908.00,5908.00,5908.00,5908.00,5861.00,1,1,5908.00,
800265,SGB2016IV   ,G ,B,5900.00,5900.00,5900.00,5900.00,5900.00,5935.00,1,1,5900.00,
800268,SGBMAY25    ,G ,B,5862.00,5898.00,5861.00,5870.50,5898.00,5861.00,4,8,46964.00,
800281,SGBDEC25C   ,G ,B,5750.03,5850.00,5750.03,5809.64,5850.00,5899.00,5,109,633250.00,
800289,SGBNOV26    ,G ,B,5805.03,5805.03,5775.00,5775.00,5775.00,6192.99,3,5,28935.00,
800292,SGBFEB27    ,G ,B,5820.00,5821.03,5800.00,5821.03,5821.03,5806.00,56,2163,12561162.00,
800312,SGBDEC27    ,G ,B,5802.01,5802.01,5802.01,5802.01,5802.01,5944.95,1,5,29010.00,
800318,SGBAPR28    ,G ,B,5864.00,5869.00,5837.00,5837.00,5837.00,5860.40,21,52,304461.00,
800320,SGBMAY28    ,G ,B,5806.00,5850.00,5806.00,5840.43,5840.00,5870.00,10,103,599370.00,
800322,SGBJUN28    ,G ,B,5801.01,5801.01,5801.01,5801.01,5801.01,5860.00,1,4,23204.00,
800324,SGBJULY28   ,G ,B,5835.00,5859.00,5801.00,5845.00,5845.00,5864.99,10,24,139864.00,
800325,SGBAUG28    ,G ,B,5974.00,5974.00,5911.01,5950.00,5950.00,5930.20,3,20,118730.00,
800328,SGBOCT28    ,G ,B,5850.00,5877.00,5850.00,5850.00,5850.00,5850.00,8,49,287046.00,
800329,SGBNOV28    ,G ,B,5850.20,5850.20,5850.20,5850.20,5850.20,5825.00,1,2,11700.00,
800331,SGBJAN29    ,G ,B,5990.00,5990.00,5820.00,5820.00,5820.00,5858.00,16,132,771970.00,
800339,SGBMAR29    ,G ,B,5860.10,5860.10,5840.00,5850.00,5850.00,5860.00,6,15,87760.00,
800340,SGBMAY29    ,G ,B,5833.02,5945.00,5833.02,5840.00,5840.00,5833.02,11,124,725627.00,
800341,SGBJUNE29   ,G ,B,5865.00,5865.00,5865.00,5865.00,5865.00,5865.00,1,1,5865.00,
800367,SGBJULY29   ,G ,B,5801.00,5859.00,5801.00,5817.55,5817.55,5811.00,7,10,58186.00,
800385,SGBAUG29    ,G ,B,5959.00,5959.00,5959.00,5959.00,5959.00,5960.00,1,1,5959.00,
800386,SGBSEP29    ,G ,B,5874.00,5874.99,5850.00,5850.00,5850.00,5837.10,4,29,169872.00,
800432,667GOI2035  ,G ,B,95.25,95.25,95.25,95.25,95.25,95.75,1,10,952.00,
800434,SGBNOV29    ,G ,B,5869.00,5869.00,5257.39,5443.32,5840.00,5826.10,19,102,557662.00,
800438,SGBJAN30    ,G ,B,5870.00,6075.00,5814.00,6075.00,6075.00,5805.00,5,18,106808.00,
800441,754GOI2036  ,G ,B,104.30,104.30,103.85,103.95,103.95,104.35,31,126570,13151945.00,
800443,SGBJUNE30   ,G ,B,5835.00,5835.00,5835.00,5835.00,5835.00,5900.00,1,10,58350.00,
800488,SGBAUG30    ,G ,B,5960.00,5960.00,5960.00,5960.00,5960.00,5970.00,1,2,11920.00,
800489,74GOI2062   ,G ,B,100.00,100.00,100.00,100.00,100.00,104.00,1,1000,100000.00,
800573,SGBDEC30    ,G ,B,5908.10,5935.00,5908.10,5935.00,5935.00,5901.00,3,11,65253.00,
800574,741GOI36    ,G ,B,102.75,102.75,102.75,102.75,102.75,102.05,1,100,10275.00,
800575,SGBMAR31    ,G ,B,5932.00,5932.00,5932.00,5932.00,5932.00,5943.00,1,5,29660.00,
800580,SGBJUNE31   ,G ,B,5879.00,5910.00,5879.00,5902.00,5902.00,5900.01,22,119,702435.00,
810727,696TAMSDL56 ,G ,B,95.20,95.20,95.20,95.20,95.20,94.10,1,20000,1904000.00,
890157,AIRTELPP    ,A ,Q,539.00,539.00,488.15,493.85,496.00,495.00,119,1402,695104.00,
890168,AURUMPP     ,B ,Q,66.20,69.88,66.20,68.59,68.59,68.95,38,1871,127071.00,
890175,GGLPP       ,B ,Q,6.66,7.33,6.29,7.25,7.25,6.67,290,616087,4378898.00,
890179,ADCONPP     ,XT,Q,1.14,1.14,1.08,1.10,1.09,1.09,171,960978,1058002.00,
890180,AARTIPP     ,B ,Q,302.05,302.05,300.10,301.85,302.00,304.00,19,42,12679.00,
890181,SGRLPP      ,B ,Q,300.00,306.05,291.00,295.50,291.00,300.10,14,114,34491.00,
890185,KCDPP       ,XT,Q,8.62,8.62,8.62,8.62,8.62,9.07,1,1,8.00,
890186,NECCLTDPP   ,B ,Q,8.60,8.60,8.40,8.48,8.40,8.60,3,5,42.00,
935383,849NTPC25   ,F ,D,10.36,10.37,10.36,10.36,10.36,10.36,28,3487,36131.00,
935506,736PFC25    ,F ,D,1080.55,1084.01,1080.55,1084.01,1084.01,1090.00,2,5,5406.00,
935514,760PFC35    ,F ,D,1240.00,1240.00,1231.10,1231.10,1231.10,1240.00,4,209,258456.00,
935548,743REC35    ,F ,D,1210.00,1210.00,1210.00,1210.00,1210.00,1205.21,13,536,648560.00,
935576,750IRFC35   ,F ,D,1226.00,1226.00,1226.00,1226.00,1226.00,1231.00,1,100,122600.00,
935584,76NHAI31    ,F ,D,1150.00,1152.90,1150.00,1152.90,1152.90,1150.00,2,301,346152.00,
935618,774IREDA31  ,F ,D,1165.00,1165.00,1160.11,1160.11,1160.11,1165.00,4,279,324111.00,
935642,764HUDCO31  ,F ,D,1158.00,1161.00,1155.50,1161.00,1161.00,1158.65,10,1274,1472982.00,
935682,764IRFC31   ,F ,D,1189.90,1191.00,1189.90,1190.02,1190.00,1185.00,5,157,186831.00,
935690,764NABARD31 ,F ,D,1152.99,1154.00,1152.99,1153.00,1153.00,1151.00,8,3010,3472129.00,
935752,9MMFSL26    ,F ,D,1030.05,1035.00,1030.00,1030.06,1030.00,1030.05,7,183,188515.00,
935868,915IBHFL26B ,F ,D,975.00,975.00,975.00,975.00,975.00,975.00,2,5,4875.00,
935966,0MFL25      ,F ,D,1725.00,1735.00,1725.00,1733.67,1735.00,1700.00,6,600,1036800.00,
936058,940SEFL24   ,F ,D,101.40,150.00,101.40,150.00,150.00,126.72,2,74,7552.00,
936130,888ERFL28   ,F ,D,905.20,905.20,905.20,905.20,905.20,910.00,1,160,144832.00,
936186,92SEFL28    ,F ,D,259.90,259.90,240.00,240.00,240.00,251.00,3,25,6099.00,
936224,975JMFCSL28 ,F ,D,1043.00,1043.00,1037.00,1037.05,1037.00,1039.00,5,110,114135.00,
936236,94STFCL28   ,F ,D,1045.00,1045.00,1045.00,1045.00,1045.00,1045.00,1,100,104500.00,
936254,985EFL28    ,F ,D,969.50,969.50,967.00,967.00,967.00,965.00,2,110,106620.00,
936290,890TCFSL23  ,F ,D,1071.65,1073.60,1071.00,1073.00,1073.00,1072.03,20,613,656880.00,
936294,910TCFSL28  ,F ,D,1122.02,1122.02,1120.00,1120.00,1120.00,1120.87,7,62,69501.00,
936316,925AHFL23   ,F ,D,1000.00,1000.00,1000.00,1000.00,1000.00,995.00,3,118,118000.00,
936318,965AHFL23   ,F ,D,1079.50,1080.00,1079.50,1080.00,1080.00,1079.00,4,384,414637.00,
936320,935AHFL28   ,F ,D,1020.00,1020.00,1020.00,1020.00,1020.00,1015.00,1,63,64260.00,
936366,1040MFL23   ,F ,D,1070.00,1070.00,1070.00,1070.00,1070.00,1070.00,1,10,10700.00,
936382,967JMFCSL23 ,F ,D,1000.00,1000.00,1000.00,1000.00,1000.00,998.00,2,60,60000.00,
936384,1025JFCSL28 ,F ,D,1115.00,1115.00,1115.00,1115.00,1115.00,1064.00,1,5,5575.00,
936386,981JMFCSL28 ,F ,D,1035.00,1035.00,1035.00,1035.00,1035.00,1035.00,10,406,420210.00,
936392,995EFL24    ,F ,D,1098.00,1098.00,1029.00,1029.00,1029.00,986.00,2,160,169470.00,
936394,1040EFL24   ,F ,D,1054.00,1054.00,1054.00,1054.00,1054.00,1041.20,1,35,36890.00,
936396,EFL4JAN19A  ,F ,D,1552.00,1552.00,1552.00,1552.00,1552.00,1530.00,1,30,46560.00,
936398,1015EFL29   ,F ,D,1010.00,1010.00,1010.00,1010.00,1010.00,1000.00,1,500,505000.00,
936400,1060EFL29   ,F ,D,1078.00,1078.00,1023.00,1023.00,1023.00,1169.00,2,80,83490.00,
936408,915MMFSL24  ,F ,D,1032.50,1035.21,1030.00,1032.84,1030.00,1032.50,14,464,479873.00,
936416,95MMFSL29   ,F ,D,1085.05,1096.00,1085.05,1096.00,1096.00,1095.00,2,150,163305.00,
936454,93STFCL29   ,F ,D,1025.00,1025.00,1011.01,1019.91,1011.01,1025.00,26,1209,1233400.00,
936464,0STFCL24    ,F ,D,1497.00,1497.00,1497.00,1497.00,1497.00,1490.14,1,1,1497.00,
936482,975MFL24    ,F ,D,1004.00,1004.00,1004.00,1004.00,1004.00,1002.00,2,33,33132.00,
936528,935LTFL29   ,F ,D,1100.00,1105.00,1100.00,1105.00,1105.00,1104.50,3,210,231675.00,
936532,898LTFL29   ,F ,D,1055.10,1055.10,1055.10,1055.10,1055.10,1070.00,1,100,105510.00,
936538,975MFL24A   ,F ,D,1015.90,1015.90,1015.89,1015.90,1015.90,1001.00,3,3,3047.00,
936544,10MFL24     ,F ,D,1045.20,1045.20,1045.20,1045.20,1045.20,1032.20,1,35,36582.00,
936574,905LTFL27   ,F ,D,1050.00,1050.00,1050.00,1050.00,1050.00,1058.90,1,9,9450.00,
936604,935SFL24    ,F ,D,1011.35,1011.35,1001.90,1003.01,1003.01,1004.00,10,367,368437.00,
936606,0SFL024     ,F ,D,1470.00,1470.00,1470.00,1470.00,1470.00,1480.00,1,9,13230.00,
936716,995EFL24A   ,F ,D,989.90,989.90,988.90,988.90,988.90,988.50,2,22,21765.00,
936720,0EFL24      ,F ,D,1471.00,1500.00,1471.00,1500.00,1500.00,1471.00,2,400,594200.00,
936730,975MFL24AA  ,F ,D,1005.10,1005.10,1005.10,1005.10,1005.10,1002.30,2,581,583963.00,
936744,0MFL26A     ,F ,D,1450.00,1450.00,1450.00,1450.00,1450.00,1475.03,1,500,725000.00,
936792,97STF26     ,F ,D,1110.00,1110.00,1110.00,1110.00,1110.00,1076.00,1,200,222000.00,
936824,10IFL25     ,F ,D,1188.00,1188.00,991.10,991.10,991.10,1088.99,3,6,6143.00,
936959,0MHFL26     ,F ,D,1525.00,1525.00,1515.00,1515.00,1515.00,1475.00,3,28,42600.00,
936969,995ECL24    ,F ,D,989.90,989.90,983.00,986.00,986.00,981.00,5,111,109376.00,
936971,104ECL24    ,F ,D,1042.62,1042.62,1042.62,1042.62,1042.62,1040.00,1,40,41704.00,
937023,975MFL24BB  ,F ,D,1021.90,1021.90,1021.90,1021.90,1021.90,1005.91,1,2,2043.00,
937085,98NWFL25    ,F ,D,1005.00,1005.00,1005.00,1005.00,1005.00,998.00,1,100,100500.00,
937091,98NWFL30    ,F ,D,984.99,984.99,984.99,984.99,984.99,967.00,1,1,984.00,
937101,95MFL25     ,F ,D,1020.00,1020.00,1020.00,1020.00,1020.00,965.00,1,487,496740.00,
937115,0MFL25B     ,F ,D,1355.00,1355.00,1355.00,1355.00,1355.00,1355.00,2,100,135500.00,
937161,10MVAFL25   ,F ,D,1035.00,1035.00,1035.00,1035.00,1035.00,1026.98,1,100,103500.00,
937185,SFL8MAY20B  ,F ,D,1014.00,1089.00,1014.00,1089.00,1089.00,907.50,2,2,2103.00,
937245,915MFL23    ,F ,D,1000.00,1003.99,1000.00,1003.99,1003.99,1004.80,2,4,4007.00,
937273,0MMFL27A    ,F ,D,1254.90,1254.90,1254.90,1254.90,1254.90,1054.80,3,25,31372.00,
937295,915MFL25    ,F ,D,1005.00,1005.00,1005.00,1005.00,1005.00,990.58,1,5,5025.00,
937307,0MFL25D     ,F ,D,1280.00,1293.00,1280.00,1293.00,1293.00,1250.00,2,130,166920.00,
937335,935EFSL24   ,F ,D,1031.00,1031.00,1031.00,1031.00,1031.00,1035.00,1,25,25775.00,
937351,MFLII26     ,F ,D,955.15,955.15,955.15,955.15,955.15,955.02,1,1,955.00,
937355,MFLIV26     ,F ,D,996.20,996.20,996.20,996.20,996.20,985.00,1,50,49810.00,
937357,MFLV24      ,F ,D,1158.80,1182.80,1158.80,1182.80,1182.80,1165.00,2,102,118245.00,
937373,7PFCL31     ,F ,D,989.00,989.00,989.00,989.00,989.00,988.00,1,35,34615.00,
937377,683PFCL31   ,F ,D,985.00,985.00,985.00,985.00,985.00,960.00,1,80,78800.00,
937381,697PFCL36   ,F ,D,960.00,960.00,949.00,949.00,949.00,954.99,2,510,484100.00,
937385,715PFCL36   ,F ,D,999.00,999.00,997.00,997.00,997.00,997.00,4,525,524295.00,
937393,10KFL24C    ,F ,D,997.00,997.00,997.00,997.00,997.00,970.00,3,300,299100.00,
937427,10MMFL24A   ,F ,D,990.00,990.00,990.00,990.00,990.00,1000.00,1,2,1980.00,
937449,0MFL26VIII  ,F ,D,1200.00,1200.00,1200.00,1200.00,1200.00,1161.00,1,90,108000.00,
937453,10IFL28     ,F ,D,1004.50,1004.50,996.00,1002.00,1002.00,998.10,12,485,485080.00,
937455,96IFL28     ,F ,D,992.99,997.89,990.00,990.00,990.00,990.00,23,2040,2027769.00,
937461,MFLII26B    ,F ,D,980.00,980.00,980.00,980.00,980.00,980.00,1,25,24500.00,
937497,955EFSL26   ,F ,D,921.00,933.00,921.00,933.00,933.00,988.00,2,4,3708.00,
937501,930EFSL31   ,F ,D,905.00,905.12,905.00,905.12,905.12,984.50,2,2,1810.00,
937521,675IGT24    ,F ,D,985.00,985.00,985.00,985.00,985.00,985.00,1,30,29550.00,
937537,82IGT31     ,F ,D,1021.00,1021.00,1017.20,1017.20,1017.20,1018.10,3,250,254814.00,
937557,0MFCL26VIII ,F ,D,1224.00,1224.00,1224.00,1224.00,1224.00,1170.00,1,170,208080.00,
937559,0MFCL28IX   ,F ,D,1299.00,1299.00,1299.00,1299.00,1299.00,1299.00,1,90,116910.00,
937561,BILNCD2021  ,F ,D,28.27,29.11,28.27,28.35,28.35,28.40,7,227,6430.00,
937565,835PCHFL23  ,F ,D,1023.00,1023.00,1023.00,1023.00,1023.00,1073.00,1,100,102300.00,
937573,85PCHFL24   ,F ,D,999.00,999.00,995.00,995.00,995.00,1000.00,5,100,99700.00,
937581,9PCHFL31A   ,F ,D,999.90,999.90,999.90,999.90,999.90,999.95,2,151,150984.00,
937621,96IHFL28    ,F ,D,990.00,990.00,990.00,990.00,990.00,990.00,4,50,49500.00,
937625,875EFSL24   ,F ,D,965.00,965.00,965.00,965.00,965.00,960.60,2,9,8685.00,
937629,EFSL10SEP21 ,F ,D,1134.99,1135.00,1110.00,1110.00,1110.00,1135.00,9,99,111620.00,
937635,EFS10SEP21  ,F ,D,1088.65,1088.65,1088.65,1088.65,1088.65,1088.65,1,100,108865.00,
937643,9MMFL23     ,F ,D,1000.00,1000.00,1000.00,1000.00,1000.00,993.11,1,1,1000.00,
937697,10KSFL25    ,F ,D,995.00,995.00,995.00,995.00,995.00,995.00,3,120,119400.00,
937699,0KSFL25     ,F ,D,1070.00,1070.00,1070.00,1070.00,1070.00,1110.00,2,100,107000.00,
937707,820JMFPL26  ,F ,D,1035.00,1035.00,1035.00,1035.00,1035.00,1032.50,1,5,5175.00,
937709,791JMFPL26  ,F ,D,980.00,980.00,980.00,980.00,980.00,955.00,3,13,12740.00,
937779,MFL291021   ,F ,D,1139.00,1139.00,1137.50,1137.50,1137.50,1121.38,3,162,184425.00,
937789,875EFSL23   ,F ,D,1032.55,1032.55,1032.55,1032.55,1032.55,1032.55,1,25,25813.00,
937795,91EFSL24A   ,F ,D,1001.20,1001.20,1001.20,1001.20,1001.20,1008.00,1,25,25030.00,
937797,EFSL281221A ,F ,D,1100.00,1100.00,1100.00,1100.00,1100.00,1100.00,2,59,64900.00,
937801,955EFSL26B  ,F ,D,998.80,998.80,995.00,995.00,995.00,956.80,4,22,21903.00,
937807,97EFSL31A   ,F ,D,958.00,958.00,958.00,958.00,958.00,958.00,2,53,50774.00,
937839,875IHFL24   ,F ,D,1037.30,1037.30,1037.30,1037.30,1037.30,1033.90,1,5,5186.00,
937853,IHFL60122   ,F ,D,1095.80,1095.80,1095.80,1095.80,1095.80,1096.00,1,5,5479.00,
937879,1049DLSL25  ,F ,D,981.00,989.00,981.00,989.00,989.00,981.00,2,211,207087.00,
937881,8MFL24      ,F ,D,976.00,976.00,976.00,976.00,976.00,980.20,1,10,9760.00,
937889,9MFL30      ,F ,D,1011.00,1011.00,1011.00,1011.00,1011.00,995.00,2,12,12132.00,
937931,0KFIL25     ,F ,D,1074.00,1074.00,1074.00,1074.00,1074.00,1040.00,4,200,214800.00,
937939,10KFIL27    ,F ,D,997.00,997.00,997.00,997.00,997.00,995.00,5,300,299100.00,
937991,NIDO29422   ,F ,D,1064.20,1064.33,1064.20,1064.33,1064.33,1055.00,2,46,48954.00,
938005,930NIDO32   ,F ,D,911.05,911.05,910.02,910.02,910.02,920.00,2,30,27326.00,
938007,970NIDO32   ,F ,D,942.00,942.00,923.00,927.67,923.00,950.00,4,5,4667.00,
938011,MFLII27B    ,F ,D,934.99,934.99,934.99,934.99,934.99,934.99,1,20,18699.00,
938013,MFLIII25C   ,F ,D,970.00,970.00,970.00,970.00,970.00,970.00,1,200,194000.00,
938027,MFLVII25G   ,F ,D,1035.20,1035.20,1035.20,1035.20,1035.20,1035.00,1,150,155280.00,
938045,8MMFL23     ,F ,D,999.20,999.20,999.20,999.20,999.20,981.30,1,2,1998.00,
938057,920NFL23    ,F ,D,999.27,999.27,999.27,999.27,999.27,990.20,2,91,90933.00,
938069,MFLIII25    ,F ,D,960.00,960.00,956.00,956.00,956.00,960.16,8,97,93100.00,
938077,MFLVII27    ,F ,D,1000.00,1000.00,1000.00,1000.00,1000.00,1050.00,3,500,500000.00,
938095,875NWIL24   ,F ,D,960.00,960.00,960.00,960.00,960.00,960.00,1,10,9600.00,
938097,NWIL150722  ,F ,D,1059.80,1059.80,1059.80,1059.80,1059.80,1059.80,1,39,41332.00,
938105,916NWIL27   ,F ,D,975.00,975.00,975.00,975.00,975.00,942.00,1,202,196950.00,
938107,955NWIL27   ,F ,D,950.00,950.00,950.00,950.00,950.00,952.45,3,50,47500.00,
938111,953NWIL32   ,F ,D,950.00,950.00,950.00,950.00,950.00,960.00,1,50,47500.00,
938113,995NWIL32   ,F ,D,980.00,989.00,980.00,989.00,989.00,963.00,2,2,1969.00,
938119,KFL110822   ,F ,D,1015.00,1015.00,1015.00,1015.00,1015.00,1030.00,3,200,203000.00,
938123,95KFL26     ,F ,D,980.00,980.00,980.00,980.00,980.00,960.00,3,40,39200.00,
938137,MFL060922   ,F ,D,1052.50,1090.94,1052.50,1090.94,1090.94,1050.00,3,1540,1643263.00,
938145,1015UCL24A  ,F ,D,1011.00,1011.00,1011.00,1011.00,1011.00,1000.00,4,231,233541.00,
938168,IHFL280922B ,F ,D,964.90,1027.00,964.90,989.49,1027.00,1005.00,2,101,99938.00,
938180,915IHFL27   ,F ,D,900.10,935.00,849.90,935.00,935.00,813.20,6,110,98246.00,
938202,885EFSL24   ,F ,D,1012.80,1012.80,1012.80,1012.80,1012.80,1020.00,2,11,11140.00,
938204,EFSL201022  ,F ,D,1023.93,1023.94,1013.25,1023.94,1023.94,1023.94,8,63,64401.00,
938208,925EFSL25   ,F ,D,1001.00,1001.00,999.75,999.88,999.75,985.80,7,400,399945.00,
938212,935EFSL27   ,F ,D,955.00,955.00,955.00,955.00,955.00,955.00,1,10,9550.00,
938218,965EFSL32   ,F ,D,936.00,950.00,936.00,950.00,950.00,950.00,2,100,94300.00,
938222,79NHIT35    ,F ,D,313.00,313.00,313.00,313.00,313.00,313.25,3,1350,422550.00,
938224,79NHIT40    ,F ,D,319.10,320.00,312.63,312.63,312.63,315.11,6,2126,672565.00,
938246,MFLTDI25    ,F ,D,840.00,980.75,840.00,980.75,980.75,979.80,2,41,34580.00,
938260,MFLTDIII24  ,F ,D,1025.80,1025.80,1025.80,1025.80,1025.80,1020.00,1,1,1025.00,
938266,MFLTDVI25   ,F ,D,1006.00,1006.00,1006.00,1006.00,1006.00,995.05,2,400,402400.00,
938282,735MFL25    ,F ,D,970.00,970.00,970.00,970.00,970.00,970.00,2,16,15520.00,
938330,115CCIL28   ,F ,D,1060.00,1060.00,1060.00,1060.00,1060.00,1060.00,1,5,5300.00,
938336,0CCIL29     ,F ,D,979.50,979.50,970.00,970.00,970.00,979.80,5,47,45645.00,
938348,95KFL27     ,F ,D,955.00,955.00,955.00,955.00,955.00,985.00,4,200,191000.00,
938354,9EFSL25     ,F ,D,1000.00,1000.00,1000.00,1000.00,1000.00,1000.00,2,100,100000.00,
938356,ZCEFSL25    ,F ,D,990.80,990.90,990.80,990.90,990.90,990.80,2,22,21799.00,
938358,920EFSL26   ,F ,D,952.00,952.00,952.00,952.00,952.00,952.00,1,4,3808.00,
938364,967EFSL28   ,F ,D,965.00,980.00,965.00,980.00,980.00,950.00,2,120,117300.00,
938366,1010EFSL28  ,F ,D,979.02,979.02,978.20,978.20,978.20,975.20,2,100,97837.00,
938376,0IIFL25     ,F ,D,996.00,996.00,996.00,996.00,996.00,998.00,1,30,29880.00,
938416,825MFL26    ,F ,D,960.00,960.00,960.00,960.00,960.00,960.00,2,60,57600.00,
938422,985ICCL28   ,F ,D,995.00,995.00,995.00,995.00,995.00,851.25,1,200,199000.00,
938438,775MFL25    ,F ,D,999.00,1004.00,985.20,997.00,997.00,999.00,12,625,621851.00,
938448,875KLMAF24  ,F ,D,973.00,973.00,973.00,973.00,973.00,973.00,1,21,20433.00,
938470,965IHFL25   ,F ,D,930.20,930.20,930.00,930.00,930.00,930.20,2,100,93003.00,
938476,965IBHFL25  ,F ,D,999.90,999.90,999.90,999.90,999.90,997.00,1,5,4999.00,
938534,KFL290423   ,F ,D,822.80,975.00,822.80,975.00,975.00,970.00,4,50,44945.00,
938554,775MFL2025  ,F ,D,985.00,985.00,985.00,985.00,985.00,960.00,1,50,49250.00,
938560,MFL030523   ,F ,D,976.05,978.00,827.20,975.00,975.00,976.00,13,1042,949906.00,
938564,84MFL25     ,F ,D,960.00,964.80,960.00,964.80,964.80,964.80,2,200,192004.00,
938568,88MFL28     ,F ,D,1000.00,1000.00,1000.00,1000.00,1000.00,960.00,1,30,30000.00,
938624,835IFL25    ,F ,D,959.80,959.80,959.80,959.80,959.80,959.80,1,200,191960.00,
938626,ZCIIFL25    ,F ,D,922.29,955.00,922.29,955.00,955.00,941.11,6,75,70795.00,
938636,0IFL28A     ,F ,D,811.00,811.00,811.00,811.00,811.00,902.00,1,20,16220.00,
938644,1050NFL26   ,F ,D,1003.00,1003.00,1000.00,1000.01,1000.00,1003.99,6,802,802106.00,
938646,1102NFL26   ,F ,D,1002.00,1002.00,1002.00,1002.00,1002.00,1010.00,1,35,35070.00,
938648,895EFS25    ,F ,D,920.00,920.00,920.00,920.00,920.00,0.00,2,10,9200.00,
938650,EFSL210723  ,F ,D,1000.00,1000.00,1000.00,1000.00,1000.00,1000.00,6,100,100000.00,
938652,92EFSL26    ,F ,D,990.00,990.00,965.00,965.00,965.00,984.00,6,110,108650.00,
938654,96EFSL26    ,F ,D,980.00,985.00,980.00,980.00,980.00,1004.50,4,13,12780.00,
938658,967EFS28    ,F ,D,1000.00,1000.00,988.00,988.00,988.00,988.00,5,75,74397.00,
938660,1010EFS28   ,F ,D,1001.00,1001.00,1001.00,1001.00,1001.00,1005.00,1,10,10010.00,
938664,10EFS33     ,F ,D,989.00,989.00,981.01,981.90,989.00,988.00,5,44,43412.00,
957809,1015UPPCL27 ,F ,D,1020101.01,1020101.01,1020101.01,1020101.01,1020101.01,1039750.00,1,1,1020101.00,
958178,1032APCRD26 ,F ,D,204990.00,204990.00,204990.00,204990.00,204990.00,204700.00,1,5,1024950.00,
959085,87BOBPER    ,F ,D,1047715.00,1064967.00,1047715.00,1064967.00,1064967.00,1058863.00,3,3,3177182.00,
959209,1375SIBLPER ,F ,D,108700.00,108700.00,108500.00,108500.00,108500.00,108780.00,6,60,6513950.00,
960238,773SBIPERPA ,F ,D,1026234.00,1026234.00,1026234.00,1026234.00,1026234.00,991576.00,1,10,10262340.00,
961728,830NHAI27   ,F ,B,1169.99,1169.99,1169.99,1169.99,1169.99,1160.51,2,200,233998.00,
961741,915SEFL17A  ,F ,B,224.00,224.00,224.00,224.00,224.00,249.90,2,56,12544.00,
961784,839HUDCO23  ,F ,B,1067.00,1068.15,1067.00,1068.11,1068.10,1066.70,4,275,293508.00,
961794,826IIFCL23  ,F ,B,1066.59,1066.59,1066.59,1066.59,1066.59,1057.10,1,50,53329.00,
961798,875IIFCL33  ,F ,B,1308.00,1308.00,1308.00,1308.00,1308.00,1300.50,3,300,392400.00,
961808,866NTPC23   ,F ,B,1072.19,1072.19,1071.46,1071.46,1071.46,1066.00,3,240,257296.00,
961810,891NTPC33   ,F ,B,1330.30,1338.00,1330.00,1338.00,1338.00,1334.99,4,97,129021.00,
961814,876HUDCO24  ,F ,B,1060.60,1060.60,1060.60,1060.60,1060.60,1060.60,2,95,100757.00,
961820,866IIFCL24C ,F ,B,1052.05,1052.05,1052.05,1052.05,1052.05,1052.01,1,100,105205.00,
961826,875NHAI29   ,F ,B,1201.00,1208.00,1200.00,1205.90,1205.90,1209.00,8,1510,1815459.00,
961827,823IRFC24   ,F ,B,1035.50,1035.50,1035.05,1035.05,1035.05,1034.99,2,150,155280.00,
961839,880IREDA29  ,F ,B,1205.00,1205.00,1205.00,1205.00,1205.00,1225.00,1,1,1205.00,
961851,900KPL29    ,F ,B,1200.00,1200.00,1171.00,1196.51,1196.51,1209.00,10,283,333264.00,
961895,880IIFCL29  ,F ,B,1178.16,1180.00,1178.16,1180.00,1180.00,1180.00,10,100,117963.00,
961906,736NTPC25D  ,F ,B,1081.31,1081.31,1081.31,1081.31,1081.31,1109.75,1,1,1081.00,
961917,SHAREINWARR ,W ,B,640.10,730.00,640.10,730.00,730.00,730.00,5,19,13240.00,
972655,IFCI010811B ,F ,B,33200.00,33300.00,33200.00,33250.50,33300.00,33201.00,9,120,3985080.00,
972657,IFCI010811D ,F ,B,10200.00,10200.00,10200.00,10200.00,10200.00,10200.00,1,50,510000.00,
972691,IFCI311026D ,F ,B,10850.00,10850.00,10850.00,10850.00,10850.00,10950.00,2,20,217000.00,
972716,IFCI150212D ,F ,B,5008.01,5008.01,5008.01,5008.01,5008.01,5004.00,1,2,10016.00,
972719,IFCI310312A ,F ,B,12345.00,12345.00,12345.00,12345.00,12345.00,12345.67,1,3,37035.00,
972720,IFCI310312B ,F ,B,5031.01,5031.01,5031.01,5031.01,5031.01,5001.00,2,4,20124.00,
972893,915PTCIF27A ,F ,B,12502.00,12502.00,12502.00,12502.00,12502.00,13000.00,1,2,25004.00,
973491,675PCHFL31  ,F ,B,813.00,814.55,813.00,814.10,814.10,813.54,6,234,190528.00,
973881,970UPCL31   ,F ,B,1049999.99,1049999.99,1049999.99,1049999.99,1049999.99,1036000.00,1,1,1049999.00,
974635,0EEL26      ,F ,B,103967.00,103967.00,103350.00,103350.00,103350.00,103832.00,3,3,311284.00,
974792,1110SSFL25  ,F ,B,87101.00,87992.01,87101.00,87992.01,87992.01,87101.00,4,4,349295.00,
974963,1075FSFBL29 ,F ,B,99999.00,99999.00,99515.75,99515.75,99515.75,99800.00,4,5,499028.00,
974979,0MSFL25     ,F ,B,101998.00,101999.00,101171.00,101171.00,101171.00,100410.00,5,7,711009.00,
