SC_CODE,SC_NAME,SC_GROUP,SC_TYPE,OPEN,HIGH,LOW,CLOSE,LAST,PREVCLOSE,NO_TRADES,NO_OF_SHRS,NET_TURNOV,TDCLOINDI
500002,ABB LTD.    ,A ,Q,2329.70,2329.70,2278.00,2296.25,2288.80,2313.15,851,6778,15608073.00,
500003,AEGIS LOGIS ,A ,Q,209.50,212.25,205.90,208.60,209.25,209.10,655,15385,3206884.00,
500008,AMAR RAJA BA,A ,Q,470.50,470.50,457.70,458.75,458.00,467.10,801,10446,4825773.00,
500009,A.SARABHAI  ,X ,Q,32.70,32.70,31.85,32.20,32.20,32.75,242,48868,1577768.00,
500010,HDFC        ,A ,Q,2151.00,2193.00,2151.00,2163.55,2163.55,2176.70,6937,130355,283377092.00,
500012,ANDHRA PETRO,B ,Q,79.00,80.75,78.25,78.90,78.90,79.05,521,44360,3530314.00,
500013,ANSAL INFRAS,B ,Q,13.49,13.49,12.28,12.45,12.45,12.92,126,73690,915899.00,
500014,UTIQUE      ,X ,Q,5.20,5.32,4.60,4.74,4.74,5.29,338,112438,555661.00,
500016,ARUNAHTEL   ,X ,Q,12.90,12.90,11.51,11.56,11.95,12.20,75,7922,92798.00,
500020,BOM DYEING  ,A ,Q,97.65,97.90,94.65,95.35,95.00,96.25,1500,134957,12913882.00,
500023,ASIANHOTNR  ,B ,Q,82.50,82.80,82.50,82.75,82.75,82.50,33,81,6705.00,
500027,ATUL LTD.   ,A ,Q,8085.10,8110.00,7889.50,8039.05,8011.75,8047.40,605,914,7321703.00,
500028,ATV PROJECTS,XT,Q,8.23,8.30,8.18,8.30,8.30,7.91,55,7811,64666.00,
500031,BAJAJ ELECT.,A ,Q,977.00,1046.00,966.50,1016.55,1016.55,958.50,1923,18771,18801704.00,
500032,BAJAJHIND   ,A ,Q,13.30,13.41,12.92,12.98,12.98,13.30,1379,390970,5123867.00,
500033,FORCE MOTR  ,A ,Q,1034.15,1055.00,1014.15,1024.65,1024.65,1027.75,2014,13737,14194249.00,
500034,BAJFINANCE  ,A ,Q,5511.00,5536.25,5380.00,5400.45,5400.45,5510.45,5126,33097,180313371.00,
500038,BALRAM.CHINI,A ,Q,369.80,369.80,356.80,359.55,359.55,366.50,1289,47258,17119822.00,
500039,BANCO PROD. ,B ,Q,184.95,188.95,176.00,176.75,176.75,183.70,1843,34719,6266743.00,
500040,CENTURY TEXT,A ,Q,809.90,817.95,796.80,802.55,807.70,806.65,501,2608,2098467.00,
500041,BANNARI AMAN,A ,Q,2181.95,2191.40,2151.25,2175.90,2151.25,2196.80,10,14,30484.00,
500042,BASF INDIA  ,A ,Q,2654.70,2750.80,2641.05,2731.90,2718.90,2669.90,413,1318,3540747.00,
500043,BATA INDIA  ,A ,Q,1683.40,1691.15,1660.40,1668.05,1666.50,1678.55,520,2792,4673546.00,
500048,BEML LTD    ,A ,Q,1277.90,1295.15,1250.00,1253.65,1253.65,1283.40,3241,25806,32918929.00,
500049,BHARAT ELECT,A ,Q,234.05,239.15,231.70,234.10,233.45,236.30,3328,144057,33867729.00,
500052,BHANSALI ENG,A ,Q,109.60,110.30,106.15,106.55,106.30,108.30,635,11915,1285302.00,
500058,BIHAR SPONGE,XT,Q,8.25,8.54,8.25,8.49,8.53,8.23,56,7063,59677.00,
500060,BIRLACABLE  ,B ,Q,109.50,111.40,106.70,107.55,107.55,109.40,467,6442,701496.00,
500067,BLUE STAR   ,A ,Q,912.50,920.00,895.50,904.85,911.85,924.40,1072,7597,6887034.00,
500068,DISA INDIA  ,X ,Q,6279.95,6279.95,6076.10,6237.90,6239.85,6231.05,17,64,396615.00,
500069,QUESTCAP    ,X ,Q,248.05,248.05,234.00,236.00,234.00,241.20,80,1454,345691.00,
500074,BPL LTD.    ,B ,Q,61.20,65.10,61.20,62.50,62.50,63.70,141,7451,474032.00,
500078,OAL         ,B ,Q,573.55,589.35,555.15,568.30,555.15,576.05,302,1746,1004263.00,
500083,CENTURY EXT ,B ,Q,10.00,10.20,9.60,9.72,9.80,9.86,111,11442,112559.00,
500084,CESC LTD.   ,A ,Q,70.90,71.75,70.80,71.20,71.20,70.90,950,44489,3169984.00,
500085,CHAMBAL FERT,A ,Q,273.30,273.50,264.55,266.05,266.05,272.75,3324,83785,22434310.00,
500086,EXIDE IND.  ,A ,Q,139.35,141.25,137.20,137.65,137.65,139.35,3268,142103,19724798.00,
500087,CIPLA LTD.  ,A ,Q,948.00,948.00,911.05,915.20,915.20,945.60,2784,37584,34740817.00,
500089,DIC INDIA   ,B ,Q,355.75,385.00,355.00,382.90,382.90,355.75,50,1343,485947.00,
500092,CRISIL LTD  ,A ,Q,3220.00,3299.75,3206.35,3288.35,3288.90,3210.15,651,2145,6992455.00,
500093,CGPOWER     ,B ,Q,191.10,193.25,187.50,191.35,191.35,191.25,2833,85427,16312331.00,
500096,DABUR (I)   ,A ,Q,500.00,502.90,495.00,495.95,495.95,501.25,2589,50613,25222903.00,
500097,DALMIASUG   ,A ,Q,334.00,334.00,308.45,311.70,313.60,327.95,1209,22329,7031043.00,
500101,ARVIND Ltd  ,A ,Q,93.95,94.10,90.20,90.75,90.75,92.80,803,27113,2493949.00,
500102,BALARPUR IND,Z ,Q,1.47,1.47,1.47,1.47,1.47,1.40,79,406051,596894.00,
500103,BHEL        ,A ,Q,46.00,46.65,44.75,45.00,45.00,46.15,4427,1404838,63934452.00,
500104,HIND.PETRO  ,A ,Q,223.00,224.60,216.15,217.20,217.20,223.95,2521,131532,28842041.00,
500106,IFCI LTD    ,A ,Q,8.61,8.89,8.61,8.69,8.69,8.87,505,198508,1742449.00,
500108,MAHA.TELE   ,A ,Q,19.30,19.35,18.60,18.85,18.85,19.05,942,136980,2595545.00,
500109,MRPL        ,A ,Q,94.00,95.35,88.40,90.60,90.60,93.05,6347,768908,69831618.00,
500110,CHENNAI PET.,A ,Q,326.10,326.10,310.40,313.60,313.60,325.45,3996,168843,53174468.00,
500111,REL.CAP.    ,T ,Q,12.33,12.49,12.11,12.20,12.25,12.24,300,41241,507504.00,
500112,STATE BANK  ,A ,Q,459.50,469.35,459.00,465.80,465.80,459.45,12134,496650,231308413.00,
500113,STEEL AUTH. ,A ,Q,69.65,70.80,68.20,68.55,68.55,70.05,6771,1274213,88391666.00,
500114,TITAN       ,A ,Q,1955.30,1965.70,1926.70,1942.45,1942.45,1936.00,3472,42748,83205777.00,
500116,IDBI BANK L ,A ,Q,31.00,31.10,30.50,30.80,30.80,30.80,1560,312478,9612653.00,
500117,DCW LTD.    ,B ,Q,36.80,36.95,35.80,35.95,36.15,36.50,505,18834,683082.00,
500119,DHAMPUR SUGA,A ,Q,217.35,219.75,212.30,213.20,213.20,217.35,923,11553,2496452.00,
500120,DIAMINES&CHM,X ,Q,271.10,284.45,270.00,273.15,273.15,278.05,153,10269,2839256.00,
500123,ELANTAS     ,B ,Q,3999.65,4038.00,3988.00,3990.60,3998.00,3959.95,51,711,2840823.00,
500124,DR.REDDY'S  ,A ,Q,4333.00,4417.90,4333.00,4399.90,4366.10,4363.30,4294,29291,128340835.00,
500125,E.I.D.PAR   ,A ,Q,532.00,535.15,518.45,530.75,527.35,535.65,1977,24808,13057762.00,
500126,PGHL        ,A ,Q,4110.00,4384.70,4086.55,4187.30,4170.00,4092.95,358,660,2764706.00,
500128,ELEC.CASTING,B ,Q,31.80,32.05,31.00,31.10,31.15,31.75,582,46758,1477129.00,
500133,ESAB INDIA  ,A ,Q,3653.35,3653.35,3484.85,3534.55,3554.30,3647.10,223,515,1840947.00,
500135,EPL         ,A ,Q,152.40,154.90,147.35,149.00,149.00,152.85,619,8190,1225963.00,
500136,ESTER INDUS.,B ,Q,125.90,126.45,120.45,121.85,120.65,125.15,440,3069,379436.00,
500142,FGP LTD.    ,X ,Q,7.70,8.08,7.31,7.54,7.54,7.40,56,14372,112629.00,
500143,P.H.CAPITAL ,X ,Q,69.95,69.95,69.95,69.95,69.95,66.65,25,591,41340.00,
500144,FINOL. CABLE,A ,Q,380.10,382.15,372.50,375.80,378.05,376.65,562,7534,2839706.00,
500147,COCKERILL   ,X ,Q,1141.00,1197.90,1125.00,1158.95,1153.55,1108.25,161,3929,4563504.00,
500148,UFLEX LTD   ,A ,Q,583.00,591.10,578.00,580.30,579.00,585.05,366,4385,2553910.00,
500150,FOSECO INDIA,B ,Q,1588.80,1588.80,1546.90,1569.15,1569.15,1588.80,24,88,137346.00,
500151,GOLDEN TOB  ,T ,Q,81.85,83.95,80.25,82.15,81.05,82.10,45,2449,200605.00,
500153,GANESH BENZO,B ,Q,121.00,121.95,117.20,118.25,118.25,119.80,967,20073,2397251.00,
500159,METROGLOBL  ,X ,Q,73.70,77.00,73.70,77.00,77.00,73.70,9,340,25706.00,
500160,GTL LTD.    ,B ,Q,8.70,8.79,8.60,8.65,8.60,8.62,527,31037,269488.00,
500163,GODFREY PH  ,A ,Q,1067.50,1090.10,1051.05,1059.30,1058.00,1071.10,197,460,490745.00,
500164,GODREJ IND  ,A ,Q,442.35,442.60,431.70,432.95,432.65,437.45,284,1598,696039.00,
500165,KANSAI NERO ,A ,Q,370.15,376.75,365.05,369.80,369.80,370.50,606,7885,2910916.00,
500166,GOODRICKE   ,X ,Q,227.50,228.00,223.00,226.25,223.00,227.65,23,1137,258345.00,
500168,GOODYEAR (I),B ,Q,1034.70,1040.00,1030.00,1032.65,1031.10,1028.50,547,4562,4724816.00,
500170,GTN INDUS   ,X ,Q,52.45,52.45,49.60,49.80,49.95,51.15,94,17883,898378.00,
500171,GHCL LTD    ,A ,Q,577.35,582.20,559.85,565.15,566.00,571.30,1441,17919,10237121.00,
500173,GFLLIMITED  ,B ,Q,64.60,69.50,63.10,66.60,66.95,65.60,241,7517,509079.00,
500174,GUJ.LEASE   ,B ,Q,3.20,3.20,3.19,3.20,3.20,3.05,20,6583,21039.00,
500179,HCL INFOSYS ,B ,Q,16.50,16.50,15.95,16.10,16.10,16.15,566,45008,724722.00,
500180,HDFC BANK   ,A ,Q,1331.60,1353.55,1331.60,1347.50,1347.50,1343.95,9992,182482,245852703.00,
500182,HEROMOTOCO  ,A ,Q,2748.70,2772.45,2715.00,2719.65,2727.00,2752.15,2235,12427,34099934.00,
500183,HFCL        ,A ,Q,55.85,57.25,54.80,55.20,55.20,56.35,6560,862080,47963169.00,
500184,HSCL        ,A ,Q,60.25,60.95,58.80,59.70,59.70,60.00,4354,419156,25033975.00,
500185,HIND.CONSTN.,A ,Q,12.26,12.59,12.00,12.14,12.14,12.26,928,647540,7923196.00,
500186,HIND.OIL EXP,A ,Q,194.25,195.75,185.50,186.90,186.45,193.35,1943,153758,29154614.00,
500187,AGI         ,A ,Q,204.85,210.55,201.25,202.70,203.80,206.35,432,3421,703881.00,
500188,HINDUS.ZI   ,A ,Q,255.90,255.90,248.50,249.40,249.40,253.65,1931,45464,11453766.00,
500189,NXTDIGITAL  ,B ,Q,365.20,381.20,365.20,371.25,371.50,378.05,114,810,302759.00,
500191,HMT LTD.    ,Z ,Q,23.50,23.50,22.65,23.40,23.40,22.50,10,179,4123.00,
500192,PRAG BOSIMI ,XT,Q,2.30,2.31,2.25,2.30,2.30,2.21,24,3691,8435.00,
500193,HLVLTD      ,B ,Q,9.99,10.20,9.17,9.27,9.27,10.37,526,219954,2123658.00,
500199,I.G.PETRO   ,B ,Q,605.95,605.95,592.35,596.70,594.10,598.70,150,1115,668044.00,
500201,IND.GLYCOLS ,A ,Q,745.05,763.00,705.80,732.40,746.00,750.90,1952,15693,11535139.00,
500202,IND.LEAS.DEV,X ,Q,6.20,6.20,5.63,6.20,6.20,5.92,3,115,707.00,
500206,MARGO FIN   ,X ,Q,25.00,25.00,22.40,22.50,22.50,24.95,9,190,4415.00,
500207,INDO RAMA   ,B ,Q,63.55,63.65,61.55,62.10,62.00,63.05,168,7111,442886.00,
500209,INFOSYS LTD ,A ,Q,1462.95,1481.90,1455.15,1461.20,1461.20,1463.70,17532,400032,585647499.00,
500210,INGERSOLL   ,A ,Q,1437.85,1486.75,1425.65,1430.50,1425.90,1441.25,120,400,574561.00,
500211,INSILCO LTD.,X ,Q,6.70,6.81,6.60,6.81,6.81,6.60,27,1667,11235.00,
500213,INTER.TRAVEL,X ,Q,105.00,105.00,102.50,104.80,104.80,102.50,11,643,66779.00,
500214,ION EXCHANGE,A ,Q,1770.05,1789.15,1743.45,1754.25,1751.05,1762.55,396,986,1734609.00,
500215,AGRO TECH FO,A ,Q,823.35,848.15,803.30,840.10,848.15,824.65,166,1825,1524904.00,
500219,JAIN IRRIG  ,A ,Q,37.00,37.90,36.60,36.75,36.75,36.70,1840,293956,10940380.00,
500220,JASCH INDUST,X ,Q,158.10,161.75,156.15,159.50,160.00,158.70,105,3733,593213.00,
500223,JCT LTD     ,X ,Q,3.20,3.26,3.11,3.14,3.14,3.15,601,436722,1382573.00,
500227,JINDAL POLYF,A ,Q,1024.05,1028.05,980.10,985.50,984.00,1010.00,772,2562,2567547.00,
500228,JSWSL       ,A ,Q,576.30,582.00,556.30,563.20,561.00,576.00,3029,112700,63972215.00,
500231,UMANG DAIR  ,B ,Q,49.35,50.05,48.35,49.20,49.20,49.10,29,1115,55242.00,
500233,KAJARIA CER.,A ,Q,929.25,949.95,925.00,947.25,945.00,932.10,400,2838,2675377.00,
500234,KAKATIYA CEM,B ,Q,199.20,199.20,189.75,191.65,191.00,192.00,84,465,88778.00,
500235,KALYANI STEL,A ,Q,286.00,286.30,279.50,281.35,282.50,289.35,278,7663,2154105.00,
500236,KANELIND    ,XT,Q,2.89,2.95,2.76,2.82,2.76,2.90,57,17850,50847.00,
500238,WHIRLPOOL   ,A ,Q,1570.95,1575.80,1548.80,1560.30,1559.70,1561.55,423,1786,2786098.00,
500239,KG DENIM    ,X ,Q,36.00,36.70,34.55,36.30,36.50,34.85,43,2641,95456.00,
500240,KINETIC ENG.,X ,Q,79.40,79.45,75.45,77.45,77.45,78.30,162,2131,163907.00,
500241,KIRL.BROS.  ,A ,Q,318.10,323.25,305.05,307.35,307.35,321.35,103,556,175658.00,
500243,KIRL INDUS  ,B ,Q,1325.05,1349.50,1281.00,1295.90,1281.00,1286.90,71,172,226488.00,
500245,KIRL.FERROUS,A ,Q,198.70,202.10,192.05,193.85,193.65,200.50,1674,24795,4813996.00,
500246,ENVAIN ELECT,X ,Q,22.25,23.30,22.25,22.25,22.25,22.20,11,2453,56890.00,
500247,KOTAK MAH.BK,A ,Q,1630.00,1676.70,1630.00,1660.80,1657.35,1642.25,6039,106596,177250118.00,
500248,KRIFILIND   ,XT,Q,6.42,6.42,6.42,6.42,6.42,6.42,3,90,577.00,
500249,KSB         ,A ,Q,1464.10,1520.00,1442.95,1483.55,1480.00,1469.35,541,2600,3811151.00,
500250,L.G.BALKRISH,A ,Q,591.00,604.95,589.25,595.00,592.75,594.90,680,3426,2042045.00,
500251,TRENT LTD.  ,A ,Q,1098.90,1111.95,1069.95,1074.45,1083.95,1109.40,1583,15970,17419455.00,
500252,LAXMIMACH   ,A ,Q,8930.05,9018.30,8830.65,8977.35,8980.00,8910.80,150,407,3638069.00,
500253,LIC HOUS.FIN,A ,Q,324.00,329.00,324.00,326.90,326.15,325.20,2019,52599,17212800.00,
500257,LUPIN LTD.  ,A ,Q,619.90,619.90,607.40,611.40,614.00,620.20,1707,29094,17818065.00,
500259,LYKA LABS   ,B ,Q,117.75,118.50,110.00,111.85,111.85,117.85,366,14206,1580473.00,
500260,RAMCOCEM    ,A ,Q,629.75,639.70,622.85,635.05,635.30,629.40,584,10146,6397200.00,
500264,MAFATLAL IND,X ,Q,199.00,199.00,193.10,195.20,195.30,199.00,23,934,182678.00,
500265,MAH.SEAMLESS,A ,Q,649.90,654.45,627.75,631.25,627.75,650.55,967,12740,8147601.00,
500266,MAH.SCOOTER ,A ,Q,3687.75,3738.55,3672.05,3692.55,3682.00,3722.60,106,288,1068724.00,
500267,MAJESTIC AUT,X ,Q,125.95,127.85,122.70,126.00,126.00,124.05,37,662,83648.00,
500268,MANALI PETRO,B ,Q,99.25,100.45,96.80,97.70,97.70,99.55,952,32972,3263223.00,
500271,MFSL        ,A ,Q,776.00,788.35,771.65,782.95,778.85,777.75,521,7104,5542669.00,
500277,MID INDIA IN,XT,Q,20.85,21.40,19.40,21.20,21.20,20.40,125,16311,336549.00,
500279,MIRC ELECT  ,B ,Q,12.40,13.00,12.40,12.59,12.59,12.76,201,24565,312629.00,
500280,CENTURY ENKA,B ,Q,424.30,427.75,417.10,419.10,421.50,421.65,243,1613,676961.00,
500284,LORDS CHLORO,XT,Q,184.95,184.95,171.70,171.95,171.70,180.70,276,16373,2851439.00,
500285,SPICEJET LTD,A ,Q,37.70,38.60,37.25,38.10,38.10,37.60,3465,293353,11093810.00,
500288,MOREPEN LAB.,A ,Q,36.70,41.45,36.50,38.70,38.70,36.65,9012,993706,39216828.00,
500290,MRF LTD.    ,A ,Q,71795.05,72174.65,70557.60,70734.25,70796.05,71504.55,161,201,14340323.00,
500292,HEIDEL CEM  ,A ,Q,176.45,176.45,168.20,170.50,170.40,174.55,428,9907,1694124.00,
500294,NCC         ,A ,Q,55.45,55.45,53.55,54.20,54.10,54.40,1034,99408,5378695.00,
500295,VEDL        ,A ,Q,232.70,234.25,222.30,222.95,222.95,232.10,15290,1002313,227138205.00,
500296,NAHAR SPG.  ,B ,Q,347.95,352.60,319.10,320.85,319.10,335.85,1688,29563,10152494.00,
500298,NAT.PEROXIDE,B ,Q,1323.95,1333.90,1301.00,1305.75,1301.00,1309.55,92,613,804532.00,
500300,GRASIM IND. ,A ,Q,1330.00,1335.70,1310.05,1321.50,1321.50,1322.30,1443,12220,16165643.00,
500302,PEL         ,A ,Q,1680.00,1691.95,1647.10,1658.70,1660.00,1663.10,1869,15968,26629780.00,
500304,NIIT LTD.   ,A ,Q,421.00,428.50,410.05,414.05,411.35,422.30,1132,12254,5126294.00,
500306,JAYKAY      ,X ,Q,59.55,60.00,57.70,58.80,59.00,58.35,88,9943,584901.00,
500307,NIRLON      ,B ,Q,375.50,375.50,352.30,357.75,356.00,374.00,364,25536,9180215.00,
500312,ONGC CORPN  ,A ,Q,153.40,154.45,149.20,151.45,151.45,153.95,8756,1035138,156982307.00,
500313,OIL COUNTRY ,T ,Q,8.20,8.20,7.80,8.19,8.19,8.00,5,468,3797.00,
500314,ORIENT HOTEL,B ,Q,56.30,57.40,55.85,55.85,55.85,56.15,179,1427,80886.00,
500317,OSWAL AGRO. ,B ,Q,31.60,31.80,30.20,30.45,30.20,30.90,130,17805,559021.00,
500319,INDIAN SUCRO,X ,Q,59.95,60.00,57.05,57.75,57.30,58.20,68,5805,338742.00,
500325,RELIANCE    ,A ,Q,2576.00,2615.80,2567.30,2594.05,2594.05,2579.05,15613,209154,543067844.00,
500327,PILITA      ,B ,Q,8.00,8.00,7.58,7.74,7.74,7.79,294,100363,778299.00,
500330,RAYMOND     ,A ,Q,907.65,922.85,862.30,875.70,875.70,907.65,2249,27005,23994618.00,
500331,PIDILITE    ,A ,Q,2100.00,2129.35,2080.10,2090.20,2090.20,2097.75,1394,10620,22376485.00,
500333,PIX TRANS   ,B ,Q,845.85,845.85,825.00,830.60,831.95,836.85,333,975,808220.00,
500335,BIRLA CORPN.,A ,Q,877.55,883.75,867.05,870.45,871.95,877.15,436,3223,2826357.00,
500336,SURYA ROSHNI,A ,Q,362.15,365.20,355.20,356.65,361.00,362.05,536,2772,991970.00,
500337,PRIME SECUR.,B ,Q,96.55,97.90,95.45,97.10,95.45,97.95,72,3845,375395.00,
500338,PRSMJOHNSN  ,A ,Q,107.80,108.70,106.55,107.95,107.95,107.80,389,7563,815388.00,
500339,RAIN        ,A ,Q,150.80,150.80,145.20,146.35,146.35,149.30,2038,102597,15144410.00,
500343,AMJLAND     ,B ,Q,25.15,26.25,24.75,25.85,25.85,24.75,30,3539,89112.00,
500346,PUN.COMMUNI.,B ,Q,37.80,37.80,36.50,37.00,37.00,36.80,14,4057,153030.00,
500350,RSWM  LTD   ,B ,Q,375.50,377.55,363.20,364.10,364.10,373.05,649,3369,1245804.00,
500354,RAJSH.SUGAR ,B ,Q,32.65,33.85,32.65,32.90,32.90,33.20,29,1414,46892.00,
500355,RALLIS INDIA,A ,Q,186.40,193.55,186.40,188.90,188.90,186.95,1477,39676,7554889.00,
500356,RAMANEWS    ,B ,Q,15.50,15.60,15.00,15.30,15.30,15.50,129,2477,37511.00,
500357,RAMA PAPER  ,X ,Q,21.00,21.75,19.10,19.80,19.80,21.00,35,3773,75070.00,
500358,RAMA PETRO  ,XT,Q,6.10,6.10,5.90,5.90,5.90,6.11,2,200,1200.00,
500360,RAPICUT CARB,X ,Q,59.95,59.95,59.00,59.00,59.00,58.00,3,130,7698.00,
500365,WELSPLSOL   ,X ,Q,15.50,15.85,15.40,15.55,15.40,15.65,70,6478,101104.00,
500366,ROLTA (I)   ,B ,Q,4.43,4.43,4.05,4.15,4.15,4.24,136,85991,363619.00,
500367,RUBFILA INT.,X ,Q,79.00,79.00,77.00,78.20,78.20,78.05,149,10007,778782.00,
500368,RUCHI SOYA  ,T ,Q,1083.00,1084.00,1050.00,1058.00,1058.00,1076.55,1164,18221,19360465.00,
500370,SALORA INT. ,X ,Q,36.75,36.75,36.75,36.75,36.75,36.80,3,100,3675.00,
500378,JINDAL SAW  ,A ,Q,80.80,80.85,78.50,78.75,78.50,80.00,728,21953,1743737.00,
500380,JK LAKSHMI  ,A ,Q,420.15,424.20,411.25,419.10,416.90,419.75,864,8345,3485522.00,
500387,SHREE CEMENT,A ,Q,19346.00,19408.85,18876.75,19119.80,18972.75,19386.75,479,1138,21848887.00,
500388,SHREE KRISHN,XT,Q,19.95,19.95,19.95,19.95,19.95,19.95,1,5,99.00,
500390,REL INFRA   ,B ,Q,92.80,93.40,90.15,90.50,90.70,92.15,1690,134152,12272017.00,
500400,TATA POWER  ,A ,Q,207.50,209.30,201.50,202.35,202.35,207.20,9241,700573,143575642.00,
500402,SPMLINFRA   ,B ,Q,39.65,39.65,35.95,36.30,36.20,37.80,306,41545,1565830.00,
500403,SUNDARAM FAS,A ,Q,714.75,755.00,714.75,722.95,720.00,711.75,1401,6122,4518162.00,
500404,SUNFLAG IRON,A ,Q,81.85,85.65,79.50,80.50,79.75,81.35,796,21207,1737771.00,
500405,SUPREME PET ,A ,Q,886.80,895.85,861.00,885.35,888.60,881.30,1138,9002,7902776.00,
500407,SWARAJ ENGIN,A ,Q,1575.00,1575.00,1506.00,1533.05,1525.00,1624.75,113,486,745141.00,
500408,TATA ELXSI  ,A ,Q,8178.70,8326.60,8061.25,8164.60,8164.60,8187.25,5261,23404,193125797.00,
500410,ACC LTD     ,A ,Q,2146.30,2153.85,2117.25,2122.40,2126.95,2153.90,429,3093,6613428.00,
500411,THERMAX     ,A ,Q,2017.15,2136.50,2013.00,2102.50,2076.00,2017.20,1208,4307,8987430.00,
500412,THIRUMALAI  ,A ,Q,248.35,253.05,242.90,246.15,246.15,247.40,1346,22432,5545887.00,
500413,THOMAS COOK ,A ,Q,59.85,60.30,58.70,58.75,59.05,59.30,497,15108,900417.00,
500414,TIMEX GROUP ,XT,Q,68.50,71.40,68.00,70.85,71.00,68.60,224,72424,5109447.00,
500418,TOKYO PLAST ,B ,Q,88.55,88.60,86.75,87.45,87.45,88.60,27,944,82597.00,
500420,TORRENT PHAR,A ,Q,2840.00,2869.35,2821.65,2859.40,2865.80,2840.30,307,1072,3058523.00,
500422,TRANSCHEM   ,X ,Q,20.75,20.75,19.20,19.35,19.35,19.80,27,5395,105278.00,
500425,AMBUJA CEME ,A ,Q,367.00,367.00,361.95,362.95,362.95,365.60,1506,47228,17220948.00,
500426,UTLINDS     ,X ,Q,3.94,3.94,3.61,3.77,3.77,3.88,108,36350,138340.00,
500429,UNIPHOS ENT.,B ,Q,123.35,124.05,121.15,121.95,121.30,121.50,11,231,28378.00,
500439,VARD HOLDNG ,B ,Q,2725.00,2755.35,2725.00,2742.80,2748.00,2716.95,3,3,8228.00,
500440,HINDALCO    ,A ,Q,344.30,349.90,336.80,338.80,338.80,344.45,17735,1169280,398838852.00,
500444,WEST COAS PA,A ,Q,331.30,339.60,328.65,337.80,339.00,331.30,1170,22179,7425288.00,
500449,HIND.ORG.CHM,B ,Q,28.00,28.50,27.65,27.85,27.95,28.00,101,10095,282197.00,
500456,PAS.ACRYLON ,B ,Q,32.00,33.40,31.50,32.25,32.40,32.40,170,7560,245518.00,
500458,KORE        ,XT,Q,3.04,3.04,3.04,3.04,3.04,2.90,3,3300,10032.00,
500459,PROCTER &GAM,A ,Q,13348.45,13550.00,13252.25,13403.65,13310.00,13382.85,119,151,2014425.00,
500460,MUKAND LTD. ,B ,Q,108.95,109.85,104.45,106.80,104.65,107.10,124,4333,460985.00,
500463,BBOX        ,A ,Q,131.95,153.40,130.70,147.80,147.80,131.45,740,20220,2834473.00,
500464,UCAL FUEL   ,B ,Q,121.90,122.30,115.95,116.70,116.05,121.85,223,3430,406063.00,
500467,HARR.MALAYAL,B ,Q,145.10,145.95,137.75,138.50,138.55,144.70,226,4365,613966.00,
500469,FEDERAL BANK,A ,Q,90.60,92.15,90.00,90.25,90.25,91.85,1632,226165,20511874.00,
500470,TATA STEEL  ,A ,Q,884.00,894.55,864.25,866.95,866.95,881.45,8850,238321,209257797.00,
500472,SKF INDIA   ,A ,Q,3475.00,3678.30,3422.10,3641.05,3570.10,3469.70,579,1925,6899861.00,
500477,ASHOK LEYL. ,A ,Q,146.30,149.40,145.35,147.85,147.85,146.60,14522,1816148,268034047.00,
500480,CUMMINS (I) ,A ,Q,1025.15,1037.05,1014.10,1021.55,1025.65,1017.80,949,13693,14014378.00,
500483,TATA COMM   ,A ,Q,913.80,934.35,905.70,913.55,913.55,924.85,1781,23343,21355688.00,
500488,ABBOTT (I)  ,A ,Q,18964.30,19091.45,18603.05,18787.35,18633.20,18964.30,370,474,8915287.00,
500490,BAJ HOLD INV,A ,Q,4650.00,4857.65,4518.00,4627.40,4627.40,4529.55,2669,6624,31120086.00,
500493,BHARAT FORGE,A ,Q,651.00,660.25,645.05,651.75,651.75,655.30,1767,32767,21377424.00,
500495,ESCORTS     ,A ,Q,1442.00,1452.40,1400.00,1442.15,1442.15,1460.10,3292,32276,45991968.00,
500500,HIND.MOTORS ,T ,Q,17.10,18.90,17.10,18.80,18.80,18.00,2827,982127,17875198.00,
500510,LARSEN & TOU,A ,Q,1540.20,1566.85,1540.20,1557.05,1557.05,1547.90,6225,75187,116981825.00,
500520,MAH & MAH   ,A ,Q,1113.90,1117.00,1088.60,1095.05,1095.05,1111.00,5060,134342,148175811.00,
500530,BOSCH LTD   ,A ,Q,15529.10,15708.75,15177.95,15227.05,15250.00,15529.10,846,1507,23281021.00,
500540,PREMIER LTD ,T ,Q,4.64,4.64,4.25,4.25,4.25,4.43,2,15,65.00,
500547,BHARAT PET. ,A ,Q,316.40,317.75,307.00,308.70,308.70,316.30,2633,97252,30374603.00,
500550,SIEMENS LTD.,A ,Q,2404.80,2425.00,2379.95,2400.00,2389.20,2405.05,1667,7980,19176726.00,
500570,TATA MOTORS ,A ,Q,418.90,424.00,410.25,411.70,411.70,417.00,20243,852402,356072183.00,
500575,VOLTAS LTD  ,A ,Q,970.00,983.20,965.75,972.85,975.25,970.40,1058,11009,10710030.00,
500620,GREAT EASTE ,A ,Q,393.35,396.85,388.40,395.50,395.50,395.10,1061,19878,7817179.00,
500645,DEEPAK FERT.,A ,Q,614.40,621.50,591.00,594.60,594.00,610.15,2194,26167,15795723.00,
500650,EXCEL INDUST,B ,Q,1233.00,1245.90,1202.05,1212.15,1207.00,1233.90,226,596,728276.00,
500655,GRWRHITECH  ,A ,Q,673.80,682.70,670.05,671.30,674.00,671.45,24,107,72150.00,
500660,GLAXOSMITH  ,A ,Q,1505.10,1507.85,1496.30,1499.70,1500.00,1497.90,337,914,1371321.00,
500670,GUJ.NARMADA ,A ,Q,585.70,592.30,570.05,571.75,571.75,585.70,3653,84049,48439840.00,
500672,NOVARTIS    ,B ,Q,624.90,625.00,608.80,612.65,614.25,619.05,31,82,50618.00,
500674,SANOFI      ,A ,Q,6432.60,6489.60,6400.00,6436.40,6444.45,6420.50,173,276,1776740.00,
500680,PFIZER LTD. ,A ,Q,4099.00,4132.90,4071.00,4087.95,4072.00,4091.20,453,1388,5694241.00,
500690,GUJ.ST.FERT ,A ,Q,138.40,139.40,131.10,131.95,131.95,138.40,2174,86579,11621012.00,
500696,HIND UNI LT ,A ,Q,2229.00,2249.05,2213.75,2230.55,2230.55,2238.10,4504,35092,78246336.00,
500710,AKZOINDIA   ,A ,Q,1808.40,1920.15,1796.00,1876.05,1876.05,1798.30,202,805,1493055.00,
500730,NOCIL LTD   ,A ,Q,258.50,258.65,249.00,253.10,252.50,254.00,1470,42347,10756977.00,
500770,TATA CHEM.  ,A ,Q,813.70,813.70,790.00,793.00,793.00,806.95,4106,45588,36370060.00,
500777,T.P.L.      ,A ,Q,92.90,93.75,91.25,93.20,93.25,90.60,1364,69697,6474024.00,
500780,ZUARIGLOB   ,B ,Q,152.80,154.20,147.05,149.15,149.15,151.85,175,5363,804585.00,
500790,NESTLE (I)  ,A ,Q,17499.00,17574.70,17252.10,17493.15,17300.00,17498.75,749,1688,29457001.00,
500800,TATACONSUM  ,A ,Q,718.00,721.05,704.00,707.25,707.25,720.60,7187,127773,90705759.00,
500820,ASIAN PAINTS,A ,Q,2710.00,2725.80,2680.00,2697.50,2697.50,2698.65,7484,46252,125070441.00,
500825,BRITANIA IND,A ,Q,3400.75,3482.00,3390.80,3465.65,3461.65,3404.75,1858,11945,41112767.00,
500830,COLGATE PALM,A ,Q,1505.00,1507.30,1483.00,1487.95,1486.55,1495.00,825,4792,7161036.00,
500840,EIH LTD.    ,A ,Q,124.95,126.40,124.45,124.70,124.65,126.30,600,14368,1799492.00,
500850,INDIAN HOTEL,A ,Q,233.00,233.20,224.10,225.15,225.15,231.75,3170,125877,28729424.00,
500870,CASTROL     ,A ,Q,102.55,103.50,102.45,103.20,103.20,102.50,804,29592,3050347.00,
500875,ITC LTD.    ,A ,Q,274.00,274.70,271.95,273.45,273.45,274.00,5182,505784,138354153.00,
500877,APOLLO TYRES,A ,Q,187.00,188.50,184.40,185.10,185.10,187.00,2325,119458,22319551.00,
500878,CEAT LIMITED,A ,Q,938.70,938.70,923.05,927.10,928.10,930.05,304,1101,1025660.00,
500940,FINOLEX IND.,A ,Q,135.00,137.15,135.00,136.25,136.35,135.00,1026,31295,4262466.00,
501148,DALAL ST INV,XT,Q,254.00,254.00,254.00,254.00,254.00,255.00,1,10,2540.00,
501150,CENTRUM CAP ,A ,Q,21.00,21.00,20.75,20.80,20.95,20.65,58,863,17961.00,
501295,INDUS.INV.TR,B ,Q,94.20,94.20,94.20,94.20,94.20,99.15,1,1,94.00,
501298,INDUS.&PRUD.,X ,Q,1469.80,1497.00,1426.00,1456.30,1430.15,1469.80,13,59,86578.00,
501301,TATA INVEST.,A ,Q,1347.05,1350.50,1333.90,1343.50,1343.50,1330.65,229,592,795078.00,
501314,PRISMX      ,X ,Q,6.16,6.16,5.65,5.67,5.67,5.92,650,221721,1307925.00,
501343,MOTOR&GEN.FI,B ,Q,28.00,28.95,27.50,28.95,28.95,27.40,5,298,8278.00,
501370,WALCHAND PF ,X ,Q,126.50,126.50,126.50,126.50,126.50,122.90,1,1,126.00,
501421,TECHNVISN   ,XT,Q,304.00,304.00,304.00,304.00,304.00,320.00,3,4,1216.00,
501423,SHA ENG PLA ,B ,Q,1860.00,1923.00,1860.00,1895.85,1918.25,1880.00,90,233,440232.00,
501425,BOM.BURMAH  ,A ,Q,910.05,914.40,898.15,903.05,907.45,904.85,216,2165,1967490.00,
501430,BOM.CYCLE   ,X ,Q,599.35,599.35,598.90,599.00,599.00,599.40,4,20,11982.00,
501455,GREAVES COTT,A ,Q,152.00,154.25,147.65,148.60,148.60,151.90,1115,33912,5113407.00,
501477,MULLER & PHI,XT,Q,136.65,136.65,136.65,136.65,136.65,133.95,3,79,10795.00,
501700,INDIA NIVEH ,X ,Q,66.90,68.50,63.80,68.50,68.50,65.25,150,295596,19815144.00,
501831,COAST CORP  ,B ,Q,267.75,273.25,259.75,260.90,262.30,264.20,71,636,167199.00,
501833,CHOWGULE ST ,XT,Q,10.91,10.91,10.91,10.91,10.91,11.45,1,9,98.00,
501848,GLOBAL OFFS ,X ,Q,34.50,36.00,33.10,33.25,33.95,33.90,73,36576,1265170.00,
502015,ASIIL       ,X ,Q,12.70,13.00,12.70,12.97,12.97,12.75,15,5349,68332.00,
502090,SAGAR CEM.  ,B ,Q,172.80,173.80,169.60,171.50,171.15,170.90,137,1471,252846.00,
502137,DECAN CEMENT,B ,Q,477.75,490.00,465.00,467.90,467.40,475.10,176,875,419426.00,
502157,MANGALAM CEM,A ,Q,288.00,288.00,269.55,270.65,269.60,274.45,75,481,132525.00,
502168,N C L IND.  ,A ,Q,176.05,177.80,174.30,174.65,175.05,175.85,192,1950,342417.00,
502175,SAURAS.CEM. ,X ,Q,52.95,54.70,52.15,52.85,53.00,52.15,152,31067,1656756.00,
502180,SRI DIGV CEM,B ,Q,60.00,60.70,58.30,58.80,59.65,59.75,463,10416,620544.00,
502219,BORORENEW   ,A ,Q,657.90,668.80,550.10,601.85,601.85,654.30,11672,239304,145445202.00,
502250,LERTHAI     ,XT,Q,118.50,118.50,110.35,110.35,110.35,116.15,6,46,5084.00,
502271,RAASI REFRAC,X ,Q,19.00,19.00,19.00,19.00,19.00,19.25,1,5,95.00,
502281,TRIVENI GLAS,XT,Q,22.35,23.40,21.20,22.65,23.40,22.30,102,35577,766266.00,
502294,NILACHAL REF,X ,Q,57.75,57.75,57.75,57.75,57.75,52.50,20,4011,231635.00,
502330,ANDPAPER    ,B ,Q,315.05,317.05,306.00,308.10,310.00,313.95,173,985,307009.00,
502355,BALKRISH IND,A ,Q,2171.00,2185.75,2134.00,2155.85,2144.55,2173.55,1453,6350,13743786.00,
502420,ORIENT PAPER,B ,Q,24.70,24.85,23.85,24.15,24.15,24.35,1147,104934,2535190.00,
502445,CITADEL     ,X ,Q,15.75,15.75,15.75,15.75,15.75,16.20,2,141,2220.00,
502448,ROLLATAINER ,B ,Q,1.14,1.14,1.06,1.12,1.12,1.11,267,785935,858548.00,
502450,SESHA.PAPER ,B ,Q,199.00,199.00,185.95,187.80,186.00,193.20,243,4019,765318.00,
502563,SH.BHAWANI  ,Z ,Q,4.60,4.70,4.60,4.65,4.65,4.50,5,1102,5165.00,
502587,NATHIND     ,X ,Q,69.00,72.00,68.05,70.55,70.55,69.65,72,14305,1007073.00,
502820,DCM LTD.    ,B ,Q,68.00,68.60,66.10,66.95,66.85,67.30,66,793,53227.00,
502865,FORBES & CO ,B ,Q,400.00,407.00,391.35,401.20,402.40,399.00,63,817,328150.00,
502873,H.P.COTTON  ,X ,Q,124.80,124.80,121.35,122.10,121.35,123.60,10,316,38415.00,
502893,UNITEDINT   ,X ,Q,26.65,26.65,26.65,26.65,26.65,25.40,2,6,159.00,
502933,KATARE SPG. ,X ,Q,255.65,255.65,254.10,255.65,255.65,243.50,21,305,77662.00,
502937,KESORAM IND ,A ,Q,48.50,48.80,46.65,47.00,46.90,48.75,465,17258,821964.00,
502958,LAKSHMI MILL,X ,Q,3300.00,3575.00,3300.00,3466.65,3402.00,3400.00,23,99,344039.00,
502986,VARDH TEXT  ,A ,Q,268.00,277.35,264.00,265.30,265.30,272.30,1572,27706,7483933.00,
503031,PENLAND LTD ,B ,Q,9.65,10.15,9.65,9.75,9.75,9.81,35,9743,95252.00,
503100,PHOENIX MILL,A ,Q,1211.00,1214.45,1135.00,1180.80,1171.05,1209.90,4449,28234,33172515.00,
503101,MARATHON NEX,B ,Q,202.00,206.40,200.00,201.25,201.85,202.20,710,8827,1796436.00,
503127,RAJA BAHADUR,XT,Q,3875.00,4068.85,3682.15,3972.25,3682.50,3875.10,16,17,66014.00,
503162,REL.CHEMOTX ,B ,Q,219.40,219.45,210.25,210.80,210.80,218.15,66,357,76548.00,
503169,RUBY MILLS  ,B ,Q,360.65,373.15,356.10,360.95,360.80,365.35,63,845,308228.00,
503229,SIMPLEX REAL,X ,Q,83.05,94.95,83.05,93.50,93.50,91.85,5,61,5705.00,
503310,SWAN ENG    ,A ,Q,191.90,193.10,181.45,183.95,183.95,191.75,884,12043,2242323.00,
503624,SVARAJ TRAD ,X ,Q,8.99,9.35,8.90,8.93,8.90,8.86,29,7719,69215.00,
503641,ZODIAC VEN  ,X ,Q,21.40,21.40,19.40,20.50,20.75,20.05,82,18394,367990.00,
503657,VEER ENERGY ,X ,Q,13.25,14.34,13.25,13.98,14.00,13.32,39,16085,223636.00,
503663,TILAK       ,X ,Q,9.50,9.50,9.50,9.50,9.50,10.00,244,24567,233386.00,
503669,KKFIN       ,X ,Q,9.24,9.24,8.55,8.55,8.55,8.80,11,93025,859533.00,
503675,WAGEND      ,X ,Q,1.03,1.03,0.99,1.00,1.00,1.00,687,379467,380985.00,
503685,MEDIA ONE   ,XT,Q,6.14,6.78,6.14,6.78,6.78,6.46,6,974,6591.00,
503722,BANSW.SYNTEX,B ,Q,211.30,213.55,205.00,209.40,210.25,212.60,114,1958,405855.00,
503772,MODELLA WOOL,X ,Q,97.95,99.00,90.00,98.00,98.00,97.90,28,548,53476.00,
503776,MODIPON     ,X ,Q,36.75,36.75,35.10,35.10,35.10,35.05,23,2867,104954.00,
503804,SHRI DINESH ,X ,Q,668.95,669.00,650.00,663.15,650.00,655.75,16,1863,1235738.00,
503806,SRF LIMITED ,A ,Q,2295.00,2305.00,2237.75,2249.35,2245.00,2287.15,2259,13391,30297647.00,
503811,SIYARAM SILK,B ,Q,500.45,513.60,499.00,511.30,511.30,496.05,677,4667,2369275.00,
503816,SWAD.POLYTEX,XT,Q,15.44,15.44,15.44,15.44,15.44,14.71,30,22495,347322.00,
503960,BHARAT BIJLE,B ,Q,1643.55,1643.55,1570.35,1589.65,1589.65,1641.85,116,229,368180.00,
504000,ELPRO INTER ,B ,Q,62.40,62.40,60.00,60.05,60.00,60.50,181,21095,1270247.00,
504028,GEE LTD     ,X ,Q,60.00,61.80,59.10,60.55,60.00,60.00,18,867,52193.00,
504036,HIND.RECT   ,B ,Q,177.50,179.10,177.45,179.00,179.00,179.90,11,122,21679.00,
504058,NIPPOBATRY  ,B ,Q,333.45,335.20,328.00,330.00,329.10,335.25,41,104,34475.00,
504067,ZENSAR TECH.,A ,Q,271.45,273.40,268.70,272.10,272.60,270.55,600,11006,2988292.00,
504076,JYOTI LTD.  ,X ,Q,12.00,12.23,11.07,12.23,12.23,11.65,221,171245,2070071.00,
504080,JSL LTD.    ,XT,Q,220.00,220.00,220.00,220.00,220.00,218.25,1,1,220.00,
504092,INDOKEM LTD.,X ,Q,66.70,67.00,63.55,63.85,63.80,64.90,61,10949,709198.00,
504093,PANA ENERG  ,X ,Q,249.50,249.95,237.00,240.25,240.25,242.65,75,3269,791090.00,
504112,NELCO LTD.  ,A ,Q,600.00,617.45,597.70,606.95,606.35,599.95,741,5857,3552589.00,
504132,PERM MAGNETS,X ,Q,328.00,335.00,326.25,333.85,333.80,326.25,35,828,275204.00,
504176,HIGH ENERGY ,X ,Q,1333.00,1333.95,1290.00,1306.00,1311.00,1315.00,121,818,1066631.00,
504180,STD.BATTERY ,X ,Q,31.90,31.90,29.50,29.50,29.50,29.70,30,1112,33672.00,
504212,UNIV.CABLE  ,B ,Q,147.50,147.50,140.55,142.55,141.00,147.50,39,364,52893.00,
504240,DELTON CABLE,X ,Q,48.80,49.35,47.10,48.55,47.10,47.00,16,1807,88331.00,
504258,LAKSHMI ELEC,X ,Q,601.35,620.00,590.00,615.45,606.05,599.35,91,2072,1248996.00,
504273,MODULEX     ,X ,Q,10.99,12.02,10.99,11.10,11.10,11.18,34,11602,133187.00,
504286,DELTAMAGNT  ,B ,Q,76.30,76.45,73.85,74.70,74.70,72.85,61,1961,148602.00,
504340,CONFINT     ,X ,Q,5.44,5.44,5.44,5.44,5.44,5.55,2,11,59.00,
504341,RELTD       ,X ,Q,49.25,49.50,48.25,48.55,48.25,49.25,10,2306,112126.00,
504356,MULTI-PURPOS,XT,Q,8.42,8.42,8.42,8.42,8.42,8.86,4,1003,8445.00,
504378,NYSSACORP   ,X ,Q,5.44,5.73,5.40,5.45,5.45,5.55,74,38844,212453.00,
504380,FLOMIC      ,X ,Q,103.90,103.90,100.00,100.05,100.00,101.20,60,1176,118491.00,
504392,KRISHNA VEN ,XT,Q,47.70,49.95,46.00,47.85,47.85,47.70,9,878,40633.00,
504397,GANESH HOLDI,XT,Q,23.40,23.40,23.40,23.40,23.40,23.40,1,3,70.00,
504605,UNI ABEX    ,X ,Q,590.00,593.00,578.00,584.05,584.00,596.00,38,629,368162.00,
504614,SARDA ENMIN ,B ,Q,825.00,825.70,801.95,813.00,806.50,816.75,535,2226,1815209.00,
504646,BHAGWATI AUT,X ,Q,154.00,161.70,154.00,161.50,161.50,154.00,7,129,20466.00,
504648,BOM.WIRE ROP,X ,Q,47.00,48.50,42.40,42.85,42.40,47.00,70,6835,296042.00,
504731,I BRIGHT ST ,XT,Q,15.58,15.58,15.58,15.58,15.58,15.58,4,17,264.00,
504741,IND.HUME PIP,B ,Q,142.55,145.65,140.50,141.75,141.00,143.95,71,1035,146972.00,
504786,INVEST &PREC,X ,Q,225.00,226.00,221.00,222.70,221.05,222.00,23,4630,1023967.00,
504810,INFORMEDTEC ,X ,Q,48.00,49.00,44.55,46.25,47.90,49.25,26,642,29447.00,
504840,KAIRA CAN CO,X ,Q,1825.00,1826.50,1825.00,1826.50,1826.50,1886.00,2,14,25556.00,
504879,ORIENT ABRAS,B ,Q,27.60,27.80,27.10,27.25,27.25,27.60,103,1987,54242.00,
504882,NATIONAL STD,T ,Q,6146.00,6146.00,5747.50,5888.00,5830.00,6050.00,110,306,1811596.00,
504908,DUNCANENG   ,X ,Q,234.85,234.85,216.00,216.00,216.00,217.05,23,489,108255.00,
504918,SANDUMA     ,B ,Q,2514.95,2585.00,2411.00,2437.90,2437.90,2512.20,1936,15380,38355862.00,
504959,STOVAC IND. ,X ,Q,2409.75,2430.00,2385.00,2385.05,2385.00,2391.00,27,131,315726.00,
504966,TINPLATE    ,A ,Q,312.00,322.50,312.00,315.20,314.50,313.95,1019,28039,8945579.00,
504973,CHOLAHLDNG  ,A ,Q,621.20,621.35,585.80,598.25,586.10,620.75,1860,8971,5472892.00,
505010,AUTO AXLES  ,B ,Q,1640.75,1648.95,1555.60,1582.85,1582.85,1624.05,343,2136,3434603.00,
505036,AUTO COR.GOA,X ,Q,830.95,837.90,824.00,825.00,825.00,827.80,21,818,677944.00,
505075,SETCO AUTO  ,B ,Q,13.18,13.18,12.76,12.82,12.90,13.14,85,5703,73728.00,
505141,SCOOTERS IND,T ,Q,29.90,29.90,28.00,29.00,29.00,29.25,13,302,8967.00,
505160,TALBROS AUTO,B ,Q,469.25,526.95,462.05,496.90,495.10,463.05,2446,20789,10533341.00,
505163,ZF STEERING ,X ,Q,443.35,444.00,423.00,427.85,423.00,430.55,36,231,100479.00,
505192,SMLISUZU    ,B ,Q,573.25,589.05,570.15,575.05,575.00,567.20,105,434,249857.00,
505196,TIL LTD.    ,B ,Q,101.00,101.00,93.00,94.20,94.15,96.10,73,1205,114491.00,
505200,EICHER MOTOR,A ,Q,2893.80,2910.00,2783.75,2793.80,2793.80,2891.45,3411,17107,48580287.00,
505212,JAINEX      ,XT,Q,87.25,87.25,87.25,87.25,87.25,91.75,1,50,4362.00,
505216,ALFRED HERB ,X ,Q,640.60,650.00,640.60,650.00,650.00,640.00,9,57,36929.00,
505232,VELJAN      ,X ,Q,1029.85,1029.90,996.05,1003.50,996.05,995.80,9,23,23427.00,
505242,DYNAMAT.TECH,B ,Q,1826.90,1890.25,1815.55,1823.85,1823.70,1828.95,118,245,454624.00,
505250,G.G.DANDEKAR,X ,Q,59.70,60.80,59.05,60.30,60.30,58.50,28,441,26545.00,
505255,GMM PFAUDLER,A ,Q,4277.10,4360.00,4276.85,4345.10,4340.00,4255.10,529,1947,8438547.00,
505283,KIRLOSAR PN ,A ,Q,413.05,430.00,413.00,420.05,420.05,418.10,165,23040,9671363.00,
505299,KPT         ,X ,Q,125.75,129.75,125.75,126.00,126.00,125.75,16,394,50083.00,
505302,LAXMI AUTOLM,X ,Q,585.00,585.00,565.00,585.00,584.95,590.00,19,857,501062.00,
505324,MANUGRAPH IN,B ,Q,12.90,12.90,12.68,12.68,12.68,12.54,5,63,799.00,
505355,NESCO LTD   ,A ,Q,546.35,553.25,540.00,545.75,553.20,550.90,416,2059,1130160.00,
505358,INTEGRA ENG ,X ,Q,65.80,69.10,65.65,66.80,66.50,65.85,79,13339,904185.00,
505400,TEXINFRA    ,B ,Q,59.90,60.35,57.65,58.25,58.25,59.65,69,1190,69551.00,
505412,WENDT(INDIA),B ,Q,8746.60,8896.95,8267.45,8336.30,8336.30,8642.15,250,409,3483801.00,
505509,RESPON IND  ,A ,Q,118.75,120.55,117.05,117.35,117.60,118.60,62,3586,427191.00,
505515,SHYAMKAM INV,X ,Q,7.65,7.65,7.19,7.22,7.45,7.56,33,3523,25588.00,
505523,MAHA CORP   ,X ,Q,1.15,1.20,1.03,1.11,1.11,1.17,742,837893,924562.00,
505526,DOLATALGO   ,B ,Q,69.50,70.00,67.45,67.75,67.65,68.40,597,8690,595363.00,
505533,WESTLIFE DEV,A ,Q,488.00,499.85,478.00,497.80,496.95,491.70,776,4943,2437830.00,
505537,ZEE ENTER   ,A ,Q,214.20,216.15,212.15,214.05,214.05,212.95,4540,339571,72740066.00,
505576,GOLDCORP    ,X ,Q,174.00,174.00,174.00,174.00,174.00,174.00,2,8,1392.00,
505590,SVPGLOB     ,B ,Q,37.35,37.35,35.10,35.55,35.55,36.20,216,11457,409078.00,
505650,SKYL MILLAR ,X ,Q,10.75,10.75,9.87,10.49,10.49,10.37,23,1431,14424.00,
505681,BIMETAL BEAR,X ,Q,332.95,332.95,319.35,319.35,319.35,320.05,3,6,1943.00,
505688,BHARAT GEARS,B ,Q,147.35,148.20,136.55,140.65,141.80,144.70,210,3287,472789.00,
505693,LATIMMETAL  ,X ,Q,17.20,18.95,17.20,18.95,18.95,18.05,5360,1961554,36832135.00,
505700,ELECON ENG  ,A ,Q,264.00,271.00,259.00,260.85,259.00,262.80,3031,102044,27030604.00,
505710,GRAUER& WEIL,B ,Q,57.60,59.10,54.00,57.30,57.30,58.15,690,27736,1610862.00,
505712,HIMTEK      ,X ,Q,84.50,84.50,80.00,81.65,81.65,78.60,9,761,61933.00,
505714,GABRIEL(I)  ,A ,Q,130.55,132.90,128.10,128.80,128.10,131.65,2267,64829,8426128.00,
505720,HERC.HOISTS ,B ,Q,125.00,125.10,122.60,122.80,122.80,123.55,164,3814,474224.00,
505725,AQFINTECH   ,X ,Q,330.50,335.00,321.05,323.00,323.05,330.20,31,6165,2005376.00,
505726,IFB IND.LTD.,A ,Q,903.20,911.20,888.80,898.90,905.90,901.95,136,726,653014.00,
505729,SINGER INDIA,X ,Q,42.45,43.25,41.05,41.35,41.60,42.15,120,7757,324655.00,
505737,INTER.COMBUS,X ,Q,261.00,261.00,260.00,260.00,260.00,268.05,6,383,99830.00,
505744,FED MOG GOE ,B ,Q,282.85,283.90,280.70,283.25,283.90,282.50,210,3246,915946.00,
505750,JOSTS ENG.  ,X ,Q,419.95,419.95,405.55,410.00,410.00,419.00,6,17,7041.00,
505790,SCHAEFFLER  ,A ,Q,2247.20,2299.00,2211.00,2290.80,2287.00,2244.10,1072,2276,5142766.00,
505800,RANE HOLDIN ,B ,Q,622.05,629.35,618.75,625.80,625.00,618.75,62,299,186613.00,
505827,SNL BEARINGS,X ,Q,283.95,286.00,278.05,281.70,281.70,278.35,19,862,240955.00,
505840,JAIPAN INDUS,XT,Q,16.97,16.97,16.13,16.13,16.13,16.97,7,1200,19776.00,
505850,MANCREDIT   ,X ,Q,115.00,118.50,115.00,116.70,116.70,116.10,161,44732,5238201.00,
505872,WPIL LTD.   ,X ,Q,1090.00,1115.40,1060.00,1081.40,1085.00,1093.85,190,4391,4776137.00,
505890,KENNAMETAL  ,A ,Q,1854.60,1880.00,1834.95,1878.15,1867.10,1858.65,27,1042,1938463.00,
505893,HINDHARD    ,X ,Q,195.25,205.00,195.25,205.00,205.00,199.00,7,122,24985.00,
505978,TRITON VALVE,X ,Q,1158.00,1158.00,1140.10,1143.05,1143.05,1159.90,23,153,175632.00,
506022,PRAKASH IND.,A ,Q,52.35,52.45,50.50,50.60,50.55,51.65,1505,78716,4026965.00,
506074,ARSHIYA     ,B ,Q,14.00,14.05,13.75,13.85,13.80,13.90,336,17550,243395.00,
506076,GRIND NORTON,A ,Q,1696.60,1711.15,1650.00,1677.45,1681.55,1688.20,583,1479,2490272.00,
506105,STANROSE MAF,X ,Q,94.00,94.00,90.15,91.80,93.40,92.85,7,13,1180.00,
506109,GENESYS INT.,T ,Q,503.35,553.35,503.35,545.60,545.00,528.45,67,7732,4165872.00,
506122,PANKAJPIYUS ,X ,Q,72.05,75.80,72.05,75.80,75.80,75.80,4,4,291.00,
506128,PARNAXLAB   ,X ,Q,87.45,87.90,83.40,85.70,85.25,83.40,64,8301,708807.00,
506146,VISAGAR POL ,B ,Q,1.54,1.54,1.40,1.42,1.40,1.45,1242,185190,267287.00,
506184,KANANI IND  ,B ,Q,15.95,15.95,14.45,14.60,14.45,15.20,2032,793952,12419892.00,
506186,GCKL        ,X ,Q,11.00,11.00,10.10,10.80,10.85,10.60,65,10604,110475.00,
506194,ARIH SUPER  ,B ,Q,128.95,134.60,125.30,131.90,134.00,128.90,485,24635,3143473.00,
506197,BLISSGVS PH ,A ,Q,74.00,74.50,73.00,73.05,73.00,73.25,118,1172,86365.00,
506222,INEOSSTYRO  ,B ,Q,763.70,770.85,758.20,765.15,763.80,756.10,616,3887,2975991.00,
506235,ALEMBIC LTD.,A ,Q,61.05,63.25,60.75,62.50,62.00,61.00,980,31513,1965801.00,
506248,AMINES&PLAST,X ,Q,79.40,82.65,79.40,81.20,81.80,80.40,69,1623,131787.00,
506260,ANUH PHARMA ,X ,Q,87.00,89.35,85.15,87.30,86.40,87.65,71,1937,167754.00,
506261,MODISON MET.,B ,Q,51.50,58.25,51.50,55.85,56.00,55.25,279,5561,309198.00,
506285,BAYER CROP  ,A ,Q,5031.65,5031.65,4950.00,4988.15,5010.05,5026.85,384,956,4776013.00,
506365,CHEMO PHARMA,XT,Q,38.50,39.75,37.05,39.40,39.40,38.95,6,144,5421.00,
506390,CLARI CHEM  ,B ,Q,413.25,417.00,412.00,415.65,417.00,412.00,102,1094,452938.00,
506395,COROM INTER ,A ,Q,962.55,975.85,945.00,952.65,954.90,963.35,1636,20557,19679353.00,
506401,DEEPAK NITR.,A ,Q,1805.00,1826.95,1730.85,1736.95,1739.95,1793.70,3798,42142,74207714.00,
506405,DHARAMSI CHM,B ,Q,363.50,370.25,359.80,363.55,364.40,362.25,171,1768,644322.00,
506414,FERMENTA    ,X ,Q,196.00,196.35,190.20,191.30,191.15,194.45,94,2073,396572.00,
506480,GOCLCORP    ,B ,Q,265.00,265.40,263.00,263.60,263.60,262.65,48,723,191552.00,
506520,JAYSHRI CHEM,X ,Q,6.25,6.25,5.90,6.17,6.17,6.11,51,5980,36456.00,
506522,JL MORISON  ,X ,Q,1599.00,1620.00,1599.00,1620.00,1620.00,1580.50,5,24,38495.00,
506525,KANORIA CHEM,B ,Q,112.50,115.10,112.50,115.10,115.10,111.25,26,964,109366.00,
506528,KELTECH EN. ,X ,Q,630.00,630.00,630.00,630.00,630.00,630.05,1,3,1890.00,
506532,NITTA GELA  ,X ,Q,351.00,362.75,335.55,338.80,338.80,354.40,354,8599,2967755.00,
506543,M.P.AGRO IND,XT,Q,9.20,9.20,9.20,9.20,9.20,9.00,5,1014,9328.00,
506579,ORIENT.CARB.,B ,Q,747.00,766.00,746.00,748.25,751.75,735.65,134,767,583159.00,
506590,PCBL        ,A ,Q,106.30,106.70,103.25,104.75,105.20,105.55,568,17183,1802066.00,
506597,AMAL PRODUCT,X ,Q,321.70,325.00,315.00,324.35,316.00,321.95,22,451,144801.00,
506605,POLYCHEM    ,X ,Q,623.20,665.00,590.00,645.00,645.00,624.00,24,174,109776.00,
506618,PUN.CHEM    ,A ,Q,1203.05,1203.05,1174.00,1177.40,1177.40,1216.35,30,48,56968.00,
506640,GUJCHEM DIST,XT,Q,59.90,59.90,54.20,54.90,59.00,57.05,36,2107,115892.00,
506642,SADHANA NITR,T ,Q,141.00,143.00,134.00,135.05,136.40,140.25,763,58973,8113901.00,
506655,SUDARSH.CHEM,A ,Q,414.30,422.30,414.30,419.20,419.90,417.25,309,2459,1030899.00,
506685,ULTRAMARINE ,B ,Q,302.85,305.90,297.35,305.10,305.10,303.00,412,32130,9790032.00,
506687,TRANSPEK    ,B ,Q,1697.75,1705.00,1628.20,1648.75,1645.00,1683.45,130,1264,2111681.00,
506690,UNICHEM LAB ,A ,Q,238.70,247.00,229.70,242.50,245.00,237.85,260,2249,534722.00,
506734,MYS PETRO   ,X ,Q,101.90,101.90,97.00,97.45,97.45,100.00,11,313,30890.00,
506767,ALKYL AMINES,A ,Q,2540.00,2582.90,2515.00,2518.35,2518.90,2544.25,1800,4794,12144019.00,
506808,TUTIALKA    ,XT,Q,26.50,26.50,25.35,25.90,25.90,25.90,53,3640,93975.00,
506820,ASTRAZEN.PH.,A ,Q,2688.95,2708.25,2681.85,2703.65,2700.00,2681.90,110,249,671913.00,
506852,PUN.ALKALI  ,B ,Q,76.85,76.90,70.50,71.30,70.90,74.60,868,89855,6651803.00,
506854,TANFAC IND. ,X ,Q,488.00,488.55,470.95,471.65,471.65,478.45,77,1334,632845.00,
506858,GUJ.PETRO   ,XT,Q,36.65,38.45,36.65,38.45,38.45,36.65,3,191,7181.00,
506879,GUJ.THEMIS. ,X ,Q,441.95,445.00,425.00,429.25,429.25,433.55,149,3910,1703611.00,
506910,JAYSN DYEST ,X ,Q,69.00,69.35,64.00,64.75,64.00,63.50,15,326,21134.00,
506919,MAKERS LAB. ,X ,Q,146.00,146.60,136.55,142.95,142.00,144.20,62,2919,414358.00,
506935,CONT.CHEM   ,XT,Q,64.40,67.50,64.30,67.50,67.50,64.30,4,163,10801.00,
506943,J.B.CHEMICAL,A ,Q,1590.00,1590.00,1550.60,1568.70,1578.05,1555.45,441,1358,2121343.00,
506975,RAJ.PETRO   ,P ,Q,1.08,1.08,1.08,1.08,1.08,1.03,1,100,108.00,
506981,BL.CHIP TEX ,X ,Q,136.00,136.00,128.20,128.70,128.20,131.55,9,294,39108.00,
507155,JAGATJIT IND,XT,Q,56.45,56.45,54.05,55.85,55.85,55.20,11,376,20831.00,
507180,KESAR ENT.  ,X ,Q,83.90,83.90,80.80,80.90,80.90,80.00,28,399,32706.00,
507205,TILAKNAG IND,B ,Q,69.90,70.70,68.40,69.15,69.65,68.40,1173,41211,2855727.00,
507300,RAVALGAON   ,XT,Q,2435.45,2435.45,2270.00,2300.00,2300.00,2319.50,3,8,18355.00,
507315,SAKTHI SUGAR,B ,Q,16.50,16.50,15.90,16.00,15.90,16.15,124,3569,57795.00,
507410,WALCHANDNGR ,B ,Q,52.90,53.25,51.95,52.00,52.00,52.30,49,701,36620.00,
507435,KHOD.INDIA  ,XT,Q,69.85,69.85,69.85,69.85,69.85,73.00,5,155,10826.00,
507438,IFB AGRO    ,B ,Q,551.60,551.60,530.55,534.70,534.00,548.05,93,1508,813184.00,
507442,DHARANI SUG ,T ,Q,10.94,11.15,10.74,11.11,11.11,10.94,11,926,10208.00,
507474,KOTHARI FERM,X ,Q,58.85,61.45,58.75,60.80,60.80,60.00,10,229,13508.00,
507488,G.M.BREWERI ,B ,Q,600.65,604.00,582.00,585.90,582.00,597.55,230,2962,1756104.00,
507490,RANA SUGARS ,B ,Q,27.35,27.35,26.20,26.40,26.20,26.95,1293,47917,1276862.00,
507498,PICCADILY SU,X ,Q,18.40,18.40,16.85,17.00,16.85,17.60,65,8279,142846.00,
507508,RIGA SUGAR  ,XT,Q,7.66,8.38,7.65,8.27,8.27,8.00,22,1045,8413.00,
507514,SOM DISTILL.,B ,Q,77.00,78.05,71.30,72.50,72.50,75.00,2483,115227,8615957.00,
507515,CJ GELATIN  ,XT,Q,16.80,18.40,16.80,18.40,18.40,17.55,7,291,5057.00,
507526,ASSO.ALCOHOL,B ,Q,447.00,451.20,445.05,446.95,446.00,442.55,109,308,137845.00,
507552,FOODS & INNS,B ,Q,68.50,70.50,68.50,68.75,68.75,69.35,96,2539,175202.00,
507580,IVP LIMITED ,B ,Q,165.45,168.55,162.00,166.90,166.90,164.65,22,233,38859.00,
507598,KLRFM       ,X ,Q,68.30,74.50,68.30,70.10,70.85,73.75,46,3671,257475.00,
507621,MILKFOOD    ,X ,Q,344.35,359.80,344.35,350.00,350.00,352.50,4,6,2118.00,
507645,POLSON LTD. ,X ,Q,9965.00,9965.00,9900.00,9900.00,9900.00,9592.50,2,2,19865.00,
507685,WIPRO LTD.  ,A ,Q,422.00,423.15,415.00,416.05,416.05,420.20,7833,569450,237805722.00,
507690,ORIENT BEVER,X ,Q,73.50,74.00,71.35,71.50,71.35,74.05,35,2148,154159.00,
507717,DHAN AGRI   ,A ,Q,692.00,704.60,690.20,694.90,691.20,699.85,3371,10415,7281199.00,
507747,TTK HEALTHCA,B ,Q,798.00,808.05,773.95,783.10,778.05,782.50,74,332,261741.00,
507753,TGVSL       ,X ,Q,71.85,72.45,69.50,70.15,70.15,71.40,409,51546,3665830.00,
507779,KANPUR PLAST,B ,Q,125.10,128.75,122.00,125.75,126.00,125.25,150,1919,242658.00,
507785,TAINWALA CH.,B ,Q,73.00,73.00,72.60,72.60,72.60,74.00,7,92,6686.00,
507789,JAGSON PHAR ,B ,Q,307.25,310.10,298.20,302.70,302.75,305.75,360,2982,904598.00,
507794,KHAITAN CHEM,B ,Q,100.70,102.00,97.00,97.95,97.95,99.35,1082,25637,2546654.00,
507813,NATI. OXYGEN,X ,Q,97.35,98.00,93.25,97.80,97.95,96.70,25,418,39349.00,
507815,GILLETTE (I),A ,Q,4919.80,5034.00,4900.00,5009.00,4985.00,4926.90,111,179,887535.00,
507817,WIRES FABRIK,X ,Q,86.00,91.00,85.25,91.00,91.00,93.40,11,905,79194.00,
507828,ANSALHSG    ,B ,Q,6.80,6.97,6.74,6.75,6.75,6.75,80,14096,95955.00,
507836,MAC CHARLES ,X ,Q,500.00,500.00,466.00,480.00,480.00,480.00,15,60,28395.00,
507852,ADDI IND.   ,X ,Q,28.95,29.35,27.15,28.00,28.25,27.45,42,1116,31573.00,
507864,PION INVEST ,X ,Q,31.90,31.90,27.25,27.40,27.95,29.35,46,5508,154826.00,
507872,ASHNOOR TEX.,XT,Q,45.95,46.00,41.70,41.75,41.70,43.85,42,1908,79711.00,
507878,UNITECH LTD ,Z ,Q,1.77,1.77,1.72,1.73,1.73,1.77,333,482624,837926.00,
507880,VIP INDUS.  ,A ,Q,618.20,634.45,618.20,627.35,624.85,629.95,694,407655,256813780.00,
507910,FIBERWB IN  ,B ,Q,37.00,37.05,35.25,35.60,35.60,36.25,136,4824,176500.00,
507912,LKP FIN     ,X ,Q,77.00,79.65,77.00,78.00,78.00,78.55,15,722,56390.00,
507944,BAJAJ STEEL ,X ,Q,493.00,502.70,489.00,491.75,495.00,494.70,127,1986,980329.00,
507946,KIDUJA INDIA,X ,Q,78.50,78.50,71.10,73.55,78.50,74.80,20,272,20475.00,
507948,KEY CORP.LTD,XT,Q,57.50,57.50,57.50,57.50,57.50,60.50,18,278,15985.00,
507960,GUJ.HOTELS  ,X ,Q,123.00,123.00,117.00,119.10,119.10,122.00,18,1131,134331.00,
507966,RAS RESORTS ,X ,Q,25.95,25.95,25.90,25.90,25.90,25.55,4,40,1037.00,
507970,PARA. COSMET,X ,Q,45.00,45.85,42.30,45.50,45.50,44.50,28,269,11981.00,
507981,JINDAL HOTL ,X ,Q,36.20,36.25,32.70,33.40,35.65,36.25,37,2199,74941.00,
507998,SIMMONDS-MAR,X ,Q,42.40,45.90,42.35,44.20,45.90,44.30,45,5254,230142.00,
508136,BNALTD      ,X ,Q,250.00,256.00,243.25,249.80,256.00,257.30,20,789,197047.00,
508486,HAWKINS COOK,A ,Q,5098.70,5189.00,5051.00,5178.25,5189.00,5063.00,158,666,3416086.00,
508494,WARREN TEA  ,X ,Q,69.45,69.45,68.90,68.90,68.90,68.05,3,26,1792.00,
508664,BEST E.HOTEL,X ,Q,21.70,21.75,21.70,21.70,21.70,22.75,4,8,173.00,
508670,NEELAMALAI  ,X ,Q,3409.00,3690.00,3409.00,3531.05,3531.05,3455.75,18,53,188197.00,
508807,IST LTD.    ,X ,Q,436.00,448.90,436.00,447.90,448.00,447.10,11,177,79106.00,
508814,COSMO FILMS ,A ,Q,1008.70,1028.20,977.75,988.00,991.90,1006.90,652,3447,3457550.00,
508869,APOLLO HOSP.,A ,Q,3715.20,3765.00,3659.65,3679.85,3679.85,3715.20,2703,17545,65225069.00,
508875,NITINCAST   ,X ,Q,133.00,137.80,128.05,130.50,130.50,127.85,27,207,27473.00,
508905,SMIFS CAPITA,X ,Q,44.25,44.25,39.25,43.65,43.65,42.50,4,44,1745.00,
508906,EVEREST INDS,B ,Q,531.05,544.85,523.95,528.70,529.00,535.85,376,2797,1489984.00,
508918,IRONWOOD    ,X ,Q,39.85,39.85,35.80,38.50,39.00,37.85,126,22413,844374.00,
508933,AYMSYNTEX   ,B ,Q,94.55,94.90,91.25,91.50,91.50,94.05,79,982,90608.00,
508941,PANASON CAR ,X ,Q,390.00,390.00,380.10,380.75,384.95,392.50,54,495,190667.00,
508954,FINKURVE    ,XT,Q,54.20,59.70,54.20,59.70,59.70,56.90,11,259,15221.00,
508956,HB LEAS.PUB ,XT,Q,4.43,4.43,4.43,4.43,4.43,4.22,3,328,1453.00,
508969,SULABH ENG. ,XT,Q,6.57,6.75,6.25,6.25,6.25,6.57,329,49480,312990.00,
508989,NAVNETEDUL  ,A ,Q,94.90,95.95,93.90,94.05,93.90,94.75,433,23562,2225562.00,
508996,SATPROP LTD ,Z ,Q,1.34,1.34,1.24,1.33,1.33,1.28,63,23274,30965.00,
509009,AUSOM ENT   ,B ,Q,61.75,64.95,61.45,62.80,62.65,60.30,83,3494,219182.00,
509020,RUCHI INFRA.,T ,Q,8.30,8.37,8.01,8.16,8.16,8.10,25,4173,33658.00,
509026,VJTFEDU     ,XT,Q,57.00,57.00,57.00,57.00,57.00,57.00,1,1,57.00,
509040,NETLINK SOLU,X ,Q,50.25,55.80,46.50,47.75,47.75,51.65,65,3865,188381.00,
509048,LANCOR HOLDS,X ,Q,30.45,31.80,30.00,30.45,30.45,30.30,181,143568,4479012.00,
509051,INDIAN INFO.,X ,Q,2.74,2.82,2.68,2.81,2.82,2.69,4576,7122570,19977693.00,
509053,BANAS FIN.  ,X ,Q,28.50,28.95,27.50,28.90,28.90,27.60,608,102318,2921278.00,
509055,VISAKA IND. ,B ,Q,479.10,483.40,470.00,473.50,470.00,480.15,88,619,295451.00,
509069,INFOMEDIA   ,T ,Q,4.23,4.23,4.23,4.23,4.23,4.45,1,59,249.00,
509073,HATHWAY BHAW,XT,Q,21.15,21.15,19.85,20.25,20.05,20.65,18,1729,35669.00,
509077,PRESSMN     ,B ,Q,43.50,43.50,40.70,41.55,41.70,43.00,152,10167,419968.00,
509079,GUFIC BIO SC,B ,Q,227.70,228.35,221.45,222.60,222.25,228.60,412,4337,972908.00,
509152,GRPLTD      ,B ,Q,1308.50,1320.00,1291.50,1302.20,1291.50,1293.95,67,528,688997.00,
509162,INDAG RUBBER,X ,Q,71.00,72.85,69.90,70.45,69.90,71.20,47,1035,73430.00,
509196,M.M.RUBBER  ,X ,Q,61.00,61.00,58.00,59.70,58.25,59.25,10,627,36565.00,
509220,PTL LTD     ,B ,Q,31.35,31.60,31.00,31.40,31.50,33.35,510,23945,751056.00,
509243,TVS SRICHAKR,A ,Q,1584.90,1585.00,1544.20,1558.40,1548.20,1554.40,43,362,564725.00,
509423,SEL         ,XT,Q,19.10,19.10,17.40,18.65,18.95,18.25,50,4662,83642.00,
509438,BENARES HOT ,X ,Q,1883.80,1883.80,1874.95,1874.95,1874.95,1810.00,2,4,7526.00,
509449,BHAGWATI OXY,XT,Q,40.00,40.00,37.30,40.00,40.00,39.20,16,403,15479.00,
509470,BOMOXY-B1   ,X ,Q,11999.80,11999.80,11776.00,11776.00,11776.00,12097.80,2,2,23775.00,
509472,CRAVATEX    ,X ,Q,351.00,379.00,351.00,375.70,375.00,352.00,7,171,61039.00,
509480,BERGE PAINT ,A ,Q,573.90,575.15,565.05,568.10,566.35,569.90,2324,26390,15075759.00,
509486,CAPRIHANS   ,X ,Q,131.25,136.00,125.65,128.85,128.90,127.65,36,1385,179782.00,
509488,GRAPHITE IN.,A ,Q,388.00,395.80,387.00,392.65,391.10,388.85,1634,31781,12441739.00,
509496,ITDCEM      ,A ,Q,64.50,66.95,63.25,63.70,63.95,65.00,1038,30452,1972592.00,
509525,EMPIRE IND. ,X ,Q,650.00,668.90,650.00,653.55,664.10,650.00,11,80,52334.00,
509546,GRAVISS HOSP,X ,Q,18.75,19.80,18.75,19.50,19.50,19.25,3,334,6289.00,
509557,GARFIBRES   ,A ,Q,2996.10,3091.75,2965.20,3074.75,3042.05,2998.00,193,303,921383.00,
509563,GARWA.MARINE,X ,Q,9.95,10.45,9.95,10.45,10.45,9.96,6,405,4163.00,
509567,GOA CARBON  ,B ,Q,385.00,385.00,362.95,372.55,372.55,377.60,549,2778,1029916.00,
509597,HARDCASTLE  ,X ,Q,270.05,293.80,270.05,286.80,286.80,289.90,7,54,15084.00,
509631,HEG LIMITED ,A ,Q,1018.00,1026.50,992.30,998.00,999.60,1011.45,1286,7473,7536344.00,
509635,HIND.COMPOSI,B ,Q,262.15,269.35,262.10,267.85,269.35,261.05,15,58,15530.00,
509675,HIL         ,A ,Q,3541.85,3599.60,3539.80,3564.85,3568.00,3506.45,125,181,646730.00,
509692,IND.CARD    ,B ,Q,269.60,276.90,269.00,270.85,271.30,269.60,287,3939,1073592.00,
509709,INT.CONVEYOR,B ,Q,61.35,63.50,57.10,59.75,59.75,61.70,760,39597,2365134.00,
509715,JAYSHRE TEA ,B ,Q,91.80,92.50,87.40,87.55,87.55,91.30,171,4468,402041.00,
509760,MODERN SHARE,X ,Q,13.70,16.60,13.70,16.25,16.25,15.10,8,557,8503.00,
509820,HUHTAMAKI   ,A ,Q,169.10,169.45,164.05,165.00,165.05,167.80,213,2345,391954.00,
509835,PREMIER SYN.,X ,Q,26.35,26.40,24.25,24.25,24.25,24.65,3,44,1152.00,
509874,SHALIMAR PAI,B ,Q,158.55,172.70,158.55,169.90,169.90,159.85,4021,131020,21701209.00,
509895,HIND MILLS  ,X ,Q,244.00,244.00,240.00,241.00,241.00,240.00,6,11,2656.00,
509930,SUPREM IND  ,A ,Q,1729.80,1773.30,1716.85,1766.50,1766.15,1720.95,565,2682,4666135.00,
509966,VST INDUS.  ,A ,Q,3058.65,3087.55,3037.90,3049.05,3049.05,3072.20,70,130,397531.00,
510245,SWASTI VINAY,X ,Q,7.99,7.99,7.55,7.78,7.84,7.66,550,96944,752791.00,
511000,MADHUS.SEC  ,X ,Q,3.45,3.57,3.25,3.44,3.57,3.42,39,46463,158977.00,
511012,YAMINI INVES,XT,Q,1.03,1.07,1.00,1.03,1.06,1.03,1112,701857,731826.00,
511016,PREMIER CAP.,X ,Q,6.50,6.50,6.00,6.07,6.00,6.52,31,4079,24690.00,
511034,JINDAL DRILL,B ,Q,191.75,191.75,181.45,182.55,181.45,184.95,74,598,111470.00,
511066,SAKTHI FIN. ,X ,Q,21.00,23.00,20.75,21.15,21.10,21.20,78,20865,441486.00,
511076,SAT IND LTD ,X ,Q,33.00,35.40,33.00,34.80,34.05,34.05,46,12443,430938.00,
511092,JMDVL       ,X ,Q,5.38,5.38,5.28,5.38,5.38,5.28,20,13200,70956.00,
511108,SHIVA TEXYAM,B ,Q,157.55,166.80,157.50,157.95,157.90,166.30,68,1282,206643.00,
511110,V.B.DESAI   ,X ,Q,9.10,9.10,9.10,9.10,9.10,9.53,4,1256,11429.00,
511116,QUADRANT    ,X ,Q,1.09,1.09,1.01,1.03,1.04,1.06,503,396998,420058.00,
511131,KAMAN HSG   ,X ,Q,8.00,8.50,7.92,7.92,7.92,8.33,14,4944,39598.00,
511147,WALL ST.FIN.,X ,Q,27.35,29.00,25.85,28.65,28.65,28.50,17,790,22275.00,
511153,ANJANIFOODS ,XT,Q,76.00,76.00,72.00,74.95,75.00,73.95,17,266,19875.00,
511187,MILLENNIUM  ,XT,Q,1.87,1.90,1.78,1.81,1.81,1.87,38,4683,8462.00,
511194,I.C.D.S.    ,T ,Q,35.00,37.75,35.00,37.75,37.75,36.25,3,611,21420.00,
511196,CANFIN HOMES,A ,Q,431.35,440.55,423.20,426.60,428.70,432.55,1025,16737,7189741.00,
511208,IL & FS INVE,B ,Q,6.44,6.49,6.14,6.26,6.25,6.31,82,9846,61829.00,
511218,SHRIRAM TRAN,A ,Q,1237.85,1297.25,1231.25,1283.55,1283.55,1223.60,2541,33437,42156653.00,
511243,CHOLAFIN    ,A ,Q,632.05,633.35,618.00,619.70,619.70,638.90,1782,33504,20889915.00,
511333,VLS FINANCE ,B ,Q,144.25,144.50,140.15,140.95,143.40,143.40,114,1822,259665.00,
511355,IND CEM CAP ,X ,Q,8.98,9.19,8.40,8.47,8.40,8.83,41,5632,48875.00,
511359,AD-MANUM FIN,X ,Q,42.45,42.45,36.20,36.25,36.20,38.65,17,611,22180.00,
511377,MEHTA I.FIN ,XT,Q,17.35,17.85,16.15,16.16,16.16,17.00,13,1787,30917.00,
511411,SHRISTINFRA ,X ,Q,37.65,38.00,34.15,36.65,36.65,37.85,8,129,4775.00,
511413,CREST       ,B ,Q,181.95,181.95,171.85,177.95,179.40,179.70,153,2067,367049.00,
511431,VAKRANGEE   ,A ,Q,27.35,27.65,26.55,26.75,26.75,27.35,2244,446033,12109852.00,
511441,GUJ.CREDIT  ,XT,Q,30.15,30.15,28.65,30.15,30.15,30.15,8,145,4238.00,
511447,SYLPH TECH  ,Z ,Q,15.00,16.31,15.00,16.25,16.25,15.70,28,4366,68552.00,
511451,DHARANI FIN.,X ,Q,6.22,6.22,6.20,6.20,6.20,6.52,3,14,86.00,
511463,ALEXANDER   ,X ,Q,18.05,18.95,17.80,18.20,18.20,18.05,85,14048,257706.00,
511473,IND.BANK MER,B ,Q,19.10,19.20,18.50,18.70,18.90,18.95,174,8260,155316.00,
511501,BHARAT BHUSH,X ,Q,24.30,24.30,23.20,23.50,23.50,23.15,15,555,13000.00,
511505,CAPITAL TRUS,B ,Q,102.10,107.60,101.60,101.80,101.60,97.00,162,6529,682175.00,
511507,USHAKIRAN FI,XT,Q,15.75,15.75,15.75,15.75,15.75,15.00,5,871,13718.00,
511509,VIVO BIO TEC,X ,Q,32.95,32.95,31.15,32.70,32.85,32.50,41,1797,58046.00,
511523,VEERHEALTH  ,X ,Q,13.10,13.10,12.60,12.60,12.60,12.55,7,120,1537.00,
511525,PAN INDIA C ,XT,Q,3.44,3.44,3.36,3.44,3.44,3.28,132,81461,280206.00,
511535,NDA SECURIT.,X ,Q,11.00,11.00,10.07,10.07,10.07,10.00,4,423,4427.00,
511543,GSB FINANCE ,X ,Q,6.97,7.31,6.97,7.31,7.31,6.97,5,110,770.00,
511549,MORARKA FIN.,X ,Q,103.00,103.00,98.00,98.00,98.00,100.55,24,309,30638.00,
511551,MONARCH     ,B ,Q,260.85,265.05,255.10,259.95,255.10,259.70,97,1672,435861.00,
511557,PRO FIN CAP.,X ,Q,1.75,1.75,1.75,1.75,1.75,1.84,402,1613017,2822779.00,
511559,TIMES GUARAN,B ,Q,41.15,41.65,39.80,40.20,39.80,40.05,11,150,6085.00,
511571,SOMDATT FIN ,X ,Q,28.45,28.50,28.40,28.50,28.50,27.55,11,1605,45681.00,
511585,REGENCY TRUS,X ,Q,3.97,3.97,3.97,3.97,3.97,4.05,3,250,992.00,
511589,AVONMORE    ,X ,Q,79.70,79.85,78.00,79.00,79.00,78.30,42,7679,607554.00,
511593,LIBORD FIN  ,X ,Q,5.25,5.25,5.10,5.17,5.17,5.26,9,1062,5493.00,
511601,YASH MANAGE.,X ,Q,9.46,9.50,8.85,9.13,8.85,9.46,33,52191,476324.00,
511605,ARIHANT CAP.,B ,Q,84.50,84.50,79.55,80.25,80.50,82.25,102,2329,188287.00,
511609,ISL CONSULT ,X ,Q,15.80,16.20,15.80,16.20,16.20,15.80,2,201,3176.00,
511611,DCM FINANCIA,B ,Q,3.91,3.91,3.91,3.91,3.91,3.91,4,25,97.00,
511628,IMCAP       ,X ,Q,68.20,70.00,66.00,67.90,70.00,68.20,6,64,4344.00,
511630,SAMBHAAV MED,B ,Q,3.64,3.65,3.54,3.61,3.61,3.61,24,2997,10728.00,
511654,SUGAL DAM   ,X ,Q,16.15,16.15,16.15,16.15,16.15,16.70,2,125,2018.00,
511658,NETTLINX LTD,X ,Q,64.60,70.60,53.50,65.20,65.20,66.85,350,67433,4030168.00,
511672,SCANSTL     ,X ,Q,31.20,33.95,31.20,32.90,32.90,31.40,297,69383,2303527.00,
511676,GIC HOUSING ,B ,Q,118.90,119.90,116.00,116.90,116.20,118.55,139,2900,342848.00,
511688,MATHEW EASOW,XT,Q,10.20,10.20,10.20,10.20,10.20,9.74,2,50,510.00,
511692,AJCON GLOBAL,X ,Q,40.00,40.00,34.65,36.45,38.00,38.00,23,322,11701.00,
511696,CHARTERED CA,X ,Q,110.00,110.00,110.00,110.00,110.00,110.00,1,200,22000.00,
511702,PARSHARTI IN,XT,Q,22.50,22.50,22.50,22.50,22.50,23.30,1,315,7087.00,
511710,CUBICAL FIN.,X ,Q,2.14,2.34,2.07,2.12,2.07,2.20,105,41611,91173.00,
511712,RELIC TECHNO,X ,Q,16.65,18.15,16.65,18.15,18.15,17.35,3,111,1852.00,
511714,NIMBSPROJ   ,X ,Q,38.20,38.20,38.20,38.20,38.20,40.20,1,20,764.00,
511724,BAID LEASING,X ,Q,19.45,20.75,19.45,19.65,20.00,20.45,88,6538,127595.00,
511726,VIPUL LTD   ,B ,Q,17.45,17.45,16.75,17.40,17.40,17.45,20,865,14621.00,
511736,USHDEV INTNL,X ,Q,2.20,2.23,2.07,2.11,2.10,2.20,101,26416,56971.00,
511738,MEHTA SECUR.,XT,Q,32.00,32.00,32.00,32.00,32.00,32.00,1,8,256.00,
511740,MEHTA HOUSIN,XT,Q,169.90,169.90,169.90,169.90,169.90,161.85,24,742,126065.00,
511742,UGROCAP     ,B ,Q,139.35,141.75,136.45,137.40,136.60,141.50,241,7873,1094384.00,
511754,SHALIB.FINAN,X ,Q,200.00,200.00,185.05,190.00,190.00,189.85,13,1410,267223.00,
511760,SEVENHILL   ,X ,Q,0.93,0.93,0.93,0.93,0.93,0.97,455,252617,234933.00,
511764,AASTAFIN    ,X ,Q,12.60,12.60,12.12,12.59,12.59,13.35,4,1008,12687.00,
511766,MUTHOOT CAP ,B ,Q,171.75,173.65,169.20,170.70,170.10,172.15,53,319,54697.00,
511768,MASTER TRUST,X ,Q,132.20,132.20,125.00,131.75,131.50,132.10,25,848,109139.00,
512018,CNI RES LTD ,X ,Q,2.60,2.60,2.38,2.38,2.38,2.50,117,47979,114817.00,
512020,SARASW.COMM.,X ,Q,2599.95,2599.95,2550.00,2550.00,2550.00,2590.00,5,19,48784.00,
512047,ROYAL IND   ,X ,Q,2.80,2.80,2.49,2.55,2.55,2.70,44,6678,17030.00,
512048,LUHARUKA    ,X ,Q,2.65,2.65,2.50,2.52,2.54,2.53,134,28548,72264.00,
512064,VISVEN      ,X ,Q,47.60,47.60,47.60,47.60,47.60,47.60,2,2,95.00,
512068,DECCANGOLD  ,X ,Q,24.00,25.45,22.70,24.60,24.75,23.65,297,92122,2258613.00,
512070,UPL         ,A ,Q,638.70,645.50,630.00,631.95,631.95,644.50,2984,48563,30968063.00,
512093,CRANES SOFTW,X ,Q,2.73,2.85,2.60,2.75,2.80,2.73,167,73498,197386.00,
512097,SAICOM      ,XT,Q,16.45,16.45,16.45,16.45,16.45,15.67,4,387,6366.00,
512109,AVIVA INDS  ,X ,Q,24.00,24.00,24.00,24.00,24.00,24.45,1,10,240.00,
512115,ROSE MERC LT,XT,Q,30.91,30.91,30.91,30.91,30.91,29.44,6,996,30786.00,
512131,SIGNET IND  ,B ,Q,38.50,38.50,32.35,33.05,33.05,32.60,25,870,28692.00,
512161,SECURKLOUD  ,T ,Q,80.40,80.40,74.20,74.65,75.50,77.45,79,8991,685261.00,
512165,ABANSENT    ,X ,Q,99.75,99.75,81.60,93.45,94.20,99.75,106,8168,710112.00,
512169,CAPRICORN   ,X ,Q,9.77,9.77,9.01,9.03,9.01,9.31,23,2450,23867.00,
512175,VAMA INDS   ,X ,Q,8.48,8.72,8.28,8.43,8.43,8.31,184,76531,648816.00,
512179,SUNTECK REAL,A ,Q,488.15,499.90,488.15,496.40,499.90,488.35,2124,53839,26487828.00,
512197,SILVEROAK   ,Z ,Q,2.55,2.60,2.40,2.40,2.40,2.52,29,6896,17574.00,
512217,PRISM MEDI  ,XT,Q,8.90,8.90,8.50,8.75,8.75,8.90,27,7764,66365.00,
512229,VERITAS     ,XT,Q,120.95,121.50,119.50,120.30,120.45,120.95,23,3766,452684.00,
512237,JAI CORP LTD,A ,Q,118.40,121.15,114.90,115.50,115.50,118.00,4093,300920,35507648.00,
512247,ASHIRWAD CAP,X ,Q,5.33,5.60,5.33,5.45,5.48,5.43,143,18695,102613.00,
512257,SVARTCORP   ,X ,Q,8.40,8.59,7.95,8.01,8.01,8.26,1243,293937,2444325.00,
512267,MEDIA MATRIX,T ,Q,8.50,8.90,8.50,8.65,8.55,8.52,129,14350,123973.00,
512279,NNTL        ,Z ,Q,15.20,15.20,14.95,15.00,15.00,14.50,4,503,7528.00,
512296,BHAGYA INL  ,B ,Q,41.70,42.00,39.50,39.50,39.50,38.50,141,1654,68848.00,
512329,KRL         ,XT,Q,427.50,449.00,427.50,449.00,449.00,450.00,4,13,5600.00,
512344,ARAVALI SEC.,X ,Q,5.28,6.40,5.28,5.33,5.32,5.99,47,11503,62113.00,
512359,SWORDEDGE   ,X ,Q,0.65,0.65,0.62,0.63,0.64,0.65,684,464886,295289.00,
512379,CRESSANDA SO,X ,Q,31.70,33.00,31.70,31.70,31.70,33.35,885,1773519,56331344.00,
512381,STARTECK    ,B ,Q,125.55,129.90,125.55,129.90,129.90,123.65,13,5017,635461.00,
512393,SHARDUL SECU,X ,Q,95.90,99.00,93.50,93.50,93.50,93.00,4,117,11225.00,
512399,SERA        ,X ,Q,83.20,89.90,82.30,86.60,89.00,86.60,42,2333,201263.00,
512425,NIRAV COMMER,X ,Q,380.60,380.60,379.00,379.00,379.00,387.25,4,101,38414.00,
512437,APOLLO FIN I,X ,Q,548.00,564.00,540.00,558.95,559.00,542.40,45,460,253734.00,
512453,SHRI JAGDAMB,X ,Q,805.00,810.00,767.05,779.65,777.00,796.85,105,913,724282.00,
512455,LLOYDS MET E,T ,Q,149.85,149.85,139.90,139.90,139.90,147.25,516,154840,21903921.00,
512463,SHREE GLOBAL,X ,Q,7.66,7.66,7.05,7.10,7.10,7.31,317,64612,468552.00,
512477,BETEX INDIA ,X ,Q,79.95,79.95,62.25,70.15,65.05,69.55,13,146,9893.00,
512481,POLYTEX(P)  ,X ,Q,3.60,3.60,3.20,3.60,3.60,3.30,19,5792,20448.00,
512485,DHANAL.COTEX,X ,Q,87.65,87.65,83.55,86.80,86.80,87.90,23,942,79533.00,
512489,OASIS SECUR.,X ,Q,62.20,68.55,62.20,68.00,68.00,65.45,8,78,5207.00,
512493,GARNET INTL ,X ,Q,38.00,39.20,35.55,38.90,38.90,37.40,37,9304,338766.00,
512499,SHALIMAR PRO,X ,Q,0.64,0.66,0.64,0.65,0.65,0.65,5731,20016832,13022274.00,
512519,DONEAR IND. ,B ,Q,54.45,54.45,52.75,53.10,53.20,52.35,160,3556,189924.00,
512527,SUPER SAL IN,X ,Q,805.00,805.00,780.05,781.35,781.35,804.00,30,709,556448.00,
512529,SEQUENT     ,A ,Q,96.50,96.90,91.55,92.60,92.60,95.65,2026,119729,11278199.00,
512531,STC INDIA   ,B ,Q,86.70,87.90,83.40,83.95,83.40,85.85,62,918,78298.00,
512553,ZENITH EXP. ,B ,Q,71.00,71.00,71.00,71.00,71.00,72.80,2,10,710.00,
512559,KOHINORFOODS,T ,Q,127.05,127.05,127.05,127.05,127.05,121.00,245,33333,4234957.00,
512573,AVANTI FEEDS,A ,Q,423.05,434.70,422.60,433.00,433.00,425.00,1036,9556,4109458.00,
512587,ZODIAC JRD  ,X ,Q,29.50,29.50,26.05,26.30,26.30,28.50,17,1420,38216.00,
512589,SITA ENTER. ,X ,Q,15.05,17.50,15.05,17.50,17.50,16.65,4,46,701.00,
512597,KEYFINSER   ,B ,Q,104.80,104.80,97.60,98.15,97.60,99.70,76,1714,170145.00,
512599,ADANI ENTER ,A ,Q,2220.00,2248.55,2180.95,2189.85,2190.55,2220.80,3802,49911,110510455.00,
512604,HARIA EXPORT,X ,Q,4.75,5.00,4.75,4.99,4.99,5.00,9,2165,10571.00,
512608,BHANDARI HOS,B ,Q,5.40,5.96,5.40,5.80,5.85,5.62,241,139088,807134.00,
512618,RLF LIMITED.,XT,Q,5.04,5.04,4.56,4.80,4.80,4.80,10,417,1953.00,
512624,REGENTRP    ,X ,Q,1.75,1.75,1.64,1.70,1.70,1.72,87,56502,94331.00,
512626,ORBIT EXPORT,B ,Q,107.00,108.00,105.15,105.15,105.15,107.80,10,154,16345.00,
513005,VBC FERRO   ,XT,Q,32.15,32.15,30.50,30.50,30.50,32.10,12,1856,57797.00,
513010,TATASTLLP   ,A ,Q,583.05,590.95,571.40,575.90,571.40,586.85,453,2269,1317768.00,
513023,NAV BHAR VEN,A ,Q,182.00,183.20,176.40,177.30,177.30,180.55,1550,60829,10902468.00,
513043,REMI EDEL   ,X ,Q,35.95,36.20,30.00,34.95,34.95,31.65,13,3377,108645.00,
513059,G.S.AUTO INT,X ,Q,14.24,14.90,13.90,14.40,14.40,14.24,49,16987,245274.00,
513063,TRANSFREIGHT,XT,Q,15.35,16.10,15.35,15.36,16.10,15.36,7,491,7575.00,
513097,SHIV.BIMETAL,B ,Q,409.70,412.90,392.55,392.70,394.65,405.45,362,3221,1281034.00,
513108,GANDHI SP.TU,B ,Q,374.55,381.80,365.75,375.75,374.00,375.90,129,981,366333.00,
513117,AMFORGE IND.,X ,Q,6.40,6.74,6.06,6.58,6.58,6.60,41,8485,53508.00,
513119,ABC GAS INT ,XT,Q,17.59,17.59,17.59,17.59,17.59,16.76,2,57,1002.00,
513121,ORICON ENT  ,B ,Q,25.50,25.65,24.55,24.95,25.10,25.45,72,5186,129977.00,
513173,STL STR INF ,X ,Q,25.25,25.25,22.55,23.10,23.35,23.75,15,10544,252483.00,
513216,UTTAM GALVA ,T ,Q,3.75,3.78,3.60,3.63,3.61,3.66,107,17965,65672.00,
513228,PENNAR STEEL,B ,Q,36.95,37.50,36.05,36.20,36.20,36.95,242,9194,335652.00,
513250,JYOTI STRUCT,Z ,Q,16.35,16.35,16.35,16.35,16.35,15.60,21,13622,222719.00,
513252,JAY USHIN   ,X ,Q,432.00,459.00,404.00,444.25,445.00,426.90,34,199,88035.00,
513262,ST.STR.WHEEL,B ,Q,802.80,854.60,802.80,832.35,822.55,832.70,700,5022,4199831.00,
513269,MAN IND.(I) ,B ,Q,75.00,75.80,74.00,74.40,74.35,74.95,299,4954,369820.00,
513295,IMEC        ,X ,Q,2.00,2.19,2.00,2.13,2.12,2.09,80,57621,120374.00,
513303,MODERN STEEL,X ,Q,19.80,19.80,19.20,19.65,19.65,18.10,8,333,6483.00,
513307,SYNTHIKO FOI,XT,Q,32.40,32.40,31.00,31.00,31.00,30.95,5,486,15416.00,
513309,GOLKONDA    ,Z ,Q,24.60,24.60,22.40,24.60,24.60,23.50,11,526,12032.00,
513335,METALFORGE  ,Z ,Q,4.31,4.59,4.31,4.54,4.54,4.45,10,935,4056.00,
513349,AJMERA      ,B ,Q,234.70,237.70,228.60,229.90,231.40,233.75,5781,18707,4365701.00,
513353,COCHIN MIN. ,X ,Q,114.95,114.95,110.00,112.75,111.15,111.90,51,69539,7694509.00,
513361,ISW LTD     ,X ,Q,2.99,2.99,2.80,2.82,2.83,2.84,297,79999,229292.00,
513369,RAJKUMAR FRG,X ,Q,42.85,43.00,42.85,43.00,43.00,42.85,11,302,12954.00,
513375,CARBORUNDUM ,A ,Q,734.10,751.00,706.30,718.40,715.25,744.10,1000,6264,4567340.00,
513377,MINERAL&METL,A ,Q,39.95,40.70,38.85,39.25,39.25,39.95,2708,224016,8921412.00,
513401,ASHIANA ISP.,X ,Q,23.50,23.50,21.40,21.80,21.60,22.40,12,1458,31787.00,
513403,PM TELELINN ,X ,Q,5.23,5.23,4.87,4.87,4.87,5.12,32,4100,20035.00,
513418,SMFIL       ,XT,Q,6.02,6.02,5.47,5.61,5.70,5.75,111,32484,185124.00,
513422,BLOOM INDUST,X ,Q,17.98,18.36,16.62,17.89,17.89,17.49,46,9643,169450.00,
513434,TATA METALIK,A ,Q,680.00,690.05,670.00,672.30,678.10,681.90,813,7368,5018025.00,
513436,SHAH ALLOYS ,B ,Q,71.60,76.85,71.60,76.85,76.85,73.20,85,14038,1074792.00,
513446,JSWISPL     ,B ,Q,23.70,24.30,23.20,23.55,23.55,24.00,684,78927,1855744.00,
513452,ELANGO INDUS,XT,Q,9.90,9.90,9.90,9.90,9.90,9.90,3,21,207.00,
513456,KANISHK ST. ,XT,Q,33.20,35.40,32.65,34.35,35.35,34.30,22,731,24877.00,
513460,MAHALAXMI SM,Z ,Q,7.68,8.48,7.68,8.48,8.48,8.08,3,210,1624.00,
513472,SIMPLEX CAST,X ,Q,35.20,35.25,32.60,34.85,34.85,35.20,113,68505,2297913.00,
513488,SH.STEEL WIR,X ,Q,22.70,22.70,19.10,21.65,22.60,22.85,37,4729,101071.00,
513502,BARODA EXTR.,X ,Q,4.12,4.35,4.02,4.11,4.14,4.17,90,21628,89999.00,
513507,GUJ.CONTAIN.,P ,Q,94.95,96.50,94.95,96.50,96.50,92.70,3,500,48090.00,
513509,KALYANI FORG,T ,Q,173.40,173.40,173.40,173.40,173.40,174.45,1,100,17340.00,
513511,PANCH.STEEL ,X ,Q,145.05,145.05,138.10,139.95,140.00,140.80,135,10936,1528540.00,
513513,ADITYA ISPAT,X ,Q,9.02,9.60,9.02,9.19,9.19,9.60,9,480,4423.00,
513515,S.R.INDUS.  ,XT,Q,1.90,1.99,1.90,1.98,1.98,1.90,10,12330,24345.00,
513517,STEELCAST   ,B ,Q,351.20,353.00,330.00,337.15,337.15,338.10,20,180,61627.00,
513519,PITTIENG    ,B ,Q,330.00,330.00,303.05,306.05,306.30,309.35,2799,53337,16577245.00,
513528,GLITTEK GRAN,X ,Q,2.90,3.99,2.90,3.99,3.99,3.62,14,2951,10247.00,
513532,PRADEEP MET.,X ,Q,85.60,88.95,85.60,85.65,86.40,86.75,23,926,79570.00,
513536,GNRL        ,X ,Q,16.70,17.25,16.00,17.00,17.00,17.25,79,7629,127345.00,
513548,SHARDA ISPAT,XT,Q,68.50,68.50,68.00,68.00,68.00,68.50,2,6,408.00,
513554,MAHA STEEL  ,B ,Q,62.25,62.25,60.25,60.55,60.25,60.80,45,1173,71579.00,
513599,HIND.COPPER ,A ,Q,86.00,90.80,86.00,87.15,87.15,89.20,4940,572489,50591696.00,
513642,AXEL POLYMER,XT,Q,39.75,41.45,39.55,41.45,39.60,41.45,13,3223,132473.00,
513683,NLCINDIA    ,A ,Q,65.20,65.75,63.35,63.70,63.70,65.35,3501,197120,12692092.00,
513687,SPECTRA IND.,X ,Q,6.34,6.34,6.34,6.34,6.34,6.04,4,901,5712.00,
513693,KIC METALIKS,X ,Q,46.00,47.30,46.00,46.15,46.20,46.50,35,3460,160347.00,
513699,SOLID STONE ,XT,Q,46.00,46.00,45.95,46.00,46.00,45.55,7,12,551.00,
513709,SHILP GRAVUR,X ,Q,80.00,83.55,78.40,79.50,79.50,79.60,21,435,34737.00,
513713,WHITEORG    ,X ,Q,12.73,12.73,12.25,12.40,12.55,12.31,144,37933,474500.00,
513721,MFSINTRCRP  ,X ,Q,15.15,15.15,13.75,13.75,13.75,14.45,73,8446,118644.00,
513729,ARO GRANITE ,B ,Q,38.75,39.30,38.25,38.40,38.25,38.50,78,1543,59933.00,
514010,HIM.FIBRES  ,X ,Q,4.86,5.05,4.46,4.52,4.52,4.91,50,9306,43701.00,
514028,RAJKAMAL SYN,X ,Q,25.90,25.90,23.65,25.75,25.80,24.80,18,1810,43229.00,
514030,DEEPAK SPINN,X ,Q,239.95,243.50,227.60,229.45,229.45,238.15,112,3519,822544.00,
514034,JBF IND.LTD ,B ,Q,11.47,11.49,11.00,11.11,11.11,11.22,81,11220,124770.00,
514036,LOY.TEX MILL,X ,Q,959.05,959.05,931.00,947.45,948.50,969.00,30,243,230627.00,
514043,HIMAT.SEIDE ,A ,Q,108.90,109.25,101.20,102.10,102.50,107.45,1344,25175,2645801.00,
514045,BSL LTD.    ,B ,Q,92.80,93.10,89.90,90.25,90.40,92.30,49,304,27408.00,
514087,PBM POLYTEX ,X ,Q,119.90,120.00,112.00,112.50,112.00,114.40,32,585,65975.00,
514113,ADHINATH TEX,XT,Q,40.90,42.50,39.00,40.95,40.25,40.90,72,3121,128395.00,
514138,SURYALATA SP,X ,Q,372.50,374.80,361.65,362.75,362.75,371.95,47,988,362155.00,
514140,SURYAVA SPIN,XT,Q,20.75,20.75,20.75,20.75,20.75,19.80,5,811,16828.00,
514142,TT LTD.     ,B ,Q,74.30,74.35,72.70,73.00,72.70,75.30,7,16,1183.00,
514162,WELSPUN (I) ,A ,Q,70.90,70.90,68.90,69.40,69.40,70.25,4833,175053,12211705.00,
514165,IND.ACRYLICS,X ,Q,11.93,11.93,11.30,11.45,11.43,11.69,86,18444,211406.00,
514167,GANESH ECOSP,B ,Q,591.20,605.15,585.80,593.75,587.30,594.80,275,1386,821171.00,
514171,CEETA IND.  ,XT,Q,15.75,15.75,15.75,15.75,15.75,15.00,3,237,3732.00,
514175,VARDHMAN POL,B ,Q,22.85,22.85,21.25,21.50,21.25,21.50,59,2465,54251.00,
514177,RISHABH YARN,P ,Q,17.89,17.89,17.89,17.89,17.89,17.04,1,100,1789.00,
514183,BLACKROSE   ,B ,Q,180.45,185.00,176.15,183.00,183.00,179.05,626,16705,3020082.00,
514197,ST CORP     ,XT,Q,258.40,258.40,258.40,258.40,258.40,246.10,74,12357,3193048.00,
514211,SUMEET INDUS,B ,Q,7.30,7.63,6.95,7.02,6.95,7.30,174,29549,211954.00,
514215,BINNY LTD.  ,X ,Q,270.05,278.00,256.35,260.55,256.60,268.05,78,3376,891934.00,
514223,RAMGOPAL POL,XT,Q,7.15,7.49,6.79,6.79,6.79,7.14,23,4494,31137.00,
514234,SANGAM INDIA,B ,Q,278.35,281.00,268.05,272.20,270.65,276.10,76,1247,341551.00,
514238,IKAB SEC.   ,X ,Q,687.00,737.00,687.00,728.95,728.95,715.50,15,70,49484.00,
514240,KUSHIND     ,X ,Q,5.47,5.47,5.37,5.47,5.47,5.21,118,64897,354871.00,
514248,SREECHEM RES,P ,Q,47.95,48.95,45.15,45.20,45.20,47.50,21,2700,124730.00,
514264,SEASONS TEXT,X ,Q,8.20,8.20,8.15,8.15,8.15,8.54,7,159,1303.00,
514266,ZENITH FIBRE,X ,Q,53.15,57.40,53.15,54.45,57.40,55.00,8,97,5253.00,
514272,BHILWARA SP.,X ,Q,32.10,33.10,29.40,30.15,30.15,32.10,41,4861,146269.00,
514274,AARVEE DENIM,B ,Q,18.80,19.40,18.40,18.50,18.50,18.80,11,200,3725.00,
514280,SANRHEA TECH,XT,Q,113.00,113.00,107.65,113.00,113.00,107.65,45,4833,545609.00,
514286,ASHIMA LTD. ,B ,Q,11.81,11.94,11.40,11.90,11.90,11.91,60,1850,21810.00,
514300,PIONEER EMB ,B ,Q,38.30,39.00,38.25,38.80,38.80,38.25,38,2018,77750.00,
514302,VIPPY SPIN. ,X ,Q,108.50,108.50,100.15,102.80,102.80,105.55,39,433,44187.00,
514312,JAY HIND SYN,XT,Q,19.70,21.45,19.70,21.45,21.45,20.70,23,1980,40219.00,
514316,RAGHUVIR SYN,B ,Q,180.60,180.60,180.60,180.60,180.60,172.00,60,4773,862003.00,
514322,KAMADGIRI   ,X ,Q,70.15,71.00,67.60,70.85,71.00,68.90,6,82,5764.00,
514326,PATSPIN INDI,X ,Q,6.44,6.44,5.98,6.01,5.98,6.24,55,10868,66217.00,
514330,ONEGLOBAL   ,X ,Q,44.60,47.50,43.20,43.40,43.20,45.45,54,14849,672956.00,
514332,NEOINFRA    ,X ,Q,13.97,13.97,13.56,13.82,13.82,13.56,7,356,4937.00,
514354,PREMIER POLY,B ,Q,82.10,82.85,81.80,82.40,81.80,83.00,9,28,2306.00,
514358,EVERLON SYN.,XT,Q,36.50,36.50,35.40,36.45,36.45,36.30,8,137,4983.00,
514360,KRRAIL      ,X ,Q,36.15,37.40,34.10,36.75,36.60,36.15,48,4778,175507.00,
514378,YARN SYNDICA,X ,Q,8.56,8.56,8.56,8.56,8.56,8.16,2,234,2003.00,
514386,GUJ COTEX   ,XT,Q,6.75,6.75,6.75,6.75,6.75,7.10,315,177137,1195674.00,
514394,AJIL        ,Z ,Q,24.50,24.50,22.60,22.85,22.70,23.45,18,1500,35743.00,
514400,GARWARE SYN.,X ,Q,13.48,14.75,11.31,13.55,13.55,13.29,12,622,8303.00,
514418,MANORG      ,B ,Q,566.00,574.30,556.10,558.90,558.90,561.00,366,1852,1045803.00,
514428,HINDU.ADHESI,X ,Q,429.00,444.00,417.00,442.75,432.00,423.35,89,969,423413.00,
514442,SRI KPR IND ,X ,Q,19.70,21.60,19.70,21.30,21.50,19.65,24,2926,61992.00,
514448,JYOTI RESINS,X ,Q,2400.05,2512.35,2393.40,2410.70,2430.00,2392.75,472,2908,7171750.00,
514450,MAHA.RUBTECH,B ,Q,120.35,120.35,118.00,118.05,118.00,118.10,7,122,14415.00,
514454,SOUTH.LATEX ,XT,Q,14.18,14.18,14.18,14.18,14.18,13.51,5,100,1418.00,
514460,OSWAL YARNS ,XT,Q,5.59,5.59,5.59,5.59,5.59,5.59,1,324,1811.00,
514470,WIMSOME TEXT,B ,Q,89.35,89.65,85.25,87.05,88.80,88.05,129,3990,347219.00,
515008,MOD.INSUL.  ,XT,Q,39.25,40.95,39.00,39.05,40.25,39.30,32,3121,122747.00,
515018,REG.CERAMIC ,T ,Q,3.67,3.67,3.67,3.67,3.67,3.50,2,400,1468.00,
515030,ASAHI IN.GLA,A ,Q,540.30,561.70,531.55,539.35,531.65,532.75,3457,69263,38135490.00,
515037,MURD.CERAM  ,B ,Q,23.85,23.85,23.10,23.20,23.10,23.45,36,3835,89748.00,
515043,SAINT-GOBAIN,X ,Q,81.50,82.00,78.00,79.10,79.10,76.70,2016,266854,21328186.00,
515055,ANANTRAJ    ,A ,Q,53.75,54.00,51.00,51.05,51.00,52.75,496,14809,771263.00,
515059,MADHUS.IND. ,X ,Q,24.60,26.75,23.35,24.75,24.75,24.05,16,346,8388.00,
515085,RESTILE CER.,X ,Q,3.47,3.47,3.06,3.42,3.44,3.16,45,15789,52576.00,
515093,MADHAV MARB.,B ,Q,41.70,41.70,40.90,40.95,40.90,40.95,4,59,2422.00,
515127,RAMASIGNS   ,X ,Q,4.90,5.18,4.73,4.86,4.78,4.97,98,146278,729359.00,
515147,HALDYN GLASS,X ,Q,38.90,39.05,37.60,38.10,38.10,37.70,173,27634,1062355.00,
516003,DUROPLY     ,X ,Q,118.50,125.00,117.70,121.90,124.00,117.50,51,3438,424698.00,
516016,SHREYANS IND,B ,Q,88.60,88.85,86.75,87.45,88.35,89.75,33,665,58319.00,
516022,STAR PAPER  ,B ,Q,159.00,159.00,152.00,153.15,153.75,155.55,519,5487,851607.00,
516030,YASHPAKKA   ,X ,Q,86.50,88.00,83.30,84.25,84.25,85.45,479,96687,8349669.00,
516062,NAT.PLYWOOD ,Z ,Q,9.95,9.99,9.95,9.99,9.99,9.94,6,73,728.00,
516064,ARROWGREEN  ,B ,Q,92.70,93.10,88.50,90.35,90.35,91.00,24,207,18716.00,
516072,VISHNU CHEM ,B ,Q,1509.75,1533.95,1471.85,1509.95,1502.00,1497.30,547,3166,4779229.00,
516078,JUMBO BAG   ,X ,Q,23.00,23.00,21.70,22.15,22.15,21.95,8,791,17834.00,
516082,N.R.AGARWAL ,B ,Q,229.40,229.40,222.00,222.75,222.80,227.00,51,423,94439.00,
516092,3PLAND      ,B ,Q,14.30,14.59,14.01,14.59,14.59,14.45,7,1014,14498.00,
516096,SANGAL PAPER,XT,Q,85.00,93.30,85.00,85.20,89.80,89.40,7,198,16855.00,
516098,VENTURA TEXL,XT,Q,4.79,4.79,4.79,4.79,4.79,4.57,7,509,2438.00,
516106,SH.KARTHIK P,XT,Q,8.28,8.28,7.50,8.15,8.15,7.89,32,2944,23267.00,
516108,S.I.PAPER   ,X ,Q,137.50,148.00,132.55,133.80,133.80,136.05,165,9677,1351173.00,
516110,SCANDENT    ,XT,Q,52.65,52.80,52.65,52.80,52.80,50.30,7084,1438187,75899667.00,
517015,VINDHYA TELE,A ,Q,1056.55,1056.55,948.10,953.90,953.90,972.50,98,457,440729.00,
517035,RUTTONSHA IN,X ,Q,201.50,207.55,195.00,202.05,205.00,197.70,332,15224,3098956.00,
517041,ADORWELDING ,B ,Q,664.00,672.00,651.70,664.15,664.75,660.55,166,599,394431.00,
517044,INT.DATA MAN,XT,Q,8.85,8.85,8.85,8.85,8.85,8.85,1,4,35.00,
517059,SALZER ELEC ,B ,Q,173.60,174.30,170.30,170.40,170.30,172.25,44,534,91587.00,
517063,JETINFOTRAN ,X ,Q,41.40,41.60,39.45,39.85,39.45,41.60,7,632,25749.00,
517119,PCS TECH    ,X ,Q,17.65,19.25,17.65,18.20,18.15,18.35,52,4004,74086.00,
517146,USHA MART.LT,A ,Q,121.40,124.55,119.30,121.85,121.85,117.80,1422,51189,6252068.00,
517166,SPEL SEMICON,XT,Q,46.65,46.65,46.65,46.65,46.65,44.45,81,16162,753957.00,
517168,SUBROS LTD. ,A ,Q,301.45,310.60,299.25,299.80,300.05,304.35,186,5476,1659868.00,
517170,KLKELEC     ,X ,Q,46.45,46.45,46.45,46.45,46.45,44.25,6,4100,190445.00,
517174,HONEYWELL   ,A ,Q,33500.00,34058.95,32800.00,33699.05,34058.95,33577.95,104,181,6037386.00,
517201,SWITCH.TECH.,X ,Q,32.00,35.70,32.00,35.35,35.35,35.00,9,208,7197.00,
517206,LUMAX IND   ,B ,Q,1299.10,1333.15,1250.10,1270.60,1250.10,1299.95,204,328,422981.00,
517214,DIGISPICE   ,B ,Q,27.90,28.15,26.65,26.80,26.90,28.00,153,19865,539443.00,
517230,PREM.AU.ELEC,X ,Q,6.40,6.40,5.65,6.17,6.18,5.93,49,6742,40080.00,
517236,CALCOM VISIO,XT,Q,105.00,112.45,104.10,106.30,105.00,108.20,45,2925,314308.00,
517238,DYNAVISION  ,XT,Q,148.90,148.90,148.90,148.90,148.90,154.50,4,90,13401.00,
517246,BCC FUBA    ,XT,Q,16.85,16.85,15.30,16.75,16.75,16.05,21,1278,21283.00,
517258,PRECISION EL,XT,Q,25.20,26.35,25.20,26.35,26.35,25.10,2,280,7171.00,
517264,FINELINE CI ,X ,Q,48.95,48.95,48.95,48.95,48.95,47.95,2,31,1517.00,
517271,HBL P SYS   ,B ,Q,92.30,96.85,92.30,94.85,94.85,91.80,8204,950956,90643296.00,
517288,GUJARATPOLY ,X ,Q,29.80,29.90,28.50,29.80,29.80,28.50,25,3144,91752.00,
517300,GUJ.IND.POW.,B ,Q,76.50,77.70,76.10,76.50,76.35,76.20,552,14282,1096450.00,
517330,CMI LTD.    ,B ,Q,20.10,22.45,20.10,22.10,22.05,22.50,84,1698,37486.00,
517334,MOTHERSON   ,A ,Q,122.70,123.30,117.45,118.15,118.15,122.20,5908,292714,35033331.00,
517344,MINDTECK (I),B ,Q,106.05,107.65,102.80,103.20,104.25,104.25,239,4004,419342.00,
517354,HAVELLSINDIA,A ,Q,1098.65,1107.60,1087.35,1099.70,1090.00,1098.25,1847,27516,30356109.00,
517356,ACI INFOCOM ,X ,Q,1.82,1.83,1.70,1.71,1.71,1.78,851,512505,884845.00,
517370,INCAP LTD.  ,XT,Q,35.40,35.40,32.55,35.40,35.40,33.80,11,269,9147.00,
517372,GUJ.INTRUX  ,X ,Q,117.50,121.95,111.05,113.40,112.55,115.00,12,650,75508.00,
517380,IGARSHI MOT ,B ,Q,286.90,290.30,273.60,276.30,276.30,287.00,212,2213,621350.00,
517385,SYMPHONY    ,A ,Q,868.95,880.00,862.15,877.45,877.80,871.05,224,830,723963.00,
517397,PAN ELECTR. ,X ,Q,29.90,29.90,28.45,29.70,29.70,29.90,13,244,7008.00,
517411,SHYAM TELEC.,B ,Q,12.55,12.55,12.55,12.55,12.55,13.20,4,120,1506.00,
517415,LEE&NEE SOFT,X ,Q,11.70,11.90,11.19,11.28,11.28,11.38,203,25987,302985.00,
517417,PATEL AIRTEM,X ,Q,208.60,209.00,205.25,206.05,206.05,208.70,35,1214,252633.00,
517421,BFLYGANDHI  ,B ,Q,1158.50,1164.10,1101.00,1105.05,1117.80,1145.75,253,781,880870.00,
517429,ATHENAGLO   ,X ,Q,69.00,72.45,67.95,72.45,72.45,69.00,65,20807,1427067.00,
517431,NARMADA MACP,XT,Q,7.16,7.16,7.16,7.16,7.16,6.82,6,54,386.00,
517447,R.S.SOFTWARE,B ,Q,25.95,26.25,25.30,25.45,25.50,25.70,259,5048,129884.00,
517449,MAGNA ELECTR,X ,Q,179.95,179.95,167.20,170.05,170.05,172.95,22,969,164756.00,
517467,MARSONS     ,Z ,Q,8.80,8.80,8.36,8.36,8.36,8.80,19,2153,18032.00,
517477,ELNET TECH. ,X ,Q,138.90,151.65,133.50,150.15,150.80,134.35,217,14988,2208459.00,
517494,ACCEL       ,X ,Q,19.20,19.20,18.55,18.90,18.95,18.70,55,6964,130896.00,
517498,WEBELSOLAR  ,B ,Q,83.85,87.05,80.95,84.15,84.15,82.95,485,23436,1961156.00,
517500,ROTO PUMPS  ,B ,Q,494.55,496.75,470.80,476.85,470.80,500.40,1105,4494,2179253.00,
517506,TTK PRESTIGE,A ,Q,806.00,834.45,806.00,831.45,823.00,807.00,948,4165,3449704.00,
517514,DHINDIA     ,X ,Q,25.20,25.40,24.10,24.25,25.40,24.15,12,1601,39771.00,
517522,RAJ GLO WIR ,B ,Q,672.00,721.50,664.80,711.35,711.35,665.15,2852,50620,35013771.00,
517530,SURANATP    ,B ,Q,10.18,10.39,9.83,9.88,9.83,10.09,43,9005,90644.00,
517536,ONWARD TECHN,B ,Q,289.05,289.35,276.80,279.05,279.50,286.55,78,414,117341.00,
517544,CENTUM ELEC ,B ,Q,413.00,415.65,396.00,402.85,402.85,412.50,64,200,81548.00,
517546,ALFA TRANSFO,X ,Q,6.77,7.44,6.77,6.80,6.80,6.77,4,397,2698.00,
517554,NHCFOODS    ,X ,Q,18.45,18.75,17.80,18.30,18.30,17.80,40,2527,46021.00,
517556,PVP VENT LTD,B ,Q,5.15,5.18,5.01,5.18,5.18,4.94,15,5755,29461.00,
517562,TRIGYN TECH ,B ,Q,101.50,102.00,97.00,98.45,97.00,100.35,386,4657,465686.00,
517569,KEI INDUST. ,A ,Q,1170.00,1178.05,1106.65,1151.75,1155.00,1169.15,1432,7309,8312625.00,
517571,IMPPOWERS   ,T ,Q,10.77,11.59,10.77,11.39,11.39,11.10,5,415,4681.00,
518011,KEERTHI     ,XT,Q,134.45,134.45,125.65,134.45,134.45,131.00,4,65,8730.00,
518029,GUJ.SIDH.CEM,B ,Q,33.80,34.10,32.60,32.80,32.75,33.70,178,5316,177011.00,
518075,SURAJ PRODUC,Z ,Q,76.95,84.00,76.95,83.70,83.85,80.95,47,2037,163540.00,
518091,ANJANI PORTL,B ,Q,213.00,213.00,204.50,206.75,207.05,207.95,34,210,43319.00,
519003,MODINATURAL ,X ,Q,182.95,182.95,167.00,170.30,170.30,180.00,83,4917,864473.00,
519091,TASTY BITE  ,A ,Q,9743.75,9800.00,9314.00,9390.55,9387.60,9830.30,139,187,1790898.00,
519097,RITESH INTER,XT,Q,46.90,47.00,44.40,45.55,46.25,46.70,87,16648,748507.00,
519105,AVT NATURAL ,B ,Q,97.75,97.75,93.50,94.15,94.15,94.50,279,8561,809739.00,
519126,HIND.FOODS  ,A ,Q,1775.75,1798.30,1750.00,1753.45,1750.05,1777.10,183,485,854281.00,
519136,NAHAR INDUST,B ,Q,129.60,134.00,125.00,126.35,125.00,128.45,967,8345,1083992.00,
519152,VADILAL ENT ,XT,Q,1875.00,1875.00,1761.85,1761.85,1761.85,1848.90,5,6,11130.00,
519156,VADILAL IND ,B ,Q,2097.00,2138.60,2027.75,2051.65,2027.75,2101.50,1318,5044,10462253.00,
519174,ASHIANA AGRO,XT,Q,6.83,6.83,6.51,6.51,6.51,6.51,3,22,144.00,
519183,ADF FOODS LT,B ,Q,734.75,734.75,715.00,723.10,719.40,730.40,68,892,642872.00,
519191,RGRL        ,X ,Q,10.50,10.53,9.40,10.11,10.05,10.19,63,5045,51423.00,
519214,WILLIAM.FIN.,X ,Q,3.59,3.59,3.59,3.59,3.59,3.42,3,7443,26720.00,
519216,AJANTA SOYA ,X ,Q,51.95,53.35,51.15,53.35,53.35,50.85,720,148138,7830567.00,
519224,WILLIAM.MAGO,B ,Q,20.40,23.90,20.40,23.45,23.45,20.00,798,154795,3581833.00,
519230,RICHIRICH   ,X ,Q,3.45,3.49,3.19,3.24,3.21,3.35,18,1491,5056.00,
519234,SIEL        ,XT,Q,39.50,41.20,39.50,40.00,40.00,39.25,9,258,10320.00,
519260,SANWARIA    ,Z ,Q,0.88,0.88,0.82,0.86,0.86,0.84,141,325198,275010.00,
519262,PRIMA AGRO L,XT,Q,28.80,28.80,27.00,27.00,27.00,27.90,8,675,18435.00,
519285,TARAI FOODS ,XT,Q,4.65,4.65,4.65,4.65,4.65,4.89,8,750,3487.00,
519287,MODERN DAIRI,X ,Q,8.19,8.29,8.02,8.25,8.25,7.80,61,10783,87704.00,
519295,BAMBINO AGRO,X ,Q,265.00,274.00,265.00,270.00,270.00,271.20,15,204,55025.00,
519299,PRIME INDS. ,Z ,Q,5.85,5.85,5.44,5.44,5.44,5.72,18,2603,14596.00,
519307,VIKAS WSP   ,Z ,Q,2.35,2.44,2.30,2.39,2.39,2.35,87,51403,123194.00,
519331,VSF PROJ    ,X ,Q,23.00,29.65,23.00,26.50,27.70,26.55,20,917,21319.00,
519359,POONA DAL   ,X ,Q,61.30,61.30,56.80,58.90,57.15,59.05,59,3432,202078.00,
519367,TRANSGL.FOOD,X ,Q,76.00,76.00,76.00,76.00,76.00,74.00,4,13,988.00,
519383,ANIK INDS   ,B ,Q,28.30,28.30,27.95,27.95,27.95,27.75,22,1047,29492.00,
519397,SHARAT INDUS,XT,Q,47.60,47.60,44.00,46.00,46.00,46.20,23,1358,63420.00,
519421,KSE LIMITED ,XT,Q,1874.75,1899.80,1854.00,1865.90,1890.00,1874.75,16,47,88121.00,
519455,NARBADA     ,X ,Q,42.00,42.00,32.35,36.50,36.50,35.60,22,395,13740.00,
519457,VIRAT CRANE ,X ,Q,29.25,29.25,27.05,28.75,28.70,27.55,27,3117,89108.00,
519471,AMBARPIL    ,XT,Q,55.40,55.40,55.40,55.40,55.40,52.80,1,20,1108.00,
519475,CHORDIA FOOD,X ,Q,126.50,126.50,120.00,122.00,122.00,125.00,47,15281,1872339.00,
519477,CIANAGRO    ,XT,Q,64.60,64.60,62.70,64.50,64.50,65.95,5,380,24374.00,
519483,TAI INDUST. ,X ,Q,28.05,28.05,27.35,28.00,28.00,28.40,31,7103,194879.00,
519500,BKV INDUSTRS,XT,Q,7.60,7.80,7.08,7.60,7.60,7.45,28,1826,13411.00,
519532,ASIAN TEA   ,X ,Q,14.30,14.90,14.20,14.80,14.80,14.00,99,24309,349944.00,
519552,HERITGFOOD  ,A ,Q,269.95,271.15,263.05,265.05,270.00,269.25,405,3206,858296.00,
519566,SIMRAN FARMS,X ,Q,126.50,129.00,122.25,124.40,124.20,127.30,60,2720,346516.00,
519588,DFM FOODS   ,B ,Q,202.90,208.45,202.00,207.15,207.80,202.95,171,1941,399693.00,
519600,CCL PRODUCTS,A ,Q,384.70,389.15,379.10,382.70,380.20,382.55,1781,17507,6717784.00,
519602,KELLTONTEC  ,B ,Q,72.00,78.15,71.50,71.95,72.00,73.20,1335,37032,2703848.00,
519604,SURYO FOODS ,XT,Q,7.00,7.00,7.00,7.00,7.00,7.00,3,30,210.00,
520008,RICO AUTO   ,B ,Q,43.15,43.65,41.95,42.05,42.35,43.10,1041,53651,2281513.00,
520021,OMAX AUTOS. ,B ,Q,49.35,50.25,49.35,50.05,50.10,49.90,36,797,39815.00,
520043,MUNJAL SHOWA,B ,Q,101.15,101.90,99.00,100.00,99.85,100.80,197,2097,210277.00,
520051,JAMNA AUTO  ,A ,Q,121.70,124.70,120.95,122.20,122.10,120.95,2854,180882,22184818.00,
520056,SUNDAR.CLAY ,A ,Q,4336.05,4410.00,4334.00,4372.15,4372.15,4301.85,113,288,1264507.00,
520057,JTEKTINDIA  ,A ,Q,76.85,79.30,75.40,76.60,76.60,77.75,816,32304,2492735.00,
520059,MUNAUTO     ,B ,Q,43.00,44.15,42.85,43.00,43.10,43.05,303,10620,459852.00,
520066,JAYBH.MARUTI,B ,Q,144.20,144.85,140.50,142.35,142.50,142.15,91,2275,325624.00,
520073,RACLGEAR    ,X ,Q,545.05,545.05,531.50,537.45,535.00,552.50,98,1606,865859.00,
520075,SAMKRG PIST.,X ,Q,140.90,141.95,138.05,139.10,139.05,140.90,37,2629,369340.00,
520086,SICAL LOG   ,T ,Q,8.23,8.25,8.00,8.00,8.00,8.06,54,22814,184694.00,
520111,RATNAMNI MET,A ,Q,1799.00,1920.00,1605.00,1648.70,1648.70,2495.00,4992,22838,40527210.00,
520113,VESUVIUS IND,A ,Q,1047.45,1048.20,1020.40,1029.45,1036.85,1034.10,77,333,343204.00,
520119,AUTOMOTIVE S,B ,Q,463.60,463.60,452.00,463.60,463.60,441.55,370,39462,18290303.00,
520121,ARCEE INDUST,X ,Q,9.68,9.68,9.68,9.68,9.68,9.22,3,350,3388.00,
520123,ABC INDIA   ,X ,Q,82.25,85.00,78.10,78.35,78.10,83.90,33,1978,157561.00,
520127,BALURGHAT TE,X ,Q,8.42,8.42,8.42,8.42,8.42,8.89,2,114,959.00,
520131,COASTAL ROAD,P ,Q,22.15,22.15,21.00,22.15,22.15,22.00,9,1100,23750.00,
520141,SIBAR AUTO  ,X ,Q,8.19,8.19,7.64,8.00,8.00,8.19,10,733,5740.00,
520151,SHREY SH LOG,B ,Q,299.85,304.70,288.85,297.90,298.80,300.40,433,4035,1204263.00,
520155,STARLOG     ,X ,Q,10.17,10.88,10.17,10.19,10.18,10.70,13,3655,37292.00,
521005,TITANIN     ,X ,Q,17.60,17.60,17.60,17.60,17.60,18.50,60,1622,28547.00,
521016,INDO COUNT  ,A ,Q,133.70,136.35,130.10,131.25,131.25,134.30,1206,32367,4305119.00,
521018,MARAL OVERS ,B ,Q,70.95,70.95,69.00,69.00,69.00,70.35,14,282,19677.00,
521034,SOMA TEXTILE,B ,Q,6.74,6.74,6.23,6.62,6.63,6.44,16,1432,9365.00,
521048,ADV LIFESTY ,XT,Q,55.00,55.65,55.00,55.65,55.65,53.00,17,585,32539.00,
521054,KAKATIYA TEX,XT,Q,20.15,20.49,18.76,18.76,18.76,19.74,70,5651,108096.00,
521062,OCTAVE      ,XT,Q,2.30,2.40,2.30,2.40,2.40,2.42,8,1016,2338.00,
521064,TRIDENT     ,A ,Q,39.00,39.80,37.95,38.70,38.70,39.00,10060,1015946,39308787.00,
521070,ALOK INDS.  ,T ,Q,21.40,22.10,21.30,21.95,21.95,21.05,1506,598592,13062598.00,
521080,PASARI SPIN ,XT,Q,4.24,4.25,4.10,4.25,4.25,4.05,25,4128,17495.00,
521082,SPENTEX INDS,Z ,Q,2.28,2.28,2.25,2.28,2.28,2.18,4,3240,7372.00,
521097,AMARJOTHI SP,X ,Q,169.90,170.00,160.20,162.40,161.00,164.95,31,698,114489.00,
521105,OLYMPIA IND.,X ,Q,38.45,38.45,34.25,37.90,37.90,33.60,9,390,14639.00,
521109,NAGREEKA EXP,B ,Q,32.55,33.00,30.80,32.35,32.60,31.85,95,3551,115188.00,
521113,SUDITI IND. ,X ,Q,36.30,36.30,36.30,36.30,36.30,38.00,1,1,36.00,
521131,SBFL        ,X ,Q,12.50,12.50,12.50,12.50,12.50,12.50,1,1,12.00,
521141,ADITYA SPIN.,XT,Q,14.60,15.70,14.60,15.60,15.60,15.35,19,286,4393.00,
521151,DHANLXMI FAB,X ,Q,66.85,66.85,66.85,66.85,66.85,63.70,29,5835,390069.00,
521161,SRI LAK.SAR.,X ,Q,59.40,59.40,48.10,48.40,48.20,52.00,18,179,8780.00,
521163,ZODIAC CLOTH,B ,Q,86.50,86.90,82.00,82.60,82.00,86.10,122,5511,460005.00,
521178,SRI RAMK.MIL,X ,Q,34.90,34.90,28.25,29.55,28.25,30.95,14,283,8783.00,
521180,SUPER SPIN. ,B ,Q,9.80,10.19,9.60,10.02,10.02,9.87,70,10654,105775.00,
521188,UNITED TEXT.,XT,Q,9.87,9.87,8.93,9.15,9.15,9.40,16,495,4775.00,
521194,SIL INVEST  ,B ,Q,281.50,281.50,278.25,280.10,280.10,278.00,18,392,109639.00,
521200,SURYLAK.COTT,B ,Q,62.65,62.65,59.10,59.85,59.80,60.40,5,14,862.00,
521206,SAMTEX FASH.,X ,Q,3.10,3.23,3.10,3.23,3.23,3.08,34,14961,48131.00,
521210,CITYMAN     ,XT,Q,6.30,6.30,6.30,6.30,6.30,6.30,1,1,6.00,
521216,DHAN ROTO SP,X ,Q,84.45,84.85,76.15,80.00,80.00,82.90,27,1439,114306.00,
521220,DAMOINDUS   ,B ,Q,42.95,44.05,42.95,43.55,43.95,43.35,38,1025,44563.00,
521226,UNI ROYAL IN,X ,Q,14.85,14.85,14.85,14.85,14.85,14.15,1,1,14.00,
521228,TATIA GLOB  ,X ,Q,1.55,1.55,1.50,1.55,1.55,1.48,121,88185,136361.00,
521232,SUNIL INDUS.,P ,Q,34.15,34.15,34.15,34.15,34.15,35.90,1,100,3415.00,
521234,SRI NACHAMAI,X ,Q,54.00,54.00,50.00,52.80,50.00,55.00,8,164,8641.00,
521240,SAMBANDAM SP,X ,Q,191.00,191.00,177.00,189.95,189.95,179.60,4,13,2396.00,
521248,KITEX GARMEN,B ,Q,218.45,228.95,218.45,222.70,227.50,224.25,779,14755,3310110.00,
522001,CRANEX LTD. ,X ,Q,15.30,17.10,15.30,16.35,16.35,15.70,24,5099,85192.00,
522004,BATLIBOI LTD,X ,Q,34.50,34.90,33.25,33.95,34.00,33.50,25,618,20980.00,
522005,AUSTIN ENGG.,X ,Q,60.05,62.90,59.00,62.80,62.80,59.55,16,1205,74702.00,
522014,UNITED DRILL,B ,Q,385.20,411.60,385.20,395.30,397.70,398.45,210,2014,803211.00,
522017,FLUIDOMAT   ,X ,Q,141.20,144.45,140.40,141.95,142.00,141.80,67,1486,210092.00,
522029,WINDSOR MACH,B ,Q,32.30,32.45,31.10,31.80,32.25,32.10,114,32405,1039197.00,
522034,SHANTHI GEAR,B ,Q,218.35,220.55,212.90,217.15,217.15,216.60,304,3336,721534.00,
522064,HONDAPOWER  ,B ,Q,1534.80,1534.80,1470.00,1476.85,1485.85,1471.05,425,1644,2440732.00,
522073,HITECHGEAR  ,B ,Q,185.60,189.55,182.05,182.85,182.30,186.65,107,638,118036.00,
522074,ELGI EQUIP  ,A ,Q,363.50,370.85,356.70,359.75,358.40,369.75,1904,25959,9424625.00,
522101,KILBURN ENGG,X ,Q,34.50,34.60,33.00,34.50,34.50,33.60,43,8871,302273.00,
522105,BIRLA PRETEC,XT,Q,31.45,32.00,29.65,30.00,30.00,31.20,262,37764,1158272.00,
522108,YUKEN INDIA ,B ,Q,444.30,470.00,440.05,466.35,470.00,446.25,42,433,194025.00,
522113,TIMKEN (I)  ,A ,Q,2392.70,2482.15,2358.00,2372.25,2398.00,2438.75,1712,7745,18733812.00,
522122,VOITH PAPER ,X ,Q,1019.00,1023.95,1001.05,1008.05,1015.00,1010.30,15,114,115323.00,
522134,ARTSON ENG  ,X ,Q,79.00,80.25,75.05,76.60,77.40,77.05,135,5416,423823.00,
522152,SOLITAIR MC ,X ,Q,56.00,56.45,54.50,56.30,56.30,55.85,17,328,18116.00,
522165,INDSIL HYD  ,X ,Q,72.90,72.90,67.15,70.55,70.30,69.45,255,28272,1998738.00,
522183,ITL INDUSTRS,X ,Q,117.00,118.00,112.55,114.00,112.55,115.60,21,520,59356.00,
522195,FRONTIER SPR,X ,Q,290.00,295.00,272.00,279.70,279.70,282.20,78,1067,301043.00,
522205,PRAJ IND.LTD,A ,Q,355.00,368.35,354.85,363.35,363.35,358.15,2459,67117,24270391.00,
522207,RASANDIK ENG,X ,Q,92.00,92.00,89.00,91.95,91.95,87.65,43,3129,286139.00,
522209,YOGI SUNGWON,X ,Q,5.40,5.40,5.40,5.40,5.40,5.40,1,10,54.00,
522215,HLEGLAS     ,A ,Q,3301.20,3329.60,3240.05,3286.30,3261.00,3291.80,125,208,683049.00,
522217,GUJ APOIND  ,B ,Q,200.75,202.40,194.55,195.60,194.55,199.95,109,615,122241.00,
522229,TANEJA AERO.,X ,Q,112.90,112.90,108.15,109.05,108.15,111.90,145,5777,636317.00,
522231,CONART ENG. ,X ,Q,35.90,35.90,34.15,34.45,34.15,35.90,6,824,29050.00,
522241,M.M.FORGINGS,B ,Q,839.95,844.75,830.50,836.90,837.00,839.00,79,651,544998.00,
522249,MAYUR UNIQ. ,A ,Q,357.45,362.50,351.00,352.15,351.75,357.95,545,8177,2921902.00,
522251,CENLUB INDUS,X ,Q,110.85,132.00,110.85,119.75,119.50,111.15,370,27448,3355193.00,
522257,RAJOO ENGIN.,X ,Q,32.40,32.95,31.90,32.05,31.95,32.40,197,50411,1628291.00,
522263,JMC PROJECTS,B ,Q,75.90,76.55,75.20,76.00,76.05,75.25,114,1457,110573.00,
522273,AHMED.STEEL ,X ,Q,17.95,18.95,16.20,17.80,17.80,17.95,14,637,10770.00,
522275,GET&D       ,A ,Q,98.00,99.15,97.50,97.60,97.55,98.80,36,391,38453.00,
522281,RAM RAT.WIRE,X ,Q,168.50,172.50,158.70,162.80,163.00,167.15,135,7922,1314428.00,
522285,JAY NECO IND,B ,Q,22.50,22.50,21.30,21.45,21.70,21.75,88,12538,270021.00,
522287,KALPA.POWER ,A ,Q,355.55,357.60,349.85,355.65,355.20,355.55,526,4911,1742186.00,
522289,NMSRESRC    ,XT,Q,26.10,26.10,26.00,26.00,26.00,25.30,9,651,16959.00,
522292,CANDOUR     ,X ,Q,45.45,45.45,43.00,43.70,43.90,43.80,60,3035,132660.00,
522294,T & I GLOBAL,X ,Q,76.00,77.80,73.45,77.80,77.80,76.05,27,2081,159480.00,
522295,CONTROL PRNT,B ,Q,448.50,452.50,432.65,443.20,448.85,443.70,151,1989,876232.00,
522650,BEMCO HYDRAU,XT,Q,315.00,315.00,315.00,315.00,315.00,300.00,36,910,286650.00,
523007,ANSAL BUILD.,X ,Q,89.40,89.40,81.00,81.70,81.70,80.55,18,1151,94125.00,
523011,WEIZMANN LTD,B ,Q,46.80,46.90,45.10,45.80,45.80,46.25,103,2936,134699.00,
523019,B.N.RATHI SE,X ,Q,32.00,33.40,32.00,32.45,32.45,32.70,100,15280,502202.00,
523021,RISHITECH   ,X ,Q,27.80,27.90,24.00,24.40,24.40,25.10,33,2211,55508.00,
523023,SINCLAIR HOT,X ,Q,82.50,84.00,81.05,82.05,82.00,82.45,140,16106,1334135.00,
523025,SAFARI IND. ,B ,Q,933.35,944.05,914.45,922.80,920.00,923.45,74,320,294535.00,
523062,JJ FINANCE  ,XT,Q,33.30,33.30,33.30,33.30,33.30,33.30,3,16,532.00,
523100,COSMO FERR. ,X ,Q,472.75,475.40,461.05,474.15,475.00,459.15,187,6021,2835373.00,
523113,FUTURA SEC. ,XT,Q,10.45,10.45,10.45,10.45,10.45,11.00,1,10,104.00,
523116,SANCO TRANS ,X ,Q,703.90,703.90,703.90,703.90,703.90,670.55,1,10,7039.00,
523120,ADOR MULTI. ,X ,Q,51.40,55.90,50.70,55.55,55.55,53.40,25,14120,782081.00,
523127,EIH ASSO.HOT,B ,Q,370.00,370.00,357.00,362.50,364.50,365.10,62,1095,393984.00,
523144,MEDI CAPS   ,X ,Q,43.35,46.85,43.35,45.40,45.95,45.00,114,4397,201012.00,
523151,OTCO INTERN.,X ,Q,5.39,5.39,5.00,5.34,5.34,5.28,18,1560,8276.00,
523160,MORGAN CRU  ,X ,Q,1000.20,1073.95,1000.20,1039.35,1039.35,991.00,123,1223,1280822.00,
523164,SIP INDUST. ,Z ,Q,4.72,4.72,4.60,4.60,4.60,4.50,12,425,1970.00,
523186,BA PACK     ,XT,Q,202.90,204.55,192.10,204.20,204.55,194.85,57,3731,760574.00,
523204,ABAN OFFSHO ,B ,Q,45.90,46.05,43.75,44.20,44.15,45.40,599,12399,553005.00,
523207,KOKUYOCMLN  ,B ,Q,56.95,57.50,55.90,56.85,56.30,56.85,133,2532,143354.00,
523229,BHARAT SEATS,X ,Q,76.70,78.80,76.50,77.05,77.85,77.05,189,19243,1488447.00,
523232,CONT.PETRO  ,XT,Q,41.70,41.80,40.50,40.50,40.50,40.90,7,216,8908.00,
523248,MACHINO PLAS,X ,Q,102.70,102.70,102.70,102.70,102.70,102.70,1,1,102.00,
523260,PEARL POLYME,B ,Q,22.65,22.65,21.80,22.00,22.00,21.85,179,7266,160840.00,
523261,VENKEY'S (I),A ,Q,1920.00,1935.10,1889.50,1903.70,1901.40,1918.05,157,641,1228738.00,
523269,ADVANI HOTEL,B ,Q,67.25,67.25,65.90,66.25,66.90,67.20,35,779,51595.00,
523277,G.V.FILMS   ,X ,Q,0.88,0.90,0.83,0.87,0.87,0.88,2545,2340200,2028210.00,
523283,SUPER HOUSE ,B ,Q,170.55,173.10,170.30,172.60,172.60,175.65,8,20,3431.00,
523289,RAMA VISION ,X ,Q,19.50,21.00,19.50,19.75,19.75,21.15,26,3172,63069.00,
523301,TCPL PACK   ,B ,Q,883.95,884.15,840.00,845.95,840.00,874.65,140,692,596732.00,
523309,SHRIGANG IND,XT,Q,34.65,34.65,34.65,34.65,34.65,33.00,1,25,866.00,
523319,BALMER LAWRI,A ,Q,108.50,109.70,108.35,108.40,108.60,108.60,276,3925,427585.00,
523323,KOVAI MEDI. ,B ,Q,1439.95,1468.00,1434.15,1457.10,1462.00,1422.55,172,685,987419.00,
523329,ELDECO HOUS.,B ,Q,540.00,553.25,538.00,545.20,545.20,556.45,49,285,155864.00,
523351,STD SHOE    ,P ,Q,20.56,20.56,20.56,20.56,20.56,19.59,2,600,12336.00,
523367,DCMSHRIRAM  ,A ,Q,941.95,956.95,941.00,946.00,946.00,948.50,353,2089,1978739.00,
523369,DCM SHR.IND ,B ,Q,76.50,79.60,75.05,75.65,75.65,79.50,468,12840,992436.00,
523371,MAWANA SUGAR,B ,Q,103.70,104.20,99.80,100.30,99.80,103.55,585,10630,1075554.00,
523373,MINI DIAMOND,XT,Q,16.45,17.25,16.45,17.15,17.15,16.45,23,2708,46611.00,
523384,MAH.RAS.APEX,B ,Q,78.60,78.90,74.10,77.85,78.00,73.00,120,1922,146406.00,
523385,NILKAMAL L  ,A ,Q,1915.00,1922.00,1890.10,1922.00,1922.00,1906.20,46,103,197580.00,
523391,NAHAR POLY  ,B ,Q,388.90,388.90,377.00,382.05,383.00,370.40,1057,14537,5627303.00,
523395,3M INDIA LTD,A ,Q,22300.00,22784.65,21576.15,21869.85,21869.85,22411.75,351,486,10702061.00,
523398,JCHAC       ,A ,Q,1516.95,1555.00,1458.30,1474.80,1480.00,1507.30,371,944,1406251.00,
523405,JM FINANCIAL,A ,Q,60.95,61.95,60.35,61.15,60.55,61.00,1083,32221,1972688.00,
523411,ADCINDIA    ,X ,Q,325.00,353.00,325.00,336.10,336.05,324.00,99,1281,435168.00,
523419,TAMIL.TELE. ,T ,Q,7.27,7.34,6.91,7.00,7.34,7.27,13,1897,13336.00,
523445,REL INDL INF,A ,Q,953.80,996.00,946.65,952.05,952.05,954.20,8197,181162,175255191.00,
523449,SHARP INDIA ,X ,Q,57.00,57.00,55.00,55.20,55.00,55.45,13,348,19241.00,
523457,LINDEINDIA  ,A ,Q,3265.00,3296.75,3180.00,3196.80,3180.00,3258.65,1195,3698,11974708.00,
523465,IND.BANK HSG,B ,Q,26.40,28.00,26.40,28.00,28.00,28.00,3,510,14109.00,
523475,LOTUS CHOC  ,X ,Q,135.30,136.50,133.15,134.10,136.40,138.05,28,3035,413597.00,
523483,PACIFIC IND.,X ,Q,366.45,377.95,366.00,370.30,370.10,372.50,10,268,98835.00,
523489,CMM HOSPITAL,X ,Q,19.65,19.65,17.10,18.75,18.75,19.25,26,1904,34612.00,
523519,UNI OFF AUTO,X ,Q,4.44,4.65,4.22,4.23,4.23,4.44,29,3798,17103.00,
523537,APM INDUS.  ,X ,Q,44.60,44.60,42.45,43.80,44.00,44.10,90,4708,206498.00,
523539,PRECISION WR,B ,Q,64.00,64.90,62.50,64.35,64.75,64.05,147,4043,257868.00,
523550,KRYPTON IND ,X ,Q,24.40,24.40,23.50,24.05,24.05,23.90,31,3544,85040.00,
523558,SWISSMLTRY  ,X ,Q,24.60,26.35,24.60,25.10,25.35,25.10,249,63214,1599651.00,
523566,MARTIN BURN ,X ,Q,35.00,38.00,35.00,38.00,38.00,37.40,7,102,3820.00,
523574,FEL         ,B ,Q,3.13,3.13,2.96,2.98,2.98,3.04,102,41617,124603.00,
523586,IND.TONERS  ,X ,Q,156.05,159.00,155.05,159.00,159.00,156.20,26,1148,179364.00,
523594,KUNSTSTOFFE ,X ,Q,20.00,20.10,20.00,20.05,20.05,20.65,8,255,5104.00,
523598,SHIPP.CORPN ,A ,Q,97.55,97.95,97.20,97.65,97.40,96.40,442,30002,2929494.00,
523606,SIKA INTER. ,X ,Q,780.00,780.00,730.00,743.00,732.00,769.35,70,851,643139.00,
523610,ITI LTD.    ,A ,Q,101.60,104.40,100.10,100.65,100.65,102.10,1934,72953,7428144.00,
523618,DREDGING COR,B ,Q,267.55,270.05,259.30,261.40,261.95,266.30,234,1968,520784.00,
523620,PHARMASIA   ,XT,Q,24.90,25.55,23.20,25.50,25.50,24.35,8,123,3121.00,
523628,PODDAR      ,B ,Q,171.00,171.00,170.65,171.00,171.00,171.00,7,281,48013.00,
523630,NATIONAL FER,A ,Q,41.20,42.30,41.05,41.20,41.20,41.65,703,52295,2181483.00,
523638,IP RINGS LTD,X ,Q,110.00,113.75,110.00,113.50,113.75,108.50,7,130,14378.00,
523642,PI INDUS.LTD,A ,Q,2575.00,2603.45,2543.90,2555.45,2558.00,2580.45,494,2074,5348842.00,
523648,PLASTIBLEND ,B ,Q,196.45,199.00,195.10,197.65,198.45,195.60,26,328,64618.00,
523650,YASHINNO    ,XT,Q,24.15,24.95,24.10,24.30,24.95,23.80,18,2086,50673.00,
523652,KKPLASTICK  ,XT,Q,17.10,17.10,17.10,17.10,17.10,17.10,4,85,1453.00,
523660,WATERBASE   ,B ,Q,77.20,82.45,77.00,79.60,79.00,77.60,344,9961,805101.00,
523672,FLEX FOODS  ,X ,Q,88.80,89.00,84.35,85.80,86.50,87.05,52,2539,220978.00,
523676,GOLKUNDA DIA,X ,Q,81.40,81.40,75.00,79.00,79.00,79.00,33,1430,111153.00,
523694,APCOTEX IND ,A ,Q,600.30,612.45,589.45,591.50,593.10,600.30,1042,11079,6632382.00,
523696,FORTIS MLR  ,X ,Q,53.50,54.75,53.00,53.30,53.30,53.50,11,1773,94667.00,
523704,MASTEK LTD  ,A ,Q,2092.70,2160.00,2067.20,2141.75,2141.45,2075.50,935,3980,8443736.00,
523708,EIMCO ELECON,B ,Q,386.85,396.35,376.35,377.45,376.35,386.70,91,1339,516249.00,
523710,SAYAJI HOTEL,XT,Q,219.95,222.00,214.00,216.00,216.00,211.50,20,1308,285410.00,
523716,ASHIANA HOU ,B ,Q,127.90,128.30,123.35,125.00,123.35,127.25,87,1698,215517.00,
523722,SVAM SOFTWAR,X ,Q,5.75,5.76,5.44,5.69,5.70,5.64,83,6000,34007.00,
523732,ECO BOARD IN,X ,Q,22.25,22.25,20.60,20.95,20.95,21.25,27,2135,44640.00,
523736,DVL         ,B ,Q,216.90,216.90,197.00,198.30,197.00,201.95,127,1622,329795.00,
523754,MAHEPC      ,B ,Q,99.45,99.95,97.90,98.45,97.90,99.45,101,1967,194065.00,
523756,SREIINFRA   ,T ,Q,4.00,4.00,3.90,3.99,3.95,4.05,133,39233,156129.00,
523782,MITSHI      ,X ,Q,9.52,9.92,9.52,9.92,9.92,9.52,6,324,3207.00,
523790,SHUKRA JEW  ,P ,Q,6.30,6.30,6.30,6.30,6.30,6.25,1,11500,72450.00,
523792,MAZDA LTD   ,B ,Q,551.25,560.95,551.25,560.95,560.95,556.35,7,15,8392.00,
523796,VICEROY HOTE,Z ,Q,2.09,2.15,2.09,2.09,2.09,2.19,47,48636,102327.00,
523826,SOVEREIGN DI,X ,Q,11.90,12.70,11.90,12.55,12.55,12.20,5,203,2561.00,
523828,MENON BEAR. ,B ,Q,76.25,78.05,74.10,74.75,75.05,75.85,110,4169,316252.00,
523832,MUKAT PIPES ,XT,Q,8.05,8.30,8.05,8.30,8.30,8.47,6,292,2363.00,
523838,SIMPLX INFRA,B ,Q,59.05,60.50,57.50,58.50,58.60,59.20,70,1848,108581.00,
523840,INN.TECH.PAC,X ,Q,15.95,16.50,15.00,15.20,15.00,15.95,37,3826,59109.00,
523842,SUPER TANNER,X ,Q,6.75,6.85,6.10,6.26,6.26,6.24,187,35081,225200.00,
523844,CONSTRONIC  ,XT,Q,7.49,7.49,7.49,7.49,7.49,7.88,8,692,5183.00,
523850,AXTEL INDUS.,X ,Q,247.85,247.85,230.00,232.95,236.00,237.05,142,3974,932097.00,
523862,PIFL        ,XT,Q,10.45,11.00,10.45,11.00,11.00,11.00,2,110,1155.00,
524000,POONAWALLA  ,A ,Q,231.00,232.50,225.10,227.50,227.50,230.25,1712,92385,21121856.00,
524013,HIND.FLUROCA,B ,Q,10.27,10.27,9.63,10.11,10.15,9.92,40,1729,16857.00,
524019,KINGFA      ,B ,Q,901.45,915.00,901.45,908.35,906.10,899.25,40,467,423655.00,
524031,PATIDAR     ,X ,Q,5.67,5.67,5.39,5.39,5.39,5.67,4,625,3397.00,
524037,RAMA PHOSPH ,X ,Q,289.75,289.75,275.25,277.10,277.10,283.40,189,7404,2080258.00,
524038,VENLON ENTR ,X ,Q,6.70,6.70,6.08,6.10,6.08,6.40,21,8713,53111.00,
524051,POLYPLEX    ,A ,Q,2334.00,2349.55,2186.30,2204.40,2204.40,2326.80,1735,10772,24424363.00,
524075,ALBERT DAVID,B ,Q,527.65,535.55,518.00,519.10,519.10,528.50,33,99,51659.00,
524080,HAR.LEATHER ,XT,Q,35.40,38.35,35.40,38.35,38.35,37.25,2,2,73.00,
524091,ACRYCIL LTD.,A ,Q,632.70,647.70,609.90,627.90,627.90,633.05,3017,38036,23844272.00,
524109,KABRA EXTR  ,B ,Q,342.50,345.25,321.25,324.90,328.90,342.50,1404,13355,4449254.00,
524129,VINYL CHEM  ,B ,Q,263.95,274.45,263.95,270.55,270.40,263.90,764,4738,1283408.00,
524136,PEE CEE COSM,X ,Q,110.00,110.70,107.25,107.25,107.25,113.00,6,46,5061.00,
524156,T C M LTD.  ,X ,Q,39.40,39.65,38.90,39.65,39.65,37.80,62,24061,951600.00,
524164,IOL CHEM PH ,A ,Q,333.40,337.40,321.65,325.40,323.30,330.15,747,8274,2739008.00,
524200,VINATI ORG. ,A ,Q,1931.30,1990.00,1906.60,1982.30,1977.95,1931.30,1009,4229,8260924.00,
524202,LACTOSE(I)  ,XT,Q,62.50,64.00,62.25,63.35,63.10,61.40,35,5663,356244.00,
524208,AARTI INDUST,A ,Q,702.00,706.75,690.55,698.65,698.65,702.85,4443,117385,82314246.00,
524212,WANBURY LTD ,T ,Q,65.80,67.65,64.75,65.00,64.75,67.75,27,3882,255413.00,
524218,RESONANCE   ,X ,Q,176.25,176.25,164.20,167.80,166.00,168.85,56,940,157005.00,
524226,GUJ AMB EXP ,A ,Q,276.75,285.50,273.45,282.50,282.40,276.75,1293,22297,6246650.00,
524230,RASHTR.CHEM.,A ,Q,78.90,80.45,77.60,78.10,78.10,78.90,3053,215678,17038407.00,
524280,KOPRAN LTD. ,B ,Q,205.50,206.95,197.00,199.20,197.00,204.80,462,4138,839657.00,
524288,AIMCO PESTI.,X ,Q,141.00,144.00,137.00,138.25,138.25,142.10,116,10124,1421228.00,
524314,GUJ.TERC LAB,XT,Q,34.20,34.20,33.00,33.65,33.65,34.70,87,42506,1413353.00,
524324,SEYAIND     ,T ,Q,23.70,23.90,22.30,22.80,22.50,23.00,32,2422,55369.00,
524330,JAYANT AGRO ,B ,Q,202.40,203.70,200.95,201.15,201.00,203.40,42,535,107976.00,
524332,BCLIL       ,T ,Q,389.00,389.00,380.50,387.35,388.50,385.05,55,4058,1562493.00,
524336,SH.HARI CHEM,X ,Q,54.85,57.50,54.85,57.50,57.50,57.75,3,111,6117.00,
524342,INDOBORAXC  ,B ,Q,111.50,113.80,105.90,106.70,106.70,114.15,341,5930,651701.00,
524348,AARTI DRUGS ,A ,Q,399.60,406.00,399.60,404.15,401.00,400.30,325,2794,1126506.00,
524370,BODAL CHEM  ,A ,Q,85.80,87.30,84.30,84.50,84.30,85.75,974,15958,1362792.00,
524372,ORCHIDPHAR  ,T ,Q,277.10,289.00,277.10,280.30,279.05,289.55,45,964,272354.00,
524394,VIMTA LABS  ,B ,Q,391.55,405.00,385.40,388.45,388.45,387.60,379,4065,1608882.00,
524396,BIOFIL CHEM ,B ,Q,52.15,52.15,50.00,50.75,50.20,51.60,73,1868,95001.00,
524400,ISHITA DRUGS,X ,Q,48.00,48.00,42.65,43.15,46.00,45.10,18,473,21595.00,
524404,MARKSANS    ,A ,Q,42.70,46.60,42.70,43.70,43.40,42.35,4069,316270,14214943.00,
524408,UNIV.STARCH ,XT,Q,152.25,167.25,152.25,167.00,167.00,159.30,28,450,74849.00,
524412,AAREY DRUGS ,B ,Q,34.55,34.55,33.00,33.20,33.20,33.25,243,17464,589601.00,
524414,NORRIS MEDI.,X ,Q,10.20,10.20,9.50,9.50,9.50,10.00,17,658,6358.00,
524434,ASIAN PETRO ,XT,Q,22.70,22.70,22.05,22.65,22.65,21.70,19,872,19759.00,
524440,CAMEX LTD   ,X ,Q,26.00,27.25,25.30,25.45,25.40,26.45,12,1801,46588.00,
524444,EVEXIA      ,X ,Q,1.81,1.87,1.78,1.80,1.80,1.81,2388,2768401,5054927.00,
524458,INDOEURO    ,XT,Q,12.30,12.30,11.50,11.50,11.50,12.05,7,374,4353.00,
524470,SYNCOM FORM.,X ,Q,8.25,8.47,8.03,8.33,8.33,7.97,2609,1599504,13183856.00,
524480,RIDHI SIDHI ,X ,Q,362.95,362.95,333.10,359.50,359.50,347.65,16,163,55616.00,
524488,SVCIND      ,XT,Q,3.62,3.62,3.38,3.41,3.41,3.55,199,46265,159717.00,
524494,IPCA LAB LTD,A ,Q,893.35,913.20,888.00,891.95,906.50,896.35,770,7202,6473485.00,
524500,KILITCH DRUG,B ,Q,158.65,164.40,154.20,155.80,155.65,157.25,11,44,7033.00,
524506,CORAL LAB.  ,X ,Q,237.30,237.30,237.30,237.30,237.30,240.80,4,11,2610.00,
524516,BACIL PHARMA,XT,Q,5.89,6.00,5.89,6.00,6.00,5.88,3,101,601.00,
524518,KREBS BIOCHM,B ,Q,104.00,106.05,104.00,106.05,106.05,106.20,4,171,17792.00,
524520,KMC SHIL    ,T ,Q,56.25,57.95,56.25,57.05,56.90,58.00,287,16861,965588.00,
524522,LAFFANS PETR,X ,Q,36.50,36.90,34.00,36.00,36.00,33.10,10,198,7135.00,
524534,BHASKAR AGRO,XT,Q,50.00,50.00,50.00,50.00,50.00,49.50,1,10,500.00,
524542,SUKJIT STRCH,X ,Q,453.40,455.00,439.70,447.55,452.00,437.60,75,4026,1815322.00,
524558,NEULAND LAB.,A ,Q,1189.50,1198.10,1170.35,1178.20,1183.00,1173.70,415,1395,1647035.00,
524564,GAYATRI BIO ,XT,Q,13.35,13.35,12.70,12.90,12.70,13.35,354,37219,478061.00,
524570,PODDAR PIGM.,B ,Q,255.30,255.70,249.20,250.00,250.00,250.80,30,193,48770.00,
524572,PHARMAIDS PH,X ,Q,11.39,11.65,11.01,11.07,11.02,11.39,43,4982,56456.00,
524576,VIVID IND   ,X ,Q,26.00,26.50,25.10,25.90,25.90,26.45,44,1338,34525.00,
524582,TIRUPATI STA,XT,Q,68.55,71.85,68.50,71.85,71.85,68.55,7,331,22678.00,
524590,HEMORGANIC  ,XT,Q,42.40,42.40,42.40,42.40,42.40,44.60,130,11153,472887.00,
524592,JD ORGOCHEM ,X ,Q,4.37,4.37,4.37,4.37,4.37,4.60,6,1742,7612.00,
524594,ASHOK-ALCO  ,X ,Q,79.50,83.40,75.50,82.75,83.40,75.50,46,2290,181262.00,
524598,AKSHARCHEM I,B ,Q,280.45,281.00,271.15,276.25,272.40,276.90,57,509,141279.00,
524606,BERYL DRUGS ,X ,Q,8.06,8.60,8.06,8.60,8.60,8.48,6,73,620.00,
524614,INDXTRA     ,XT,Q,70.50,73.50,67.00,70.60,68.00,70.50,23,896,63519.00,
524624,GAGAN GASES ,X ,Q,10.35,10.35,8.50,10.19,10.19,9.12,27,3397,34478.00,
524628,PARKER AGRO.,XT,Q,8.74,8.74,8.74,8.74,8.74,8.74,1,2,17.00,
524632,SHUKRAPHAR  ,X ,Q,112.45,112.60,112.45,112.60,112.60,107.25,9,267,30049.00,
524634,ALU FLUORIDE,X ,Q,237.80,237.80,220.80,224.35,224.35,231.45,88,3884,882387.00,
524636,S.S.ORGANICS,XT,Q,23.05,24.40,23.05,24.30,24.30,23.30,4,324,7895.00,
524640,ARCHITORG   ,X ,Q,41.75,43.40,41.75,41.95,41.90,41.70,34,27202,1147141.00,
524642,SIKOZY REAL ,X ,Q,1.05,1.05,1.00,1.04,1.04,1.05,61,42577,43518.00,
524648,INDO AMINES ,B ,Q,80.20,81.25,79.00,79.60,79.10,79.25,161,4155,331102.00,
524652,IND.SWIFT LT,B ,Q,11.37,11.37,10.55,10.93,11.00,11.04,55,4611,50032.00,
524654,NATURAL CAPS,X ,Q,437.00,472.00,437.00,460.00,445.10,435.20,302,13548,6152057.00,
524661,WELCURE DRUG,X ,Q,7.99,7.99,7.99,7.99,7.99,7.61,18,2243,17921.00,
524663,BH.IMMUN&BIO,B ,Q,28.90,30.70,28.55,30.70,30.70,27.95,175,57855,1755750.00,
524667,SOTL        ,B ,Q,1075.25,1107.00,1075.25,1090.95,1086.95,1092.10,119,349,382531.00,
524669,HESTER BISC ,A ,Q,2057.45,2124.20,2057.45,2123.90,2120.95,2058.55,21,60,126173.00,
524675,KABSONS INDU,XT,Q,10.95,11.70,10.95,11.21,10.95,11.15,29,1630,18292.00,
524687,BASANT AGRO ,X ,Q,20.10,20.40,19.70,19.85,19.85,20.10,426,79587,1591990.00,
524703,SANDU PHARMA,X ,Q,63.55,65.90,62.55,64.40,64.00,63.55,27,1897,120813.00,
524709,NACLIND     ,B ,Q,74.95,76.20,73.80,75.15,75.15,76.70,131,2186,163896.00,
524711,VISTA PHARMA,XT,Q,7.00,7.25,6.95,7.00,7.00,6.92,48,10308,72180.00,
524715,SUN PHARMA. ,A ,Q,842.10,847.70,823.80,830.80,838.05,838.15,10439,258444,214032095.00,
524717,TITAN BIOTEC,X ,Q,234.00,238.00,225.00,226.55,226.55,229.45,153,3627,833276.00,
524731,JENBURKT PH.,X ,Q,507.85,559.70,487.05,489.80,496.00,497.00,73,407,204200.00,
524735,HIKAL LTD.  ,A ,Q,247.50,248.00,237.10,238.95,238.95,249.25,3818,76416,18552566.00,
524742,CAPLIN POINT,A ,Q,713.20,717.70,702.80,710.25,707.40,711.25,481,3886,2757397.00,
524743,FISCHER     ,XT,Q,66.55,66.60,66.55,66.60,66.60,70.00,6,1056,70327.00,
524748,LINK PHARMA ,X ,Q,39.00,41.00,38.00,40.70,39.00,42.75,29,7188,289810.00,
524752,DECIPHER    ,X ,Q,43.65,43.65,40.35,40.70,40.75,42.45,389,43643,1778183.00,
524768,EMMESSAR BIO,X ,Q,25.90,25.90,23.60,25.40,25.40,25.00,14,135,3411.00,
524774,NGL FINE CHM,B ,Q,1685.00,1730.00,1599.85,1662.05,1661.10,1702.40,322,2950,4868599.00,
524790,EVEREST ORG.,X ,Q,136.35,138.60,133.05,138.40,138.40,136.35,44,1218,165142.00,
524804,AUROB.PHARMA,A ,Q,514.85,518.75,510.60,513.80,513.80,514.85,2449,50200,25821569.00,
524808,PHYTOCHEM I.,X ,Q,21.60,21.60,21.60,21.60,21.60,22.45,1,1000,21600.00,
524816,NATCO PHARM ,A ,Q,633.75,654.00,633.75,647.50,650.70,633.75,634,5689,3673226.00,
524818,DYNAMIC IND.,X ,Q,69.80,69.80,64.10,67.25,67.25,66.15,17,6613,440958.00,
524820,PANAMA PETRO,B ,Q,268.30,273.90,262.35,263.45,264.25,269.75,605,4843,1290842.00,
524824,BAL PHARMA  ,B ,Q,96.80,97.55,95.30,96.40,97.55,96.55,15,34,3277.00,
524828,BDH INDUS.  ,X ,Q,119.85,119.85,111.10,111.90,112.00,117.00,23,443,50105.00,
526001,JAUS POLYMER,X ,Q,3.72,3.72,3.72,3.72,3.72,3.90,1,27,100.00,
526025,GLOBUS CON  ,X ,Q,29.00,29.10,27.30,29.10,29.10,27.75,122,6432,184582.00,
526027,CUBEX TUBING,B ,Q,25.35,25.35,23.80,24.25,24.25,25.35,33,2128,52161.00,
526043,POLYMECH.MCH,X ,Q,62.50,67.75,61.10,62.10,62.10,62.65,10,400,25318.00,
526073,GALAXY BEAR.,XT,Q,694.00,700.05,694.00,700.05,700.05,666.75,65,1399,979111.00,
526081,SCAGRO      ,XT,Q,9.05,9.22,8.93,8.93,8.93,9.21,9,585,5310.00,
526093,SATVAH.ISPAT,T ,Q,2.98,2.98,2.98,2.98,2.98,2.99,1,50,149.00,
526113,UNIROYAL MAR,XT,Q,11.84,11.84,11.83,11.83,11.83,12.45,3,150,1775.00,
526117,SHERVANI IND,X ,Q,204.90,204.90,195.05,204.30,204.30,200.00,13,96,19336.00,
526125,ARI.TOURNESO,XT,Q,9.97,9.97,9.95,9.95,9.95,9.50,3,116,1154.00,
526133,SUPERTEX IND,X ,Q,6.70,6.70,5.71,6.00,6.00,6.30,18,1243,7278.00,
526137,SHETRON LTD ,X ,Q,38.55,41.35,38.55,40.20,40.20,41.55,12,1185,46964.00,
526139,TRANSGENE BI,XT,Q,3.79,3.79,3.46,3.53,3.66,3.64,37,10659,38366.00,
526143,MPL         ,X ,Q,11.50,11.50,11.35,11.45,11.45,11.35,19,2937,33443.00,
526159,NIKHIL ADHSV,X ,Q,736.00,736.00,708.40,720.50,721.00,717.10,49,692,500273.00,
526161,SPENTA INT. ,X ,Q,81.95,81.95,81.95,81.95,81.95,79.90,1,5,409.00,
526169,MULTIBASE I ,X ,Q,188.05,188.05,181.15,181.95,181.15,182.45,17,2026,373377.00,
526173,ANDREW YULE ,B ,Q,21.45,21.80,21.00,21.05,21.05,21.45,200,13927,296620.00,
526179,LUDOLOW JUTE,X ,Q,86.35,86.40,83.65,84.20,84.00,85.20,97,7483,637321.00,
526187,ASHRAM ONLIN,XT,Q,4.80,5.11,4.64,4.80,4.80,4.87,14,2092,10007.00,
526193,ROYAL CUSHIO,XT,Q,9.71,9.71,8.79,9.50,8.79,9.25,33,7930,75233.00,
526195,NEOGEM INDIA,X ,Q,4.40,4.40,4.40,4.40,4.40,4.40,2,41,180.00,
526211,SURAJ INDUS.,XT,Q,100.00,101.70,96.70,96.70,96.70,100.55,31,2387,237992.00,
526217,HITECHCORP  ,B ,Q,238.05,244.90,220.15,225.95,220.15,231.90,141,2351,543580.00,
526225,BLOOM DEKOR ,X ,Q,12.87,13.50,12.87,13.50,13.50,12.87,2,1100,14220.00,
526227,FILATEX INDI,A ,Q,95.95,96.80,92.40,93.05,93.05,95.25,762,11564,1097696.00,
526231,STD.SURFACT.,XT,Q,63.90,64.10,60.30,60.40,64.00,61.30,25,2356,149014.00,
526235,MERCATOR    ,T ,Q,1.66,1.66,1.64,1.66,1.66,1.59,78,218600,362765.00,
526237,MORGAN VENT ,X ,Q,28.40,28.40,20.55,24.10,26.70,25.55,75,6547,157304.00,
526241,AMRAPALI IND,X ,Q,15.30,16.00,15.30,15.30,15.30,15.20,12,953,14705.00,
526247,PREMIER EXPL,B ,Q,300.05,311.50,297.20,301.50,301.50,306.50,46,1462,439689.00,
526263,MOLD-TEK TEC,B ,Q,97.30,97.65,94.70,95.65,95.65,96.75,175,2498,239311.00,
526269,CRESTCHEM LT,XT,Q,45.95,48.20,45.95,47.70,47.70,45.95,4,35,1664.00,
526299,MPHASIS LTD ,A ,Q,2356.40,2356.40,2280.00,2298.45,2285.00,2314.15,1923,10688,24726481.00,
526301,MEDINOVA DIA,XT,Q,24.70,24.85,23.60,24.85,24.85,24.70,10,56,1373.00,
526315,DIVSHKT     ,X ,Q,70.25,71.95,65.55,71.35,71.50,70.55,30,1584,112427.00,
526325,ORIENT PRESS,B ,Q,63.10,65.35,63.10,63.80,63.70,62.95,9,48,3090.00,
526335,SHREYAS INTE,X ,Q,13.11,14.26,13.11,14.00,13.80,13.60,50,15257,212211.00,
526345,PANJON LTD. ,X ,Q,14.00,14.00,13.35,13.35,13.35,13.25,14,1209,16256.00,
526355,DURO PACK   ,XT,Q,36.85,36.90,36.65,36.65,36.65,36.45,7,543,20009.00,
526365,SWARNASA    ,X ,Q,20.30,20.30,18.80,19.50,19.50,19.50,20,3013,58420.00,
526367,GANESH HSG. ,B ,Q,260.00,264.00,250.30,251.80,251.00,262.15,156,3134,803906.00,
526371,NMDC LTD    ,A ,Q,109.10,110.70,107.10,107.95,108.15,109.50,4482,384974,41780708.00,
526373,CINDRELLA HT,XT,Q,24.60,24.60,24.60,24.60,24.60,23.50,1,300,7380.00,
526381,PAT INT LOG ,B ,Q,12.00,13.35,11.81,12.26,12.15,12.20,297,90231,1114479.00,
526397,ALPHAGEO (I),B ,Q,280.00,284.95,275.60,278.95,276.70,282.65,63,372,103914.00,
526407,RIT PRO IND ,X ,Q,358.90,359.90,358.00,359.00,359.00,360.50,25,4747,1703822.00,
526409,KKALPANAIND ,X ,Q,17.20,17.20,16.05,16.60,16.25,16.70,176,20274,335867.00,
526415,OK PLAY (I) ,XT,Q,29.45,30.90,28.40,30.90,30.90,29.45,57,5634,171651.00,
526423,KRITI INDUS.,B ,Q,70.00,70.95,69.25,70.30,70.50,70.45,184,2574,180747.00,
526431,WELTERMAN I.,XT,Q,8.00,8.00,7.71,7.71,7.71,7.71,2,130,1002.00,
526433,ASM TECHNOLO,X ,Q,524.95,537.50,486.40,488.25,488.25,511.95,1305,44566,23142348.00,
526441,VISIONCINE  ,X ,Q,1.45,1.45,1.37,1.39,1.37,1.41,44,10954,15064.00,
526445,INDRAYANI BI,X ,Q,35.80,36.00,33.50,33.90,33.90,34.70,228,40958,1431230.00,
526468,EURO LEDAR F,XT,Q,14.20,14.20,13.45,14.20,14.20,14.05,9,1324,18778.00,
526471,WINSOME BREW,XT,Q,9.55,9.55,8.93,9.08,9.34,9.38,48,5721,51766.00,
526473,ELEGANT FLOR,X ,Q,8.50,9.30,8.50,9.30,9.30,8.90,1476,426641,3852226.00,
526479,SKY INDUST. ,X ,Q,74.50,74.50,74.50,74.50,74.50,75.25,3,46,3427.00,
526481,PHOENIX INT.,XT,Q,22.80,22.80,21.80,22.80,22.80,22.90,16,2329,51144.00,
526492,RISHIROOP   ,X ,Q,111.85,111.85,105.00,105.90,105.90,109.25,47,2869,306764.00,
526494,PROMACT     ,X ,Q,3.15,3.47,3.15,3.47,3.47,3.31,6,121,413.00,
526500,STR GRE WOO ,XT,Q,31.75,31.75,31.75,31.75,31.75,30.25,13,2250,71437.00,
526506,SYSTAMATIX C,X ,Q,396.95,396.95,300.00,303.25,305.00,348.15,33,1345,418860.00,
526519,ALPINE HSG. ,X ,Q,54.70,54.70,51.60,52.75,52.85,53.30,34,3673,191368.00,
526521,SANGHI IND. ,B ,Q,37.80,38.00,35.75,36.25,36.20,37.65,1341,84564,3096835.00,
526525,WWALUM      ,XT,Q,12.64,13.96,12.64,13.96,13.96,13.30,11,1140,15325.00,
526544,SCANP GEOM  ,X ,Q,12.26,12.50,11.26,11.40,11.76,11.98,105,28928,343488.00,
526546,CHOKSI LABOR,XT,Q,30.45,30.45,28.55,28.55,28.55,29.05,8,1497,43413.00,
526550,CCHHL       ,B ,Q,7.76,7.76,7.00,7.31,7.32,7.54,39,18835,139278.00,
526568,LONGVIEW TEA,XT,Q,33.85,33.85,30.70,30.70,30.70,32.30,7,243,7778.00,
526574,ENTERPR.INTE,X ,Q,13.70,16.50,13.60,15.80,15.80,15.60,27,1166,16769.00,
526576,TECHIN      ,B ,Q,11.36,11.36,10.91,10.91,10.91,11.48,14,1587,17513.00,
526582,TPL PLAST   ,B ,Q,133.70,137.00,133.70,135.80,135.75,132.55,36,711,97122.00,
526586,WIM PLAST LT,X ,Q,363.00,363.00,345.00,346.60,346.60,351.70,74,2002,701506.00,
526588,PHOTOQUIP(I),X ,Q,11.75,12.95,11.75,12.95,12.95,12.35,2,16,189.00,
526596,LIBERTY SHOE,B ,Q,139.05,141.75,136.85,137.45,137.00,140.20,64,1040,144705.00,
526604,LIPPI SYSTEM,XT,Q,15.43,15.43,15.43,15.43,15.43,14.70,7,949,14643.00,
526608,ELECTROTHERM,B ,Q,89.00,101.00,84.90,86.50,87.65,85.75,598,21541,2024801.00,
526612,BLUE DART EX,A ,Q,7850.00,7870.00,7638.05,7801.15,7782.05,7797.85,645,1073,8314502.00,
526614,EXPO GAS    ,X ,Q,8.05,8.29,7.90,8.18,7.92,8.03,31,6924,55750.00,
526616,NAT.PLASTIC ,X ,Q,43.25,45.30,43.00,44.40,44.40,43.40,30,2138,93285.00,
526622,MFL INDIA   ,X ,Q,1.08,1.12,1.08,1.10,1.11,1.08,1483,983856,1087835.00,
526638,TEXEL INDUS.,X ,Q,43.50,43.70,40.50,42.75,42.25,41.15,29,979,41396.00,
526640,ROYALE MANOR,XT,Q,24.20,24.20,24.15,24.15,24.15,23.05,3,202,4888.00,
526642,MIRZA INTER ,B ,Q,234.55,237.00,226.65,229.30,230.00,234.15,2131,70488,16382738.00,
526650,TOURISM FINA,B ,Q,50.65,52.10,48.40,50.15,50.60,50.90,492,11887,594476.00,
526654,THAKKERS DEV,X ,Q,154.50,154.50,140.05,144.40,141.00,147.25,30,448,66158.00,
526662,RAJDARSHAN  ,B ,Q,33.00,33.00,30.75,32.10,32.15,33.00,29,116,3622.00,
526666,BHARTIYA INT,B ,Q,165.75,167.95,162.65,163.55,163.55,160.80,10,13,2146.00,
526668,KAMAT HOTELS,B ,Q,58.00,59.20,56.90,57.35,57.15,56.10,173,2701,156378.00,
526677,KEEPLEARN   ,T ,Q,1.99,1.99,1.99,1.99,1.99,1.90,4,700,1393.00,
526687,POLO HOTELS ,Z ,Q,5.20,5.44,5.04,5.33,5.30,5.30,14,4992,26358.00,
526705,ELEGANT MARB,X ,Q,130.80,130.85,121.60,123.30,121.60,131.95,12,173,21808.00,
526711,ADARSH PLANT,XT,Q,18.00,18.35,17.20,18.30,18.35,17.55,25,2449,43375.00,
526717,HPBL        ,Z ,Q,394.45,394.45,365.00,388.90,388.90,380.00,30,387,146596.00,
526721,NICCO PARKS ,X ,Q,69.55,74.00,69.55,70.00,70.00,70.00,27,1559,109502.00,
526723,NTC INDUST  ,X ,Q,80.70,84.45,80.10,81.00,81.00,82.25,30,1310,106702.00,
526725,SANDESH LTD.,B ,Q,681.00,692.00,681.00,682.45,682.00,685.40,37,449,306966.00,
526727,GARNET CONST,X ,Q,21.60,21.80,21.05,21.45,21.45,20.95,20,2640,56650.00,
526729,GOLDIAM INT.,B ,Q,139.75,142.55,136.65,137.90,138.00,138.75,426,4351,607348.00,
526731,BRIGHT BROS.,X ,Q,154.00,154.00,144.50,151.20,151.55,150.35,39,1117,168049.00,
526737,CORPOR COUR ,X ,Q,7.50,7.59,6.88,7.11,6.90,7.24,44,12391,90137.00,
526739,NARMADA GEL ,X ,Q,198.05,201.65,198.00,201.50,201.60,200.40,24,963,193051.00,
526747,P.G.FOILS   ,XT,Q,307.80,311.75,303.00,307.15,308.50,300.65,39,1709,525794.00,
526755,VELAN HOTELS,X ,Q,6.69,6.70,6.30,6.64,6.64,6.57,22,2632,17362.00,
526775,VALIANT COMM,XT,Q,112.75,114.40,108.20,111.50,111.10,112.80,52,5688,636566.00,
526783,DR.AGAR.EYE ,X ,Q,619.95,640.00,590.00,632.60,639.00,613.00,22,709,433059.00,
526797,GREENPLY IND,A ,Q,166.00,173.30,165.65,170.70,170.00,170.75,243,1253,215482.00,
526807,SEAMEC LTD  ,B ,Q,889.20,890.10,853.05,872.25,877.05,885.05,188,456,395611.00,
526813,RAGHUNATH IN,XT,Q,16.20,16.95,15.35,15.35,15.35,16.15,28,1478,23101.00,
526817,CHEVIOT CO. ,B ,Q,1219.20,1223.60,1184.40,1192.30,1191.80,1214.95,175,971,1171059.00,
526821,DAI-ICHI KAR,X ,Q,314.40,323.80,302.15,311.30,311.30,318.45,65,1204,376783.00,
526823,RAJINFRA    ,X ,Q,6.56,6.56,5.94,5.94,5.94,6.25,3,601,3570.00,
526827,SPICE ISLAND,X ,Q,10.35,11.14,10.21,11.14,11.14,10.74,5,3032,31399.00,
526829,CONFI PETRO ,A ,Q,47.30,48.70,47.15,48.10,48.50,46.70,604,11731,559942.00,
526847,ASHIRWAD STL,X ,Q,16.00,16.70,15.80,16.20,15.80,16.30,11,337,5556.00,
526849,BANARAS BEAD,B ,Q,71.00,71.15,71.00,71.00,71.00,71.00,8,302,21467.00,
526851,AREX IND.   ,X ,Q,144.55,144.55,144.55,144.55,144.55,137.70,2,20,2891.00,
526853,BILCARE LTD.,X ,Q,66.70,66.70,62.60,63.05,63.05,65.35,155,8399,534249.00,
526859,INTER ST.FIN,X ,Q,2.90,3.00,2.90,3.00,3.00,2.86,412,202583,604036.00,
526861,RISHI LASER ,X ,Q,15.90,16.20,15.90,16.15,16.15,16.00,12,4962,79510.00,
526865,JAINCO PROJ.,X ,Q,5.70,5.95,5.40,5.40,5.40,5.68,7,1148,6548.00,
526871,INTEC CAP   ,X ,Q,20.20,20.25,20.20,20.25,20.25,20.45,6,771,15611.00,
526873,RAJ.GASES LT,X ,Q,7.41,7.41,7.41,7.41,7.41,7.41,2,3,22.00,
526881,63MOONS     ,B ,Q,169.05,172.00,165.60,166.95,168.20,168.15,307,3293,554573.00,
526885,SARLA PER F ,B ,Q,47.20,47.30,45.85,46.45,46.85,46.65,155,2076,96887.00,
526891,MARKET CREAT,X ,Q,9.14,10.38,8.01,8.58,8.57,8.88,56,4882,40717.00,
526899,HFIL        ,X ,Q,20.30,20.80,19.80,20.00,20.10,20.25,281,45275,910368.00,
526901,SONAL ADHESI,X ,Q,22.51,22.51,22.51,22.51,22.51,21.44,7,476,10714.00,
526905,PADMAIND    ,X ,Q,3.33,3.33,3.33,3.33,3.33,3.50,8,4470,14885.00,
526921,21ST CEN.MGM,B ,Q,25.90,25.90,24.95,25.00,25.35,25.45,65,2595,64972.00,
526931,HARIYANA SH.,X ,Q,63.95,63.95,61.00,62.50,62.50,62.55,22,1139,71215.00,
526935,ARUNIS      ,XT,Q,32.90,32.90,29.80,29.80,29.80,31.35,4,53,1593.00,
526945,TYROON TEA  ,X ,Q,74.70,80.85,73.05,76.70,76.70,72.90,17,697,54431.00,
526947,LA-OPALA RG ,A ,Q,265.85,272.45,265.65,269.50,269.50,267.75,1177,18766,5052064.00,
526951,GOLDEN LAMIN,B ,Q,811.95,819.90,797.70,804.45,815.00,819.95,46,119,95837.00,
526953,VENUS REMEDI,B ,Q,209.00,210.55,195.00,196.25,195.60,206.75,630,8700,1754471.00,
526961,TRANS FINANC,XT,Q,58.00,58.00,58.00,58.00,58.00,61.05,5,88,5104.00,
526965,GUJ.CRAFT IN,X ,Q,100.50,100.50,93.20,95.00,95.00,92.70,23,802,75931.00,
526971,DHOOT I.FIN.,X ,Q,90.00,90.00,82.10,84.65,84.50,83.75,28,586,49365.00,
526981,SHBAJRG     ,X ,Q,193.00,193.00,172.10,177.20,177.20,177.65,125,4381,800624.00,
526987,URJA GLOBAL ,B ,Q,12.29,12.29,11.70,11.79,11.79,11.95,2089,512187,6112727.00,
527001,ASHAPURA LTD,B ,Q,102.45,102.80,100.00,100.90,101.35,102.25,554,11546,1168359.00,
527005,SH.PACETRON.,X ,Q,19.95,19.95,19.00,19.00,19.00,19.95,2,44,839.00,
530001,GUJ.ALKALI  ,A ,Q,702.15,712.55,684.35,693.10,689.30,701.90,822,12439,8696732.00,
530005,INDIA CEM.  ,A ,Q,162.00,163.00,155.25,156.45,156.60,161.75,1116,52227,8257552.00,
530007,JK TYRE IND ,A ,Q,102.50,103.70,101.40,101.65,101.65,101.75,951,46091,4719444.00,
530011,MANGLR.CHEM ,B ,Q,106.45,110.00,105.30,107.00,106.90,105.20,2697,82246,8818691.00,
530017,STD.INDUST. ,T ,Q,27.60,30.40,27.60,28.10,28.60,29.05,628,201110,5655931.00,
530019,JUBLPHARMA  ,A ,Q,344.00,347.05,340.00,343.20,340.00,346.30,439,1974,677424.00,
530023,THEINVEST   ,B ,Q,93.95,94.00,91.25,92.20,92.20,92.70,36,119,11047.00,
530025,SAMYAK INT  ,XT,Q,19.75,19.75,19.75,19.75,19.75,20.50,1,5000,98750.00,
530027,AADI INDUS L,X ,Q,5.29,5.29,5.05,5.05,5.05,5.29,36,4260,22014.00,
530043,ACKNIT IND  ,X ,Q,143.80,143.80,138.00,138.00,138.00,139.70,3,51,7045.00,
530045,TITAN SECUR.,X ,Q,16.95,16.95,16.55,16.60,16.95,16.55,86,7162,120121.00,
530053,REALECO     ,X ,Q,11.75,11.76,11.75,11.75,11.75,11.75,7,576,6768.00,
530063,YASRAJ CONT.,X ,Q,8.03,8.39,7.99,8.28,8.28,8.33,27,4817,39111.00,
530067,CSLFINANCE  ,X ,Q,191.20,199.95,191.20,199.00,199.00,196.25,27,3028,592301.00,
530073,SANGHVI MOVE,B ,Q,232.00,234.00,220.00,224.90,225.25,229.80,1547,22354,5067723.00,
530075,SELAN EXPLOR,B ,Q,186.90,190.50,178.20,181.40,180.80,182.30,397,6500,1203672.00,
530077,FRESHTROP FR,X ,Q,99.00,101.10,98.00,98.75,98.05,97.95,25,1221,121805.00,
530079,FAZE THREE L,X ,Q,349.95,349.95,333.30,339.45,339.70,345.15,111,2280,774618.00,
530095,PRADHIN     ,X ,Q,30.00,31.25,28.40,28.50,28.55,29.85,15,740,22154.00,
530109,ANUPAM      ,X ,Q,2.24,2.29,2.14,2.18,2.19,2.22,371,284719,623864.00,
530111,RAJ PACKAGIN,X ,Q,31.00,32.00,29.90,31.00,31.00,31.00,9,2032,61389.00,
530117,PRIVISCL    ,A ,Q,1062.55,1088.00,1040.05,1082.25,1087.90,1058.40,463,1138,1223261.00,
530119,NATRAJ PROTE,XT,Q,79.80,79.80,77.90,78.55,78.50,76.10,12,1143,90234.00,
530125,SAMRAT PHARM,X ,Q,433.00,441.00,421.00,434.05,441.00,428.75,66,4591,1962904.00,
530129,NILE LTD.   ,X ,Q,422.00,423.10,410.00,410.40,411.00,415.35,46,894,371898.00,
530131,UDAIPUR CEME,B ,Q,29.25,29.90,29.20,29.35,29.20,29.50,135,7510,221171.00,
530133,AMCO INDIA L,X ,Q,89.90,97.50,87.10,90.95,90.95,82.55,382,26022,2394832.00,
530135,OPTIEMUS    ,B ,Q,279.75,287.80,278.45,284.05,281.80,278.20,2270,46635,13165079.00,
530139,KREON FIN   ,X ,Q,78.50,79.10,77.50,79.10,79.10,75.35,19,5084,400778.00,
530141,GYAN DEVELOP,XT,Q,4.81,4.81,4.81,4.81,4.81,4.59,1,25,120.00,
530145,KISAN MOULD.,X ,Q,10.55,10.83,9.93,10.10,10.00,10.33,79,18286,186907.00,
530151,VIJAY TEXTIL,X ,Q,28.20,29.00,25.75,28.10,28.85,28.20,47,6029,168541.00,
530163,KERALA AYUR ,X ,Q,71.00,71.40,68.65,70.90,70.90,68.55,26,666,46621.00,
530167,MOONGIPA CAP,XT,Q,20.60,20.65,18.75,20.60,20.65,19.70,30,4305,87745.00,
530169,MOHIT PAPER ,XT,Q,15.00,15.05,14.25,15.00,15.00,15.00,25,2755,41193.00,
530171,DAULAT SEC. ,X ,Q,24.95,24.95,23.40,23.95,23.95,23.20,33,1265,30884.00,
530173,OSCAR GLOBAL,X ,Q,6.65,6.65,6.65,6.65,6.65,6.34,1,90,598.00,
530175,ODYSSEY TECH,X ,Q,56.75,56.75,51.75,53.80,53.80,54.40,41,3327,180673.00,
530185,SURAT TEXT. ,X ,Q,10.70,11.00,10.70,10.87,10.95,10.87,657,79717,868197.00,
530187,ATHARV ENT  ,X ,Q,2.41,2.41,2.40,2.40,2.40,2.30,6,950,2281.00,
530199,THEMIS MEDIC,B ,Q,740.05,750.90,725.70,750.90,750.90,751.85,20,47,34592.00,
530201,KALLAM      ,X ,Q,12.25,12.75,11.65,11.85,11.85,12.00,627,236883,2924978.00,
530207,BRAWN BIO   ,XT,Q,15.75,15.95,15.25,15.80,15.95,16.00,10,5160,80671.00,
530213,FORTUNE INT.,XT,Q,36.25,37.90,36.25,36.95,36.85,37.40,16,132,4890.00,
530215,KINGSINFRA  ,X ,Q,70.30,73.00,70.30,72.85,72.10,70.75,52,13977,1013179.00,
530231,SUBHASH SILK,XT,Q,16.95,16.95,16.95,16.95,16.95,16.95,2,2,33.00,
530233,AURO LAB.   ,X ,Q,79.25,81.60,76.00,76.35,76.00,80.00,119,6742,527758.00,
530235,KJMC FIN.   ,X ,Q,26.80,26.80,26.80,26.80,26.80,25.55,5,1078,28890.00,
530239,SUVEN LIFE S,B ,Q,71.30,71.80,69.80,70.30,70.20,71.15,413,9701,684160.00,
530245,ARYAMAN FIN.,X ,Q,67.55,67.55,53.05,65.20,65.90,58.90,22,446,28435.00,
530249,BRIDGE SECUR,X ,Q,9.99,9.99,9.99,9.99,9.99,9.52,27,4607,46023.00,
530253,RAJ.TUBE MFG,X ,Q,18.60,18.60,17.75,17.75,17.75,18.65,3,52,966.00,
530255,KAY POW PAP ,X ,Q,4.50,4.50,4.19,4.19,4.19,4.37,8,2613,11750.00,
530259,INTER ST.OIL,X ,Q,29.95,31.50,29.15,31.45,31.45,30.00,82,9387,289779.00,
530263,GLOBAL CAP. ,X ,Q,5.41,5.63,5.19,5.45,5.60,5.41,42,7497,40073.00,
530265,SAINIK FIN. ,X ,Q,29.45,29.45,29.45,29.45,29.45,29.45,1,1,29.00,
530271,RICH UNV    ,X ,Q,5.58,5.62,5.58,5.62,5.62,5.86,3,114,636.00,
530289,SP CAPITAL  ,X ,Q,16.95,16.95,16.40,16.45,16.40,16.60,20,556,9220.00,
530299,KOTHARI PROD,B ,Q,86.95,88.45,84.05,84.55,84.65,87.00,37,452,38440.00,
530305,PICCADILY AG,X ,Q,35.75,35.95,34.00,34.30,34.50,34.95,852,104040,3630780.00,
530307,CHAMANLAL SE,B ,Q,95.15,95.95,94.20,94.40,95.50,94.30,83,1488,140977.00,
530309,CHANDRA PRAB,X ,Q,182.70,182.70,173.00,177.40,177.70,178.75,110,3495,618891.00,
530313,KIMIABL     ,X ,Q,33.10,37.90,33.10,34.15,34.00,36.00,14,541,18994.00,
530315,HIND.TIN WRK,X ,Q,77.10,81.40,77.00,80.80,80.80,77.40,92,6772,542959.00,
530317,GODAVARI DRU,X ,Q,63.90,63.90,60.50,61.30,62.45,62.00,32,1442,88715.00,
530331,PREMCO GLOB.,X ,Q,335.40,335.40,313.00,322.30,313.00,320.00,23,913,297617.00,
530341,MUKESH BABU ,X ,Q,93.00,97.00,92.10,92.80,97.00,98.95,10,177,16401.00,
530343,GENUS POWER ,A ,Q,77.60,78.35,74.65,75.65,75.65,76.60,1055,52233,3994109.00,
530355,ASIANENE    ,B ,Q,90.40,92.00,87.25,88.45,89.70,89.90,249,7375,656766.00,
530357,KBS INDIA   ,X ,Q,11.50,11.65,10.95,11.00,11.00,11.00,43,13184,149223.00,
530363,UGAR SUGAR  ,B ,Q,51.75,51.75,48.50,48.60,48.90,49.55,520,18625,911366.00,
530365,ORIENTBELL  ,B ,Q,661.00,733.35,660.00,708.65,703.80,660.70,5076,36450,26011198.00,
530367,NRB BEARINGS,B ,Q,135.45,139.60,133.10,134.70,135.05,135.45,976,17853,2436822.00,
530369,VAMSHI RUBB.,X ,Q,24.40,24.40,22.35,22.35,22.35,23.25,7,416,9647.00,
530377,NILA INFRA. ,B ,Q,5.10,5.44,5.09,5.13,5.13,5.11,176,140601,741286.00,
530393,DB INT.ST.BR,B ,Q,21.30,21.30,19.95,21.30,21.30,20.30,20,913,19215.00,
530401,VINYOFLEX LT,XT,Q,29.95,29.95,29.95,29.95,29.95,28.80,1,5,149.00,
530405,JINDAL CAP. ,X ,Q,26.45,26.50,25.50,25.50,25.50,25.80,19,941,24379.00,
530407,EPIC ENERGY ,X ,Q,6.80,6.80,5.60,6.49,6.49,6.19,14,5108,29578.00,
530419,SUMEDHA FISC,X ,Q,108.95,111.00,106.60,107.75,109.45,106.65,115,51272,5529772.00,
530421,KUWER INDS. ,X ,Q,8.20,8.39,8.20,8.39,8.39,8.10,6,491,4072.00,
530427,CHOKSI IMAG ,X ,Q,38.50,38.50,35.30,37.00,37.00,34.85,16,790,29594.00,
530429,ASHISH POLY.,X ,Q,20.30,21.30,19.50,21.30,21.30,20.30,14,1441,30307.00,
530431,ADOR FONTECH,X ,Q,71.85,71.85,69.60,70.30,70.30,71.05,204,16521,1169153.00,
530433,SHIVA FERT. ,X ,Q,100.85,103.75,91.00,93.20,93.20,99.35,149,15380,1448043.00,
530439,SIDDHA VEN  ,X ,Q,7.00,7.00,6.05,6.50,6.50,6.62,103,16373,106637.00,
530443,KIRAN SYNTEX,X ,Q,5.90,5.90,5.61,5.62,5.90,5.90,24,1023,5880.00,
530445,SUMERU IND  ,XT,Q,2.19,2.29,2.18,2.20,2.18,2.29,29,2689,5962.00,
530449,RUNGTA IRRIG,XT,Q,27.30,27.30,27.30,27.30,27.30,26.00,1,55,1501.00,
530457,CINERAD COMM,X ,Q,4.66,4.66,4.43,4.66,4.66,4.66,4,151,703.00,
530459,VALSON INDUS,X ,Q,16.50,16.50,16.05,16.05,16.05,16.50,13,1259,20349.00,
530461,SABOO SODIUM,X ,Q,14.05,14.05,12.80,13.35,13.10,13.70,98,34980,471578.00,
530475,TINNARUBR   ,X ,Q,309.00,328.00,305.65,320.60,323.00,303.80,171,4812,1527987.00,
530477,VIKRAM THERM,X ,Q,42.10,43.50,41.50,42.00,42.10,42.85,233,55958,2360319.00,
530495,STRATMONT   ,X ,Q,28.15,28.15,25.65,25.65,25.65,27.00,2,600,15640.00,
530499,A.K.CAPITAL ,X ,Q,418.00,421.00,410.00,419.90,415.25,416.20,119,5463,2292051.00,
530517,RELAXO FOOT.,A ,Q,970.00,975.55,955.00,964.85,971.90,965.75,1537,7264,7016761.00,
530521,VIRAT INDUS.,X ,Q,211.00,211.00,198.10,204.00,204.00,205.00,20,866,175611.00,
530525,SHEETAL DIAM,X ,Q,6.25,6.25,5.80,6.14,6.14,5.97,100,16807,101216.00,
530533,TERAI TEA CO,X ,Q,60.60,63.10,60.60,63.00,63.00,62.50,7,223,13950.00,
530545,COSCO INDIA ,X ,Q,175.00,177.05,168.00,170.85,172.00,177.05,18,199,34193.00,
530549,SHILPA MEDIC,A ,Q,394.50,399.75,386.70,388.45,388.00,391.15,243,1304,513440.00,
530555,PARAMOUNT CO,B ,Q,11.29,11.29,10.82,10.90,10.90,10.98,39,6029,66033.00,
530557,NCL RESEARCH,X ,Q,1.04,1.10,1.04,1.08,1.08,1.05,1947,3233477,3417535.00,
530565,ARCHANA SOFT,XT,Q,2.10,2.20,2.10,2.20,2.20,2.10,2,156,328.00,
530577,LADDERUP FIN,X ,Q,22.25,22.25,19.30,20.95,20.95,21.50,14,996,20239.00,
530579,UYFINCORP   ,X ,Q,10.79,11.32,10.70,10.92,10.92,10.84,88,91673,1003325.00,
530581,EKAM LEASING,X ,Q,4.99,4.99,4.99,4.99,4.99,4.76,4,563,2809.00,
530585,SWASTIK INV ,X ,Q,164.30,168.80,164.25,168.00,168.00,165.55,20,89,14838.00,
530589,PRIMA PLASTI,X ,Q,81.25,82.60,81.00,81.80,82.60,81.10,15,1049,84972.00,
530595,TELECANOR   ,X ,Q,8.94,8.94,8.94,8.94,8.94,9.41,8,419,3745.00,
530609,CARNATION IN,X ,Q,5.23,5.23,4.97,4.97,4.97,5.23,2,19,96.00,
530611,STURDY INDS ,XT,Q,0.54,0.54,0.54,0.54,0.54,0.52,6,57635,31122.00,
530615,GARG FURNACE,XT,Q,43.35,43.35,39.50,42.90,42.90,41.30,10,363,15644.00,
530617,SAMPRE NUTRI,X ,Q,35.20,35.20,32.30,32.30,32.30,33.95,10,1691,55892.00,
530621,AAIL        ,X ,Q,51.85,51.85,48.10,49.50,48.70,51.15,28,774,38923.00,
530627,VIPULORG    ,X ,Q,146.00,153.70,146.00,149.30,149.80,147.05,81,5455,817746.00,
530643,ECORECO     ,X ,Q,97.00,102.40,96.20,97.65,97.65,98.40,140,4702,464633.00,
530655,GOODLUCK    ,B ,Q,280.00,288.00,276.05,285.35,288.00,275.95,259,8591,2423848.00,
530663,GOYAL ASSO. ,X ,Q,1.49,1.55,1.42,1.52,1.55,1.41,117,315464,482220.00,
530665,ZENITH HEALT,XT,Q,5.75,6.00,5.68,5.80,5.95,5.95,226,32653,189473.00,
530669,ACEENGITEC  ,XT,Q,17.78,17.78,17.78,17.78,17.78,16.94,1,25,444.00,
530675,YORK EXPORTS,XT,Q,29.90,30.00,29.90,30.00,30.00,28.60,9,601,18021.00,
530677,SUPREME HO  ,X ,Q,76.45,76.45,72.70,73.60,72.80,74.95,109,29273,2169310.00,
530689,LYKISLTD    ,X ,Q,28.40,28.95,26.20,27.00,26.25,27.40,43,2917,81324.00,
530695,PRIME PROP  ,X ,Q,12.15,12.99,11.23,11.23,11.69,13.19,29,5242,61328.00,
530697,ZENLABS     ,XT,Q,35.65,38.00,35.65,37.45,37.70,37.50,131,29962,1100869.00,
530711,JAGAN LAMPS ,X ,Q,51.95,52.00,48.60,48.95,48.60,50.00,51,2687,135001.00,
530713,AJEL        ,Z ,Q,9.15,9.76,8.84,9.18,9.76,9.30,90,8947,85536.00,
530723,ASIT C FIN  ,X ,Q,64.30,64.30,61.35,64.20,62.00,61.25,30,805,51630.00,
530733,ENCODE      ,X ,Q,11.55,11.55,11.48,11.48,11.48,11.40,5,268,3094.00,
530747,INDO ASN.FIN,X ,Q,9.70,9.94,9.02,9.91,9.91,9.49,19,1082,9907.00,
530755,CORAL NEWSPR,XT,Q,11.90,13.13,11.90,11.90,11.90,12.52,11,1127,14191.00,
530759,STERL.TOOLS ,B ,Q,271.00,280.00,260.10,263.05,263.05,273.40,1151,19289,5131694.00,
530777,INFRA INDUS.,Z ,Q,8.34,8.34,7.90,7.90,7.90,7.95,3,102,806.00,
530789,CEEJAY FINAN,X ,Q,107.00,107.00,99.00,99.00,99.00,99.00,10,259,25653.00,
530795,SUNCITY SYNT,XT,Q,7.70,7.70,7.33,7.34,7.34,7.70,7,108,792.00,
530803,BHAGIL      ,B ,Q,174.90,175.65,173.95,175.65,175.65,174.25,8,22,3846.00,
530813,KRBL LTD.   ,A ,Q,223.75,224.90,217.30,218.20,217.35,223.00,251,4622,1016994.00,
530815,REFNOL RESIN,X ,Q,39.30,41.45,38.25,40.65,40.65,38.55,6,1152,46923.00,
530821,SSPDL LTD   ,X ,Q,17.25,17.25,17.25,17.25,17.25,16.55,2,225,3881.00,
530825,DAIKAFFIL CH,X ,Q,19.90,22.35,19.90,21.25,22.35,20.55,11,421,8749.00,
530829,CIL SECURITS,X ,Q,26.20,26.20,24.60,25.55,25.60,25.50,9,46,1174.00,
530839,CLIO INFOTEC,X ,Q,4.39,4.58,4.39,4.42,4.55,4.38,28,3755,16670.00,
530843,CUPID LTD   ,B ,Q,217.75,217.75,212.90,213.25,212.90,216.50,52,563,120899.00,
530845,SUNSHIELD CH,X ,Q,467.20,473.75,456.20,460.15,460.00,474.70,53,881,407587.00,
530871,CHEMBOND CHM,B ,Q,161.35,162.35,159.20,160.35,160.35,161.70,55,587,93862.00,
530879,CIFL        ,X ,Q,108.00,112.90,106.55,112.85,112.85,113.45,8,110,11927.00,
530881,ABVL        ,XT,Q,21.00,21.00,21.00,21.00,21.00,20.00,1,2,42.00,
530883,SUPER CROP. ,X ,Q,6.00,6.10,5.90,5.92,5.90,5.96,53,11501,68615.00,
530897,N.G.IND.LTD.,X ,Q,66.95,67.00,65.00,65.90,66.95,65.00,8,1384,90597.00,
530899,ASIA PACK   ,X ,Q,16.50,16.50,16.40,16.40,16.40,16.50,3,31,508.00,
530909,ERP SOFT SYS,XT,Q,120.25,127.85,115.75,127.85,127.85,121.80,14,338,42313.00,
530915,J.R.FOODS   ,XT,Q,5.95,5.95,5.95,5.95,5.95,5.67,14,1920,11424.00,
530919,REMSONS IND.,B ,Q,214.55,224.00,214.55,217.80,217.70,208.80,17,71,15468.00,
530925,RAMSONS PROJ,XT,Q,30.80,30.80,29.35,29.35,29.35,29.35,7,47,1399.00,
530931,STANPACKS(I),X ,Q,10.54,10.54,10.54,10.54,10.54,10.04,4,133,1401.00,
530943,SRI ADHIKARI,T ,Q,1.85,1.86,1.70,1.70,1.70,1.78,10,1751,3069.00,
530951,RAMINFO     ,X ,Q,100.90,106.00,99.50,100.75,100.75,100.55,77,5068,518296.00,
530953,SUNIL AGRO F,X ,Q,120.90,120.90,117.00,120.90,120.90,115.15,42,4051,477997.00,
530959,DIANA TEA CO,X ,Q,25.15,26.50,25.00,25.95,25.95,25.50,48,6410,166588.00,
530961,VIKASECO    ,B ,Q,4.09,4.15,3.77,3.80,3.80,3.92,743,1879954,7414016.00,
530965,INDIAN OIL  ,A ,Q,74.20,75.90,73.75,74.25,74.25,109.80,25646,2722601,203460275.00,
530973,ALFA ICA (I),XT,Q,39.05,39.05,39.05,39.05,39.05,39.90,1,2,78.00,
530977,SKCIL       ,XT,Q,104.50,105.50,100.10,104.60,105.00,104.00,37,2389,247100.00,
530979,INDIA HOME  ,X ,Q,36.50,36.50,33.50,34.80,34.80,34.55,14,162,5639.00,
530991,ROOPA INDUS ,X ,Q,27.75,27.75,27.70,27.75,27.70,27.75,4,93,2578.00,
530997,UNIQUE ORGAN,X ,Q,24.35,24.75,22.70,23.45,23.45,23.85,26,1992,45737.00,
530999,BALAJI AMINE,A ,Q,2860.00,2904.80,2839.35,2862.95,2858.20,2864.85,998,3287,9430124.00,
531003,SWARNA SECUR,X ,Q,17.10,17.10,17.10,17.10,17.10,16.30,1,10,171.00,
531025,VISAGAR FIN ,X ,Q,1.80,1.80,1.67,1.72,1.72,1.76,355,113616,197788.00,
531027,LIBORD SEC  ,X ,Q,7.18,7.18,7.18,7.18,7.18,7.32,1,14,100.00,
531041,COMPETENT AU,X ,Q,161.25,161.25,151.05,161.00,161.00,155.00,8,101,15776.00,
531043,DHAN JEEVAN ,XT,Q,10.57,10.57,10.15,10.16,10.15,10.57,8,566,5955.00,
531049,NEELKANTH RO,Z ,Q,10.55,10.55,10.55,10.55,10.55,11.10,2,101,1065.00,
531067,CONTIL I LTD,XT,Q,41.90,41.90,38.35,40.00,40.00,40.30,10,521,21114.00,
531069,VIJAY SOLVEX,XT,Q,1337.00,1389.00,1300.00,1326.50,1300.00,1336.35,144,571,764301.00,
531080,SHRI KRISH  ,X ,Q,17.80,22.10,17.80,20.95,20.95,21.95,29,2425,47492.00,
531082,ALANKIT     ,B ,Q,11.50,11.50,10.90,10.92,11.00,11.07,141,8892,97828.00,
531083,NIHAR INFO  ,X ,Q,8.80,9.30,8.80,9.28,9.30,8.90,8,273,2534.00,
531091,UNITED CRED.,X ,Q,12.07,12.07,11.71,12.07,12.07,11.50,3,22,258.00,
531092,OMINFRAL    ,B ,Q,30.35,30.35,28.80,29.05,29.05,29.75,139,8347,244636.00,
531109,ISHAN DYES  ,X ,Q,93.80,95.75,90.05,91.45,91.20,93.80,272,19490,1820568.00,
531111,GOTHI PLASCO,P ,Q,20.00,20.00,19.50,19.50,19.50,20.25,2,600,11750.00,
531112,BALUFORGE   ,X ,Q,70.00,73.90,66.40,67.15,66.75,69.40,197,38298,2616136.00,
531120,PATEL ENGG. ,B ,Q,22.15,22.45,21.70,21.85,21.70,22.20,670,49453,1088619.00,
531126,VIRTUALSOFT.,X ,Q,2.28,2.28,2.28,2.28,2.28,2.18,1,250,570.00,
531129,INANI MARBLE,X ,Q,19.95,19.95,19.25,19.90,19.90,19.55,8,1550,30762.00,
531137,GEMSTONE INV,X ,Q,1.19,1.21,1.16,1.17,1.17,1.19,104,15590,18430.00,
531146,MEDICAMEN BI,B ,Q,706.45,709.20,666.45,670.10,666.45,705.35,99,669,450550.00,
531147,ALICON      ,B ,Q,657.45,664.05,633.20,638.30,633.20,651.70,151,685,444914.00,
531153,DILIGENT    ,X ,Q,10.25,10.25,9.94,9.94,9.94,10.46,71,6502,64664.00,
531155,EPSOM PRO   ,X ,Q,3.80,3.80,3.80,3.80,3.80,3.80,1,100,380.00,
531156,ALFAVISON.OV,X ,Q,149.75,150.25,149.60,150.20,150.25,149.45,271,14011,2100245.00,
531157,ORGANIC COAT,X ,Q,6.25,6.25,6.25,6.25,6.25,6.55,1,5,31.00,
531158,CATVISION   ,XT,Q,8.98,9.00,8.41,8.52,8.52,8.71,12,10026,90210.00,
531161,ABM KNOWLEDG,X ,Q,74.70,75.00,72.10,72.85,72.10,72.85,28,1571,115955.00,
531162,EMAMI LTD.  ,A ,Q,410.55,426.40,401.30,418.30,418.30,410.35,1528,12901,5292072.00,
531163,KEMISTAR    ,X ,Q,45.00,45.00,38.15,39.30,40.30,41.45,31,1598,63077.00,
531169,SKP SECURE. ,X ,Q,43.30,43.30,40.50,41.85,42.25,42.05,56,2328,96299.00,
531172,PRANAV.SPIN ,X ,Q,18.55,19.45,17.60,18.25,18.20,20.20,23,1585,29643.00,
531173,SYSCHEM (I) ,XT,Q,27.90,28.20,25.75,27.05,27.05,26.95,217,175084,4747054.00,
531175,BLS INFOTE  ,X ,Q,4.10,4.16,3.85,4.09,4.10,4.01,1470,511344,2084862.00,
531176,MEFCOM CAPIT,X ,Q,43.55,43.55,40.75,42.00,42.00,42.25,29,3180,134689.00,
531178,HEMANG      ,X ,Q,44.35,48.55,44.35,48.55,48.55,46.25,167,19996,948914.00,
531179,ARMAN FIN   ,B ,Q,1169.00,1186.80,1101.00,1120.00,1101.00,1160.40,461,2279,2579905.00,
531196,GAGAN POLYCO,X ,Q,1.65,1.66,1.59,1.65,1.66,1.59,21,17541,28742.00,
531198,DHANADACOL  ,XT,Q,5.09,5.30,5.09,5.30,5.30,5.10,9,1108,5642.00,
531199,GLANCE FIN. ,X ,Q,54.85,54.85,49.15,52.35,52.35,49.35,7,223,11684.00,
531201,SHILCHAR TEC,X ,Q,587.50,587.50,559.00,559.65,559.00,588.40,366,7688,4340923.00,
531205,TINEAGRO    ,X ,Q,14.50,14.50,14.50,14.50,14.50,13.85,49,5422,78619.00,
531209,NUCLE.SOFT E,B ,Q,386.00,395.75,377.35,385.70,395.75,388.15,159,1866,716550.00,
531210,COLINZ LABOR,XT,Q,26.40,26.40,24.00,24.55,24.00,25.15,15,1142,28687.00,
531212,NLFL        ,X ,Q,28.15,30.10,28.15,28.60,28.60,29.45,25,7389,213627.00,
531213,MANAP FIN   ,A ,Q,85.90,86.10,84.35,85.05,85.10,86.00,3656,382492,32503943.00,
531215,RTS POWER CO,X ,Q,49.00,53.20,48.50,49.00,49.00,49.30,41,1871,92287.00,
531216,COMFORT INTE,X ,Q,26.80,26.80,25.45,25.90,26.60,26.25,70,63263,1662517.00,
531221,MAYUR FLOOR.,XT,Q,3.26,3.26,3.26,3.26,3.26,3.11,1,9,29.00,
531223,ANJANI SYNT.,X ,Q,29.90,29.90,28.00,28.00,28.00,28.45,15,2190,65375.00,
531225,XTGLOBAL    ,X ,Q,41.05,42.20,40.30,41.30,41.05,40.80,72,2914,120569.00,
531228,RANDER CORP.,X ,Q,7.16,7.30,7.03,7.03,7.03,7.16,7,11727,82496.00,
531233,RASI ELECTRO,X ,Q,9.74,10.00,9.65,9.80,9.80,9.74,37,16367,161234.00,
531234,SCOOBEEDAY  ,X ,Q,130.35,140.00,130.25,138.20,140.00,136.90,40,2375,320171.00,
531235,CITI PORT FN,XT,Q,11.25,11.25,11.25,11.25,11.25,11.80,9,1175,13218.00,
531237,DHRUVA CAP. ,X ,Q,10.56,10.56,10.56,10.56,10.56,10.06,8,613,6473.00,
531240,SHAMROCK IND,XT,Q,5.25,5.32,5.06,5.10,5.10,5.32,14,3308,16882.00,
531241,LINC        ,B ,Q,246.45,246.45,242.10,243.20,242.10,244.05,21,63,15443.00,
531253,INDIA GELAT.,X ,Q,110.25,111.05,108.75,109.35,109.00,112.15,17,513,56199.00,
531254,OPTIFIN     ,X ,Q,28.05,28.55,27.65,27.65,27.65,27.55,4,78,2204.00,
531255,PARAGON FIN.,X ,Q,17.40,19.20,17.40,19.00,19.00,19.25,8,67,1275.00,
531257,PRATIKSHA CH,X ,Q,22.95,22.95,21.75,22.00,21.75,22.25,29,1752,38533.00,
531259,ESHAMEDIA   ,XT,Q,7.08,7.08,6.65,6.65,6.65,6.75,5,8,54.00,
531260,SUNEDISON   ,X ,Q,406.95,406.95,389.95,391.25,390.00,394.95,29,390,152480.00,
531266,VST TILLERS ,A ,Q,2523.70,2573.85,2523.70,2528.15,2531.65,2548.35,46,101,256315.00,
531268,B2B SOFT.   ,XT,Q,28.75,28.90,27.20,28.80,28.90,28.55,33,1521,43098.00,
531273,RADHE DEVLOP,X ,Q,209.00,212.00,201.00,203.75,203.75,207.95,76,2725,560904.00,
531274,KINETIC TRUS,XT,Q,8.31,8.31,8.31,8.31,8.31,8.74,1,1,8.00,
531278,ELIXIR      ,XT,Q,52.60,55.60,51.50,53.30,53.30,53.65,18,466,24137.00,
531279,TRISHAKTI EL,X ,Q,68.20,74.90,67.90,73.45,74.00,71.45,16,291,20961.00,
531280,PANKAJ POLY.,X ,Q,4.65,4.65,4.42,4.42,4.42,4.65,5,951,4211.00,
531281,MARBLE      ,X ,Q,11.90,12.65,11.50,12.64,12.65,11.50,29,4170,50761.00,
531287,NAT PLASTIC ,X ,Q,76.00,80.00,74.50,74.50,74.50,77.50,5,70,5355.00,
531288,LEAD FINANC ,XT,Q,18.20,18.20,17.60,17.60,17.60,17.35,2,2,35.00,
531289,NATFIT      ,X ,Q,49.55,56.75,49.55,55.05,55.05,50.00,11,425,23357.00,
531297,ARTEFACT PR ,X ,Q,48.70,48.70,44.10,45.00,44.50,47.50,77,36476,1688912.00,
531300,AMIT INTNL. ,X ,Q,5.75,5.75,5.32,5.37,5.56,5.60,14,201,1095.00,
531301,HIGH STREET ,X ,Q,28.20,28.20,28.20,28.20,28.20,26.90,3,7,197.00,
531304,NUTECH GLOBA,X ,Q,8.33,8.33,8.33,8.33,8.33,8.76,2,200,1666.00,
531306,DHP INDIA LT,X ,Q,931.25,960.00,931.25,960.00,959.50,944.45,94,3211,3078177.00,
531307,RRIL        ,X ,Q,13.00,13.50,12.72,12.90,13.19,13.09,101,21654,281777.00,
531310,AVAILABLE FI,X ,Q,156.00,156.00,144.10,151.75,151.75,149.80,229,12095,1818684.00,
531319,MARUTI SEC. ,X ,Q,4.20,4.49,4.07,4.07,4.07,4.28,16,857,3588.00,
531322,HAVISHA     ,T ,Q,2.30,2.30,2.17,2.25,2.28,2.28,22,11394,24818.00,
531324,ROSELABS FIN,X ,Q,14.55,14.85,14.55,14.85,14.85,14.85,2,545,7930.00,
531328,KRETTOSYS   ,X ,Q,0.69,0.69,0.66,0.66,0.66,0.69,708,950152,637639.00,
531334,VIKALP SEC. ,XT,Q,7.25,7.43,7.25,7.43,7.43,7.08,2,44,320.00,
531335,ZYDUS WELL  ,A ,Q,1575.65,1645.00,1575.30,1634.35,1622.90,1570.70,675,1710,2774479.00,
531337,WINPRO      ,B ,Q,4.47,4.50,4.33,4.40,4.40,4.41,72,37020,164706.00,
531338,MILE GLOBAL ,X ,Q,16.50,16.50,16.50,16.50,16.50,16.50,1,1,16.00,
531340,BERVIN INV. ,XT,Q,37.10,37.10,35.25,35.25,35.25,37.10,7,1103,38912.00,
531343,INDINFRA    ,X ,Q,8.40,8.40,7.60,8.40,8.40,8.00,8,396,3324.00,
531344,CONTAIN.CORP,A ,Q,617.65,621.75,590.10,593.35,593.35,617.65,3225,60421,36481658.00,
531346,EASTERN TRED,X ,Q,31.00,31.00,29.70,29.80,29.70,30.50,11,407,12506.00,
531349,PANACEA BIOT,B ,Q,131.40,132.25,127.50,128.35,127.50,132.05,259,2544,328861.00,
531352,PEETI SECURT,XT,Q,26.10,26.10,26.00,26.00,26.00,26.10,4,101,2631.00,
531358,CHOICE INT. ,B ,Q,386.30,390.00,384.05,385.60,385.85,386.35,629,3249,1256951.00,
531359,SHRIRAM ASSE,X ,Q,157.50,157.50,145.00,147.85,145.00,148.20,20,5211,771368.00,
531364,PARAMONE    ,X ,Q,23.75,24.75,23.75,23.95,23.95,23.40,7,552,13240.00,
531370,SPAR        ,X ,Q,20.42,20.42,20.42,20.42,20.42,19.45,4,340,6942.00,
531373,BYKE HOSP   ,B ,Q,35.10,36.25,35.05,35.60,35.60,35.45,53,3733,132953.00,
531380,CENTENIAL SU,X ,Q,46.55,49.45,46.00,49.45,49.45,48.45,5,207,9629.00,
531381,ARIHANT FOUN,X ,Q,27.55,29.35,27.50,28.95,28.95,29.40,15,455,12871.00,
531387,HASTI FINANC,X ,Q,4.65,4.72,4.65,4.72,4.72,4.72,3,471,2190.00,
531390,UPSURGE INV.,X ,Q,48.90,48.90,43.00,43.05,43.05,45.25,62,2614,115475.00,
531398,SOURCENTRL  ,X ,Q,90.50,92.90,90.00,90.15,90.00,90.50,10,172,15517.00,
531399,G.G.AUTOMATI,XT,Q,22.35,22.35,22.00,22.35,22.35,21.30,30,7359,164194.00,
531400,ALMONDZ GLO ,B ,Q,89.20,89.90,86.80,88.50,88.05,89.75,73,1401,123981.00,
531402,LWS KNITWEAR,XT,Q,14.65,16.00,14.60,14.60,14.60,15.35,10,1122,16385.00,
531406,ANS LTD     ,XT,Q,9.97,9.97,9.97,9.97,9.97,9.97,3,29,289.00,
531409,ALCH CORP   ,X ,Q,13.10,15.10,13.10,13.55,13.55,13.85,17,275,3961.00,
531411,TUNI TEXTILE,X ,Q,2.81,2.90,2.59,2.66,2.66,2.78,612,237786,639943.00,
531412,RADIX IND   ,XT,Q,42.50,42.50,42.50,42.50,42.50,42.05,5,103,4377.00,
531413,KIRAN PRINT ,X ,Q,6.30,6.30,6.15,6.15,6.15,6.15,4,240,1478.00,
531416,NARENDRA PRO,X ,Q,16.05,16.15,16.05,16.15,16.15,16.85,3,39,627.00,
531417,MEGA CORPN. ,X ,Q,2.33,2.33,2.12,2.21,2.23,2.23,122,46201,99832.00,
531426,TAMIL.NEWSPR,A ,Q,185.50,187.75,182.10,184.70,185.95,183.85,704,12762,2364516.00,
531431,SHAKTI PUMPS,A ,Q,524.15,529.30,501.70,503.15,501.70,517.70,837,6920,3581040.00,
531432,SYSTEMATIX  ,X ,Q,6.60,6.60,6.60,6.60,6.60,6.94,4,2325,15345.00,
531433,SUNGOLD CAP.,XT,Q,2.65,2.68,2.55,2.55,2.55,2.68,20,794,2041.00,
531436,SAFFRON IND ,XT,Q,6.24,6.24,6.24,6.24,6.24,6.56,2,101,630.00,
531437,PWASML      ,X ,Q,29.60,29.60,26.95,27.85,27.85,29.20,69,18322,504139.00,
531439,GOLDSTONE EN,B ,Q,47.00,47.00,45.75,45.75,45.75,46.10,37,3447,159048.00,
531444,VARDHMAN    ,XT,Q,6.50,6.51,6.50,6.51,6.51,6.51,3,432,2812.00,
531449,GRM OVERSEAS,B ,Q,371.30,373.50,364.10,373.50,373.50,355.75,555,56983,21188643.00,
531453,MOHIT INDUS.,B ,Q,15.30,16.90,15.30,16.75,16.60,16.95,78,527,8683.00,
531454,POLYLINK POL,X ,Q,23.55,24.30,23.15,23.25,23.30,23.55,18,1441,33869.00,
531456,MINAXI TEXT.,X ,Q,3.10,3.14,2.76,2.91,2.90,3.03,396,115776,340390.00,
531460,CONTI.CONTRL,X ,Q,5.60,6.18,5.60,6.18,6.18,5.89,15,3354,20201.00,
531465,NOUVEAU     ,X ,Q,1.18,1.18,1.18,1.18,1.18,1.20,27,8561,10101.00,
531471,DUKE OFFSHOR,X ,Q,9.30,9.77,8.81,9.77,9.77,8.89,21,13197,126364.00,
531472,CYBELE IND  ,X ,Q,12.23,12.23,12.23,12.23,12.23,11.65,9,250,3057.00,
531489,CG-VAK SOFTW,X ,Q,287.00,291.80,284.00,285.25,285.00,288.00,47,1041,299302.00,
531494,NAVKAR      ,X ,Q,15.80,15.80,15.50,15.80,15.80,15.05,65,49900,788378.00,
531496,OMKAR OVERSE,X ,Q,1.99,1.99,1.99,1.99,1.99,1.90,1,441,877.00,
531497,MADHUCON PRJ,B ,Q,5.37,5.55,5.15,5.30,5.30,5.37,63,7375,38612.00,
531499,SYBLY INDS. ,X ,Q,7.12,7.12,7.10,7.10,7.10,7.36,8,1317,9376.00,
531500,RAJESH EXPO.,A ,Q,622.50,649.45,620.50,624.70,624.70,617.85,2833,64143,40802362.00,
531502,ESAAR (I)LTD,X ,Q,7.02,7.02,7.02,7.02,7.02,6.89,11,29875,209722.00,
531503,MARIS SPIN. ,X ,Q,70.10,71.85,67.00,67.10,67.10,69.85,59,8663,596664.00,
531508,EVEREADY (I),A ,Q,294.50,335.30,294.50,331.30,331.30,303.40,3206,53966,17555599.00,
531509,STEP TWO COR,XT,Q,19.95,19.95,19.95,19.95,19.95,20.95,2,10,199.00,
531512,ORIENT TRADE,X ,Q,7.80,8.20,7.42,8.15,8.20,7.81,88,17416,138625.00,
531518,VIKASPROP   ,B ,Q,1.52,1.53,1.48,1.50,1.50,1.48,1291,194784,293063.00,
531525,ACE SOFTWARE,X ,Q,15.75,15.75,15.75,15.75,15.75,15.75,7,1232,19404.00,
531531,HATSUN AGRO ,A ,Q,902.45,902.45,874.50,881.85,874.50,884.75,220,849,756129.00,
531533,E.COM INFOTE,XT,Q,29.00,29.00,29.00,29.00,29.00,28.25,5,341,9889.00,
531540,MARUTI INFRA,X ,Q,58.50,58.50,55.10,55.85,56.70,56.80,18,5113,288605.00,
531541,KOBO        ,Z ,Q,4.80,4.80,4.71,4.77,4.71,4.89,8,1633,7792.00,
531543,JINDAL WORLD,T ,Q,233.00,236.00,225.60,227.80,226.00,236.35,42,1762,404653.00,
531548,SOMANY CRAM ,A ,Q,573.10,573.10,551.90,562.55,551.90,559.05,57,495,278237.00,
531550,JHAVERI CRED,X ,Q,4.80,4.80,4.80,4.80,4.80,4.75,1,100,480.00,
531552,RAGHUNATH TO,X ,Q,9.95,10.49,9.80,10.34,10.39,10.33,18,1950,19905.00,
531553,DRL         ,X ,Q,17.65,17.65,17.25,17.45,17.25,17.40,2,14,244.00,
531556,CORAL (I)FIN,B ,Q,35.60,35.70,33.75,33.80,33.95,35.05,70,606,20856.00,
531560,AROMA ENT   ,Z ,Q,23.35,23.35,21.15,23.35,23.35,22.25,3,39,829.00,
531569,SANJIVANI PA,X ,Q,46.25,49.80,45.65,45.95,45.65,48.00,50,7497,346305.00,
531574,VAS INFRA   ,X ,Q,5.84,5.84,5.84,5.84,5.84,5.61,1,500,2920.00,
531578,KMF BUILDERS,X ,Q,4.71,4.71,4.71,4.71,4.71,4.71,4,706,3325.00,
531582,BERYL SECUR.,XT,Q,8.50,8.50,8.50,8.50,8.50,8.50,1,1,8.00,
531591,BAMPSL SECUR,X ,Q,7.02,7.44,6.89,7.09,7.44,7.25,57,21983,154060.00,
531592,GENPHARMA   ,X ,Q,5.14,5.14,4.90,5.03,5.03,5.00,390,146688,731200.00,
531594,INCON ENGG. ,XT,Q,17.45,17.45,17.00,17.00,17.00,16.75,17,11852,206586.00,
531595,CGCL        ,A ,Q,690.05,694.20,685.00,687.05,685.00,690.05,253,3738,2575847.00,
531599,FDC LIMITED ,A ,Q,232.00,239.95,232.00,237.95,237.00,236.60,590,3328,792837.00,
531600,GOGIA CAP   ,XT,Q,145.00,145.00,145.00,145.00,145.00,145.05,1,231,33495.00,
531608,GORANI INDUS,XT,Q,179.50,195.00,179.05,184.95,187.50,188.45,74,1164,215050.00,
531609,KG PETROCHEM,X ,Q,234.95,234.95,223.95,230.45,230.00,222.00,4,16,3607.00,
531616,STARCOM     ,X ,Q,104.00,106.00,104.00,106.00,106.00,104.00,4,48,5060.00,
531624,COUNTRY COND,B ,Q,4.40,4.41,4.11,4.12,4.21,4.38,24,866,3666.00,
531626,OROSMITHS   ,X ,Q,5.20,5.55,5.04,5.42,5.41,5.29,114,22974,121711.00,
531633,LINCOLN PHAR,B ,Q,295.85,297.40,289.40,293.85,296.85,296.10,6212,20258,5942899.00,
531635,SILVER OAK  ,X ,Q,46.00,46.40,38.00,43.45,42.50,38.75,31,1143,48176.00,
531637,PRAVEG      ,X ,Q,150.05,154.80,147.00,148.85,148.85,149.90,77,2625,393597.00,
531638,SURAJ LTD   ,X ,Q,68.30,69.90,65.85,69.75,69.75,68.30,10,1106,73122.00,
531640,SICL        ,P ,Q,17.30,17.30,17.30,17.30,17.30,17.30,1,100,1730.00,
531642,MARICOLTD   ,A ,Q,479.40,482.85,476.10,477.75,477.75,476.00,2422,31312,15011723.00,
531644,TOKYO FINANC,XT,Q,12.85,12.85,12.30,12.30,12.30,12.90,2,435,5515.00,
531648,MAHAVIRIND  ,Z ,Q,1.20,1.20,1.18,1.19,1.19,1.19,23,23010,27470.00,
531651,NATIONAL GEN,XT,Q,317.60,325.00,295.80,298.20,324.00,311.35,18,451,134229.00,
531661,HITTCO TOOLS,XT,Q,10.04,10.04,9.11,9.65,9.38,9.58,75,18973,180290.00,
531667,RRMETAL     ,X ,Q,29.45,33.75,29.30,30.00,29.55,30.05,22,5839,174096.00,
531668,VISION CORPO,X ,Q,2.01,2.02,2.01,2.02,2.02,2.02,11,8874,17925.00,
531680,MAYUR LEATHR,XT,Q,6.40,6.40,6.40,6.40,6.40,6.40,2,7,44.00,
531681,AMERISE     ,X ,Q,1.08,1.08,1.08,1.08,1.08,1.03,84,382970,413607.00,
531688,PRITHVIEXCH ,X ,Q,31.95,31.95,29.85,29.85,29.85,30.70,10,218,6586.00,
531694,RAINBOW FOUN,X ,Q,8.95,9.93,8.68,9.90,9.90,9.13,37,6517,62786.00,
531716,TRICOMFRU   ,X ,Q,1.29,1.29,1.24,1.28,1.28,1.29,16,26981,34494.00,
531717,VIDHIING    ,B ,Q,415.40,417.10,404.00,405.70,404.00,411.25,205,1206,492795.00,
531719,BHAGIRA.CHEM,B ,Q,932.00,940.80,920.00,924.60,925.00,926.15,25,62,57458.00,
531726,PANCHSHEEL O,X ,Q,218.00,221.00,209.00,212.60,216.00,217.00,457,45853,9826945.00,
531727,MENON PISTON,X ,Q,42.10,42.70,40.00,40.55,40.95,41.70,199,11537,469478.00,
531737,GREENCREST  ,X ,Q,6.67,6.93,6.67,6.91,6.90,6.80,53,9508,65307.00,
531739,GENNEX LAB  ,X ,Q,6.89,6.97,6.65,6.80,6.77,6.80,389,119798,812581.00,
531744,GINI SILK MI,X ,Q,53.40,53.40,41.50,44.60,43.60,49.80,53,3300,148415.00,
531746,PRAJAY ENGS.,B ,Q,14.90,14.90,14.45,14.60,14.65,14.80,48,1304,18988.00,
531752,BIOGEN      ,X ,Q,1.00,1.01,0.97,0.99,0.99,0.99,2089,970176,958291.00,
531761,APOLLOPIPES ,A ,Q,424.90,424.90,404.90,411.05,412.70,417.10,581,3737,1543919.00,
531762,UNJHA FORMUL,X ,Q,8.99,9.92,8.99,9.92,9.92,9.45,12,5857,55678.00,
531768,POLY MEDICUR,A ,Q,730.70,777.40,730.70,751.55,756.00,730.30,722,1916,1458434.00,
531778,KACHCHHMIN  ,XT,Q,27.00,27.00,27.00,27.00,27.00,25.75,50,8440,227880.00,
531780,KACL        ,X ,Q,77.20,77.20,77.20,77.20,77.20,81.25,368,10933,844027.00,
531784,KCLINFRA    ,X ,Q,3.16,3.16,3.16,3.16,3.16,3.01,62,97866,309256.00,
531795,ATUL AUTO   ,B ,Q,170.00,174.45,164.85,168.60,167.10,169.50,271,8741,1487107.00,
531802,PRERNA INFR ,X ,Q,36.95,37.40,36.10,36.35,36.10,36.95,17,3622,132872.00,
531810,METAL COATIN,X ,Q,45.00,46.90,44.00,46.20,46.35,44.70,58,19765,902152.00,
531812,SGN TELECOMS,XT,Q,0.62,0.62,0.60,0.62,0.62,0.62,13,6048,3699.00,
531813,GANGAPAPERS ,XT,Q,70.00,70.00,67.00,70.00,70.00,67.00,13,242,16491.00,
531814,TIRUPATI SAR,X ,Q,8.32,8.59,8.04,8.47,8.47,8.24,57,4178,34803.00,
531832,NAGAR.AGRITE,X ,Q,4.24,4.24,4.24,4.24,4.24,4.04,1,1,4.00,
531834,NATURA HUE C,X ,Q,6.00,6.00,5.44,5.44,5.44,5.72,17,2890,15780.00,
531841,INDUSFINL   ,X ,Q,11.89,11.89,11.88,11.89,11.89,11.33,17,1592,18923.00,
531842,LAHOTI OVER.,X ,Q,40.10,42.40,38.00,40.20,40.80,39.05,238,42818,1723359.00,
531845,ZENITHSTL   ,T ,Q,6.97,6.97,6.97,6.97,6.97,7.33,155,53342,371793.00,
531846,TRINITYLEA  ,XT,Q,6.81,6.81,6.81,6.81,6.81,7.16,3,11,74.00,
531847,ASIAN STAR  ,B ,Q,760.05,777.00,759.55,775.95,775.95,782.50,8,137,104672.00,
531859,ORIRAIL     ,X ,Q,115.00,120.00,113.65,117.70,117.70,114.75,85,9616,1131188.00,
531861,JOINDRE CAPI,X ,Q,28.00,28.00,26.05,27.80,27.80,26.50,25,4156,114882.00,
531862,BHARATAGRI  ,X ,Q,437.95,437.95,399.55,410.15,399.90,432.30,147,6188,2558193.00,
531867,UNITECH INTE,X ,Q,5.45,5.85,5.45,5.50,5.50,5.45,5,571,3137.00,
531869,SACHETA MET.,X ,Q,21.55,21.55,20.70,20.90,21.10,21.00,133,11250,236663.00,
531878,ANJANI FINL ,X ,Q,4.75,4.75,4.73,4.73,4.73,4.75,9,1884,8932.00,
531879,PIONEER DIS.,B ,Q,151.95,155.65,147.75,151.00,151.00,150.50,14,285,43916.00,
531888,REXNORD ELE.,X ,Q,61.90,63.40,60.80,61.00,61.00,59.60,34,2130,131461.00,
531892,KHANDWALA SE,T ,Q,35.45,35.95,35.45,35.70,35.95,34.95,4,22,785.00,
531893,SAWACA BUSI ,XT,Q,1.21,1.33,1.21,1.33,1.33,1.27,390,836698,1075106.00,
531900,CCL INTER   ,X ,Q,19.50,19.50,18.20,19.40,19.40,19.50,6,33,618.00,
531902,GALLOPENT   ,X ,Q,79.00,79.00,79.00,79.00,79.00,83.15,16,334,26386.00,
531909,CROISSANCE  ,XT,Q,6.79,6.79,6.15,6.79,6.79,6.47,35,17745,117816.00,
531910,MADHUVEER   ,XT,Q,20.60,22.60,20.60,21.80,21.80,21.65,26,1231,26867.00,
531911,GALAXY AGRIC,XT,Q,34.30,34.30,34.20,34.20,34.20,32.75,4,32,1094.00,
531913,GOPAL IRON S,XT,Q,6.90,6.90,6.74,6.74,6.74,7.09,20,1470,9926.00,
531921,AGAR IND COR,B ,Q,428.00,489.00,428.00,434.65,433.80,446.20,277,1677,740909.00,
531923,DHAMPURE SGR,X ,Q,39.70,41.75,38.00,38.35,39.35,38.45,55,2266,88489.00,
531925,SHANTANU SHE,XT,Q,2.00,2.10,1.95,2.10,2.10,2.05,32,5795,11840.00,
531929,INNOCORP L  ,X ,Q,7.15,7.15,7.15,7.15,7.15,7.52,3,60,429.00,
531930,SARTHAK INDU,X ,Q,56.50,56.50,53.70,53.70,53.70,56.50,5,128,6889.00,
531931,SAI CAPITAL ,XT,Q,93.80,103.00,93.80,100.95,100.95,98.70,69,1389,134718.00,
531950,VERTEX SEC. ,X ,Q,2.92,2.92,2.67,2.67,2.67,2.81,64,22518,60636.00,
531952,RIBA TEXTILS,X ,Q,36.00,38.00,36.00,37.50,37.50,37.50,12,327,12138.00,
531962,SHREMETAL   ,XT,Q,24.10,24.10,24.05,24.05,24.05,23.50,2,200,4810.00,
531968,IITL PROJ   ,X ,Q,20.85,20.85,20.85,20.85,20.85,19.90,1,1,20.00,
531977,CHARTERLOGIS,X ,Q,6.32,6.32,5.95,5.99,5.95,6.15,159,183182,1101062.00,
531978,AMBIKA COTTO,B ,Q,1546.60,1580.45,1546.60,1570.10,1570.95,1566.05,584,2128,3335365.00,
531979,HIND ALUMIN ,X ,Q,37.25,39.40,37.25,38.00,38.00,37.25,40,2048,77422.00,
531991,AMRAWOR AGRI,X ,Q,1.04,1.09,1.00,1.08,1.09,1.04,459,363163,378512.00,
531994,AUTO PINS(I),X ,Q,72.40,72.40,72.40,72.40,72.40,69.00,1,2,144.00,
531996,ODYSSEY CORP,X ,Q,5.95,6.10,5.92,6.03,6.03,5.81,76,17075,103498.00,
532001,INDUCTO STL.,X ,Q,31.30,32.00,31.30,32.00,32.00,30.85,4,1079,34472.00,
532005,SAM INDUS.  ,X ,Q,27.70,27.75,27.00,27.75,27.75,26.45,11,8849,245421.00,
532007,SHREEVAT.FIN,X ,Q,9.50,9.81,8.91,9.81,9.81,9.35,5,36,339.00,
532011,POOJA ENT   ,XT,Q,133.30,133.30,130.10,130.10,130.10,133.30,4,35,4630.00,
532015,GRAVITY (I) ,X ,Q,4.88,4.89,4.88,4.88,4.88,4.45,28,9735,47560.00,
532019,LCC INFOTECH,B ,Q,4.01,4.01,3.92,4.01,4.01,3.82,176,304304,1219397.00,
532022,FILAT FASH  ,X ,Q,7.75,7.99,7.37,7.84,7.80,7.75,302,489172,3720992.00,
532029,SINDHU TRADE,T ,Q,37.90,38.20,36.15,36.95,36.25,36.65,221,99549,3683602.00,
532033,JAIN STUDIOS,Z ,Q,2.47,2.47,2.47,2.47,2.47,2.47,1,400,988.00,
532035,UNISTAR MULT,XT,Q,20.58,20.58,18.62,19.30,19.50,19.60,107,41066,800917.00,
532039,ZENOTECH    ,X ,Q,57.05,59.55,56.00,56.35,56.35,57.85,571,63182,3697684.00,
532041,HINDUSTN BIO,X ,Q,4.52,4.52,4.23,4.23,4.23,4.52,14,3928,16710.00,
532051,SWELECT     ,B ,Q,312.10,314.25,299.20,301.80,301.80,314.90,70,1039,315553.00,
532053,WALLFORT FIN,X ,Q,39.30,39.30,37.00,37.00,37.00,39.30,5,302,11181.00,
532054,KDDL LTD    ,B ,Q,678.00,678.00,663.45,664.80,663.45,680.50,11,34,22961.00,
532056,ADINATH EXIM,XT,Q,18.50,18.50,17.10,18.40,18.40,17.95,17,403,7193.00,
532057,ABHINAV CAP ,XT,Q,140.15,140.15,140.15,140.15,140.15,147.50,24,519,72737.00,
532067,KILPEST (I) ,X ,Q,319.00,323.00,315.00,316.60,316.95,315.45,90,1330,423780.00,
532070,SUPERB PAPER,X ,Q,63.05,63.05,57.10,59.10,58.00,60.05,199,79780,4987166.00,
532090,VANDANA     ,XT,Q,1.91,1.91,1.91,1.91,1.91,1.82,11,24371,46548.00,
532092,SAGARPROD   ,XT,Q,2.50,2.50,2.50,2.50,2.50,2.63,8,1504,3760.00,
532100,INDO-CITY IN,X ,Q,6.70,7.29,6.50,6.79,6.85,6.52,37,7608,52632.00,
532102,SBEC SUGAR  ,X ,Q,24.20,25.85,24.20,25.80,25.80,24.95,9,592,14984.00,
532113,BRIJLAXMI LE,X ,Q,2.28,2.52,2.28,2.28,2.50,2.40,20,8198,18698.00,
532123,BSE  INFRA  ,X ,Q,2.91,3.05,2.81,2.88,2.88,2.95,287,97681,282699.00,
532124,RELIAB VEN  ,X ,Q,15.30,15.30,11.10,12.25,12.25,12.95,34,41272,501231.00,
532134,BANKBARODA  ,A ,Q,101.20,102.30,97.10,97.35,97.70,101.10,3717,803065,79346658.00,
532140,MOHITE      ,X ,Q,18.40,18.50,17.35,18.30,18.30,17.65,18,2732,49977.00,
532143,SKM EGG PROD,B ,Q,55.70,55.70,54.15,55.50,55.65,55.50,110,3735,203941.00,
532144,WELCORP     ,A ,Q,223.70,227.00,216.30,217.75,219.00,222.80,2055,72597,16089001.00,
532145,H.S.(I) LTD.,X ,Q,9.47,9.47,8.58,8.60,8.60,9.03,3,108,933.00,
532149,BNK OF INDIA,A ,Q,44.20,44.70,44.00,44.35,44.35,44.10,1201,123020,5450429.00,
532150,INDRAPRAST  ,B ,Q,56.05,56.15,55.05,55.15,55.15,55.65,135,929,51611.00,
532154,JOHNPHARMA  ,X ,Q,0.95,0.95,0.92,0.92,0.92,0.94,1213,962655,897766.00,
532155,GAIL (I) LTD,A ,Q,139.25,140.15,134.80,135.10,135.10,139.20,3054,330991,45032436.00,
532156,VAIBHAVGBL  ,A ,Q,308.00,308.00,298.00,299.50,300.00,300.05,1599,22684,6826228.00,
532159,TRESCON     ,X ,Q,15.25,15.25,14.00,14.50,14.90,14.40,18,31037,435088.00,
532160,GUJ.STAT.FIN,T ,Q,8.69,8.71,8.10,8.40,8.40,8.30,94,15492,133136.00,
532162,JK PAPER    ,A ,Q,304.80,308.55,291.35,295.20,295.20,302.85,2199,73439,21931607.00,
532163,SAREGAMA (I),A ,Q,360.85,366.80,359.95,361.55,364.55,361.60,1001,6391,2320932.00,
532164,MINOLTA FIN.,Z ,Q,3.74,3.74,3.45,3.45,3.45,3.57,8,1841,6453.00,
532172,ADROITINFO  ,T ,Q,13.36,14.76,13.36,14.76,14.76,14.06,105,30542,436752.00,
532173,CYBERTECH   ,B ,Q,137.85,139.00,131.15,131.50,132.05,137.15,199,3218,432233.00,
532174,ICICI BANK  ,A ,Q,702.95,711.85,702.00,706.85,706.85,702.95,6812,317901,225003490.00,
532175,CYIENT      ,A ,Q,760.20,771.75,752.45,757.00,756.60,764.65,1199,7371,5621009.00,
532178,ENGINRS.(I) ,A ,Q,57.35,57.65,56.65,57.00,57.00,57.35,1004,58239,3326187.00,
532180,DHANALAK.BNK,B ,Q,11.82,11.84,11.60,11.64,11.60,11.70,140,31321,364827.00,
532181,GUJ.MINERAL ,A ,Q,141.60,142.10,134.25,135.15,135.15,139.95,2897,141160,19425194.00,
532183,GAYATRI SUGR,XT,Q,3.46,3.63,3.46,3.63,3.63,3.46,18,21825,79139.00,
532187,INDUSIND BNK,A ,Q,808.25,816.75,790.05,794.55,794.55,807.55,2616,77443,62137026.00,
532189,INDIA TOURIS,A ,Q,292.15,299.20,285.00,286.40,286.85,294.30,112,423,122765.00,
532209,J & K BANK  ,A ,Q,26.35,26.35,25.25,25.35,25.35,25.85,676,92944,2369125.00,
532210,CITY UNION  ,A ,Q,136.95,137.60,132.15,132.70,133.85,136.95,1340,65135,8756885.00,
532212,ARCHIES LTD ,B ,Q,15.20,15.40,15.10,15.20,15.10,15.10,49,559,8518.00,
532215,AXIS BANK   ,A ,Q,622.30,639.40,622.30,636.70,636.70,625.80,6531,182443,115940684.00,
532216,HB STOCKHOL.,B ,Q,42.00,42.00,38.50,39.30,39.30,39.20,36,717,28154.00,
532217,SIEL FINANCL,X ,Q,12.60,14.43,12.60,13.70,13.70,13.12,32,8195,112341.00,
532218,SOUTH IND.BK,A ,Q,7.67,7.75,7.58,7.60,7.60,7.69,7535,908688,6946603.00,
532219,ENERGY DEV. ,B ,Q,15.95,15.95,15.55,15.95,15.95,15.20,46,21623,344846.00,
532221,SONATA SOFT.,A ,Q,681.10,687.15,668.00,668.95,670.00,679.65,447,2596,1750016.00,
532230,BENGAL TEA &,X ,Q,70.10,74.95,70.00,72.50,72.50,70.20,17,2678,195677.00,
532234,NAT.ALUM    ,A ,Q,71.60,71.75,68.65,68.90,68.90,71.20,8225,1077086,75042873.00,
532240,INDIA NIPPON,B ,Q,383.40,384.65,371.70,374.95,374.65,380.00,82,1004,376372.00,
532256,NALWA SONS  ,B ,Q,1342.05,1350.00,1310.00,1322.95,1322.95,1334.50,39,225,298423.00,
532259,APAR INDUS. ,A ,Q,953.00,953.00,919.70,926.90,920.70,938.55,443,4655,4326638.00,
532268,ACCELYA     ,B ,Q,880.00,886.40,874.95,880.70,881.45,881.60,26,106,93754.00,
532271,ORCHASP     ,X ,Q,4.23,4.56,4.23,4.54,4.56,4.35,289,131213,585104.00,
532281,HCL TECHNO  ,A ,Q,986.35,996.35,970.30,973.05,973.05,988.30,8896,259201,253399189.00,
532284,TCFC FINANCE,X ,Q,34.45,34.45,31.40,31.50,31.50,33.10,16,715,23434.00,
532285,GEOJITFSL   ,A ,Q,55.35,55.50,52.65,53.15,53.70,55.10,1350,44946,2447995.00,
532286,JINDAL STE  ,A ,Q,345.00,345.00,326.00,329.00,329.00,340.70,6911,327039,109559446.00,
532290,BLB LTD.    ,B ,Q,19.25,19.25,18.00,18.10,18.00,18.70,15,3341,61752.00,
532296,GLENMARK PHA,A ,Q,386.00,396.00,384.15,387.00,387.00,389.00,960,15725,6133645.00,
532300,WOCKHARDT   ,A ,Q,210.00,212.15,207.10,208.50,208.45,209.65,1040,31101,6501636.00,
532301,TATA COFFEE ,A ,Q,196.20,198.25,193.55,193.80,193.60,197.55,1135,43565,8504253.00,
532304,KJMCCORP    ,X ,Q,19.60,21.55,19.60,21.55,21.55,20.55,7,1363,27390.00,
532305,IND-SWIFT LA,B ,Q,57.10,61.00,57.10,58.85,58.50,58.75,75,1741,104092.00,
532309,GEPIL       ,A ,Q,132.90,135.10,129.60,130.20,130.00,133.05,293,4066,535221.00,
532310,SHREE RAMA  ,B ,Q,12.27,12.27,11.22,11.23,11.22,11.79,108,6254,72351.00,
532313,MAHINDRALIFE,A ,Q,412.60,419.10,402.25,405.20,406.05,410.70,1192,13110,5400469.00,
532320,VAARAD      ,X ,Q,15.85,16.40,15.85,16.40,16.40,15.90,7,865,13715.00,
532321,ZYDUSLIFE   ,A ,Q,355.30,359.05,353.50,356.75,354.00,356.05,1183,26277,9353412.00,
532323,SHIVA CEMENT,X ,Q,47.80,48.30,46.30,46.55,46.35,47.50,508,133065,6257406.00,
532324,CINEVISTA   ,B ,Q,12.10,12.10,10.93,10.98,10.98,11.15,21,6542,72559.00,
532326,INTENS TECH ,B ,Q,71.05,71.05,68.75,69.00,69.35,69.20,144,2133,149164.00,
532329,DANLAW TECH.,X ,Q,168.00,175.90,165.90,170.00,170.00,171.85,19,575,97086.00,
532331,AJANTA PHARM,A ,Q,1225.00,1253.00,1225.00,1234.80,1231.00,1222.85,755,2323,2882135.00,
532333,HB PORTFOLIO,X ,Q,27.75,30.00,27.75,28.50,28.50,29.55,13,255,7335.00,
532334,HB ESTATE DE,X ,Q,16.60,17.60,16.60,17.60,17.60,17.30,21,1285,22341.00,
532335,AMBICA AGAR.,B ,Q,21.15,22.70,21.15,22.25,22.25,21.95,22,404,8994.00,
532339,COMPUCOM SOF,B ,Q,23.30,25.65,23.30,24.35,24.35,23.10,747,102007,2545217.00,
532340,OMNI AX'S SO,X ,Q,4.06,4.06,3.18,3.35,3.35,3.95,43,21007,73644.00,
532341,IZMO        ,B ,Q,71.05,71.85,70.00,70.10,70.20,71.75,57,707,50057.00,
532343,TVS MOTOR L ,A ,Q,834.00,848.90,824.65,841.70,845.00,834.55,6666,124754,104340198.00,
532344,SOFTSOL (I) ,X ,Q,146.00,154.90,136.25,137.75,136.25,145.30,49,886,125456.00,
532345,GATI LTD.   ,A ,Q,136.30,138.40,133.10,133.75,134.20,134.50,1017,35571,4773873.00,
532348,SUBEX LTX   ,A ,Q,26.00,26.70,25.20,25.55,25.55,25.90,2808,862751,22415249.00,
532349,TRANSPORT CO,A ,Q,690.25,691.00,671.50,674.40,671.50,686.75,258,2370,1614994.00,
532350,PADMALAYA TE,Z ,Q,2.74,2.74,2.50,2.55,2.55,2.62,17,2294,5813.00,
532351,AKSH OPTIFIB,B ,Q,9.35,9.35,8.59,8.61,8.60,8.94,164,75636,667488.00,
532356,TRIVENI ENGG,A ,Q,240.00,241.00,228.15,236.45,237.50,238.25,2085,65285,15302764.00,
532357,MUKTA ARTS  ,B ,Q,48.30,48.30,47.20,47.20,47.20,48.30,7,222,10504.00,
532362,NAGPUR POWER,X ,Q,62.60,62.60,56.40,57.35,57.35,59.65,55,1063,61619.00,
532365,DYNACONS SYS,T ,Q,337.95,337.95,320.00,320.30,320.00,329.25,76,1916,627181.00,
532366,PNB GILTS   ,B ,Q,62.80,62.80,61.30,61.90,61.90,61.55,509,16479,1017453.00,
532368,BCG         ,B ,Q,30.55,31.65,30.55,31.65,31.65,30.15,3001,1212580,38082926.00,
532369,RAMCO INDS. ,A ,Q,179.60,180.70,172.75,175.30,176.70,178.45,136,1577,280257.00,
532370,RAMCO  SYSTM,A ,Q,290.00,293.25,276.30,280.85,282.85,285.35,246,3823,1085075.00,
532371,TATA TELESER,B ,Q,124.15,126.60,120.15,121.10,121.10,123.05,8518,502198,62008852.00,
532372,VIRINCHI    ,X ,Q,38.50,38.85,37.00,37.65,37.65,38.00,406,174831,6607332.00,
532373,WEPSOLN     ,X ,Q,22.70,22.85,22.70,22.80,22.80,22.70,12,2610,59507.00,
532374,STER TECH   ,A ,Q,149.50,151.00,147.05,148.50,148.50,148.85,1339,42434,6310079.00,
532375,TIPSINDUSTR ,B ,Q,1400.05,1413.50,1374.05,1396.45,1387.30,1416.90,143,344,481547.00,
532376,MRO-TEK     ,B ,Q,61.95,62.05,61.00,61.10,61.10,60.60,51,1257,77726.00,
532379,FIRSTFIN    ,X ,Q,4.10,4.10,4.10,4.10,4.10,4.00,3,3100,12710.00,
532380,BABA ARTS   ,X ,Q,17.15,17.15,16.20,16.30,16.30,16.30,67,4014,66399.00,
532382,BALAJI TELE.,B ,Q,42.00,42.15,40.65,41.00,41.00,41.50,419,9114,377272.00,
532384,TYCHE INDS  ,X ,Q,118.60,123.95,118.05,118.80,118.80,121.55,45,899,107963.00,
532386,CALIFORN.SOF,B ,Q,20.80,21.30,20.60,20.70,20.60,20.60,102,3785,79489.00,
532387,PRITISHN COM,B ,Q,44.25,44.35,43.65,43.70,44.10,42.90,31,778,34347.00,
532388,INDIAN OVER.,A ,Q,16.65,16.85,16.35,16.40,16.40,16.65,756,124791,2064121.00,
532390,TAJ GVK HOTL,B ,Q,139.70,139.70,133.05,134.00,134.00,135.60,108,2436,329602.00,
532392,CREATIVE EYE,B ,Q,4.50,4.50,4.35,4.35,4.35,4.35,2,104,453.00,
532395,AXISCADES   ,B ,Q,116.00,122.00,112.10,114.05,114.05,117.60,151,3534,415285.00,
532400,BSOFT       ,A ,Q,368.00,374.45,351.40,353.70,355.70,370.50,2137,70517,25530056.00,
532402,USGTECH     ,X ,Q,6.75,7.40,6.32,7.15,7.30,6.73,35,4558,31550.00,
532404,SAVEN TECHNO,X ,Q,34.95,35.95,33.40,35.15,35.15,34.55,69,2546,88563.00,
532406,AVANTEL LTD ,X ,Q,260.10,273.35,260.10,269.65,272.10,265.30,431,11974,3188583.00,
532407,MOSCHIP     ,X ,Q,56.90,57.50,53.50,53.80,53.80,55.75,1539,213682,11943474.00,
532408,MEGASOFT LTD,B ,Q,38.50,38.50,36.60,36.85,37.05,38.25,99,5565,207997.00,
532410,TRANSCORP IN,X ,Q,22.20,23.65,21.45,22.00,22.00,22.05,15,5238,116220.00,
532411,VISESH INFO.,B ,Q,0.70,0.72,0.70,0.71,0.71,0.72,1922,9446689,6705158.00,
532413,CEREBRA INTE,A ,Q,50.80,51.75,49.25,50.15,50.00,50.95,199,7736,393714.00,
532416,MID-DAY MULT,B ,Q,5.42,5.42,5.42,5.42,5.42,5.42,2,11,59.00,
532419,SMARTLINK   ,B ,Q,113.75,113.75,112.40,113.40,113.00,112.80,31,36,4080.00,
532424,GODREJ CONS ,A ,Q,767.80,769.55,748.95,757.35,759.85,766.60,3002,41284,31256832.00,
532425,GENUSPRIME  ,X ,Q,11.63,11.63,10.64,10.66,10.64,11.09,8,460,5043.00,
532430,BF UTILI    ,A ,Q,309.00,313.85,299.75,300.80,300.80,309.55,469,5229,1601477.00,
532432,UNITD SPR   ,B ,Q,741.15,764.95,740.00,760.10,757.90,748.15,1701,25105,18909576.00,
532435,SANINFRA    ,X ,Q,427.80,449.00,415.50,445.00,445.00,429.30,294,21898,9625800.00,
532439,OLECTRA     ,B ,Q,603.00,612.40,583.00,587.15,595.30,608.00,2664,20326,12154211.00,
532440,MPS LTD     ,B ,Q,738.05,740.00,704.00,708.15,709.05,730.20,144,718,516000.00,
532441,RNBOWDENIM  ,XT,Q,4.03,4.03,3.85,3.85,3.85,3.84,9,2927,11705.00,
532443,CERA SANITAR,A ,Q,4179.00,4210.00,4114.00,4142.20,4140.40,4178.35,372,1318,5472646.00,
532444,T. SPIRITUAL,XT,Q,0.86,0.86,0.86,0.86,0.86,0.90,4,1100,946.00,
532454,BHARTI ARTL ,A ,Q,691.00,691.45,679.35,683.90,684.40,687.50,5491,184651,126260094.00,
532455,SHALIMAR WIR,X ,Q,9.05,9.50,8.75,9.02,9.15,9.07,53,6250,57935.00,
532456,COMPUAGE INF,B ,Q,22.75,23.50,21.85,23.00,23.00,22.30,1079,131925,2981194.00,
532457,GULSHAN POLY,B ,Q,248.05,250.00,238.55,241.90,238.55,245.05,291,1521,374002.00,
532459,FAZE3AUTO   ,X ,Q,94.65,97.55,91.55,94.70,94.20,94.05,24,625,59598.00,
532460,PONNI SUG(ER,B ,Q,247.15,248.30,243.00,244.05,248.30,243.95,40,729,177861.00,
532461,PUNJAB NATIO,A ,Q,29.65,29.90,28.85,29.05,29.05,29.75,4566,2237926,65662938.00,
532466,ORACLE FIN  ,A ,Q,3126.00,3150.00,3083.00,3097.20,3097.20,3138.55,735,1866,5806896.00,
532467,HAZ MUL PRO ,X ,Q,37.25,37.25,34.00,35.20,34.35,35.50,468,101948,3674437.00,
532468,KAMAHOLDING ,A ,Q,10600.05,11498.00,10400.00,11136.30,11136.30,10503.05,89,317,3494514.00,
532475,APTECH LTD  ,A ,Q,224.00,225.85,213.10,214.90,214.95,223.95,583,9721,2114379.00,
532477,UNION BANK L,A ,Q,34.85,34.85,34.10,34.25,34.25,34.40,1671,344037,11811095.00,
532478,UNITED BREWA,A ,Q,1445.90,1462.60,1426.65,1458.10,1450.55,1435.05,898,6732,9763236.00,
532479,ISMT LTD    ,B ,Q,51.40,52.20,50.45,50.55,50.45,50.15,72,3271,167166.00,
532481,NOIDA-TOLL B,B ,Q,7.42,7.52,7.14,7.20,7.14,7.42,68,17504,127267.00,
532482,GRANULES (I),A ,Q,276.85,279.40,270.60,272.80,272.80,276.80,3098,90362,24795471.00,
532483,CANARA BANK ,A ,Q,186.30,187.90,180.50,181.25,181.25,186.20,2590,156768,28863505.00,
532485,BALMER LA.IN,B ,Q,370.80,371.75,370.00,370.05,370.10,368.80,195,10650,3942736.00,
532486,POKARNA LTD ,B ,Q,426.10,434.00,410.65,412.85,413.90,425.00,707,4804,2008251.00,
532488,DIVI'S LAB. ,A ,Q,3555.00,3637.15,3551.15,3631.00,3631.00,3584.50,2095,9934,35743351.00,
532493,ASTRA MICRO ,A ,Q,200.45,201.65,196.10,197.30,196.35,199.30,227,3331,660347.00,
532497,RADICOKHAIT ,A ,Q,860.10,874.50,842.40,872.35,870.35,860.10,1290,12495,10752398.00,
532498,SHRMCITYUN  ,A ,Q,1695.55,1712.90,1647.00,1660.50,1670.00,1681.45,775,2967,4987246.00,
532500,MARUTISUZUK ,A ,Q,8498.70,8630.15,8450.00,8470.20,8454.15,8507.50,3842,26511,226825497.00,
532503,RAJAPAMILLS ,X ,Q,744.10,750.00,730.10,741.35,740.00,747.10,21,266,197463.00,
532504,NAVIN FLUORI,A ,Q,3755.00,3755.00,3630.00,3645.45,3645.45,3754.65,1112,3577,13138676.00,
532505,UCOBANK     ,A ,Q,10.93,11.15,10.91,10.95,10.95,11.04,461,206947,2280009.00,
532507,BAG FIL MED ,B ,Q,5.21,5.38,5.21,5.38,5.38,5.13,97,67510,362879.00,
532508,JSL         ,A ,Q,104.50,105.50,99.05,99.95,99.95,103.15,2341,82588,8407757.00,
532509,SUPRAJIT ENG,B ,Q,332.90,337.30,330.80,332.05,331.00,334.10,579,8355,2790098.00,
532513,TVSELE      ,B ,Q,192.45,196.50,185.65,187.40,187.40,189.60,152,3888,750443.00,
532514,INDRA GAS   ,A ,Q,363.00,368.40,354.75,356.10,356.10,363.75,766,20437,7352969.00,
532515,TV TODAY    ,A ,Q,258.95,261.90,253.00,255.30,253.20,261.05,178,1553,398886.00,
532521,PALRED      ,B ,Q,142.85,143.30,138.00,139.10,139.10,142.85,32,898,126686.00,
532522,PETRONET LNG,A ,Q,218.00,219.25,215.15,216.75,215.20,218.15,1332,52276,11342587.00,
532523,BIOCON LTD. ,A ,Q,309.50,312.80,307.00,307.95,307.95,310.30,2137,56964,17654726.00,
532524,PTC INDIA   ,A ,Q,74.25,78.00,74.25,75.95,76.40,74.45,1755,82977,6308874.00,
532525,BANK MAHA   ,A ,Q,15.60,15.85,15.50,15.55,15.55,15.55,699,180931,2826292.00,
532527,RK FORGINGS ,A ,Q,164.70,164.80,161.00,163.05,161.00,163.50,583,12502,2031701.00,
532528,DATAM GLOB  ,B ,Q,292.30,302.60,284.20,286.75,284.35,292.30,929,9284,2716468.00,
532529,NDTV        ,B ,Q,179.20,179.95,173.35,176.25,173.35,177.15,1166,23318,4134372.00,
532531,STAR        ,A ,Q,343.00,348.40,325.65,330.90,329.50,347.55,4518,102608,34338335.00,
532532,JAIPRA      ,A ,Q,7.43,7.63,7.25,7.40,7.40,7.43,6087,756458,5656820.00,
532538,ULTRATECH CM,A ,Q,5623.75,5649.00,5536.25,5599.95,5559.70,5623.75,2698,9128,51196656.00,
532539,MINDA IND   ,A ,Q,954.00,970.00,915.85,922.40,922.40,943.25,3137,24927,23489822.00,
532540,TCS LTD.    ,A ,Q,3270.00,3310.95,3254.00,3265.25,3265.25,3291.05,6177,41813,137112923.00,
532541,COFORGE     ,A ,Q,3680.00,3699.45,3530.60,3540.10,3540.10,3663.55,2083,13071,47199353.00,
532543,GULFPETRO   ,B ,Q,43.70,45.40,43.55,44.45,44.50,43.65,109,1445,63586.00,
532548,CENTURYPLY  ,A ,Q,519.80,530.00,511.60,524.10,530.00,516.25,1083,8549,4453883.00,
532553,WELENT      ,A ,Q,97.00,99.40,95.75,97.80,97.05,98.25,1073,52510,5097233.00,
532555,NTPC LTD    ,A ,Q,142.75,144.00,141.15,143.15,143.15,141.90,5644,460374,65604519.00,
532604,SALSTEEL    ,B ,Q,8.50,8.60,8.31,8.50,8.60,8.35,118,12277,104341.00,
532605,JBM AUTO    ,B ,Q,435.55,452.10,422.60,425.10,425.10,430.65,991,8952,3925665.00,
532610,DWAR SUGAR  ,A ,Q,102.50,103.35,100.50,100.95,101.00,102.80,1561,87714,8931637.00,
532612,INDOCO REM  ,A ,Q,369.75,373.00,357.40,362.65,370.35,370.75,604,8340,3049932.00,
532613,VIPCLOTHNG  ,B ,Q,22.10,23.50,22.10,23.40,23.40,22.40,351,58813,1359639.00,
532614,IMPEX       ,T ,Q,8.36,8.36,8.36,8.36,8.36,8.79,35,2833,23683.00,
532616,XCHANGING   ,B ,Q,60.30,61.00,59.00,59.05,59.50,59.70,170,5881,352904.00,
532617,JETAIRWAYS  ,Z ,Q,115.50,115.50,109.20,109.60,110.00,114.90,649,43474,4823502.00,
532621,MORARJETEX  ,B ,Q,16.80,17.40,16.75,16.80,16.75,17.40,12,1275,21627.00,
532624,JINDALPH    ,B ,Q,201.95,204.30,199.70,200.15,199.70,203.05,21,639,128549.00,
532626,PONDY OXIDES,X ,Q,548.35,567.00,535.75,551.95,551.95,548.35,353,10635,5911727.00,
532627,JPPOWER     ,A ,Q,6.50,6.54,6.36,6.45,6.45,6.43,11267,3918513,25283094.00,
532628,3I INFOTECH ,B ,Q,42.45,42.75,41.35,41.65,41.65,41.95,699,29928,1256421.00,
532629,MCNALLYB    ,T ,Q,3.50,3.54,3.40,3.44,3.49,3.49,21,6200,21639.00,
532630,GOKALDAS    ,B ,Q,346.00,351.95,343.65,346.85,345.00,349.35,930,10244,3565359.00,
532633,ALLSEC TECH ,B ,Q,435.00,435.00,422.90,428.45,427.00,433.10,91,602,256880.00,
532636,IIFL        ,A ,Q,321.45,325.00,313.50,323.60,322.50,321.20,960,19827,6352107.00,
532637,MAN DRUGORG ,B ,Q,141.95,142.15,137.80,138.15,138.50,141.20,257,52861,7361341.00,
532638,SHOPPER STOP,A ,Q,491.20,507.10,482.60,488.40,488.40,484.40,1673,21509,10651288.00,
532640,CYBER MEDIA ,B ,Q,17.95,18.05,16.95,17.20,17.25,17.40,36,1940,34218.00,
532641,NDL         ,B ,Q,30.60,30.95,30.30,30.75,30.75,30.30,166,1927,59170.00,
532642,JSWHL       ,A ,Q,3239.95,3239.95,3119.35,3141.80,3141.80,3180.45,27,49,155419.00,
532644,JK CEMENT   ,A ,Q,2112.00,2135.85,2092.00,2108.25,2108.25,2123.05,652,2729,5765436.00,
532645,BEEYU OVERSE,X ,Q,3.45,3.60,3.29,3.43,3.43,3.45,31,1871,6416.00,
532648,YES BANK    ,A ,Q,12.70,12.78,12.61,12.66,12.66,12.73,11400,5379294,68321889.00,
532649,NECTAR LIFE ,B ,Q,23.25,24.10,22.95,23.30,23.20,23.25,387,23950,561161.00,
532650,MSP STEEL   ,B ,Q,10.65,10.65,9.71,9.87,9.99,9.99,211,36693,362508.00,
532651,SPL INDS    ,B ,Q,49.50,50.20,48.40,49.00,49.00,49.75,70,1861,90912.00,
532652,KARNATAKA BK,A ,Q,65.60,65.60,64.30,64.90,64.95,65.00,493,34809,2256250.00,
532654,MCLEOD RUSSE,B ,Q,23.80,23.80,22.35,22.60,22.60,23.00,577,67637,1537961.00,
532656,FACOR ALLOYS,X ,Q,9.32,9.57,8.88,8.91,8.91,9.33,2426,984597,8975218.00,
532659,IDFC        ,A ,Q,49.65,50.10,48.75,49.30,49.20,49.95,1439,441308,21845998.00,
532660,VIVIMED LABS,B ,Q,9.64,10.22,9.64,9.86,9.88,10.14,442,76023,746214.00,
532661,RANE MADRAS ,B ,Q,325.45,325.45,312.40,319.60,319.45,326.05,121,502,160314.00,
532662,HT MEDIA    ,B ,Q,19.90,20.10,19.10,19.20,19.15,19.70,173,15151,294328.00,
532663,SASKEN      ,A ,Q,780.60,781.90,761.30,770.15,768.40,775.55,96,429,330215.00,
532666,FCS SOFTWARE,B ,Q,2.99,3.12,2.96,2.97,2.97,2.98,566,1056514,3193229.00,
532667,SUZLONENERGY,A ,Q,7.00,7.09,6.80,6.83,6.83,6.98,9195,11889932,82333167.00,
532668,AURIONPRO SO,B ,Q,258.90,260.10,253.70,255.75,257.75,252.30,131,1014,260187.00,
532670,RENUKA SUGAR,A ,Q,47.50,48.10,46.20,46.40,46.40,47.30,5796,1141509,53668914.00,
532673,KM SUGARMILL,B ,Q,28.50,28.60,27.35,27.70,27.70,28.50,536,21815,610547.00,
532674,BANNARI AMMA,B ,Q,56.20,56.20,53.25,53.75,53.85,55.25,82,5509,299278.00,
532676,PBA INFRASTR,B ,Q,16.35,16.35,14.95,15.44,15.30,15.73,108,17868,272953.00,
532679,SORILINFRA  ,B ,Q,72.50,72.50,69.20,69.50,69.50,70.05,152,5002,352503.00,
532683,AIAENGINEER ,A ,Q,2174.55,2241.00,2126.90,2223.55,2211.00,2183.55,886,2949,6443996.00,
532684,EVEREST KANT,B ,Q,186.15,187.30,180.00,180.40,181.65,186.95,784,11502,2113304.00,
532686,KERNEX MICRO,T ,Q,186.90,187.75,180.00,187.75,187.75,178.85,15,830,155608.00,
532687,REPRO INDIA ,B ,Q,382.05,382.05,373.60,380.70,380.70,374.25,27,714,268506.00,
532689,PVR LTD     ,A ,Q,1850.15,1902.55,1848.05,1860.55,1853.20,1838.80,1837,20396,38287996.00,
532692,RADHA MADHAV,Z ,Q,1.99,1.99,1.90,1.95,1.95,1.99,12,32391,61563.00,
532693,PUNJ LLOYD  ,Z ,Q,1.69,1.72,1.65,1.66,1.66,1.67,60,59190,99057.00,
532694,BARTRONICSIN,Z ,Q,4.20,4.38,3.99,4.00,4.05,4.20,51,40626,163266.00,
532695,CELEBRITYFAS,B ,Q,13.00,13.43,12.50,13.05,13.05,13.00,138,11501,149726.00,
532696,EDUCOMP SOLN,Z ,Q,3.13,3.13,3.04,3.05,3.05,3.09,15,5395,16602.00,
532698,NITINSPINNER,B ,Q,205.50,208.30,201.50,202.30,201.95,205.75,277,3167,651290.00,
532699,ROYALORCH   ,B ,Q,140.00,140.00,127.55,131.95,135.00,135.15,140,3553,471458.00,
532700,ENT NETWORK ,B ,Q,182.00,183.00,172.30,178.35,178.35,174.65,6,28,4895.00,
532701,CELLA       ,Z ,Q,7.00,7.05,6.65,6.66,6.65,7.00,12,6935,46764.00,
532702,GUJ PETRONET,A ,Q,216.60,221.65,211.95,217.60,217.60,216.20,766,36793,7950503.00,
532705,JAGRAN PRAK ,B ,Q,49.55,50.95,48.90,49.85,50.00,49.45,529,19137,947754.00,
532706,INOX LEISURE,A ,Q,503.00,525.00,503.00,507.95,508.40,507.25,1685,25028,12915460.00,
532707,DYNEMIC PRO ,B ,Q,409.75,418.90,408.15,414.40,418.90,410.75,82,561,231609.00,
532710,SADBHAV ENGG,A ,Q,14.80,15.20,14.75,14.80,14.75,14.80,810,62571,937306.00,
532712,REL COM LTD ,T ,Q,2.23,2.28,2.22,2.23,2.25,2.27,917,536137,1205193.00,
532713,SAKUMA EXPO ,B ,Q,13.75,13.75,13.20,13.25,13.35,13.35,230,20867,280984.00,
532714,KEC INTERN  ,A ,Q,407.25,407.65,388.20,390.60,391.60,399.65,1306,13101,5172535.00,
532716,GILLA ARBUT ,B ,Q,59.25,62.40,58.95,62.15,59.60,60.20,55,2048,124368.00,
532717,INDOTECHTR  ,B ,Q,177.10,181.25,175.60,177.00,177.00,177.40,52,1178,208989.00,
532719,BL KASHYAP  ,B ,Q,18.70,19.70,18.15,19.30,19.30,18.70,324,14602,279436.00,
532720,M&M FINANSER,A ,Q,177.20,179.15,174.70,175.45,175.45,178.10,1101,58786,10385319.00,
532721,VISA STEEL  ,B ,Q,14.30,14.30,14.00,14.30,14.30,13.65,80,20403,291678.00,
532722,NITCO TILES ,B ,Q,23.55,23.65,23.10,23.20,23.25,23.60,71,529,12347.00,
532723,MPDL        ,X ,Q,14.85,17.00,14.85,15.50,15.50,14.20,41,4628,76880.00,
532725,SOLAR IND   ,A ,Q,2758.40,2769.15,2724.65,2742.95,2741.80,2733.15,210,725,1989252.00,
532726,GALLAN METAL,B ,Q,73.00,76.00,70.20,73.30,73.30,71.10,333,16489,1226834.00,
532728,MALU PAPER  ,B ,Q,32.00,32.00,31.50,31.80,31.80,31.45,47,479,15202.00,
532729,UTTAM SUGAR ,B ,Q,255.00,255.00,237.20,242.45,242.45,249.85,714,11095,2733497.00,
532730,STL GLOBAL  ,B ,Q,24.30,24.75,23.70,24.50,23.70,24.95,51,6224,150887.00,
532732,KEWAL KIRAN ,B ,Q,249.50,253.60,248.00,248.65,249.30,245.70,285,3287,823774.00,
532733,SUN TVNET   ,A ,Q,420.00,422.80,408.70,412.50,415.80,420.45,1272,37681,15683696.00,
532734,GODAWARI POW,A ,Q,254.60,258.90,248.10,249.50,251.50,252.60,856,20058,5051971.00,
532735,RSYSTEMINT  ,B ,Q,224.55,228.25,222.00,222.60,222.00,222.95,250,2364,531747.00,
532737,EMKAY GLOB F,B ,Q,68.00,68.20,64.75,64.95,64.95,66.90,147,2021,133464.00,
532738,TANTIA CONS ,Z ,Q,12.70,13.20,12.70,12.80,12.80,13.29,19,2906,38325.00,
532740,LOKESH MACH ,B ,Q,77.65,77.65,74.45,75.45,75.90,76.50,122,1352,102370.00,
532741,KAMDHENU    ,B ,Q,193.75,198.00,188.50,192.60,191.60,191.40,214,5301,1017925.00,
532742,PAUSHAKLTD  ,A ,Q,9244.25,9250.00,9051.05,9144.60,9060.00,9219.95,132,403,3705852.00,
532744,GTN TEXTILE ,X ,Q,12.10,12.95,12.10,12.10,12.10,12.70,41,5473,66779.00,
532745,INDICAP     ,X ,Q,27.85,30.85,27.85,28.65,28.65,27.15,54,2251,63870.00,
532748,PRIME FOCUS ,B ,Q,62.60,63.90,62.30,63.90,63.90,62.40,126,2844,179768.00,
532749,ALLCARGO    ,A ,Q,266.00,268.50,258.85,263.40,266.50,270.10,1186,26289,6925960.00,
532751,EASUNREYRL  ,Z ,Q,2.31,2.31,2.31,2.31,2.31,2.37,1,500,1155.00,
532754,GMR INFRASTR,A ,Q,34.50,35.00,33.90,34.10,34.10,34.65,1362,234623,8051707.00,
532755,TECH MAH    ,A ,Q,1017.00,1025.75,997.00,999.70,999.70,1021.00,4660,99883,100799098.00,
532756,MAHINDCIE   ,A ,Q,233.00,236.80,227.20,232.75,232.75,231.90,1389,50261,11630825.00,
532757,VOLTAMP TRAN,B ,Q,2881.00,2970.55,2793.10,2876.55,2880.00,2886.35,2200,5619,16208322.00,
532759,ATLANTA     ,B ,Q,15.00,15.05,14.20,14.70,14.72,14.75,23,927,13473.00,
532760,DEEPENR     ,B ,Q,83.40,86.25,79.60,84.95,84.95,82.15,296,13403,1123531.00,
532761,HOV SERVICES,B ,Q,48.00,48.45,47.90,48.45,48.45,47.80,19,167,8003.00,
532762,ACTION CONST,A ,Q,213.60,215.90,207.25,208.40,207.25,211.50,1808,62348,13206930.00,
532764,GEECEE      ,B ,Q,129.70,130.25,128.50,129.05,130.10,127.15,25,121,15641.00,
532767,GAYATRI PROJ,B ,Q,16.50,17.70,16.35,17.35,17.30,16.90,1480,139530,2367755.00,
532768,FIEM INDS   ,B ,Q,1333.25,1379.95,1313.75,1326.00,1320.00,1330.95,1864,13869,18670772.00,
532771,JHS SVEN    ,B ,Q,21.80,22.05,21.50,21.60,21.65,21.80,104,3108,67900.00,
532772,DCBBANK     ,A ,Q,76.55,77.20,74.05,74.30,74.45,76.55,1263,39362,2961495.00,
532773,GLOBAL VECT ,B ,Q,44.35,44.35,42.50,42.90,42.85,43.05,58,2386,103720.00,
532774,INSPIRISYS  ,T ,Q,67.10,68.85,66.70,68.25,68.85,66.05,10,1450,97443.00,
532775,GTL INFRAST ,B ,Q,1.09,1.13,1.08,1.12,1.12,1.08,28538,18290260,20329875.00,
532776,SHIVAM AUTO ,B ,Q,39.45,39.95,36.90,38.50,38.20,38.35,486,45581,1742621.00,
532777,INFO EDGE   ,A ,Q,3780.00,3793.90,3645.00,3747.10,3785.00,3774.70,3941,26256,97865864.00,
532779,TORNT POWER ,A ,Q,461.30,462.90,447.95,451.30,452.35,460.10,890,11421,5180013.00,
532780,PARSVNATH   ,B ,Q,9.88,10.15,9.63,9.72,9.69,9.90,99,19791,195318.00,
532782,SUTLEJ TEXT ,B ,Q,66.30,66.90,63.75,63.75,63.75,65.85,85,1842,121230.00,
532783,DAAWAT      ,A ,Q,77.50,77.50,74.25,75.55,75.55,77.15,2021,141810,10759254.00,
532784,SOBHA       ,A ,Q,558.00,584.80,558.00,575.90,575.90,554.90,1741,27682,15905343.00,
532785,RUCHIRA PAP ,B ,Q,111.10,112.75,105.45,106.60,106.65,110.30,260,7213,790685.00,
532790,TANLA       ,A ,Q,1025.00,1065.85,995.65,1003.10,1007.00,1008.30,3564,37343,38317207.00,
532794,ZEEMEDIA    ,B ,Q,13.80,14.50,13.80,13.90,13.90,14.05,582,112632,1580787.00,
532795,SITINET     ,B ,Q,1.91,1.93,1.87,1.93,1.93,1.84,546,1720200,3310281.00,
532796,LUMAX TECH  ,B ,Q,177.85,187.55,177.85,180.50,179.10,176.60,392,7034,1296795.00,
532797,AUTOIND     ,B ,Q,61.10,62.75,59.30,60.55,60.45,61.40,98,5849,358396.00,
532798,NTWK MED INV,A ,Q,68.85,69.70,66.80,68.95,68.95,68.25,1994,222882,15179228.00,
532799,HUBTOWN     ,B ,Q,66.20,66.55,63.90,66.55,66.55,63.40,269,72091,4793575.00,
532800,TV18BRDCST  ,A ,Q,40.15,40.40,38.75,38.95,38.95,39.85,3208,569881,22369984.00,
532801,CAMBRIDGE   ,B ,Q,54.10,54.85,52.35,52.70,52.90,53.95,309,4745,253710.00,
532804,TECHNOCRAFT ,B ,Q,900.90,904.10,859.65,871.40,860.00,895.40,313,2808,2464952.00,
532805,REDINGTON   ,A ,Q,128.90,129.00,124.75,125.55,125.55,128.00,1993,94583,11943651.00,
532806,AI CHAMPDNY ,XT,Q,17.90,17.90,17.85,17.90,17.90,17.05,6,561,10029.00,
532807,CINELINE    ,B ,Q,136.00,137.00,131.90,133.00,133.00,133.00,63,1785,238215.00,
532808,PGIL        ,B ,Q,401.70,406.95,396.00,399.20,406.95,392.05,44,460,183641.00,
532809,FSL         ,A ,Q,105.80,105.80,102.05,103.05,103.00,104.55,1117,95621,9869278.00,
532810,POWER FINAN ,A ,Q,104.10,105.15,103.50,104.60,104.60,103.80,1409,127216,13290609.00,
532811,AHLUWALIA CO,A ,Q,423.95,436.10,420.40,431.40,433.95,414.20,117,468,200743.00,
532812,TRANSWARRANT,B ,Q,8.74,8.74,8.74,8.74,8.74,8.33,2,1180,10313.00,
532813,C & C CONSTR,Z ,Q,3.65,3.65,3.65,3.65,3.65,3.63,4,2400,8760.00,
532814,INDIAN BANK ,A ,Q,150.00,151.70,146.50,149.60,149.60,149.90,2086,54428,8115210.00,
532815,SMS PHARMACE,B ,Q,83.90,84.30,81.15,81.70,81.85,83.95,164,1185,97568.00,
532817,ORIENTAL    ,B ,Q,11.97,12.53,11.85,11.99,12.02,11.92,41,10963,134740.00,
532819,MINDTREE LTD,A ,Q,2941.10,2994.55,2874.10,2888.35,2888.35,2941.05,2489,16910,49640041.00,
532820,ELAND       ,X ,Q,4.59,4.60,4.21,4.23,4.37,4.43,105,77459,332392.00,
532822,IDEA        ,A ,Q,8.61,8.74,8.36,8.43,8.43,8.65,91984,36184168,309794749.00,
532826,RAJ TELE    ,B ,Q,39.75,39.80,37.40,37.60,37.80,37.05,24,4082,157894.00,
532827,PAGE INDUSTR,A ,Q,41054.40,41054.40,40044.30,40187.30,40196.80,41014.75,188,338,13720164.00,
532828,AMD INDUS   ,B ,Q,43.05,43.65,42.30,42.85,43.10,42.35,22,541,23351.00,
532829,LEHAR       ,X ,Q,39.00,39.00,37.55,38.40,38.40,37.55,12,290,10914.00,
532830,ASTRAL      ,A ,Q,1660.00,1696.50,1634.15,1655.60,1658.90,1668.35,2267,13056,21791557.00,
532832,INDBUL REAL ,A ,Q,63.90,64.15,60.55,60.95,60.95,63.60,5462,591910,36494213.00,
532834,CAMLINFINE  ,A ,Q,112.35,112.60,106.70,107.95,107.60,111.05,253,17422,1928373.00,
532835,ICRA        ,A ,Q,3700.00,3727.00,3684.65,3696.75,3684.65,3749.75,55,107,396644.00,
532839,DISH TV     ,A ,Q,13.32,13.67,12.60,12.86,12.86,13.32,897,283821,3728710.00,
532841,SAHYA INDU  ,X ,Q,410.00,412.00,400.10,403.50,407.60,412.00,69,1672,681208.00,
532842,SREE RAYALA ,B ,Q,426.05,440.60,422.30,423.75,423.70,425.90,51,854,369478.00,
532843,FORTIS      ,A ,Q,234.00,241.45,231.65,239.90,239.90,233.70,1531,28566,6764805.00,
532845,TGBHOTELS   ,B ,Q,8.53,8.53,8.50,8.50,8.50,8.54,9,900,7658.00,
532847,HILTON MET  ,B ,Q,37.50,37.50,37.50,37.50,37.50,35.75,45,21824,818400.00,
532848,DELTA CORP  ,A ,Q,182.00,184.70,165.15,166.45,166.45,180.90,12993,855271,146058952.00,
532850,MIC ELECTRON,T ,Q,14.80,15.30,14.60,14.65,14.60,15.15,74,7512,112077.00,
532851,INSECTCID   ,B ,Q,839.10,870.00,825.90,861.00,861.00,842.10,920,5176,4376673.00,
532853,ASAHI SONG  ,B ,Q,299.90,300.25,284.95,300.25,300.25,291.20,64,137,40486.00,
532856,TIME TECHNO ,A ,Q,105.40,109.00,102.00,103.15,103.15,105.00,3481,264613,28105340.00,
532859,HGSL        ,A ,Q,1086.80,1090.15,1057.10,1072.30,1072.30,1085.40,976,4935,5321722.00,
532864,NELCAST     ,B ,Q,58.90,59.80,58.10,58.60,58.55,59.45,125,4081,241926.00,
532867,V2RETAIL    ,B ,Q,109.15,109.25,105.65,109.00,109.00,106.50,26,808,86847.00,
532868,DLF LIMITED ,A ,Q,316.00,321.30,308.30,312.40,312.40,317.75,3267,167572,52417466.00,
532869,TARMAT      ,B ,Q,46.90,47.00,46.35,46.35,46.35,46.90,19,163,7642.00,
532870,ANKIT METAL ,T ,Q,6.80,7.19,6.80,6.92,7.00,7.15,85,16959,117437.00,
532872,SUNPHA ADV  ,A ,Q,214.30,216.35,206.70,208.80,209.95,212.55,648,17248,3626053.00,
532874,SURYACHAKRA ,Z ,Q,1.05,1.13,1.05,1.07,1.07,1.10,148,158565,168844.00,
532875,ALLIED DIGIT,B ,Q,122.80,127.75,122.80,124.15,124.15,122.75,1023,11903,1489385.00,
532878,ALPA LAB    ,B ,Q,60.60,60.80,58.65,58.95,58.70,59.00,77,2622,155145.00,
532879,SIR SHADI LA,X ,Q,176.00,185.10,168.50,174.65,185.10,176.30,5,38,6577.00,
532880,OMAXE LTD   ,B ,Q,85.80,86.85,83.95,84.80,83.95,86.10,311,7623,650466.00,
532884,REFEX       ,B ,Q,113.90,115.00,111.05,111.45,111.05,112.95,144,1772,200457.00,
532885,CENTRAL BK  ,A ,Q,16.55,17.15,16.55,16.90,16.90,17.00,451,97309,1650396.00,
532888,ASIAN GRANIT,B ,Q,42.30,42.30,40.00,40.35,40.35,40.35,1244,56172,2285148.00,
532889,K.P.R. MILL ,A ,Q,506.95,518.10,504.10,515.40,515.40,503.95,800,9284,4752984.00,
532890,TAKE SOLUT  ,B ,Q,22.50,22.85,21.80,21.95,21.95,22.50,568,37755,837306.00,
532891,PURAVANKARA ,B ,Q,85.80,85.80,82.65,82.90,83.00,84.80,128,1821,151681.00,
532892,MOTILALOFS  ,A ,Q,744.30,777.40,726.00,766.35,761.55,736.65,1330,9775,7400769.00,
532893,VTM LTD     ,X ,Q,44.60,44.60,42.30,43.30,44.50,44.20,89,6507,283949.00,
532894,IWIND ENERGY,T ,Q,13.30,13.30,12.65,13.05,13.05,13.10,62,12780,165794.00,
532896,MAGNUM VENT ,B ,Q,12.08,12.08,11.72,11.73,11.73,11.84,9,6892,81275.00,
532898,POWER GRID  ,A ,Q,211.55,214.70,210.40,211.85,212.10,211.55,5753,458036,97401846.00,
532899,KAVERI SEED ,A ,Q,501.65,519.55,500.80,508.85,507.15,499.70,690,5033,2561264.00,
532900,PAISALO     ,A ,Q,81.50,83.50,71.30,72.25,72.30,797.75,1723,57378,4453144.00,
532902,CONSOL CONST,T ,Q,2.34,2.34,2.12,2.34,2.34,2.23,156,219026,508529.00,
532904,SUPREME INFR,B ,Q,12.38,12.38,11.80,12.38,12.38,11.26,127,48118,594666.00,
532906,MAANALU     ,B ,Q,124.45,126.00,116.15,118.35,118.00,125.20,333,6268,758106.00,
532907,ILFSENGG    ,Z ,Q,12.00,12.00,11.21,11.89,11.89,11.80,34,33116,373457.00,
532911,PARLEIND    ,X ,Q,7.93,8.09,7.77,7.93,7.94,7.94,275,12260,97272.00,
532915,RELIGARE ENT,A ,Q,121.50,121.60,118.25,119.30,118.55,119.65,2038,213917,25697710.00,
532916,BARAK VALL  ,T ,Q,21.80,21.80,20.95,20.95,20.95,20.90,4,412,8641.00,
532918,RATHI BARS  ,X ,Q,26.10,26.15,25.20,26.15,26.15,26.15,25,1913,49729.00,
532921,ADANI PORTS ,A ,Q,682.95,686.05,666.45,671.45,671.45,677.60,2174,68539,46358879.00,
532922,EDELWEISS   ,A ,Q,51.95,52.40,51.00,51.55,51.55,51.10,1189,44768,2306179.00,
532923,RGL         ,B ,Q,577.85,585.50,571.35,576.35,571.55,571.25,3843,17021,9885656.00,
532924,KOLTEPATIL  ,A ,Q,219.85,220.75,215.85,217.65,219.40,216.65,178,1861,405859.00,
532925,KAUSHAL INFR,B ,Q,3.56,3.56,3.44,3.55,3.55,3.51,8,586,2077.00,
532926,JYOTHYLAB   ,A ,Q,154.40,154.65,148.30,150.45,149.25,153.30,720,24333,3724973.00,
532927,ECLERX      ,A ,Q,1924.45,1950.25,1908.10,1926.50,1923.00,1928.25,418,1675,3224444.00,
532928,TRIL        ,B ,Q,29.40,29.60,27.60,27.95,27.95,28.80,360,34472,973486.00,
532929,BRIGADE     ,A ,Q,442.10,449.70,433.00,446.35,445.00,441.95,586,7704,3389608.00,
532930,BGR ENERGY  ,B ,Q,65.40,66.05,63.90,64.00,64.00,65.20,184,4073,265291.00,
532931,BURNPUR     ,B ,Q,4.66,4.66,4.46,4.50,4.50,4.60,141,77894,351157.00,
532932,MANAKSIA LTD,B ,Q,77.95,77.95,74.00,75.30,75.10,75.75,273,2918,221640.00,
532933,PORWAL AUTO ,X ,Q,21.50,22.55,20.40,21.35,21.50,21.10,45,3130,67570.00,
532934,PPAP        ,B ,Q,193.15,195.35,189.25,191.35,191.45,188.35,36,291,55743.00,
532935,ARIES AGRO  ,B ,Q,119.60,123.65,118.30,119.90,119.75,118.60,235,4535,547187.00,
532937,KUANTUM     ,B ,Q,71.70,73.00,70.55,71.35,71.35,71.50,80,660,47687.00,
532939,RPOWER      ,A ,Q,11.78,11.86,11.40,11.48,11.48,11.76,2995,1311456,15175605.00,
532940,J KUMAR INFR,A ,Q,284.95,289.80,283.00,285.20,287.30,284.85,630,17893,5121028.00,
532941,CORDS CABLE ,B ,Q,53.30,53.30,52.75,53.00,53.00,53.10,54,601,31783.00,
532942,KNR CONST   ,A ,Q,231.50,233.70,228.65,232.70,232.60,230.75,480,6484,1498209.00,
532944,ONMOBILE    ,A ,Q,123.50,125.25,118.00,118.95,118.90,122.50,3048,275806,34054452.00,
532945,SEPC        ,B ,Q,8.50,8.77,8.50,8.50,8.50,8.64,24,4063,35078.00,
532946,BANG        ,B ,Q,40.85,41.00,40.30,40.55,40.75,39.65,27,753,30548.00,
532947,IRB INFRA   ,A ,Q,211.20,211.20,199.95,201.70,202.50,207.25,738,25709,5258182.00,
532951,GSS INFOTECH,B ,Q,215.70,216.20,215.00,215.85,216.20,215.90,84,4547,979345.00,
532952,NAHAR CAP   ,B ,Q,402.10,450.90,401.20,439.15,439.15,390.20,635,8583,3762158.00,
532953,V GUARD IND ,A ,Q,219.85,227.25,217.35,223.90,223.90,220.00,617,10491,2312230.00,
532955,RECLTD      ,A ,Q,121.00,123.95,120.70,123.75,123.75,120.00,6469,729910,89318736.00,
532959,AJRINFRA    ,B ,Q,1.55,1.57,1.51,1.54,1.53,1.54,101,331589,510269.00,
532960,DHANI       ,A ,Q,35.95,35.95,35.95,35.95,35.95,34.25,225,121600,4371520.00,
532966,TITAGARH WAG,B ,Q,104.00,104.20,100.55,101.95,101.95,100.55,1429,35331,3616800.00,
532967,KIRI DYES   ,A ,Q,465.00,473.50,463.45,465.20,470.60,469.65,664,13390,6241584.00,
532972,SANKHYA INFO,X ,Q,7.13,7.13,7.13,7.13,7.13,7.50,48,11444,81595.00,
532974,ABML        ,B ,Q,54.25,54.40,53.35,53.55,53.55,54.05,154,2847,153469.00,
532975,AISHWARYA   ,Z ,Q,2.70,2.94,2.70,2.71,2.71,2.80,6,127,346.00,
532976,JAIBALA IND ,B ,Q,39.65,39.85,38.90,38.90,38.90,39.55,52,2620,102843.00,
532977,BAJAJ AUTO  ,A ,Q,3747.00,3765.20,3693.50,3705.65,3703.00,3867.05,1604,8834,32970615.00,
532978,BAJAJ FINSE ,A ,Q,11150.00,11189.20,10908.00,10929.30,10921.00,11114.45,4398,15912,175423147.00,
532980,GOKUL REFOIL,B ,Q,30.10,31.55,30.10,30.80,30.85,31.05,327,7629,236666.00,
532983,RPG LIFESCI ,B ,Q,562.00,570.70,557.00,558.60,558.00,569.95,68,151,84908.00,
532985,KOTAK SENSEX,B ,Q,565.00,565.00,558.00,560.95,560.95,557.00,15,123,69113.00,
532986,NIRAJ CEMENT,B ,Q,28.50,30.15,28.50,29.00,28.50,29.80,20,957,27682.00,
532987,RANE BRAKE  ,B ,Q,716.85,725.50,706.00,710.55,710.00,715.80,64,161,115851.00,
532988,RANE ENGVL  ,B ,Q,250.00,250.25,240.15,244.90,244.90,248.40,39,176,43183.00,
532989,BAFNA PHARMA,T ,Q,117.85,117.85,112.90,113.55,112.90,117.00,12,500,57660.00,
532993,SEJAL       ,T ,Q,247.30,260.00,247.30,250.90,250.90,255.05,19,1457,365023.00,
532994,ARCHIDPLY IN,B ,Q,52.75,52.75,50.00,50.60,51.30,52.25,177,3736,192101.00,
532998,LEHIL       ,B ,Q,52.05,55.50,51.10,54.85,54.40,52.80,124,4359,237530.00,
533001,SOMI CONVEY ,B ,Q,32.25,32.25,31.50,32.25,32.25,33.60,6,53,1706.00,
533007,LGB FORGE   ,B ,Q,8.95,9.12,8.65,8.79,8.95,8.94,106,19032,169823.00,
533012,LANDMRK PRO ,B ,Q,6.09,6.50,6.03,6.09,6.13,6.34,24,3954,24242.00,
533014,SICAGEN IND ,X ,Q,27.05,27.05,26.40,26.50,26.50,27.05,34,9597,255995.00,
533018,SIMPLEX MIL ,X ,Q,28.25,32.45,26.55,31.35,32.20,29.50,32,2755,78105.00,
533019,SIMPLEX PAP ,X ,Q,37.35,37.35,37.35,37.35,37.35,35.60,26,3406,127214.00,
533022,20 MICRONS  ,B ,Q,69.15,70.60,68.00,68.75,68.75,69.50,479,6552,456072.00,
533023,ZFCVINDIA   ,A ,Q,7493.15,8377.55,7444.15,7640.15,7650.00,7430.15,325,625,4920949.00,
533029,ALKALI      ,B ,Q,75.30,78.75,75.00,76.55,75.85,75.00,82,2747,212165.00,
533033,ISGEC       ,A ,Q,483.90,497.95,477.00,488.95,484.00,490.05,252,904,441250.00,
533047,INDIAN MET  ,B ,Q,272.10,272.10,259.30,260.90,260.90,269.45,378,4224,1120761.00,
533056,VEDAVAAG    ,X ,Q,42.00,42.65,41.10,41.25,41.25,41.25,48,4185,174430.00,
533078,MANJEERA    ,X ,Q,20.60,20.60,20.60,20.60,20.60,19.65,1,5,103.00,
533080,MOLDTKPACK  ,A ,Q,738.70,745.00,725.05,730.75,725.05,735.80,578,2807,2054246.00,
533088,MAH HOLIDAY ,A ,Q,216.55,220.80,213.80,215.00,214.65,219.50,305,5236,1133337.00,
533090,EXCEL       ,B ,Q,7.20,7.40,7.19,7.36,7.33,7.05,635,561611,4126509.00,
533093,RAJ OIL     ,T ,Q,63.40,63.40,59.65,61.80,61.80,62.40,33,955,58000.00,
533095,BENGLA& ASM ,B ,Q,2600.00,2619.90,2570.00,2594.85,2599.95,2556.00,98,1697,4414882.00,
533096,ADANI POWER ,A ,Q,272.70,276.00,261.00,262.55,262.55,269.95,7502,383415,103134581.00,
533098,NHPC        ,A ,Q,31.00,31.45,30.45,30.85,30.85,31.00,2243,630822,19571827.00,
533101,SURYAMBA SP ,X ,Q,195.80,204.95,195.50,197.80,197.80,198.75,28,770,152224.00,
533104,GLOBUS SPR  ,B ,Q,933.95,948.10,907.00,916.30,910.00,930.50,2107,19570,18261614.00,
533106,OIL INDIA   ,A ,Q,260.10,263.00,247.85,251.90,251.90,261.55,3854,214671,55093039.00,
533107,RNAVAL      ,Z ,Q,3.01,3.01,2.93,2.97,3.00,2.97,138,139101,413405.00,
533108,BHILWRA TEC ,X ,Q,16.95,16.95,16.55,16.85,16.85,16.85,63,6052,101666.00,
533110,SH PRECOTED ,X ,Q,22.25,22.25,20.55,20.65,20.55,21.25,26,1089,23169.00,
533121,EXPLEOSOL   ,B ,Q,1308.00,1334.75,1263.15,1284.80,1263.15,1311.95,271,559,729525.00,
533122,RTNPOWER    ,A ,Q,3.32,3.45,3.30,3.40,3.40,3.37,1993,3145735,10664250.00,
533137,DEN NETWORK ,B ,Q,33.05,33.85,33.05,33.50,33.40,33.35,414,21710,729545.00,
533138,ASTEC LIFE  ,A ,Q,1911.00,1911.00,1795.00,1821.75,1811.70,1873.60,1266,56171,104184595.00,
533146,DLINK IND   ,B ,Q,120.05,120.95,116.40,116.85,117.00,119.15,197,2842,337977.00,
533148,JSW ENERGY  ,A ,Q,216.25,219.00,206.00,208.90,208.90,216.25,2764,62160,13232785.00,
533149,ESSAR SECU  ,XT,Q,6.94,6.94,6.94,6.94,6.94,7.30,48,10587,73473.00,
533150,GODREJ PROP ,A ,Q,1207.00,1213.00,1165.95,1184.25,1182.00,1211.10,1753,17727,21006736.00,
533151,D B CORP    ,B ,Q,78.35,78.35,74.55,74.95,75.10,76.30,306,5097,386009.00,
533152,MBL INFRA   ,B ,Q,20.85,20.85,18.50,18.80,18.85,19.25,139,16048,304267.00,
533155,JUBL FOOD   ,A ,Q,510.00,518.95,505.60,511.75,511.75,513.70,5014,106361,54707753.00,
533156,VASCON ENG  ,B ,Q,21.15,21.50,20.20,20.30,20.30,21.00,334,41693,870094.00,
533158,THANGAMAYIL ,B ,Q,977.65,994.50,970.00,975.55,970.10,991.70,73,382,375098.00,
533160,D B REALTY  ,T ,Q,55.40,56.95,53.50,54.50,54.50,55.85,219,15915,869301.00,
533161,EMMBI       ,B ,Q,80.95,80.95,79.90,80.05,80.05,80.30,41,144,11538.00,
533162,HATHWAY CAB ,A ,Q,16.85,16.95,16.20,16.35,16.40,16.80,1290,182891,3015191.00,
533163,ARSS INFRA  ,T ,Q,23.00,23.00,23.00,23.00,23.00,22.50,2,6,138.00,
533164,TEXMO PIPES ,B ,Q,64.90,64.90,59.60,59.85,59.90,60.30,228,4030,243948.00,
533166,SUNDARAMMUL ,B ,Q,2.94,3.15,2.91,3.01,3.01,3.01,181,129692,390722.00,
533167,CORO ENGG   ,X ,Q,29.55,29.55,29.55,29.55,29.55,29.55,2,300,8865.00,
533168,ROSSELL IND ,B ,Q,190.50,190.50,169.35,173.05,170.50,180.85,60,508,89217.00,
533169,MAN INFRA   ,A ,Q,77.00,77.00,75.30,75.85,75.85,76.10,469,16045,1225495.00,
533170,TAMBOLI CAP ,X ,Q,104.15,107.40,102.65,102.80,102.65,102.25,431,28934,3035080.00,
533172,IVZINGOLD   ,E ,Q,4620.00,4629.00,4575.00,4607.00,4607.00,4590.00,4,4,18431.00,
533177,IL&FS TRANS ,Z ,Q,4.49,4.51,4.21,4.43,4.43,4.30,28,26772,120184.00,
533179,PERSISTENT  ,A ,Q,3500.00,3520.10,3386.45,3410.35,3403.95,3500.30,1070,5178,17767260.00,
533181,INTRASOFT   ,B ,Q,162.90,163.00,158.00,160.50,160.50,162.05,17,153,24598.00,
533189,GOENKA DIAM ,Z ,Q,1.95,1.95,1.91,1.93,1.93,1.86,74,62912,122250.00,
533192,KCP SUGAR IN,B ,Q,21.50,21.70,20.95,21.00,20.95,21.20,284,17120,361740.00,
533193,KIRLOSKAR EL,B ,Q,25.85,26.20,24.60,24.80,24.80,25.80,215,16938,425917.00,
533202,NEH         ,X ,Q,2.60,2.61,2.41,2.45,2.50,2.53,67,38917,98173.00,
533203,TARAPUR TRA ,B ,Q,3.71,3.94,3.71,3.94,3.94,3.80,4,200,744.00,
533206,SJVN        ,A ,Q,27.20,27.40,26.75,26.90,26.85,27.05,711,117487,3169031.00,
533207,JPINFRATEC  ,T ,Q,2.15,2.19,2.10,2.16,2.15,2.12,124,665148,1435517.00,
533208,EMAMI PAPER ,B ,Q,141.20,142.20,136.40,136.45,136.45,138.90,117,327,45185.00,
533210,KRITI NUTRI ,X ,Q,43.35,44.70,43.35,44.25,44.45,44.05,104,5903,261974.00,
533212,GKB OPHTHA  ,X ,Q,78.95,79.00,71.85,76.80,76.80,76.70,17,2311,169935.00,
533217,HMVL        ,B ,Q,53.35,53.80,50.45,51.05,51.05,52.30,188,5526,283554.00,
533218,EMAMIREAL   ,B ,Q,63.20,64.45,63.15,63.40,63.15,63.95,53,934,59519.00,
533227,ASIAN HTL E ,B ,Q,222.70,235.00,216.50,221.55,221.55,223.50,61,1871,420195.00,
533229,BAJAJCON    ,A ,Q,141.90,143.50,138.00,138.70,138.70,141.00,1143,38320,5402319.00,
533230,HDFCMFGETF  ,E ,Q,45.01,45.12,44.87,44.93,44.98,45.09,160,36440,1637990.00,
533239,PRAKASHSTL  ,B ,Q,4.91,4.99,4.76,4.79,4.79,4.88,317,101103,492106.00,
533244,ICICIGOLD   ,E ,Q,44.86,45.24,44.83,45.05,44.83,44.95,186,7176,323096.00,
533248,GPPL        ,A ,Q,72.70,79.00,72.70,76.80,76.25,72.50,3239,231329,17754399.00,
533252,WELSPUN INV ,B ,Q,275.90,276.00,275.75,275.90,275.75,284.20,18,138,38073.00,
533259,SASTASUNDR  ,B ,Q,303.20,305.90,295.85,301.35,298.60,297.80,43,430,128163.00,
533260,CAREERP     ,B ,Q,112.00,116.10,112.00,112.30,112.00,112.85,46,650,74257.00,
533261,EROS MEDIA  ,B ,Q,23.55,24.05,23.15,23.85,23.90,23.50,191,17451,412063.00,
533262,RAMKY INFRA ,B ,Q,150.00,151.20,148.00,148.80,149.35,151.45,95,2428,362716.00,
533263,GREENPOWER  ,B ,Q,9.18,9.18,9.18,9.18,9.18,8.75,462,483005,4433985.00,
533267,CANTABIL    ,B ,Q,1053.15,1075.00,1039.35,1071.65,1075.00,1062.90,207,679,721900.00,
533269,VATECH WABA ,A ,Q,235.80,236.55,232.75,235.10,234.50,234.45,335,5737,1343598.00,
533271,ASHOKA      ,A ,Q,74.80,74.80,72.45,73.15,73.15,73.85,1089,59950,4416969.00,
533272,JWL         ,B ,Q,52.45,55.55,52.45,55.05,55.05,51.90,1679,47193,2578544.00,
533273,OBEROI REAL ,A ,Q,744.25,746.50,727.00,736.35,736.95,739.90,1690,15014,11044521.00,
533274,PRESTIGE    ,A ,Q,402.00,402.00,385.00,386.55,386.55,398.30,626,6556,2566154.00,
533275,GYSCOAL     ,B ,Q,3.40,3.46,3.31,3.35,3.40,3.38,37,17034,57421.00,
533278,COAL INDIA  ,A ,Q,187.10,189.00,182.60,185.50,185.50,188.55,2864,233164,43258573.00,
533282,GRAVITA     ,B ,Q,294.30,294.50,284.20,289.05,290.65,286.45,743,17405,5041985.00,
533284,RPP INFRA   ,B ,Q,36.00,36.80,35.15,36.45,36.25,36.00,310,22180,800764.00,
533285,RDB REALTY  ,X ,Q,28.90,30.00,27.60,29.05,29.00,28.65,20,13268,387955.00,
533286,MOIL LTD    ,A ,Q,142.10,142.60,140.10,140.30,140.10,142.40,915,55340,7839777.00,
533287,ZEE LEARN   ,B ,Q,6.04,6.11,5.94,6.04,6.04,6.03,60,30088,180760.00,
533289,KESAR TERMI ,XT,Q,17.75,17.75,17.75,17.75,17.75,17.45,8,818,14519.00,
533292,A2ZINFRA    ,B ,Q,10.15,10.25,9.88,10.00,10.00,9.91,137,34938,349613.00,
533293,KIRLOIL ENG ,A ,Q,134.65,138.25,134.15,134.60,134.25,134.45,163,1707,231564.00,
533294,RAVI KUMAR  ,B ,Q,10.40,10.49,9.56,9.61,9.61,10.00,117,11068,107760.00,
533295,PUNJABNSIND ,B ,Q,14.20,14.40,14.00,14.15,14.15,14.20,167,12448,177092.00,
533296,FMNL        ,B ,Q,4.91,5.09,4.89,4.89,4.89,4.86,46,9256,45784.00,
533298,SURANASOL   ,B ,Q,20.90,20.95,20.00,20.05,20.00,20.40,57,6625,135453.00,
533302,KALYANI INV ,B ,Q,1500.00,1505.00,1481.15,1500.30,1504.95,1506.00,11,53,79416.00,
533303,BF INVEST   ,B ,Q,257.80,257.80,253.20,254.15,254.15,259.55,40,992,253305.00,
533306,SUMMIT SECU ,B ,Q,541.55,545.90,535.10,538.90,539.10,538.55,118,243,131363.00,
533315,INNO INVEST ,XT,Q,30.00,30.00,27.60,28.90,28.90,28.60,12,1135,32233.00,
533316,STEL        ,B ,Q,104.30,104.90,103.25,103.45,103.25,103.25,26,387,40428.00,
533317,OMKAR SPC   ,B ,Q,22.30,22.40,21.55,21.60,21.55,22.35,60,803,17414.00,
533320,JUBILNT IND ,B ,Q,377.75,377.75,368.00,371.40,370.90,372.05,68,453,168954.00,
533326,TEXMACO RAIL,B ,Q,42.85,43.30,40.95,41.70,41.70,42.10,2596,142117,6011654.00,
533329,IND TERRAIN ,B ,Q,44.55,44.70,43.60,43.70,44.00,43.45,25,451,19979.00,
533333,FINEOTEX  CH,B ,Q,182.50,190.35,182.50,185.50,185.65,182.80,2533,70484,13216606.00,
533336,DHUNINV     ,B ,Q,578.90,607.00,571.50,582.25,591.00,586.05,117,5652,3293218.00,
533339,ZEN TECH    ,B ,Q,176.35,176.35,172.20,173.05,172.85,173.45,384,3340,579232.00,
533343,LOVABLE     ,B ,Q,128.10,129.05,125.50,125.80,126.45,127.40,91,977,123967.00,
533344,PTCFIN SER  ,B ,Q,13.95,14.05,13.60,13.70,13.65,13.65,231,11542,159255.00,
533385,MON100      ,E ,Q,89.98,90.67,89.48,89.90,89.85,89.93,1170,54936,4948750.00,
533393,TCI DEVELP  ,B ,Q,361.05,361.05,361.05,361.05,361.05,360.00,1,3,1083.00,
533398,MUTHOOT FIN ,A ,Q,976.80,979.70,964.95,976.35,977.00,971.15,2279,20636,20071524.00,
533400,FCONSUMER   ,A ,Q,1.95,1.97,1.89,1.92,1.92,1.94,5141,1284049,2501934.00,
533407,CIL NOVA    ,X ,Q,28.85,31.25,28.80,30.00,30.00,30.00,29,2310,69070.00,
533408,BSLGOLDETF  ,E ,Q,45.85,46.33,45.81,46.16,45.82,46.14,13,162,7489.00,
533427,VMS INDUSTR ,X ,Q,13.30,13.86,12.80,13.19,13.86,13.20,32,2112,28738.00,
533451,KARMA ENERG ,B ,Q,22.25,23.40,22.25,22.45,23.40,22.30,90,1670,37971.00,
533452,DELPHIFX    ,B ,Q,393.95,405.00,393.95,405.00,405.00,413.80,33,147,59486.00,
533470,RUSHIL DECOR,B ,Q,413.80,422.70,406.60,412.25,412.25,411.10,117,1409,580489.00,
533477,ENKEI WHEEL ,X ,Q,454.00,454.00,435.00,449.45,449.95,455.55,114,3859,1710157.00,
533482,KRIINFRA    ,B ,Q,4.22,4.27,4.13,4.27,4.27,4.13,6,2005,8421.00,
533506,INVENTURE   ,B ,Q,2.61,2.75,2.61,2.68,2.68,2.70,526,293452,793954.00,
533519,LNT FH      ,A ,Q,69.50,69.55,67.40,67.60,67.60,69.00,1361,211326,14403461.00,
533520,YAARI       ,B ,Q,35.85,36.35,35.25,36.35,36.35,34.65,43,6224,225114.00,
533540,TREE HOUSE  ,T ,Q,11.40,12.58,11.40,12.58,12.58,11.99,145,72775,854042.00,
533543,BROOKS LABS ,T ,Q,86.90,87.60,85.00,86.55,86.55,86.90,24,1098,94035.00,
533552,RUPA & CO   ,A ,Q,351.00,362.35,345.00,347.85,345.55,357.10,1560,21444,7535838.00,
533553,TD POWER    ,B ,Q,460.00,474.95,444.70,465.45,469.00,460.90,801,2735,1273970.00,
533570,AXISGOLD    ,E ,Q,43.99,43.99,43.71,43.84,43.84,43.82,140,12752,558797.00,
533573,ALEM PHARMA ,A ,Q,734.00,737.35,723.80,730.95,726.15,738.85,553,2951,2162270.00,
533576,VASWANI IND ,B ,Q,19.80,21.10,17.05,19.25,19.15,20.25,233,46073,859008.00,
533581,PG ELECTRO  ,T ,Q,904.50,919.90,861.00,865.95,884.00,902.65,94,898,792860.00,
533602,LESHAIND    ,XT,Q,12.60,12.60,12.60,12.60,12.60,13.25,322,81159,1022603.00,
533605,SETUINFRA   ,B ,Q,2.40,2.40,2.24,2.25,2.24,2.35,178,67426,152714.00,
533608,RDB RASAYAN ,X ,Q,72.40,73.60,71.00,71.55,71.55,71.55,59,6653,480753.00,
533629,TIJARIA PPL ,B ,Q,5.08,5.26,5.03,5.26,5.26,5.14,5,2120,11041.00,
533632,ONELIFE CAP ,B ,Q,10.14,10.90,9.62,9.73,9.62,10.45,32,10183,102420.00,
533638,FLEXITUFF   ,B ,Q,27.15,28.50,26.95,28.50,28.50,27.15,17,441,12540.00,
533644,UJAAS       ,T ,Q,3.37,3.43,3.25,3.28,3.28,3.28,64,18657,61588.00,
533655,TRIVENITURB ,A ,Q,158.45,159.15,155.00,156.00,155.20,157.30,367,11293,1770436.00,
533676,INDO THAI   ,B ,Q,155.65,155.65,148.20,148.20,148.20,155.95,92,4254,636098.00,
533704,ESSAR SHIP  ,B ,Q,7.07,7.07,6.85,6.88,6.88,6.98,45,11547,80026.00,
533719,IDBIGOLD    ,E ,Q,4690.00,4690.00,4654.95,4655.30,4654.95,4710.00,8,14,65282.00,
533758,APL APOLLO  ,A ,Q,879.90,879.90,841.00,849.80,849.80,878.15,1941,15355,13150974.00,
533761,GPT INFRA   ,B ,Q,81.10,81.85,79.45,81.00,80.90,80.50,106,2108,170502.00,
533896,FERVENTSYN  ,X ,Q,13.72,13.72,13.72,13.72,13.72,13.30,1,7,96.00,
533941,TSIL        ,T ,Q,42.55,43.85,42.30,42.50,42.50,44.50,7,2801,119079.00,
533982,TERASOFTWARE,B ,Q,35.70,36.65,35.35,36.50,36.05,35.10,140,2066,74651.00,
534060,PMCFIN      ,X ,Q,3.66,3.66,3.48,3.48,3.48,3.66,1416,879345,3085648.00,
534064,AIML        ,X ,Q,26.60,26.60,25.30,25.30,25.30,26.60,85,16141,408417.00,
534076,RHIM        ,A ,Q,482.95,509.00,482.95,501.15,503.85,484.35,2264,26772,13412622.00,
534091,MCX LTD     ,A ,Q,1319.00,1332.85,1264.75,1307.05,1307.05,1275.40,6823,64231,83402969.00,
534139,SCHNEIDER   ,A ,Q,102.15,102.30,98.20,98.95,99.90,101.40,869,36108,3595635.00,
534190,OLYMPIC     ,X ,Q,2.88,2.88,2.88,2.88,2.88,2.88,6,600,1728.00,
534309,NBCC        ,A ,Q,28.85,28.95,28.25,28.45,28.45,28.75,906,213466,6090453.00,
534312,MT EDUCARE  ,B ,Q,8.42,8.46,8.28,8.37,8.37,8.29,46,5889,49491.00,
534328,HEXATRADEX  ,B ,Q,166.75,170.25,166.00,168.20,168.25,167.95,137,6528,1104999.00,
534369,TBZ LTD     ,B ,Q,65.20,65.80,64.00,64.25,64.25,64.80,117,1442,93714.00,
534392,VSSL        ,B ,Q,232.25,232.25,226.20,228.35,229.50,230.75,51,524,120726.00,
534422,LOOKS       ,X ,Q,9.05,9.25,8.50,8.68,9.00,9.27,106,18984,169981.00,
534425,SPECIALITY R,B ,Q,123.20,123.80,119.85,121.90,121.00,122.95,177,2860,349423.00,
534532,LYPSA GEMS  ,T ,Q,5.32,5.32,5.32,5.32,5.32,5.60,17,5185,27584.00,
534563,MAX ALERT   ,MT,Q,3.17,3.33,3.17,3.33,3.33,3.33,2,1600,5200.00,
534597,RTNINDIA    ,B ,Q,41.85,42.90,41.40,42.35,42.35,40.90,2107,240225,10147322.00,
534598,SEPOWER     ,B ,Q,17.25,17.30,17.05,17.05,17.05,17.35,8,246,4214.00,
534600,JTL INFRA   ,B ,Q,204.05,211.20,198.00,208.30,211.00,205.40,283,4246,861881.00,
534612,AMTL        ,X ,Q,17.25,17.25,16.00,16.05,16.00,16.55,35,7651,125393.00,
534615,NECC LTD    ,B ,Q,25.85,25.85,25.30,25.45,25.40,25.40,90,3240,82768.00,
534618,WAAREERTL   ,X ,Q,311.40,311.40,306.00,309.00,309.00,309.50,89,3211,993616.00,
534623,JUPITER INFO,X ,Q,18.00,18.50,16.60,17.35,17.35,18.00,40,710,12356.00,
534674,DUCON       ,B ,Q,18.85,19.05,18.70,18.75,18.75,18.70,156,4685,88034.00,
534675,PROZONINTU  ,B ,Q,21.80,21.80,20.20,20.35,20.20,20.65,255,18704,388909.00,
534680,SRG HFL     ,XT,Q,152.95,155.00,150.00,150.00,150.00,153.00,4,502,77358.00,
534691,COMFORT COM ,X ,Q,14.80,15.00,14.00,14.95,14.95,14.45,44,7399,108464.00,
534732,CASPIAN     ,XT,Q,7.56,7.56,7.56,7.56,7.56,7.95,2,216,1632.00,
534733,SUPREMEX    ,X ,Q,4.35,4.35,4.06,4.12,4.11,4.26,86,24652,103284.00,
534741,VIRTUAL GLO ,X ,Q,1.23,1.24,1.19,1.19,1.21,1.21,617,589955,708666.00,
534742,ZUARI AGRO  ,B ,Q,145.85,148.15,140.15,141.10,140.95,145.15,478,8399,1199067.00,
534748,STEEL EXCH  ,B ,Q,161.15,161.15,156.00,161.15,161.15,153.50,359,65188,10486614.00,
534755,TRIO MERCAN ,X ,Q,1.30,1.45,1.30,1.35,1.40,1.37,92,38357,53366.00,
534758,CIGNITI TECH,A ,Q,465.00,476.00,460.95,465.65,462.00,461.20,473,3826,1793937.00,
534796,CDG         ,X ,Q,14.30,14.75,14.00,14.75,14.75,14.30,8,208,2920.00,
534804,CARERATING  ,A ,Q,420.05,420.95,416.55,419.10,419.85,420.10,230,1130,473761.00,
534809,PC JEWELLER ,B ,Q,23.60,23.75,22.95,23.00,23.05,23.50,548,115205,2697153.00,
534816,INDUSTOWER  ,A ,Q,205.55,210.80,205.55,209.20,209.20,203.00,6315,436960,91255198.00,
534976,VMART       ,A ,Q,2493.25,2535.00,2472.55,2486.00,2498.40,2480.80,549,1183,2969589.00,
535136,NIBE        ,XT,Q,79.80,79.80,72.50,79.45,79.80,76.00,100,23496,1830898.00,
535204,MUKTA       ,X ,Q,5.60,5.68,5.20,5.23,5.22,5.45,59,3863,20707.00,
535205,MYSTICELE   ,X ,Q,5.50,5.50,4.61,4.61,4.61,5.12,90,29128,137273.00,
535267,COM FINCAP  ,X ,Q,38.50,41.35,38.50,41.00,40.95,39.40,153,57589,2354121.00,
535276,SBISENSEX   ,A ,Q,563.50,566.99,560.00,563.96,563.96,565.36,94,972,549011.00,
535322,REPCO HOME  ,A ,Q,136.65,138.50,130.65,131.65,131.65,136.40,536,4492,604229.00,
535431,GCM SECU    ,M ,Q,2.62,2.69,2.52,2.55,2.55,2.59,18,30400,79264.00,
535458,NRB IND BEA ,B ,Q,19.80,19.80,19.50,19.55,19.75,20.05,7,131,2564.00,
535566,KIFS FSL    ,X ,Q,115.95,115.95,115.95,115.95,115.95,110.45,11,234,27132.00,
535601,SREELEATHER ,B ,Q,161.65,161.65,157.50,159.80,159.80,162.80,31,277,44280.00,
535602,SHARDA MOTOR,B ,Q,780.00,820.00,769.35,776.60,776.60,774.10,1500,11990,9611292.00,
535621,SV GLOBAL   ,X ,Q,47.05,50.70,47.05,50.00,50.00,50.80,16,607,30266.00,
535647,SDC         ,M ,Q,8.32,8.32,8.32,8.32,8.32,8.75,2,20000,166400.00,
535648,JUSTDIAL    ,A ,Q,566.50,580.60,561.75,564.05,564.05,566.30,2100,28911,16508914.00,
535657,OONE        ,X ,Q,7.95,7.95,7.51,7.85,7.85,7.60,27,2135,16424.00,
535667,IFINSEC     ,X ,Q,23.30,23.30,23.30,23.30,23.30,24.50,3,180,4194.00,
535693,BRAHM INFRA ,X ,Q,26.00,26.90,26.00,26.90,26.90,26.00,3,13,348.00,
535719,QUEST SOFTEC,X ,Q,14.10,14.45,13.10,13.68,14.30,13.78,107,13282,179562.00,
535730,KHOOBSURAT  ,X ,Q,2.20,2.20,2.04,2.13,2.14,2.14,996,501996,1054518.00,
535754,ORIENT CEM  ,A ,Q,117.25,117.25,113.00,116.10,115.55,116.30,3554,178498,20519598.00,
535755,ABFRL       ,A ,Q,243.80,243.80,232.15,236.20,235.40,241.10,1275,50003,11887062.00,
535789,IBUL HSG FIN,A ,Q,97.75,98.80,93.55,94.90,94.90,97.70,6702,999002,95323038.00,
535958,ESSENTIA    ,B ,Q,2.75,2.75,2.75,2.75,2.75,2.62,20,76821,211257.00,
536264,TIGER LOGS  ,X ,Q,262.45,263.00,240.10,254.30,254.30,258.60,493,36088,9160280.00,
536493,JKAGRI GEN  ,X ,Q,649.00,649.00,620.00,623.50,620.00,627.55,24,242,151842.00,
536507,FUTLIF FAS  ,T ,Q,17.30,17.79,16.60,16.84,16.84,17.47,194,30649,518303.00,
536565,TRIMURTHI   ,X ,Q,7.80,7.80,7.80,7.80,7.80,7.80,1,1,7.00,
536659,PVVINFRA    ,X ,Q,18.00,18.20,17.20,17.70,18.00,17.90,59,8943,157530.00,
536672,VCU DATA    ,XT,Q,30.15,30.15,29.00,30.15,30.15,28.75,535,360685,10868879.00,
536709,INDRENEW    ,X ,Q,12.90,13.11,12.90,13.11,13.11,12.49,47,13644,178857.00,
536773,JIN POLY INV,B ,Q,292.05,296.30,280.50,291.10,292.00,294.95,54,872,249228.00,
536868,INTEGRA TELE,X ,Q,17.60,17.60,16.90,17.30,17.45,17.20,98,10172,175482.00,
536960,MOM100      ,B ,Q,28.30,28.39,27.99,27.99,27.99,28.18,29,326,9172.00,
536965,BP CAPITAL  ,X ,Q,6.75,6.75,6.00,6.74,6.74,6.75,3,38,242.00,
536974,CAPTAIN POLY,X ,Q,16.40,16.40,15.80,15.95,15.90,16.05,78,43743,697779.00,
537007,ICICINIFTY  ,B ,Q,172.64,172.64,170.20,170.75,170.47,170.79,157,4716,805441.00,
537008,ICICINF100  ,B ,Q,174.00,174.78,172.21,173.92,174.18,174.30,32,420,73239.00,
537069,ARNOLD HOLD ,X ,Q,11.79,11.79,10.80,11.41,11.10,11.16,39,13153,149232.00,
537253,SUNIL HEALTH,X ,Q,70.70,74.35,68.05,68.65,69.45,71.60,103,7761,546086.00,
537254,RCI IND     ,X ,Q,6.55,7.24,6.55,7.02,7.19,6.88,8,5018,35285.00,
537259,SUYOG TELE  ,X ,Q,409.95,409.95,355.95,364.60,365.00,374.85,271,84710,30272751.00,
537291,NATH BIOGEN ,B ,Q,172.60,196.75,171.85,189.80,189.00,169.35,215,3095,558454.00,
537292,AGRI TECH   ,B ,Q,66.45,70.35,64.00,68.10,66.80,67.05,94,4853,319875.00,
537326,CHEMTECH IND,B ,Q,12.10,12.67,11.47,12.61,12.67,12.07,24,28465,348569.00,
537392,TAAZAINT    ,X ,Q,25.90,27.15,25.00,26.95,26.00,25.95,668,315688,8160933.00,
537483,NIF100BEES  ,B ,Q,165.50,167.00,164.10,164.20,165.90,165.96,57,424,70237.00,
537536,DENIS CHEM  ,X ,Q,57.90,57.90,53.60,55.95,55.95,56.35,22,594,32976.00,
537573,POLYMAC     ,M ,Q,36.00,36.65,35.95,36.25,36.25,36.05,16,57600,2087440.00,
537582,UNISHIRE    ,M ,Q,1.75,1.78,1.75,1.78,1.78,1.80,5,50000,88600.00,
537707,ETT LTD     ,X ,Q,39.35,39.35,35.65,35.65,35.65,37.50,179,408513,15946435.00,
537708,KOTAKNIFTY  ,B ,Q,170.00,170.00,167.46,167.60,167.60,166.87,43,571,95990.00,
537709,HANSUGAR    ,X ,Q,5.19,5.19,4.36,4.65,4.61,4.93,173,40904,193430.00,
537750,KIRAN VYPAR ,X ,Q,138.70,138.70,134.00,134.00,134.00,135.00,21,1243,167221.00,
537766,BCP LTD     ,B ,Q,4.05,4.45,4.05,4.27,4.26,4.37,27,6879,29425.00,
537785,RACE        ,M ,Q,159.90,159.90,159.90,159.90,159.90,158.00,1,625,99937.00,
537800,MANGALAM IND,X ,Q,4.13,4.24,4.02,4.11,4.14,4.04,583,956381,3992782.00,
537820,VFL         ,B ,Q,3.80,3.80,3.46,3.46,3.46,3.64,156,143950,524464.00,
537839,PHOENIX TN  ,X ,Q,27.45,29.45,27.45,29.45,29.45,28.05,10,455,13098.00,
537840,RAUNAQEPC   ,XT,Q,20.75,22.60,20.75,22.60,22.60,21.55,2,13,288.00,
538057,CPSE ETF    ,A ,Q,33.46,33.46,32.76,33.08,32.98,33.27,868,38387,1270027.00,
538081,HARIA APL   ,X ,Q,2.47,2.47,2.47,2.47,2.47,2.36,4,1208,2983.00,
538092,JOONKTOLLEE ,X ,Q,76.40,77.55,76.40,77.50,77.50,79.00,3,21,1626.00,
538119,RNB DENIMS  ,B ,Q,67.50,69.35,63.70,66.20,66.20,65.55,347,168538,11322495.00,
538180,GOLD LINE   ,Z ,Q,0.90,0.93,0.86,0.86,0.86,0.90,1079,786662,678491.00,
538212,SHARP INV   ,X ,Q,2.17,2.17,1.98,2.09,2.10,2.08,484,255232,538982.00,
538268,WONDERLA    ,B ,Q,230.90,242.05,229.45,235.05,233.00,227.25,2156,27252,6463390.00,
538273,RESPONS INF ,X ,Q,22.09,22.09,22.09,22.09,22.09,21.04,2,210,4638.00,
538351,AFEL        ,X ,Q,89.90,89.90,89.90,89.90,89.90,94.60,54,8953,804874.00,
538365,INCREDIBLE  ,B ,Q,20.25,20.25,19.55,19.95,19.95,19.90,14,4377,85797.00,
538395,NAM SEC     ,X ,Q,20.05,20.05,20.05,20.05,20.05,20.60,2,15,300.00,
538401,MAESTROS ELE,X ,Q,52.40,52.40,48.25,50.65,50.00,50.90,4,25,1262.00,
538402,SPS         ,T ,Q,97.05,102.95,97.00,102.95,102.95,102.00,3,128,12573.00,
538446,MONEYBOXX   ,B ,Q,140.35,146.45,140.30,143.00,143.00,144.00,43,2561,366537.00,
538452,QUASAR      ,X ,Q,6.33,6.34,6.33,6.34,6.34,6.66,2,208,1316.00,
538464,TPROJECT    ,X ,Q,2.89,2.89,2.50,2.79,2.79,2.67,57,13705,36781.00,
538465,AMARSEC     ,XT,Q,15.95,15.95,15.95,15.95,15.95,15.20,4,569,9075.00,
538476,CTL         ,X ,Q,11.80,11.85,10.90,11.56,11.56,11.29,188,65327,757617.00,
538521,YAANENT     ,X ,Q,21.50,21.60,21.50,21.60,21.60,21.60,52,10950,235808.00,
538537,OMANSH      ,XT,Q,1.78,1.78,1.62,1.70,1.70,1.70,43,4140,6972.00,
538539,JTAPARIA    ,X ,Q,2.78,2.78,2.77,2.77,2.77,2.90,15,5086,14088.00,
538540,RLFL        ,XT,Q,2.61,2.74,2.52,2.52,2.52,2.65,218,96092,244720.00,
538542,GOLDCOINHF  ,X ,Q,7.85,8.04,7.85,8.04,8.04,7.66,13,613,4900.00,
538546,BANSAL ROOF ,B ,Q,68.60,68.60,62.35,62.95,63.30,65.50,88,10466,661090.00,
538556,ARMAN       ,X ,Q,29.50,29.50,29.50,29.50,29.50,29.45,1,1,29.00,
538562,SKIPPER     ,B ,Q,55.25,55.55,54.00,54.40,54.80,55.10,125,1451,79752.00,
538564,JAMESWARREN ,X ,Q,223.95,259.00,218.15,230.00,218.20,225.00,19,280,63486.00,
538565,VISTARAMAR  ,X ,Q,235.95,235.95,219.75,219.95,219.75,231.30,73,2819,625327.00,
538566,APOLLOTRI   ,A ,Q,822.40,842.00,804.40,819.65,820.00,822.40,1878,21761,17879718.00,
538567,GULFOIL LUB ,A ,Q,398.70,409.20,396.80,399.30,403.10,399.95,231,3527,1426978.00,
538569,TRIVENI ENT ,X ,Q,3.34,3.64,3.30,3.64,3.64,3.47,804,800271,2834332.00,
538596,QUANTBUILD  ,X ,Q,3.46,3.63,3.29,3.63,3.63,3.46,16,6241,21095.00,
538597,TTIENT      ,X ,Q,14.17,14.23,13.90,14.21,14.21,13.56,336,84314,1197281.00,
538598,VISHAL      ,B ,Q,30.00,30.00,27.40,27.75,27.50,28.00,239,17759,494918.00,
538607,TOYAMIND    ,X ,Q,12.01,12.55,11.80,12.32,12.26,12.32,572,522357,6366408.00,
538610,UNISON      ,XT,Q,24.95,24.95,23.20,24.45,24.70,24.30,317,35079,847940.00,
538611,RTFL        ,Z ,Q,16.00,16.00,15.20,15.20,15.20,16.00,20,1383,21066.00,
538634,VRL         ,X ,Q,108.50,110.00,108.50,109.75,108.70,109.25,12,366,40065.00,
538635,SNOWMAN     ,B ,Q,27.25,29.00,27.20,28.15,28.00,27.05,864,38968,1096675.00,
538646,QGO         ,X ,Q,24.00,24.00,23.00,23.00,23.00,24.00,6,3165,72875.00,
538647,PURSHOTTAM  ,X ,Q,13.30,13.30,12.67,12.88,12.67,12.67,2,3,38.00,
538666,SHARDACROP  ,A ,Q,630.10,644.30,623.60,631.90,634.15,629.75,1171,12253,7773230.00,
538674,CITYONLINE  ,Z ,Q,4.64,4.64,4.64,4.64,4.64,4.42,6,1004,4658.00,
538683,SENSEXBEES  ,A ,Q,582.90,585.48,580.21,581.88,581.69,582.90,24,1489,870730.00,
538685,SHEMAROO    ,B ,Q,101.80,102.30,99.45,99.85,99.70,99.10,35,890,90031.00,
538706,ULTRACAB    ,X ,Q,25.00,25.00,24.00,24.05,24.05,24.40,101,28513,692690.00,
538707,RCCL        ,X ,Q,25.80,25.80,25.80,25.80,25.80,25.80,2,16,412.00,
538708,ETIL        ,X ,Q,8.20,8.54,8.20,8.54,8.54,8.14,19,14189,121115.00,
538713,ATISHAY     ,X ,Q,33.00,33.00,31.25,31.25,31.25,32.80,9,1410,45064.00,
538714,SUCHITRA    ,X ,Q,51.80,51.80,51.80,51.80,51.80,51.80,1,2,103.00,
538715,DHABRIYA    ,B ,Q,111.00,113.90,111.00,112.10,112.00,111.80,30,1855,208115.00,
538730,PDSL        ,B ,Q,1704.95,1729.00,1662.30,1668.60,1675.00,1708.15,48,265,449673.00,
538732,VGCL        ,B ,Q,54.25,54.25,51.25,51.35,51.25,53.90,35,4043,209811.00,
538733,STARLIT     ,B ,Q,9.20,10.00,9.20,9.27,9.21,9.30,21,2376,22690.00,
538734,CEINSYSTECH ,B ,Q,145.55,152.00,142.00,143.20,142.00,145.50,61,6996,1033321.00,
538770,CRANE INFRA ,X ,Q,8.69,8.69,8.69,8.69,8.69,8.28,8,717,6230.00,
538772,NIYOGIN     ,X ,Q,46.40,46.40,41.05,42.20,42.20,41.75,140,8533,367255.00,
538778,AKASHDEEP   ,XT,Q,81.75,81.75,77.10,79.40,78.00,77.90,82,11267,906898.00,
538786,CIL         ,XT,Q,11.60,11.66,10.56,11.66,11.66,11.11,28,3205,36824.00,
538787,GBFL        ,X ,Q,7.75,8.40,7.75,8.03,8.22,8.15,113,25560,206134.00,
538788,GILADAFINS  ,X ,Q,21.25,21.25,19.40,19.50,19.40,20.40,24,1633,31876.00,
538795,SAPPL       ,X ,Q,275.00,288.75,266.15,272.90,266.15,279.90,18,147,40661.00,
538812,AANCHALISP  ,T ,Q,11.71,11.71,10.62,10.62,10.62,11.17,133,96864,1057957.00,
538817,CAPPIPES    ,M ,Q,101.00,101.00,101.00,101.00,101.00,104.50,1,1500,151500.00,
538834,MEL         ,X ,Q,12.55,13.40,12.30,13.35,13.35,12.55,9,1738,22669.00,
538835,INTELLECT   ,A ,Q,648.00,658.15,630.00,634.15,630.00,646.95,600,9059,5800177.00,
538836,MONTECARLO  ,B ,Q,678.00,693.20,651.15,656.85,663.00,680.70,991,4279,2882898.00,
538837,JSTL        ,X ,Q,62.50,64.75,62.25,64.05,64.05,63.60,82,14043,883890.00,
538857,SCC         ,X ,Q,6.34,6.34,5.74,6.24,6.24,6.04,23,24120,138463.00,
538860,PANAFIC     ,XT,Q,2.15,2.25,2.15,2.25,2.25,2.15,1046,693800,1557162.00,
538868,CSL         ,XT,Q,23.40,25.75,23.40,25.75,25.75,24.55,9,486,12440.00,
538874,NEXUSSURGL  ,X ,Q,13.30,13.78,12.20,13.20,13.20,12.55,134,28347,371586.00,
538875,SELLWIN     ,X ,Q,23.65,24.85,23.65,23.65,23.65,24.85,203,363740,8624075.00,
538881,GALADAFIN   ,XT,Q,18.90,18.90,18.90,18.90,18.90,18.00,1,1,18.00,
538882, EMERALD    ,X ,Q,16.70,19.00,15.31,17.64,17.64,15.85,57,9599,161686.00,
538890,MKEXIM      ,X ,Q,71.40,72.00,67.85,69.80,70.75,69.20,176,14453,1016972.00,
538891,MCLOUD      ,X ,Q,319.00,322.50,314.20,321.00,321.00,315.75,128,7448,2371178.00,
538894,OCTAL       ,X ,Q,23.75,23.75,22.50,22.95,22.95,23.25,6,17,389.00,
538896,KANCHI      ,X ,Q,590.00,594.00,567.00,575.00,575.00,588.65,151,2432,1414039.00,
538902,DHUN TEAIND ,B ,Q,214.45,215.25,212.00,212.00,212.00,213.35,17,76,16159.00,
538918,VANICOM     ,X ,Q,11.35,11.35,10.85,10.85,10.85,11.35,4,412,4670.00,
538920,VINCOFE     ,X ,Q,72.00,74.00,67.50,72.65,72.50,71.75,76,7989,568053.00,
538921,RAFL        ,M ,Q,365.05,420.00,365.05,420.00,420.00,437.50,11,9375,3741031.00,
538922,COSYN       ,X ,Q,19.30,19.40,18.30,19.40,19.40,18.50,36,8368,162035.00,
538928,KARNAVATI   ,T ,Q,26.95,26.95,25.75,25.75,25.75,26.95,5,1111,28636.00,
538942,MERCANTILE  ,X ,Q,17.40,17.95,16.30,16.60,16.60,16.70,26,641,10879.00,
538943,SONAL       ,X ,Q,42.70,42.70,39.80,40.25,40.25,39.60,10,1165,46715.00,
538952,ALFL        ,X ,Q,2.14,2.14,1.94,2.14,2.14,2.04,46,11031,22620.00,
538961,GENUSPAPER  ,B ,Q,17.10,17.85,16.35,16.40,16.40,17.20,532,133241,2276101.00,
538962,MINDACORP   ,A ,Q,195.60,203.50,195.55,201.50,200.65,197.00,2445,74681,14906216.00,
538964,MERCURYLAB  ,X ,Q,476.60,476.60,450.00,460.85,461.00,485.90,8,12,5517.00,
538965,CONCORD     ,X ,Q,30.80,30.80,27.85,28.25,28.25,28.95,49,4997,145541.00,
538970,WARDINMOBI  ,B ,Q,52.30,53.10,51.75,52.60,52.60,52.40,1851,311171,16370004.00,
538979,GRNLAM IND  ,A ,Q,309.30,321.90,309.30,314.45,314.30,314.70,227,1315,417040.00,
538987,TALBROSENG  ,X ,Q,354.65,364.90,339.50,354.75,350.00,340.25,159,4118,1468212.00,
539006,PTCIL       ,B ,Q,3575.65,3696.00,3510.00,3535.90,3510.00,3575.65,38,229,816314.00,
539011,CHENFERRO   ,XT,Q,281.00,281.00,273.00,281.00,281.00,267.65,220,12441,3492213.00,
539012,MEGRISOFT   ,X ,Q,103.60,104.65,95.20,103.80,100.05,99.75,16,1007,105231.00,
539013,GITARENEW   ,X ,Q,152.00,152.00,145.50,150.95,151.00,151.15,44,652,97828.00,
539015,ORTEL       ,Z ,Q,1.12,1.15,1.12,1.12,1.12,1.17,3,391,446.00,
539017,STARHFL     ,B ,Q,131.05,131.80,129.00,131.05,130.00,129.45,271,246732,32223601.00,
539018,BEEKAY      ,X ,Q,409.75,409.75,385.10,393.15,398.55,398.20,45,973,383831.00,
539031,SETFBSE100  ,A ,Q,170.50,171.31,169.75,169.92,170.00,170.06,11,39,6631.00,
539032,FRASER      ,X ,Q,7.01,7.48,7.01,7.37,7.38,7.14,81,20411,147146.00,
539040,TTIL        ,X ,Q,10.00,10.00,10.00,10.00,10.00,9.53,66,20024,200240.00,
539042,AGIIL       ,B ,Q,366.25,379.50,360.05,375.25,379.50,367.60,123,2056,759399.00,
539043,BKMINDST    ,Z ,Q,1.95,2.01,1.90,1.98,2.01,2.00,31,5895,11625.00,
539044,MANAKSTELTD ,B ,Q,35.85,37.80,35.85,36.40,36.75,36.95,44,1477,54681.00,
539045,MNKALCOLTD  ,B ,Q,21.85,21.85,20.80,21.25,21.35,21.20,111,4753,101448.00,
539046,MNKCMILTD   ,B ,Q,19.40,19.90,18.80,19.75,19.90,19.55,60,3326,65224.00,
539056,IMAGICAA    ,B ,Q,20.00,20.20,20.00,20.20,20.20,19.24,217,319768,6443233.00,
539083,INOXWIND    ,B ,Q,81.60,82.10,78.75,79.05,78.75,81.30,549,10254,822540.00,
539096,AANANDALAK  ,X ,Q,8.35,8.65,8.35,8.45,8.45,8.50,17,2240,18937.00,
539097,HKG         ,B ,Q,12.60,12.95,12.30,12.50,12.65,12.75,335,591783,7363720.00,
539110,NORTHLINK   ,X ,Q,15.25,15.25,15.25,15.25,15.25,16.05,2,4,61.00,
539111,SHESHAINDS  ,X ,Q,23.10,23.10,21.50,21.70,21.50,22.00,11,223,4858.00,
539112,SAB         ,X ,Q,108.95,108.95,81.10,87.00,87.00,91.25,42,571,51109.00,
539113,PML         ,X ,Q,1087.95,1087.95,1050.00,1050.00,1050.00,1054.35,73,301,322843.00,
539115,ALAN SCOTT  ,X ,Q,144.05,144.05,144.05,144.05,144.05,144.05,1,5,720.00,
539118,VRLLOG      ,A ,Q,638.00,643.95,616.85,624.15,629.10,632.45,950,15548,9808095.00,
539121,PALCO       ,X ,Q,42.60,42.60,42.60,42.60,42.60,40.60,3,71,3024.00,
539122,BODHTREE    ,X ,Q,21.70,22.65,21.10,21.65,21.65,21.80,29,1535,33620.00,
539123,VBIND       ,XT,Q,6.17,6.17,6.17,6.17,6.17,5.88,4,3314,20447.00,
539126,MEP         ,B ,Q,17.90,17.95,17.00,17.25,17.30,17.10,353,109162,1940264.00,
539132,VEGETABLE   ,X ,Q,44.95,44.95,42.40,43.00,43.00,43.20,97,3941,171315.00,
539141,UFO         ,B ,Q,89.10,90.40,88.80,89.55,89.85,89.10,322,6578,588270.00,
539143,PANTH       ,XT,Q,42.70,42.80,42.70,42.80,42.80,40.80,4263,709656,30350345.00,
539148,SHIVALIK    ,B ,Q,724.05,725.95,710.00,710.90,710.90,729.90,19,67,48080.00,
539149,ICSL        ,X ,Q,4.20,4.20,4.01,4.01,4.01,4.22,26,4561,18472.00,
539150,PNCINFRA    ,A ,Q,232.70,244.40,232.70,242.15,242.00,233.10,905,22512,5425186.00,
539151,ARFIN       ,X ,Q,138.75,144.00,138.75,143.85,144.00,141.60,23,372,52112.00,
539174,HELPAGE     ,X ,Q,9.44,9.44,9.44,9.44,9.44,9.93,1,1,9.00,
539176,HAWAENG     ,XT,Q,54.70,54.70,53.00,53.00,53.00,54.75,3,110,6000.00,
539177,AIIL        ,B ,Q,148.80,148.80,138.10,140.90,140.90,144.95,306,4427,634122.00,
539190,DFL         ,XT,Q,22.45,22.45,22.45,22.45,22.45,22.45,1,1,22.00,
539195,POEL        ,X ,Q,51.35,53.95,48.25,53.65,53.70,53.20,35,1890,99030.00,
539196,AEL         ,X ,Q,76.00,76.50,74.50,74.90,74.60,75.10,116,5570,418776.00,
539198,CAPFIN      ,XT,Q,9.46,9.46,9.46,9.46,9.46,9.01,1,1,9.00,
539199,MOONGIPASEC ,XT,Q,104.60,114.70,103.80,103.95,103.95,109.25,195,96525,10417222.00,
539201,SATIA       ,B ,Q,125.25,126.55,122.30,123.20,123.00,125.25,1019,40244,4988370.00,
539216,GARMNTMNTR  ,B ,Q,5.17,5.20,5.01,5.14,5.19,5.09,127,24908,127297.00,
539217,SRESTHA     ,X ,Q,1.34,1.35,1.26,1.30,1.33,1.30,180,75024,97908.00,
539218,SAUMYA      ,X ,Q,75.35,92.05,75.35,91.00,91.00,83.70,13,147,13248.00,
539219,MUL         ,X ,Q,3.20,3.20,3.07,3.17,3.17,3.10,66,15397,48542.00,
539221,SPORTKING   ,B ,Q,979.70,993.95,921.10,931.55,931.55,965.90,922,8783,8341783.00,
539222,GROWINGTON  ,M ,Q,40.55,42.40,40.50,42.00,42.00,40.40,24,65000,2719875.00,
539223,AMBITION    ,B ,Q,6.74,6.74,5.74,5.91,6.49,6.19,56,4319,25988.00,
539224,HCKKVENTURE ,X ,Q,11.64,11.64,11.64,11.64,11.64,11.09,18,1397,16261.00,
539226,RUDRA       ,B ,Q,41.50,50.00,39.35,44.80,44.80,42.75,475,96316,4302413.00,
539227,LOYAL       ,B ,Q,28.45,30.00,28.00,28.05,28.05,29.50,14,2310,65061.00,
539228,GGPL        ,T ,Q,48.00,50.60,48.00,50.60,50.60,48.20,104,123238,5960905.00,
539229,MRSS        ,MT,Q,5.86,5.90,5.85,5.86,5.85,6.15,8,6600,38646.00,
539251,BALKRISHNA  ,B ,Q,31.40,32.95,30.50,31.10,31.05,31.40,54,2218,70655.00,
539252,SCFL        ,B ,Q,20.30,20.30,19.10,19.65,19.75,19.70,770,120233,2359543.00,
539254,ADANITRANS  ,A ,Q,2350.00,2499.00,2350.00,2473.75,2473.75,2348.60,9447,67053,165168042.00,
539255,STARDELTA   ,X ,Q,107.00,107.00,107.00,107.00,107.00,107.80,1,2,214.00,
539267,DRHABEEB    ,X ,Q,23.60,23.60,23.60,23.60,23.60,23.60,3,20,472.00,
539268,SYNGENE     ,A ,Q,562.20,564.80,547.40,556.35,554.15,561.55,714,6726,3743855.00,
539275,MSL         ,B ,Q,85.15,88.55,84.45,85.15,85.15,85.15,8,35,3016.00,
539276,KAYA        ,B ,Q,275.00,277.25,266.50,272.95,272.50,279.20,93,1066,289653.00,
539278,SYMBIOX     ,X ,Q,3.07,3.19,2.92,3.16,3.19,3.07,18,1598,4882.00,
539287,ORTINLAABS  ,B ,Q,21.90,22.00,21.35,21.50,21.50,21.25,171,2866,62377.00,
539288,AVI         ,X ,Q,23.95,23.95,22.50,22.95,22.55,23.05,45,1684,38710.00,
539289,AURUM       ,B ,Q,81.90,82.05,78.30,79.15,78.60,79.75,245,3000,241496.00,
539290,BINDALAGRO  ,B ,Q,24.70,24.70,23.80,23.95,23.80,24.40,196,11685,285125.00,
539291,OZONEWORLD  ,X ,Q,8.89,9.00,8.02,8.03,8.03,8.47,75,35403,302985.00,
539300,AKSPINTEX   ,X ,Q,56.00,56.00,51.80,52.00,52.00,53.35,82,6889,373986.00,
539301,ARVSMART    ,B ,Q,161.00,161.65,155.15,158.05,158.05,160.00,34,472,74692.00,
539302,POWERMECH   ,B ,Q,905.25,907.55,888.65,890.80,888.65,901.85,63,183,164329.00,
539309,RAMASTEEL   ,B ,Q,386.25,390.10,376.45,382.95,382.45,383.50,786,11110,4285259.00,
539310,THINKINK    ,B ,Q,66.65,67.10,66.35,66.95,66.95,66.65,513,586552,39055227.00,
539312,UTISENSETF  ,B ,Q,564.00,565.25,562.00,562.33,562.00,562.99,14,144,81144.00,
539313,UTINIFTETF  ,B ,Q,1680.00,1684.50,1664.00,1677.07,1678.50,1673.01,19,29,48654.00,
539331,VETO        ,B ,Q,84.05,85.00,82.30,82.85,83.50,85.25,109,2306,192538.00,
539332,NAVKARCORP  ,B ,Q,52.05,55.00,51.70,52.95,52.95,51.60,2806,515076,27479425.00,
539334,SHREEPUSHK  ,B ,Q,242.90,246.70,237.65,240.35,242.20,240.60,110,1305,317237.00,
539336,GUJGAS      ,A ,Q,419.65,423.75,415.00,419.30,419.30,419.65,2440,70854,29845394.00,
539346,SADBHIN     ,B ,Q,7.38,7.47,7.02,7.03,7.23,7.38,264,47362,339142.00,
539353,SALAUTO     ,X ,Q,183.00,183.00,160.00,162.25,160.00,177.65,22,220,36290.00,
539354,POLYSPIN    ,X ,Q,58.05,63.40,57.00,57.50,57.00,61.40,45,5354,310641.00,
539359,PRITIKAUTO  ,B ,Q,14.72,14.72,14.03,14.08,14.03,14.35,65,8237,116893.00,
539378,SML         ,XT,Q,22.10,22.10,22.10,22.10,22.10,23.25,5,131,2895.00,
539384,KRISHNACAP  ,XT,Q,13.00,13.00,13.00,13.00,13.00,13.00,1,1,13.00,
539391,ACME        ,Z ,Q,15.85,16.00,15.85,16.00,16.00,15.85,2,91,1448.00,
539398,VISHALBL    ,B ,Q,51.00,53.35,51.00,52.25,52.25,51.75,12,241,12349.00,
539399,BELLACASA   ,B ,Q,127.00,135.95,127.00,128.45,130.90,129.00,14,219,28141.00,
539400,MALLCOM     ,B ,Q,707.15,730.00,703.00,730.00,730.00,729.00,41,102,72783.00,
539402,VAL         ,B ,Q,14.12,14.16,13.00,14.16,14.16,13.49,50,5164,72504.00,
539404,SATIN       ,B ,Q,89.10,89.35,87.50,88.05,88.00,89.00,100,934,82828.00,
539405,DITCO       ,X ,Q,20.40,20.40,20.25,20.25,20.25,20.45,7,995,20193.00,
539406,SWAGTAM     ,XT,Q,72.10,72.10,72.10,72.10,72.10,75.85,5,9,648.00,
539407,GENCON      ,B ,Q,32.25,32.40,30.60,31.90,31.90,31.25,124,5251,167066.00,
539409,NEERAJ      ,XT,Q,19.50,20.40,19.50,19.50,19.50,19.90,17,3078,60087.00,
539410,MUZALI      ,X ,Q,2.68,2.87,2.57,2.62,2.62,2.68,49,6115,16224.00,
539428,TEJNAKSH    ,B ,Q,156.25,156.25,148.70,150.65,151.00,159.30,71,18448,2794298.00,
539436,COFFEEDAY   ,B ,Q,44.35,44.75,42.30,42.50,43.00,43.70,1549,99473,4310052.00,
539437,IDFCFIRSTB  ,A ,Q,31.75,31.95,30.95,31.45,31.45,31.60,2469,2376099,74816565.00,
539447,BEARDSELL   ,B ,Q,16.55,16.55,15.50,16.00,15.55,15.65,87,3881,61572.00,
539448,INDIGO      ,A ,Q,1614.35,1628.00,1598.85,1605.80,1610.00,1617.10,2129,22180,35744102.00,
539450,SHK         ,A ,Q,135.80,137.45,134.20,134.90,134.90,136.15,308,4241,572768.00,
539455,ARYAVAN     ,X ,Q,11.27,11.27,11.27,11.27,11.27,10.74,1,5,56.00,
539469,PANORAMA    ,X ,Q,95.65,95.65,95.65,95.65,95.65,91.10,2,53,5069.00,
539470,SHREEGANES  ,X ,Q,2.55,2.56,2.50,2.51,2.51,2.52,715,440683,1116374.00,
539479,GTV         ,X ,Q,124.90,130.00,117.70,129.00,130.00,123.85,124,12008,1493542.00,
539480,LICNETFN50  ,B ,Q,168.80,170.00,166.40,167.60,167.60,169.40,64,8344,1401036.00,
539487,LICNETFSEN  ,A ,Q,570.00,579.90,562.15,571.08,570.00,572.50,32,425,242679.00,
539492,GARBIFIN    ,XT,Q,45.85,45.85,42.05,42.05,42.05,44.25,41,3890,164119.00,
539494,SMARTFIN    ,X ,Q,7.49,7.50,6.86,7.09,7.00,7.50,155,22937,165048.00,
539506,ADCON       ,XT,Q,1.39,1.50,1.38,1.38,1.38,1.45,184,44484,63018.00,
539515,QUINT       ,X ,Q,356.15,356.15,340.00,342.00,340.00,349.15,139,4950,1702921.00,
539516,HDFCNIFETF  ,B ,Q,170.50,172.06,169.54,170.13,170.12,170.88,101,1418,241511.00,
539517,SXETF       ,A ,Q,580.00,580.00,574.73,575.99,576.00,576.30,29,2070,1192420.00,
539518,UDAYJEW     ,X ,Q,104.00,108.75,96.35,102.35,102.35,104.70,28,267,27301.00,
539519,MAYUKH      ,X ,Q,10.19,10.49,9.91,9.93,9.93,10.19,90,5845,58591.00,
539523,ALKEM       ,A ,Q,2966.10,3036.50,2952.00,3001.05,3007.05,2972.85,508,2442,7338667.00,
539524,LALPATHLAB  ,A ,Q,2178.20,2226.45,2150.00,2161.95,2163.00,2175.90,1417,9600,20898878.00,
539526,SCTL        ,B ,Q,1.29,1.29,1.25,1.26,1.25,1.25,1389,263904,333953.00,
539527,CREATIVE    ,X ,Q,351.00,355.00,335.00,339.25,339.25,369.00,24,272,92479.00,
539528,AAYUSH      ,X ,Q,23.75,23.75,23.45,23.45,23.45,21.60,3,214,5021.00,
539542,LUXIND      ,A ,Q,1816.60,1825.55,1748.70,1755.40,1755.00,1809.70,435,1370,2438156.00,
539544,ABHIINFRA   ,X ,Q,5.00,5.00,5.00,5.00,5.00,5.00,3,57,285.00,
539546,BNL         ,XT,Q,50.15,50.15,45.50,50.15,50.15,47.80,79,35187,1703211.00,
539551,NH          ,A ,Q,639.90,639.90,630.00,634.50,631.15,632.45,382,1935,1227449.00,
539559,DDIL        ,X ,Q,19.55,19.55,19.55,19.55,19.55,18.65,5,119,2326.00,
539561,REMLIFE     ,X ,Q,137.95,138.10,137.35,138.10,138.10,137.05,41,20467,2821182.00,
539562,AARNAV      ,X ,Q,43.45,44.90,43.00,43.90,43.25,44.65,373,20331,890763.00,
539584,SIPTL       ,X ,Q,1.32,1.36,1.27,1.30,1.27,1.33,239,149132,193971.00,
539593,SHIVA       ,XT,Q,4.52,4.52,4.15,4.31,4.31,4.31,17,593,2557.00,
539594,MISHTANN    ,B ,Q,8.75,9.15,8.70,9.10,9.10,8.75,2485,1842334,16741930.00,
539597,JSLHISAR    ,A ,Q,205.70,209.20,202.30,203.55,205.20,205.60,541,6946,1426848.00,
539598,ORACLECR    ,X ,Q,53.00,53.55,51.50,53.55,53.55,51.00,19,1756,93069.00,
539607,BLUECLOUDS  ,X ,Q,11.60,11.60,11.50,11.50,11.50,11.05,7,9,104.00,
539620,AINFRA      ,X ,Q,37.20,40.70,37.20,40.10,40.35,39.05,21,1056,41172.00,
539621,BCLENTERPR  ,X ,Q,2.15,2.34,2.15,2.15,2.15,2.26,1717,2050154,4438350.00,
539636,PRECAM      ,B ,Q,105.00,105.45,98.90,99.50,99.50,104.75,497,8634,874595.00,
539658,TEAMLEASE   ,A ,Q,3260.30,3260.30,3190.65,3234.35,3243.10,3228.20,395,604,1946008.00,
539660,BESTAGRO    ,B ,Q,837.55,855.75,816.05,823.30,828.20,835.00,1401,5956,4997750.00,
539661,ACEMEN      ,XT,Q,41.70,41.70,37.80,41.00,41.00,39.75,9,3764,147968.00,
539662,BFLAFL      ,X ,Q,37.20,38.50,36.85,38.25,38.00,38.75,448,22666,847044.00,
539673,RCL         ,Z ,Q,21.45,21.55,21.45,21.50,21.50,22.30,3,501,10788.00,
539678,QUICKHEAL   ,B ,Q,161.90,161.90,157.05,157.10,157.05,159.65,64,905,144616.00,
539679,KAPILRAJ    ,X ,Q,9.00,9.00,9.00,9.00,9.00,8.83,1,2,18.00,
539686,KPEL        ,B ,Q,154.70,161.50,154.70,159.40,159.40,154.70,707,107982,16976755.00,
539692,IFINSER     ,X ,Q,8.80,8.80,8.75,8.75,8.75,8.39,16,2444,21505.00,
539697,HILIKS      ,X ,Q,8.42,8.42,8.17,8.17,8.17,8.25,2,20,165.00,
539725,GOKULAGRO   ,B ,Q,99.60,99.60,92.95,94.20,93.85,97.00,640,18107,1708211.00,
539730,FREDUN      ,X ,Q,850.00,860.00,772.30,784.25,784.25,834.30,110,1171,943675.00,
539742,SIMBHALS    ,B ,Q,22.40,22.40,21.65,21.80,21.95,22.30,34,1917,41787.00,
539767,MNIL        ,X ,Q,14.90,14.95,13.65,13.75,14.00,14.30,14,2561,35784.00,
539773,ADVIKCA     ,X ,Q,3.70,3.87,3.67,3.79,3.80,3.76,356,776515,2944033.00,
539784,LICNFNHGP   ,B ,Q,169.56,169.56,168.00,168.00,168.00,168.65,5,10,1688.00,
539785,PDMJEPAPER  ,B ,Q,37.65,38.15,35.45,35.80,35.90,36.75,276,13960,519776.00,
539787,HCG         ,A ,Q,287.00,287.00,273.85,278.00,278.00,282.85,1381,1772524,506169692.00,
539798,UMIYA       ,B ,Q,8.09,8.09,8.09,8.09,8.09,8.51,3,40,323.00,
539799,BHARATWIRE  ,B ,Q,59.00,59.05,58.25,58.70,58.50,59.00,22,280,16486.00,
539800,CHDCHEM     ,B ,Q,10.98,10.98,9.19,9.19,9.19,10.21,219,62646,595580.00,
539807,INFIBEAM    ,A ,Q,13.30,14.68,12.91,14.08,14.08,13.17,2130,581405,7987788.00,
539814,LELAVOIR    ,X ,Q,40.60,40.60,37.15,39.30,39.30,38.40,10,5900,231094.00,
539835,SUPERIOR    ,X ,Q,2.40,2.63,2.40,2.42,2.48,2.52,53,39500,96255.00,
539837,RPEL        ,B ,Q,490.00,498.00,485.05,492.40,490.00,495.00,39,338,166543.00,
539841,LANCER      ,B ,Q,201.20,209.80,201.20,202.65,204.50,198.65,639,7817,1597877.00,
539843,NINSYS      ,M ,Q,60.30,60.30,60.30,60.30,60.30,57.45,2,7500,452250.00,
539844,EQUITAS     ,A ,Q,85.35,85.35,81.25,82.10,82.60,83.70,1094,22662,1864599.00,
539854,HALDER      ,X ,Q,343.85,343.85,316.10,332.15,339.95,325.10,72,869,282706.00,
539871,THYROCARE   ,A ,Q,631.80,634.75,620.25,621.25,624.70,625.75,320,2054,1284878.00,
539872,BAJAJHCARE  ,B ,Q,275.00,277.70,273.10,273.25,273.10,276.60,149,1534,421763.00,
539874,UJJIVAN     ,A ,Q,133.00,138.55,133.00,135.20,134.95,133.65,676,13301,1812263.00,
539875,RSDFIN      ,X ,Q,114.05,114.05,114.05,114.05,114.05,114.05,1,1,114.00,
539876,CROMPTON    ,A ,Q,347.00,348.20,338.25,340.40,339.05,345.65,1604,20376,6949075.00,
539883,PILANIINVS  ,A ,Q,1598.00,1650.00,1598.00,1604.80,1601.05,1597.95,83,274,441131.00,
539884,DARSHANORNA ,B ,Q,4.40,4.40,4.20,4.35,4.35,4.20,220,91879,397869.00,
539889,PARAGMILK   ,A ,Q,77.05,77.05,73.60,74.00,74.20,76.20,740,15275,1151325.00,
539894,MADHAVIPL   ,X ,Q,4.09,4.22,4.09,4.11,4.11,4.09,188,99621,413995.00,
539910,KOCL        ,XT,Q,3.27,3.60,3.27,3.57,3.58,3.44,119,19607,68955.00,
539917,NAGARFERT   ,T ,Q,8.84,8.90,8.44,8.64,8.55,8.79,141,62441,542731.00,
539921,SEIL        ,B ,Q,610.90,628.80,590.00,620.05,628.80,598.90,35,796,486179.00,
539927,LIKHAMI     ,XT,Q,72.90,72.90,72.90,72.90,72.90,72.90,1,3,218.00,
539938,MIL         ,X ,Q,34.80,34.80,34.80,34.80,34.80,33.15,3,61,2122.00,
539939,YASHCHEM    ,B ,Q,55.15,58.45,55.15,57.85,56.75,58.10,133,56923,3225239.00,
539940,MAXVIL      ,B ,Q,89.50,91.35,87.80,88.55,88.55,89.50,157,2249,202816.00,
539945,ICICINV20   ,B ,Q,87.91,88.24,87.10,87.83,87.62,87.43,33,406,35687.00,
539947,JLL         ,XT,Q,20.35,20.35,20.35,20.35,20.35,19.75,1,10,203.00,
539956,TAALENT     ,X ,Q,1552.75,1555.00,1510.40,1529.30,1525.60,1547.45,87,482,742169.00,
539957,MGL         ,A ,Q,762.00,771.50,757.15,759.50,765.00,762.80,2140,35821,27348479.00,
539963,ZEAL        ,B ,Q,7.15,7.30,7.02,7.13,7.13,7.16,154,14048,100914.00,
539978,QUESS       ,A ,Q,598.40,615.50,579.60,612.90,615.50,601.25,1597,14304,8587875.00,
539979,DIGJAMLTD   ,T ,Q,116.75,121.70,116.75,121.00,121.00,120.00,19,961,114297.00,
539980,ICICIMCAP   ,B ,Q,92.10,92.10,90.69,91.44,91.45,92.00,15,20,1824.00,
539982,ASYL        ,B ,Q,10.65,10.65,10.12,10.12,10.12,10.59,3,102,1085.00,
539984,HUIL        ,X ,Q,2725.00,2725.00,2600.00,2610.60,2600.00,2700.00,11,18,48013.00,
539986,COMSYN      ,B ,Q,236.00,239.00,230.25,233.70,233.05,238.05,102,5889,1391551.00,
539992,LLOYDSTEEL  ,B ,Q,11.43,11.43,11.07,11.43,11.43,10.89,3372,4380197,49912936.00,
539997,KPL         ,B ,Q,298.00,311.00,290.50,303.80,304.90,298.30,177,5461,1647495.00,
540005,LTI         ,A ,Q,4091.00,4111.00,3960.40,3976.60,3976.60,4083.20,2810,15419,62186399.00,
540006,EASTWEST    ,X ,Q,7.00,7.41,7.00,7.12,7.02,6.96,98,60450,431617.00,
540008,BSLSENETFG  ,A ,Q,51.35,51.35,51.00,51.00,51.00,51.23,14,105,5355.00,
540023,COLORCHIPS  ,X ,Q,43.50,44.00,43.50,44.00,44.00,42.55,2,2,87.00,
540025,ADVENZYMES  ,A ,Q,269.05,271.90,266.00,266.95,266.95,270.20,525,3942,1058473.00,
540026,LAHL        ,XT,Q,5.48,5.48,5.48,5.48,5.48,5.48,2,50,274.00,
540047,DBL         ,A ,Q,192.40,193.80,189.60,190.40,190.40,191.35,950,38503,7355324.00,
540048,SPAL        ,B ,Q,370.90,380.00,368.10,372.70,374.20,369.60,280,1086,405232.00,
540061,BIGBLOC     ,T ,Q,114.80,115.80,107.00,110.10,110.10,110.30,51,3442,382031.00,
540064,FRETAIL     ,A ,Q,6.85,7.11,6.61,6.73,6.73,6.81,1691,600222,4102341.00,
540065,RBLBANK     ,A ,Q,84.00,85.70,82.40,83.40,83.40,84.30,6681,1385667,115634811.00,
540073,BLS         ,B ,Q,198.10,202.75,191.45,193.10,191.80,197.75,2106,68640,13615743.00,
540078,MITSU       ,B ,Q,296.45,296.45,282.15,287.65,283.50,292.35,178,4306,1236956.00,
540081,GOVNOW      ,T ,Q,6.46,6.47,6.46,6.46,6.46,6.80,22,3647,23561.00,
540097,VISCO       ,X ,Q,52.50,52.50,52.40,52.40,52.40,50.10,3,27,1414.00,
540108,TIAANC      ,X ,Q,5.35,5.73,5.35,5.48,5.60,5.48,33,3606,19617.00,
540115,LTTS        ,A ,Q,3147.80,3147.80,3019.60,3028.80,3028.80,3090.00,3105,15407,47076094.00,
540124,GNA         ,B ,Q,501.00,509.15,500.00,501.40,501.25,501.65,90,464,233359.00,
540125,RADHIKAJWE  ,B ,Q,164.80,164.80,159.60,161.40,160.95,163.05,193,10051,1630037.00,
540133,ICICIPRULI  ,A ,Q,493.00,493.00,481.70,489.70,489.70,482.40,1884,36354,17731881.00,
540134,IISL        ,X ,Q,3.87,4.15,3.86,3.86,3.86,3.83,21,2856,11064.00,
540135,ARCFIN      ,X ,Q,1.20,1.23,1.18,1.23,1.23,1.18,1455,2096318,2564414.00,
540136,HPL         ,B ,Q,57.90,58.95,57.20,57.45,57.25,58.35,183,6633,385096.00,
540143,SAGARSOFT   ,X ,Q,166.50,166.50,153.00,153.90,153.90,156.50,55,1698,265995.00,
540145,VALIANTORG  ,A ,Q,547.55,553.10,525.10,533.05,531.15,543.00,684,3560,1930163.00,
540147,SHASHIJIT   ,T ,Q,19.30,20.20,19.30,19.55,19.55,19.30,5,343,6661.00,
540153,ENDURANCE   ,A ,Q,1392.00,1419.30,1376.30,1409.25,1414.45,1400.05,1273,8846,12309172.00,
540159,PURPLE      ,X ,Q,8.99,8.99,7.76,8.38,8.38,8.01,26,4599,38613.00,
540168,SUPRAP      ,X ,Q,28.30,28.30,25.55,25.55,25.55,25.15,22,5034,128629.00,
540173,PNBHOUSING  ,A ,Q,332.35,336.95,328.00,330.10,330.10,332.10,480,9159,3043854.00,
540174,SOUTHERNIN  ,XT,Q,14.95,14.95,14.95,14.95,14.95,14.95,1,1,14.00,
540175,REGENCY     ,X ,Q,7.50,8.89,7.50,7.99,7.99,8.30,33,3630,28601.00,
540180,VBL         ,A ,Q,788.00,794.45,783.70,790.60,790.60,783.80,1329,16098,12688356.00,
540181,SALEM       ,X ,Q,48.60,48.60,48.60,48.60,48.60,48.60,1,1,48.00,
540190,FRANKLININD ,X ,Q,11.30,11.30,10.95,10.95,10.95,10.85,5,2256,25491.00,
540192,LKPSEC      ,X ,Q,14.10,14.10,12.05,13.02,13.00,13.93,123,16901,216361.00,
540198,OSIAJEE     ,X ,Q,48.75,48.75,46.30,46.65,46.65,46.50,947,35601,1668852.00,
540203,SFL         ,A ,Q,2656.55,2677.35,2615.35,2653.85,2627.65,2644.60,108,342,907034.00,
540204,EIKO        ,X ,Q,58.05,60.00,58.05,59.95,60.00,60.00,11,318,18671.00,
540205,AVL         ,B ,Q,752.00,769.80,730.00,763.45,757.00,765.00,145,4405,3322271.00,
540210,TMRVL       ,B ,Q,12.67,13.80,12.52,13.43,13.43,12.77,131,15304,202708.00,
540212,TCIEXP      ,A ,Q,1603.55,1610.70,1580.00,1593.80,1580.00,1597.60,163,510,812137.00,
540222,LAURUSLABS  ,A ,Q,464.00,468.95,458.50,464.50,464.50,466.60,2106,41520,19276307.00,
540243,NEWLIGHT    ,X ,Q,12.80,12.80,11.30,11.95,12.10,12.50,116,13534,160746.00,
540252,VSL         ,T ,Q,25.35,26.05,25.30,25.30,25.30,26.60,280,50719,1285306.00,
540254,MTPL        ,X ,Q,10.45,10.65,10.45,10.45,10.45,10.15,11,904,9527.00,
540259,SHANGAR     ,X ,Q,4.29,4.44,4.05,4.37,4.37,4.29,39,6251,27183.00,
540266,GLCL        ,Z ,Q,14.50,14.50,14.50,14.50,14.50,13.90,1,10,145.00,
540268,DHANVARSHA  ,B ,Q,106.05,112.65,99.25,107.60,108.00,106.05,6111,430279,46511736.00,
540269,SKL         ,M ,Q,6.66,6.66,6.66,6.66,6.66,7.01,1,10000,66600.00,
540293,PRICOLLTD   ,A ,Q,126.05,129.90,125.85,129.30,129.30,125.35,918,32500,4161037.00,
540310,CFL         ,XT,Q,6.40,6.40,6.40,6.40,6.40,6.52,2,10,64.00,
540311,JITFINFRA   ,T ,Q,121.00,124.40,120.75,120.75,120.75,123.40,3,59,7289.00,
540358,RMC         ,M ,Q,22.55,25.80,22.50,24.90,24.75,26.00,7,16000,386100.00,
540359,PARMAX      ,X ,Q,28.20,33.90,28.20,32.50,32.50,32.50,8,328,10472.00,
540360,LLFICL      ,X ,Q,55.00,55.00,50.10,51.00,51.00,52.45,94,156876,8006377.00,
540361,DANUBE      ,X ,Q,35.70,36.85,33.70,33.80,33.75,35.45,108,18431,634437.00,
540366,RADIOCITY   ,B ,Q,22.65,22.65,22.40,22.50,22.45,22.50,124,2211,49805.00,
540376,DMART       ,A ,Q,3470.00,3473.80,3370.00,3396.30,3396.30,3443.95,1734,7967,27306018.00,
540377,IFL         ,M ,Q,79.75,82.10,79.75,81.50,81.00,78.50,7,42000,3414300.00,
540386,ONTIC       ,X ,Q,14.55,14.64,13.80,13.95,13.85,14.25,71,5370,75905.00,
540393,SMLT        ,B ,Q,89.85,91.50,88.85,89.20,89.15,89.60,126,925,83250.00,
540395,CHEMCRUX    ,T ,Q,270.60,279.90,260.90,265.55,271.80,274.60,1205,25012,6612120.00,
540401,MAXIMUS     ,B ,Q,137.00,139.00,127.30,134.95,130.05,134.30,109,15858,2107900.00,
540403,CLEDUCATE   ,B ,Q,123.05,124.00,122.40,122.40,122.40,124.45,26,1035,127277.00,
540404,PRIMEFRESH  ,M ,Q,81.00,81.00,81.00,81.00,81.00,79.50,1,1500,121500.00,
540405,OCEANIC     ,T ,Q,48.45,50.85,46.10,50.85,50.85,48.45,16,718,34000.00,
540425,SHANKARA    ,A ,Q,677.85,720.00,665.95,669.00,671.50,676.50,1380,4888,3288119.00,
540492,STARLENT    ,B ,Q,97.00,97.00,91.05,94.75,96.40,96.00,72,2403,229337.00,
540497,SCHAND      ,B ,Q,104.20,108.35,102.35,107.75,108.00,103.70,164,2598,278702.00,
540519,MEERA       ,B ,Q,80.00,81.15,78.55,79.95,79.50,79.70,65,4627,368824.00,
540526,IRBINVIT    ,IF,Q,55.45,55.45,54.85,55.18,55.17,55.35,59,8010,441720.00,
540530,HUDCO       ,A ,Q,34.55,35.40,34.55,34.75,34.75,34.80,1059,135739,4743434.00,
540544,PSPPROJECT  ,B ,Q,553.00,566.00,550.00,552.90,552.90,549.80,1729,19787,11047426.00,
540545,BGJL        ,B ,Q,15.95,15.95,15.45,15.50,15.45,15.60,76,5102,80166.00,
540565,INDIGRID    ,IF,Q,140.00,147.99,137.52,142.72,143.00,139.21,902,88629,12645517.00,
540570,VARIMAN     ,X ,Q,173.00,173.00,164.00,165.00,164.00,172.60,36,2630,440201.00,
540575,STARCEMENT  ,A ,Q,85.15,86.00,83.20,85.35,85.95,84.60,285,7910,667068.00,
540595,TEJASNET    ,A ,Q,469.00,477.00,444.00,450.85,450.85,458.10,3192,47014,21688617.00,
540596,ERIS        ,A ,Q,652.70,670.00,646.95,666.15,670.00,653.35,310,1781,1171753.00,
540597,CONTAINER   ,XT,Q,4.42,4.72,4.42,4.72,4.72,4.65,2,26,117.00,
540602,GTPL        ,B ,Q,143.90,146.15,143.30,145.05,143.90,144.00,112,2191,317180.00,
540611,AUBANK      ,A ,Q,592.00,599.00,582.25,591.30,591.30,596.25,3069,57339,33889398.00,
540612,ICICILOVOL  ,B ,Q,128.50,129.70,127.77,128.40,128.20,128.97,107,654,83905.00,
540613,GEL         ,M ,Q,25.50,25.50,25.50,25.50,25.50,29.20,1,15000,382500.00,
540614,GGENG       ,B ,Q,2.40,2.47,2.36,2.41,2.44,2.39,369,210713,510299.00,
540615,7NR         ,B ,Q,1.56,1.56,1.50,1.56,1.56,1.49,139,395544,617041.00,
540621,BHAGYAPROP  ,B ,Q,36.50,39.20,36.50,38.95,38.95,40.00,7,602,22223.00,
540642,SALASAR     ,B ,Q,28.15,28.95,28.15,28.15,28.15,31.25,1258,2435315,68611832.00,
540647,GANGESSEC   ,B ,Q,107.90,108.50,107.00,107.65,107.00,108.50,5,17,1833.00,
540649,AVADHSUGAR  ,B ,Q,543.00,548.20,523.00,525.25,526.75,541.75,832,7183,3831434.00,
540650,MAGADHSUGAR ,B ,Q,325.70,332.40,315.65,317.50,316.65,329.25,484,4347,1397828.00,
540653,SINTEXPLAST ,B ,Q,5.10,5.64,5.10,5.36,5.35,5.60,490,401385,2189823.00,
540654,GSTL        ,B ,Q,37.75,38.35,36.00,36.85,36.85,37.35,72,4330,157802.00,
540669,UTINEXT50   ,B ,Q,37.54,38.99,37.54,37.89,37.71,38.70,67,3294,125247.00,
540673,SIS         ,A ,Q,460.00,460.10,449.40,453.90,452.30,453.30,288,1610,733435.00,
540678,COCHINSHIP  ,A ,Q,308.85,312.05,308.15,311.10,311.10,309.60,177,3302,1026054.00,
540679,SMSLIFE     ,B ,Q,743.20,743.20,720.05,720.75,721.00,755.55,88,162,118114.00,
540680,KIOCL       ,B ,Q,189.25,191.50,186.65,187.10,186.65,187.35,269,746,140457.00,
540686,SMRUTHIORG  ,X ,Q,159.85,161.00,157.35,158.90,158.80,159.75,32,1668,265399.00,
540691,ABCAPITAL   ,A ,Q,90.00,90.00,88.15,89.35,89.35,89.35,2117,164107,14622720.00,
540692,APEX        ,B ,Q,258.75,259.90,253.20,259.75,259.75,255.65,903,2893,743242.00,
540693,SHISHIND    ,T ,Q,181.95,181.95,173.25,174.60,178.40,178.90,55,1121,196617.00,
540694,ANG         ,B ,Q,194.50,194.50,181.65,181.65,181.65,191.20,723,34634,6404888.00,
540699,DIXON       ,A ,Q,3681.60,3688.00,3552.95,3571.95,3571.95,3640.95,1205,4967,17973973.00,
540700,BRNL        ,B ,Q,28.20,32.15,28.20,32.15,32.15,26.80,631,97251,3055797.00,
540701,DCAL        ,A ,Q,115.75,117.95,112.40,113.35,113.05,116.15,954,31196,3606837.00,
540702,LASA        ,B ,Q,28.20,28.50,25.40,25.70,25.40,28.30,1249,77237,2078171.00,
540704,MATRIMONY   ,A ,Q,795.00,829.70,795.00,812.35,812.35,799.85,665,4531,3676260.00,
540709,RELHOME     ,B ,Q,2.95,2.99,2.88,2.91,2.93,2.88,322,139501,408396.00,
540710,CAPACITE    ,A ,Q,114.20,117.00,113.45,114.50,114.00,113.05,286,5216,600225.00,
540715,SAGAR       ,M ,Q,47.45,47.45,47.35,47.35,47.35,44.80,2,6000,284400.00,
540716,ICICIGI     ,A ,Q,1112.65,1130.00,1111.20,1121.90,1116.00,1111.60,1341,13580,15230051.00,
540717,PQIF        ,B ,Q,51.00,51.00,47.10,47.40,47.75,49.55,118,4608,219668.00,
540718,AKM         ,M ,Q,27.10,27.10,27.10,27.10,27.10,28.50,1,6000,162600.00,
540719,SBILIFE     ,A ,Q,1062.00,1092.40,1060.00,1082.90,1076.35,1068.30,3196,31003,33446209.00,
540724,DIAMONDYD   ,B ,Q,636.30,636.30,630.55,630.55,630.55,635.40,11,40,25316.00,
540725,SISL        ,B ,Q,1119.90,1119.90,1093.40,1115.40,1115.40,1100.45,130,1247,1389106.00,
540726,TTFL        ,B ,Q,127.95,127.95,121.50,123.85,124.90,124.85,246,32748,4068427.00,
540727,POOJA       ,B ,Q,31.00,31.60,29.50,29.90,29.50,31.05,231,24232,730617.00,
540728,SAYAJIIND   ,X ,Q,197.00,197.00,197.00,197.00,197.00,197.00,3,150,29550.00,
540730,MEHAI       ,T ,Q,64.95,65.65,59.45,59.45,59.45,62.55,1933,203752,12757049.00,
540735,IRIS        ,B ,Q,79.05,79.35,78.40,79.15,79.35,80.00,27,177,14004.00,
540737,SGRL        ,B ,Q,248.35,250.00,243.00,250.00,250.00,249.15,56,1802,449118.00,
540738,STL         ,B ,Q,239.00,268.80,234.50,238.85,235.55,234.40,205,11148,2708694.00,
540743,GODREJAGRO  ,A ,Q,504.70,510.00,499.40,506.85,510.00,502.40,235,2656,1337418.00,
540749,MASFIN      ,A ,Q,502.65,502.65,491.00,494.65,491.50,499.90,194,1014,503613.00,
540750,IEX         ,A ,Q,161.55,162.40,158.05,158.55,158.55,161.15,6707,348887,55688777.00,
540755,GICRE       ,A ,Q,114.65,117.25,114.05,115.20,114.05,116.75,268,5303,613798.00,
540757,SCPL        ,M ,Q,490.00,490.00,465.10,475.00,476.00,483.00,20,21200,10127980.00,
540762,TIINDIA     ,A ,Q,1791.00,1859.90,1768.15,1837.05,1835.00,1798.25,3064,9764,17771557.00,
540767,NAM-INDIA   ,A ,Q,265.50,276.50,265.50,270.75,269.20,275.40,1139,34265,9340074.00,
540768,MAHLOG      ,A ,Q,464.50,473.95,464.35,471.10,470.25,464.70,392,1731,810378.00,
540769,NIACL       ,A ,Q,81.35,81.70,79.65,79.90,79.65,81.30,549,10766,867434.00,
540774,IFGLEXPOR   ,B ,Q,266.00,277.00,266.00,272.30,272.30,271.75,87,1741,476478.00,
540775,KHADIM      ,B ,Q,191.00,191.95,187.05,189.85,189.85,189.40,178,1387,263027.00,
540776,5PAISA      ,B ,Q,305.05,308.70,290.00,295.45,291.00,301.35,160,597,178689.00,
540777,HDFCLIFE    ,A ,Q,541.95,555.80,538.05,550.20,550.20,540.95,3494,103941,57070004.00,
540786,SHARIKA     ,B ,Q,10.30,10.43,9.75,10.00,10.30,10.22,185,38113,383209.00,
540787,ICICIB22    ,A ,Q,46.12,46.39,45.81,45.94,45.87,46.10,81,59711,2742395.00,
540788,ASPIRA      ,X ,Q,52.05,55.55,51.30,53.15,54.50,54.10,115,40995,2125521.00,
540789,DNAMEDIA    ,T ,Q,2.95,3.14,2.95,3.00,3.00,3.10,40,25648,77323.00,
540795,DYNAMIC     ,B ,Q,105.85,106.00,101.10,102.95,104.00,104.15,138,11436,1185466.00,
540796,RATNABHUMI  ,T ,Q,123.75,124.50,123.75,124.00,124.00,123.75,12,1100,136690.00,
540797,SHALBY      ,B ,Q,102.80,104.00,100.45,101.50,100.90,102.80,223,2931,300980.00,
540798,FSC         ,T ,Q,30.90,30.90,28.70,29.00,28.70,30.00,40,4375,130549.00,
540809,MRCEXIM     ,M ,Q,81.85,81.85,78.00,78.55,79.10,80.75,20,48000,3799800.00,
540811,DML         ,M ,Q,16.00,16.20,16.00,16.20,16.20,16.15,4,40000,643500.00,
540821,SADHNA      ,XT,Q,11.60,12.15,11.05,12.15,12.15,11.60,65,138255,1544574.00,
540823,VITESSE     ,XT,Q,39.50,39.50,39.50,39.50,39.50,41.55,39,1324,52298.00,
540824,ASTRON      ,B ,Q,40.95,41.25,39.50,39.70,39.95,41.25,129,3160,127150.00,
540829,CHANDRIMA   ,X ,Q,4.20,4.20,4.20,4.20,4.20,4.18,2,100,420.00,
540874,7SEAS       ,X ,Q,19.80,19.85,18.05,19.35,19.35,18.95,20,4122,80151.00,
540879,APOLLO      ,B ,Q,120.50,122.60,117.90,118.50,117.90,121.15,192,3708,445205.00,
540900,NEWGEN      ,A ,Q,359.95,363.95,350.00,357.45,357.45,351.65,860,8694,3099997.00,
540901,PRAXIS      ,B ,Q,37.05,37.05,36.00,37.05,37.05,37.20,94,5135,185405.00,
540902,AMBER       ,A ,Q,2360.00,2387.10,2214.95,2247.95,2242.40,2352.65,1332,3940,8964873.00,
540923,AML         ,M ,Q,8.00,8.99,8.00,8.99,8.99,8.00,2,12000,101940.00,
540935,GALAXYSURF  ,A ,Q,2875.00,2946.30,2875.00,2918.85,2940.00,2905.25,337,741,2168130.00,
540936,GGL         ,B ,Q,11.83,11.83,11.07,11.28,11.30,11.28,56,25289,285713.00,
540937,MEDICO      ,B ,Q,87.20,93.00,87.20,90.05,90.00,88.80,8,72,6624.00,
540952,LAL         ,M ,Q,27.15,27.15,27.15,27.15,27.15,25.90,6,60000,1629000.00,
540954,IWP         ,X ,Q,26.50,26.95,25.65,26.00,26.00,26.60,28,1963,51505.00,
540955,TDSL        ,B ,Q,13.75,14.45,13.75,14.40,14.45,14.40,40,2452,34904.00,
540956,BHATIA      ,T ,Q,36.45,36.45,36.45,36.45,36.45,38.35,63,2742,99945.00,
540961,SHIVAMILLS  ,B ,Q,98.80,98.80,91.65,93.15,95.00,98.00,173,3683,345044.00,
540975,ASTERDM     ,A ,Q,176.15,178.40,173.05,177.80,177.70,175.50,1644,119299,20956035.00,
541005,KANCOTEA    ,X ,Q,73.95,73.95,64.70,66.70,68.60,67.90,5,71,4841.00,
541019,HGINFRA     ,A ,Q,522.50,528.00,517.95,519.50,518.00,518.45,417,3100,1621723.00,
541083,INFLAME     ,M ,Q,358.90,358.90,358.80,358.80,358.80,351.00,2,1000,358850.00,
541096,BPLPHARMA   ,XT,Q,334.00,334.00,334.00,334.00,334.00,334.00,3,56,18704.00,
541097,LIQUIDETF   ,F ,Q,999.99,1000.01,999.99,1000.01,1000.01,1000.00,9,2700,2700023.00,
541143,BDL         ,A ,Q,700.00,711.85,670.20,679.75,679.75,700.05,1864,40960,28262500.00,
541144,ACTIVE      ,M ,Q,22.40,22.40,22.40,22.40,22.40,20.45,1,2000,44800.00,
541153,BANDHANBNK  ,A ,Q,269.00,274.75,262.70,263.50,263.50,268.25,4742,214412,57596347.00,
541154,HAL         ,A ,Q,1799.00,1799.00,1757.60,1769.15,1765.00,1780.65,1082,8363,14860741.00,
541161,KBCGLOBAL   ,B ,Q,3.48,3.61,3.32,3.33,3.33,3.49,1007,2047904,6868822.00,
541163,SANDHAR     ,B ,Q,250.75,252.00,239.40,247.30,250.85,248.00,402,12747,3122049.00,
541167,YASHO       ,T ,Q,1330.00,1384.90,1330.00,1362.60,1363.00,1371.50,358,2076,2823273.00,
541179,ISEC        ,A ,Q,443.55,443.55,428.05,429.00,429.60,436.20,713,10637,4590116.00,
541195,MIDHANI     ,A ,Q,164.85,165.80,162.30,163.65,163.70,164.65,408,5626,920656.00,
541206,OBCL        ,B ,Q,121.00,125.85,117.00,120.10,120.40,120.75,163,6216,744469.00,
541228,TRL         ,M ,Q,9.21,9.21,9.21,9.21,9.21,9.69,1,4000,36840.00,
541233,LEMONTREE   ,A ,Q,61.45,61.45,60.35,61.10,60.90,60.75,1272,68238,4150785.00,
541269,CHEMFABALKA ,B ,Q,171.00,171.00,159.25,162.50,163.00,164.95,30,133,21491.00,
541276,HARDWYN     ,B ,Q,227.50,236.35,225.65,227.60,225.65,237.50,74,1630,373681.00,
541301,ORIENTELEC  ,A ,Q,261.65,275.00,260.00,270.40,274.15,259.90,687,6693,1788195.00,
541302,DHRUV       ,B ,Q,45.35,46.35,45.00,45.25,45.20,45.85,38,344,15666.00,
541303,AKSHAR      ,B ,Q,85.00,85.00,82.00,83.80,84.80,82.50,45,3299,274899.00,
541304,INDOUS      ,M ,Q,66.00,66.00,60.00,60.00,60.00,58.25,3,4500,287400.00,
541313,ICICI500    ,A ,Q,22.50,22.60,22.32,22.32,22.32,22.32,21,760,17015.00,
541336,INDOSTAR    ,A ,Q,137.00,138.00,132.95,134.55,134.20,136.30,46,761,103068.00,
541337,MILEFUR     ,M ,Q,12.10,13.65,10.10,13.46,13.65,11.43,39,126000,1579890.00,
541347,PARVATI     ,X ,Q,10.02,11.00,10.02,10.34,10.34,10.87,88,8583,90655.00,
541352,MEGASTAR    ,B ,Q,172.20,177.00,172.20,175.45,175.45,171.85,22,89,15676.00,
541353,INNOVATORS  ,M ,Q,55.15,55.15,54.60,54.75,54.75,56.55,3,4800,263200.00,
541358,SHWL        ,XT,Q,97.50,97.50,97.50,97.50,97.50,97.00,1,2,195.00,
541400,ZIMLAB      ,X ,Q,185.65,199.85,183.35,185.35,185.35,192.95,68,1903,352115.00,
541402,AFFORDABLE  ,M ,Q,156.95,156.95,149.00,156.00,156.00,154.65,7,6400,992240.00,
541403,DOLLAR      ,B ,Q,464.00,485.10,462.00,462.30,462.30,478.80,468,2393,1122143.00,
541418,NGIL        ,B ,Q,137.90,140.35,135.50,140.35,140.35,139.10,12,188,25756.00,
541444,PALMJEWELS  ,B ,Q,14.30,14.90,14.23,14.50,14.50,14.49,31,2378,34581.00,
541445,WAA         ,M ,Q,39.85,39.85,38.30,39.35,39.25,38.40,9,16000,624880.00,
541450,ADANIGREEN  ,A ,Q,1924.00,1938.80,1901.35,1929.00,1929.00,1904.65,6274,71322,137206580.00,
541503,UNICK       ,XT,Q,39.40,39.40,36.10,36.10,36.10,37.60,4,2000,75500.00,
541540,SOLARA      ,A ,Q,379.60,379.60,349.50,352.75,351.00,367.10,675,5344,1935865.00,
541546,GAYAHWS     ,T ,Q,0.72,0.72,0.72,0.72,0.72,0.75,3,1051,756.00,
541556,RITES       ,A ,Q,231.55,235.60,228.75,234.55,234.65,231.05,1057,8759,2034614.00,
541557,FINEORG     ,A ,Q,4836.00,4890.55,4781.80,4797.25,4792.00,4828.05,807,3561,17190998.00,
541578,VARROC      ,A ,Q,297.80,316.95,296.35,299.90,297.50,296.05,2158,23008,7084116.00,
541601,RAJNISH     ,B ,Q,220.80,222.70,216.10,222.65,222.65,212.10,964,175773,38958568.00,
541634,RAWEDGE     ,T ,Q,37.65,37.65,34.15,37.55,37.55,35.90,13,311,11277.00,
541700,TCNSBRANDS  ,A ,Q,520.65,535.00,520.65,530.25,529.40,518.90,378,1725,912480.00,
541729,HDFCAMC     ,A ,Q,1752.00,1797.50,1752.00,1791.00,1791.00,1744.45,1476,19637,34952068.00,
541735,VIVANTA     ,X ,Q,14.10,14.10,13.65,13.65,13.65,14.35,36,3640,49719.00,
541741,TINNATFL    ,X ,Q,31.20,31.20,30.50,30.55,30.55,29.90,5,74,2282.00,
541770,CREDITACC   ,A ,Q,1031.85,1048.40,1000.10,1016.35,1002.45,1022.30,814,5503,5662324.00,
541771,AMINTAN     ,X ,Q,2.40,2.40,2.15,2.16,2.15,2.26,110,20756,45795.00,
541778,DEEP        ,B ,Q,190.00,190.00,178.00,179.25,179.25,187.15,307,27172,4944176.00,
541809,ICICINXT50  ,B ,Q,37.52,38.31,37.46,37.73,37.55,37.85,110,2256,85351.00,
541865,ASRL        ,B ,Q,90.95,94.85,90.00,91.95,91.95,90.95,837,38730,3577050.00,
541890,SPACEINCUBA ,X ,Q,3.59,3.59,3.09,3.30,3.30,3.31,51,25259,82651.00,
541929,SGIL        ,B ,Q,159.20,159.20,133.50,146.10,149.00,158.35,75,3313,484770.00,
541946,ICICILIQ    ,F ,Q,1002.70,1002.70,1000.00,1000.00,1000.00,1000.00,21,12976,12977350.00,
541956,IRCON       ,A ,Q,35.75,36.30,35.75,36.05,36.05,36.05,488,25466,920283.00,
541967,SKYGOLD     ,M ,Q,201.95,201.95,201.95,201.95,201.95,199.75,1,800,161560.00,
541972,SETFSN50    ,A ,Q,448.45,448.45,441.10,443.90,443.90,446.48,16,380,168889.00,
541974,MANORAMA    ,B ,Q,1001.10,1030.00,1001.10,1011.20,1015.00,1000.20,174,2557,2594831.00,
541983,INNOVATIVE  ,M ,Q,6.59,6.90,6.29,6.54,6.90,6.51,10,14000,90740.00,
541988,AAVAS       ,A ,Q,2060.00,2060.00,1979.45,2014.20,2045.00,2083.70,2507,13550,27546781.00,
541999,GENERAAGRI  ,XT,Q,4.30,4.30,4.30,4.30,4.30,4.52,1,2,8.00,
542011,GRSE        ,A ,Q,231.60,232.75,223.30,224.25,224.15,231.60,538,8558,1935808.00,
542012,AAL         ,M ,Q,292.95,294.20,292.50,294.00,294.20,292.85,32,19550,5738988.00,
542013,DOLFIN      ,M ,Q,90.10,93.75,90.00,93.00,93.00,86.00,6,15600,1434810.00,
542019,SHUBHAM     ,T ,Q,176.00,182.50,176.00,179.80,179.80,175.00,23,10784,1929690.00,
542020,AKI         ,M ,Q,37.90,37.90,37.90,37.90,37.90,31.60,1,5000,189500.00,
542025,SUNRETAIL   ,M ,Q,0.81,0.84,0.81,0.84,0.84,0.80,10,480000,397440.00,
542034,SMGOLD      ,B ,Q,72.75,72.75,67.30,70.95,69.00,69.70,148,4260,299658.00,
542046,VIVIDM      ,B ,Q,44.05,45.90,43.70,45.65,45.65,45.95,13,432,19151.00,
542057,BCPL        ,B ,Q,34.55,34.55,33.40,34.20,34.20,34.05,97,4205,142351.00,
542066,ATGL        ,A ,Q,2385.00,2443.45,2375.15,2391.55,2399.00,2336.80,3036,27268,65491605.00,
542123,PHOSPHATE   ,X ,Q,93.95,93.95,93.95,93.95,93.95,89.50,1,12,1127.00,
542131,MAN50ETF    ,B ,Q,164.20,165.36,163.89,163.89,163.89,164.00,12,46,7570.00,
542141,TECHNOE     ,A ,Q,277.05,288.25,271.50,284.60,286.00,284.95,355,2398,680462.00,
542146,SKIFL       ,M ,Q,12.00,12.00,12.00,12.00,12.00,12.60,1,10000,120000.00,
542155,DGL         ,MT,Q,2.33,2.33,2.33,2.33,2.33,2.33,1,2000,4660.00,
542206,NIVAKA      ,XT,Q,4.15,4.54,4.14,4.44,4.46,4.35,37,12395,51490.00,
542216,DALBHARAT   ,A ,Q,1296.30,1300.10,1268.30,1283.35,1286.05,1289.00,828,6342,8142708.00,
542230,ABSLNN50ET  ,B ,Q,37.51,37.54,37.27,37.46,37.54,37.65,11,36,1347.00,
542231,NILASPACES  ,B ,Q,3.00,3.00,2.86,2.98,2.98,2.94,27,7142,20742.00,
542232,SRD         ,T ,Q,438.00,464.00,438.00,441.80,441.80,459.50,499,7190,3188560.00,
542233,TREJHARA    ,B ,Q,50.00,51.35,49.65,50.00,49.65,50.45,119,4191,210212.00,
542246,AXISCCDPD   ,B ,Q,14.90,14.90,14.90,14.90,14.90,14.25,3,4,59.00,
542247,AXISCCGPG   ,B ,Q,14.05,14.05,14.05,14.05,14.05,14.90,3,4,56.00,
542285,AXITA       ,B ,Q,244.40,244.40,244.40,244.40,244.40,232.80,13,119,29083.00,
542323,KPIGREEN    ,B ,Q,666.55,677.25,652.55,656.50,654.50,660.90,873,6529,4320786.00,
542333,RPSGVENT    ,A ,Q,503.75,507.95,491.05,494.20,493.00,502.15,297,1254,627831.00,
542337,SPENCER     ,B ,Q,71.55,71.55,68.95,69.50,69.50,71.20,314,9378,655340.00,
542351,GLOSTERLTD  ,X ,Q,1012.00,1012.00,960.65,965.15,960.65,981.15,35,508,499356.00,
542367,XELPMOC     ,B ,Q,173.10,175.00,164.00,169.70,172.75,179.90,161,3467,590875.00,
542383,RITCO       ,B ,Q,135.30,136.65,135.00,135.00,135.00,133.20,27,1324,178968.00,
542399,CHALET      ,A ,Q,310.65,320.00,310.65,314.75,313.70,314.20,582,7286,2293869.00,
542437,ANMOL       ,B ,Q,163.20,163.20,156.00,160.75,161.10,161.00,14,70,11120.00,
542459,KRANTI      ,B ,Q,58.85,58.95,57.65,58.10,57.90,58.00,63,8192,479083.00,
542460,ANUP        ,B ,Q,738.95,759.80,725.35,748.40,749.00,735.80,470,1995,1484335.00,
542484,ARVINDFASN  ,A ,Q,255.05,261.00,254.00,257.10,254.00,256.35,473,6153,1586395.00,
542513,UTISXN50    ,B ,Q,45.00,45.50,44.55,44.55,44.55,44.50,15,397,17700.00,
542543,INFRATRUST  ,IF,Q,97.00,97.70,97.00,97.70,97.70,97.70,4,1000000,97420000.00,
542579,AGOL        ,B ,Q,40.80,42.00,38.80,41.95,42.00,40.80,122,271833,11017060.00,
542580,AARTECH     ,M ,Q,19.95,19.95,19.95,19.95,19.95,19.00,15,452000,9017400.00,
542597,MSTC        ,A ,Q,245.95,247.35,240.10,240.65,240.10,243.85,339,7094,1732750.00,
542602,EMBASSY     ,IF,Q,373.80,376.27,368.92,374.36,374.36,366.97,226,6608,2464090.00,
542627,CHANDNIMACH ,X ,Q,30.50,32.35,29.55,29.55,29.55,30.85,19,2157,67324.00,
542628,NSL         ,M ,Q,36.15,36.15,36.00,36.00,36.00,38.50,2,6000,216450.00,
542649,RVNL        ,A ,Q,30.00,30.30,29.90,30.05,30.05,30.10,1413,137842,4140783.00,
542650,METROPOLIS  ,A ,Q,1415.60,1443.80,1392.80,1407.50,1398.20,1416.05,951,5047,7151227.00,
542651,KPITTECH    ,A ,Q,528.00,533.30,512.00,517.20,515.50,524.40,2241,55390,28878252.00,
542652,POLYCAB     ,A ,Q,2225.00,2239.15,2185.75,2199.40,2199.40,2223.95,1772,8982,19861082.00,
542655,VIKASLIFE   ,T ,Q,5.45,5.55,5.38,5.42,5.45,5.44,440,349182,1896894.00,
542665,NEOGEN      ,B ,Q,1297.70,1315.00,1290.40,1294.65,1294.65,1294.80,184,967,1264113.00,
542666,GKP         ,B ,Q,192.20,193.80,192.20,193.65,193.65,191.70,1570,250434,48370122.00,
542667,WORL        ,B ,Q,200.00,204.00,190.05,204.00,204.00,194.30,196,5032,1013934.00,
542669,BMW         ,X ,Q,24.20,24.65,24.10,24.25,24.20,24.50,45,2602,63002.00,
542670,AEPL        ,B ,Q,47.75,47.75,46.85,46.95,47.00,46.35,6,72,3382.00,
542677,MAHESH      ,X ,Q,7.42,8.17,7.42,7.44,7.44,7.79,4,201,1567.00,
542679,DEL         ,X ,Q,18.00,18.00,17.05,17.05,17.05,17.30,5,4000,71050.00,
542682,HARISH      ,X ,Q,47.80,47.80,47.60,47.60,47.60,45.60,3,4,190.00,
542684,PPL         ,B ,Q,167.25,170.00,164.00,165.00,164.00,167.65,501,6761,1125331.00,
542685,DGCONTENT   ,B ,Q,15.63,15.82,15.54,15.57,15.57,15.07,34,1140,17795.00,
542694,PARSHVA     ,T ,Q,180.00,180.00,172.00,179.00,179.00,172.00,12,1719,296104.00,
542721,ARL         ,B ,Q,59.40,61.00,58.45,59.00,59.50,59.30,106,5820,346579.00,
542724,EARUM       ,B ,Q,3.85,3.85,3.34,3.37,3.37,3.69,1385,1097829,3818740.00,
542725,SBC         ,B ,Q,5.42,5.70,5.42,5.58,5.58,5.51,222,219578,1226919.00,
542726,INDIAMART   ,A ,Q,3915.05,3995.00,3790.90,3811.70,3811.70,3905.95,2161,7744,30008626.00,
542729,DCMNVL      ,B ,Q,180.25,180.25,172.00,173.25,172.00,176.15,32,636,111355.00,
542730,ICICIBANKN  ,B ,Q,334.00,336.00,333.10,333.40,333.10,333.60,44,170,56821.00,
542747,SNXT50BEES  ,A ,Q,44.50,44.78,43.00,43.10,43.10,43.84,51,1732,75251.00,
542752,AFFLE       ,A ,Q,1041.95,1068.00,1032.45,1062.80,1062.55,1041.95,1764,17151,18109725.00,
542753,SEACOAST    ,X ,Q,2.95,3.25,2.95,2.95,2.95,3.10,1428,2431089,7189239.00,
542758,ICICIBANKP  ,B ,Q,166.00,166.36,165.03,166.36,166.36,165.98,27,211,34915.00,
542759,SPANDANA    ,A ,Q,420.00,424.50,400.00,409.35,409.35,415.40,1035,9534,3925208.00,
542760,SWSOLAR     ,A ,Q,309.15,309.15,295.00,296.75,296.05,308.25,1318,16957,5112631.00,
542770,ALPHALOGIC  ,B ,Q,46.75,46.75,41.05,42.25,42.25,42.95,188,27237,1181050.00,
542771,NOVATEOR    ,M ,Q,11.40,11.40,11.40,11.40,11.40,11.02,1,6000,68400.00,
542772,IIFLWAM     ,A ,Q,1446.90,1520.00,1446.90,1474.15,1490.35,1436.65,531,1167,1726108.00,
542773,IIFLSEC     ,A ,Q,69.80,71.40,69.20,69.45,69.75,68.90,398,3818,267684.00,
542774,APMFINVEST  ,X ,Q,107.60,110.50,107.60,107.95,107.95,111.20,282,61193,6622059.00,
542802,GALACTICO   ,T ,Q,40.30,41.10,39.50,41.00,41.00,39.50,5754,834850,33968586.00,
542803,ELLORATRAD  ,XT,Q,27.50,27.50,27.50,27.50,27.50,26.20,4,193,5307.00,
542804,NIESSPJ     ,B ,Q,18.75,21.75,18.60,19.95,19.95,20.65,21,908,17387.00,
542812,FLUOROCHEM  ,A ,Q,2707.00,2809.35,2707.00,2775.40,2795.20,2700.55,774,2045,5642405.00,
542830,IRCTC       ,A ,Q,600.30,604.00,575.10,576.40,576.40,601.45,22967,285703,167012841.00,
542837,NIESSPE     ,B ,Q,2.71,2.71,2.23,2.23,2.23,2.47,3,102,227.00,
542839,NIEHSPD     ,B ,Q,0.90,1.04,0.90,1.04,1.04,0.95,21,7652,7488.00,
542841,NIEHSPE     ,B ,Q,1.31,1.40,1.31,1.40,1.40,1.44,6,2005,2679.00,
542843,NIEHSPG     ,B ,Q,3.88,3.88,3.88,3.88,3.88,3.88,1,25,97.00,
542844,NIEHSPH     ,B ,Q,1.70,1.88,1.70,1.88,1.88,1.88,6,440,823.00,
542846,NIEHSPL     ,B ,Q,1.20,1.33,1.17,1.17,1.30,1.29,24,20074,23961.00,
542847,NIESSPL     ,B ,Q,0.96,0.96,0.95,0.95,0.95,0.96,2,497,472.00,
542848,NIESSPM     ,B ,Q,3.34,3.80,3.30,3.31,3.70,3.65,11,2003,6658.00,
542850,GOBLIN      ,M ,Q,19.05,20.30,19.05,20.30,20.25,19.50,3,12000,241000.00,
542851,GENSOL      ,M ,Q,576.50,580.45,550.00,558.55,552.60,566.30,34,20748,11667132.00,
542852,VISHWARAJ   ,B ,Q,16.40,16.45,15.95,16.05,16.10,16.15,766,87341,1408371.00,
542857,GREENPANEL  ,A ,Q,426.60,436.45,426.60,435.35,436.00,426.05,2349,20464,8864537.00,
542862,SHAHLON     ,X ,Q,13.75,14.40,13.75,13.95,14.15,14.00,26,5300,73737.00,
542863,ABSLBANETF  ,B ,Q,33.69,33.69,33.34,33.34,33.34,33.18,4,8,268.00,
542865,ANUROOP     ,M ,Q,25.50,26.45,24.35,25.35,25.40,24.05,12,120000,3057000.00,
542867,CSBBANK     ,A ,Q,197.20,200.20,192.25,193.00,192.40,198.90,421,5087,994712.00,
542871,ABCRSPRG    ,F ,Q,1.44,1.44,1.44,1.44,1.44,1.60,12,13994,20151.00,
542878,ABDBSPDG    ,F ,Q,3.40,3.40,3.40,3.40,3.40,3.40,2,47,159.00,
542879,ABDBSPRG    ,F ,Q,2.41,2.93,2.41,2.93,2.93,2.67,3,101,243.00,
542887,ABMTSPRG    ,F ,Q,2.60,2.60,2.60,2.60,2.60,2.60,2,200,520.00,
542904,UJJIVANSFB  ,A ,Q,15.05,15.20,14.75,15.05,15.05,14.85,684,99322,1496392.00,
542905,HINDWAREAP  ,A ,Q,281.80,303.15,281.70,300.80,293.55,279.10,311,2488,743328.00,
542907,PRINCEPIPE  ,A ,Q,603.45,608.35,592.00,597.15,603.00,603.60,1549,13751,8233369.00,
542908,EBBETF0423  ,F ,Q,1179.90,1180.00,1178.04,1178.04,1178.04,1173.85,4,4,4716.00,
542909,EBBETF0430  ,F ,Q,1174.51,1178.97,1174.51,1178.65,1178.97,1176.20,35,1554,1826998.00,
542918,GIANLIFE    ,M ,Q,24.55,24.55,23.40,24.55,24.55,23.40,65,627000,15382785.00,
542919,ARTEMISMED  ,B ,Q,41.55,41.70,41.45,41.60,41.60,41.20,119,3032,125828.00,
542920,SUMICHEM    ,A ,Q,427.45,430.10,421.75,423.80,423.80,423.95,1410,23957,10165804.00,
542921,ICICIM150   ,B ,Q,103.00,103.00,102.00,102.00,102.00,101.30,10,10,1025.00,
542922,MANXT50ETF  ,B ,Q,371.00,371.11,366.00,367.00,366.00,370.56,18,60,22131.00,
542924,JANUSCORP   ,M ,Q,8.25,8.28,7.90,8.00,8.00,7.99,9,46500,381690.00,
542933,UNIVPHOTO   ,B ,Q,525.95,526.05,510.00,510.00,510.00,520.10,26,208,108105.00,
542938,OCTAVIUSPL  ,X ,Q,56.05,56.05,56.05,56.05,56.05,53.40,2,16,896.00,
543064,SUVENPHAR   ,A ,Q,463.90,466.50,458.55,461.95,462.95,465.10,579,8200,3785773.00,
543066,SBICARD     ,A ,Q,777.60,779.00,759.55,768.30,768.30,775.65,2404,32203,24748099.00,
543079,07GPG       ,F ,Q,1.81,1.81,1.49,1.49,1.67,1.65,13,10668,16003.00,
543087,09AGG       ,F ,Q,31.71,38.74,31.71,32.01,32.01,35.22,16,345,12467.00,
543092,09GPG       ,F ,Q,2.25,2.25,1.85,2.08,2.19,2.05,5,15,32.00,
543144,08MPD       ,B ,Q,4.55,4.55,3.73,4.03,4.48,4.14,122,16655,68372.00,
543150,08GPG       ,B ,Q,1.27,1.31,1.20,1.23,1.26,1.23,51,17400,21638.00,
543165,10ARD       ,F ,Q,65.03,79.47,65.03,79.47,79.47,72.25,74,3014,206729.00,
543167,10GPG       ,F ,Q,0.96,0.96,0.86,0.93,0.93,0.92,18,6092,5446.00,
543173,11DPR       ,B ,Q,11.14,11.14,9.27,11.14,11.14,10.13,12,2646,29268.00,
543174,11GPG       ,B ,Q,2.04,2.04,1.78,1.87,1.87,1.86,15,3431,6815.00,
543175,11MPD       ,B ,Q,2.35,2.35,2.20,2.34,2.34,2.31,20,21242,49670.00,
543176,11MPR       ,B ,Q,8.86,8.86,7.27,8.53,8.54,8.07,42,2529,19332.00,
543177,11QPD       ,B ,Q,2.58,2.58,2.18,2.45,2.49,2.37,20,1106,2687.00,
543181,11AGG       ,B ,Q,13.10,13.12,10.85,11.03,11.94,11.98,60,7269,85437.00,
543182,11AMD       ,B ,Q,25.10,25.10,25.10,25.10,25.10,22.85,12,1126,28262.00,
543186,11DPD       ,B ,Q,3.40,4.00,3.40,3.65,3.65,3.74,23,3487,12756.00,
543187,POWERINDIA  ,A ,Q,3131.70,3160.00,3122.60,3141.75,3148.55,3147.90,266,727,2281267.00,
543193,DJML        ,M ,Q,53.10,54.60,53.05,54.05,54.60,54.05,6,12000,643500.00,
543207,NATURAL     ,X ,Q,5.86,6.15,5.61,5.64,5.61,5.86,87,36684,213371.00,
543208,BHARTIA     ,X ,Q,35.25,35.25,31.95,31.95,31.95,33.60,3,1426,50184.00,
543210,AARTISURF   ,B ,Q,630.00,637.55,625.80,635.55,637.55,627.65,95,379,239469.00,
543212,BOROLTD     ,A ,Q,274.80,279.15,269.95,272.50,272.50,272.10,673,10452,2882468.00,
543213,ROSSARI     ,A ,Q,863.90,879.70,861.95,872.00,872.00,865.90,147,298,258876.00,
543214,NDRAUTO     ,B ,Q,374.80,375.00,357.00,357.95,360.00,369.75,66,245,89853.00,
543215,EBBETF0425  ,F ,Q,1064.90,1065.00,1062.00,1062.00,1062.00,1061.99,3,3,3191.00,
543216,EBBETF0431  ,F ,Q,1044.50,1046.00,1044.50,1046.00,1046.00,1044.81,8,51,53334.00,
543217,MINDSPACE   ,IF,Q,350.00,352.23,347.99,350.01,351.33,348.14,327,6558,2296458.00,
543219,ICICIALPLV  ,B ,Q,152.50,152.69,151.00,151.77,151.72,152.43,24,195,29600.00,
543220,MAXHEALTH   ,A ,Q,366.90,378.60,364.40,367.70,366.35,367.90,1045,13623,5056247.00,
543221,ICICITECH   ,B ,Q,291.00,293.05,285.93,287.00,286.59,289.79,77,702,202672.00,
543223,MAXINDIA    ,B ,Q,71.85,72.35,70.05,71.30,70.05,69.90,82,1734,124039.00,
543224,HBANKETF    ,B ,Q,336.00,337.00,336.00,336.00,336.00,335.00,16,34,11426.00,
543226,UTIBANKETF  ,B ,Q,33.60,33.75,33.27,33.27,33.27,33.66,8,34,1144.00,
543227,HAPPSTMNDS  ,B ,Q,846.85,852.35,825.00,829.50,829.50,841.85,4752,40322,33700753.00,
543228,ROUTE       ,A ,Q,1245.00,1295.00,1217.55,1243.75,1243.75,1240.10,6926,79067,99515928.00,
543232,CAMS        ,A ,Q,2260.45,2282.05,2249.15,2257.35,2257.35,2266.55,715,2404,5437055.00,
543233,CHEMCON     ,B ,Q,289.90,292.75,285.00,289.10,289.10,288.95,294,2273,656085.00,
543235,ANGELONE    ,A ,Q,1215.00,1235.95,1200.00,1206.40,1205.90,1200.75,1450,19231,23388282.00,
543236,ATAM        ,M ,Q,157.00,157.00,157.00,157.00,157.00,150.20,1,1500,235500.00,
543237,MAZDOCK     ,A ,Q,251.85,254.20,245.00,246.20,245.00,252.15,621,9916,2457264.00,
543238,UTIAMC      ,A ,Q,645.40,649.30,638.00,643.05,639.35,640.00,520,1653,1064206.00,
543240,LIKHITHA    ,B ,Q,278.05,279.30,271.15,272.05,271.20,278.00,160,2898,792343.00,
543241,VGIL        ,M ,Q,116.00,120.00,115.00,120.00,120.00,115.00,3,3000,351000.00,
543242,HEMIPROP    ,A ,Q,107.05,108.75,104.70,105.10,105.10,106.45,1518,108262,11608016.00,
543243,EQUITASBNK  ,A ,Q,38.75,39.60,38.75,39.40,39.40,39.45,1399,57934,2270334.00,
543245,GLAND       ,A ,Q,2678.90,2718.00,2668.55,2701.85,2701.85,2652.25,750,4137,11161544.00,
543246,MAESGETF    ,B ,Q,26.75,26.75,26.35,26.35,26.35,26.59,42,4921,130216.00,
543248,RBA         ,A ,Q,111.75,114.25,107.40,111.70,111.70,110.50,1553,51400,5673496.00,
543249,TARC        ,B ,Q,36.65,37.05,35.90,35.90,35.90,36.70,738,23063,839167.00,
543250,MOGSEC      ,F ,Q,48.63,48.63,48.63,48.63,48.63,48.49,1,4,194.00,
543251,RVHL        ,B ,Q,20.45,21.90,20.15,20.25,20.15,21.15,59,1886,38557.00,
543252,FAIRCHEMOR  ,B ,Q,1502.15,1519.75,1489.15,1514.55,1516.50,1505.65,218,762,1147875.00,
543253,BECTORFOOD  ,A ,Q,272.80,275.70,269.00,270.65,271.10,273.00,565,4387,1192381.00,
543254,AWHCL       ,B ,Q,277.95,291.80,273.70,279.85,279.00,273.55,670,4804,1358995.00,
543255,INFRABEES   ,B ,Q,481.55,482.00,478.00,479.42,478.00,482.72,22,49,23539.00,
543256,RFLL        ,X ,Q,24.95,24.95,21.80,23.90,23.90,23.00,68,128678,2935953.00,
543257,IRFC        ,A ,Q,19.65,19.70,19.55,19.65,19.65,19.65,2089,443665,8711805.00,
543258,INDIGOPNTS  ,A ,Q,1405.70,1409.95,1385.05,1393.00,1385.05,1398.55,481,1691,2361518.00,
543259,HOMEFIRST   ,A ,Q,743.90,746.50,733.60,743.90,742.75,739.90,381,2123,1577605.00,
543260,STOVEKRAFT  ,A ,Q,572.50,583.55,565.60,572.45,571.00,567.15,386,2982,1717640.00,
543261,BIRET       ,IF,Q,332.00,335.00,324.20,328.78,328.78,329.31,262,18300,6028730.00,
543263,SMCGLOBAL   ,B ,Q,92.00,92.70,91.05,92.35,92.70,91.95,66,1713,157431.00,
543264,NURECA      ,B ,Q,1013.00,1013.00,975.90,994.60,975.90,999.40,106,291,291296.00,
543265,RAILTEL     ,A ,Q,94.20,94.20,90.70,91.30,91.30,92.10,323,14725,1351111.00,
543266,HERANBA     ,A ,Q,550.75,557.15,542.75,550.20,550.20,550.75,151,696,384642.00,
543270,MTARTECH    ,A ,Q,1268.00,1283.95,1230.00,1269.75,1269.75,1247.60,5319,39831,50025464.00,
543271,JUBLINGREA  ,A ,Q,487.70,494.25,480.50,485.50,487.25,487.75,1400,16243,7886410.00,
543272,EASEMYTRIP  ,B ,Q,402.00,402.00,390.10,391.20,391.00,396.85,584,8235,3259446.00,
543273,KMEW        ,M ,Q,272.00,272.00,260.00,267.50,267.50,272.00,9,6750,1804837.00,
543274,SUUMAYA     ,M ,Q,32.10,33.30,32.05,32.50,32.50,32.00,9,5400,176895.00,
543275,ANURAS      ,A ,Q,628.00,628.00,604.15,609.80,608.85,616.40,431,2234,1366164.00,
543276,CRAFTSMAN   ,A ,Q,2270.90,2298.55,2220.20,2268.70,2298.55,2265.80,287,668,1506286.00,
543277,LXCHEM      ,A ,Q,285.60,303.75,281.55,284.85,284.85,287.75,4933,112288,32853515.00,
543278,KALYANKJIL  ,A ,Q,59.60,61.55,59.60,59.90,60.10,60.50,398,8579,516913.00,
543279,SURYODAY    ,A ,Q,80.10,80.80,77.50,78.10,78.10,80.25,831,14060,1111415.00,
543280,NAZARA      ,B ,Q,684.00,695.35,660.15,669.25,669.25,681.00,1960,22923,15559281.00,
543281,SUVIDHAA    ,B ,Q,6.38,6.38,6.00,6.10,6.12,6.20,162,31736,193718.00,
543283,BARBEQUE    ,B ,Q,1093.15,1098.40,1065.05,1083.60,1074.55,1083.25,1119,7957,8579447.00,
543284,EKI         ,M ,Q,7351.00,7598.00,7200.00,7240.70,7300.00,7204.70,202,6475,47379513.00,
543286,JETMALL     ,M ,Q,24.00,24.20,22.80,22.80,22.80,23.80,17,144000,3436800.00,
543287,LODHA       ,B ,Q,1048.95,1082.35,1042.90,1069.25,1065.40,1054.00,749,3288,3489610.00,
543288,DEEPIND     ,B ,Q,198.00,205.10,197.10,197.85,199.00,196.15,481,70543,14246554.00,
543290,PGINVIT     ,IF,Q,130.48,131.04,129.00,129.25,129.10,130.01,285,12275,1591615.00,
543291,MAFANG      ,B ,Q,40.46,40.46,39.40,39.63,39.63,40.32,514,17640,702370.00,
543292,ICICIPHARM  ,B ,Q,75.70,76.10,74.73,75.65,75.65,76.05,35,657,49622.00,
543297,IWEL        ,B ,Q,458.00,465.30,449.80,449.80,449.80,446.80,8,14,6428.00,
543298,VINEETLAB   ,B ,Q,58.90,62.25,57.95,58.25,57.95,59.30,42,1118,67193.00,
543299,SHYAMMETL   ,B ,Q,285.50,289.10,280.00,280.40,281.00,285.50,697,6352,1793701.00,
543300,SONACOMS    ,B ,Q,561.00,564.80,552.00,554.25,554.25,559.20,1892,24400,13592502.00,
543306,DODLA       ,B ,Q,486.75,488.30,484.00,484.15,484.15,486.85,15,52,25211.00,
543308,KIMS        ,B ,Q,1151.90,1191.90,1148.95,1183.90,1176.25,1146.50,331,1117,1312195.00,
543311,IPL         ,B ,Q,248.55,250.00,241.75,242.50,244.25,248.90,553,4663,1141067.00,
543317,GRINFRA     ,B ,Q,1123.45,1123.45,1095.00,1099.95,1104.00,1100.45,164,551,609316.00,
543318,CLEAN       ,B ,Q,1509.00,1534.00,1452.75,1489.90,1492.25,1501.70,3462,11327,16755654.00,
543320,ZOMATO      ,B ,Q,57.90,59.00,53.50,53.90,53.90,57.30,44762,7599014,421325465.00,
543321,TATVA       ,B ,Q,2313.10,2358.55,2300.00,2342.90,2342.90,2305.90,468,1106,2572506.00,
543322,GLS         ,B ,Q,440.05,445.00,439.95,443.35,445.00,441.50,390,2271,1006171.00,
543323,MAFSETF     ,B ,Q,15.60,15.73,15.48,15.55,15.48,15.55,54,2697,42042.00,
543325,ROLEXRINGS  ,B ,Q,1605.55,1654.30,1554.45,1561.65,1565.05,1606.55,1292,6000,9522687.00,
543326,ICICIFMCG   ,B ,Q,384.00,385.20,381.10,385.00,385.00,385.05,25,392,150045.00,
543327,EXXARO      ,B ,Q,108.75,108.75,105.50,106.70,106.70,107.75,175,3338,357280.00,
543328,KRSNAA      ,B ,Q,559.00,559.00,530.15,535.15,531.00,538.10,819,3371,1822223.00,
543329,WINDLAS     ,B ,Q,219.90,222.45,217.80,219.15,217.80,220.00,63,646,142039.00,
543330,DEVYANI     ,B ,Q,149.75,158.30,149.75,155.40,155.45,149.95,3966,201295,31288948.00,
543331,MOL         ,B ,Q,123.95,128.95,123.95,124.25,124.25,123.40,2131,161937,20480606.00,
543332,MFL         ,B ,Q,1316.30,1326.60,1250.90,1268.90,1261.05,1301.15,1601,14470,18621412.00,
543333,CARTRADE    ,B ,Q,575.40,602.30,574.80,591.80,586.65,571.95,1491,10964,6469399.00,
543334,NUVOCO      ,B ,Q,297.85,300.45,291.85,296.10,293.70,298.15,1803,77574,22903149.00,
543335,APTUS       ,B ,Q,264.20,288.40,262.65,280.10,273.90,264.15,1753,21280,5882889.00,
543336,CHEMPLASTS  ,B ,Q,450.85,477.90,450.85,469.30,466.40,448.10,2304,35055,16338469.00,
543341,SHARPLINE   ,XT,Q,27.55,27.55,27.55,27.55,27.55,29.00,202,8724,240346.00,
543346,AASHKA      ,M ,Q,39.85,40.00,38.45,39.00,40.00,39.10,6,6000,235650.00,
543347,AXISTECETF  ,B ,Q,290.00,290.05,284.86,285.02,284.86,288.10,14,21,6017.00,
543348,AXISHETF    ,B ,Q,76.50,78.00,75.80,77.54,77.99,76.87,21,707,55072.00,
543349,AMIORG      ,B ,Q,875.00,885.20,858.00,876.65,876.65,872.15,459,5042,4393390.00,
543350,VIJAYA      ,B ,Q,336.70,341.40,328.45,332.20,334.80,335.65,424,4980,1651499.00,
543357,AXISCETF    ,B ,Q,68.10,68.10,67.20,67.20,67.20,67.35,5,6,405.00,
543358,SANSERA     ,B ,Q,668.50,669.60,655.35,661.45,666.00,669.35,343,1779,1180684.00,
543363,PREVEST     ,M ,Q,283.85,295.00,283.80,294.75,294.70,285.00,20,8800,2558300.00,
543364,MTCL        ,M ,Q,99.00,99.00,99.00,99.00,99.00,99.00,1,1600,158400.00,
543365,MASPTOP50   ,B ,Q,26.01,26.26,25.68,26.12,26.15,25.96,55,2920,75456.00,
543367,PARAS       ,B ,Q,621.05,625.95,602.00,604.00,604.00,616.20,710,6857,4215215.00,
543373,SVRL        ,M ,Q,95.50,95.50,91.05,91.55,91.05,93.45,4,4000,370550.00,
543374,ABSLAMC     ,B ,Q,408.50,409.80,399.75,400.20,400.85,408.30,1019,5068,2038466.00,
543378,CWD         ,MS,Q,1042.10,1042.10,1041.30,1041.30,1041.30,1096.10,6,1200,1249860.00,
543383,ICICICONSU  ,B ,Q,67.96,67.96,67.37,67.47,67.37,67.96,7,731,49672.00,
543384,NYKAA       ,B ,Q,1440.00,1450.00,1378.00,1400.95,1400.95,1427.80,2524,14933,21047465.00,
543386,FINOPB      ,B ,Q,241.70,242.65,235.10,239.50,240.20,239.85,218,1796,428032.00,
543387,SJS         ,B ,Q,478.40,491.05,472.60,478.85,473.45,477.00,1149,9776,4708165.00,
543388,DSPNEWETF   ,B ,Q,181.00,181.00,179.10,180.00,180.00,180.12,29,331,59614.00,
543389,SIGACHI     ,B ,Q,250.00,277.70,250.00,264.35,264.90,252.75,1686,6512,1728767.00,
543390,POLICYBZR   ,B ,Q,586.00,594.45,565.95,572.20,572.20,589.35,1280,12835,7486564.00,
543396,PAYTM       ,B ,Q,706.10,717.20,660.00,675.80,675.80,705.75,11443,302949,208267663.00,
543397,SAPPHIRE    ,B ,Q,1063.10,1090.00,1059.35,1085.55,1080.00,1064.20,1537,11129,11992244.00,
543398,LATENTVIEW  ,B ,Q,340.00,342.05,332.00,334.35,334.35,337.85,1749,35353,11929156.00,
543399,TARSONS     ,B ,Q,715.00,735.00,708.85,714.45,709.10,711.75,1094,6983,5056997.00,
543400,OMNIPOTENT  ,M ,Q,18.00,18.00,18.00,18.00,18.00,21.00,1,2000,36000.00,
543401,GOCOLORS    ,B ,Q,998.10,1032.75,981.25,992.65,982.20,993.80,503,3063,3093894.00,
543411,HITECH      ,B ,Q,504.05,508.05,466.00,470.85,470.85,498.65,216,931,455752.00,
543412,STARHEALTH  ,B ,Q,502.50,502.50,483.00,488.80,488.80,497.80,3501,52189,25741258.00,
543413,TEGA        ,B ,Q,459.05,462.20,455.70,459.75,458.60,461.05,346,2322,1066468.00,
543414,MAHKTECH    ,B ,Q,16.65,16.70,16.29,16.29,16.29,16.47,111,2099,34600.00,
543415,ANANDRATHI  ,B ,Q,647.55,660.95,646.00,656.75,653.55,642.35,1240,9062,5957146.00,
543416,ZODIAC      ,T ,Q,112.80,113.80,106.10,112.05,113.80,108.85,160,5072,566169.00,
543417,RATEGAIN    ,B ,Q,251.05,253.20,236.05,238.95,238.95,251.10,1740,25369,6181878.00,
543419,SHRIRAMPPS  ,B ,Q,64.90,65.50,64.65,65.25,65.15,65.00,407,8389,546284.00,
543420,JETFREIGHT  ,B ,Q,25.65,25.65,24.25,25.65,25.65,24.45,104,6723,170223.00,
543425,MAPMYINDIA  ,B ,Q,1365.05,1423.50,1359.50,1404.05,1397.00,1372.75,2563,15628,21755426.00,
543426,METROBRAND  ,B ,Q,562.00,602.00,562.00,595.15,595.15,579.00,2326,21186,12560876.00,
543427,MEDPLUS     ,B ,Q,757.70,773.95,754.25,762.35,754.25,753.55,443,1752,1337330.00,
543428,DATAPATTNS  ,B ,Q,655.00,662.00,635.20,639.85,639.85,654.30,934,9023,5854372.00,
543433,HPAL        ,B ,Q,359.90,361.20,356.40,357.25,357.25,360.15,131,338,121060.00,
543434,SUPRIYA     ,B ,Q,354.00,361.35,343.80,357.05,352.35,353.85,1479,28013,9811760.00,
543435,CLARA       ,MT,Q,100.00,100.00,100.00,100.00,100.00,100.25,1,1500,150000.00,
543437,MONQ50      ,B ,Q,52.11,53.63,52.11,53.34,53.34,52.11,16,198,10549.00,
543438,DSPQ50ETF   ,B ,Q,152.50,153.50,150.75,152.00,152.00,152.48,8,22,3342.00,
543439,BRANDBUCKT  ,M ,Q,14.10,14.10,14.10,14.10,14.10,14.10,2,4000,56400.00,
543440,DSPN50ETF   ,B ,Q,159.50,159.50,158.80,158.80,158.80,159.25,5,66,10525.00,
543441,CMSINFO     ,B ,Q,216.00,232.85,216.00,230.85,228.95,227.50,788,11311,2582372.00,
543442,BCONCEPTS   ,B ,Q,112.50,117.60,110.00,116.55,117.60,112.05,83,3960,448285.00,
543443,ASCENSIVE   ,MS,Q,24.75,25.00,23.00,25.00,25.00,23.50,4,16000,390000.00,
543444,FABINO      ,M ,Q,25.00,25.00,25.00,25.00,25.00,25.00,1,3000,75000.00,
543449,WFL         ,B ,Q,128.45,144.75,128.45,144.75,144.75,136.70,3,6,849.00,
543450,ICICIAUTO   ,B ,Q,119.50,119.98,116.60,117.07,117.07,119.23,148,12512,1473037.00,
543451,AGSTRA      ,B ,Q,77.30,77.30,69.30,69.65,69.65,72.50,1230,19956,1428739.00,
543452,ICICISILVE  ,E ,Q,61.40,61.54,61.00,61.01,61.13,61.46,149,11653,711976.00,
543453,ALKOSIGN    ,M ,Q,50.00,50.00,48.80,48.80,48.80,48.50,3,9000,442800.00,
543454,MAMFGETF    ,B ,Q,74.00,74.25,73.22,73.22,73.22,73.48,11,138,10187.00,
543458,AWL         ,T ,Q,585.00,594.55,571.20,574.95,574.95,583.95,2186,57820,33510977.00,
543460,QRIL        ,M ,Q,54.00,54.00,54.00,54.00,54.00,51.00,1,2000,108000.00,
543461,SSTL        ,M ,Q,8.00,8.19,8.00,8.18,8.18,8.29,6,60000,488100.00,
543462,DEVIT       ,B ,Q,192.75,192.75,180.00,182.25,185.40,183.60,186,11815,2190436.00,
543463,MANYAVAR    ,B ,Q,970.55,998.00,961.45,967.30,969.80,970.10,966,2897,2839530.00,
543464,MARUTIIPL   ,M ,Q,84.90,84.90,66.50,72.60,72.60,73.00,4,8000,602800.00,
543465,MOMOMENTUM  ,B ,Q,167.10,167.10,163.10,165.04,164.90,167.33,81,2582,427145.00,
543471,SILVER      ,E ,Q,61.25,62.50,60.75,61.56,60.75,61.35,54,2810,172151.00,
543472,TECH        ,B ,Q,28.41,28.50,28.10,28.10,28.10,28.65,24,1905,53984.00,
543473,HEALTHY     ,B ,Q,7.59,7.75,7.45,7.59,7.61,7.59,56,4930,37541.00,
543474,BSLNIFTY    ,B ,Q,17.55,17.85,17.35,17.59,17.65,17.72,124,1106,19496.00,
543480,ICICI5GSEC  ,F ,Q,50.00,50.00,50.00,50.00,50.00,51.00,1,20,1000.00,
543481,MAM150ETF   ,B ,Q,10.15,10.17,10.00,10.07,10.07,10.13,32,1456,14609.00,
543482,EUREKAFORBE ,B ,Q,311.00,312.00,305.50,307.10,307.00,306.15,144,4161,1286039.00,
543489,GATEWAY     ,B ,Q,65.90,68.10,65.90,67.00,67.15,67.25,237,5077,341495.00,
543490,GMRP&UI     ,B ,Q,20.55,20.60,19.45,19.55,19.55,20.30,771,42547,848572.00,
543497,BCCL        ,M ,Q,45.25,45.25,45.25,45.25,45.25,45.50,1,4800,217200.00,
543498,MSUMI       ,B ,Q,69.80,71.85,69.25,70.45,70.45,69.80,2708,222351,15688210.00,
543500,EVOQ        ,M ,Q,12.01,12.01,12.00,12.01,12.00,12.50,2,8000,96040.00,
543501,MOLOWVOL    ,B ,Q,109.00,109.00,109.00,109.00,109.00,112.00,2,2,218.00,
543512,AVROIND     ,T ,Q,116.05,127.95,115.90,118.25,118.25,122.00,20,1331,154834.00,
543513,UMAEXPORTS  ,B ,Q,51.20,51.40,49.85,50.20,50.00,51.20,529,32183,1624177.00,
543514,VERANDA     ,B ,Q,247.00,247.05,233.70,233.85,233.85,245.95,988,18197,4345595.00,
543515,SEML        ,M ,Q,86.00,86.00,86.00,86.00,86.00,86.00,1,10000,860000.00,
543517,HARIOMPIPE  ,B ,Q,192.95,194.70,190.20,191.50,192.40,191.30,551,9650,1852963.00,
543519,SFSL        ,M ,Q,37.00,37.00,37.00,37.00,37.00,37.00,1,3000,111000.00,
543520,GLHRL       ,M ,Q,93.00,93.00,88.00,89.20,90.40,91.65,10,10000,906350.00,
543523,CAMPUS      ,B ,Q,332.60,334.95,322.65,325.15,323.75,332.30,726,9508,3131548.00,
543524,RAINBOW     ,B ,Q,466.55,471.00,463.35,465.65,463.35,465.00,446,2834,1325154.00,
543525,SILVERTUC   ,B ,Q,272.40,280.00,271.50,277.40,280.00,270.40,5,31,8441.00,
543526,LICI        ,A ,Q,679.00,683.60,670.85,673.60,673.60,678.90,8592,161207,108939273.00,
543527,PRUDENT     ,B ,Q,500.00,509.60,494.00,498.45,494.00,507.20,313,1582,793863.00,
543528,VENUSPIPES  ,B ,Q,335.10,340.75,334.00,334.80,335.50,334.15,540,3854,1291937.00,
543529,DELHIVERY   ,B ,Q,503.00,514.00,499.35,506.95,506.95,504.80,1929,21452,10847421.00,
543530,PARADEEP    ,B ,Q,40.85,40.85,39.15,39.55,39.55,40.75,1300,168429,6748878.00,
543531,TIERRA      ,B ,Q,126.95,132.35,119.00,129.50,129.95,126.85,24,976,125217.00,
543532,ETHOSLTD    ,B ,Q,775.35,799.15,770.60,791.30,790.00,777.00,239,939,735721.00,
543533,EMUDHRA     ,B ,Q,252.35,255.85,248.15,252.10,252.40,253.15,394,3728,937461.00,
543534,AETHER      ,B ,Q,761.50,785.00,761.50,780.05,778.05,780.20,1058,5158,4025313.00,
543535,WEWIN       ,B ,Q,35.95,37.75,35.85,37.75,37.75,36.45,21,1439,52816.00,
543537,SCARNOSE    ,MT,Q,54.80,54.80,52.75,53.50,53.50,55.50,22,52000,2797100.00,
543538,GOEL        ,MT,Q,86.25,86.75,83.10,86.75,86.75,82.65,9,14400,1230400.00,
555555,ICICISENSX  ,A ,Q,582.00,584.95,577.20,578.99,579.12,582.76,88,903,523305.00,
570001,TATAMTRTDVR ,A ,Q,200.00,204.00,197.10,197.85,197.85,200.65,2462,116513,23373236.00,
570002,FELDVR      ,B ,Q,8.15,8.32,7.95,7.95,8.07,8.03,28,4340,35140.00,
570004,JISLBNDVR   ,B ,Q,20.90,20.90,19.75,20.20,20.05,20.45,31,3902,78912.00,
570005,SCAPDVR     ,B ,Q,9.37,9.37,8.76,9.12,9.12,9.15,12,10335,90733.00,
590003,KARUR VY(PS ,B ,Q,44.95,45.25,43.95,44.85,44.85,44.95,1725,130365,5805326.00,
590005,TIDE WATE(PS,B ,Q,1042.85,1049.35,1025.00,1027.25,1027.25,1031.95,197,388,400480.00,
590006,AMRUTANJAN  ,B ,Q,899.95,899.95,772.00,792.05,794.90,778.90,1194,3842,2997341.00,
590013,XPRO INDI(PS,T ,Q,1197.00,1219.00,1173.20,1195.10,1195.10,1194.45,208,1236,1480135.00,
590018,HISARMET(PS ,B ,Q,116.10,116.10,111.30,112.45,113.05,116.10,47,545,61640.00,
590021,BHARAT RA(PS,B ,Q,11209.45,11288.80,10811.10,10876.70,10951.65,11107.95,53,94,1040337.00,
590022,EASTER SI(PS,T ,Q,4.89,4.89,4.54,4.67,4.87,4.70,54,6324,30100.00,
590024,FERT CHE(PS ,B ,Q,97.50,101.70,95.65,96.50,95.75,96.90,1104,14733,1452115.00,
590025,GINNI FIL(PS,B ,Q,39.00,40.20,37.85,38.00,37.95,39.15,234,11617,459009.00,
590030,SOUTH PET(PS,B ,Q,49.30,49.75,46.80,47.10,47.10,48.75,1050,59359,2842845.00,
590031,DE NORA     ,B ,Q,841.40,855.60,802.05,802.05,802.05,844.25,839,5337,4372298.00,
590041,KAVERI TELE ,B ,Q,9.25,9.25,8.83,9.01,9.00,8.82,34,24586,222883.00,
590051,SAKSOFT LTD ,B ,Q,837.95,837.95,798.45,803.05,804.30,805.15,184,671,540865.00,
590056,SALONA COTSP,B ,Q,229.95,229.95,210.00,212.85,211.15,219.60,30,149,32781.00,
590057,EQUIPPP     ,T ,Q,55.40,55.40,51.30,53.00,53.00,54.00,29,700,36621.00,
590062,ANDHRA SUGAR,B ,Q,126.55,128.15,122.90,123.65,123.65,125.65,628,11402,1428614.00,
590065,INDIA MOTOR ,B ,Q,775.15,779.95,773.00,777.70,779.90,771.00,78,474,368008.00,
590066,KCP LTD     ,B ,Q,108.55,108.65,106.20,106.45,106.50,107.95,179,3026,324489.00,
590068,KHAITAN INDI,B ,Q,46.45,46.45,45.20,46.10,46.10,47.45,10,578,26389.00,
590071,SUNDARAM FIN,B ,Q,1759.90,1770.45,1747.25,1767.70,1768.85,1770.55,177,492,867386.00,
590072,SUNDARAM BRK,B ,Q,323.05,324.00,313.95,319.25,315.10,321.80,50,116,37226.00,
590073,WHEELS INDIA,B ,Q,643.60,649.00,630.20,634.65,634.00,630.80,181,2115,1357621.00,
590075,LAMBODHARA T,B ,Q,82.10,82.15,79.30,79.80,79.80,82.15,89,1191,95636.00,
590078,MAITHAN ALL ,B ,Q,815.60,824.20,792.05,795.55,795.55,846.70,2687,24011,19406823.00,
590082,LOHIA SECURI,X ,Q,134.00,134.00,133.50,133.75,133.75,128.50,13,183,24477.00,
590086,ORISSA MINE ,T ,Q,2385.00,2400.00,2335.50,2371.05,2335.50,2354.35,60,442,1046931.00,
590095,GOLDBEES    ,E ,Q,43.73,43.87,43.65,43.77,43.74,43.74,379,21728,950650.00,
590096,LIQUIDBEES  ,F ,Q,1000.00,1000.01,999.66,1000.01,1000.01,1000.00,546,69355,69354828.00,
590097,KOTAKGOLDETF,E ,Q,43.97,44.00,43.71,43.80,43.96,43.97,217,51885,2271117.00,
590098,SBI GOLD ETS,E ,Q,45.18,45.19,44.83,45.05,45.09,45.11,209,46593,2095783.00,
590099,QUANTUM GOLD,E ,Q,43.89,43.89,43.48,43.50,43.50,43.65,66,2210,96215.00,
590101,UTI GOLD ETF,E ,Q,43.65,43.80,43.46,43.60,43.55,43.60,199,12318,536501.00,
590103,NIFTYBEES   ,B ,Q,171.89,172.60,171.10,171.59,171.59,171.90,3918,284389,48865799.00,
590104,JUNIORBEES  ,B ,Q,387.90,390.29,384.50,385.89,385.00,387.49,742,9715,3757683.00,
590106,BANKBEES    ,B ,Q,336.65,339.71,327.10,336.87,337.05,336.20,1097,65834,22098133.00,
590107,KOTAK PSU BK,B ,Q,244.00,245.00,241.10,241.53,241.48,242.75,29,75,18277.00,
590108,PSUBNKBEES  ,B ,Q,27.10,27.65,27.01,27.06,27.08,27.23,490,72252,1967228.00,
590109,SHARIABEES  ,B ,Q,388.56,388.56,384.70,385.00,385.00,387.50,9,40,15487.00,
590110,QNIFTY      ,B ,Q,1670.00,1672.00,1658.00,1663.00,1663.00,1668.00,12,18,29950.00,
590113,HNGSNGBEES  ,E ,Q,299.99,299.99,295.25,295.53,295.25,296.06,34,64,18925.00,
590115,MOM50       ,B ,Q,159.00,159.43,157.71,157.71,157.71,158.09,10,10,1583.00,
590122,ASHIKACR    ,X ,Q,35.50,35.50,34.50,34.50,34.50,34.30,6,7555,266346.00,
590134,MADRASFERT  ,B ,Q,44.70,45.20,43.45,43.55,43.45,44.40,589,15191,670552.00,
590136,KOTAKBKETF  ,B ,Q,337.00,339.48,336.71,337.71,337.71,336.59,56,154,52036.00,
590137,SETFNIFBK   ,B ,Q,333.00,336.62,333.00,334.32,334.19,333.23,109,1932,647114.00,
590138,SETFNIF50   ,B ,Q,162.53,163.34,161.56,162.18,162.00,162.50,306,33136,5380459.00,
715031,795LTFHL22A ,F ,P,97.10,100.00,97.10,100.00,100.00,101.97,2,20,1971.00,
750717,KALLAM-RE   ,R ,Q,4.20,4.46,4.00,4.46,4.46,3.19,311,187536,831781.00,
750718,SABOOSOD-RE ,R ,Q,2.50,2.97,2.10,2.72,2.70,2.97,70,23109,62710.00,
800259,SGB2016IIIA ,G ,B,4835.00,4920.00,4835.00,4900.00,4900.00,4950.00,11,29,140824.00,
800267,795GOI2026  ,G ,B,104.40,104.40,104.40,104.40,104.40,107.40,1,3000,313200.00,
800268,SGBMAY25    ,G ,B,4880.00,4880.00,4880.00,4880.00,4880.00,4880.00,1,10,48800.00,
800278,SGBDEC25    ,G ,B,5190.00,5190.00,5190.00,5190.00,5190.00,5190.00,1,1,5190.00,
800280,SGBDEC25B   ,G ,B,5130.00,5130.00,5130.00,5130.00,5130.00,4815.00,1,1,5130.00,
800291,SGBJAN27    ,G ,B,4721.00,4721.00,4721.00,4721.00,4721.00,4971.00,1,10,47210.00,
800292,SGBFEB27    ,G ,B,4890.00,4890.00,4890.00,4890.00,4890.00,4695.00,1,2,9780.00,
800296,SGBJULY27   ,G ,B,4750.00,4750.00,4711.00,4711.00,4711.00,4720.00,2,20,94298.00,
800297,SGBAUG27    ,G ,B,4810.00,4810.00,4750.00,4750.00,4750.00,4800.00,3,22,104560.00,
800313,SGBJAN28    ,G ,B,4770.00,4770.00,4770.00,4770.00,4770.00,4890.00,1,2,9540.00,
800318,SGBAPR28    ,G ,B,4771.00,4792.99,4751.00,4762.90,4762.90,4771.00,35,87,414279.00,
800322,SGBJUN28    ,G ,B,4750.00,4750.00,4750.00,4750.00,4750.00,4706.50,1,1,4750.00,
800324,SGBJULY28   ,G ,B,4755.00,4764.00,4750.00,4750.00,4750.00,4726.25,8,90,428356.00,
800325,SGBAUG28    ,G ,B,4858.00,4860.05,4838.00,4854.57,4838.12,4813.12,6,17,82562.00,
800327,SGBSEP28    ,G ,B,4751.01,4780.00,4751.01,4780.00,4780.00,4788.61,2,13,61850.00,
800329,SGBNOV28    ,G ,B,4858.93,4858.93,4858.93,4858.93,4858.93,4735.01,1,2,9717.00,
800332,SGBJAN29A   ,G ,B,4755.01,4795.00,4755.01,4790.45,4795.00,4795.00,4,21,100245.00,
800333,SGBFEB29    ,G ,B,4730.00,4750.00,4730.00,4750.00,4750.00,4759.00,3,5,23670.00,
800339,SGBMAR29    ,G ,B,4733.00,4733.00,4710.00,4728.05,4730.00,4712.00,7,139,657391.00,
800340,SGBMAY29    ,G ,B,4727.00,4748.90,4681.00,4723.00,4729.00,4714.00,29,213,1002812.00,
800341,SGBJUNE29   ,G ,B,4738.70,4738.70,4720.00,4728.00,4728.00,4725.00,5,33,155896.00,
800342,SGBJUN29A   ,G ,B,4710.10,4748.90,4702.10,4710.00,4705.00,4799.90,6,21,99049.00,
800367,SGBJULY29   ,G ,B,4737.10,4737.10,4737.00,4737.00,4737.00,4750.00,3,10,47370.00,
800372,GS17DEC23C  ,G ,B,90.95,90.95,90.95,90.95,90.95,90.90,1,100,9095.00,
800385,SGBAUG29    ,G ,B,4755.00,4779.00,4755.00,4779.00,4779.00,4754.60,4,12,57298.00,
800386,SGBSEP29    ,G ,B,4705.10,4741.80,4705.00,4714.00,4714.00,4741.90,6,16,75404.00,
800434,SGBNOV29    ,G ,B,4730.00,4730.00,4717.00,4717.00,4717.00,4710.10,13,151,712280.00,
800435,699GOI2051  ,G ,B,93.80,93.80,90.05,93.05,93.05,94.00,10,4250,395667.00,
890157,AIRTELPP    ,A ,Q,307.65,310.20,298.00,302.20,304.00,306.35,440,5656,1702380.00,
890159,PATINTPP    ,B ,Q,4.14,4.51,4.00,4.26,4.25,4.09,41,24011,100357.00,
890164,WARDWIZPP   ,B ,Q,7.35,8.40,7.00,8.40,8.40,7.00,209,47123,372720.00,
890165,TILAKPP     ,X ,Q,2.49,2.49,2.30,2.30,2.30,2.42,46,25172,58047.00,
890166,PRISMXPP    ,X ,Q,1.89,1.93,1.76,1.78,1.78,1.85,59,39928,73773.00,
890167,ASMTECPP    ,X ,Q,376.50,411.85,373.00,375.35,397.00,392.25,37,1059,422597.00,
890168,AURUMPP     ,T ,Q,24.00,24.00,22.40,22.40,22.40,23.25,9,3575,81664.00,
890169,DYNPROPP    ,B ,Q,190.00,190.00,180.10,185.05,180.10,180.00,2,20,3701.00,
912320,ICIC MMP3AUG,F ,D,95000.00,95000.00,95000.00,95000.00,95000.00,96000.00,1,1,95000.00,
935383,849NTPC25   ,F ,D,13.30,13.30,13.07,13.12,13.12,13.10,18,2926,38314.00,
935514,760PFC35    ,F ,D,1294.00,1294.00,1294.00,1294.00,1294.00,1249.88,1,1,1294.00,
935580,739NHAI26   ,F ,D,1080.00,1080.00,1080.00,1080.00,1080.00,1070.42,1,10,10800.00,
935584,76NHAI31    ,F ,D,1157.00,1157.99,1155.00,1157.99,1157.99,1159.40,13,1705,1972248.00,
935618,774IREDA31  ,F ,D,1179.90,1179.90,1179.90,1179.90,1179.90,1180.00,1,1,1179.00,
935674,769HUDCO31  ,F ,D,1197.90,1197.90,1189.80,1189.80,1189.80,1190.00,2,103,122573.00,
935690,764NABARD31 ,F ,D,1160.00,1160.00,1160.00,1160.00,1160.00,1157.99,2,75,87000.00,
935752,9MMFSL26    ,F ,D,1053.00,1053.00,1052.00,1053.00,1053.00,1051.67,17,212,223215.00,
935756,MMFSL23     ,F ,D,1800.00,1800.00,1800.00,1800.00,1800.00,1645.00,1,113,203400.00,
935788,10EHFL26    ,F ,D,1030.99,1035.00,1030.00,1035.00,1035.00,1030.10,22,1396,1438524.00,
936048,805MMFSL32  ,F ,D,1060.00,1060.00,1060.00,1060.00,1060.00,1055.00,1,1,1060.00,
936130,888ERFL28   ,F ,D,880.00,880.00,880.00,880.00,880.00,882.00,1,1,880.00,
936186,92SEFL28    ,F ,D,222.00,222.00,222.00,222.00,222.00,228.00,1,15,3330.00,
936220,95JMFCSL23  ,F ,D,1029.95,1029.95,1029.95,1029.95,1029.95,1029.85,4,150,154492.00,
936224,975JMFCSL28 ,F ,D,1040.00,1040.00,1040.00,1040.00,1040.00,1068.00,1,70,72800.00,
936234,93STFCL23   ,F ,D,1010.20,1015.00,1010.20,1014.73,1015.00,1013.25,10,418,423979.00,
936236,94STFCL28   ,F ,D,1041.50,1042.00,1041.50,1041.75,1042.00,1038.50,2,30,31252.00,
936252,943EFL28    ,F ,D,961.00,961.00,961.00,961.00,961.00,963.60,1,100,96100.00,
936254,985EFL28    ,F ,D,995.00,995.00,995.00,995.00,995.00,990.00,2,200,199000.00,
936274,9ICCL23     ,F ,D,1025.00,1025.00,1025.00,1025.00,1025.00,1049.00,4,55,56375.00,
936290,890TCFSL23  ,F ,D,1083.01,1085.00,1083.01,1084.57,1085.00,1082.81,5,140,151832.00,
936304,0KFL22D     ,F ,D,1445.00,1460.00,1425.00,1460.00,1460.00,1400.00,5,220,318600.00,
936318,965AHFL23   ,F ,D,1076.00,1077.00,1076.00,1076.67,1077.00,1076.95,2,30,32300.00,
936360,10MFL23     ,F ,D,1028.00,1028.00,1025.00,1025.00,1025.00,1029.80,5,282,289086.00,
936372,MFL29NOV18C ,F ,D,1470.00,1470.00,1470.00,1470.00,1470.00,1459.00,1,806,1184820.00,
936374,MFL29NOV18D ,F ,D,1508.00,1508.00,1508.00,1508.00,1508.00,1485.00,1,327,493116.00,
936384,1025JFCSL28 ,F ,D,1105.10,1120.00,1105.10,1120.00,1120.00,1124.19,2,30,33376.00,
936386,981JMFCSL28 ,F ,D,1049.00,1049.00,1039.00,1039.00,1039.00,1045.00,5,200,208750.00,
936392,995EFL24    ,F ,D,992.22,992.22,992.22,992.22,992.22,995.00,1,50,49611.00,
936396,EFL4JAN19A  ,F ,D,1381.20,1390.00,1340.00,1390.00,1390.00,1376.00,5,840,1149608.00,
936398,1015EFL29   ,F ,D,1005.65,1008.00,1005.00,1008.00,1008.00,1006.27,11,301,302902.00,
936408,915MMFSL24  ,F ,D,1038.00,1038.00,1038.00,1038.00,1038.00,1074.35,1,30,31140.00,
936412,93MMFSL27   ,F ,D,1078.00,1078.00,1075.00,1075.41,1075.00,1075.57,9,650,699632.00,
936458,95STFCL24   ,F ,D,1064.90,1064.90,1064.90,1064.90,1064.90,1053.00,1,40,42596.00,
936476,10IFL29     ,F ,D,1015.00,1015.00,1015.00,1015.00,1015.00,1015.00,7,187,189805.00,
936482,975MFL24    ,F ,D,1030.00,1030.00,1030.00,1030.00,1030.00,1030.00,1,100,103000.00,
936532,898LTFL29   ,F ,D,1104.99,1104.99,1104.99,1104.99,1104.99,1180.40,1,5,5524.00,
936550,0MFL24A     ,F ,D,1393.95,1393.95,1393.95,1393.95,1393.95,1386.20,1,184,256486.00,
936574,905LTFL27   ,F ,D,1077.00,1077.00,1073.25,1073.25,1073.25,1073.10,2,102,109846.00,
936604,935SCUF24   ,F ,D,1023.90,1023.90,1023.90,1023.90,1023.90,1025.00,1,30,30717.00,
936694,0SFL24      ,F ,D,1015.00,1135.00,1015.00,1122.00,1122.00,1105.00,5,342,348265.00,
936714,0EFL22      ,F ,D,1350.00,1350.00,1350.00,1350.00,1350.00,1347.00,1,25,33750.00,
936718,104EFL24    ,F ,D,994.00,994.00,990.01,990.01,990.01,994.00,4,81,80283.00,
936722,995EFL29    ,F ,D,990.00,990.00,989.00,990.00,990.00,1000.00,3,232,229643.00,
936724,104EFL29    ,F ,D,985.00,985.00,985.00,985.00,985.00,999.50,2,50,49250.00,
936734,975MFL22AA  ,F ,D,1001.15,1002.85,1001.15,1002.85,1002.85,996.80,6,80,80160.00,
936790,96STF24     ,F ,D,1100.01,1100.01,1100.00,1100.00,1100.00,1096.73,3,70,77000.00,
936794,0STF23      ,F ,D,1305.00,1305.00,1303.00,1303.04,1303.00,1301.00,3,20,26080.00,
936810,865TCFS27   ,F ,D,1119.90,1119.90,1115.00,1115.00,1115.00,1114.82,14,385,429836.00,
936824,10IFL25     ,F ,D,1011.00,1011.20,1011.00,1011.20,1011.20,1000.00,2,50,50555.00,
936848,0JMFPL22B   ,F ,D,1312.00,1316.00,1312.00,1316.00,1316.00,1311.00,2,51,66996.00,
936876,97SCUF22    ,F ,D,1076.80,1076.80,1076.80,1076.80,1076.80,1076.80,1,60,64608.00,
936908,BILNCD      ,F ,D,32.00,32.00,32.00,32.00,32.00,31.98,4,72,2304.00,
936949,10MHFL22    ,F ,D,1062.00,1066.20,1062.00,1066.20,1066.20,1063.00,2,110,117240.00,
936959,0MHFL26     ,F ,D,1389.99,1400.00,1389.99,1400.00,1400.00,1301.50,2,29,40529.00,
936965,102ECL23    ,F ,D,1036.11,1036.11,1036.00,1036.00,1036.00,1035.22,2,96,99457.00,
936969,995ECL24    ,F ,D,990.00,992.00,980.05,980.85,980.05,980.77,7,899,887264.00,
936971,104ECL24    ,F ,D,1026.00,1026.00,1026.00,1026.00,1026.00,1026.00,3,55,56430.00,
936985,1052KFL22   ,F ,D,1250.00,1250.00,1250.00,1250.00,1250.00,1271.00,1,100,125000.00,
936987,1067KFL23   ,F ,D,1287.00,1287.00,1287.00,1287.00,1287.00,1205.00,2,100,128700.00,
937023,975MFL24BB  ,F ,D,1026.10,1026.10,1026.10,1026.10,1026.10,1030.00,1,5,5130.00,
937027,975MFL23A   ,F ,D,1056.10,1056.10,1056.10,1056.10,1056.10,1054.10,2,50,52805.00,
937033,0MFL23AA    ,F ,D,1255.81,1256.81,1255.81,1256.81,1256.81,1265.00,2,60,75398.00,
937037,0MFL27A     ,F ,D,1255.00,1255.00,1255.00,1255.00,1255.00,1320.00,1,400,502000.00,
937057,84TCHF28    ,F ,D,1065.00,1065.00,1061.00,1061.00,1061.00,1065.00,2,20,21260.00,
937085,98EFIL25    ,F ,D,1000.00,1000.00,1000.00,1000.00,1000.00,986.10,1,20,20000.00,
937087,1025EFIL25  ,F ,D,1005.00,1012.80,1005.00,1005.00,1005.00,992.51,3,200,201780.00,
937099,94MFL23     ,F ,D,1005.00,1005.00,1005.00,1005.00,1005.00,1005.00,2,51,51255.00,
937105,99MFL23     ,F ,D,1035.40,1035.40,1035.40,1035.40,1035.40,1035.40,2,40,41416.00,
937129,0MMFL27     ,F ,D,1150.00,1150.00,1150.00,1150.00,1150.00,1050.00,2,50,57500.00,
937139,929JFPL23   ,F ,D,1007.00,1007.00,995.00,1001.00,995.00,1008.00,6,300,300300.00,
937143,0JFPL25     ,F ,D,1270.00,1270.00,1270.00,1270.00,1270.00,1270.00,1,20,25400.00,
937251,965MFL23    ,F ,D,1009.92,1009.93,1009.92,1009.92,1009.93,982.00,2,110,111091.00,
937281,10KFL24B    ,F ,D,992.00,992.00,992.00,992.00,992.00,992.00,1,40,39680.00,
937293,9MFL23B     ,F ,D,1010.99,1010.99,1010.99,1010.99,1010.99,1000.00,1,24,24263.00,
937297,925MFL23C   ,F ,D,1056.02,1056.02,1056.02,1056.02,1056.02,1055.80,1,50,52801.00,
937303,0MFL23C     ,F ,D,1152.11,1152.11,1152.00,1152.00,1152.00,1152.11,2,50,57603.00,
937339,939EFSL26   ,F ,D,994.99,994.99,985.00,985.00,985.00,990.00,7,89,87705.00,
937349,MFLI24      ,F ,D,975.00,975.00,975.00,975.00,975.00,971.00,1,300,292500.00,
937353,MFLIII24    ,F ,D,1010.00,1025.00,1010.00,1025.00,1025.00,996.20,4,483,493825.00,
937357,MFLV24      ,F ,D,1080.00,1080.00,1080.00,1080.00,1080.00,1080.00,1,50,54000.00,
937373,7PFCL31     ,F ,D,994.00,994.50,993.50,994.50,994.50,995.00,4,210,208694.00,
937385,715PFCL36   ,F ,D,995.00,995.00,992.00,992.00,992.00,992.74,18,1776,1764137.00,
937393,10KFL24C    ,F ,D,1000.00,1000.00,1000.00,1000.00,1000.00,990.00,2,51,51000.00,
937405,85MFL24     ,F ,D,980.00,982.00,979.00,982.00,982.00,979.00,3,400,392150.00,
937413,0MFL23E     ,F ,D,1110.00,1117.00,1110.00,1117.00,1117.00,1110.00,4,525,584475.00,
937441,9MFL27A     ,F ,D,980.00,990.00,980.00,985.00,985.00,1000.00,5,500,493000.00,
937447,0MFL24VII   ,F ,D,1090.00,1090.00,1090.00,1090.00,1090.00,1090.00,1,40,43600.00,
937455,96IFL28     ,F ,D,971.01,988.00,971.01,988.00,988.00,987.40,3,60,59110.00,
937467,MFLV26E     ,F ,D,1004.00,1004.00,1004.00,1004.00,1004.00,1004.00,1,10,10040.00,
937469,MFLVI31F    ,F ,D,991.25,992.50,991.00,992.10,992.10,1004.99,6,550,545139.00,
937485,0KFL25D     ,F ,D,1045.00,1045.00,1045.00,1045.00,1045.00,1110.00,4,400,418000.00,
937491,910EFSL24   ,F ,D,980.00,980.00,980.00,980.00,980.00,990.00,2,40,39200.00,
937497,955EFSL26   ,F ,D,980.00,980.00,980.00,980.00,980.00,980.00,1,50,49000.00,
937509,0MMFL23A    ,F ,D,1040.51,1079.80,1040.00,1040.00,1040.00,1040.00,5,75,78813.00,
937537,82IGT31     ,F ,D,1023.00,1024.00,1023.00,1024.00,1024.00,1025.35,4,271,277425.00,
937543,825MFCL23A  ,F ,D,993.50,993.50,993.50,993.50,993.50,979.00,1,200,198700.00,
937551,975MFCL28E  ,F ,D,1008.00,1012.00,1008.00,1012.00,1012.00,1000.00,2,16,16160.00,
937553,0MFCL23VI   ,F ,D,1095.00,1095.00,1080.00,1080.00,1080.00,1080.00,2,60,64950.00,
937561,BILNCD2021  ,F ,D,28.01,28.25,28.01,28.01,28.01,28.01,12,167,4678.00,
937569,PCH23JUL21  ,F ,D,1062.00,1062.00,1062.00,1062.00,1062.00,1075.00,1,50,53100.00,
937601,KLM30JUL21  ,F ,D,1083.00,1083.00,1083.00,1083.00,1083.00,1050.00,1,8,8664.00,
937621,96IHFL28    ,F ,D,983.00,988.89,980.10,980.75,980.75,982.01,5,97,95767.00,
937623,0IHFL28     ,F ,D,1019.50,1019.50,1019.50,1019.50,1019.50,1020.00,1,50,50975.00,
937627,91EFSL24    ,F ,D,1010.10,1010.10,1010.10,1010.10,1010.10,1010.10,1,20,20202.00,
937633,955EFSL26A  ,F ,D,985.00,985.00,985.00,985.00,985.00,996.00,1,10,9850.00,
937641,875MMFL23   ,F ,D,980.00,982.00,980.00,982.00,982.00,990.00,2,50,49050.00,
937647,950MMFL25   ,F ,D,990.00,994.00,985.00,994.00,994.00,994.00,9,637,629639.00,
937675,866IHFL24   ,F ,D,944.90,944.90,935.00,935.00,935.00,959.90,2,52,48639.00,
937689,0KSFL23     ,F ,D,1012.00,1012.00,1012.00,1012.00,1012.00,1012.00,1,40,40480.00,
937707,820JMFPL26  ,F ,D,1047.00,1050.00,1047.00,1047.75,1050.00,1046.03,2,200,209550.00,
937713,825IIFL23   ,F ,D,1007.60,1016.00,1007.60,1016.00,1016.00,1014.99,2,35,35476.00,
937715,0IIFL23     ,F ,D,1020.00,1020.00,1020.00,1020.00,1020.00,1005.11,1,50,51000.00,
937733,IML251021A  ,F ,D,1050.00,1050.00,1050.00,1050.00,1050.00,1050.00,2,30,31500.00,
937777,975MFL29    ,F ,D,1003.00,1003.00,1003.00,1003.00,1003.00,912.71,1,100,100300.00,
937779,MFL291021   ,F ,D,1030.00,1030.00,1030.00,1030.00,1030.00,1025.10,1,25,25750.00,
937791,EFSL281221  ,F ,D,1015.00,1015.00,1001.00,1001.00,1001.00,1001.00,2,40,40460.00,
937793,875EFSL24A  ,F ,D,960.00,960.00,960.00,960.00,960.00,945.00,2,50,48000.00,
937795,91EFSL24A   ,F ,D,1005.00,1005.00,1005.00,1005.00,1005.00,1000.00,1,30,30150.00,
937797,EFSL281221A ,F ,D,1020.00,1020.00,1020.00,1020.00,1020.00,1020.00,1,30,30600.00,
937805,93EFSL31A   ,F ,D,959.99,959.99,940.00,959.99,959.99,941.00,5,62,58519.00,
937807,97EFSL31A   ,F ,D,933.80,959.80,933.80,959.80,959.80,959.80,3,22,20595.00,
937813,ZCMMFL24    ,F ,D,1013.00,1013.00,1013.00,1013.00,1013.00,1012.00,1,50,50650.00,
937881,8MFL24      ,F ,D,970.00,970.00,970.00,970.00,970.00,970.00,1,25,24250.00,
937891,ZCMFL24     ,F ,D,1013.71,1023.50,1013.71,1022.50,1023.50,1013.71,4,460,469383.00,
937927,0KFIL23     ,F ,D,910.00,910.00,910.00,910.00,910.00,910.00,1,50,45500.00,
937939,10KFIL27    ,F ,D,1016.99,1016.99,1016.99,1016.99,1016.99,1000.00,1,200,203398.00,
937989,850EHFL24   ,F ,D,969.60,969.60,969.60,969.60,969.60,960.00,1,1,969.00,
937991,EHFL29422   ,F ,D,950.00,990.00,950.00,981.00,981.00,921.20,8,201,197193.00,
937993,870EHFL25   ,F ,D,963.90,963.90,963.90,963.90,963.90,960.00,3,9,8675.00,
938005,930EHFL32   ,F ,D,1021.00,1021.00,1000.00,1000.00,1000.00,851.01,2,11,11021.00,
938011,MFLII27B    ,F ,D,821.00,930.00,821.00,875.50,930.00,990.00,2,90,78795.00,
938025,1040UCL25   ,F ,D,1005.00,1005.00,1005.00,1005.00,1005.00,1009.00,1,7,7035.00,
938045,8MMFL23     ,F ,D,969.80,975.00,952.00,969.00,969.00,950.98,7,153,148223.00,
938047,850MMFL24   ,F ,D,950.00,950.00,950.00,950.00,950.00,969.00,12,200,190000.00,
938057,920NFL23    ,F ,D,994.00,995.00,994.00,995.00,995.00,993.50,3,32,31828.00,
938065,MFLI25      ,F ,D,960.05,960.05,960.00,960.00,960.00,960.00,9,110,105602.00,
954485,905STFCL23F ,F ,D,1094349.00,1094349.00,1094349.00,1094349.00,1094349.00,930000.00,1,1,1094349.00,
956893,94HLFL24    ,F ,D,1074666.00,1074666.00,1074666.00,1074666.00,1074666.00,1062243.58,1,1,1074666.00,
957209,975UPPCL27  ,F ,D,1053440.00,1053440.00,1053440.00,1053440.00,1053440.00,1053450.00,1,1,1053440.00,
958409,956SBIPERP  ,F ,D,1082146.58,1082146.58,1082146.58,1082146.58,1082146.58,1070373.50,1,1,1082146.00,
958413,1025STFCL24 ,F ,D,1026000.00,1026000.00,1026000.00,1026000.00,1026000.00,1026111.00,1,1,1026000.00,
958670,1175SIBL29  ,F ,D,106500.00,106500.00,106500.00,106500.00,106500.00,106500.00,1,10,1065000.00,
961730,830PFC2027  ,F ,B,1170.10,1170.10,1170.10,1170.10,1170.10,1170.00,1,100,117010.00,
961742,915SEFL17B  ,F ,B,376.00,376.00,376.00,376.00,376.00,376.00,1,20,7520.00,
961756,734IRFC2028 ,F ,B,1116.51,1130.00,1116.50,1130.00,1130.00,1147.80,4,1100,1229503.00,
961767,719HUDCO28  ,F ,B,1062.60,1062.60,1062.60,1062.60,1062.60,1062.60,1,200,212520.00,
961772,688PFC2023  ,F ,B,1029.62,1029.62,1029.62,1029.62,1029.62,1026.00,1,50,51481.00,
961779,871REC28    ,F ,B,1219.99,1220.00,1219.99,1220.00,1220.00,1215.00,9,395,481899.00,
961780,862REC33    ,F ,B,1399.00,1399.00,1399.00,1399.00,1399.00,1299.00,2,221,309179.00,
961784,839HUDCO23  ,F ,B,1090.00,1091.00,1090.00,1090.42,1091.00,1090.10,2,24,26170.00,
961785,876HUDCO28  ,F ,B,1231.00,1231.00,1230.00,1230.00,1230.00,1245.00,10,1050,1292185.00,
961803,879PFC28    ,F ,B,1222.00,1232.64,1222.00,1232.64,1232.64,1232.48,9,1033,1270574.00,
961814,876HUDCO24  ,F ,B,1080.00,1080.00,1080.00,1080.00,1080.00,1080.00,4,325,351000.00,
961816,901HUDCO34  ,F ,B,1355.00,1356.00,1355.00,1356.00,1356.00,1355.00,4,140,189701.00,
961822,891IIFCL34  ,F ,B,1310.00,1310.00,1310.00,1310.00,1310.00,1315.00,1,50,65500.00,
961826,875NHAI29   ,F ,B,1228.75,1228.75,1228.75,1228.75,1228.75,1223.00,1,1,1228.00,
961839,880IREDA29  ,F ,B,1250.00,1250.00,1250.00,1250.00,1250.00,1260.00,1,1,1250.00,
961851,900KPL29    ,F ,B,1190.00,1215.00,1190.00,1215.00,1215.00,1215.00,2,51,61940.00,
961861,854HUDCO24  ,F ,B,1084.01,1084.01,1084.01,1084.01,1084.01,1120.00,1,5,5420.00,
961863,898HUDCO29  ,F ,B,1201.00,1229.00,1201.00,1229.00,1229.00,1225.00,5,400,486000.00,
961881,863IRFC29   ,F ,B,1190.00,1190.00,1190.00,1190.00,1190.00,1173.00,1,75,89250.00,
972655,IFCI010811B ,F ,B,31500.00,31500.00,31500.00,31500.00,31500.00,31490.00,1,10,315000.00,
972657,IFCI010811D ,F ,B,11525.00,11597.00,11525.00,11573.50,11597.00,11455.00,4,60,693340.00,
972719,IFCI310312A ,F ,B,11370.00,11370.00,11370.00,11370.00,11370.00,11358.00,1,4,45480.00,
972889,915PTCIF27  ,F ,B,5150.00,5150.00,5150.00,5150.00,5150.00,5150.00,1,1,5150.00,
973491,675PCHFL31  ,F ,B,818.93,818.93,814.00,814.20,814.00,817.45,36,2345,1910369.00,
973876,970UPC29    ,F ,B,1007683.00,1007683.00,1007683.00,1007683.00,1007683.00,1006905.00,1,1,1007683.00,
973877,97UPPCL25   ,F ,B,1014208.00,1014208.00,1014208.00,1014208.00,1014208.00,1034000.00,1,1,1014208.00,
973880,97UPPCL27   ,F ,B,1006044.00,1006044.00,1006044.00,1006044.00,1006044.00,1005256.00,3,3,3018132.00,
973883,970UPCL32   ,F ,B,1011000.00,1011000.00,1011000.00,1011000.00,1011000.00,1011260.00,1,1,1011000.00,
